ISO-10303-21;
HEADER;
/* Generated by software containing ST-Developer
 * from STEP Tools, Inc. (www.steptools.com) 
 */

FILE_DESCRIPTION(
/* description */ (''),
/* implementation_level */ '2;1');

FILE_NAME(
/* name */ 'Component51.step',
/* time_stamp */ '2026-08-11T11:51:52+03:00',
/* author */ (''),
/* organization */ (''),
/* preprocessor_version */ 'ST-DEVELOPER v20.1',
/* originating_system */ 'Autodesk Translation Framework v15.8.0.0',
/* authorisation */ '');

FILE_SCHEMA (('AUTOMOTIVE_DESIGN { 1 0 10303 214 3 1 1 }'));
ENDSEC;

DATA;
#10=MECHANICAL_DESIGN_GEOMETRIC_PRESENTATION_REPRESENTATION('',(#13),#7825);
#11=SHAPE_REPRESENTATION_RELATIONSHIP('SRR','None',#7832,#12);
#12=ADVANCED_BREP_SHAPE_REPRESENTATION('',(#14),#7824);
#13=STYLED_ITEM('',(#7842),#14);
#14=MANIFOLD_SOLID_BREP('Body1',#3969);
#15=CYLINDRICAL_SURFACE('',#4006,15.);
#16=CYLINDRICAL_SURFACE('',#4012,35.);
#17=CYLINDRICAL_SURFACE('',#4015,40.);
#18=CYLINDRICAL_SURFACE('',#4020,27.5);
#19=CYLINDRICAL_SURFACE('',#4023,35.0000000000001);
#20=CYLINDRICAL_SURFACE('',#4028,15.);
#21=CYLINDRICAL_SURFACE('',#4088,19.3768045438841);
#22=CYLINDRICAL_SURFACE('',#4090,15.);
#23=CYLINDRICAL_SURFACE('',#4092,35.);
#24=CYLINDRICAL_SURFACE('',#4093,27.5);
#25=CYLINDRICAL_SURFACE('',#4094,40.);
#26=CYLINDRICAL_SURFACE('',#4095,27.5);
#27=CYLINDRICAL_SURFACE('',#4096,35.);
#28=CYLINDRICAL_SURFACE('',#4098,14.9999999999999);
#29=CYLINDRICAL_SURFACE('',#4099,27.5);
#30=CYLINDRICAL_SURFACE('',#4101,19.3768045438844);
#31=FACE_BOUND('',#515,.T.);
#32=FACE_BOUND('',#516,.T.);
#33=FACE_BOUND('',#517,.T.);
#34=FACE_BOUND('',#518,.T.);
#35=FACE_BOUND('',#519,.T.);
#36=CIRCLE('',#3984,15.);
#37=CIRCLE('',#3985,35.0000000000001);
#38=CIRCLE('',#3986,35.0000000000001);
#39=CIRCLE('',#3987,27.5);
#40=CIRCLE('',#3988,40.);
#41=CIRCLE('',#3989,40.);
#42=CIRCLE('',#3990,40.);
#43=CIRCLE('',#3991,35.);
#44=CIRCLE('',#3992,15.);
#45=CIRCLE('',#3993,19.3768045438841);
#46=CIRCLE('',#3994,15.);
#47=CIRCLE('',#3995,15.);
#48=CIRCLE('',#3996,35.);
#49=CIRCLE('',#3997,35.);
#50=CIRCLE('',#3998,27.5);
#51=CIRCLE('',#3999,40.);
#52=CIRCLE('',#4000,35.);
#53=CIRCLE('',#4001,35.);
#54=CIRCLE('',#4002,14.9999999999999);
#55=CIRCLE('',#4003,14.9999999999999);
#56=CIRCLE('',#4004,19.3768045438844);
#57=CIRCLE('',#4005,19.3768045438844);
#58=CIRCLE('',#4007,15.);
#59=CIRCLE('',#4008,15.);
#60=CIRCLE('',#4009,15.);
#61=CIRCLE('',#4013,35.);
#62=CIRCLE('',#4014,35.);
#63=CIRCLE('',#4016,40.);
#64=CIRCLE('',#4017,40.);
#65=CIRCLE('',#4018,40.);
#66=CIRCLE('',#4019,40.);
#67=CIRCLE('',#4021,27.5);
#68=CIRCLE('',#4022,27.5);
#69=CIRCLE('',#4024,35.0000000000001);
#70=CIRCLE('',#4025,35.0000000000001);
#71=CIRCLE('',#4026,35.0000000000001);
#72=CIRCLE('',#4029,15.);
#73=CIRCLE('',#4030,15.);
#74=CIRCLE('',#4031,15.);
#75=CIRCLE('',#4043,19.3768045438844);
#76=CIRCLE('',#4045,14.9999999999999);
#77=CIRCLE('',#4047,19.3768045438844);
#78=CIRCLE('',#4050,35.);
#79=CIRCLE('',#4053,40.);
#80=CIRCLE('',#4054,27.5);
#81=CIRCLE('',#4055,35.);
#82=CIRCLE('',#4058,35.);
#83=CIRCLE('',#4060,27.5);
#84=CIRCLE('',#4061,40.);
#85=CIRCLE('',#4065,15.);
#86=CIRCLE('',#4067,27.5);
#87=CIRCLE('',#4070,19.3768045438841);
#88=CIRCLE('',#4078,14.9999999999999);
#89=CIRCLE('',#4079,35.);
#90=CIRCLE('',#4080,27.5);
#91=CIRCLE('',#4081,40.);
#92=CIRCLE('',#4082,27.5);
#93=CIRCLE('',#4083,35.);
#94=CIRCLE('',#4084,15.);
#95=CIRCLE('',#4085,19.3768045438841);
#96=CIRCLE('',#4086,27.5);
#97=CIRCLE('',#4087,19.3768045438844);
#98=PLANE('',#3983);
#99=PLANE('',#4010);
#100=PLANE('',#4011);
#101=PLANE('',#4027);
#102=PLANE('',#4032);
#103=PLANE('',#4033);
#104=PLANE('',#4034);
#105=PLANE('',#4035);
#106=PLANE('',#4036);
#107=PLANE('',#4037);
#108=PLANE('',#4038);
#109=PLANE('',#4039);
#110=PLANE('',#4040);
#111=PLANE('',#4041);
#112=PLANE('',#4042);
#113=PLANE('',#4044);
#114=PLANE('',#4046);
#115=PLANE('',#4048);
#116=PLANE('',#4049);
#117=PLANE('',#4051);
#118=PLANE('',#4052);
#119=PLANE('',#4056);
#120=PLANE('',#4057);
#121=PLANE('',#4059);
#122=PLANE('',#4062);
#123=PLANE('',#4063);
#124=PLANE('',#4064);
#125=PLANE('',#4066);
#126=PLANE('',#4068);
#127=PLANE('',#4069);
#128=PLANE('',#4071);
#129=PLANE('',#4072);
#130=PLANE('',#4073);
#131=PLANE('',#4074);
#132=PLANE('',#4075);
#133=PLANE('',#4076);
#134=PLANE('',#4077);
#135=PLANE('',#4089);
#136=PLANE('',#4091);
#137=PLANE('',#4097);
#138=PLANE('',#4100);
#139=PLANE('',#4102);
#140=B_SPLINE_CURVE_WITH_KNOTS('',2,(#6830,#6831,#6832),.UNSPECIFIED.,.F.,
 .F.,(3,3),(-1.,0.),.UNSPECIFIED.);
#141=B_SPLINE_CURVE_WITH_KNOTS('',2,(#6835,#6836,#6837),.UNSPECIFIED.,.F.,
 .F.,(3,3),(-1.,0.),.UNSPECIFIED.);
#142=B_SPLINE_CURVE_WITH_KNOTS('',2,(#6962,#6963,#6964),.UNSPECIFIED.,.F.,
 .F.,(3,3),(-1.,0.),.UNSPECIFIED.);
#143=B_SPLINE_CURVE_WITH_KNOTS('',2,(#6967,#6968,#6969),.UNSPECIFIED.,.F.,
 .F.,(3,3),(-1.,0.),.UNSPECIFIED.);
#144=B_SPLINE_SURFACE_WITH_KNOTS('',2,1,((#6823,#6824),(#6825,#6826),(#6827,
#6828)),.UNSPECIFIED.,.F.,.F.,.F.,(3,3),(2,2),(-1.,0.),(0.,0.2),
 .UNSPECIFIED.);
#145=B_SPLINE_SURFACE_WITH_KNOTS('',2,1,((#6955,#6956),(#6957,#6958),(#6959,
#6960)),.UNSPECIFIED.,.F.,.F.,.F.,(3,3),(2,2),(-1.,0.),(0.,0.2),
 .UNSPECIFIED.);
#146=FACE_OUTER_BOUND('',#359,.T.);
#147=FACE_OUTER_BOUND('',#360,.T.);
#148=FACE_OUTER_BOUND('',#361,.T.);
#149=FACE_OUTER_BOUND('',#362,.T.);
#150=FACE_OUTER_BOUND('',#363,.T.);
#151=FACE_OUTER_BOUND('',#364,.T.);
#152=FACE_OUTER_BOUND('',#365,.T.);
#153=FACE_OUTER_BOUND('',#366,.T.);
#154=FACE_OUTER_BOUND('',#367,.T.);
#155=FACE_OUTER_BOUND('',#368,.T.);
#156=FACE_OUTER_BOUND('',#369,.T.);
#157=FACE_OUTER_BOUND('',#370,.T.);
#158=FACE_OUTER_BOUND('',#371,.T.);
#159=FACE_OUTER_BOUND('',#372,.T.);
#160=FACE_OUTER_BOUND('',#373,.T.);
#161=FACE_OUTER_BOUND('',#374,.T.);
#162=FACE_OUTER_BOUND('',#375,.T.);
#163=FACE_OUTER_BOUND('',#376,.T.);
#164=FACE_OUTER_BOUND('',#377,.T.);
#165=FACE_OUTER_BOUND('',#378,.T.);
#166=FACE_OUTER_BOUND('',#379,.T.);
#167=FACE_OUTER_BOUND('',#380,.T.);
#168=FACE_OUTER_BOUND('',#381,.T.);
#169=FACE_OUTER_BOUND('',#382,.T.);
#170=FACE_OUTER_BOUND('',#383,.T.);
#171=FACE_OUTER_BOUND('',#384,.T.);
#172=FACE_OUTER_BOUND('',#385,.T.);
#173=FACE_OUTER_BOUND('',#386,.T.);
#174=FACE_OUTER_BOUND('',#387,.T.);
#175=FACE_OUTER_BOUND('',#388,.T.);
#176=FACE_OUTER_BOUND('',#389,.T.);
#177=FACE_OUTER_BOUND('',#390,.T.);
#178=FACE_OUTER_BOUND('',#391,.T.);
#179=FACE_OUTER_BOUND('',#392,.T.);
#180=FACE_OUTER_BOUND('',#393,.T.);
#181=FACE_OUTER_BOUND('',#394,.T.);
#182=FACE_OUTER_BOUND('',#395,.T.);
#183=FACE_OUTER_BOUND('',#396,.T.);
#184=FACE_OUTER_BOUND('',#397,.T.);
#185=FACE_OUTER_BOUND('',#398,.T.);
#186=FACE_OUTER_BOUND('',#399,.T.);
#187=FACE_OUTER_BOUND('',#400,.T.);
#188=FACE_OUTER_BOUND('',#401,.T.);
#189=FACE_OUTER_BOUND('',#402,.T.);
#190=FACE_OUTER_BOUND('',#403,.T.);
#191=FACE_OUTER_BOUND('',#404,.T.);
#192=FACE_OUTER_BOUND('',#405,.T.);
#193=FACE_OUTER_BOUND('',#406,.T.);
#194=FACE_OUTER_BOUND('',#407,.T.);
#195=FACE_OUTER_BOUND('',#408,.T.);
#196=FACE_OUTER_BOUND('',#409,.T.);
#197=FACE_OUTER_BOUND('',#410,.T.);
#198=FACE_OUTER_BOUND('',#411,.T.);
#199=FACE_OUTER_BOUND('',#412,.T.);
#200=FACE_OUTER_BOUND('',#413,.T.);
#201=FACE_OUTER_BOUND('',#414,.T.);
#202=FACE_OUTER_BOUND('',#415,.T.);
#203=FACE_OUTER_BOUND('',#416,.T.);
#204=FACE_OUTER_BOUND('',#417,.T.);
#205=FACE_OUTER_BOUND('',#418,.T.);
#206=FACE_OUTER_BOUND('',#419,.T.);
#207=FACE_OUTER_BOUND('',#420,.T.);
#208=FACE_OUTER_BOUND('',#421,.T.);
#209=FACE_OUTER_BOUND('',#422,.T.);
#210=FACE_OUTER_BOUND('',#423,.T.);
#211=FACE_OUTER_BOUND('',#424,.T.);
#212=FACE_OUTER_BOUND('',#425,.T.);
#213=FACE_OUTER_BOUND('',#426,.T.);
#214=FACE_OUTER_BOUND('',#427,.T.);
#215=FACE_OUTER_BOUND('',#428,.T.);
#216=FACE_OUTER_BOUND('',#429,.T.);
#217=FACE_OUTER_BOUND('',#430,.T.);
#218=FACE_OUTER_BOUND('',#431,.T.);
#219=FACE_OUTER_BOUND('',#432,.T.);
#220=FACE_OUTER_BOUND('',#433,.T.);
#221=FACE_OUTER_BOUND('',#434,.T.);
#222=FACE_OUTER_BOUND('',#435,.T.);
#223=FACE_OUTER_BOUND('',#436,.T.);
#224=FACE_OUTER_BOUND('',#437,.T.);
#225=FACE_OUTER_BOUND('',#438,.T.);
#226=FACE_OUTER_BOUND('',#439,.T.);
#227=FACE_OUTER_BOUND('',#440,.T.);
#228=FACE_OUTER_BOUND('',#441,.T.);
#229=FACE_OUTER_BOUND('',#442,.T.);
#230=FACE_OUTER_BOUND('',#443,.T.);
#231=FACE_OUTER_BOUND('',#444,.T.);
#232=FACE_OUTER_BOUND('',#445,.T.);
#233=FACE_OUTER_BOUND('',#446,.T.);
#234=FACE_OUTER_BOUND('',#447,.T.);
#235=FACE_OUTER_BOUND('',#448,.T.);
#236=FACE_OUTER_BOUND('',#449,.T.);
#237=FACE_OUTER_BOUND('',#450,.T.);
#238=FACE_OUTER_BOUND('',#451,.T.);
#239=FACE_OUTER_BOUND('',#452,.T.);
#240=FACE_OUTER_BOUND('',#453,.T.);
#241=FACE_OUTER_BOUND('',#454,.T.);
#242=FACE_OUTER_BOUND('',#455,.T.);
#243=FACE_OUTER_BOUND('',#456,.T.);
#244=FACE_OUTER_BOUND('',#457,.T.);
#245=FACE_OUTER_BOUND('',#458,.T.);
#246=FACE_OUTER_BOUND('',#459,.T.);
#247=FACE_OUTER_BOUND('',#460,.T.);
#248=FACE_OUTER_BOUND('',#461,.T.);
#249=FACE_OUTER_BOUND('',#462,.T.);
#250=FACE_OUTER_BOUND('',#463,.T.);
#251=FACE_OUTER_BOUND('',#464,.T.);
#252=FACE_OUTER_BOUND('',#465,.T.);
#253=FACE_OUTER_BOUND('',#466,.T.);
#254=FACE_OUTER_BOUND('',#467,.T.);
#255=FACE_OUTER_BOUND('',#468,.T.);
#256=FACE_OUTER_BOUND('',#469,.T.);
#257=FACE_OUTER_BOUND('',#470,.T.);
#258=FACE_OUTER_BOUND('',#471,.T.);
#259=FACE_OUTER_BOUND('',#472,.T.);
#260=FACE_OUTER_BOUND('',#473,.T.);
#261=FACE_OUTER_BOUND('',#474,.T.);
#262=FACE_OUTER_BOUND('',#475,.T.);
#263=FACE_OUTER_BOUND('',#476,.T.);
#264=FACE_OUTER_BOUND('',#477,.T.);
#265=FACE_OUTER_BOUND('',#478,.T.);
#266=FACE_OUTER_BOUND('',#479,.T.);
#267=FACE_OUTER_BOUND('',#480,.T.);
#268=FACE_OUTER_BOUND('',#481,.T.);
#269=FACE_OUTER_BOUND('',#482,.T.);
#270=FACE_OUTER_BOUND('',#483,.T.);
#271=FACE_OUTER_BOUND('',#484,.T.);
#272=FACE_OUTER_BOUND('',#485,.T.);
#273=FACE_OUTER_BOUND('',#486,.T.);
#274=FACE_OUTER_BOUND('',#487,.T.);
#275=FACE_OUTER_BOUND('',#488,.T.);
#276=FACE_OUTER_BOUND('',#489,.T.);
#277=FACE_OUTER_BOUND('',#490,.T.);
#278=FACE_OUTER_BOUND('',#491,.T.);
#279=FACE_OUTER_BOUND('',#492,.T.);
#280=FACE_OUTER_BOUND('',#493,.T.);
#281=FACE_OUTER_BOUND('',#494,.T.);
#282=FACE_OUTER_BOUND('',#495,.T.);
#283=FACE_OUTER_BOUND('',#496,.T.);
#284=FACE_OUTER_BOUND('',#497,.T.);
#285=FACE_OUTER_BOUND('',#498,.T.);
#286=FACE_OUTER_BOUND('',#499,.T.);
#287=FACE_OUTER_BOUND('',#500,.T.);
#288=FACE_OUTER_BOUND('',#501,.T.);
#289=FACE_OUTER_BOUND('',#502,.T.);
#290=FACE_OUTER_BOUND('',#503,.T.);
#291=FACE_OUTER_BOUND('',#504,.T.);
#292=FACE_OUTER_BOUND('',#505,.T.);
#293=FACE_OUTER_BOUND('',#506,.T.);
#294=FACE_OUTER_BOUND('',#507,.T.);
#295=FACE_OUTER_BOUND('',#508,.T.);
#296=FACE_OUTER_BOUND('',#509,.T.);
#297=FACE_OUTER_BOUND('',#510,.T.);
#298=FACE_OUTER_BOUND('',#511,.T.);
#299=FACE_OUTER_BOUND('',#512,.T.);
#300=FACE_OUTER_BOUND('',#513,.T.);
#301=FACE_OUTER_BOUND('',#514,.T.);
#302=FACE_OUTER_BOUND('',#520,.T.);
#303=FACE_OUTER_BOUND('',#521,.T.);
#304=FACE_OUTER_BOUND('',#522,.T.);
#305=FACE_OUTER_BOUND('',#523,.T.);
#306=FACE_OUTER_BOUND('',#524,.T.);
#307=FACE_OUTER_BOUND('',#525,.T.);
#308=FACE_OUTER_BOUND('',#526,.T.);
#309=FACE_OUTER_BOUND('',#527,.T.);
#310=FACE_OUTER_BOUND('',#528,.T.);
#311=FACE_OUTER_BOUND('',#529,.T.);
#312=FACE_OUTER_BOUND('',#530,.T.);
#313=FACE_OUTER_BOUND('',#531,.T.);
#314=FACE_OUTER_BOUND('',#532,.T.);
#315=FACE_OUTER_BOUND('',#533,.T.);
#316=FACE_OUTER_BOUND('',#534,.T.);
#317=FACE_OUTER_BOUND('',#535,.T.);
#318=FACE_OUTER_BOUND('',#536,.T.);
#319=FACE_OUTER_BOUND('',#537,.T.);
#320=FACE_OUTER_BOUND('',#538,.T.);
#321=FACE_OUTER_BOUND('',#539,.T.);
#322=FACE_OUTER_BOUND('',#540,.T.);
#323=FACE_OUTER_BOUND('',#541,.T.);
#324=FACE_OUTER_BOUND('',#542,.T.);
#325=FACE_OUTER_BOUND('',#543,.T.);
#326=FACE_OUTER_BOUND('',#544,.T.);
#327=FACE_OUTER_BOUND('',#545,.T.);
#328=FACE_OUTER_BOUND('',#546,.T.);
#329=FACE_OUTER_BOUND('',#547,.T.);
#330=FACE_OUTER_BOUND('',#548,.T.);
#331=FACE_OUTER_BOUND('',#549,.T.);
#332=FACE_OUTER_BOUND('',#550,.T.);
#333=FACE_OUTER_BOUND('',#551,.T.);
#334=FACE_OUTER_BOUND('',#552,.T.);
#335=FACE_OUTER_BOUND('',#553,.T.);
#336=FACE_OUTER_BOUND('',#554,.T.);
#337=FACE_OUTER_BOUND('',#555,.T.);
#338=FACE_OUTER_BOUND('',#556,.T.);
#339=FACE_OUTER_BOUND('',#557,.T.);
#340=FACE_OUTER_BOUND('',#558,.T.);
#341=FACE_OUTER_BOUND('',#559,.T.);
#342=FACE_OUTER_BOUND('',#560,.T.);
#343=FACE_OUTER_BOUND('',#561,.T.);
#344=FACE_OUTER_BOUND('',#562,.T.);
#345=FACE_OUTER_BOUND('',#563,.T.);
#346=FACE_OUTER_BOUND('',#564,.T.);
#347=FACE_OUTER_BOUND('',#565,.T.);
#348=FACE_OUTER_BOUND('',#566,.T.);
#349=FACE_OUTER_BOUND('',#567,.T.);
#350=FACE_OUTER_BOUND('',#568,.T.);
#351=FACE_OUTER_BOUND('',#569,.T.);
#352=FACE_OUTER_BOUND('',#570,.T.);
#353=FACE_OUTER_BOUND('',#571,.T.);
#354=FACE_OUTER_BOUND('',#572,.T.);
#355=FACE_OUTER_BOUND('',#573,.T.);
#356=FACE_OUTER_BOUND('',#574,.T.);
#357=FACE_OUTER_BOUND('',#575,.T.);
#358=FACE_OUTER_BOUND('',#576,.T.);
#359=EDGE_LOOP('',(#2379,#2380,#2381,#2382));
#360=EDGE_LOOP('',(#2383,#2384,#2385,#2386));
#361=EDGE_LOOP('',(#2387,#2388,#2389,#2390));
#362=EDGE_LOOP('',(#2391,#2392,#2393,#2394));
#363=EDGE_LOOP('',(#2395,#2396,#2397,#2398));
#364=EDGE_LOOP('',(#2399,#2400,#2401,#2402));
#365=EDGE_LOOP('',(#2403,#2404,#2405,#2406));
#366=EDGE_LOOP('',(#2407,#2408,#2409,#2410));
#367=EDGE_LOOP('',(#2411,#2412,#2413,#2414));
#368=EDGE_LOOP('',(#2415,#2416,#2417,#2418));
#369=EDGE_LOOP('',(#2419,#2420,#2421,#2422));
#370=EDGE_LOOP('',(#2423,#2424,#2425,#2426));
#371=EDGE_LOOP('',(#2427,#2428,#2429,#2430));
#372=EDGE_LOOP('',(#2431,#2432,#2433,#2434));
#373=EDGE_LOOP('',(#2435,#2436,#2437,#2438));
#374=EDGE_LOOP('',(#2439,#2440,#2441,#2442));
#375=EDGE_LOOP('',(#2443,#2444,#2445,#2446));
#376=EDGE_LOOP('',(#2447,#2448,#2449,#2450));
#377=EDGE_LOOP('',(#2451,#2452,#2453,#2454));
#378=EDGE_LOOP('',(#2455,#2456,#2457,#2458));
#379=EDGE_LOOP('',(#2459,#2460,#2461,#2462));
#380=EDGE_LOOP('',(#2463,#2464,#2465,#2466));
#381=EDGE_LOOP('',(#2467,#2468,#2469,#2470));
#382=EDGE_LOOP('',(#2471,#2472,#2473,#2474));
#383=EDGE_LOOP('',(#2475,#2476,#2477,#2478));
#384=EDGE_LOOP('',(#2479,#2480,#2481,#2482));
#385=EDGE_LOOP('',(#2483,#2484,#2485,#2486));
#386=EDGE_LOOP('',(#2487,#2488,#2489,#2490));
#387=EDGE_LOOP('',(#2491,#2492,#2493,#2494));
#388=EDGE_LOOP('',(#2495,#2496,#2497,#2498));
#389=EDGE_LOOP('',(#2499,#2500,#2501,#2502));
#390=EDGE_LOOP('',(#2503,#2504,#2505,#2506));
#391=EDGE_LOOP('',(#2507,#2508,#2509,#2510));
#392=EDGE_LOOP('',(#2511,#2512,#2513,#2514));
#393=EDGE_LOOP('',(#2515,#2516,#2517,#2518));
#394=EDGE_LOOP('',(#2519,#2520,#2521,#2522));
#395=EDGE_LOOP('',(#2523,#2524,#2525,#2526));
#396=EDGE_LOOP('',(#2527,#2528,#2529,#2530));
#397=EDGE_LOOP('',(#2531,#2532,#2533,#2534));
#398=EDGE_LOOP('',(#2535,#2536,#2537,#2538));
#399=EDGE_LOOP('',(#2539,#2540,#2541,#2542));
#400=EDGE_LOOP('',(#2543,#2544,#2545,#2546));
#401=EDGE_LOOP('',(#2547,#2548,#2549,#2550));
#402=EDGE_LOOP('',(#2551,#2552,#2553,#2554));
#403=EDGE_LOOP('',(#2555,#2556,#2557,#2558));
#404=EDGE_LOOP('',(#2559,#2560,#2561,#2562));
#405=EDGE_LOOP('',(#2563,#2564,#2565,#2566));
#406=EDGE_LOOP('',(#2567,#2568,#2569,#2570));
#407=EDGE_LOOP('',(#2571,#2572,#2573,#2574));
#408=EDGE_LOOP('',(#2575,#2576,#2577,#2578));
#409=EDGE_LOOP('',(#2579,#2580,#2581,#2582));
#410=EDGE_LOOP('',(#2583,#2584,#2585,#2586));
#411=EDGE_LOOP('',(#2587,#2588,#2589,#2590));
#412=EDGE_LOOP('',(#2591,#2592,#2593,#2594));
#413=EDGE_LOOP('',(#2595,#2596,#2597,#2598));
#414=EDGE_LOOP('',(#2599,#2600,#2601,#2602));
#415=EDGE_LOOP('',(#2603,#2604,#2605,#2606));
#416=EDGE_LOOP('',(#2607,#2608,#2609,#2610));
#417=EDGE_LOOP('',(#2611,#2612,#2613,#2614));
#418=EDGE_LOOP('',(#2615,#2616,#2617,#2618));
#419=EDGE_LOOP('',(#2619,#2620,#2621,#2622));
#420=EDGE_LOOP('',(#2623,#2624,#2625,#2626));
#421=EDGE_LOOP('',(#2627,#2628,#2629,#2630));
#422=EDGE_LOOP('',(#2631,#2632,#2633,#2634));
#423=EDGE_LOOP('',(#2635,#2636,#2637,#2638));
#424=EDGE_LOOP('',(#2639,#2640,#2641,#2642));
#425=EDGE_LOOP('',(#2643,#2644,#2645,#2646));
#426=EDGE_LOOP('',(#2647,#2648,#2649,#2650));
#427=EDGE_LOOP('',(#2651,#2652,#2653,#2654));
#428=EDGE_LOOP('',(#2655,#2656,#2657,#2658));
#429=EDGE_LOOP('',(#2659,#2660,#2661,#2662));
#430=EDGE_LOOP('',(#2663,#2664,#2665,#2666));
#431=EDGE_LOOP('',(#2667,#2668,#2669,#2670));
#432=EDGE_LOOP('',(#2671,#2672,#2673,#2674));
#433=EDGE_LOOP('',(#2675,#2676,#2677,#2678));
#434=EDGE_LOOP('',(#2679,#2680,#2681,#2682));
#435=EDGE_LOOP('',(#2683,#2684,#2685,#2686));
#436=EDGE_LOOP('',(#2687,#2688,#2689,#2690));
#437=EDGE_LOOP('',(#2691,#2692,#2693,#2694));
#438=EDGE_LOOP('',(#2695,#2696,#2697,#2698));
#439=EDGE_LOOP('',(#2699,#2700,#2701,#2702));
#440=EDGE_LOOP('',(#2703,#2704,#2705,#2706));
#441=EDGE_LOOP('',(#2707,#2708,#2709,#2710));
#442=EDGE_LOOP('',(#2711,#2712,#2713,#2714));
#443=EDGE_LOOP('',(#2715,#2716,#2717,#2718));
#444=EDGE_LOOP('',(#2719,#2720,#2721,#2722));
#445=EDGE_LOOP('',(#2723,#2724,#2725,#2726));
#446=EDGE_LOOP('',(#2727,#2728,#2729,#2730));
#447=EDGE_LOOP('',(#2731,#2732,#2733,#2734));
#448=EDGE_LOOP('',(#2735,#2736,#2737,#2738));
#449=EDGE_LOOP('',(#2739,#2740,#2741,#2742));
#450=EDGE_LOOP('',(#2743,#2744,#2745,#2746));
#451=EDGE_LOOP('',(#2747,#2748,#2749,#2750));
#452=EDGE_LOOP('',(#2751,#2752,#2753,#2754));
#453=EDGE_LOOP('',(#2755,#2756,#2757,#2758));
#454=EDGE_LOOP('',(#2759,#2760,#2761,#2762));
#455=EDGE_LOOP('',(#2763,#2764,#2765,#2766));
#456=EDGE_LOOP('',(#2767,#2768,#2769,#2770));
#457=EDGE_LOOP('',(#2771,#2772,#2773,#2774));
#458=EDGE_LOOP('',(#2775,#2776,#2777,#2778));
#459=EDGE_LOOP('',(#2779,#2780,#2781,#2782));
#460=EDGE_LOOP('',(#2783,#2784,#2785,#2786));
#461=EDGE_LOOP('',(#2787,#2788,#2789,#2790));
#462=EDGE_LOOP('',(#2791,#2792,#2793,#2794));
#463=EDGE_LOOP('',(#2795,#2796,#2797,#2798));
#464=EDGE_LOOP('',(#2799,#2800,#2801,#2802));
#465=EDGE_LOOP('',(#2803,#2804,#2805,#2806));
#466=EDGE_LOOP('',(#2807,#2808,#2809,#2810));
#467=EDGE_LOOP('',(#2811,#2812,#2813,#2814));
#468=EDGE_LOOP('',(#2815,#2816,#2817,#2818));
#469=EDGE_LOOP('',(#2819,#2820,#2821,#2822));
#470=EDGE_LOOP('',(#2823,#2824,#2825,#2826));
#471=EDGE_LOOP('',(#2827,#2828,#2829,#2830));
#472=EDGE_LOOP('',(#2831,#2832,#2833,#2834));
#473=EDGE_LOOP('',(#2835,#2836,#2837,#2838));
#474=EDGE_LOOP('',(#2839,#2840,#2841,#2842));
#475=EDGE_LOOP('',(#2843,#2844,#2845,#2846));
#476=EDGE_LOOP('',(#2847,#2848,#2849,#2850));
#477=EDGE_LOOP('',(#2851,#2852,#2853,#2854));
#478=EDGE_LOOP('',(#2855,#2856,#2857,#2858));
#479=EDGE_LOOP('',(#2859,#2860,#2861,#2862));
#480=EDGE_LOOP('',(#2863,#2864,#2865,#2866));
#481=EDGE_LOOP('',(#2867,#2868,#2869,#2870));
#482=EDGE_LOOP('',(#2871,#2872,#2873,#2874));
#483=EDGE_LOOP('',(#2875,#2876,#2877,#2878));
#484=EDGE_LOOP('',(#2879,#2880,#2881,#2882));
#485=EDGE_LOOP('',(#2883,#2884,#2885,#2886));
#486=EDGE_LOOP('',(#2887,#2888,#2889,#2890));
#487=EDGE_LOOP('',(#2891,#2892,#2893,#2894));
#488=EDGE_LOOP('',(#2895,#2896,#2897,#2898));
#489=EDGE_LOOP('',(#2899,#2900,#2901,#2902));
#490=EDGE_LOOP('',(#2903,#2904,#2905,#2906));
#491=EDGE_LOOP('',(#2907,#2908,#2909,#2910));
#492=EDGE_LOOP('',(#2911,#2912,#2913,#2914));
#493=EDGE_LOOP('',(#2915,#2916,#2917,#2918));
#494=EDGE_LOOP('',(#2919,#2920,#2921,#2922));
#495=EDGE_LOOP('',(#2923,#2924,#2925,#2926));
#496=EDGE_LOOP('',(#2927,#2928,#2929,#2930));
#497=EDGE_LOOP('',(#2931,#2932,#2933,#2934));
#498=EDGE_LOOP('',(#2935,#2936,#2937,#2938));
#499=EDGE_LOOP('',(#2939,#2940,#2941,#2942));
#500=EDGE_LOOP('',(#2943,#2944,#2945,#2946));
#501=EDGE_LOOP('',(#2947,#2948,#2949,#2950));
#502=EDGE_LOOP('',(#2951,#2952,#2953,#2954));
#503=EDGE_LOOP('',(#2955,#2956,#2957,#2958));
#504=EDGE_LOOP('',(#2959,#2960,#2961,#2962));
#505=EDGE_LOOP('',(#2963,#2964,#2965,#2966));
#506=EDGE_LOOP('',(#2967,#2968,#2969,#2970));
#507=EDGE_LOOP('',(#2971,#2972,#2973,#2974));
#508=EDGE_LOOP('',(#2975,#2976,#2977,#2978));
#509=EDGE_LOOP('',(#2979,#2980,#2981,#2982));
#510=EDGE_LOOP('',(#2983,#2984,#2985,#2986));
#511=EDGE_LOOP('',(#2987,#2988,#2989,#2990));
#512=EDGE_LOOP('',(#2991,#2992,#2993,#2994));
#513=EDGE_LOOP('',(#2995,#2996,#2997,#2998));
#514=EDGE_LOOP('',(#2999,#3000,#3001,#3002,#3003,#3004,#3005,#3006,#3007,
#3008,#3009,#3010,#3011,#3012,#3013,#3014,#3015,#3016,#3017,#3018,#3019,
#3020,#3021,#3022,#3023,#3024,#3025,#3026,#3027,#3028,#3029,#3030,#3031,
#3032,#3033,#3034,#3035,#3036,#3037,#3038,#3039,#3040,#3041,#3042,#3043,
#3044,#3045,#3046,#3047,#3048,#3049,#3050,#3051,#3052,#3053,#3054,#3055,
#3056,#3057,#3058,#3059,#3060,#3061,#3062,#3063,#3064,#3065,#3066,#3067,
#3068,#3069,#3070,#3071,#3072,#3073,#3074,#3075,#3076,#3077,#3078,#3079,
#3080,#3081,#3082,#3083,#3084,#3085,#3086,#3087,#3088,#3089,#3090,#3091,
#3092,#3093,#3094,#3095,#3096,#3097,#3098,#3099,#3100,#3101,#3102,#3103,
#3104,#3105,#3106,#3107,#3108,#3109,#3110,#3111,#3112,#3113,#3114,#3115,
#3116,#3117,#3118,#3119,#3120,#3121,#3122,#3123,#3124,#3125,#3126,#3127,
#3128,#3129,#3130,#3131,#3132,#3133,#3134,#3135,#3136,#3137,#3138,#3139,
#3140,#3141,#3142,#3143,#3144,#3145,#3146,#3147,#3148,#3149,#3150,#3151,
#3152,#3153,#3154,#3155,#3156,#3157,#3158,#3159,#3160,#3161,#3162,#3163,
#3164,#3165,#3166,#3167,#3168));
#515=EDGE_LOOP('',(#3169,#3170,#3171));
#516=EDGE_LOOP('',(#3172,#3173,#3174));
#517=EDGE_LOOP('',(#3175,#3176,#3177,#3178,#3179,#3180,#3181));
#518=EDGE_LOOP('',(#3182,#3183,#3184));
#519=EDGE_LOOP('',(#3185,#3186,#3187,#3188,#3189,#3190));
#520=EDGE_LOOP('',(#3191,#3192,#3193,#3194,#3195,#3196,#3197,#3198));
#521=EDGE_LOOP('',(#3199,#3200,#3201,#3202,#3203,#3204,#3205,#3206,#3207,
#3208,#3209,#3210,#3211,#3212,#3213,#3214));
#522=EDGE_LOOP('',(#3215,#3216,#3217,#3218,#3219,#3220,#3221,#3222,#3223,
#3224));
#523=EDGE_LOOP('',(#3225,#3226,#3227,#3228,#3229,#3230));
#524=EDGE_LOOP('',(#3231,#3232,#3233,#3234,#3235,#3236,#3237,#3238,#3239,
#3240,#3241,#3242,#3243,#3244));
#525=EDGE_LOOP('',(#3245,#3246,#3247,#3248,#3249,#3250));
#526=EDGE_LOOP('',(#3251,#3252,#3253,#3254,#3255,#3256,#3257,#3258,#3259,
#3260));
#527=EDGE_LOOP('',(#3261,#3262,#3263,#3264,#3265,#3266,#3267,#3268,#3269,
#3270));
#528=EDGE_LOOP('',(#3271,#3272,#3273,#3274,#3275,#3276,#3277,#3278));
#529=EDGE_LOOP('',(#3279,#3280,#3281));
#530=EDGE_LOOP('',(#3282,#3283,#3284));
#531=EDGE_LOOP('',(#3285,#3286,#3287));
#532=EDGE_LOOP('',(#3288,#3289,#3290,#3291,#3292,#3293,#3294));
#533=EDGE_LOOP('',(#3295,#3296,#3297));
#534=EDGE_LOOP('',(#3298,#3299,#3300,#3301,#3302,#3303));
#535=EDGE_LOOP('',(#3304,#3305,#3306,#3307));
#536=EDGE_LOOP('',(#3308,#3309,#3310));
#537=EDGE_LOOP('',(#3311,#3312,#3313,#3314,#3315,#3316,#3317));
#538=EDGE_LOOP('',(#3318,#3319,#3320,#3321,#3322,#3323,#3324,#3325));
#539=EDGE_LOOP('',(#3326,#3327,#3328,#3329,#3330,#3331,#3332));
#540=EDGE_LOOP('',(#3333,#3334,#3335));
#541=EDGE_LOOP('',(#3336,#3337,#3338,#3339,#3340,#3341,#3342));
#542=EDGE_LOOP('',(#3343,#3344,#3345,#3346,#3347,#3348,#3349,#3350,#3351,
#3352,#3353,#3354,#3355));
#543=EDGE_LOOP('',(#3356,#3357));
#544=EDGE_LOOP('',(#3358,#3359,#3360,#3361,#3362,#3363,#3364));
#545=EDGE_LOOP('',(#3365,#3366,#3367,#3368,#3369,#3370,#3371,#3372,#3373,
#3374));
#546=EDGE_LOOP('',(#3375,#3376,#3377,#3378,#3379,#3380,#3381,#3382,#3383,
#3384,#3385,#3386,#3387,#3388));
#547=EDGE_LOOP('',(#3389,#3390,#3391));
#548=EDGE_LOOP('',(#3392,#3393,#3394,#3395,#3396,#3397,#3398));
#549=EDGE_LOOP('',(#3399,#3400,#3401,#3402,#3403,#3404,#3405,#3406,#3407,
#3408,#3409,#3410,#3411,#3412));
#550=EDGE_LOOP('',(#3413,#3414,#3415,#3416,#3417,#3418));
#551=EDGE_LOOP('',(#3419,#3420,#3421,#3422));
#552=EDGE_LOOP('',(#3423,#3424,#3425,#3426,#3427,#3428,#3429,#3430,#3431,
#3432,#3433,#3434,#3435,#3436,#3437));
#553=EDGE_LOOP('',(#3438,#3439,#3440,#3441));
#554=EDGE_LOOP('',(#3442,#3443,#3444,#3445,#3446,#3447,#3448,#3449));
#555=EDGE_LOOP('',(#3450,#3451,#3452));
#556=EDGE_LOOP('',(#3453,#3454,#3455));
#557=EDGE_LOOP('',(#3456,#3457,#3458,#3459));
#558=EDGE_LOOP('',(#3460,#3461,#3462,#3463,#3464,#3465,#3466));
#559=EDGE_LOOP('',(#3467,#3468));
#560=EDGE_LOOP('',(#3469,#3470));
#561=EDGE_LOOP('',(#3471,#3472,#3473,#3474,#3475,#3476,#3477,#3478,#3479,
#3480,#3481,#3482,#3483,#3484,#3485,#3486,#3487,#3488,#3489,#3490,#3491,
#3492,#3493,#3494));
#562=EDGE_LOOP('',(#3495,#3496,#3497,#3498,#3499,#3500));
#563=EDGE_LOOP('',(#3501,#3502,#3503,#3504,#3505,#3506,#3507,#3508));
#564=EDGE_LOOP('',(#3509,#3510,#3511,#3512,#3513,#3514,#3515,#3516));
#565=EDGE_LOOP('',(#3517,#3518,#3519,#3520));
#566=EDGE_LOOP('',(#3521,#3522,#3523,#3524,#3525,#3526,#3527,#3528));
#567=EDGE_LOOP('',(#3529,#3530,#3531,#3532,#3533,#3534));
#568=EDGE_LOOP('',(#3535,#3536,#3537,#3538,#3539,#3540,#3541,#3542));
#569=EDGE_LOOP('',(#3543,#3544,#3545,#3546));
#570=EDGE_LOOP('',(#3547,#3548,#3549,#3550,#3551,#3552,#3553,#3554,#3555,
#3556));
#571=EDGE_LOOP('',(#3557,#3558,#3559,#3560,#3561,#3562,#3563,#3564));
#572=EDGE_LOOP('',(#3565,#3566,#3567,#3568,#3569,#3570,#3571,#3572));
#573=EDGE_LOOP('',(#3573,#3574,#3575,#3576));
#574=EDGE_LOOP('',(#3577,#3578,#3579,#3580,#3581,#3582,#3583,#3584,#3585,
#3586));
#575=EDGE_LOOP('',(#3587,#3588,#3589,#3590,#3591,#3592,#3593,#3594,#3595,
#3596));
#576=EDGE_LOOP('',(#3597,#3598,#3599,#3600,#3601,#3602));
#577=LINE('',#4601,#817);
#578=LINE('',#4607,#818);
#579=LINE('',#4622,#819);
#580=LINE('',#4641,#820);
#581=LINE('',#4660,#821);
#582=LINE('',#4679,#822);
#583=LINE('',#4715,#823);
#584=LINE('',#4721,#824);
#585=LINE('',#4736,#825);
#586=LINE('',#4772,#826);
#587=LINE('',#4778,#827);
#588=LINE('',#4793,#828);
#589=LINE('',#4812,#829);
#590=LINE('',#4831,#830);
#591=LINE('',#4850,#831);
#592=LINE('',#4869,#832);
#593=LINE('',#4905,#833);
#594=LINE('',#4911,#834);
#595=LINE('',#4926,#835);
#596=LINE('',#4962,#836);
#597=LINE('',#4968,#837);
#598=LINE('',#4983,#838);
#599=LINE('',#5019,#839);
#600=LINE('',#5025,#840);
#601=LINE('',#5041,#841);
#602=LINE('',#5047,#842);
#603=LINE('',#5063,#843);
#604=LINE('',#5069,#844);
#605=LINE('',#5084,#845);
#606=LINE('',#5104,#846);
#607=LINE('',#5110,#847);
#608=LINE('',#5125,#848);
#609=LINE('',#5144,#849);
#610=LINE('',#5163,#850);
#611=LINE('',#5182,#851);
#612=LINE('',#5201,#852);
#613=LINE('',#5220,#853);
#614=LINE('',#5240,#854);
#615=LINE('',#5246,#855);
#616=LINE('',#5261,#856);
#617=LINE('',#5280,#857);
#618=LINE('',#5299,#858);
#619=LINE('',#5318,#859);
#620=LINE('',#5337,#860);
#621=LINE('',#5356,#861);
#622=LINE('',#5375,#862);
#623=LINE('',#5394,#863);
#624=LINE('',#5413,#864);
#625=LINE('',#5432,#865);
#626=LINE('',#5452,#866);
#627=LINE('',#5458,#867);
#628=LINE('',#5473,#868);
#629=LINE('',#5492,#869);
#630=LINE('',#5511,#870);
#631=LINE('',#5530,#871);
#632=LINE('',#5549,#872);
#633=LINE('',#5568,#873);
#634=LINE('',#5587,#874);
#635=LINE('',#5606,#875);
#636=LINE('',#5625,#876);
#637=LINE('',#5644,#877);
#638=LINE('',#5663,#878);
#639=LINE('',#5682,#879);
#640=LINE('',#5702,#880);
#641=LINE('',#5708,#881);
#642=LINE('',#5723,#882);
#643=LINE('',#5742,#883);
#644=LINE('',#5761,#884);
#645=LINE('',#5780,#885);
#646=LINE('',#5799,#886);
#647=LINE('',#5818,#887);
#648=LINE('',#5837,#888);
#649=LINE('',#5856,#889);
#650=LINE('',#5875,#890);
#651=LINE('',#5894,#891);
#652=LINE('',#5913,#892);
#653=LINE('',#5932,#893);
#654=LINE('',#5952,#894);
#655=LINE('',#5958,#895);
#656=LINE('',#5973,#896);
#657=LINE('',#5992,#897);
#658=LINE('',#6011,#898);
#659=LINE('',#6030,#899);
#660=LINE('',#6049,#900);
#661=LINE('',#6068,#901);
#662=LINE('',#6087,#902);
#663=LINE('',#6106,#903);
#664=LINE('',#6125,#904);
#665=LINE('',#6144,#905);
#666=LINE('',#6163,#906);
#667=LINE('',#6183,#907);
#668=LINE('',#6189,#908);
#669=LINE('',#6204,#909);
#670=LINE('',#6223,#910);
#671=LINE('',#6243,#911);
#672=LINE('',#6249,#912);
#673=LINE('',#6265,#913);
#674=LINE('',#6271,#914);
#675=LINE('',#6286,#915);
#676=LINE('',#6306,#916);
#677=LINE('',#6312,#917);
#678=LINE('',#6327,#918);
#679=LINE('',#6346,#919);
#680=LINE('',#6365,#920);
#681=LINE('',#6384,#921);
#682=LINE('',#6403,#922);
#683=LINE('',#6423,#923);
#684=LINE('',#6429,#924);
#685=LINE('',#6444,#925);
#686=LINE('',#6464,#926);
#687=LINE('',#6470,#927);
#688=LINE('',#6485,#928);
#689=LINE('',#6504,#929);
#690=LINE('',#6509,#930);
#691=LINE('',#6540,#931);
#692=LINE('',#6559,#932);
#693=LINE('',#6578,#933);
#694=LINE('',#6597,#934);
#695=LINE('',#6617,#935);
#696=LINE('',#6623,#936);
#697=LINE('',#6638,#937);
#698=LINE('',#6657,#938);
#699=LINE('',#6676,#939);
#700=LINE('',#6695,#940);
#701=LINE('',#6715,#941);
#702=LINE('',#6721,#942);
#703=LINE('',#6736,#943);
#704=LINE('',#6755,#944);
#705=LINE('',#6775,#945);
#706=LINE('',#6781,#946);
#707=LINE('',#6796,#947);
#708=LINE('',#6816,#948);
#709=LINE('',#6822,#949);
#710=LINE('',#6834,#950);
#711=LINE('',#6852,#951);
#712=LINE('',#6871,#952);
#713=LINE('',#6890,#953);
#714=LINE('',#6910,#954);
#715=LINE('',#6916,#955);
#716=LINE('',#6931,#956);
#717=LINE('',#6950,#957);
#718=LINE('',#6966,#958);
#719=LINE('',#6984,#959);
#720=LINE('',#7003,#960);
#721=LINE('',#7022,#961);
#722=LINE('',#7042,#962);
#723=LINE('',#7048,#963);
#724=LINE('',#7064,#964);
#725=LINE('',#7070,#965);
#726=LINE('',#7085,#966);
#727=LINE('',#7104,#967);
#728=LINE('',#7123,#968);
#729=LINE('',#7142,#969);
#730=LINE('',#7161,#970);
#731=LINE('',#7181,#971);
#732=LINE('',#7187,#972);
#733=LINE('',#7202,#973);
#734=LINE('',#7222,#974);
#735=LINE('',#7228,#975);
#736=LINE('',#7243,#976);
#737=LINE('',#7262,#977);
#738=LINE('',#7281,#978);
#739=LINE('',#7300,#979);
#740=LINE('',#7320,#980);
#741=LINE('',#7326,#981);
#742=LINE('',#7341,#982);
#743=LINE('',#7360,#983);
#744=LINE('',#7379,#984);
#745=LINE('',#7398,#985);
#746=LINE('',#7403,#986);
#747=LINE('',#7434,#987);
#748=LINE('',#7453,#988);
#749=LINE('',#7473,#989);
#750=LINE('',#7479,#990);
#751=LINE('',#7494,#991);
#752=LINE('',#7513,#992);
#753=LINE('',#7532,#993);
#754=LINE('',#7551,#994);
#755=LINE('',#7570,#995);
#756=LINE('',#7593,#996);
#757=LINE('',#7596,#997);
#758=LINE('',#7598,#998);
#759=LINE('',#7608,#999);
#760=LINE('',#7609,#1000);
#761=LINE('',#7611,#1001);
#762=LINE('',#7612,#1002);
#763=LINE('',#7613,#1003);
#764=LINE('',#7616,#1004);
#765=LINE('',#7618,#1005);
#766=LINE('',#7623,#1006);
#767=LINE('',#7632,#1007);
#768=LINE('',#7634,#1008);
#769=LINE('',#7638,#1009);
#770=LINE('',#7642,#1010);
#771=LINE('',#7643,#1011);
#772=LINE('',#7648,#1012);
#773=LINE('',#7652,#1013);
#774=LINE('',#7655,#1014);
#775=LINE('',#7657,#1015);
#776=LINE('',#7659,#1016);
#777=LINE('',#7660,#1017);
#778=LINE('',#7661,#1018);
#779=LINE('',#7662,#1019);
#780=LINE('',#7664,#1020);
#781=LINE('',#7666,#1021);
#782=LINE('',#7667,#1022);
#783=LINE('',#7668,#1023);
#784=LINE('',#7673,#1024);
#785=LINE('',#7679,#1025);
#786=LINE('',#7683,#1026);
#787=LINE('',#7689,#1027);
#788=LINE('',#7694,#1028);
#789=LINE('',#7698,#1029);
#790=LINE('',#7700,#1030);
#791=LINE('',#7702,#1031);
#792=LINE('',#7703,#1032);
#793=LINE('',#7708,#1033);
#794=LINE('',#7718,#1034);
#795=LINE('',#7721,#1035);
#796=LINE('',#7729,#1036);
#797=LINE('',#7735,#1037);
#798=LINE('',#7751,#1038);
#799=LINE('',#7770,#1039);
#800=LINE('',#7782,#1040);
#801=LINE('',#7786,#1041);
#802=LINE('',#7790,#1042);
#803=LINE('',#7793,#1043);
#804=LINE('',#7795,#1044);
#805=LINE('',#7797,#1045);
#806=LINE('',#7799,#1046);
#807=LINE('',#7801,#1047);
#808=LINE('',#7803,#1048);
#809=LINE('',#7805,#1049);
#810=LINE('',#7807,#1050);
#811=LINE('',#7809,#1051);
#812=LINE('',#7811,#1052);
#813=LINE('',#7813,#1053);
#814=LINE('',#7815,#1054);
#815=LINE('',#7818,#1055);
#816=LINE('',#7820,#1056);
#817=VECTOR('',#4105,10.);
#818=VECTOR('',#4106,10.);
#819=VECTOR('',#4107,10.);
#820=VECTOR('',#4108,10.);
#821=VECTOR('',#4109,10.);
#822=VECTOR('',#4110,10.);
#823=VECTOR('',#4111,10.);
#824=VECTOR('',#4112,10.);
#825=VECTOR('',#4113,10.);
#826=VECTOR('',#4114,10.);
#827=VECTOR('',#4115,10.);
#828=VECTOR('',#4116,10.);
#829=VECTOR('',#4117,10.);
#830=VECTOR('',#4118,10.);
#831=VECTOR('',#4119,10.);
#832=VECTOR('',#4120,10.);
#833=VECTOR('',#4121,10.);
#834=VECTOR('',#4122,10.);
#835=VECTOR('',#4123,10.);
#836=VECTOR('',#4124,10.);
#837=VECTOR('',#4125,10.);
#838=VECTOR('',#4126,10.);
#839=VECTOR('',#4127,10.);
#840=VECTOR('',#4128,10.);
#841=VECTOR('',#4129,10.);
#842=VECTOR('',#4130,10.);
#843=VECTOR('',#4131,10.);
#844=VECTOR('',#4132,10.);
#845=VECTOR('',#4133,10.);
#846=VECTOR('',#4134,10.);
#847=VECTOR('',#4135,10.);
#848=VECTOR('',#4136,10.);
#849=VECTOR('',#4137,10.);
#850=VECTOR('',#4138,10.);
#851=VECTOR('',#4139,10.);
#852=VECTOR('',#4140,10.);
#853=VECTOR('',#4141,10.);
#854=VECTOR('',#4142,10.);
#855=VECTOR('',#4143,10.);
#856=VECTOR('',#4144,10.);
#857=VECTOR('',#4145,10.);
#858=VECTOR('',#4146,10.);
#859=VECTOR('',#4147,10.);
#860=VECTOR('',#4148,10.);
#861=VECTOR('',#4149,10.);
#862=VECTOR('',#4150,10.);
#863=VECTOR('',#4151,10.);
#864=VECTOR('',#4152,10.);
#865=VECTOR('',#4153,10.);
#866=VECTOR('',#4154,10.);
#867=VECTOR('',#4155,10.);
#868=VECTOR('',#4156,10.);
#869=VECTOR('',#4157,10.);
#870=VECTOR('',#4158,10.);
#871=VECTOR('',#4159,10.);
#872=VECTOR('',#4160,10.);
#873=VECTOR('',#4161,10.);
#874=VECTOR('',#4162,10.);
#875=VECTOR('',#4163,10.);
#876=VECTOR('',#4164,10.);
#877=VECTOR('',#4165,10.);
#878=VECTOR('',#4166,10.);
#879=VECTOR('',#4167,10.);
#880=VECTOR('',#4168,10.);
#881=VECTOR('',#4169,10.);
#882=VECTOR('',#4170,10.);
#883=VECTOR('',#4171,10.);
#884=VECTOR('',#4172,10.);
#885=VECTOR('',#4173,10.);
#886=VECTOR('',#4174,10.);
#887=VECTOR('',#4175,10.);
#888=VECTOR('',#4176,10.);
#889=VECTOR('',#4177,10.);
#890=VECTOR('',#4178,10.);
#891=VECTOR('',#4179,10.);
#892=VECTOR('',#4180,10.);
#893=VECTOR('',#4181,10.);
#894=VECTOR('',#4182,10.);
#895=VECTOR('',#4183,10.);
#896=VECTOR('',#4184,10.);
#897=VECTOR('',#4185,10.);
#898=VECTOR('',#4186,10.);
#899=VECTOR('',#4187,10.);
#900=VECTOR('',#4188,10.);
#901=VECTOR('',#4189,10.);
#902=VECTOR('',#4190,10.);
#903=VECTOR('',#4191,10.);
#904=VECTOR('',#4192,10.);
#905=VECTOR('',#4193,10.);
#906=VECTOR('',#4194,10.);
#907=VECTOR('',#4195,10.);
#908=VECTOR('',#4196,10.);
#909=VECTOR('',#4197,10.);
#910=VECTOR('',#4198,10.);
#911=VECTOR('',#4199,10.);
#912=VECTOR('',#4200,10.);
#913=VECTOR('',#4201,10.);
#914=VECTOR('',#4202,10.);
#915=VECTOR('',#4203,10.);
#916=VECTOR('',#4204,10.);
#917=VECTOR('',#4205,10.);
#918=VECTOR('',#4206,10.);
#919=VECTOR('',#4207,10.);
#920=VECTOR('',#4208,10.);
#921=VECTOR('',#4209,10.);
#922=VECTOR('',#4210,10.);
#923=VECTOR('',#4211,10.);
#924=VECTOR('',#4212,10.);
#925=VECTOR('',#4213,10.);
#926=VECTOR('',#4214,10.);
#927=VECTOR('',#4215,10.);
#928=VECTOR('',#4216,10.);
#929=VECTOR('',#4217,10.);
#930=VECTOR('',#4218,10.);
#931=VECTOR('',#4219,10.);
#932=VECTOR('',#4220,10.);
#933=VECTOR('',#4221,10.);
#934=VECTOR('',#4222,10.);
#935=VECTOR('',#4223,10.);
#936=VECTOR('',#4224,10.);
#937=VECTOR('',#4225,10.);
#938=VECTOR('',#4226,10.);
#939=VECTOR('',#4227,10.);
#940=VECTOR('',#4228,10.);
#941=VECTOR('',#4229,10.);
#942=VECTOR('',#4230,10.);
#943=VECTOR('',#4231,10.);
#944=VECTOR('',#4232,10.);
#945=VECTOR('',#4233,10.);
#946=VECTOR('',#4234,10.);
#947=VECTOR('',#4235,10.);
#948=VECTOR('',#4236,10.);
#949=VECTOR('',#4237,10.);
#950=VECTOR('',#4238,10.);
#951=VECTOR('',#4239,10.);
#952=VECTOR('',#4240,10.);
#953=VECTOR('',#4241,10.);
#954=VECTOR('',#4242,10.);
#955=VECTOR('',#4243,10.);
#956=VECTOR('',#4244,10.);
#957=VECTOR('',#4245,10.);
#958=VECTOR('',#4246,10.);
#959=VECTOR('',#4247,10.);
#960=VECTOR('',#4248,10.);
#961=VECTOR('',#4249,10.);
#962=VECTOR('',#4250,10.);
#963=VECTOR('',#4251,10.);
#964=VECTOR('',#4252,10.);
#965=VECTOR('',#4253,10.);
#966=VECTOR('',#4254,10.);
#967=VECTOR('',#4255,10.);
#968=VECTOR('',#4256,10.);
#969=VECTOR('',#4257,10.);
#970=VECTOR('',#4258,10.);
#971=VECTOR('',#4259,10.);
#972=VECTOR('',#4260,10.);
#973=VECTOR('',#4261,10.);
#974=VECTOR('',#4262,10.);
#975=VECTOR('',#4263,10.);
#976=VECTOR('',#4264,10.);
#977=VECTOR('',#4265,10.);
#978=VECTOR('',#4266,10.);
#979=VECTOR('',#4267,10.);
#980=VECTOR('',#4268,10.);
#981=VECTOR('',#4269,10.);
#982=VECTOR('',#4270,10.);
#983=VECTOR('',#4271,10.);
#984=VECTOR('',#4272,10.);
#985=VECTOR('',#4273,10.);
#986=VECTOR('',#4274,10.);
#987=VECTOR('',#4275,10.);
#988=VECTOR('',#4276,10.);
#989=VECTOR('',#4277,10.);
#990=VECTOR('',#4278,10.);
#991=VECTOR('',#4279,10.);
#992=VECTOR('',#4280,10.);
#993=VECTOR('',#4281,10.);
#994=VECTOR('',#4282,10.);
#995=VECTOR('',#4283,10.);
#996=VECTOR('',#4284,10.);
#997=VECTOR('',#4289,10.);
#998=VECTOR('',#4290,10.);
#999=VECTOR('',#4305,10.);
#1000=VECTOR('',#4306,10.);
#1001=VECTOR('',#4309,10.);
#1002=VECTOR('',#4310,10.);
#1003=VECTOR('',#4311,10.);
#1004=VECTOR('',#4314,10.);
#1005=VECTOR('',#4315,10.);
#1006=VECTOR('',#4320,10.);
#1007=VECTOR('',#4333,10.);
#1008=VECTOR('',#4334,10.);
#1009=VECTOR('',#4339,10.);
#1010=VECTOR('',#4344,10.);
#1011=VECTOR('',#4345,10.);
#1012=VECTOR('',#4350,10.);
#1013=VECTOR('',#4353,10.);
#1014=VECTOR('',#4358,10.);
#1015=VECTOR('',#4359,10.);
#1016=VECTOR('',#4360,10.);
#1017=VECTOR('',#4361,10.);
#1018=VECTOR('',#4362,10.);
#1019=VECTOR('',#4363,10.);
#1020=VECTOR('',#4366,10.);
#1021=VECTOR('',#4367,10.);
#1022=VECTOR('',#4368,10.);
#1023=VECTOR('',#4369,10.);
#1024=VECTOR('',#4374,10.);
#1025=VECTOR('',#4383,10.);
#1026=VECTOR('',#4386,10.);
#1027=VECTOR('',#4393,10.);
#1028=VECTOR('',#4400,10.);
#1029=VECTOR('',#4407,10.);
#1030=VECTOR('',#4408,10.);
#1031=VECTOR('',#4409,10.);
#1032=VECTOR('',#4410,10.);
#1033=VECTOR('',#4415,10.);
#1034=VECTOR('',#4434,10.);
#1035=VECTOR('',#4439,10.);
#1036=VECTOR('',#4452,10.);
#1037=VECTOR('',#4463,10.);
#1038=VECTOR('',#4488,10.);
#1039=VECTOR('',#4519,10.);
#1040=VECTOR('',#4530,10.);
#1041=VECTOR('',#4533,10.);
#1042=VECTOR('',#4538,10.);
#1043=VECTOR('',#4541,10.);
#1044=VECTOR('',#4544,10.);
#1045=VECTOR('',#4547,10.);
#1046=VECTOR('',#4550,10.);
#1047=VECTOR('',#4553,10.);
#1048=VECTOR('',#4556,10.);
#1049=VECTOR('',#4559,10.);
#1050=VECTOR('',#4562,10.);
#1051=VECTOR('',#4565,10.);
#1052=VECTOR('',#4568,10.);
#1053=VECTOR('',#4571,10.);
#1054=VECTOR('',#4574,10.);
#1055=VECTOR('',#4579,10.);
#1056=VECTOR('',#4582,10.);
#1057=(
BOUNDED_CURVE()
B_SPLINE_CURVE(3,(#4596,#4597,#4598,#4599),.UNSPECIFIED.,.F.,.F.)
B_SPLINE_CURVE_WITH_KNOTS((4,4),(0.,1.),.UNSPECIFIED.)
CURVE()
GEOMETRIC_REPRESENTATION_ITEM()
RATIONAL_B_SPLINE_CURVE((1.,1.,1.,1.))
REPRESENTATION_ITEM('')
);
#1058=(
BOUNDED_CURVE()
B_SPLINE_CURVE(3,(#4603,#4604,#4605,#4606),.UNSPECIFIED.,.F.,.F.)
B_SPLINE_CURVE_WITH_KNOTS((4,4),(0.,1.),.UNSPECIFIED.)
CURVE()
GEOMETRIC_REPRESENTATION_ITEM()
RATIONAL_B_SPLINE_CURVE((1.,1.,1.,1.))
REPRESENTATION_ITEM('')
);
#1059=(
BOUNDED_CURVE()
B_SPLINE_CURVE(3,(#4617,#4618,#4619,#4620),.UNSPECIFIED.,.F.,.F.)
B_SPLINE_CURVE_WITH_KNOTS((4,4),(0.,1.),.UNSPECIFIED.)
CURVE()
GEOMETRIC_REPRESENTATION_ITEM()
RATIONAL_B_SPLINE_CURVE((1.,1.,1.,1.))
REPRESENTATION_ITEM('')
);
#1060=(
BOUNDED_CURVE()
B_SPLINE_CURVE(3,(#4623,#4624,#4625,#4626),.UNSPECIFIED.,.F.,.F.)
B_SPLINE_CURVE_WITH_KNOTS((4,4),(0.,1.),.UNSPECIFIED.)
CURVE()
GEOMETRIC_REPRESENTATION_ITEM()
RATIONAL_B_SPLINE_CURVE((1.,1.,1.,1.))
REPRESENTATION_ITEM('')
);
#1061=(
BOUNDED_CURVE()
B_SPLINE_CURVE(3,(#4636,#4637,#4638,#4639),.UNSPECIFIED.,.F.,.F.)
B_SPLINE_CURVE_WITH_KNOTS((4,4),(0.,1.),.UNSPECIFIED.)
CURVE()
GEOMETRIC_REPRESENTATION_ITEM()
RATIONAL_B_SPLINE_CURVE((1.,1.,1.,1.))
REPRESENTATION_ITEM('')
);
#1062=(
BOUNDED_CURVE()
B_SPLINE_CURVE(3,(#4642,#4643,#4644,#4645),.UNSPECIFIED.,.F.,.F.)
B_SPLINE_CURVE_WITH_KNOTS((4,4),(0.,1.),.UNSPECIFIED.)
CURVE()
GEOMETRIC_REPRESENTATION_ITEM()
RATIONAL_B_SPLINE_CURVE((1.,1.,1.,1.))
REPRESENTATION_ITEM('')
);
#1063=(
BOUNDED_CURVE()
B_SPLINE_CURVE(3,(#4655,#4656,#4657,#4658),.UNSPECIFIED.,.F.,.F.)
B_SPLINE_CURVE_WITH_KNOTS((4,4),(0.,1.),.UNSPECIFIED.)
CURVE()
GEOMETRIC_REPRESENTATION_ITEM()
RATIONAL_B_SPLINE_CURVE((1.,1.,1.,1.))
REPRESENTATION_ITEM('')
);
#1064=(
BOUNDED_CURVE()
B_SPLINE_CURVE(3,(#4661,#4662,#4663,#4664),.UNSPECIFIED.,.F.,.F.)
B_SPLINE_CURVE_WITH_KNOTS((4,4),(0.,1.),.UNSPECIFIED.)
CURVE()
GEOMETRIC_REPRESENTATION_ITEM()
RATIONAL_B_SPLINE_CURVE((1.,1.,1.,1.))
REPRESENTATION_ITEM('')
);
#1065=(
BOUNDED_CURVE()
B_SPLINE_CURVE(3,(#4674,#4675,#4676,#4677),.UNSPECIFIED.,.F.,.F.)
B_SPLINE_CURVE_WITH_KNOTS((4,4),(0.,1.),.UNSPECIFIED.)
CURVE()
GEOMETRIC_REPRESENTATION_ITEM()
RATIONAL_B_SPLINE_CURVE((1.,1.,1.,1.))
REPRESENTATION_ITEM('')
);
#1066=(
BOUNDED_CURVE()
B_SPLINE_CURVE(3,(#4680,#4681,#4682,#4683),.UNSPECIFIED.,.F.,.F.)
B_SPLINE_CURVE_WITH_KNOTS((4,4),(0.,1.),.UNSPECIFIED.)
CURVE()
GEOMETRIC_REPRESENTATION_ITEM()
RATIONAL_B_SPLINE_CURVE((1.,1.,1.,1.))
REPRESENTATION_ITEM('')
);
#1067=(
BOUNDED_CURVE()
B_SPLINE_CURVE(3,(#4692,#4693,#4694,#4695),.UNSPECIFIED.,.F.,.F.)
B_SPLINE_CURVE_WITH_KNOTS((4,4),(0.,1.),.UNSPECIFIED.)
CURVE()
GEOMETRIC_REPRESENTATION_ITEM()
RATIONAL_B_SPLINE_CURVE((1.,1.,1.,1.))
REPRESENTATION_ITEM('')
);
#1068=(
BOUNDED_CURVE()
B_SPLINE_CURVE(3,(#4696,#4697,#4698,#4699),.UNSPECIFIED.,.F.,.F.)
B_SPLINE_CURVE_WITH_KNOTS((4,4),(0.,1.),.UNSPECIFIED.)
CURVE()
GEOMETRIC_REPRESENTATION_ITEM()
RATIONAL_B_SPLINE_CURVE((1.,1.,1.,1.))
REPRESENTATION_ITEM('')
);
#1069=(
BOUNDED_CURVE()
B_SPLINE_CURVE(3,(#4710,#4711,#4712,#4713),.UNSPECIFIED.,.F.,.F.)
B_SPLINE_CURVE_WITH_KNOTS((4,4),(0.,1.),.UNSPECIFIED.)
CURVE()
GEOMETRIC_REPRESENTATION_ITEM()
RATIONAL_B_SPLINE_CURVE((1.,1.,1.,1.))
REPRESENTATION_ITEM('')
);
#1070=(
BOUNDED_CURVE()
B_SPLINE_CURVE(3,(#4717,#4718,#4719,#4720),.UNSPECIFIED.,.F.,.F.)
B_SPLINE_CURVE_WITH_KNOTS((4,4),(0.,1.),.UNSPECIFIED.)
CURVE()
GEOMETRIC_REPRESENTATION_ITEM()
RATIONAL_B_SPLINE_CURVE((1.,1.,1.,1.))
REPRESENTATION_ITEM('')
);
#1071=(
BOUNDED_CURVE()
B_SPLINE_CURVE(3,(#4731,#4732,#4733,#4734),.UNSPECIFIED.,.F.,.F.)
B_SPLINE_CURVE_WITH_KNOTS((4,4),(0.,1.),.UNSPECIFIED.)
CURVE()
GEOMETRIC_REPRESENTATION_ITEM()
RATIONAL_B_SPLINE_CURVE((1.,1.,1.,1.))
REPRESENTATION_ITEM('')
);
#1072=(
BOUNDED_CURVE()
B_SPLINE_CURVE(3,(#4737,#4738,#4739,#4740),.UNSPECIFIED.,.F.,.F.)
B_SPLINE_CURVE_WITH_KNOTS((4,4),(0.,1.),.UNSPECIFIED.)
CURVE()
GEOMETRIC_REPRESENTATION_ITEM()
RATIONAL_B_SPLINE_CURVE((1.,1.,1.,1.))
REPRESENTATION_ITEM('')
);
#1073=(
BOUNDED_CURVE()
B_SPLINE_CURVE(3,(#4749,#4750,#4751,#4752),.UNSPECIFIED.,.F.,.F.)
B_SPLINE_CURVE_WITH_KNOTS((4,4),(0.,1.),.UNSPECIFIED.)
CURVE()
GEOMETRIC_REPRESENTATION_ITEM()
RATIONAL_B_SPLINE_CURVE((1.,1.,1.,1.))
REPRESENTATION_ITEM('')
);
#1074=(
BOUNDED_CURVE()
B_SPLINE_CURVE(3,(#4753,#4754,#4755,#4756),.UNSPECIFIED.,.F.,.F.)
B_SPLINE_CURVE_WITH_KNOTS((4,4),(0.,1.),.UNSPECIFIED.)
CURVE()
GEOMETRIC_REPRESENTATION_ITEM()
RATIONAL_B_SPLINE_CURVE((1.,1.,1.,1.))
REPRESENTATION_ITEM('')
);
#1075=(
BOUNDED_CURVE()
B_SPLINE_CURVE(3,(#4767,#4768,#4769,#4770),.UNSPECIFIED.,.F.,.F.)
B_SPLINE_CURVE_WITH_KNOTS((4,4),(0.,1.),.UNSPECIFIED.)
CURVE()
GEOMETRIC_REPRESENTATION_ITEM()
RATIONAL_B_SPLINE_CURVE((1.,1.,1.,1.))
REPRESENTATION_ITEM('')
);
#1076=(
BOUNDED_CURVE()
B_SPLINE_CURVE(3,(#4774,#4775,#4776,#4777),.UNSPECIFIED.,.F.,.F.)
B_SPLINE_CURVE_WITH_KNOTS((4,4),(0.,1.),.UNSPECIFIED.)
CURVE()
GEOMETRIC_REPRESENTATION_ITEM()
RATIONAL_B_SPLINE_CURVE((1.,1.,1.,1.))
REPRESENTATION_ITEM('')
);
#1077=(
BOUNDED_CURVE()
B_SPLINE_CURVE(3,(#4788,#4789,#4790,#4791),.UNSPECIFIED.,.F.,.F.)
B_SPLINE_CURVE_WITH_KNOTS((4,4),(0.,1.),.UNSPECIFIED.)
CURVE()
GEOMETRIC_REPRESENTATION_ITEM()
RATIONAL_B_SPLINE_CURVE((1.,1.,1.,1.))
REPRESENTATION_ITEM('')
);
#1078=(
BOUNDED_CURVE()
B_SPLINE_CURVE(3,(#4794,#4795,#4796,#4797),.UNSPECIFIED.,.F.,.F.)
B_SPLINE_CURVE_WITH_KNOTS((4,4),(0.,1.),.UNSPECIFIED.)
CURVE()
GEOMETRIC_REPRESENTATION_ITEM()
RATIONAL_B_SPLINE_CURVE((1.,1.,1.,1.))
REPRESENTATION_ITEM('')
);
#1079=(
BOUNDED_CURVE()
B_SPLINE_CURVE(3,(#4807,#4808,#4809,#4810),.UNSPECIFIED.,.F.,.F.)
B_SPLINE_CURVE_WITH_KNOTS((4,4),(0.,1.),.UNSPECIFIED.)
CURVE()
GEOMETRIC_REPRESENTATION_ITEM()
RATIONAL_B_SPLINE_CURVE((1.,1.,1.,1.))
REPRESENTATION_ITEM('')
);
#1080=(
BOUNDED_CURVE()
B_SPLINE_CURVE(3,(#4813,#4814,#4815,#4816),.UNSPECIFIED.,.F.,.F.)
B_SPLINE_CURVE_WITH_KNOTS((4,4),(0.,1.),.UNSPECIFIED.)
CURVE()
GEOMETRIC_REPRESENTATION_ITEM()
RATIONAL_B_SPLINE_CURVE((1.,1.,1.,1.))
REPRESENTATION_ITEM('')
);
#1081=(
BOUNDED_CURVE()
B_SPLINE_CURVE(3,(#4826,#4827,#4828,#4829),.UNSPECIFIED.,.F.,.F.)
B_SPLINE_CURVE_WITH_KNOTS((4,4),(0.,1.),.UNSPECIFIED.)
CURVE()
GEOMETRIC_REPRESENTATION_ITEM()
RATIONAL_B_SPLINE_CURVE((1.,1.,1.,1.))
REPRESENTATION_ITEM('')
);
#1082=(
BOUNDED_CURVE()
B_SPLINE_CURVE(3,(#4832,#4833,#4834,#4835),.UNSPECIFIED.,.F.,.F.)
B_SPLINE_CURVE_WITH_KNOTS((4,4),(0.,1.),.UNSPECIFIED.)
CURVE()
GEOMETRIC_REPRESENTATION_ITEM()
RATIONAL_B_SPLINE_CURVE((1.,1.,1.,1.))
REPRESENTATION_ITEM('')
);
#1083=(
BOUNDED_CURVE()
B_SPLINE_CURVE(3,(#4845,#4846,#4847,#4848),.UNSPECIFIED.,.F.,.F.)
B_SPLINE_CURVE_WITH_KNOTS((4,4),(0.,1.),.UNSPECIFIED.)
CURVE()
GEOMETRIC_REPRESENTATION_ITEM()
RATIONAL_B_SPLINE_CURVE((1.,1.,1.,1.))
REPRESENTATION_ITEM('')
);
#1084=(
BOUNDED_CURVE()
B_SPLINE_CURVE(3,(#4851,#4852,#4853,#4854),.UNSPECIFIED.,.F.,.F.)
B_SPLINE_CURVE_WITH_KNOTS((4,4),(0.,1.),.UNSPECIFIED.)
CURVE()
GEOMETRIC_REPRESENTATION_ITEM()
RATIONAL_B_SPLINE_CURVE((1.,1.,1.,1.))
REPRESENTATION_ITEM('')
);
#1085=(
BOUNDED_CURVE()
B_SPLINE_CURVE(3,(#4864,#4865,#4866,#4867),.UNSPECIFIED.,.F.,.F.)
B_SPLINE_CURVE_WITH_KNOTS((4,4),(0.,1.),.UNSPECIFIED.)
CURVE()
GEOMETRIC_REPRESENTATION_ITEM()
RATIONAL_B_SPLINE_CURVE((1.,1.,1.,1.))
REPRESENTATION_ITEM('')
);
#1086=(
BOUNDED_CURVE()
B_SPLINE_CURVE(3,(#4870,#4871,#4872,#4873),.UNSPECIFIED.,.F.,.F.)
B_SPLINE_CURVE_WITH_KNOTS((4,4),(0.,1.),.UNSPECIFIED.)
CURVE()
GEOMETRIC_REPRESENTATION_ITEM()
RATIONAL_B_SPLINE_CURVE((1.,1.,1.,1.))
REPRESENTATION_ITEM('')
);
#1087=(
BOUNDED_CURVE()
B_SPLINE_CURVE(3,(#4882,#4883,#4884,#4885),.UNSPECIFIED.,.F.,.F.)
B_SPLINE_CURVE_WITH_KNOTS((4,4),(0.,1.),.UNSPECIFIED.)
CURVE()
GEOMETRIC_REPRESENTATION_ITEM()
RATIONAL_B_SPLINE_CURVE((1.,1.,1.,1.))
REPRESENTATION_ITEM('')
);
#1088=(
BOUNDED_CURVE()
B_SPLINE_CURVE(3,(#4886,#4887,#4888,#4889),.UNSPECIFIED.,.F.,.F.)
B_SPLINE_CURVE_WITH_KNOTS((4,4),(0.,1.),.UNSPECIFIED.)
CURVE()
GEOMETRIC_REPRESENTATION_ITEM()
RATIONAL_B_SPLINE_CURVE((1.,1.,1.,1.))
REPRESENTATION_ITEM('')
);
#1089=(
BOUNDED_CURVE()
B_SPLINE_CURVE(3,(#4900,#4901,#4902,#4903),.UNSPECIFIED.,.F.,.F.)
B_SPLINE_CURVE_WITH_KNOTS((4,4),(0.,1.),.UNSPECIFIED.)
CURVE()
GEOMETRIC_REPRESENTATION_ITEM()
RATIONAL_B_SPLINE_CURVE((1.,1.,1.,1.))
REPRESENTATION_ITEM('')
);
#1090=(
BOUNDED_CURVE()
B_SPLINE_CURVE(3,(#4907,#4908,#4909,#4910),.UNSPECIFIED.,.F.,.F.)
B_SPLINE_CURVE_WITH_KNOTS((4,4),(0.,1.),.UNSPECIFIED.)
CURVE()
GEOMETRIC_REPRESENTATION_ITEM()
RATIONAL_B_SPLINE_CURVE((1.,1.,1.,1.))
REPRESENTATION_ITEM('')
);
#1091=(
BOUNDED_CURVE()
B_SPLINE_CURVE(3,(#4921,#4922,#4923,#4924),.UNSPECIFIED.,.F.,.F.)
B_SPLINE_CURVE_WITH_KNOTS((4,4),(0.,1.),.UNSPECIFIED.)
CURVE()
GEOMETRIC_REPRESENTATION_ITEM()
RATIONAL_B_SPLINE_CURVE((1.,1.,1.,1.))
REPRESENTATION_ITEM('')
);
#1092=(
BOUNDED_CURVE()
B_SPLINE_CURVE(3,(#4927,#4928,#4929,#4930),.UNSPECIFIED.,.F.,.F.)
B_SPLINE_CURVE_WITH_KNOTS((4,4),(0.,1.),.UNSPECIFIED.)
CURVE()
GEOMETRIC_REPRESENTATION_ITEM()
RATIONAL_B_SPLINE_CURVE((1.,1.,1.,1.))
REPRESENTATION_ITEM('')
);
#1093=(
BOUNDED_CURVE()
B_SPLINE_CURVE(3,(#4939,#4940,#4941,#4942),.UNSPECIFIED.,.F.,.F.)
B_SPLINE_CURVE_WITH_KNOTS((4,4),(0.,1.),.UNSPECIFIED.)
CURVE()
GEOMETRIC_REPRESENTATION_ITEM()
RATIONAL_B_SPLINE_CURVE((1.,1.,1.,1.))
REPRESENTATION_ITEM('')
);
#1094=(
BOUNDED_CURVE()
B_SPLINE_CURVE(3,(#4943,#4944,#4945,#4946),.UNSPECIFIED.,.F.,.F.)
B_SPLINE_CURVE_WITH_KNOTS((4,4),(0.,1.),.UNSPECIFIED.)
CURVE()
GEOMETRIC_REPRESENTATION_ITEM()
RATIONAL_B_SPLINE_CURVE((1.,1.,1.,1.))
REPRESENTATION_ITEM('')
);
#1095=(
BOUNDED_CURVE()
B_SPLINE_CURVE(3,(#4957,#4958,#4959,#4960),.UNSPECIFIED.,.F.,.F.)
B_SPLINE_CURVE_WITH_KNOTS((4,4),(-1.,0.),.UNSPECIFIED.)
CURVE()
GEOMETRIC_REPRESENTATION_ITEM()
RATIONAL_B_SPLINE_CURVE((1.,1.,1.,1.))
REPRESENTATION_ITEM('')
);
#1096=(
BOUNDED_CURVE()
B_SPLINE_CURVE(3,(#4964,#4965,#4966,#4967),.UNSPECIFIED.,.F.,.F.)
B_SPLINE_CURVE_WITH_KNOTS((4,4),(-1.,0.),.UNSPECIFIED.)
CURVE()
GEOMETRIC_REPRESENTATION_ITEM()
RATIONAL_B_SPLINE_CURVE((1.,1.,1.,1.))
REPRESENTATION_ITEM('')
);
#1097=(
BOUNDED_CURVE()
B_SPLINE_CURVE(3,(#4978,#4979,#4980,#4981),.UNSPECIFIED.,.F.,.F.)
B_SPLINE_CURVE_WITH_KNOTS((4,4),(-1.,0.),.UNSPECIFIED.)
CURVE()
GEOMETRIC_REPRESENTATION_ITEM()
RATIONAL_B_SPLINE_CURVE((1.,1.,1.,1.))
REPRESENTATION_ITEM('')
);
#1098=(
BOUNDED_CURVE()
B_SPLINE_CURVE(3,(#4984,#4985,#4986,#4987),.UNSPECIFIED.,.F.,.F.)
B_SPLINE_CURVE_WITH_KNOTS((4,4),(-1.,0.),.UNSPECIFIED.)
CURVE()
GEOMETRIC_REPRESENTATION_ITEM()
RATIONAL_B_SPLINE_CURVE((1.,1.,1.,1.))
REPRESENTATION_ITEM('')
);
#1099=(
BOUNDED_CURVE()
B_SPLINE_CURVE(3,(#4996,#4997,#4998,#4999),.UNSPECIFIED.,.F.,.F.)
B_SPLINE_CURVE_WITH_KNOTS((4,4),(-1.,0.),.UNSPECIFIED.)
CURVE()
GEOMETRIC_REPRESENTATION_ITEM()
RATIONAL_B_SPLINE_CURVE((1.,1.,1.,1.))
REPRESENTATION_ITEM('')
);
#1100=(
BOUNDED_CURVE()
B_SPLINE_CURVE(3,(#5000,#5001,#5002,#5003),.UNSPECIFIED.,.F.,.F.)
B_SPLINE_CURVE_WITH_KNOTS((4,4),(-1.,0.),.UNSPECIFIED.)
CURVE()
GEOMETRIC_REPRESENTATION_ITEM()
RATIONAL_B_SPLINE_CURVE((1.,1.,1.,1.))
REPRESENTATION_ITEM('')
);
#1101=(
BOUNDED_CURVE()
B_SPLINE_CURVE(3,(#5014,#5015,#5016,#5017),.UNSPECIFIED.,.F.,.F.)
B_SPLINE_CURVE_WITH_KNOTS((4,4),(0.448257791473639,1.),.UNSPECIFIED.)
CURVE()
GEOMETRIC_REPRESENTATION_ITEM()
RATIONAL_B_SPLINE_CURVE((1.,1.,1.,1.))
REPRESENTATION_ITEM('')
);
#1102=(
BOUNDED_CURVE()
B_SPLINE_CURVE(3,(#5021,#5022,#5023,#5024),.UNSPECIFIED.,.F.,.F.)
B_SPLINE_CURVE_WITH_KNOTS((4,4),(0.448257791473639,1.),.UNSPECIFIED.)
CURVE()
GEOMETRIC_REPRESENTATION_ITEM()
RATIONAL_B_SPLINE_CURVE((1.,1.,1.,1.))
REPRESENTATION_ITEM('')
);
#1103=(
BOUNDED_CURVE()
B_SPLINE_CURVE(3,(#5036,#5037,#5038,#5039),.UNSPECIFIED.,.F.,.F.)
B_SPLINE_CURVE_WITH_KNOTS((4,4),(0.269925040332899,0.67159496359326),
 .UNSPECIFIED.)
CURVE()
GEOMETRIC_REPRESENTATION_ITEM()
RATIONAL_B_SPLINE_CURVE((1.,1.,1.,1.))
REPRESENTATION_ITEM('')
);
#1104=(
BOUNDED_CURVE()
B_SPLINE_CURVE(3,(#5043,#5044,#5045,#5046),.UNSPECIFIED.,.F.,.F.)
B_SPLINE_CURVE_WITH_KNOTS((4,4),(0.269925040332899,0.67159496359326),
 .UNSPECIFIED.)
CURVE()
GEOMETRIC_REPRESENTATION_ITEM()
RATIONAL_B_SPLINE_CURVE((1.,1.,1.,1.))
REPRESENTATION_ITEM('')
);
#1105=(
BOUNDED_CURVE()
B_SPLINE_CURVE(3,(#5058,#5059,#5060,#5061),.UNSPECIFIED.,.F.,.F.)
B_SPLINE_CURVE_WITH_KNOTS((4,4),(0.,0.327995594691716),.UNSPECIFIED.)
CURVE()
GEOMETRIC_REPRESENTATION_ITEM()
RATIONAL_B_SPLINE_CURVE((1.,1.,1.,1.))
REPRESENTATION_ITEM('')
);
#1106=(
BOUNDED_CURVE()
B_SPLINE_CURVE(3,(#5065,#5066,#5067,#5068),.UNSPECIFIED.,.F.,.F.)
B_SPLINE_CURVE_WITH_KNOTS((4,4),(0.,0.327995594691716),.UNSPECIFIED.)
CURVE()
GEOMETRIC_REPRESENTATION_ITEM()
RATIONAL_B_SPLINE_CURVE((1.,1.,1.,1.))
REPRESENTATION_ITEM('')
);
#1107=(
BOUNDED_CURVE()
B_SPLINE_CURVE(3,(#5079,#5080,#5081,#5082),.UNSPECIFIED.,.F.,.F.)
B_SPLINE_CURVE_WITH_KNOTS((4,4),(0.393681876359332,1.),.UNSPECIFIED.)
CURVE()
GEOMETRIC_REPRESENTATION_ITEM()
RATIONAL_B_SPLINE_CURVE((1.,1.,1.,1.))
REPRESENTATION_ITEM('')
);
#1108=(
BOUNDED_CURVE()
B_SPLINE_CURVE(3,(#5085,#5086,#5087,#5088),.UNSPECIFIED.,.F.,.F.)
B_SPLINE_CURVE_WITH_KNOTS((4,4),(0.393681876359332,1.),.UNSPECIFIED.)
CURVE()
GEOMETRIC_REPRESENTATION_ITEM()
RATIONAL_B_SPLINE_CURVE((1.,1.,1.,1.))
REPRESENTATION_ITEM('')
);
#1109=(
BOUNDED_CURVE()
B_SPLINE_CURVE(3,(#5099,#5100,#5101,#5102),.UNSPECIFIED.,.F.,.F.)
B_SPLINE_CURVE_WITH_KNOTS((4,4),(-1.,-0.643506347933314),.UNSPECIFIED.)
CURVE()
GEOMETRIC_REPRESENTATION_ITEM()
RATIONAL_B_SPLINE_CURVE((1.,1.,1.,1.))
REPRESENTATION_ITEM('')
);
#1110=(
BOUNDED_CURVE()
B_SPLINE_CURVE(3,(#5106,#5107,#5108,#5109),.UNSPECIFIED.,.F.,.F.)
B_SPLINE_CURVE_WITH_KNOTS((4,4),(-1.,-0.643506347933314),.UNSPECIFIED.)
CURVE()
GEOMETRIC_REPRESENTATION_ITEM()
RATIONAL_B_SPLINE_CURVE((1.,1.,1.,1.))
REPRESENTATION_ITEM('')
);
#1111=(
BOUNDED_CURVE()
B_SPLINE_CURVE(3,(#5120,#5121,#5122,#5123),.UNSPECIFIED.,.F.,.F.)
B_SPLINE_CURVE_WITH_KNOTS((4,4),(-1.,0.),.UNSPECIFIED.)
CURVE()
GEOMETRIC_REPRESENTATION_ITEM()
RATIONAL_B_SPLINE_CURVE((1.,1.,1.,1.))
REPRESENTATION_ITEM('')
);
#1112=(
BOUNDED_CURVE()
B_SPLINE_CURVE(3,(#5126,#5127,#5128,#5129),.UNSPECIFIED.,.F.,.F.)
B_SPLINE_CURVE_WITH_KNOTS((4,4),(-1.,0.),.UNSPECIFIED.)
CURVE()
GEOMETRIC_REPRESENTATION_ITEM()
RATIONAL_B_SPLINE_CURVE((1.,1.,1.,1.))
REPRESENTATION_ITEM('')
);
#1113=(
BOUNDED_CURVE()
B_SPLINE_CURVE(3,(#5139,#5140,#5141,#5142),.UNSPECIFIED.,.F.,.F.)
B_SPLINE_CURVE_WITH_KNOTS((4,4),(-1.,0.),.UNSPECIFIED.)
CURVE()
GEOMETRIC_REPRESENTATION_ITEM()
RATIONAL_B_SPLINE_CURVE((1.,1.,1.,1.))
REPRESENTATION_ITEM('')
);
#1114=(
BOUNDED_CURVE()
B_SPLINE_CURVE(3,(#5145,#5146,#5147,#5148),.UNSPECIFIED.,.F.,.F.)
B_SPLINE_CURVE_WITH_KNOTS((4,4),(-1.,0.),.UNSPECIFIED.)
CURVE()
GEOMETRIC_REPRESENTATION_ITEM()
RATIONAL_B_SPLINE_CURVE((1.,1.,1.,1.))
REPRESENTATION_ITEM('')
);
#1115=(
BOUNDED_CURVE()
B_SPLINE_CURVE(3,(#5158,#5159,#5160,#5161),.UNSPECIFIED.,.F.,.F.)
B_SPLINE_CURVE_WITH_KNOTS((4,4),(-1.,0.),.UNSPECIFIED.)
CURVE()
GEOMETRIC_REPRESENTATION_ITEM()
RATIONAL_B_SPLINE_CURVE((1.,1.,1.,1.))
REPRESENTATION_ITEM('')
);
#1116=(
BOUNDED_CURVE()
B_SPLINE_CURVE(3,(#5164,#5165,#5166,#5167),.UNSPECIFIED.,.F.,.F.)
B_SPLINE_CURVE_WITH_KNOTS((4,4),(-1.,0.),.UNSPECIFIED.)
CURVE()
GEOMETRIC_REPRESENTATION_ITEM()
RATIONAL_B_SPLINE_CURVE((1.,1.,1.,1.))
REPRESENTATION_ITEM('')
);
#1117=(
BOUNDED_CURVE()
B_SPLINE_CURVE(3,(#5177,#5178,#5179,#5180),.UNSPECIFIED.,.F.,.F.)
B_SPLINE_CURVE_WITH_KNOTS((4,4),(-1.,0.),.UNSPECIFIED.)
CURVE()
GEOMETRIC_REPRESENTATION_ITEM()
RATIONAL_B_SPLINE_CURVE((1.,1.,1.,1.))
REPRESENTATION_ITEM('')
);
#1118=(
BOUNDED_CURVE()
B_SPLINE_CURVE(3,(#5183,#5184,#5185,#5186),.UNSPECIFIED.,.F.,.F.)
B_SPLINE_CURVE_WITH_KNOTS((4,4),(-1.,0.),.UNSPECIFIED.)
CURVE()
GEOMETRIC_REPRESENTATION_ITEM()
RATIONAL_B_SPLINE_CURVE((1.,1.,1.,1.))
REPRESENTATION_ITEM('')
);
#1119=(
BOUNDED_CURVE()
B_SPLINE_CURVE(3,(#5196,#5197,#5198,#5199),.UNSPECIFIED.,.F.,.F.)
B_SPLINE_CURVE_WITH_KNOTS((4,4),(-1.,0.),.UNSPECIFIED.)
CURVE()
GEOMETRIC_REPRESENTATION_ITEM()
RATIONAL_B_SPLINE_CURVE((1.,1.,1.,1.))
REPRESENTATION_ITEM('')
);
#1120=(
BOUNDED_CURVE()
B_SPLINE_CURVE(3,(#5202,#5203,#5204,#5205),.UNSPECIFIED.,.F.,.F.)
B_SPLINE_CURVE_WITH_KNOTS((4,4),(-1.,0.),.UNSPECIFIED.)
CURVE()
GEOMETRIC_REPRESENTATION_ITEM()
RATIONAL_B_SPLINE_CURVE((1.,1.,1.,1.))
REPRESENTATION_ITEM('')
);
#1121=(
BOUNDED_CURVE()
B_SPLINE_CURVE(3,(#5215,#5216,#5217,#5218),.UNSPECIFIED.,.F.,.F.)
B_SPLINE_CURVE_WITH_KNOTS((4,4),(-0.996380402928615,0.),.UNSPECIFIED.)
CURVE()
GEOMETRIC_REPRESENTATION_ITEM()
RATIONAL_B_SPLINE_CURVE((1.,1.,1.,1.))
REPRESENTATION_ITEM('')
);
#1122=(
BOUNDED_CURVE()
B_SPLINE_CURVE(3,(#5221,#5222,#5223,#5224),.UNSPECIFIED.,.F.,.F.)
B_SPLINE_CURVE_WITH_KNOTS((4,4),(-0.996380402928615,0.),.UNSPECIFIED.)
CURVE()
GEOMETRIC_REPRESENTATION_ITEM()
RATIONAL_B_SPLINE_CURVE((1.,1.,1.,1.))
REPRESENTATION_ITEM('')
);
#1123=(
BOUNDED_CURVE()
B_SPLINE_CURVE(3,(#5235,#5236,#5237,#5238),.UNSPECIFIED.,.F.,.F.)
B_SPLINE_CURVE_WITH_KNOTS((4,4),(0.,0.702940699881995),.UNSPECIFIED.)
CURVE()
GEOMETRIC_REPRESENTATION_ITEM()
RATIONAL_B_SPLINE_CURVE((1.,1.,1.,1.))
REPRESENTATION_ITEM('')
);
#1124=(
BOUNDED_CURVE()
B_SPLINE_CURVE(3,(#5242,#5243,#5244,#5245),.UNSPECIFIED.,.F.,.F.)
B_SPLINE_CURVE_WITH_KNOTS((4,4),(0.,0.702940699881995),.UNSPECIFIED.)
CURVE()
GEOMETRIC_REPRESENTATION_ITEM()
RATIONAL_B_SPLINE_CURVE((1.,1.,1.,1.))
REPRESENTATION_ITEM('')
);
#1125=(
BOUNDED_CURVE()
B_SPLINE_CURVE(3,(#5256,#5257,#5258,#5259),.UNSPECIFIED.,.F.,.F.)
B_SPLINE_CURVE_WITH_KNOTS((4,4),(0.,1.),.UNSPECIFIED.)
CURVE()
GEOMETRIC_REPRESENTATION_ITEM()
RATIONAL_B_SPLINE_CURVE((1.,1.,1.,1.))
REPRESENTATION_ITEM('')
);
#1126=(
BOUNDED_CURVE()
B_SPLINE_CURVE(3,(#5262,#5263,#5264,#5265),.UNSPECIFIED.,.F.,.F.)
B_SPLINE_CURVE_WITH_KNOTS((4,4),(0.,1.),.UNSPECIFIED.)
CURVE()
GEOMETRIC_REPRESENTATION_ITEM()
RATIONAL_B_SPLINE_CURVE((1.,1.,1.,1.))
REPRESENTATION_ITEM('')
);
#1127=(
BOUNDED_CURVE()
B_SPLINE_CURVE(3,(#5275,#5276,#5277,#5278),.UNSPECIFIED.,.F.,.F.)
B_SPLINE_CURVE_WITH_KNOTS((4,4),(0.,1.),.UNSPECIFIED.)
CURVE()
GEOMETRIC_REPRESENTATION_ITEM()
RATIONAL_B_SPLINE_CURVE((1.,1.,1.,1.))
REPRESENTATION_ITEM('')
);
#1128=(
BOUNDED_CURVE()
B_SPLINE_CURVE(3,(#5281,#5282,#5283,#5284),.UNSPECIFIED.,.F.,.F.)
B_SPLINE_CURVE_WITH_KNOTS((4,4),(0.,1.),.UNSPECIFIED.)
CURVE()
GEOMETRIC_REPRESENTATION_ITEM()
RATIONAL_B_SPLINE_CURVE((1.,1.,1.,1.))
REPRESENTATION_ITEM('')
);
#1129=(
BOUNDED_CURVE()
B_SPLINE_CURVE(3,(#5294,#5295,#5296,#5297),.UNSPECIFIED.,.F.,.F.)
B_SPLINE_CURVE_WITH_KNOTS((4,4),(0.,1.),.UNSPECIFIED.)
CURVE()
GEOMETRIC_REPRESENTATION_ITEM()
RATIONAL_B_SPLINE_CURVE((1.,1.,1.,1.))
REPRESENTATION_ITEM('')
);
#1130=(
BOUNDED_CURVE()
B_SPLINE_CURVE(3,(#5300,#5301,#5302,#5303),.UNSPECIFIED.,.F.,.F.)
B_SPLINE_CURVE_WITH_KNOTS((4,4),(0.,1.),.UNSPECIFIED.)
CURVE()
GEOMETRIC_REPRESENTATION_ITEM()
RATIONAL_B_SPLINE_CURVE((1.,1.,1.,1.))
REPRESENTATION_ITEM('')
);
#1131=(
BOUNDED_CURVE()
B_SPLINE_CURVE(3,(#5313,#5314,#5315,#5316),.UNSPECIFIED.,.F.,.F.)
B_SPLINE_CURVE_WITH_KNOTS((4,4),(0.,1.),.UNSPECIFIED.)
CURVE()
GEOMETRIC_REPRESENTATION_ITEM()
RATIONAL_B_SPLINE_CURVE((1.,1.,1.,1.))
REPRESENTATION_ITEM('')
);
#1132=(
BOUNDED_CURVE()
B_SPLINE_CURVE(3,(#5319,#5320,#5321,#5322),.UNSPECIFIED.,.F.,.F.)
B_SPLINE_CURVE_WITH_KNOTS((4,4),(0.,1.),.UNSPECIFIED.)
CURVE()
GEOMETRIC_REPRESENTATION_ITEM()
RATIONAL_B_SPLINE_CURVE((1.,1.,1.,1.))
REPRESENTATION_ITEM('')
);
#1133=(
BOUNDED_CURVE()
B_SPLINE_CURVE(3,(#5332,#5333,#5334,#5335),.UNSPECIFIED.,.F.,.F.)
B_SPLINE_CURVE_WITH_KNOTS((4,4),(0.,1.),.UNSPECIFIED.)
CURVE()
GEOMETRIC_REPRESENTATION_ITEM()
RATIONAL_B_SPLINE_CURVE((1.,1.,1.,1.))
REPRESENTATION_ITEM('')
);
#1134=(
BOUNDED_CURVE()
B_SPLINE_CURVE(3,(#5338,#5339,#5340,#5341),.UNSPECIFIED.,.F.,.F.)
B_SPLINE_CURVE_WITH_KNOTS((4,4),(0.,1.),.UNSPECIFIED.)
CURVE()
GEOMETRIC_REPRESENTATION_ITEM()
RATIONAL_B_SPLINE_CURVE((1.,1.,1.,1.))
REPRESENTATION_ITEM('')
);
#1135=(
BOUNDED_CURVE()
B_SPLINE_CURVE(3,(#5351,#5352,#5353,#5354),.UNSPECIFIED.,.F.,.F.)
B_SPLINE_CURVE_WITH_KNOTS((4,4),(0.,1.),.UNSPECIFIED.)
CURVE()
GEOMETRIC_REPRESENTATION_ITEM()
RATIONAL_B_SPLINE_CURVE((1.,1.,1.,1.))
REPRESENTATION_ITEM('')
);
#1136=(
BOUNDED_CURVE()
B_SPLINE_CURVE(3,(#5357,#5358,#5359,#5360),.UNSPECIFIED.,.F.,.F.)
B_SPLINE_CURVE_WITH_KNOTS((4,4),(0.,1.),.UNSPECIFIED.)
CURVE()
GEOMETRIC_REPRESENTATION_ITEM()
RATIONAL_B_SPLINE_CURVE((1.,1.,1.,1.))
REPRESENTATION_ITEM('')
);
#1137=(
BOUNDED_CURVE()
B_SPLINE_CURVE(3,(#5370,#5371,#5372,#5373),.UNSPECIFIED.,.F.,.F.)
B_SPLINE_CURVE_WITH_KNOTS((4,4),(0.,1.),.UNSPECIFIED.)
CURVE()
GEOMETRIC_REPRESENTATION_ITEM()
RATIONAL_B_SPLINE_CURVE((1.,1.,1.,1.))
REPRESENTATION_ITEM('')
);
#1138=(
BOUNDED_CURVE()
B_SPLINE_CURVE(3,(#5376,#5377,#5378,#5379),.UNSPECIFIED.,.F.,.F.)
B_SPLINE_CURVE_WITH_KNOTS((4,4),(0.,1.),.UNSPECIFIED.)
CURVE()
GEOMETRIC_REPRESENTATION_ITEM()
RATIONAL_B_SPLINE_CURVE((1.,1.,1.,1.))
REPRESENTATION_ITEM('')
);
#1139=(
BOUNDED_CURVE()
B_SPLINE_CURVE(3,(#5389,#5390,#5391,#5392),.UNSPECIFIED.,.F.,.F.)
B_SPLINE_CURVE_WITH_KNOTS((4,4),(0.,1.),.UNSPECIFIED.)
CURVE()
GEOMETRIC_REPRESENTATION_ITEM()
RATIONAL_B_SPLINE_CURVE((1.,1.,1.,1.))
REPRESENTATION_ITEM('')
);
#1140=(
BOUNDED_CURVE()
B_SPLINE_CURVE(3,(#5395,#5396,#5397,#5398),.UNSPECIFIED.,.F.,.F.)
B_SPLINE_CURVE_WITH_KNOTS((4,4),(0.,1.),.UNSPECIFIED.)
CURVE()
GEOMETRIC_REPRESENTATION_ITEM()
RATIONAL_B_SPLINE_CURVE((1.,1.,1.,1.))
REPRESENTATION_ITEM('')
);
#1141=(
BOUNDED_CURVE()
B_SPLINE_CURVE(3,(#5408,#5409,#5410,#5411),.UNSPECIFIED.,.F.,.F.)
B_SPLINE_CURVE_WITH_KNOTS((4,4),(0.,1.),.UNSPECIFIED.)
CURVE()
GEOMETRIC_REPRESENTATION_ITEM()
RATIONAL_B_SPLINE_CURVE((1.,1.,1.,1.))
REPRESENTATION_ITEM('')
);
#1142=(
BOUNDED_CURVE()
B_SPLINE_CURVE(3,(#5414,#5415,#5416,#5417),.UNSPECIFIED.,.F.,.F.)
B_SPLINE_CURVE_WITH_KNOTS((4,4),(0.,1.),.UNSPECIFIED.)
CURVE()
GEOMETRIC_REPRESENTATION_ITEM()
RATIONAL_B_SPLINE_CURVE((1.,1.,1.,1.))
REPRESENTATION_ITEM('')
);
#1143=(
BOUNDED_CURVE()
B_SPLINE_CURVE(3,(#5427,#5428,#5429,#5430),.UNSPECIFIED.,.F.,.F.)
B_SPLINE_CURVE_WITH_KNOTS((4,4),(0.215550319410141,1.),.UNSPECIFIED.)
CURVE()
GEOMETRIC_REPRESENTATION_ITEM()
RATIONAL_B_SPLINE_CURVE((1.,1.,1.,1.))
REPRESENTATION_ITEM('')
);
#1144=(
BOUNDED_CURVE()
B_SPLINE_CURVE(3,(#5433,#5434,#5435,#5436),.UNSPECIFIED.,.F.,.F.)
B_SPLINE_CURVE_WITH_KNOTS((4,4),(0.215550319410141,1.),.UNSPECIFIED.)
CURVE()
GEOMETRIC_REPRESENTATION_ITEM()
RATIONAL_B_SPLINE_CURVE((1.,1.,1.,1.))
REPRESENTATION_ITEM('')
);
#1145=(
BOUNDED_CURVE()
B_SPLINE_CURVE(3,(#5447,#5448,#5449,#5450),.UNSPECIFIED.,.F.,.F.)
B_SPLINE_CURVE_WITH_KNOTS((4,4),(0.,0.227449939595084),.UNSPECIFIED.)
CURVE()
GEOMETRIC_REPRESENTATION_ITEM()
RATIONAL_B_SPLINE_CURVE((1.,1.,1.,1.))
REPRESENTATION_ITEM('')
);
#1146=(
BOUNDED_CURVE()
B_SPLINE_CURVE(3,(#5454,#5455,#5456,#5457),.UNSPECIFIED.,.F.,.F.)
B_SPLINE_CURVE_WITH_KNOTS((4,4),(0.,0.227449939595084),.UNSPECIFIED.)
CURVE()
GEOMETRIC_REPRESENTATION_ITEM()
RATIONAL_B_SPLINE_CURVE((1.,1.,1.,1.))
REPRESENTATION_ITEM('')
);
#1147=(
BOUNDED_CURVE()
B_SPLINE_CURVE(3,(#5468,#5469,#5470,#5471),.UNSPECIFIED.,.F.,.F.)
B_SPLINE_CURVE_WITH_KNOTS((4,4),(0.,1.),.UNSPECIFIED.)
CURVE()
GEOMETRIC_REPRESENTATION_ITEM()
RATIONAL_B_SPLINE_CURVE((1.,1.,1.,1.))
REPRESENTATION_ITEM('')
);
#1148=(
BOUNDED_CURVE()
B_SPLINE_CURVE(3,(#5474,#5475,#5476,#5477),.UNSPECIFIED.,.F.,.F.)
B_SPLINE_CURVE_WITH_KNOTS((4,4),(0.,1.),.UNSPECIFIED.)
CURVE()
GEOMETRIC_REPRESENTATION_ITEM()
RATIONAL_B_SPLINE_CURVE((1.,1.,1.,1.))
REPRESENTATION_ITEM('')
);
#1149=(
BOUNDED_CURVE()
B_SPLINE_CURVE(3,(#5487,#5488,#5489,#5490),.UNSPECIFIED.,.F.,.F.)
B_SPLINE_CURVE_WITH_KNOTS((4,4),(0.,1.),.UNSPECIFIED.)
CURVE()
GEOMETRIC_REPRESENTATION_ITEM()
RATIONAL_B_SPLINE_CURVE((1.,1.,1.,1.))
REPRESENTATION_ITEM('')
);
#1150=(
BOUNDED_CURVE()
B_SPLINE_CURVE(3,(#5493,#5494,#5495,#5496),.UNSPECIFIED.,.F.,.F.)
B_SPLINE_CURVE_WITH_KNOTS((4,4),(0.,1.),.UNSPECIFIED.)
CURVE()
GEOMETRIC_REPRESENTATION_ITEM()
RATIONAL_B_SPLINE_CURVE((1.,1.,1.,1.))
REPRESENTATION_ITEM('')
);
#1151=(
BOUNDED_CURVE()
B_SPLINE_CURVE(3,(#5506,#5507,#5508,#5509),.UNSPECIFIED.,.F.,.F.)
B_SPLINE_CURVE_WITH_KNOTS((4,4),(0.,1.),.UNSPECIFIED.)
CURVE()
GEOMETRIC_REPRESENTATION_ITEM()
RATIONAL_B_SPLINE_CURVE((1.,1.,1.,1.))
REPRESENTATION_ITEM('')
);
#1152=(
BOUNDED_CURVE()
B_SPLINE_CURVE(3,(#5512,#5513,#5514,#5515),.UNSPECIFIED.,.F.,.F.)
B_SPLINE_CURVE_WITH_KNOTS((4,4),(0.,1.),.UNSPECIFIED.)
CURVE()
GEOMETRIC_REPRESENTATION_ITEM()
RATIONAL_B_SPLINE_CURVE((1.,1.,1.,1.))
REPRESENTATION_ITEM('')
);
#1153=(
BOUNDED_CURVE()
B_SPLINE_CURVE(3,(#5525,#5526,#5527,#5528),.UNSPECIFIED.,.F.,.F.)
B_SPLINE_CURVE_WITH_KNOTS((4,4),(0.,1.),.UNSPECIFIED.)
CURVE()
GEOMETRIC_REPRESENTATION_ITEM()
RATIONAL_B_SPLINE_CURVE((1.,1.,1.,1.))
REPRESENTATION_ITEM('')
);
#1154=(
BOUNDED_CURVE()
B_SPLINE_CURVE(3,(#5531,#5532,#5533,#5534),.UNSPECIFIED.,.F.,.F.)
B_SPLINE_CURVE_WITH_KNOTS((4,4),(0.,1.),.UNSPECIFIED.)
CURVE()
GEOMETRIC_REPRESENTATION_ITEM()
RATIONAL_B_SPLINE_CURVE((1.,1.,1.,1.))
REPRESENTATION_ITEM('')
);
#1155=(
BOUNDED_CURVE()
B_SPLINE_CURVE(3,(#5544,#5545,#5546,#5547),.UNSPECIFIED.,.F.,.F.)
B_SPLINE_CURVE_WITH_KNOTS((4,4),(0.,1.),.UNSPECIFIED.)
CURVE()
GEOMETRIC_REPRESENTATION_ITEM()
RATIONAL_B_SPLINE_CURVE((1.,1.,1.,1.))
REPRESENTATION_ITEM('')
);
#1156=(
BOUNDED_CURVE()
B_SPLINE_CURVE(3,(#5550,#5551,#5552,#5553),.UNSPECIFIED.,.F.,.F.)
B_SPLINE_CURVE_WITH_KNOTS((4,4),(0.,1.),.UNSPECIFIED.)
CURVE()
GEOMETRIC_REPRESENTATION_ITEM()
RATIONAL_B_SPLINE_CURVE((1.,1.,1.,1.))
REPRESENTATION_ITEM('')
);
#1157=(
BOUNDED_CURVE()
B_SPLINE_CURVE(3,(#5563,#5564,#5565,#5566),.UNSPECIFIED.,.F.,.F.)
B_SPLINE_CURVE_WITH_KNOTS((4,4),(0.,1.),.UNSPECIFIED.)
CURVE()
GEOMETRIC_REPRESENTATION_ITEM()
RATIONAL_B_SPLINE_CURVE((1.,1.,1.,1.))
REPRESENTATION_ITEM('')
);
#1158=(
BOUNDED_CURVE()
B_SPLINE_CURVE(3,(#5569,#5570,#5571,#5572),.UNSPECIFIED.,.F.,.F.)
B_SPLINE_CURVE_WITH_KNOTS((4,4),(0.,1.),.UNSPECIFIED.)
CURVE()
GEOMETRIC_REPRESENTATION_ITEM()
RATIONAL_B_SPLINE_CURVE((1.,1.,1.,1.))
REPRESENTATION_ITEM('')
);
#1159=(
BOUNDED_CURVE()
B_SPLINE_CURVE(3,(#5582,#5583,#5584,#5585),.UNSPECIFIED.,.F.,.F.)
B_SPLINE_CURVE_WITH_KNOTS((4,4),(0.,1.),.UNSPECIFIED.)
CURVE()
GEOMETRIC_REPRESENTATION_ITEM()
RATIONAL_B_SPLINE_CURVE((1.,1.,1.,1.))
REPRESENTATION_ITEM('')
);
#1160=(
BOUNDED_CURVE()
B_SPLINE_CURVE(3,(#5588,#5589,#5590,#5591),.UNSPECIFIED.,.F.,.F.)
B_SPLINE_CURVE_WITH_KNOTS((4,4),(0.,1.),.UNSPECIFIED.)
CURVE()
GEOMETRIC_REPRESENTATION_ITEM()
RATIONAL_B_SPLINE_CURVE((1.,1.,1.,1.))
REPRESENTATION_ITEM('')
);
#1161=(
BOUNDED_CURVE()
B_SPLINE_CURVE(3,(#5601,#5602,#5603,#5604),.UNSPECIFIED.,.F.,.F.)
B_SPLINE_CURVE_WITH_KNOTS((4,4),(0.,1.),.UNSPECIFIED.)
CURVE()
GEOMETRIC_REPRESENTATION_ITEM()
RATIONAL_B_SPLINE_CURVE((1.,1.,1.,1.))
REPRESENTATION_ITEM('')
);
#1162=(
BOUNDED_CURVE()
B_SPLINE_CURVE(3,(#5607,#5608,#5609,#5610),.UNSPECIFIED.,.F.,.F.)
B_SPLINE_CURVE_WITH_KNOTS((4,4),(0.,1.),.UNSPECIFIED.)
CURVE()
GEOMETRIC_REPRESENTATION_ITEM()
RATIONAL_B_SPLINE_CURVE((1.,1.,1.,1.))
REPRESENTATION_ITEM('')
);
#1163=(
BOUNDED_CURVE()
B_SPLINE_CURVE(3,(#5620,#5621,#5622,#5623),.UNSPECIFIED.,.F.,.F.)
B_SPLINE_CURVE_WITH_KNOTS((4,4),(0.,1.),.UNSPECIFIED.)
CURVE()
GEOMETRIC_REPRESENTATION_ITEM()
RATIONAL_B_SPLINE_CURVE((1.,1.,1.,1.))
REPRESENTATION_ITEM('')
);
#1164=(
BOUNDED_CURVE()
B_SPLINE_CURVE(3,(#5626,#5627,#5628,#5629),.UNSPECIFIED.,.F.,.F.)
B_SPLINE_CURVE_WITH_KNOTS((4,4),(0.,1.),.UNSPECIFIED.)
CURVE()
GEOMETRIC_REPRESENTATION_ITEM()
RATIONAL_B_SPLINE_CURVE((1.,1.,1.,1.))
REPRESENTATION_ITEM('')
);
#1165=(
BOUNDED_CURVE()
B_SPLINE_CURVE(3,(#5639,#5640,#5641,#5642),.UNSPECIFIED.,.F.,.F.)
B_SPLINE_CURVE_WITH_KNOTS((4,4),(0.,1.),.UNSPECIFIED.)
CURVE()
GEOMETRIC_REPRESENTATION_ITEM()
RATIONAL_B_SPLINE_CURVE((1.,1.,1.,1.))
REPRESENTATION_ITEM('')
);
#1166=(
BOUNDED_CURVE()
B_SPLINE_CURVE(3,(#5645,#5646,#5647,#5648),.UNSPECIFIED.,.F.,.F.)
B_SPLINE_CURVE_WITH_KNOTS((4,4),(0.,1.),.UNSPECIFIED.)
CURVE()
GEOMETRIC_REPRESENTATION_ITEM()
RATIONAL_B_SPLINE_CURVE((1.,1.,1.,1.))
REPRESENTATION_ITEM('')
);
#1167=(
BOUNDED_CURVE()
B_SPLINE_CURVE(3,(#5658,#5659,#5660,#5661),.UNSPECIFIED.,.F.,.F.)
B_SPLINE_CURVE_WITH_KNOTS((4,4),(0.,1.),.UNSPECIFIED.)
CURVE()
GEOMETRIC_REPRESENTATION_ITEM()
RATIONAL_B_SPLINE_CURVE((1.,1.,1.,1.))
REPRESENTATION_ITEM('')
);
#1168=(
BOUNDED_CURVE()
B_SPLINE_CURVE(3,(#5664,#5665,#5666,#5667),.UNSPECIFIED.,.F.,.F.)
B_SPLINE_CURVE_WITH_KNOTS((4,4),(0.,1.),.UNSPECIFIED.)
CURVE()
GEOMETRIC_REPRESENTATION_ITEM()
RATIONAL_B_SPLINE_CURVE((1.,1.,1.,1.))
REPRESENTATION_ITEM('')
);
#1169=(
BOUNDED_CURVE()
B_SPLINE_CURVE(3,(#5677,#5678,#5679,#5680),.UNSPECIFIED.,.F.,.F.)
B_SPLINE_CURVE_WITH_KNOTS((4,4),(0.122559905492439,1.),.UNSPECIFIED.)
CURVE()
GEOMETRIC_REPRESENTATION_ITEM()
RATIONAL_B_SPLINE_CURVE((1.,1.,1.,1.))
REPRESENTATION_ITEM('')
);
#1170=(
BOUNDED_CURVE()
B_SPLINE_CURVE(3,(#5683,#5684,#5685,#5686),.UNSPECIFIED.,.F.,.F.)
B_SPLINE_CURVE_WITH_KNOTS((4,4),(0.122559905492439,1.),.UNSPECIFIED.)
CURVE()
GEOMETRIC_REPRESENTATION_ITEM()
RATIONAL_B_SPLINE_CURVE((1.,1.,1.,1.))
REPRESENTATION_ITEM('')
);
#1171=(
BOUNDED_CURVE()
B_SPLINE_CURVE(3,(#5697,#5698,#5699,#5700),.UNSPECIFIED.,.F.,.F.)
B_SPLINE_CURVE_WITH_KNOTS((4,4),(-1.,-0.0494782600900385),.UNSPECIFIED.)
CURVE()
GEOMETRIC_REPRESENTATION_ITEM()
RATIONAL_B_SPLINE_CURVE((1.,1.,1.,1.))
REPRESENTATION_ITEM('')
);
#1172=(
BOUNDED_CURVE()
B_SPLINE_CURVE(3,(#5704,#5705,#5706,#5707),.UNSPECIFIED.,.F.,.F.)
B_SPLINE_CURVE_WITH_KNOTS((4,4),(-1.,-0.0494782600900385),.UNSPECIFIED.)
CURVE()
GEOMETRIC_REPRESENTATION_ITEM()
RATIONAL_B_SPLINE_CURVE((1.,1.,1.,1.))
REPRESENTATION_ITEM('')
);
#1173=(
BOUNDED_CURVE()
B_SPLINE_CURVE(3,(#5718,#5719,#5720,#5721),.UNSPECIFIED.,.F.,.F.)
B_SPLINE_CURVE_WITH_KNOTS((4,4),(-1.,0.),.UNSPECIFIED.)
CURVE()
GEOMETRIC_REPRESENTATION_ITEM()
RATIONAL_B_SPLINE_CURVE((1.,1.,1.,1.))
REPRESENTATION_ITEM('')
);
#1174=(
BOUNDED_CURVE()
B_SPLINE_CURVE(3,(#5724,#5725,#5726,#5727),.UNSPECIFIED.,.F.,.F.)
B_SPLINE_CURVE_WITH_KNOTS((4,4),(-1.,0.),.UNSPECIFIED.)
CURVE()
GEOMETRIC_REPRESENTATION_ITEM()
RATIONAL_B_SPLINE_CURVE((1.,1.,1.,1.))
REPRESENTATION_ITEM('')
);
#1175=(
BOUNDED_CURVE()
B_SPLINE_CURVE(3,(#5737,#5738,#5739,#5740),.UNSPECIFIED.,.F.,.F.)
B_SPLINE_CURVE_WITH_KNOTS((4,4),(-1.,0.),.UNSPECIFIED.)
CURVE()
GEOMETRIC_REPRESENTATION_ITEM()
RATIONAL_B_SPLINE_CURVE((1.,1.,1.,1.))
REPRESENTATION_ITEM('')
);
#1176=(
BOUNDED_CURVE()
B_SPLINE_CURVE(3,(#5743,#5744,#5745,#5746),.UNSPECIFIED.,.F.,.F.)
B_SPLINE_CURVE_WITH_KNOTS((4,4),(-1.,0.),.UNSPECIFIED.)
CURVE()
GEOMETRIC_REPRESENTATION_ITEM()
RATIONAL_B_SPLINE_CURVE((1.,1.,1.,1.))
REPRESENTATION_ITEM('')
);
#1177=(
BOUNDED_CURVE()
B_SPLINE_CURVE(3,(#5756,#5757,#5758,#5759),.UNSPECIFIED.,.F.,.F.)
B_SPLINE_CURVE_WITH_KNOTS((4,4),(-1.,0.),.UNSPECIFIED.)
CURVE()
GEOMETRIC_REPRESENTATION_ITEM()
RATIONAL_B_SPLINE_CURVE((1.,1.,1.,1.))
REPRESENTATION_ITEM('')
);
#1178=(
BOUNDED_CURVE()
B_SPLINE_CURVE(3,(#5762,#5763,#5764,#5765),.UNSPECIFIED.,.F.,.F.)
B_SPLINE_CURVE_WITH_KNOTS((4,4),(-1.,0.),.UNSPECIFIED.)
CURVE()
GEOMETRIC_REPRESENTATION_ITEM()
RATIONAL_B_SPLINE_CURVE((1.,1.,1.,1.))
REPRESENTATION_ITEM('')
);
#1179=(
BOUNDED_CURVE()
B_SPLINE_CURVE(3,(#5775,#5776,#5777,#5778),.UNSPECIFIED.,.F.,.F.)
B_SPLINE_CURVE_WITH_KNOTS((4,4),(-1.,0.),.UNSPECIFIED.)
CURVE()
GEOMETRIC_REPRESENTATION_ITEM()
RATIONAL_B_SPLINE_CURVE((1.,1.,1.,1.))
REPRESENTATION_ITEM('')
);
#1180=(
BOUNDED_CURVE()
B_SPLINE_CURVE(3,(#5781,#5782,#5783,#5784),.UNSPECIFIED.,.F.,.F.)
B_SPLINE_CURVE_WITH_KNOTS((4,4),(-1.,0.),.UNSPECIFIED.)
CURVE()
GEOMETRIC_REPRESENTATION_ITEM()
RATIONAL_B_SPLINE_CURVE((1.,1.,1.,1.))
REPRESENTATION_ITEM('')
);
#1181=(
BOUNDED_CURVE()
B_SPLINE_CURVE(3,(#5794,#5795,#5796,#5797),.UNSPECIFIED.,.F.,.F.)
B_SPLINE_CURVE_WITH_KNOTS((4,4),(-1.,0.),.UNSPECIFIED.)
CURVE()
GEOMETRIC_REPRESENTATION_ITEM()
RATIONAL_B_SPLINE_CURVE((1.,1.,1.,1.))
REPRESENTATION_ITEM('')
);
#1182=(
BOUNDED_CURVE()
B_SPLINE_CURVE(3,(#5800,#5801,#5802,#5803),.UNSPECIFIED.,.F.,.F.)
B_SPLINE_CURVE_WITH_KNOTS((4,4),(-1.,0.),.UNSPECIFIED.)
CURVE()
GEOMETRIC_REPRESENTATION_ITEM()
RATIONAL_B_SPLINE_CURVE((1.,1.,1.,1.))
REPRESENTATION_ITEM('')
);
#1183=(
BOUNDED_CURVE()
B_SPLINE_CURVE(3,(#5813,#5814,#5815,#5816),.UNSPECIFIED.,.F.,.F.)
B_SPLINE_CURVE_WITH_KNOTS((4,4),(-1.,0.),.UNSPECIFIED.)
CURVE()
GEOMETRIC_REPRESENTATION_ITEM()
RATIONAL_B_SPLINE_CURVE((1.,1.,1.,1.))
REPRESENTATION_ITEM('')
);
#1184=(
BOUNDED_CURVE()
B_SPLINE_CURVE(3,(#5819,#5820,#5821,#5822),.UNSPECIFIED.,.F.,.F.)
B_SPLINE_CURVE_WITH_KNOTS((4,4),(-1.,0.),.UNSPECIFIED.)
CURVE()
GEOMETRIC_REPRESENTATION_ITEM()
RATIONAL_B_SPLINE_CURVE((1.,1.,1.,1.))
REPRESENTATION_ITEM('')
);
#1185=(
BOUNDED_CURVE()
B_SPLINE_CURVE(3,(#5832,#5833,#5834,#5835),.UNSPECIFIED.,.F.,.F.)
B_SPLINE_CURVE_WITH_KNOTS((4,4),(-1.,0.),.UNSPECIFIED.)
CURVE()
GEOMETRIC_REPRESENTATION_ITEM()
RATIONAL_B_SPLINE_CURVE((1.,1.,1.,1.))
REPRESENTATION_ITEM('')
);
#1186=(
BOUNDED_CURVE()
B_SPLINE_CURVE(3,(#5838,#5839,#5840,#5841),.UNSPECIFIED.,.F.,.F.)
B_SPLINE_CURVE_WITH_KNOTS((4,4),(-1.,0.),.UNSPECIFIED.)
CURVE()
GEOMETRIC_REPRESENTATION_ITEM()
RATIONAL_B_SPLINE_CURVE((1.,1.,1.,1.))
REPRESENTATION_ITEM('')
);
#1187=(
BOUNDED_CURVE()
B_SPLINE_CURVE(3,(#5851,#5852,#5853,#5854),.UNSPECIFIED.,.F.,.F.)
B_SPLINE_CURVE_WITH_KNOTS((4,4),(-1.,0.),.UNSPECIFIED.)
CURVE()
GEOMETRIC_REPRESENTATION_ITEM()
RATIONAL_B_SPLINE_CURVE((1.,1.,1.,1.))
REPRESENTATION_ITEM('')
);
#1188=(
BOUNDED_CURVE()
B_SPLINE_CURVE(3,(#5857,#5858,#5859,#5860),.UNSPECIFIED.,.F.,.F.)
B_SPLINE_CURVE_WITH_KNOTS((4,4),(-1.,0.),.UNSPECIFIED.)
CURVE()
GEOMETRIC_REPRESENTATION_ITEM()
RATIONAL_B_SPLINE_CURVE((1.,1.,1.,1.))
REPRESENTATION_ITEM('')
);
#1189=(
BOUNDED_CURVE()
B_SPLINE_CURVE(3,(#5870,#5871,#5872,#5873),.UNSPECIFIED.,.F.,.F.)
B_SPLINE_CURVE_WITH_KNOTS((4,4),(-1.,0.),.UNSPECIFIED.)
CURVE()
GEOMETRIC_REPRESENTATION_ITEM()
RATIONAL_B_SPLINE_CURVE((1.,1.,1.,1.))
REPRESENTATION_ITEM('')
);
#1190=(
BOUNDED_CURVE()
B_SPLINE_CURVE(3,(#5876,#5877,#5878,#5879),.UNSPECIFIED.,.F.,.F.)
B_SPLINE_CURVE_WITH_KNOTS((4,4),(-1.,0.),.UNSPECIFIED.)
CURVE()
GEOMETRIC_REPRESENTATION_ITEM()
RATIONAL_B_SPLINE_CURVE((1.,1.,1.,1.))
REPRESENTATION_ITEM('')
);
#1191=(
BOUNDED_CURVE()
B_SPLINE_CURVE(3,(#5889,#5890,#5891,#5892),.UNSPECIFIED.,.F.,.F.)
B_SPLINE_CURVE_WITH_KNOTS((4,4),(-1.,0.),.UNSPECIFIED.)
CURVE()
GEOMETRIC_REPRESENTATION_ITEM()
RATIONAL_B_SPLINE_CURVE((1.,1.,1.,1.))
REPRESENTATION_ITEM('')
);
#1192=(
BOUNDED_CURVE()
B_SPLINE_CURVE(3,(#5895,#5896,#5897,#5898),.UNSPECIFIED.,.F.,.F.)
B_SPLINE_CURVE_WITH_KNOTS((4,4),(-1.,0.),.UNSPECIFIED.)
CURVE()
GEOMETRIC_REPRESENTATION_ITEM()
RATIONAL_B_SPLINE_CURVE((1.,1.,1.,1.))
REPRESENTATION_ITEM('')
);
#1193=(
BOUNDED_CURVE()
B_SPLINE_CURVE(3,(#5908,#5909,#5910,#5911),.UNSPECIFIED.,.F.,.F.)
B_SPLINE_CURVE_WITH_KNOTS((4,4),(-1.,0.),.UNSPECIFIED.)
CURVE()
GEOMETRIC_REPRESENTATION_ITEM()
RATIONAL_B_SPLINE_CURVE((1.,1.,1.,1.))
REPRESENTATION_ITEM('')
);
#1194=(
BOUNDED_CURVE()
B_SPLINE_CURVE(3,(#5914,#5915,#5916,#5917),.UNSPECIFIED.,.F.,.F.)
B_SPLINE_CURVE_WITH_KNOTS((4,4),(-1.,0.),.UNSPECIFIED.)
CURVE()
GEOMETRIC_REPRESENTATION_ITEM()
RATIONAL_B_SPLINE_CURVE((1.,1.,1.,1.))
REPRESENTATION_ITEM('')
);
#1195=(
BOUNDED_CURVE()
B_SPLINE_CURVE(3,(#5927,#5928,#5929,#5930),.UNSPECIFIED.,.F.,.F.)
B_SPLINE_CURVE_WITH_KNOTS((4,4),(-0.795037197696873,0.),.UNSPECIFIED.)
CURVE()
GEOMETRIC_REPRESENTATION_ITEM()
RATIONAL_B_SPLINE_CURVE((1.,1.,1.,1.))
REPRESENTATION_ITEM('')
);
#1196=(
BOUNDED_CURVE()
B_SPLINE_CURVE(3,(#5933,#5934,#5935,#5936),.UNSPECIFIED.,.F.,.F.)
B_SPLINE_CURVE_WITH_KNOTS((4,4),(-0.795037197696873,0.),.UNSPECIFIED.)
CURVE()
GEOMETRIC_REPRESENTATION_ITEM()
RATIONAL_B_SPLINE_CURVE((1.,1.,1.,1.))
REPRESENTATION_ITEM('')
);
#1197=(
BOUNDED_CURVE()
B_SPLINE_CURVE(3,(#5947,#5948,#5949,#5950),.UNSPECIFIED.,.F.,.F.)
B_SPLINE_CURVE_WITH_KNOTS((4,4),(-1.,-0.262108861738982),.UNSPECIFIED.)
CURVE()
GEOMETRIC_REPRESENTATION_ITEM()
RATIONAL_B_SPLINE_CURVE((1.,1.,1.,1.))
REPRESENTATION_ITEM('')
);
#1198=(
BOUNDED_CURVE()
B_SPLINE_CURVE(3,(#5954,#5955,#5956,#5957),.UNSPECIFIED.,.F.,.F.)
B_SPLINE_CURVE_WITH_KNOTS((4,4),(-1.,-0.262108861738982),.UNSPECIFIED.)
CURVE()
GEOMETRIC_REPRESENTATION_ITEM()
RATIONAL_B_SPLINE_CURVE((1.,1.,1.,1.))
REPRESENTATION_ITEM('')
);
#1199=(
BOUNDED_CURVE()
B_SPLINE_CURVE(3,(#5968,#5969,#5970,#5971),.UNSPECIFIED.,.F.,.F.)
B_SPLINE_CURVE_WITH_KNOTS((4,4),(-1.,0.),.UNSPECIFIED.)
CURVE()
GEOMETRIC_REPRESENTATION_ITEM()
RATIONAL_B_SPLINE_CURVE((1.,1.,1.,1.))
REPRESENTATION_ITEM('')
);
#1200=(
BOUNDED_CURVE()
B_SPLINE_CURVE(3,(#5974,#5975,#5976,#5977),.UNSPECIFIED.,.F.,.F.)
B_SPLINE_CURVE_WITH_KNOTS((4,4),(-1.,0.),.UNSPECIFIED.)
CURVE()
GEOMETRIC_REPRESENTATION_ITEM()
RATIONAL_B_SPLINE_CURVE((1.,1.,1.,1.))
REPRESENTATION_ITEM('')
);
#1201=(
BOUNDED_CURVE()
B_SPLINE_CURVE(3,(#5987,#5988,#5989,#5990),.UNSPECIFIED.,.F.,.F.)
B_SPLINE_CURVE_WITH_KNOTS((4,4),(-1.,0.),.UNSPECIFIED.)
CURVE()
GEOMETRIC_REPRESENTATION_ITEM()
RATIONAL_B_SPLINE_CURVE((1.,1.,1.,1.))
REPRESENTATION_ITEM('')
);
#1202=(
BOUNDED_CURVE()
B_SPLINE_CURVE(3,(#5993,#5994,#5995,#5996),.UNSPECIFIED.,.F.,.F.)
B_SPLINE_CURVE_WITH_KNOTS((4,4),(-1.,0.),.UNSPECIFIED.)
CURVE()
GEOMETRIC_REPRESENTATION_ITEM()
RATIONAL_B_SPLINE_CURVE((1.,1.,1.,1.))
REPRESENTATION_ITEM('')
);
#1203=(
BOUNDED_CURVE()
B_SPLINE_CURVE(3,(#6006,#6007,#6008,#6009),.UNSPECIFIED.,.F.,.F.)
B_SPLINE_CURVE_WITH_KNOTS((4,4),(-1.,0.),.UNSPECIFIED.)
CURVE()
GEOMETRIC_REPRESENTATION_ITEM()
RATIONAL_B_SPLINE_CURVE((1.,1.,1.,1.))
REPRESENTATION_ITEM('')
);
#1204=(
BOUNDED_CURVE()
B_SPLINE_CURVE(3,(#6012,#6013,#6014,#6015),.UNSPECIFIED.,.F.,.F.)
B_SPLINE_CURVE_WITH_KNOTS((4,4),(-1.,0.),.UNSPECIFIED.)
CURVE()
GEOMETRIC_REPRESENTATION_ITEM()
RATIONAL_B_SPLINE_CURVE((1.,1.,1.,1.))
REPRESENTATION_ITEM('')
);
#1205=(
BOUNDED_CURVE()
B_SPLINE_CURVE(3,(#6025,#6026,#6027,#6028),.UNSPECIFIED.,.F.,.F.)
B_SPLINE_CURVE_WITH_KNOTS((4,4),(-1.,0.),.UNSPECIFIED.)
CURVE()
GEOMETRIC_REPRESENTATION_ITEM()
RATIONAL_B_SPLINE_CURVE((1.,1.,1.,1.))
REPRESENTATION_ITEM('')
);
#1206=(
BOUNDED_CURVE()
B_SPLINE_CURVE(3,(#6031,#6032,#6033,#6034),.UNSPECIFIED.,.F.,.F.)
B_SPLINE_CURVE_WITH_KNOTS((4,4),(-1.,0.),.UNSPECIFIED.)
CURVE()
GEOMETRIC_REPRESENTATION_ITEM()
RATIONAL_B_SPLINE_CURVE((1.,1.,1.,1.))
REPRESENTATION_ITEM('')
);
#1207=(
BOUNDED_CURVE()
B_SPLINE_CURVE(3,(#6044,#6045,#6046,#6047),.UNSPECIFIED.,.F.,.F.)
B_SPLINE_CURVE_WITH_KNOTS((4,4),(-1.,0.),.UNSPECIFIED.)
CURVE()
GEOMETRIC_REPRESENTATION_ITEM()
RATIONAL_B_SPLINE_CURVE((1.,1.,1.,1.))
REPRESENTATION_ITEM('')
);
#1208=(
BOUNDED_CURVE()
B_SPLINE_CURVE(3,(#6050,#6051,#6052,#6053),.UNSPECIFIED.,.F.,.F.)
B_SPLINE_CURVE_WITH_KNOTS((4,4),(-1.,0.),.UNSPECIFIED.)
CURVE()
GEOMETRIC_REPRESENTATION_ITEM()
RATIONAL_B_SPLINE_CURVE((1.,1.,1.,1.))
REPRESENTATION_ITEM('')
);
#1209=(
BOUNDED_CURVE()
B_SPLINE_CURVE(3,(#6063,#6064,#6065,#6066),.UNSPECIFIED.,.F.,.F.)
B_SPLINE_CURVE_WITH_KNOTS((4,4),(-1.,0.),.UNSPECIFIED.)
CURVE()
GEOMETRIC_REPRESENTATION_ITEM()
RATIONAL_B_SPLINE_CURVE((1.,1.,1.,1.))
REPRESENTATION_ITEM('')
);
#1210=(
BOUNDED_CURVE()
B_SPLINE_CURVE(3,(#6069,#6070,#6071,#6072),.UNSPECIFIED.,.F.,.F.)
B_SPLINE_CURVE_WITH_KNOTS((4,4),(-1.,0.),.UNSPECIFIED.)
CURVE()
GEOMETRIC_REPRESENTATION_ITEM()
RATIONAL_B_SPLINE_CURVE((1.,1.,1.,1.))
REPRESENTATION_ITEM('')
);
#1211=(
BOUNDED_CURVE()
B_SPLINE_CURVE(3,(#6082,#6083,#6084,#6085),.UNSPECIFIED.,.F.,.F.)
B_SPLINE_CURVE_WITH_KNOTS((4,4),(-1.,0.),.UNSPECIFIED.)
CURVE()
GEOMETRIC_REPRESENTATION_ITEM()
RATIONAL_B_SPLINE_CURVE((1.,1.,1.,1.))
REPRESENTATION_ITEM('')
);
#1212=(
BOUNDED_CURVE()
B_SPLINE_CURVE(3,(#6088,#6089,#6090,#6091),.UNSPECIFIED.,.F.,.F.)
B_SPLINE_CURVE_WITH_KNOTS((4,4),(-1.,0.),.UNSPECIFIED.)
CURVE()
GEOMETRIC_REPRESENTATION_ITEM()
RATIONAL_B_SPLINE_CURVE((1.,1.,1.,1.))
REPRESENTATION_ITEM('')
);
#1213=(
BOUNDED_CURVE()
B_SPLINE_CURVE(3,(#6101,#6102,#6103,#6104),.UNSPECIFIED.,.F.,.F.)
B_SPLINE_CURVE_WITH_KNOTS((4,4),(-1.,0.),.UNSPECIFIED.)
CURVE()
GEOMETRIC_REPRESENTATION_ITEM()
RATIONAL_B_SPLINE_CURVE((1.,1.,1.,1.))
REPRESENTATION_ITEM('')
);
#1214=(
BOUNDED_CURVE()
B_SPLINE_CURVE(3,(#6107,#6108,#6109,#6110),.UNSPECIFIED.,.F.,.F.)
B_SPLINE_CURVE_WITH_KNOTS((4,4),(-1.,0.),.UNSPECIFIED.)
CURVE()
GEOMETRIC_REPRESENTATION_ITEM()
RATIONAL_B_SPLINE_CURVE((1.,1.,1.,1.))
REPRESENTATION_ITEM('')
);
#1215=(
BOUNDED_CURVE()
B_SPLINE_CURVE(3,(#6120,#6121,#6122,#6123),.UNSPECIFIED.,.F.,.F.)
B_SPLINE_CURVE_WITH_KNOTS((4,4),(-1.,0.),.UNSPECIFIED.)
CURVE()
GEOMETRIC_REPRESENTATION_ITEM()
RATIONAL_B_SPLINE_CURVE((1.,1.,1.,1.))
REPRESENTATION_ITEM('')
);
#1216=(
BOUNDED_CURVE()
B_SPLINE_CURVE(3,(#6126,#6127,#6128,#6129),.UNSPECIFIED.,.F.,.F.)
B_SPLINE_CURVE_WITH_KNOTS((4,4),(-1.,0.),.UNSPECIFIED.)
CURVE()
GEOMETRIC_REPRESENTATION_ITEM()
RATIONAL_B_SPLINE_CURVE((1.,1.,1.,1.))
REPRESENTATION_ITEM('')
);
#1217=(
BOUNDED_CURVE()
B_SPLINE_CURVE(3,(#6139,#6140,#6141,#6142),.UNSPECIFIED.,.F.,.F.)
B_SPLINE_CURVE_WITH_KNOTS((4,4),(-1.,0.),.UNSPECIFIED.)
CURVE()
GEOMETRIC_REPRESENTATION_ITEM()
RATIONAL_B_SPLINE_CURVE((1.,1.,1.,1.))
REPRESENTATION_ITEM('')
);
#1218=(
BOUNDED_CURVE()
B_SPLINE_CURVE(3,(#6145,#6146,#6147,#6148),.UNSPECIFIED.,.F.,.F.)
B_SPLINE_CURVE_WITH_KNOTS((4,4),(-1.,0.),.UNSPECIFIED.)
CURVE()
GEOMETRIC_REPRESENTATION_ITEM()
RATIONAL_B_SPLINE_CURVE((1.,1.,1.,1.))
REPRESENTATION_ITEM('')
);
#1219=(
BOUNDED_CURVE()
B_SPLINE_CURVE(3,(#6158,#6159,#6160,#6161),.UNSPECIFIED.,.F.,.F.)
B_SPLINE_CURVE_WITH_KNOTS((4,4),(-0.584754980002003,0.),.UNSPECIFIED.)
CURVE()
GEOMETRIC_REPRESENTATION_ITEM()
RATIONAL_B_SPLINE_CURVE((1.,1.,1.,1.))
REPRESENTATION_ITEM('')
);
#1220=(
BOUNDED_CURVE()
B_SPLINE_CURVE(3,(#6164,#6165,#6166,#6167),.UNSPECIFIED.,.F.,.F.)
B_SPLINE_CURVE_WITH_KNOTS((4,4),(-0.584754980002003,0.),.UNSPECIFIED.)
CURVE()
GEOMETRIC_REPRESENTATION_ITEM()
RATIONAL_B_SPLINE_CURVE((1.,1.,1.,1.))
REPRESENTATION_ITEM('')
);
#1221=(
BOUNDED_CURVE()
B_SPLINE_CURVE(3,(#6178,#6179,#6180,#6181),.UNSPECIFIED.,.F.,.F.)
B_SPLINE_CURVE_WITH_KNOTS((4,4),(0.,0.303668894801994),.UNSPECIFIED.)
CURVE()
GEOMETRIC_REPRESENTATION_ITEM()
RATIONAL_B_SPLINE_CURVE((1.,1.,1.,1.))
REPRESENTATION_ITEM('')
);
#1222=(
BOUNDED_CURVE()
B_SPLINE_CURVE(3,(#6185,#6186,#6187,#6188),.UNSPECIFIED.,.F.,.F.)
B_SPLINE_CURVE_WITH_KNOTS((4,4),(0.,0.303668894801994),.UNSPECIFIED.)
CURVE()
GEOMETRIC_REPRESENTATION_ITEM()
RATIONAL_B_SPLINE_CURVE((1.,1.,1.,1.))
REPRESENTATION_ITEM('')
);
#1223=(
BOUNDED_CURVE()
B_SPLINE_CURVE(3,(#6199,#6200,#6201,#6202),.UNSPECIFIED.,.F.,.F.)
B_SPLINE_CURVE_WITH_KNOTS((4,4),(0.,1.),.UNSPECIFIED.)
CURVE()
GEOMETRIC_REPRESENTATION_ITEM()
RATIONAL_B_SPLINE_CURVE((1.,1.,1.,1.))
REPRESENTATION_ITEM('')
);
#1224=(
BOUNDED_CURVE()
B_SPLINE_CURVE(3,(#6205,#6206,#6207,#6208),.UNSPECIFIED.,.F.,.F.)
B_SPLINE_CURVE_WITH_KNOTS((4,4),(0.,1.),.UNSPECIFIED.)
CURVE()
GEOMETRIC_REPRESENTATION_ITEM()
RATIONAL_B_SPLINE_CURVE((1.,1.,1.,1.))
REPRESENTATION_ITEM('')
);
#1225=(
BOUNDED_CURVE()
B_SPLINE_CURVE(3,(#6218,#6219,#6220,#6221),.UNSPECIFIED.,.F.,.F.)
B_SPLINE_CURVE_WITH_KNOTS((4,4),(0.47725673734827,1.),.UNSPECIFIED.)
CURVE()
GEOMETRIC_REPRESENTATION_ITEM()
RATIONAL_B_SPLINE_CURVE((1.,1.,1.,1.))
REPRESENTATION_ITEM('')
);
#1226=(
BOUNDED_CURVE()
B_SPLINE_CURVE(3,(#6224,#6225,#6226,#6227),.UNSPECIFIED.,.F.,.F.)
B_SPLINE_CURVE_WITH_KNOTS((4,4),(0.47725673734827,1.),.UNSPECIFIED.)
CURVE()
GEOMETRIC_REPRESENTATION_ITEM()
RATIONAL_B_SPLINE_CURVE((1.,1.,1.,1.))
REPRESENTATION_ITEM('')
);
#1227=(
BOUNDED_CURVE()
B_SPLINE_CURVE(3,(#6238,#6239,#6240,#6241),.UNSPECIFIED.,.F.,.F.)
B_SPLINE_CURVE_WITH_KNOTS((4,4),(-0.626056797836563,-0.176317139273981),
 .UNSPECIFIED.)
CURVE()
GEOMETRIC_REPRESENTATION_ITEM()
RATIONAL_B_SPLINE_CURVE((1.,1.,1.,1.))
REPRESENTATION_ITEM('')
);
#1228=(
BOUNDED_CURVE()
B_SPLINE_CURVE(3,(#6245,#6246,#6247,#6248),.UNSPECIFIED.,.F.,.F.)
B_SPLINE_CURVE_WITH_KNOTS((4,4),(-0.626056797836563,-0.176317139273981),
 .UNSPECIFIED.)
CURVE()
GEOMETRIC_REPRESENTATION_ITEM()
RATIONAL_B_SPLINE_CURVE((1.,1.,1.,1.))
REPRESENTATION_ITEM('')
);
#1229=(
BOUNDED_CURVE()
B_SPLINE_CURVE(3,(#6260,#6261,#6262,#6263),.UNSPECIFIED.,.F.,.F.)
B_SPLINE_CURVE_WITH_KNOTS((4,4),(-1.,-0.635610477453223),.UNSPECIFIED.)
CURVE()
GEOMETRIC_REPRESENTATION_ITEM()
RATIONAL_B_SPLINE_CURVE((1.,1.,1.,1.))
REPRESENTATION_ITEM('')
);
#1230=(
BOUNDED_CURVE()
B_SPLINE_CURVE(3,(#6267,#6268,#6269,#6270),.UNSPECIFIED.,.F.,.F.)
B_SPLINE_CURVE_WITH_KNOTS((4,4),(-1.,-0.635610477453223),.UNSPECIFIED.)
CURVE()
GEOMETRIC_REPRESENTATION_ITEM()
RATIONAL_B_SPLINE_CURVE((1.,1.,1.,1.))
REPRESENTATION_ITEM('')
);
#1231=(
BOUNDED_CURVE()
B_SPLINE_CURVE(3,(#6281,#6282,#6283,#6284),.UNSPECIFIED.,.F.,.F.)
B_SPLINE_CURVE_WITH_KNOTS((4,4),(-0.210295266950956,0.),.UNSPECIFIED.)
CURVE()
GEOMETRIC_REPRESENTATION_ITEM()
RATIONAL_B_SPLINE_CURVE((1.,1.,1.,1.))
REPRESENTATION_ITEM('')
);
#1232=(
BOUNDED_CURVE()
B_SPLINE_CURVE(3,(#6287,#6288,#6289,#6290),.UNSPECIFIED.,.F.,.F.)
B_SPLINE_CURVE_WITH_KNOTS((4,4),(-0.210295266950956,0.),.UNSPECIFIED.)
CURVE()
GEOMETRIC_REPRESENTATION_ITEM()
RATIONAL_B_SPLINE_CURVE((1.,1.,1.,1.))
REPRESENTATION_ITEM('')
);
#1233=(
BOUNDED_CURVE()
B_SPLINE_CURVE(3,(#6301,#6302,#6303,#6304),.UNSPECIFIED.,.F.,.F.)
B_SPLINE_CURVE_WITH_KNOTS((4,4),(0.,0.382824481071752),.UNSPECIFIED.)
CURVE()
GEOMETRIC_REPRESENTATION_ITEM()
RATIONAL_B_SPLINE_CURVE((1.,1.,1.,1.))
REPRESENTATION_ITEM('')
);
#1234=(
BOUNDED_CURVE()
B_SPLINE_CURVE(3,(#6308,#6309,#6310,#6311),.UNSPECIFIED.,.F.,.F.)
B_SPLINE_CURVE_WITH_KNOTS((4,4),(0.,0.382824481071752),.UNSPECIFIED.)
CURVE()
GEOMETRIC_REPRESENTATION_ITEM()
RATIONAL_B_SPLINE_CURVE((1.,1.,1.,1.))
REPRESENTATION_ITEM('')
);
#1235=(
BOUNDED_CURVE()
B_SPLINE_CURVE(3,(#6322,#6323,#6324,#6325),.UNSPECIFIED.,.F.,.F.)
B_SPLINE_CURVE_WITH_KNOTS((4,4),(0.,1.),.UNSPECIFIED.)
CURVE()
GEOMETRIC_REPRESENTATION_ITEM()
RATIONAL_B_SPLINE_CURVE((1.,1.,1.,1.))
REPRESENTATION_ITEM('')
);
#1236=(
BOUNDED_CURVE()
B_SPLINE_CURVE(3,(#6328,#6329,#6330,#6331),.UNSPECIFIED.,.F.,.F.)
B_SPLINE_CURVE_WITH_KNOTS((4,4),(0.,1.),.UNSPECIFIED.)
CURVE()
GEOMETRIC_REPRESENTATION_ITEM()
RATIONAL_B_SPLINE_CURVE((1.,1.,1.,1.))
REPRESENTATION_ITEM('')
);
#1237=(
BOUNDED_CURVE()
B_SPLINE_CURVE(3,(#6341,#6342,#6343,#6344),.UNSPECIFIED.,.F.,.F.)
B_SPLINE_CURVE_WITH_KNOTS((4,4),(0.,1.),.UNSPECIFIED.)
CURVE()
GEOMETRIC_REPRESENTATION_ITEM()
RATIONAL_B_SPLINE_CURVE((1.,1.,1.,1.))
REPRESENTATION_ITEM('')
);
#1238=(
BOUNDED_CURVE()
B_SPLINE_CURVE(3,(#6347,#6348,#6349,#6350),.UNSPECIFIED.,.F.,.F.)
B_SPLINE_CURVE_WITH_KNOTS((4,4),(0.,1.),.UNSPECIFIED.)
CURVE()
GEOMETRIC_REPRESENTATION_ITEM()
RATIONAL_B_SPLINE_CURVE((1.,1.,1.,1.))
REPRESENTATION_ITEM('')
);
#1239=(
BOUNDED_CURVE()
B_SPLINE_CURVE(3,(#6360,#6361,#6362,#6363),.UNSPECIFIED.,.F.,.F.)
B_SPLINE_CURVE_WITH_KNOTS((4,4),(0.,1.),.UNSPECIFIED.)
CURVE()
GEOMETRIC_REPRESENTATION_ITEM()
RATIONAL_B_SPLINE_CURVE((1.,1.,1.,1.))
REPRESENTATION_ITEM('')
);
#1240=(
BOUNDED_CURVE()
B_SPLINE_CURVE(3,(#6366,#6367,#6368,#6369),.UNSPECIFIED.,.F.,.F.)
B_SPLINE_CURVE_WITH_KNOTS((4,4),(0.,1.),.UNSPECIFIED.)
CURVE()
GEOMETRIC_REPRESENTATION_ITEM()
RATIONAL_B_SPLINE_CURVE((1.,1.,1.,1.))
REPRESENTATION_ITEM('')
);
#1241=(
BOUNDED_CURVE()
B_SPLINE_CURVE(3,(#6379,#6380,#6381,#6382),.UNSPECIFIED.,.F.,.F.)
B_SPLINE_CURVE_WITH_KNOTS((4,4),(0.,1.),.UNSPECIFIED.)
CURVE()
GEOMETRIC_REPRESENTATION_ITEM()
RATIONAL_B_SPLINE_CURVE((1.,1.,1.,1.))
REPRESENTATION_ITEM('')
);
#1242=(
BOUNDED_CURVE()
B_SPLINE_CURVE(3,(#6385,#6386,#6387,#6388),.UNSPECIFIED.,.F.,.F.)
B_SPLINE_CURVE_WITH_KNOTS((4,4),(0.,1.),.UNSPECIFIED.)
CURVE()
GEOMETRIC_REPRESENTATION_ITEM()
RATIONAL_B_SPLINE_CURVE((1.,1.,1.,1.))
REPRESENTATION_ITEM('')
);
#1243=(
BOUNDED_CURVE()
B_SPLINE_CURVE(3,(#6398,#6399,#6400,#6401),.UNSPECIFIED.,.F.,.F.)
B_SPLINE_CURVE_WITH_KNOTS((4,4),(0.457813183387892,1.),.UNSPECIFIED.)
CURVE()
GEOMETRIC_REPRESENTATION_ITEM()
RATIONAL_B_SPLINE_CURVE((1.,1.,1.,1.))
REPRESENTATION_ITEM('')
);
#1244=(
BOUNDED_CURVE()
B_SPLINE_CURVE(3,(#6404,#6405,#6406,#6407),.UNSPECIFIED.,.F.,.F.)
B_SPLINE_CURVE_WITH_KNOTS((4,4),(0.457813183387892,1.),.UNSPECIFIED.)
CURVE()
GEOMETRIC_REPRESENTATION_ITEM()
RATIONAL_B_SPLINE_CURVE((1.,1.,1.,1.))
REPRESENTATION_ITEM('')
);
#1245=(
BOUNDED_CURVE()
B_SPLINE_CURVE(3,(#6418,#6419,#6420,#6421),.UNSPECIFIED.,.F.,.F.)
B_SPLINE_CURVE_WITH_KNOTS((4,4),(-1.,-0.0992831718353687),.UNSPECIFIED.)
CURVE()
GEOMETRIC_REPRESENTATION_ITEM()
RATIONAL_B_SPLINE_CURVE((1.,1.,1.,1.))
REPRESENTATION_ITEM('')
);
#1246=(
BOUNDED_CURVE()
B_SPLINE_CURVE(3,(#6425,#6426,#6427,#6428),.UNSPECIFIED.,.F.,.F.)
B_SPLINE_CURVE_WITH_KNOTS((4,4),(-1.,-0.0992831718353687),.UNSPECIFIED.)
CURVE()
GEOMETRIC_REPRESENTATION_ITEM()
RATIONAL_B_SPLINE_CURVE((1.,1.,1.,1.))
REPRESENTATION_ITEM('')
);
#1247=(
BOUNDED_CURVE()
B_SPLINE_CURVE(3,(#6439,#6440,#6441,#6442),.UNSPECIFIED.,.F.,.F.)
B_SPLINE_CURVE_WITH_KNOTS((4,4),(-0.988727772910637,0.),.UNSPECIFIED.)
CURVE()
GEOMETRIC_REPRESENTATION_ITEM()
RATIONAL_B_SPLINE_CURVE((1.,1.,1.,1.))
REPRESENTATION_ITEM('')
);
#1248=(
BOUNDED_CURVE()
B_SPLINE_CURVE(3,(#6445,#6446,#6447,#6448),.UNSPECIFIED.,.F.,.F.)
B_SPLINE_CURVE_WITH_KNOTS((4,4),(-0.988727772910637,0.),.UNSPECIFIED.)
CURVE()
GEOMETRIC_REPRESENTATION_ITEM()
RATIONAL_B_SPLINE_CURVE((1.,1.,1.,1.))
REPRESENTATION_ITEM('')
);
#1249=(
BOUNDED_CURVE()
B_SPLINE_CURVE(3,(#6459,#6460,#6461,#6462),.UNSPECIFIED.,.F.,.F.)
B_SPLINE_CURVE_WITH_KNOTS((4,4),(0.,0.812812229078157),.UNSPECIFIED.)
CURVE()
GEOMETRIC_REPRESENTATION_ITEM()
RATIONAL_B_SPLINE_CURVE((1.,1.,1.,1.))
REPRESENTATION_ITEM('')
);
#1250=(
BOUNDED_CURVE()
B_SPLINE_CURVE(3,(#6466,#6467,#6468,#6469),.UNSPECIFIED.,.F.,.F.)
B_SPLINE_CURVE_WITH_KNOTS((4,4),(0.,0.812812229078157),.UNSPECIFIED.)
CURVE()
GEOMETRIC_REPRESENTATION_ITEM()
RATIONAL_B_SPLINE_CURVE((1.,1.,1.,1.))
REPRESENTATION_ITEM('')
);
#1251=(
BOUNDED_CURVE()
B_SPLINE_CURVE(3,(#6480,#6481,#6482,#6483),.UNSPECIFIED.,.F.,.F.)
B_SPLINE_CURVE_WITH_KNOTS((4,4),(0.00561249473120391,1.),.UNSPECIFIED.)
CURVE()
GEOMETRIC_REPRESENTATION_ITEM()
RATIONAL_B_SPLINE_CURVE((1.,1.,1.,1.))
REPRESENTATION_ITEM('')
);
#1252=(
BOUNDED_CURVE()
B_SPLINE_CURVE(3,(#6486,#6487,#6488,#6489),.UNSPECIFIED.,.F.,.F.)
B_SPLINE_CURVE_WITH_KNOTS((4,4),(0.00561249473120391,1.),.UNSPECIFIED.)
CURVE()
GEOMETRIC_REPRESENTATION_ITEM()
RATIONAL_B_SPLINE_CURVE((1.,1.,1.,1.))
REPRESENTATION_ITEM('')
);
#1253=(
BOUNDED_CURVE()
B_SPLINE_CURVE(3,(#6499,#6500,#6501,#6502),.UNSPECIFIED.,.F.,.F.)
B_SPLINE_CURVE_WITH_KNOTS((4,4),(-1.,-0.990066590215541),.UNSPECIFIED.)
CURVE()
GEOMETRIC_REPRESENTATION_ITEM()
RATIONAL_B_SPLINE_CURVE((1.,1.,1.,1.))
REPRESENTATION_ITEM('')
);
#1254=(
BOUNDED_CURVE()
B_SPLINE_CURVE(3,(#6505,#6506,#6507,#6508),.UNSPECIFIED.,.F.,.F.)
B_SPLINE_CURVE_WITH_KNOTS((4,4),(-1.,-0.990066590215541),.UNSPECIFIED.)
CURVE()
GEOMETRIC_REPRESENTATION_ITEM()
RATIONAL_B_SPLINE_CURVE((1.,1.,1.,1.))
REPRESENTATION_ITEM('')
);
#1255=(
BOUNDED_CURVE()
B_SPLINE_CURVE(3,(#6518,#6519,#6520,#6521),.UNSPECIFIED.,.F.,.F.)
B_SPLINE_CURVE_WITH_KNOTS((4,4),(-0.00561249473120376,0.),.UNSPECIFIED.)
CURVE()
GEOMETRIC_REPRESENTATION_ITEM()
RATIONAL_B_SPLINE_CURVE((1.,1.,1.,1.))
REPRESENTATION_ITEM('')
);
#1256=(
BOUNDED_CURVE()
B_SPLINE_CURVE(3,(#6522,#6523,#6524,#6525),.UNSPECIFIED.,.F.,.F.)
B_SPLINE_CURVE_WITH_KNOTS((4,4),(-0.00561249473120376,0.),.UNSPECIFIED.)
CURVE()
GEOMETRIC_REPRESENTATION_ITEM()
RATIONAL_B_SPLINE_CURVE((1.,1.,1.,1.))
REPRESENTATION_ITEM('')
);
#1257=(
BOUNDED_CURVE()
B_SPLINE_CURVE(3,(#6535,#6536,#6537,#6538),.UNSPECIFIED.,.F.,.F.)
B_SPLINE_CURVE_WITH_KNOTS((4,4),(0.,0.990066590212631),.UNSPECIFIED.)
CURVE()
GEOMETRIC_REPRESENTATION_ITEM()
RATIONAL_B_SPLINE_CURVE((1.,1.,1.,1.))
REPRESENTATION_ITEM('')
);
#1258=(
BOUNDED_CURVE()
B_SPLINE_CURVE(3,(#6541,#6542,#6543,#6544),.UNSPECIFIED.,.F.,.F.)
B_SPLINE_CURVE_WITH_KNOTS((4,4),(0.,0.990066590212631),.UNSPECIFIED.)
CURVE()
GEOMETRIC_REPRESENTATION_ITEM()
RATIONAL_B_SPLINE_CURVE((1.,1.,1.,1.))
REPRESENTATION_ITEM('')
);
#1259=(
BOUNDED_CURVE()
B_SPLINE_CURVE(3,(#6554,#6555,#6556,#6557),.UNSPECIFIED.,.F.,.F.)
B_SPLINE_CURVE_WITH_KNOTS((4,4),(0.,1.),.UNSPECIFIED.)
CURVE()
GEOMETRIC_REPRESENTATION_ITEM()
RATIONAL_B_SPLINE_CURVE((1.,1.,1.,1.))
REPRESENTATION_ITEM('')
);
#1260=(
BOUNDED_CURVE()
B_SPLINE_CURVE(3,(#6560,#6561,#6562,#6563),.UNSPECIFIED.,.F.,.F.)
B_SPLINE_CURVE_WITH_KNOTS((4,4),(0.,1.),.UNSPECIFIED.)
CURVE()
GEOMETRIC_REPRESENTATION_ITEM()
RATIONAL_B_SPLINE_CURVE((1.,1.,1.,1.))
REPRESENTATION_ITEM('')
);
#1261=(
BOUNDED_CURVE()
B_SPLINE_CURVE(3,(#6573,#6574,#6575,#6576),.UNSPECIFIED.,.F.,.F.)
B_SPLINE_CURVE_WITH_KNOTS((4,4),(0.,1.),.UNSPECIFIED.)
CURVE()
GEOMETRIC_REPRESENTATION_ITEM()
RATIONAL_B_SPLINE_CURVE((1.,1.,1.,1.))
REPRESENTATION_ITEM('')
);
#1262=(
BOUNDED_CURVE()
B_SPLINE_CURVE(3,(#6579,#6580,#6581,#6582),.UNSPECIFIED.,.F.,.F.)
B_SPLINE_CURVE_WITH_KNOTS((4,4),(0.,1.),.UNSPECIFIED.)
CURVE()
GEOMETRIC_REPRESENTATION_ITEM()
RATIONAL_B_SPLINE_CURVE((1.,1.,1.,1.))
REPRESENTATION_ITEM('')
);
#1263=(
BOUNDED_CURVE()
B_SPLINE_CURVE(3,(#6592,#6593,#6594,#6595),.UNSPECIFIED.,.F.,.F.)
B_SPLINE_CURVE_WITH_KNOTS((4,4),(0.617701480696612,1.),.UNSPECIFIED.)
CURVE()
GEOMETRIC_REPRESENTATION_ITEM()
RATIONAL_B_SPLINE_CURVE((1.,1.,1.,1.))
REPRESENTATION_ITEM('')
);
#1264=(
BOUNDED_CURVE()
B_SPLINE_CURVE(3,(#6598,#6599,#6600,#6601),.UNSPECIFIED.,.F.,.F.)
B_SPLINE_CURVE_WITH_KNOTS((4,4),(0.617701480696612,1.),.UNSPECIFIED.)
CURVE()
GEOMETRIC_REPRESENTATION_ITEM()
RATIONAL_B_SPLINE_CURVE((1.,1.,1.,1.))
REPRESENTATION_ITEM('')
);
#1265=(
BOUNDED_CURVE()
B_SPLINE_CURVE(3,(#6612,#6613,#6614,#6615),.UNSPECIFIED.,.F.,.F.)
B_SPLINE_CURVE_WITH_KNOTS((4,4),(-1.,-0.867724236423866),.UNSPECIFIED.)
CURVE()
GEOMETRIC_REPRESENTATION_ITEM()
RATIONAL_B_SPLINE_CURVE((1.,1.,1.,1.))
REPRESENTATION_ITEM('')
);
#1266=(
BOUNDED_CURVE()
B_SPLINE_CURVE(3,(#6619,#6620,#6621,#6622),.UNSPECIFIED.,.F.,.F.)
B_SPLINE_CURVE_WITH_KNOTS((4,4),(-1.,-0.867724236423866),.UNSPECIFIED.)
CURVE()
GEOMETRIC_REPRESENTATION_ITEM()
RATIONAL_B_SPLINE_CURVE((1.,1.,1.,1.))
REPRESENTATION_ITEM('')
);
#1267=(
BOUNDED_CURVE()
B_SPLINE_CURVE(3,(#6633,#6634,#6635,#6636),.UNSPECIFIED.,.F.,.F.)
B_SPLINE_CURVE_WITH_KNOTS((4,4),(-1.,0.),.UNSPECIFIED.)
CURVE()
GEOMETRIC_REPRESENTATION_ITEM()
RATIONAL_B_SPLINE_CURVE((1.,1.,1.,1.))
REPRESENTATION_ITEM('')
);
#1268=(
BOUNDED_CURVE()
B_SPLINE_CURVE(3,(#6639,#6640,#6641,#6642),.UNSPECIFIED.,.F.,.F.)
B_SPLINE_CURVE_WITH_KNOTS((4,4),(-1.,0.),.UNSPECIFIED.)
CURVE()
GEOMETRIC_REPRESENTATION_ITEM()
RATIONAL_B_SPLINE_CURVE((1.,1.,1.,1.))
REPRESENTATION_ITEM('')
);
#1269=(
BOUNDED_CURVE()
B_SPLINE_CURVE(3,(#6652,#6653,#6654,#6655),.UNSPECIFIED.,.F.,.F.)
B_SPLINE_CURVE_WITH_KNOTS((4,4),(-1.,0.),.UNSPECIFIED.)
CURVE()
GEOMETRIC_REPRESENTATION_ITEM()
RATIONAL_B_SPLINE_CURVE((1.,1.,1.,1.))
REPRESENTATION_ITEM('')
);
#1270=(
BOUNDED_CURVE()
B_SPLINE_CURVE(3,(#6658,#6659,#6660,#6661),.UNSPECIFIED.,.F.,.F.)
B_SPLINE_CURVE_WITH_KNOTS((4,4),(-1.,0.),.UNSPECIFIED.)
CURVE()
GEOMETRIC_REPRESENTATION_ITEM()
RATIONAL_B_SPLINE_CURVE((1.,1.,1.,1.))
REPRESENTATION_ITEM('')
);
#1271=(
BOUNDED_CURVE()
B_SPLINE_CURVE(3,(#6671,#6672,#6673,#6674),.UNSPECIFIED.,.F.,.F.)
B_SPLINE_CURVE_WITH_KNOTS((4,4),(-1.,0.),.UNSPECIFIED.)
CURVE()
GEOMETRIC_REPRESENTATION_ITEM()
RATIONAL_B_SPLINE_CURVE((1.,1.,1.,1.))
REPRESENTATION_ITEM('')
);
#1272=(
BOUNDED_CURVE()
B_SPLINE_CURVE(3,(#6677,#6678,#6679,#6680),.UNSPECIFIED.,.F.,.F.)
B_SPLINE_CURVE_WITH_KNOTS((4,4),(-1.,0.),.UNSPECIFIED.)
CURVE()
GEOMETRIC_REPRESENTATION_ITEM()
RATIONAL_B_SPLINE_CURVE((1.,1.,1.,1.))
REPRESENTATION_ITEM('')
);
#1273=(
BOUNDED_CURVE()
B_SPLINE_CURVE(3,(#6690,#6691,#6692,#6693),.UNSPECIFIED.,.F.,.F.)
B_SPLINE_CURVE_WITH_KNOTS((4,4),(-0.0895645055089654,0.),.UNSPECIFIED.)
CURVE()
GEOMETRIC_REPRESENTATION_ITEM()
RATIONAL_B_SPLINE_CURVE((1.,1.,1.,1.))
REPRESENTATION_ITEM('')
);
#1274=(
BOUNDED_CURVE()
B_SPLINE_CURVE(3,(#6696,#6697,#6698,#6699),.UNSPECIFIED.,.F.,.F.)
B_SPLINE_CURVE_WITH_KNOTS((4,4),(-0.0895645055089654,0.),.UNSPECIFIED.)
CURVE()
GEOMETRIC_REPRESENTATION_ITEM()
RATIONAL_B_SPLINE_CURVE((1.,1.,1.,1.))
REPRESENTATION_ITEM('')
);
#1275=(
BOUNDED_CURVE()
B_SPLINE_CURVE(3,(#6710,#6711,#6712,#6713),.UNSPECIFIED.,.F.,.F.)
B_SPLINE_CURVE_WITH_KNOTS((4,4),(-1.,-0.840398477583052),.UNSPECIFIED.)
CURVE()
GEOMETRIC_REPRESENTATION_ITEM()
RATIONAL_B_SPLINE_CURVE((1.,1.,1.,1.))
REPRESENTATION_ITEM('')
);
#1276=(
BOUNDED_CURVE()
B_SPLINE_CURVE(3,(#6717,#6718,#6719,#6720),.UNSPECIFIED.,.F.,.F.)
B_SPLINE_CURVE_WITH_KNOTS((4,4),(-1.,-0.840398477583052),.UNSPECIFIED.)
CURVE()
GEOMETRIC_REPRESENTATION_ITEM()
RATIONAL_B_SPLINE_CURVE((1.,1.,1.,1.))
REPRESENTATION_ITEM('')
);
#1277=(
BOUNDED_CURVE()
B_SPLINE_CURVE(3,(#6731,#6732,#6733,#6734),.UNSPECIFIED.,.F.,.F.)
B_SPLINE_CURVE_WITH_KNOTS((4,4),(-1.,0.),.UNSPECIFIED.)
CURVE()
GEOMETRIC_REPRESENTATION_ITEM()
RATIONAL_B_SPLINE_CURVE((1.,1.,1.,1.))
REPRESENTATION_ITEM('')
);
#1278=(
BOUNDED_CURVE()
B_SPLINE_CURVE(3,(#6737,#6738,#6739,#6740),.UNSPECIFIED.,.F.,.F.)
B_SPLINE_CURVE_WITH_KNOTS((4,4),(-1.,0.),.UNSPECIFIED.)
CURVE()
GEOMETRIC_REPRESENTATION_ITEM()
RATIONAL_B_SPLINE_CURVE((1.,1.,1.,1.))
REPRESENTATION_ITEM('')
);
#1279=(
BOUNDED_CURVE()
B_SPLINE_CURVE(3,(#6750,#6751,#6752,#6753),.UNSPECIFIED.,.F.,.F.)
B_SPLINE_CURVE_WITH_KNOTS((4,4),(-0.105528766713226,0.),.UNSPECIFIED.)
CURVE()
GEOMETRIC_REPRESENTATION_ITEM()
RATIONAL_B_SPLINE_CURVE((1.,1.,1.,1.))
REPRESENTATION_ITEM('')
);
#1280=(
BOUNDED_CURVE()
B_SPLINE_CURVE(3,(#6756,#6757,#6758,#6759),.UNSPECIFIED.,.F.,.F.)
B_SPLINE_CURVE_WITH_KNOTS((4,4),(-0.105528766713226,0.),.UNSPECIFIED.)
CURVE()
GEOMETRIC_REPRESENTATION_ITEM()
RATIONAL_B_SPLINE_CURVE((1.,1.,1.,1.))
REPRESENTATION_ITEM('')
);
#1281=(
BOUNDED_CURVE()
B_SPLINE_CURVE(3,(#6770,#6771,#6772,#6773),.UNSPECIFIED.,.F.,.F.)
B_SPLINE_CURVE_WITH_KNOTS((4,4),(-1.,-0.651356930703324),.UNSPECIFIED.)
CURVE()
GEOMETRIC_REPRESENTATION_ITEM()
RATIONAL_B_SPLINE_CURVE((1.,1.,1.,1.))
REPRESENTATION_ITEM('')
);
#1282=(
BOUNDED_CURVE()
B_SPLINE_CURVE(3,(#6777,#6778,#6779,#6780),.UNSPECIFIED.,.F.,.F.)
B_SPLINE_CURVE_WITH_KNOTS((4,4),(-1.,-0.651356930703324),.UNSPECIFIED.)
CURVE()
GEOMETRIC_REPRESENTATION_ITEM()
RATIONAL_B_SPLINE_CURVE((1.,1.,1.,1.))
REPRESENTATION_ITEM('')
);
#1283=(
BOUNDED_CURVE()
B_SPLINE_CURVE(3,(#6791,#6792,#6793,#6794),.UNSPECIFIED.,.F.,.F.)
B_SPLINE_CURVE_WITH_KNOTS((4,4),(-0.734933346441295,0.),.UNSPECIFIED.)
CURVE()
GEOMETRIC_REPRESENTATION_ITEM()
RATIONAL_B_SPLINE_CURVE((1.,1.,1.,1.))
REPRESENTATION_ITEM('')
);
#1284=(
BOUNDED_CURVE()
B_SPLINE_CURVE(3,(#6797,#6798,#6799,#6800),.UNSPECIFIED.,.F.,.F.)
B_SPLINE_CURVE_WITH_KNOTS((4,4),(-0.734933346441295,0.),.UNSPECIFIED.)
CURVE()
GEOMETRIC_REPRESENTATION_ITEM()
RATIONAL_B_SPLINE_CURVE((1.,1.,1.,1.))
REPRESENTATION_ITEM('')
);
#1285=(
BOUNDED_CURVE()
B_SPLINE_CURVE(3,(#6811,#6812,#6813,#6814),.UNSPECIFIED.,.F.,.F.)
B_SPLINE_CURVE_WITH_KNOTS((4,4),(-1.,-0.247278353128326),.UNSPECIFIED.)
CURVE()
GEOMETRIC_REPRESENTATION_ITEM()
RATIONAL_B_SPLINE_CURVE((1.,1.,1.,1.))
REPRESENTATION_ITEM('')
);
#1286=(
BOUNDED_CURVE()
B_SPLINE_CURVE(3,(#6818,#6819,#6820,#6821),.UNSPECIFIED.,.F.,.F.)
B_SPLINE_CURVE_WITH_KNOTS((4,4),(-1.,-0.247278353128326),.UNSPECIFIED.)
CURVE()
GEOMETRIC_REPRESENTATION_ITEM()
RATIONAL_B_SPLINE_CURVE((1.,1.,1.,1.))
REPRESENTATION_ITEM('')
);
#1287=(
BOUNDED_CURVE()
B_SPLINE_CURVE(3,(#6847,#6848,#6849,#6850),.UNSPECIFIED.,.F.,.F.)
B_SPLINE_CURVE_WITH_KNOTS((4,4),(-1.,0.),.UNSPECIFIED.)
CURVE()
GEOMETRIC_REPRESENTATION_ITEM()
RATIONAL_B_SPLINE_CURVE((1.,1.,1.,1.))
REPRESENTATION_ITEM('')
);
#1288=(
BOUNDED_CURVE()
B_SPLINE_CURVE(3,(#6853,#6854,#6855,#6856),.UNSPECIFIED.,.F.,.F.)
B_SPLINE_CURVE_WITH_KNOTS((4,4),(-1.,0.),.UNSPECIFIED.)
CURVE()
GEOMETRIC_REPRESENTATION_ITEM()
RATIONAL_B_SPLINE_CURVE((1.,1.,1.,1.))
REPRESENTATION_ITEM('')
);
#1289=(
BOUNDED_CURVE()
B_SPLINE_CURVE(3,(#6866,#6867,#6868,#6869),.UNSPECIFIED.,.F.,.F.)
B_SPLINE_CURVE_WITH_KNOTS((4,4),(-1.,0.),.UNSPECIFIED.)
CURVE()
GEOMETRIC_REPRESENTATION_ITEM()
RATIONAL_B_SPLINE_CURVE((1.,1.,1.,1.))
REPRESENTATION_ITEM('')
);
#1290=(
BOUNDED_CURVE()
B_SPLINE_CURVE(3,(#6872,#6873,#6874,#6875),.UNSPECIFIED.,.F.,.F.)
B_SPLINE_CURVE_WITH_KNOTS((4,4),(-1.,0.),.UNSPECIFIED.)
CURVE()
GEOMETRIC_REPRESENTATION_ITEM()
RATIONAL_B_SPLINE_CURVE((1.,1.,1.,1.))
REPRESENTATION_ITEM('')
);
#1291=(
BOUNDED_CURVE()
B_SPLINE_CURVE(3,(#6885,#6886,#6887,#6888),.UNSPECIFIED.,.F.,.F.)
B_SPLINE_CURVE_WITH_KNOTS((4,4),(-0.745981772220217,0.),.UNSPECIFIED.)
CURVE()
GEOMETRIC_REPRESENTATION_ITEM()
RATIONAL_B_SPLINE_CURVE((1.,1.,1.,1.))
REPRESENTATION_ITEM('')
);
#1292=(
BOUNDED_CURVE()
B_SPLINE_CURVE(3,(#6891,#6892,#6893,#6894),.UNSPECIFIED.,.F.,.F.)
B_SPLINE_CURVE_WITH_KNOTS((4,4),(-0.745981772220217,0.),.UNSPECIFIED.)
CURVE()
GEOMETRIC_REPRESENTATION_ITEM()
RATIONAL_B_SPLINE_CURVE((1.,1.,1.,1.))
REPRESENTATION_ITEM('')
);
#1293=(
BOUNDED_CURVE()
B_SPLINE_CURVE(3,(#6905,#6906,#6907,#6908),.UNSPECIFIED.,.F.,.F.)
B_SPLINE_CURVE_WITH_KNOTS((4,4),(-1.,-0.328792254152654),.UNSPECIFIED.)
CURVE()
GEOMETRIC_REPRESENTATION_ITEM()
RATIONAL_B_SPLINE_CURVE((1.,1.,1.,1.))
REPRESENTATION_ITEM('')
);
#1294=(
BOUNDED_CURVE()
B_SPLINE_CURVE(3,(#6912,#6913,#6914,#6915),.UNSPECIFIED.,.F.,.F.)
B_SPLINE_CURVE_WITH_KNOTS((4,4),(-1.,-0.328792254152654),.UNSPECIFIED.)
CURVE()
GEOMETRIC_REPRESENTATION_ITEM()
RATIONAL_B_SPLINE_CURVE((1.,1.,1.,1.))
REPRESENTATION_ITEM('')
);
#1295=(
BOUNDED_CURVE()
B_SPLINE_CURVE(3,(#6926,#6927,#6928,#6929),.UNSPECIFIED.,.F.,.F.)
B_SPLINE_CURVE_WITH_KNOTS((4,4),(-1.,0.),.UNSPECIFIED.)
CURVE()
GEOMETRIC_REPRESENTATION_ITEM()
RATIONAL_B_SPLINE_CURVE((1.,1.,1.,1.))
REPRESENTATION_ITEM('')
);
#1296=(
BOUNDED_CURVE()
B_SPLINE_CURVE(3,(#6932,#6933,#6934,#6935),.UNSPECIFIED.,.F.,.F.)
B_SPLINE_CURVE_WITH_KNOTS((4,4),(-1.,0.),.UNSPECIFIED.)
CURVE()
GEOMETRIC_REPRESENTATION_ITEM()
RATIONAL_B_SPLINE_CURVE((1.,1.,1.,1.))
REPRESENTATION_ITEM('')
);
#1297=(
BOUNDED_CURVE()
B_SPLINE_CURVE(3,(#6945,#6946,#6947,#6948),.UNSPECIFIED.,.F.,.F.)
B_SPLINE_CURVE_WITH_KNOTS((4,4),(-1.,0.),.UNSPECIFIED.)
CURVE()
GEOMETRIC_REPRESENTATION_ITEM()
RATIONAL_B_SPLINE_CURVE((1.,1.,1.,1.))
REPRESENTATION_ITEM('')
);
#1298=(
BOUNDED_CURVE()
B_SPLINE_CURVE(3,(#6951,#6952,#6953,#6954),.UNSPECIFIED.,.F.,.F.)
B_SPLINE_CURVE_WITH_KNOTS((4,4),(-1.,0.),.UNSPECIFIED.)
CURVE()
GEOMETRIC_REPRESENTATION_ITEM()
RATIONAL_B_SPLINE_CURVE((1.,1.,1.,1.))
REPRESENTATION_ITEM('')
);
#1299=(
BOUNDED_CURVE()
B_SPLINE_CURVE(3,(#6979,#6980,#6981,#6982),.UNSPECIFIED.,.F.,.F.)
B_SPLINE_CURVE_WITH_KNOTS((4,4),(-1.,0.),.UNSPECIFIED.)
CURVE()
GEOMETRIC_REPRESENTATION_ITEM()
RATIONAL_B_SPLINE_CURVE((1.,1.,1.,1.))
REPRESENTATION_ITEM('')
);
#1300=(
BOUNDED_CURVE()
B_SPLINE_CURVE(3,(#6985,#6986,#6987,#6988),.UNSPECIFIED.,.F.,.F.)
B_SPLINE_CURVE_WITH_KNOTS((4,4),(-1.,0.),.UNSPECIFIED.)
CURVE()
GEOMETRIC_REPRESENTATION_ITEM()
RATIONAL_B_SPLINE_CURVE((1.,1.,1.,1.))
REPRESENTATION_ITEM('')
);
#1301=(
BOUNDED_CURVE()
B_SPLINE_CURVE(3,(#6998,#6999,#7000,#7001),.UNSPECIFIED.,.F.,.F.)
B_SPLINE_CURVE_WITH_KNOTS((4,4),(-1.,0.),.UNSPECIFIED.)
CURVE()
GEOMETRIC_REPRESENTATION_ITEM()
RATIONAL_B_SPLINE_CURVE((1.,1.,1.,1.))
REPRESENTATION_ITEM('')
);
#1302=(
BOUNDED_CURVE()
B_SPLINE_CURVE(3,(#7004,#7005,#7006,#7007),.UNSPECIFIED.,.F.,.F.)
B_SPLINE_CURVE_WITH_KNOTS((4,4),(-1.,0.),.UNSPECIFIED.)
CURVE()
GEOMETRIC_REPRESENTATION_ITEM()
RATIONAL_B_SPLINE_CURVE((1.,1.,1.,1.))
REPRESENTATION_ITEM('')
);
#1303=(
BOUNDED_CURVE()
B_SPLINE_CURVE(3,(#7017,#7018,#7019,#7020),.UNSPECIFIED.,.F.,.F.)
B_SPLINE_CURVE_WITH_KNOTS((4,4),(-0.00776623170096071,0.),.UNSPECIFIED.)
CURVE()
GEOMETRIC_REPRESENTATION_ITEM()
RATIONAL_B_SPLINE_CURVE((1.,1.,1.,1.))
REPRESENTATION_ITEM('')
);
#1304=(
BOUNDED_CURVE()
B_SPLINE_CURVE(3,(#7023,#7024,#7025,#7026),.UNSPECIFIED.,.F.,.F.)
B_SPLINE_CURVE_WITH_KNOTS((4,4),(-0.00776623170096071,0.),.UNSPECIFIED.)
CURVE()
GEOMETRIC_REPRESENTATION_ITEM()
RATIONAL_B_SPLINE_CURVE((1.,1.,1.,1.))
REPRESENTATION_ITEM('')
);
#1305=(
BOUNDED_CURVE()
B_SPLINE_CURVE(3,(#7037,#7038,#7039,#7040),.UNSPECIFIED.,.F.,.F.)
B_SPLINE_CURVE_WITH_KNOTS((4,4),(-0.615818719285483,-0.19208464546739),
 .UNSPECIFIED.)
CURVE()
GEOMETRIC_REPRESENTATION_ITEM()
RATIONAL_B_SPLINE_CURVE((1.,1.,1.,1.))
REPRESENTATION_ITEM('')
);
#1306=(
BOUNDED_CURVE()
B_SPLINE_CURVE(3,(#7044,#7045,#7046,#7047),.UNSPECIFIED.,.F.,.F.)
B_SPLINE_CURVE_WITH_KNOTS((4,4),(-0.615818719285483,-0.19208464546739),
 .UNSPECIFIED.)
CURVE()
GEOMETRIC_REPRESENTATION_ITEM()
RATIONAL_B_SPLINE_CURVE((1.,1.,1.,1.))
REPRESENTATION_ITEM('')
);
#1307=(
BOUNDED_CURVE()
B_SPLINE_CURVE(3,(#7059,#7060,#7061,#7062),.UNSPECIFIED.,.F.,.F.)
B_SPLINE_CURVE_WITH_KNOTS((4,4),(-1.,-0.128178441317897),.UNSPECIFIED.)
CURVE()
GEOMETRIC_REPRESENTATION_ITEM()
RATIONAL_B_SPLINE_CURVE((1.,1.,1.,1.))
REPRESENTATION_ITEM('')
);
#1308=(
BOUNDED_CURVE()
B_SPLINE_CURVE(3,(#7066,#7067,#7068,#7069),.UNSPECIFIED.,.F.,.F.)
B_SPLINE_CURVE_WITH_KNOTS((4,4),(-1.,-0.128178441317897),.UNSPECIFIED.)
CURVE()
GEOMETRIC_REPRESENTATION_ITEM()
RATIONAL_B_SPLINE_CURVE((1.,1.,1.,1.))
REPRESENTATION_ITEM('')
);
#1309=(
BOUNDED_CURVE()
B_SPLINE_CURVE(3,(#7080,#7081,#7082,#7083),.UNSPECIFIED.,.F.,.F.)
B_SPLINE_CURVE_WITH_KNOTS((4,4),(-1.,0.),.UNSPECIFIED.)
CURVE()
GEOMETRIC_REPRESENTATION_ITEM()
RATIONAL_B_SPLINE_CURVE((1.,1.,1.,1.))
REPRESENTATION_ITEM('')
);
#1310=(
BOUNDED_CURVE()
B_SPLINE_CURVE(3,(#7086,#7087,#7088,#7089),.UNSPECIFIED.,.F.,.F.)
B_SPLINE_CURVE_WITH_KNOTS((4,4),(-1.,0.),.UNSPECIFIED.)
CURVE()
GEOMETRIC_REPRESENTATION_ITEM()
RATIONAL_B_SPLINE_CURVE((1.,1.,1.,1.))
REPRESENTATION_ITEM('')
);
#1311=(
BOUNDED_CURVE()
B_SPLINE_CURVE(3,(#7099,#7100,#7101,#7102),.UNSPECIFIED.,.F.,.F.)
B_SPLINE_CURVE_WITH_KNOTS((4,4),(-1.,0.),.UNSPECIFIED.)
CURVE()
GEOMETRIC_REPRESENTATION_ITEM()
RATIONAL_B_SPLINE_CURVE((1.,1.,1.,1.))
REPRESENTATION_ITEM('')
);
#1312=(
BOUNDED_CURVE()
B_SPLINE_CURVE(3,(#7105,#7106,#7107,#7108),.UNSPECIFIED.,.F.,.F.)
B_SPLINE_CURVE_WITH_KNOTS((4,4),(-1.,0.),.UNSPECIFIED.)
CURVE()
GEOMETRIC_REPRESENTATION_ITEM()
RATIONAL_B_SPLINE_CURVE((1.,1.,1.,1.))
REPRESENTATION_ITEM('')
);
#1313=(
BOUNDED_CURVE()
B_SPLINE_CURVE(3,(#7118,#7119,#7120,#7121),.UNSPECIFIED.,.F.,.F.)
B_SPLINE_CURVE_WITH_KNOTS((4,4),(-1.,0.),.UNSPECIFIED.)
CURVE()
GEOMETRIC_REPRESENTATION_ITEM()
RATIONAL_B_SPLINE_CURVE((1.,1.,1.,1.))
REPRESENTATION_ITEM('')
);
#1314=(
BOUNDED_CURVE()
B_SPLINE_CURVE(3,(#7124,#7125,#7126,#7127),.UNSPECIFIED.,.F.,.F.)
B_SPLINE_CURVE_WITH_KNOTS((4,4),(-1.,0.),.UNSPECIFIED.)
CURVE()
GEOMETRIC_REPRESENTATION_ITEM()
RATIONAL_B_SPLINE_CURVE((1.,1.,1.,1.))
REPRESENTATION_ITEM('')
);
#1315=(
BOUNDED_CURVE()
B_SPLINE_CURVE(3,(#7137,#7138,#7139,#7140),.UNSPECIFIED.,.F.,.F.)
B_SPLINE_CURVE_WITH_KNOTS((4,4),(-1.,0.),.UNSPECIFIED.)
CURVE()
GEOMETRIC_REPRESENTATION_ITEM()
RATIONAL_B_SPLINE_CURVE((1.,1.,1.,1.))
REPRESENTATION_ITEM('')
);
#1316=(
BOUNDED_CURVE()
B_SPLINE_CURVE(3,(#7143,#7144,#7145,#7146),.UNSPECIFIED.,.F.,.F.)
B_SPLINE_CURVE_WITH_KNOTS((4,4),(-1.,0.),.UNSPECIFIED.)
CURVE()
GEOMETRIC_REPRESENTATION_ITEM()
RATIONAL_B_SPLINE_CURVE((1.,1.,1.,1.))
REPRESENTATION_ITEM('')
);
#1317=(
BOUNDED_CURVE()
B_SPLINE_CURVE(3,(#7156,#7157,#7158,#7159),.UNSPECIFIED.,.F.,.F.)
B_SPLINE_CURVE_WITH_KNOTS((4,4),(-0.927004745843444,0.),.UNSPECIFIED.)
CURVE()
GEOMETRIC_REPRESENTATION_ITEM()
RATIONAL_B_SPLINE_CURVE((1.,1.,1.,1.))
REPRESENTATION_ITEM('')
);
#1318=(
BOUNDED_CURVE()
B_SPLINE_CURVE(3,(#7162,#7163,#7164,#7165),.UNSPECIFIED.,.F.,.F.)
B_SPLINE_CURVE_WITH_KNOTS((4,4),(-0.927004745843444,0.),.UNSPECIFIED.)
CURVE()
GEOMETRIC_REPRESENTATION_ITEM()
RATIONAL_B_SPLINE_CURVE((1.,1.,1.,1.))
REPRESENTATION_ITEM('')
);
#1319=(
BOUNDED_CURVE()
B_SPLINE_CURVE(3,(#7176,#7177,#7178,#7179),.UNSPECIFIED.,.F.,.F.)
B_SPLINE_CURVE_WITH_KNOTS((4,4),(0.,0.831584338597338),.UNSPECIFIED.)
CURVE()
GEOMETRIC_REPRESENTATION_ITEM()
RATIONAL_B_SPLINE_CURVE((1.,1.,1.,1.))
REPRESENTATION_ITEM('')
);
#1320=(
BOUNDED_CURVE()
B_SPLINE_CURVE(3,(#7183,#7184,#7185,#7186),.UNSPECIFIED.,.F.,.F.)
B_SPLINE_CURVE_WITH_KNOTS((4,4),(0.,0.831584338597338),.UNSPECIFIED.)
CURVE()
GEOMETRIC_REPRESENTATION_ITEM()
RATIONAL_B_SPLINE_CURVE((1.,1.,1.,1.))
REPRESENTATION_ITEM('')
);
#1321=(
BOUNDED_CURVE()
B_SPLINE_CURVE(3,(#7197,#7198,#7199,#7200),.UNSPECIFIED.,.F.,.F.)
B_SPLINE_CURVE_WITH_KNOTS((4,4),(0.738999820685638,1.),.UNSPECIFIED.)
CURVE()
GEOMETRIC_REPRESENTATION_ITEM()
RATIONAL_B_SPLINE_CURVE((1.,1.,1.,1.))
REPRESENTATION_ITEM('')
);
#1322=(
BOUNDED_CURVE()
B_SPLINE_CURVE(3,(#7203,#7204,#7205,#7206),.UNSPECIFIED.,.F.,.F.)
B_SPLINE_CURVE_WITH_KNOTS((4,4),(0.738999820685638,1.),.UNSPECIFIED.)
CURVE()
GEOMETRIC_REPRESENTATION_ITEM()
RATIONAL_B_SPLINE_CURVE((1.,1.,1.,1.))
REPRESENTATION_ITEM('')
);
#1323=(
BOUNDED_CURVE()
B_SPLINE_CURVE(3,(#7217,#7218,#7219,#7220),.UNSPECIFIED.,.F.,.F.)
B_SPLINE_CURVE_WITH_KNOTS((4,4),(0.,0.204163544787647),.UNSPECIFIED.)
CURVE()
GEOMETRIC_REPRESENTATION_ITEM()
RATIONAL_B_SPLINE_CURVE((1.,1.,1.,1.))
REPRESENTATION_ITEM('')
);
#1324=(
BOUNDED_CURVE()
B_SPLINE_CURVE(3,(#7224,#7225,#7226,#7227),.UNSPECIFIED.,.F.,.F.)
B_SPLINE_CURVE_WITH_KNOTS((4,4),(0.,0.204163544787647),.UNSPECIFIED.)
CURVE()
GEOMETRIC_REPRESENTATION_ITEM()
RATIONAL_B_SPLINE_CURVE((1.,1.,1.,1.))
REPRESENTATION_ITEM('')
);
#1325=(
BOUNDED_CURVE()
B_SPLINE_CURVE(3,(#7238,#7239,#7240,#7241),.UNSPECIFIED.,.F.,.F.)
B_SPLINE_CURVE_WITH_KNOTS((4,4),(0.,1.),.UNSPECIFIED.)
CURVE()
GEOMETRIC_REPRESENTATION_ITEM()
RATIONAL_B_SPLINE_CURVE((1.,1.,1.,1.))
REPRESENTATION_ITEM('')
);
#1326=(
BOUNDED_CURVE()
B_SPLINE_CURVE(3,(#7244,#7245,#7246,#7247),.UNSPECIFIED.,.F.,.F.)
B_SPLINE_CURVE_WITH_KNOTS((4,4),(0.,1.),.UNSPECIFIED.)
CURVE()
GEOMETRIC_REPRESENTATION_ITEM()
RATIONAL_B_SPLINE_CURVE((1.,1.,1.,1.))
REPRESENTATION_ITEM('')
);
#1327=(
BOUNDED_CURVE()
B_SPLINE_CURVE(3,(#7257,#7258,#7259,#7260),.UNSPECIFIED.,.F.,.F.)
B_SPLINE_CURVE_WITH_KNOTS((4,4),(0.,1.),.UNSPECIFIED.)
CURVE()
GEOMETRIC_REPRESENTATION_ITEM()
RATIONAL_B_SPLINE_CURVE((1.,1.,1.,1.))
REPRESENTATION_ITEM('')
);
#1328=(
BOUNDED_CURVE()
B_SPLINE_CURVE(3,(#7263,#7264,#7265,#7266),.UNSPECIFIED.,.F.,.F.)
B_SPLINE_CURVE_WITH_KNOTS((4,4),(0.,1.),.UNSPECIFIED.)
CURVE()
GEOMETRIC_REPRESENTATION_ITEM()
RATIONAL_B_SPLINE_CURVE((1.,1.,1.,1.))
REPRESENTATION_ITEM('')
);
#1329=(
BOUNDED_CURVE()
B_SPLINE_CURVE(3,(#7276,#7277,#7278,#7279),.UNSPECIFIED.,.F.,.F.)
B_SPLINE_CURVE_WITH_KNOTS((4,4),(0.,1.),.UNSPECIFIED.)
CURVE()
GEOMETRIC_REPRESENTATION_ITEM()
RATIONAL_B_SPLINE_CURVE((1.,1.,1.,1.))
REPRESENTATION_ITEM('')
);
#1330=(
BOUNDED_CURVE()
B_SPLINE_CURVE(3,(#7282,#7283,#7284,#7285),.UNSPECIFIED.,.F.,.F.)
B_SPLINE_CURVE_WITH_KNOTS((4,4),(0.,1.),.UNSPECIFIED.)
CURVE()
GEOMETRIC_REPRESENTATION_ITEM()
RATIONAL_B_SPLINE_CURVE((1.,1.,1.,1.))
REPRESENTATION_ITEM('')
);
#1331=(
BOUNDED_CURVE()
B_SPLINE_CURVE(3,(#7295,#7296,#7297,#7298),.UNSPECIFIED.,.F.,.F.)
B_SPLINE_CURVE_WITH_KNOTS((4,4),(0.469388494204137,1.),.UNSPECIFIED.)
CURVE()
GEOMETRIC_REPRESENTATION_ITEM()
RATIONAL_B_SPLINE_CURVE((1.,1.,1.,1.))
REPRESENTATION_ITEM('')
);
#1332=(
BOUNDED_CURVE()
B_SPLINE_CURVE(3,(#7301,#7302,#7303,#7304),.UNSPECIFIED.,.F.,.F.)
B_SPLINE_CURVE_WITH_KNOTS((4,4),(0.469388494204137,1.),.UNSPECIFIED.)
CURVE()
GEOMETRIC_REPRESENTATION_ITEM()
RATIONAL_B_SPLINE_CURVE((1.,1.,1.,1.))
REPRESENTATION_ITEM('')
);
#1333=(
BOUNDED_CURVE()
B_SPLINE_CURVE(3,(#7315,#7316,#7317,#7318),.UNSPECIFIED.,.F.,.F.)
B_SPLINE_CURVE_WITH_KNOTS((4,4),(-1.,-0.455662382129907),.UNSPECIFIED.)
CURVE()
GEOMETRIC_REPRESENTATION_ITEM()
RATIONAL_B_SPLINE_CURVE((1.,1.,1.,1.))
REPRESENTATION_ITEM('')
);
#1334=(
BOUNDED_CURVE()
B_SPLINE_CURVE(3,(#7322,#7323,#7324,#7325),.UNSPECIFIED.,.F.,.F.)
B_SPLINE_CURVE_WITH_KNOTS((4,4),(-1.,-0.455662382129907),.UNSPECIFIED.)
CURVE()
GEOMETRIC_REPRESENTATION_ITEM()
RATIONAL_B_SPLINE_CURVE((1.,1.,1.,1.))
REPRESENTATION_ITEM('')
);
#1335=(
BOUNDED_CURVE()
B_SPLINE_CURVE(3,(#7336,#7337,#7338,#7339),.UNSPECIFIED.,.F.,.F.)
B_SPLINE_CURVE_WITH_KNOTS((4,4),(-1.,0.),.UNSPECIFIED.)
CURVE()
GEOMETRIC_REPRESENTATION_ITEM()
RATIONAL_B_SPLINE_CURVE((1.,1.,1.,1.))
REPRESENTATION_ITEM('')
);
#1336=(
BOUNDED_CURVE()
B_SPLINE_CURVE(3,(#7342,#7343,#7344,#7345),.UNSPECIFIED.,.F.,.F.)
B_SPLINE_CURVE_WITH_KNOTS((4,4),(-1.,0.),.UNSPECIFIED.)
CURVE()
GEOMETRIC_REPRESENTATION_ITEM()
RATIONAL_B_SPLINE_CURVE((1.,1.,1.,1.))
REPRESENTATION_ITEM('')
);
#1337=(
BOUNDED_CURVE()
B_SPLINE_CURVE(3,(#7355,#7356,#7357,#7358),.UNSPECIFIED.,.F.,.F.)
B_SPLINE_CURVE_WITH_KNOTS((4,4),(-1.,0.),.UNSPECIFIED.)
CURVE()
GEOMETRIC_REPRESENTATION_ITEM()
RATIONAL_B_SPLINE_CURVE((1.,1.,1.,1.))
REPRESENTATION_ITEM('')
);
#1338=(
BOUNDED_CURVE()
B_SPLINE_CURVE(3,(#7361,#7362,#7363,#7364),.UNSPECIFIED.,.F.,.F.)
B_SPLINE_CURVE_WITH_KNOTS((4,4),(-1.,0.),.UNSPECIFIED.)
CURVE()
GEOMETRIC_REPRESENTATION_ITEM()
RATIONAL_B_SPLINE_CURVE((1.,1.,1.,1.))
REPRESENTATION_ITEM('')
);
#1339=(
BOUNDED_CURVE()
B_SPLINE_CURVE(3,(#7374,#7375,#7376,#7377),.UNSPECIFIED.,.F.,.F.)
B_SPLINE_CURVE_WITH_KNOTS((4,4),(-0.990066310494663,0.),.UNSPECIFIED.)
CURVE()
GEOMETRIC_REPRESENTATION_ITEM()
RATIONAL_B_SPLINE_CURVE((1.,1.,1.,1.))
REPRESENTATION_ITEM('')
);
#1340=(
BOUNDED_CURVE()
B_SPLINE_CURVE(3,(#7380,#7381,#7382,#7383),.UNSPECIFIED.,.F.,.F.)
B_SPLINE_CURVE_WITH_KNOTS((4,4),(-0.990066310494663,0.),.UNSPECIFIED.)
CURVE()
GEOMETRIC_REPRESENTATION_ITEM()
RATIONAL_B_SPLINE_CURVE((1.,1.,1.,1.))
REPRESENTATION_ITEM('')
);
#1341=(
BOUNDED_CURVE()
B_SPLINE_CURVE(3,(#7393,#7394,#7395,#7396),.UNSPECIFIED.,.F.,.F.)
B_SPLINE_CURVE_WITH_KNOTS((4,4),(0.,0.00561265043672771),.UNSPECIFIED.)
CURVE()
GEOMETRIC_REPRESENTATION_ITEM()
RATIONAL_B_SPLINE_CURVE((1.,1.,1.,1.))
REPRESENTATION_ITEM('')
);
#1342=(
BOUNDED_CURVE()
B_SPLINE_CURVE(3,(#7399,#7400,#7401,#7402),.UNSPECIFIED.,.F.,.F.)
B_SPLINE_CURVE_WITH_KNOTS((4,4),(0.,0.00561265043672771),.UNSPECIFIED.)
CURVE()
GEOMETRIC_REPRESENTATION_ITEM()
RATIONAL_B_SPLINE_CURVE((1.,1.,1.,1.))
REPRESENTATION_ITEM('')
);
#1343=(
BOUNDED_CURVE()
B_SPLINE_CURVE(3,(#7412,#7413,#7414,#7415),.UNSPECIFIED.,.F.,.F.)
B_SPLINE_CURVE_WITH_KNOTS((4,4),(0.990066310497574,1.),.UNSPECIFIED.)
CURVE()
GEOMETRIC_REPRESENTATION_ITEM()
RATIONAL_B_SPLINE_CURVE((1.,1.,1.,1.))
REPRESENTATION_ITEM('')
);
#1344=(
BOUNDED_CURVE()
B_SPLINE_CURVE(3,(#7416,#7417,#7418,#7419),.UNSPECIFIED.,.F.,.F.)
B_SPLINE_CURVE_WITH_KNOTS((4,4),(0.990066310497574,1.),.UNSPECIFIED.)
CURVE()
GEOMETRIC_REPRESENTATION_ITEM()
RATIONAL_B_SPLINE_CURVE((1.,1.,1.,1.))
REPRESENTATION_ITEM('')
);
#1345=(
BOUNDED_CURVE()
B_SPLINE_CURVE(3,(#7429,#7430,#7431,#7432),.UNSPECIFIED.,.F.,.F.)
B_SPLINE_CURVE_WITH_KNOTS((4,4),(-1.,-0.00561265043672787),
 .UNSPECIFIED.)
CURVE()
GEOMETRIC_REPRESENTATION_ITEM()
RATIONAL_B_SPLINE_CURVE((1.,1.,1.,1.))
REPRESENTATION_ITEM('')
);
#1346=(
BOUNDED_CURVE()
B_SPLINE_CURVE(3,(#7435,#7436,#7437,#7438),.UNSPECIFIED.,.F.,.F.)
B_SPLINE_CURVE_WITH_KNOTS((4,4),(-1.,-0.00561265043672787),
 .UNSPECIFIED.)
CURVE()
GEOMETRIC_REPRESENTATION_ITEM()
RATIONAL_B_SPLINE_CURVE((1.,1.,1.,1.))
REPRESENTATION_ITEM('')
);
#1347=(
BOUNDED_CURVE()
B_SPLINE_CURVE(3,(#7448,#7449,#7450,#7451),.UNSPECIFIED.,.F.,.F.)
B_SPLINE_CURVE_WITH_KNOTS((4,4),(-0.939827571643273,0.),.UNSPECIFIED.)
CURVE()
GEOMETRIC_REPRESENTATION_ITEM()
RATIONAL_B_SPLINE_CURVE((1.,1.,1.,1.))
REPRESENTATION_ITEM('')
);
#1348=(
BOUNDED_CURVE()
B_SPLINE_CURVE(3,(#7454,#7455,#7456,#7457),.UNSPECIFIED.,.F.,.F.)
B_SPLINE_CURVE_WITH_KNOTS((4,4),(-0.939827571643273,0.),.UNSPECIFIED.)
CURVE()
GEOMETRIC_REPRESENTATION_ITEM()
RATIONAL_B_SPLINE_CURVE((1.,1.,1.,1.))
REPRESENTATION_ITEM('')
);
#1349=(
BOUNDED_CURVE()
B_SPLINE_CURVE(3,(#7468,#7469,#7470,#7471),.UNSPECIFIED.,.F.,.F.)
B_SPLINE_CURVE_WITH_KNOTS((4,4),(-1.,-0.212136667900946),.UNSPECIFIED.)
CURVE()
GEOMETRIC_REPRESENTATION_ITEM()
RATIONAL_B_SPLINE_CURVE((1.,1.,1.,1.))
REPRESENTATION_ITEM('')
);
#1350=(
BOUNDED_CURVE()
B_SPLINE_CURVE(3,(#7475,#7476,#7477,#7478),.UNSPECIFIED.,.F.,.F.)
B_SPLINE_CURVE_WITH_KNOTS((4,4),(-1.,-0.212136667900946),.UNSPECIFIED.)
CURVE()
GEOMETRIC_REPRESENTATION_ITEM()
RATIONAL_B_SPLINE_CURVE((1.,1.,1.,1.))
REPRESENTATION_ITEM('')
);
#1351=(
BOUNDED_CURVE()
B_SPLINE_CURVE(3,(#7489,#7490,#7491,#7492),.UNSPECIFIED.,.F.,.F.)
B_SPLINE_CURVE_WITH_KNOTS((4,4),(-1.,0.),.UNSPECIFIED.)
CURVE()
GEOMETRIC_REPRESENTATION_ITEM()
RATIONAL_B_SPLINE_CURVE((1.,1.,1.,1.))
REPRESENTATION_ITEM('')
);
#1352=(
BOUNDED_CURVE()
B_SPLINE_CURVE(3,(#7495,#7496,#7497,#7498),.UNSPECIFIED.,.F.,.F.)
B_SPLINE_CURVE_WITH_KNOTS((4,4),(-1.,0.),.UNSPECIFIED.)
CURVE()
GEOMETRIC_REPRESENTATION_ITEM()
RATIONAL_B_SPLINE_CURVE((1.,1.,1.,1.))
REPRESENTATION_ITEM('')
);
#1353=(
BOUNDED_CURVE()
B_SPLINE_CURVE(3,(#7508,#7509,#7510,#7511),.UNSPECIFIED.,.F.,.F.)
B_SPLINE_CURVE_WITH_KNOTS((4,4),(-1.,0.),.UNSPECIFIED.)
CURVE()
GEOMETRIC_REPRESENTATION_ITEM()
RATIONAL_B_SPLINE_CURVE((1.,1.,1.,1.))
REPRESENTATION_ITEM('')
);
#1354=(
BOUNDED_CURVE()
B_SPLINE_CURVE(3,(#7514,#7515,#7516,#7517),.UNSPECIFIED.,.F.,.F.)
B_SPLINE_CURVE_WITH_KNOTS((4,4),(-1.,0.),.UNSPECIFIED.)
CURVE()
GEOMETRIC_REPRESENTATION_ITEM()
RATIONAL_B_SPLINE_CURVE((1.,1.,1.,1.))
REPRESENTATION_ITEM('')
);
#1355=(
BOUNDED_CURVE()
B_SPLINE_CURVE(3,(#7527,#7528,#7529,#7530),.UNSPECIFIED.,.F.,.F.)
B_SPLINE_CURVE_WITH_KNOTS((4,4),(-1.,0.),.UNSPECIFIED.)
CURVE()
GEOMETRIC_REPRESENTATION_ITEM()
RATIONAL_B_SPLINE_CURVE((1.,1.,1.,1.))
REPRESENTATION_ITEM('')
);
#1356=(
BOUNDED_CURVE()
B_SPLINE_CURVE(3,(#7533,#7534,#7535,#7536),.UNSPECIFIED.,.F.,.F.)
B_SPLINE_CURVE_WITH_KNOTS((4,4),(-1.,0.),.UNSPECIFIED.)
CURVE()
GEOMETRIC_REPRESENTATION_ITEM()
RATIONAL_B_SPLINE_CURVE((1.,1.,1.,1.))
REPRESENTATION_ITEM('')
);
#1357=(
BOUNDED_CURVE()
B_SPLINE_CURVE(3,(#7546,#7547,#7548,#7549),.UNSPECIFIED.,.F.,.F.)
B_SPLINE_CURVE_WITH_KNOTS((4,4),(-1.,0.),.UNSPECIFIED.)
CURVE()
GEOMETRIC_REPRESENTATION_ITEM()
RATIONAL_B_SPLINE_CURVE((1.,1.,1.,1.))
REPRESENTATION_ITEM('')
);
#1358=(
BOUNDED_CURVE()
B_SPLINE_CURVE(3,(#7552,#7553,#7554,#7555),.UNSPECIFIED.,.F.,.F.)
B_SPLINE_CURVE_WITH_KNOTS((4,4),(-1.,0.),.UNSPECIFIED.)
CURVE()
GEOMETRIC_REPRESENTATION_ITEM()
RATIONAL_B_SPLINE_CURVE((1.,1.,1.,1.))
REPRESENTATION_ITEM('')
);
#1359=(
BOUNDED_CURVE()
B_SPLINE_CURVE(3,(#7565,#7566,#7567,#7568),.UNSPECIFIED.,.F.,.F.)
B_SPLINE_CURVE_WITH_KNOTS((4,4),(-0.458865380236541,0.),.UNSPECIFIED.)
CURVE()
GEOMETRIC_REPRESENTATION_ITEM()
RATIONAL_B_SPLINE_CURVE((1.,1.,1.,1.))
REPRESENTATION_ITEM('')
);
#1360=(
BOUNDED_CURVE()
B_SPLINE_CURVE(3,(#7571,#7572,#7573,#7574),.UNSPECIFIED.,.F.,.F.)
B_SPLINE_CURVE_WITH_KNOTS((4,4),(-0.458865380236541,0.),.UNSPECIFIED.)
CURVE()
GEOMETRIC_REPRESENTATION_ITEM()
RATIONAL_B_SPLINE_CURVE((1.,1.,1.,1.))
REPRESENTATION_ITEM('')
);
#1361=(
BOUNDED_CURVE()
B_SPLINE_CURVE(3,(#7584,#7585,#7586,#7587),.UNSPECIFIED.,.F.,.F.)
B_SPLINE_CURVE_WITH_KNOTS((4,4),(0.,0.304731610516127),.UNSPECIFIED.)
CURVE()
GEOMETRIC_REPRESENTATION_ITEM()
RATIONAL_B_SPLINE_CURVE((1.,1.,1.,1.))
REPRESENTATION_ITEM('')
);
#1362=(
BOUNDED_CURVE()
B_SPLINE_CURVE(3,(#7589,#7590,#7591,#7592),.UNSPECIFIED.,.F.,.F.)
B_SPLINE_CURVE_WITH_KNOTS((4,4),(0.,0.304731610516127),.UNSPECIFIED.)
CURVE()
GEOMETRIC_REPRESENTATION_ITEM()
RATIONAL_B_SPLINE_CURVE((1.,1.,1.,1.))
REPRESENTATION_ITEM('')
);
#1363=VERTEX_POINT('',#4594);
#1364=VERTEX_POINT('',#4595);
#1365=VERTEX_POINT('',#4600);
#1366=VERTEX_POINT('',#4602);
#1367=VERTEX_POINT('',#4616);
#1368=VERTEX_POINT('',#4621);
#1369=VERTEX_POINT('',#4635);
#1370=VERTEX_POINT('',#4640);
#1371=VERTEX_POINT('',#4654);
#1372=VERTEX_POINT('',#4659);
#1373=VERTEX_POINT('',#4673);
#1374=VERTEX_POINT('',#4678);
#1375=VERTEX_POINT('',#4708);
#1376=VERTEX_POINT('',#4709);
#1377=VERTEX_POINT('',#4714);
#1378=VERTEX_POINT('',#4716);
#1379=VERTEX_POINT('',#4730);
#1380=VERTEX_POINT('',#4735);
#1381=VERTEX_POINT('',#4765);
#1382=VERTEX_POINT('',#4766);
#1383=VERTEX_POINT('',#4771);
#1384=VERTEX_POINT('',#4773);
#1385=VERTEX_POINT('',#4787);
#1386=VERTEX_POINT('',#4792);
#1387=VERTEX_POINT('',#4806);
#1388=VERTEX_POINT('',#4811);
#1389=VERTEX_POINT('',#4825);
#1390=VERTEX_POINT('',#4830);
#1391=VERTEX_POINT('',#4844);
#1392=VERTEX_POINT('',#4849);
#1393=VERTEX_POINT('',#4863);
#1394=VERTEX_POINT('',#4868);
#1395=VERTEX_POINT('',#4898);
#1396=VERTEX_POINT('',#4899);
#1397=VERTEX_POINT('',#4904);
#1398=VERTEX_POINT('',#4906);
#1399=VERTEX_POINT('',#4920);
#1400=VERTEX_POINT('',#4925);
#1401=VERTEX_POINT('',#4955);
#1402=VERTEX_POINT('',#4956);
#1403=VERTEX_POINT('',#4961);
#1404=VERTEX_POINT('',#4963);
#1405=VERTEX_POINT('',#4977);
#1406=VERTEX_POINT('',#4982);
#1407=VERTEX_POINT('',#5012);
#1408=VERTEX_POINT('',#5013);
#1409=VERTEX_POINT('',#5018);
#1410=VERTEX_POINT('',#5020);
#1411=VERTEX_POINT('',#5034);
#1412=VERTEX_POINT('',#5035);
#1413=VERTEX_POINT('',#5040);
#1414=VERTEX_POINT('',#5042);
#1415=VERTEX_POINT('',#5056);
#1416=VERTEX_POINT('',#5057);
#1417=VERTEX_POINT('',#5062);
#1418=VERTEX_POINT('',#5064);
#1419=VERTEX_POINT('',#5078);
#1420=VERTEX_POINT('',#5083);
#1421=VERTEX_POINT('',#5097);
#1422=VERTEX_POINT('',#5098);
#1423=VERTEX_POINT('',#5103);
#1424=VERTEX_POINT('',#5105);
#1425=VERTEX_POINT('',#5119);
#1426=VERTEX_POINT('',#5124);
#1427=VERTEX_POINT('',#5138);
#1428=VERTEX_POINT('',#5143);
#1429=VERTEX_POINT('',#5157);
#1430=VERTEX_POINT('',#5162);
#1431=VERTEX_POINT('',#5176);
#1432=VERTEX_POINT('',#5181);
#1433=VERTEX_POINT('',#5195);
#1434=VERTEX_POINT('',#5200);
#1435=VERTEX_POINT('',#5214);
#1436=VERTEX_POINT('',#5219);
#1437=VERTEX_POINT('',#5233);
#1438=VERTEX_POINT('',#5234);
#1439=VERTEX_POINT('',#5239);
#1440=VERTEX_POINT('',#5241);
#1441=VERTEX_POINT('',#5255);
#1442=VERTEX_POINT('',#5260);
#1443=VERTEX_POINT('',#5274);
#1444=VERTEX_POINT('',#5279);
#1445=VERTEX_POINT('',#5293);
#1446=VERTEX_POINT('',#5298);
#1447=VERTEX_POINT('',#5312);
#1448=VERTEX_POINT('',#5317);
#1449=VERTEX_POINT('',#5331);
#1450=VERTEX_POINT('',#5336);
#1451=VERTEX_POINT('',#5350);
#1452=VERTEX_POINT('',#5355);
#1453=VERTEX_POINT('',#5369);
#1454=VERTEX_POINT('',#5374);
#1455=VERTEX_POINT('',#5388);
#1456=VERTEX_POINT('',#5393);
#1457=VERTEX_POINT('',#5407);
#1458=VERTEX_POINT('',#5412);
#1459=VERTEX_POINT('',#5426);
#1460=VERTEX_POINT('',#5431);
#1461=VERTEX_POINT('',#5445);
#1462=VERTEX_POINT('',#5446);
#1463=VERTEX_POINT('',#5451);
#1464=VERTEX_POINT('',#5453);
#1465=VERTEX_POINT('',#5467);
#1466=VERTEX_POINT('',#5472);
#1467=VERTEX_POINT('',#5486);
#1468=VERTEX_POINT('',#5491);
#1469=VERTEX_POINT('',#5505);
#1470=VERTEX_POINT('',#5510);
#1471=VERTEX_POINT('',#5524);
#1472=VERTEX_POINT('',#5529);
#1473=VERTEX_POINT('',#5543);
#1474=VERTEX_POINT('',#5548);
#1475=VERTEX_POINT('',#5562);
#1476=VERTEX_POINT('',#5567);
#1477=VERTEX_POINT('',#5581);
#1478=VERTEX_POINT('',#5586);
#1479=VERTEX_POINT('',#5600);
#1480=VERTEX_POINT('',#5605);
#1481=VERTEX_POINT('',#5619);
#1482=VERTEX_POINT('',#5624);
#1483=VERTEX_POINT('',#5638);
#1484=VERTEX_POINT('',#5643);
#1485=VERTEX_POINT('',#5657);
#1486=VERTEX_POINT('',#5662);
#1487=VERTEX_POINT('',#5676);
#1488=VERTEX_POINT('',#5681);
#1489=VERTEX_POINT('',#5695);
#1490=VERTEX_POINT('',#5696);
#1491=VERTEX_POINT('',#5701);
#1492=VERTEX_POINT('',#5703);
#1493=VERTEX_POINT('',#5717);
#1494=VERTEX_POINT('',#5722);
#1495=VERTEX_POINT('',#5736);
#1496=VERTEX_POINT('',#5741);
#1497=VERTEX_POINT('',#5755);
#1498=VERTEX_POINT('',#5760);
#1499=VERTEX_POINT('',#5774);
#1500=VERTEX_POINT('',#5779);
#1501=VERTEX_POINT('',#5793);
#1502=VERTEX_POINT('',#5798);
#1503=VERTEX_POINT('',#5812);
#1504=VERTEX_POINT('',#5817);
#1505=VERTEX_POINT('',#5831);
#1506=VERTEX_POINT('',#5836);
#1507=VERTEX_POINT('',#5850);
#1508=VERTEX_POINT('',#5855);
#1509=VERTEX_POINT('',#5869);
#1510=VERTEX_POINT('',#5874);
#1511=VERTEX_POINT('',#5888);
#1512=VERTEX_POINT('',#5893);
#1513=VERTEX_POINT('',#5907);
#1514=VERTEX_POINT('',#5912);
#1515=VERTEX_POINT('',#5926);
#1516=VERTEX_POINT('',#5931);
#1517=VERTEX_POINT('',#5945);
#1518=VERTEX_POINT('',#5946);
#1519=VERTEX_POINT('',#5951);
#1520=VERTEX_POINT('',#5953);
#1521=VERTEX_POINT('',#5967);
#1522=VERTEX_POINT('',#5972);
#1523=VERTEX_POINT('',#5986);
#1524=VERTEX_POINT('',#5991);
#1525=VERTEX_POINT('',#6005);
#1526=VERTEX_POINT('',#6010);
#1527=VERTEX_POINT('',#6024);
#1528=VERTEX_POINT('',#6029);
#1529=VERTEX_POINT('',#6043);
#1530=VERTEX_POINT('',#6048);
#1531=VERTEX_POINT('',#6062);
#1532=VERTEX_POINT('',#6067);
#1533=VERTEX_POINT('',#6081);
#1534=VERTEX_POINT('',#6086);
#1535=VERTEX_POINT('',#6100);
#1536=VERTEX_POINT('',#6105);
#1537=VERTEX_POINT('',#6119);
#1538=VERTEX_POINT('',#6124);
#1539=VERTEX_POINT('',#6138);
#1540=VERTEX_POINT('',#6143);
#1541=VERTEX_POINT('',#6157);
#1542=VERTEX_POINT('',#6162);
#1543=VERTEX_POINT('',#6176);
#1544=VERTEX_POINT('',#6177);
#1545=VERTEX_POINT('',#6182);
#1546=VERTEX_POINT('',#6184);
#1547=VERTEX_POINT('',#6198);
#1548=VERTEX_POINT('',#6203);
#1549=VERTEX_POINT('',#6217);
#1550=VERTEX_POINT('',#6222);
#1551=VERTEX_POINT('',#6236);
#1552=VERTEX_POINT('',#6237);
#1553=VERTEX_POINT('',#6242);
#1554=VERTEX_POINT('',#6244);
#1555=VERTEX_POINT('',#6258);
#1556=VERTEX_POINT('',#6259);
#1557=VERTEX_POINT('',#6264);
#1558=VERTEX_POINT('',#6266);
#1559=VERTEX_POINT('',#6280);
#1560=VERTEX_POINT('',#6285);
#1561=VERTEX_POINT('',#6299);
#1562=VERTEX_POINT('',#6300);
#1563=VERTEX_POINT('',#6305);
#1564=VERTEX_POINT('',#6307);
#1565=VERTEX_POINT('',#6321);
#1566=VERTEX_POINT('',#6326);
#1567=VERTEX_POINT('',#6340);
#1568=VERTEX_POINT('',#6345);
#1569=VERTEX_POINT('',#6359);
#1570=VERTEX_POINT('',#6364);
#1571=VERTEX_POINT('',#6378);
#1572=VERTEX_POINT('',#6383);
#1573=VERTEX_POINT('',#6397);
#1574=VERTEX_POINT('',#6402);
#1575=VERTEX_POINT('',#6416);
#1576=VERTEX_POINT('',#6417);
#1577=VERTEX_POINT('',#6422);
#1578=VERTEX_POINT('',#6424);
#1579=VERTEX_POINT('',#6438);
#1580=VERTEX_POINT('',#6443);
#1581=VERTEX_POINT('',#6457);
#1582=VERTEX_POINT('',#6458);
#1583=VERTEX_POINT('',#6463);
#1584=VERTEX_POINT('',#6465);
#1585=VERTEX_POINT('',#6479);
#1586=VERTEX_POINT('',#6484);
#1587=VERTEX_POINT('',#6498);
#1588=VERTEX_POINT('',#6503);
#1589=VERTEX_POINT('',#6534);
#1590=VERTEX_POINT('',#6539);
#1591=VERTEX_POINT('',#6553);
#1592=VERTEX_POINT('',#6558);
#1593=VERTEX_POINT('',#6572);
#1594=VERTEX_POINT('',#6577);
#1595=VERTEX_POINT('',#6591);
#1596=VERTEX_POINT('',#6596);
#1597=VERTEX_POINT('',#6610);
#1598=VERTEX_POINT('',#6611);
#1599=VERTEX_POINT('',#6616);
#1600=VERTEX_POINT('',#6618);
#1601=VERTEX_POINT('',#6632);
#1602=VERTEX_POINT('',#6637);
#1603=VERTEX_POINT('',#6651);
#1604=VERTEX_POINT('',#6656);
#1605=VERTEX_POINT('',#6670);
#1606=VERTEX_POINT('',#6675);
#1607=VERTEX_POINT('',#6689);
#1608=VERTEX_POINT('',#6694);
#1609=VERTEX_POINT('',#6708);
#1610=VERTEX_POINT('',#6709);
#1611=VERTEX_POINT('',#6714);
#1612=VERTEX_POINT('',#6716);
#1613=VERTEX_POINT('',#6730);
#1614=VERTEX_POINT('',#6735);
#1615=VERTEX_POINT('',#6749);
#1616=VERTEX_POINT('',#6754);
#1617=VERTEX_POINT('',#6768);
#1618=VERTEX_POINT('',#6769);
#1619=VERTEX_POINT('',#6774);
#1620=VERTEX_POINT('',#6776);
#1621=VERTEX_POINT('',#6790);
#1622=VERTEX_POINT('',#6795);
#1623=VERTEX_POINT('',#6809);
#1624=VERTEX_POINT('',#6810);
#1625=VERTEX_POINT('',#6815);
#1626=VERTEX_POINT('',#6817);
#1627=VERTEX_POINT('',#6829);
#1628=VERTEX_POINT('',#6833);
#1629=VERTEX_POINT('',#6846);
#1630=VERTEX_POINT('',#6851);
#1631=VERTEX_POINT('',#6865);
#1632=VERTEX_POINT('',#6870);
#1633=VERTEX_POINT('',#6884);
#1634=VERTEX_POINT('',#6889);
#1635=VERTEX_POINT('',#6903);
#1636=VERTEX_POINT('',#6904);
#1637=VERTEX_POINT('',#6909);
#1638=VERTEX_POINT('',#6911);
#1639=VERTEX_POINT('',#6925);
#1640=VERTEX_POINT('',#6930);
#1641=VERTEX_POINT('',#6944);
#1642=VERTEX_POINT('',#6949);
#1643=VERTEX_POINT('',#6961);
#1644=VERTEX_POINT('',#6965);
#1645=VERTEX_POINT('',#6978);
#1646=VERTEX_POINT('',#6983);
#1647=VERTEX_POINT('',#6997);
#1648=VERTEX_POINT('',#7002);
#1649=VERTEX_POINT('',#7016);
#1650=VERTEX_POINT('',#7021);
#1651=VERTEX_POINT('',#7035);
#1652=VERTEX_POINT('',#7036);
#1653=VERTEX_POINT('',#7041);
#1654=VERTEX_POINT('',#7043);
#1655=VERTEX_POINT('',#7057);
#1656=VERTEX_POINT('',#7058);
#1657=VERTEX_POINT('',#7063);
#1658=VERTEX_POINT('',#7065);
#1659=VERTEX_POINT('',#7079);
#1660=VERTEX_POINT('',#7084);
#1661=VERTEX_POINT('',#7098);
#1662=VERTEX_POINT('',#7103);
#1663=VERTEX_POINT('',#7117);
#1664=VERTEX_POINT('',#7122);
#1665=VERTEX_POINT('',#7136);
#1666=VERTEX_POINT('',#7141);
#1667=VERTEX_POINT('',#7155);
#1668=VERTEX_POINT('',#7160);
#1669=VERTEX_POINT('',#7174);
#1670=VERTEX_POINT('',#7175);
#1671=VERTEX_POINT('',#7180);
#1672=VERTEX_POINT('',#7182);
#1673=VERTEX_POINT('',#7196);
#1674=VERTEX_POINT('',#7201);
#1675=VERTEX_POINT('',#7215);
#1676=VERTEX_POINT('',#7216);
#1677=VERTEX_POINT('',#7221);
#1678=VERTEX_POINT('',#7223);
#1679=VERTEX_POINT('',#7237);
#1680=VERTEX_POINT('',#7242);
#1681=VERTEX_POINT('',#7256);
#1682=VERTEX_POINT('',#7261);
#1683=VERTEX_POINT('',#7275);
#1684=VERTEX_POINT('',#7280);
#1685=VERTEX_POINT('',#7294);
#1686=VERTEX_POINT('',#7299);
#1687=VERTEX_POINT('',#7313);
#1688=VERTEX_POINT('',#7314);
#1689=VERTEX_POINT('',#7319);
#1690=VERTEX_POINT('',#7321);
#1691=VERTEX_POINT('',#7335);
#1692=VERTEX_POINT('',#7340);
#1693=VERTEX_POINT('',#7354);
#1694=VERTEX_POINT('',#7359);
#1695=VERTEX_POINT('',#7373);
#1696=VERTEX_POINT('',#7378);
#1697=VERTEX_POINT('',#7392);
#1698=VERTEX_POINT('',#7397);
#1699=VERTEX_POINT('',#7428);
#1700=VERTEX_POINT('',#7433);
#1701=VERTEX_POINT('',#7447);
#1702=VERTEX_POINT('',#7452);
#1703=VERTEX_POINT('',#7466);
#1704=VERTEX_POINT('',#7467);
#1705=VERTEX_POINT('',#7472);
#1706=VERTEX_POINT('',#7474);
#1707=VERTEX_POINT('',#7488);
#1708=VERTEX_POINT('',#7493);
#1709=VERTEX_POINT('',#7507);
#1710=VERTEX_POINT('',#7512);
#1711=VERTEX_POINT('',#7526);
#1712=VERTEX_POINT('',#7531);
#1713=VERTEX_POINT('',#7545);
#1714=VERTEX_POINT('',#7550);
#1715=VERTEX_POINT('',#7564);
#1716=VERTEX_POINT('',#7569);
#1717=VERTEX_POINT('',#7583);
#1718=VERTEX_POINT('',#7588);
#1719=VERTEX_POINT('',#7597);
#1720=VERTEX_POINT('',#7601);
#1721=VERTEX_POINT('',#7606);
#1722=VERTEX_POINT('',#7614);
#1723=VERTEX_POINT('',#7617);
#1724=VERTEX_POINT('',#7620);
#1725=VERTEX_POINT('',#7622);
#1726=VERTEX_POINT('',#7625);
#1727=VERTEX_POINT('',#7630);
#1728=VERTEX_POINT('',#7633);
#1729=VERTEX_POINT('',#7636);
#1730=VERTEX_POINT('',#7640);
#1731=VERTEX_POINT('',#7645);
#1732=VERTEX_POINT('',#7647);
#1733=VERTEX_POINT('',#7649);
#1734=VERTEX_POINT('',#7651);
#1735=VERTEX_POINT('',#7656);
#1736=VERTEX_POINT('',#7658);
#1737=VERTEX_POINT('',#7665);
#1738=VERTEX_POINT('',#7670);
#1739=VERTEX_POINT('',#7672);
#1740=VERTEX_POINT('',#7678);
#1741=VERTEX_POINT('',#7680);
#1742=VERTEX_POINT('',#7682);
#1743=VERTEX_POINT('',#7686);
#1744=VERTEX_POINT('',#7688);
#1745=VERTEX_POINT('',#7693);
#1746=VERTEX_POINT('',#7699);
#1747=VERTEX_POINT('',#7701);
#1748=VERTEX_POINT('',#7705);
#1749=VERTEX_POINT('',#7707);
#1750=VERTEX_POINT('',#7728);
#1751=VERTEX_POINT('',#7737);
#1752=VERTEX_POINT('',#7739);
#1753=VERTEX_POINT('',#7746);
#1754=VERTEX_POINT('',#7766);
#1755=VERTEX_POINT('',#7767);
#1756=VERTEX_POINT('',#7769);
#1757=VERTEX_POINT('',#7771);
#1758=VERTEX_POINT('',#7773);
#1759=VERTEX_POINT('',#7775);
#1760=VERTEX_POINT('',#7777);
#1761=VERTEX_POINT('',#7779);
#1762=VERTEX_POINT('',#7781);
#1763=VERTEX_POINT('',#7783);
#1764=VERTEX_POINT('',#7785);
#1765=VERTEX_POINT('',#7789);
#1766=VERTEX_POINT('',#7791);
#1767=EDGE_CURVE('',#1363,#1364,#1057,.T.);
#1768=EDGE_CURVE('',#1363,#1365,#577,.T.);
#1769=EDGE_CURVE('',#1365,#1366,#1058,.T.);
#1770=EDGE_CURVE('',#1364,#1366,#578,.T.);
#1771=EDGE_CURVE('',#1367,#1363,#1059,.T.);
#1772=EDGE_CURVE('',#1367,#1368,#579,.T.);
#1773=EDGE_CURVE('',#1368,#1365,#1060,.T.);
#1774=EDGE_CURVE('',#1369,#1367,#1061,.T.);
#1775=EDGE_CURVE('',#1369,#1370,#580,.T.);
#1776=EDGE_CURVE('',#1370,#1368,#1062,.T.);
#1777=EDGE_CURVE('',#1371,#1369,#1063,.T.);
#1778=EDGE_CURVE('',#1371,#1372,#581,.T.);
#1779=EDGE_CURVE('',#1372,#1370,#1064,.T.);
#1780=EDGE_CURVE('',#1373,#1371,#1065,.T.);
#1781=EDGE_CURVE('',#1373,#1374,#582,.T.);
#1782=EDGE_CURVE('',#1374,#1372,#1066,.T.);
#1783=EDGE_CURVE('',#1364,#1373,#1067,.T.);
#1784=EDGE_CURVE('',#1366,#1374,#1068,.T.);
#1785=EDGE_CURVE('',#1375,#1376,#1069,.T.);
#1786=EDGE_CURVE('',#1375,#1377,#583,.T.);
#1787=EDGE_CURVE('',#1377,#1378,#1070,.T.);
#1788=EDGE_CURVE('',#1376,#1378,#584,.T.);
#1789=EDGE_CURVE('',#1379,#1375,#1071,.T.);
#1790=EDGE_CURVE('',#1379,#1380,#585,.T.);
#1791=EDGE_CURVE('',#1380,#1377,#1072,.T.);
#1792=EDGE_CURVE('',#1376,#1379,#1073,.T.);
#1793=EDGE_CURVE('',#1378,#1380,#1074,.T.);
#1794=EDGE_CURVE('',#1381,#1382,#1075,.T.);
#1795=EDGE_CURVE('',#1381,#1383,#586,.T.);
#1796=EDGE_CURVE('',#1383,#1384,#1076,.T.);
#1797=EDGE_CURVE('',#1382,#1384,#587,.T.);
#1798=EDGE_CURVE('',#1385,#1381,#1077,.T.);
#1799=EDGE_CURVE('',#1385,#1386,#588,.T.);
#1800=EDGE_CURVE('',#1386,#1383,#1078,.T.);
#1801=EDGE_CURVE('',#1387,#1385,#1079,.T.);
#1802=EDGE_CURVE('',#1387,#1388,#589,.T.);
#1803=EDGE_CURVE('',#1388,#1386,#1080,.T.);
#1804=EDGE_CURVE('',#1389,#1387,#1081,.T.);
#1805=EDGE_CURVE('',#1389,#1390,#590,.T.);
#1806=EDGE_CURVE('',#1390,#1388,#1082,.T.);
#1807=EDGE_CURVE('',#1391,#1389,#1083,.T.);
#1808=EDGE_CURVE('',#1391,#1392,#591,.T.);
#1809=EDGE_CURVE('',#1392,#1390,#1084,.T.);
#1810=EDGE_CURVE('',#1393,#1391,#1085,.T.);
#1811=EDGE_CURVE('',#1393,#1394,#592,.T.);
#1812=EDGE_CURVE('',#1394,#1392,#1086,.T.);
#1813=EDGE_CURVE('',#1382,#1393,#1087,.T.);
#1814=EDGE_CURVE('',#1384,#1394,#1088,.T.);
#1815=EDGE_CURVE('',#1395,#1396,#1089,.T.);
#1816=EDGE_CURVE('',#1395,#1397,#593,.T.);
#1817=EDGE_CURVE('',#1397,#1398,#1090,.T.);
#1818=EDGE_CURVE('',#1396,#1398,#594,.T.);
#1819=EDGE_CURVE('',#1399,#1395,#1091,.T.);
#1820=EDGE_CURVE('',#1399,#1400,#595,.T.);
#1821=EDGE_CURVE('',#1400,#1397,#1092,.T.);
#1822=EDGE_CURVE('',#1396,#1399,#1093,.T.);
#1823=EDGE_CURVE('',#1398,#1400,#1094,.T.);
#1824=EDGE_CURVE('',#1401,#1402,#1095,.T.);
#1825=EDGE_CURVE('',#1401,#1403,#596,.T.);
#1826=EDGE_CURVE('',#1403,#1404,#1096,.T.);
#1827=EDGE_CURVE('',#1402,#1404,#597,.T.);
#1828=EDGE_CURVE('',#1405,#1401,#1097,.T.);
#1829=EDGE_CURVE('',#1405,#1406,#598,.T.);
#1830=EDGE_CURVE('',#1406,#1403,#1098,.T.);
#1831=EDGE_CURVE('',#1402,#1405,#1099,.T.);
#1832=EDGE_CURVE('',#1404,#1406,#1100,.T.);
#1833=EDGE_CURVE('',#1407,#1408,#1101,.T.);
#1834=EDGE_CURVE('',#1409,#1407,#599,.T.);
#1835=EDGE_CURVE('',#1409,#1410,#1102,.T.);
#1836=EDGE_CURVE('',#1408,#1410,#600,.T.);
#1837=EDGE_CURVE('',#1411,#1412,#1103,.T.);
#1838=EDGE_CURVE('',#1413,#1411,#601,.T.);
#1839=EDGE_CURVE('',#1413,#1414,#1104,.T.);
#1840=EDGE_CURVE('',#1412,#1414,#602,.T.);
#1841=EDGE_CURVE('',#1415,#1416,#1105,.T.);
#1842=EDGE_CURVE('',#1415,#1417,#603,.T.);
#1843=EDGE_CURVE('',#1417,#1418,#1106,.T.);
#1844=EDGE_CURVE('',#1416,#1418,#604,.T.);
#1845=EDGE_CURVE('',#1419,#1415,#1107,.T.);
#1846=EDGE_CURVE('',#1420,#1419,#605,.T.);
#1847=EDGE_CURVE('',#1420,#1417,#1108,.T.);
#1848=EDGE_CURVE('',#1421,#1422,#1109,.T.);
#1849=EDGE_CURVE('',#1421,#1423,#606,.T.);
#1850=EDGE_CURVE('',#1423,#1424,#1110,.T.);
#1851=EDGE_CURVE('',#1422,#1424,#607,.T.);
#1852=EDGE_CURVE('',#1425,#1421,#1111,.T.);
#1853=EDGE_CURVE('',#1425,#1426,#608,.T.);
#1854=EDGE_CURVE('',#1426,#1423,#1112,.T.);
#1855=EDGE_CURVE('',#1427,#1425,#1113,.T.);
#1856=EDGE_CURVE('',#1427,#1428,#609,.T.);
#1857=EDGE_CURVE('',#1428,#1426,#1114,.T.);
#1858=EDGE_CURVE('',#1429,#1427,#1115,.T.);
#1859=EDGE_CURVE('',#1429,#1430,#610,.T.);
#1860=EDGE_CURVE('',#1430,#1428,#1116,.T.);
#1861=EDGE_CURVE('',#1431,#1429,#1117,.T.);
#1862=EDGE_CURVE('',#1431,#1432,#611,.T.);
#1863=EDGE_CURVE('',#1432,#1430,#1118,.T.);
#1864=EDGE_CURVE('',#1433,#1431,#1119,.T.);
#1865=EDGE_CURVE('',#1433,#1434,#612,.T.);
#1866=EDGE_CURVE('',#1434,#1432,#1120,.T.);
#1867=EDGE_CURVE('',#1435,#1433,#1121,.T.);
#1868=EDGE_CURVE('',#1436,#1435,#613,.T.);
#1869=EDGE_CURVE('',#1436,#1434,#1122,.T.);
#1870=EDGE_CURVE('',#1437,#1438,#1123,.T.);
#1871=EDGE_CURVE('',#1437,#1439,#614,.T.);
#1872=EDGE_CURVE('',#1439,#1440,#1124,.T.);
#1873=EDGE_CURVE('',#1438,#1440,#615,.T.);
#1874=EDGE_CURVE('',#1441,#1437,#1125,.T.);
#1875=EDGE_CURVE('',#1441,#1442,#616,.T.);
#1876=EDGE_CURVE('',#1442,#1439,#1126,.T.);
#1877=EDGE_CURVE('',#1443,#1441,#1127,.T.);
#1878=EDGE_CURVE('',#1443,#1444,#617,.T.);
#1879=EDGE_CURVE('',#1444,#1442,#1128,.T.);
#1880=EDGE_CURVE('',#1445,#1443,#1129,.T.);
#1881=EDGE_CURVE('',#1445,#1446,#618,.T.);
#1882=EDGE_CURVE('',#1446,#1444,#1130,.T.);
#1883=EDGE_CURVE('',#1447,#1445,#1131,.T.);
#1884=EDGE_CURVE('',#1447,#1448,#619,.T.);
#1885=EDGE_CURVE('',#1448,#1446,#1132,.T.);
#1886=EDGE_CURVE('',#1449,#1447,#1133,.T.);
#1887=EDGE_CURVE('',#1449,#1450,#620,.T.);
#1888=EDGE_CURVE('',#1450,#1448,#1134,.T.);
#1889=EDGE_CURVE('',#1451,#1449,#1135,.T.);
#1890=EDGE_CURVE('',#1451,#1452,#621,.T.);
#1891=EDGE_CURVE('',#1452,#1450,#1136,.T.);
#1892=EDGE_CURVE('',#1453,#1451,#1137,.T.);
#1893=EDGE_CURVE('',#1453,#1454,#622,.T.);
#1894=EDGE_CURVE('',#1454,#1452,#1138,.T.);
#1895=EDGE_CURVE('',#1455,#1453,#1139,.T.);
#1896=EDGE_CURVE('',#1455,#1456,#623,.T.);
#1897=EDGE_CURVE('',#1456,#1454,#1140,.T.);
#1898=EDGE_CURVE('',#1457,#1455,#1141,.T.);
#1899=EDGE_CURVE('',#1457,#1458,#624,.T.);
#1900=EDGE_CURVE('',#1458,#1456,#1142,.T.);
#1901=EDGE_CURVE('',#1459,#1457,#1143,.T.);
#1902=EDGE_CURVE('',#1460,#1459,#625,.T.);
#1903=EDGE_CURVE('',#1460,#1458,#1144,.T.);
#1904=EDGE_CURVE('',#1461,#1462,#1145,.T.);
#1905=EDGE_CURVE('',#1461,#1463,#626,.T.);
#1906=EDGE_CURVE('',#1463,#1464,#1146,.T.);
#1907=EDGE_CURVE('',#1462,#1464,#627,.T.);
#1908=EDGE_CURVE('',#1465,#1461,#1147,.T.);
#1909=EDGE_CURVE('',#1465,#1466,#628,.T.);
#1910=EDGE_CURVE('',#1466,#1463,#1148,.T.);
#1911=EDGE_CURVE('',#1467,#1465,#1149,.T.);
#1912=EDGE_CURVE('',#1467,#1468,#629,.T.);
#1913=EDGE_CURVE('',#1468,#1466,#1150,.T.);
#1914=EDGE_CURVE('',#1469,#1467,#1151,.T.);
#1915=EDGE_CURVE('',#1469,#1470,#630,.T.);
#1916=EDGE_CURVE('',#1470,#1468,#1152,.T.);
#1917=EDGE_CURVE('',#1471,#1469,#1153,.T.);
#1918=EDGE_CURVE('',#1471,#1472,#631,.T.);
#1919=EDGE_CURVE('',#1472,#1470,#1154,.T.);
#1920=EDGE_CURVE('',#1473,#1471,#1155,.T.);
#1921=EDGE_CURVE('',#1473,#1474,#632,.T.);
#1922=EDGE_CURVE('',#1474,#1472,#1156,.T.);
#1923=EDGE_CURVE('',#1475,#1473,#1157,.T.);
#1924=EDGE_CURVE('',#1475,#1476,#633,.T.);
#1925=EDGE_CURVE('',#1476,#1474,#1158,.T.);
#1926=EDGE_CURVE('',#1477,#1475,#1159,.T.);
#1927=EDGE_CURVE('',#1477,#1478,#634,.T.);
#1928=EDGE_CURVE('',#1478,#1476,#1160,.T.);
#1929=EDGE_CURVE('',#1479,#1477,#1161,.T.);
#1930=EDGE_CURVE('',#1479,#1480,#635,.T.);
#1931=EDGE_CURVE('',#1480,#1478,#1162,.T.);
#1932=EDGE_CURVE('',#1481,#1479,#1163,.T.);
#1933=EDGE_CURVE('',#1481,#1482,#636,.T.);
#1934=EDGE_CURVE('',#1482,#1480,#1164,.T.);
#1935=EDGE_CURVE('',#1483,#1481,#1165,.T.);
#1936=EDGE_CURVE('',#1483,#1484,#637,.T.);
#1937=EDGE_CURVE('',#1484,#1482,#1166,.T.);
#1938=EDGE_CURVE('',#1485,#1483,#1167,.T.);
#1939=EDGE_CURVE('',#1485,#1486,#638,.T.);
#1940=EDGE_CURVE('',#1486,#1484,#1168,.T.);
#1941=EDGE_CURVE('',#1487,#1485,#1169,.T.);
#1942=EDGE_CURVE('',#1488,#1487,#639,.T.);
#1943=EDGE_CURVE('',#1488,#1486,#1170,.T.);
#1944=EDGE_CURVE('',#1489,#1490,#1171,.T.);
#1945=EDGE_CURVE('',#1489,#1491,#640,.T.);
#1946=EDGE_CURVE('',#1491,#1492,#1172,.T.);
#1947=EDGE_CURVE('',#1490,#1492,#641,.T.);
#1948=EDGE_CURVE('',#1493,#1489,#1173,.T.);
#1949=EDGE_CURVE('',#1493,#1494,#642,.T.);
#1950=EDGE_CURVE('',#1494,#1491,#1174,.T.);
#1951=EDGE_CURVE('',#1495,#1493,#1175,.T.);
#1952=EDGE_CURVE('',#1495,#1496,#643,.T.);
#1953=EDGE_CURVE('',#1496,#1494,#1176,.T.);
#1954=EDGE_CURVE('',#1497,#1495,#1177,.T.);
#1955=EDGE_CURVE('',#1497,#1498,#644,.T.);
#1956=EDGE_CURVE('',#1498,#1496,#1178,.T.);
#1957=EDGE_CURVE('',#1499,#1497,#1179,.T.);
#1958=EDGE_CURVE('',#1499,#1500,#645,.T.);
#1959=EDGE_CURVE('',#1500,#1498,#1180,.T.);
#1960=EDGE_CURVE('',#1501,#1499,#1181,.T.);
#1961=EDGE_CURVE('',#1501,#1502,#646,.T.);
#1962=EDGE_CURVE('',#1502,#1500,#1182,.T.);
#1963=EDGE_CURVE('',#1503,#1501,#1183,.T.);
#1964=EDGE_CURVE('',#1503,#1504,#647,.T.);
#1965=EDGE_CURVE('',#1504,#1502,#1184,.T.);
#1966=EDGE_CURVE('',#1505,#1503,#1185,.T.);
#1967=EDGE_CURVE('',#1505,#1506,#648,.T.);
#1968=EDGE_CURVE('',#1506,#1504,#1186,.T.);
#1969=EDGE_CURVE('',#1507,#1505,#1187,.T.);
#1970=EDGE_CURVE('',#1507,#1508,#649,.T.);
#1971=EDGE_CURVE('',#1508,#1506,#1188,.T.);
#1972=EDGE_CURVE('',#1509,#1507,#1189,.T.);
#1973=EDGE_CURVE('',#1509,#1510,#650,.T.);
#1974=EDGE_CURVE('',#1510,#1508,#1190,.T.);
#1975=EDGE_CURVE('',#1511,#1509,#1191,.T.);
#1976=EDGE_CURVE('',#1511,#1512,#651,.T.);
#1977=EDGE_CURVE('',#1512,#1510,#1192,.T.);
#1978=EDGE_CURVE('',#1513,#1511,#1193,.T.);
#1979=EDGE_CURVE('',#1513,#1514,#652,.T.);
#1980=EDGE_CURVE('',#1514,#1512,#1194,.T.);
#1981=EDGE_CURVE('',#1515,#1513,#1195,.T.);
#1982=EDGE_CURVE('',#1516,#1515,#653,.T.);
#1983=EDGE_CURVE('',#1516,#1514,#1196,.T.);
#1984=EDGE_CURVE('',#1517,#1518,#1197,.T.);
#1985=EDGE_CURVE('',#1517,#1519,#654,.T.);
#1986=EDGE_CURVE('',#1519,#1520,#1198,.T.);
#1987=EDGE_CURVE('',#1518,#1520,#655,.T.);
#1988=EDGE_CURVE('',#1521,#1517,#1199,.T.);
#1989=EDGE_CURVE('',#1521,#1522,#656,.T.);
#1990=EDGE_CURVE('',#1522,#1519,#1200,.T.);
#1991=EDGE_CURVE('',#1523,#1521,#1201,.T.);
#1992=EDGE_CURVE('',#1523,#1524,#657,.T.);
#1993=EDGE_CURVE('',#1524,#1522,#1202,.T.);
#1994=EDGE_CURVE('',#1525,#1523,#1203,.T.);
#1995=EDGE_CURVE('',#1525,#1526,#658,.T.);
#1996=EDGE_CURVE('',#1526,#1524,#1204,.T.);
#1997=EDGE_CURVE('',#1527,#1525,#1205,.T.);
#1998=EDGE_CURVE('',#1527,#1528,#659,.T.);
#1999=EDGE_CURVE('',#1528,#1526,#1206,.T.);
#2000=EDGE_CURVE('',#1529,#1527,#1207,.T.);
#2001=EDGE_CURVE('',#1529,#1530,#660,.T.);
#2002=EDGE_CURVE('',#1530,#1528,#1208,.T.);
#2003=EDGE_CURVE('',#1531,#1529,#1209,.T.);
#2004=EDGE_CURVE('',#1531,#1532,#661,.T.);
#2005=EDGE_CURVE('',#1532,#1530,#1210,.T.);
#2006=EDGE_CURVE('',#1533,#1531,#1211,.T.);
#2007=EDGE_CURVE('',#1533,#1534,#662,.T.);
#2008=EDGE_CURVE('',#1534,#1532,#1212,.T.);
#2009=EDGE_CURVE('',#1535,#1533,#1213,.T.);
#2010=EDGE_CURVE('',#1535,#1536,#663,.T.);
#2011=EDGE_CURVE('',#1536,#1534,#1214,.T.);
#2012=EDGE_CURVE('',#1537,#1535,#1215,.T.);
#2013=EDGE_CURVE('',#1537,#1538,#664,.T.);
#2014=EDGE_CURVE('',#1538,#1536,#1216,.T.);
#2015=EDGE_CURVE('',#1539,#1537,#1217,.T.);
#2016=EDGE_CURVE('',#1539,#1540,#665,.T.);
#2017=EDGE_CURVE('',#1540,#1538,#1218,.T.);
#2018=EDGE_CURVE('',#1541,#1539,#1219,.T.);
#2019=EDGE_CURVE('',#1542,#1541,#666,.T.);
#2020=EDGE_CURVE('',#1542,#1540,#1220,.T.);
#2021=EDGE_CURVE('',#1543,#1544,#1221,.T.);
#2022=EDGE_CURVE('',#1543,#1545,#667,.T.);
#2023=EDGE_CURVE('',#1545,#1546,#1222,.T.);
#2024=EDGE_CURVE('',#1544,#1546,#668,.T.);
#2025=EDGE_CURVE('',#1547,#1543,#1223,.T.);
#2026=EDGE_CURVE('',#1547,#1548,#669,.T.);
#2027=EDGE_CURVE('',#1548,#1545,#1224,.T.);
#2028=EDGE_CURVE('',#1549,#1547,#1225,.T.);
#2029=EDGE_CURVE('',#1550,#1549,#670,.T.);
#2030=EDGE_CURVE('',#1550,#1548,#1226,.T.);
#2031=EDGE_CURVE('',#1551,#1552,#1227,.T.);
#2032=EDGE_CURVE('',#1553,#1551,#671,.T.);
#2033=EDGE_CURVE('',#1553,#1554,#1228,.T.);
#2034=EDGE_CURVE('',#1552,#1554,#672,.T.);
#2035=EDGE_CURVE('',#1555,#1556,#1229,.T.);
#2036=EDGE_CURVE('',#1555,#1557,#673,.T.);
#2037=EDGE_CURVE('',#1557,#1558,#1230,.T.);
#2038=EDGE_CURVE('',#1556,#1558,#674,.T.);
#2039=EDGE_CURVE('',#1559,#1555,#1231,.T.);
#2040=EDGE_CURVE('',#1560,#1559,#675,.T.);
#2041=EDGE_CURVE('',#1560,#1557,#1232,.T.);
#2042=EDGE_CURVE('',#1561,#1562,#1233,.T.);
#2043=EDGE_CURVE('',#1561,#1563,#676,.T.);
#2044=EDGE_CURVE('',#1563,#1564,#1234,.T.);
#2045=EDGE_CURVE('',#1562,#1564,#677,.T.);
#2046=EDGE_CURVE('',#1565,#1561,#1235,.T.);
#2047=EDGE_CURVE('',#1565,#1566,#678,.T.);
#2048=EDGE_CURVE('',#1566,#1563,#1236,.T.);
#2049=EDGE_CURVE('',#1567,#1565,#1237,.T.);
#2050=EDGE_CURVE('',#1567,#1568,#679,.T.);
#2051=EDGE_CURVE('',#1568,#1566,#1238,.T.);
#2052=EDGE_CURVE('',#1569,#1567,#1239,.T.);
#2053=EDGE_CURVE('',#1569,#1570,#680,.T.);
#2054=EDGE_CURVE('',#1570,#1568,#1240,.T.);
#2055=EDGE_CURVE('',#1571,#1569,#1241,.T.);
#2056=EDGE_CURVE('',#1571,#1572,#681,.T.);
#2057=EDGE_CURVE('',#1572,#1570,#1242,.T.);
#2058=EDGE_CURVE('',#1573,#1571,#1243,.T.);
#2059=EDGE_CURVE('',#1574,#1573,#682,.T.);
#2060=EDGE_CURVE('',#1574,#1572,#1244,.T.);
#2061=EDGE_CURVE('',#1575,#1576,#1245,.T.);
#2062=EDGE_CURVE('',#1575,#1577,#683,.T.);
#2063=EDGE_CURVE('',#1577,#1578,#1246,.T.);
#2064=EDGE_CURVE('',#1576,#1578,#684,.T.);
#2065=EDGE_CURVE('',#1579,#1575,#1247,.T.);
#2066=EDGE_CURVE('',#1580,#1579,#685,.T.);
#2067=EDGE_CURVE('',#1580,#1577,#1248,.T.);
#2068=EDGE_CURVE('',#1581,#1582,#1249,.T.);
#2069=EDGE_CURVE('',#1581,#1583,#686,.T.);
#2070=EDGE_CURVE('',#1583,#1584,#1250,.T.);
#2071=EDGE_CURVE('',#1582,#1584,#687,.T.);
#2072=EDGE_CURVE('',#1585,#1581,#1251,.T.);
#2073=EDGE_CURVE('',#1585,#1586,#688,.T.);
#2074=EDGE_CURVE('',#1586,#1583,#1252,.T.);
#2075=EDGE_CURVE('',#1587,#1585,#1253,.T.);
#2076=EDGE_CURVE('',#1587,#1588,#689,.T.);
#2077=EDGE_CURVE('',#1588,#1586,#1254,.T.);
#2078=EDGE_CURVE('',#1585,#1586,#690,.T.);
#2079=EDGE_CURVE('',#1585,#1587,#1255,.T.);
#2080=EDGE_CURVE('',#1586,#1588,#1256,.T.);
#2081=EDGE_CURVE('',#1589,#1585,#1257,.T.);
#2082=EDGE_CURVE('',#1589,#1590,#691,.T.);
#2083=EDGE_CURVE('',#1590,#1586,#1258,.T.);
#2084=EDGE_CURVE('',#1591,#1589,#1259,.T.);
#2085=EDGE_CURVE('',#1591,#1592,#692,.T.);
#2086=EDGE_CURVE('',#1592,#1590,#1260,.T.);
#2087=EDGE_CURVE('',#1593,#1591,#1261,.T.);
#2088=EDGE_CURVE('',#1593,#1594,#693,.T.);
#2089=EDGE_CURVE('',#1594,#1592,#1262,.T.);
#2090=EDGE_CURVE('',#1595,#1593,#1263,.T.);
#2091=EDGE_CURVE('',#1596,#1595,#694,.T.);
#2092=EDGE_CURVE('',#1596,#1594,#1264,.T.);
#2093=EDGE_CURVE('',#1597,#1598,#1265,.T.);
#2094=EDGE_CURVE('',#1597,#1599,#695,.T.);
#2095=EDGE_CURVE('',#1599,#1600,#1266,.T.);
#2096=EDGE_CURVE('',#1598,#1600,#696,.T.);
#2097=EDGE_CURVE('',#1601,#1597,#1267,.T.);
#2098=EDGE_CURVE('',#1601,#1602,#697,.T.);
#2099=EDGE_CURVE('',#1602,#1599,#1268,.T.);
#2100=EDGE_CURVE('',#1603,#1601,#1269,.T.);
#2101=EDGE_CURVE('',#1603,#1604,#698,.T.);
#2102=EDGE_CURVE('',#1604,#1602,#1270,.T.);
#2103=EDGE_CURVE('',#1605,#1603,#1271,.T.);
#2104=EDGE_CURVE('',#1605,#1606,#699,.T.);
#2105=EDGE_CURVE('',#1606,#1604,#1272,.T.);
#2106=EDGE_CURVE('',#1607,#1605,#1273,.T.);
#2107=EDGE_CURVE('',#1608,#1607,#700,.T.);
#2108=EDGE_CURVE('',#1608,#1606,#1274,.T.);
#2109=EDGE_CURVE('',#1609,#1610,#1275,.T.);
#2110=EDGE_CURVE('',#1609,#1611,#701,.T.);
#2111=EDGE_CURVE('',#1611,#1612,#1276,.T.);
#2112=EDGE_CURVE('',#1610,#1612,#702,.T.);
#2113=EDGE_CURVE('',#1613,#1609,#1277,.T.);
#2114=EDGE_CURVE('',#1613,#1614,#703,.T.);
#2115=EDGE_CURVE('',#1614,#1611,#1278,.T.);
#2116=EDGE_CURVE('',#1615,#1613,#1279,.T.);
#2117=EDGE_CURVE('',#1616,#1615,#704,.T.);
#2118=EDGE_CURVE('',#1616,#1614,#1280,.T.);
#2119=EDGE_CURVE('',#1617,#1618,#1281,.T.);
#2120=EDGE_CURVE('',#1617,#1619,#705,.T.);
#2121=EDGE_CURVE('',#1619,#1620,#1282,.T.);
#2122=EDGE_CURVE('',#1618,#1620,#706,.T.);
#2123=EDGE_CURVE('',#1621,#1617,#1283,.T.);
#2124=EDGE_CURVE('',#1622,#1621,#707,.T.);
#2125=EDGE_CURVE('',#1622,#1619,#1284,.T.);
#2126=EDGE_CURVE('',#1623,#1624,#1285,.T.);
#2127=EDGE_CURVE('',#1623,#1625,#708,.T.);
#2128=EDGE_CURVE('',#1625,#1626,#1286,.T.);
#2129=EDGE_CURVE('',#1624,#1626,#709,.T.);
#2130=EDGE_CURVE('',#1627,#1623,#140,.T.);
#2131=EDGE_CURVE('',#1627,#1628,#710,.T.);
#2132=EDGE_CURVE('',#1628,#1625,#141,.T.);
#2133=EDGE_CURVE('',#1629,#1627,#1287,.T.);
#2134=EDGE_CURVE('',#1629,#1630,#711,.T.);
#2135=EDGE_CURVE('',#1630,#1628,#1288,.T.);
#2136=EDGE_CURVE('',#1631,#1629,#1289,.T.);
#2137=EDGE_CURVE('',#1631,#1632,#712,.T.);
#2138=EDGE_CURVE('',#1632,#1630,#1290,.T.);
#2139=EDGE_CURVE('',#1633,#1631,#1291,.T.);
#2140=EDGE_CURVE('',#1634,#1633,#713,.T.);
#2141=EDGE_CURVE('',#1634,#1632,#1292,.T.);
#2142=EDGE_CURVE('',#1635,#1636,#1293,.T.);
#2143=EDGE_CURVE('',#1635,#1637,#714,.T.);
#2144=EDGE_CURVE('',#1637,#1638,#1294,.T.);
#2145=EDGE_CURVE('',#1636,#1638,#715,.T.);
#2146=EDGE_CURVE('',#1639,#1635,#1295,.T.);
#2147=EDGE_CURVE('',#1639,#1640,#716,.T.);
#2148=EDGE_CURVE('',#1640,#1637,#1296,.T.);
#2149=EDGE_CURVE('',#1641,#1639,#1297,.T.);
#2150=EDGE_CURVE('',#1641,#1642,#717,.T.);
#2151=EDGE_CURVE('',#1642,#1640,#1298,.T.);
#2152=EDGE_CURVE('',#1643,#1641,#142,.T.);
#2153=EDGE_CURVE('',#1643,#1644,#718,.T.);
#2154=EDGE_CURVE('',#1644,#1642,#143,.T.);
#2155=EDGE_CURVE('',#1645,#1643,#1299,.T.);
#2156=EDGE_CURVE('',#1645,#1646,#719,.T.);
#2157=EDGE_CURVE('',#1646,#1644,#1300,.T.);
#2158=EDGE_CURVE('',#1647,#1645,#1301,.T.);
#2159=EDGE_CURVE('',#1647,#1648,#720,.T.);
#2160=EDGE_CURVE('',#1648,#1646,#1302,.T.);
#2161=EDGE_CURVE('',#1649,#1647,#1303,.T.);
#2162=EDGE_CURVE('',#1650,#1649,#721,.T.);
#2163=EDGE_CURVE('',#1650,#1648,#1304,.T.);
#2164=EDGE_CURVE('',#1651,#1652,#1305,.T.);
#2165=EDGE_CURVE('',#1653,#1651,#722,.T.);
#2166=EDGE_CURVE('',#1653,#1654,#1306,.T.);
#2167=EDGE_CURVE('',#1652,#1654,#723,.T.);
#2168=EDGE_CURVE('',#1655,#1656,#1307,.T.);
#2169=EDGE_CURVE('',#1655,#1657,#724,.T.);
#2170=EDGE_CURVE('',#1657,#1658,#1308,.T.);
#2171=EDGE_CURVE('',#1656,#1658,#725,.T.);
#2172=EDGE_CURVE('',#1659,#1655,#1309,.T.);
#2173=EDGE_CURVE('',#1659,#1660,#726,.T.);
#2174=EDGE_CURVE('',#1660,#1657,#1310,.T.);
#2175=EDGE_CURVE('',#1661,#1659,#1311,.T.);
#2176=EDGE_CURVE('',#1661,#1662,#727,.T.);
#2177=EDGE_CURVE('',#1662,#1660,#1312,.T.);
#2178=EDGE_CURVE('',#1663,#1661,#1313,.T.);
#2179=EDGE_CURVE('',#1663,#1664,#728,.T.);
#2180=EDGE_CURVE('',#1664,#1662,#1314,.T.);
#2181=EDGE_CURVE('',#1665,#1663,#1315,.T.);
#2182=EDGE_CURVE('',#1665,#1666,#729,.T.);
#2183=EDGE_CURVE('',#1666,#1664,#1316,.T.);
#2184=EDGE_CURVE('',#1667,#1665,#1317,.T.);
#2185=EDGE_CURVE('',#1668,#1667,#730,.T.);
#2186=EDGE_CURVE('',#1668,#1666,#1318,.T.);
#2187=EDGE_CURVE('',#1669,#1670,#1319,.T.);
#2188=EDGE_CURVE('',#1669,#1671,#731,.T.);
#2189=EDGE_CURVE('',#1671,#1672,#1320,.T.);
#2190=EDGE_CURVE('',#1670,#1672,#732,.T.);
#2191=EDGE_CURVE('',#1673,#1669,#1321,.T.);
#2192=EDGE_CURVE('',#1674,#1673,#733,.T.);
#2193=EDGE_CURVE('',#1674,#1671,#1322,.T.);
#2194=EDGE_CURVE('',#1675,#1676,#1323,.T.);
#2195=EDGE_CURVE('',#1675,#1677,#734,.T.);
#2196=EDGE_CURVE('',#1677,#1678,#1324,.T.);
#2197=EDGE_CURVE('',#1676,#1678,#735,.T.);
#2198=EDGE_CURVE('',#1679,#1675,#1325,.T.);
#2199=EDGE_CURVE('',#1679,#1680,#736,.T.);
#2200=EDGE_CURVE('',#1680,#1677,#1326,.T.);
#2201=EDGE_CURVE('',#1681,#1679,#1327,.T.);
#2202=EDGE_CURVE('',#1681,#1682,#737,.T.);
#2203=EDGE_CURVE('',#1682,#1680,#1328,.T.);
#2204=EDGE_CURVE('',#1683,#1681,#1329,.T.);
#2205=EDGE_CURVE('',#1683,#1684,#738,.T.);
#2206=EDGE_CURVE('',#1684,#1682,#1330,.T.);
#2207=EDGE_CURVE('',#1685,#1683,#1331,.T.);
#2208=EDGE_CURVE('',#1686,#1685,#739,.T.);
#2209=EDGE_CURVE('',#1686,#1684,#1332,.T.);
#2210=EDGE_CURVE('',#1687,#1688,#1333,.T.);
#2211=EDGE_CURVE('',#1687,#1689,#740,.T.);
#2212=EDGE_CURVE('',#1689,#1690,#1334,.T.);
#2213=EDGE_CURVE('',#1688,#1690,#741,.T.);
#2214=EDGE_CURVE('',#1691,#1687,#1335,.T.);
#2215=EDGE_CURVE('',#1691,#1692,#742,.T.);
#2216=EDGE_CURVE('',#1692,#1689,#1336,.T.);
#2217=EDGE_CURVE('',#1693,#1691,#1337,.T.);
#2218=EDGE_CURVE('',#1693,#1694,#743,.T.);
#2219=EDGE_CURVE('',#1694,#1692,#1338,.T.);
#2220=EDGE_CURVE('',#1695,#1693,#1339,.T.);
#2221=EDGE_CURVE('',#1695,#1696,#744,.T.);
#2222=EDGE_CURVE('',#1696,#1694,#1340,.T.);
#2223=EDGE_CURVE('',#1697,#1695,#1341,.T.);
#2224=EDGE_CURVE('',#1697,#1698,#745,.T.);
#2225=EDGE_CURVE('',#1698,#1696,#1342,.T.);
#2226=EDGE_CURVE('',#1695,#1696,#746,.T.);
#2227=EDGE_CURVE('',#1695,#1697,#1343,.T.);
#2228=EDGE_CURVE('',#1696,#1698,#1344,.T.);
#2229=EDGE_CURVE('',#1699,#1695,#1345,.T.);
#2230=EDGE_CURVE('',#1699,#1700,#747,.T.);
#2231=EDGE_CURVE('',#1700,#1696,#1346,.T.);
#2232=EDGE_CURVE('',#1701,#1699,#1347,.T.);
#2233=EDGE_CURVE('',#1702,#1701,#748,.T.);
#2234=EDGE_CURVE('',#1702,#1700,#1348,.T.);
#2235=EDGE_CURVE('',#1703,#1704,#1349,.T.);
#2236=EDGE_CURVE('',#1703,#1705,#749,.T.);
#2237=EDGE_CURVE('',#1705,#1706,#1350,.T.);
#2238=EDGE_CURVE('',#1704,#1706,#750,.T.);
#2239=EDGE_CURVE('',#1707,#1703,#1351,.T.);
#2240=EDGE_CURVE('',#1707,#1708,#751,.T.);
#2241=EDGE_CURVE('',#1708,#1705,#1352,.T.);
#2242=EDGE_CURVE('',#1709,#1707,#1353,.T.);
#2243=EDGE_CURVE('',#1709,#1710,#752,.T.);
#2244=EDGE_CURVE('',#1710,#1708,#1354,.T.);
#2245=EDGE_CURVE('',#1711,#1709,#1355,.T.);
#2246=EDGE_CURVE('',#1711,#1712,#753,.T.);
#2247=EDGE_CURVE('',#1712,#1710,#1356,.T.);
#2248=EDGE_CURVE('',#1713,#1711,#1357,.T.);
#2249=EDGE_CURVE('',#1713,#1714,#754,.T.);
#2250=EDGE_CURVE('',#1714,#1712,#1358,.T.);
#2251=EDGE_CURVE('',#1715,#1713,#1359,.T.);
#2252=EDGE_CURVE('',#1716,#1715,#755,.T.);
#2253=EDGE_CURVE('',#1716,#1714,#1360,.T.);
#2254=EDGE_CURVE('',#1408,#1717,#1361,.T.);
#2255=EDGE_CURVE('',#1410,#1718,#1362,.T.);
#2256=EDGE_CURVE('',#1717,#1718,#756,.T.);
#2257=EDGE_CURVE('',#1414,#1409,#36,.T.);
#2258=EDGE_CURVE('',#1418,#1413,#757,.T.);
#2259=EDGE_CURVE('',#1719,#1420,#758,.T.);
#2260=EDGE_CURVE('',#1424,#1719,#37,.T.);
#2261=EDGE_CURVE('',#1440,#1436,#38,.T.);
#2262=EDGE_CURVE('',#1720,#1460,#39,.T.);
#2263=EDGE_CURVE('',#1464,#1720,#40,.T.);
#2264=EDGE_CURVE('',#1492,#1488,#41,.T.);
#2265=EDGE_CURVE('',#1520,#1516,#42,.T.);
#2266=EDGE_CURVE('',#1721,#1542,#43,.T.);
#2267=EDGE_CURVE('',#1546,#1721,#759,.T.);
#2268=EDGE_CURVE('',#1554,#1550,#760,.T.);
#2269=EDGE_CURVE('',#1558,#1553,#44,.T.);
#2270=EDGE_CURVE('',#1564,#1560,#761,.T.);
#2271=EDGE_CURVE('',#1578,#1574,#762,.T.);
#2272=EDGE_CURVE('',#1584,#1580,#763,.T.);
#2273=EDGE_CURVE('',#1722,#1596,#45,.T.);
#2274=EDGE_CURVE('',#1600,#1722,#764,.T.);
#2275=EDGE_CURVE('',#1723,#1608,#765,.T.);
#2276=EDGE_CURVE('',#1612,#1723,#46,.T.);
#2277=EDGE_CURVE('',#1724,#1616,#47,.T.);
#2278=EDGE_CURVE('',#1725,#1724,#766,.T.);
#2279=EDGE_CURVE('',#1620,#1725,#48,.T.);
#2280=EDGE_CURVE('',#1726,#1622,#49,.T.);
#2281=EDGE_CURVE('',#1626,#1726,#50,.T.);
#2282=EDGE_CURVE('',#1638,#1634,#51,.T.);
#2283=EDGE_CURVE('',#1654,#1650,#52,.T.);
#2284=EDGE_CURVE('',#1727,#1653,#53,.T.);
#2285=EDGE_CURVE('',#1658,#1727,#767,.T.);
#2286=EDGE_CURVE('',#1728,#1668,#768,.T.);
#2287=EDGE_CURVE('',#1672,#1728,#54,.T.);
#2288=EDGE_CURVE('',#1729,#1674,#55,.T.);
#2289=EDGE_CURVE('',#1678,#1729,#769,.T.);
#2290=EDGE_CURVE('',#1690,#1686,#56,.T.);
#2291=EDGE_CURVE('',#1730,#1702,#57,.T.);
#2292=EDGE_CURVE('',#1706,#1730,#770,.T.);
#2293=EDGE_CURVE('',#1718,#1716,#771,.T.);
#2294=EDGE_CURVE('',#1731,#1551,#58,.T.);
#2295=EDGE_CURVE('',#1732,#1731,#772,.T.);
#2296=EDGE_CURVE('',#1732,#1733,#59,.T.);
#2297=EDGE_CURVE('',#1733,#1734,#773,.T.);
#2298=EDGE_CURVE('',#1556,#1734,#60,.T.);
#2299=EDGE_CURVE('',#1734,#1559,#774,.T.);
#2300=EDGE_CURVE('',#1733,#1735,#775,.T.);
#2301=EDGE_CURVE('',#1735,#1736,#776,.T.);
#2302=EDGE_CURVE('',#1582,#1736,#777,.T.);
#2303=EDGE_CURVE('',#1576,#1579,#778,.T.);
#2304=EDGE_CURVE('',#1562,#1573,#779,.T.);
#2305=EDGE_CURVE('',#1544,#1549,#780,.T.);
#2306=EDGE_CURVE('',#1737,#1721,#781,.T.);
#2307=EDGE_CURVE('',#1737,#1732,#782,.T.);
#2308=EDGE_CURVE('',#1552,#1731,#783,.T.);
#2309=EDGE_CURVE('',#1738,#1541,#61,.T.);
#2310=EDGE_CURVE('',#1739,#1738,#784,.T.);
#2311=EDGE_CURVE('',#1739,#1737,#62,.T.);
#2312=EDGE_CURVE('',#1490,#1515,#63,.T.);
#2313=EDGE_CURVE('',#1462,#1487,#64,.T.);
#2314=EDGE_CURVE('',#1740,#1720,#785,.T.);
#2315=EDGE_CURVE('',#1740,#1741,#65,.T.);
#2316=EDGE_CURVE('',#1741,#1742,#786,.T.);
#2317=EDGE_CURVE('',#1518,#1742,#66,.T.);
#2318=EDGE_CURVE('',#1743,#1459,#67,.T.);
#2319=EDGE_CURVE('',#1744,#1743,#787,.T.);
#2320=EDGE_CURVE('',#1744,#1740,#68,.T.);
#2321=EDGE_CURVE('',#1422,#1435,#69,.T.);
#2322=EDGE_CURVE('',#1745,#1719,#788,.T.);
#2323=EDGE_CURVE('',#1745,#1744,#70,.T.);
#2324=EDGE_CURVE('',#1438,#1743,#71,.T.);
#2325=EDGE_CURVE('',#1416,#1419,#789,.T.);
#2326=EDGE_CURVE('',#1746,#1411,#790,.T.);
#2327=EDGE_CURVE('',#1747,#1746,#791,.T.);
#2328=EDGE_CURVE('',#1747,#1745,#792,.T.);
#2329=EDGE_CURVE('',#1748,#1407,#72,.T.);
#2330=EDGE_CURVE('',#1749,#1748,#793,.T.);
#2331=EDGE_CURVE('',#1749,#1747,#73,.T.);
#2332=EDGE_CURVE('',#1412,#1746,#74,.T.);
#2333=EDGE_CURVE('',#1717,#1748,#794,.T.);
#2334=EDGE_CURVE('',#1704,#1715,#795,.T.);
#2335=EDGE_CURVE('',#1688,#1701,#75,.T.);
#2336=EDGE_CURVE('',#1670,#1673,#76,.T.);
#2337=EDGE_CURVE('',#1676,#1750,#796,.T.);
#2338=EDGE_CURVE('',#1750,#1685,#77,.T.);
#2339=EDGE_CURVE('',#1652,#1651,#78,.T.);
#2340=EDGE_CURVE('',#1656,#1667,#797,.T.);
#2341=EDGE_CURVE('',#1636,#1751,#79,.T.);
#2342=EDGE_CURVE('',#1751,#1752,#80,.T.);
#2343=EDGE_CURVE('',#1752,#1649,#81,.T.);
#2344=EDGE_CURVE('',#1618,#1621,#82,.T.);
#2345=EDGE_CURVE('',#1624,#1753,#83,.T.);
#2346=EDGE_CURVE('',#1753,#1633,#84,.T.);
#2347=EDGE_CURVE('',#1598,#1607,#798,.T.);
#2348=EDGE_CURVE('',#1610,#1615,#85,.T.);
#2349=EDGE_CURVE('',#1742,#1738,#86,.T.);
#2350=EDGE_CURVE('',#1736,#1595,#87,.T.);
#2351=EDGE_CURVE('',#1754,#1755,#88,.T.);
#2352=EDGE_CURVE('',#1756,#1754,#799,.T.);
#2353=EDGE_CURVE('',#1757,#1756,#89,.T.);
#2354=EDGE_CURVE('',#1758,#1757,#90,.T.);
#2355=EDGE_CURVE('',#1759,#1758,#91,.T.);
#2356=EDGE_CURVE('',#1760,#1759,#92,.T.);
#2357=EDGE_CURVE('',#1761,#1760,#93,.T.);
#2358=EDGE_CURVE('',#1762,#1761,#800,.T.);
#2359=EDGE_CURVE('',#1763,#1762,#94,.T.);
#2360=EDGE_CURVE('',#1764,#1763,#801,.T.);
#2361=EDGE_CURVE('',#1735,#1764,#95,.T.);
#2362=EDGE_CURVE('',#1741,#1739,#96,.T.);
#2363=EDGE_CURVE('',#1765,#1749,#802,.T.);
#2364=EDGE_CURVE('',#1766,#1765,#97,.T.);
#2365=EDGE_CURVE('',#1755,#1766,#803,.T.);
#2366=EDGE_CURVE('',#1764,#1722,#804,.T.);
#2367=EDGE_CURVE('',#1763,#1723,#805,.T.);
#2368=EDGE_CURVE('',#1762,#1724,#806,.T.);
#2369=EDGE_CURVE('',#1761,#1725,#807,.T.);
#2370=EDGE_CURVE('',#1760,#1726,#808,.T.);
#2371=EDGE_CURVE('',#1759,#1753,#809,.T.);
#2372=EDGE_CURVE('',#1758,#1751,#810,.T.);
#2373=EDGE_CURVE('',#1757,#1752,#811,.T.);
#2374=EDGE_CURVE('',#1756,#1727,#812,.T.);
#2375=EDGE_CURVE('',#1754,#1728,#813,.T.);
#2376=EDGE_CURVE('',#1755,#1729,#814,.T.);
#2377=EDGE_CURVE('',#1765,#1730,#815,.T.);
#2378=EDGE_CURVE('',#1766,#1750,#816,.T.);
#2379=ORIENTED_EDGE('',*,*,#1767,.F.);
#2380=ORIENTED_EDGE('',*,*,#1768,.T.);
#2381=ORIENTED_EDGE('',*,*,#1769,.T.);
#2382=ORIENTED_EDGE('',*,*,#1770,.F.);
#2383=ORIENTED_EDGE('',*,*,#1771,.F.);
#2384=ORIENTED_EDGE('',*,*,#1772,.T.);
#2385=ORIENTED_EDGE('',*,*,#1773,.T.);
#2386=ORIENTED_EDGE('',*,*,#1768,.F.);
#2387=ORIENTED_EDGE('',*,*,#1774,.F.);
#2388=ORIENTED_EDGE('',*,*,#1775,.T.);
#2389=ORIENTED_EDGE('',*,*,#1776,.T.);
#2390=ORIENTED_EDGE('',*,*,#1772,.F.);
#2391=ORIENTED_EDGE('',*,*,#1777,.F.);
#2392=ORIENTED_EDGE('',*,*,#1778,.T.);
#2393=ORIENTED_EDGE('',*,*,#1779,.T.);
#2394=ORIENTED_EDGE('',*,*,#1775,.F.);
#2395=ORIENTED_EDGE('',*,*,#1780,.F.);
#2396=ORIENTED_EDGE('',*,*,#1781,.T.);
#2397=ORIENTED_EDGE('',*,*,#1782,.T.);
#2398=ORIENTED_EDGE('',*,*,#1778,.F.);
#2399=ORIENTED_EDGE('',*,*,#1783,.F.);
#2400=ORIENTED_EDGE('',*,*,#1770,.T.);
#2401=ORIENTED_EDGE('',*,*,#1784,.T.);
#2402=ORIENTED_EDGE('',*,*,#1781,.F.);
#2403=ORIENTED_EDGE('',*,*,#1785,.F.);
#2404=ORIENTED_EDGE('',*,*,#1786,.T.);
#2405=ORIENTED_EDGE('',*,*,#1787,.T.);
#2406=ORIENTED_EDGE('',*,*,#1788,.F.);
#2407=ORIENTED_EDGE('',*,*,#1789,.F.);
#2408=ORIENTED_EDGE('',*,*,#1790,.T.);
#2409=ORIENTED_EDGE('',*,*,#1791,.T.);
#2410=ORIENTED_EDGE('',*,*,#1786,.F.);
#2411=ORIENTED_EDGE('',*,*,#1792,.F.);
#2412=ORIENTED_EDGE('',*,*,#1788,.T.);
#2413=ORIENTED_EDGE('',*,*,#1793,.T.);
#2414=ORIENTED_EDGE('',*,*,#1790,.F.);
#2415=ORIENTED_EDGE('',*,*,#1794,.F.);
#2416=ORIENTED_EDGE('',*,*,#1795,.T.);
#2417=ORIENTED_EDGE('',*,*,#1796,.T.);
#2418=ORIENTED_EDGE('',*,*,#1797,.F.);
#2419=ORIENTED_EDGE('',*,*,#1798,.F.);
#2420=ORIENTED_EDGE('',*,*,#1799,.T.);
#2421=ORIENTED_EDGE('',*,*,#1800,.T.);
#2422=ORIENTED_EDGE('',*,*,#1795,.F.);
#2423=ORIENTED_EDGE('',*,*,#1801,.F.);
#2424=ORIENTED_EDGE('',*,*,#1802,.T.);
#2425=ORIENTED_EDGE('',*,*,#1803,.T.);
#2426=ORIENTED_EDGE('',*,*,#1799,.F.);
#2427=ORIENTED_EDGE('',*,*,#1804,.F.);
#2428=ORIENTED_EDGE('',*,*,#1805,.T.);
#2429=ORIENTED_EDGE('',*,*,#1806,.T.);
#2430=ORIENTED_EDGE('',*,*,#1802,.F.);
#2431=ORIENTED_EDGE('',*,*,#1807,.F.);
#2432=ORIENTED_EDGE('',*,*,#1808,.T.);
#2433=ORIENTED_EDGE('',*,*,#1809,.T.);
#2434=ORIENTED_EDGE('',*,*,#1805,.F.);
#2435=ORIENTED_EDGE('',*,*,#1810,.F.);
#2436=ORIENTED_EDGE('',*,*,#1811,.T.);
#2437=ORIENTED_EDGE('',*,*,#1812,.T.);
#2438=ORIENTED_EDGE('',*,*,#1808,.F.);
#2439=ORIENTED_EDGE('',*,*,#1813,.F.);
#2440=ORIENTED_EDGE('',*,*,#1797,.T.);
#2441=ORIENTED_EDGE('',*,*,#1814,.T.);
#2442=ORIENTED_EDGE('',*,*,#1811,.F.);
#2443=ORIENTED_EDGE('',*,*,#1815,.F.);
#2444=ORIENTED_EDGE('',*,*,#1816,.T.);
#2445=ORIENTED_EDGE('',*,*,#1817,.T.);
#2446=ORIENTED_EDGE('',*,*,#1818,.F.);
#2447=ORIENTED_EDGE('',*,*,#1819,.F.);
#2448=ORIENTED_EDGE('',*,*,#1820,.T.);
#2449=ORIENTED_EDGE('',*,*,#1821,.T.);
#2450=ORIENTED_EDGE('',*,*,#1816,.F.);
#2451=ORIENTED_EDGE('',*,*,#1822,.F.);
#2452=ORIENTED_EDGE('',*,*,#1818,.T.);
#2453=ORIENTED_EDGE('',*,*,#1823,.T.);
#2454=ORIENTED_EDGE('',*,*,#1820,.F.);
#2455=ORIENTED_EDGE('',*,*,#1824,.F.);
#2456=ORIENTED_EDGE('',*,*,#1825,.T.);
#2457=ORIENTED_EDGE('',*,*,#1826,.T.);
#2458=ORIENTED_EDGE('',*,*,#1827,.F.);
#2459=ORIENTED_EDGE('',*,*,#1828,.F.);
#2460=ORIENTED_EDGE('',*,*,#1829,.T.);
#2461=ORIENTED_EDGE('',*,*,#1830,.T.);
#2462=ORIENTED_EDGE('',*,*,#1825,.F.);
#2463=ORIENTED_EDGE('',*,*,#1831,.F.);
#2464=ORIENTED_EDGE('',*,*,#1827,.T.);
#2465=ORIENTED_EDGE('',*,*,#1832,.T.);
#2466=ORIENTED_EDGE('',*,*,#1829,.F.);
#2467=ORIENTED_EDGE('',*,*,#1833,.F.);
#2468=ORIENTED_EDGE('',*,*,#1834,.F.);
#2469=ORIENTED_EDGE('',*,*,#1835,.T.);
#2470=ORIENTED_EDGE('',*,*,#1836,.F.);
#2471=ORIENTED_EDGE('',*,*,#1837,.F.);
#2472=ORIENTED_EDGE('',*,*,#1838,.F.);
#2473=ORIENTED_EDGE('',*,*,#1839,.T.);
#2474=ORIENTED_EDGE('',*,*,#1840,.F.);
#2475=ORIENTED_EDGE('',*,*,#1841,.F.);
#2476=ORIENTED_EDGE('',*,*,#1842,.T.);
#2477=ORIENTED_EDGE('',*,*,#1843,.T.);
#2478=ORIENTED_EDGE('',*,*,#1844,.F.);
#2479=ORIENTED_EDGE('',*,*,#1845,.F.);
#2480=ORIENTED_EDGE('',*,*,#1846,.F.);
#2481=ORIENTED_EDGE('',*,*,#1847,.T.);
#2482=ORIENTED_EDGE('',*,*,#1842,.F.);
#2483=ORIENTED_EDGE('',*,*,#1848,.F.);
#2484=ORIENTED_EDGE('',*,*,#1849,.T.);
#2485=ORIENTED_EDGE('',*,*,#1850,.T.);
#2486=ORIENTED_EDGE('',*,*,#1851,.F.);
#2487=ORIENTED_EDGE('',*,*,#1852,.F.);
#2488=ORIENTED_EDGE('',*,*,#1853,.T.);
#2489=ORIENTED_EDGE('',*,*,#1854,.T.);
#2490=ORIENTED_EDGE('',*,*,#1849,.F.);
#2491=ORIENTED_EDGE('',*,*,#1855,.F.);
#2492=ORIENTED_EDGE('',*,*,#1856,.T.);
#2493=ORIENTED_EDGE('',*,*,#1857,.T.);
#2494=ORIENTED_EDGE('',*,*,#1853,.F.);
#2495=ORIENTED_EDGE('',*,*,#1858,.F.);
#2496=ORIENTED_EDGE('',*,*,#1859,.T.);
#2497=ORIENTED_EDGE('',*,*,#1860,.T.);
#2498=ORIENTED_EDGE('',*,*,#1856,.F.);
#2499=ORIENTED_EDGE('',*,*,#1861,.F.);
#2500=ORIENTED_EDGE('',*,*,#1862,.T.);
#2501=ORIENTED_EDGE('',*,*,#1863,.T.);
#2502=ORIENTED_EDGE('',*,*,#1859,.F.);
#2503=ORIENTED_EDGE('',*,*,#1864,.F.);
#2504=ORIENTED_EDGE('',*,*,#1865,.T.);
#2505=ORIENTED_EDGE('',*,*,#1866,.T.);
#2506=ORIENTED_EDGE('',*,*,#1862,.F.);
#2507=ORIENTED_EDGE('',*,*,#1867,.F.);
#2508=ORIENTED_EDGE('',*,*,#1868,.F.);
#2509=ORIENTED_EDGE('',*,*,#1869,.T.);
#2510=ORIENTED_EDGE('',*,*,#1865,.F.);
#2511=ORIENTED_EDGE('',*,*,#1870,.F.);
#2512=ORIENTED_EDGE('',*,*,#1871,.T.);
#2513=ORIENTED_EDGE('',*,*,#1872,.T.);
#2514=ORIENTED_EDGE('',*,*,#1873,.F.);
#2515=ORIENTED_EDGE('',*,*,#1874,.F.);
#2516=ORIENTED_EDGE('',*,*,#1875,.T.);
#2517=ORIENTED_EDGE('',*,*,#1876,.T.);
#2518=ORIENTED_EDGE('',*,*,#1871,.F.);
#2519=ORIENTED_EDGE('',*,*,#1877,.F.);
#2520=ORIENTED_EDGE('',*,*,#1878,.T.);
#2521=ORIENTED_EDGE('',*,*,#1879,.T.);
#2522=ORIENTED_EDGE('',*,*,#1875,.F.);
#2523=ORIENTED_EDGE('',*,*,#1880,.F.);
#2524=ORIENTED_EDGE('',*,*,#1881,.T.);
#2525=ORIENTED_EDGE('',*,*,#1882,.T.);
#2526=ORIENTED_EDGE('',*,*,#1878,.F.);
#2527=ORIENTED_EDGE('',*,*,#1883,.F.);
#2528=ORIENTED_EDGE('',*,*,#1884,.T.);
#2529=ORIENTED_EDGE('',*,*,#1885,.T.);
#2530=ORIENTED_EDGE('',*,*,#1881,.F.);
#2531=ORIENTED_EDGE('',*,*,#1886,.F.);
#2532=ORIENTED_EDGE('',*,*,#1887,.T.);
#2533=ORIENTED_EDGE('',*,*,#1888,.T.);
#2534=ORIENTED_EDGE('',*,*,#1884,.F.);
#2535=ORIENTED_EDGE('',*,*,#1889,.F.);
#2536=ORIENTED_EDGE('',*,*,#1890,.T.);
#2537=ORIENTED_EDGE('',*,*,#1891,.T.);
#2538=ORIENTED_EDGE('',*,*,#1887,.F.);
#2539=ORIENTED_EDGE('',*,*,#1892,.F.);
#2540=ORIENTED_EDGE('',*,*,#1893,.T.);
#2541=ORIENTED_EDGE('',*,*,#1894,.T.);
#2542=ORIENTED_EDGE('',*,*,#1890,.F.);
#2543=ORIENTED_EDGE('',*,*,#1895,.F.);
#2544=ORIENTED_EDGE('',*,*,#1896,.T.);
#2545=ORIENTED_EDGE('',*,*,#1897,.T.);
#2546=ORIENTED_EDGE('',*,*,#1893,.F.);
#2547=ORIENTED_EDGE('',*,*,#1898,.F.);
#2548=ORIENTED_EDGE('',*,*,#1899,.T.);
#2549=ORIENTED_EDGE('',*,*,#1900,.T.);
#2550=ORIENTED_EDGE('',*,*,#1896,.F.);
#2551=ORIENTED_EDGE('',*,*,#1901,.F.);
#2552=ORIENTED_EDGE('',*,*,#1902,.F.);
#2553=ORIENTED_EDGE('',*,*,#1903,.T.);
#2554=ORIENTED_EDGE('',*,*,#1899,.F.);
#2555=ORIENTED_EDGE('',*,*,#1904,.F.);
#2556=ORIENTED_EDGE('',*,*,#1905,.T.);
#2557=ORIENTED_EDGE('',*,*,#1906,.T.);
#2558=ORIENTED_EDGE('',*,*,#1907,.F.);
#2559=ORIENTED_EDGE('',*,*,#1908,.F.);
#2560=ORIENTED_EDGE('',*,*,#1909,.T.);
#2561=ORIENTED_EDGE('',*,*,#1910,.T.);
#2562=ORIENTED_EDGE('',*,*,#1905,.F.);
#2563=ORIENTED_EDGE('',*,*,#1911,.F.);
#2564=ORIENTED_EDGE('',*,*,#1912,.T.);
#2565=ORIENTED_EDGE('',*,*,#1913,.T.);
#2566=ORIENTED_EDGE('',*,*,#1909,.F.);
#2567=ORIENTED_EDGE('',*,*,#1914,.F.);
#2568=ORIENTED_EDGE('',*,*,#1915,.T.);
#2569=ORIENTED_EDGE('',*,*,#1916,.T.);
#2570=ORIENTED_EDGE('',*,*,#1912,.F.);
#2571=ORIENTED_EDGE('',*,*,#1917,.F.);
#2572=ORIENTED_EDGE('',*,*,#1918,.T.);
#2573=ORIENTED_EDGE('',*,*,#1919,.T.);
#2574=ORIENTED_EDGE('',*,*,#1915,.F.);
#2575=ORIENTED_EDGE('',*,*,#1920,.F.);
#2576=ORIENTED_EDGE('',*,*,#1921,.T.);
#2577=ORIENTED_EDGE('',*,*,#1922,.T.);
#2578=ORIENTED_EDGE('',*,*,#1918,.F.);
#2579=ORIENTED_EDGE('',*,*,#1923,.F.);
#2580=ORIENTED_EDGE('',*,*,#1924,.T.);
#2581=ORIENTED_EDGE('',*,*,#1925,.T.);
#2582=ORIENTED_EDGE('',*,*,#1921,.F.);
#2583=ORIENTED_EDGE('',*,*,#1926,.F.);
#2584=ORIENTED_EDGE('',*,*,#1927,.T.);
#2585=ORIENTED_EDGE('',*,*,#1928,.T.);
#2586=ORIENTED_EDGE('',*,*,#1924,.F.);
#2587=ORIENTED_EDGE('',*,*,#1929,.F.);
#2588=ORIENTED_EDGE('',*,*,#1930,.T.);
#2589=ORIENTED_EDGE('',*,*,#1931,.T.);
#2590=ORIENTED_EDGE('',*,*,#1927,.F.);
#2591=ORIENTED_EDGE('',*,*,#1932,.F.);
#2592=ORIENTED_EDGE('',*,*,#1933,.T.);
#2593=ORIENTED_EDGE('',*,*,#1934,.T.);
#2594=ORIENTED_EDGE('',*,*,#1930,.F.);
#2595=ORIENTED_EDGE('',*,*,#1935,.F.);
#2596=ORIENTED_EDGE('',*,*,#1936,.T.);
#2597=ORIENTED_EDGE('',*,*,#1937,.T.);
#2598=ORIENTED_EDGE('',*,*,#1933,.F.);
#2599=ORIENTED_EDGE('',*,*,#1938,.F.);
#2600=ORIENTED_EDGE('',*,*,#1939,.T.);
#2601=ORIENTED_EDGE('',*,*,#1940,.T.);
#2602=ORIENTED_EDGE('',*,*,#1936,.F.);
#2603=ORIENTED_EDGE('',*,*,#1941,.F.);
#2604=ORIENTED_EDGE('',*,*,#1942,.F.);
#2605=ORIENTED_EDGE('',*,*,#1943,.T.);
#2606=ORIENTED_EDGE('',*,*,#1939,.F.);
#2607=ORIENTED_EDGE('',*,*,#1944,.F.);
#2608=ORIENTED_EDGE('',*,*,#1945,.T.);
#2609=ORIENTED_EDGE('',*,*,#1946,.T.);
#2610=ORIENTED_EDGE('',*,*,#1947,.F.);
#2611=ORIENTED_EDGE('',*,*,#1948,.F.);
#2612=ORIENTED_EDGE('',*,*,#1949,.T.);
#2613=ORIENTED_EDGE('',*,*,#1950,.T.);
#2614=ORIENTED_EDGE('',*,*,#1945,.F.);
#2615=ORIENTED_EDGE('',*,*,#1951,.F.);
#2616=ORIENTED_EDGE('',*,*,#1952,.T.);
#2617=ORIENTED_EDGE('',*,*,#1953,.T.);
#2618=ORIENTED_EDGE('',*,*,#1949,.F.);
#2619=ORIENTED_EDGE('',*,*,#1954,.F.);
#2620=ORIENTED_EDGE('',*,*,#1955,.T.);
#2621=ORIENTED_EDGE('',*,*,#1956,.T.);
#2622=ORIENTED_EDGE('',*,*,#1952,.F.);
#2623=ORIENTED_EDGE('',*,*,#1957,.F.);
#2624=ORIENTED_EDGE('',*,*,#1958,.T.);
#2625=ORIENTED_EDGE('',*,*,#1959,.T.);
#2626=ORIENTED_EDGE('',*,*,#1955,.F.);
#2627=ORIENTED_EDGE('',*,*,#1960,.F.);
#2628=ORIENTED_EDGE('',*,*,#1961,.T.);
#2629=ORIENTED_EDGE('',*,*,#1962,.T.);
#2630=ORIENTED_EDGE('',*,*,#1958,.F.);
#2631=ORIENTED_EDGE('',*,*,#1963,.F.);
#2632=ORIENTED_EDGE('',*,*,#1964,.T.);
#2633=ORIENTED_EDGE('',*,*,#1965,.T.);
#2634=ORIENTED_EDGE('',*,*,#1961,.F.);
#2635=ORIENTED_EDGE('',*,*,#1966,.F.);
#2636=ORIENTED_EDGE('',*,*,#1967,.T.);
#2637=ORIENTED_EDGE('',*,*,#1968,.T.);
#2638=ORIENTED_EDGE('',*,*,#1964,.F.);
#2639=ORIENTED_EDGE('',*,*,#1969,.F.);
#2640=ORIENTED_EDGE('',*,*,#1970,.T.);
#2641=ORIENTED_EDGE('',*,*,#1971,.T.);
#2642=ORIENTED_EDGE('',*,*,#1967,.F.);
#2643=ORIENTED_EDGE('',*,*,#1972,.F.);
#2644=ORIENTED_EDGE('',*,*,#1973,.T.);
#2645=ORIENTED_EDGE('',*,*,#1974,.T.);
#2646=ORIENTED_EDGE('',*,*,#1970,.F.);
#2647=ORIENTED_EDGE('',*,*,#1975,.F.);
#2648=ORIENTED_EDGE('',*,*,#1976,.T.);
#2649=ORIENTED_EDGE('',*,*,#1977,.T.);
#2650=ORIENTED_EDGE('',*,*,#1973,.F.);
#2651=ORIENTED_EDGE('',*,*,#1978,.F.);
#2652=ORIENTED_EDGE('',*,*,#1979,.T.);
#2653=ORIENTED_EDGE('',*,*,#1980,.T.);
#2654=ORIENTED_EDGE('',*,*,#1976,.F.);
#2655=ORIENTED_EDGE('',*,*,#1981,.F.);
#2656=ORIENTED_EDGE('',*,*,#1982,.F.);
#2657=ORIENTED_EDGE('',*,*,#1983,.T.);
#2658=ORIENTED_EDGE('',*,*,#1979,.F.);
#2659=ORIENTED_EDGE('',*,*,#1984,.F.);
#2660=ORIENTED_EDGE('',*,*,#1985,.T.);
#2661=ORIENTED_EDGE('',*,*,#1986,.T.);
#2662=ORIENTED_EDGE('',*,*,#1987,.F.);
#2663=ORIENTED_EDGE('',*,*,#1988,.F.);
#2664=ORIENTED_EDGE('',*,*,#1989,.T.);
#2665=ORIENTED_EDGE('',*,*,#1990,.T.);
#2666=ORIENTED_EDGE('',*,*,#1985,.F.);
#2667=ORIENTED_EDGE('',*,*,#1991,.F.);
#2668=ORIENTED_EDGE('',*,*,#1992,.T.);
#2669=ORIENTED_EDGE('',*,*,#1993,.T.);
#2670=ORIENTED_EDGE('',*,*,#1989,.F.);
#2671=ORIENTED_EDGE('',*,*,#1994,.F.);
#2672=ORIENTED_EDGE('',*,*,#1995,.T.);
#2673=ORIENTED_EDGE('',*,*,#1996,.T.);
#2674=ORIENTED_EDGE('',*,*,#1992,.F.);
#2675=ORIENTED_EDGE('',*,*,#1997,.F.);
#2676=ORIENTED_EDGE('',*,*,#1998,.T.);
#2677=ORIENTED_EDGE('',*,*,#1999,.T.);
#2678=ORIENTED_EDGE('',*,*,#1995,.F.);
#2679=ORIENTED_EDGE('',*,*,#2000,.F.);
#2680=ORIENTED_EDGE('',*,*,#2001,.T.);
#2681=ORIENTED_EDGE('',*,*,#2002,.T.);
#2682=ORIENTED_EDGE('',*,*,#1998,.F.);
#2683=ORIENTED_EDGE('',*,*,#2003,.F.);
#2684=ORIENTED_EDGE('',*,*,#2004,.T.);
#2685=ORIENTED_EDGE('',*,*,#2005,.T.);
#2686=ORIENTED_EDGE('',*,*,#2001,.F.);
#2687=ORIENTED_EDGE('',*,*,#2006,.F.);
#2688=ORIENTED_EDGE('',*,*,#2007,.T.);
#2689=ORIENTED_EDGE('',*,*,#2008,.T.);
#2690=ORIENTED_EDGE('',*,*,#2004,.F.);
#2691=ORIENTED_EDGE('',*,*,#2009,.F.);
#2692=ORIENTED_EDGE('',*,*,#2010,.T.);
#2693=ORIENTED_EDGE('',*,*,#2011,.T.);
#2694=ORIENTED_EDGE('',*,*,#2007,.F.);
#2695=ORIENTED_EDGE('',*,*,#2012,.F.);
#2696=ORIENTED_EDGE('',*,*,#2013,.T.);
#2697=ORIENTED_EDGE('',*,*,#2014,.T.);
#2698=ORIENTED_EDGE('',*,*,#2010,.F.);
#2699=ORIENTED_EDGE('',*,*,#2015,.F.);
#2700=ORIENTED_EDGE('',*,*,#2016,.T.);
#2701=ORIENTED_EDGE('',*,*,#2017,.T.);
#2702=ORIENTED_EDGE('',*,*,#2013,.F.);
#2703=ORIENTED_EDGE('',*,*,#2018,.F.);
#2704=ORIENTED_EDGE('',*,*,#2019,.F.);
#2705=ORIENTED_EDGE('',*,*,#2020,.T.);
#2706=ORIENTED_EDGE('',*,*,#2016,.F.);
#2707=ORIENTED_EDGE('',*,*,#2021,.F.);
#2708=ORIENTED_EDGE('',*,*,#2022,.T.);
#2709=ORIENTED_EDGE('',*,*,#2023,.T.);
#2710=ORIENTED_EDGE('',*,*,#2024,.F.);
#2711=ORIENTED_EDGE('',*,*,#2025,.F.);
#2712=ORIENTED_EDGE('',*,*,#2026,.T.);
#2713=ORIENTED_EDGE('',*,*,#2027,.T.);
#2714=ORIENTED_EDGE('',*,*,#2022,.F.);
#2715=ORIENTED_EDGE('',*,*,#2028,.F.);
#2716=ORIENTED_EDGE('',*,*,#2029,.F.);
#2717=ORIENTED_EDGE('',*,*,#2030,.T.);
#2718=ORIENTED_EDGE('',*,*,#2026,.F.);
#2719=ORIENTED_EDGE('',*,*,#2031,.F.);
#2720=ORIENTED_EDGE('',*,*,#2032,.F.);
#2721=ORIENTED_EDGE('',*,*,#2033,.T.);
#2722=ORIENTED_EDGE('',*,*,#2034,.F.);
#2723=ORIENTED_EDGE('',*,*,#2035,.F.);
#2724=ORIENTED_EDGE('',*,*,#2036,.T.);
#2725=ORIENTED_EDGE('',*,*,#2037,.T.);
#2726=ORIENTED_EDGE('',*,*,#2038,.F.);
#2727=ORIENTED_EDGE('',*,*,#2039,.F.);
#2728=ORIENTED_EDGE('',*,*,#2040,.F.);
#2729=ORIENTED_EDGE('',*,*,#2041,.T.);
#2730=ORIENTED_EDGE('',*,*,#2036,.F.);
#2731=ORIENTED_EDGE('',*,*,#2042,.F.);
#2732=ORIENTED_EDGE('',*,*,#2043,.T.);
#2733=ORIENTED_EDGE('',*,*,#2044,.T.);
#2734=ORIENTED_EDGE('',*,*,#2045,.F.);
#2735=ORIENTED_EDGE('',*,*,#2046,.F.);
#2736=ORIENTED_EDGE('',*,*,#2047,.T.);
#2737=ORIENTED_EDGE('',*,*,#2048,.T.);
#2738=ORIENTED_EDGE('',*,*,#2043,.F.);
#2739=ORIENTED_EDGE('',*,*,#2049,.F.);
#2740=ORIENTED_EDGE('',*,*,#2050,.T.);
#2741=ORIENTED_EDGE('',*,*,#2051,.T.);
#2742=ORIENTED_EDGE('',*,*,#2047,.F.);
#2743=ORIENTED_EDGE('',*,*,#2052,.F.);
#2744=ORIENTED_EDGE('',*,*,#2053,.T.);
#2745=ORIENTED_EDGE('',*,*,#2054,.T.);
#2746=ORIENTED_EDGE('',*,*,#2050,.F.);
#2747=ORIENTED_EDGE('',*,*,#2055,.F.);
#2748=ORIENTED_EDGE('',*,*,#2056,.T.);
#2749=ORIENTED_EDGE('',*,*,#2057,.T.);
#2750=ORIENTED_EDGE('',*,*,#2053,.F.);
#2751=ORIENTED_EDGE('',*,*,#2058,.F.);
#2752=ORIENTED_EDGE('',*,*,#2059,.F.);
#2753=ORIENTED_EDGE('',*,*,#2060,.T.);
#2754=ORIENTED_EDGE('',*,*,#2056,.F.);
#2755=ORIENTED_EDGE('',*,*,#2061,.F.);
#2756=ORIENTED_EDGE('',*,*,#2062,.T.);
#2757=ORIENTED_EDGE('',*,*,#2063,.T.);
#2758=ORIENTED_EDGE('',*,*,#2064,.F.);
#2759=ORIENTED_EDGE('',*,*,#2065,.F.);
#2760=ORIENTED_EDGE('',*,*,#2066,.F.);
#2761=ORIENTED_EDGE('',*,*,#2067,.T.);
#2762=ORIENTED_EDGE('',*,*,#2062,.F.);
#2763=ORIENTED_EDGE('',*,*,#2068,.F.);
#2764=ORIENTED_EDGE('',*,*,#2069,.T.);
#2765=ORIENTED_EDGE('',*,*,#2070,.T.);
#2766=ORIENTED_EDGE('',*,*,#2071,.F.);
#2767=ORIENTED_EDGE('',*,*,#2072,.F.);
#2768=ORIENTED_EDGE('',*,*,#2073,.T.);
#2769=ORIENTED_EDGE('',*,*,#2074,.T.);
#2770=ORIENTED_EDGE('',*,*,#2069,.F.);
#2771=ORIENTED_EDGE('',*,*,#2075,.F.);
#2772=ORIENTED_EDGE('',*,*,#2076,.T.);
#2773=ORIENTED_EDGE('',*,*,#2077,.T.);
#2774=ORIENTED_EDGE('',*,*,#2078,.F.);
#2775=ORIENTED_EDGE('',*,*,#2079,.F.);
#2776=ORIENTED_EDGE('',*,*,#2078,.T.);
#2777=ORIENTED_EDGE('',*,*,#2080,.T.);
#2778=ORIENTED_EDGE('',*,*,#2076,.F.);
#2779=ORIENTED_EDGE('',*,*,#2081,.F.);
#2780=ORIENTED_EDGE('',*,*,#2082,.T.);
#2781=ORIENTED_EDGE('',*,*,#2083,.T.);
#2782=ORIENTED_EDGE('',*,*,#2073,.F.);
#2783=ORIENTED_EDGE('',*,*,#2084,.F.);
#2784=ORIENTED_EDGE('',*,*,#2085,.T.);
#2785=ORIENTED_EDGE('',*,*,#2086,.T.);
#2786=ORIENTED_EDGE('',*,*,#2082,.F.);
#2787=ORIENTED_EDGE('',*,*,#2087,.F.);
#2788=ORIENTED_EDGE('',*,*,#2088,.T.);
#2789=ORIENTED_EDGE('',*,*,#2089,.T.);
#2790=ORIENTED_EDGE('',*,*,#2085,.F.);
#2791=ORIENTED_EDGE('',*,*,#2090,.F.);
#2792=ORIENTED_EDGE('',*,*,#2091,.F.);
#2793=ORIENTED_EDGE('',*,*,#2092,.T.);
#2794=ORIENTED_EDGE('',*,*,#2088,.F.);
#2795=ORIENTED_EDGE('',*,*,#2093,.F.);
#2796=ORIENTED_EDGE('',*,*,#2094,.T.);
#2797=ORIENTED_EDGE('',*,*,#2095,.T.);
#2798=ORIENTED_EDGE('',*,*,#2096,.F.);
#2799=ORIENTED_EDGE('',*,*,#2097,.F.);
#2800=ORIENTED_EDGE('',*,*,#2098,.T.);
#2801=ORIENTED_EDGE('',*,*,#2099,.T.);
#2802=ORIENTED_EDGE('',*,*,#2094,.F.);
#2803=ORIENTED_EDGE('',*,*,#2100,.F.);
#2804=ORIENTED_EDGE('',*,*,#2101,.T.);
#2805=ORIENTED_EDGE('',*,*,#2102,.T.);
#2806=ORIENTED_EDGE('',*,*,#2098,.F.);
#2807=ORIENTED_EDGE('',*,*,#2103,.F.);
#2808=ORIENTED_EDGE('',*,*,#2104,.T.);
#2809=ORIENTED_EDGE('',*,*,#2105,.T.);
#2810=ORIENTED_EDGE('',*,*,#2101,.F.);
#2811=ORIENTED_EDGE('',*,*,#2106,.F.);
#2812=ORIENTED_EDGE('',*,*,#2107,.F.);
#2813=ORIENTED_EDGE('',*,*,#2108,.T.);
#2814=ORIENTED_EDGE('',*,*,#2104,.F.);
#2815=ORIENTED_EDGE('',*,*,#2109,.F.);
#2816=ORIENTED_EDGE('',*,*,#2110,.T.);
#2817=ORIENTED_EDGE('',*,*,#2111,.T.);
#2818=ORIENTED_EDGE('',*,*,#2112,.F.);
#2819=ORIENTED_EDGE('',*,*,#2113,.F.);
#2820=ORIENTED_EDGE('',*,*,#2114,.T.);
#2821=ORIENTED_EDGE('',*,*,#2115,.T.);
#2822=ORIENTED_EDGE('',*,*,#2110,.F.);
#2823=ORIENTED_EDGE('',*,*,#2116,.F.);
#2824=ORIENTED_EDGE('',*,*,#2117,.F.);
#2825=ORIENTED_EDGE('',*,*,#2118,.T.);
#2826=ORIENTED_EDGE('',*,*,#2114,.F.);
#2827=ORIENTED_EDGE('',*,*,#2119,.F.);
#2828=ORIENTED_EDGE('',*,*,#2120,.T.);
#2829=ORIENTED_EDGE('',*,*,#2121,.T.);
#2830=ORIENTED_EDGE('',*,*,#2122,.F.);
#2831=ORIENTED_EDGE('',*,*,#2123,.F.);
#2832=ORIENTED_EDGE('',*,*,#2124,.F.);
#2833=ORIENTED_EDGE('',*,*,#2125,.T.);
#2834=ORIENTED_EDGE('',*,*,#2120,.F.);
#2835=ORIENTED_EDGE('',*,*,#2126,.F.);
#2836=ORIENTED_EDGE('',*,*,#2127,.T.);
#2837=ORIENTED_EDGE('',*,*,#2128,.T.);
#2838=ORIENTED_EDGE('',*,*,#2129,.F.);
#2839=ORIENTED_EDGE('',*,*,#2130,.F.);
#2840=ORIENTED_EDGE('',*,*,#2131,.T.);
#2841=ORIENTED_EDGE('',*,*,#2132,.T.);
#2842=ORIENTED_EDGE('',*,*,#2127,.F.);
#2843=ORIENTED_EDGE('',*,*,#2133,.F.);
#2844=ORIENTED_EDGE('',*,*,#2134,.T.);
#2845=ORIENTED_EDGE('',*,*,#2135,.T.);
#2846=ORIENTED_EDGE('',*,*,#2131,.F.);
#2847=ORIENTED_EDGE('',*,*,#2136,.F.);
#2848=ORIENTED_EDGE('',*,*,#2137,.T.);
#2849=ORIENTED_EDGE('',*,*,#2138,.T.);
#2850=ORIENTED_EDGE('',*,*,#2134,.F.);
#2851=ORIENTED_EDGE('',*,*,#2139,.F.);
#2852=ORIENTED_EDGE('',*,*,#2140,.F.);
#2853=ORIENTED_EDGE('',*,*,#2141,.T.);
#2854=ORIENTED_EDGE('',*,*,#2137,.F.);
#2855=ORIENTED_EDGE('',*,*,#2142,.F.);
#2856=ORIENTED_EDGE('',*,*,#2143,.T.);
#2857=ORIENTED_EDGE('',*,*,#2144,.T.);
#2858=ORIENTED_EDGE('',*,*,#2145,.F.);
#2859=ORIENTED_EDGE('',*,*,#2146,.F.);
#2860=ORIENTED_EDGE('',*,*,#2147,.T.);
#2861=ORIENTED_EDGE('',*,*,#2148,.T.);
#2862=ORIENTED_EDGE('',*,*,#2143,.F.);
#2863=ORIENTED_EDGE('',*,*,#2149,.F.);
#2864=ORIENTED_EDGE('',*,*,#2150,.T.);
#2865=ORIENTED_EDGE('',*,*,#2151,.T.);
#2866=ORIENTED_EDGE('',*,*,#2147,.F.);
#2867=ORIENTED_EDGE('',*,*,#2152,.F.);
#2868=ORIENTED_EDGE('',*,*,#2153,.T.);
#2869=ORIENTED_EDGE('',*,*,#2154,.T.);
#2870=ORIENTED_EDGE('',*,*,#2150,.F.);
#2871=ORIENTED_EDGE('',*,*,#2155,.F.);
#2872=ORIENTED_EDGE('',*,*,#2156,.T.);
#2873=ORIENTED_EDGE('',*,*,#2157,.T.);
#2874=ORIENTED_EDGE('',*,*,#2153,.F.);
#2875=ORIENTED_EDGE('',*,*,#2158,.F.);
#2876=ORIENTED_EDGE('',*,*,#2159,.T.);
#2877=ORIENTED_EDGE('',*,*,#2160,.T.);
#2878=ORIENTED_EDGE('',*,*,#2156,.F.);
#2879=ORIENTED_EDGE('',*,*,#2161,.F.);
#2880=ORIENTED_EDGE('',*,*,#2162,.F.);
#2881=ORIENTED_EDGE('',*,*,#2163,.T.);
#2882=ORIENTED_EDGE('',*,*,#2159,.F.);
#2883=ORIENTED_EDGE('',*,*,#2164,.F.);
#2884=ORIENTED_EDGE('',*,*,#2165,.F.);
#2885=ORIENTED_EDGE('',*,*,#2166,.T.);
#2886=ORIENTED_EDGE('',*,*,#2167,.F.);
#2887=ORIENTED_EDGE('',*,*,#2168,.F.);
#2888=ORIENTED_EDGE('',*,*,#2169,.T.);
#2889=ORIENTED_EDGE('',*,*,#2170,.T.);
#2890=ORIENTED_EDGE('',*,*,#2171,.F.);
#2891=ORIENTED_EDGE('',*,*,#2172,.F.);
#2892=ORIENTED_EDGE('',*,*,#2173,.T.);
#2893=ORIENTED_EDGE('',*,*,#2174,.T.);
#2894=ORIENTED_EDGE('',*,*,#2169,.F.);
#2895=ORIENTED_EDGE('',*,*,#2175,.F.);
#2896=ORIENTED_EDGE('',*,*,#2176,.T.);
#2897=ORIENTED_EDGE('',*,*,#2177,.T.);
#2898=ORIENTED_EDGE('',*,*,#2173,.F.);
#2899=ORIENTED_EDGE('',*,*,#2178,.F.);
#2900=ORIENTED_EDGE('',*,*,#2179,.T.);
#2901=ORIENTED_EDGE('',*,*,#2180,.T.);
#2902=ORIENTED_EDGE('',*,*,#2176,.F.);
#2903=ORIENTED_EDGE('',*,*,#2181,.F.);
#2904=ORIENTED_EDGE('',*,*,#2182,.T.);
#2905=ORIENTED_EDGE('',*,*,#2183,.T.);
#2906=ORIENTED_EDGE('',*,*,#2179,.F.);
#2907=ORIENTED_EDGE('',*,*,#2184,.F.);
#2908=ORIENTED_EDGE('',*,*,#2185,.F.);
#2909=ORIENTED_EDGE('',*,*,#2186,.T.);
#2910=ORIENTED_EDGE('',*,*,#2182,.F.);
#2911=ORIENTED_EDGE('',*,*,#2187,.F.);
#2912=ORIENTED_EDGE('',*,*,#2188,.T.);
#2913=ORIENTED_EDGE('',*,*,#2189,.T.);
#2914=ORIENTED_EDGE('',*,*,#2190,.F.);
#2915=ORIENTED_EDGE('',*,*,#2191,.F.);
#2916=ORIENTED_EDGE('',*,*,#2192,.F.);
#2917=ORIENTED_EDGE('',*,*,#2193,.T.);
#2918=ORIENTED_EDGE('',*,*,#2188,.F.);
#2919=ORIENTED_EDGE('',*,*,#2194,.F.);
#2920=ORIENTED_EDGE('',*,*,#2195,.T.);
#2921=ORIENTED_EDGE('',*,*,#2196,.T.);
#2922=ORIENTED_EDGE('',*,*,#2197,.F.);
#2923=ORIENTED_EDGE('',*,*,#2198,.F.);
#2924=ORIENTED_EDGE('',*,*,#2199,.T.);
#2925=ORIENTED_EDGE('',*,*,#2200,.T.);
#2926=ORIENTED_EDGE('',*,*,#2195,.F.);
#2927=ORIENTED_EDGE('',*,*,#2201,.F.);
#2928=ORIENTED_EDGE('',*,*,#2202,.T.);
#2929=ORIENTED_EDGE('',*,*,#2203,.T.);
#2930=ORIENTED_EDGE('',*,*,#2199,.F.);
#2931=ORIENTED_EDGE('',*,*,#2204,.F.);
#2932=ORIENTED_EDGE('',*,*,#2205,.T.);
#2933=ORIENTED_EDGE('',*,*,#2206,.T.);
#2934=ORIENTED_EDGE('',*,*,#2202,.F.);
#2935=ORIENTED_EDGE('',*,*,#2207,.F.);
#2936=ORIENTED_EDGE('',*,*,#2208,.F.);
#2937=ORIENTED_EDGE('',*,*,#2209,.T.);
#2938=ORIENTED_EDGE('',*,*,#2205,.F.);
#2939=ORIENTED_EDGE('',*,*,#2210,.F.);
#2940=ORIENTED_EDGE('',*,*,#2211,.T.);
#2941=ORIENTED_EDGE('',*,*,#2212,.T.);
#2942=ORIENTED_EDGE('',*,*,#2213,.F.);
#2943=ORIENTED_EDGE('',*,*,#2214,.F.);
#2944=ORIENTED_EDGE('',*,*,#2215,.T.);
#2945=ORIENTED_EDGE('',*,*,#2216,.T.);
#2946=ORIENTED_EDGE('',*,*,#2211,.F.);
#2947=ORIENTED_EDGE('',*,*,#2217,.F.);
#2948=ORIENTED_EDGE('',*,*,#2218,.T.);
#2949=ORIENTED_EDGE('',*,*,#2219,.T.);
#2950=ORIENTED_EDGE('',*,*,#2215,.F.);
#2951=ORIENTED_EDGE('',*,*,#2220,.F.);
#2952=ORIENTED_EDGE('',*,*,#2221,.T.);
#2953=ORIENTED_EDGE('',*,*,#2222,.T.);
#2954=ORIENTED_EDGE('',*,*,#2218,.F.);
#2955=ORIENTED_EDGE('',*,*,#2223,.F.);
#2956=ORIENTED_EDGE('',*,*,#2224,.T.);
#2957=ORIENTED_EDGE('',*,*,#2225,.T.);
#2958=ORIENTED_EDGE('',*,*,#2226,.F.);
#2959=ORIENTED_EDGE('',*,*,#2227,.F.);
#2960=ORIENTED_EDGE('',*,*,#2226,.T.);
#2961=ORIENTED_EDGE('',*,*,#2228,.T.);
#2962=ORIENTED_EDGE('',*,*,#2224,.F.);
#2963=ORIENTED_EDGE('',*,*,#2229,.F.);
#2964=ORIENTED_EDGE('',*,*,#2230,.T.);
#2965=ORIENTED_EDGE('',*,*,#2231,.T.);
#2966=ORIENTED_EDGE('',*,*,#2221,.F.);
#2967=ORIENTED_EDGE('',*,*,#2232,.F.);
#2968=ORIENTED_EDGE('',*,*,#2233,.F.);
#2969=ORIENTED_EDGE('',*,*,#2234,.T.);
#2970=ORIENTED_EDGE('',*,*,#2230,.F.);
#2971=ORIENTED_EDGE('',*,*,#2235,.F.);
#2972=ORIENTED_EDGE('',*,*,#2236,.T.);
#2973=ORIENTED_EDGE('',*,*,#2237,.T.);
#2974=ORIENTED_EDGE('',*,*,#2238,.F.);
#2975=ORIENTED_EDGE('',*,*,#2239,.F.);
#2976=ORIENTED_EDGE('',*,*,#2240,.T.);
#2977=ORIENTED_EDGE('',*,*,#2241,.T.);
#2978=ORIENTED_EDGE('',*,*,#2236,.F.);
#2979=ORIENTED_EDGE('',*,*,#2242,.F.);
#2980=ORIENTED_EDGE('',*,*,#2243,.T.);
#2981=ORIENTED_EDGE('',*,*,#2244,.T.);
#2982=ORIENTED_EDGE('',*,*,#2240,.F.);
#2983=ORIENTED_EDGE('',*,*,#2245,.F.);
#2984=ORIENTED_EDGE('',*,*,#2246,.T.);
#2985=ORIENTED_EDGE('',*,*,#2247,.T.);
#2986=ORIENTED_EDGE('',*,*,#2243,.F.);
#2987=ORIENTED_EDGE('',*,*,#2248,.F.);
#2988=ORIENTED_EDGE('',*,*,#2249,.T.);
#2989=ORIENTED_EDGE('',*,*,#2250,.T.);
#2990=ORIENTED_EDGE('',*,*,#2246,.F.);
#2991=ORIENTED_EDGE('',*,*,#2251,.F.);
#2992=ORIENTED_EDGE('',*,*,#2252,.F.);
#2993=ORIENTED_EDGE('',*,*,#2253,.T.);
#2994=ORIENTED_EDGE('',*,*,#2249,.F.);
#2995=ORIENTED_EDGE('',*,*,#2254,.F.);
#2996=ORIENTED_EDGE('',*,*,#1836,.T.);
#2997=ORIENTED_EDGE('',*,*,#2255,.T.);
#2998=ORIENTED_EDGE('',*,*,#2256,.F.);
#2999=ORIENTED_EDGE('',*,*,#2255,.F.);
#3000=ORIENTED_EDGE('',*,*,#1835,.F.);
#3001=ORIENTED_EDGE('',*,*,#2257,.F.);
#3002=ORIENTED_EDGE('',*,*,#1839,.F.);
#3003=ORIENTED_EDGE('',*,*,#2258,.F.);
#3004=ORIENTED_EDGE('',*,*,#1843,.F.);
#3005=ORIENTED_EDGE('',*,*,#1847,.F.);
#3006=ORIENTED_EDGE('',*,*,#2259,.F.);
#3007=ORIENTED_EDGE('',*,*,#2260,.F.);
#3008=ORIENTED_EDGE('',*,*,#1850,.F.);
#3009=ORIENTED_EDGE('',*,*,#1854,.F.);
#3010=ORIENTED_EDGE('',*,*,#1857,.F.);
#3011=ORIENTED_EDGE('',*,*,#1860,.F.);
#3012=ORIENTED_EDGE('',*,*,#1863,.F.);
#3013=ORIENTED_EDGE('',*,*,#1866,.F.);
#3014=ORIENTED_EDGE('',*,*,#1869,.F.);
#3015=ORIENTED_EDGE('',*,*,#2261,.F.);
#3016=ORIENTED_EDGE('',*,*,#1872,.F.);
#3017=ORIENTED_EDGE('',*,*,#1876,.F.);
#3018=ORIENTED_EDGE('',*,*,#1879,.F.);
#3019=ORIENTED_EDGE('',*,*,#1882,.F.);
#3020=ORIENTED_EDGE('',*,*,#1885,.F.);
#3021=ORIENTED_EDGE('',*,*,#1888,.F.);
#3022=ORIENTED_EDGE('',*,*,#1891,.F.);
#3023=ORIENTED_EDGE('',*,*,#1894,.F.);
#3024=ORIENTED_EDGE('',*,*,#1897,.F.);
#3025=ORIENTED_EDGE('',*,*,#1900,.F.);
#3026=ORIENTED_EDGE('',*,*,#1903,.F.);
#3027=ORIENTED_EDGE('',*,*,#2262,.F.);
#3028=ORIENTED_EDGE('',*,*,#2263,.F.);
#3029=ORIENTED_EDGE('',*,*,#1906,.F.);
#3030=ORIENTED_EDGE('',*,*,#1910,.F.);
#3031=ORIENTED_EDGE('',*,*,#1913,.F.);
#3032=ORIENTED_EDGE('',*,*,#1916,.F.);
#3033=ORIENTED_EDGE('',*,*,#1919,.F.);
#3034=ORIENTED_EDGE('',*,*,#1922,.F.);
#3035=ORIENTED_EDGE('',*,*,#1925,.F.);
#3036=ORIENTED_EDGE('',*,*,#1928,.F.);
#3037=ORIENTED_EDGE('',*,*,#1931,.F.);
#3038=ORIENTED_EDGE('',*,*,#1934,.F.);
#3039=ORIENTED_EDGE('',*,*,#1937,.F.);
#3040=ORIENTED_EDGE('',*,*,#1940,.F.);
#3041=ORIENTED_EDGE('',*,*,#1943,.F.);
#3042=ORIENTED_EDGE('',*,*,#2264,.F.);
#3043=ORIENTED_EDGE('',*,*,#1946,.F.);
#3044=ORIENTED_EDGE('',*,*,#1950,.F.);
#3045=ORIENTED_EDGE('',*,*,#1953,.F.);
#3046=ORIENTED_EDGE('',*,*,#1956,.F.);
#3047=ORIENTED_EDGE('',*,*,#1959,.F.);
#3048=ORIENTED_EDGE('',*,*,#1962,.F.);
#3049=ORIENTED_EDGE('',*,*,#1965,.F.);
#3050=ORIENTED_EDGE('',*,*,#1968,.F.);
#3051=ORIENTED_EDGE('',*,*,#1971,.F.);
#3052=ORIENTED_EDGE('',*,*,#1974,.F.);
#3053=ORIENTED_EDGE('',*,*,#1977,.F.);
#3054=ORIENTED_EDGE('',*,*,#1980,.F.);
#3055=ORIENTED_EDGE('',*,*,#1983,.F.);
#3056=ORIENTED_EDGE('',*,*,#2265,.F.);
#3057=ORIENTED_EDGE('',*,*,#1986,.F.);
#3058=ORIENTED_EDGE('',*,*,#1990,.F.);
#3059=ORIENTED_EDGE('',*,*,#1993,.F.);
#3060=ORIENTED_EDGE('',*,*,#1996,.F.);
#3061=ORIENTED_EDGE('',*,*,#1999,.F.);
#3062=ORIENTED_EDGE('',*,*,#2002,.F.);
#3063=ORIENTED_EDGE('',*,*,#2005,.F.);
#3064=ORIENTED_EDGE('',*,*,#2008,.F.);
#3065=ORIENTED_EDGE('',*,*,#2011,.F.);
#3066=ORIENTED_EDGE('',*,*,#2014,.F.);
#3067=ORIENTED_EDGE('',*,*,#2017,.F.);
#3068=ORIENTED_EDGE('',*,*,#2020,.F.);
#3069=ORIENTED_EDGE('',*,*,#2266,.F.);
#3070=ORIENTED_EDGE('',*,*,#2267,.F.);
#3071=ORIENTED_EDGE('',*,*,#2023,.F.);
#3072=ORIENTED_EDGE('',*,*,#2027,.F.);
#3073=ORIENTED_EDGE('',*,*,#2030,.F.);
#3074=ORIENTED_EDGE('',*,*,#2268,.F.);
#3075=ORIENTED_EDGE('',*,*,#2033,.F.);
#3076=ORIENTED_EDGE('',*,*,#2269,.F.);
#3077=ORIENTED_EDGE('',*,*,#2037,.F.);
#3078=ORIENTED_EDGE('',*,*,#2041,.F.);
#3079=ORIENTED_EDGE('',*,*,#2270,.F.);
#3080=ORIENTED_EDGE('',*,*,#2044,.F.);
#3081=ORIENTED_EDGE('',*,*,#2048,.F.);
#3082=ORIENTED_EDGE('',*,*,#2051,.F.);
#3083=ORIENTED_EDGE('',*,*,#2054,.F.);
#3084=ORIENTED_EDGE('',*,*,#2057,.F.);
#3085=ORIENTED_EDGE('',*,*,#2060,.F.);
#3086=ORIENTED_EDGE('',*,*,#2271,.F.);
#3087=ORIENTED_EDGE('',*,*,#2063,.F.);
#3088=ORIENTED_EDGE('',*,*,#2067,.F.);
#3089=ORIENTED_EDGE('',*,*,#2272,.F.);
#3090=ORIENTED_EDGE('',*,*,#2070,.F.);
#3091=ORIENTED_EDGE('',*,*,#2074,.F.);
#3092=ORIENTED_EDGE('',*,*,#2077,.F.);
#3093=ORIENTED_EDGE('',*,*,#2080,.F.);
#3094=ORIENTED_EDGE('',*,*,#2083,.F.);
#3095=ORIENTED_EDGE('',*,*,#2086,.F.);
#3096=ORIENTED_EDGE('',*,*,#2089,.F.);
#3097=ORIENTED_EDGE('',*,*,#2092,.F.);
#3098=ORIENTED_EDGE('',*,*,#2273,.F.);
#3099=ORIENTED_EDGE('',*,*,#2274,.F.);
#3100=ORIENTED_EDGE('',*,*,#2095,.F.);
#3101=ORIENTED_EDGE('',*,*,#2099,.F.);
#3102=ORIENTED_EDGE('',*,*,#2102,.F.);
#3103=ORIENTED_EDGE('',*,*,#2105,.F.);
#3104=ORIENTED_EDGE('',*,*,#2108,.F.);
#3105=ORIENTED_EDGE('',*,*,#2275,.F.);
#3106=ORIENTED_EDGE('',*,*,#2276,.F.);
#3107=ORIENTED_EDGE('',*,*,#2111,.F.);
#3108=ORIENTED_EDGE('',*,*,#2115,.F.);
#3109=ORIENTED_EDGE('',*,*,#2118,.F.);
#3110=ORIENTED_EDGE('',*,*,#2277,.F.);
#3111=ORIENTED_EDGE('',*,*,#2278,.F.);
#3112=ORIENTED_EDGE('',*,*,#2279,.F.);
#3113=ORIENTED_EDGE('',*,*,#2121,.F.);
#3114=ORIENTED_EDGE('',*,*,#2125,.F.);
#3115=ORIENTED_EDGE('',*,*,#2280,.F.);
#3116=ORIENTED_EDGE('',*,*,#2281,.F.);
#3117=ORIENTED_EDGE('',*,*,#2128,.F.);
#3118=ORIENTED_EDGE('',*,*,#2132,.F.);
#3119=ORIENTED_EDGE('',*,*,#2135,.F.);
#3120=ORIENTED_EDGE('',*,*,#2138,.F.);
#3121=ORIENTED_EDGE('',*,*,#2141,.F.);
#3122=ORIENTED_EDGE('',*,*,#2282,.F.);
#3123=ORIENTED_EDGE('',*,*,#2144,.F.);
#3124=ORIENTED_EDGE('',*,*,#2148,.F.);
#3125=ORIENTED_EDGE('',*,*,#2151,.F.);
#3126=ORIENTED_EDGE('',*,*,#2154,.F.);
#3127=ORIENTED_EDGE('',*,*,#2157,.F.);
#3128=ORIENTED_EDGE('',*,*,#2160,.F.);
#3129=ORIENTED_EDGE('',*,*,#2163,.F.);
#3130=ORIENTED_EDGE('',*,*,#2283,.F.);
#3131=ORIENTED_EDGE('',*,*,#2166,.F.);
#3132=ORIENTED_EDGE('',*,*,#2284,.F.);
#3133=ORIENTED_EDGE('',*,*,#2285,.F.);
#3134=ORIENTED_EDGE('',*,*,#2170,.F.);
#3135=ORIENTED_EDGE('',*,*,#2174,.F.);
#3136=ORIENTED_EDGE('',*,*,#2177,.F.);
#3137=ORIENTED_EDGE('',*,*,#2180,.F.);
#3138=ORIENTED_EDGE('',*,*,#2183,.F.);
#3139=ORIENTED_EDGE('',*,*,#2186,.F.);
#3140=ORIENTED_EDGE('',*,*,#2286,.F.);
#3141=ORIENTED_EDGE('',*,*,#2287,.F.);
#3142=ORIENTED_EDGE('',*,*,#2189,.F.);
#3143=ORIENTED_EDGE('',*,*,#2193,.F.);
#3144=ORIENTED_EDGE('',*,*,#2288,.F.);
#3145=ORIENTED_EDGE('',*,*,#2289,.F.);
#3146=ORIENTED_EDGE('',*,*,#2196,.F.);
#3147=ORIENTED_EDGE('',*,*,#2200,.F.);
#3148=ORIENTED_EDGE('',*,*,#2203,.F.);
#3149=ORIENTED_EDGE('',*,*,#2206,.F.);
#3150=ORIENTED_EDGE('',*,*,#2209,.F.);
#3151=ORIENTED_EDGE('',*,*,#2290,.F.);
#3152=ORIENTED_EDGE('',*,*,#2212,.F.);
#3153=ORIENTED_EDGE('',*,*,#2216,.F.);
#3154=ORIENTED_EDGE('',*,*,#2219,.F.);
#3155=ORIENTED_EDGE('',*,*,#2222,.F.);
#3156=ORIENTED_EDGE('',*,*,#2225,.F.);
#3157=ORIENTED_EDGE('',*,*,#2228,.F.);
#3158=ORIENTED_EDGE('',*,*,#2231,.F.);
#3159=ORIENTED_EDGE('',*,*,#2234,.F.);
#3160=ORIENTED_EDGE('',*,*,#2291,.F.);
#3161=ORIENTED_EDGE('',*,*,#2292,.F.);
#3162=ORIENTED_EDGE('',*,*,#2237,.F.);
#3163=ORIENTED_EDGE('',*,*,#2241,.F.);
#3164=ORIENTED_EDGE('',*,*,#2244,.F.);
#3165=ORIENTED_EDGE('',*,*,#2247,.F.);
#3166=ORIENTED_EDGE('',*,*,#2250,.F.);
#3167=ORIENTED_EDGE('',*,*,#2253,.F.);
#3168=ORIENTED_EDGE('',*,*,#2293,.F.);
#3169=ORIENTED_EDGE('',*,*,#1832,.F.);
#3170=ORIENTED_EDGE('',*,*,#1826,.F.);
#3171=ORIENTED_EDGE('',*,*,#1830,.F.);
#3172=ORIENTED_EDGE('',*,*,#1823,.F.);
#3173=ORIENTED_EDGE('',*,*,#1817,.F.);
#3174=ORIENTED_EDGE('',*,*,#1821,.F.);
#3175=ORIENTED_EDGE('',*,*,#1814,.F.);
#3176=ORIENTED_EDGE('',*,*,#1796,.F.);
#3177=ORIENTED_EDGE('',*,*,#1800,.F.);
#3178=ORIENTED_EDGE('',*,*,#1803,.F.);
#3179=ORIENTED_EDGE('',*,*,#1806,.F.);
#3180=ORIENTED_EDGE('',*,*,#1809,.F.);
#3181=ORIENTED_EDGE('',*,*,#1812,.F.);
#3182=ORIENTED_EDGE('',*,*,#1793,.F.);
#3183=ORIENTED_EDGE('',*,*,#1787,.F.);
#3184=ORIENTED_EDGE('',*,*,#1791,.F.);
#3185=ORIENTED_EDGE('',*,*,#1784,.F.);
#3186=ORIENTED_EDGE('',*,*,#1769,.F.);
#3187=ORIENTED_EDGE('',*,*,#1773,.F.);
#3188=ORIENTED_EDGE('',*,*,#1776,.F.);
#3189=ORIENTED_EDGE('',*,*,#1779,.F.);
#3190=ORIENTED_EDGE('',*,*,#1782,.F.);
#3191=ORIENTED_EDGE('',*,*,#2038,.T.);
#3192=ORIENTED_EDGE('',*,*,#2269,.T.);
#3193=ORIENTED_EDGE('',*,*,#2032,.T.);
#3194=ORIENTED_EDGE('',*,*,#2294,.F.);
#3195=ORIENTED_EDGE('',*,*,#2295,.F.);
#3196=ORIENTED_EDGE('',*,*,#2296,.T.);
#3197=ORIENTED_EDGE('',*,*,#2297,.T.);
#3198=ORIENTED_EDGE('',*,*,#2298,.F.);
#3199=ORIENTED_EDGE('',*,*,#2045,.T.);
#3200=ORIENTED_EDGE('',*,*,#2270,.T.);
#3201=ORIENTED_EDGE('',*,*,#2040,.T.);
#3202=ORIENTED_EDGE('',*,*,#2299,.F.);
#3203=ORIENTED_EDGE('',*,*,#2297,.F.);
#3204=ORIENTED_EDGE('',*,*,#2300,.T.);
#3205=ORIENTED_EDGE('',*,*,#2301,.T.);
#3206=ORIENTED_EDGE('',*,*,#2302,.F.);
#3207=ORIENTED_EDGE('',*,*,#2071,.T.);
#3208=ORIENTED_EDGE('',*,*,#2272,.T.);
#3209=ORIENTED_EDGE('',*,*,#2066,.T.);
#3210=ORIENTED_EDGE('',*,*,#2303,.F.);
#3211=ORIENTED_EDGE('',*,*,#2064,.T.);
#3212=ORIENTED_EDGE('',*,*,#2271,.T.);
#3213=ORIENTED_EDGE('',*,*,#2059,.T.);
#3214=ORIENTED_EDGE('',*,*,#2304,.F.);
#3215=ORIENTED_EDGE('',*,*,#2034,.T.);
#3216=ORIENTED_EDGE('',*,*,#2268,.T.);
#3217=ORIENTED_EDGE('',*,*,#2029,.T.);
#3218=ORIENTED_EDGE('',*,*,#2305,.F.);
#3219=ORIENTED_EDGE('',*,*,#2024,.T.);
#3220=ORIENTED_EDGE('',*,*,#2267,.T.);
#3221=ORIENTED_EDGE('',*,*,#2306,.F.);
#3222=ORIENTED_EDGE('',*,*,#2307,.T.);
#3223=ORIENTED_EDGE('',*,*,#2295,.T.);
#3224=ORIENTED_EDGE('',*,*,#2308,.F.);
#3225=ORIENTED_EDGE('',*,*,#2266,.T.);
#3226=ORIENTED_EDGE('',*,*,#2019,.T.);
#3227=ORIENTED_EDGE('',*,*,#2309,.F.);
#3228=ORIENTED_EDGE('',*,*,#2310,.F.);
#3229=ORIENTED_EDGE('',*,*,#2311,.T.);
#3230=ORIENTED_EDGE('',*,*,#2306,.T.);
#3231=ORIENTED_EDGE('',*,*,#1987,.T.);
#3232=ORIENTED_EDGE('',*,*,#2265,.T.);
#3233=ORIENTED_EDGE('',*,*,#1982,.T.);
#3234=ORIENTED_EDGE('',*,*,#2312,.F.);
#3235=ORIENTED_EDGE('',*,*,#1947,.T.);
#3236=ORIENTED_EDGE('',*,*,#2264,.T.);
#3237=ORIENTED_EDGE('',*,*,#1942,.T.);
#3238=ORIENTED_EDGE('',*,*,#2313,.F.);
#3239=ORIENTED_EDGE('',*,*,#1907,.T.);
#3240=ORIENTED_EDGE('',*,*,#2263,.T.);
#3241=ORIENTED_EDGE('',*,*,#2314,.F.);
#3242=ORIENTED_EDGE('',*,*,#2315,.T.);
#3243=ORIENTED_EDGE('',*,*,#2316,.T.);
#3244=ORIENTED_EDGE('',*,*,#2317,.F.);
#3245=ORIENTED_EDGE('',*,*,#2262,.T.);
#3246=ORIENTED_EDGE('',*,*,#1902,.T.);
#3247=ORIENTED_EDGE('',*,*,#2318,.F.);
#3248=ORIENTED_EDGE('',*,*,#2319,.F.);
#3249=ORIENTED_EDGE('',*,*,#2320,.T.);
#3250=ORIENTED_EDGE('',*,*,#2314,.T.);
#3251=ORIENTED_EDGE('',*,*,#1873,.T.);
#3252=ORIENTED_EDGE('',*,*,#2261,.T.);
#3253=ORIENTED_EDGE('',*,*,#1868,.T.);
#3254=ORIENTED_EDGE('',*,*,#2321,.F.);
#3255=ORIENTED_EDGE('',*,*,#1851,.T.);
#3256=ORIENTED_EDGE('',*,*,#2260,.T.);
#3257=ORIENTED_EDGE('',*,*,#2322,.F.);
#3258=ORIENTED_EDGE('',*,*,#2323,.T.);
#3259=ORIENTED_EDGE('',*,*,#2319,.T.);
#3260=ORIENTED_EDGE('',*,*,#2324,.F.);
#3261=ORIENTED_EDGE('',*,*,#2259,.T.);
#3262=ORIENTED_EDGE('',*,*,#1846,.T.);
#3263=ORIENTED_EDGE('',*,*,#2325,.F.);
#3264=ORIENTED_EDGE('',*,*,#1844,.T.);
#3265=ORIENTED_EDGE('',*,*,#2258,.T.);
#3266=ORIENTED_EDGE('',*,*,#1838,.T.);
#3267=ORIENTED_EDGE('',*,*,#2326,.F.);
#3268=ORIENTED_EDGE('',*,*,#2327,.F.);
#3269=ORIENTED_EDGE('',*,*,#2328,.T.);
#3270=ORIENTED_EDGE('',*,*,#2322,.T.);
#3271=ORIENTED_EDGE('',*,*,#1840,.T.);
#3272=ORIENTED_EDGE('',*,*,#2257,.T.);
#3273=ORIENTED_EDGE('',*,*,#1834,.T.);
#3274=ORIENTED_EDGE('',*,*,#2329,.F.);
#3275=ORIENTED_EDGE('',*,*,#2330,.F.);
#3276=ORIENTED_EDGE('',*,*,#2331,.T.);
#3277=ORIENTED_EDGE('',*,*,#2327,.T.);
#3278=ORIENTED_EDGE('',*,*,#2332,.F.);
#3279=ORIENTED_EDGE('',*,*,#1845,.T.);
#3280=ORIENTED_EDGE('',*,*,#1841,.T.);
#3281=ORIENTED_EDGE('',*,*,#2325,.T.);
#3282=ORIENTED_EDGE('',*,*,#1824,.T.);
#3283=ORIENTED_EDGE('',*,*,#1831,.T.);
#3284=ORIENTED_EDGE('',*,*,#1828,.T.);
#3285=ORIENTED_EDGE('',*,*,#1815,.T.);
#3286=ORIENTED_EDGE('',*,*,#1822,.T.);
#3287=ORIENTED_EDGE('',*,*,#1819,.T.);
#3288=ORIENTED_EDGE('',*,*,#1794,.T.);
#3289=ORIENTED_EDGE('',*,*,#1813,.T.);
#3290=ORIENTED_EDGE('',*,*,#1810,.T.);
#3291=ORIENTED_EDGE('',*,*,#1807,.T.);
#3292=ORIENTED_EDGE('',*,*,#1804,.T.);
#3293=ORIENTED_EDGE('',*,*,#1801,.T.);
#3294=ORIENTED_EDGE('',*,*,#1798,.T.);
#3295=ORIENTED_EDGE('',*,*,#1785,.T.);
#3296=ORIENTED_EDGE('',*,*,#1792,.T.);
#3297=ORIENTED_EDGE('',*,*,#1789,.T.);
#3298=ORIENTED_EDGE('',*,*,#1767,.T.);
#3299=ORIENTED_EDGE('',*,*,#1783,.T.);
#3300=ORIENTED_EDGE('',*,*,#1780,.T.);
#3301=ORIENTED_EDGE('',*,*,#1777,.T.);
#3302=ORIENTED_EDGE('',*,*,#1774,.T.);
#3303=ORIENTED_EDGE('',*,*,#1771,.T.);
#3304=ORIENTED_EDGE('',*,*,#1833,.T.);
#3305=ORIENTED_EDGE('',*,*,#2254,.T.);
#3306=ORIENTED_EDGE('',*,*,#2333,.T.);
#3307=ORIENTED_EDGE('',*,*,#2329,.T.);
#3308=ORIENTED_EDGE('',*,*,#1837,.T.);
#3309=ORIENTED_EDGE('',*,*,#2332,.T.);
#3310=ORIENTED_EDGE('',*,*,#2326,.T.);
#3311=ORIENTED_EDGE('',*,*,#2235,.T.);
#3312=ORIENTED_EDGE('',*,*,#2334,.T.);
#3313=ORIENTED_EDGE('',*,*,#2251,.T.);
#3314=ORIENTED_EDGE('',*,*,#2248,.T.);
#3315=ORIENTED_EDGE('',*,*,#2245,.T.);
#3316=ORIENTED_EDGE('',*,*,#2242,.T.);
#3317=ORIENTED_EDGE('',*,*,#2239,.T.);
#3318=ORIENTED_EDGE('',*,*,#1867,.T.);
#3319=ORIENTED_EDGE('',*,*,#1864,.T.);
#3320=ORIENTED_EDGE('',*,*,#1861,.T.);
#3321=ORIENTED_EDGE('',*,*,#1858,.T.);
#3322=ORIENTED_EDGE('',*,*,#1855,.T.);
#3323=ORIENTED_EDGE('',*,*,#1852,.T.);
#3324=ORIENTED_EDGE('',*,*,#1848,.T.);
#3325=ORIENTED_EDGE('',*,*,#2321,.T.);
#3326=ORIENTED_EDGE('',*,*,#2210,.T.);
#3327=ORIENTED_EDGE('',*,*,#2335,.T.);
#3328=ORIENTED_EDGE('',*,*,#2232,.T.);
#3329=ORIENTED_EDGE('',*,*,#2229,.T.);
#3330=ORIENTED_EDGE('',*,*,#2220,.T.);
#3331=ORIENTED_EDGE('',*,*,#2217,.T.);
#3332=ORIENTED_EDGE('',*,*,#2214,.T.);
#3333=ORIENTED_EDGE('',*,*,#2187,.T.);
#3334=ORIENTED_EDGE('',*,*,#2336,.T.);
#3335=ORIENTED_EDGE('',*,*,#2191,.T.);
#3336=ORIENTED_EDGE('',*,*,#2194,.T.);
#3337=ORIENTED_EDGE('',*,*,#2337,.T.);
#3338=ORIENTED_EDGE('',*,*,#2338,.T.);
#3339=ORIENTED_EDGE('',*,*,#2207,.T.);
#3340=ORIENTED_EDGE('',*,*,#2204,.T.);
#3341=ORIENTED_EDGE('',*,*,#2201,.T.);
#3342=ORIENTED_EDGE('',*,*,#2198,.T.);
#3343=ORIENTED_EDGE('',*,*,#1901,.T.);
#3344=ORIENTED_EDGE('',*,*,#1898,.T.);
#3345=ORIENTED_EDGE('',*,*,#1895,.T.);
#3346=ORIENTED_EDGE('',*,*,#1892,.T.);
#3347=ORIENTED_EDGE('',*,*,#1889,.T.);
#3348=ORIENTED_EDGE('',*,*,#1886,.T.);
#3349=ORIENTED_EDGE('',*,*,#1883,.T.);
#3350=ORIENTED_EDGE('',*,*,#1880,.T.);
#3351=ORIENTED_EDGE('',*,*,#1877,.T.);
#3352=ORIENTED_EDGE('',*,*,#1874,.T.);
#3353=ORIENTED_EDGE('',*,*,#1870,.T.);
#3354=ORIENTED_EDGE('',*,*,#2324,.T.);
#3355=ORIENTED_EDGE('',*,*,#2318,.T.);
#3356=ORIENTED_EDGE('',*,*,#2164,.T.);
#3357=ORIENTED_EDGE('',*,*,#2339,.T.);
#3358=ORIENTED_EDGE('',*,*,#2168,.T.);
#3359=ORIENTED_EDGE('',*,*,#2340,.T.);
#3360=ORIENTED_EDGE('',*,*,#2184,.T.);
#3361=ORIENTED_EDGE('',*,*,#2181,.T.);
#3362=ORIENTED_EDGE('',*,*,#2178,.T.);
#3363=ORIENTED_EDGE('',*,*,#2175,.T.);
#3364=ORIENTED_EDGE('',*,*,#2172,.T.);
#3365=ORIENTED_EDGE('',*,*,#2142,.T.);
#3366=ORIENTED_EDGE('',*,*,#2341,.T.);
#3367=ORIENTED_EDGE('',*,*,#2342,.T.);
#3368=ORIENTED_EDGE('',*,*,#2343,.T.);
#3369=ORIENTED_EDGE('',*,*,#2161,.T.);
#3370=ORIENTED_EDGE('',*,*,#2158,.T.);
#3371=ORIENTED_EDGE('',*,*,#2155,.T.);
#3372=ORIENTED_EDGE('',*,*,#2152,.T.);
#3373=ORIENTED_EDGE('',*,*,#2149,.T.);
#3374=ORIENTED_EDGE('',*,*,#2146,.T.);
#3375=ORIENTED_EDGE('',*,*,#1941,.T.);
#3376=ORIENTED_EDGE('',*,*,#1938,.T.);
#3377=ORIENTED_EDGE('',*,*,#1935,.T.);
#3378=ORIENTED_EDGE('',*,*,#1932,.T.);
#3379=ORIENTED_EDGE('',*,*,#1929,.T.);
#3380=ORIENTED_EDGE('',*,*,#1926,.T.);
#3381=ORIENTED_EDGE('',*,*,#1923,.T.);
#3382=ORIENTED_EDGE('',*,*,#1920,.T.);
#3383=ORIENTED_EDGE('',*,*,#1917,.T.);
#3384=ORIENTED_EDGE('',*,*,#1914,.T.);
#3385=ORIENTED_EDGE('',*,*,#1911,.T.);
#3386=ORIENTED_EDGE('',*,*,#1908,.T.);
#3387=ORIENTED_EDGE('',*,*,#1904,.T.);
#3388=ORIENTED_EDGE('',*,*,#2313,.T.);
#3389=ORIENTED_EDGE('',*,*,#2119,.T.);
#3390=ORIENTED_EDGE('',*,*,#2344,.T.);
#3391=ORIENTED_EDGE('',*,*,#2123,.T.);
#3392=ORIENTED_EDGE('',*,*,#2126,.T.);
#3393=ORIENTED_EDGE('',*,*,#2345,.T.);
#3394=ORIENTED_EDGE('',*,*,#2346,.T.);
#3395=ORIENTED_EDGE('',*,*,#2139,.T.);
#3396=ORIENTED_EDGE('',*,*,#2136,.T.);
#3397=ORIENTED_EDGE('',*,*,#2133,.T.);
#3398=ORIENTED_EDGE('',*,*,#2130,.T.);
#3399=ORIENTED_EDGE('',*,*,#1981,.T.);
#3400=ORIENTED_EDGE('',*,*,#1978,.T.);
#3401=ORIENTED_EDGE('',*,*,#1975,.T.);
#3402=ORIENTED_EDGE('',*,*,#1972,.T.);
#3403=ORIENTED_EDGE('',*,*,#1969,.T.);
#3404=ORIENTED_EDGE('',*,*,#1966,.T.);
#3405=ORIENTED_EDGE('',*,*,#1963,.T.);
#3406=ORIENTED_EDGE('',*,*,#1960,.T.);
#3407=ORIENTED_EDGE('',*,*,#1957,.T.);
#3408=ORIENTED_EDGE('',*,*,#1954,.T.);
#3409=ORIENTED_EDGE('',*,*,#1951,.T.);
#3410=ORIENTED_EDGE('',*,*,#1948,.T.);
#3411=ORIENTED_EDGE('',*,*,#1944,.T.);
#3412=ORIENTED_EDGE('',*,*,#2312,.T.);
#3413=ORIENTED_EDGE('',*,*,#2093,.T.);
#3414=ORIENTED_EDGE('',*,*,#2347,.T.);
#3415=ORIENTED_EDGE('',*,*,#2106,.T.);
#3416=ORIENTED_EDGE('',*,*,#2103,.T.);
#3417=ORIENTED_EDGE('',*,*,#2100,.T.);
#3418=ORIENTED_EDGE('',*,*,#2097,.T.);
#3419=ORIENTED_EDGE('',*,*,#2109,.T.);
#3420=ORIENTED_EDGE('',*,*,#2348,.T.);
#3421=ORIENTED_EDGE('',*,*,#2116,.T.);
#3422=ORIENTED_EDGE('',*,*,#2113,.T.);
#3423=ORIENTED_EDGE('',*,*,#2018,.T.);
#3424=ORIENTED_EDGE('',*,*,#2015,.T.);
#3425=ORIENTED_EDGE('',*,*,#2012,.T.);
#3426=ORIENTED_EDGE('',*,*,#2009,.T.);
#3427=ORIENTED_EDGE('',*,*,#2006,.T.);
#3428=ORIENTED_EDGE('',*,*,#2003,.T.);
#3429=ORIENTED_EDGE('',*,*,#2000,.T.);
#3430=ORIENTED_EDGE('',*,*,#1997,.T.);
#3431=ORIENTED_EDGE('',*,*,#1994,.T.);
#3432=ORIENTED_EDGE('',*,*,#1991,.T.);
#3433=ORIENTED_EDGE('',*,*,#1988,.T.);
#3434=ORIENTED_EDGE('',*,*,#1984,.T.);
#3435=ORIENTED_EDGE('',*,*,#2317,.T.);
#3436=ORIENTED_EDGE('',*,*,#2349,.T.);
#3437=ORIENTED_EDGE('',*,*,#2309,.T.);
#3438=ORIENTED_EDGE('',*,*,#2028,.T.);
#3439=ORIENTED_EDGE('',*,*,#2025,.T.);
#3440=ORIENTED_EDGE('',*,*,#2021,.T.);
#3441=ORIENTED_EDGE('',*,*,#2305,.T.);
#3442=ORIENTED_EDGE('',*,*,#2068,.T.);
#3443=ORIENTED_EDGE('',*,*,#2302,.T.);
#3444=ORIENTED_EDGE('',*,*,#2350,.T.);
#3445=ORIENTED_EDGE('',*,*,#2090,.T.);
#3446=ORIENTED_EDGE('',*,*,#2087,.T.);
#3447=ORIENTED_EDGE('',*,*,#2084,.T.);
#3448=ORIENTED_EDGE('',*,*,#2081,.T.);
#3449=ORIENTED_EDGE('',*,*,#2072,.T.);
#3450=ORIENTED_EDGE('',*,*,#2031,.T.);
#3451=ORIENTED_EDGE('',*,*,#2308,.T.);
#3452=ORIENTED_EDGE('',*,*,#2294,.T.);
#3453=ORIENTED_EDGE('',*,*,#2061,.T.);
#3454=ORIENTED_EDGE('',*,*,#2303,.T.);
#3455=ORIENTED_EDGE('',*,*,#2065,.T.);
#3456=ORIENTED_EDGE('',*,*,#2039,.T.);
#3457=ORIENTED_EDGE('',*,*,#2035,.T.);
#3458=ORIENTED_EDGE('',*,*,#2298,.T.);
#3459=ORIENTED_EDGE('',*,*,#2299,.T.);
#3460=ORIENTED_EDGE('',*,*,#2042,.T.);
#3461=ORIENTED_EDGE('',*,*,#2304,.T.);
#3462=ORIENTED_EDGE('',*,*,#2058,.T.);
#3463=ORIENTED_EDGE('',*,*,#2055,.T.);
#3464=ORIENTED_EDGE('',*,*,#2052,.T.);
#3465=ORIENTED_EDGE('',*,*,#2049,.T.);
#3466=ORIENTED_EDGE('',*,*,#2046,.T.);
#3467=ORIENTED_EDGE('',*,*,#2227,.T.);
#3468=ORIENTED_EDGE('',*,*,#2223,.T.);
#3469=ORIENTED_EDGE('',*,*,#2079,.T.);
#3470=ORIENTED_EDGE('',*,*,#2075,.T.);
#3471=ORIENTED_EDGE('',*,*,#2351,.F.);
#3472=ORIENTED_EDGE('',*,*,#2352,.F.);
#3473=ORIENTED_EDGE('',*,*,#2353,.F.);
#3474=ORIENTED_EDGE('',*,*,#2354,.F.);
#3475=ORIENTED_EDGE('',*,*,#2355,.F.);
#3476=ORIENTED_EDGE('',*,*,#2356,.F.);
#3477=ORIENTED_EDGE('',*,*,#2357,.F.);
#3478=ORIENTED_EDGE('',*,*,#2358,.F.);
#3479=ORIENTED_EDGE('',*,*,#2359,.F.);
#3480=ORIENTED_EDGE('',*,*,#2360,.F.);
#3481=ORIENTED_EDGE('',*,*,#2361,.F.);
#3482=ORIENTED_EDGE('',*,*,#2300,.F.);
#3483=ORIENTED_EDGE('',*,*,#2296,.F.);
#3484=ORIENTED_EDGE('',*,*,#2307,.F.);
#3485=ORIENTED_EDGE('',*,*,#2311,.F.);
#3486=ORIENTED_EDGE('',*,*,#2362,.F.);
#3487=ORIENTED_EDGE('',*,*,#2315,.F.);
#3488=ORIENTED_EDGE('',*,*,#2320,.F.);
#3489=ORIENTED_EDGE('',*,*,#2323,.F.);
#3490=ORIENTED_EDGE('',*,*,#2328,.F.);
#3491=ORIENTED_EDGE('',*,*,#2331,.F.);
#3492=ORIENTED_EDGE('',*,*,#2363,.F.);
#3493=ORIENTED_EDGE('',*,*,#2364,.F.);
#3494=ORIENTED_EDGE('',*,*,#2365,.F.);
#3495=ORIENTED_EDGE('',*,*,#2091,.T.);
#3496=ORIENTED_EDGE('',*,*,#2350,.F.);
#3497=ORIENTED_EDGE('',*,*,#2301,.F.);
#3498=ORIENTED_EDGE('',*,*,#2361,.T.);
#3499=ORIENTED_EDGE('',*,*,#2366,.T.);
#3500=ORIENTED_EDGE('',*,*,#2273,.T.);
#3501=ORIENTED_EDGE('',*,*,#2274,.T.);
#3502=ORIENTED_EDGE('',*,*,#2366,.F.);
#3503=ORIENTED_EDGE('',*,*,#2360,.T.);
#3504=ORIENTED_EDGE('',*,*,#2367,.T.);
#3505=ORIENTED_EDGE('',*,*,#2275,.T.);
#3506=ORIENTED_EDGE('',*,*,#2107,.T.);
#3507=ORIENTED_EDGE('',*,*,#2347,.F.);
#3508=ORIENTED_EDGE('',*,*,#2096,.T.);
#3509=ORIENTED_EDGE('',*,*,#2276,.T.);
#3510=ORIENTED_EDGE('',*,*,#2367,.F.);
#3511=ORIENTED_EDGE('',*,*,#2359,.T.);
#3512=ORIENTED_EDGE('',*,*,#2368,.T.);
#3513=ORIENTED_EDGE('',*,*,#2277,.T.);
#3514=ORIENTED_EDGE('',*,*,#2117,.T.);
#3515=ORIENTED_EDGE('',*,*,#2348,.F.);
#3516=ORIENTED_EDGE('',*,*,#2112,.T.);
#3517=ORIENTED_EDGE('',*,*,#2278,.T.);
#3518=ORIENTED_EDGE('',*,*,#2368,.F.);
#3519=ORIENTED_EDGE('',*,*,#2358,.T.);
#3520=ORIENTED_EDGE('',*,*,#2369,.T.);
#3521=ORIENTED_EDGE('',*,*,#2279,.T.);
#3522=ORIENTED_EDGE('',*,*,#2369,.F.);
#3523=ORIENTED_EDGE('',*,*,#2357,.T.);
#3524=ORIENTED_EDGE('',*,*,#2370,.T.);
#3525=ORIENTED_EDGE('',*,*,#2280,.T.);
#3526=ORIENTED_EDGE('',*,*,#2124,.T.);
#3527=ORIENTED_EDGE('',*,*,#2344,.F.);
#3528=ORIENTED_EDGE('',*,*,#2122,.T.);
#3529=ORIENTED_EDGE('',*,*,#2281,.T.);
#3530=ORIENTED_EDGE('',*,*,#2370,.F.);
#3531=ORIENTED_EDGE('',*,*,#2356,.T.);
#3532=ORIENTED_EDGE('',*,*,#2371,.T.);
#3533=ORIENTED_EDGE('',*,*,#2345,.F.);
#3534=ORIENTED_EDGE('',*,*,#2129,.T.);
#3535=ORIENTED_EDGE('',*,*,#2140,.T.);
#3536=ORIENTED_EDGE('',*,*,#2346,.F.);
#3537=ORIENTED_EDGE('',*,*,#2371,.F.);
#3538=ORIENTED_EDGE('',*,*,#2355,.T.);
#3539=ORIENTED_EDGE('',*,*,#2372,.T.);
#3540=ORIENTED_EDGE('',*,*,#2341,.F.);
#3541=ORIENTED_EDGE('',*,*,#2145,.T.);
#3542=ORIENTED_EDGE('',*,*,#2282,.T.);
#3543=ORIENTED_EDGE('',*,*,#2354,.T.);
#3544=ORIENTED_EDGE('',*,*,#2373,.T.);
#3545=ORIENTED_EDGE('',*,*,#2342,.F.);
#3546=ORIENTED_EDGE('',*,*,#2372,.F.);
#3547=ORIENTED_EDGE('',*,*,#2162,.T.);
#3548=ORIENTED_EDGE('',*,*,#2343,.F.);
#3549=ORIENTED_EDGE('',*,*,#2373,.F.);
#3550=ORIENTED_EDGE('',*,*,#2353,.T.);
#3551=ORIENTED_EDGE('',*,*,#2374,.T.);
#3552=ORIENTED_EDGE('',*,*,#2284,.T.);
#3553=ORIENTED_EDGE('',*,*,#2165,.T.);
#3554=ORIENTED_EDGE('',*,*,#2339,.F.);
#3555=ORIENTED_EDGE('',*,*,#2167,.T.);
#3556=ORIENTED_EDGE('',*,*,#2283,.T.);
#3557=ORIENTED_EDGE('',*,*,#2285,.T.);
#3558=ORIENTED_EDGE('',*,*,#2374,.F.);
#3559=ORIENTED_EDGE('',*,*,#2352,.T.);
#3560=ORIENTED_EDGE('',*,*,#2375,.T.);
#3561=ORIENTED_EDGE('',*,*,#2286,.T.);
#3562=ORIENTED_EDGE('',*,*,#2185,.T.);
#3563=ORIENTED_EDGE('',*,*,#2340,.F.);
#3564=ORIENTED_EDGE('',*,*,#2171,.T.);
#3565=ORIENTED_EDGE('',*,*,#2287,.T.);
#3566=ORIENTED_EDGE('',*,*,#2375,.F.);
#3567=ORIENTED_EDGE('',*,*,#2351,.T.);
#3568=ORIENTED_EDGE('',*,*,#2376,.T.);
#3569=ORIENTED_EDGE('',*,*,#2288,.T.);
#3570=ORIENTED_EDGE('',*,*,#2192,.T.);
#3571=ORIENTED_EDGE('',*,*,#2336,.F.);
#3572=ORIENTED_EDGE('',*,*,#2190,.T.);
#3573=ORIENTED_EDGE('',*,*,#2362,.T.);
#3574=ORIENTED_EDGE('',*,*,#2310,.T.);
#3575=ORIENTED_EDGE('',*,*,#2349,.F.);
#3576=ORIENTED_EDGE('',*,*,#2316,.F.);
#3577=ORIENTED_EDGE('',*,*,#2292,.T.);
#3578=ORIENTED_EDGE('',*,*,#2377,.F.);
#3579=ORIENTED_EDGE('',*,*,#2363,.T.);
#3580=ORIENTED_EDGE('',*,*,#2330,.T.);
#3581=ORIENTED_EDGE('',*,*,#2333,.F.);
#3582=ORIENTED_EDGE('',*,*,#2256,.T.);
#3583=ORIENTED_EDGE('',*,*,#2293,.T.);
#3584=ORIENTED_EDGE('',*,*,#2252,.T.);
#3585=ORIENTED_EDGE('',*,*,#2334,.F.);
#3586=ORIENTED_EDGE('',*,*,#2238,.T.);
#3587=ORIENTED_EDGE('',*,*,#2208,.T.);
#3588=ORIENTED_EDGE('',*,*,#2338,.F.);
#3589=ORIENTED_EDGE('',*,*,#2378,.F.);
#3590=ORIENTED_EDGE('',*,*,#2364,.T.);
#3591=ORIENTED_EDGE('',*,*,#2377,.T.);
#3592=ORIENTED_EDGE('',*,*,#2291,.T.);
#3593=ORIENTED_EDGE('',*,*,#2233,.T.);
#3594=ORIENTED_EDGE('',*,*,#2335,.F.);
#3595=ORIENTED_EDGE('',*,*,#2213,.T.);
#3596=ORIENTED_EDGE('',*,*,#2290,.T.);
#3597=ORIENTED_EDGE('',*,*,#2289,.T.);
#3598=ORIENTED_EDGE('',*,*,#2376,.F.);
#3599=ORIENTED_EDGE('',*,*,#2365,.T.);
#3600=ORIENTED_EDGE('',*,*,#2378,.T.);
#3601=ORIENTED_EDGE('',*,*,#2337,.F.);
#3602=ORIENTED_EDGE('',*,*,#2197,.T.);
#3603=(
BOUNDED_SURFACE()
B_SPLINE_SURFACE(3,1,((#4586,#4587),(#4588,#4589),(#4590,#4591),(#4592,
#4593)),.UNSPECIFIED.,.F.,.F.,.F.)
B_SPLINE_SURFACE_WITH_KNOTS((4,4),(2,2),(0.,1.),(0.,0.2),.UNSPECIFIED.)
GEOMETRIC_REPRESENTATION_ITEM()
RATIONAL_B_SPLINE_SURFACE(((1.,1.),(1.,1.),(1.,1.),(1.,1.)))
REPRESENTATION_ITEM('')
SURFACE()
);
#3604=(
BOUNDED_SURFACE()
B_SPLINE_SURFACE(3,1,((#4608,#4609),(#4610,#4611),(#4612,#4613),(#4614,
#4615)),.UNSPECIFIED.,.F.,.F.,.F.)
B_SPLINE_SURFACE_WITH_KNOTS((4,4),(2,2),(0.,1.),(0.,0.2),.UNSPECIFIED.)
GEOMETRIC_REPRESENTATION_ITEM()
RATIONAL_B_SPLINE_SURFACE(((1.,1.),(1.,1.),(1.,1.),(1.,1.)))
REPRESENTATION_ITEM('')
SURFACE()
);
#3605=(
BOUNDED_SURFACE()
B_SPLINE_SURFACE(3,1,((#4627,#4628),(#4629,#4630),(#4631,#4632),(#4633,
#4634)),.UNSPECIFIED.,.F.,.F.,.F.)
B_SPLINE_SURFACE_WITH_KNOTS((4,4),(2,2),(0.,1.),(0.,0.2),.UNSPECIFIED.)
GEOMETRIC_REPRESENTATION_ITEM()
RATIONAL_B_SPLINE_SURFACE(((1.,1.),(1.,1.),(1.,1.),(1.,1.)))
REPRESENTATION_ITEM('')
SURFACE()
);
#3606=(
BOUNDED_SURFACE()
B_SPLINE_SURFACE(3,1,((#4646,#4647),(#4648,#4649),(#4650,#4651),(#4652,
#4653)),.UNSPECIFIED.,.F.,.F.,.F.)
B_SPLINE_SURFACE_WITH_KNOTS((4,4),(2,2),(0.,1.),(0.,0.2),.UNSPECIFIED.)
GEOMETRIC_REPRESENTATION_ITEM()
RATIONAL_B_SPLINE_SURFACE(((1.,1.),(1.,1.),(1.,1.),(1.,1.)))
REPRESENTATION_ITEM('')
SURFACE()
);
#3607=(
BOUNDED_SURFACE()
B_SPLINE_SURFACE(3,1,((#4665,#4666),(#4667,#4668),(#4669,#4670),(#4671,
#4672)),.UNSPECIFIED.,.F.,.F.,.F.)
B_SPLINE_SURFACE_WITH_KNOTS((4,4),(2,2),(0.,1.),(0.,0.2),.UNSPECIFIED.)
GEOMETRIC_REPRESENTATION_ITEM()
RATIONAL_B_SPLINE_SURFACE(((1.,1.),(1.,1.),(1.,1.),(1.,1.)))
REPRESENTATION_ITEM('')
SURFACE()
);
#3608=(
BOUNDED_SURFACE()
B_SPLINE_SURFACE(3,1,((#4684,#4685),(#4686,#4687),(#4688,#4689),(#4690,
#4691)),.UNSPECIFIED.,.F.,.F.,.F.)
B_SPLINE_SURFACE_WITH_KNOTS((4,4),(2,2),(0.,1.),(0.,0.2),.UNSPECIFIED.)
GEOMETRIC_REPRESENTATION_ITEM()
RATIONAL_B_SPLINE_SURFACE(((1.,1.),(1.,1.),(1.,1.),(1.,1.)))
REPRESENTATION_ITEM('')
SURFACE()
);
#3609=(
BOUNDED_SURFACE()
B_SPLINE_SURFACE(3,1,((#4700,#4701),(#4702,#4703),(#4704,#4705),(#4706,
#4707)),.UNSPECIFIED.,.F.,.F.,.F.)
B_SPLINE_SURFACE_WITH_KNOTS((4,4),(2,2),(0.,1.),(0.,0.2),.UNSPECIFIED.)
GEOMETRIC_REPRESENTATION_ITEM()
RATIONAL_B_SPLINE_SURFACE(((1.,1.),(1.,1.),(1.,1.),(1.,1.)))
REPRESENTATION_ITEM('')
SURFACE()
);
#3610=(
BOUNDED_SURFACE()
B_SPLINE_SURFACE(3,1,((#4722,#4723),(#4724,#4725),(#4726,#4727),(#4728,
#4729)),.UNSPECIFIED.,.F.,.F.,.F.)
B_SPLINE_SURFACE_WITH_KNOTS((4,4),(2,2),(0.,1.),(0.,0.2),.UNSPECIFIED.)
GEOMETRIC_REPRESENTATION_ITEM()
RATIONAL_B_SPLINE_SURFACE(((1.,1.),(1.,1.),(1.,1.),(1.,1.)))
REPRESENTATION_ITEM('')
SURFACE()
);
#3611=(
BOUNDED_SURFACE()
B_SPLINE_SURFACE(3,1,((#4741,#4742),(#4743,#4744),(#4745,#4746),(#4747,
#4748)),.UNSPECIFIED.,.F.,.F.,.F.)
B_SPLINE_SURFACE_WITH_KNOTS((4,4),(2,2),(0.,1.),(0.,0.2),.UNSPECIFIED.)
GEOMETRIC_REPRESENTATION_ITEM()
RATIONAL_B_SPLINE_SURFACE(((1.,1.),(1.,1.),(1.,1.),(1.,1.)))
REPRESENTATION_ITEM('')
SURFACE()
);
#3612=(
BOUNDED_SURFACE()
B_SPLINE_SURFACE(3,1,((#4757,#4758),(#4759,#4760),(#4761,#4762),(#4763,
#4764)),.UNSPECIFIED.,.F.,.F.,.F.)
B_SPLINE_SURFACE_WITH_KNOTS((4,4),(2,2),(0.,1.),(0.,0.2),.UNSPECIFIED.)
GEOMETRIC_REPRESENTATION_ITEM()
RATIONAL_B_SPLINE_SURFACE(((1.,1.),(1.,1.),(1.,1.),(1.,1.)))
REPRESENTATION_ITEM('')
SURFACE()
);
#3613=(
BOUNDED_SURFACE()
B_SPLINE_SURFACE(3,1,((#4779,#4780),(#4781,#4782),(#4783,#4784),(#4785,
#4786)),.UNSPECIFIED.,.F.,.F.,.F.)
B_SPLINE_SURFACE_WITH_KNOTS((4,4),(2,2),(0.,1.),(0.,0.2),.UNSPECIFIED.)
GEOMETRIC_REPRESENTATION_ITEM()
RATIONAL_B_SPLINE_SURFACE(((1.,1.),(1.,1.),(1.,1.),(1.,1.)))
REPRESENTATION_ITEM('')
SURFACE()
);
#3614=(
BOUNDED_SURFACE()
B_SPLINE_SURFACE(3,1,((#4798,#4799),(#4800,#4801),(#4802,#4803),(#4804,
#4805)),.UNSPECIFIED.,.F.,.F.,.F.)
B_SPLINE_SURFACE_WITH_KNOTS((4,4),(2,2),(0.,1.),(0.,0.2),.UNSPECIFIED.)
GEOMETRIC_REPRESENTATION_ITEM()
RATIONAL_B_SPLINE_SURFACE(((1.,1.),(1.,1.),(1.,1.),(1.,1.)))
REPRESENTATION_ITEM('')
SURFACE()
);
#3615=(
BOUNDED_SURFACE()
B_SPLINE_SURFACE(3,1,((#4817,#4818),(#4819,#4820),(#4821,#4822),(#4823,
#4824)),.UNSPECIFIED.,.F.,.F.,.F.)
B_SPLINE_SURFACE_WITH_KNOTS((4,4),(2,2),(0.,1.),(0.,0.2),.UNSPECIFIED.)
GEOMETRIC_REPRESENTATION_ITEM()
RATIONAL_B_SPLINE_SURFACE(((1.,1.),(1.,1.),(1.,1.),(1.,1.)))
REPRESENTATION_ITEM('')
SURFACE()
);
#3616=(
BOUNDED_SURFACE()
B_SPLINE_SURFACE(3,1,((#4836,#4837),(#4838,#4839),(#4840,#4841),(#4842,
#4843)),.UNSPECIFIED.,.F.,.F.,.F.)
B_SPLINE_SURFACE_WITH_KNOTS((4,4),(2,2),(0.,1.),(0.,0.2),.UNSPECIFIED.)
GEOMETRIC_REPRESENTATION_ITEM()
RATIONAL_B_SPLINE_SURFACE(((1.,1.),(1.,1.),(1.,1.),(1.,1.)))
REPRESENTATION_ITEM('')
SURFACE()
);
#3617=(
BOUNDED_SURFACE()
B_SPLINE_SURFACE(3,1,((#4855,#4856),(#4857,#4858),(#4859,#4860),(#4861,
#4862)),.UNSPECIFIED.,.F.,.F.,.F.)
B_SPLINE_SURFACE_WITH_KNOTS((4,4),(2,2),(0.,1.),(0.,0.2),.UNSPECIFIED.)
GEOMETRIC_REPRESENTATION_ITEM()
RATIONAL_B_SPLINE_SURFACE(((1.,1.),(1.,1.),(1.,1.),(1.,1.)))
REPRESENTATION_ITEM('')
SURFACE()
);
#3618=(
BOUNDED_SURFACE()
B_SPLINE_SURFACE(3,1,((#4874,#4875),(#4876,#4877),(#4878,#4879),(#4880,
#4881)),.UNSPECIFIED.,.F.,.F.,.F.)
B_SPLINE_SURFACE_WITH_KNOTS((4,4),(2,2),(0.,1.),(0.,0.2),.UNSPECIFIED.)
GEOMETRIC_REPRESENTATION_ITEM()
RATIONAL_B_SPLINE_SURFACE(((1.,1.),(1.,1.),(1.,1.),(1.,1.)))
REPRESENTATION_ITEM('')
SURFACE()
);
#3619=(
BOUNDED_SURFACE()
B_SPLINE_SURFACE(3,1,((#4890,#4891),(#4892,#4893),(#4894,#4895),(#4896,
#4897)),.UNSPECIFIED.,.F.,.F.,.F.)
B_SPLINE_SURFACE_WITH_KNOTS((4,4),(2,2),(0.,1.),(0.,0.2),.UNSPECIFIED.)
GEOMETRIC_REPRESENTATION_ITEM()
RATIONAL_B_SPLINE_SURFACE(((1.,1.),(1.,1.),(1.,1.),(1.,1.)))
REPRESENTATION_ITEM('')
SURFACE()
);
#3620=(
BOUNDED_SURFACE()
B_SPLINE_SURFACE(3,1,((#4912,#4913),(#4914,#4915),(#4916,#4917),(#4918,
#4919)),.UNSPECIFIED.,.F.,.F.,.F.)
B_SPLINE_SURFACE_WITH_KNOTS((4,4),(2,2),(0.,1.),(0.,0.2),.UNSPECIFIED.)
GEOMETRIC_REPRESENTATION_ITEM()
RATIONAL_B_SPLINE_SURFACE(((1.,1.),(1.,1.),(1.,1.),(1.,1.)))
REPRESENTATION_ITEM('')
SURFACE()
);
#3621=(
BOUNDED_SURFACE()
B_SPLINE_SURFACE(3,1,((#4931,#4932),(#4933,#4934),(#4935,#4936),(#4937,
#4938)),.UNSPECIFIED.,.F.,.F.,.F.)
B_SPLINE_SURFACE_WITH_KNOTS((4,4),(2,2),(0.,1.),(0.,0.2),.UNSPECIFIED.)
GEOMETRIC_REPRESENTATION_ITEM()
RATIONAL_B_SPLINE_SURFACE(((1.,1.),(1.,1.),(1.,1.),(1.,1.)))
REPRESENTATION_ITEM('')
SURFACE()
);
#3622=(
BOUNDED_SURFACE()
B_SPLINE_SURFACE(3,1,((#4947,#4948),(#4949,#4950),(#4951,#4952),(#4953,
#4954)),.UNSPECIFIED.,.F.,.F.,.F.)
B_SPLINE_SURFACE_WITH_KNOTS((4,4),(2,2),(-1.,0.),(0.,0.2),.UNSPECIFIED.)
GEOMETRIC_REPRESENTATION_ITEM()
RATIONAL_B_SPLINE_SURFACE(((1.,1.),(1.,1.),(1.,1.),(1.,1.)))
REPRESENTATION_ITEM('')
SURFACE()
);
#3623=(
BOUNDED_SURFACE()
B_SPLINE_SURFACE(3,1,((#4969,#4970),(#4971,#4972),(#4973,#4974),(#4975,
#4976)),.UNSPECIFIED.,.F.,.F.,.F.)
B_SPLINE_SURFACE_WITH_KNOTS((4,4),(2,2),(-1.,0.),(0.,0.2),.UNSPECIFIED.)
GEOMETRIC_REPRESENTATION_ITEM()
RATIONAL_B_SPLINE_SURFACE(((1.,1.),(1.,1.),(1.,1.),(1.,1.)))
REPRESENTATION_ITEM('')
SURFACE()
);
#3624=(
BOUNDED_SURFACE()
B_SPLINE_SURFACE(3,1,((#4988,#4989),(#4990,#4991),(#4992,#4993),(#4994,
#4995)),.UNSPECIFIED.,.F.,.F.,.F.)
B_SPLINE_SURFACE_WITH_KNOTS((4,4),(2,2),(-1.,0.),(0.,0.2),.UNSPECIFIED.)
GEOMETRIC_REPRESENTATION_ITEM()
RATIONAL_B_SPLINE_SURFACE(((1.,1.),(1.,1.),(1.,1.),(1.,1.)))
REPRESENTATION_ITEM('')
SURFACE()
);
#3625=(
BOUNDED_SURFACE()
B_SPLINE_SURFACE(3,1,((#5004,#5005),(#5006,#5007),(#5008,#5009),(#5010,
#5011)),.UNSPECIFIED.,.F.,.F.,.F.)
B_SPLINE_SURFACE_WITH_KNOTS((4,4),(2,2),(0.448257791473639,1.),(0.,0.2),
 .UNSPECIFIED.)
GEOMETRIC_REPRESENTATION_ITEM()
RATIONAL_B_SPLINE_SURFACE(((1.,1.),(1.,1.),(1.,1.),(1.,1.)))
REPRESENTATION_ITEM('')
SURFACE()
);
#3626=(
BOUNDED_SURFACE()
B_SPLINE_SURFACE(3,1,((#5026,#5027),(#5028,#5029),(#5030,#5031),(#5032,
#5033)),.UNSPECIFIED.,.F.,.F.,.F.)
B_SPLINE_SURFACE_WITH_KNOTS((4,4),(2,2),(0.269925040332899,0.67159496359326),
(0.,0.2),.UNSPECIFIED.)
GEOMETRIC_REPRESENTATION_ITEM()
RATIONAL_B_SPLINE_SURFACE(((1.,1.),(1.,1.),(1.,1.),(1.,1.)))
REPRESENTATION_ITEM('')
SURFACE()
);
#3627=(
BOUNDED_SURFACE()
B_SPLINE_SURFACE(3,1,((#5048,#5049),(#5050,#5051),(#5052,#5053),(#5054,
#5055)),.UNSPECIFIED.,.F.,.F.,.F.)
B_SPLINE_SURFACE_WITH_KNOTS((4,4),(2,2),(0.,0.327995594691716),(0.,0.2),
 .UNSPECIFIED.)
GEOMETRIC_REPRESENTATION_ITEM()
RATIONAL_B_SPLINE_SURFACE(((1.,1.),(1.,1.),(1.,1.),(1.,1.)))
REPRESENTATION_ITEM('')
SURFACE()
);
#3628=(
BOUNDED_SURFACE()
B_SPLINE_SURFACE(3,1,((#5070,#5071),(#5072,#5073),(#5074,#5075),(#5076,
#5077)),.UNSPECIFIED.,.F.,.F.,.F.)
B_SPLINE_SURFACE_WITH_KNOTS((4,4),(2,2),(0.393681876359332,1.),(0.,0.2),
 .UNSPECIFIED.)
GEOMETRIC_REPRESENTATION_ITEM()
RATIONAL_B_SPLINE_SURFACE(((1.,1.),(1.,1.),(1.,1.),(1.,1.)))
REPRESENTATION_ITEM('')
SURFACE()
);
#3629=(
BOUNDED_SURFACE()
B_SPLINE_SURFACE(3,1,((#5089,#5090),(#5091,#5092),(#5093,#5094),(#5095,
#5096)),.UNSPECIFIED.,.F.,.F.,.F.)
B_SPLINE_SURFACE_WITH_KNOTS((4,4),(2,2),(-1.,-0.643506347933314),(0.,0.2),
 .UNSPECIFIED.)
GEOMETRIC_REPRESENTATION_ITEM()
RATIONAL_B_SPLINE_SURFACE(((1.,1.),(1.,1.),(1.,1.),(1.,1.)))
REPRESENTATION_ITEM('')
SURFACE()
);
#3630=(
BOUNDED_SURFACE()
B_SPLINE_SURFACE(3,1,((#5111,#5112),(#5113,#5114),(#5115,#5116),(#5117,
#5118)),.UNSPECIFIED.,.F.,.F.,.F.)
B_SPLINE_SURFACE_WITH_KNOTS((4,4),(2,2),(-1.,0.),(0.,0.2),.UNSPECIFIED.)
GEOMETRIC_REPRESENTATION_ITEM()
RATIONAL_B_SPLINE_SURFACE(((1.,1.),(1.,1.),(1.,1.),(1.,1.)))
REPRESENTATION_ITEM('')
SURFACE()
);
#3631=(
BOUNDED_SURFACE()
B_SPLINE_SURFACE(3,1,((#5130,#5131),(#5132,#5133),(#5134,#5135),(#5136,
#5137)),.UNSPECIFIED.,.F.,.F.,.F.)
B_SPLINE_SURFACE_WITH_KNOTS((4,4),(2,2),(-1.,0.),(0.,0.2),.UNSPECIFIED.)
GEOMETRIC_REPRESENTATION_ITEM()
RATIONAL_B_SPLINE_SURFACE(((1.,1.),(1.,1.),(1.,1.),(1.,1.)))
REPRESENTATION_ITEM('')
SURFACE()
);
#3632=(
BOUNDED_SURFACE()
B_SPLINE_SURFACE(3,1,((#5149,#5150),(#5151,#5152),(#5153,#5154),(#5155,
#5156)),.UNSPECIFIED.,.F.,.F.,.F.)
B_SPLINE_SURFACE_WITH_KNOTS((4,4),(2,2),(-1.,0.),(0.,0.2),.UNSPECIFIED.)
GEOMETRIC_REPRESENTATION_ITEM()
RATIONAL_B_SPLINE_SURFACE(((1.,1.),(1.,1.),(1.,1.),(1.,1.)))
REPRESENTATION_ITEM('')
SURFACE()
);
#3633=(
BOUNDED_SURFACE()
B_SPLINE_SURFACE(3,1,((#5168,#5169),(#5170,#5171),(#5172,#5173),(#5174,
#5175)),.UNSPECIFIED.,.F.,.F.,.F.)
B_SPLINE_SURFACE_WITH_KNOTS((4,4),(2,2),(-1.,0.),(0.,0.2),.UNSPECIFIED.)
GEOMETRIC_REPRESENTATION_ITEM()
RATIONAL_B_SPLINE_SURFACE(((1.,1.),(1.,1.),(1.,1.),(1.,1.)))
REPRESENTATION_ITEM('')
SURFACE()
);
#3634=(
BOUNDED_SURFACE()
B_SPLINE_SURFACE(3,1,((#5187,#5188),(#5189,#5190),(#5191,#5192),(#5193,
#5194)),.UNSPECIFIED.,.F.,.F.,.F.)
B_SPLINE_SURFACE_WITH_KNOTS((4,4),(2,2),(-1.,0.),(0.,0.2),.UNSPECIFIED.)
GEOMETRIC_REPRESENTATION_ITEM()
RATIONAL_B_SPLINE_SURFACE(((1.,1.),(1.,1.),(1.,1.),(1.,1.)))
REPRESENTATION_ITEM('')
SURFACE()
);
#3635=(
BOUNDED_SURFACE()
B_SPLINE_SURFACE(3,1,((#5206,#5207),(#5208,#5209),(#5210,#5211),(#5212,
#5213)),.UNSPECIFIED.,.F.,.F.,.F.)
B_SPLINE_SURFACE_WITH_KNOTS((4,4),(2,2),(-0.996380402928615,0.),(0.,0.2),
 .UNSPECIFIED.)
GEOMETRIC_REPRESENTATION_ITEM()
RATIONAL_B_SPLINE_SURFACE(((1.,1.),(1.,1.),(1.,1.),(1.,1.)))
REPRESENTATION_ITEM('')
SURFACE()
);
#3636=(
BOUNDED_SURFACE()
B_SPLINE_SURFACE(3,1,((#5225,#5226),(#5227,#5228),(#5229,#5230),(#5231,
#5232)),.UNSPECIFIED.,.F.,.F.,.F.)
B_SPLINE_SURFACE_WITH_KNOTS((4,4),(2,2),(0.,0.702940699881995),(0.,0.2),
 .UNSPECIFIED.)
GEOMETRIC_REPRESENTATION_ITEM()
RATIONAL_B_SPLINE_SURFACE(((1.,1.),(1.,1.),(1.,1.),(1.,1.)))
REPRESENTATION_ITEM('')
SURFACE()
);
#3637=(
BOUNDED_SURFACE()
B_SPLINE_SURFACE(3,1,((#5247,#5248),(#5249,#5250),(#5251,#5252),(#5253,
#5254)),.UNSPECIFIED.,.F.,.F.,.F.)
B_SPLINE_SURFACE_WITH_KNOTS((4,4),(2,2),(0.,1.),(0.,0.2),.UNSPECIFIED.)
GEOMETRIC_REPRESENTATION_ITEM()
RATIONAL_B_SPLINE_SURFACE(((1.,1.),(1.,1.),(1.,1.),(1.,1.)))
REPRESENTATION_ITEM('')
SURFACE()
);
#3638=(
BOUNDED_SURFACE()
B_SPLINE_SURFACE(3,1,((#5266,#5267),(#5268,#5269),(#5270,#5271),(#5272,
#5273)),.UNSPECIFIED.,.F.,.F.,.F.)
B_SPLINE_SURFACE_WITH_KNOTS((4,4),(2,2),(0.,1.),(0.,0.2),.UNSPECIFIED.)
GEOMETRIC_REPRESENTATION_ITEM()
RATIONAL_B_SPLINE_SURFACE(((1.,1.),(1.,1.),(1.,1.),(1.,1.)))
REPRESENTATION_ITEM('')
SURFACE()
);
#3639=(
BOUNDED_SURFACE()
B_SPLINE_SURFACE(3,1,((#5285,#5286),(#5287,#5288),(#5289,#5290),(#5291,
#5292)),.UNSPECIFIED.,.F.,.F.,.F.)
B_SPLINE_SURFACE_WITH_KNOTS((4,4),(2,2),(0.,1.),(0.,0.2),.UNSPECIFIED.)
GEOMETRIC_REPRESENTATION_ITEM()
RATIONAL_B_SPLINE_SURFACE(((1.,1.),(1.,1.),(1.,1.),(1.,1.)))
REPRESENTATION_ITEM('')
SURFACE()
);
#3640=(
BOUNDED_SURFACE()
B_SPLINE_SURFACE(3,1,((#5304,#5305),(#5306,#5307),(#5308,#5309),(#5310,
#5311)),.UNSPECIFIED.,.F.,.F.,.F.)
B_SPLINE_SURFACE_WITH_KNOTS((4,4),(2,2),(0.,1.),(0.,0.2),.UNSPECIFIED.)
GEOMETRIC_REPRESENTATION_ITEM()
RATIONAL_B_SPLINE_SURFACE(((1.,1.),(1.,1.),(1.,1.),(1.,1.)))
REPRESENTATION_ITEM('')
SURFACE()
);
#3641=(
BOUNDED_SURFACE()
B_SPLINE_SURFACE(3,1,((#5323,#5324),(#5325,#5326),(#5327,#5328),(#5329,
#5330)),.UNSPECIFIED.,.F.,.F.,.F.)
B_SPLINE_SURFACE_WITH_KNOTS((4,4),(2,2),(0.,1.),(0.,0.2),.UNSPECIFIED.)
GEOMETRIC_REPRESENTATION_ITEM()
RATIONAL_B_SPLINE_SURFACE(((1.,1.),(1.,1.),(1.,1.),(1.,1.)))
REPRESENTATION_ITEM('')
SURFACE()
);
#3642=(
BOUNDED_SURFACE()
B_SPLINE_SURFACE(3,1,((#5342,#5343),(#5344,#5345),(#5346,#5347),(#5348,
#5349)),.UNSPECIFIED.,.F.,.F.,.F.)
B_SPLINE_SURFACE_WITH_KNOTS((4,4),(2,2),(0.,1.),(0.,0.2),.UNSPECIFIED.)
GEOMETRIC_REPRESENTATION_ITEM()
RATIONAL_B_SPLINE_SURFACE(((1.,1.),(1.,1.),(1.,1.),(1.,1.)))
REPRESENTATION_ITEM('')
SURFACE()
);
#3643=(
BOUNDED_SURFACE()
B_SPLINE_SURFACE(3,1,((#5361,#5362),(#5363,#5364),(#5365,#5366),(#5367,
#5368)),.UNSPECIFIED.,.F.,.F.,.F.)
B_SPLINE_SURFACE_WITH_KNOTS((4,4),(2,2),(0.,1.),(0.,0.2),.UNSPECIFIED.)
GEOMETRIC_REPRESENTATION_ITEM()
RATIONAL_B_SPLINE_SURFACE(((1.,1.),(1.,1.),(1.,1.),(1.,1.)))
REPRESENTATION_ITEM('')
SURFACE()
);
#3644=(
BOUNDED_SURFACE()
B_SPLINE_SURFACE(3,1,((#5380,#5381),(#5382,#5383),(#5384,#5385),(#5386,
#5387)),.UNSPECIFIED.,.F.,.F.,.F.)
B_SPLINE_SURFACE_WITH_KNOTS((4,4),(2,2),(0.,1.),(0.,0.2),.UNSPECIFIED.)
GEOMETRIC_REPRESENTATION_ITEM()
RATIONAL_B_SPLINE_SURFACE(((1.,1.),(1.,1.),(1.,1.),(1.,1.)))
REPRESENTATION_ITEM('')
SURFACE()
);
#3645=(
BOUNDED_SURFACE()
B_SPLINE_SURFACE(3,1,((#5399,#5400),(#5401,#5402),(#5403,#5404),(#5405,
#5406)),.UNSPECIFIED.,.F.,.F.,.F.)
B_SPLINE_SURFACE_WITH_KNOTS((4,4),(2,2),(0.,1.),(0.,0.2),.UNSPECIFIED.)
GEOMETRIC_REPRESENTATION_ITEM()
RATIONAL_B_SPLINE_SURFACE(((1.,1.),(1.,1.),(1.,1.),(1.,1.)))
REPRESENTATION_ITEM('')
SURFACE()
);
#3646=(
BOUNDED_SURFACE()
B_SPLINE_SURFACE(3,1,((#5418,#5419),(#5420,#5421),(#5422,#5423),(#5424,
#5425)),.UNSPECIFIED.,.F.,.F.,.F.)
B_SPLINE_SURFACE_WITH_KNOTS((4,4),(2,2),(0.215550319410141,1.),(0.,0.2),
 .UNSPECIFIED.)
GEOMETRIC_REPRESENTATION_ITEM()
RATIONAL_B_SPLINE_SURFACE(((1.,1.),(1.,1.),(1.,1.),(1.,1.)))
REPRESENTATION_ITEM('')
SURFACE()
);
#3647=(
BOUNDED_SURFACE()
B_SPLINE_SURFACE(3,1,((#5437,#5438),(#5439,#5440),(#5441,#5442),(#5443,
#5444)),.UNSPECIFIED.,.F.,.F.,.F.)
B_SPLINE_SURFACE_WITH_KNOTS((4,4),(2,2),(0.,0.227449939595084),(0.,0.2),
 .UNSPECIFIED.)
GEOMETRIC_REPRESENTATION_ITEM()
RATIONAL_B_SPLINE_SURFACE(((1.,1.),(1.,1.),(1.,1.),(1.,1.)))
REPRESENTATION_ITEM('')
SURFACE()
);
#3648=(
BOUNDED_SURFACE()
B_SPLINE_SURFACE(3,1,((#5459,#5460),(#5461,#5462),(#5463,#5464),(#5465,
#5466)),.UNSPECIFIED.,.F.,.F.,.F.)
B_SPLINE_SURFACE_WITH_KNOTS((4,4),(2,2),(0.,1.),(0.,0.2),.UNSPECIFIED.)
GEOMETRIC_REPRESENTATION_ITEM()
RATIONAL_B_SPLINE_SURFACE(((1.,1.),(1.,1.),(1.,1.),(1.,1.)))
REPRESENTATION_ITEM('')
SURFACE()
);
#3649=(
BOUNDED_SURFACE()
B_SPLINE_SURFACE(3,1,((#5478,#5479),(#5480,#5481),(#5482,#5483),(#5484,
#5485)),.UNSPECIFIED.,.F.,.F.,.F.)
B_SPLINE_SURFACE_WITH_KNOTS((4,4),(2,2),(0.,1.),(0.,0.2),.UNSPECIFIED.)
GEOMETRIC_REPRESENTATION_ITEM()
RATIONAL_B_SPLINE_SURFACE(((1.,1.),(1.,1.),(1.,1.),(1.,1.)))
REPRESENTATION_ITEM('')
SURFACE()
);
#3650=(
BOUNDED_SURFACE()
B_SPLINE_SURFACE(3,1,((#5497,#5498),(#5499,#5500),(#5501,#5502),(#5503,
#5504)),.UNSPECIFIED.,.F.,.F.,.F.)
B_SPLINE_SURFACE_WITH_KNOTS((4,4),(2,2),(0.,1.),(0.,0.2),.UNSPECIFIED.)
GEOMETRIC_REPRESENTATION_ITEM()
RATIONAL_B_SPLINE_SURFACE(((1.,1.),(1.,1.),(1.,1.),(1.,1.)))
REPRESENTATION_ITEM('')
SURFACE()
);
#3651=(
BOUNDED_SURFACE()
B_SPLINE_SURFACE(3,1,((#5516,#5517),(#5518,#5519),(#5520,#5521),(#5522,
#5523)),.UNSPECIFIED.,.F.,.F.,.F.)
B_SPLINE_SURFACE_WITH_KNOTS((4,4),(2,2),(0.,1.),(0.,0.2),.UNSPECIFIED.)
GEOMETRIC_REPRESENTATION_ITEM()
RATIONAL_B_SPLINE_SURFACE(((1.,1.),(1.,1.),(1.,1.),(1.,1.)))
REPRESENTATION_ITEM('')
SURFACE()
);
#3652=(
BOUNDED_SURFACE()
B_SPLINE_SURFACE(3,1,((#5535,#5536),(#5537,#5538),(#5539,#5540),(#5541,
#5542)),.UNSPECIFIED.,.F.,.F.,.F.)
B_SPLINE_SURFACE_WITH_KNOTS((4,4),(2,2),(0.,1.),(0.,0.2),.UNSPECIFIED.)
GEOMETRIC_REPRESENTATION_ITEM()
RATIONAL_B_SPLINE_SURFACE(((1.,1.),(1.,1.),(1.,1.),(1.,1.)))
REPRESENTATION_ITEM('')
SURFACE()
);
#3653=(
BOUNDED_SURFACE()
B_SPLINE_SURFACE(3,1,((#5554,#5555),(#5556,#5557),(#5558,#5559),(#5560,
#5561)),.UNSPECIFIED.,.F.,.F.,.F.)
B_SPLINE_SURFACE_WITH_KNOTS((4,4),(2,2),(0.,1.),(0.,0.2),.UNSPECIFIED.)
GEOMETRIC_REPRESENTATION_ITEM()
RATIONAL_B_SPLINE_SURFACE(((1.,1.),(1.,1.),(1.,1.),(1.,1.)))
REPRESENTATION_ITEM('')
SURFACE()
);
#3654=(
BOUNDED_SURFACE()
B_SPLINE_SURFACE(3,1,((#5573,#5574),(#5575,#5576),(#5577,#5578),(#5579,
#5580)),.UNSPECIFIED.,.F.,.F.,.F.)
B_SPLINE_SURFACE_WITH_KNOTS((4,4),(2,2),(0.,1.),(0.,0.2),.UNSPECIFIED.)
GEOMETRIC_REPRESENTATION_ITEM()
RATIONAL_B_SPLINE_SURFACE(((1.,1.),(1.,1.),(1.,1.),(1.,1.)))
REPRESENTATION_ITEM('')
SURFACE()
);
#3655=(
BOUNDED_SURFACE()
B_SPLINE_SURFACE(3,1,((#5592,#5593),(#5594,#5595),(#5596,#5597),(#5598,
#5599)),.UNSPECIFIED.,.F.,.F.,.F.)
B_SPLINE_SURFACE_WITH_KNOTS((4,4),(2,2),(0.,1.),(0.,0.2),.UNSPECIFIED.)
GEOMETRIC_REPRESENTATION_ITEM()
RATIONAL_B_SPLINE_SURFACE(((1.,1.),(1.,1.),(1.,1.),(1.,1.)))
REPRESENTATION_ITEM('')
SURFACE()
);
#3656=(
BOUNDED_SURFACE()
B_SPLINE_SURFACE(3,1,((#5611,#5612),(#5613,#5614),(#5615,#5616),(#5617,
#5618)),.UNSPECIFIED.,.F.,.F.,.F.)
B_SPLINE_SURFACE_WITH_KNOTS((4,4),(2,2),(0.,1.),(0.,0.2),.UNSPECIFIED.)
GEOMETRIC_REPRESENTATION_ITEM()
RATIONAL_B_SPLINE_SURFACE(((1.,1.),(1.,1.),(1.,1.),(1.,1.)))
REPRESENTATION_ITEM('')
SURFACE()
);
#3657=(
BOUNDED_SURFACE()
B_SPLINE_SURFACE(3,1,((#5630,#5631),(#5632,#5633),(#5634,#5635),(#5636,
#5637)),.UNSPECIFIED.,.F.,.F.,.F.)
B_SPLINE_SURFACE_WITH_KNOTS((4,4),(2,2),(0.,1.),(0.,0.2),.UNSPECIFIED.)
GEOMETRIC_REPRESENTATION_ITEM()
RATIONAL_B_SPLINE_SURFACE(((1.,1.),(1.,1.),(1.,1.),(1.,1.)))
REPRESENTATION_ITEM('')
SURFACE()
);
#3658=(
BOUNDED_SURFACE()
B_SPLINE_SURFACE(3,1,((#5649,#5650),(#5651,#5652),(#5653,#5654),(#5655,
#5656)),.UNSPECIFIED.,.F.,.F.,.F.)
B_SPLINE_SURFACE_WITH_KNOTS((4,4),(2,2),(0.,1.),(0.,0.2),.UNSPECIFIED.)
GEOMETRIC_REPRESENTATION_ITEM()
RATIONAL_B_SPLINE_SURFACE(((1.,1.),(1.,1.),(1.,1.),(1.,1.)))
REPRESENTATION_ITEM('')
SURFACE()
);
#3659=(
BOUNDED_SURFACE()
B_SPLINE_SURFACE(3,1,((#5668,#5669),(#5670,#5671),(#5672,#5673),(#5674,
#5675)),.UNSPECIFIED.,.F.,.F.,.F.)
B_SPLINE_SURFACE_WITH_KNOTS((4,4),(2,2),(0.122559905492439,1.),(0.,0.2),
 .UNSPECIFIED.)
GEOMETRIC_REPRESENTATION_ITEM()
RATIONAL_B_SPLINE_SURFACE(((1.,1.),(1.,1.),(1.,1.),(1.,1.)))
REPRESENTATION_ITEM('')
SURFACE()
);
#3660=(
BOUNDED_SURFACE()
B_SPLINE_SURFACE(3,1,((#5687,#5688),(#5689,#5690),(#5691,#5692),(#5693,
#5694)),.UNSPECIFIED.,.F.,.F.,.F.)
B_SPLINE_SURFACE_WITH_KNOTS((4,4),(2,2),(-1.,-0.0494782600900385),(0.,0.2),
 .UNSPECIFIED.)
GEOMETRIC_REPRESENTATION_ITEM()
RATIONAL_B_SPLINE_SURFACE(((1.,1.),(1.,1.),(1.,1.),(1.,1.)))
REPRESENTATION_ITEM('')
SURFACE()
);
#3661=(
BOUNDED_SURFACE()
B_SPLINE_SURFACE(3,1,((#5709,#5710),(#5711,#5712),(#5713,#5714),(#5715,
#5716)),.UNSPECIFIED.,.F.,.F.,.F.)
B_SPLINE_SURFACE_WITH_KNOTS((4,4),(2,2),(-1.,0.),(0.,0.2),.UNSPECIFIED.)
GEOMETRIC_REPRESENTATION_ITEM()
RATIONAL_B_SPLINE_SURFACE(((1.,1.),(1.,1.),(1.,1.),(1.,1.)))
REPRESENTATION_ITEM('')
SURFACE()
);
#3662=(
BOUNDED_SURFACE()
B_SPLINE_SURFACE(3,1,((#5728,#5729),(#5730,#5731),(#5732,#5733),(#5734,
#5735)),.UNSPECIFIED.,.F.,.F.,.F.)
B_SPLINE_SURFACE_WITH_KNOTS((4,4),(2,2),(-1.,0.),(0.,0.2),.UNSPECIFIED.)
GEOMETRIC_REPRESENTATION_ITEM()
RATIONAL_B_SPLINE_SURFACE(((1.,1.),(1.,1.),(1.,1.),(1.,1.)))
REPRESENTATION_ITEM('')
SURFACE()
);
#3663=(
BOUNDED_SURFACE()
B_SPLINE_SURFACE(3,1,((#5747,#5748),(#5749,#5750),(#5751,#5752),(#5753,
#5754)),.UNSPECIFIED.,.F.,.F.,.F.)
B_SPLINE_SURFACE_WITH_KNOTS((4,4),(2,2),(-1.,0.),(0.,0.2),.UNSPECIFIED.)
GEOMETRIC_REPRESENTATION_ITEM()
RATIONAL_B_SPLINE_SURFACE(((1.,1.),(1.,1.),(1.,1.),(1.,1.)))
REPRESENTATION_ITEM('')
SURFACE()
);
#3664=(
BOUNDED_SURFACE()
B_SPLINE_SURFACE(3,1,((#5766,#5767),(#5768,#5769),(#5770,#5771),(#5772,
#5773)),.UNSPECIFIED.,.F.,.F.,.F.)
B_SPLINE_SURFACE_WITH_KNOTS((4,4),(2,2),(-1.,0.),(0.,0.2),.UNSPECIFIED.)
GEOMETRIC_REPRESENTATION_ITEM()
RATIONAL_B_SPLINE_SURFACE(((1.,1.),(1.,1.),(1.,1.),(1.,1.)))
REPRESENTATION_ITEM('')
SURFACE()
);
#3665=(
BOUNDED_SURFACE()
B_SPLINE_SURFACE(3,1,((#5785,#5786),(#5787,#5788),(#5789,#5790),(#5791,
#5792)),.UNSPECIFIED.,.F.,.F.,.F.)
B_SPLINE_SURFACE_WITH_KNOTS((4,4),(2,2),(-1.,0.),(0.,0.2),.UNSPECIFIED.)
GEOMETRIC_REPRESENTATION_ITEM()
RATIONAL_B_SPLINE_SURFACE(((1.,1.),(1.,1.),(1.,1.),(1.,1.)))
REPRESENTATION_ITEM('')
SURFACE()
);
#3666=(
BOUNDED_SURFACE()
B_SPLINE_SURFACE(3,1,((#5804,#5805),(#5806,#5807),(#5808,#5809),(#5810,
#5811)),.UNSPECIFIED.,.F.,.F.,.F.)
B_SPLINE_SURFACE_WITH_KNOTS((4,4),(2,2),(-1.,0.),(0.,0.2),.UNSPECIFIED.)
GEOMETRIC_REPRESENTATION_ITEM()
RATIONAL_B_SPLINE_SURFACE(((1.,1.),(1.,1.),(1.,1.),(1.,1.)))
REPRESENTATION_ITEM('')
SURFACE()
);
#3667=(
BOUNDED_SURFACE()
B_SPLINE_SURFACE(3,1,((#5823,#5824),(#5825,#5826),(#5827,#5828),(#5829,
#5830)),.UNSPECIFIED.,.F.,.F.,.F.)
B_SPLINE_SURFACE_WITH_KNOTS((4,4),(2,2),(-1.,0.),(0.,0.2),.UNSPECIFIED.)
GEOMETRIC_REPRESENTATION_ITEM()
RATIONAL_B_SPLINE_SURFACE(((1.,1.),(1.,1.),(1.,1.),(1.,1.)))
REPRESENTATION_ITEM('')
SURFACE()
);
#3668=(
BOUNDED_SURFACE()
B_SPLINE_SURFACE(3,1,((#5842,#5843),(#5844,#5845),(#5846,#5847),(#5848,
#5849)),.UNSPECIFIED.,.F.,.F.,.F.)
B_SPLINE_SURFACE_WITH_KNOTS((4,4),(2,2),(-1.,0.),(0.,0.2),.UNSPECIFIED.)
GEOMETRIC_REPRESENTATION_ITEM()
RATIONAL_B_SPLINE_SURFACE(((1.,1.),(1.,1.),(1.,1.),(1.,1.)))
REPRESENTATION_ITEM('')
SURFACE()
);
#3669=(
BOUNDED_SURFACE()
B_SPLINE_SURFACE(3,1,((#5861,#5862),(#5863,#5864),(#5865,#5866),(#5867,
#5868)),.UNSPECIFIED.,.F.,.F.,.F.)
B_SPLINE_SURFACE_WITH_KNOTS((4,4),(2,2),(-1.,0.),(0.,0.2),.UNSPECIFIED.)
GEOMETRIC_REPRESENTATION_ITEM()
RATIONAL_B_SPLINE_SURFACE(((1.,1.),(1.,1.),(1.,1.),(1.,1.)))
REPRESENTATION_ITEM('')
SURFACE()
);
#3670=(
BOUNDED_SURFACE()
B_SPLINE_SURFACE(3,1,((#5880,#5881),(#5882,#5883),(#5884,#5885),(#5886,
#5887)),.UNSPECIFIED.,.F.,.F.,.F.)
B_SPLINE_SURFACE_WITH_KNOTS((4,4),(2,2),(-1.,0.),(0.,0.2),.UNSPECIFIED.)
GEOMETRIC_REPRESENTATION_ITEM()
RATIONAL_B_SPLINE_SURFACE(((1.,1.),(1.,1.),(1.,1.),(1.,1.)))
REPRESENTATION_ITEM('')
SURFACE()
);
#3671=(
BOUNDED_SURFACE()
B_SPLINE_SURFACE(3,1,((#5899,#5900),(#5901,#5902),(#5903,#5904),(#5905,
#5906)),.UNSPECIFIED.,.F.,.F.,.F.)
B_SPLINE_SURFACE_WITH_KNOTS((4,4),(2,2),(-1.,0.),(0.,0.2),.UNSPECIFIED.)
GEOMETRIC_REPRESENTATION_ITEM()
RATIONAL_B_SPLINE_SURFACE(((1.,1.),(1.,1.),(1.,1.),(1.,1.)))
REPRESENTATION_ITEM('')
SURFACE()
);
#3672=(
BOUNDED_SURFACE()
B_SPLINE_SURFACE(3,1,((#5918,#5919),(#5920,#5921),(#5922,#5923),(#5924,
#5925)),.UNSPECIFIED.,.F.,.F.,.F.)
B_SPLINE_SURFACE_WITH_KNOTS((4,4),(2,2),(-0.795037197696873,0.),(0.,0.2),
 .UNSPECIFIED.)
GEOMETRIC_REPRESENTATION_ITEM()
RATIONAL_B_SPLINE_SURFACE(((1.,1.),(1.,1.),(1.,1.),(1.,1.)))
REPRESENTATION_ITEM('')
SURFACE()
);
#3673=(
BOUNDED_SURFACE()
B_SPLINE_SURFACE(3,1,((#5937,#5938),(#5939,#5940),(#5941,#5942),(#5943,
#5944)),.UNSPECIFIED.,.F.,.F.,.F.)
B_SPLINE_SURFACE_WITH_KNOTS((4,4),(2,2),(-1.,-0.262108861738982),(0.,0.2),
 .UNSPECIFIED.)
GEOMETRIC_REPRESENTATION_ITEM()
RATIONAL_B_SPLINE_SURFACE(((1.,1.),(1.,1.),(1.,1.),(1.,1.)))
REPRESENTATION_ITEM('')
SURFACE()
);
#3674=(
BOUNDED_SURFACE()
B_SPLINE_SURFACE(3,1,((#5959,#5960),(#5961,#5962),(#5963,#5964),(#5965,
#5966)),.UNSPECIFIED.,.F.,.F.,.F.)
B_SPLINE_SURFACE_WITH_KNOTS((4,4),(2,2),(-1.,0.),(0.,0.2),.UNSPECIFIED.)
GEOMETRIC_REPRESENTATION_ITEM()
RATIONAL_B_SPLINE_SURFACE(((1.,1.),(1.,1.),(1.,1.),(1.,1.)))
REPRESENTATION_ITEM('')
SURFACE()
);
#3675=(
BOUNDED_SURFACE()
B_SPLINE_SURFACE(3,1,((#5978,#5979),(#5980,#5981),(#5982,#5983),(#5984,
#5985)),.UNSPECIFIED.,.F.,.F.,.F.)
B_SPLINE_SURFACE_WITH_KNOTS((4,4),(2,2),(-1.,0.),(0.,0.2),.UNSPECIFIED.)
GEOMETRIC_REPRESENTATION_ITEM()
RATIONAL_B_SPLINE_SURFACE(((1.,1.),(1.,1.),(1.,1.),(1.,1.)))
REPRESENTATION_ITEM('')
SURFACE()
);
#3676=(
BOUNDED_SURFACE()
B_SPLINE_SURFACE(3,1,((#5997,#5998),(#5999,#6000),(#6001,#6002),(#6003,
#6004)),.UNSPECIFIED.,.F.,.F.,.F.)
B_SPLINE_SURFACE_WITH_KNOTS((4,4),(2,2),(-1.,0.),(0.,0.2),.UNSPECIFIED.)
GEOMETRIC_REPRESENTATION_ITEM()
RATIONAL_B_SPLINE_SURFACE(((1.,1.),(1.,1.),(1.,1.),(1.,1.)))
REPRESENTATION_ITEM('')
SURFACE()
);
#3677=(
BOUNDED_SURFACE()
B_SPLINE_SURFACE(3,1,((#6016,#6017),(#6018,#6019),(#6020,#6021),(#6022,
#6023)),.UNSPECIFIED.,.F.,.F.,.F.)
B_SPLINE_SURFACE_WITH_KNOTS((4,4),(2,2),(-1.,0.),(0.,0.2),.UNSPECIFIED.)
GEOMETRIC_REPRESENTATION_ITEM()
RATIONAL_B_SPLINE_SURFACE(((1.,1.),(1.,1.),(1.,1.),(1.,1.)))
REPRESENTATION_ITEM('')
SURFACE()
);
#3678=(
BOUNDED_SURFACE()
B_SPLINE_SURFACE(3,1,((#6035,#6036),(#6037,#6038),(#6039,#6040),(#6041,
#6042)),.UNSPECIFIED.,.F.,.F.,.F.)
B_SPLINE_SURFACE_WITH_KNOTS((4,4),(2,2),(-1.,0.),(0.,0.2),.UNSPECIFIED.)
GEOMETRIC_REPRESENTATION_ITEM()
RATIONAL_B_SPLINE_SURFACE(((1.,1.),(1.,1.),(1.,1.),(1.,1.)))
REPRESENTATION_ITEM('')
SURFACE()
);
#3679=(
BOUNDED_SURFACE()
B_SPLINE_SURFACE(3,1,((#6054,#6055),(#6056,#6057),(#6058,#6059),(#6060,
#6061)),.UNSPECIFIED.,.F.,.F.,.F.)
B_SPLINE_SURFACE_WITH_KNOTS((4,4),(2,2),(-1.,0.),(0.,0.2),.UNSPECIFIED.)
GEOMETRIC_REPRESENTATION_ITEM()
RATIONAL_B_SPLINE_SURFACE(((1.,1.),(1.,1.),(1.,1.),(1.,1.)))
REPRESENTATION_ITEM('')
SURFACE()
);
#3680=(
BOUNDED_SURFACE()
B_SPLINE_SURFACE(3,1,((#6073,#6074),(#6075,#6076),(#6077,#6078),(#6079,
#6080)),.UNSPECIFIED.,.F.,.F.,.F.)
B_SPLINE_SURFACE_WITH_KNOTS((4,4),(2,2),(-1.,0.),(0.,0.2),.UNSPECIFIED.)
GEOMETRIC_REPRESENTATION_ITEM()
RATIONAL_B_SPLINE_SURFACE(((1.,1.),(1.,1.),(1.,1.),(1.,1.)))
REPRESENTATION_ITEM('')
SURFACE()
);
#3681=(
BOUNDED_SURFACE()
B_SPLINE_SURFACE(3,1,((#6092,#6093),(#6094,#6095),(#6096,#6097),(#6098,
#6099)),.UNSPECIFIED.,.F.,.F.,.F.)
B_SPLINE_SURFACE_WITH_KNOTS((4,4),(2,2),(-1.,0.),(0.,0.2),.UNSPECIFIED.)
GEOMETRIC_REPRESENTATION_ITEM()
RATIONAL_B_SPLINE_SURFACE(((1.,1.),(1.,1.),(1.,1.),(1.,1.)))
REPRESENTATION_ITEM('')
SURFACE()
);
#3682=(
BOUNDED_SURFACE()
B_SPLINE_SURFACE(3,1,((#6111,#6112),(#6113,#6114),(#6115,#6116),(#6117,
#6118)),.UNSPECIFIED.,.F.,.F.,.F.)
B_SPLINE_SURFACE_WITH_KNOTS((4,4),(2,2),(-1.,0.),(0.,0.2),.UNSPECIFIED.)
GEOMETRIC_REPRESENTATION_ITEM()
RATIONAL_B_SPLINE_SURFACE(((1.,1.),(1.,1.),(1.,1.),(1.,1.)))
REPRESENTATION_ITEM('')
SURFACE()
);
#3683=(
BOUNDED_SURFACE()
B_SPLINE_SURFACE(3,1,((#6130,#6131),(#6132,#6133),(#6134,#6135),(#6136,
#6137)),.UNSPECIFIED.,.F.,.F.,.F.)
B_SPLINE_SURFACE_WITH_KNOTS((4,4),(2,2),(-1.,0.),(0.,0.2),.UNSPECIFIED.)
GEOMETRIC_REPRESENTATION_ITEM()
RATIONAL_B_SPLINE_SURFACE(((1.,1.),(1.,1.),(1.,1.),(1.,1.)))
REPRESENTATION_ITEM('')
SURFACE()
);
#3684=(
BOUNDED_SURFACE()
B_SPLINE_SURFACE(3,1,((#6149,#6150),(#6151,#6152),(#6153,#6154),(#6155,
#6156)),.UNSPECIFIED.,.F.,.F.,.F.)
B_SPLINE_SURFACE_WITH_KNOTS((4,4),(2,2),(-0.584754980002003,0.),(0.,0.2),
 .UNSPECIFIED.)
GEOMETRIC_REPRESENTATION_ITEM()
RATIONAL_B_SPLINE_SURFACE(((1.,1.),(1.,1.),(1.,1.),(1.,1.)))
REPRESENTATION_ITEM('')
SURFACE()
);
#3685=(
BOUNDED_SURFACE()
B_SPLINE_SURFACE(3,1,((#6168,#6169),(#6170,#6171),(#6172,#6173),(#6174,
#6175)),.UNSPECIFIED.,.F.,.F.,.F.)
B_SPLINE_SURFACE_WITH_KNOTS((4,4),(2,2),(0.,0.303668894801994),(0.,0.2),
 .UNSPECIFIED.)
GEOMETRIC_REPRESENTATION_ITEM()
RATIONAL_B_SPLINE_SURFACE(((1.,1.),(1.,1.),(1.,1.),(1.,1.)))
REPRESENTATION_ITEM('')
SURFACE()
);
#3686=(
BOUNDED_SURFACE()
B_SPLINE_SURFACE(3,1,((#6190,#6191),(#6192,#6193),(#6194,#6195),(#6196,
#6197)),.UNSPECIFIED.,.F.,.F.,.F.)
B_SPLINE_SURFACE_WITH_KNOTS((4,4),(2,2),(0.,1.),(0.,0.2),.UNSPECIFIED.)
GEOMETRIC_REPRESENTATION_ITEM()
RATIONAL_B_SPLINE_SURFACE(((1.,1.),(1.,1.),(1.,1.),(1.,1.)))
REPRESENTATION_ITEM('')
SURFACE()
);
#3687=(
BOUNDED_SURFACE()
B_SPLINE_SURFACE(3,1,((#6209,#6210),(#6211,#6212),(#6213,#6214),(#6215,
#6216)),.UNSPECIFIED.,.F.,.F.,.F.)
B_SPLINE_SURFACE_WITH_KNOTS((4,4),(2,2),(0.47725673734827,1.),(0.,0.2),
 .UNSPECIFIED.)
GEOMETRIC_REPRESENTATION_ITEM()
RATIONAL_B_SPLINE_SURFACE(((1.,1.),(1.,1.),(1.,1.),(1.,1.)))
REPRESENTATION_ITEM('')
SURFACE()
);
#3688=(
BOUNDED_SURFACE()
B_SPLINE_SURFACE(3,1,((#6228,#6229),(#6230,#6231),(#6232,#6233),(#6234,
#6235)),.UNSPECIFIED.,.F.,.F.,.F.)
B_SPLINE_SURFACE_WITH_KNOTS((4,4),(2,2),(-0.626056797836563,-0.176317139273981),
(0.,0.2),.UNSPECIFIED.)
GEOMETRIC_REPRESENTATION_ITEM()
RATIONAL_B_SPLINE_SURFACE(((1.,1.),(1.,1.),(1.,1.),(1.,1.)))
REPRESENTATION_ITEM('')
SURFACE()
);
#3689=(
BOUNDED_SURFACE()
B_SPLINE_SURFACE(3,1,((#6250,#6251),(#6252,#6253),(#6254,#6255),(#6256,
#6257)),.UNSPECIFIED.,.F.,.F.,.F.)
B_SPLINE_SURFACE_WITH_KNOTS((4,4),(2,2),(-1.,-0.635610477453223),(0.,0.2),
 .UNSPECIFIED.)
GEOMETRIC_REPRESENTATION_ITEM()
RATIONAL_B_SPLINE_SURFACE(((1.,1.),(1.,1.),(1.,1.),(1.,1.)))
REPRESENTATION_ITEM('')
SURFACE()
);
#3690=(
BOUNDED_SURFACE()
B_SPLINE_SURFACE(3,1,((#6272,#6273),(#6274,#6275),(#6276,#6277),(#6278,
#6279)),.UNSPECIFIED.,.F.,.F.,.F.)
B_SPLINE_SURFACE_WITH_KNOTS((4,4),(2,2),(-0.210295266950956,0.),(0.,0.2),
 .UNSPECIFIED.)
GEOMETRIC_REPRESENTATION_ITEM()
RATIONAL_B_SPLINE_SURFACE(((1.,1.),(1.,1.),(1.,1.),(1.,1.)))
REPRESENTATION_ITEM('')
SURFACE()
);
#3691=(
BOUNDED_SURFACE()
B_SPLINE_SURFACE(3,1,((#6291,#6292),(#6293,#6294),(#6295,#6296),(#6297,
#6298)),.UNSPECIFIED.,.F.,.F.,.F.)
B_SPLINE_SURFACE_WITH_KNOTS((4,4),(2,2),(0.,0.382824481071752),(0.,0.2),
 .UNSPECIFIED.)
GEOMETRIC_REPRESENTATION_ITEM()
RATIONAL_B_SPLINE_SURFACE(((1.,1.),(1.,1.),(1.,1.),(1.,1.)))
REPRESENTATION_ITEM('')
SURFACE()
);
#3692=(
BOUNDED_SURFACE()
B_SPLINE_SURFACE(3,1,((#6313,#6314),(#6315,#6316),(#6317,#6318),(#6319,
#6320)),.UNSPECIFIED.,.F.,.F.,.F.)
B_SPLINE_SURFACE_WITH_KNOTS((4,4),(2,2),(0.,1.),(0.,0.2),.UNSPECIFIED.)
GEOMETRIC_REPRESENTATION_ITEM()
RATIONAL_B_SPLINE_SURFACE(((1.,1.),(1.,1.),(1.,1.),(1.,1.)))
REPRESENTATION_ITEM('')
SURFACE()
);
#3693=(
BOUNDED_SURFACE()
B_SPLINE_SURFACE(3,1,((#6332,#6333),(#6334,#6335),(#6336,#6337),(#6338,
#6339)),.UNSPECIFIED.,.F.,.F.,.F.)
B_SPLINE_SURFACE_WITH_KNOTS((4,4),(2,2),(0.,1.),(0.,0.2),.UNSPECIFIED.)
GEOMETRIC_REPRESENTATION_ITEM()
RATIONAL_B_SPLINE_SURFACE(((1.,1.),(1.,1.),(1.,1.),(1.,1.)))
REPRESENTATION_ITEM('')
SURFACE()
);
#3694=(
BOUNDED_SURFACE()
B_SPLINE_SURFACE(3,1,((#6351,#6352),(#6353,#6354),(#6355,#6356),(#6357,
#6358)),.UNSPECIFIED.,.F.,.F.,.F.)
B_SPLINE_SURFACE_WITH_KNOTS((4,4),(2,2),(0.,1.),(0.,0.2),.UNSPECIFIED.)
GEOMETRIC_REPRESENTATION_ITEM()
RATIONAL_B_SPLINE_SURFACE(((1.,1.),(1.,1.),(1.,1.),(1.,1.)))
REPRESENTATION_ITEM('')
SURFACE()
);
#3695=(
BOUNDED_SURFACE()
B_SPLINE_SURFACE(3,1,((#6370,#6371),(#6372,#6373),(#6374,#6375),(#6376,
#6377)),.UNSPECIFIED.,.F.,.F.,.F.)
B_SPLINE_SURFACE_WITH_KNOTS((4,4),(2,2),(0.,1.),(0.,0.2),.UNSPECIFIED.)
GEOMETRIC_REPRESENTATION_ITEM()
RATIONAL_B_SPLINE_SURFACE(((1.,1.),(1.,1.),(1.,1.),(1.,1.)))
REPRESENTATION_ITEM('')
SURFACE()
);
#3696=(
BOUNDED_SURFACE()
B_SPLINE_SURFACE(3,1,((#6389,#6390),(#6391,#6392),(#6393,#6394),(#6395,
#6396)),.UNSPECIFIED.,.F.,.F.,.F.)
B_SPLINE_SURFACE_WITH_KNOTS((4,4),(2,2),(0.457813183387892,1.),(0.,0.2),
 .UNSPECIFIED.)
GEOMETRIC_REPRESENTATION_ITEM()
RATIONAL_B_SPLINE_SURFACE(((1.,1.),(1.,1.),(1.,1.),(1.,1.)))
REPRESENTATION_ITEM('')
SURFACE()
);
#3697=(
BOUNDED_SURFACE()
B_SPLINE_SURFACE(3,1,((#6408,#6409),(#6410,#6411),(#6412,#6413),(#6414,
#6415)),.UNSPECIFIED.,.F.,.F.,.F.)
B_SPLINE_SURFACE_WITH_KNOTS((4,4),(2,2),(-1.,-0.0992831718353687),(0.,0.2),
 .UNSPECIFIED.)
GEOMETRIC_REPRESENTATION_ITEM()
RATIONAL_B_SPLINE_SURFACE(((1.,1.),(1.,1.),(1.,1.),(1.,1.)))
REPRESENTATION_ITEM('')
SURFACE()
);
#3698=(
BOUNDED_SURFACE()
B_SPLINE_SURFACE(3,1,((#6430,#6431),(#6432,#6433),(#6434,#6435),(#6436,
#6437)),.UNSPECIFIED.,.F.,.F.,.F.)
B_SPLINE_SURFACE_WITH_KNOTS((4,4),(2,2),(-0.988727772910637,0.),(0.,0.2),
 .UNSPECIFIED.)
GEOMETRIC_REPRESENTATION_ITEM()
RATIONAL_B_SPLINE_SURFACE(((1.,1.),(1.,1.),(1.,1.),(1.,1.)))
REPRESENTATION_ITEM('')
SURFACE()
);
#3699=(
BOUNDED_SURFACE()
B_SPLINE_SURFACE(3,1,((#6449,#6450),(#6451,#6452),(#6453,#6454),(#6455,
#6456)),.UNSPECIFIED.,.F.,.F.,.F.)
B_SPLINE_SURFACE_WITH_KNOTS((4,4),(2,2),(0.,0.812812229078157),(0.,0.2),
 .UNSPECIFIED.)
GEOMETRIC_REPRESENTATION_ITEM()
RATIONAL_B_SPLINE_SURFACE(((1.,1.),(1.,1.),(1.,1.),(1.,1.)))
REPRESENTATION_ITEM('')
SURFACE()
);
#3700=(
BOUNDED_SURFACE()
B_SPLINE_SURFACE(3,1,((#6471,#6472),(#6473,#6474),(#6475,#6476),(#6477,
#6478)),.UNSPECIFIED.,.F.,.F.,.F.)
B_SPLINE_SURFACE_WITH_KNOTS((4,4),(2,2),(0.00561249473120391,1.),(0.,0.2),
 .UNSPECIFIED.)
GEOMETRIC_REPRESENTATION_ITEM()
RATIONAL_B_SPLINE_SURFACE(((1.,1.),(1.,1.),(1.,1.),(1.,1.)))
REPRESENTATION_ITEM('')
SURFACE()
);
#3701=(
BOUNDED_SURFACE()
B_SPLINE_SURFACE(3,1,((#6490,#6491),(#6492,#6493),(#6494,#6495),(#6496,
#6497)),.UNSPECIFIED.,.F.,.F.,.F.)
B_SPLINE_SURFACE_WITH_KNOTS((4,4),(2,2),(-1.,-0.990066590215541),(0.,0.2),
 .UNSPECIFIED.)
GEOMETRIC_REPRESENTATION_ITEM()
RATIONAL_B_SPLINE_SURFACE(((1.,1.),(1.,1.),(1.,1.),(1.,1.)))
REPRESENTATION_ITEM('')
SURFACE()
);
#3702=(
BOUNDED_SURFACE()
B_SPLINE_SURFACE(3,1,((#6510,#6511),(#6512,#6513),(#6514,#6515),(#6516,
#6517)),.UNSPECIFIED.,.F.,.F.,.F.)
B_SPLINE_SURFACE_WITH_KNOTS((4,4),(2,2),(-0.00561249473120376,0.),(0.,0.2),
 .UNSPECIFIED.)
GEOMETRIC_REPRESENTATION_ITEM()
RATIONAL_B_SPLINE_SURFACE(((1.,1.),(1.,1.),(1.,1.),(1.,1.)))
REPRESENTATION_ITEM('')
SURFACE()
);
#3703=(
BOUNDED_SURFACE()
B_SPLINE_SURFACE(3,1,((#6526,#6527),(#6528,#6529),(#6530,#6531),(#6532,
#6533)),.UNSPECIFIED.,.F.,.F.,.F.)
B_SPLINE_SURFACE_WITH_KNOTS((4,4),(2,2),(0.,0.990066590212631),(0.,0.2),
 .UNSPECIFIED.)
GEOMETRIC_REPRESENTATION_ITEM()
RATIONAL_B_SPLINE_SURFACE(((1.,1.),(1.,1.),(1.,1.),(1.,1.)))
REPRESENTATION_ITEM('')
SURFACE()
);
#3704=(
BOUNDED_SURFACE()
B_SPLINE_SURFACE(3,1,((#6545,#6546),(#6547,#6548),(#6549,#6550),(#6551,
#6552)),.UNSPECIFIED.,.F.,.F.,.F.)
B_SPLINE_SURFACE_WITH_KNOTS((4,4),(2,2),(0.,1.),(0.,0.2),.UNSPECIFIED.)
GEOMETRIC_REPRESENTATION_ITEM()
RATIONAL_B_SPLINE_SURFACE(((1.,1.),(1.,1.),(1.,1.),(1.,1.)))
REPRESENTATION_ITEM('')
SURFACE()
);
#3705=(
BOUNDED_SURFACE()
B_SPLINE_SURFACE(3,1,((#6564,#6565),(#6566,#6567),(#6568,#6569),(#6570,
#6571)),.UNSPECIFIED.,.F.,.F.,.F.)
B_SPLINE_SURFACE_WITH_KNOTS((4,4),(2,2),(0.,1.),(0.,0.2),.UNSPECIFIED.)
GEOMETRIC_REPRESENTATION_ITEM()
RATIONAL_B_SPLINE_SURFACE(((1.,1.),(1.,1.),(1.,1.),(1.,1.)))
REPRESENTATION_ITEM('')
SURFACE()
);
#3706=(
BOUNDED_SURFACE()
B_SPLINE_SURFACE(3,1,((#6583,#6584),(#6585,#6586),(#6587,#6588),(#6589,
#6590)),.UNSPECIFIED.,.F.,.F.,.F.)
B_SPLINE_SURFACE_WITH_KNOTS((4,4),(2,2),(0.617701480696612,1.),(0.,0.2),
 .UNSPECIFIED.)
GEOMETRIC_REPRESENTATION_ITEM()
RATIONAL_B_SPLINE_SURFACE(((1.,1.),(1.,1.),(1.,1.),(1.,1.)))
REPRESENTATION_ITEM('')
SURFACE()
);
#3707=(
BOUNDED_SURFACE()
B_SPLINE_SURFACE(3,1,((#6602,#6603),(#6604,#6605),(#6606,#6607),(#6608,
#6609)),.UNSPECIFIED.,.F.,.F.,.F.)
B_SPLINE_SURFACE_WITH_KNOTS((4,4),(2,2),(-1.,-0.867724236423866),(0.,0.2),
 .UNSPECIFIED.)
GEOMETRIC_REPRESENTATION_ITEM()
RATIONAL_B_SPLINE_SURFACE(((1.,1.),(1.,1.),(1.,1.),(1.,1.)))
REPRESENTATION_ITEM('')
SURFACE()
);
#3708=(
BOUNDED_SURFACE()
B_SPLINE_SURFACE(3,1,((#6624,#6625),(#6626,#6627),(#6628,#6629),(#6630,
#6631)),.UNSPECIFIED.,.F.,.F.,.F.)
B_SPLINE_SURFACE_WITH_KNOTS((4,4),(2,2),(-1.,0.),(0.,0.2),.UNSPECIFIED.)
GEOMETRIC_REPRESENTATION_ITEM()
RATIONAL_B_SPLINE_SURFACE(((1.,1.),(1.,1.),(1.,1.),(1.,1.)))
REPRESENTATION_ITEM('')
SURFACE()
);
#3709=(
BOUNDED_SURFACE()
B_SPLINE_SURFACE(3,1,((#6643,#6644),(#6645,#6646),(#6647,#6648),(#6649,
#6650)),.UNSPECIFIED.,.F.,.F.,.F.)
B_SPLINE_SURFACE_WITH_KNOTS((4,4),(2,2),(-1.,0.),(0.,0.2),.UNSPECIFIED.)
GEOMETRIC_REPRESENTATION_ITEM()
RATIONAL_B_SPLINE_SURFACE(((1.,1.),(1.,1.),(1.,1.),(1.,1.)))
REPRESENTATION_ITEM('')
SURFACE()
);
#3710=(
BOUNDED_SURFACE()
B_SPLINE_SURFACE(3,1,((#6662,#6663),(#6664,#6665),(#6666,#6667),(#6668,
#6669)),.UNSPECIFIED.,.F.,.F.,.F.)
B_SPLINE_SURFACE_WITH_KNOTS((4,4),(2,2),(-1.,0.),(0.,0.2),.UNSPECIFIED.)
GEOMETRIC_REPRESENTATION_ITEM()
RATIONAL_B_SPLINE_SURFACE(((1.,1.),(1.,1.),(1.,1.),(1.,1.)))
REPRESENTATION_ITEM('')
SURFACE()
);
#3711=(
BOUNDED_SURFACE()
B_SPLINE_SURFACE(3,1,((#6681,#6682),(#6683,#6684),(#6685,#6686),(#6687,
#6688)),.UNSPECIFIED.,.F.,.F.,.F.)
B_SPLINE_SURFACE_WITH_KNOTS((4,4),(2,2),(-0.0895645055089654,0.),(0.,0.2),
 .UNSPECIFIED.)
GEOMETRIC_REPRESENTATION_ITEM()
RATIONAL_B_SPLINE_SURFACE(((1.,1.),(1.,1.),(1.,1.),(1.,1.)))
REPRESENTATION_ITEM('')
SURFACE()
);
#3712=(
BOUNDED_SURFACE()
B_SPLINE_SURFACE(3,1,((#6700,#6701),(#6702,#6703),(#6704,#6705),(#6706,
#6707)),.UNSPECIFIED.,.F.,.F.,.F.)
B_SPLINE_SURFACE_WITH_KNOTS((4,4),(2,2),(-1.,-0.840398477583052),(0.,0.2),
 .UNSPECIFIED.)
GEOMETRIC_REPRESENTATION_ITEM()
RATIONAL_B_SPLINE_SURFACE(((1.,1.),(1.,1.),(1.,1.),(1.,1.)))
REPRESENTATION_ITEM('')
SURFACE()
);
#3713=(
BOUNDED_SURFACE()
B_SPLINE_SURFACE(3,1,((#6722,#6723),(#6724,#6725),(#6726,#6727),(#6728,
#6729)),.UNSPECIFIED.,.F.,.F.,.F.)
B_SPLINE_SURFACE_WITH_KNOTS((4,4),(2,2),(-1.,0.),(0.,0.2),.UNSPECIFIED.)
GEOMETRIC_REPRESENTATION_ITEM()
RATIONAL_B_SPLINE_SURFACE(((1.,1.),(1.,1.),(1.,1.),(1.,1.)))
REPRESENTATION_ITEM('')
SURFACE()
);
#3714=(
BOUNDED_SURFACE()
B_SPLINE_SURFACE(3,1,((#6741,#6742),(#6743,#6744),(#6745,#6746),(#6747,
#6748)),.UNSPECIFIED.,.F.,.F.,.F.)
B_SPLINE_SURFACE_WITH_KNOTS((4,4),(2,2),(-0.105528766713226,0.),(0.,0.2),
 .UNSPECIFIED.)
GEOMETRIC_REPRESENTATION_ITEM()
RATIONAL_B_SPLINE_SURFACE(((1.,1.),(1.,1.),(1.,1.),(1.,1.)))
REPRESENTATION_ITEM('')
SURFACE()
);
#3715=(
BOUNDED_SURFACE()
B_SPLINE_SURFACE(3,1,((#6760,#6761),(#6762,#6763),(#6764,#6765),(#6766,
#6767)),.UNSPECIFIED.,.F.,.F.,.F.)
B_SPLINE_SURFACE_WITH_KNOTS((4,4),(2,2),(-1.,-0.651356930703324),(0.,0.2),
 .UNSPECIFIED.)
GEOMETRIC_REPRESENTATION_ITEM()
RATIONAL_B_SPLINE_SURFACE(((1.,1.),(1.,1.),(1.,1.),(1.,1.)))
REPRESENTATION_ITEM('')
SURFACE()
);
#3716=(
BOUNDED_SURFACE()
B_SPLINE_SURFACE(3,1,((#6782,#6783),(#6784,#6785),(#6786,#6787),(#6788,
#6789)),.UNSPECIFIED.,.F.,.F.,.F.)
B_SPLINE_SURFACE_WITH_KNOTS((4,4),(2,2),(-0.734933346441295,0.),(0.,0.2),
 .UNSPECIFIED.)
GEOMETRIC_REPRESENTATION_ITEM()
RATIONAL_B_SPLINE_SURFACE(((1.,1.),(1.,1.),(1.,1.),(1.,1.)))
REPRESENTATION_ITEM('')
SURFACE()
);
#3717=(
BOUNDED_SURFACE()
B_SPLINE_SURFACE(3,1,((#6801,#6802),(#6803,#6804),(#6805,#6806),(#6807,
#6808)),.UNSPECIFIED.,.F.,.F.,.F.)
B_SPLINE_SURFACE_WITH_KNOTS((4,4),(2,2),(-1.,-0.247278353128326),(0.,0.2),
 .UNSPECIFIED.)
GEOMETRIC_REPRESENTATION_ITEM()
RATIONAL_B_SPLINE_SURFACE(((1.,1.),(1.,1.),(1.,1.),(1.,1.)))
REPRESENTATION_ITEM('')
SURFACE()
);
#3718=(
BOUNDED_SURFACE()
B_SPLINE_SURFACE(3,1,((#6838,#6839),(#6840,#6841),(#6842,#6843),(#6844,
#6845)),.UNSPECIFIED.,.F.,.F.,.F.)
B_SPLINE_SURFACE_WITH_KNOTS((4,4),(2,2),(-1.,0.),(0.,0.2),.UNSPECIFIED.)
GEOMETRIC_REPRESENTATION_ITEM()
RATIONAL_B_SPLINE_SURFACE(((1.,1.),(1.,1.),(1.,1.),(1.,1.)))
REPRESENTATION_ITEM('')
SURFACE()
);
#3719=(
BOUNDED_SURFACE()
B_SPLINE_SURFACE(3,1,((#6857,#6858),(#6859,#6860),(#6861,#6862),(#6863,
#6864)),.UNSPECIFIED.,.F.,.F.,.F.)
B_SPLINE_SURFACE_WITH_KNOTS((4,4),(2,2),(-1.,0.),(0.,0.2),.UNSPECIFIED.)
GEOMETRIC_REPRESENTATION_ITEM()
RATIONAL_B_SPLINE_SURFACE(((1.,1.),(1.,1.),(1.,1.),(1.,1.)))
REPRESENTATION_ITEM('')
SURFACE()
);
#3720=(
BOUNDED_SURFACE()
B_SPLINE_SURFACE(3,1,((#6876,#6877),(#6878,#6879),(#6880,#6881),(#6882,
#6883)),.UNSPECIFIED.,.F.,.F.,.F.)
B_SPLINE_SURFACE_WITH_KNOTS((4,4),(2,2),(-0.745981772220217,0.),(0.,0.2),
 .UNSPECIFIED.)
GEOMETRIC_REPRESENTATION_ITEM()
RATIONAL_B_SPLINE_SURFACE(((1.,1.),(1.,1.),(1.,1.),(1.,1.)))
REPRESENTATION_ITEM('')
SURFACE()
);
#3721=(
BOUNDED_SURFACE()
B_SPLINE_SURFACE(3,1,((#6895,#6896),(#6897,#6898),(#6899,#6900),(#6901,
#6902)),.UNSPECIFIED.,.F.,.F.,.F.)
B_SPLINE_SURFACE_WITH_KNOTS((4,4),(2,2),(-1.,-0.328792254152654),(0.,0.2),
 .UNSPECIFIED.)
GEOMETRIC_REPRESENTATION_ITEM()
RATIONAL_B_SPLINE_SURFACE(((1.,1.),(1.,1.),(1.,1.),(1.,1.)))
REPRESENTATION_ITEM('')
SURFACE()
);
#3722=(
BOUNDED_SURFACE()
B_SPLINE_SURFACE(3,1,((#6917,#6918),(#6919,#6920),(#6921,#6922),(#6923,
#6924)),.UNSPECIFIED.,.F.,.F.,.F.)
B_SPLINE_SURFACE_WITH_KNOTS((4,4),(2,2),(-1.,0.),(0.,0.2),.UNSPECIFIED.)
GEOMETRIC_REPRESENTATION_ITEM()
RATIONAL_B_SPLINE_SURFACE(((1.,1.),(1.,1.),(1.,1.),(1.,1.)))
REPRESENTATION_ITEM('')
SURFACE()
);
#3723=(
BOUNDED_SURFACE()
B_SPLINE_SURFACE(3,1,((#6936,#6937),(#6938,#6939),(#6940,#6941),(#6942,
#6943)),.UNSPECIFIED.,.F.,.F.,.F.)
B_SPLINE_SURFACE_WITH_KNOTS((4,4),(2,2),(-1.,0.),(0.,0.2),.UNSPECIFIED.)
GEOMETRIC_REPRESENTATION_ITEM()
RATIONAL_B_SPLINE_SURFACE(((1.,1.),(1.,1.),(1.,1.),(1.,1.)))
REPRESENTATION_ITEM('')
SURFACE()
);
#3724=(
BOUNDED_SURFACE()
B_SPLINE_SURFACE(3,1,((#6970,#6971),(#6972,#6973),(#6974,#6975),(#6976,
#6977)),.UNSPECIFIED.,.F.,.F.,.F.)
B_SPLINE_SURFACE_WITH_KNOTS((4,4),(2,2),(-1.,0.),(0.,0.2),.UNSPECIFIED.)
GEOMETRIC_REPRESENTATION_ITEM()
RATIONAL_B_SPLINE_SURFACE(((1.,1.),(1.,1.),(1.,1.),(1.,1.)))
REPRESENTATION_ITEM('')
SURFACE()
);
#3725=(
BOUNDED_SURFACE()
B_SPLINE_SURFACE(3,1,((#6989,#6990),(#6991,#6992),(#6993,#6994),(#6995,
#6996)),.UNSPECIFIED.,.F.,.F.,.F.)
B_SPLINE_SURFACE_WITH_KNOTS((4,4),(2,2),(-1.,0.),(0.,0.2),.UNSPECIFIED.)
GEOMETRIC_REPRESENTATION_ITEM()
RATIONAL_B_SPLINE_SURFACE(((1.,1.),(1.,1.),(1.,1.),(1.,1.)))
REPRESENTATION_ITEM('')
SURFACE()
);
#3726=(
BOUNDED_SURFACE()
B_SPLINE_SURFACE(3,1,((#7008,#7009),(#7010,#7011),(#7012,#7013),(#7014,
#7015)),.UNSPECIFIED.,.F.,.F.,.F.)
B_SPLINE_SURFACE_WITH_KNOTS((4,4),(2,2),(-0.00776623170096071,0.),(0.,0.2),
 .UNSPECIFIED.)
GEOMETRIC_REPRESENTATION_ITEM()
RATIONAL_B_SPLINE_SURFACE(((1.,1.),(1.,1.),(1.,1.),(1.,1.)))
REPRESENTATION_ITEM('')
SURFACE()
);
#3727=(
BOUNDED_SURFACE()
B_SPLINE_SURFACE(3,1,((#7027,#7028),(#7029,#7030),(#7031,#7032),(#7033,
#7034)),.UNSPECIFIED.,.F.,.F.,.F.)
B_SPLINE_SURFACE_WITH_KNOTS((4,4),(2,2),(-0.615818719285483,-0.19208464546739),
(0.,0.2),.UNSPECIFIED.)
GEOMETRIC_REPRESENTATION_ITEM()
RATIONAL_B_SPLINE_SURFACE(((1.,1.),(1.,1.),(1.,1.),(1.,1.)))
REPRESENTATION_ITEM('')
SURFACE()
);
#3728=(
BOUNDED_SURFACE()
B_SPLINE_SURFACE(3,1,((#7049,#7050),(#7051,#7052),(#7053,#7054),(#7055,
#7056)),.UNSPECIFIED.,.F.,.F.,.F.)
B_SPLINE_SURFACE_WITH_KNOTS((4,4),(2,2),(-1.,-0.128178441317897),(0.,0.2),
 .UNSPECIFIED.)
GEOMETRIC_REPRESENTATION_ITEM()
RATIONAL_B_SPLINE_SURFACE(((1.,1.),(1.,1.),(1.,1.),(1.,1.)))
REPRESENTATION_ITEM('')
SURFACE()
);
#3729=(
BOUNDED_SURFACE()
B_SPLINE_SURFACE(3,1,((#7071,#7072),(#7073,#7074),(#7075,#7076),(#7077,
#7078)),.UNSPECIFIED.,.F.,.F.,.F.)
B_SPLINE_SURFACE_WITH_KNOTS((4,4),(2,2),(-1.,0.),(0.,0.2),.UNSPECIFIED.)
GEOMETRIC_REPRESENTATION_ITEM()
RATIONAL_B_SPLINE_SURFACE(((1.,1.),(1.,1.),(1.,1.),(1.,1.)))
REPRESENTATION_ITEM('')
SURFACE()
);
#3730=(
BOUNDED_SURFACE()
B_SPLINE_SURFACE(3,1,((#7090,#7091),(#7092,#7093),(#7094,#7095),(#7096,
#7097)),.UNSPECIFIED.,.F.,.F.,.F.)
B_SPLINE_SURFACE_WITH_KNOTS((4,4),(2,2),(-1.,0.),(0.,0.2),.UNSPECIFIED.)
GEOMETRIC_REPRESENTATION_ITEM()
RATIONAL_B_SPLINE_SURFACE(((1.,1.),(1.,1.),(1.,1.),(1.,1.)))
REPRESENTATION_ITEM('')
SURFACE()
);
#3731=(
BOUNDED_SURFACE()
B_SPLINE_SURFACE(3,1,((#7109,#7110),(#7111,#7112),(#7113,#7114),(#7115,
#7116)),.UNSPECIFIED.,.F.,.F.,.F.)
B_SPLINE_SURFACE_WITH_KNOTS((4,4),(2,2),(-1.,0.),(0.,0.2),.UNSPECIFIED.)
GEOMETRIC_REPRESENTATION_ITEM()
RATIONAL_B_SPLINE_SURFACE(((1.,1.),(1.,1.),(1.,1.),(1.,1.)))
REPRESENTATION_ITEM('')
SURFACE()
);
#3732=(
BOUNDED_SURFACE()
B_SPLINE_SURFACE(3,1,((#7128,#7129),(#7130,#7131),(#7132,#7133),(#7134,
#7135)),.UNSPECIFIED.,.F.,.F.,.F.)
B_SPLINE_SURFACE_WITH_KNOTS((4,4),(2,2),(-1.,0.),(0.,0.2),.UNSPECIFIED.)
GEOMETRIC_REPRESENTATION_ITEM()
RATIONAL_B_SPLINE_SURFACE(((1.,1.),(1.,1.),(1.,1.),(1.,1.)))
REPRESENTATION_ITEM('')
SURFACE()
);
#3733=(
BOUNDED_SURFACE()
B_SPLINE_SURFACE(3,1,((#7147,#7148),(#7149,#7150),(#7151,#7152),(#7153,
#7154)),.UNSPECIFIED.,.F.,.F.,.F.)
B_SPLINE_SURFACE_WITH_KNOTS((4,4),(2,2),(-0.927004745843444,0.),(0.,0.2),
 .UNSPECIFIED.)
GEOMETRIC_REPRESENTATION_ITEM()
RATIONAL_B_SPLINE_SURFACE(((1.,1.),(1.,1.),(1.,1.),(1.,1.)))
REPRESENTATION_ITEM('')
SURFACE()
);
#3734=(
BOUNDED_SURFACE()
B_SPLINE_SURFACE(3,1,((#7166,#7167),(#7168,#7169),(#7170,#7171),(#7172,
#7173)),.UNSPECIFIED.,.F.,.F.,.F.)
B_SPLINE_SURFACE_WITH_KNOTS((4,4),(2,2),(0.,0.831584338597338),(0.,0.2),
 .UNSPECIFIED.)
GEOMETRIC_REPRESENTATION_ITEM()
RATIONAL_B_SPLINE_SURFACE(((1.,1.),(1.,1.),(1.,1.),(1.,1.)))
REPRESENTATION_ITEM('')
SURFACE()
);
#3735=(
BOUNDED_SURFACE()
B_SPLINE_SURFACE(3,1,((#7188,#7189),(#7190,#7191),(#7192,#7193),(#7194,
#7195)),.UNSPECIFIED.,.F.,.F.,.F.)
B_SPLINE_SURFACE_WITH_KNOTS((4,4),(2,2),(0.738999820685638,1.),(0.,0.2),
 .UNSPECIFIED.)
GEOMETRIC_REPRESENTATION_ITEM()
RATIONAL_B_SPLINE_SURFACE(((1.,1.),(1.,1.),(1.,1.),(1.,1.)))
REPRESENTATION_ITEM('')
SURFACE()
);
#3736=(
BOUNDED_SURFACE()
B_SPLINE_SURFACE(3,1,((#7207,#7208),(#7209,#7210),(#7211,#7212),(#7213,
#7214)),.UNSPECIFIED.,.F.,.F.,.F.)
B_SPLINE_SURFACE_WITH_KNOTS((4,4),(2,2),(0.,0.204163544787647),(0.,0.2),
 .UNSPECIFIED.)
GEOMETRIC_REPRESENTATION_ITEM()
RATIONAL_B_SPLINE_SURFACE(((1.,1.),(1.,1.),(1.,1.),(1.,1.)))
REPRESENTATION_ITEM('')
SURFACE()
);
#3737=(
BOUNDED_SURFACE()
B_SPLINE_SURFACE(3,1,((#7229,#7230),(#7231,#7232),(#7233,#7234),(#7235,
#7236)),.UNSPECIFIED.,.F.,.F.,.F.)
B_SPLINE_SURFACE_WITH_KNOTS((4,4),(2,2),(0.,1.),(0.,0.2),.UNSPECIFIED.)
GEOMETRIC_REPRESENTATION_ITEM()
RATIONAL_B_SPLINE_SURFACE(((1.,1.),(1.,1.),(1.,1.),(1.,1.)))
REPRESENTATION_ITEM('')
SURFACE()
);
#3738=(
BOUNDED_SURFACE()
B_SPLINE_SURFACE(3,1,((#7248,#7249),(#7250,#7251),(#7252,#7253),(#7254,
#7255)),.UNSPECIFIED.,.F.,.F.,.F.)
B_SPLINE_SURFACE_WITH_KNOTS((4,4),(2,2),(0.,1.),(0.,0.2),.UNSPECIFIED.)
GEOMETRIC_REPRESENTATION_ITEM()
RATIONAL_B_SPLINE_SURFACE(((1.,1.),(1.,1.),(1.,1.),(1.,1.)))
REPRESENTATION_ITEM('')
SURFACE()
);
#3739=(
BOUNDED_SURFACE()
B_SPLINE_SURFACE(3,1,((#7267,#7268),(#7269,#7270),(#7271,#7272),(#7273,
#7274)),.UNSPECIFIED.,.F.,.F.,.F.)
B_SPLINE_SURFACE_WITH_KNOTS((4,4),(2,2),(0.,1.),(0.,0.2),.UNSPECIFIED.)
GEOMETRIC_REPRESENTATION_ITEM()
RATIONAL_B_SPLINE_SURFACE(((1.,1.),(1.,1.),(1.,1.),(1.,1.)))
REPRESENTATION_ITEM('')
SURFACE()
);
#3740=(
BOUNDED_SURFACE()
B_SPLINE_SURFACE(3,1,((#7286,#7287),(#7288,#7289),(#7290,#7291),(#7292,
#7293)),.UNSPECIFIED.,.F.,.F.,.F.)
B_SPLINE_SURFACE_WITH_KNOTS((4,4),(2,2),(0.469388494204137,1.),(0.,0.2),
 .UNSPECIFIED.)
GEOMETRIC_REPRESENTATION_ITEM()
RATIONAL_B_SPLINE_SURFACE(((1.,1.),(1.,1.),(1.,1.),(1.,1.)))
REPRESENTATION_ITEM('')
SURFACE()
);
#3741=(
BOUNDED_SURFACE()
B_SPLINE_SURFACE(3,1,((#7305,#7306),(#7307,#7308),(#7309,#7310),(#7311,
#7312)),.UNSPECIFIED.,.F.,.F.,.F.)
B_SPLINE_SURFACE_WITH_KNOTS((4,4),(2,2),(-1.,-0.455662382129907),(0.,0.2),
 .UNSPECIFIED.)
GEOMETRIC_REPRESENTATION_ITEM()
RATIONAL_B_SPLINE_SURFACE(((1.,1.),(1.,1.),(1.,1.),(1.,1.)))
REPRESENTATION_ITEM('')
SURFACE()
);
#3742=(
BOUNDED_SURFACE()
B_SPLINE_SURFACE(3,1,((#7327,#7328),(#7329,#7330),(#7331,#7332),(#7333,
#7334)),.UNSPECIFIED.,.F.,.F.,.F.)
B_SPLINE_SURFACE_WITH_KNOTS((4,4),(2,2),(-1.,0.),(0.,0.2),.UNSPECIFIED.)
GEOMETRIC_REPRESENTATION_ITEM()
RATIONAL_B_SPLINE_SURFACE(((1.,1.),(1.,1.),(1.,1.),(1.,1.)))
REPRESENTATION_ITEM('')
SURFACE()
);
#3743=(
BOUNDED_SURFACE()
B_SPLINE_SURFACE(3,1,((#7346,#7347),(#7348,#7349),(#7350,#7351),(#7352,
#7353)),.UNSPECIFIED.,.F.,.F.,.F.)
B_SPLINE_SURFACE_WITH_KNOTS((4,4),(2,2),(-1.,0.),(0.,0.2),.UNSPECIFIED.)
GEOMETRIC_REPRESENTATION_ITEM()
RATIONAL_B_SPLINE_SURFACE(((1.,1.),(1.,1.),(1.,1.),(1.,1.)))
REPRESENTATION_ITEM('')
SURFACE()
);
#3744=(
BOUNDED_SURFACE()
B_SPLINE_SURFACE(3,1,((#7365,#7366),(#7367,#7368),(#7369,#7370),(#7371,
#7372)),.UNSPECIFIED.,.F.,.F.,.F.)
B_SPLINE_SURFACE_WITH_KNOTS((4,4),(2,2),(-0.990066310494663,0.),(0.,0.2),
 .UNSPECIFIED.)
GEOMETRIC_REPRESENTATION_ITEM()
RATIONAL_B_SPLINE_SURFACE(((1.,1.),(1.,1.),(1.,1.),(1.,1.)))
REPRESENTATION_ITEM('')
SURFACE()
);
#3745=(
BOUNDED_SURFACE()
B_SPLINE_SURFACE(3,1,((#7384,#7385),(#7386,#7387),(#7388,#7389),(#7390,
#7391)),.UNSPECIFIED.,.F.,.F.,.F.)
B_SPLINE_SURFACE_WITH_KNOTS((4,4),(2,2),(0.,0.00561265043672771),(0.,0.2),
 .UNSPECIFIED.)
GEOMETRIC_REPRESENTATION_ITEM()
RATIONAL_B_SPLINE_SURFACE(((1.,1.),(1.,1.),(1.,1.),(1.,1.)))
REPRESENTATION_ITEM('')
SURFACE()
);
#3746=(
BOUNDED_SURFACE()
B_SPLINE_SURFACE(3,1,((#7404,#7405),(#7406,#7407),(#7408,#7409),(#7410,
#7411)),.UNSPECIFIED.,.F.,.F.,.F.)
B_SPLINE_SURFACE_WITH_KNOTS((4,4),(2,2),(0.990066310497574,1.),(0.,0.2),
 .UNSPECIFIED.)
GEOMETRIC_REPRESENTATION_ITEM()
RATIONAL_B_SPLINE_SURFACE(((1.,1.),(1.,1.),(1.,1.),(1.,1.)))
REPRESENTATION_ITEM('')
SURFACE()
);
#3747=(
BOUNDED_SURFACE()
B_SPLINE_SURFACE(3,1,((#7420,#7421),(#7422,#7423),(#7424,#7425),(#7426,
#7427)),.UNSPECIFIED.,.F.,.F.,.F.)
B_SPLINE_SURFACE_WITH_KNOTS((4,4),(2,2),(-1.,-0.00561265043672787),(0.,
0.2),.UNSPECIFIED.)
GEOMETRIC_REPRESENTATION_ITEM()
RATIONAL_B_SPLINE_SURFACE(((1.,1.),(1.,1.),(1.,1.),(1.,1.)))
REPRESENTATION_ITEM('')
SURFACE()
);
#3748=(
BOUNDED_SURFACE()
B_SPLINE_SURFACE(3,1,((#7439,#7440),(#7441,#7442),(#7443,#7444),(#7445,
#7446)),.UNSPECIFIED.,.F.,.F.,.F.)
B_SPLINE_SURFACE_WITH_KNOTS((4,4),(2,2),(-0.939827571643273,0.),(0.,0.2),
 .UNSPECIFIED.)
GEOMETRIC_REPRESENTATION_ITEM()
RATIONAL_B_SPLINE_SURFACE(((1.,1.),(1.,1.),(1.,1.),(1.,1.)))
REPRESENTATION_ITEM('')
SURFACE()
);
#3749=(
BOUNDED_SURFACE()
B_SPLINE_SURFACE(3,1,((#7458,#7459),(#7460,#7461),(#7462,#7463),(#7464,
#7465)),.UNSPECIFIED.,.F.,.F.,.F.)
B_SPLINE_SURFACE_WITH_KNOTS((4,4),(2,2),(-1.,-0.212136667900946),(0.,0.2),
 .UNSPECIFIED.)
GEOMETRIC_REPRESENTATION_ITEM()
RATIONAL_B_SPLINE_SURFACE(((1.,1.),(1.,1.),(1.,1.),(1.,1.)))
REPRESENTATION_ITEM('')
SURFACE()
);
#3750=(
BOUNDED_SURFACE()
B_SPLINE_SURFACE(3,1,((#7480,#7481),(#7482,#7483),(#7484,#7485),(#7486,
#7487)),.UNSPECIFIED.,.F.,.F.,.F.)
B_SPLINE_SURFACE_WITH_KNOTS((4,4),(2,2),(-1.,0.),(0.,0.2),.UNSPECIFIED.)
GEOMETRIC_REPRESENTATION_ITEM()
RATIONAL_B_SPLINE_SURFACE(((1.,1.),(1.,1.),(1.,1.),(1.,1.)))
REPRESENTATION_ITEM('')
SURFACE()
);
#3751=(
BOUNDED_SURFACE()
B_SPLINE_SURFACE(3,1,((#7499,#7500),(#7501,#7502),(#7503,#7504),(#7505,
#7506)),.UNSPECIFIED.,.F.,.F.,.F.)
B_SPLINE_SURFACE_WITH_KNOTS((4,4),(2,2),(-1.,0.),(0.,0.2),.UNSPECIFIED.)
GEOMETRIC_REPRESENTATION_ITEM()
RATIONAL_B_SPLINE_SURFACE(((1.,1.),(1.,1.),(1.,1.),(1.,1.)))
REPRESENTATION_ITEM('')
SURFACE()
);
#3752=(
BOUNDED_SURFACE()
B_SPLINE_SURFACE(3,1,((#7518,#7519),(#7520,#7521),(#7522,#7523),(#7524,
#7525)),.UNSPECIFIED.,.F.,.F.,.F.)
B_SPLINE_SURFACE_WITH_KNOTS((4,4),(2,2),(-1.,0.),(0.,0.2),.UNSPECIFIED.)
GEOMETRIC_REPRESENTATION_ITEM()
RATIONAL_B_SPLINE_SURFACE(((1.,1.),(1.,1.),(1.,1.),(1.,1.)))
REPRESENTATION_ITEM('')
SURFACE()
);
#3753=(
BOUNDED_SURFACE()
B_SPLINE_SURFACE(3,1,((#7537,#7538),(#7539,#7540),(#7541,#7542),(#7543,
#7544)),.UNSPECIFIED.,.F.,.F.,.F.)
B_SPLINE_SURFACE_WITH_KNOTS((4,4),(2,2),(-1.,0.),(0.,0.2),.UNSPECIFIED.)
GEOMETRIC_REPRESENTATION_ITEM()
RATIONAL_B_SPLINE_SURFACE(((1.,1.),(1.,1.),(1.,1.),(1.,1.)))
REPRESENTATION_ITEM('')
SURFACE()
);
#3754=(
BOUNDED_SURFACE()
B_SPLINE_SURFACE(3,1,((#7556,#7557),(#7558,#7559),(#7560,#7561),(#7562,
#7563)),.UNSPECIFIED.,.F.,.F.,.F.)
B_SPLINE_SURFACE_WITH_KNOTS((4,4),(2,2),(-0.458865380236541,0.),(0.,0.2),
 .UNSPECIFIED.)
GEOMETRIC_REPRESENTATION_ITEM()
RATIONAL_B_SPLINE_SURFACE(((1.,1.),(1.,1.),(1.,1.),(1.,1.)))
REPRESENTATION_ITEM('')
SURFACE()
);
#3755=(
BOUNDED_SURFACE()
B_SPLINE_SURFACE(3,1,((#7575,#7576),(#7577,#7578),(#7579,#7580),(#7581,
#7582)),.UNSPECIFIED.,.F.,.F.,.F.)
B_SPLINE_SURFACE_WITH_KNOTS((4,4),(2,2),(0.,0.304731610516127),(0.,0.2),
 .UNSPECIFIED.)
GEOMETRIC_REPRESENTATION_ITEM()
RATIONAL_B_SPLINE_SURFACE(((1.,1.),(1.,1.),(1.,1.),(1.,1.)))
REPRESENTATION_ITEM('')
SURFACE()
);
#3756=ADVANCED_FACE('',(#146),#3603,.F.);
#3757=ADVANCED_FACE('',(#147),#3604,.F.);
#3758=ADVANCED_FACE('',(#148),#3605,.F.);
#3759=ADVANCED_FACE('',(#149),#3606,.F.);
#3760=ADVANCED_FACE('',(#150),#3607,.F.);
#3761=ADVANCED_FACE('',(#151),#3608,.F.);
#3762=ADVANCED_FACE('',(#152),#3609,.F.);
#3763=ADVANCED_FACE('',(#153),#3610,.F.);
#3764=ADVANCED_FACE('',(#154),#3611,.F.);
#3765=ADVANCED_FACE('',(#155),#3612,.F.);
#3766=ADVANCED_FACE('',(#156),#3613,.F.);
#3767=ADVANCED_FACE('',(#157),#3614,.F.);
#3768=ADVANCED_FACE('',(#158),#3615,.F.);
#3769=ADVANCED_FACE('',(#159),#3616,.F.);
#3770=ADVANCED_FACE('',(#160),#3617,.F.);
#3771=ADVANCED_FACE('',(#161),#3618,.F.);
#3772=ADVANCED_FACE('',(#162),#3619,.F.);
#3773=ADVANCED_FACE('',(#163),#3620,.F.);
#3774=ADVANCED_FACE('',(#164),#3621,.F.);
#3775=ADVANCED_FACE('',(#165),#3622,.F.);
#3776=ADVANCED_FACE('',(#166),#3623,.F.);
#3777=ADVANCED_FACE('',(#167),#3624,.F.);
#3778=ADVANCED_FACE('',(#168),#3625,.F.);
#3779=ADVANCED_FACE('',(#169),#3626,.F.);
#3780=ADVANCED_FACE('',(#170),#3627,.F.);
#3781=ADVANCED_FACE('',(#171),#3628,.F.);
#3782=ADVANCED_FACE('',(#172),#3629,.F.);
#3783=ADVANCED_FACE('',(#173),#3630,.F.);
#3784=ADVANCED_FACE('',(#174),#3631,.F.);
#3785=ADVANCED_FACE('',(#175),#3632,.F.);
#3786=ADVANCED_FACE('',(#176),#3633,.F.);
#3787=ADVANCED_FACE('',(#177),#3634,.F.);
#3788=ADVANCED_FACE('',(#178),#3635,.F.);
#3789=ADVANCED_FACE('',(#179),#3636,.F.);
#3790=ADVANCED_FACE('',(#180),#3637,.F.);
#3791=ADVANCED_FACE('',(#181),#3638,.F.);
#3792=ADVANCED_FACE('',(#182),#3639,.F.);
#3793=ADVANCED_FACE('',(#183),#3640,.F.);
#3794=ADVANCED_FACE('',(#184),#3641,.F.);
#3795=ADVANCED_FACE('',(#185),#3642,.F.);
#3796=ADVANCED_FACE('',(#186),#3643,.F.);
#3797=ADVANCED_FACE('',(#187),#3644,.F.);
#3798=ADVANCED_FACE('',(#188),#3645,.F.);
#3799=ADVANCED_FACE('',(#189),#3646,.F.);
#3800=ADVANCED_FACE('',(#190),#3647,.F.);
#3801=ADVANCED_FACE('',(#191),#3648,.F.);
#3802=ADVANCED_FACE('',(#192),#3649,.F.);
#3803=ADVANCED_FACE('',(#193),#3650,.F.);
#3804=ADVANCED_FACE('',(#194),#3651,.F.);
#3805=ADVANCED_FACE('',(#195),#3652,.F.);
#3806=ADVANCED_FACE('',(#196),#3653,.F.);
#3807=ADVANCED_FACE('',(#197),#3654,.F.);
#3808=ADVANCED_FACE('',(#198),#3655,.F.);
#3809=ADVANCED_FACE('',(#199),#3656,.F.);
#3810=ADVANCED_FACE('',(#200),#3657,.F.);
#3811=ADVANCED_FACE('',(#201),#3658,.F.);
#3812=ADVANCED_FACE('',(#202),#3659,.F.);
#3813=ADVANCED_FACE('',(#203),#3660,.F.);
#3814=ADVANCED_FACE('',(#204),#3661,.F.);
#3815=ADVANCED_FACE('',(#205),#3662,.F.);
#3816=ADVANCED_FACE('',(#206),#3663,.F.);
#3817=ADVANCED_FACE('',(#207),#3664,.F.);
#3818=ADVANCED_FACE('',(#208),#3665,.F.);
#3819=ADVANCED_FACE('',(#209),#3666,.F.);
#3820=ADVANCED_FACE('',(#210),#3667,.F.);
#3821=ADVANCED_FACE('',(#211),#3668,.F.);
#3822=ADVANCED_FACE('',(#212),#3669,.F.);
#3823=ADVANCED_FACE('',(#213),#3670,.F.);
#3824=ADVANCED_FACE('',(#214),#3671,.F.);
#3825=ADVANCED_FACE('',(#215),#3672,.F.);
#3826=ADVANCED_FACE('',(#216),#3673,.F.);
#3827=ADVANCED_FACE('',(#217),#3674,.F.);
#3828=ADVANCED_FACE('',(#218),#3675,.F.);
#3829=ADVANCED_FACE('',(#219),#3676,.F.);
#3830=ADVANCED_FACE('',(#220),#3677,.F.);
#3831=ADVANCED_FACE('',(#221),#3678,.F.);
#3832=ADVANCED_FACE('',(#222),#3679,.F.);
#3833=ADVANCED_FACE('',(#223),#3680,.F.);
#3834=ADVANCED_FACE('',(#224),#3681,.F.);
#3835=ADVANCED_FACE('',(#225),#3682,.F.);
#3836=ADVANCED_FACE('',(#226),#3683,.F.);
#3837=ADVANCED_FACE('',(#227),#3684,.F.);
#3838=ADVANCED_FACE('',(#228),#3685,.F.);
#3839=ADVANCED_FACE('',(#229),#3686,.F.);
#3840=ADVANCED_FACE('',(#230),#3687,.F.);
#3841=ADVANCED_FACE('',(#231),#3688,.F.);
#3842=ADVANCED_FACE('',(#232),#3689,.F.);
#3843=ADVANCED_FACE('',(#233),#3690,.F.);
#3844=ADVANCED_FACE('',(#234),#3691,.F.);
#3845=ADVANCED_FACE('',(#235),#3692,.F.);
#3846=ADVANCED_FACE('',(#236),#3693,.F.);
#3847=ADVANCED_FACE('',(#237),#3694,.F.);
#3848=ADVANCED_FACE('',(#238),#3695,.F.);
#3849=ADVANCED_FACE('',(#239),#3696,.F.);
#3850=ADVANCED_FACE('',(#240),#3697,.F.);
#3851=ADVANCED_FACE('',(#241),#3698,.F.);
#3852=ADVANCED_FACE('',(#242),#3699,.F.);
#3853=ADVANCED_FACE('',(#243),#3700,.F.);
#3854=ADVANCED_FACE('',(#244),#3701,.F.);
#3855=ADVANCED_FACE('',(#245),#3702,.F.);
#3856=ADVANCED_FACE('',(#246),#3703,.F.);
#3857=ADVANCED_FACE('',(#247),#3704,.F.);
#3858=ADVANCED_FACE('',(#248),#3705,.F.);
#3859=ADVANCED_FACE('',(#249),#3706,.F.);
#3860=ADVANCED_FACE('',(#250),#3707,.F.);
#3861=ADVANCED_FACE('',(#251),#3708,.F.);
#3862=ADVANCED_FACE('',(#252),#3709,.F.);
#3863=ADVANCED_FACE('',(#253),#3710,.F.);
#3864=ADVANCED_FACE('',(#254),#3711,.F.);
#3865=ADVANCED_FACE('',(#255),#3712,.F.);
#3866=ADVANCED_FACE('',(#256),#3713,.F.);
#3867=ADVANCED_FACE('',(#257),#3714,.F.);
#3868=ADVANCED_FACE('',(#258),#3715,.F.);
#3869=ADVANCED_FACE('',(#259),#3716,.F.);
#3870=ADVANCED_FACE('',(#260),#3717,.F.);
#3871=ADVANCED_FACE('',(#261),#144,.F.);
#3872=ADVANCED_FACE('',(#262),#3718,.F.);
#3873=ADVANCED_FACE('',(#263),#3719,.F.);
#3874=ADVANCED_FACE('',(#264),#3720,.F.);
#3875=ADVANCED_FACE('',(#265),#3721,.F.);
#3876=ADVANCED_FACE('',(#266),#3722,.F.);
#3877=ADVANCED_FACE('',(#267),#3723,.F.);
#3878=ADVANCED_FACE('',(#268),#145,.F.);
#3879=ADVANCED_FACE('',(#269),#3724,.F.);
#3880=ADVANCED_FACE('',(#270),#3725,.F.);
#3881=ADVANCED_FACE('',(#271),#3726,.F.);
#3882=ADVANCED_FACE('',(#272),#3727,.F.);
#3883=ADVANCED_FACE('',(#273),#3728,.F.);
#3884=ADVANCED_FACE('',(#274),#3729,.F.);
#3885=ADVANCED_FACE('',(#275),#3730,.F.);
#3886=ADVANCED_FACE('',(#276),#3731,.F.);
#3887=ADVANCED_FACE('',(#277),#3732,.F.);
#3888=ADVANCED_FACE('',(#278),#3733,.F.);
#3889=ADVANCED_FACE('',(#279),#3734,.F.);
#3890=ADVANCED_FACE('',(#280),#3735,.F.);
#3891=ADVANCED_FACE('',(#281),#3736,.F.);
#3892=ADVANCED_FACE('',(#282),#3737,.F.);
#3893=ADVANCED_FACE('',(#283),#3738,.F.);
#3894=ADVANCED_FACE('',(#284),#3739,.F.);
#3895=ADVANCED_FACE('',(#285),#3740,.F.);
#3896=ADVANCED_FACE('',(#286),#3741,.F.);
#3897=ADVANCED_FACE('',(#287),#3742,.F.);
#3898=ADVANCED_FACE('',(#288),#3743,.F.);
#3899=ADVANCED_FACE('',(#289),#3744,.F.);
#3900=ADVANCED_FACE('',(#290),#3745,.F.);
#3901=ADVANCED_FACE('',(#291),#3746,.F.);
#3902=ADVANCED_FACE('',(#292),#3747,.F.);
#3903=ADVANCED_FACE('',(#293),#3748,.F.);
#3904=ADVANCED_FACE('',(#294),#3749,.F.);
#3905=ADVANCED_FACE('',(#295),#3750,.F.);
#3906=ADVANCED_FACE('',(#296),#3751,.F.);
#3907=ADVANCED_FACE('',(#297),#3752,.F.);
#3908=ADVANCED_FACE('',(#298),#3753,.F.);
#3909=ADVANCED_FACE('',(#299),#3754,.F.);
#3910=ADVANCED_FACE('',(#300),#3755,.F.);
#3911=ADVANCED_FACE('',(#301,#31,#32,#33,#34,#35),#98,.T.);
#3912=ADVANCED_FACE('',(#302),#15,.T.);
#3913=ADVANCED_FACE('',(#303),#99,.T.);
#3914=ADVANCED_FACE('',(#304),#100,.T.);
#3915=ADVANCED_FACE('',(#305),#16,.F.);
#3916=ADVANCED_FACE('',(#306),#17,.F.);
#3917=ADVANCED_FACE('',(#307),#18,.T.);
#3918=ADVANCED_FACE('',(#308),#19,.F.);
#3919=ADVANCED_FACE('',(#309),#101,.T.);
#3920=ADVANCED_FACE('',(#310),#20,.T.);
#3921=ADVANCED_FACE('',(#311),#102,.F.);
#3922=ADVANCED_FACE('',(#312),#103,.F.);
#3923=ADVANCED_FACE('',(#313),#104,.F.);
#3924=ADVANCED_FACE('',(#314),#105,.F.);
#3925=ADVANCED_FACE('',(#315),#106,.F.);
#3926=ADVANCED_FACE('',(#316),#107,.F.);
#3927=ADVANCED_FACE('',(#317),#108,.F.);
#3928=ADVANCED_FACE('',(#318),#109,.F.);
#3929=ADVANCED_FACE('',(#319),#110,.F.);
#3930=ADVANCED_FACE('',(#320),#111,.F.);
#3931=ADVANCED_FACE('',(#321),#112,.F.);
#3932=ADVANCED_FACE('',(#322),#113,.F.);
#3933=ADVANCED_FACE('',(#323),#114,.F.);
#3934=ADVANCED_FACE('',(#324),#115,.F.);
#3935=ADVANCED_FACE('',(#325),#116,.F.);
#3936=ADVANCED_FACE('',(#326),#117,.F.);
#3937=ADVANCED_FACE('',(#327),#118,.F.);
#3938=ADVANCED_FACE('',(#328),#119,.F.);
#3939=ADVANCED_FACE('',(#329),#120,.F.);
#3940=ADVANCED_FACE('',(#330),#121,.F.);
#3941=ADVANCED_FACE('',(#331),#122,.F.);
#3942=ADVANCED_FACE('',(#332),#123,.F.);
#3943=ADVANCED_FACE('',(#333),#124,.F.);
#3944=ADVANCED_FACE('',(#334),#125,.F.);
#3945=ADVANCED_FACE('',(#335),#126,.F.);
#3946=ADVANCED_FACE('',(#336),#127,.F.);
#3947=ADVANCED_FACE('',(#337),#128,.F.);
#3948=ADVANCED_FACE('',(#338),#129,.F.);
#3949=ADVANCED_FACE('',(#339),#130,.F.);
#3950=ADVANCED_FACE('',(#340),#131,.F.);
#3951=ADVANCED_FACE('',(#341),#132,.F.);
#3952=ADVANCED_FACE('',(#342),#133,.F.);
#3953=ADVANCED_FACE('',(#343),#134,.T.);
#3954=ADVANCED_FACE('',(#344),#21,.F.);
#3955=ADVANCED_FACE('',(#345),#135,.T.);
#3956=ADVANCED_FACE('',(#346),#22,.T.);
#3957=ADVANCED_FACE('',(#347),#136,.T.);
#3958=ADVANCED_FACE('',(#348),#23,.F.);
#3959=ADVANCED_FACE('',(#349),#24,.T.);
#3960=ADVANCED_FACE('',(#350),#25,.F.);
#3961=ADVANCED_FACE('',(#351),#26,.T.);
#3962=ADVANCED_FACE('',(#352),#27,.F.);
#3963=ADVANCED_FACE('',(#353),#137,.T.);
#3964=ADVANCED_FACE('',(#354),#28,.T.);
#3965=ADVANCED_FACE('',(#355),#29,.T.);
#3966=ADVANCED_FACE('',(#356),#138,.T.);
#3967=ADVANCED_FACE('',(#357),#30,.F.);
#3968=ADVANCED_FACE('',(#358),#139,.T.);
#3969=CLOSED_SHELL('',(#3756,#3757,#3758,#3759,#3760,#3761,#3762,#3763,
#3764,#3765,#3766,#3767,#3768,#3769,#3770,#3771,#3772,#3773,#3774,#3775,
#3776,#3777,#3778,#3779,#3780,#3781,#3782,#3783,#3784,#3785,#3786,#3787,
#3788,#3789,#3790,#3791,#3792,#3793,#3794,#3795,#3796,#3797,#3798,#3799,
#3800,#3801,#3802,#3803,#3804,#3805,#3806,#3807,#3808,#3809,#3810,#3811,
#3812,#3813,#3814,#3815,#3816,#3817,#3818,#3819,#3820,#3821,#3822,#3823,
#3824,#3825,#3826,#3827,#3828,#3829,#3830,#3831,#3832,#3833,#3834,#3835,
#3836,#3837,#3838,#3839,#3840,#3841,#3842,#3843,#3844,#3845,#3846,#3847,
#3848,#3849,#3850,#3851,#3852,#3853,#3854,#3855,#3856,#3857,#3858,#3859,
#3860,#3861,#3862,#3863,#3864,#3865,#3866,#3867,#3868,#3869,#3870,#3871,
#3872,#3873,#3874,#3875,#3876,#3877,#3878,#3879,#3880,#3881,#3882,#3883,
#3884,#3885,#3886,#3887,#3888,#3889,#3890,#3891,#3892,#3893,#3894,#3895,
#3896,#3897,#3898,#3899,#3900,#3901,#3902,#3903,#3904,#3905,#3906,#3907,
#3908,#3909,#3910,#3911,#3912,#3913,#3914,#3915,#3916,#3917,#3918,#3919,
#3920,#3921,#3922,#3923,#3924,#3925,#3926,#3927,#3928,#3929,#3930,#3931,
#3932,#3933,#3934,#3935,#3936,#3937,#3938,#3939,#3940,#3941,#3942,#3943,
#3944,#3945,#3946,#3947,#3948,#3949,#3950,#3951,#3952,#3953,#3954,#3955,
#3956,#3957,#3958,#3959,#3960,#3961,#3962,#3963,#3964,#3965,#3966,#3967,
#3968));
#3970=DERIVED_UNIT_ELEMENT(#3972,1.);
#3971=DERIVED_UNIT_ELEMENT(#7827,-3.);
#3972=(
MASS_UNIT()
NAMED_UNIT(*)
SI_UNIT(.KILO.,.GRAM.)
);
#3973=DERIVED_UNIT((#3970,#3971));
#3974=MEASURE_REPRESENTATION_ITEM('density measure',
POSITIVE_RATIO_MEASURE(7850.),#3973);
#3975=PROPERTY_DEFINITION_REPRESENTATION(#3980,#3977);
#3976=PROPERTY_DEFINITION_REPRESENTATION(#3981,#3978);
#3977=REPRESENTATION('material name',(#3979),#7824);
#3978=REPRESENTATION('density',(#3974),#7824);
#3979=DESCRIPTIVE_REPRESENTATION_ITEM('Steel','Steel');
#3980=PROPERTY_DEFINITION('material property','material name',#7834);
#3981=PROPERTY_DEFINITION('material property','density of part',#7834);
#3982=AXIS2_PLACEMENT_3D('',#4585,#4103,#4104);
#3983=AXIS2_PLACEMENT_3D('',#7594,#4285,#4286);
#3984=AXIS2_PLACEMENT_3D('',#7595,#4287,#4288);
#3985=AXIS2_PLACEMENT_3D('',#7599,#4291,#4292);
#3986=AXIS2_PLACEMENT_3D('',#7600,#4293,#4294);
#3987=AXIS2_PLACEMENT_3D('',#7602,#4295,#4296);
#3988=AXIS2_PLACEMENT_3D('',#7603,#4297,#4298);
#3989=AXIS2_PLACEMENT_3D('',#7604,#4299,#4300);
#3990=AXIS2_PLACEMENT_3D('',#7605,#4301,#4302);
#3991=AXIS2_PLACEMENT_3D('',#7607,#4303,#4304);
#3992=AXIS2_PLACEMENT_3D('',#7610,#4307,#4308);
#3993=AXIS2_PLACEMENT_3D('',#7615,#4312,#4313);
#3994=AXIS2_PLACEMENT_3D('',#7619,#4316,#4317);
#3995=AXIS2_PLACEMENT_3D('',#7621,#4318,#4319);
#3996=AXIS2_PLACEMENT_3D('',#7624,#4321,#4322);
#3997=AXIS2_PLACEMENT_3D('',#7626,#4323,#4324);
#3998=AXIS2_PLACEMENT_3D('',#7627,#4325,#4326);
#3999=AXIS2_PLACEMENT_3D('',#7628,#4327,#4328);
#4000=AXIS2_PLACEMENT_3D('',#7629,#4329,#4330);
#4001=AXIS2_PLACEMENT_3D('',#7631,#4331,#4332);
#4002=AXIS2_PLACEMENT_3D('',#7635,#4335,#4336);
#4003=AXIS2_PLACEMENT_3D('',#7637,#4337,#4338);
#4004=AXIS2_PLACEMENT_3D('',#7639,#4340,#4341);
#4005=AXIS2_PLACEMENT_3D('',#7641,#4342,#4343);
#4006=AXIS2_PLACEMENT_3D('',#7644,#4346,#4347);
#4007=AXIS2_PLACEMENT_3D('',#7646,#4348,#4349);
#4008=AXIS2_PLACEMENT_3D('',#7650,#4351,#4352);
#4009=AXIS2_PLACEMENT_3D('',#7653,#4354,#4355);
#4010=AXIS2_PLACEMENT_3D('',#7654,#4356,#4357);
#4011=AXIS2_PLACEMENT_3D('',#7663,#4364,#4365);
#4012=AXIS2_PLACEMENT_3D('',#7669,#4370,#4371);
#4013=AXIS2_PLACEMENT_3D('',#7671,#4372,#4373);
#4014=AXIS2_PLACEMENT_3D('',#7674,#4375,#4376);
#4015=AXIS2_PLACEMENT_3D('',#7675,#4377,#4378);
#4016=AXIS2_PLACEMENT_3D('',#7676,#4379,#4380);
#4017=AXIS2_PLACEMENT_3D('',#7677,#4381,#4382);
#4018=AXIS2_PLACEMENT_3D('',#7681,#4384,#4385);
#4019=AXIS2_PLACEMENT_3D('',#7684,#4387,#4388);
#4020=AXIS2_PLACEMENT_3D('',#7685,#4389,#4390);
#4021=AXIS2_PLACEMENT_3D('',#7687,#4391,#4392);
#4022=AXIS2_PLACEMENT_3D('',#7690,#4394,#4395);
#4023=AXIS2_PLACEMENT_3D('',#7691,#4396,#4397);
#4024=AXIS2_PLACEMENT_3D('',#7692,#4398,#4399);
#4025=AXIS2_PLACEMENT_3D('',#7695,#4401,#4402);
#4026=AXIS2_PLACEMENT_3D('',#7696,#4403,#4404);
#4027=AXIS2_PLACEMENT_3D('',#7697,#4405,#4406);
#4028=AXIS2_PLACEMENT_3D('',#7704,#4411,#4412);
#4029=AXIS2_PLACEMENT_3D('',#7706,#4413,#4414);
#4030=AXIS2_PLACEMENT_3D('',#7709,#4416,#4417);
#4031=AXIS2_PLACEMENT_3D('',#7710,#4418,#4419);
#4032=AXIS2_PLACEMENT_3D('',#7711,#4420,#4421);
#4033=AXIS2_PLACEMENT_3D('',#7712,#4422,#4423);
#4034=AXIS2_PLACEMENT_3D('',#7713,#4424,#4425);
#4035=AXIS2_PLACEMENT_3D('',#7714,#4426,#4427);
#4036=AXIS2_PLACEMENT_3D('',#7715,#4428,#4429);
#4037=AXIS2_PLACEMENT_3D('',#7716,#4430,#4431);
#4038=AXIS2_PLACEMENT_3D('',#7717,#4432,#4433);
#4039=AXIS2_PLACEMENT_3D('',#7719,#4435,#4436);
#4040=AXIS2_PLACEMENT_3D('',#7720,#4437,#4438);
#4041=AXIS2_PLACEMENT_3D('',#7722,#4440,#4441);
#4042=AXIS2_PLACEMENT_3D('',#7723,#4442,#4443);
#4043=AXIS2_PLACEMENT_3D('',#7724,#4444,#4445);
#4044=AXIS2_PLACEMENT_3D('',#7725,#4446,#4447);
#4045=AXIS2_PLACEMENT_3D('',#7726,#4448,#4449);
#4046=AXIS2_PLACEMENT_3D('',#7727,#4450,#4451);
#4047=AXIS2_PLACEMENT_3D('',#7730,#4453,#4454);
#4048=AXIS2_PLACEMENT_3D('',#7731,#4455,#4456);
#4049=AXIS2_PLACEMENT_3D('',#7732,#4457,#4458);
#4050=AXIS2_PLACEMENT_3D('',#7733,#4459,#4460);
#4051=AXIS2_PLACEMENT_3D('',#7734,#4461,#4462);
#4052=AXIS2_PLACEMENT_3D('',#7736,#4464,#4465);
#4053=AXIS2_PLACEMENT_3D('',#7738,#4466,#4467);
#4054=AXIS2_PLACEMENT_3D('',#7740,#4468,#4469);
#4055=AXIS2_PLACEMENT_3D('',#7741,#4470,#4471);
#4056=AXIS2_PLACEMENT_3D('',#7742,#4472,#4473);
#4057=AXIS2_PLACEMENT_3D('',#7743,#4474,#4475);
#4058=AXIS2_PLACEMENT_3D('',#7744,#4476,#4477);
#4059=AXIS2_PLACEMENT_3D('',#7745,#4478,#4479);
#4060=AXIS2_PLACEMENT_3D('',#7747,#4480,#4481);
#4061=AXIS2_PLACEMENT_3D('',#7748,#4482,#4483);
#4062=AXIS2_PLACEMENT_3D('',#7749,#4484,#4485);
#4063=AXIS2_PLACEMENT_3D('',#7750,#4486,#4487);
#4064=AXIS2_PLACEMENT_3D('',#7752,#4489,#4490);
#4065=AXIS2_PLACEMENT_3D('',#7753,#4491,#4492);
#4066=AXIS2_PLACEMENT_3D('',#7754,#4493,#4494);
#4067=AXIS2_PLACEMENT_3D('',#7755,#4495,#4496);
#4068=AXIS2_PLACEMENT_3D('',#7756,#4497,#4498);
#4069=AXIS2_PLACEMENT_3D('',#7757,#4499,#4500);
#4070=AXIS2_PLACEMENT_3D('',#7758,#4501,#4502);
#4071=AXIS2_PLACEMENT_3D('',#7759,#4503,#4504);
#4072=AXIS2_PLACEMENT_3D('',#7760,#4505,#4506);
#4073=AXIS2_PLACEMENT_3D('',#7761,#4507,#4508);
#4074=AXIS2_PLACEMENT_3D('',#7762,#4509,#4510);
#4075=AXIS2_PLACEMENT_3D('',#7763,#4511,#4512);
#4076=AXIS2_PLACEMENT_3D('',#7764,#4513,#4514);
#4077=AXIS2_PLACEMENT_3D('',#7765,#4515,#4516);
#4078=AXIS2_PLACEMENT_3D('',#7768,#4517,#4518);
#4079=AXIS2_PLACEMENT_3D('',#7772,#4520,#4521);
#4080=AXIS2_PLACEMENT_3D('',#7774,#4522,#4523);
#4081=AXIS2_PLACEMENT_3D('',#7776,#4524,#4525);
#4082=AXIS2_PLACEMENT_3D('',#7778,#4526,#4527);
#4083=AXIS2_PLACEMENT_3D('',#7780,#4528,#4529);
#4084=AXIS2_PLACEMENT_3D('',#7784,#4531,#4532);
#4085=AXIS2_PLACEMENT_3D('',#7787,#4534,#4535);
#4086=AXIS2_PLACEMENT_3D('',#7788,#4536,#4537);
#4087=AXIS2_PLACEMENT_3D('',#7792,#4539,#4540);
#4088=AXIS2_PLACEMENT_3D('',#7794,#4542,#4543);
#4089=AXIS2_PLACEMENT_3D('',#7796,#4545,#4546);
#4090=AXIS2_PLACEMENT_3D('',#7798,#4548,#4549);
#4091=AXIS2_PLACEMENT_3D('',#7800,#4551,#4552);
#4092=AXIS2_PLACEMENT_3D('',#7802,#4554,#4555);
#4093=AXIS2_PLACEMENT_3D('',#7804,#4557,#4558);
#4094=AXIS2_PLACEMENT_3D('',#7806,#4560,#4561);
#4095=AXIS2_PLACEMENT_3D('',#7808,#4563,#4564);
#4096=AXIS2_PLACEMENT_3D('',#7810,#4566,#4567);
#4097=AXIS2_PLACEMENT_3D('',#7812,#4569,#4570);
#4098=AXIS2_PLACEMENT_3D('',#7814,#4572,#4573);
#4099=AXIS2_PLACEMENT_3D('',#7816,#4575,#4576);
#4100=AXIS2_PLACEMENT_3D('',#7817,#4577,#4578);
#4101=AXIS2_PLACEMENT_3D('',#7819,#4580,#4581);
#4102=AXIS2_PLACEMENT_3D('',#7821,#4583,#4584);
#4103=DIRECTION('axis',(0.,0.,1.));
#4104=DIRECTION('refdir',(1.,0.,0.));
#4105=DIRECTION('',(0.,0.,1.));
#4106=DIRECTION('',(0.,0.,1.));
#4107=DIRECTION('',(0.,0.,1.));
#4108=DIRECTION('',(0.,0.,1.));
#4109=DIRECTION('',(0.,0.,1.));
#4110=DIRECTION('',(0.,0.,1.));
#4111=DIRECTION('',(0.,0.,1.));
#4112=DIRECTION('',(0.,0.,1.));
#4113=DIRECTION('',(0.,0.,1.));
#4114=DIRECTION('',(0.,0.,1.));
#4115=DIRECTION('',(0.,0.,1.));
#4116=DIRECTION('',(0.,0.,1.));
#4117=DIRECTION('',(0.,0.,1.));
#4118=DIRECTION('',(0.,0.,1.));
#4119=DIRECTION('',(0.,0.,1.));
#4120=DIRECTION('',(0.,0.,1.));
#4121=DIRECTION('',(0.,0.,1.));
#4122=DIRECTION('',(0.,0.,1.));
#4123=DIRECTION('',(0.,0.,1.));
#4124=DIRECTION('',(0.,0.,1.));
#4125=DIRECTION('',(0.,0.,1.));
#4126=DIRECTION('',(0.,0.,1.));
#4127=DIRECTION('',(0.,0.,-1.));
#4128=DIRECTION('',(0.,0.,1.));
#4129=DIRECTION('',(0.,0.,-1.));
#4130=DIRECTION('',(0.,0.,1.));
#4131=DIRECTION('',(0.,0.,1.));
#4132=DIRECTION('',(0.,0.,1.));
#4133=DIRECTION('',(0.,0.,-1.));
#4134=DIRECTION('',(0.,0.,1.));
#4135=DIRECTION('',(0.,0.,1.));
#4136=DIRECTION('',(0.,0.,1.));
#4137=DIRECTION('',(0.,0.,1.));
#4138=DIRECTION('',(0.,0.,1.));
#4139=DIRECTION('',(0.,0.,1.));
#4140=DIRECTION('',(0.,0.,1.));
#4141=DIRECTION('',(0.,0.,-1.));
#4142=DIRECTION('',(0.,0.,1.));
#4143=DIRECTION('',(0.,0.,1.));
#4144=DIRECTION('',(0.,0.,1.));
#4145=DIRECTION('',(0.,0.,1.));
#4146=DIRECTION('',(0.,0.,1.));
#4147=DIRECTION('',(0.,0.,1.));
#4148=DIRECTION('',(0.,0.,1.));
#4149=DIRECTION('',(0.,0.,1.));
#4150=DIRECTION('',(0.,0.,1.));
#4151=DIRECTION('',(0.,0.,1.));
#4152=DIRECTION('',(0.,0.,1.));
#4153=DIRECTION('',(0.,0.,-1.));
#4154=DIRECTION('',(0.,0.,1.));
#4155=DIRECTION('',(0.,0.,1.));
#4156=DIRECTION('',(0.,0.,1.));
#4157=DIRECTION('',(0.,0.,1.));
#4158=DIRECTION('',(0.,0.,1.));
#4159=DIRECTION('',(0.,0.,1.));
#4160=DIRECTION('',(0.,0.,1.));
#4161=DIRECTION('',(0.,0.,1.));
#4162=DIRECTION('',(0.,0.,1.));
#4163=DIRECTION('',(0.,0.,1.));
#4164=DIRECTION('',(0.,0.,1.));
#4165=DIRECTION('',(0.,0.,1.));
#4166=DIRECTION('',(0.,0.,1.));
#4167=DIRECTION('',(0.,0.,-1.));
#4168=DIRECTION('',(0.,0.,1.));
#4169=DIRECTION('',(0.,0.,1.));
#4170=DIRECTION('',(0.,0.,1.));
#4171=DIRECTION('',(0.,0.,1.));
#4172=DIRECTION('',(0.,0.,1.));
#4173=DIRECTION('',(0.,0.,1.));
#4174=DIRECTION('',(0.,0.,1.));
#4175=DIRECTION('',(0.,0.,1.));
#4176=DIRECTION('',(0.,0.,1.));
#4177=DIRECTION('',(0.,0.,1.));
#4178=DIRECTION('',(0.,0.,1.));
#4179=DIRECTION('',(0.,0.,1.));
#4180=DIRECTION('',(0.,0.,1.));
#4181=DIRECTION('',(0.,0.,-1.));
#4182=DIRECTION('',(0.,0.,1.));
#4183=DIRECTION('',(0.,0.,1.));
#4184=DIRECTION('',(0.,0.,1.));
#4185=DIRECTION('',(0.,0.,1.));
#4186=DIRECTION('',(0.,0.,1.));
#4187=DIRECTION('',(0.,0.,1.));
#4188=DIRECTION('',(0.,0.,1.));
#4189=DIRECTION('',(0.,0.,1.));
#4190=DIRECTION('',(0.,0.,1.));
#4191=DIRECTION('',(0.,0.,1.));
#4192=DIRECTION('',(0.,0.,1.));
#4193=DIRECTION('',(0.,0.,1.));
#4194=DIRECTION('',(0.,0.,-1.));
#4195=DIRECTION('',(0.,0.,1.));
#4196=DIRECTION('',(0.,0.,1.));
#4197=DIRECTION('',(0.,0.,1.));
#4198=DIRECTION('',(0.,0.,-1.));
#4199=DIRECTION('',(0.,0.,-1.));
#4200=DIRECTION('',(0.,0.,1.));
#4201=DIRECTION('',(0.,0.,1.));
#4202=DIRECTION('',(0.,0.,1.));
#4203=DIRECTION('',(0.,0.,-1.));
#4204=DIRECTION('',(0.,0.,1.));
#4205=DIRECTION('',(0.,0.,1.));
#4206=DIRECTION('',(0.,0.,1.));
#4207=DIRECTION('',(0.,0.,1.));
#4208=DIRECTION('',(0.,0.,1.));
#4209=DIRECTION('',(0.,0.,1.));
#4210=DIRECTION('',(0.,0.,-1.));
#4211=DIRECTION('',(0.,0.,1.));
#4212=DIRECTION('',(0.,0.,1.));
#4213=DIRECTION('',(0.,0.,-1.));
#4214=DIRECTION('',(0.,0.,1.));
#4215=DIRECTION('',(0.,0.,1.));
#4216=DIRECTION('',(0.,0.,1.));
#4217=DIRECTION('',(0.,0.,1.));
#4218=DIRECTION('',(0.,0.,1.));
#4219=DIRECTION('',(0.,0.,1.));
#4220=DIRECTION('',(0.,0.,1.));
#4221=DIRECTION('',(0.,0.,1.));
#4222=DIRECTION('',(0.,0.,-1.));
#4223=DIRECTION('',(0.,0.,1.));
#4224=DIRECTION('',(0.,0.,1.));
#4225=DIRECTION('',(0.,0.,1.));
#4226=DIRECTION('',(0.,0.,1.));
#4227=DIRECTION('',(0.,0.,1.));
#4228=DIRECTION('',(0.,0.,-1.));
#4229=DIRECTION('',(0.,0.,1.));
#4230=DIRECTION('',(0.,0.,1.));
#4231=DIRECTION('',(0.,0.,1.));
#4232=DIRECTION('',(0.,0.,-1.));
#4233=DIRECTION('',(0.,0.,1.));
#4234=DIRECTION('',(0.,0.,1.));
#4235=DIRECTION('',(0.,0.,-1.));
#4236=DIRECTION('',(0.,0.,1.));
#4237=DIRECTION('',(0.,0.,1.));
#4238=DIRECTION('',(0.,0.,1.));
#4239=DIRECTION('',(0.,0.,1.));
#4240=DIRECTION('',(0.,0.,1.));
#4241=DIRECTION('',(0.,0.,-1.));
#4242=DIRECTION('',(0.,0.,1.));
#4243=DIRECTION('',(0.,0.,1.));
#4244=DIRECTION('',(0.,0.,1.));
#4245=DIRECTION('',(0.,0.,1.));
#4246=DIRECTION('',(0.,0.,1.));
#4247=DIRECTION('',(0.,0.,1.));
#4248=DIRECTION('',(0.,0.,1.));
#4249=DIRECTION('',(0.,0.,-1.));
#4250=DIRECTION('',(0.,0.,-1.));
#4251=DIRECTION('',(0.,0.,1.));
#4252=DIRECTION('',(0.,0.,1.));
#4253=DIRECTION('',(0.,0.,1.));
#4254=DIRECTION('',(0.,0.,1.));
#4255=DIRECTION('',(0.,0.,1.));
#4256=DIRECTION('',(0.,0.,1.));
#4257=DIRECTION('',(0.,0.,1.));
#4258=DIRECTION('',(0.,0.,-1.));
#4259=DIRECTION('',(0.,0.,1.));
#4260=DIRECTION('',(0.,0.,1.));
#4261=DIRECTION('',(0.,0.,-1.));
#4262=DIRECTION('',(0.,0.,1.));
#4263=DIRECTION('',(0.,0.,1.));
#4264=DIRECTION('',(0.,0.,1.));
#4265=DIRECTION('',(0.,0.,1.));
#4266=DIRECTION('',(0.,0.,1.));
#4267=DIRECTION('',(0.,0.,-1.));
#4268=DIRECTION('',(0.,0.,1.));
#4269=DIRECTION('',(0.,0.,1.));
#4270=DIRECTION('',(0.,0.,1.));
#4271=DIRECTION('',(0.,0.,1.));
#4272=DIRECTION('',(0.,0.,1.));
#4273=DIRECTION('',(0.,0.,1.));
#4274=DIRECTION('',(0.,0.,1.));
#4275=DIRECTION('',(0.,0.,1.));
#4276=DIRECTION('',(0.,0.,-1.));
#4277=DIRECTION('',(0.,0.,1.));
#4278=DIRECTION('',(0.,0.,1.));
#4279=DIRECTION('',(0.,0.,1.));
#4280=DIRECTION('',(0.,0.,1.));
#4281=DIRECTION('',(0.,0.,1.));
#4282=DIRECTION('',(0.,0.,1.));
#4283=DIRECTION('',(0.,0.,-1.));
#4284=DIRECTION('',(0.,0.,1.));
#4285=DIRECTION('center_axis',(0.,0.,-1.));
#4286=DIRECTION('ref_axis',(1.,0.,0.));
#4287=DIRECTION('center_axis',(0.,0.,1.));
#4288=DIRECTION('ref_axis',(0.745521964111651,0.666481058265805,0.));
#4289=DIRECTION('',(-0.666481058265804,0.745521964111651,0.));
#4290=DIRECTION('',(-0.666481058265804,0.745521964111651,0.));
#4291=DIRECTION('center_axis',(0.,0.,-1.));
#4292=DIRECTION('ref_axis',(-0.745521964111651,-0.666481058265804,0.));
#4293=DIRECTION('center_axis',(0.,0.,-1.));
#4294=DIRECTION('ref_axis',(-0.745521964111651,-0.666481058265804,0.));
#4295=DIRECTION('center_axis',(0.,0.,1.));
#4296=DIRECTION('ref_axis',(-1.,0.,0.));
#4297=DIRECTION('center_axis',(0.,0.,-1.));
#4298=DIRECTION('ref_axis',(-0.703703703703704,-0.710493559009291,0.));
#4299=DIRECTION('center_axis',(0.,0.,-1.));
#4300=DIRECTION('ref_axis',(-0.703703703703704,-0.710493559009291,0.));
#4301=DIRECTION('center_axis',(0.,0.,-1.));
#4302=DIRECTION('ref_axis',(-0.703703703703704,-0.710493559009291,0.));
#4303=DIRECTION('center_axis',(0.,0.,-1.));
#4304=DIRECTION('ref_axis',(-0.624654598939344,-0.780901166617087,0.));
#4305=DIRECTION('',(-0.666481058265805,-0.74552196411165,0.));
#4306=DIRECTION('',(-0.666481058265805,-0.74552196411165,0.));
#4307=DIRECTION('center_axis',(0.,0.,1.));
#4308=DIRECTION('ref_axis',(0.745521964111651,-0.666481058265805,0.));
#4309=DIRECTION('',(0.666481058265804,0.745521964111651,0.));
#4310=DIRECTION('',(0.666481058265804,0.745521964111651,0.));
#4311=DIRECTION('',(0.666481058265804,0.745521964111651,0.));
#4312=DIRECTION('center_axis',(0.,0.,-1.));
#4313=DIRECTION('ref_axis',(-0.745521964111649,0.666481058265807,0.));
#4314=DIRECTION('',(-0.6664810582658,0.745521964111655,0.));
#4315=DIRECTION('',(-0.6664810582658,0.745521964111655,0.));
#4316=DIRECTION('center_axis',(0.,0.,1.));
#4317=DIRECTION('ref_axis',(-0.745521964111651,-0.666481058265805,0.));
#4318=DIRECTION('center_axis',(0.,0.,1.));
#4319=DIRECTION('ref_axis',(-0.745521964111651,-0.666481058265805,0.));
#4320=DIRECTION('',(0.666481058265805,-0.74552196411165,0.));
#4321=DIRECTION('center_axis',(0.,0.,-1.));
#4322=DIRECTION('ref_axis',(0.745521964111651,0.666481058265804,0.));
#4323=DIRECTION('center_axis',(0.,0.,-1.));
#4324=DIRECTION('ref_axis',(0.745521964111651,0.666481058265804,0.));
#4325=DIRECTION('center_axis',(0.,0.,1.));
#4326=DIRECTION('ref_axis',(-1.,0.,0.));
#4327=DIRECTION('center_axis',(0.,0.,-1.));
#4328=DIRECTION('ref_axis',(0.703703703703703,0.710493559009292,0.));
#4329=DIRECTION('center_axis',(0.,0.,-1.));
#4330=DIRECTION('ref_axis',(0.624654598939342,0.780901166617089,0.));
#4331=DIRECTION('center_axis',(0.,0.,-1.));
#4332=DIRECTION('ref_axis',(0.624654598939342,0.780901166617089,0.));
#4333=DIRECTION('',(0.666481058265804,0.745521964111652,0.));
#4334=DIRECTION('',(0.666481058265804,0.745521964111652,0.));
#4335=DIRECTION('center_axis',(0.,0.,1.));
#4336=DIRECTION('ref_axis',(-0.745521964111653,0.666481058265802,0.));
#4337=DIRECTION('center_axis',(0.,0.,1.));
#4338=DIRECTION('ref_axis',(-0.745521964111653,0.666481058265802,0.));
#4339=DIRECTION('',(-0.666481058265802,-0.745521964111653,0.));
#4340=DIRECTION('center_axis',(0.,0.,-1.));
#4341=DIRECTION('ref_axis',(0.745521964111651,-0.666481058265804,0.));
#4342=DIRECTION('center_axis',(0.,0.,-1.));
#4343=DIRECTION('ref_axis',(0.745521964111651,-0.666481058265804,0.));
#4344=DIRECTION('',(0.6664810582658,-0.745521964111655,0.));
#4345=DIRECTION('',(0.6664810582658,-0.745521964111655,0.));
#4346=DIRECTION('center_axis',(0.,0.,-1.));
#4347=DIRECTION('ref_axis',(0.745521964111651,-0.666481058265805,0.));
#4348=DIRECTION('center_axis',(0.,0.,-1.));
#4349=DIRECTION('ref_axis',(0.745521964111651,-0.666481058265805,0.));
#4350=DIRECTION('',(0.,0.,-1.));
#4351=DIRECTION('center_axis',(0.,0.,-1.));
#4352=DIRECTION('ref_axis',(0.745521964111651,-0.666481058265805,0.));
#4353=DIRECTION('',(0.,0.,-1.));
#4354=DIRECTION('center_axis',(0.,0.,-1.));
#4355=DIRECTION('ref_axis',(0.745521964111651,-0.666481058265805,0.));
#4356=DIRECTION('center_axis',(0.745521964111651,-0.666481058265804,0.));
#4357=DIRECTION('ref_axis',(-0.666481058265804,-0.745521964111651,0.));
#4358=DIRECTION('',(-0.666481058265804,-0.745521964111651,0.));
#4359=DIRECTION('',(-0.666481058265804,-0.745521964111651,0.));
#4360=DIRECTION('',(0.,0.,-1.));
#4361=DIRECTION('',(-0.666481058265804,-0.745521964111651,0.));
#4362=DIRECTION('',(-0.666481058265804,-0.745521964111651,0.));
#4363=DIRECTION('',(-0.666481058265804,-0.745521964111651,0.));
#4364=DIRECTION('center_axis',(-0.74552196411165,0.666481058265805,0.));
#4365=DIRECTION('ref_axis',(0.666481058265805,0.74552196411165,0.));
#4366=DIRECTION('',(0.666481058265805,0.74552196411165,0.));
#4367=DIRECTION('',(0.,0.,-1.));
#4368=DIRECTION('',(0.666481058265805,0.74552196411165,0.));
#4369=DIRECTION('',(0.666481058265805,0.74552196411165,0.));
#4370=DIRECTION('center_axis',(0.,0.,-1.));
#4371=DIRECTION('ref_axis',(-0.624654598939344,-0.780901166617087,0.));
#4372=DIRECTION('center_axis',(0.,0.,1.));
#4373=DIRECTION('ref_axis',(-0.624654598939344,-0.780901166617087,0.));
#4374=DIRECTION('',(0.,0.,-1.));
#4375=DIRECTION('center_axis',(0.,0.,1.));
#4376=DIRECTION('ref_axis',(-0.624654598939344,-0.780901166617087,0.));
#4377=DIRECTION('center_axis',(0.,0.,-1.));
#4378=DIRECTION('ref_axis',(-0.703703703703704,-0.710493559009291,0.));
#4379=DIRECTION('center_axis',(0.,0.,1.));
#4380=DIRECTION('ref_axis',(-0.703703703703704,-0.710493559009291,0.));
#4381=DIRECTION('center_axis',(0.,0.,1.));
#4382=DIRECTION('ref_axis',(-0.703703703703704,-0.710493559009291,0.));
#4383=DIRECTION('',(0.,0.,-1.));
#4384=DIRECTION('center_axis',(0.,0.,1.));
#4385=DIRECTION('ref_axis',(-0.703703703703704,-0.710493559009291,0.));
#4386=DIRECTION('',(0.,0.,-1.));
#4387=DIRECTION('center_axis',(0.,0.,1.));
#4388=DIRECTION('ref_axis',(-0.703703703703704,-0.710493559009291,0.));
#4389=DIRECTION('center_axis',(0.,0.,-1.));
#4390=DIRECTION('ref_axis',(-1.,0.,0.));
#4391=DIRECTION('center_axis',(0.,0.,-1.));
#4392=DIRECTION('ref_axis',(-1.,0.,0.));
#4393=DIRECTION('',(0.,0.,-1.));
#4394=DIRECTION('center_axis',(0.,0.,-1.));
#4395=DIRECTION('ref_axis',(-1.,0.,0.));
#4396=DIRECTION('center_axis',(0.,0.,-1.));
#4397=DIRECTION('ref_axis',(-0.745521964111651,-0.666481058265804,0.));
#4398=DIRECTION('center_axis',(0.,0.,1.));
#4399=DIRECTION('ref_axis',(-0.745521964111651,-0.666481058265804,0.));
#4400=DIRECTION('',(0.,0.,-1.));
#4401=DIRECTION('center_axis',(0.,0.,1.));
#4402=DIRECTION('ref_axis',(-0.745521964111651,-0.666481058265804,0.));
#4403=DIRECTION('center_axis',(0.,0.,1.));
#4404=DIRECTION('ref_axis',(-0.745521964111651,-0.666481058265804,0.));
#4405=DIRECTION('center_axis',(0.745521964111651,0.666481058265804,0.));
#4406=DIRECTION('ref_axis',(0.666481058265804,-0.745521964111651,0.));
#4407=DIRECTION('',(0.666481058265804,-0.745521964111651,0.));
#4408=DIRECTION('',(0.666481058265804,-0.745521964111651,0.));
#4409=DIRECTION('',(0.,0.,-1.));
#4410=DIRECTION('',(0.666481058265804,-0.745521964111651,0.));
#4411=DIRECTION('center_axis',(0.,0.,-1.));
#4412=DIRECTION('ref_axis',(-0.666481066121155,0.745521957089132,0.));
#4413=DIRECTION('center_axis',(0.,0.,-1.));
#4414=DIRECTION('ref_axis',(0.745521964111651,0.666481058265805,0.));
#4415=DIRECTION('',(0.,0.,-1.));
#4416=DIRECTION('center_axis',(0.,0.,-1.));
#4417=DIRECTION('ref_axis',(0.745521964111651,0.666481058265805,0.));
#4418=DIRECTION('center_axis',(0.,0.,-1.));
#4419=DIRECTION('ref_axis',(0.745521964111651,0.666481058265805,0.));
#4420=DIRECTION('center_axis',(0.,0.,1.));
#4421=DIRECTION('ref_axis',(-1.,0.,0.));
#4422=DIRECTION('center_axis',(0.,0.,1.));
#4423=DIRECTION('ref_axis',(-1.,0.,0.));
#4424=DIRECTION('center_axis',(0.,0.,1.));
#4425=DIRECTION('ref_axis',(-1.,0.,0.));
#4426=DIRECTION('center_axis',(0.,0.,1.));
#4427=DIRECTION('ref_axis',(-1.,0.,0.));
#4428=DIRECTION('center_axis',(0.,0.,1.));
#4429=DIRECTION('ref_axis',(-1.,0.,0.));
#4430=DIRECTION('center_axis',(0.,0.,1.));
#4431=DIRECTION('ref_axis',(-1.,0.,0.));
#4432=DIRECTION('center_axis',(0.,0.,1.));
#4433=DIRECTION('ref_axis',(-1.,0.,0.));
#4434=DIRECTION('',(-0.6664810582658,0.745521964111655,0.));
#4435=DIRECTION('center_axis',(0.,0.,1.));
#4436=DIRECTION('ref_axis',(-1.,0.,0.));
#4437=DIRECTION('center_axis',(0.,0.,1.));
#4438=DIRECTION('ref_axis',(-1.,0.,0.));
#4439=DIRECTION('',(-0.6664810582658,0.745521964111655,0.));
#4440=DIRECTION('center_axis',(0.,0.,1.));
#4441=DIRECTION('ref_axis',(-1.,0.,0.));
#4442=DIRECTION('center_axis',(0.,0.,1.));
#4443=DIRECTION('ref_axis',(-1.,0.,0.));
#4444=DIRECTION('center_axis',(0.,0.,1.));
#4445=DIRECTION('ref_axis',(0.745521964111651,-0.666481058265804,0.));
#4446=DIRECTION('center_axis',(0.,0.,1.));
#4447=DIRECTION('ref_axis',(-1.,0.,0.));
#4448=DIRECTION('center_axis',(0.,0.,-1.));
#4449=DIRECTION('ref_axis',(-0.745521964111653,0.666481058265802,0.));
#4450=DIRECTION('center_axis',(0.,0.,1.));
#4451=DIRECTION('ref_axis',(-1.,0.,0.));
#4452=DIRECTION('',(0.666481058265802,0.745521964111653,0.));
#4453=DIRECTION('center_axis',(0.,0.,1.));
#4454=DIRECTION('ref_axis',(0.745521964111651,-0.666481058265804,0.));
#4455=DIRECTION('center_axis',(0.,0.,1.));
#4456=DIRECTION('ref_axis',(-1.,0.,0.));
#4457=DIRECTION('center_axis',(0.,0.,1.));
#4458=DIRECTION('ref_axis',(-1.,0.,0.));
#4459=DIRECTION('center_axis',(0.,0.,1.));
#4460=DIRECTION('ref_axis',(0.624654598939342,0.780901166617089,0.));
#4461=DIRECTION('center_axis',(0.,0.,1.));
#4462=DIRECTION('ref_axis',(-1.,0.,0.));
#4463=DIRECTION('',(-0.666481058265804,-0.745521964111652,0.));
#4464=DIRECTION('center_axis',(0.,0.,1.));
#4465=DIRECTION('ref_axis',(-1.,0.,0.));
#4466=DIRECTION('center_axis',(0.,0.,1.));
#4467=DIRECTION('ref_axis',(0.703703703703703,0.710493559009292,0.));
#4468=DIRECTION('center_axis',(0.,0.,-1.));
#4469=DIRECTION('ref_axis',(-1.,0.,0.));
#4470=DIRECTION('center_axis',(0.,0.,1.));
#4471=DIRECTION('ref_axis',(0.624654598939342,0.780901166617089,0.));
#4472=DIRECTION('center_axis',(0.,0.,1.));
#4473=DIRECTION('ref_axis',(-1.,0.,0.));
#4474=DIRECTION('center_axis',(0.,0.,1.));
#4475=DIRECTION('ref_axis',(-1.,0.,0.));
#4476=DIRECTION('center_axis',(0.,0.,1.));
#4477=DIRECTION('ref_axis',(0.745521964111651,0.666481058265804,0.));
#4478=DIRECTION('center_axis',(0.,0.,1.));
#4479=DIRECTION('ref_axis',(-1.,0.,0.));
#4480=DIRECTION('center_axis',(0.,0.,-1.));
#4481=DIRECTION('ref_axis',(-1.,0.,0.));
#4482=DIRECTION('center_axis',(0.,0.,1.));
#4483=DIRECTION('ref_axis',(0.703703703703703,0.710493559009292,0.));
#4484=DIRECTION('center_axis',(0.,0.,1.));
#4485=DIRECTION('ref_axis',(-1.,0.,0.));
#4486=DIRECTION('center_axis',(0.,0.,1.));
#4487=DIRECTION('ref_axis',(-1.,0.,0.));
#4488=DIRECTION('',(0.6664810582658,-0.745521964111655,0.));
#4489=DIRECTION('center_axis',(0.,0.,1.));
#4490=DIRECTION('ref_axis',(-1.,0.,0.));
#4491=DIRECTION('center_axis',(0.,0.,-1.));
#4492=DIRECTION('ref_axis',(-0.745521964111651,-0.666481058265805,0.));
#4493=DIRECTION('center_axis',(0.,0.,1.));
#4494=DIRECTION('ref_axis',(-1.,0.,0.));
#4495=DIRECTION('center_axis',(0.,0.,-1.));
#4496=DIRECTION('ref_axis',(-1.,0.,0.));
#4497=DIRECTION('center_axis',(0.,0.,1.));
#4498=DIRECTION('ref_axis',(-1.,0.,0.));
#4499=DIRECTION('center_axis',(0.,0.,1.));
#4500=DIRECTION('ref_axis',(-1.,0.,0.));
#4501=DIRECTION('center_axis',(0.,0.,1.));
#4502=DIRECTION('ref_axis',(-0.745521964111649,0.666481058265807,0.));
#4503=DIRECTION('center_axis',(0.,0.,1.));
#4504=DIRECTION('ref_axis',(-1.,0.,0.));
#4505=DIRECTION('center_axis',(0.,0.,1.));
#4506=DIRECTION('ref_axis',(-1.,0.,0.));
#4507=DIRECTION('center_axis',(0.,0.,1.));
#4508=DIRECTION('ref_axis',(-1.,0.,0.));
#4509=DIRECTION('center_axis',(0.,0.,1.));
#4510=DIRECTION('ref_axis',(-1.,0.,0.));
#4511=DIRECTION('center_axis',(0.,0.,1.));
#4512=DIRECTION('ref_axis',(-1.,0.,0.));
#4513=DIRECTION('center_axis',(0.,0.,1.));
#4514=DIRECTION('ref_axis',(-1.,0.,0.));
#4515=DIRECTION('center_axis',(0.,0.,1.));
#4516=DIRECTION('ref_axis',(-1.,0.,0.));
#4517=DIRECTION('center_axis',(0.,0.,-1.));
#4518=DIRECTION('ref_axis',(-0.745521964111653,0.666481058265802,0.));
#4519=DIRECTION('',(-0.666481058265804,-0.745521964111652,0.));
#4520=DIRECTION('center_axis',(0.,0.,1.));
#4521=DIRECTION('ref_axis',(0.624654598939342,0.780901166617089,0.));
#4522=DIRECTION('center_axis',(0.,0.,-1.));
#4523=DIRECTION('ref_axis',(-1.,0.,0.));
#4524=DIRECTION('center_axis',(0.,0.,1.));
#4525=DIRECTION('ref_axis',(0.703703703703703,0.710493559009292,0.));
#4526=DIRECTION('center_axis',(0.,0.,-1.));
#4527=DIRECTION('ref_axis',(-1.,0.,0.));
#4528=DIRECTION('center_axis',(0.,0.,1.));
#4529=DIRECTION('ref_axis',(0.745521964111651,0.666481058265804,0.));
#4530=DIRECTION('',(-0.666481058265805,0.74552196411165,0.));
#4531=DIRECTION('center_axis',(0.,0.,-1.));
#4532=DIRECTION('ref_axis',(-0.745521964111651,-0.666481058265805,0.));
#4533=DIRECTION('',(0.6664810582658,-0.745521964111655,0.));
#4534=DIRECTION('center_axis',(0.,0.,1.));
#4535=DIRECTION('ref_axis',(-0.745521964111649,0.666481058265807,0.));
#4536=DIRECTION('center_axis',(0.,0.,-1.));
#4537=DIRECTION('ref_axis',(-1.,0.,0.));
#4538=DIRECTION('',(-0.6664810582658,0.745521964111655,0.));
#4539=DIRECTION('center_axis',(0.,0.,1.));
#4540=DIRECTION('ref_axis',(0.745521964111651,-0.666481058265804,0.));
#4541=DIRECTION('',(0.666481058265802,0.745521964111653,0.));
#4542=DIRECTION('center_axis',(0.,0.,-1.));
#4543=DIRECTION('ref_axis',(-0.745521964111649,0.666481058265807,0.));
#4544=DIRECTION('',(0.,0.,-1.));
#4545=DIRECTION('center_axis',(0.745521964111655,0.6664810582658,0.));
#4546=DIRECTION('ref_axis',(0.6664810582658,-0.745521964111655,0.));
#4547=DIRECTION('',(0.,0.,-1.));
#4548=DIRECTION('center_axis',(0.,0.,-1.));
#4549=DIRECTION('ref_axis',(-0.745521964111651,-0.666481058265805,0.));
#4550=DIRECTION('',(0.,0.,-1.));
#4551=DIRECTION('center_axis',(-0.74552196411165,-0.666481058265805,0.));
#4552=DIRECTION('ref_axis',(-0.666481058265805,0.74552196411165,0.));
#4553=DIRECTION('',(0.,0.,-1.));
#4554=DIRECTION('center_axis',(0.,0.,-1.));
#4555=DIRECTION('ref_axis',(0.745521964111651,0.666481058265804,0.));
#4556=DIRECTION('',(0.,0.,-1.));
#4557=DIRECTION('center_axis',(0.,0.,-1.));
#4558=DIRECTION('ref_axis',(-1.,0.,0.));
#4559=DIRECTION('',(0.,0.,-1.));
#4560=DIRECTION('center_axis',(0.,0.,-1.));
#4561=DIRECTION('ref_axis',(0.703703703703703,0.710493559009292,0.));
#4562=DIRECTION('',(0.,0.,-1.));
#4563=DIRECTION('center_axis',(0.,0.,-1.));
#4564=DIRECTION('ref_axis',(-1.,0.,0.));
#4565=DIRECTION('',(0.,0.,-1.));
#4566=DIRECTION('center_axis',(0.,0.,-1.));
#4567=DIRECTION('ref_axis',(0.624654598939342,0.780901166617089,0.));
#4568=DIRECTION('',(0.,0.,-1.));
#4569=DIRECTION('center_axis',(0.745521964111652,-0.666481058265804,0.));
#4570=DIRECTION('ref_axis',(-0.666481058265804,-0.745521964111652,0.));
#4571=DIRECTION('',(0.,0.,-1.));
#4572=DIRECTION('center_axis',(0.,0.,-1.));
#4573=DIRECTION('ref_axis',(-0.745521964111653,0.666481058265802,0.));
#4574=DIRECTION('',(0.,0.,-1.));
#4575=DIRECTION('center_axis',(0.,0.,-1.));
#4576=DIRECTION('ref_axis',(-1.,0.,0.));
#4577=DIRECTION('center_axis',(-0.745521964111655,-0.6664810582658,0.));
#4578=DIRECTION('ref_axis',(-0.6664810582658,0.745521964111655,0.));
#4579=DIRECTION('',(0.,0.,-1.));
#4580=DIRECTION('center_axis',(0.,0.,-1.));
#4581=DIRECTION('ref_axis',(0.745521964111651,-0.666481058265804,0.));
#4582=DIRECTION('',(0.,0.,-1.));
#4583=DIRECTION('center_axis',(-0.745521964111653,0.666481058265802,0.));
#4584=DIRECTION('ref_axis',(0.666481058265802,0.745521964111653,0.));
#4585=CARTESIAN_POINT('',(0.,0.,0.));
#4586=CARTESIAN_POINT('Ctrl Pts',(161.992617210419,11.3358148830542,2.10351627249359));
#4587=CARTESIAN_POINT('Ctrl Pts',(161.992617210419,11.3358148830542,4.10351627249359));
#4588=CARTESIAN_POINT('Ctrl Pts',(161.634450280538,4.09910099997214,2.10351627249359));
#4589=CARTESIAN_POINT('Ctrl Pts',(161.634450280538,4.09910099997214,4.10351627249359));
#4590=CARTESIAN_POINT('Ctrl Pts',(163.158756463399,-0.602455933748764,2.10351627249359));
#4591=CARTESIAN_POINT('Ctrl Pts',(163.158756463399,-0.602455933748764,4.10351627249359));
#4592=CARTESIAN_POINT('Ctrl Pts',(164.188138075541,-1.17455804492939,2.10351627249359));
#4593=CARTESIAN_POINT('Ctrl Pts',(164.188138075541,-1.17455804492939,4.10351627249359));
#4594=CARTESIAN_POINT('',(161.992617210419,11.3358148830542,2.10351627249359));
#4595=CARTESIAN_POINT('',(164.188138075541,-1.17455804492939,2.10351627249359));
#4596=CARTESIAN_POINT('Ctrl Pts',(161.992617210419,11.3358148830542,2.10351627249359));
#4597=CARTESIAN_POINT('Ctrl Pts',(161.634450280538,4.09910099997214,2.10351627249359));
#4598=CARTESIAN_POINT('Ctrl Pts',(163.158756463399,-0.602455933748764,2.10351627249359));
#4599=CARTESIAN_POINT('Ctrl Pts',(164.188138075541,-1.17455804492939,2.10351627249359));
#4600=CARTESIAN_POINT('',(161.992617210419,11.3358148830542,4.10351627249359));
#4601=CARTESIAN_POINT('',(161.992617210419,11.3358148830542,2.10351627249359));
#4602=CARTESIAN_POINT('',(164.188138075541,-1.17455804492938,4.10351627249359));
#4603=CARTESIAN_POINT('Ctrl Pts',(161.992617210419,11.3358148830542,4.10351627249359));
#4604=CARTESIAN_POINT('Ctrl Pts',(161.634450280538,4.09910099997214,4.10351627249359));
#4605=CARTESIAN_POINT('Ctrl Pts',(163.158756463399,-0.602455933748764,4.10351627249359));
#4606=CARTESIAN_POINT('Ctrl Pts',(164.188138075541,-1.17455804492939,4.10351627249359));
#4607=CARTESIAN_POINT('',(164.188138075541,-1.17455804492939,2.10351627249359));
#4608=CARTESIAN_POINT('Ctrl Pts',(140.010065266958,9.55620855345421,2.10351627249359));
#4609=CARTESIAN_POINT('Ctrl Pts',(140.010065266958,9.55620855345421,4.10351627249359));
#4610=CARTESIAN_POINT('Ctrl Pts',(148.127110993734,7.79108373655967,2.10351627249359));
#4611=CARTESIAN_POINT('Ctrl Pts',(148.127110993734,7.79108373655967,4.10351627249359));
#4612=CARTESIAN_POINT('Ctrl Pts',(157.07259533313,7.28508183811199,2.10351627249359));
#4613=CARTESIAN_POINT('Ctrl Pts',(157.07259533313,7.28508183811199,4.10351627249359));
#4614=CARTESIAN_POINT('Ctrl Pts',(161.992617210419,11.3358148830542,2.10351627249359));
#4615=CARTESIAN_POINT('Ctrl Pts',(161.992617210419,11.3358148830542,4.10351627249359));
#4616=CARTESIAN_POINT('',(140.010065266958,9.55620855345421,2.10351627249359));
#4617=CARTESIAN_POINT('Ctrl Pts',(140.010065266958,9.55620855345421,2.10351627249359));
#4618=CARTESIAN_POINT('Ctrl Pts',(148.127110993734,7.79108373655967,2.10351627249359));
#4619=CARTESIAN_POINT('Ctrl Pts',(157.07259533313,7.28508183811199,2.10351627249359));
#4620=CARTESIAN_POINT('Ctrl Pts',(161.992617210419,11.3358148830542,2.10351627249359));
#4621=CARTESIAN_POINT('',(140.010065266958,9.55620855345421,4.10351627249359));
#4622=CARTESIAN_POINT('',(140.010065266958,9.55620855345421,2.10351627249359));
#4623=CARTESIAN_POINT('Ctrl Pts',(140.010065266958,9.55620855345421,4.10351627249359));
#4624=CARTESIAN_POINT('Ctrl Pts',(148.127110993734,7.79108373655967,4.10351627249359));
#4625=CARTESIAN_POINT('Ctrl Pts',(157.07259533313,7.28508183811199,4.10351627249359));
#4626=CARTESIAN_POINT('Ctrl Pts',(161.992617210419,11.3358148830542,4.10351627249359));
#4627=CARTESIAN_POINT('Ctrl Pts',(157.358244887065,-13.3862411942672,2.10351627249359));
#4628=CARTESIAN_POINT('Ctrl Pts',(157.358244887065,-13.3862411942672,4.10351627249359));
#4629=CARTESIAN_POINT('Ctrl Pts',(154.580759382914,-4.5728062882613,2.10351627249359));
#4630=CARTESIAN_POINT('Ctrl Pts',(154.580759382914,-4.5728062882613,4.10351627249359));
#4631=CARTESIAN_POINT('Ctrl Pts',(149.240746184062,2.82221592281354,2.10351627249359));
#4632=CARTESIAN_POINT('Ctrl Pts',(149.240746184062,2.82221592281354,4.10351627249359));
#4633=CARTESIAN_POINT('Ctrl Pts',(140.010065266958,9.55620855345421,2.10351627249359));
#4634=CARTESIAN_POINT('Ctrl Pts',(140.010065266958,9.55620855345421,4.10351627249359));
#4635=CARTESIAN_POINT('',(157.358244887065,-13.3862411942672,2.10351627249359));
#4636=CARTESIAN_POINT('Ctrl Pts',(157.358244887065,-13.3862411942672,2.10351627249359));
#4637=CARTESIAN_POINT('Ctrl Pts',(154.580759382914,-4.5728062882613,2.10351627249359));
#4638=CARTESIAN_POINT('Ctrl Pts',(149.240746184062,2.82221592281354,2.10351627249359));
#4639=CARTESIAN_POINT('Ctrl Pts',(140.010065266958,9.55620855345421,2.10351627249359));
#4640=CARTESIAN_POINT('',(157.358244887065,-13.3862411942671,4.10351627249359));
#4641=CARTESIAN_POINT('',(157.358244887065,-13.3862411942672,2.10351627249359));
#4642=CARTESIAN_POINT('Ctrl Pts',(157.358244887065,-13.3862411942672,4.10351627249359));
#4643=CARTESIAN_POINT('Ctrl Pts',(154.580759382914,-4.5728062882613,4.10351627249359));
#4644=CARTESIAN_POINT('Ctrl Pts',(149.240746184062,2.82221592281354,4.10351627249359));
#4645=CARTESIAN_POINT('Ctrl Pts',(140.010065266958,9.55620855345421,4.10351627249359));
#4646=CARTESIAN_POINT('Ctrl Pts',(176.018778995545,-11.1651820785394,2.10351627249359));
#4647=CARTESIAN_POINT('Ctrl Pts',(176.018778995545,-11.1651820785394,4.10351627249359));
#4648=CARTESIAN_POINT('Ctrl Pts',(170.06492810316,-5.35975639647154,2.10351627249359));
#4649=CARTESIAN_POINT('Ctrl Pts',(170.06492810316,-5.35975639647154,4.10351627249359));
#4650=CARTESIAN_POINT('Ctrl Pts',(160.971306811045,-8.6963518300246,2.10351627249359));
#4651=CARTESIAN_POINT('Ctrl Pts',(160.971306811045,-8.6963518300246,4.10351627249359));
#4652=CARTESIAN_POINT('Ctrl Pts',(157.358244887065,-13.3862411942672,2.10351627249359));
#4653=CARTESIAN_POINT('Ctrl Pts',(157.358244887065,-13.3862411942672,4.10351627249359));
#4654=CARTESIAN_POINT('',(176.018778995545,-11.1651820785394,2.10351627249359));
#4655=CARTESIAN_POINT('Ctrl Pts',(176.018778995545,-11.1651820785394,2.10351627249359));
#4656=CARTESIAN_POINT('Ctrl Pts',(170.06492810316,-5.35975639647154,2.10351627249359));
#4657=CARTESIAN_POINT('Ctrl Pts',(160.971306811045,-8.6963518300246,2.10351627249359));
#4658=CARTESIAN_POINT('Ctrl Pts',(157.358244887065,-13.3862411942672,2.10351627249359));
#4659=CARTESIAN_POINT('',(176.018778995545,-11.1651820785394,4.10351627249359));
#4660=CARTESIAN_POINT('',(176.018778995545,-11.1651820785394,2.10351627249359));
#4661=CARTESIAN_POINT('Ctrl Pts',(176.018778995545,-11.1651820785394,4.10351627249359));
#4662=CARTESIAN_POINT('Ctrl Pts',(170.06492810316,-5.35975639647154,4.10351627249359));
#4663=CARTESIAN_POINT('Ctrl Pts',(160.971306811045,-8.6963518300246,4.10351627249359));
#4664=CARTESIAN_POINT('Ctrl Pts',(157.358244887065,-13.3862411942672,4.10351627249359));
#4665=CARTESIAN_POINT('Ctrl Pts',(170.299061906209,0.101462259432594,2.10351627249359));
#4666=CARTESIAN_POINT('Ctrl Pts',(170.299061906209,0.101462259432594,4.10351627249359));
#4667=CARTESIAN_POINT('Ctrl Pts',(170.666851149272,-3.49562882091511,2.10351627249359));
#4668=CARTESIAN_POINT('Ctrl Pts',(170.666851149272,-3.49562882091511,4.10351627249359));
#4669=CARTESIAN_POINT('Ctrl Pts',(172.081866522502,-7.10747594501484,2.10351627249359));
#4670=CARTESIAN_POINT('Ctrl Pts',(172.081866522502,-7.10747594501484,4.10351627249359));
#4671=CARTESIAN_POINT('Ctrl Pts',(176.018778995545,-11.1651820785394,2.10351627249359));
#4672=CARTESIAN_POINT('Ctrl Pts',(176.018778995545,-11.1651820785394,4.10351627249359));
#4673=CARTESIAN_POINT('',(170.299061906209,0.101462259432594,2.10351627249359));
#4674=CARTESIAN_POINT('Ctrl Pts',(170.299061906209,0.101462259432594,2.10351627249359));
#4675=CARTESIAN_POINT('Ctrl Pts',(170.666851149272,-3.49562882091511,2.10351627249359));
#4676=CARTESIAN_POINT('Ctrl Pts',(172.081866522502,-7.10747594501484,2.10351627249359));
#4677=CARTESIAN_POINT('Ctrl Pts',(176.018778995545,-11.1651820785394,2.10351627249359));
#4678=CARTESIAN_POINT('',(170.299061906209,0.101462259432594,4.10351627249359));
#4679=CARTESIAN_POINT('',(170.299061906209,0.101462259432594,2.10351627249359));
#4680=CARTESIAN_POINT('Ctrl Pts',(170.299061906209,0.101462259432594,4.10351627249359));
#4681=CARTESIAN_POINT('Ctrl Pts',(170.666851149272,-3.49562882091511,4.10351627249359));
#4682=CARTESIAN_POINT('Ctrl Pts',(172.081866522502,-7.10747594501484,4.10351627249359));
#4683=CARTESIAN_POINT('Ctrl Pts',(176.018778995545,-11.1651820785394,4.10351627249359));
#4684=CARTESIAN_POINT('Ctrl Pts',(164.188138075541,-1.17455804492939,2.10351627249359));
#4685=CARTESIAN_POINT('Ctrl Pts',(164.188138075541,-1.17455804492939,4.10351627249359));
#4686=CARTESIAN_POINT('Ctrl Pts',(165.786197024058,-1.67739597306558,2.10351627249359));
#4687=CARTESIAN_POINT('Ctrl Pts',(165.786197024058,-1.67739597306558,4.10351627249359));
#4688=CARTESIAN_POINT('Ctrl Pts',(168.533580198954,-0.839479176063422,2.10351627249359));
#4689=CARTESIAN_POINT('Ctrl Pts',(168.533580198954,-0.839479176063422,4.10351627249359));
#4690=CARTESIAN_POINT('Ctrl Pts',(170.299061906209,0.101462259432594,2.10351627249359));
#4691=CARTESIAN_POINT('Ctrl Pts',(170.299061906209,0.101462259432594,4.10351627249359));
#4692=CARTESIAN_POINT('Ctrl Pts',(164.188138075541,-1.17455804492939,2.10351627249359));
#4693=CARTESIAN_POINT('Ctrl Pts',(165.786197024058,-1.67739597306558,2.10351627249359));
#4694=CARTESIAN_POINT('Ctrl Pts',(168.533580198954,-0.839479176063422,2.10351627249359));
#4695=CARTESIAN_POINT('Ctrl Pts',(170.299061906209,0.101462259432594,2.10351627249359));
#4696=CARTESIAN_POINT('Ctrl Pts',(164.188138075541,-1.17455804492939,4.10351627249359));
#4697=CARTESIAN_POINT('Ctrl Pts',(165.786197024058,-1.67739597306558,4.10351627249359));
#4698=CARTESIAN_POINT('Ctrl Pts',(168.533580198954,-0.839479176063422,4.10351627249359));
#4699=CARTESIAN_POINT('Ctrl Pts',(170.299061906209,0.101462259432594,4.10351627249359));
#4700=CARTESIAN_POINT('Ctrl Pts',(114.537358949056,27.615409857572,2.10351627249359));
#4701=CARTESIAN_POINT('Ctrl Pts',(114.537358949056,27.615409857572,4.10351627249359));
#4702=CARTESIAN_POINT('Ctrl Pts',(108.268222876261,31.3714544138719,2.10351627249359));
#4703=CARTESIAN_POINT('Ctrl Pts',(108.268222876261,31.3714544138719,4.10351627249359));
#4704=CARTESIAN_POINT('Ctrl Pts',(97.9134334094035,28.3501510240047,2.10351627249359));
#4705=CARTESIAN_POINT('Ctrl Pts',(97.9134334094035,28.3501510240047,4.10351627249359));
#4706=CARTESIAN_POINT('Ctrl Pts',(93.827436851532,22.8720349821855,2.10351627249359));
#4707=CARTESIAN_POINT('Ctrl Pts',(93.827436851532,22.8720349821855,4.10351627249359));
#4708=CARTESIAN_POINT('',(114.537358949056,27.615409857572,2.10351627249359));
#4709=CARTESIAN_POINT('',(93.827436851532,22.8720349821855,2.10351627249359));
#4710=CARTESIAN_POINT('Ctrl Pts',(114.537358949056,27.615409857572,2.10351627249359));
#4711=CARTESIAN_POINT('Ctrl Pts',(108.268222876261,31.3714544138719,2.10351627249359));
#4712=CARTESIAN_POINT('Ctrl Pts',(97.9134334094035,28.3501510240047,2.10351627249359));
#4713=CARTESIAN_POINT('Ctrl Pts',(93.827436851532,22.8720349821855,2.10351627249359));
#4714=CARTESIAN_POINT('',(114.537358949056,27.615409857572,4.10351627249359));
#4715=CARTESIAN_POINT('',(114.537358949056,27.615409857572,2.10351627249359));
#4716=CARTESIAN_POINT('',(93.827436851532,22.8720349821855,4.10351627249359));
#4717=CARTESIAN_POINT('Ctrl Pts',(114.537358949056,27.615409857572,4.10351627249359));
#4718=CARTESIAN_POINT('Ctrl Pts',(108.268222876261,31.3714544138719,4.10351627249359));
#4719=CARTESIAN_POINT('Ctrl Pts',(97.9134334094035,28.3501510240047,4.10351627249359));
#4720=CARTESIAN_POINT('Ctrl Pts',(93.827436851532,22.8720349821855,4.10351627249359));
#4721=CARTESIAN_POINT('',(93.827436851532,22.8720349821855,2.10351627249359));
#4722=CARTESIAN_POINT('Ctrl Pts',(84.6767817344971,30.2076555380632,2.10351627249359));
#4723=CARTESIAN_POINT('Ctrl Pts',(84.6767817344971,30.2076555380632,4.10351627249359));
#4724=CARTESIAN_POINT('Ctrl Pts',(91.5798786265361,34.3204257362494,2.10351627249359));
#4725=CARTESIAN_POINT('Ctrl Pts',(91.5798786265361,34.3204257362494,4.10351627249359));
#4726=CARTESIAN_POINT('Ctrl Pts',(105.101809238464,36.7271090191016,2.10351627249359));
#4727=CARTESIAN_POINT('Ctrl Pts',(105.101809238464,36.7271090191016,4.10351627249359));
#4728=CARTESIAN_POINT('Ctrl Pts',(114.537358949056,27.615409857572,2.10351627249359));
#4729=CARTESIAN_POINT('Ctrl Pts',(114.537358949056,27.615409857572,4.10351627249359));
#4730=CARTESIAN_POINT('',(84.6767817344971,30.2076555380632,2.10351627249359));
#4731=CARTESIAN_POINT('Ctrl Pts',(84.6767817344971,30.2076555380632,2.10351627249359));
#4732=CARTESIAN_POINT('Ctrl Pts',(91.5798786265361,34.3204257362494,2.10351627249359));
#4733=CARTESIAN_POINT('Ctrl Pts',(105.101809238464,36.7271090191016,2.10351627249359));
#4734=CARTESIAN_POINT('Ctrl Pts',(114.537358949056,27.615409857572,2.10351627249359));
#4735=CARTESIAN_POINT('',(84.6767817344971,30.2076555380632,4.10351627249359));
#4736=CARTESIAN_POINT('',(84.6767817344971,30.2076555380632,2.10351627249359));
#4737=CARTESIAN_POINT('Ctrl Pts',(84.6767817344971,30.2076555380632,4.10351627249359));
#4738=CARTESIAN_POINT('Ctrl Pts',(91.5798786265361,34.3204257362494,4.10351627249359));
#4739=CARTESIAN_POINT('Ctrl Pts',(105.101809238464,36.7271090191016,4.10351627249359));
#4740=CARTESIAN_POINT('Ctrl Pts',(114.537358949056,27.615409857572,4.10351627249359));
#4741=CARTESIAN_POINT('Ctrl Pts',(93.827436851532,22.8720349821855,2.10351627249359));
#4742=CARTESIAN_POINT('Ctrl Pts',(93.827436851532,22.8720349821855,4.10351627249359));
#4743=CARTESIAN_POINT('Ctrl Pts',(89.6311474457093,22.5420829806138,2.10351627249359));
#4744=CARTESIAN_POINT('Ctrl Pts',(89.6311474457093,22.5420829806138,4.10351627249359));
#4745=CARTESIAN_POINT('Ctrl Pts',(86.3405222359009,24.8924668090949,2.10351627249359));
#4746=CARTESIAN_POINT('Ctrl Pts',(86.3405222359009,24.8924668090949,4.10351627249359));
#4747=CARTESIAN_POINT('Ctrl Pts',(84.6767817344971,30.2076555380632,2.10351627249359));
#4748=CARTESIAN_POINT('Ctrl Pts',(84.6767817344971,30.2076555380632,4.10351627249359));
#4749=CARTESIAN_POINT('Ctrl Pts',(93.827436851532,22.8720349821855,2.10351627249359));
#4750=CARTESIAN_POINT('Ctrl Pts',(89.6311474457093,22.5420829806138,2.10351627249359));
#4751=CARTESIAN_POINT('Ctrl Pts',(86.3405222359009,24.8924668090949,2.10351627249359));
#4752=CARTESIAN_POINT('Ctrl Pts',(84.6767817344971,30.2076555380632,2.10351627249359));
#4753=CARTESIAN_POINT('Ctrl Pts',(93.827436851532,22.8720349821855,4.10351627249359));
#4754=CARTESIAN_POINT('Ctrl Pts',(89.6311474457093,22.5420829806138,4.10351627249359));
#4755=CARTESIAN_POINT('Ctrl Pts',(86.3405222359009,24.8924668090949,4.10351627249359));
#4756=CARTESIAN_POINT('Ctrl Pts',(84.6767817344971,30.2076555380632,4.10351627249359));
#4757=CARTESIAN_POINT('Ctrl Pts',(89.4888168246257,60.3782332103858,2.10351627249359));
#4758=CARTESIAN_POINT('Ctrl Pts',(89.4888168246257,60.3782332103858,4.10351627249359));
#4759=CARTESIAN_POINT('Ctrl Pts',(91.3828065147705,65.8205229506303,2.10351627249359));
#4760=CARTESIAN_POINT('Ctrl Pts',(91.3828065147705,65.8205229506303,4.10351627249359));
#4761=CARTESIAN_POINT('Ctrl Pts',(91.5522608032532,69.7846277238338,2.10351627249359));
#4762=CARTESIAN_POINT('Ctrl Pts',(91.5522608032532,69.7846277238338,4.10351627249359));
#4763=CARTESIAN_POINT('Ctrl Pts',(91.8448834457703,73.5023683358639,2.10351627249359));
#4764=CARTESIAN_POINT('Ctrl Pts',(91.8448834457703,73.5023683358639,4.10351627249359));
#4765=CARTESIAN_POINT('',(89.4888168246257,60.3782332103858,2.10351627249359));
#4766=CARTESIAN_POINT('',(91.8448834457703,73.5023683358639,2.10351627249359));
#4767=CARTESIAN_POINT('Ctrl Pts',(89.4888168246257,60.3782332103858,2.10351627249359));
#4768=CARTESIAN_POINT('Ctrl Pts',(91.3828065147705,65.8205229506303,2.10351627249359));
#4769=CARTESIAN_POINT('Ctrl Pts',(91.5522608032532,69.7846277238338,2.10351627249359));
#4770=CARTESIAN_POINT('Ctrl Pts',(91.8448834457703,73.5023683358639,2.10351627249359));
#4771=CARTESIAN_POINT('',(89.4888168246257,60.3782332103858,4.10351627249359));
#4772=CARTESIAN_POINT('',(89.4888168246257,60.3782332103858,2.10351627249359));
#4773=CARTESIAN_POINT('',(91.8448834457703,73.5023683358639,4.10351627249359));
#4774=CARTESIAN_POINT('Ctrl Pts',(89.4888168246257,60.3782332103858,4.10351627249359));
#4775=CARTESIAN_POINT('Ctrl Pts',(91.3828065147705,65.8205229506303,4.10351627249359));
#4776=CARTESIAN_POINT('Ctrl Pts',(91.5522608032532,69.7846277238338,4.10351627249359));
#4777=CARTESIAN_POINT('Ctrl Pts',(91.8448834457703,73.5023683358639,4.10351627249359));
#4778=CARTESIAN_POINT('',(91.8448834457703,73.5023683358639,2.10351627249359));
#4779=CARTESIAN_POINT('Ctrl Pts',(76.3960605977682,57.9656680998613,2.10351627249359));
#4780=CARTESIAN_POINT('Ctrl Pts',(76.3960605977682,57.9656680998613,4.10351627249359));
#4781=CARTESIAN_POINT('Ctrl Pts',(80.0212293409017,58.1950113361487,2.10351627249359));
#4782=CARTESIAN_POINT('Ctrl Pts',(80.0212293409017,58.1950113361487,4.10351627249359));
#4783=CARTESIAN_POINT('Ctrl Pts',(84.631841002177,58.5475366530229,2.10351627249359));
#4784=CARTESIAN_POINT('Ctrl Pts',(84.631841002177,58.5475366530229,4.10351627249359));
#4785=CARTESIAN_POINT('Ctrl Pts',(89.4888168246257,60.3782332103858,2.10351627249359));
#4786=CARTESIAN_POINT('Ctrl Pts',(89.4888168246257,60.3782332103858,4.10351627249359));
#4787=CARTESIAN_POINT('',(76.3960605977682,57.9656680998613,2.10351627249359));
#4788=CARTESIAN_POINT('Ctrl Pts',(76.3960605977682,57.9656680998613,2.10351627249359));
#4789=CARTESIAN_POINT('Ctrl Pts',(80.0212293409017,58.1950113361487,2.10351627249359));
#4790=CARTESIAN_POINT('Ctrl Pts',(84.631841002177,58.5475366530229,2.10351627249359));
#4791=CARTESIAN_POINT('Ctrl Pts',(89.4888168246257,60.3782332103858,2.10351627249359));
#4792=CARTESIAN_POINT('',(76.3960605977682,57.9656680998613,4.10351627249359));
#4793=CARTESIAN_POINT('',(76.3960605977682,57.9656680998613,2.10351627249359));
#4794=CARTESIAN_POINT('Ctrl Pts',(76.3960605977682,57.9656680998613,4.10351627249359));
#4795=CARTESIAN_POINT('Ctrl Pts',(80.0212293409017,58.1950113361487,4.10351627249359));
#4796=CARTESIAN_POINT('Ctrl Pts',(84.631841002177,58.5475366530229,4.10351627249359));
#4797=CARTESIAN_POINT('Ctrl Pts',(89.4888168246257,60.3782332103858,4.10351627249359));
#4798=CARTESIAN_POINT('Ctrl Pts',(47.7430768242188,39.7975122866441,2.10351627249359));
#4799=CARTESIAN_POINT('Ctrl Pts',(47.7430768242188,39.7975122866441,4.10351627249359));
#4800=CARTESIAN_POINT('Ctrl Pts',(61.4822301267294,34.9725399209469,2.10351627249359));
#4801=CARTESIAN_POINT('Ctrl Pts',(61.4822301267294,34.9725399209469,4.10351627249359));
#4802=CARTESIAN_POINT('Ctrl Pts',(76.5763863156942,45.0525238102088,2.10351627249359));
#4803=CARTESIAN_POINT('Ctrl Pts',(76.5763863156942,45.0525238102088,4.10351627249359));
#4804=CARTESIAN_POINT('Ctrl Pts',(76.3960605977682,57.9656680998613,2.10351627249359));
#4805=CARTESIAN_POINT('Ctrl Pts',(76.3960605977682,57.9656680998613,4.10351627249359));
#4806=CARTESIAN_POINT('',(47.7430768242188,39.7975122866441,2.10351627249359));
#4807=CARTESIAN_POINT('Ctrl Pts',(47.7430768242188,39.7975122866441,2.10351627249359));
#4808=CARTESIAN_POINT('Ctrl Pts',(61.4822301267294,34.9725399209469,2.10351627249359));
#4809=CARTESIAN_POINT('Ctrl Pts',(76.5763863156942,45.0525238102088,2.10351627249359));
#4810=CARTESIAN_POINT('Ctrl Pts',(76.3960605977682,57.9656680998613,2.10351627249359));
#4811=CARTESIAN_POINT('',(47.7430768242188,39.7975122866441,4.10351627249359));
#4812=CARTESIAN_POINT('',(47.7430768242188,39.7975122866441,2.10351627249359));
#4813=CARTESIAN_POINT('Ctrl Pts',(47.7430768242188,39.7975122866441,4.10351627249359));
#4814=CARTESIAN_POINT('Ctrl Pts',(61.4822301267294,34.9725399209469,4.10351627249359));
#4815=CARTESIAN_POINT('Ctrl Pts',(76.5763863156942,45.0525238102088,4.10351627249359));
#4816=CARTESIAN_POINT('Ctrl Pts',(76.3960605977682,57.9656680998613,4.10351627249359));
#4817=CARTESIAN_POINT('Ctrl Pts',(47.0039843406983,33.3201650048702,2.10351627249359));
#4818=CARTESIAN_POINT('Ctrl Pts',(47.0039843406983,33.3201650048702,4.10351627249359));
#4819=CARTESIAN_POINT('Ctrl Pts',(46.4701861737875,35.1918627740353,2.10351627249359));
#4820=CARTESIAN_POINT('Ctrl Pts',(46.4701861737875,35.1918627740353,4.10351627249359));
#4821=CARTESIAN_POINT('Ctrl Pts',(46.7986900240886,38.049003461342,2.10351627249359));
#4822=CARTESIAN_POINT('Ctrl Pts',(46.7986900240886,38.049003461342,4.10351627249359));
#4823=CARTESIAN_POINT('Ctrl Pts',(47.7430768242188,39.7975122866441,2.10351627249359));
#4824=CARTESIAN_POINT('Ctrl Pts',(47.7430768242188,39.7975122866441,4.10351627249359));
#4825=CARTESIAN_POINT('',(47.0039843406983,33.3201650048702,2.10351627249359));
#4826=CARTESIAN_POINT('Ctrl Pts',(47.0039843406983,33.3201650048702,2.10351627249359));
#4827=CARTESIAN_POINT('Ctrl Pts',(46.4701861737875,35.1918627740353,2.10351627249359));
#4828=CARTESIAN_POINT('Ctrl Pts',(46.7986900240886,38.049003461342,2.10351627249359));
#4829=CARTESIAN_POINT('Ctrl Pts',(47.7430768242188,39.7975122866441,2.10351627249359));
#4830=CARTESIAN_POINT('',(47.0039843406983,33.3201650048702,4.10351627249359));
#4831=CARTESIAN_POINT('',(47.0039843406983,33.3201650048702,2.10351627249359));
#4832=CARTESIAN_POINT('Ctrl Pts',(47.0039843406983,33.3201650048702,4.10351627249359));
#4833=CARTESIAN_POINT('Ctrl Pts',(46.4701861737875,35.1918627740353,4.10351627249359));
#4834=CARTESIAN_POINT('Ctrl Pts',(46.7986900240886,38.049003461342,4.10351627249359));
#4835=CARTESIAN_POINT('Ctrl Pts',(47.7430768242188,39.7975122866441,4.10351627249359));
#4836=CARTESIAN_POINT('Ctrl Pts',(118.274714804362,103.163992900988,2.10351627249359));
#4837=CARTESIAN_POINT('Ctrl Pts',(118.274714804362,103.163992900988,4.10351627249359));
#4838=CARTESIAN_POINT('Ctrl Pts',(106.548505494466,63.6638482285946,2.10351627249359));
#4839=CARTESIAN_POINT('Ctrl Pts',(106.548505494466,63.6638482285946,4.10351627249359));
#4840=CARTESIAN_POINT('Ctrl Pts',(77.4537463608094,41.7786175411353,2.10351627249359));
#4841=CARTESIAN_POINT('Ctrl Pts',(77.4537463608094,41.7786175411353,4.10351627249359));
#4842=CARTESIAN_POINT('Ctrl Pts',(47.0039843406983,33.3201650048702,2.10351627249359));
#4843=CARTESIAN_POINT('Ctrl Pts',(47.0039843406983,33.3201650048702,4.10351627249359));
#4844=CARTESIAN_POINT('',(118.274714804362,103.163992900988,2.10351627249359));
#4845=CARTESIAN_POINT('Ctrl Pts',(118.274714804362,103.163992900988,2.10351627249359));
#4846=CARTESIAN_POINT('Ctrl Pts',(106.548505494466,63.6638482285946,2.10351627249359));
#4847=CARTESIAN_POINT('Ctrl Pts',(77.4537463608094,41.7786175411353,2.10351627249359));
#4848=CARTESIAN_POINT('Ctrl Pts',(47.0039843406983,33.3201650048702,2.10351627249359));
#4849=CARTESIAN_POINT('',(118.274714804362,103.163992900988,4.10351627249359));
#4850=CARTESIAN_POINT('',(118.274714804362,103.163992900988,2.10351627249359));
#4851=CARTESIAN_POINT('Ctrl Pts',(118.274714804362,103.163992900988,4.10351627249359));
#4852=CARTESIAN_POINT('Ctrl Pts',(106.548505494466,63.6638482285946,4.10351627249359));
#4853=CARTESIAN_POINT('Ctrl Pts',(77.4537463608094,41.7786175411353,4.10351627249359));
#4854=CARTESIAN_POINT('Ctrl Pts',(47.0039843406983,33.3201650048702,4.10351627249359));
#4855=CARTESIAN_POINT('Ctrl Pts',(111.007026955953,102.866360066872,2.10351627249359));
#4856=CARTESIAN_POINT('Ctrl Pts',(111.007026955953,102.866360066872,4.10351627249359));
#4857=CARTESIAN_POINT('Ctrl Pts',(112.895814282766,102.801323661944,2.10351627249359));
#4858=CARTESIAN_POINT('Ctrl Pts',(112.895814282766,102.801323661944,4.10351627249359));
#4859=CARTESIAN_POINT('Ctrl Pts',(115.646862447133,102.859483064156,2.10351627249359));
#4860=CARTESIAN_POINT('Ctrl Pts',(115.646862447133,102.859483064156,4.10351627249359));
#4861=CARTESIAN_POINT('Ctrl Pts',(118.274714804362,103.163992900988,2.10351627249359));
#4862=CARTESIAN_POINT('Ctrl Pts',(118.274714804362,103.163992900988,4.10351627249359));
#4863=CARTESIAN_POINT('',(111.007026955953,102.866360066872,2.10351627249359));
#4864=CARTESIAN_POINT('Ctrl Pts',(111.007026955953,102.866360066872,2.10351627249359));
#4865=CARTESIAN_POINT('Ctrl Pts',(112.895814282766,102.801323661944,2.10351627249359));
#4866=CARTESIAN_POINT('Ctrl Pts',(115.646862447133,102.859483064156,2.10351627249359));
#4867=CARTESIAN_POINT('Ctrl Pts',(118.274714804362,103.163992900988,2.10351627249359));
#4868=CARTESIAN_POINT('',(111.007026955953,102.866360066872,4.10351627249359));
#4869=CARTESIAN_POINT('',(111.007026955953,102.866360066872,2.10351627249359));
#4870=CARTESIAN_POINT('Ctrl Pts',(111.007026955953,102.866360066872,4.10351627249359));
#4871=CARTESIAN_POINT('Ctrl Pts',(112.895814282766,102.801323661944,4.10351627249359));
#4872=CARTESIAN_POINT('Ctrl Pts',(115.646862447133,102.859483064156,4.10351627249359));
#4873=CARTESIAN_POINT('Ctrl Pts',(118.274714804362,103.163992900988,4.10351627249359));
#4874=CARTESIAN_POINT('Ctrl Pts',(91.8448834457703,73.5023683358639,2.10351627249359));
#4875=CARTESIAN_POINT('Ctrl Pts',(91.8448834457703,73.5023683358639,4.10351627249359));
#4876=CARTESIAN_POINT('Ctrl Pts',(105.746325776449,74.339193871956,2.10351627249359));
#4877=CARTESIAN_POINT('Ctrl Pts',(105.746325776449,74.339193871956,4.10351627249359));
#4878=CARTESIAN_POINT('Ctrl Pts',(114.843694417348,85.7696097057471,2.10351627249359));
#4879=CARTESIAN_POINT('Ctrl Pts',(114.843694417348,85.7696097057471,4.10351627249359));
#4880=CARTESIAN_POINT('Ctrl Pts',(111.007026955953,102.866360066872,2.10351627249359));
#4881=CARTESIAN_POINT('Ctrl Pts',(111.007026955953,102.866360066872,4.10351627249359));
#4882=CARTESIAN_POINT('Ctrl Pts',(91.8448834457703,73.5023683358639,2.10351627249359));
#4883=CARTESIAN_POINT('Ctrl Pts',(105.746325776449,74.339193871956,2.10351627249359));
#4884=CARTESIAN_POINT('Ctrl Pts',(114.843694417348,85.7696097057471,2.10351627249359));
#4885=CARTESIAN_POINT('Ctrl Pts',(111.007026955953,102.866360066872,2.10351627249359));
#4886=CARTESIAN_POINT('Ctrl Pts',(91.8448834457703,73.5023683358639,4.10351627249359));
#4887=CARTESIAN_POINT('Ctrl Pts',(105.746325776449,74.339193871956,4.10351627249359));
#4888=CARTESIAN_POINT('Ctrl Pts',(114.843694417348,85.7696097057471,4.10351627249359));
#4889=CARTESIAN_POINT('Ctrl Pts',(111.007026955953,102.866360066872,4.10351627249359));
#4890=CARTESIAN_POINT('Ctrl Pts',(-77.6141406974487,82.160473575732,2.10351627249359));
#4891=CARTESIAN_POINT('Ctrl Pts',(-77.6141406974487,82.160473575732,4.10351627249359));
#4892=CARTESIAN_POINT('Ctrl Pts',(-83.48970906191,86.8785641417314,2.10351627249359));
#4893=CARTESIAN_POINT('Ctrl Pts',(-83.48970906191,86.8785641417314,4.10351627249359));
#4894=CARTESIAN_POINT('Ctrl Pts',(-96.0309735959066,88.1864575005978,2.10351627249359));
#4895=CARTESIAN_POINT('Ctrl Pts',(-96.0309735959066,88.1864575005978,4.10351627249359));
#4896=CARTESIAN_POINT('Ctrl Pts',(-100.116956427226,82.7083414587785,2.10351627249359));
#4897=CARTESIAN_POINT('Ctrl Pts',(-100.116956427226,82.7083414587785,4.10351627249359));
#4898=CARTESIAN_POINT('',(-77.6141406974487,82.160473575732,2.10351627249359));
#4899=CARTESIAN_POINT('',(-100.116956427226,82.7083414587785,2.10351627249359));
#4900=CARTESIAN_POINT('Ctrl Pts',(-77.6141406974487,82.160473575732,2.10351627249359));
#4901=CARTESIAN_POINT('Ctrl Pts',(-83.48970906191,86.8785641417314,2.10351627249359));
#4902=CARTESIAN_POINT('Ctrl Pts',(-96.0309735959066,88.1864575005978,2.10351627249359));
#4903=CARTESIAN_POINT('Ctrl Pts',(-100.116956427226,82.7083414587785,2.10351627249359));
#4904=CARTESIAN_POINT('',(-77.6141406974487,82.160473575732,4.10351627249359));
#4905=CARTESIAN_POINT('',(-77.6141406974487,82.160473575732,2.10351627249359));
#4906=CARTESIAN_POINT('',(-100.116956427226,82.7083414587785,4.10351627249359));
#4907=CARTESIAN_POINT('Ctrl Pts',(-77.6141406974487,82.160473575732,4.10351627249359));
#4908=CARTESIAN_POINT('Ctrl Pts',(-83.48970906191,86.8785641417314,4.10351627249359));
#4909=CARTESIAN_POINT('Ctrl Pts',(-96.0309735959066,88.1864575005978,4.10351627249359));
#4910=CARTESIAN_POINT('Ctrl Pts',(-100.116956427226,82.7083414587785,4.10351627249359));
#4911=CARTESIAN_POINT('',(-100.116956427226,82.7083414587785,2.10351627249359));
#4912=CARTESIAN_POINT('Ctrl Pts',(-108.742859175334,88.3822530429969,2.10351627249359));
#4913=CARTESIAN_POINT('Ctrl Pts',(-108.742859175334,88.3822530429969,4.10351627249359));
#4914=CARTESIAN_POINT('Ctrl Pts',(-103.020451681742,96.1245501646806,2.10351627249359));
#4915=CARTESIAN_POINT('Ctrl Pts',(-103.020451681742,96.1245501646806,4.10351627249359));
#4916=CARTESIAN_POINT('Ctrl Pts',(-85.9127200787557,95.5139107578406,2.10351627249359));
#4917=CARTESIAN_POINT('Ctrl Pts',(-85.9127200787557,95.5139107578406,4.10351627249359));
#4918=CARTESIAN_POINT('Ctrl Pts',(-77.6141406974487,82.160473575732,2.10351627249359));
#4919=CARTESIAN_POINT('Ctrl Pts',(-77.6141406974487,82.160473575732,4.10351627249359));
#4920=CARTESIAN_POINT('',(-108.742859175334,88.3822530429969,2.10351627249359));
#4921=CARTESIAN_POINT('Ctrl Pts',(-108.742859175334,88.3822530429969,2.10351627249359));
#4922=CARTESIAN_POINT('Ctrl Pts',(-103.020451681742,96.1245501646806,2.10351627249359));
#4923=CARTESIAN_POINT('Ctrl Pts',(-85.9127200787557,95.5139107578406,2.10351627249359));
#4924=CARTESIAN_POINT('Ctrl Pts',(-77.6141406974487,82.160473575732,2.10351627249359));
#4925=CARTESIAN_POINT('',(-108.742859175334,88.3822530429969,4.10351627249359));
#4926=CARTESIAN_POINT('',(-108.742859175334,88.3822530429969,2.10351627249359));
#4927=CARTESIAN_POINT('Ctrl Pts',(-108.742859175334,88.3822530429969,4.10351627249359));
#4928=CARTESIAN_POINT('Ctrl Pts',(-103.020451681742,96.1245501646806,4.10351627249359));
#4929=CARTESIAN_POINT('Ctrl Pts',(-85.9127200787557,95.5139107578406,4.10351627249359));
#4930=CARTESIAN_POINT('Ctrl Pts',(-77.6141406974487,82.160473575732,4.10351627249359));
#4931=CARTESIAN_POINT('Ctrl Pts',(-100.116956427226,82.7083414587785,2.10351627249359));
#4932=CARTESIAN_POINT('Ctrl Pts',(-100.116956427226,82.7083414587785,4.10351627249359));
#4933=CARTESIAN_POINT('Ctrl Pts',(-103.001371774007,83.121785214882,2.10351627249359));
#4934=CARTESIAN_POINT('Ctrl Pts',(-103.001371774007,83.121785214882,4.10351627249359));
#4935=CARTESIAN_POINT('Ctrl Pts',(-106.947947739888,85.4284499742,2.10351627249359));
#4936=CARTESIAN_POINT('Ctrl Pts',(-106.947947739888,85.4284499742,4.10351627249359));
#4937=CARTESIAN_POINT('Ctrl Pts',(-108.742859175334,88.3822530429969,2.10351627249359));
#4938=CARTESIAN_POINT('Ctrl Pts',(-108.742859175334,88.3822530429969,4.10351627249359));
#4939=CARTESIAN_POINT('Ctrl Pts',(-100.116956427226,82.7083414587785,2.10351627249359));
#4940=CARTESIAN_POINT('Ctrl Pts',(-103.001371774007,83.121785214882,2.10351627249359));
#4941=CARTESIAN_POINT('Ctrl Pts',(-106.947947739888,85.4284499742,2.10351627249359));
#4942=CARTESIAN_POINT('Ctrl Pts',(-108.742859175334,88.3822530429969,2.10351627249359));
#4943=CARTESIAN_POINT('Ctrl Pts',(-100.116956427226,82.7083414587785,4.10351627249359));
#4944=CARTESIAN_POINT('Ctrl Pts',(-103.001371774007,83.121785214882,4.10351627249359));
#4945=CARTESIAN_POINT('Ctrl Pts',(-106.947947739888,85.4284499742,4.10351627249359));
#4946=CARTESIAN_POINT('Ctrl Pts',(-108.742859175334,88.3822530429969,4.10351627249359));
#4947=CARTESIAN_POINT('Ctrl Pts',(-50.6179655163778,22.8720349821855,2.10351627249359));
#4948=CARTESIAN_POINT('Ctrl Pts',(-50.6179655163778,22.8720349821855,4.10351627249359));
#4949=CARTESIAN_POINT('Ctrl Pts',(-54.7039483476969,28.3501510240047,2.10351627249359));
#4950=CARTESIAN_POINT('Ctrl Pts',(-54.7039483476969,28.3501510240047,4.10351627249359));
#4951=CARTESIAN_POINT('Ctrl Pts',(-65.0587378145548,31.3714544138719,2.10351627249359));
#4952=CARTESIAN_POINT('Ctrl Pts',(-65.0587378145548,31.3714544138719,4.10351627249359));
#4953=CARTESIAN_POINT('Ctrl Pts',(-71.3278738873494,27.615409857572,2.10351627249359));
#4954=CARTESIAN_POINT('Ctrl Pts',(-71.3278738873494,27.615409857572,4.10351627249359));
#4955=CARTESIAN_POINT('',(-50.6179655163778,22.8720349821855,2.10351627249359));
#4956=CARTESIAN_POINT('',(-71.3278738873494,27.615409857572,2.10351627249359));
#4957=CARTESIAN_POINT('Ctrl Pts',(-50.6179655163778,22.8720349821855,2.10351627249359));
#4958=CARTESIAN_POINT('Ctrl Pts',(-54.7039483476969,28.3501510240047,2.10351627249359));
#4959=CARTESIAN_POINT('Ctrl Pts',(-65.0587378145548,31.3714544138719,2.10351627249359));
#4960=CARTESIAN_POINT('Ctrl Pts',(-71.3278738873494,27.615409857572,2.10351627249359));
#4961=CARTESIAN_POINT('',(-50.6179655163778,22.8720349821855,4.10351627249359));
#4962=CARTESIAN_POINT('',(-50.6179655163778,22.8720349821855,2.10351627249359));
#4963=CARTESIAN_POINT('',(-71.3278738873494,27.615409857572,4.10351627249359));
#4964=CARTESIAN_POINT('Ctrl Pts',(-50.6179655163778,22.8720349821855,4.10351627249359));
#4965=CARTESIAN_POINT('Ctrl Pts',(-54.7039483476969,28.3501510240047,4.10351627249359));
#4966=CARTESIAN_POINT('Ctrl Pts',(-65.0587378145548,31.3714544138719,4.10351627249359));
#4967=CARTESIAN_POINT('Ctrl Pts',(-71.3278738873494,27.615409857572,4.10351627249359));
#4968=CARTESIAN_POINT('',(-71.3278738873494,27.615409857572,2.10351627249359));
#4969=CARTESIAN_POINT('Ctrl Pts',(-41.4673241258951,30.2076555380632,2.10351627249359));
#4970=CARTESIAN_POINT('Ctrl Pts',(-41.4673241258951,30.2076555380632,4.10351627249359));
#4971=CARTESIAN_POINT('Ctrl Pts',(-43.1310371741943,24.8924668090949,2.10351627249359));
#4972=CARTESIAN_POINT('Ctrl Pts',(-43.1310371741943,24.8924668090949,4.10351627249359));
#4973=CARTESIAN_POINT('Ctrl Pts',(-46.421676110555,22.5420829806138,2.10351627249359));
#4974=CARTESIAN_POINT('Ctrl Pts',(-46.421676110555,22.5420829806138,4.10351627249359));
#4975=CARTESIAN_POINT('Ctrl Pts',(-50.6179655163778,22.8720349821855,2.10351627249359));
#4976=CARTESIAN_POINT('Ctrl Pts',(-50.6179655163778,22.8720349821855,4.10351627249359));
#4977=CARTESIAN_POINT('',(-41.4673241258951,30.2076555380632,2.10351627249359));
#4978=CARTESIAN_POINT('Ctrl Pts',(-41.4673241258951,30.2076555380632,2.10351627249359));
#4979=CARTESIAN_POINT('Ctrl Pts',(-43.1310371741943,24.8924668090949,2.10351627249359));
#4980=CARTESIAN_POINT('Ctrl Pts',(-46.421676110555,22.5420829806138,2.10351627249359));
#4981=CARTESIAN_POINT('Ctrl Pts',(-50.6179655163778,22.8720349821855,2.10351627249359));
#4982=CARTESIAN_POINT('',(-41.4673241258951,30.2076555380632,4.10351627249359));
#4983=CARTESIAN_POINT('',(-41.4673241258951,30.2076555380632,2.10351627249359));
#4984=CARTESIAN_POINT('Ctrl Pts',(-41.4673241258951,30.2076555380632,4.10351627249359));
#4985=CARTESIAN_POINT('Ctrl Pts',(-43.1310371741943,24.8924668090949,4.10351627249359));
#4986=CARTESIAN_POINT('Ctrl Pts',(-46.421676110555,22.5420829806138,4.10351627249359));
#4987=CARTESIAN_POINT('Ctrl Pts',(-50.6179655163778,22.8720349821855,4.10351627249359));
#4988=CARTESIAN_POINT('Ctrl Pts',(-71.3278738873494,27.615409857572,2.10351627249359));
#4989=CARTESIAN_POINT('Ctrl Pts',(-71.3278738873494,27.615409857572,4.10351627249359));
#4990=CARTESIAN_POINT('Ctrl Pts',(-61.8923516298625,36.7271090191016,2.10351627249359));
#4991=CARTESIAN_POINT('Ctrl Pts',(-61.8923516298625,36.7271090191016,4.10351627249359));
#4992=CARTESIAN_POINT('Ctrl Pts',(-48.3704072913818,34.3204257362494,2.10351627249359));
#4993=CARTESIAN_POINT('Ctrl Pts',(-48.3704072913818,34.3204257362494,4.10351627249359));
#4994=CARTESIAN_POINT('Ctrl Pts',(-41.4673241258951,30.2076555380632,2.10351627249359));
#4995=CARTESIAN_POINT('Ctrl Pts',(-41.4673241258951,30.2076555380632,4.10351627249359));
#4996=CARTESIAN_POINT('Ctrl Pts',(-71.3278738873494,27.615409857572,2.10351627249359));
#4997=CARTESIAN_POINT('Ctrl Pts',(-61.8923516298625,36.7271090191016,2.10351627249359));
#4998=CARTESIAN_POINT('Ctrl Pts',(-48.3704072913818,34.3204257362494,2.10351627249359));
#4999=CARTESIAN_POINT('Ctrl Pts',(-41.4673241258951,30.2076555380632,2.10351627249359));
#5000=CARTESIAN_POINT('Ctrl Pts',(-71.3278738873494,27.615409857572,4.10351627249359));
#5001=CARTESIAN_POINT('Ctrl Pts',(-61.8923516298625,36.7271090191016,4.10351627249359));
#5002=CARTESIAN_POINT('Ctrl Pts',(-48.3704072913818,34.3204257362494,4.10351627249359));
#5003=CARTESIAN_POINT('Ctrl Pts',(-41.4673241258951,30.2076555380632,4.10351627249359));
#5004=CARTESIAN_POINT('Ctrl Pts',(-153.688523192567,140.950446454913,2.10351627249359));
#5005=CARTESIAN_POINT('Ctrl Pts',(-153.688523192567,140.950446454913,4.10351627249359));
#5006=CARTESIAN_POINT('Ctrl Pts',(-147.450338526355,136.22788090112,2.10351627249359));
#5007=CARTESIAN_POINT('Ctrl Pts',(-147.450338526355,136.22788090112,4.10351627249359));
#5008=CARTESIAN_POINT('Ctrl Pts',(-138.627164413995,132.1731427677,2.10351627249359));
#5009=CARTESIAN_POINT('Ctrl Pts',(-138.627164413995,132.1731427677,4.10351627249359));
#5010=CARTESIAN_POINT('Ctrl Pts',(-127.036015837321,129.935327154935,2.10351627249359));
#5011=CARTESIAN_POINT('Ctrl Pts',(-127.036015837321,129.935327154935,4.10351627249359));
#5012=CARTESIAN_POINT('',(-153.688523192567,140.950446454913,2.10351627249359));
#5013=CARTESIAN_POINT('',(-127.036015837321,129.935327154935,2.10351627249359));
#5014=CARTESIAN_POINT('Ctrl Pts',(-153.688523192566,140.950446454913,2.10351627249359));
#5015=CARTESIAN_POINT('Ctrl Pts',(-147.450338526354,136.22788090112,2.10351627249359));
#5016=CARTESIAN_POINT('Ctrl Pts',(-138.627164413995,132.1731427677,2.10351627249359));
#5017=CARTESIAN_POINT('Ctrl Pts',(-127.036015837321,129.935327154935,2.10351627249359));
#5018=CARTESIAN_POINT('',(-153.688523192567,140.950446454913,4.10351627249359));
#5019=CARTESIAN_POINT('',(-153.688523192567,140.950446454913,2.10351627249359));
#5020=CARTESIAN_POINT('',(-127.036015837321,129.935327154935,4.10351627249359));
#5021=CARTESIAN_POINT('Ctrl Pts',(-153.688523192566,140.950446454913,4.10351627249359));
#5022=CARTESIAN_POINT('Ctrl Pts',(-147.450338526354,136.22788090112,4.10351627249359));
#5023=CARTESIAN_POINT('Ctrl Pts',(-138.627164413995,132.1731427677,4.10351627249359));
#5024=CARTESIAN_POINT('Ctrl Pts',(-127.036015837321,129.935327154935,4.10351627249359));
#5025=CARTESIAN_POINT('',(-127.036015837321,129.935327154935,2.10351627249359));
#5026=CARTESIAN_POINT('Ctrl Pts',(-120.749472337048,144.05439082729,2.10351627249359));
#5027=CARTESIAN_POINT('Ctrl Pts',(-120.749472337048,144.05439082729,4.10351627249359));
#5028=CARTESIAN_POINT('Ctrl Pts',(-129.573606965813,144.785314007292,2.10351627249359));
#5029=CARTESIAN_POINT('Ctrl Pts',(-129.573606965813,144.785314007292,4.10351627249359));
#5030=CARTESIAN_POINT('Ctrl Pts',(-138.113814104119,149.620776333999,2.10351627249359));
#5031=CARTESIAN_POINT('Ctrl Pts',(-138.113814104119,149.620776333999,4.10351627249359));
#5032=CARTESIAN_POINT('Ctrl Pts',(-142.526173399322,156.136838552478,2.10351627249359));
#5033=CARTESIAN_POINT('Ctrl Pts',(-142.526173399322,156.136838552478,4.10351627249359));
#5034=CARTESIAN_POINT('',(-120.749472337048,144.05439082729,2.10351627249359));
#5035=CARTESIAN_POINT('',(-142.526173399322,156.136838552478,2.10351627249359));
#5036=CARTESIAN_POINT('Ctrl Pts',(-120.749472337048,144.05439082729,2.10351627249359));
#5037=CARTESIAN_POINT('Ctrl Pts',(-129.573606965813,144.785314007293,2.10351627249359));
#5038=CARTESIAN_POINT('Ctrl Pts',(-138.113814104119,149.620776333999,2.10351627249359));
#5039=CARTESIAN_POINT('Ctrl Pts',(-142.526173399322,156.136838552478,2.10351627249359));
#5040=CARTESIAN_POINT('',(-120.749472337048,144.05439082729,4.10351627249359));
#5041=CARTESIAN_POINT('',(-120.749472337048,144.05439082729,2.10351627249359));
#5042=CARTESIAN_POINT('',(-142.526173399322,156.136838552478,4.10351627249359));
#5043=CARTESIAN_POINT('Ctrl Pts',(-120.749472337048,144.05439082729,4.10351627249359));
#5044=CARTESIAN_POINT('Ctrl Pts',(-129.573606965813,144.785314007293,4.10351627249359));
#5045=CARTESIAN_POINT('Ctrl Pts',(-138.113814104119,149.620776333999,4.10351627249359));
#5046=CARTESIAN_POINT('Ctrl Pts',(-142.526173399322,156.136838552478,4.10351627249359));
#5047=CARTESIAN_POINT('',(-142.526173399322,156.136838552478,2.10351627249359));
#5048=CARTESIAN_POINT('Ctrl Pts',(-118.492280231445,129.935299701831,2.10351627249359));
#5049=CARTESIAN_POINT('Ctrl Pts',(-118.492280231445,129.935299701831,4.10351627249359));
#5050=CARTESIAN_POINT('Ctrl Pts',(-115.646561908603,130.501538515542,2.10351627249359));
#5051=CARTESIAN_POINT('Ctrl Pts',(-115.646561908603,130.501538515542,4.10351627249359));
#5052=CARTESIAN_POINT('Ctrl Pts',(-112.865659680705,131.283135937255,2.10351627249359));
#5053=CARTESIAN_POINT('Ctrl Pts',(-112.865659680705,131.283135937255,4.10351627249359));
#5054=CARTESIAN_POINT('Ctrl Pts',(-110.184242846841,132.236184528488,2.10351627249359));
#5055=CARTESIAN_POINT('Ctrl Pts',(-110.184242846841,132.236184528488,4.10351627249359));
#5056=CARTESIAN_POINT('',(-118.492280231445,129.935299701831,2.10351627249359));
#5057=CARTESIAN_POINT('',(-110.184242846841,132.236184528488,2.10351627249359));
#5058=CARTESIAN_POINT('Ctrl Pts',(-118.492280231445,129.935299701831,2.10351627249359));
#5059=CARTESIAN_POINT('Ctrl Pts',(-115.646561908603,130.501538515542,2.10351627249359));
#5060=CARTESIAN_POINT('Ctrl Pts',(-112.865659680705,131.283135937255,2.10351627249359));
#5061=CARTESIAN_POINT('Ctrl Pts',(-110.184242846841,132.236184528488,2.10351627249359));
#5062=CARTESIAN_POINT('',(-118.492280231445,129.935299701831,4.10351627249359));
#5063=CARTESIAN_POINT('',(-118.492280231445,129.935299701831,2.10351627249359));
#5064=CARTESIAN_POINT('',(-110.184242846841,132.236184528488,4.10351627249359));
#5065=CARTESIAN_POINT('Ctrl Pts',(-118.492280231445,129.935299701831,4.10351627249359));
#5066=CARTESIAN_POINT('Ctrl Pts',(-115.646561908603,130.501538515542,4.10351627249359));
#5067=CARTESIAN_POINT('Ctrl Pts',(-112.865659680705,131.283135937255,4.10351627249359));
#5068=CARTESIAN_POINT('Ctrl Pts',(-110.184242846841,132.236184528488,4.10351627249359));
#5069=CARTESIAN_POINT('',(-110.184242846841,132.236184528488,2.10351627249359));
#5070=CARTESIAN_POINT('Ctrl Pts',(-103.59433363478,124.864749139346,2.10351627249359));
#5071=CARTESIAN_POINT('Ctrl Pts',(-103.59433363478,124.864749139346,4.10351627249359));
#5072=CARTESIAN_POINT('Ctrl Pts',(-108.192829469233,127.105948914276,2.10351627249359));
#5073=CARTESIAN_POINT('Ctrl Pts',(-108.192829469233,127.105948914276,4.10351627249359));
#5074=CARTESIAN_POINT('Ctrl Pts',(-113.231811426864,128.888584042159,2.10351627249359));
#5075=CARTESIAN_POINT('Ctrl Pts',(-113.231811426864,128.888584042159,4.10351627249359));
#5076=CARTESIAN_POINT('Ctrl Pts',(-118.492280231445,129.935299701831,2.10351627249359));
#5077=CARTESIAN_POINT('Ctrl Pts',(-118.492280231445,129.935299701831,4.10351627249359));
#5078=CARTESIAN_POINT('',(-103.59433363478,124.864749139346,2.10351627249359));
#5079=CARTESIAN_POINT('Ctrl Pts',(-103.59433363478,124.864749139346,2.10351627249359));
#5080=CARTESIAN_POINT('Ctrl Pts',(-108.192829469233,127.105948914277,2.10351627249359));
#5081=CARTESIAN_POINT('Ctrl Pts',(-113.231811426864,128.888584042159,2.10351627249359));
#5082=CARTESIAN_POINT('Ctrl Pts',(-118.492280231445,129.935299701831,2.10351627249359));
#5083=CARTESIAN_POINT('',(-103.59433363478,124.864749139346,4.10351627249359));
#5084=CARTESIAN_POINT('',(-103.59433363478,124.864749139346,2.10351627249359));
#5085=CARTESIAN_POINT('Ctrl Pts',(-103.59433363478,124.864749139346,4.10351627249359));
#5086=CARTESIAN_POINT('Ctrl Pts',(-108.192829469233,127.105948914277,4.10351627249359));
#5087=CARTESIAN_POINT('Ctrl Pts',(-113.231811426864,128.888584042159,4.10351627249359));
#5088=CARTESIAN_POINT('Ctrl Pts',(-118.492280231445,129.935299701831,4.10351627249359));
#5089=CARTESIAN_POINT('Ctrl Pts',(-75.0652297426554,103.163992900988,2.10351627249359));
#5090=CARTESIAN_POINT('Ctrl Pts',(-75.0652297426554,103.163992900988,4.10351627249359));
#5091=CARTESIAN_POINT('Ctrl Pts',(-74.1284219521637,103.055437077166,2.10351627249359));
#5092=CARTESIAN_POINT('Ctrl Pts',(-74.1284219521637,103.055437077166,4.10351627249359));
#5093=CARTESIAN_POINT('Ctrl Pts',(-73.1759557424645,102.978189369376,2.10351627249359));
#5094=CARTESIAN_POINT('Ctrl Pts',(-73.1759557424645,102.978189369376,4.10351627249359));
#5095=CARTESIAN_POINT('Ctrl Pts',(-72.2524794234227,102.926670138151,2.10351627249359));
#5096=CARTESIAN_POINT('Ctrl Pts',(-72.2524794234227,102.926670138151,4.10351627249359));
#5097=CARTESIAN_POINT('',(-75.0652297426554,103.163992900988,2.10351627249359));
#5098=CARTESIAN_POINT('',(-72.2524794233949,102.926670138149,2.10351627249359));
#5099=CARTESIAN_POINT('Ctrl Pts',(-75.0652297426554,103.163992900988,2.10351627249359));
#5100=CARTESIAN_POINT('Ctrl Pts',(-74.1284219521637,103.055437077166,2.10351627249359));
#5101=CARTESIAN_POINT('Ctrl Pts',(-73.1759557424645,102.978189369376,2.10351627249359));
#5102=CARTESIAN_POINT('Ctrl Pts',(-72.2524794234226,102.926670138151,2.10351627249359));
#5103=CARTESIAN_POINT('',(-75.0652297426554,103.163992900988,4.10351627249359));
#5104=CARTESIAN_POINT('',(-75.0652297426554,103.163992900988,2.10351627249359));
#5105=CARTESIAN_POINT('',(-72.2524794233949,102.926670138149,4.10351627249359));
#5106=CARTESIAN_POINT('Ctrl Pts',(-75.0652297426554,103.163992900988,4.10351627249359));
#5107=CARTESIAN_POINT('Ctrl Pts',(-74.1284219521637,103.055437077166,4.10351627249359));
#5108=CARTESIAN_POINT('Ctrl Pts',(-73.1759557424645,102.978189369376,4.10351627249359));
#5109=CARTESIAN_POINT('Ctrl Pts',(-72.2524794234226,102.926670138151,4.10351627249359));
#5110=CARTESIAN_POINT('',(-72.2524794234227,102.926670138151,2.10351627249359));
#5111=CARTESIAN_POINT('Ctrl Pts',(-3.79449927899167,33.3201650048702,2.10351627249359));
#5112=CARTESIAN_POINT('Ctrl Pts',(-3.79449927899167,33.3201650048702,4.10351627249359));
#5113=CARTESIAN_POINT('Ctrl Pts',(-34.2442475725504,41.7786175411353,2.10351627249359));
#5114=CARTESIAN_POINT('Ctrl Pts',(-34.2442475725504,41.7786175411353,4.10351627249359));
#5115=CARTESIAN_POINT('Ctrl Pts',(-63.3390204327596,63.6638482285946,2.10351627249359));
#5116=CARTESIAN_POINT('Ctrl Pts',(-63.3390204327596,63.6638482285946,4.10351627249359));
#5117=CARTESIAN_POINT('Ctrl Pts',(-75.0652297426554,103.163992900988,2.10351627249359));
#5118=CARTESIAN_POINT('Ctrl Pts',(-75.0652297426554,103.163992900988,4.10351627249359));
#5119=CARTESIAN_POINT('',(-3.79449927899167,33.3201650048702,2.10351627249359));
#5120=CARTESIAN_POINT('Ctrl Pts',(-3.79449927899167,33.3201650048702,2.10351627249359));
#5121=CARTESIAN_POINT('Ctrl Pts',(-34.2442475725504,41.7786175411353,2.10351627249359));
#5122=CARTESIAN_POINT('Ctrl Pts',(-63.3390204327596,63.6638482285946,2.10351627249359));
#5123=CARTESIAN_POINT('Ctrl Pts',(-75.0652297426554,103.163992900988,2.10351627249359));
#5124=CARTESIAN_POINT('',(-3.79449927899167,33.3201650048702,4.10351627249359));
#5125=CARTESIAN_POINT('',(-3.79449927899167,33.3201650048702,2.10351627249359));
#5126=CARTESIAN_POINT('Ctrl Pts',(-3.79449927899167,33.3201650048702,4.10351627249359));
#5127=CARTESIAN_POINT('Ctrl Pts',(-34.2442475725504,41.7786175411353,4.10351627249359));
#5128=CARTESIAN_POINT('Ctrl Pts',(-63.3390204327596,63.6638482285946,4.10351627249359));
#5129=CARTESIAN_POINT('Ctrl Pts',(-75.0652297426554,103.163992900988,4.10351627249359));
#5130=CARTESIAN_POINT('Ctrl Pts',(-4.53359176251219,39.7975122866441,2.10351627249359));
#5131=CARTESIAN_POINT('Ctrl Pts',(-4.53359176251219,39.7975122866441,4.10351627249359));
#5132=CARTESIAN_POINT('Ctrl Pts',(-3.58920496238198,38.049003461342,2.10351627249359));
#5133=CARTESIAN_POINT('Ctrl Pts',(-3.58920496238198,38.049003461342,4.10351627249359));
#5134=CARTESIAN_POINT('Ctrl Pts',(-3.26070111208086,35.1918627740353,2.10351627249359));
#5135=CARTESIAN_POINT('Ctrl Pts',(-3.26070111208086,35.1918627740353,4.10351627249359));
#5136=CARTESIAN_POINT('Ctrl Pts',(-3.79449927899167,33.3201650048702,2.10351627249359));
#5137=CARTESIAN_POINT('Ctrl Pts',(-3.79449927899167,33.3201650048702,4.10351627249359));
#5138=CARTESIAN_POINT('',(-4.53359176251219,39.7975122866441,2.10351627249359));
#5139=CARTESIAN_POINT('Ctrl Pts',(-4.53359176251219,39.7975122866441,2.10351627249359));
#5140=CARTESIAN_POINT('Ctrl Pts',(-3.58920496238198,38.049003461342,2.10351627249359));
#5141=CARTESIAN_POINT('Ctrl Pts',(-3.26070111208086,35.1918627740353,2.10351627249359));
#5142=CARTESIAN_POINT('Ctrl Pts',(-3.79449927899167,33.3201650048702,2.10351627249359));
#5143=CARTESIAN_POINT('',(-4.53359176251219,39.7975122866441,4.10351627249359));
#5144=CARTESIAN_POINT('',(-4.53359176251219,39.7975122866441,2.10351627249359));
#5145=CARTESIAN_POINT('Ctrl Pts',(-4.53359176251219,39.7975122866441,4.10351627249359));
#5146=CARTESIAN_POINT('Ctrl Pts',(-3.58920496238198,38.049003461342,4.10351627249359));
#5147=CARTESIAN_POINT('Ctrl Pts',(-3.26070111208086,35.1918627740353,4.10351627249359));
#5148=CARTESIAN_POINT('Ctrl Pts',(-3.79449927899167,33.3201650048702,4.10351627249359));
#5149=CARTESIAN_POINT('Ctrl Pts',(-33.1865892626139,57.9656680998613,2.10351627249359));
#5150=CARTESIAN_POINT('Ctrl Pts',(-33.1865892626139,57.9656680998613,4.10351627249359));
#5151=CARTESIAN_POINT('Ctrl Pts',(-33.3669012539876,45.0525238102088,2.10351627249359));
#5152=CARTESIAN_POINT('Ctrl Pts',(-33.3669012539876,45.0525238102088,4.10351627249359));
#5153=CARTESIAN_POINT('Ctrl Pts',(-18.2727450650228,34.9725399209469,2.10351627249359));
#5154=CARTESIAN_POINT('Ctrl Pts',(-18.2727450650228,34.9725399209469,4.10351627249359));
#5155=CARTESIAN_POINT('Ctrl Pts',(-4.53359176251219,39.7975122866441,2.10351627249359));
#5156=CARTESIAN_POINT('Ctrl Pts',(-4.53359176251219,39.7975122866441,4.10351627249359));
#5157=CARTESIAN_POINT('',(-33.1865892626139,57.9656680998613,2.10351627249359));
#5158=CARTESIAN_POINT('Ctrl Pts',(-33.1865892626139,57.9656680998613,2.10351627249359));
#5159=CARTESIAN_POINT('Ctrl Pts',(-33.3669012539876,45.0525238102088,2.10351627249359));
#5160=CARTESIAN_POINT('Ctrl Pts',(-18.2727450650228,34.9725399209469,2.10351627249359));
#5161=CARTESIAN_POINT('Ctrl Pts',(-4.53359176251219,39.7975122866441,2.10351627249359));
#5162=CARTESIAN_POINT('',(-33.1865892626139,57.9656680998613,4.10351627249359));
#5163=CARTESIAN_POINT('',(-33.1865892626139,57.9656680998613,2.10351627249359));
#5164=CARTESIAN_POINT('Ctrl Pts',(-33.1865892626139,57.9656680998613,4.10351627249359));
#5165=CARTESIAN_POINT('Ctrl Pts',(-33.3669012539876,45.0525238102088,4.10351627249359));
#5166=CARTESIAN_POINT('Ctrl Pts',(-18.2727450650228,34.9725399209469,4.10351627249359));
#5167=CARTESIAN_POINT('Ctrl Pts',(-4.53359176251219,39.7975122866441,4.10351627249359));
#5168=CARTESIAN_POINT('Ctrl Pts',(-46.2793592160238,60.3782332103858,2.10351627249359));
#5169=CARTESIAN_POINT('Ctrl Pts',(-46.2793592160238,60.3782332103858,4.10351627249359));
#5170=CARTESIAN_POINT('Ctrl Pts',(-41.4223559404704,58.5475366530229,2.10351627249359));
#5171=CARTESIAN_POINT('Ctrl Pts',(-41.4223559404704,58.5475366530229,4.10351627249359));
#5172=CARTESIAN_POINT('Ctrl Pts',(-36.8117442791951,58.1950113361487,2.10351627249359));
#5173=CARTESIAN_POINT('Ctrl Pts',(-36.8117442791951,58.1950113361487,4.10351627249359));
#5174=CARTESIAN_POINT('Ctrl Pts',(-33.1865892626139,57.9656680998613,2.10351627249359));
#5175=CARTESIAN_POINT('Ctrl Pts',(-33.1865892626139,57.9656680998613,4.10351627249359));
#5176=CARTESIAN_POINT('',(-46.2793592160238,60.3782332103858,2.10351627249359));
#5177=CARTESIAN_POINT('Ctrl Pts',(-46.2793592160238,60.3782332103858,2.10351627249359));
#5178=CARTESIAN_POINT('Ctrl Pts',(-41.4223559404704,58.5475366530229,2.10351627249359));
#5179=CARTESIAN_POINT('Ctrl Pts',(-36.8117442791951,58.1950113361487,2.10351627249359));
#5180=CARTESIAN_POINT('Ctrl Pts',(-33.1865892626139,57.9656680998613,2.10351627249359));
#5181=CARTESIAN_POINT('',(-46.2793592160238,60.3782332103858,4.10351627249359));
#5182=CARTESIAN_POINT('',(-46.2793592160238,60.3782332103858,2.10351627249359));
#5183=CARTESIAN_POINT('Ctrl Pts',(-46.2793592160238,60.3782332103858,4.10351627249359));
#5184=CARTESIAN_POINT('Ctrl Pts',(-41.4223559404704,58.5475366530229,4.10351627249359));
#5185=CARTESIAN_POINT('Ctrl Pts',(-36.8117442791951,58.1950113361487,4.10351627249359));
#5186=CARTESIAN_POINT('Ctrl Pts',(-33.1865892626139,57.9656680998613,4.10351627249359));
#5187=CARTESIAN_POINT('Ctrl Pts',(-48.6354395637207,73.5023683358639,2.10351627249359));
#5188=CARTESIAN_POINT('Ctrl Pts',(-48.6354395637207,73.5023683358639,4.10351627249359));
#5189=CARTESIAN_POINT('Ctrl Pts',(-48.342789468099,69.7846277238338,2.10351627249359));
#5190=CARTESIAN_POINT('Ctrl Pts',(-48.342789468099,69.7846277238338,4.10351627249359));
#5191=CARTESIAN_POINT('Ctrl Pts',(-48.1733489061686,65.8205229506303,2.10351627249359));
#5192=CARTESIAN_POINT('Ctrl Pts',(-48.1733489061686,65.8205229506303,4.10351627249359));
#5193=CARTESIAN_POINT('Ctrl Pts',(-46.2793592160238,60.3782332103858,2.10351627249359));
#5194=CARTESIAN_POINT('Ctrl Pts',(-46.2793592160238,60.3782332103858,4.10351627249359));
#5195=CARTESIAN_POINT('',(-48.6354395637207,73.5023683358639,2.10351627249359));
#5196=CARTESIAN_POINT('Ctrl Pts',(-48.6354395637207,73.5023683358639,2.10351627249359));
#5197=CARTESIAN_POINT('Ctrl Pts',(-48.342789468099,69.7846277238338,2.10351627249359));
#5198=CARTESIAN_POINT('Ctrl Pts',(-48.1733489061686,65.8205229506303,2.10351627249359));
#5199=CARTESIAN_POINT('Ctrl Pts',(-46.2793592160238,60.3782332103858,2.10351627249359));
#5200=CARTESIAN_POINT('',(-48.6354395637207,73.5023683358639,4.10351627249359));
#5201=CARTESIAN_POINT('',(-48.6354395637207,73.5023683358639,2.10351627249359));
#5202=CARTESIAN_POINT('Ctrl Pts',(-48.6354395637207,73.5023683358639,4.10351627249359));
#5203=CARTESIAN_POINT('Ctrl Pts',(-48.342789468099,69.7846277238338,4.10351627249359));
#5204=CARTESIAN_POINT('Ctrl Pts',(-48.1733489061686,65.8205229506303,4.10351627249359));
#5205=CARTESIAN_POINT('Ctrl Pts',(-46.2793592160238,60.3782332103858,4.10351627249359));
#5206=CARTESIAN_POINT('Ctrl Pts',(-67.8387230866289,102.680932970076,2.10351627249359));
#5207=CARTESIAN_POINT('Ctrl Pts',(-67.8387230866289,102.680932970076,4.10351627249359));
#5208=CARTESIAN_POINT('Ctrl Pts',(-71.5683298780198,85.6870014981364,2.10351627249359));
#5209=CARTESIAN_POINT('Ctrl Pts',(-71.5683298780198,85.6870014981364,4.10351627249359));
#5210=CARTESIAN_POINT('Ctrl Pts',(-62.4865505975831,74.3361649006963,2.10351627249359));
#5211=CARTESIAN_POINT('Ctrl Pts',(-62.4865505975831,74.3361649006963,4.10351627249359));
#5212=CARTESIAN_POINT('Ctrl Pts',(-48.6354395637207,73.5023683358639,2.10351627249359));
#5213=CARTESIAN_POINT('Ctrl Pts',(-48.6354395637207,73.5023683358639,4.10351627249359));
#5214=CARTESIAN_POINT('',(-67.8387230866289,102.680932970076,2.10351627249359));
#5215=CARTESIAN_POINT('Ctrl Pts',(-67.8387230866288,102.680932970076,2.10351627249359));
#5216=CARTESIAN_POINT('Ctrl Pts',(-71.5683298780198,85.6870014981365,2.10351627249359));
#5217=CARTESIAN_POINT('Ctrl Pts',(-62.4865505975831,74.3361649006963,2.10351627249359));
#5218=CARTESIAN_POINT('Ctrl Pts',(-48.6354395637207,73.5023683358639,2.10351627249359));
#5219=CARTESIAN_POINT('',(-67.8387230866289,102.680932970076,4.10351627249359));
#5220=CARTESIAN_POINT('',(-67.8387230866289,102.680932970076,2.10351627249359));
#5221=CARTESIAN_POINT('Ctrl Pts',(-67.8387230866288,102.680932970076,4.10351627249359));
#5222=CARTESIAN_POINT('Ctrl Pts',(-71.5683298780198,85.6870014981365,4.10351627249359));
#5223=CARTESIAN_POINT('Ctrl Pts',(-62.4865505975831,74.3361649006963,4.10351627249359));
#5224=CARTESIAN_POINT('Ctrl Pts',(-48.6354395637207,73.5023683358639,4.10351627249359));
#5225=CARTESIAN_POINT('Ctrl Pts',(-51.7869187125854,90.3623631224443,2.10351627249359));
#5226=CARTESIAN_POINT('Ctrl Pts',(-51.7869187125854,90.3623631224443,4.10351627249359));
#5227=CARTESIAN_POINT('Ctrl Pts',(-58.3562342049272,93.0250494033545,2.10351627249359));
#5228=CARTESIAN_POINT('Ctrl Pts',(-58.3562342049272,93.0250494033545,4.10351627249359));
#5229=CARTESIAN_POINT('Ctrl Pts',(-57.4982997521038,100.863026635958,2.10351627249359));
#5230=CARTESIAN_POINT('Ctrl Pts',(-57.4982997521038,100.863026635958,4.10351627249359));
#5231=CARTESIAN_POINT('Ctrl Pts',(-52.5519351706985,106.324904378979,2.10351627249359));
#5232=CARTESIAN_POINT('Ctrl Pts',(-52.5519351706985,106.324904378979,4.10351627249359));
#5233=CARTESIAN_POINT('',(-51.7869187125854,90.3623631224443,2.10351627249359));
#5234=CARTESIAN_POINT('',(-52.5519351706985,106.324904378979,2.10351627249359));
#5235=CARTESIAN_POINT('Ctrl Pts',(-51.7869187125854,90.3623631224443,2.10351627249359));
#5236=CARTESIAN_POINT('Ctrl Pts',(-58.3562342049272,93.0250494033545,2.10351627249359));
#5237=CARTESIAN_POINT('Ctrl Pts',(-57.4982997521039,100.863026635958,2.10351627249359));
#5238=CARTESIAN_POINT('Ctrl Pts',(-52.5519351706985,106.324904378979,2.10351627249359));
#5239=CARTESIAN_POINT('',(-51.7869187125854,90.3623631224443,4.10351627249359));
#5240=CARTESIAN_POINT('',(-51.7869187125854,90.3623631224443,2.10351627249359));
#5241=CARTESIAN_POINT('',(-52.5519351706985,106.324904378979,4.10351627249359));
#5242=CARTESIAN_POINT('Ctrl Pts',(-51.7869187125854,90.3623631224443,4.10351627249359));
#5243=CARTESIAN_POINT('Ctrl Pts',(-58.3562342049272,93.0250494033545,4.10351627249359));
#5244=CARTESIAN_POINT('Ctrl Pts',(-57.4982997521039,100.863026635958,4.10351627249359));
#5245=CARTESIAN_POINT('Ctrl Pts',(-52.5519351706985,106.324904378979,4.10351627249359));
#5246=CARTESIAN_POINT('',(-52.5519351706985,106.324904378979,2.10351627249359));
#5247=CARTESIAN_POINT('Ctrl Pts',(-33.0933859723104,89.8455996069719,2.10351627249359));
#5248=CARTESIAN_POINT('Ctrl Pts',(-33.0933859723104,89.8455996069719,4.10351627249359));
#5249=CARTESIAN_POINT('Ctrl Pts',(-41.9052835044555,104.976007620634,2.10351627249359));
#5250=CARTESIAN_POINT('Ctrl Pts',(-41.9052835044555,104.976007620634,4.10351627249359));
#5251=CARTESIAN_POINT('Ctrl Pts',(-51.2281656735433,95.6800569472124,2.10351627249359));
#5252=CARTESIAN_POINT('Ctrl Pts',(-51.2281656735433,95.6800569472124,4.10351627249359));
#5253=CARTESIAN_POINT('Ctrl Pts',(-51.7869187125854,90.3623631224443,2.10351627249359));
#5254=CARTESIAN_POINT('Ctrl Pts',(-51.7869187125854,90.3623631224443,4.10351627249359));
#5255=CARTESIAN_POINT('',(-33.0933859723104,89.8455996069719,2.10351627249359));
#5256=CARTESIAN_POINT('Ctrl Pts',(-33.0933859723104,89.8455996069719,2.10351627249359));
#5257=CARTESIAN_POINT('Ctrl Pts',(-41.9052835044555,104.976007620634,2.10351627249359));
#5258=CARTESIAN_POINT('Ctrl Pts',(-51.2281656735433,95.6800569472124,2.10351627249359));
#5259=CARTESIAN_POINT('Ctrl Pts',(-51.7869187125854,90.3623631224443,2.10351627249359));
#5260=CARTESIAN_POINT('',(-33.0933859723104,89.8455996069719,4.10351627249359));
#5261=CARTESIAN_POINT('',(-33.0933859723104,89.8455996069719,2.10351627249359));
#5262=CARTESIAN_POINT('Ctrl Pts',(-33.0933859723104,89.8455996069719,4.10351627249359));
#5263=CARTESIAN_POINT('Ctrl Pts',(-41.9052835044555,104.976007620634,4.10351627249359));
#5264=CARTESIAN_POINT('Ctrl Pts',(-51.2281656735433,95.6800569472124,4.10351627249359));
#5265=CARTESIAN_POINT('Ctrl Pts',(-51.7869187125854,90.3623631224443,4.10351627249359));
#5266=CARTESIAN_POINT('Ctrl Pts',(-32.8874602342936,89.4786614101538,2.10351627249359));
#5267=CARTESIAN_POINT('Ctrl Pts',(-32.8874602342936,89.4786614101538,4.10351627249359));
#5268=CARTESIAN_POINT('Ctrl Pts',(-32.9612816327107,89.5976019860714,2.10351627249359));
#5269=CARTESIAN_POINT('Ctrl Pts',(-32.9612816327107,89.5976019860714,4.10351627249359));
#5270=CARTESIAN_POINT('Ctrl Pts',(-33.0300242067667,89.7200153797278,2.10351627249359));
#5271=CARTESIAN_POINT('Ctrl Pts',(-33.0300242067667,89.7200153797278,4.10351627249359));
#5272=CARTESIAN_POINT('Ctrl Pts',(-33.0933859723104,89.8455996069719,2.10351627249359));
#5273=CARTESIAN_POINT('Ctrl Pts',(-33.0933859723104,89.8455996069719,4.10351627249359));
#5274=CARTESIAN_POINT('',(-32.8874602342936,89.4786614101538,2.10351627249359));
#5275=CARTESIAN_POINT('Ctrl Pts',(-32.8874602342936,89.4786614101538,2.10351627249359));
#5276=CARTESIAN_POINT('Ctrl Pts',(-32.9612816327107,89.5976019860714,2.10351627249359));
#5277=CARTESIAN_POINT('Ctrl Pts',(-33.0300242067667,89.7200153797278,2.10351627249359));
#5278=CARTESIAN_POINT('Ctrl Pts',(-33.0933859723104,89.8455996069719,2.10351627249359));
#5279=CARTESIAN_POINT('',(-32.8874602342936,89.4786614101538,4.10351627249359));
#5280=CARTESIAN_POINT('',(-32.8874602342936,89.4786614101538,2.10351627249359));
#5281=CARTESIAN_POINT('Ctrl Pts',(-32.8874602342936,89.4786614101538,4.10351627249359));
#5282=CARTESIAN_POINT('Ctrl Pts',(-32.9612816327107,89.5976019860714,4.10351627249359));
#5283=CARTESIAN_POINT('Ctrl Pts',(-33.0300242067667,89.7200153797278,4.10351627249359));
#5284=CARTESIAN_POINT('Ctrl Pts',(-33.0933859723104,89.8455996069719,4.10351627249359));
#5285=CARTESIAN_POINT('Ctrl Pts',(-28.8225613873494,87.2155647279232,2.10351627249359));
#5286=CARTESIAN_POINT('Ctrl Pts',(-28.8225613873494,87.2155647279232,4.10351627249359));
#5287=CARTESIAN_POINT('Ctrl Pts',(-30.5390393027954,87.2155647279232,2.10351627249359));
#5288=CARTESIAN_POINT('Ctrl Pts',(-30.5390393027954,87.2155647279232,4.10351627249359));
#5289=CARTESIAN_POINT('Ctrl Pts',(-32.0442655779215,88.1201719794084,2.10351627249359));
#5290=CARTESIAN_POINT('Ctrl Pts',(-32.0442655779215,88.1201719794084,4.10351627249359));
#5291=CARTESIAN_POINT('Ctrl Pts',(-32.8874602342936,89.4786614101538,2.10351627249359));
#5292=CARTESIAN_POINT('Ctrl Pts',(-32.8874602342936,89.4786614101538,4.10351627249359));
#5293=CARTESIAN_POINT('',(-28.8225613873494,87.2155647279232,2.10351627249359));
#5294=CARTESIAN_POINT('Ctrl Pts',(-28.8225613873494,87.2155647279232,2.10351627249359));
#5295=CARTESIAN_POINT('Ctrl Pts',(-30.5390393027954,87.2155647279232,2.10351627249359));
#5296=CARTESIAN_POINT('Ctrl Pts',(-32.0442655779215,88.1201719794084,2.10351627249359));
#5297=CARTESIAN_POINT('Ctrl Pts',(-32.8874602342936,89.4786614101538,2.10351627249359));
#5298=CARTESIAN_POINT('',(-28.8225613873494,87.2155647279232,4.10351627249359));
#5299=CARTESIAN_POINT('',(-28.8225613873494,87.2155647279232,2.10351627249359));
#5300=CARTESIAN_POINT('Ctrl Pts',(-28.8225613873494,87.2155647279232,4.10351627249359));
#5301=CARTESIAN_POINT('Ctrl Pts',(-30.5390393027954,87.2155647279232,4.10351627249359));
#5302=CARTESIAN_POINT('Ctrl Pts',(-32.0442655779215,88.1201719794084,4.10351627249359));
#5303=CARTESIAN_POINT('Ctrl Pts',(-32.8874602342936,89.4786614101538,4.10351627249359));
#5304=CARTESIAN_POINT('Ctrl Pts',(-24.0418228365275,91.9963170052975,2.10351627249359));
#5305=CARTESIAN_POINT('Ctrl Pts',(-24.0418228365275,91.9963170052975,4.10351627249359));
#5306=CARTESIAN_POINT('Ctrl Pts',(-24.0418228365275,89.3559872120032,2.10351627249359));
#5307=CARTESIAN_POINT('Ctrl Pts',(-24.0418228365275,89.3559872120032,4.10351627249359));
#5308=CARTESIAN_POINT('Ctrl Pts',(-26.1822315940552,87.2155647279232,2.10351627249359));
#5309=CARTESIAN_POINT('Ctrl Pts',(-26.1822315940552,87.2155647279232,4.10351627249359));
#5310=CARTESIAN_POINT('Ctrl Pts',(-28.8225613873494,87.2155647279232,2.10351627249359));
#5311=CARTESIAN_POINT('Ctrl Pts',(-28.8225613873494,87.2155647279232,4.10351627249359));
#5312=CARTESIAN_POINT('',(-24.0418228365275,91.9963170052975,2.10351627249359));
#5313=CARTESIAN_POINT('Ctrl Pts',(-24.0418228365275,91.9963170052975,2.10351627249359));
#5314=CARTESIAN_POINT('Ctrl Pts',(-24.0418228365275,89.3559872120032,2.10351627249359));
#5315=CARTESIAN_POINT('Ctrl Pts',(-26.1822315940552,87.2155647279232,2.10351627249359));
#5316=CARTESIAN_POINT('Ctrl Pts',(-28.8225613873494,87.2155647279232,2.10351627249359));
#5317=CARTESIAN_POINT('',(-24.0418228365275,91.9963170052975,4.10351627249359));
#5318=CARTESIAN_POINT('',(-24.0418228365275,91.9963170052975,2.10351627249359));
#5319=CARTESIAN_POINT('Ctrl Pts',(-24.0418228365275,91.9963170052975,4.10351627249359));
#5320=CARTESIAN_POINT('Ctrl Pts',(-24.0418228365275,89.3559872120032,4.10351627249359));
#5321=CARTESIAN_POINT('Ctrl Pts',(-26.1822315940552,87.2155647279232,4.10351627249359));
#5322=CARTESIAN_POINT('Ctrl Pts',(-28.8225613873494,87.2155647279232,4.10351627249359));
#5323=CARTESIAN_POINT('Ctrl Pts',(-28.8225613873494,96.7770692826717,2.10351627249359));
#5324=CARTESIAN_POINT('Ctrl Pts',(-28.8225613873494,96.7770692826717,4.10351627249359));
#5325=CARTESIAN_POINT('Ctrl Pts',(-26.1822315940552,96.7770692826717,2.10351627249359));
#5326=CARTESIAN_POINT('Ctrl Pts',(-26.1822315940552,96.7770692826717,4.10351627249359));
#5327=CARTESIAN_POINT('Ctrl Pts',(-24.0418228365275,94.6366467985918,2.10351627249359));
#5328=CARTESIAN_POINT('Ctrl Pts',(-24.0418228365275,94.6366467985918,4.10351627249359));
#5329=CARTESIAN_POINT('Ctrl Pts',(-24.0418228365275,91.9963170052975,2.10351627249359));
#5330=CARTESIAN_POINT('Ctrl Pts',(-24.0418228365275,91.9963170052975,4.10351627249359));
#5331=CARTESIAN_POINT('',(-28.8225613873494,96.7770692826717,2.10351627249359));
#5332=CARTESIAN_POINT('Ctrl Pts',(-28.8225613873494,96.7770692826717,2.10351627249359));
#5333=CARTESIAN_POINT('Ctrl Pts',(-26.1822315940552,96.7770692826717,2.10351627249359));
#5334=CARTESIAN_POINT('Ctrl Pts',(-24.0418228365275,94.6366467985918,2.10351627249359));
#5335=CARTESIAN_POINT('Ctrl Pts',(-24.0418228365275,91.9963170052975,2.10351627249359));
#5336=CARTESIAN_POINT('',(-28.8225613873494,96.7770692826717,4.10351627249359));
#5337=CARTESIAN_POINT('',(-28.8225613873494,96.7770692826717,2.10351627249359));
#5338=CARTESIAN_POINT('Ctrl Pts',(-28.8225613873494,96.7770692826717,4.10351627249359));
#5339=CARTESIAN_POINT('Ctrl Pts',(-26.1822315940552,96.7770692826717,4.10351627249359));
#5340=CARTESIAN_POINT('Ctrl Pts',(-24.0418228365275,94.6366467985918,4.10351627249359));
#5341=CARTESIAN_POINT('Ctrl Pts',(-24.0418228365275,91.9963170052975,4.10351627249359));
#5342=CARTESIAN_POINT('Ctrl Pts',(-33.1974332389526,92.0275311852901,2.10351627249359));
#5343=CARTESIAN_POINT('Ctrl Pts',(-33.1974332389526,92.0275311852901,4.10351627249359));
#5344=CARTESIAN_POINT('Ctrl Pts',(-33.1974332389526,94.6678747051368,2.10351627249359));
#5345=CARTESIAN_POINT('Ctrl Pts',(-33.1974332389526,94.6678747051368,4.10351627249359));
#5346=CARTESIAN_POINT('Ctrl Pts',(-31.4628911806437,96.7770692826717,2.10351627249359));
#5347=CARTESIAN_POINT('Ctrl Pts',(-31.4628911806437,96.7770692826717,4.10351627249359));
#5348=CARTESIAN_POINT('Ctrl Pts',(-28.8225613873494,96.7770692826717,2.10351627249359));
#5349=CARTESIAN_POINT('Ctrl Pts',(-28.8225613873494,96.7770692826717,4.10351627249359));
#5350=CARTESIAN_POINT('',(-33.1974332389526,92.0275311852901,2.10351627249359));
#5351=CARTESIAN_POINT('Ctrl Pts',(-33.1974332389526,92.0275311852901,2.10351627249359));
#5352=CARTESIAN_POINT('Ctrl Pts',(-33.1974332389526,94.6678747051368,2.10351627249359));
#5353=CARTESIAN_POINT('Ctrl Pts',(-31.4628911806437,96.7770692826717,2.10351627249359));
#5354=CARTESIAN_POINT('Ctrl Pts',(-28.8225613873494,96.7770692826717,2.10351627249359));
#5355=CARTESIAN_POINT('',(-33.1974332389526,92.0275311852901,4.10351627249359));
#5356=CARTESIAN_POINT('',(-33.1974332389526,92.0275311852901,2.10351627249359));
#5357=CARTESIAN_POINT('Ctrl Pts',(-33.1974332389526,92.0275311852901,4.10351627249359));
#5358=CARTESIAN_POINT('Ctrl Pts',(-33.1974332389526,94.6678747051368,4.10351627249359));
#5359=CARTESIAN_POINT('Ctrl Pts',(-31.4628911806437,96.7770692826717,4.10351627249359));
#5360=CARTESIAN_POINT('Ctrl Pts',(-28.8225613873494,96.7770692826717,4.10351627249359));
#5361=CARTESIAN_POINT('Ctrl Pts',(-26.4085824419352,102.178549982847,2.10351627249359));
#5362=CARTESIAN_POINT('Ctrl Pts',(-26.4085824419352,102.178549982847,4.10351627249359));
#5363=CARTESIAN_POINT('Ctrl Pts',(-30.3264150072428,103.205062745552,2.10351627249359));
#5364=CARTESIAN_POINT('Ctrl Pts',(-30.3264150072428,103.205062745552,4.10351627249359));
#5365=CARTESIAN_POINT('Ctrl Pts',(-38.1084093182576,98.4668078741838,2.10351627249359));
#5366=CARTESIAN_POINT('Ctrl Pts',(-38.1084093182576,98.4668078741838,4.10351627249359));
#5367=CARTESIAN_POINT('Ctrl Pts',(-33.1974332389526,92.0275311852901,2.10351627249359));
#5368=CARTESIAN_POINT('Ctrl Pts',(-33.1974332389526,92.0275311852901,4.10351627249359));
#5369=CARTESIAN_POINT('',(-26.4085824419352,102.178549982847,2.10351627249359));
#5370=CARTESIAN_POINT('Ctrl Pts',(-26.4085824419352,102.178549982847,2.10351627249359));
#5371=CARTESIAN_POINT('Ctrl Pts',(-30.3264150072428,103.205062745552,2.10351627249359));
#5372=CARTESIAN_POINT('Ctrl Pts',(-38.1084093182576,98.4668078741838,2.10351627249359));
#5373=CARTESIAN_POINT('Ctrl Pts',(-33.1974332389526,92.0275311852901,2.10351627249359));
#5374=CARTESIAN_POINT('',(-26.4085824419352,102.178549982847,4.10351627249359));
#5375=CARTESIAN_POINT('',(-26.4085824419352,102.178549982847,2.10351627249359));
#5376=CARTESIAN_POINT('Ctrl Pts',(-26.4085824419352,102.178549982847,4.10351627249359));
#5377=CARTESIAN_POINT('Ctrl Pts',(-30.3264150072428,103.205062745552,4.10351627249359));
#5378=CARTESIAN_POINT('Ctrl Pts',(-38.1084093182576,98.4668078741838,4.10351627249359));
#5379=CARTESIAN_POINT('Ctrl Pts',(-33.1974332389526,92.0275311852901,4.10351627249359));
#5380=CARTESIAN_POINT('Ctrl Pts',(-24.9303974748942,108.902254562518,2.10351627249359));
#5381=CARTESIAN_POINT('Ctrl Pts',(-24.9303974748942,108.902254562518,4.10351627249359));
#5382=CARTESIAN_POINT('Ctrl Pts',(-26.2032606722208,106.619954433581,2.10351627249359));
#5383=CARTESIAN_POINT('Ctrl Pts',(-26.2032606722208,106.619954433581,4.10351627249359));
#5384=CARTESIAN_POINT('Ctrl Pts',(-26.3675125973714,105.076746788165,2.10351627249359));
#5385=CARTESIAN_POINT('Ctrl Pts',(-26.3675125973714,105.076746788165,4.10351627249359));
#5386=CARTESIAN_POINT('Ctrl Pts',(-26.4085824419352,102.178549982847,2.10351627249359));
#5387=CARTESIAN_POINT('Ctrl Pts',(-26.4085824419352,102.178549982847,4.10351627249359));
#5388=CARTESIAN_POINT('',(-24.9303974748942,108.902254562518,2.10351627249359));
#5389=CARTESIAN_POINT('Ctrl Pts',(-24.9303974748942,108.902254562518,2.10351627249359));
#5390=CARTESIAN_POINT('Ctrl Pts',(-26.2032606722208,106.619954433581,2.10351627249359));
#5391=CARTESIAN_POINT('Ctrl Pts',(-26.3675125973714,105.076746788165,2.10351627249359));
#5392=CARTESIAN_POINT('Ctrl Pts',(-26.4085824419352,102.178549982847,2.10351627249359));
#5393=CARTESIAN_POINT('',(-24.9303974748942,108.902254562518,4.10351627249359));
#5394=CARTESIAN_POINT('',(-24.9303974748942,108.902254562518,2.10351627249359));
#5395=CARTESIAN_POINT('Ctrl Pts',(-24.9303974748942,108.902254562518,4.10351627249359));
#5396=CARTESIAN_POINT('Ctrl Pts',(-26.2032606722208,106.619954433581,4.10351627249359));
#5397=CARTESIAN_POINT('Ctrl Pts',(-26.3675125973714,105.076746788165,4.10351627249359));
#5398=CARTESIAN_POINT('Ctrl Pts',(-26.4085824419352,102.178549982847,4.10351627249359));
#5399=CARTESIAN_POINT('Ctrl Pts',(-14.8836867484741,104.297710037371,2.10351627249359));
#5400=CARTESIAN_POINT('Ctrl Pts',(-14.8836867484741,104.297710037371,4.10351627249359));
#5401=CARTESIAN_POINT('Ctrl Pts',(-18.4379029426269,107.105435136299,2.10351627249359));
#5402=CARTESIAN_POINT('Ctrl Pts',(-18.4379029426269,107.105435136299,4.10351627249359));
#5403=CARTESIAN_POINT('Ctrl Pts',(-20.883480411499,107.572700704079,2.10351627249359));
#5404=CARTESIAN_POINT('Ctrl Pts',(-20.883480411499,107.572700704079,4.10351627249359));
#5405=CARTESIAN_POINT('Ctrl Pts',(-24.9303974748942,108.902254562518,2.10351627249359));
#5406=CARTESIAN_POINT('Ctrl Pts',(-24.9303974748942,108.902254562518,4.10351627249359));
#5407=CARTESIAN_POINT('',(-14.8836867484741,104.297710037371,2.10351627249359));
#5408=CARTESIAN_POINT('Ctrl Pts',(-14.8836867484741,104.297710037371,2.10351627249359));
#5409=CARTESIAN_POINT('Ctrl Pts',(-18.4379029426269,107.105435136299,2.10351627249359));
#5410=CARTESIAN_POINT('Ctrl Pts',(-20.883480411499,107.572700704079,2.10351627249359));
#5411=CARTESIAN_POINT('Ctrl Pts',(-24.9303974748942,108.902254562518,2.10351627249359));
#5412=CARTESIAN_POINT('',(-14.8836867484741,104.297710037371,4.10351627249359));
#5413=CARTESIAN_POINT('',(-14.8836867484741,104.297710037371,2.10351627249359));
#5414=CARTESIAN_POINT('Ctrl Pts',(-14.8836867484741,104.297710037371,4.10351627249359));
#5415=CARTESIAN_POINT('Ctrl Pts',(-18.4379029426269,107.105435136299,4.10351627249359));
#5416=CARTESIAN_POINT('Ctrl Pts',(-20.883480411499,107.572700704079,4.10351627249359));
#5417=CARTESIAN_POINT('Ctrl Pts',(-24.9303974748942,108.902254562518,4.10351627249359));
#5418=CARTESIAN_POINT('Ctrl Pts',(-10.8171726904687,109.44887246396,2.10351627249359));
#5419=CARTESIAN_POINT('Ctrl Pts',(-10.8171726904687,109.44887246396,4.10351627249359));
#5420=CARTESIAN_POINT('Ctrl Pts',(-13.0090812732005,108.918472031577,2.10351627249359));
#5421=CARTESIAN_POINT('Ctrl Pts',(-13.0090812732005,108.918472031577,4.10351627249359));
#5422=CARTESIAN_POINT('Ctrl Pts',(-14.7724124108626,107.099402746083,2.10351627249359));
#5423=CARTESIAN_POINT('Ctrl Pts',(-14.7724124108626,107.099402746083,4.10351627249359));
#5424=CARTESIAN_POINT('Ctrl Pts',(-14.8836867484741,104.297710037371,2.10351627249359));
#5425=CARTESIAN_POINT('Ctrl Pts',(-14.8836867484741,104.297710037371,4.10351627249359));
#5426=CARTESIAN_POINT('',(-10.8171726904687,109.44887246396,2.10351627249359));
#5427=CARTESIAN_POINT('Ctrl Pts',(-10.8171726904687,109.44887246396,2.10351627249359));
#5428=CARTESIAN_POINT('Ctrl Pts',(-13.0090812732005,108.918472031577,2.10351627249359));
#5429=CARTESIAN_POINT('Ctrl Pts',(-14.7724124108626,107.099402746083,2.10351627249359));
#5430=CARTESIAN_POINT('Ctrl Pts',(-14.8836867484741,104.297710037371,2.10351627249359));
#5431=CARTESIAN_POINT('',(-10.8171726904687,109.44887246396,4.10351627249359));
#5432=CARTESIAN_POINT('',(-10.8171726904687,109.44887246396,2.10351627249359));
#5433=CARTESIAN_POINT('Ctrl Pts',(-10.8171726904687,109.44887246396,4.10351627249359));
#5434=CARTESIAN_POINT('Ctrl Pts',(-13.0090812732005,108.918472031577,4.10351627249359));
#5435=CARTESIAN_POINT('Ctrl Pts',(-14.7724124108626,107.099402746083,4.10351627249359));
#5436=CARTESIAN_POINT('Ctrl Pts',(-14.8836867484741,104.297710037371,4.10351627249359));
#5437=CARTESIAN_POINT('Ctrl Pts',(2.43760255562339,98.2116449929684,2.10351627249359));
#5438=CARTESIAN_POINT('Ctrl Pts',(2.43760255562339,98.2116449929684,4.10351627249359));
#5439=CARTESIAN_POINT('Ctrl Pts',(2.37567251064237,98.9314397101637,2.10351627249359));
#5440=CARTESIAN_POINT('Ctrl Pts',(2.37567251064237,98.9314397101637,4.10351627249359));
#5441=CARTESIAN_POINT('Ctrl Pts',(2.19243228135749,99.6625054877422,2.10351627249359));
#5442=CARTESIAN_POINT('Ctrl Pts',(2.19243228135749,99.6625054877422,4.10351627249359));
#5443=CARTESIAN_POINT('Ctrl Pts',(1.94912178422387,100.388152908403,2.10351627249359));
#5444=CARTESIAN_POINT('Ctrl Pts',(1.94912178422387,100.388152908403,4.10351627249359));
#5445=CARTESIAN_POINT('',(2.43760255562339,98.2116449929684,2.10351627249359));
#5446=CARTESIAN_POINT('',(1.94912178422366,100.388152908403,2.10351627249359));
#5447=CARTESIAN_POINT('Ctrl Pts',(2.43760255562339,98.2116449929684,2.10351627249359));
#5448=CARTESIAN_POINT('Ctrl Pts',(2.37567251064237,98.9314397101637,2.10351627249359));
#5449=CARTESIAN_POINT('Ctrl Pts',(2.19243228135749,99.6625054877422,2.10351627249359));
#5450=CARTESIAN_POINT('Ctrl Pts',(1.94912178422387,100.388152908403,2.10351627249359));
#5451=CARTESIAN_POINT('',(2.43760255562339,98.2116449929684,4.10351627249359));
#5452=CARTESIAN_POINT('',(2.43760255562339,98.2116449929684,2.10351627249359));
#5453=CARTESIAN_POINT('',(1.94912178422365,100.388152908403,4.10351627249359));
#5454=CARTESIAN_POINT('Ctrl Pts',(2.43760255562339,98.2116449929684,4.10351627249359));
#5455=CARTESIAN_POINT('Ctrl Pts',(2.37567251064237,98.9314397101637,4.10351627249359));
#5456=CARTESIAN_POINT('Ctrl Pts',(2.19243228135749,99.6625054877422,4.10351627249359));
#5457=CARTESIAN_POINT('Ctrl Pts',(1.94912178422387,100.388152908403,4.10351627249359));
#5458=CARTESIAN_POINT('',(1.94912178422387,100.388152908403,2.10351627249359));
#5459=CARTESIAN_POINT('Ctrl Pts',(-2.85255580517575,92.2665790940731,2.10351627249359));
#5460=CARTESIAN_POINT('Ctrl Pts',(-2.85255580517575,92.2665790940731,4.10351627249359));
#5461=CARTESIAN_POINT('Ctrl Pts',(0.71898329801435,92.4084155592729,2.10351627249359));
#5462=CARTESIAN_POINT('Ctrl Pts',(0.71898329801435,92.4084155592729,4.10351627249359));
#5463=CARTESIAN_POINT('Ctrl Pts',(2.69371256894942,95.2349460348893,2.10351627249359));
#5464=CARTESIAN_POINT('Ctrl Pts',(2.69371256894942,95.2349460348893,4.10351627249359));
#5465=CARTESIAN_POINT('Ctrl Pts',(2.43760255562339,98.2116449929684,2.10351627249359));
#5466=CARTESIAN_POINT('Ctrl Pts',(2.43760255562339,98.2116449929684,4.10351627249359));
#5467=CARTESIAN_POINT('',(-2.85255580517575,92.2665790940731,2.10351627249359));
#5468=CARTESIAN_POINT('Ctrl Pts',(-2.85255580517575,92.2665790940731,2.10351627249359));
#5469=CARTESIAN_POINT('Ctrl Pts',(0.718983298014351,92.4084155592729,2.10351627249359));
#5470=CARTESIAN_POINT('Ctrl Pts',(2.69371256894942,95.2349460348893,2.10351627249359));
#5471=CARTESIAN_POINT('Ctrl Pts',(2.43760255562339,98.2116449929684,2.10351627249359));
#5472=CARTESIAN_POINT('',(-2.85255580517575,92.2665790940731,4.10351627249359));
#5473=CARTESIAN_POINT('',(-2.85255580517575,92.2665790940731,2.10351627249359));
#5474=CARTESIAN_POINT('Ctrl Pts',(-2.85255580517575,92.2665790940731,4.10351627249359));
#5475=CARTESIAN_POINT('Ctrl Pts',(0.718983298014351,92.4084155592729,4.10351627249359));
#5476=CARTESIAN_POINT('Ctrl Pts',(2.69371256894942,95.2349460348893,4.10351627249359));
#5477=CARTESIAN_POINT('Ctrl Pts',(2.43760255562339,98.2116449929684,4.10351627249359));
#5478=CARTESIAN_POINT('Ctrl Pts',(1.75198871997072,82.2198546411007,2.10351627249359));
#5479=CARTESIAN_POINT('Ctrl Pts',(1.75198871997072,82.2198546411007,4.10351627249359));
#5480=CARTESIAN_POINT('Ctrl Pts',(0.422434861531613,86.2667854310482,2.10351627249359));
#5481=CARTESIAN_POINT('Ctrl Pts',(0.422434861531613,86.2667854310482,4.10351627249359));
#5482=CARTESIAN_POINT('Ctrl Pts',(-0.0448169796955966,88.7123628999203,
2.10351627249359));
#5483=CARTESIAN_POINT('Ctrl Pts',(-0.0448169796955966,88.7123628999203,
4.10351627249359));
#5484=CARTESIAN_POINT('Ctrl Pts',(-2.85255580517575,92.2665790940731,2.10351627249359));
#5485=CARTESIAN_POINT('Ctrl Pts',(-2.85255580517575,92.2665790940731,4.10351627249359));
#5486=CARTESIAN_POINT('',(1.75198871997072,82.2198546411007,2.10351627249359));
#5487=CARTESIAN_POINT('Ctrl Pts',(1.75198871997072,82.2198546411007,2.10351627249359));
#5488=CARTESIAN_POINT('Ctrl Pts',(0.422434861531613,86.2667854310482,2.10351627249359));
#5489=CARTESIAN_POINT('Ctrl Pts',(-0.0448169796955966,88.7123628999203,
2.10351627249359));
#5490=CARTESIAN_POINT('Ctrl Pts',(-2.85255580517575,92.2665790940731,2.10351627249359));
#5491=CARTESIAN_POINT('',(1.75198871997072,82.2198546411007,4.10351627249359));
#5492=CARTESIAN_POINT('',(1.75198871997072,82.2198546411007,2.10351627249359));
#5493=CARTESIAN_POINT('Ctrl Pts',(1.75198871997072,82.2198546411007,4.10351627249359));
#5494=CARTESIAN_POINT('Ctrl Pts',(0.422434861531613,86.2667854310482,4.10351627249359));
#5495=CARTESIAN_POINT('Ctrl Pts',(-0.0448169796955966,88.7123628999203,
4.10351627249359));
#5496=CARTESIAN_POINT('Ctrl Pts',(-2.85255580517575,92.2665790940731,4.10351627249359));
#5497=CARTESIAN_POINT('Ctrl Pts',(-4.97171585970051,80.741683400612,2.10351627249359));
#5498=CARTESIAN_POINT('Ctrl Pts',(-4.97171585970051,80.741683400612,4.10351627249359));
#5499=CARTESIAN_POINT('Ctrl Pts',(-2.0735190543823,80.7827532451758,2.10351627249359));
#5500=CARTESIAN_POINT('Ctrl Pts',(-2.0735190543823,80.7827532451758,4.10351627249359));
#5501=CARTESIAN_POINT('Ctrl Pts',(-0.530297682413696,80.946991443774,2.10351627249359));
#5502=CARTESIAN_POINT('Ctrl Pts',(-0.530297682413696,80.946991443774,4.10351627249359));
#5503=CARTESIAN_POINT('Ctrl Pts',(1.75198871997072,82.2198546411007,2.10351627249359));
#5504=CARTESIAN_POINT('Ctrl Pts',(1.75198871997072,82.2198546411007,4.10351627249359));
#5505=CARTESIAN_POINT('',(-4.97171585970051,80.741683400612,2.10351627249359));
#5506=CARTESIAN_POINT('Ctrl Pts',(-4.97171585970051,80.741683400612,2.10351627249359));
#5507=CARTESIAN_POINT('Ctrl Pts',(-2.0735190543823,80.7827532451758,2.10351627249359));
#5508=CARTESIAN_POINT('Ctrl Pts',(-0.530297682413696,80.946991443774,2.10351627249359));
#5509=CARTESIAN_POINT('Ctrl Pts',(1.75198871997072,82.2198546411007,2.10351627249359));
#5510=CARTESIAN_POINT('',(-4.97171585970051,80.741683400612,4.10351627249359));
#5511=CARTESIAN_POINT('',(-4.97171585970051,80.741683400612,2.10351627249359));
#5512=CARTESIAN_POINT('Ctrl Pts',(-4.97171585970051,80.741683400612,4.10351627249359));
#5513=CARTESIAN_POINT('Ctrl Pts',(-2.0735190543823,80.7827532451758,4.10351627249359));
#5514=CARTESIAN_POINT('Ctrl Pts',(-0.530297682413696,80.946991443774,4.10351627249359));
#5515=CARTESIAN_POINT('Ctrl Pts',(1.75198871997072,82.2198546411007,4.10351627249359));
#5516=CARTESIAN_POINT('Ctrl Pts',(-15.1227483838094,73.9528188770423,2.10351627249359));
#5517=CARTESIAN_POINT('Ctrl Pts',(-15.1227483838094,73.9528188770423,4.10351627249359));
#5518=CARTESIAN_POINT('Ctrl Pts',(-8.68348542146808,69.0418565242896,2.10351627249359));
#5519=CARTESIAN_POINT('Ctrl Pts',(-8.68348542146808,69.0418565242896,4.10351627249359));
#5520=CARTESIAN_POINT('Ctrl Pts',(-3.94521682354736,76.8238508353044,2.10351627249359));
#5521=CARTESIAN_POINT('Ctrl Pts',(-3.94521682354736,76.8238508353044,4.10351627249359));
#5522=CARTESIAN_POINT('Ctrl Pts',(-4.97171585970051,80.741683400612,2.10351627249359));
#5523=CARTESIAN_POINT('Ctrl Pts',(-4.97171585970051,80.741683400612,4.10351627249359));
#5524=CARTESIAN_POINT('',(-15.1227483838094,73.9528188770423,2.10351627249359));
#5525=CARTESIAN_POINT('Ctrl Pts',(-15.1227483838094,73.9528188770423,2.10351627249359));
#5526=CARTESIAN_POINT('Ctrl Pts',(-8.68348542146808,69.0418565242896,2.10351627249359));
#5527=CARTESIAN_POINT('Ctrl Pts',(-3.94521682354736,76.8238508353044,2.10351627249359));
#5528=CARTESIAN_POINT('Ctrl Pts',(-4.97171585970051,80.741683400612,2.10351627249359));
#5529=CARTESIAN_POINT('',(-15.1227483838094,73.9528188770423,4.10351627249359));
#5530=CARTESIAN_POINT('',(-15.1227483838094,73.9528188770423,2.10351627249359));
#5531=CARTESIAN_POINT('Ctrl Pts',(-15.1227483838094,73.9528188770423,4.10351627249359));
#5532=CARTESIAN_POINT('Ctrl Pts',(-8.68348542146808,69.0418565242896,4.10351627249359));
#5533=CARTESIAN_POINT('Ctrl Pts',(-3.94521682354736,76.8238508353044,4.10351627249359));
#5534=CARTESIAN_POINT('Ctrl Pts',(-4.97171585970051,80.741683400612,4.10351627249359));
#5535=CARTESIAN_POINT('Ctrl Pts',(-10.3732240129801,78.3276907286455,2.10351627249359));
#5536=CARTESIAN_POINT('Ctrl Pts',(-10.3732240129801,78.3276907286455,4.10351627249359));
#5537=CARTESIAN_POINT('Ctrl Pts',(-10.3732240129801,75.6873472087989,2.10351627249359));
#5538=CARTESIAN_POINT('Ctrl Pts',(-10.3732240129801,75.6873472087989,4.10351627249359));
#5539=CARTESIAN_POINT('Ctrl Pts',(-12.4824185905151,73.9528188770423,2.10351627249359));
#5540=CARTESIAN_POINT('Ctrl Pts',(-12.4824185905151,73.9528188770423,4.10351627249359));
#5541=CARTESIAN_POINT('Ctrl Pts',(-15.1227483838094,73.9528188770423,2.10351627249359));
#5542=CARTESIAN_POINT('Ctrl Pts',(-15.1227483838094,73.9528188770423,4.10351627249359));
#5543=CARTESIAN_POINT('',(-10.3732240129801,78.3276907286455,2.10351627249359));
#5544=CARTESIAN_POINT('Ctrl Pts',(-10.3732240129801,78.3276907286455,2.10351627249359));
#5545=CARTESIAN_POINT('Ctrl Pts',(-10.3732240129801,75.6873472087989,2.10351627249359));
#5546=CARTESIAN_POINT('Ctrl Pts',(-12.4824185905151,73.9528188770423,2.10351627249359));
#5547=CARTESIAN_POINT('Ctrl Pts',(-15.1227483838094,73.9528188770423,2.10351627249359));
#5548=CARTESIAN_POINT('',(-10.3732240129801,78.3276907286455,4.10351627249359));
#5549=CARTESIAN_POINT('',(-10.3732240129801,78.3276907286455,2.10351627249359));
#5550=CARTESIAN_POINT('Ctrl Pts',(-10.3732240129801,78.3276907286455,4.10351627249359));
#5551=CARTESIAN_POINT('Ctrl Pts',(-10.3732240129801,75.6873472087989,4.10351627249359));
#5552=CARTESIAN_POINT('Ctrl Pts',(-12.4824185905151,73.9528188770423,4.10351627249359));
#5553=CARTESIAN_POINT('Ctrl Pts',(-15.1227483838094,73.9528188770423,4.10351627249359));
#5554=CARTESIAN_POINT('Ctrl Pts',(-15.1539900169067,83.1084430060197,2.10351627249359));
#5555=CARTESIAN_POINT('Ctrl Pts',(-15.1539900169067,83.1084430060197,4.10351627249359));
#5556=CARTESIAN_POINT('Ctrl Pts',(-12.5136602236125,83.1084430060197,2.10351627249359));
#5557=CARTESIAN_POINT('Ctrl Pts',(-12.5136602236125,83.1084430060197,4.10351627249359));
#5558=CARTESIAN_POINT('Ctrl Pts',(-10.3732240129801,80.9680342484921,2.10351627249359));
#5559=CARTESIAN_POINT('Ctrl Pts',(-10.3732240129801,80.9680342484921,4.10351627249359));
#5560=CARTESIAN_POINT('Ctrl Pts',(-10.3732240129801,78.3276907286455,2.10351627249359));
#5561=CARTESIAN_POINT('Ctrl Pts',(-10.3732240129801,78.3276907286455,4.10351627249359));
#5562=CARTESIAN_POINT('',(-15.1539900169067,83.1084430060197,2.10351627249359));
#5563=CARTESIAN_POINT('Ctrl Pts',(-15.1539900169067,83.1084430060197,2.10351627249359));
#5564=CARTESIAN_POINT('Ctrl Pts',(-12.5136602236125,83.1084430060197,2.10351627249359));
#5565=CARTESIAN_POINT('Ctrl Pts',(-10.3732240129801,80.9680342484921,2.10351627249359));
#5566=CARTESIAN_POINT('Ctrl Pts',(-10.3732240129801,78.3276907286455,2.10351627249359));
#5567=CARTESIAN_POINT('',(-15.1539900169067,83.1084430060197,4.10351627249359));
#5568=CARTESIAN_POINT('',(-15.1539900169067,83.1084430060197,2.10351627249359));
#5569=CARTESIAN_POINT('Ctrl Pts',(-15.1539900169067,83.1084430060197,4.10351627249359));
#5570=CARTESIAN_POINT('Ctrl Pts',(-12.5136602236125,83.1084430060197,4.10351627249359));
#5571=CARTESIAN_POINT('Ctrl Pts',(-10.3732240129801,80.9680342484921,4.10351627249359));
#5572=CARTESIAN_POINT('Ctrl Pts',(-10.3732240129801,78.3276907286455,4.10351627249359));
#5573=CARTESIAN_POINT('Ctrl Pts',(-19.9347285677286,78.3276907286455,2.10351627249359));
#5574=CARTESIAN_POINT('Ctrl Pts',(-19.9347285677286,78.3276907286455,4.10351627249359));
#5575=CARTESIAN_POINT('Ctrl Pts',(-19.9347285677286,80.9680205219397,2.10351627249359));
#5576=CARTESIAN_POINT('Ctrl Pts',(-19.9347285677286,80.9680205219397,4.10351627249359));
#5577=CARTESIAN_POINT('Ctrl Pts',(-17.794319810201,83.1084430060197,2.10351627249359));
#5578=CARTESIAN_POINT('Ctrl Pts',(-17.794319810201,83.1084430060197,4.10351627249359));
#5579=CARTESIAN_POINT('Ctrl Pts',(-15.1539900169067,83.1084430060197,2.10351627249359));
#5580=CARTESIAN_POINT('Ctrl Pts',(-15.1539900169067,83.1084430060197,4.10351627249359));
#5581=CARTESIAN_POINT('',(-19.9347285677286,78.3276907286455,2.10351627249359));
#5582=CARTESIAN_POINT('Ctrl Pts',(-19.9347285677286,78.3276907286455,2.10351627249359));
#5583=CARTESIAN_POINT('Ctrl Pts',(-19.9347285677286,80.9680205219397,2.10351627249359));
#5584=CARTESIAN_POINT('Ctrl Pts',(-17.794319810201,83.1084430060197,2.10351627249359));
#5585=CARTESIAN_POINT('Ctrl Pts',(-15.1539900169067,83.1084430060197,2.10351627249359));
#5586=CARTESIAN_POINT('',(-19.9347285677286,78.3276907286455,4.10351627249359));
#5587=CARTESIAN_POINT('',(-19.9347285677286,78.3276907286455,2.10351627249359));
#5588=CARTESIAN_POINT('Ctrl Pts',(-19.9347285677286,78.3276907286455,4.10351627249359));
#5589=CARTESIAN_POINT('Ctrl Pts',(-19.9347285677286,80.9680205219397,4.10351627249359));
#5590=CARTESIAN_POINT('Ctrl Pts',(-17.794319810201,83.1084430060197,4.10351627249359));
#5591=CARTESIAN_POINT('Ctrl Pts',(-15.1539900169067,83.1084430060197,4.10351627249359));
#5592=CARTESIAN_POINT('Ctrl Pts',(-17.671631885498,74.2628056082536,2.10351627249359));
#5593=CARTESIAN_POINT('Ctrl Pts',(-17.671631885498,74.2628056082536,4.10351627249359));
#5594=CARTESIAN_POINT('Ctrl Pts',(-19.0301213162435,75.1059865380734,2.10351627249359));
#5595=CARTESIAN_POINT('Ctrl Pts',(-19.0301213162435,75.1059865380734,4.10351627249359));
#5596=CARTESIAN_POINT('Ctrl Pts',(-19.9347285677286,76.6111990866472,2.10351627249359));
#5597=CARTESIAN_POINT('Ctrl Pts',(-19.9347285677286,76.6111990866472,4.10351627249359));
#5598=CARTESIAN_POINT('Ctrl Pts',(-19.9347285677286,78.3276907286455,2.10351627249359));
#5599=CARTESIAN_POINT('Ctrl Pts',(-19.9347285677286,78.3276907286455,4.10351627249359));
#5600=CARTESIAN_POINT('',(-17.671631885498,74.2628056082536,2.10351627249359));
#5601=CARTESIAN_POINT('Ctrl Pts',(-17.671631885498,74.2628056082536,2.10351627249359));
#5602=CARTESIAN_POINT('Ctrl Pts',(-19.0301213162435,75.1059865380734,2.10351627249359));
#5603=CARTESIAN_POINT('Ctrl Pts',(-19.9347285677286,76.6111990866472,2.10351627249359));
#5604=CARTESIAN_POINT('Ctrl Pts',(-19.9347285677286,78.3276907286455,2.10351627249359));
#5605=CARTESIAN_POINT('',(-17.671631885498,74.2628056082536,4.10351627249359));
#5606=CARTESIAN_POINT('',(-17.671631885498,74.2628056082536,2.10351627249359));
#5607=CARTESIAN_POINT('Ctrl Pts',(-17.671631885498,74.2628056082536,4.10351627249359));
#5608=CARTESIAN_POINT('Ctrl Pts',(-19.0301213162435,75.1059865380734,4.10351627249359));
#5609=CARTESIAN_POINT('Ctrl Pts',(-19.9347285677286,76.6111990866472,4.10351627249359));
#5610=CARTESIAN_POINT('Ctrl Pts',(-19.9347285677286,78.3276907286455,4.10351627249359));
#5611=CARTESIAN_POINT('Ctrl Pts',(-17.30469368868,74.0568661436845,2.10351627249359));
#5612=CARTESIAN_POINT('Ctrl Pts',(-17.30469368868,74.0568661436845,4.10351627249359));
#5613=CARTESIAN_POINT('Ctrl Pts',(-17.4302916424764,74.1202416357805,2.10351627249359));
#5614=CARTESIAN_POINT('Ctrl Pts',(-17.4302916424764,74.1202416357805,4.10351627249359));
#5615=CARTESIAN_POINT('Ctrl Pts',(-17.5527050361328,74.1889842098364,2.10351627249359));
#5616=CARTESIAN_POINT('Ctrl Pts',(-17.5527050361328,74.1889842098364,4.10351627249359));
#5617=CARTESIAN_POINT('Ctrl Pts',(-17.671631885498,74.2628056082536,2.10351627249359));
#5618=CARTESIAN_POINT('Ctrl Pts',(-17.671631885498,74.2628056082536,4.10351627249359));
#5619=CARTESIAN_POINT('',(-17.30469368868,74.0568661436845,2.10351627249359));
#5620=CARTESIAN_POINT('Ctrl Pts',(-17.30469368868,74.0568661436845,2.10351627249359));
#5621=CARTESIAN_POINT('Ctrl Pts',(-17.4302916424764,74.1202416357805,2.10351627249359));
#5622=CARTESIAN_POINT('Ctrl Pts',(-17.5527050361328,74.1889842098364,2.10351627249359));
#5623=CARTESIAN_POINT('Ctrl Pts',(-17.671631885498,74.2628056082536,2.10351627249359));
#5624=CARTESIAN_POINT('',(-17.30469368868,74.0568661436845,4.10351627249359));
#5625=CARTESIAN_POINT('',(-17.30469368868,74.0568661436845,2.10351627249359));
#5626=CARTESIAN_POINT('Ctrl Pts',(-17.30469368868,74.0568661436845,4.10351627249359));
#5627=CARTESIAN_POINT('Ctrl Pts',(-17.4302916424764,74.1202416357805,4.10351627249359));
#5628=CARTESIAN_POINT('Ctrl Pts',(-17.5527050361328,74.1889842098364,4.10351627249359));
#5629=CARTESIAN_POINT('Ctrl Pts',(-17.671631885498,74.2628056082536,4.10351627249359));
#5630=CARTESIAN_POINT('Ctrl Pts',(-16.7879164466553,55.3633196768571,2.10351627249359));
#5631=CARTESIAN_POINT('Ctrl Pts',(-16.7879164466553,55.3633196768571,4.10351627249359));
#5632=CARTESIAN_POINT('Ctrl Pts',(-11.4702226218872,55.9220727158993,2.10351627249359));
#5633=CARTESIAN_POINT('Ctrl Pts',(-11.4702226218872,55.9220727158993,4.10351627249359));
#5634=CARTESIAN_POINT('Ctrl Pts',(-2.17427194846596,65.244954884987,2.10351627249359));
#5635=CARTESIAN_POINT('Ctrl Pts',(-2.17427194846596,65.244954884987,4.10351627249359));
#5636=CARTESIAN_POINT('Ctrl Pts',(-17.30469368868,74.0568661436845,2.10351627249359));
#5637=CARTESIAN_POINT('Ctrl Pts',(-17.30469368868,74.0568661436845,4.10351627249359));
#5638=CARTESIAN_POINT('',(-16.7879164466553,55.3633196768571,2.10351627249359));
#5639=CARTESIAN_POINT('Ctrl Pts',(-16.7879164466553,55.3633196768571,2.10351627249359));
#5640=CARTESIAN_POINT('Ctrl Pts',(-11.4702226218872,55.9220727158993,2.10351627249359));
#5641=CARTESIAN_POINT('Ctrl Pts',(-2.17427194846596,65.244954884987,2.10351627249359));
#5642=CARTESIAN_POINT('Ctrl Pts',(-17.30469368868,74.0568661436845,2.10351627249359));
#5643=CARTESIAN_POINT('',(-16.7879164466553,55.3633196768571,4.10351627249359));
#5644=CARTESIAN_POINT('',(-16.7879164466553,55.3633196768571,2.10351627249359));
#5645=CARTESIAN_POINT('Ctrl Pts',(-16.7879164466553,55.3633196768571,4.10351627249359));
#5646=CARTESIAN_POINT('Ctrl Pts',(-11.4702226218872,55.9220727158993,4.10351627249359));
#5647=CARTESIAN_POINT('Ctrl Pts',(-2.17427194846596,65.244954884987,4.10351627249359));
#5648=CARTESIAN_POINT('Ctrl Pts',(-17.30469368868,74.0568661436845,4.10351627249359));
#5649=CARTESIAN_POINT('Ctrl Pts',(4.25620602038578,62.8076682537207,2.10351627249359));
#5650=CARTESIAN_POINT('Ctrl Pts',(4.25620602038578,62.8076682537207,4.10351627249359));
#5651=CARTESIAN_POINT('Ctrl Pts',(1.26156645841473,51.703463935992,2.10351627249359));
#5652=CARTESIAN_POINT('Ctrl Pts',(1.26156645841473,51.703463935992,4.10351627249359));
#5653=CARTESIAN_POINT('Ctrl Pts',(-12.9999919725748,46.0178436026384,2.10351627249359));
#5654=CARTESIAN_POINT('Ctrl Pts',(-12.9999919725748,46.0178436026384,4.10351627249359));
#5655=CARTESIAN_POINT('Ctrl Pts',(-16.7879164466553,55.3633196768571,2.10351627249359));
#5656=CARTESIAN_POINT('Ctrl Pts',(-16.7879164466553,55.3633196768571,4.10351627249359));
#5657=CARTESIAN_POINT('',(4.25620602038578,62.8076682537207,2.10351627249359));
#5658=CARTESIAN_POINT('Ctrl Pts',(4.25620602038578,62.8076682537207,2.10351627249359));
#5659=CARTESIAN_POINT('Ctrl Pts',(1.26156645841473,51.703463935992,2.10351627249359));
#5660=CARTESIAN_POINT('Ctrl Pts',(-12.9999919725748,46.0178436026384,2.10351627249359));
#5661=CARTESIAN_POINT('Ctrl Pts',(-16.7879164466553,55.3633196768571,2.10351627249359));
#5662=CARTESIAN_POINT('',(4.25620602038578,62.8076682537207,4.10351627249359));
#5663=CARTESIAN_POINT('',(4.25620602038578,62.8076682537207,2.10351627249359));
#5664=CARTESIAN_POINT('Ctrl Pts',(4.25620602038578,62.8076682537207,4.10351627249359));
#5665=CARTESIAN_POINT('Ctrl Pts',(1.26156645841473,51.703463935992,4.10351627249359));
#5666=CARTESIAN_POINT('Ctrl Pts',(-12.9999919725748,46.0178436026384,4.10351627249359));
#5667=CARTESIAN_POINT('Ctrl Pts',(-16.7879164466553,55.3633196768571,4.10351627249359));
#5668=CARTESIAN_POINT('Ctrl Pts',(5.81489274357799,98.8756151543665,2.10351627249359));
#5669=CARTESIAN_POINT('Ctrl Pts',(5.81489274357799,98.8756151543665,4.10351627249359));
#5670=CARTESIAN_POINT('Ctrl Pts',(5.88410335466529,87.5378442592831,2.10351627249359));
#5671=CARTESIAN_POINT('Ctrl Pts',(5.88410335466529,87.5378442592831,4.10351627249359));
#5672=CARTESIAN_POINT('Ctrl Pts',(6.67054366236352,71.7601304147157,2.10351627249359));
#5673=CARTESIAN_POINT('Ctrl Pts',(6.67054366236352,71.7601304147157,4.10351627249359));
#5674=CARTESIAN_POINT('Ctrl Pts',(4.25620602038578,62.8076682537207,2.10351627249359));
#5675=CARTESIAN_POINT('Ctrl Pts',(4.25620602038578,62.8076682537207,4.10351627249359));
#5676=CARTESIAN_POINT('',(5.81489274357799,98.8756151543665,2.10351627249359));
#5677=CARTESIAN_POINT('Ctrl Pts',(5.81489274357799,98.8756151543665,2.10351627249359));
#5678=CARTESIAN_POINT('Ctrl Pts',(5.88410335466529,87.5378442592831,2.10351627249359));
#5679=CARTESIAN_POINT('Ctrl Pts',(6.67054366236352,71.7601304147157,2.10351627249359));
#5680=CARTESIAN_POINT('Ctrl Pts',(4.25620602038578,62.8076682537207,2.10351627249359));
#5681=CARTESIAN_POINT('',(5.814892743578,98.8756151543665,4.10351627249359));
#5682=CARTESIAN_POINT('',(5.81489274357799,98.8756151543665,2.10351627249359));
#5683=CARTESIAN_POINT('Ctrl Pts',(5.81489274357799,98.8756151543665,4.10351627249359));
#5684=CARTESIAN_POINT('Ctrl Pts',(5.88410335466529,87.5378442592831,4.10351627249359));
#5685=CARTESIAN_POINT('Ctrl Pts',(6.67054366236352,71.7601304147157,4.10351627249359));
#5686=CARTESIAN_POINT('Ctrl Pts',(4.25620602038578,62.8076682537207,4.10351627249359));
#5687=CARTESIAN_POINT('Ctrl Pts',(38.9532790413208,62.8076682537207,2.10351627249359));
#5688=CARTESIAN_POINT('Ctrl Pts',(38.9532790413208,62.8076682537207,4.10351627249359));
#5689=CARTESIAN_POINT('Ctrl Pts',(36.3378521528667,72.5057775184025,2.10351627249359));
#5690=CARTESIAN_POINT('Ctrl Pts',(36.3378521528667,72.5057775184025,4.10351627249359));
#5691=CARTESIAN_POINT('Ctrl Pts',(37.4785906311821,90.213431461407,2.10351627249359));
#5692=CARTESIAN_POINT('Ctrl Pts',(37.4785906311821,90.213431461407,4.10351627249359));
#5693=CARTESIAN_POINT('Ctrl Pts',(37.3946954838728,101.60966005333,2.10351627249359));
#5694=CARTESIAN_POINT('Ctrl Pts',(37.3946954838728,101.60966005333,4.10351627249359));
#5695=CARTESIAN_POINT('',(38.9532790413208,62.8076682537207,2.10351627249359));
#5696=CARTESIAN_POINT('',(37.3946954838728,101.60966005333,2.10351627249359));
#5697=CARTESIAN_POINT('Ctrl Pts',(38.9532790413208,62.8076682537207,2.10351627249359));
#5698=CARTESIAN_POINT('Ctrl Pts',(36.3378521528667,72.5057775184025,2.10351627249359));
#5699=CARTESIAN_POINT('Ctrl Pts',(37.4785906311821,90.213431461407,2.10351627249359));
#5700=CARTESIAN_POINT('Ctrl Pts',(37.3946954838728,101.60966005333,2.10351627249359));
#5701=CARTESIAN_POINT('',(38.9532790413209,62.8076682537207,4.10351627249359));
#5702=CARTESIAN_POINT('',(38.9532790413208,62.8076682537207,2.10351627249359));
#5703=CARTESIAN_POINT('',(37.3946954838728,101.60966005333,4.10351627249359));
#5704=CARTESIAN_POINT('Ctrl Pts',(38.9532790413208,62.8076682537207,4.10351627249359));
#5705=CARTESIAN_POINT('Ctrl Pts',(36.3378521528667,72.5057775184025,4.10351627249359));
#5706=CARTESIAN_POINT('Ctrl Pts',(37.4785906311821,90.213431461407,4.10351627249359));
#5707=CARTESIAN_POINT('Ctrl Pts',(37.3946954838728,101.60966005333,4.10351627249359));
#5708=CARTESIAN_POINT('',(37.3946954838728,101.60966005333,2.10351627249359));
#5709=CARTESIAN_POINT('Ctrl Pts',(59.9974015083619,55.3633196768571,2.10351627249359));
#5710=CARTESIAN_POINT('Ctrl Pts',(59.9974015083619,55.3633196768571,4.10351627249359));
#5711=CARTESIAN_POINT('Ctrl Pts',(56.2094770342814,46.0178436026384,2.10351627249359));
#5712=CARTESIAN_POINT('Ctrl Pts',(56.2094770342814,46.0178436026384,4.10351627249359));
#5713=CARTESIAN_POINT('Ctrl Pts',(41.9479186032919,51.703463935992,2.10351627249359));
#5714=CARTESIAN_POINT('Ctrl Pts',(41.9479186032919,51.703463935992,4.10351627249359));
#5715=CARTESIAN_POINT('Ctrl Pts',(38.9532790413208,62.8076682537207,2.10351627249359));
#5716=CARTESIAN_POINT('Ctrl Pts',(38.9532790413208,62.8076682537207,4.10351627249359));
#5717=CARTESIAN_POINT('',(59.9974015083619,55.3633196768571,2.10351627249359));
#5718=CARTESIAN_POINT('Ctrl Pts',(59.9974015083619,55.3633196768571,2.10351627249359));
#5719=CARTESIAN_POINT('Ctrl Pts',(56.2094770342814,46.0178436026384,2.10351627249359));
#5720=CARTESIAN_POINT('Ctrl Pts',(41.9479186032919,51.703463935992,2.10351627249359));
#5721=CARTESIAN_POINT('Ctrl Pts',(38.9532790413208,62.8076682537207,2.10351627249359));
#5722=CARTESIAN_POINT('',(59.9974015083619,55.3633196768571,4.10351627249359));
#5723=CARTESIAN_POINT('',(59.9974015083619,55.3633196768571,2.10351627249359));
#5724=CARTESIAN_POINT('Ctrl Pts',(59.9974015083619,55.3633196768571,4.10351627249359));
#5725=CARTESIAN_POINT('Ctrl Pts',(56.2094770342814,46.0178436026384,4.10351627249359));
#5726=CARTESIAN_POINT('Ctrl Pts',(41.9479186032919,51.703463935992,4.10351627249359));
#5727=CARTESIAN_POINT('Ctrl Pts',(38.9532790413208,62.8076682537207,4.10351627249359));
#5728=CARTESIAN_POINT('Ctrl Pts',(60.5141787503866,74.0568661436845,2.10351627249359));
#5729=CARTESIAN_POINT('Ctrl Pts',(60.5141787503866,74.0568661436845,4.10351627249359));
#5730=CARTESIAN_POINT('Ctrl Pts',(45.3837570101726,65.244954884987,2.10351627249359));
#5731=CARTESIAN_POINT('Ctrl Pts',(45.3837570101726,65.244954884987,4.10351627249359));
#5732=CARTESIAN_POINT('Ctrl Pts',(54.6797076835938,55.9220727158993,2.10351627249359));
#5733=CARTESIAN_POINT('Ctrl Pts',(54.6797076835938,55.9220727158993,4.10351627249359));
#5734=CARTESIAN_POINT('Ctrl Pts',(59.9974015083619,55.3633196768571,2.10351627249359));
#5735=CARTESIAN_POINT('Ctrl Pts',(59.9974015083619,55.3633196768571,4.10351627249359));
#5736=CARTESIAN_POINT('',(60.5141787503866,74.0568661436845,2.10351627249359));
#5737=CARTESIAN_POINT('Ctrl Pts',(60.5141787503866,74.0568661436845,2.10351627249359));
#5738=CARTESIAN_POINT('Ctrl Pts',(45.3837570101726,65.244954884987,2.10351627249359));
#5739=CARTESIAN_POINT('Ctrl Pts',(54.6797076835938,55.9220727158993,2.10351627249359));
#5740=CARTESIAN_POINT('Ctrl Pts',(59.9974015083619,55.3633196768571,2.10351627249359));
#5741=CARTESIAN_POINT('',(60.5141787503866,74.0568661436845,4.10351627249359));
#5742=CARTESIAN_POINT('',(60.5141787503866,74.0568661436845,2.10351627249359));
#5743=CARTESIAN_POINT('Ctrl Pts',(60.5141787503866,74.0568661436845,4.10351627249359));
#5744=CARTESIAN_POINT('Ctrl Pts',(45.3837570101726,65.244954884987,4.10351627249359));
#5745=CARTESIAN_POINT('Ctrl Pts',(54.6797076835938,55.9220727158993,4.10351627249359));
#5746=CARTESIAN_POINT('Ctrl Pts',(59.9974015083619,55.3633196768571,4.10351627249359));
#5747=CARTESIAN_POINT('Ctrl Pts',(60.8811169472046,74.2628056082536,2.10351627249359));
#5748=CARTESIAN_POINT('Ctrl Pts',(60.8811169472046,74.2628056082536,4.10351627249359));
#5749=CARTESIAN_POINT('Ctrl Pts',(60.7621900978394,74.1889842098364,2.10351627249359));
#5750=CARTESIAN_POINT('Ctrl Pts',(60.7621900978394,74.1889842098364,4.10351627249359));
#5751=CARTESIAN_POINT('Ctrl Pts',(60.639776704183,74.1202416357805,2.10351627249359));
#5752=CARTESIAN_POINT('Ctrl Pts',(60.639776704183,74.1202416357805,4.10351627249359));
#5753=CARTESIAN_POINT('Ctrl Pts',(60.5141787503866,74.0568661436845,2.10351627249359));
#5754=CARTESIAN_POINT('Ctrl Pts',(60.5141787503866,74.0568661436845,4.10351627249359));
#5755=CARTESIAN_POINT('',(60.8811169472046,74.2628056082536,2.10351627249359));
#5756=CARTESIAN_POINT('Ctrl Pts',(60.8811169472046,74.2628056082536,2.10351627249359));
#5757=CARTESIAN_POINT('Ctrl Pts',(60.7621900978394,74.1889842098364,2.10351627249359));
#5758=CARTESIAN_POINT('Ctrl Pts',(60.639776704183,74.1202416357805,2.10351627249359));
#5759=CARTESIAN_POINT('Ctrl Pts',(60.5141787503866,74.0568661436845,2.10351627249359));
#5760=CARTESIAN_POINT('',(60.8811169472047,74.2628056082536,4.10351627249359));
#5761=CARTESIAN_POINT('',(60.8811169472046,74.2628056082536,2.10351627249359));
#5762=CARTESIAN_POINT('Ctrl Pts',(60.8811169472046,74.2628056082536,4.10351627249359));
#5763=CARTESIAN_POINT('Ctrl Pts',(60.7621900978394,74.1889842098364,4.10351627249359));
#5764=CARTESIAN_POINT('Ctrl Pts',(60.639776704183,74.1202416357805,4.10351627249359));
#5765=CARTESIAN_POINT('Ctrl Pts',(60.5141787503866,74.0568661436845,4.10351627249359));
#5766=CARTESIAN_POINT('Ctrl Pts',(63.1442136294353,78.3276907286455,2.10351627249359));
#5767=CARTESIAN_POINT('Ctrl Pts',(63.1442136294353,78.3276907286455,4.10351627249359));
#5768=CARTESIAN_POINT('Ctrl Pts',(63.1442136294353,76.6111990866472,2.10351627249359));
#5769=CARTESIAN_POINT('Ctrl Pts',(63.1442136294353,76.6111990866472,4.10351627249359));
#5770=CARTESIAN_POINT('Ctrl Pts',(62.2396063779501,75.1059865380734,2.10351627249359));
#5771=CARTESIAN_POINT('Ctrl Pts',(62.2396063779501,75.1059865380734,4.10351627249359));
#5772=CARTESIAN_POINT('Ctrl Pts',(60.8811169472046,74.2628056082536,2.10351627249359));
#5773=CARTESIAN_POINT('Ctrl Pts',(60.8811169472046,74.2628056082536,4.10351627249359));
#5774=CARTESIAN_POINT('',(63.1442136294353,78.3276907286455,2.10351627249359));
#5775=CARTESIAN_POINT('Ctrl Pts',(63.1442136294353,78.3276907286455,2.10351627249359));
#5776=CARTESIAN_POINT('Ctrl Pts',(63.1442136294353,76.6111990866472,2.10351627249359));
#5777=CARTESIAN_POINT('Ctrl Pts',(62.2396063779501,75.1059865380734,2.10351627249359));
#5778=CARTESIAN_POINT('Ctrl Pts',(60.8811169472046,74.2628056082536,2.10351627249359));
#5779=CARTESIAN_POINT('',(63.1442136294353,78.3276907286455,4.10351627249359));
#5780=CARTESIAN_POINT('',(63.1442136294353,78.3276907286455,2.10351627249359));
#5781=CARTESIAN_POINT('Ctrl Pts',(63.1442136294353,78.3276907286455,4.10351627249359));
#5782=CARTESIAN_POINT('Ctrl Pts',(63.1442136294353,76.6111990866472,4.10351627249359));
#5783=CARTESIAN_POINT('Ctrl Pts',(62.2396063779501,75.1059865380734,4.10351627249359));
#5784=CARTESIAN_POINT('Ctrl Pts',(60.8811169472046,74.2628056082536,4.10351627249359));
#5785=CARTESIAN_POINT('Ctrl Pts',(58.3634750786133,83.1084430060197,2.10351627249359));
#5786=CARTESIAN_POINT('Ctrl Pts',(58.3634750786133,83.1084430060197,4.10351627249359));
#5787=CARTESIAN_POINT('Ctrl Pts',(61.0038048719076,83.1084430060197,2.10351627249359));
#5788=CARTESIAN_POINT('Ctrl Pts',(61.0038048719076,83.1084430060197,4.10351627249359));
#5789=CARTESIAN_POINT('Ctrl Pts',(63.1442136294353,80.9680205219397,2.10351627249359));
#5790=CARTESIAN_POINT('Ctrl Pts',(63.1442136294353,80.9680205219397,4.10351627249359));
#5791=CARTESIAN_POINT('Ctrl Pts',(63.1442136294353,78.3276907286455,2.10351627249359));
#5792=CARTESIAN_POINT('Ctrl Pts',(63.1442136294353,78.3276907286455,4.10351627249359));
#5793=CARTESIAN_POINT('',(58.3634750786133,83.1084430060197,2.10351627249359));
#5794=CARTESIAN_POINT('Ctrl Pts',(58.3634750786133,83.1084430060197,2.10351627249359));
#5795=CARTESIAN_POINT('Ctrl Pts',(61.0038048719076,83.1084430060197,2.10351627249359));
#5796=CARTESIAN_POINT('Ctrl Pts',(63.1442136294353,80.9680205219397,2.10351627249359));
#5797=CARTESIAN_POINT('Ctrl Pts',(63.1442136294353,78.3276907286455,2.10351627249359));
#5798=CARTESIAN_POINT('',(58.3634750786133,83.1084430060197,4.10351627249359));
#5799=CARTESIAN_POINT('',(58.3634750786133,83.1084430060197,2.10351627249359));
#5800=CARTESIAN_POINT('Ctrl Pts',(58.3634750786133,83.1084430060197,4.10351627249359));
#5801=CARTESIAN_POINT('Ctrl Pts',(61.0038048719076,83.1084430060197,4.10351627249359));
#5802=CARTESIAN_POINT('Ctrl Pts',(63.1442136294353,80.9680205219397,4.10351627249359));
#5803=CARTESIAN_POINT('Ctrl Pts',(63.1442136294353,78.3276907286455,4.10351627249359));
#5804=CARTESIAN_POINT('Ctrl Pts',(53.5827090746867,78.3276907286455,2.10351627249359));
#5805=CARTESIAN_POINT('Ctrl Pts',(53.5827090746867,78.3276907286455,4.10351627249359));
#5806=CARTESIAN_POINT('Ctrl Pts',(53.5827090746867,80.9680342484921,2.10351627249359));
#5807=CARTESIAN_POINT('Ctrl Pts',(53.5827090746867,80.9680342484921,4.10351627249359));
#5808=CARTESIAN_POINT('Ctrl Pts',(55.723145285319,83.1084430060197,2.10351627249359));
#5809=CARTESIAN_POINT('Ctrl Pts',(55.723145285319,83.1084430060197,4.10351627249359));
#5810=CARTESIAN_POINT('Ctrl Pts',(58.3634750786133,83.1084430060197,2.10351627249359));
#5811=CARTESIAN_POINT('Ctrl Pts',(58.3634750786133,83.1084430060197,4.10351627249359));
#5812=CARTESIAN_POINT('',(53.5827090746867,78.3276907286455,2.10351627249359));
#5813=CARTESIAN_POINT('Ctrl Pts',(53.5827090746867,78.3276907286455,2.10351627249359));
#5814=CARTESIAN_POINT('Ctrl Pts',(53.5827090746867,80.9680342484921,2.10351627249359));
#5815=CARTESIAN_POINT('Ctrl Pts',(55.723145285319,83.1084430060197,2.10351627249359));
#5816=CARTESIAN_POINT('Ctrl Pts',(58.3634750786133,83.1084430060197,2.10351627249359));
#5817=CARTESIAN_POINT('',(53.5827090746867,78.3276907286455,4.10351627249359));
#5818=CARTESIAN_POINT('',(53.5827090746867,78.3276907286455,2.10351627249359));
#5819=CARTESIAN_POINT('Ctrl Pts',(53.5827090746867,78.3276907286455,4.10351627249359));
#5820=CARTESIAN_POINT('Ctrl Pts',(53.5827090746867,80.9680342484921,4.10351627249359));
#5821=CARTESIAN_POINT('Ctrl Pts',(55.723145285319,83.1084430060197,4.10351627249359));
#5822=CARTESIAN_POINT('Ctrl Pts',(58.3634750786133,83.1084430060197,4.10351627249359));
#5823=CARTESIAN_POINT('Ctrl Pts',(58.332233445516,73.9528188770423,2.10351627249359));
#5824=CARTESIAN_POINT('Ctrl Pts',(58.332233445516,73.9528188770423,4.10351627249359));
#5825=CARTESIAN_POINT('Ctrl Pts',(55.6919036522217,73.9528188770423,2.10351627249359));
#5826=CARTESIAN_POINT('Ctrl Pts',(55.6919036522217,73.9528188770423,4.10351627249359));
#5827=CARTESIAN_POINT('Ctrl Pts',(53.5827090746867,75.6873472087989,2.10351627249359));
#5828=CARTESIAN_POINT('Ctrl Pts',(53.5827090746867,75.6873472087989,4.10351627249359));
#5829=CARTESIAN_POINT('Ctrl Pts',(53.5827090746867,78.3276907286455,2.10351627249359));
#5830=CARTESIAN_POINT('Ctrl Pts',(53.5827090746867,78.3276907286455,4.10351627249359));
#5831=CARTESIAN_POINT('',(58.332233445516,73.9528188770423,2.10351627249359));
#5832=CARTESIAN_POINT('Ctrl Pts',(58.332233445516,73.9528188770423,2.10351627249359));
#5833=CARTESIAN_POINT('Ctrl Pts',(55.6919036522217,73.9528188770423,2.10351627249359));
#5834=CARTESIAN_POINT('Ctrl Pts',(53.5827090746867,75.6873472087989,2.10351627249359));
#5835=CARTESIAN_POINT('Ctrl Pts',(53.5827090746867,78.3276907286455,2.10351627249359));
#5836=CARTESIAN_POINT('',(58.332233445516,73.9528188770423,4.10351627249359));
#5837=CARTESIAN_POINT('',(58.332233445516,73.9528188770423,2.10351627249359));
#5838=CARTESIAN_POINT('Ctrl Pts',(58.332233445516,73.9528188770423,4.10351627249359));
#5839=CARTESIAN_POINT('Ctrl Pts',(55.6919036522217,73.9528188770423,4.10351627249359));
#5840=CARTESIAN_POINT('Ctrl Pts',(53.5827090746867,75.6873472087989,4.10351627249359));
#5841=CARTESIAN_POINT('Ctrl Pts',(53.5827090746867,78.3276907286455,4.10351627249359));
#5842=CARTESIAN_POINT('Ctrl Pts',(48.1812009214071,80.741683400612,2.10351627249359));
#5843=CARTESIAN_POINT('Ctrl Pts',(48.1812009214071,80.741683400612,4.10351627249359));
#5844=CARTESIAN_POINT('Ctrl Pts',(47.1547018852539,76.8238508353044,2.10351627249359));
#5845=CARTESIAN_POINT('Ctrl Pts',(47.1547018852539,76.8238508353044,4.10351627249359));
#5846=CARTESIAN_POINT('Ctrl Pts',(51.8929704831747,69.0418565242896,2.10351627249359));
#5847=CARTESIAN_POINT('Ctrl Pts',(51.8929704831747,69.0418565242896,4.10351627249359));
#5848=CARTESIAN_POINT('Ctrl Pts',(58.332233445516,73.9528188770423,2.10351627249359));
#5849=CARTESIAN_POINT('Ctrl Pts',(58.332233445516,73.9528188770423,4.10351627249359));
#5850=CARTESIAN_POINT('',(48.1812009214071,80.741683400612,2.10351627249359));
#5851=CARTESIAN_POINT('Ctrl Pts',(48.1812009214071,80.741683400612,2.10351627249359));
#5852=CARTESIAN_POINT('Ctrl Pts',(47.1547018852539,76.8238508353044,2.10351627249359));
#5853=CARTESIAN_POINT('Ctrl Pts',(51.8929704831747,69.0418565242896,2.10351627249359));
#5854=CARTESIAN_POINT('Ctrl Pts',(58.332233445516,73.9528188770423,2.10351627249359));
#5855=CARTESIAN_POINT('',(48.1812009214071,80.741683400612,4.10351627249359));
#5856=CARTESIAN_POINT('',(48.1812009214071,80.741683400612,2.10351627249359));
#5857=CARTESIAN_POINT('Ctrl Pts',(48.1812009214071,80.741683400612,4.10351627249359));
#5858=CARTESIAN_POINT('Ctrl Pts',(47.1547018852539,76.8238508353044,4.10351627249359));
#5859=CARTESIAN_POINT('Ctrl Pts',(51.8929704831747,69.0418565242896,4.10351627249359));
#5860=CARTESIAN_POINT('Ctrl Pts',(58.332233445516,73.9528188770423,4.10351627249359));
#5861=CARTESIAN_POINT('Ctrl Pts',(41.4574963417359,82.2198546411007,2.10351627249359));
#5862=CARTESIAN_POINT('Ctrl Pts',(41.4574963417359,82.2198546411007,4.10351627249359));
#5863=CARTESIAN_POINT('Ctrl Pts',(43.7397827441203,80.946991443774,2.10351627249359));
#5864=CARTESIAN_POINT('Ctrl Pts',(43.7397827441203,80.946991443774,4.10351627249359));
#5865=CARTESIAN_POINT('Ctrl Pts',(45.2830041160889,80.7827532451758,2.10351627249359));
#5866=CARTESIAN_POINT('Ctrl Pts',(45.2830041160889,80.7827532451758,4.10351627249359));
#5867=CARTESIAN_POINT('Ctrl Pts',(48.1812009214071,80.741683400612,2.10351627249359));
#5868=CARTESIAN_POINT('Ctrl Pts',(48.1812009214071,80.741683400612,4.10351627249359));
#5869=CARTESIAN_POINT('',(41.4574963417359,82.2198546411007,2.10351627249359));
#5870=CARTESIAN_POINT('Ctrl Pts',(41.4574963417359,82.2198546411007,2.10351627249359));
#5871=CARTESIAN_POINT('Ctrl Pts',(43.7397827441203,80.946991443774,2.10351627249359));
#5872=CARTESIAN_POINT('Ctrl Pts',(45.2830041160889,80.7827532451758,2.10351627249359));
#5873=CARTESIAN_POINT('Ctrl Pts',(48.1812009214071,80.741683400612,2.10351627249359));
#5874=CARTESIAN_POINT('',(41.4574963417359,82.2198546411007,4.10351627249359));
#5875=CARTESIAN_POINT('',(41.4574963417359,82.2198546411007,2.10351627249359));
#5876=CARTESIAN_POINT('Ctrl Pts',(41.4574963417359,82.2198546411007,4.10351627249359));
#5877=CARTESIAN_POINT('Ctrl Pts',(43.7397827441203,80.946991443774,4.10351627249359));
#5878=CARTESIAN_POINT('Ctrl Pts',(45.2830041160889,80.7827532451758,4.10351627249359));
#5879=CARTESIAN_POINT('Ctrl Pts',(48.1812009214071,80.741683400612,4.10351627249359));
#5880=CARTESIAN_POINT('Ctrl Pts',(46.0620408668824,92.2665790940731,2.10351627249359));
#5881=CARTESIAN_POINT('Ctrl Pts',(46.0620408668824,92.2665790940731,4.10351627249359));
#5882=CARTESIAN_POINT('Ctrl Pts',(43.2543020414022,88.7123628999203,2.10351627249359));
#5883=CARTESIAN_POINT('Ctrl Pts',(43.2543020414022,88.7123628999203,4.10351627249359));
#5884=CARTESIAN_POINT('Ctrl Pts',(42.787050200175,86.2667854310482,2.10351627249359));
#5885=CARTESIAN_POINT('Ctrl Pts',(42.787050200175,86.2667854310482,4.10351627249359));
#5886=CARTESIAN_POINT('Ctrl Pts',(41.4574963417359,82.2198546411007,2.10351627249359));
#5887=CARTESIAN_POINT('Ctrl Pts',(41.4574963417359,82.2198546411007,4.10351627249359));
#5888=CARTESIAN_POINT('',(46.0620408668824,92.2665790940731,2.10351627249359));
#5889=CARTESIAN_POINT('Ctrl Pts',(46.0620408668824,92.2665790940731,2.10351627249359));
#5890=CARTESIAN_POINT('Ctrl Pts',(43.2543020414022,88.7123628999203,2.10351627249359));
#5891=CARTESIAN_POINT('Ctrl Pts',(42.787050200175,86.2667854310482,2.10351627249359));
#5892=CARTESIAN_POINT('Ctrl Pts',(41.4574963417359,82.2198546411007,2.10351627249359));
#5893=CARTESIAN_POINT('',(46.0620408668824,92.2665790940731,4.10351627249359));
#5894=CARTESIAN_POINT('',(46.0620408668824,92.2665790940731,2.10351627249359));
#5895=CARTESIAN_POINT('Ctrl Pts',(46.0620408668824,92.2665790940731,4.10351627249359));
#5896=CARTESIAN_POINT('Ctrl Pts',(43.2543020414022,88.7123628999203,4.10351627249359));
#5897=CARTESIAN_POINT('Ctrl Pts',(42.787050200175,86.2667854310482,4.10351627249359));
#5898=CARTESIAN_POINT('Ctrl Pts',(41.4574963417359,82.2198546411007,4.10351627249359));
#5899=CARTESIAN_POINT('Ctrl Pts',(40.7718825060832,98.2116449929684,2.10351627249359));
#5900=CARTESIAN_POINT('Ctrl Pts',(40.7718825060832,98.2116449929684,4.10351627249359));
#5901=CARTESIAN_POINT('Ctrl Pts',(40.5157724927572,95.2349460348893,2.10351627249359));
#5902=CARTESIAN_POINT('Ctrl Pts',(40.5157724927572,95.2349460348893,4.10351627249359));
#5903=CARTESIAN_POINT('Ctrl Pts',(42.4905017636922,92.4084155592729,2.10351627249359));
#5904=CARTESIAN_POINT('Ctrl Pts',(42.4905017636922,92.4084155592729,4.10351627249359));
#5905=CARTESIAN_POINT('Ctrl Pts',(46.0620408668824,92.2665790940731,2.10351627249359));
#5906=CARTESIAN_POINT('Ctrl Pts',(46.0620408668824,92.2665790940731,4.10351627249359));
#5907=CARTESIAN_POINT('',(40.7718825060832,98.2116449929684,2.10351627249359));
#5908=CARTESIAN_POINT('Ctrl Pts',(40.7718825060832,98.2116449929684,2.10351627249359));
#5909=CARTESIAN_POINT('Ctrl Pts',(40.5157724927572,95.2349460348893,2.10351627249359));
#5910=CARTESIAN_POINT('Ctrl Pts',(42.4905017636922,92.4084155592729,2.10351627249359));
#5911=CARTESIAN_POINT('Ctrl Pts',(46.0620408668824,92.2665790940731,2.10351627249359));
#5912=CARTESIAN_POINT('',(40.7718825060832,98.2116449929684,4.10351627249359));
#5913=CARTESIAN_POINT('',(40.7718825060832,98.2116449929684,2.10351627249359));
#5914=CARTESIAN_POINT('Ctrl Pts',(40.7718825060832,98.2116449929684,4.10351627249359));
#5915=CARTESIAN_POINT('Ctrl Pts',(40.5157724927572,95.2349460348893,4.10351627249359));
#5916=CARTESIAN_POINT('Ctrl Pts',(42.4905017636922,92.4084155592729,4.10351627249359));
#5917=CARTESIAN_POINT('Ctrl Pts',(46.0620408668824,92.2665790940731,4.10351627249359));
#5918=CARTESIAN_POINT('Ctrl Pts',(43.2524278607158,105.460006702989,2.10351627249359));
#5919=CARTESIAN_POINT('Ctrl Pts',(43.2524278607158,105.460006702989,4.10351627249359));
#5920=CARTESIAN_POINT('Ctrl Pts',(42.6870062869207,103.381351639139,2.10351627249359));
#5921=CARTESIAN_POINT('Ctrl Pts',(42.6870062869207,103.381351639139,4.10351627249359));
#5922=CARTESIAN_POINT('Ctrl Pts',(40.9883551483825,100.727642912751,2.10351627249359));
#5923=CARTESIAN_POINT('Ctrl Pts',(40.9883551483825,100.727642912751,4.10351627249359));
#5924=CARTESIAN_POINT('Ctrl Pts',(40.7718825060832,98.2116449929684,2.10351627249359));
#5925=CARTESIAN_POINT('Ctrl Pts',(40.7718825060832,98.2116449929684,4.10351627249359));
#5926=CARTESIAN_POINT('',(43.2524278607158,105.460006702989,2.10351627249359));
#5927=CARTESIAN_POINT('Ctrl Pts',(43.2524278607159,105.460006702989,2.10351627249359));
#5928=CARTESIAN_POINT('Ctrl Pts',(42.6870062869207,103.381351639139,2.10351627249359));
#5929=CARTESIAN_POINT('Ctrl Pts',(40.9883551483825,100.727642912751,2.10351627249359));
#5930=CARTESIAN_POINT('Ctrl Pts',(40.7718825060832,98.2116449929684,2.10351627249359));
#5931=CARTESIAN_POINT('',(43.2524278607159,105.460006702989,4.10351627249359));
#5932=CARTESIAN_POINT('',(43.2524278607158,105.460006702989,2.10351627249359));
#5933=CARTESIAN_POINT('Ctrl Pts',(43.2524278607159,105.460006702989,4.10351627249359));
#5934=CARTESIAN_POINT('Ctrl Pts',(42.6870062869207,103.381351639139,4.10351627249359));
#5935=CARTESIAN_POINT('Ctrl Pts',(40.9883551483825,100.727642912751,4.10351627249359));
#5936=CARTESIAN_POINT('Ctrl Pts',(40.7718825060832,98.2116449929684,4.10351627249359));
#5937=CARTESIAN_POINT('Ctrl Pts',(52.1480921847331,109.587854671618,2.10351627249359));
#5938=CARTESIAN_POINT('Ctrl Pts',(52.1480921847331,109.587854671618,4.10351627249359));
#5939=CARTESIAN_POINT('Ctrl Pts',(49.8129403525056,109.386941752209,2.10351627249359));
#5940=CARTESIAN_POINT('Ctrl Pts',(49.8129403525056,109.386941752209,4.10351627249359));
#5941=CARTESIAN_POINT('Ctrl Pts',(47.3591631136298,107.909258618388,2.10351627249359));
#5942=CARTESIAN_POINT('Ctrl Pts',(47.3591631136298,107.909258618388,4.10351627249359));
#5943=CARTESIAN_POINT('Ctrl Pts',(45.3566160195703,107.24582715327,2.10351627249359));
#5944=CARTESIAN_POINT('Ctrl Pts',(45.3566160195703,107.24582715327,4.10351627249359));
#5945=CARTESIAN_POINT('',(52.1480921847331,109.587854671618,2.10351627249359));
#5946=CARTESIAN_POINT('',(45.3566160195703,107.24582715327,2.10351627249359));
#5947=CARTESIAN_POINT('Ctrl Pts',(52.1480921847331,109.587854671618,2.10351627249359));
#5948=CARTESIAN_POINT('Ctrl Pts',(49.8129403525056,109.386941752209,2.10351627249359));
#5949=CARTESIAN_POINT('Ctrl Pts',(47.3591631136298,107.909258618388,2.10351627249359));
#5950=CARTESIAN_POINT('Ctrl Pts',(45.3566160195703,107.24582715327,2.10351627249359));
#5951=CARTESIAN_POINT('',(52.1480921847331,109.587854671618,4.10351627249359));
#5952=CARTESIAN_POINT('',(52.1480921847331,109.587854671618,2.10351627249359));
#5953=CARTESIAN_POINT('',(45.3566160195703,107.24582715327,4.10351627249359));
#5954=CARTESIAN_POINT('Ctrl Pts',(52.1480921847331,109.587854671618,4.10351627249359));
#5955=CARTESIAN_POINT('Ctrl Pts',(49.8129403525056,109.386941752209,4.10351627249359));
#5956=CARTESIAN_POINT('Ctrl Pts',(47.3591631136298,107.909258618388,4.10351627249359));
#5957=CARTESIAN_POINT('Ctrl Pts',(45.3566160195703,107.24582715327,4.10351627249359));
#5958=CARTESIAN_POINT('',(45.3566160195703,107.24582715327,2.10351627249359));
#5959=CARTESIAN_POINT('Ctrl Pts',(58.0931718101807,104.297710037371,2.10351627249359));
#5960=CARTESIAN_POINT('Ctrl Pts',(58.0931718101807,104.297710037371,4.10351627249359));
#5961=CARTESIAN_POINT('Ctrl Pts',(57.9513216184286,107.869249140562,2.10351627249359));
#5962=CARTESIAN_POINT('Ctrl Pts',(57.9513216184286,107.869249140562,4.10351627249359));
#5963=CARTESIAN_POINT('Ctrl Pts',(55.1247774162598,109.843964684944,2.10351627249359));
#5964=CARTESIAN_POINT('Ctrl Pts',(55.1247774162598,109.843964684944,4.10351627249359));
#5965=CARTESIAN_POINT('Ctrl Pts',(52.1480921847331,109.587854671618,2.10351627249359));
#5966=CARTESIAN_POINT('Ctrl Pts',(52.1480921847331,109.587854671618,4.10351627249359));
#5967=CARTESIAN_POINT('',(58.0931718101807,104.297710037371,2.10351627249359));
#5968=CARTESIAN_POINT('Ctrl Pts',(58.0931718101807,104.297710037371,2.10351627249359));
#5969=CARTESIAN_POINT('Ctrl Pts',(57.9513216184286,107.869249140562,2.10351627249359));
#5970=CARTESIAN_POINT('Ctrl Pts',(55.1247774162598,109.843964684944,2.10351627249359));
#5971=CARTESIAN_POINT('Ctrl Pts',(52.1480921847331,109.587854671618,2.10351627249359));
#5972=CARTESIAN_POINT('',(58.0931718101807,104.297710037371,4.10351627249359));
#5973=CARTESIAN_POINT('',(58.0931718101807,104.297710037371,2.10351627249359));
#5974=CARTESIAN_POINT('Ctrl Pts',(58.0931718101807,104.297710037371,4.10351627249359));
#5975=CARTESIAN_POINT('Ctrl Pts',(57.9513216184286,107.869249140562,4.10351627249359));
#5976=CARTESIAN_POINT('Ctrl Pts',(55.1247774162598,109.843964684944,4.10351627249359));
#5977=CARTESIAN_POINT('Ctrl Pts',(52.1480921847331,109.587854671618,4.10351627249359));
#5978=CARTESIAN_POINT('Ctrl Pts',(68.1398825366008,108.902254562518,2.10351627249359));
#5979=CARTESIAN_POINT('Ctrl Pts',(68.1398825366008,108.902254562518,4.10351627249359));
#5980=CARTESIAN_POINT('Ctrl Pts',(64.0929654732056,107.572700704079,2.10351627249359));
#5981=CARTESIAN_POINT('Ctrl Pts',(64.0929654732056,107.572700704079,4.10351627249359));
#5982=CARTESIAN_POINT('Ctrl Pts',(61.6473880043335,107.105435136299,2.10351627249359));
#5983=CARTESIAN_POINT('Ctrl Pts',(61.6473880043335,107.105435136299,4.10351627249359));
#5984=CARTESIAN_POINT('Ctrl Pts',(58.0931718101807,104.297710037371,2.10351627249359));
#5985=CARTESIAN_POINT('Ctrl Pts',(58.0931718101807,104.297710037371,4.10351627249359));
#5986=CARTESIAN_POINT('',(68.1398825366008,108.902254562518,2.10351627249359));
#5987=CARTESIAN_POINT('Ctrl Pts',(68.1398825366008,108.902254562518,2.10351627249359));
#5988=CARTESIAN_POINT('Ctrl Pts',(64.0929654732056,107.572700704079,2.10351627249359));
#5989=CARTESIAN_POINT('Ctrl Pts',(61.6473880043335,107.105435136299,2.10351627249359));
#5990=CARTESIAN_POINT('Ctrl Pts',(58.0931718101807,104.297710037371,2.10351627249359));
#5991=CARTESIAN_POINT('',(68.1398825366008,108.902254562518,4.10351627249359));
#5992=CARTESIAN_POINT('',(68.1398825366008,108.902254562518,2.10351627249359));
#5993=CARTESIAN_POINT('Ctrl Pts',(68.1398825366008,108.902254562518,4.10351627249359));
#5994=CARTESIAN_POINT('Ctrl Pts',(64.0929654732056,107.572700704079,4.10351627249359));
#5995=CARTESIAN_POINT('Ctrl Pts',(61.6473880043335,107.105435136299,4.10351627249359));
#5996=CARTESIAN_POINT('Ctrl Pts',(58.0931718101807,104.297710037371,4.10351627249359));
#5997=CARTESIAN_POINT('Ctrl Pts',(69.6180675036418,102.178549982847,2.10351627249359));
#5998=CARTESIAN_POINT('Ctrl Pts',(69.6180675036418,102.178549982847,4.10351627249359));
#5999=CARTESIAN_POINT('Ctrl Pts',(69.576997659078,105.076746788165,2.10351627249359));
#6000=CARTESIAN_POINT('Ctrl Pts',(69.576997659078,105.076746788165,4.10351627249359));
#6001=CARTESIAN_POINT('Ctrl Pts',(69.4127457339274,106.619954433581,2.10351627249359));
#6002=CARTESIAN_POINT('Ctrl Pts',(69.4127457339274,106.619954433581,4.10351627249359));
#6003=CARTESIAN_POINT('Ctrl Pts',(68.1398825366008,108.902254562518,2.10351627249359));
#6004=CARTESIAN_POINT('Ctrl Pts',(68.1398825366008,108.902254562518,4.10351627249359));
#6005=CARTESIAN_POINT('',(69.6180675036418,102.178549982847,2.10351627249359));
#6006=CARTESIAN_POINT('Ctrl Pts',(69.6180675036418,102.178549982847,2.10351627249359));
#6007=CARTESIAN_POINT('Ctrl Pts',(69.576997659078,105.076746788165,2.10351627249359));
#6008=CARTESIAN_POINT('Ctrl Pts',(69.4127457339274,106.619954433581,2.10351627249359));
#6009=CARTESIAN_POINT('Ctrl Pts',(68.1398825366008,108.902254562518,2.10351627249359));
#6010=CARTESIAN_POINT('',(69.6180675036418,102.178549982847,4.10351627249359));
#6011=CARTESIAN_POINT('',(69.6180675036418,102.178549982847,2.10351627249359));
#6012=CARTESIAN_POINT('Ctrl Pts',(69.6180675036418,102.178549982847,4.10351627249359));
#6013=CARTESIAN_POINT('Ctrl Pts',(69.576997659078,105.076746788165,4.10351627249359));
#6014=CARTESIAN_POINT('Ctrl Pts',(69.4127457339274,106.619954433581,4.10351627249359));
#6015=CARTESIAN_POINT('Ctrl Pts',(68.1398825366008,108.902254562518,4.10351627249359));
#6016=CARTESIAN_POINT('Ctrl Pts',(76.4069320272115,92.0275311852901,2.10351627249359));
#6017=CARTESIAN_POINT('Ctrl Pts',(76.4069320272115,92.0275311852901,4.10351627249359));
#6018=CARTESIAN_POINT('Ctrl Pts',(81.3178806534119,98.4668078741838,2.10351627249359));
#6019=CARTESIAN_POINT('Ctrl Pts',(81.3178806534119,98.4668078741838,4.10351627249359));
#6020=CARTESIAN_POINT('Ctrl Pts',(73.5359000689494,103.205062745552,2.10351627249359));
#6021=CARTESIAN_POINT('Ctrl Pts',(73.5359000689494,103.205062745552,4.10351627249359));
#6022=CARTESIAN_POINT('Ctrl Pts',(69.6180675036418,102.178549982847,2.10351627249359));
#6023=CARTESIAN_POINT('Ctrl Pts',(69.6180675036418,102.178549982847,4.10351627249359));
#6024=CARTESIAN_POINT('',(76.4069320272115,92.0275311852901,2.10351627249359));
#6025=CARTESIAN_POINT('Ctrl Pts',(76.4069320272115,92.0275311852901,2.10351627249359));
#6026=CARTESIAN_POINT('Ctrl Pts',(81.3178806534119,98.4668078741838,2.10351627249359));
#6027=CARTESIAN_POINT('Ctrl Pts',(73.5359000689494,103.205062745552,2.10351627249359));
#6028=CARTESIAN_POINT('Ctrl Pts',(69.6180675036418,102.178549982847,2.10351627249359));
#6029=CARTESIAN_POINT('',(76.4069320272115,92.0275311852901,4.10351627249359));
#6030=CARTESIAN_POINT('',(76.4069320272115,92.0275311852901,2.10351627249359));
#6031=CARTESIAN_POINT('Ctrl Pts',(76.4069320272115,92.0275311852901,4.10351627249359));
#6032=CARTESIAN_POINT('Ctrl Pts',(81.3178806534119,98.4668078741838,4.10351627249359));
#6033=CARTESIAN_POINT('Ctrl Pts',(73.5359000689494,103.205062745552,4.10351627249359));
#6034=CARTESIAN_POINT('Ctrl Pts',(69.6180675036418,102.178549982847,4.10351627249359));
#6035=CARTESIAN_POINT('Ctrl Pts',(72.032046449056,96.7770692826717,2.10351627249359));
#6036=CARTESIAN_POINT('Ctrl Pts',(72.032046449056,96.7770692826717,4.10351627249359));
#6037=CARTESIAN_POINT('Ctrl Pts',(74.6724036954549,96.7770692826717,2.10351627249359));
#6038=CARTESIAN_POINT('Ctrl Pts',(74.6724036954549,96.7770692826717,4.10351627249359));
#6039=CARTESIAN_POINT('Ctrl Pts',(76.4069320272115,94.6678747051368,2.10351627249359));
#6040=CARTESIAN_POINT('Ctrl Pts',(76.4069320272115,94.6678747051368,4.10351627249359));
#6041=CARTESIAN_POINT('Ctrl Pts',(76.4069320272115,92.0275311852901,2.10351627249359));
#6042=CARTESIAN_POINT('Ctrl Pts',(76.4069320272115,92.0275311852901,4.10351627249359));
#6043=CARTESIAN_POINT('',(72.032046449056,96.7770692826717,2.10351627249359));
#6044=CARTESIAN_POINT('Ctrl Pts',(72.032046449056,96.7770692826717,2.10351627249359));
#6045=CARTESIAN_POINT('Ctrl Pts',(74.6724036954549,96.7770692826717,2.10351627249359));
#6046=CARTESIAN_POINT('Ctrl Pts',(76.4069320272115,94.6678747051368,2.10351627249359));
#6047=CARTESIAN_POINT('Ctrl Pts',(76.4069320272115,92.0275311852901,2.10351627249359));
#6048=CARTESIAN_POINT('',(72.032046449056,96.7770692826717,4.10351627249359));
#6049=CARTESIAN_POINT('',(72.032046449056,96.7770692826717,2.10351627249359));
#6050=CARTESIAN_POINT('Ctrl Pts',(72.032046449056,96.7770692826717,4.10351627249359));
#6051=CARTESIAN_POINT('Ctrl Pts',(74.6724036954549,96.7770692826717,4.10351627249359));
#6052=CARTESIAN_POINT('Ctrl Pts',(76.4069320272115,94.6678747051368,4.10351627249359));
#6053=CARTESIAN_POINT('Ctrl Pts',(76.4069320272115,92.0275311852901,4.10351627249359));
#6054=CARTESIAN_POINT('Ctrl Pts',(67.2513078982341,91.9963170052975,2.10351627249359));
#6055=CARTESIAN_POINT('Ctrl Pts',(67.2513078982341,91.9963170052975,4.10351627249359));
#6056=CARTESIAN_POINT('Ctrl Pts',(67.2513078982341,94.6366467985918,2.10351627249359));
#6057=CARTESIAN_POINT('Ctrl Pts',(67.2513078982341,94.6366467985918,4.10351627249359));
#6058=CARTESIAN_POINT('Ctrl Pts',(69.3917166557618,96.7770692826717,2.10351627249359));
#6059=CARTESIAN_POINT('Ctrl Pts',(69.3917166557618,96.7770692826717,4.10351627249359));
#6060=CARTESIAN_POINT('Ctrl Pts',(72.032046449056,96.7770692826717,2.10351627249359));
#6061=CARTESIAN_POINT('Ctrl Pts',(72.032046449056,96.7770692826717,4.10351627249359));
#6062=CARTESIAN_POINT('',(67.2513078982341,91.9963170052975,2.10351627249359));
#6063=CARTESIAN_POINT('Ctrl Pts',(67.2513078982341,91.9963170052975,2.10351627249359));
#6064=CARTESIAN_POINT('Ctrl Pts',(67.2513078982341,94.6366467985918,2.10351627249359));
#6065=CARTESIAN_POINT('Ctrl Pts',(69.3917166557618,96.7770692826717,2.10351627249359));
#6066=CARTESIAN_POINT('Ctrl Pts',(72.032046449056,96.7770692826717,2.10351627249359));
#6067=CARTESIAN_POINT('',(67.2513078982341,91.9963170052975,4.10351627249359));
#6068=CARTESIAN_POINT('',(67.2513078982341,91.9963170052975,2.10351627249359));
#6069=CARTESIAN_POINT('Ctrl Pts',(67.2513078982341,91.9963170052975,4.10351627249359));
#6070=CARTESIAN_POINT('Ctrl Pts',(67.2513078982341,94.6366467985918,4.10351627249359));
#6071=CARTESIAN_POINT('Ctrl Pts',(69.3917166557618,96.7770692826717,4.10351627249359));
#6072=CARTESIAN_POINT('Ctrl Pts',(72.032046449056,96.7770692826717,4.10351627249359));
#6073=CARTESIAN_POINT('Ctrl Pts',(72.032046449056,87.2155647279232,2.10351627249359));
#6074=CARTESIAN_POINT('Ctrl Pts',(72.032046449056,87.2155647279232,4.10351627249359));
#6075=CARTESIAN_POINT('Ctrl Pts',(69.3917166557618,87.2155647279232,2.10351627249359));
#6076=CARTESIAN_POINT('Ctrl Pts',(69.3917166557618,87.2155647279232,4.10351627249359));
#6077=CARTESIAN_POINT('Ctrl Pts',(67.2513078982341,89.3559872120032,2.10351627249359));
#6078=CARTESIAN_POINT('Ctrl Pts',(67.2513078982341,89.3559872120032,4.10351627249359));
#6079=CARTESIAN_POINT('Ctrl Pts',(67.2513078982341,91.9963170052975,2.10351627249359));
#6080=CARTESIAN_POINT('Ctrl Pts',(67.2513078982341,91.9963170052975,4.10351627249359));
#6081=CARTESIAN_POINT('',(72.032046449056,87.2155647279232,2.10351627249359));
#6082=CARTESIAN_POINT('Ctrl Pts',(72.032046449056,87.2155647279232,2.10351627249359));
#6083=CARTESIAN_POINT('Ctrl Pts',(69.3917166557618,87.2155647279232,2.10351627249359));
#6084=CARTESIAN_POINT('Ctrl Pts',(67.2513078982341,89.3559872120032,2.10351627249359));
#6085=CARTESIAN_POINT('Ctrl Pts',(67.2513078982341,91.9963170052975,2.10351627249359));
#6086=CARTESIAN_POINT('',(72.032046449056,87.2155647279232,4.10351627249359));
#6087=CARTESIAN_POINT('',(72.032046449056,87.2155647279232,2.10351627249359));
#6088=CARTESIAN_POINT('Ctrl Pts',(72.032046449056,87.2155647279232,4.10351627249359));
#6089=CARTESIAN_POINT('Ctrl Pts',(69.3917166557618,87.2155647279232,4.10351627249359));
#6090=CARTESIAN_POINT('Ctrl Pts',(67.2513078982341,89.3559872120032,4.10351627249359));
#6091=CARTESIAN_POINT('Ctrl Pts',(67.2513078982341,91.9963170052975,4.10351627249359));
#6092=CARTESIAN_POINT('Ctrl Pts',(76.0969315694479,89.4786614101538,2.10351627249359));
#6093=CARTESIAN_POINT('Ctrl Pts',(76.0969315694479,89.4786614101538,4.10351627249359));
#6094=CARTESIAN_POINT('Ctrl Pts',(75.2537506396281,88.1201719794084,2.10351627249359));
#6095=CARTESIAN_POINT('Ctrl Pts',(75.2537506396281,88.1201719794084,4.10351627249359));
#6096=CARTESIAN_POINT('Ctrl Pts',(73.7485380910543,87.2155647279232,2.10351627249359));
#6097=CARTESIAN_POINT('Ctrl Pts',(73.7485380910543,87.2155647279232,4.10351627249359));
#6098=CARTESIAN_POINT('Ctrl Pts',(72.032046449056,87.2155647279232,2.10351627249359));
#6099=CARTESIAN_POINT('Ctrl Pts',(72.032046449056,87.2155647279232,4.10351627249359));
#6100=CARTESIAN_POINT('',(76.0969315694479,89.4786614101538,2.10351627249359));
#6101=CARTESIAN_POINT('Ctrl Pts',(76.0969315694479,89.4786614101538,2.10351627249359));
#6102=CARTESIAN_POINT('Ctrl Pts',(75.2537506396281,88.1201719794084,2.10351627249359));
#6103=CARTESIAN_POINT('Ctrl Pts',(73.7485380910543,87.2155647279232,2.10351627249359));
#6104=CARTESIAN_POINT('Ctrl Pts',(72.032046449056,87.2155647279232,2.10351627249359));
#6105=CARTESIAN_POINT('',(76.0969315694478,89.4786614101538,4.10351627249359));
#6106=CARTESIAN_POINT('',(76.0969315694479,89.4786614101538,2.10351627249359));
#6107=CARTESIAN_POINT('Ctrl Pts',(76.0969315694479,89.4786614101538,4.10351627249359));
#6108=CARTESIAN_POINT('Ctrl Pts',(75.2537506396281,88.1201719794084,4.10351627249359));
#6109=CARTESIAN_POINT('Ctrl Pts',(73.7485380910543,87.2155647279232,4.10351627249359));
#6110=CARTESIAN_POINT('Ctrl Pts',(72.032046449056,87.2155647279232,4.10351627249359));
#6111=CARTESIAN_POINT('Ctrl Pts',(76.302871034017,89.8455996069719,2.10351627249359));
#6112=CARTESIAN_POINT('Ctrl Pts',(76.302871034017,89.8455996069719,4.10351627249359));
#6113=CARTESIAN_POINT('Ctrl Pts',(76.239495541921,89.7200153797278,2.10351627249359));
#6114=CARTESIAN_POINT('Ctrl Pts',(76.239495541921,89.7200153797278,4.10351627249359));
#6115=CARTESIAN_POINT('Ctrl Pts',(76.170752967865,89.5976019860714,2.10351627249359));
#6116=CARTESIAN_POINT('Ctrl Pts',(76.170752967865,89.5976019860714,4.10351627249359));
#6117=CARTESIAN_POINT('Ctrl Pts',(76.0969315694479,89.4786614101538,2.10351627249359));
#6118=CARTESIAN_POINT('Ctrl Pts',(76.0969315694479,89.4786614101538,4.10351627249359));
#6119=CARTESIAN_POINT('',(76.302871034017,89.8455996069719,2.10351627249359));
#6120=CARTESIAN_POINT('Ctrl Pts',(76.302871034017,89.8455996069719,2.10351627249359));
#6121=CARTESIAN_POINT('Ctrl Pts',(76.239495541921,89.7200153797278,2.10351627249359));
#6122=CARTESIAN_POINT('Ctrl Pts',(76.170752967865,89.5976019860714,2.10351627249359));
#6123=CARTESIAN_POINT('Ctrl Pts',(76.0969315694479,89.4786614101538,2.10351627249359));
#6124=CARTESIAN_POINT('',(76.302871034017,89.8455996069719,4.10351627249359));
#6125=CARTESIAN_POINT('',(76.302871034017,89.8455996069719,2.10351627249359));
#6126=CARTESIAN_POINT('Ctrl Pts',(76.302871034017,89.8455996069719,4.10351627249359));
#6127=CARTESIAN_POINT('Ctrl Pts',(76.239495541921,89.7200153797278,4.10351627249359));
#6128=CARTESIAN_POINT('Ctrl Pts',(76.170752967865,89.5976019860714,4.10351627249359));
#6129=CARTESIAN_POINT('Ctrl Pts',(76.0969315694479,89.4786614101538,4.10351627249359));
#6130=CARTESIAN_POINT('Ctrl Pts',(94.9964175008444,90.3623631224443,2.10351627249359));
#6131=CARTESIAN_POINT('Ctrl Pts',(94.9964175008444,90.3623631224443,4.10351627249359));
#6132=CARTESIAN_POINT('Ctrl Pts',(94.4376507352499,95.6800569472124,2.10351627249359));
#6133=CARTESIAN_POINT('Ctrl Pts',(94.4376507352499,95.6800569472124,4.10351627249359));
#6134=CARTESIAN_POINT('Ctrl Pts',(85.1147685661621,104.976007620634,2.10351627249359));
#6135=CARTESIAN_POINT('Ctrl Pts',(85.1147685661621,104.976007620634,4.10351627249359));
#6136=CARTESIAN_POINT('Ctrl Pts',(76.302871034017,89.8455996069719,2.10351627249359));
#6137=CARTESIAN_POINT('Ctrl Pts',(76.302871034017,89.8455996069719,4.10351627249359));
#6138=CARTESIAN_POINT('',(94.9964175008444,90.3623631224443,2.10351627249359));
#6139=CARTESIAN_POINT('Ctrl Pts',(94.9964175008444,90.3623631224443,2.10351627249359));
#6140=CARTESIAN_POINT('Ctrl Pts',(94.4376507352499,95.6800569472124,2.10351627249359));
#6141=CARTESIAN_POINT('Ctrl Pts',(85.1147685661621,104.976007620634,2.10351627249359));
#6142=CARTESIAN_POINT('Ctrl Pts',(76.302871034017,89.8455996069719,2.10351627249359));
#6143=CARTESIAN_POINT('',(94.9964175008443,90.3623631224443,4.10351627249359));
#6144=CARTESIAN_POINT('',(94.9964175008444,90.3623631224443,2.10351627249359));
#6145=CARTESIAN_POINT('Ctrl Pts',(94.9964175008444,90.3623631224443,4.10351627249359));
#6146=CARTESIAN_POINT('Ctrl Pts',(94.4376507352499,95.6800569472124,4.10351627249359));
#6147=CARTESIAN_POINT('Ctrl Pts',(85.1147685661621,104.976007620634,4.10351627249359));
#6148=CARTESIAN_POINT('Ctrl Pts',(76.302871034017,89.8455996069719,4.10351627249359));
#6149=CARTESIAN_POINT('Ctrl Pts',(97.8937554963575,103.404368640484,2.10351627249359));
#6150=CARTESIAN_POINT('Ctrl Pts',(97.8937554963575,103.404368640484,4.10351627249359));
#6151=CARTESIAN_POINT('Ctrl Pts',(100.78633599563,98.3737160200778,2.10351627249359));
#6152=CARTESIAN_POINT('Ctrl Pts',(100.78633599563,98.3737160200778,4.10351627249359));
#6153=CARTESIAN_POINT('Ctrl Pts',(100.461231175733,92.5773708225343,2.10351627249359));
#6154=CARTESIAN_POINT('Ctrl Pts',(100.461231175733,92.5773708225343,4.10351627249359));
#6155=CARTESIAN_POINT('Ctrl Pts',(94.9964175008444,90.3623631224443,2.10351627249359));
#6156=CARTESIAN_POINT('Ctrl Pts',(94.9964175008444,90.3623631224443,4.10351627249359));
#6157=CARTESIAN_POINT('',(97.8937554963564,103.404368640486,2.10351627249359));
#6158=CARTESIAN_POINT('Ctrl Pts',(97.8937554963575,103.404368640484,2.10351627249359));
#6159=CARTESIAN_POINT('Ctrl Pts',(100.78633599563,98.3737160200778,2.10351627249359));
#6160=CARTESIAN_POINT('Ctrl Pts',(100.461231175733,92.5773708225343,2.10351627249359));
#6161=CARTESIAN_POINT('Ctrl Pts',(94.9964175008444,90.3623631224443,2.10351627249359));
#6162=CARTESIAN_POINT('',(97.8937554963563,103.404368640486,4.10351627249359));
#6163=CARTESIAN_POINT('',(97.8937554963575,103.404368640484,2.10351627249359));
#6164=CARTESIAN_POINT('Ctrl Pts',(97.8937554963575,103.404368640484,4.10351627249359));
#6165=CARTESIAN_POINT('Ctrl Pts',(100.78633599563,98.3737160200778,4.10351627249359));
#6166=CARTESIAN_POINT('Ctrl Pts',(100.461231175733,92.5773708225343,4.10351627249359));
#6167=CARTESIAN_POINT('Ctrl Pts',(94.9964175008444,90.3623631224443,4.10351627249359));
#6168=CARTESIAN_POINT('Ctrl Pts',(138.463453436564,119.995107021472,2.10351627249359));
#6169=CARTESIAN_POINT('Ctrl Pts',(138.463453436564,119.995107021472,4.10351627249359));
#6170=CARTESIAN_POINT('Ctrl Pts',(138.193695988068,120.630197487668,2.10351627249359));
#6171=CARTESIAN_POINT('Ctrl Pts',(138.193695988068,120.630197487668,4.10351627249359));
#6172=CARTESIAN_POINT('Ctrl Pts',(137.937033150007,121.197449137848,2.10351627249359));
#6173=CARTESIAN_POINT('Ctrl Pts',(137.937033150007,121.197449137848,4.10351627249359));
#6174=CARTESIAN_POINT('Ctrl Pts',(137.666712743714,121.7307605702,2.10351627249359));
#6175=CARTESIAN_POINT('Ctrl Pts',(137.666712743714,121.7307605702,4.10351627249359));
#6176=CARTESIAN_POINT('',(138.463453436564,119.995107021472,2.10351627249359));
#6177=CARTESIAN_POINT('',(137.666712743714,121.7307605702,2.10351627249359));
#6178=CARTESIAN_POINT('Ctrl Pts',(138.463453436564,119.995107021472,2.10351627249359));
#6179=CARTESIAN_POINT('Ctrl Pts',(138.193695988068,120.630197487668,2.10351627249359));
#6180=CARTESIAN_POINT('Ctrl Pts',(137.937033150007,121.197449137848,2.10351627249359));
#6181=CARTESIAN_POINT('Ctrl Pts',(137.666712743714,121.7307605702,2.10351627249359));
#6182=CARTESIAN_POINT('',(138.463453436564,119.995107021472,4.10351627249359));
#6183=CARTESIAN_POINT('',(138.463453436564,119.995107021472,2.10351627249359));
#6184=CARTESIAN_POINT('',(137.666712743714,121.7307605702,4.10351627249359));
#6185=CARTESIAN_POINT('Ctrl Pts',(138.463453436564,119.995107021472,4.10351627249359));
#6186=CARTESIAN_POINT('Ctrl Pts',(138.193695988068,120.630197487668,4.10351627249359));
#6187=CARTESIAN_POINT('Ctrl Pts',(137.937033150007,121.197449137848,4.10351627249359));
#6188=CARTESIAN_POINT('Ctrl Pts',(137.666712743714,121.7307605702,4.10351627249359));
#6189=CARTESIAN_POINT('',(137.666712743714,121.7307605702,2.10351627249359));
#6190=CARTESIAN_POINT('Ctrl Pts',(161.7017515666,129.935340881488,2.10351627249359));
#6191=CARTESIAN_POINT('Ctrl Pts',(161.7017515666,129.935340881488,4.10351627249359));
#6192=CARTESIAN_POINT('Ctrl Pts',(153.02565081663,128.208979848366,2.10351627249359));
#6193=CARTESIAN_POINT('Ctrl Pts',(153.02565081663,128.208979848366,4.10351627249359));
#6194=CARTESIAN_POINT('Ctrl Pts',(144.95204962797,124.480793330015,2.10351627249359));
#6195=CARTESIAN_POINT('Ctrl Pts',(144.95204962797,124.480793330015,4.10351627249359));
#6196=CARTESIAN_POINT('Ctrl Pts',(138.463453436564,119.995107021472,2.10351627249359));
#6197=CARTESIAN_POINT('Ctrl Pts',(138.463453436564,119.995107021472,4.10351627249359));
#6198=CARTESIAN_POINT('',(161.7017515666,129.935340881488,2.10351627249359));
#6199=CARTESIAN_POINT('Ctrl Pts',(161.7017515666,129.935340881488,2.10351627249359));
#6200=CARTESIAN_POINT('Ctrl Pts',(153.02565081663,128.208979848366,2.10351627249359));
#6201=CARTESIAN_POINT('Ctrl Pts',(144.95204962797,124.480793330015,2.10351627249359));
#6202=CARTESIAN_POINT('Ctrl Pts',(138.463453436564,119.995107021472,2.10351627249359));
#6203=CARTESIAN_POINT('',(161.7017515666,129.935340881488,4.10351627249359));
#6204=CARTESIAN_POINT('',(161.7017515666,129.935340881488,2.10351627249359));
#6205=CARTESIAN_POINT('Ctrl Pts',(161.7017515666,129.935340881488,4.10351627249359));
#6206=CARTESIAN_POINT('Ctrl Pts',(153.02565081663,128.208979848366,4.10351627249359));
#6207=CARTESIAN_POINT('Ctrl Pts',(144.95204962797,124.480793330015,4.10351627249359));
#6208=CARTESIAN_POINT('Ctrl Pts',(138.463453436564,119.995107021472,4.10351627249359));
#6209=CARTESIAN_POINT('Ctrl Pts',(148.729896037429,134.105975193581,2.10351627249359));
#6210=CARTESIAN_POINT('Ctrl Pts',(148.729896037429,134.105975193581,4.10351627249359));
#6211=CARTESIAN_POINT('Ctrl Pts',(152.79564448294,132.287237349761,2.10351627249359));
#6212=CARTESIAN_POINT('Ctrl Pts',(152.79564448294,132.287237349761,4.10351627249359));
#6213=CARTESIAN_POINT('Ctrl Pts',(157.166378353465,130.837777304994,2.10351627249359));
#6214=CARTESIAN_POINT('Ctrl Pts',(157.166378353465,130.837777304994,4.10351627249359));
#6215=CARTESIAN_POINT('Ctrl Pts',(161.7017515666,129.935340881488,2.10351627249359));
#6216=CARTESIAN_POINT('Ctrl Pts',(161.7017515666,129.935340881488,4.10351627249359));
#6217=CARTESIAN_POINT('',(148.729896037429,134.105975193581,2.10351627249359));
#6218=CARTESIAN_POINT('Ctrl Pts',(148.729896037429,134.105975193581,2.10351627249359));
#6219=CARTESIAN_POINT('Ctrl Pts',(152.79564448294,132.287237349761,2.10351627249359));
#6220=CARTESIAN_POINT('Ctrl Pts',(157.166378353465,130.837777304994,2.10351627249359));
#6221=CARTESIAN_POINT('Ctrl Pts',(161.7017515666,129.935340881488,2.10351627249359));
#6222=CARTESIAN_POINT('',(148.729896037429,134.105975193581,4.10351627249359));
#6223=CARTESIAN_POINT('',(148.729896037429,134.105975193581,2.10351627249359));
#6224=CARTESIAN_POINT('Ctrl Pts',(148.729896037429,134.105975193581,4.10351627249359));
#6225=CARTESIAN_POINT('Ctrl Pts',(152.79564448294,132.287237349761,4.10351627249359));
#6226=CARTESIAN_POINT('Ctrl Pts',(157.166378353465,130.837777304994,4.10351627249359));
#6227=CARTESIAN_POINT('Ctrl Pts',(161.7017515666,129.935340881488,4.10351627249359));
#6228=CARTESIAN_POINT('Ctrl Pts',(184.081349069295,153.988955026874,2.10351627249359));
#6229=CARTESIAN_POINT('Ctrl Pts',(184.081349069295,153.988955026874,4.10351627249359));
#6230=CARTESIAN_POINT('Ctrl Pts',(178.148285292023,147.154639179403,2.10351627249359));
#6231=CARTESIAN_POINT('Ctrl Pts',(178.148285292023,147.154639179403,4.10351627249359));
#6232=CARTESIAN_POINT('Ctrl Pts',(167.586599145858,142.771761305872,2.10351627249359));
#6233=CARTESIAN_POINT('Ctrl Pts',(167.586599145858,142.771761305872,4.10351627249359));
#6234=CARTESIAN_POINT('Ctrl Pts',(157.792019249754,144.242815262003,2.10351627249359));
#6235=CARTESIAN_POINT('Ctrl Pts',(157.792019249754,144.242815262003,4.10351627249359));
#6236=CARTESIAN_POINT('',(184.081349069295,153.988955026874,2.10351627249359));
#6237=CARTESIAN_POINT('',(157.792019249752,144.242815262003,2.10351627249359));
#6238=CARTESIAN_POINT('Ctrl Pts',(184.081349069295,153.988955026874,2.10351627249359));
#6239=CARTESIAN_POINT('Ctrl Pts',(178.148285292023,147.154639179403,2.10351627249359));
#6240=CARTESIAN_POINT('Ctrl Pts',(167.586599145858,142.771761305872,2.10351627249359));
#6241=CARTESIAN_POINT('Ctrl Pts',(157.792019249754,144.242815262003,2.10351627249359));
#6242=CARTESIAN_POINT('',(184.081349069295,153.988955026874,4.10351627249359));
#6243=CARTESIAN_POINT('',(184.081349069295,153.988955026874,2.10351627249359));
#6244=CARTESIAN_POINT('',(157.792019249752,144.242815262003,4.10351627249359));
#6245=CARTESIAN_POINT('Ctrl Pts',(184.081349069295,153.988955026874,4.10351627249359));
#6246=CARTESIAN_POINT('Ctrl Pts',(178.148285292023,147.154639179403,4.10351627249359));
#6247=CARTESIAN_POINT('Ctrl Pts',(167.586599145858,142.771761305872,4.10351627249359));
#6248=CARTESIAN_POINT('Ctrl Pts',(157.792019249754,144.242815262003,4.10351627249359));
#6249=CARTESIAN_POINT('',(157.792019249754,144.242815262003,2.10351627249359));
#6250=CARTESIAN_POINT('Ctrl Pts',(170.245528352132,129.935327154935,2.10351627249359));
#6251=CARTESIAN_POINT('Ctrl Pts',(170.245528352132,129.935327154935,4.10351627249359));
#6252=CARTESIAN_POINT('Ctrl Pts',(177.900726359576,131.413257518213,2.10351627249359));
#6253=CARTESIAN_POINT('Ctrl Pts',(177.900726359576,131.413257518213,4.10351627249359));
#6254=CARTESIAN_POINT('Ctrl Pts',(184.348602511646,133.683681460512,2.10351627249359));
#6255=CARTESIAN_POINT('Ctrl Pts',(184.348602511646,133.683681460512,4.10351627249359));
#6256=CARTESIAN_POINT('Ctrl Pts',(189.641871528866,136.415586028547,2.10351627249359));
#6257=CARTESIAN_POINT('Ctrl Pts',(189.641871528866,136.415586028547,4.10351627249359));
#6258=CARTESIAN_POINT('',(170.245528352132,129.935327154935,2.10351627249359));
#6259=CARTESIAN_POINT('',(189.641871528866,136.415586028547,2.10351627249359));
#6260=CARTESIAN_POINT('Ctrl Pts',(170.245528352132,129.935327154935,2.10351627249359));
#6261=CARTESIAN_POINT('Ctrl Pts',(177.900726359576,131.413257518213,2.10351627249359));
#6262=CARTESIAN_POINT('Ctrl Pts',(184.348602511646,133.683681460512,2.10351627249359));
#6263=CARTESIAN_POINT('Ctrl Pts',(189.641871528866,136.415586028547,2.10351627249359));
#6264=CARTESIAN_POINT('',(170.245528352132,129.935327154935,4.10351627249359));
#6265=CARTESIAN_POINT('',(170.245528352132,129.935327154935,2.10351627249359));
#6266=CARTESIAN_POINT('',(189.641871528866,136.415586028547,4.10351627249359));
#6267=CARTESIAN_POINT('Ctrl Pts',(170.245528352132,129.935327154935,4.10351627249359));
#6268=CARTESIAN_POINT('Ctrl Pts',(177.900726359576,131.413257518213,4.10351627249359));
#6269=CARTESIAN_POINT('Ctrl Pts',(184.348602511646,133.683681460512,4.10351627249359));
#6270=CARTESIAN_POINT('Ctrl Pts',(189.641871528866,136.415586028547,4.10351627249359));
#6271=CARTESIAN_POINT('',(189.641871528866,136.415586028547,2.10351627249359));
#6272=CARTESIAN_POINT('Ctrl Pts',(182.303142303153,126.648287625978,2.10351627249359));
#6273=CARTESIAN_POINT('Ctrl Pts',(182.303142303153,126.648287625978,4.10351627249359));
#6274=CARTESIAN_POINT('Ctrl Pts',(178.679297754505,127.965500467219,2.10351627249359));
#6275=CARTESIAN_POINT('Ctrl Pts',(178.679297754505,127.965500467219,4.10351627249359));
#6276=CARTESIAN_POINT('Ctrl Pts',(174.663470715805,129.082388908774,2.10351627249359));
#6277=CARTESIAN_POINT('Ctrl Pts',(174.663470715805,129.082388908774,4.10351627249359));
#6278=CARTESIAN_POINT('Ctrl Pts',(170.245528352132,129.935327154935,2.10351627249359));
#6279=CARTESIAN_POINT('Ctrl Pts',(170.245528352132,129.935327154935,4.10351627249359));
#6280=CARTESIAN_POINT('',(182.303142303255,126.64828762594,2.10351627249359));
#6281=CARTESIAN_POINT('Ctrl Pts',(182.303142303153,126.648287625978,2.10351627249359));
#6282=CARTESIAN_POINT('Ctrl Pts',(178.679297754505,127.965500467219,2.10351627249359));
#6283=CARTESIAN_POINT('Ctrl Pts',(174.663470715805,129.082388908774,2.10351627249359));
#6284=CARTESIAN_POINT('Ctrl Pts',(170.245528352132,129.935327154935,2.10351627249359));
#6285=CARTESIAN_POINT('',(182.303142303255,126.64828762594,4.10351627249359));
#6286=CARTESIAN_POINT('',(182.303142303153,126.648287625978,2.10351627249359));
#6287=CARTESIAN_POINT('Ctrl Pts',(182.303142303153,126.648287625978,4.10351627249359));
#6288=CARTESIAN_POINT('Ctrl Pts',(178.679297754505,127.965500467219,4.10351627249359));
#6289=CARTESIAN_POINT('Ctrl Pts',(174.663470715805,129.082388908774,4.10351627249359));
#6290=CARTESIAN_POINT('Ctrl Pts',(170.245528352132,129.935327154935,4.10351627249359));
#6291=CARTESIAN_POINT('Ctrl Pts',(146.951170982391,110.993494809609,2.10351627249359));
#6292=CARTESIAN_POINT('Ctrl Pts',(146.951170982391,110.993494809609,4.10351627249359));
#6293=CARTESIAN_POINT('Ctrl Pts',(154.070545011074,116.597876857388,2.10351627249359));
#6294=CARTESIAN_POINT('Ctrl Pts',(154.070545011074,116.597876857388,4.10351627249359));
#6295=CARTESIAN_POINT('Ctrl Pts',(163.278448687078,116.99419483594,2.10351627249359));
#6296=CARTESIAN_POINT('Ctrl Pts',(163.278448687078,116.99419483594,4.10351627249359));
#6297=CARTESIAN_POINT('Ctrl Pts',(171.247017406699,114.280968485931,2.10351627249359));
#6298=CARTESIAN_POINT('Ctrl Pts',(171.247017406699,114.280968485931,4.10351627249359));
#6299=CARTESIAN_POINT('',(146.951170982391,110.993494809609,2.10351627249359));
#6300=CARTESIAN_POINT('',(171.247017406699,114.280968485931,2.10351627249359));
#6301=CARTESIAN_POINT('Ctrl Pts',(146.951170982391,110.993494809609,2.10351627249359));
#6302=CARTESIAN_POINT('Ctrl Pts',(154.070545011074,116.597876857388,2.10351627249359));
#6303=CARTESIAN_POINT('Ctrl Pts',(163.278448687078,116.99419483594,2.10351627249359));
#6304=CARTESIAN_POINT('Ctrl Pts',(171.247017406699,114.280968485931,2.10351627249359));
#6305=CARTESIAN_POINT('',(146.951170982391,110.993494809609,4.10351627249359));
#6306=CARTESIAN_POINT('',(146.951170982391,110.993494809609,2.10351627249359));
#6307=CARTESIAN_POINT('',(171.247017406699,114.280968485931,4.10351627249359));
#6308=CARTESIAN_POINT('Ctrl Pts',(146.951170982391,110.993494809609,4.10351627249359));
#6309=CARTESIAN_POINT('Ctrl Pts',(154.070545011074,116.597876857388,4.10351627249359));
#6310=CARTESIAN_POINT('Ctrl Pts',(163.278448687078,116.99419483594,4.10351627249359));
#6311=CARTESIAN_POINT('Ctrl Pts',(171.247017406699,114.280968485931,4.10351627249359));
#6312=CARTESIAN_POINT('',(171.247017406699,114.280968485931,2.10351627249359));
#6313=CARTESIAN_POINT('Ctrl Pts',(142.727318659495,112.19237188989,2.10351627249359));
#6314=CARTESIAN_POINT('Ctrl Pts',(142.727318659495,112.19237188989,4.10351627249359));
#6315=CARTESIAN_POINT('Ctrl Pts',(143.664897089671,109.883112812182,2.10351627249359));
#6316=CARTESIAN_POINT('Ctrl Pts',(143.664897089671,109.883112812182,4.10351627249359));
#6317=CARTESIAN_POINT('Ctrl Pts',(145.889984948507,109.751530081571,2.10351627249359));
#6318=CARTESIAN_POINT('Ctrl Pts',(145.889984948507,109.751530081571,4.10351627249359));
#6319=CARTESIAN_POINT('Ctrl Pts',(146.951170982391,110.993494809609,2.10351627249359));
#6320=CARTESIAN_POINT('Ctrl Pts',(146.951170982391,110.993494809609,4.10351627249359));
#6321=CARTESIAN_POINT('',(142.727318659495,112.19237188989,2.10351627249359));
#6322=CARTESIAN_POINT('Ctrl Pts',(142.727318659495,112.19237188989,2.10351627249359));
#6323=CARTESIAN_POINT('Ctrl Pts',(143.664897089671,109.883112812182,2.10351627249359));
#6324=CARTESIAN_POINT('Ctrl Pts',(145.889984948507,109.751530081571,2.10351627249359));
#6325=CARTESIAN_POINT('Ctrl Pts',(146.951170982391,110.993494809609,2.10351627249359));
#6326=CARTESIAN_POINT('',(142.727318659495,112.19237188989,4.10351627249359));
#6327=CARTESIAN_POINT('',(142.727318659495,112.19237188989,2.10351627249359));
#6328=CARTESIAN_POINT('Ctrl Pts',(142.727318659495,112.19237188989,4.10351627249359));
#6329=CARTESIAN_POINT('Ctrl Pts',(143.664897089671,109.883112812182,4.10351627249359));
#6330=CARTESIAN_POINT('Ctrl Pts',(145.889984948507,109.751530081571,4.10351627249359));
#6331=CARTESIAN_POINT('Ctrl Pts',(146.951170982391,110.993494809609,4.10351627249359));
#6332=CARTESIAN_POINT('Ctrl Pts',(124.619017477702,92.016124420306,2.10351627249359));
#6333=CARTESIAN_POINT('Ctrl Pts',(124.619017477702,92.016124420306,4.10351627249359));
#6334=CARTESIAN_POINT('Ctrl Pts',(125.101931315135,95.7326433691789,2.10351627249359));
#6335=CARTESIAN_POINT('Ctrl Pts',(125.101931315135,95.7326433691789,4.10351627249359));
#6336=CARTESIAN_POINT('Ctrl Pts',(137.952715877564,109.821535498441,2.10351627249359));
#6337=CARTESIAN_POINT('Ctrl Pts',(137.952715877564,109.821535498441,4.10351627249359));
#6338=CARTESIAN_POINT('Ctrl Pts',(142.727318659495,112.19237188989,2.10351627249359));
#6339=CARTESIAN_POINT('Ctrl Pts',(142.727318659495,112.19237188989,4.10351627249359));
#6340=CARTESIAN_POINT('',(124.619017477702,92.016124420306,2.10351627249359));
#6341=CARTESIAN_POINT('Ctrl Pts',(124.619017477702,92.016124420306,2.10351627249359));
#6342=CARTESIAN_POINT('Ctrl Pts',(125.101931315135,95.7326433691789,2.10351627249359));
#6343=CARTESIAN_POINT('Ctrl Pts',(137.952715877564,109.821535498441,2.10351627249359));
#6344=CARTESIAN_POINT('Ctrl Pts',(142.727318659495,112.19237188989,2.10351627249359));
#6345=CARTESIAN_POINT('',(124.619017477702,92.016124420306,4.10351627249359));
#6346=CARTESIAN_POINT('',(124.619017477702,92.016124420306,2.10351627249359));
#6347=CARTESIAN_POINT('Ctrl Pts',(124.619017477702,92.016124420306,4.10351627249359));
#6348=CARTESIAN_POINT('Ctrl Pts',(125.101931315135,95.7326433691789,4.10351627249359));
#6349=CARTESIAN_POINT('Ctrl Pts',(137.952715877564,109.821535498441,4.10351627249359));
#6350=CARTESIAN_POINT('Ctrl Pts',(142.727318659495,112.19237188989,4.10351627249359));
#6351=CARTESIAN_POINT('Ctrl Pts',(148.574582873057,101.508570690295,2.10351627249359));
#6352=CARTESIAN_POINT('Ctrl Pts',(148.574582873057,101.508570690295,4.10351627249359));
#6353=CARTESIAN_POINT('Ctrl Pts',(139.926072493266,103.579577999255,2.10351627249359));
#6354=CARTESIAN_POINT('Ctrl Pts',(139.926072493266,103.579577999255,4.10351627249359));
#6355=CARTESIAN_POINT('Ctrl Pts',(129.47982300825,97.4328415935645,2.10351627249359));
#6356=CARTESIAN_POINT('Ctrl Pts',(129.47982300825,97.4328415935645,4.10351627249359));
#6357=CARTESIAN_POINT('Ctrl Pts',(124.619017477702,92.016124420306,2.10351627249359));
#6358=CARTESIAN_POINT('Ctrl Pts',(124.619017477702,92.016124420306,4.10351627249359));
#6359=CARTESIAN_POINT('',(148.574582873057,101.508570690295,2.10351627249359));
#6360=CARTESIAN_POINT('Ctrl Pts',(148.574582873057,101.508570690295,2.10351627249359));
#6361=CARTESIAN_POINT('Ctrl Pts',(139.926072493266,103.579577999255,2.10351627249359));
#6362=CARTESIAN_POINT('Ctrl Pts',(129.47982300825,97.4328415935645,2.10351627249359));
#6363=CARTESIAN_POINT('Ctrl Pts',(124.619017477702,92.016124420306,2.10351627249359));
#6364=CARTESIAN_POINT('',(148.574582873057,101.508570690295,4.10351627249359));
#6365=CARTESIAN_POINT('',(148.574582873057,101.508570690295,2.10351627249359));
#6366=CARTESIAN_POINT('Ctrl Pts',(148.574582873057,101.508570690295,4.10351627249359));
#6367=CARTESIAN_POINT('Ctrl Pts',(139.926072493266,103.579577999255,4.10351627249359));
#6368=CARTESIAN_POINT('Ctrl Pts',(129.47982300825,97.4328415935645,4.10351627249359));
#6369=CARTESIAN_POINT('Ctrl Pts',(124.619017477702,92.016124420306,4.10351627249359));
#6370=CARTESIAN_POINT('Ctrl Pts',(148.730942030619,98.8457979839453,2.10351627249359));
#6371=CARTESIAN_POINT('Ctrl Pts',(148.730942030619,98.8457979839453,4.10351627249359));
#6372=CARTESIAN_POINT('Ctrl Pts',(149.09070124057,99.6574627496212,2.10351627249359));
#6373=CARTESIAN_POINT('Ctrl Pts',(149.09070124057,99.6574627496212,4.10351627249359));
#6374=CARTESIAN_POINT('Ctrl Pts',(149.084318393738,100.727269058368,2.10351627249359));
#6375=CARTESIAN_POINT('Ctrl Pts',(149.084318393738,100.727269058368,4.10351627249359));
#6376=CARTESIAN_POINT('Ctrl Pts',(148.574582873057,101.508570690295,2.10351627249359));
#6377=CARTESIAN_POINT('Ctrl Pts',(148.574582873057,101.508570690295,4.10351627249359));
#6378=CARTESIAN_POINT('',(148.730942030619,98.8457979839453,2.10351627249359));
#6379=CARTESIAN_POINT('Ctrl Pts',(148.730942030619,98.8457979839453,2.10351627249359));
#6380=CARTESIAN_POINT('Ctrl Pts',(149.09070124057,99.6574627496212,2.10351627249359));
#6381=CARTESIAN_POINT('Ctrl Pts',(149.084318393738,100.727269058368,2.10351627249359));
#6382=CARTESIAN_POINT('Ctrl Pts',(148.574582873057,101.508570690295,2.10351627249359));
#6383=CARTESIAN_POINT('',(148.730942030619,98.8457979839453,4.10351627249359));
#6384=CARTESIAN_POINT('',(148.730942030619,98.8457979839453,2.10351627249359));
#6385=CARTESIAN_POINT('Ctrl Pts',(148.730942030619,98.8457979839453,4.10351627249359));
#6386=CARTESIAN_POINT('Ctrl Pts',(149.09070124057,99.6574627496212,4.10351627249359));
#6387=CARTESIAN_POINT('Ctrl Pts',(149.084318393738,100.727269058368,4.10351627249359));
#6388=CARTESIAN_POINT('Ctrl Pts',(148.574582873057,101.508570690295,4.10351627249359));
#6389=CARTESIAN_POINT('Ctrl Pts',(155.626149458517,96.8075534363116,2.10351627249359));
#6390=CARTESIAN_POINT('Ctrl Pts',(155.626149458517,96.8075534363116,4.10351627249359));
#6391=CARTESIAN_POINT('Ctrl Pts',(152.97942928128,98.5718096560613,2.10351627249359));
#6392=CARTESIAN_POINT('Ctrl Pts',(152.97942928128,98.5718096560613,4.10351627249359));
#6393=CARTESIAN_POINT('Ctrl Pts',(150.132650189657,98.9107548645778,2.10351627249359));
#6394=CARTESIAN_POINT('Ctrl Pts',(150.132650189657,98.9107548645778,4.10351627249359));
#6395=CARTESIAN_POINT('Ctrl Pts',(148.730942030619,98.8457979839453,2.10351627249359));
#6396=CARTESIAN_POINT('Ctrl Pts',(148.730942030619,98.8457979839453,4.10351627249359));
#6397=CARTESIAN_POINT('',(155.626149458575,96.8075534362728,2.10351627249359));
#6398=CARTESIAN_POINT('Ctrl Pts',(155.626149458517,96.8075534363116,2.10351627249359));
#6399=CARTESIAN_POINT('Ctrl Pts',(152.97942928128,98.5718096560613,2.10351627249359));
#6400=CARTESIAN_POINT('Ctrl Pts',(150.132650189657,98.9107548645778,2.10351627249359));
#6401=CARTESIAN_POINT('Ctrl Pts',(148.730942030619,98.8457979839453,2.10351627249359));
#6402=CARTESIAN_POINT('',(155.626149458575,96.8075534362728,4.10351627249359));
#6403=CARTESIAN_POINT('',(155.626149458517,96.8075534363116,2.10351627249359));
#6404=CARTESIAN_POINT('Ctrl Pts',(155.626149458517,96.8075534363116,4.10351627249359));
#6405=CARTESIAN_POINT('Ctrl Pts',(152.97942928128,98.5718096560613,4.10351627249359));
#6406=CARTESIAN_POINT('Ctrl Pts',(150.132650189657,98.9107548645778,4.10351627249359));
#6407=CARTESIAN_POINT('Ctrl Pts',(148.730942030619,98.8457979839453,4.10351627249359));
#6408=CARTESIAN_POINT('Ctrl Pts',(120.823612032603,82.160473575732,2.10351627249359));
#6409=CARTESIAN_POINT('Ctrl Pts',(120.823612032603,82.160473575732,4.10351627249359));
#6410=CARTESIAN_POINT('Ctrl Pts',(128.298282131206,94.1881391594965,2.10351627249359));
#6411=CARTESIAN_POINT('Ctrl Pts',(128.298282131206,94.1881391594965,4.10351627249359));
#6412=CARTESIAN_POINT('Ctrl Pts',(142.919736423042,95.8776900840862,2.10351627249359));
#6413=CARTESIAN_POINT('Ctrl Pts',(142.919736423042,95.8776900840862,4.10351627249359));
#6414=CARTESIAN_POINT('Ctrl Pts',(149.930997032354,90.4369879564976,2.10351627249359));
#6415=CARTESIAN_POINT('Ctrl Pts',(149.930997032354,90.4369879564976,4.10351627249359));
#6416=CARTESIAN_POINT('',(120.823612032603,82.160473575732,2.10351627249359));
#6417=CARTESIAN_POINT('',(149.930997032354,90.4369879564976,2.10351627249359));
#6418=CARTESIAN_POINT('Ctrl Pts',(120.823612032603,82.160473575732,2.10351627249359));
#6419=CARTESIAN_POINT('Ctrl Pts',(128.298282131206,94.1881391594965,2.10351627249359));
#6420=CARTESIAN_POINT('Ctrl Pts',(142.919736423042,95.8776900840862,2.10351627249359));
#6421=CARTESIAN_POINT('Ctrl Pts',(149.930997032354,90.4369879564976,2.10351627249359));
#6422=CARTESIAN_POINT('',(120.823612032603,82.160473575732,4.10351627249359));
#6423=CARTESIAN_POINT('',(120.823612032603,82.160473575732,2.10351627249359));
#6424=CARTESIAN_POINT('',(149.930997032354,90.4369879564976,4.10351627249359));
#6425=CARTESIAN_POINT('Ctrl Pts',(120.823612032603,82.160473575732,4.10351627249359));
#6426=CARTESIAN_POINT('Ctrl Pts',(128.298282131206,94.1881391594965,4.10351627249359));
#6427=CARTESIAN_POINT('Ctrl Pts',(142.919736423042,95.8776900840862,4.10351627249359));
#6428=CARTESIAN_POINT('Ctrl Pts',(149.930997032354,90.4369879564976,4.10351627249359));
#6429=CARTESIAN_POINT('',(149.930997032354,90.4369879564976,2.10351627249359));
#6430=CARTESIAN_POINT('Ctrl Pts',(143.185051524059,82.8910112437911,2.10351627249359));
#6431=CARTESIAN_POINT('Ctrl Pts',(143.185051524059,82.8910112437911,4.10351627249359));
#6432=CARTESIAN_POINT('Ctrl Pts',(138.958542512635,88.1565384484573,2.10351627249359));
#6433=CARTESIAN_POINT('Ctrl Pts',(138.958542512635,88.1565384484573,4.10351627249359));
#6434=CARTESIAN_POINT('Ctrl Pts',(126.632949656181,86.8253807534433,2.10351627249359));
#6435=CARTESIAN_POINT('Ctrl Pts',(126.632949656181,86.8253807534433,4.10351627249359));
#6436=CARTESIAN_POINT('Ctrl Pts',(120.823612032603,82.160473575732,2.10351627249359));
#6437=CARTESIAN_POINT('Ctrl Pts',(120.823612032603,82.160473575732,4.10351627249359));
#6438=CARTESIAN_POINT('',(143.185051524059,82.8910112437911,2.10351627249359));
#6439=CARTESIAN_POINT('Ctrl Pts',(143.185051524059,82.891011243791,2.10351627249359));
#6440=CARTESIAN_POINT('Ctrl Pts',(138.958542512635,88.1565384484573,2.10351627249359));
#6441=CARTESIAN_POINT('Ctrl Pts',(126.632949656181,86.8253807534433,2.10351627249359));
#6442=CARTESIAN_POINT('Ctrl Pts',(120.823612032603,82.160473575732,2.10351627249359));
#6443=CARTESIAN_POINT('',(143.185051524059,82.8910112437911,4.10351627249359));
#6444=CARTESIAN_POINT('',(143.185051524059,82.8910112437911,2.10351627249359));
#6445=CARTESIAN_POINT('Ctrl Pts',(143.185051524059,82.891011243791,4.10351627249359));
#6446=CARTESIAN_POINT('Ctrl Pts',(138.958542512635,88.1565384484573,4.10351627249359));
#6447=CARTESIAN_POINT('Ctrl Pts',(126.632949656181,86.8253807534433,4.10351627249359));
#6448=CARTESIAN_POINT('Ctrl Pts',(120.823612032603,82.160473575732,4.10351627249359));
#6449=CARTESIAN_POINT('Ctrl Pts',(112.561613913249,69.1625678254574,2.10351627249359));
#6450=CARTESIAN_POINT('Ctrl Pts',(112.561613913249,69.1625678254574,4.10351627249359));
#6451=CARTESIAN_POINT('Ctrl Pts',(116.529718040425,75.6003204756734,2.10351627249359));
#6452=CARTESIAN_POINT('Ctrl Pts',(116.529718040425,75.6003204756734,4.10351627249359));
#6453=CARTESIAN_POINT('Ctrl Pts',(128.647206019903,81.1853493655688,2.10351627249359));
#6454=CARTESIAN_POINT('Ctrl Pts',(128.647206019903,81.1853493655688,4.10351627249359));
#6455=CARTESIAN_POINT('Ctrl Pts',(137.598860831844,76.6423297469772,2.10351627249359));
#6456=CARTESIAN_POINT('Ctrl Pts',(137.598860831844,76.6423297469772,4.10351627249359));
#6457=CARTESIAN_POINT('',(112.561613913249,69.1625678254574,2.10351627249359));
#6458=CARTESIAN_POINT('',(137.598860831844,76.6423297469772,2.10351627249359));
#6459=CARTESIAN_POINT('Ctrl Pts',(112.561613913249,69.1625678254574,2.10351627249359));
#6460=CARTESIAN_POINT('Ctrl Pts',(116.529718040425,75.6003204756734,2.10351627249359));
#6461=CARTESIAN_POINT('Ctrl Pts',(128.647206019903,81.1853493655689,2.10351627249359));
#6462=CARTESIAN_POINT('Ctrl Pts',(137.598860831844,76.6423297469773,2.10351627249359));
#6463=CARTESIAN_POINT('',(112.561613913249,69.1625678254574,4.10351627249359));
#6464=CARTESIAN_POINT('',(112.561613913249,69.1625678254574,2.10351627249359));
#6465=CARTESIAN_POINT('',(137.598860831844,76.6423297469772,4.10351627249359));
#6466=CARTESIAN_POINT('Ctrl Pts',(112.561613913249,69.1625678254574,4.10351627249359));
#6467=CARTESIAN_POINT('Ctrl Pts',(116.529718040425,75.6003204756734,4.10351627249359));
#6468=CARTESIAN_POINT('Ctrl Pts',(128.647206019903,81.1853493655689,4.10351627249359));
#6469=CARTESIAN_POINT('Ctrl Pts',(137.598860831844,76.6423297469773,4.10351627249359));
#6470=CARTESIAN_POINT('',(137.598860831844,76.6423297469772,2.10351627249359));
#6471=CARTESIAN_POINT('Ctrl Pts',(82.0569274083218,39.0722603288835,2.10351627249359));
#6472=CARTESIAN_POINT('Ctrl Pts',(82.0569274083218,39.0722603288835,4.10351627249359));
#6473=CARTESIAN_POINT('Ctrl Pts',(100.675966975807,51.2991703724225,2.10351627249359));
#6474=CARTESIAN_POINT('Ctrl Pts',(100.675966975807,51.2991703724225,4.10351627249359));
#6475=CARTESIAN_POINT('Ctrl Pts',(107.682268215927,63.559006313815,2.10351627249359));
#6476=CARTESIAN_POINT('Ctrl Pts',(107.682268215927,63.559006313815,4.10351627249359));
#6477=CARTESIAN_POINT('Ctrl Pts',(112.561613913249,69.1625678254574,2.10351627249359));
#6478=CARTESIAN_POINT('Ctrl Pts',(112.561613913249,69.1625678254574,4.10351627249359));
#6479=CARTESIAN_POINT('',(82.0569274083218,39.0722603288835,2.10351627249359));
#6480=CARTESIAN_POINT('Ctrl Pts',(82.0569274083218,39.0722603288835,2.10351627249359));
#6481=CARTESIAN_POINT('Ctrl Pts',(100.675966975807,51.2991703724225,2.10351627249359));
#6482=CARTESIAN_POINT('Ctrl Pts',(107.682268215927,63.559006313815,2.10351627249359));
#6483=CARTESIAN_POINT('Ctrl Pts',(112.561613913249,69.1625678254574,2.10351627249359));
#6484=CARTESIAN_POINT('',(82.0569274083218,39.0722603288835,4.10351627249359));
#6485=CARTESIAN_POINT('',(82.0569274083218,39.0722603288835,2.10351627249359));
#6486=CARTESIAN_POINT('Ctrl Pts',(82.0569274083218,39.0722603288835,4.10351627249359));
#6487=CARTESIAN_POINT('Ctrl Pts',(100.675966975807,51.2991703724225,4.10351627249359));
#6488=CARTESIAN_POINT('Ctrl Pts',(107.682268215927,63.559006313815,4.10351627249359));
#6489=CARTESIAN_POINT('Ctrl Pts',(112.561613913249,69.1625678254574,4.10351627249359));
#6490=CARTESIAN_POINT('Ctrl Pts',(81.7405486526795,38.8652323056667,2.10351627249359));
#6491=CARTESIAN_POINT('Ctrl Pts',(81.7405486526795,38.8652323056667,4.10351627249359));
#6492=CARTESIAN_POINT('Ctrl Pts',(81.8459228406437,38.9352641246395,2.10351627249359));
#6493=CARTESIAN_POINT('Ctrl Pts',(81.8459228406437,38.9352641246395,4.10351627249359));
#6494=CARTESIAN_POINT('Ctrl Pts',(81.9513844181098,39.0042706071831,2.10351627249359));
#6495=CARTESIAN_POINT('Ctrl Pts',(81.9513844181098,39.0042706071831,4.10351627249359));
#6496=CARTESIAN_POINT('Ctrl Pts',(82.0569274082294,39.0722603288231,2.10351627249359));
#6497=CARTESIAN_POINT('Ctrl Pts',(82.0569274082294,39.0722603288231,4.10351627249359));
#6498=CARTESIAN_POINT('',(81.7405486526795,38.8652323056667,2.10351627249359));
#6499=CARTESIAN_POINT('Ctrl Pts',(81.7405486526795,38.8652323056667,2.10351627249359));
#6500=CARTESIAN_POINT('Ctrl Pts',(81.8459228406437,38.9352641246395,2.10351627249359));
#6501=CARTESIAN_POINT('Ctrl Pts',(81.9513844181098,39.0042706071831,2.10351627249359));
#6502=CARTESIAN_POINT('Ctrl Pts',(82.0569274082294,39.0722603288231,2.10351627249359));
#6503=CARTESIAN_POINT('',(81.7405486526795,38.8652323056667,4.10351627249359));
#6504=CARTESIAN_POINT('',(81.7405486526795,38.8652323056667,2.10351627249359));
#6505=CARTESIAN_POINT('Ctrl Pts',(81.7405486526795,38.8652323056667,4.10351627249359));
#6506=CARTESIAN_POINT('Ctrl Pts',(81.8459228406437,38.9352641246395,4.10351627249359));
#6507=CARTESIAN_POINT('Ctrl Pts',(81.9513844181098,39.0042706071831,4.10351627249359));
#6508=CARTESIAN_POINT('Ctrl Pts',(82.0569274082294,39.0722603288231,4.10351627249359));
#6509=CARTESIAN_POINT('',(82.0569274083218,39.0722603288835,2.10351627249359));
#6510=CARTESIAN_POINT('Ctrl Pts',(82.0569274083218,39.0722603288835,2.10351627249359));
#6511=CARTESIAN_POINT('Ctrl Pts',(82.0569274083218,39.0722603288835,4.10351627249359));
#6512=CARTESIAN_POINT('Ctrl Pts',(81.9518383349788,39.0032495379849,2.10351627249359));
#6513=CARTESIAN_POINT('Ctrl Pts',(81.9518383349788,39.0032495379849,4.10351627249359));
#6514=CARTESIAN_POINT('Ctrl Pts',(81.8463793182939,38.9342397959963,2.10351627249359));
#6515=CARTESIAN_POINT('Ctrl Pts',(81.8463793182939,38.9342397959963,4.10351627249359));
#6516=CARTESIAN_POINT('Ctrl Pts',(81.7405486526795,38.8652323056667,2.10351627249359));
#6517=CARTESIAN_POINT('Ctrl Pts',(81.7405486526795,38.8652323056667,4.10351627249359));
#6518=CARTESIAN_POINT('Ctrl Pts',(82.0569274083218,39.0722603288835,2.10351627249359));
#6519=CARTESIAN_POINT('Ctrl Pts',(81.9518383349788,39.0032495379849,2.10351627249359));
#6520=CARTESIAN_POINT('Ctrl Pts',(81.8463793182939,38.9342397959963,2.10351627249359));
#6521=CARTESIAN_POINT('Ctrl Pts',(81.7405486526795,38.8652323056667,2.10351627249359));
#6522=CARTESIAN_POINT('Ctrl Pts',(82.0569274083218,39.0722603288835,4.10351627249359));
#6523=CARTESIAN_POINT('Ctrl Pts',(81.9518383349788,39.0032495379849,4.10351627249359));
#6524=CARTESIAN_POINT('Ctrl Pts',(81.8463793182939,38.9342397959963,4.10351627249359));
#6525=CARTESIAN_POINT('Ctrl Pts',(81.7405486526795,38.8652323056667,4.10351627249359));
#6526=CARTESIAN_POINT('Ctrl Pts',(110.123819399546,37.5908797774125,2.10351627249359));
#6527=CARTESIAN_POINT('Ctrl Pts',(110.123819399546,37.5908797774125,4.10351627249359));
#6528=CARTESIAN_POINT('Ctrl Pts',(103.904712453402,42.5246934773888,2.10351627249359));
#6529=CARTESIAN_POINT('Ctrl Pts',(103.904712453402,42.5246934773888,4.10351627249359));
#6530=CARTESIAN_POINT('Ctrl Pts',(92.5764358768129,45.848820778286,2.10351627249359));
#6531=CARTESIAN_POINT('Ctrl Pts',(92.5764358768129,45.848820778286,4.10351627249359));
#6532=CARTESIAN_POINT('Ctrl Pts',(82.0569274083222,39.0722603288829,2.10351627249359));
#6533=CARTESIAN_POINT('Ctrl Pts',(82.0569274083222,39.0722603288829,4.10351627249359));
#6534=CARTESIAN_POINT('',(110.123819399546,37.5908797774125,2.10351627249359));
#6535=CARTESIAN_POINT('Ctrl Pts',(110.123819399546,37.5908797774125,2.10351627249359));
#6536=CARTESIAN_POINT('Ctrl Pts',(103.904712453402,42.5246934773888,2.10351627249359));
#6537=CARTESIAN_POINT('Ctrl Pts',(92.5764358768129,45.848820778286,2.10351627249359));
#6538=CARTESIAN_POINT('Ctrl Pts',(82.0569274083222,39.0722603288829,2.10351627249359));
#6539=CARTESIAN_POINT('',(110.123819399546,37.5908797774125,4.10351627249359));
#6540=CARTESIAN_POINT('',(110.123819399546,37.5908797774125,2.10351627249359));
#6541=CARTESIAN_POINT('Ctrl Pts',(110.123819399546,37.5908797774125,4.10351627249359));
#6542=CARTESIAN_POINT('Ctrl Pts',(103.904712453402,42.5246934773888,4.10351627249359));
#6543=CARTESIAN_POINT('Ctrl Pts',(92.5764358768129,45.848820778286,4.10351627249359));
#6544=CARTESIAN_POINT('Ctrl Pts',(82.0569274083222,39.0722603288829,4.10351627249359));
#6545=CARTESIAN_POINT('Ctrl Pts',(111.584050036143,59.9117226029842,2.10351627249359));
#6546=CARTESIAN_POINT('Ctrl Pts',(111.584050036143,59.9117226029842,4.10351627249359));
#6547=CARTESIAN_POINT('Ctrl Pts',(109.635716925334,56.5950993030676,2.10351627249359));
#6548=CARTESIAN_POINT('Ctrl Pts',(109.635716925334,56.5950993030676,4.10351627249359));
#6549=CARTESIAN_POINT('Ctrl Pts',(107.050965942413,46.0612332345455,2.10351627249359));
#6550=CARTESIAN_POINT('Ctrl Pts',(107.050965942413,46.0612332345455,4.10351627249359));
#6551=CARTESIAN_POINT('Ctrl Pts',(110.123819399546,37.5908797774125,2.10351627249359));
#6552=CARTESIAN_POINT('Ctrl Pts',(110.123819399546,37.5908797774125,4.10351627249359));
#6553=CARTESIAN_POINT('',(111.584050036143,59.9117226029842,2.10351627249359));
#6554=CARTESIAN_POINT('Ctrl Pts',(111.584050036143,59.9117226029842,2.10351627249359));
#6555=CARTESIAN_POINT('Ctrl Pts',(109.635716925334,56.5950993030676,2.10351627249359));
#6556=CARTESIAN_POINT('Ctrl Pts',(107.050965942413,46.0612332345455,2.10351627249359));
#6557=CARTESIAN_POINT('Ctrl Pts',(110.123819399546,37.5908797774125,2.10351627249359));
#6558=CARTESIAN_POINT('',(111.584050036143,59.9117226029842,4.10351627249359));
#6559=CARTESIAN_POINT('',(111.584050036143,59.9117226029842,2.10351627249359));
#6560=CARTESIAN_POINT('Ctrl Pts',(111.584050036143,59.9117226029842,4.10351627249359));
#6561=CARTESIAN_POINT('Ctrl Pts',(109.635716925334,56.5950993030676,4.10351627249359));
#6562=CARTESIAN_POINT('Ctrl Pts',(107.050965942413,46.0612332345455,4.10351627249359));
#6563=CARTESIAN_POINT('Ctrl Pts',(110.123819399546,37.5908797774125,4.10351627249359));
#6564=CARTESIAN_POINT('Ctrl Pts',(120.839905450216,57.1875373015214,2.10351627249359));
#6565=CARTESIAN_POINT('Ctrl Pts',(120.839905450216,57.1875373015214,4.10351627249359));
#6566=CARTESIAN_POINT('Ctrl Pts',(119.342915106486,58.4162010003536,2.10351627249359));
#6567=CARTESIAN_POINT('Ctrl Pts',(119.342915106486,58.4162010003536,4.10351627249359));
#6568=CARTESIAN_POINT('Ctrl Pts',(115.440813170146,59.7879502806474,2.10351627249359));
#6569=CARTESIAN_POINT('Ctrl Pts',(115.440813170146,59.7879502806474,4.10351627249359));
#6570=CARTESIAN_POINT('Ctrl Pts',(111.584050036143,59.9117226029842,2.10351627249359));
#6571=CARTESIAN_POINT('Ctrl Pts',(111.584050036143,59.9117226029842,4.10351627249359));
#6572=CARTESIAN_POINT('',(120.839905450216,57.1875373015214,2.10351627249359));
#6573=CARTESIAN_POINT('Ctrl Pts',(120.839905450216,57.1875373015214,2.10351627249359));
#6574=CARTESIAN_POINT('Ctrl Pts',(119.342915106486,58.4162010003536,2.10351627249359));
#6575=CARTESIAN_POINT('Ctrl Pts',(115.440813170146,59.7879502806474,2.10351627249359));
#6576=CARTESIAN_POINT('Ctrl Pts',(111.584050036143,59.9117226029842,2.10351627249359));
#6577=CARTESIAN_POINT('',(120.839905450216,57.1875373015214,4.10351627249359));
#6578=CARTESIAN_POINT('',(120.839905450216,57.1875373015214,2.10351627249359));
#6579=CARTESIAN_POINT('Ctrl Pts',(120.839905450216,57.1875373015214,4.10351627249359));
#6580=CARTESIAN_POINT('Ctrl Pts',(119.342915106486,58.4162010003536,4.10351627249359));
#6581=CARTESIAN_POINT('Ctrl Pts',(115.440813170146,59.7879502806474,4.10351627249359));
#6582=CARTESIAN_POINT('Ctrl Pts',(111.584050036143,59.9117226029842,4.10351627249359));
#6583=CARTESIAN_POINT('Ctrl Pts',(132.375469657169,67.7448806615495,2.10351627249359));
#6584=CARTESIAN_POINT('Ctrl Pts',(132.375469657169,67.7448806615495,4.10351627249359));
#6585=CARTESIAN_POINT('Ctrl Pts',(127.230277083578,65.4960214211575,2.10351627249359));
#6586=CARTESIAN_POINT('Ctrl Pts',(127.230277083578,65.4960214211575,4.10351627249359));
#6587=CARTESIAN_POINT('Ctrl Pts',(123.04193615427,61.6777859593369,2.10351627249359));
#6588=CARTESIAN_POINT('Ctrl Pts',(123.04193615427,61.6777859593369,4.10351627249359));
#6589=CARTESIAN_POINT('Ctrl Pts',(120.839905450216,57.1875373015214,2.10351627249359));
#6590=CARTESIAN_POINT('Ctrl Pts',(120.839905450216,57.1875373015214,4.10351627249359));
#6591=CARTESIAN_POINT('',(132.375469657169,67.7448806615495,2.10351627249359));
#6592=CARTESIAN_POINT('Ctrl Pts',(132.375469657169,67.7448806615495,2.10351627249359));
#6593=CARTESIAN_POINT('Ctrl Pts',(127.230277083578,65.4960214211575,2.10351627249359));
#6594=CARTESIAN_POINT('Ctrl Pts',(123.04193615427,61.6777859593369,2.10351627249359));
#6595=CARTESIAN_POINT('Ctrl Pts',(120.839905450216,57.1875373015214,2.10351627249359));
#6596=CARTESIAN_POINT('',(132.375469657169,67.7448806615495,4.10351627249359));
#6597=CARTESIAN_POINT('',(132.375469657169,67.7448806615495,2.10351627249359));
#6598=CARTESIAN_POINT('Ctrl Pts',(132.375469657169,67.7448806615495,4.10351627249359));
#6599=CARTESIAN_POINT('Ctrl Pts',(127.230277083578,65.4960214211575,4.10351627249359));
#6600=CARTESIAN_POINT('Ctrl Pts',(123.04193615427,61.6777859593369,4.10351627249359));
#6601=CARTESIAN_POINT('Ctrl Pts',(120.839905450216,57.1875373015214,4.10351627249359));
#6602=CARTESIAN_POINT('Ctrl Pts',(135.648466991455,48.4955137508521,2.10351627249359));
#6603=CARTESIAN_POINT('Ctrl Pts',(135.648466991455,48.4955137508521,4.10351627249359));
#6604=CARTESIAN_POINT('Ctrl Pts',(135.913851901062,48.9225967660539,2.10351627249359));
#6605=CARTESIAN_POINT('Ctrl Pts',(135.913851901062,48.9225967660539,4.10351627249359));
#6606=CARTESIAN_POINT('Ctrl Pts',(136.241463164148,49.3345093291076,2.10351627249359));
#6607=CARTESIAN_POINT('Ctrl Pts',(136.241463164148,49.3345093291076,4.10351627249359));
#6608=CARTESIAN_POINT('Ctrl Pts',(136.621000124942,49.7177717330483,2.10351627249359));
#6609=CARTESIAN_POINT('Ctrl Pts',(136.621000124942,49.7177717330483,4.10351627249359));
#6610=CARTESIAN_POINT('',(135.648466991455,48.4955137508521,2.10351627249359));
#6611=CARTESIAN_POINT('',(136.621000124942,49.7177717330483,2.10351627249359));
#6612=CARTESIAN_POINT('Ctrl Pts',(135.648466991455,48.4955137508521,2.10351627249359));
#6613=CARTESIAN_POINT('Ctrl Pts',(135.913851901062,48.9225967660539,2.10351627249359));
#6614=CARTESIAN_POINT('Ctrl Pts',(136.241463164148,49.3345093291076,2.10351627249359));
#6615=CARTESIAN_POINT('Ctrl Pts',(136.621000124942,49.7177717330483,2.10351627249359));
#6616=CARTESIAN_POINT('',(135.648466991455,48.4955137508521,4.10351627249359));
#6617=CARTESIAN_POINT('',(135.648466991455,48.4955137508521,2.10351627249359));
#6618=CARTESIAN_POINT('',(136.621000124942,49.7177717330483,4.10351627249359));
#6619=CARTESIAN_POINT('Ctrl Pts',(135.648466991455,48.4955137508521,4.10351627249359));
#6620=CARTESIAN_POINT('Ctrl Pts',(135.913851901062,48.9225967660539,4.10351627249359));
#6621=CARTESIAN_POINT('Ctrl Pts',(136.241463164148,49.3345093291076,4.10351627249359));
#6622=CARTESIAN_POINT('Ctrl Pts',(136.621000124942,49.7177717330483,4.10351627249359));
#6623=CARTESIAN_POINT('',(136.621000124942,49.7177717330483,2.10351627249359));
#6624=CARTESIAN_POINT('Ctrl Pts',(140.467886966736,44.8511141079077,2.10351627249359));
#6625=CARTESIAN_POINT('Ctrl Pts',(140.467886966736,44.8511141079077,4.10351627249359));
#6626=CARTESIAN_POINT('Ctrl Pts',(138.731313378683,47.113483282865,2.10351627249359));
#6627=CARTESIAN_POINT('Ctrl Pts',(138.731313378683,47.113483282865,4.10351627249359));
#6628=CARTESIAN_POINT('Ctrl Pts',(137.217288383514,48.0806836129635,2.10351627249359));
#6629=CARTESIAN_POINT('Ctrl Pts',(137.217288383514,48.0806836129635,4.10351627249359));
#6630=CARTESIAN_POINT('Ctrl Pts',(135.648466991455,48.4955137508521,2.10351627249359));
#6631=CARTESIAN_POINT('Ctrl Pts',(135.648466991455,48.4955137508521,4.10351627249359));
#6632=CARTESIAN_POINT('',(140.467886966736,44.8511141079077,2.10351627249359));
#6633=CARTESIAN_POINT('Ctrl Pts',(140.467886966736,44.8511141079077,2.10351627249359));
#6634=CARTESIAN_POINT('Ctrl Pts',(138.731313378683,47.113483282865,2.10351627249359));
#6635=CARTESIAN_POINT('Ctrl Pts',(137.217288383514,48.0806836129635,2.10351627249359));
#6636=CARTESIAN_POINT('Ctrl Pts',(135.648466991455,48.4955137508521,2.10351627249359));
#6637=CARTESIAN_POINT('',(140.467886966736,44.8511141079077,4.10351627249359));
#6638=CARTESIAN_POINT('',(140.467886966736,44.8511141079077,2.10351627249359));
#6639=CARTESIAN_POINT('Ctrl Pts',(140.467886966736,44.8511141079077,4.10351627249359));
#6640=CARTESIAN_POINT('Ctrl Pts',(138.731313378683,47.113483282865,4.10351627249359));
#6641=CARTESIAN_POINT('Ctrl Pts',(137.217288383514,48.0806836129635,4.10351627249359));
#6642=CARTESIAN_POINT('Ctrl Pts',(135.648466991455,48.4955137508521,4.10351627249359));
#6643=CARTESIAN_POINT('Ctrl Pts',(140.600677633952,40.9633015125403,2.10351627249359));
#6644=CARTESIAN_POINT('Ctrl Pts',(140.600677633952,40.9633015125403,4.10351627249359));
#6645=CARTESIAN_POINT('Ctrl Pts',(141.025198717784,43.0539926975379,2.10351627249359));
#6646=CARTESIAN_POINT('Ctrl Pts',(141.025198717784,43.0539926975379,4.10351627249359));
#6647=CARTESIAN_POINT('Ctrl Pts',(141.124647589396,43.796592315178,2.10351627249359));
#6648=CARTESIAN_POINT('Ctrl Pts',(141.124647589396,43.796592315178,4.10351627249359));
#6649=CARTESIAN_POINT('Ctrl Pts',(140.467886966736,44.8511141079077,2.10351627249359));
#6650=CARTESIAN_POINT('Ctrl Pts',(140.467886966736,44.8511141079077,4.10351627249359));
#6651=CARTESIAN_POINT('',(140.600677633952,40.9633015125403,2.10351627249359));
#6652=CARTESIAN_POINT('Ctrl Pts',(140.600677633952,40.9633015125403,2.10351627249359));
#6653=CARTESIAN_POINT('Ctrl Pts',(141.025198717784,43.0539926975379,2.10351627249359));
#6654=CARTESIAN_POINT('Ctrl Pts',(141.124647589396,43.796592315178,2.10351627249359));
#6655=CARTESIAN_POINT('Ctrl Pts',(140.467886966736,44.8511141079077,2.10351627249359));
#6656=CARTESIAN_POINT('',(140.600677633952,40.9633015125403,4.10351627249359));
#6657=CARTESIAN_POINT('',(140.600677633952,40.9633015125403,2.10351627249359));
#6658=CARTESIAN_POINT('Ctrl Pts',(140.600677633952,40.9633015125403,4.10351627249359));
#6659=CARTESIAN_POINT('Ctrl Pts',(141.025198717784,43.0539926975379,4.10351627249359));
#6660=CARTESIAN_POINT('Ctrl Pts',(141.124647589396,43.796592315178,4.10351627249359));
#6661=CARTESIAN_POINT('Ctrl Pts',(140.467886966736,44.8511141079077,4.10351627249359));
#6662=CARTESIAN_POINT('Ctrl Pts',(155.607697668742,22.6789847502519,2.10351627249359));
#6663=CARTESIAN_POINT('Ctrl Pts',(155.607697668742,22.6789847502519,4.10351627249359));
#6664=CARTESIAN_POINT('Ctrl Pts',(149.579133152039,23.6671112093736,2.10351627249359));
#6665=CARTESIAN_POINT('Ctrl Pts',(149.579133152039,23.6671112093736,4.10351627249359));
#6666=CARTESIAN_POINT('Ctrl Pts',(138.16188108193,28.3724017653276,2.10351627249359));
#6667=CARTESIAN_POINT('Ctrl Pts',(138.16188108193,28.3724017653276,4.10351627249359));
#6668=CARTESIAN_POINT('Ctrl Pts',(140.600677633952,40.9633015125403,2.10351627249359));
#6669=CARTESIAN_POINT('Ctrl Pts',(140.600677633952,40.9633015125403,4.10351627249359));
#6670=CARTESIAN_POINT('',(155.607697668742,22.6789847502519,2.10351627249359));
#6671=CARTESIAN_POINT('Ctrl Pts',(155.607697668742,22.6789847502519,2.10351627249359));
#6672=CARTESIAN_POINT('Ctrl Pts',(149.579133152039,23.6671112093736,2.10351627249359));
#6673=CARTESIAN_POINT('Ctrl Pts',(138.16188108193,28.3724017653276,2.10351627249359));
#6674=CARTESIAN_POINT('Ctrl Pts',(140.600677633952,40.9633015125403,2.10351627249359));
#6675=CARTESIAN_POINT('',(155.607697668742,22.6789847502519,4.10351627249359));
#6676=CARTESIAN_POINT('',(155.607697668742,22.6789847502519,2.10351627249359));
#6677=CARTESIAN_POINT('Ctrl Pts',(155.607697668742,22.6789847502519,4.10351627249359));
#6678=CARTESIAN_POINT('Ctrl Pts',(149.579133152039,23.6671112093736,4.10351627249359));
#6679=CARTESIAN_POINT('Ctrl Pts',(138.16188108193,28.3724017653276,4.10351627249359));
#6680=CARTESIAN_POINT('Ctrl Pts',(140.600677633952,40.9633015125403,4.10351627249359));
#6681=CARTESIAN_POINT('Ctrl Pts',(161.02564222506,22.4188763086776,2.10351627249359));
#6682=CARTESIAN_POINT('Ctrl Pts',(161.02564222506,22.4188763086776,4.10351627249359));
#6683=CARTESIAN_POINT('Ctrl Pts',(159.367160103961,22.3816120534633,2.10351627249359));
#6684=CARTESIAN_POINT('Ctrl Pts',(159.367160103961,22.3816120534633,4.10351627249359));
#6685=CARTESIAN_POINT('Ctrl Pts',(157.568821062711,22.4619130284452,2.10351627249359));
#6686=CARTESIAN_POINT('Ctrl Pts',(157.568821062711,22.4619130284452,4.10351627249359));
#6687=CARTESIAN_POINT('Ctrl Pts',(155.607697668742,22.6789847502519,2.10351627249359));
#6688=CARTESIAN_POINT('Ctrl Pts',(155.607697668742,22.6789847502519,4.10351627249359));
#6689=CARTESIAN_POINT('',(161.02564222506,22.4188763086776,2.10351627249359));
#6690=CARTESIAN_POINT('Ctrl Pts',(161.02564222506,22.4188763086776,2.10351627249359));
#6691=CARTESIAN_POINT('Ctrl Pts',(159.367160103961,22.3816120534633,2.10351627249359));
#6692=CARTESIAN_POINT('Ctrl Pts',(157.568821062711,22.4619130284452,2.10351627249359));
#6693=CARTESIAN_POINT('Ctrl Pts',(155.607697668742,22.6789847502519,2.10351627249359));
#6694=CARTESIAN_POINT('',(161.02564222506,22.4188763086776,4.10351627249359));
#6695=CARTESIAN_POINT('',(161.02564222506,22.4188763086776,2.10351627249359));
#6696=CARTESIAN_POINT('Ctrl Pts',(161.02564222506,22.4188763086776,4.10351627249359));
#6697=CARTESIAN_POINT('Ctrl Pts',(159.367160103961,22.3816120534633,4.10351627249359));
#6698=CARTESIAN_POINT('Ctrl Pts',(157.568821062711,22.4619130284452,4.10351627249359));
#6699=CARTESIAN_POINT('Ctrl Pts',(155.607697668742,22.6789847502519,4.10351627249359));
#6700=CARTESIAN_POINT('Ctrl Pts',(180.041605959605,-16.377689332822,2.10351627249359));
#6701=CARTESIAN_POINT('Ctrl Pts',(180.041605959605,-16.377689332822,4.10351627249359));
#6702=CARTESIAN_POINT('Ctrl Pts',(183.302604077208,-18.7157545780898,2.10351627249359));
#6703=CARTESIAN_POINT('Ctrl Pts',(183.302604077208,-18.7157545780898,4.10351627249359));
#6704=CARTESIAN_POINT('Ctrl Pts',(186.575128809708,-20.3161789701047,2.10351627249359));
#6705=CARTESIAN_POINT('Ctrl Pts',(186.575128809708,-20.3161789701047,4.10351627249359));
#6706=CARTESIAN_POINT('Ctrl Pts',(189.74816774688,-21.286022674517,2.10351627249359));
#6707=CARTESIAN_POINT('Ctrl Pts',(189.74816774688,-21.286022674517,4.10351627249359));
#6708=CARTESIAN_POINT('',(180.041605959605,-16.377689332822,2.10351627249359));
#6709=CARTESIAN_POINT('',(189.7481677471,-21.2860226745842,2.10351627249359));
#6710=CARTESIAN_POINT('Ctrl Pts',(180.041605959605,-16.377689332822,2.10351627249359));
#6711=CARTESIAN_POINT('Ctrl Pts',(183.302604077208,-18.7157545780898,2.10351627249359));
#6712=CARTESIAN_POINT('Ctrl Pts',(186.575128809709,-20.3161789701047,2.10351627249359));
#6713=CARTESIAN_POINT('Ctrl Pts',(189.74816774688,-21.286022674517,2.10351627249359));
#6714=CARTESIAN_POINT('',(180.041605959605,-16.377689332822,4.10351627249359));
#6715=CARTESIAN_POINT('',(180.041605959605,-16.377689332822,2.10351627249359));
#6716=CARTESIAN_POINT('',(189.7481677471,-21.2860226745842,4.10351627249359));
#6717=CARTESIAN_POINT('Ctrl Pts',(180.041605959605,-16.377689332822,4.10351627249359));
#6718=CARTESIAN_POINT('Ctrl Pts',(183.302604077208,-18.7157545780898,4.10351627249359));
#6719=CARTESIAN_POINT('Ctrl Pts',(186.575128809709,-20.3161789701047,4.10351627249359));
#6720=CARTESIAN_POINT('Ctrl Pts',(189.74816774688,-21.286022674517,4.10351627249359));
#6721=CARTESIAN_POINT('',(189.74816774688,-21.286022674517,2.10351627249359));
#6722=CARTESIAN_POINT('Ctrl Pts',(168.99416093575,-26.980500442047,2.10351627249359));
#6723=CARTESIAN_POINT('Ctrl Pts',(168.99416093575,-26.980500442047,4.10351627249359));
#6724=CARTESIAN_POINT('Ctrl Pts',(175.187759791087,-30.194696208496,2.10351627249359));
#6725=CARTESIAN_POINT('Ctrl Pts',(175.187759791087,-30.194696208496,4.10351627249359));
#6726=CARTESIAN_POINT('Ctrl Pts',(183.872412183156,-24.1086002793502,2.10351627249359));
#6727=CARTESIAN_POINT('Ctrl Pts',(183.872412183156,-24.1086002793502,4.10351627249359));
#6728=CARTESIAN_POINT('Ctrl Pts',(180.041605959605,-16.377689332822,2.10351627249359));
#6729=CARTESIAN_POINT('Ctrl Pts',(180.041605959605,-16.377689332822,4.10351627249359));
#6730=CARTESIAN_POINT('',(168.99416093575,-26.980500442047,2.10351627249359));
#6731=CARTESIAN_POINT('Ctrl Pts',(168.99416093575,-26.980500442047,2.10351627249359));
#6732=CARTESIAN_POINT('Ctrl Pts',(175.187759791087,-30.194696208496,2.10351627249359));
#6733=CARTESIAN_POINT('Ctrl Pts',(183.872412183156,-24.1086002793502,2.10351627249359));
#6734=CARTESIAN_POINT('Ctrl Pts',(180.041605959605,-16.377689332822,2.10351627249359));
#6735=CARTESIAN_POINT('',(168.99416093575,-26.980500442047,4.10351627249359));
#6736=CARTESIAN_POINT('',(168.99416093575,-26.980500442047,2.10351627249359));
#6737=CARTESIAN_POINT('Ctrl Pts',(168.99416093575,-26.980500442047,4.10351627249359));
#6738=CARTESIAN_POINT('Ctrl Pts',(175.187759791087,-30.194696208496,4.10351627249359));
#6739=CARTESIAN_POINT('Ctrl Pts',(183.872412183156,-24.1086002793502,4.10351627249359));
#6740=CARTESIAN_POINT('Ctrl Pts',(180.041605959605,-16.377689332822,4.10351627249359));
#6741=CARTESIAN_POINT('Ctrl Pts',(168.936483005329,-29.8151907337813,2.10351627249359));
#6742=CARTESIAN_POINT('Ctrl Pts',(168.936483005329,-29.8151907337813,4.10351627249359));
#6743=CARTESIAN_POINT('Ctrl Pts',(168.863768846184,-28.8801283728121,2.10351627249359));
#6744=CARTESIAN_POINT('Ctrl Pts',(168.863768846184,-28.8801283728121,4.10351627249359));
#6745=CARTESIAN_POINT('Ctrl Pts',(168.880664448719,-27.9339704482308,2.10351627249359));
#6746=CARTESIAN_POINT('Ctrl Pts',(168.880664448719,-27.9339704482308,4.10351627249359));
#6747=CARTESIAN_POINT('Ctrl Pts',(168.99416093575,-26.980500442047,2.10351627249359));
#6748=CARTESIAN_POINT('Ctrl Pts',(168.99416093575,-26.980500442047,4.10351627249359));
#6749=CARTESIAN_POINT('',(168.936483005329,-29.8151907337813,2.10351627249359));
#6750=CARTESIAN_POINT('Ctrl Pts',(168.936483005329,-29.8151907337813,2.10351627249359));
#6751=CARTESIAN_POINT('Ctrl Pts',(168.863768846184,-28.8801283728121,2.10351627249359));
#6752=CARTESIAN_POINT('Ctrl Pts',(168.880664448719,-27.9339704482308,2.10351627249359));
#6753=CARTESIAN_POINT('Ctrl Pts',(168.99416093575,-26.980500442047,2.10351627249359));
#6754=CARTESIAN_POINT('',(168.936483005329,-29.8151907337813,4.10351627249359));
#6755=CARTESIAN_POINT('',(168.936483005329,-29.8151907337813,2.10351627249359));
#6756=CARTESIAN_POINT('Ctrl Pts',(168.936483005329,-29.8151907337813,4.10351627249359));
#6757=CARTESIAN_POINT('Ctrl Pts',(168.863768846184,-28.8801283728121,4.10351627249359));
#6758=CARTESIAN_POINT('Ctrl Pts',(168.880664448719,-27.9339704482308,4.10351627249359));
#6759=CARTESIAN_POINT('Ctrl Pts',(168.99416093575,-26.980500442047,4.10351627249359));
#6760=CARTESIAN_POINT('Ctrl Pts',(130.916018451721,14.0031104883958,2.10351627249359));
#6761=CARTESIAN_POINT('Ctrl Pts',(130.916018451721,14.0031104883958,4.10351627249359));
#6762=CARTESIAN_POINT('Ctrl Pts',(129.70851322693,14.0243636370275,2.10351627249359));
#6763=CARTESIAN_POINT('Ctrl Pts',(129.70851322693,14.0243636370275,4.10351627249359));
#6764=CARTESIAN_POINT('Ctrl Pts',(128.762827413405,14.0558871743034,2.10351627249359));
#6765=CARTESIAN_POINT('Ctrl Pts',(128.762827413405,14.0558871743034,4.10351627249359));
#6766=CARTESIAN_POINT('Ctrl Pts',(127.872304226599,14.0598980420325,2.10351627249359));
#6767=CARTESIAN_POINT('Ctrl Pts',(127.872304226599,14.0598980420325,4.10351627249359));
#6768=CARTESIAN_POINT('',(130.916018451721,14.0031104883958,2.10351627249359));
#6769=CARTESIAN_POINT('',(127.872304226599,14.0598980420325,2.10351627249359));
#6770=CARTESIAN_POINT('Ctrl Pts',(130.916018451721,14.0031104883958,2.10351627249359));
#6771=CARTESIAN_POINT('Ctrl Pts',(129.70851322693,14.0243636370275,2.10351627249359));
#6772=CARTESIAN_POINT('Ctrl Pts',(128.762827413405,14.0558871743034,2.10351627249359));
#6773=CARTESIAN_POINT('Ctrl Pts',(127.872304226599,14.0598980420325,2.10351627249359));
#6774=CARTESIAN_POINT('',(130.916018451721,14.0031104883958,4.10351627249359));
#6775=CARTESIAN_POINT('',(130.916018451721,14.0031104883958,2.10351627249359));
#6776=CARTESIAN_POINT('',(127.872304226599,14.0598980420324,4.10351627249359));
#6777=CARTESIAN_POINT('Ctrl Pts',(130.916018451721,14.0031104883958,4.10351627249359));
#6778=CARTESIAN_POINT('Ctrl Pts',(129.70851322693,14.0243636370275,4.10351627249359));
#6779=CARTESIAN_POINT('Ctrl Pts',(128.762827413405,14.0558871743034,4.10351627249359));
#6780=CARTESIAN_POINT('Ctrl Pts',(127.872304226599,14.0598980420325,4.10351627249359));
#6781=CARTESIAN_POINT('',(127.872304226599,14.0598980420325,2.10351627249359));
#6782=CARTESIAN_POINT('Ctrl Pts',(103.673940471175,22.5620424075364,2.10351627249359));
#6783=CARTESIAN_POINT('Ctrl Pts',(103.673940471175,22.5620424075364,4.10351627249359));
#6784=CARTESIAN_POINT('Ctrl Pts',(112.417725262325,26.3101525608708,2.10351627249359));
#6785=CARTESIAN_POINT('Ctrl Pts',(112.417725262325,26.3101525608708,4.10351627249359));
#6786=CARTESIAN_POINT('Ctrl Pts',(126.870256147487,19.133343654122,2.10351627249359));
#6787=CARTESIAN_POINT('Ctrl Pts',(126.870256147487,19.133343654122,4.10351627249359));
#6788=CARTESIAN_POINT('Ctrl Pts',(130.916018451721,14.0031104883958,2.10351627249359));
#6789=CARTESIAN_POINT('Ctrl Pts',(130.916018451721,14.0031104883958,4.10351627249359));
#6790=CARTESIAN_POINT('',(103.67394047117,22.5620424075341,2.10351627249359));
#6791=CARTESIAN_POINT('Ctrl Pts',(103.673940471175,22.5620424075364,2.10351627249359));
#6792=CARTESIAN_POINT('Ctrl Pts',(112.417725262325,26.3101525608708,2.10351627249359));
#6793=CARTESIAN_POINT('Ctrl Pts',(126.870256147487,19.133343654122,2.10351627249359));
#6794=CARTESIAN_POINT('Ctrl Pts',(130.916018451721,14.0031104883958,2.10351627249359));
#6795=CARTESIAN_POINT('',(103.67394047117,22.5620424075341,4.10351627249359));
#6796=CARTESIAN_POINT('',(103.673940471175,22.5620424075364,2.10351627249359));
#6797=CARTESIAN_POINT('Ctrl Pts',(103.673940471175,22.5620424075364,4.10351627249359));
#6798=CARTESIAN_POINT('Ctrl Pts',(112.417725262325,26.3101525608708,4.10351627249359));
#6799=CARTESIAN_POINT('Ctrl Pts',(126.870256147487,19.133343654122,4.10351627249359));
#6800=CARTESIAN_POINT('Ctrl Pts',(130.916018451721,14.0031104883958,4.10351627249359));
#6801=CARTESIAN_POINT('Ctrl Pts',(81.8356462072042,17.565892051201,2.10351627249359));
#6802=CARTESIAN_POINT('Ctrl Pts',(81.8356462072042,17.565892051201,4.10351627249359));
#6803=CARTESIAN_POINT('Ctrl Pts',(81.8177300456942,16.5720358703681,2.10351627249359));
#6804=CARTESIAN_POINT('Ctrl Pts',(81.8177300456942,16.5720358703681,4.10351627249359));
#6805=CARTESIAN_POINT('Ctrl Pts',(82.0185978307516,15.1598528999449,2.10351627249359));
#6806=CARTESIAN_POINT('Ctrl Pts',(82.0185978307516,15.1598528999449,4.10351627249359));
#6807=CARTESIAN_POINT('Ctrl Pts',(82.5233924848607,14.4576888314152,2.10351627249359));
#6808=CARTESIAN_POINT('Ctrl Pts',(82.5233924848607,14.4576888314152,4.10351627249359));
#6809=CARTESIAN_POINT('',(81.8356462072042,17.565892051201,2.10351627249359));
#6810=CARTESIAN_POINT('',(82.5233924848607,14.4576888314152,2.10351627249359));
#6811=CARTESIAN_POINT('Ctrl Pts',(81.8356462072042,17.565892051201,2.10351627249359));
#6812=CARTESIAN_POINT('Ctrl Pts',(81.8177300456942,16.5720358703681,2.10351627249359));
#6813=CARTESIAN_POINT('Ctrl Pts',(82.0185978307516,15.1598528999449,2.10351627249359));
#6814=CARTESIAN_POINT('Ctrl Pts',(82.5233924848607,14.4576888314152,2.10351627249359));
#6815=CARTESIAN_POINT('',(81.8356462072042,17.565892051201,4.10351627249359));
#6816=CARTESIAN_POINT('',(81.8356462072042,17.565892051201,2.10351627249359));
#6817=CARTESIAN_POINT('',(82.5233924848607,14.4576888314152,4.10351627249359));
#6818=CARTESIAN_POINT('Ctrl Pts',(81.8356462072042,17.565892051201,4.10351627249359));
#6819=CARTESIAN_POINT('Ctrl Pts',(81.8177300456942,16.5720358703681,4.10351627249359));
#6820=CARTESIAN_POINT('Ctrl Pts',(82.0185978307516,15.1598528999449,4.10351627249359));
#6821=CARTESIAN_POINT('Ctrl Pts',(82.5233924848607,14.4576888314152,4.10351627249359));
#6822=CARTESIAN_POINT('',(82.5233924848607,14.4576888314152,2.10351627249359));
#6823=CARTESIAN_POINT('Ctrl Pts',(78.4002195968934,16.5161608252336,2.10351627249359));
#6824=CARTESIAN_POINT('Ctrl Pts',(78.4002195968934,16.5161608252336,4.10351627249359));
#6825=CARTESIAN_POINT('Ctrl Pts',(79.7109268989868,18.1527433428575,2.10351627249359));
#6826=CARTESIAN_POINT('Ctrl Pts',(79.7109268989868,18.1527433428575,4.10351627249359));
#6827=CARTESIAN_POINT('Ctrl Pts',(81.8356462072042,17.565892051201,2.10351627249359));
#6828=CARTESIAN_POINT('Ctrl Pts',(81.8356462072042,17.565892051201,4.10351627249359));
#6829=CARTESIAN_POINT('',(78.4002195968934,16.5161608252336,2.10351627249359));
#6830=CARTESIAN_POINT('Ctrl Pts',(78.4002195968934,16.5161608252336,2.10351627249359));
#6831=CARTESIAN_POINT('Ctrl Pts',(79.7109268989868,18.1527433428575,2.10351627249359));
#6832=CARTESIAN_POINT('Ctrl Pts',(81.8356462072042,17.565892051201,2.10351627249359));
#6833=CARTESIAN_POINT('',(78.4002195968934,16.5161608252336,4.10351627249359));
#6834=CARTESIAN_POINT('',(78.4002195968934,16.5161608252336,2.10351627249359));
#6835=CARTESIAN_POINT('Ctrl Pts',(78.4002195968934,16.5161608252336,4.10351627249359));
#6836=CARTESIAN_POINT('Ctrl Pts',(79.7109268989868,18.1527433428575,4.10351627249359));
#6837=CARTESIAN_POINT('Ctrl Pts',(81.8356462072042,17.565892051201,4.10351627249359));
#6838=CARTESIAN_POINT('Ctrl Pts',(71.9606409238485,18.7075019551723,2.10351627249359));
#6839=CARTESIAN_POINT('Ctrl Pts',(71.9606409238485,18.7075019551723,4.10351627249359));
#6840=CARTESIAN_POINT('Ctrl Pts',(74.5095106989848,18.4676235899736,2.10351627249359));
#6841=CARTESIAN_POINT('Ctrl Pts',(74.5095106989848,18.4676235899736,4.10351627249359));
#6842=CARTESIAN_POINT('Ctrl Pts',(76.0231925303447,18.0780159919867,2.10351627249359));
#6843=CARTESIAN_POINT('Ctrl Pts',(76.0231925303447,18.0780159919867,4.10351627249359));
#6844=CARTESIAN_POINT('Ctrl Pts',(78.4002195968934,16.5161608252336,2.10351627249359));
#6845=CARTESIAN_POINT('Ctrl Pts',(78.4002195968934,16.5161608252336,4.10351627249359));
#6846=CARTESIAN_POINT('',(71.9606409238485,18.7075019551723,2.10351627249359));
#6847=CARTESIAN_POINT('Ctrl Pts',(71.9606409238485,18.7075019551723,2.10351627249359));
#6848=CARTESIAN_POINT('Ctrl Pts',(74.5095106989848,18.4676235899736,2.10351627249359));
#6849=CARTESIAN_POINT('Ctrl Pts',(76.0231925303447,18.0780159919867,2.10351627249359));
#6850=CARTESIAN_POINT('Ctrl Pts',(78.4002195968934,16.5161608252336,2.10351627249359));
#6851=CARTESIAN_POINT('',(71.9606409238485,18.7075019551723,4.10351627249359));
#6852=CARTESIAN_POINT('',(71.9606409238485,18.7075019551723,2.10351627249359));
#6853=CARTESIAN_POINT('Ctrl Pts',(71.9606409238485,18.7075019551723,4.10351627249359));
#6854=CARTESIAN_POINT('Ctrl Pts',(74.5095106989848,18.4676235899736,4.10351627249359));
#6855=CARTESIAN_POINT('Ctrl Pts',(76.0231925303447,18.0780159919867,4.10351627249359));
#6856=CARTESIAN_POINT('Ctrl Pts',(78.4002195968934,16.5161608252336,4.10351627249359));
#6857=CARTESIAN_POINT('Ctrl Pts',(77.1978010661113,36.2706942909369,2.10351627249359));
#6858=CARTESIAN_POINT('Ctrl Pts',(77.1978010661113,36.2706942909369,4.10351627249359));
#6859=CARTESIAN_POINT('Ctrl Pts',(74.295198037496,33.3325120386888,2.10351627249359));
#6860=CARTESIAN_POINT('Ctrl Pts',(74.295198037496,33.3325120386888,4.10351627249359));
#6861=CARTESIAN_POINT('Ctrl Pts',(69.4227386640219,24.4296760973741,2.10351627249359));
#6862=CARTESIAN_POINT('Ctrl Pts',(69.4227386640219,24.4296760973741,4.10351627249359));
#6863=CARTESIAN_POINT('Ctrl Pts',(71.9606409238485,18.7075019551723,2.10351627249359));
#6864=CARTESIAN_POINT('Ctrl Pts',(71.9606409238485,18.7075019551723,4.10351627249359));
#6865=CARTESIAN_POINT('',(77.1978010661113,36.2706942909369,2.10351627249359));
#6866=CARTESIAN_POINT('Ctrl Pts',(77.1978010661113,36.2706942909369,2.10351627249359));
#6867=CARTESIAN_POINT('Ctrl Pts',(74.295198037496,33.3325120386888,2.10351627249359));
#6868=CARTESIAN_POINT('Ctrl Pts',(69.4227386640219,24.4296760973741,2.10351627249359));
#6869=CARTESIAN_POINT('Ctrl Pts',(71.9606409238485,18.7075019551723,2.10351627249359));
#6870=CARTESIAN_POINT('',(77.1978010661112,36.2706942909369,4.10351627249359));
#6871=CARTESIAN_POINT('',(77.1978010661113,36.2706942909369,2.10351627249359));
#6872=CARTESIAN_POINT('Ctrl Pts',(77.1978010661113,36.2706942909369,4.10351627249359));
#6873=CARTESIAN_POINT('Ctrl Pts',(74.295198037496,33.3325120386888,4.10351627249359));
#6874=CARTESIAN_POINT('Ctrl Pts',(69.4227386640219,24.4296760973741,4.10351627249359));
#6875=CARTESIAN_POINT('Ctrl Pts',(71.9606409238485,18.7075019551723,4.10351627249359));
#6876=CARTESIAN_POINT('Ctrl Pts',(39.365802592677,22.5222858403805,2.10351627249359));
#6877=CARTESIAN_POINT('Ctrl Pts',(39.365802592677,22.5222858403805,4.10351627249359));
#6878=CARTESIAN_POINT('Ctrl Pts',(55.6006547929491,25.2010876896919,2.10351627249359));
#6879=CARTESIAN_POINT('Ctrl Pts',(55.6006547929491,25.2010876896919,4.10351627249359));
#6880=CARTESIAN_POINT('Ctrl Pts',(68.3920086813853,31.4720928969248,2.10351627249359));
#6881=CARTESIAN_POINT('Ctrl Pts',(68.3920086813853,31.4720928969248,4.10351627249359));
#6882=CARTESIAN_POINT('Ctrl Pts',(77.1978010661113,36.2706942909369,2.10351627249359));
#6883=CARTESIAN_POINT('Ctrl Pts',(77.1978010661113,36.2706942909369,4.10351627249359));
#6884=CARTESIAN_POINT('',(39.365802592677,22.5222858403805,2.10351627249359));
#6885=CARTESIAN_POINT('Ctrl Pts',(39.365802592677,22.5222858403805,2.10351627249359));
#6886=CARTESIAN_POINT('Ctrl Pts',(55.6006547929491,25.2010876896919,2.10351627249359));
#6887=CARTESIAN_POINT('Ctrl Pts',(68.3920086813853,31.4720928969248,2.10351627249359));
#6888=CARTESIAN_POINT('Ctrl Pts',(77.1978010661113,36.2706942909369,2.10351627249359));
#6889=CARTESIAN_POINT('',(39.365802592677,22.5222858403805,4.10351627249359));
#6890=CARTESIAN_POINT('',(39.365802592677,22.5222858403805,2.10351627249359));
#6891=CARTESIAN_POINT('Ctrl Pts',(39.365802592677,22.5222858403805,4.10351627249359));
#6892=CARTESIAN_POINT('Ctrl Pts',(55.6006547929491,25.2010876896919,4.10351627249359));
#6893=CARTESIAN_POINT('Ctrl Pts',(68.3920086813853,31.4720928969248,4.10351627249359));
#6894=CARTESIAN_POINT('Ctrl Pts',(77.1978010661113,36.2706942909369,4.10351627249359));
#6895=CARTESIAN_POINT('Ctrl Pts',(-33.988329730957,36.2706942909369,2.10351627249359));
#6896=CARTESIAN_POINT('Ctrl Pts',(-33.988329730957,36.2706942909369,4.10351627249359));
#6897=CARTESIAN_POINT('Ctrl Pts',(-26.065183147408,31.9530842033489,2.10351627249359));
#6898=CARTESIAN_POINT('Ctrl Pts',(-26.065183147408,31.9530842033489,4.10351627249359));
#6899=CARTESIAN_POINT('Ctrl Pts',(-14.9154411952913,26.4434486107203,2.10351627249359));
#6900=CARTESIAN_POINT('Ctrl Pts',(-14.9154411952913,26.4434486107203,4.10351627249359));
#6901=CARTESIAN_POINT('Ctrl Pts',(-0.933936764025728,23.4309920174641,2.10351627249359));
#6902=CARTESIAN_POINT('Ctrl Pts',(-0.933936764025728,23.4309920174641,4.10351627249359));
#6903=CARTESIAN_POINT('',(-33.988329730957,36.2706942909369,2.10351627249359));
#6904=CARTESIAN_POINT('',(-0.933936764024605,23.4309920174639,2.10351627249359));
#6905=CARTESIAN_POINT('Ctrl Pts',(-33.988329730957,36.2706942909369,2.10351627249359));
#6906=CARTESIAN_POINT('Ctrl Pts',(-26.065183147408,31.9530842033489,2.10351627249359));
#6907=CARTESIAN_POINT('Ctrl Pts',(-14.9154411952913,26.4434486107203,2.10351627249359));
#6908=CARTESIAN_POINT('Ctrl Pts',(-0.933936764025727,23.4309920174641,2.10351627249359));
#6909=CARTESIAN_POINT('',(-33.988329730957,36.2706942909369,4.10351627249359));
#6910=CARTESIAN_POINT('',(-33.988329730957,36.2706942909369,2.10351627249359));
#6911=CARTESIAN_POINT('',(-0.933936764024601,23.4309920174639,4.10351627249359));
#6912=CARTESIAN_POINT('Ctrl Pts',(-33.988329730957,36.2706942909369,4.10351627249359));
#6913=CARTESIAN_POINT('Ctrl Pts',(-26.065183147408,31.9530842033489,4.10351627249359));
#6914=CARTESIAN_POINT('Ctrl Pts',(-14.9154411952913,26.4434486107203,4.10351627249359));
#6915=CARTESIAN_POINT('Ctrl Pts',(-0.933936764025727,23.4309920174641,4.10351627249359));
#6916=CARTESIAN_POINT('',(-0.933936764025728,23.4309920174641,2.10351627249359));
#6917=CARTESIAN_POINT('Ctrl Pts',(-28.7511833152466,18.7075019551723,2.10351627249359));
#6918=CARTESIAN_POINT('Ctrl Pts',(-28.7511833152466,18.7075019551723,4.10351627249359));
#6919=CARTESIAN_POINT('Ctrl Pts',(-26.2132810554199,24.4296760973741,2.10351627249359));
#6920=CARTESIAN_POINT('Ctrl Pts',(-26.2132810554199,24.4296760973741,4.10351627249359));
#6921=CARTESIAN_POINT('Ctrl Pts',(-31.085740428894,33.3325189019649,2.10351627249359));
#6922=CARTESIAN_POINT('Ctrl Pts',(-31.085740428894,33.3325189019649,4.10351627249359));
#6923=CARTESIAN_POINT('Ctrl Pts',(-33.988329730957,36.2706942909369,2.10351627249359));
#6924=CARTESIAN_POINT('Ctrl Pts',(-33.988329730957,36.2706942909369,4.10351627249359));
#6925=CARTESIAN_POINT('',(-28.7511833152466,18.7075019551723,2.10351627249359));
#6926=CARTESIAN_POINT('Ctrl Pts',(-28.7511833152466,18.7075019551723,2.10351627249359));
#6927=CARTESIAN_POINT('Ctrl Pts',(-26.2132810554199,24.4296760973741,2.10351627249359));
#6928=CARTESIAN_POINT('Ctrl Pts',(-31.085740428894,33.3325189019649,2.10351627249359));
#6929=CARTESIAN_POINT('Ctrl Pts',(-33.988329730957,36.2706942909369,2.10351627249359));
#6930=CARTESIAN_POINT('',(-28.7511833152466,18.7075019551723,4.10351627249359));
#6931=CARTESIAN_POINT('',(-28.7511833152466,18.7075019551723,2.10351627249359));
#6932=CARTESIAN_POINT('Ctrl Pts',(-28.7511833152466,18.7075019551723,4.10351627249359));
#6933=CARTESIAN_POINT('Ctrl Pts',(-26.2132810554199,24.4296760973741,4.10351627249359));
#6934=CARTESIAN_POINT('Ctrl Pts',(-31.085740428894,33.3325189019649,4.10351627249359));
#6935=CARTESIAN_POINT('Ctrl Pts',(-33.988329730957,36.2706942909369,4.10351627249359));
#6936=CARTESIAN_POINT('Ctrl Pts',(-35.1907482617391,16.5161608252336,2.10351627249359));
#6937=CARTESIAN_POINT('Ctrl Pts',(-35.1907482617391,16.5161608252336,4.10351627249359));
#6938=CARTESIAN_POINT('Ctrl Pts',(-32.8137211951904,18.0780159919867,2.10351627249359));
#6939=CARTESIAN_POINT('Ctrl Pts',(-32.8137211951904,18.0780159919867,4.10351627249359));
#6940=CARTESIAN_POINT('Ctrl Pts',(-31.3000393638305,18.4676304532497,2.10351627249359));
#6941=CARTESIAN_POINT('Ctrl Pts',(-31.3000393638305,18.4676304532497,4.10351627249359));
#6942=CARTESIAN_POINT('Ctrl Pts',(-28.7511833152466,18.7075019551723,2.10351627249359));
#6943=CARTESIAN_POINT('Ctrl Pts',(-28.7511833152466,18.7075019551723,4.10351627249359));
#6944=CARTESIAN_POINT('',(-35.1907482617391,16.5161608252336,2.10351627249359));
#6945=CARTESIAN_POINT('Ctrl Pts',(-35.1907482617391,16.5161608252336,2.10351627249359));
#6946=CARTESIAN_POINT('Ctrl Pts',(-32.8137211951904,18.0780159919867,2.10351627249359));
#6947=CARTESIAN_POINT('Ctrl Pts',(-31.3000393638305,18.4676304532497,2.10351627249359));
#6948=CARTESIAN_POINT('Ctrl Pts',(-28.7511833152466,18.7075019551723,2.10351627249359));
#6949=CARTESIAN_POINT('',(-35.1907482617391,16.5161608252336,4.10351627249359));
#6950=CARTESIAN_POINT('',(-35.1907482617391,16.5161608252336,2.10351627249359));
#6951=CARTESIAN_POINT('Ctrl Pts',(-35.1907482617391,16.5161608252336,4.10351627249359));
#6952=CARTESIAN_POINT('Ctrl Pts',(-32.8137211951904,18.0780159919867,4.10351627249359));
#6953=CARTESIAN_POINT('Ctrl Pts',(-31.3000393638305,18.4676304532497,4.10351627249359));
#6954=CARTESIAN_POINT('Ctrl Pts',(-28.7511833152466,18.7075019551723,4.10351627249359));
#6955=CARTESIAN_POINT('Ctrl Pts',(-38.62617487205,17.565892051201,2.10351627249359));
#6956=CARTESIAN_POINT('Ctrl Pts',(-38.62617487205,17.565892051201,4.10351627249359));
#6957=CARTESIAN_POINT('Ctrl Pts',(-36.5014418372802,18.1527433428575,2.10351627249359));
#6958=CARTESIAN_POINT('Ctrl Pts',(-36.5014418372802,18.1527433428575,4.10351627249359));
#6959=CARTESIAN_POINT('Ctrl Pts',(-35.1907482617391,16.5161608252336,2.10351627249359));
#6960=CARTESIAN_POINT('Ctrl Pts',(-35.1907482617391,16.5161608252336,4.10351627249359));
#6961=CARTESIAN_POINT('',(-38.62617487205,17.565892051201,2.10351627249359));
#6962=CARTESIAN_POINT('Ctrl Pts',(-38.62617487205,17.565892051201,2.10351627249359));
#6963=CARTESIAN_POINT('Ctrl Pts',(-36.5014418372802,18.1527433428575,2.10351627249359));
#6964=CARTESIAN_POINT('Ctrl Pts',(-35.1907482617391,16.5161608252336,2.10351627249359));
#6965=CARTESIAN_POINT('',(-38.62617487205,17.565892051201,4.10351627249359));
#6966=CARTESIAN_POINT('',(-38.62617487205,17.565892051201,2.10351627249359));
#6967=CARTESIAN_POINT('Ctrl Pts',(-38.62617487205,17.565892051201,4.10351627249359));
#6968=CARTESIAN_POINT('Ctrl Pts',(-36.5014418372802,18.1527433428575,4.10351627249359));
#6969=CARTESIAN_POINT('Ctrl Pts',(-35.1907482617391,16.5161608252336,4.10351627249359));
#6970=CARTESIAN_POINT('Ctrl Pts',(-39.912846981018,14.035560058098,2.10351627249359));
#6971=CARTESIAN_POINT('Ctrl Pts',(-39.912846981018,14.035560058098,4.10351627249359));
#6972=CARTESIAN_POINT('Ctrl Pts',(-38.9647265586548,14.1868678444037,2.10351627249359));
#6973=CARTESIAN_POINT('Ctrl Pts',(-38.9647265586548,14.1868678444037,4.10351627249359));
#6974=CARTESIAN_POINT('Ctrl Pts',(-38.6023730303141,16.2455487093736,2.10351627249359));
#6975=CARTESIAN_POINT('Ctrl Pts',(-38.6023730303141,16.2455487093736,4.10351627249359));
#6976=CARTESIAN_POINT('Ctrl Pts',(-38.62617487205,17.565892051201,2.10351627249359));
#6977=CARTESIAN_POINT('Ctrl Pts',(-38.62617487205,17.565892051201,4.10351627249359));
#6978=CARTESIAN_POINT('',(-39.912846981018,14.035560058098,2.10351627249359));
#6979=CARTESIAN_POINT('Ctrl Pts',(-39.912846981018,14.035560058098,2.10351627249359));
#6980=CARTESIAN_POINT('Ctrl Pts',(-38.9647265586548,14.1868678444037,2.10351627249359));
#6981=CARTESIAN_POINT('Ctrl Pts',(-38.6023730303141,16.2455487093736,2.10351627249359));
#6982=CARTESIAN_POINT('Ctrl Pts',(-38.62617487205,17.565892051201,2.10351627249359));
#6983=CARTESIAN_POINT('',(-39.912846981018,14.035560058098,4.10351627249359));
#6984=CARTESIAN_POINT('',(-39.912846981018,14.035560058098,2.10351627249359));
#6985=CARTESIAN_POINT('Ctrl Pts',(-39.912846981018,14.035560058098,4.10351627249359));
#6986=CARTESIAN_POINT('Ctrl Pts',(-38.9647265586548,14.1868678444037,4.10351627249359));
#6987=CARTESIAN_POINT('Ctrl Pts',(-38.6023730303141,16.2455487093736,4.10351627249359));
#6988=CARTESIAN_POINT('Ctrl Pts',(-38.62617487205,17.565892051201,4.10351627249359));
#6989=CARTESIAN_POINT('Ctrl Pts',(-49.0232421200765,16.9846137397895,2.10351627249359));
#6990=CARTESIAN_POINT('Ctrl Pts',(-49.0232421200765,16.9846137397895,4.10351627249359));
#6991=CARTESIAN_POINT('Ctrl Pts',(-46.6236760546061,15.5674227080156,2.10351627249359));
#6992=CARTESIAN_POINT('Ctrl Pts',(-46.6236760546061,15.5674227080156,4.10351627249359));
#6993=CARTESIAN_POINT('Ctrl Pts',(-42.6364694938354,13.6009156419247,2.10351627249359));
#6994=CARTESIAN_POINT('Ctrl Pts',(-42.6364694938354,13.6009156419247,4.10351627249359));
#6995=CARTESIAN_POINT('Ctrl Pts',(-39.912846981018,14.035560058098,2.10351627249359));
#6996=CARTESIAN_POINT('Ctrl Pts',(-39.912846981018,14.035560058098,4.10351627249359));
#6997=CARTESIAN_POINT('',(-49.0232421200765,16.9846137397895,2.10351627249359));
#6998=CARTESIAN_POINT('Ctrl Pts',(-49.0232421200765,16.9846137397895,2.10351627249359));
#6999=CARTESIAN_POINT('Ctrl Pts',(-46.6236760546061,15.5674227080156,2.10351627249359));
#7000=CARTESIAN_POINT('Ctrl Pts',(-42.6364694938354,13.6009156419247,2.10351627249359));
#7001=CARTESIAN_POINT('Ctrl Pts',(-39.912846981018,14.035560058098,2.10351627249359));
#7002=CARTESIAN_POINT('',(-49.0232421200765,16.9846137397895,4.10351627249359));
#7003=CARTESIAN_POINT('',(-49.0232421200765,16.9846137397895,2.10351627249359));
#7004=CARTESIAN_POINT('Ctrl Pts',(-49.0232421200765,16.9846137397895,4.10351627249359));
#7005=CARTESIAN_POINT('Ctrl Pts',(-46.6236760546061,15.5674227080156,4.10351627249359));
#7006=CARTESIAN_POINT('Ctrl Pts',(-42.6364694938354,13.6009156419247,4.10351627249359));
#7007=CARTESIAN_POINT('Ctrl Pts',(-39.912846981018,14.035560058098,4.10351627249359));
#7008=CARTESIAN_POINT('Ctrl Pts',(-49.0635509558142,16.9541237400142,2.10351627249359));
#7009=CARTESIAN_POINT('Ctrl Pts',(-49.0635509558142,16.9541237400142,4.10351627249359));
#7010=CARTESIAN_POINT('Ctrl Pts',(-49.0501185578081,16.9643005357084,2.10351627249359));
#7011=CARTESIAN_POINT('Ctrl Pts',(-49.0501185578081,16.9643005357084,4.10351627249359));
#7012=CARTESIAN_POINT('Ctrl Pts',(-49.0366822737637,16.9744640656843,2.10351627249359));
#7013=CARTESIAN_POINT('Ctrl Pts',(-49.0366822737637,16.9744640656843,4.10351627249359));
#7014=CARTESIAN_POINT('Ctrl Pts',(-49.0232421200765,16.9846137397895,2.10351627249359));
#7015=CARTESIAN_POINT('Ctrl Pts',(-49.0232421200765,16.9846137397895,4.10351627249359));
#7016=CARTESIAN_POINT('',(-49.0635509558142,16.9541237400142,2.10351627249359));
#7017=CARTESIAN_POINT('Ctrl Pts',(-49.0635509558142,16.9541237400142,2.10351627249359));
#7018=CARTESIAN_POINT('Ctrl Pts',(-49.0501185578081,16.9643005357084,2.10351627249359));
#7019=CARTESIAN_POINT('Ctrl Pts',(-49.0366822737637,16.9744640656843,2.10351627249359));
#7020=CARTESIAN_POINT('Ctrl Pts',(-49.0232421200765,16.9846137397895,2.10351627249359));
#7021=CARTESIAN_POINT('',(-49.0635509558142,16.9541237400142,4.10351627249359));
#7022=CARTESIAN_POINT('',(-49.0635509558142,16.9541237400142,2.10351627249359));
#7023=CARTESIAN_POINT('Ctrl Pts',(-49.0635509558142,16.9541237400142,4.10351627249359));
#7024=CARTESIAN_POINT('Ctrl Pts',(-49.0501185578081,16.9643005357084,4.10351627249359));
#7025=CARTESIAN_POINT('Ctrl Pts',(-49.0366822737637,16.9744640656843,4.10351627249359));
#7026=CARTESIAN_POINT('Ctrl Pts',(-49.0232421200765,16.9846137397895,4.10351627249359));
#7027=CARTESIAN_POINT('Ctrl Pts',(-75.1325914741239,21.8733229396527,2.10351627249359));
#7028=CARTESIAN_POINT('Ctrl Pts',(-75.1325914741239,21.8733229396527,4.10351627249359));
#7029=CARTESIAN_POINT('Ctrl Pts',(-69.0659184368706,24.021189589127,2.10351627249359));
#7030=CARTESIAN_POINT('Ctrl Pts',(-69.0659184368706,24.021189589127,4.10351627249359));
#7031=CARTESIAN_POINT('Ctrl Pts',(-62.3402209942224,24.5953057298118,2.10351627249359));
#7032=CARTESIAN_POINT('Ctrl Pts',(-62.3402209942224,24.5953057298118,4.10351627249359));
#7033=CARTESIAN_POINT('Ctrl Pts',(-58.0442329807636,21.1095270662589,2.10351627249359));
#7034=CARTESIAN_POINT('Ctrl Pts',(-58.0442329807636,21.1095270662589,4.10351627249359));
#7035=CARTESIAN_POINT('',(-75.1325914741239,21.8733229396527,2.10351627249359));
#7036=CARTESIAN_POINT('',(-58.0442329807634,21.1095270662586,2.10351627249359));
#7037=CARTESIAN_POINT('Ctrl Pts',(-75.1325914741238,21.8733229396528,2.10351627249359));
#7038=CARTESIAN_POINT('Ctrl Pts',(-69.0659184368706,24.021189589127,2.10351627249359));
#7039=CARTESIAN_POINT('Ctrl Pts',(-62.3402209942224,24.5953057298118,2.10351627249359));
#7040=CARTESIAN_POINT('Ctrl Pts',(-58.0442329807636,21.1095270662589,2.10351627249359));
#7041=CARTESIAN_POINT('',(-75.1325914741239,21.8733229396527,4.10351627249359));
#7042=CARTESIAN_POINT('',(-75.1325914741239,21.8733229396527,2.10351627249359));
#7043=CARTESIAN_POINT('',(-58.0442329807634,21.1095270662586,4.10351627249359));
#7044=CARTESIAN_POINT('Ctrl Pts',(-75.1325914741238,21.8733229396528,4.10351627249359));
#7045=CARTESIAN_POINT('Ctrl Pts',(-69.0659184368706,24.021189589127,4.10351627249359));
#7046=CARTESIAN_POINT('Ctrl Pts',(-62.3402209942224,24.5953057298118,4.10351627249359));
#7047=CARTESIAN_POINT('Ctrl Pts',(-58.0442329807636,21.1095270662589,4.10351627249359));
#7048=CARTESIAN_POINT('',(-58.0442329807636,21.1095270662589,2.10351627249359));
#7049=CARTESIAN_POINT('Ctrl Pts',(-96.8005939318034,9.55620855345421,2.10351627249359));
#7050=CARTESIAN_POINT('Ctrl Pts',(-96.8005939318034,9.55620855345421,4.10351627249359));
#7051=CARTESIAN_POINT('Ctrl Pts',(-104.848088589546,3.68536860205526,2.10351627249359));
#7052=CARTESIAN_POINT('Ctrl Pts',(-104.848088589546,3.68536860205526,4.10351627249359));
#7053=CARTESIAN_POINT('Ctrl Pts',(-109.938402856555,-2.68790197337889,2.10351627249359));
#7054=CARTESIAN_POINT('Ctrl Pts',(-109.938402856555,-2.68790197337889,4.10351627249359));
#7055=CARTESIAN_POINT('Ctrl Pts',(-112.951616807274,-10.0654814876553,2.10351627249359));
#7056=CARTESIAN_POINT('Ctrl Pts',(-112.951616807274,-10.0654814876553,4.10351627249359));
#7057=CARTESIAN_POINT('',(-96.8005939318034,9.55620855345421,2.10351627249359));
#7058=CARTESIAN_POINT('',(-112.951616807274,-10.0654814876553,2.10351627249359));
#7059=CARTESIAN_POINT('Ctrl Pts',(-96.8005939318034,9.55620855345421,2.10351627249359));
#7060=CARTESIAN_POINT('Ctrl Pts',(-104.848088589546,3.68536860205526,2.10351627249359));
#7061=CARTESIAN_POINT('Ctrl Pts',(-109.938402856555,-2.68790197337889,2.10351627249359));
#7062=CARTESIAN_POINT('Ctrl Pts',(-112.951616807274,-10.0654814876553,2.10351627249359));
#7063=CARTESIAN_POINT('',(-96.8005939318034,9.55620855345421,4.10351627249359));
#7064=CARTESIAN_POINT('',(-96.8005939318034,9.55620855345421,2.10351627249359));
#7065=CARTESIAN_POINT('',(-112.951616807274,-10.0654814876553,4.10351627249359));
#7066=CARTESIAN_POINT('Ctrl Pts',(-96.8005939318034,9.55620855345421,4.10351627249359));
#7067=CARTESIAN_POINT('Ctrl Pts',(-104.848088589546,3.68536860205526,4.10351627249359));
#7068=CARTESIAN_POINT('Ctrl Pts',(-109.938402856555,-2.68790197337889,4.10351627249359));
#7069=CARTESIAN_POINT('Ctrl Pts',(-112.951616807274,-10.0654814876553,4.10351627249359));
#7070=CARTESIAN_POINT('',(-112.951616807274,-10.0654814876553,2.10351627249359));
#7071=CARTESIAN_POINT('Ctrl Pts',(-118.783145875264,11.3358148830542,2.10351627249359));
#7072=CARTESIAN_POINT('Ctrl Pts',(-118.783145875264,11.3358148830542,4.10351627249359));
#7073=CARTESIAN_POINT('Ctrl Pts',(-113.863110271423,7.28508183811199,2.10351627249359));
#7074=CARTESIAN_POINT('Ctrl Pts',(-113.863110271423,7.28508183811199,4.10351627249359));
#7075=CARTESIAN_POINT('Ctrl Pts',(-104.917653385132,7.79108373655967,2.10351627249359));
#7076=CARTESIAN_POINT('Ctrl Pts',(-104.917653385132,7.79108373655967,4.10351627249359));
#7077=CARTESIAN_POINT('Ctrl Pts',(-96.8005939318034,9.55620855345421,2.10351627249359));
#7078=CARTESIAN_POINT('Ctrl Pts',(-96.8005939318034,9.55620855345421,4.10351627249359));
#7079=CARTESIAN_POINT('',(-118.783145875264,11.3358148830542,2.10351627249359));
#7080=CARTESIAN_POINT('Ctrl Pts',(-118.783145875264,11.3358148830542,2.10351627249359));
#7081=CARTESIAN_POINT('Ctrl Pts',(-113.863110271423,7.28508183811199,2.10351627249359));
#7082=CARTESIAN_POINT('Ctrl Pts',(-104.917653385132,7.79108373655967,2.10351627249359));
#7083=CARTESIAN_POINT('Ctrl Pts',(-96.8005939318034,9.55620855345421,2.10351627249359));
#7084=CARTESIAN_POINT('',(-118.783145875264,11.3358148830542,4.10351627249359));
#7085=CARTESIAN_POINT('',(-118.783145875264,11.3358148830542,2.10351627249359));
#7086=CARTESIAN_POINT('Ctrl Pts',(-118.783145875264,11.3358148830542,4.10351627249359));
#7087=CARTESIAN_POINT('Ctrl Pts',(-113.863110271423,7.28508183811199,4.10351627249359));
#7088=CARTESIAN_POINT('Ctrl Pts',(-104.917653385132,7.79108373655967,4.10351627249359));
#7089=CARTESIAN_POINT('Ctrl Pts',(-96.8005939318034,9.55620855345421,4.10351627249359));
#7090=CARTESIAN_POINT('Ctrl Pts',(-120.978653013835,-1.17455804492939,2.10351627249359));
#7091=CARTESIAN_POINT('Ctrl Pts',(-120.978653013835,-1.17455804492939,4.10351627249359));
#7092=CARTESIAN_POINT('Ctrl Pts',(-119.949271401693,-0.602455933748765,
2.10351627249359));
#7093=CARTESIAN_POINT('Ctrl Pts',(-119.949271401693,-0.602455933748765,
4.10351627249359));
#7094=CARTESIAN_POINT('Ctrl Pts',(-118.424965218831,4.09910099997214,2.10351627249359));
#7095=CARTESIAN_POINT('Ctrl Pts',(-118.424965218831,4.09910099997214,4.10351627249359));
#7096=CARTESIAN_POINT('Ctrl Pts',(-118.783145875264,11.3358148830542,2.10351627249359));
#7097=CARTESIAN_POINT('Ctrl Pts',(-118.783145875264,11.3358148830542,4.10351627249359));
#7098=CARTESIAN_POINT('',(-120.978653013835,-1.17455804492939,2.10351627249359));
#7099=CARTESIAN_POINT('Ctrl Pts',(-120.978653013835,-1.17455804492939,2.10351627249359));
#7100=CARTESIAN_POINT('Ctrl Pts',(-119.949271401693,-0.602455933748764,
2.10351627249359));
#7101=CARTESIAN_POINT('Ctrl Pts',(-118.424965218831,4.09910099997214,2.10351627249359));
#7102=CARTESIAN_POINT('Ctrl Pts',(-118.783145875264,11.3358148830542,2.10351627249359));
#7103=CARTESIAN_POINT('',(-120.978653013835,-1.17455804492938,4.10351627249359));
#7104=CARTESIAN_POINT('',(-120.978653013835,-1.17455804492939,2.10351627249359));
#7105=CARTESIAN_POINT('Ctrl Pts',(-120.978653013835,-1.17455804492939,4.10351627249359));
#7106=CARTESIAN_POINT('Ctrl Pts',(-119.949271401693,-0.602455933748764,
4.10351627249359));
#7107=CARTESIAN_POINT('Ctrl Pts',(-118.424965218831,4.09910099997214,4.10351627249359));
#7108=CARTESIAN_POINT('Ctrl Pts',(-118.783145875264,11.3358148830542,4.10351627249359));
#7109=CARTESIAN_POINT('Ctrl Pts',(-127.089576844503,0.101462259432594,2.10351627249359));
#7110=CARTESIAN_POINT('Ctrl Pts',(-127.089576844503,0.101462259432594,4.10351627249359));
#7111=CARTESIAN_POINT('Ctrl Pts',(-125.324095137248,-0.839479176063422,
2.10351627249359));
#7112=CARTESIAN_POINT('Ctrl Pts',(-125.324095137248,-0.839479176063422,
4.10351627249359));
#7113=CARTESIAN_POINT('Ctrl Pts',(-122.576698235799,-1.67739597306558,2.10351627249359));
#7114=CARTESIAN_POINT('Ctrl Pts',(-122.576698235799,-1.67739597306558,4.10351627249359));
#7115=CARTESIAN_POINT('Ctrl Pts',(-120.978653013835,-1.17455804492939,2.10351627249359));
#7116=CARTESIAN_POINT('Ctrl Pts',(-120.978653013835,-1.17455804492939,4.10351627249359));
#7117=CARTESIAN_POINT('',(-127.089576844503,0.101462259432594,2.10351627249359));
#7118=CARTESIAN_POINT('Ctrl Pts',(-127.089576844503,0.101462259432594,2.10351627249359));
#7119=CARTESIAN_POINT('Ctrl Pts',(-125.324095137248,-0.839479176063422,
2.10351627249359));
#7120=CARTESIAN_POINT('Ctrl Pts',(-122.576698235799,-1.67739597306558,2.10351627249359));
#7121=CARTESIAN_POINT('Ctrl Pts',(-120.978653013835,-1.17455804492939,2.10351627249359));
#7122=CARTESIAN_POINT('',(-127.089576844503,0.101462259432594,4.10351627249359));
#7123=CARTESIAN_POINT('',(-127.089576844503,0.101462259432594,2.10351627249359));
#7124=CARTESIAN_POINT('Ctrl Pts',(-127.089576844503,0.101462259432594,4.10351627249359));
#7125=CARTESIAN_POINT('Ctrl Pts',(-125.324095137248,-0.839479176063422,
4.10351627249359));
#7126=CARTESIAN_POINT('Ctrl Pts',(-122.576698235799,-1.67739597306558,4.10351627249359));
#7127=CARTESIAN_POINT('Ctrl Pts',(-120.978653013835,-1.17455804492939,4.10351627249359));
#7128=CARTESIAN_POINT('Ctrl Pts',(-132.809293933838,-11.1651820785394,2.10351627249359));
#7129=CARTESIAN_POINT('Ctrl Pts',(-132.809293933838,-11.1651820785394,4.10351627249359));
#7130=CARTESIAN_POINT('Ctrl Pts',(-128.872381460795,-7.10747594501484,2.10351627249359));
#7131=CARTESIAN_POINT('Ctrl Pts',(-128.872381460795,-7.10747594501484,4.10351627249359));
#7132=CARTESIAN_POINT('Ctrl Pts',(-127.457366087565,-3.49562882091511,2.10351627249359));
#7133=CARTESIAN_POINT('Ctrl Pts',(-127.457366087565,-3.49562882091511,4.10351627249359));
#7134=CARTESIAN_POINT('Ctrl Pts',(-127.089576844503,0.101462259432594,2.10351627249359));
#7135=CARTESIAN_POINT('Ctrl Pts',(-127.089576844503,0.101462259432594,4.10351627249359));
#7136=CARTESIAN_POINT('',(-132.809293933838,-11.1651820785394,2.10351627249359));
#7137=CARTESIAN_POINT('Ctrl Pts',(-132.809293933838,-11.1651820785394,2.10351627249359));
#7138=CARTESIAN_POINT('Ctrl Pts',(-128.872381460795,-7.10747594501484,2.10351627249359));
#7139=CARTESIAN_POINT('Ctrl Pts',(-127.457366087565,-3.49562882091511,2.10351627249359));
#7140=CARTESIAN_POINT('Ctrl Pts',(-127.089576844503,0.101462259432594,2.10351627249359));
#7141=CARTESIAN_POINT('',(-132.809293933838,-11.1651820785394,4.10351627249359));
#7142=CARTESIAN_POINT('',(-132.809293933838,-11.1651820785394,2.10351627249359));
#7143=CARTESIAN_POINT('Ctrl Pts',(-132.809293933838,-11.1651820785394,4.10351627249359));
#7144=CARTESIAN_POINT('Ctrl Pts',(-128.872381460795,-7.10747594501484,4.10351627249359));
#7145=CARTESIAN_POINT('Ctrl Pts',(-127.457366087565,-3.49562882091511,4.10351627249359));
#7146=CARTESIAN_POINT('Ctrl Pts',(-127.089576844503,0.101462259432594,4.10351627249359));
#7147=CARTESIAN_POINT('Ctrl Pts',(-115.024220075767,-12.3838838494142,2.10351627249359));
#7148=CARTESIAN_POINT('Ctrl Pts',(-115.024220075767,-12.3838838494142,4.10351627249359));
#7149=CARTESIAN_POINT('Ctrl Pts',(-119.072664545099,-8.25795206293229,2.10351627249359));
#7150=CARTESIAN_POINT('Ctrl Pts',(-119.072664545099,-8.25795206293229,4.10351627249359));
#7151=CARTESIAN_POINT('Ctrl Pts',(-127.290058625132,-5.78352491962109,2.10351627249359));
#7152=CARTESIAN_POINT('Ctrl Pts',(-127.290058625132,-5.78352491962109,4.10351627249359));
#7153=CARTESIAN_POINT('Ctrl Pts',(-132.809293933838,-11.1651820785394,2.10351627249359));
#7154=CARTESIAN_POINT('Ctrl Pts',(-132.809293933838,-11.1651820785394,4.10351627249359));
#7155=CARTESIAN_POINT('',(-115.024220075767,-12.3838838494143,2.10351627249359));
#7156=CARTESIAN_POINT('Ctrl Pts',(-115.024220075767,-12.3838838494142,2.10351627249359));
#7157=CARTESIAN_POINT('Ctrl Pts',(-119.072664545098,-8.25795206293229,2.10351627249359));
#7158=CARTESIAN_POINT('Ctrl Pts',(-127.290058625132,-5.78352491962108,2.10351627249359));
#7159=CARTESIAN_POINT('Ctrl Pts',(-132.809293933838,-11.1651820785394,2.10351627249359));
#7160=CARTESIAN_POINT('',(-115.024220075767,-12.3838838494143,4.10351627249359));
#7161=CARTESIAN_POINT('',(-115.024220075767,-12.3838838494142,2.10351627249359));
#7162=CARTESIAN_POINT('Ctrl Pts',(-115.024220075767,-12.3838838494142,4.10351627249359));
#7163=CARTESIAN_POINT('Ctrl Pts',(-119.072664545098,-8.25795206293229,4.10351627249359));
#7164=CARTESIAN_POINT('Ctrl Pts',(-127.290058625132,-5.78352491962108,4.10351627249359));
#7165=CARTESIAN_POINT('Ctrl Pts',(-132.809293933838,-11.1651820785394,4.10351627249359));
#7166=CARTESIAN_POINT('Ctrl Pts',(-136.832079718241,-16.377689332822,2.10351627249359));
#7167=CARTESIAN_POINT('Ctrl Pts',(-136.832079718241,-16.377689332822,4.10351627249359));
#7168=CARTESIAN_POINT('Ctrl Pts',(-140.017718177948,-22.8065937990456,2.10351627249359));
#7169=CARTESIAN_POINT('Ctrl Pts',(-140.017718177948,-22.8065937990456,4.10351627249359));
#7170=CARTESIAN_POINT('Ctrl Pts',(-134.548510099854,-28.0980552041938,2.10351627249359));
#7171=CARTESIAN_POINT('Ctrl Pts',(-134.548510099854,-28.0980552041938,4.10351627249359));
#7172=CARTESIAN_POINT('Ctrl Pts',(-129.054206619785,-27.8496568961922,2.10351627249359));
#7173=CARTESIAN_POINT('Ctrl Pts',(-129.054206619785,-27.8496568961922,4.10351627249359));
#7174=CARTESIAN_POINT('',(-136.832079718241,-16.377689332822,2.10351627249359));
#7175=CARTESIAN_POINT('',(-129.054206619785,-27.8496568961922,2.10351627249359));
#7176=CARTESIAN_POINT('Ctrl Pts',(-136.832079718241,-16.377689332822,2.10351627249359));
#7177=CARTESIAN_POINT('Ctrl Pts',(-140.017718177948,-22.8065937990456,2.10351627249359));
#7178=CARTESIAN_POINT('Ctrl Pts',(-134.548510099854,-28.0980552041938,2.10351627249359));
#7179=CARTESIAN_POINT('Ctrl Pts',(-129.054206619785,-27.8496568961922,2.10351627249359));
#7180=CARTESIAN_POINT('',(-136.832079718241,-16.377689332822,4.10351627249359));
#7181=CARTESIAN_POINT('',(-136.832079718241,-16.377689332822,2.10351627249359));
#7182=CARTESIAN_POINT('',(-129.054206619785,-27.8496568961922,4.10351627249359));
#7183=CARTESIAN_POINT('Ctrl Pts',(-136.832079718241,-16.377689332822,4.10351627249359));
#7184=CARTESIAN_POINT('Ctrl Pts',(-140.017718177948,-22.8065937990456,4.10351627249359));
#7185=CARTESIAN_POINT('Ctrl Pts',(-134.548510099854,-28.0980552041938,4.10351627249359));
#7186=CARTESIAN_POINT('Ctrl Pts',(-129.054206619785,-27.8496568961922,4.10351627249359));
#7187=CARTESIAN_POINT('',(-129.054206619785,-27.8496568961922,2.10351627249359));
#7188=CARTESIAN_POINT('Ctrl Pts',(-152.437425881854,-22.3983957409988,2.10351627249359));
#7189=CARTESIAN_POINT('Ctrl Pts',(-152.437425881854,-22.3983957409988,4.10351627249359));
#7190=CARTESIAN_POINT('Ctrl Pts',(-147.52847786109,-22.0520158940096,2.10351627249359));
#7191=CARTESIAN_POINT('Ctrl Pts',(-147.52847786109,-22.0520158940096,4.10351627249359));
#7192=CARTESIAN_POINT('Ctrl Pts',(-142.164864197709,-20.2011832382834,2.10351627249359));
#7193=CARTESIAN_POINT('Ctrl Pts',(-142.164864197709,-20.2011832382834,4.10351627249359));
#7194=CARTESIAN_POINT('Ctrl Pts',(-136.832079718241,-16.377689332822,2.10351627249359));
#7195=CARTESIAN_POINT('Ctrl Pts',(-136.832079718241,-16.377689332822,4.10351627249359));
#7196=CARTESIAN_POINT('',(-152.437425881854,-22.3983957409988,2.10351627249359));
#7197=CARTESIAN_POINT('Ctrl Pts',(-152.437425881854,-22.3983957409988,2.10351627249359));
#7198=CARTESIAN_POINT('Ctrl Pts',(-147.52847786109,-22.0520158940096,2.10351627249359));
#7199=CARTESIAN_POINT('Ctrl Pts',(-142.164864197709,-20.2011832382834,2.10351627249359));
#7200=CARTESIAN_POINT('Ctrl Pts',(-136.832079718241,-16.377689332822,2.10351627249359));
#7201=CARTESIAN_POINT('',(-152.437425881854,-22.3983957409988,4.10351627249359));
#7202=CARTESIAN_POINT('',(-152.437425881854,-22.3983957409988,2.10351627249359));
#7203=CARTESIAN_POINT('Ctrl Pts',(-152.437425881854,-22.3983957409988,4.10351627249359));
#7204=CARTESIAN_POINT('Ctrl Pts',(-147.52847786109,-22.0520158940096,4.10351627249359));
#7205=CARTESIAN_POINT('Ctrl Pts',(-142.164864197709,-20.2011832382834,4.10351627249359));
#7206=CARTESIAN_POINT('Ctrl Pts',(-136.832079718241,-16.377689332822,4.10351627249359));
#7207=CARTESIAN_POINT('Ctrl Pts',(-112.398212607035,22.6789847502519,2.10351627249359));
#7208=CARTESIAN_POINT('Ctrl Pts',(-112.398212607035,22.6789847502519,4.10351627249359));
#7209=CARTESIAN_POINT('Ctrl Pts',(-116.868620851947,22.1841667199912,2.10351627249359));
#7210=CARTESIAN_POINT('Ctrl Pts',(-116.868620851947,22.1841667199912,4.10351627249359));
#7211=CARTESIAN_POINT('Ctrl Pts',(-120.493171058465,22.4000346704875,2.10351627249359));
#7212=CARTESIAN_POINT('Ctrl Pts',(-120.493171058465,22.4000346704875,4.10351627249359));
#7213=CARTESIAN_POINT('Ctrl Pts',(-123.543433844489,23.0991035891031,2.10351627249359));
#7214=CARTESIAN_POINT('Ctrl Pts',(-123.543433844489,23.0991035891031,4.10351627249359));
#7215=CARTESIAN_POINT('',(-112.398212607035,22.6789847502519,2.10351627249359));
#7216=CARTESIAN_POINT('',(-123.543433844489,23.0991035891031,2.10351627249359));
#7217=CARTESIAN_POINT('Ctrl Pts',(-112.398212607035,22.6789847502519,2.10351627249359));
#7218=CARTESIAN_POINT('Ctrl Pts',(-116.868620851947,22.1841667199912,2.10351627249359));
#7219=CARTESIAN_POINT('Ctrl Pts',(-120.493171058465,22.4000346704875,2.10351627249359));
#7220=CARTESIAN_POINT('Ctrl Pts',(-123.543433844489,23.0991035891031,2.10351627249359));
#7221=CARTESIAN_POINT('',(-112.398212607035,22.6789847502519,4.10351627249359));
#7222=CARTESIAN_POINT('',(-112.398212607035,22.6789847502519,2.10351627249359));
#7223=CARTESIAN_POINT('',(-123.543433844489,23.0991035891031,4.10351627249359));
#7224=CARTESIAN_POINT('Ctrl Pts',(-112.398212607035,22.6789847502519,4.10351627249359));
#7225=CARTESIAN_POINT('Ctrl Pts',(-116.868620851947,22.1841667199912,4.10351627249359));
#7226=CARTESIAN_POINT('Ctrl Pts',(-120.493171058465,22.4000346704875,4.10351627249359));
#7227=CARTESIAN_POINT('Ctrl Pts',(-123.543433844489,23.0991035891031,4.10351627249359));
#7228=CARTESIAN_POINT('',(-123.543433844489,23.0991035891031,2.10351627249359));
#7229=CARTESIAN_POINT('Ctrl Pts',(-97.3911651191406,40.9633015125403,2.10351627249359));
#7230=CARTESIAN_POINT('Ctrl Pts',(-97.3911651191406,40.9633015125403,4.10351627249359));
#7231=CARTESIAN_POINT('Ctrl Pts',(-94.9523685671183,28.3724017653276,2.10351627249359));
#7232=CARTESIAN_POINT('Ctrl Pts',(-94.9523685671183,28.3724017653276,4.10351627249359));
#7233=CARTESIAN_POINT('Ctrl Pts',(-106.369620637227,23.6671112093736,2.10351627249359));
#7234=CARTESIAN_POINT('Ctrl Pts',(-106.369620637227,23.6671112093736,4.10351627249359));
#7235=CARTESIAN_POINT('Ctrl Pts',(-112.398212607035,22.6789847502519,2.10351627249359));
#7236=CARTESIAN_POINT('Ctrl Pts',(-112.398212607035,22.6789847502519,4.10351627249359));
#7237=CARTESIAN_POINT('',(-97.3911651191406,40.9633015125403,2.10351627249359));
#7238=CARTESIAN_POINT('Ctrl Pts',(-97.3911651191406,40.9633015125403,2.10351627249359));
#7239=CARTESIAN_POINT('Ctrl Pts',(-94.9523685671183,28.3724017653276,2.10351627249359));
#7240=CARTESIAN_POINT('Ctrl Pts',(-106.369620637227,23.6671112093736,2.10351627249359));
#7241=CARTESIAN_POINT('Ctrl Pts',(-112.398212607035,22.6789847502519,2.10351627249359));
#7242=CARTESIAN_POINT('',(-97.3911651191406,40.9633015125403,4.10351627249359));
#7243=CARTESIAN_POINT('',(-97.3911651191406,40.9633015125403,2.10351627249359));
#7244=CARTESIAN_POINT('Ctrl Pts',(-97.3911651191406,40.9633015125403,4.10351627249359));
#7245=CARTESIAN_POINT('Ctrl Pts',(-94.9523685671183,28.3724017653276,4.10351627249359));
#7246=CARTESIAN_POINT('Ctrl Pts',(-106.369620637227,23.6671112093736,4.10351627249359));
#7247=CARTESIAN_POINT('Ctrl Pts',(-112.398212607035,22.6789847502519,4.10351627249359));
#7248=CARTESIAN_POINT('Ctrl Pts',(-97.2583744519246,44.8511141079077,2.10351627249359));
#7249=CARTESIAN_POINT('Ctrl Pts',(-97.2583744519246,44.8511141079077,4.10351627249359));
#7250=CARTESIAN_POINT('Ctrl Pts',(-97.915135074585,43.796592315178,2.10351627249359));
#7251=CARTESIAN_POINT('Ctrl Pts',(-97.915135074585,43.796592315178,4.10351627249359));
#7252=CARTESIAN_POINT('Ctrl Pts',(-97.8156724764201,43.0539926975379,2.10351627249359));
#7253=CARTESIAN_POINT('Ctrl Pts',(-97.8156724764201,43.0539926975379,4.10351627249359));
#7254=CARTESIAN_POINT('Ctrl Pts',(-97.3911651191406,40.9633015125403,2.10351627249359));
#7255=CARTESIAN_POINT('Ctrl Pts',(-97.3911651191406,40.9633015125403,4.10351627249359));
#7256=CARTESIAN_POINT('',(-97.2583744519246,44.8511141079077,2.10351627249359));
#7257=CARTESIAN_POINT('Ctrl Pts',(-97.2583744519246,44.8511141079077,2.10351627249359));
#7258=CARTESIAN_POINT('Ctrl Pts',(-97.915135074585,43.796592315178,2.10351627249359));
#7259=CARTESIAN_POINT('Ctrl Pts',(-97.8156724764201,43.0539926975379,2.10351627249359));
#7260=CARTESIAN_POINT('Ctrl Pts',(-97.3911651191406,40.9633015125403,2.10351627249359));
#7261=CARTESIAN_POINT('',(-97.2583744519246,44.8511141079077,4.10351627249359));
#7262=CARTESIAN_POINT('',(-97.2583744519246,44.8511141079077,2.10351627249359));
#7263=CARTESIAN_POINT('Ctrl Pts',(-97.2583744519246,44.8511141079077,4.10351627249359));
#7264=CARTESIAN_POINT('Ctrl Pts',(-97.915135074585,43.796592315178,4.10351627249359));
#7265=CARTESIAN_POINT('Ctrl Pts',(-97.8156724764201,43.0539926975379,4.10351627249359));
#7266=CARTESIAN_POINT('Ctrl Pts',(-97.3911651191406,40.9633015125403,4.10351627249359));
#7267=CARTESIAN_POINT('Ctrl Pts',(-92.4389544766439,48.4955137508521,2.10351627249359));
#7268=CARTESIAN_POINT('Ctrl Pts',(-92.4389544766439,48.4955137508521,4.10351627249359));
#7269=CARTESIAN_POINT('Ctrl Pts',(-94.0077621421509,48.0806836129635,2.10351627249359));
#7270=CARTESIAN_POINT('Ctrl Pts',(-94.0077621421509,48.0806836129635,4.10351627249359));
#7271=CARTESIAN_POINT('Ctrl Pts',(-95.5218008638712,47.113483282865,2.10351627249359));
#7272=CARTESIAN_POINT('Ctrl Pts',(-95.5218008638712,47.113483282865,4.10351627249359));
#7273=CARTESIAN_POINT('Ctrl Pts',(-97.2583744519246,44.8511141079077,2.10351627249359));
#7274=CARTESIAN_POINT('Ctrl Pts',(-97.2583744519246,44.8511141079077,4.10351627249359));
#7275=CARTESIAN_POINT('',(-92.4389544766439,48.4955137508521,2.10351627249359));
#7276=CARTESIAN_POINT('Ctrl Pts',(-92.4389544766439,48.4955137508521,2.10351627249359));
#7277=CARTESIAN_POINT('Ctrl Pts',(-94.0077621421509,48.0806836129635,2.10351627249359));
#7278=CARTESIAN_POINT('Ctrl Pts',(-95.5218008638712,47.113483282865,2.10351627249359));
#7279=CARTESIAN_POINT('Ctrl Pts',(-97.2583744519246,44.8511141079077,2.10351627249359));
#7280=CARTESIAN_POINT('',(-92.4389544766439,48.4955137508521,4.10351627249359));
#7281=CARTESIAN_POINT('',(-92.4389544766439,48.4955137508521,2.10351627249359));
#7282=CARTESIAN_POINT('Ctrl Pts',(-92.4389544766439,48.4955137508521,4.10351627249359));
#7283=CARTESIAN_POINT('Ctrl Pts',(-94.0077621421509,48.0806836129635,4.10351627249359));
#7284=CARTESIAN_POINT('Ctrl Pts',(-95.5218008638712,47.113483282865,4.10351627249359));
#7285=CARTESIAN_POINT('Ctrl Pts',(-97.2583744519246,44.8511141079077,4.10351627249359));
#7286=CARTESIAN_POINT('Ctrl Pts',(-97.9716816853628,52.0326805545059,2.10351627249359));
#7287=CARTESIAN_POINT('Ctrl Pts',(-97.9716816853628,52.0326805545059,4.10351627249359));
#7288=CARTESIAN_POINT('Ctrl Pts',(-95.5693971341839,51.6778054258442,2.10351627249359));
#7289=CARTESIAN_POINT('Ctrl Pts',(-95.5693971341839,51.6778054258442,4.10351627249359));
#7290=CARTESIAN_POINT('Ctrl Pts',(-93.5035205218136,50.2087161975395,2.10351627249359));
#7291=CARTESIAN_POINT('Ctrl Pts',(-93.5035205218136,50.2087161975395,4.10351627249359));
#7292=CARTESIAN_POINT('Ctrl Pts',(-92.4389544766439,48.4955137508521,2.10351627249359));
#7293=CARTESIAN_POINT('Ctrl Pts',(-92.4389544766439,48.4955137508521,4.10351627249359));
#7294=CARTESIAN_POINT('',(-97.9716816853656,52.0326805545063,2.10351627249359));
#7295=CARTESIAN_POINT('Ctrl Pts',(-97.9716816853628,52.0326805545059,2.10351627249359));
#7296=CARTESIAN_POINT('Ctrl Pts',(-95.5693971341838,51.6778054258442,2.10351627249359));
#7297=CARTESIAN_POINT('Ctrl Pts',(-93.5035205218136,50.2087161975395,2.10351627249359));
#7298=CARTESIAN_POINT('Ctrl Pts',(-92.4389544766439,48.4955137508521,2.10351627249359));
#7299=CARTESIAN_POINT('',(-97.9716816853656,52.0326805545063,4.10351627249359));
#7300=CARTESIAN_POINT('',(-97.9716816853628,52.0326805545059,2.10351627249359));
#7301=CARTESIAN_POINT('Ctrl Pts',(-97.9716816853628,52.0326805545059,4.10351627249359));
#7302=CARTESIAN_POINT('Ctrl Pts',(-95.5693971341838,51.6778054258442,4.10351627249359));
#7303=CARTESIAN_POINT('Ctrl Pts',(-93.5035205218136,50.2087161975395,4.10351627249359));
#7304=CARTESIAN_POINT('Ctrl Pts',(-92.4389544766439,48.4955137508521,4.10351627249359));
#7305=CARTESIAN_POINT('Ctrl Pts',(-77.6304752947184,57.1875373015214,2.10351627249359));
#7306=CARTESIAN_POINT('Ctrl Pts',(-77.6304752947184,57.1875373015214,4.10351627249359));
#7307=CARTESIAN_POINT('Ctrl Pts',(-80.7658400186464,63.5809998304723,2.10351627249359));
#7308=CARTESIAN_POINT('Ctrl Pts',(-80.7658400186464,63.5809998304723,4.10351627249359));
#7309=CARTESIAN_POINT('Ctrl Pts',(-87.928180191458,68.612047831238,2.10351627249359));
#7310=CARTESIAN_POINT('Ctrl Pts',(-87.928180191458,68.612047831238,4.10351627249359));
#7311=CARTESIAN_POINT('Ctrl Pts',(-96.1457859962091,69.6902900295827,2.10351627249359));
#7312=CARTESIAN_POINT('Ctrl Pts',(-96.1457859962091,69.6902900295827,4.10351627249359));
#7313=CARTESIAN_POINT('',(-77.6304752947184,57.1875373015214,2.10351627249359));
#7314=CARTESIAN_POINT('',(-96.1457859962124,69.6902900295831,2.10351627249359));
#7315=CARTESIAN_POINT('Ctrl Pts',(-77.6304752947184,57.1875373015214,2.10351627249359));
#7316=CARTESIAN_POINT('Ctrl Pts',(-80.7658400186464,63.5809998304723,2.10351627249359));
#7317=CARTESIAN_POINT('Ctrl Pts',(-87.928180191458,68.612047831238,2.10351627249359));
#7318=CARTESIAN_POINT('Ctrl Pts',(-96.1457859962091,69.6902900295827,2.10351627249359));
#7319=CARTESIAN_POINT('',(-77.6304752947184,57.1875373015214,4.10351627249359));
#7320=CARTESIAN_POINT('',(-77.6304752947184,57.1875373015214,2.10351627249359));
#7321=CARTESIAN_POINT('',(-96.1457859962124,69.6902900295831,4.10351627249359));
#7322=CARTESIAN_POINT('Ctrl Pts',(-77.6304752947184,57.1875373015214,4.10351627249359));
#7323=CARTESIAN_POINT('Ctrl Pts',(-80.7658400186464,63.5809998304723,4.10351627249359));
#7324=CARTESIAN_POINT('Ctrl Pts',(-87.928180191458,68.612047831238,4.10351627249359));
#7325=CARTESIAN_POINT('Ctrl Pts',(-96.1457859962091,69.6902900295827,4.10351627249359));
#7326=CARTESIAN_POINT('',(-96.1457859962091,69.6902900295827,2.10351627249359));
#7327=CARTESIAN_POINT('Ctrl Pts',(-68.3746061540934,59.9117226029842,2.10351627249359));
#7328=CARTESIAN_POINT('Ctrl Pts',(-68.3746061540934,59.9117226029842,4.10351627249359));
#7329=CARTESIAN_POINT('Ctrl Pts',(-72.2313830146484,59.7879502806474,2.10351627249359));
#7330=CARTESIAN_POINT('Ctrl Pts',(-72.2313830146484,59.7879502806474,4.10351627249359));
#7331=CARTESIAN_POINT('Ctrl Pts',(-76.1334849509888,58.4162010003536,2.10351627249359));
#7332=CARTESIAN_POINT('Ctrl Pts',(-76.1334849509888,58.4162010003536,4.10351627249359));
#7333=CARTESIAN_POINT('Ctrl Pts',(-77.6304752947184,57.1875373015214,2.10351627249359));
#7334=CARTESIAN_POINT('Ctrl Pts',(-77.6304752947184,57.1875373015214,4.10351627249359));
#7335=CARTESIAN_POINT('',(-68.3746061540934,59.9117226029842,2.10351627249359));
#7336=CARTESIAN_POINT('Ctrl Pts',(-68.3746061540934,59.9117226029842,2.10351627249359));
#7337=CARTESIAN_POINT('Ctrl Pts',(-72.2313830146484,59.7879502806474,2.10351627249359));
#7338=CARTESIAN_POINT('Ctrl Pts',(-76.1334849509888,58.4162010003536,2.10351627249359));
#7339=CARTESIAN_POINT('Ctrl Pts',(-77.6304752947184,57.1875373015214,2.10351627249359));
#7340=CARTESIAN_POINT('',(-68.3746061540934,59.9117226029842,4.10351627249359));
#7341=CARTESIAN_POINT('',(-68.3746061540934,59.9117226029842,2.10351627249359));
#7342=CARTESIAN_POINT('Ctrl Pts',(-68.3746061540934,59.9117226029842,4.10351627249359));
#7343=CARTESIAN_POINT('Ctrl Pts',(-72.2313830146484,59.7879502806474,4.10351627249359));
#7344=CARTESIAN_POINT('Ctrl Pts',(-76.1334849509888,58.4162010003536,4.10351627249359));
#7345=CARTESIAN_POINT('Ctrl Pts',(-77.6304752947184,57.1875373015214,4.10351627249359));
#7346=CARTESIAN_POINT('Ctrl Pts',(-66.9143755174967,37.5908797774125,2.10351627249359));
#7347=CARTESIAN_POINT('Ctrl Pts',(-66.9143755174967,37.5908797774125,4.10351627249359));
#7348=CARTESIAN_POINT('Ctrl Pts',(-63.8415220603638,46.0612332345455,2.10351627249359));
#7349=CARTESIAN_POINT('Ctrl Pts',(-63.8415220603638,46.0612332345455,4.10351627249359));
#7350=CARTESIAN_POINT('Ctrl Pts',(-66.4262867698364,56.5950993030676,2.10351627249359));
#7351=CARTESIAN_POINT('Ctrl Pts',(-66.4262867698364,56.5950993030676,4.10351627249359));
#7352=CARTESIAN_POINT('Ctrl Pts',(-68.3746061540934,59.9117226029842,2.10351627249359));
#7353=CARTESIAN_POINT('Ctrl Pts',(-68.3746061540934,59.9117226029842,4.10351627249359));
#7354=CARTESIAN_POINT('',(-66.9143755174967,37.5908797774125,2.10351627249359));
#7355=CARTESIAN_POINT('Ctrl Pts',(-66.9143755174967,37.5908797774125,2.10351627249359));
#7356=CARTESIAN_POINT('Ctrl Pts',(-63.8415220603638,46.0612332345455,2.10351627249359));
#7357=CARTESIAN_POINT('Ctrl Pts',(-66.4262867698364,56.5950993030676,2.10351627249359));
#7358=CARTESIAN_POINT('Ctrl Pts',(-68.3746061540934,59.9117226029842,2.10351627249359));
#7359=CARTESIAN_POINT('',(-66.9143755174967,37.5908797774125,4.10351627249359));
#7360=CARTESIAN_POINT('',(-66.9143755174967,37.5908797774125,2.10351627249359));
#7361=CARTESIAN_POINT('Ctrl Pts',(-66.9143755174967,37.5908797774125,4.10351627249359));
#7362=CARTESIAN_POINT('Ctrl Pts',(-63.8415220603638,46.0612332345455,4.10351627249359));
#7363=CARTESIAN_POINT('Ctrl Pts',(-66.4262867698364,56.5950993030676,4.10351627249359));
#7364=CARTESIAN_POINT('Ctrl Pts',(-68.3746061540934,59.9117226029842,4.10351627249359));
#7365=CARTESIAN_POINT('Ctrl Pts',(-38.8474920453701,39.0722660725115,2.10351627249359));
#7366=CARTESIAN_POINT('Ctrl Pts',(-38.8474920453701,39.0722660725115,4.10351627249359));
#7367=CARTESIAN_POINT('Ctrl Pts',(-49.3669852105974,45.8488188999918,2.10351627249359));
#7368=CARTESIAN_POINT('Ctrl Pts',(-49.3669852105974,45.8488188999918,4.10351627249359));
#7369=CARTESIAN_POINT('Ctrl Pts',(-60.6952839185992,42.524692083466,2.10351627249359));
#7370=CARTESIAN_POINT('Ctrl Pts',(-60.6952839185992,42.524692083466,4.10351627249359));
#7371=CARTESIAN_POINT('Ctrl Pts',(-66.9143755174967,37.5908797774125,2.10351627249359));
#7372=CARTESIAN_POINT('Ctrl Pts',(-66.9143755174967,37.5908797774125,4.10351627249359));
#7373=CARTESIAN_POINT('',(-38.8474920453698,39.0722660725119,2.10351627249359));
#7374=CARTESIAN_POINT('Ctrl Pts',(-38.8474920453701,39.0722660725115,2.10351627249359));
#7375=CARTESIAN_POINT('Ctrl Pts',(-49.3669852105974,45.8488188999918,2.10351627249359));
#7376=CARTESIAN_POINT('Ctrl Pts',(-60.6952839185992,42.524692083466,2.10351627249359));
#7377=CARTESIAN_POINT('Ctrl Pts',(-66.9143755174967,37.5908797774125,2.10351627249359));
#7378=CARTESIAN_POINT('',(-38.8474920453698,39.0722660725119,4.10351627249359));
#7379=CARTESIAN_POINT('',(-38.8474920453698,39.0722660725119,2.10351627249359));
#7380=CARTESIAN_POINT('Ctrl Pts',(-38.8474920453701,39.0722660725115,4.10351627249359));
#7381=CARTESIAN_POINT('Ctrl Pts',(-49.3669852105974,45.8488188999918,4.10351627249359));
#7382=CARTESIAN_POINT('Ctrl Pts',(-60.6952839185992,42.524692083466,4.10351627249359));
#7383=CARTESIAN_POINT('Ctrl Pts',(-66.9143755174967,37.5908797774125,4.10351627249359));
#7384=CARTESIAN_POINT('Ctrl Pts',(-38.5311047706299,38.8652323056667,2.10351627249359));
#7385=CARTESIAN_POINT('Ctrl Pts',(-38.5311047706299,38.8652323056667,4.10351627249359));
#7386=CARTESIAN_POINT('Ctrl Pts',(-38.6369382952259,38.9342417104475,2.10351627249359));
#7387=CARTESIAN_POINT('Ctrl Pts',(-38.6369382952259,38.9342417104475,4.10351627249359));
#7388=CARTESIAN_POINT('Ctrl Pts',(-38.7424001515684,39.0032533670123,2.10351627249359));
#7389=CARTESIAN_POINT('Ctrl Pts',(-38.7424001515684,39.0032533670123,4.10351627249359));
#7390=CARTESIAN_POINT('Ctrl Pts',(-38.8474920453698,39.0722660725119,2.10351627249359));
#7391=CARTESIAN_POINT('Ctrl Pts',(-38.8474920453698,39.0722660725119,4.10351627249359));
#7392=CARTESIAN_POINT('',(-38.5311047706299,38.8652323056667,2.10351627249359));
#7393=CARTESIAN_POINT('Ctrl Pts',(-38.5311047706299,38.8652323056667,2.10351627249359));
#7394=CARTESIAN_POINT('Ctrl Pts',(-38.6369382952259,38.9342417104475,2.10351627249359));
#7395=CARTESIAN_POINT('Ctrl Pts',(-38.7424001515684,39.0032533670123,2.10351627249359));
#7396=CARTESIAN_POINT('Ctrl Pts',(-38.8474920453698,39.0722660725119,2.10351627249359));
#7397=CARTESIAN_POINT('',(-38.5311047706299,38.8652323056667,4.10351627249359));
#7398=CARTESIAN_POINT('',(-38.5311047706299,38.8652323056667,2.10351627249359));
#7399=CARTESIAN_POINT('Ctrl Pts',(-38.5311047706299,38.8652323056667,4.10351627249359));
#7400=CARTESIAN_POINT('Ctrl Pts',(-38.6369382952259,38.9342417104475,4.10351627249359));
#7401=CARTESIAN_POINT('Ctrl Pts',(-38.7424001515684,39.0032533670123,4.10351627249359));
#7402=CARTESIAN_POINT('Ctrl Pts',(-38.8474920453698,39.0722660725119,4.10351627249359));
#7403=CARTESIAN_POINT('',(-38.8474920453698,39.0722660725119,2.10351627249359));
#7404=CARTESIAN_POINT('Ctrl Pts',(-38.8474920452773,39.0722660724517,2.10351627249359));
#7405=CARTESIAN_POINT('Ctrl Pts',(-38.8474920452773,39.0722660724517,4.10351627249359));
#7406=CARTESIAN_POINT('Ctrl Pts',(-38.7419462068637,39.0042744935322,2.10351627249359));
#7407=CARTESIAN_POINT('Ctrl Pts',(-38.7419462068637,39.0042744935322,4.10351627249359));
#7408=CARTESIAN_POINT('Ctrl Pts',(-38.6364817895033,38.9352660966872,2.10351627249359));
#7409=CARTESIAN_POINT('Ctrl Pts',(-38.6364817895033,38.9352660966872,4.10351627249359));
#7410=CARTESIAN_POINT('Ctrl Pts',(-38.5311047706299,38.8652323056667,2.10351627249359));
#7411=CARTESIAN_POINT('Ctrl Pts',(-38.5311047706299,38.8652323056667,4.10351627249359));
#7412=CARTESIAN_POINT('Ctrl Pts',(-38.8474920452773,39.0722660724517,2.10351627249359));
#7413=CARTESIAN_POINT('Ctrl Pts',(-38.7419462068637,39.0042744935321,2.10351627249359));
#7414=CARTESIAN_POINT('Ctrl Pts',(-38.6364817895033,38.9352660966872,2.10351627249359));
#7415=CARTESIAN_POINT('Ctrl Pts',(-38.5311047706299,38.8652323056667,2.10351627249359));
#7416=CARTESIAN_POINT('Ctrl Pts',(-38.8474920452773,39.0722660724517,4.10351627249359));
#7417=CARTESIAN_POINT('Ctrl Pts',(-38.7419462068637,39.0042744935321,4.10351627249359));
#7418=CARTESIAN_POINT('Ctrl Pts',(-38.6364817895033,38.9352660966872,4.10351627249359));
#7419=CARTESIAN_POINT('Ctrl Pts',(-38.5311047706299,38.8652323056667,4.10351627249359));
#7420=CARTESIAN_POINT('Ctrl Pts',(-69.3521563046468,69.1625678254574,2.10351627249359));
#7421=CARTESIAN_POINT('Ctrl Pts',(-69.3521563046468,69.1625678254574,4.10351627249359));
#7422=CARTESIAN_POINT('Ctrl Pts',(-64.4728386703743,63.5590071912451,2.10351627249359));
#7423=CARTESIAN_POINT('Ctrl Pts',(-64.4728386703743,63.5590071912451,4.10351627249359));
#7424=CARTESIAN_POINT('Ctrl Pts',(-57.4665118677987,51.2991742118193,2.10351627249359));
#7425=CARTESIAN_POINT('Ctrl Pts',(-57.4665118677987,51.2991742118193,4.10351627249359));
#7426=CARTESIAN_POINT('Ctrl Pts',(-38.8474920453698,39.0722660725119,2.10351627249359));
#7427=CARTESIAN_POINT('Ctrl Pts',(-38.8474920453698,39.0722660725119,4.10351627249359));
#7428=CARTESIAN_POINT('',(-69.3521563046468,69.1625678254574,2.10351627249359));
#7429=CARTESIAN_POINT('Ctrl Pts',(-69.3521563046468,69.1625678254574,2.10351627249359));
#7430=CARTESIAN_POINT('Ctrl Pts',(-64.4728386703743,63.5590071912451,2.10351627249359));
#7431=CARTESIAN_POINT('Ctrl Pts',(-57.4665118677987,51.2991742118193,2.10351627249359));
#7432=CARTESIAN_POINT('Ctrl Pts',(-38.8474920453698,39.0722660725119,2.10351627249359));
#7433=CARTESIAN_POINT('',(-69.3521563046468,69.1625678254574,4.10351627249359));
#7434=CARTESIAN_POINT('',(-69.3521563046468,69.1625678254574,2.10351627249359));
#7435=CARTESIAN_POINT('Ctrl Pts',(-69.3521563046468,69.1625678254574,4.10351627249359));
#7436=CARTESIAN_POINT('Ctrl Pts',(-64.4728386703743,63.5590071912451,4.10351627249359));
#7437=CARTESIAN_POINT('Ctrl Pts',(-57.4665118677987,51.2991742118193,4.10351627249359));
#7438=CARTESIAN_POINT('Ctrl Pts',(-38.8474920453698,39.0722660725119,4.10351627249359));
#7439=CARTESIAN_POINT('Ctrl Pts',(-98.3108128476279,73.7352129540025,2.10351627249359));
#7440=CARTESIAN_POINT('Ctrl Pts',(-98.3108128476279,73.7352129540025,4.10351627249359));
#7441=CARTESIAN_POINT('Ctrl Pts',(-89.4238639898379,82.9100326245996,2.10351627249359));
#7442=CARTESIAN_POINT('Ctrl Pts',(-89.4238639898379,82.9100326245996,4.10351627249359));
#7443=CARTESIAN_POINT('Ctrl Pts',(-73.9403293742648,76.6063257115248,2.10351627249359));
#7444=CARTESIAN_POINT('Ctrl Pts',(-73.9403293742648,76.6063257115248,4.10351627249359));
#7445=CARTESIAN_POINT('Ctrl Pts',(-69.3521563046468,69.1625678254574,2.10351627249359));
#7446=CARTESIAN_POINT('Ctrl Pts',(-69.3521563046468,69.1625678254574,4.10351627249359));
#7447=CARTESIAN_POINT('',(-98.3108128478885,73.7352129537334,2.10351627249359));
#7448=CARTESIAN_POINT('Ctrl Pts',(-98.3108128476279,73.7352129540025,2.10351627249359));
#7449=CARTESIAN_POINT('Ctrl Pts',(-89.4238639898379,82.9100326245996,2.10351627249359));
#7450=CARTESIAN_POINT('Ctrl Pts',(-73.9403293742648,76.6063257115248,2.10351627249359));
#7451=CARTESIAN_POINT('Ctrl Pts',(-69.3521563046468,69.1625678254574,2.10351627249359));
#7452=CARTESIAN_POINT('',(-98.3108128478885,73.7352129537334,4.10351627249359));
#7453=CARTESIAN_POINT('',(-98.3108128476279,73.7352129540025,2.10351627249359));
#7454=CARTESIAN_POINT('Ctrl Pts',(-98.3108128476279,73.7352129540025,4.10351627249359));
#7455=CARTESIAN_POINT('Ctrl Pts',(-89.4238639898379,82.9100326245996,4.10351627249359));
#7456=CARTESIAN_POINT('Ctrl Pts',(-73.9403293742648,76.6063257115248,4.10351627249359));
#7457=CARTESIAN_POINT('Ctrl Pts',(-69.3521563046468,69.1625678254574,4.10351627249359));
#7458=CARTESIAN_POINT('Ctrl Pts',(-105.521456968913,98.8457979839453,2.10351627249359));
#7459=CARTESIAN_POINT('Ctrl Pts',(-105.521456968913,98.8457979839453,4.10351627249359));
#7460=CARTESIAN_POINT('Ctrl Pts',(-107.558309262206,98.9401882251866,2.10351627249359));
#7461=CARTESIAN_POINT('Ctrl Pts',(-107.558309262206,98.9401882251866,4.10351627249359));
#7462=CARTESIAN_POINT('Ctrl Pts',(-112.646527171901,98.1817140997052,2.10351627249359));
#7463=CARTESIAN_POINT('Ctrl Pts',(-112.646527171901,98.1817140997052,4.10351627249359));
#7464=CARTESIAN_POINT('Ctrl Pts',(-115.738245838605,93.4363289884331,2.10351627249359));
#7465=CARTESIAN_POINT('Ctrl Pts',(-115.738245838605,93.4363289884331,4.10351627249359));
#7466=CARTESIAN_POINT('',(-105.521456968913,98.8457979839453,2.10351627249359));
#7467=CARTESIAN_POINT('',(-115.738245838606,93.4363289884307,2.10351627249359));
#7468=CARTESIAN_POINT('Ctrl Pts',(-105.521456968913,98.8457979839453,2.10351627249359));
#7469=CARTESIAN_POINT('Ctrl Pts',(-107.558309262206,98.9401882251866,2.10351627249359));
#7470=CARTESIAN_POINT('Ctrl Pts',(-112.646527171901,98.1817140997052,2.10351627249359));
#7471=CARTESIAN_POINT('Ctrl Pts',(-115.738245838605,93.4363289884331,2.10351627249359));
#7472=CARTESIAN_POINT('',(-105.521456968913,98.8457979839453,4.10351627249359));
#7473=CARTESIAN_POINT('',(-105.521456968913,98.8457979839453,2.10351627249359));
#7474=CARTESIAN_POINT('',(-115.738245838606,93.4363289884307,4.10351627249359));
#7475=CARTESIAN_POINT('Ctrl Pts',(-105.521456968913,98.8457979839453,4.10351627249359));
#7476=CARTESIAN_POINT('Ctrl Pts',(-107.558309262206,98.9401882251866,4.10351627249359));
#7477=CARTESIAN_POINT('Ctrl Pts',(-112.646527171901,98.1817140997052,4.10351627249359));
#7478=CARTESIAN_POINT('Ctrl Pts',(-115.738245838605,93.4363289884331,4.10351627249359));
#7479=CARTESIAN_POINT('',(-115.738245838605,93.4363289884331,2.10351627249359));
#7480=CARTESIAN_POINT('Ctrl Pts',(-105.365111537903,101.508570690295,2.10351627249359));
#7481=CARTESIAN_POINT('Ctrl Pts',(-105.365111537903,101.508570690295,4.10351627249359));
#7482=CARTESIAN_POINT('Ctrl Pts',(-105.874833332031,100.727269058368,2.10351627249359));
#7483=CARTESIAN_POINT('Ctrl Pts',(-105.874833332031,100.727269058368,4.10351627249359));
#7484=CARTESIAN_POINT('Ctrl Pts',(-105.881229905416,99.6574627496212,2.10351627249359));
#7485=CARTESIAN_POINT('Ctrl Pts',(-105.881229905416,99.6574627496212,4.10351627249359));
#7486=CARTESIAN_POINT('Ctrl Pts',(-105.521456968913,98.8457979839453,2.10351627249359));
#7487=CARTESIAN_POINT('Ctrl Pts',(-105.521456968913,98.8457979839453,4.10351627249359));
#7488=CARTESIAN_POINT('',(-105.365111537903,101.508570690295,2.10351627249359));
#7489=CARTESIAN_POINT('Ctrl Pts',(-105.365111537903,101.508570690295,2.10351627249359));
#7490=CARTESIAN_POINT('Ctrl Pts',(-105.874833332031,100.727269058368,2.10351627249359));
#7491=CARTESIAN_POINT('Ctrl Pts',(-105.881229905416,99.6574627496212,2.10351627249359));
#7492=CARTESIAN_POINT('Ctrl Pts',(-105.521456968913,98.8457979839453,2.10351627249359));
#7493=CARTESIAN_POINT('',(-105.365111537903,101.508570690295,4.10351627249359));
#7494=CARTESIAN_POINT('',(-105.365111537903,101.508570690295,2.10351627249359));
#7495=CARTESIAN_POINT('Ctrl Pts',(-105.365111537903,101.508570690295,4.10351627249359));
#7496=CARTESIAN_POINT('Ctrl Pts',(-105.874833332031,100.727269058368,4.10351627249359));
#7497=CARTESIAN_POINT('Ctrl Pts',(-105.881229905416,99.6574627496212,4.10351627249359));
#7498=CARTESIAN_POINT('Ctrl Pts',(-105.521456968913,98.8457979839453,4.10351627249359));
#7499=CARTESIAN_POINT('Ctrl Pts',(-81.4095324159953,92.016124420306,2.10351627249359));
#7500=CARTESIAN_POINT('Ctrl Pts',(-81.4095324159953,92.016124420306,4.10351627249359));
#7501=CARTESIAN_POINT('Ctrl Pts',(-86.2703516730957,97.4328415935645,2.10351627249359));
#7502=CARTESIAN_POINT('Ctrl Pts',(-86.2703516730957,97.4328415935645,4.10351627249359));
#7503=CARTESIAN_POINT('Ctrl Pts',(-96.7165874315592,103.579577999255,2.10351627249359));
#7504=CARTESIAN_POINT('Ctrl Pts',(-96.7165874315592,103.579577999255,4.10351627249359));
#7505=CARTESIAN_POINT('Ctrl Pts',(-105.365111537903,101.508570690295,2.10351627249359));
#7506=CARTESIAN_POINT('Ctrl Pts',(-105.365111537903,101.508570690295,4.10351627249359));
#7507=CARTESIAN_POINT('',(-81.4095324159953,92.016124420306,2.10351627249359));
#7508=CARTESIAN_POINT('Ctrl Pts',(-81.4095324159953,92.016124420306,2.10351627249359));
#7509=CARTESIAN_POINT('Ctrl Pts',(-86.2703516730957,97.4328415935645,2.10351627249359));
#7510=CARTESIAN_POINT('Ctrl Pts',(-96.7165874315592,103.579577999255,2.10351627249359));
#7511=CARTESIAN_POINT('Ctrl Pts',(-105.365111537903,101.508570690295,2.10351627249359));
#7512=CARTESIAN_POINT('',(-81.4095324159953,92.016124420306,4.10351627249359));
#7513=CARTESIAN_POINT('',(-81.4095324159953,92.016124420306,2.10351627249359));
#7514=CARTESIAN_POINT('Ctrl Pts',(-81.4095324159953,92.016124420306,4.10351627249359));
#7515=CARTESIAN_POINT('Ctrl Pts',(-86.2703516730957,97.4328415935645,4.10351627249359));
#7516=CARTESIAN_POINT('Ctrl Pts',(-96.7165874315592,103.579577999255,4.10351627249359));
#7517=CARTESIAN_POINT('Ctrl Pts',(-105.365111537903,101.508570690295,4.10351627249359));
#7518=CARTESIAN_POINT('Ctrl Pts',(-99.5178473243408,112.19237188989,2.10351627249359));
#7519=CARTESIAN_POINT('Ctrl Pts',(-99.5178473243408,112.19237188989,4.10351627249359));
#7520=CARTESIAN_POINT('Ctrl Pts',(-94.7432308158569,109.821535498441,2.10351627249359));
#7521=CARTESIAN_POINT('Ctrl Pts',(-94.7432308158569,109.821535498441,4.10351627249359));
#7522=CARTESIAN_POINT('Ctrl Pts',(-81.8924599799805,95.7326433691789,2.10351627249359));
#7523=CARTESIAN_POINT('Ctrl Pts',(-81.8924599799805,95.7326433691789,4.10351627249359));
#7524=CARTESIAN_POINT('Ctrl Pts',(-81.4095324159953,92.016124420306,2.10351627249359));
#7525=CARTESIAN_POINT('Ctrl Pts',(-81.4095324159953,92.016124420306,4.10351627249359));
#7526=CARTESIAN_POINT('',(-99.5178473243408,112.19237188989,2.10351627249359));
#7527=CARTESIAN_POINT('Ctrl Pts',(-99.5178473243408,112.19237188989,2.10351627249359));
#7528=CARTESIAN_POINT('Ctrl Pts',(-94.7432308158569,109.821535498441,2.10351627249359));
#7529=CARTESIAN_POINT('Ctrl Pts',(-81.8924599799805,95.7326433691789,2.10351627249359));
#7530=CARTESIAN_POINT('Ctrl Pts',(-81.4095324159953,92.016124420306,2.10351627249359));
#7531=CARTESIAN_POINT('',(-99.5178473243408,112.19237188989,4.10351627249359));
#7532=CARTESIAN_POINT('',(-99.5178473243408,112.19237188989,2.10351627249359));
#7533=CARTESIAN_POINT('Ctrl Pts',(-99.5178473243408,112.19237188989,4.10351627249359));
#7534=CARTESIAN_POINT('Ctrl Pts',(-94.7432308158569,109.821535498441,4.10351627249359));
#7535=CARTESIAN_POINT('Ctrl Pts',(-81.8924599799805,95.7326433691789,4.10351627249359));
#7536=CARTESIAN_POINT('Ctrl Pts',(-81.4095324159953,92.016124420306,4.10351627249359));
#7537=CARTESIAN_POINT('Ctrl Pts',(-103.741699647237,110.993494809609,2.10351627249359));
#7538=CARTESIAN_POINT('Ctrl Pts',(-103.741699647237,110.993494809609,4.10351627249359));
#7539=CARTESIAN_POINT('Ctrl Pts',(-102.6804998868,109.751530081571,2.10351627249359));
#7540=CARTESIAN_POINT('Ctrl Pts',(-102.6804998868,109.751530081571,4.10351627249359));
#7541=CARTESIAN_POINT('Ctrl Pts',(-100.455425754517,109.883112812182,2.10351627249359));
#7542=CARTESIAN_POINT('Ctrl Pts',(-100.455425754517,109.883112812182,4.10351627249359));
#7543=CARTESIAN_POINT('Ctrl Pts',(-99.5178473243408,112.19237188989,2.10351627249359));
#7544=CARTESIAN_POINT('Ctrl Pts',(-99.5178473243408,112.19237188989,4.10351627249359));
#7545=CARTESIAN_POINT('',(-103.741699647237,110.993494809609,2.10351627249359));
#7546=CARTESIAN_POINT('Ctrl Pts',(-103.741699647237,110.993494809609,2.10351627249359));
#7547=CARTESIAN_POINT('Ctrl Pts',(-102.6804998868,109.751530081571,2.10351627249359));
#7548=CARTESIAN_POINT('Ctrl Pts',(-100.455425754517,109.883112812182,2.10351627249359));
#7549=CARTESIAN_POINT('Ctrl Pts',(-99.5178473243408,112.19237188989,2.10351627249359));
#7550=CARTESIAN_POINT('',(-103.741699647237,110.993494809609,4.10351627249359));
#7551=CARTESIAN_POINT('',(-103.741699647237,110.993494809609,2.10351627249359));
#7552=CARTESIAN_POINT('Ctrl Pts',(-103.741699647237,110.993494809609,4.10351627249359));
#7553=CARTESIAN_POINT('Ctrl Pts',(-102.6804998868,109.751530081571,4.10351627249359));
#7554=CARTESIAN_POINT('Ctrl Pts',(-100.455425754517,109.883112812182,4.10351627249359));
#7555=CARTESIAN_POINT('Ctrl Pts',(-99.5178473243408,112.19237188989,4.10351627249359));
#7556=CARTESIAN_POINT('Ctrl Pts',(-132.613205971722,112.312564504383,2.10351627249359));
#7557=CARTESIAN_POINT('Ctrl Pts',(-132.613205971722,112.312564504383,4.10351627249359));
#7558=CARTESIAN_POINT('Ctrl Pts',(-123.809343218085,116.946156222158,2.10351627249359));
#7559=CARTESIAN_POINT('Ctrl Pts',(-123.809343218085,116.946156222158,4.10351627249359));
#7560=CARTESIAN_POINT('Ctrl Pts',(-112.275210024748,117.711082180577,2.10351627249359));
#7561=CARTESIAN_POINT('Ctrl Pts',(-112.275210024748,117.711082180577,4.10351627249359));
#7562=CARTESIAN_POINT('Ctrl Pts',(-103.741699647237,110.993494809609,2.10351627249359));
#7563=CARTESIAN_POINT('Ctrl Pts',(-103.741699647237,110.993494809609,4.10351627249359));
#7564=CARTESIAN_POINT('',(-132.613205971722,112.312564504383,2.10351627249359));
#7565=CARTESIAN_POINT('Ctrl Pts',(-132.613205971722,112.312564504383,2.10351627249359));
#7566=CARTESIAN_POINT('Ctrl Pts',(-123.809343218085,116.946156222158,2.10351627249359));
#7567=CARTESIAN_POINT('Ctrl Pts',(-112.275210024748,117.711082180577,2.10351627249359));
#7568=CARTESIAN_POINT('Ctrl Pts',(-103.741699647237,110.993494809609,2.10351627249359));
#7569=CARTESIAN_POINT('',(-132.613205971722,112.312564504383,4.10351627249359));
#7570=CARTESIAN_POINT('',(-132.613205971722,112.312564504383,2.10351627249359));
#7571=CARTESIAN_POINT('Ctrl Pts',(-132.613205971722,112.312564504383,4.10351627249359));
#7572=CARTESIAN_POINT('Ctrl Pts',(-123.809343218085,116.946156222158,4.10351627249359));
#7573=CARTESIAN_POINT('Ctrl Pts',(-112.275210024748,117.711082180577,4.10351627249359));
#7574=CARTESIAN_POINT('Ctrl Pts',(-103.741699647237,110.993494809609,4.10351627249359));
#7575=CARTESIAN_POINT('Ctrl Pts',(-127.036015837321,129.935327154935,2.10351627249359));
#7576=CARTESIAN_POINT('Ctrl Pts',(-127.036015837321,129.935327154935,4.10351627249359));
#7577=CARTESIAN_POINT('Ctrl Pts',(-133.437907762023,128.699363791651,2.10351627249359));
#7578=CARTESIAN_POINT('Ctrl Pts',(-133.437907762023,128.699363791651,4.10351627249359));
#7579=CARTESIAN_POINT('Ctrl Pts',(-138.995440374009,126.909160250774,2.10351627249359));
#7580=CARTESIAN_POINT('Ctrl Pts',(-138.995440374009,126.909160250774,4.10351627249359));
#7581=CARTESIAN_POINT('Ctrl Pts',(-143.739445003133,124.758312921384,2.10351627249359));
#7582=CARTESIAN_POINT('Ctrl Pts',(-143.739445003133,124.758312921384,4.10351627249359));
#7583=CARTESIAN_POINT('',(-143.739445003133,124.758312921384,2.10351627249359));
#7584=CARTESIAN_POINT('Ctrl Pts',(-127.036015837321,129.935327154935,2.10351627249359));
#7585=CARTESIAN_POINT('Ctrl Pts',(-133.437907762023,128.699363791651,2.10351627249359));
#7586=CARTESIAN_POINT('Ctrl Pts',(-138.995440374009,126.909160250774,2.10351627249359));
#7587=CARTESIAN_POINT('Ctrl Pts',(-143.739445003133,124.758312921384,2.10351627249359));
#7588=CARTESIAN_POINT('',(-143.739445003133,124.758312921384,4.10351627249359));
#7589=CARTESIAN_POINT('Ctrl Pts',(-127.036015837321,129.935327154935,4.10351627249359));
#7590=CARTESIAN_POINT('Ctrl Pts',(-133.437907762023,128.699363791651,4.10351627249359));
#7591=CARTESIAN_POINT('Ctrl Pts',(-138.995440374009,126.909160250774,4.10351627249359));
#7592=CARTESIAN_POINT('Ctrl Pts',(-143.739445003133,124.758312921384,4.10351627249359));
#7593=CARTESIAN_POINT('',(-143.739445003133,124.758312921384,2.10351627249359));
#7594=CARTESIAN_POINT('Origin',(21.6047339517581,86.6915330029934,4.10351627249359));
#7595=CARTESIAN_POINT('Origin',(-138.704013849986,141.631973976088,4.10351627249359));
#7596=CARTESIAN_POINT('',(-78.2675512567919,96.5343527854021,4.10351627249359));
#7597=CARTESIAN_POINT('',(-94.1971314750212,114.353091644492,4.10351627249359));
#7598=CARTESIAN_POINT('',(-78.2675512567919,96.5343527854021,4.10351627249359));
#7599=CARTESIAN_POINT('Origin',(-68.1038627311133,137.679928683795,4.10351627249359));
#7600=CARTESIAN_POINT('Origin',(-68.1038627311133,137.679928683795,4.10351627249359));
#7601=CARTESIAN_POINT('',(-9.71109844555254,108.412178642983,4.10351627249359));
#7602=CARTESIAN_POINT('Origin',(-29.0629502974044,88.8736057702273,4.10351627249359));
#7603=CARTESIAN_POINT('Origin',(18.4370497025956,136.831921003354,4.10351627249359));
#7604=CARTESIAN_POINT('Origin',(18.4370497025956,136.831921003354,4.10351627249359));
#7605=CARTESIAN_POINT('Origin',(18.4370497025956,136.831921003354,4.10351627249359));
#7606=CARTESIAN_POINT('',(131.071230880212,114.353091644492,4.10351627249359));
#7607=CARTESIAN_POINT('Origin',(104.977962136305,137.679928683795,4.10351627249359));
#7608=CARTESIAN_POINT('',(99.8867000490167,79.4702508092747,4.10351627249359));
#7609=CARTESIAN_POINT('',(99.8867000490167,79.4702508092747,4.10351627249359));
#7610=CARTESIAN_POINT('Origin',(175.578113255177,141.631973976087,4.10351627249359));
#7611=CARTESIAN_POINT('',(138.914385429011,78.1138681640919,4.10351627249359));
#7612=CARTESIAN_POINT('',(138.914385429011,78.1138681640919,4.10351627249359));
#7613=CARTESIAN_POINT('',(138.914385429011,78.1138681640919,4.10351627249359));
#7614=CARTESIAN_POINT('',(136.620024735932,49.7188627977107,4.10351627249359));
#7615=CARTESIAN_POINT('Origin',(151.065858117696,62.6331359959283,4.10351627249359));
#7616=CARTESIAN_POINT('',(101.889879929205,88.5678074887494,4.10351627249359));
#7617=CARTESIAN_POINT('',(186.760942716852,-6.36848611024387,4.10351627249359));
#7618=CARTESIAN_POINT('',(101.889879929205,88.5678074887494,4.10351627249359));
#7619=CARTESIAN_POINT('Origin',(175.578113255177,-16.3657019842309,4.10351627249359));
#7620=CARTESIAN_POINT('',(164.395283793503,-26.362917858218,4.10351627249359));
#7621=CARTESIAN_POINT('Origin',(175.578113255177,-16.3657019842309,4.10351627249359));
#7622=CARTESIAN_POINT('',(131.071230880212,10.9131803473645,4.10351627249359));
#7623=CARTESIAN_POINT('',(104.594679996315,40.5297012867978,4.10351627249359));
#7624=CARTESIAN_POINT('Origin',(104.977962136305,-12.4136566919386,4.10351627249359));
#7625=CARTESIAN_POINT('',(83.1150511734275,14.9178841396594,4.10351627249359));
#7626=CARTESIAN_POINT('Origin',(104.977962136305,-12.4136566919386,4.10351627249359));
#7627=CARTESIAN_POINT('Origin',(65.9370497025956,36.3926662216293,4.10351627249359));
#7628=CARTESIAN_POINT('Origin',(18.4370497025956,-11.5656490114979,4.10351627249359));
#7629=CARTESIAN_POINT('Origin',(-68.1038627311133,-12.4136566919388,4.10351627249359));
#7630=CARTESIAN_POINT('',(-94.1971314750211,10.9131803473642,4.10351627249359));
#7631=CARTESIAN_POINT('Origin',(-68.1038627311133,-12.4136566919388,4.10351627249359));
#7632=CARTESIAN_POINT('',(-49.6514782908004,60.741697516253,4.10351627249359));
#7633=CARTESIAN_POINT('',(-127.521184388311,-26.3629178582182,4.10351627249359));
#7634=CARTESIAN_POINT('',(-49.6514782908004,60.741697516253,4.10351627249359));
#7635=CARTESIAN_POINT('Origin',(-138.704013849986,-16.3657019842312,4.10351627249359));
#7636=CARTESIAN_POINT('',(-149.886843311661,-6.36848611024426,4.10351627249359));
#7637=CARTESIAN_POINT('Origin',(-138.704013849986,-16.3657019842312,4.10351627249359));
#7638=CARTESIAN_POINT('',(-88.6791636707951,62.0980801614358,4.10351627249359));
#7639=CARTESIAN_POINT('Origin',(-114.191758712505,62.6331359959282,4.10351627249359));
#7640=CARTESIAN_POINT('',(-99.7459253307405,75.547409194146,4.10351627249359));
#7641=CARTESIAN_POINT('Origin',(-114.191758712505,62.6331359959282,4.10351627249359));
#7642=CARTESIAN_POINT('',(-75.5627511896816,48.4962465834507,4.10351627249359));
#7643=CARTESIAN_POINT('',(-75.5627511896816,48.4962465834507,4.10351627249359));
#7644=CARTESIAN_POINT('Origin',(175.578113255177,141.631973976087,80.1035162724936));
#7645=CARTESIAN_POINT('',(164.395284004178,151.629190085735,2.10351627249359));
#7646=CARTESIAN_POINT('Origin',(175.578113255177,141.631973976087,2.10351627249359));
#7647=CARTESIAN_POINT('',(164.395284004178,151.629190085735,10.1035162724936));
#7648=CARTESIAN_POINT('',(164.395284004178,151.629190085735,80.1035162724936));
#7649=CARTESIAN_POINT('',(186.760942716852,131.6347581021,10.1035162724936));
#7650=CARTESIAN_POINT('Origin',(175.578113255177,141.631973976087,10.1035162724936));
#7651=CARTESIAN_POINT('',(186.760942716852,131.6347581021,2.10351627249359));
#7652=CARTESIAN_POINT('',(186.760942716852,131.6347581021,80.1035162724936));
#7653=CARTESIAN_POINT('Origin',(175.578113255177,141.631973976087,2.10351627249359));
#7654=CARTESIAN_POINT('Origin',(186.760942716852,131.6347581021,80.1035162724936));
#7655=CARTESIAN_POINT('',(136.620024735932,75.5474091941458,2.10351627249359));
#7656=CARTESIAN_POINT('',(136.620024735932,75.5474091941458,10.1035162724936));
#7657=CARTESIAN_POINT('',(132.233824252499,70.6410299972562,10.1035162724936));
#7658=CARTESIAN_POINT('',(136.620024735932,75.5474091941458,2.10351627249359));
#7659=CARTESIAN_POINT('',(136.620024735932,75.5474091941458,80.1035162724936));
#7660=CARTESIAN_POINT('',(136.620024735932,75.5474091941458,2.10351627249359));
#7661=CARTESIAN_POINT('',(136.620024735932,75.5474091941458,2.10351627249359));
#7662=CARTESIAN_POINT('',(136.620024735932,75.5474091941458,2.10351627249359));
#7663=CARTESIAN_POINT('Origin',(131.071230880212,114.353091644492,80.1035162724936));
#7664=CARTESIAN_POINT('',(131.071230880212,114.353091644492,2.10351627249359));
#7665=CARTESIAN_POINT('',(131.071230880212,114.353091644492,10.1035162724936));
#7666=CARTESIAN_POINT('',(131.071230880212,114.353091644492,80.1035162724936));
#7667=CARTESIAN_POINT('',(93.2061388725041,71.9974126424391,10.1035162724936));
#7668=CARTESIAN_POINT('',(131.071230880212,114.353091644492,2.10351627249359));
#7669=CARTESIAN_POINT('Origin',(104.977962136305,137.679928683795,80.1035162724936));
#7670=CARTESIAN_POINT('',(83.1150511734275,110.348387852197,2.10351627249359));
#7671=CARTESIAN_POINT('Origin',(104.977962136305,137.679928683795,2.10351627249359));
#7672=CARTESIAN_POINT('',(83.1150511734275,110.348387852197,10.1035162724936));
#7673=CARTESIAN_POINT('',(83.1150511734275,110.348387852197,80.1035162724936));
#7674=CARTESIAN_POINT('Origin',(104.977962136305,137.679928683795,10.1035162724936));
#7675=CARTESIAN_POINT('Origin',(18.4370497025956,136.831921003354,80.1035162724936));
#7676=CARTESIAN_POINT('Origin',(18.4370497025956,136.831921003354,2.10351627249359));
#7677=CARTESIAN_POINT('Origin',(18.4370497025956,136.831921003354,2.10351627249359));
#7678=CARTESIAN_POINT('',(-9.71109844555253,108.412178642983,10.1035162724936));
#7679=CARTESIAN_POINT('',(-9.71109844555253,108.412178642983,80.1035162724936));
#7680=CARTESIAN_POINT('',(46.5851978507437,108.412178642983,10.1035162724936));
#7681=CARTESIAN_POINT('Origin',(18.4370497025956,136.831921003354,10.1035162724936));
#7682=CARTESIAN_POINT('',(46.5851978507437,108.412178642983,2.10351627249359));
#7683=CARTESIAN_POINT('',(46.5851978507437,108.412178642983,80.1035162724936));
#7684=CARTESIAN_POINT('Origin',(18.4370497025956,136.831921003354,2.10351627249359));
#7685=CARTESIAN_POINT('Origin',(-29.0629502974044,88.8736057702273,80.1035162724936));
#7686=CARTESIAN_POINT('',(-46.2409517682363,110.348387852197,2.10351627249359));
#7687=CARTESIAN_POINT('Origin',(-29.0629502974044,88.8736057702273,2.10351627249359));
#7688=CARTESIAN_POINT('',(-46.2409517682363,110.348387852197,10.1035162724936));
#7689=CARTESIAN_POINT('',(-46.2409517682363,110.348387852197,80.1035162724936));
#7690=CARTESIAN_POINT('Origin',(-29.0629502974044,88.8736057702273,10.1035162724936));
#7691=CARTESIAN_POINT('Origin',(-68.1038627311133,137.679928683795,80.1035162724936));
#7692=CARTESIAN_POINT('Origin',(-68.1038627311133,137.679928683795,2.10351627249359));
#7693=CARTESIAN_POINT('',(-94.1971314750212,114.353091644492,10.1035162724936));
#7694=CARTESIAN_POINT('',(-94.1971314750212,114.353091644492,80.1035162724936));
#7695=CARTESIAN_POINT('Origin',(-68.1038627311133,137.679928683795,10.1035162724936));
#7696=CARTESIAN_POINT('Origin',(-68.1038627311133,137.679928683795,2.10351627249359));
#7697=CARTESIAN_POINT('Origin',(-127.521184388311,151.629189850075,80.1035162724936));
#7698=CARTESIAN_POINT('',(-94.1971314750212,114.353091644492,2.10351627249359));
#7699=CARTESIAN_POINT('',(-127.521184388311,151.629189850075,2.10351627249359));
#7700=CARTESIAN_POINT('',(-94.1971314750212,114.353091644492,2.10351627249359));
#7701=CARTESIAN_POINT('',(-127.521184388311,151.629189850075,10.1035162724936));
#7702=CARTESIAN_POINT('',(-127.521184388311,151.629189850075,80.1035162724936));
#7703=CARTESIAN_POINT('',(-72.994065923958,90.6354617452305,10.1035162724936));
#7704=CARTESIAN_POINT('Origin',(-138.704013849986,141.631973976088,80.1035162724936));
#7705=CARTESIAN_POINT('',(-149.886843100985,131.63475786644,2.10351627249359));
#7706=CARTESIAN_POINT('Origin',(-138.704013849986,141.631973976088,2.10351627249359));
#7707=CARTESIAN_POINT('',(-149.886843100985,131.63475786644,10.1035162724936));
#7708=CARTESIAN_POINT('',(-149.886843100985,131.63475786644,80.1035162724936));
#7709=CARTESIAN_POINT('Origin',(-138.704013849986,141.631973976088,10.1035162724936));
#7710=CARTESIAN_POINT('Origin',(-138.704013849986,141.631973976088,2.10351627249359));
#7711=CARTESIAN_POINT('Origin',(18.4370497025956,62.6331359959283,2.10351627249359));
#7712=CARTESIAN_POINT('Origin',(18.4370497025956,62.6331359959283,2.10351627249359));
#7713=CARTESIAN_POINT('Origin',(18.4370497025956,62.6331359959283,2.10351627249359));
#7714=CARTESIAN_POINT('Origin',(18.4370497025956,62.6331359959283,2.10351627249359));
#7715=CARTESIAN_POINT('Origin',(18.4370497025956,62.6331359959283,2.10351627249359));
#7716=CARTESIAN_POINT('Origin',(18.4370497025956,62.6331359959283,2.10351627249359));
#7717=CARTESIAN_POINT('Origin',(18.4370497025956,62.6331359959283,2.10351627249359));
#7718=CARTESIAN_POINT('',(-99.7459253307405,75.547409194146,2.10351627249359));
#7719=CARTESIAN_POINT('Origin',(18.4370497025956,62.6331359959283,2.10351627249359));
#7720=CARTESIAN_POINT('Origin',(18.4370497025956,62.6331359959283,2.10351627249359));
#7721=CARTESIAN_POINT('',(-99.7459253307405,75.547409194146,2.10351627249359));
#7722=CARTESIAN_POINT('Origin',(18.4370497025956,62.6331359959283,2.10351627249359));
#7723=CARTESIAN_POINT('Origin',(18.4370497025956,62.6331359959283,2.10351627249359));
#7724=CARTESIAN_POINT('Origin',(-114.191758712505,62.6331359959282,2.10351627249359));
#7725=CARTESIAN_POINT('Origin',(18.4370497025956,62.6331359959283,2.10351627249359));
#7726=CARTESIAN_POINT('Origin',(-138.704013849986,-16.3657019842312,2.10351627249359));
#7727=CARTESIAN_POINT('Origin',(18.4370497025956,62.6331359959283,2.10351627249359));
#7728=CARTESIAN_POINT('',(-99.7459253307405,49.7188627977105,2.10351627249359));
#7729=CARTESIAN_POINT('',(-99.7459253307405,49.7188627977105,2.10351627249359));
#7730=CARTESIAN_POINT('Origin',(-114.191758712505,62.6331359959282,2.10351627249359));
#7731=CARTESIAN_POINT('Origin',(18.4370497025956,62.6331359959283,2.10351627249359));
#7732=CARTESIAN_POINT('Origin',(18.4370497025956,62.6331359959283,2.10351627249359));
#7733=CARTESIAN_POINT('Origin',(-68.1038627311133,-12.4136566919388,2.10351627249359));
#7734=CARTESIAN_POINT('Origin',(18.4370497025956,62.6331359959283,2.10351627249359));
#7735=CARTESIAN_POINT('',(-94.1971314750212,10.9131803473643,2.10351627249359));
#7736=CARTESIAN_POINT('Origin',(18.4370497025956,62.6331359959283,2.10351627249359));
#7737=CARTESIAN_POINT('',(-9.71109844555251,16.8540933488737,2.10351627249359));
#7738=CARTESIAN_POINT('Origin',(18.4370497025956,-11.5656490114979,2.10351627249359));
#7739=CARTESIAN_POINT('',(-46.2409517682363,14.9178841396593,2.10351627249359));
#7740=CARTESIAN_POINT('Origin',(-29.0629502974044,36.3926662216292,2.10351627249359));
#7741=CARTESIAN_POINT('Origin',(-68.1038627311133,-12.4136566919388,2.10351627249359));
#7742=CARTESIAN_POINT('Origin',(18.4370497025956,62.6331359959283,2.10351627249359));
#7743=CARTESIAN_POINT('Origin',(18.4370497025956,62.6331359959283,2.10351627249359));
#7744=CARTESIAN_POINT('Origin',(104.977962136305,-12.4136566919386,2.10351627249359));
#7745=CARTESIAN_POINT('Origin',(18.4370497025956,62.6331359959283,2.10351627249359));
#7746=CARTESIAN_POINT('',(46.5851978507437,16.8540933488737,2.10351627249359));
#7747=CARTESIAN_POINT('Origin',(65.9370497025956,36.3926662216293,2.10351627249359));
#7748=CARTESIAN_POINT('Origin',(18.4370497025956,-11.5656490114979,2.10351627249359));
#7749=CARTESIAN_POINT('Origin',(18.4370497025956,62.6331359959283,2.10351627249359));
#7750=CARTESIAN_POINT('Origin',(18.4370497025956,62.6331359959283,2.10351627249359));
#7751=CARTESIAN_POINT('',(136.620024735932,49.7188627977107,2.10351627249359));
#7752=CARTESIAN_POINT('Origin',(18.4370497025956,62.6331359959283,2.10351627249359));
#7753=CARTESIAN_POINT('Origin',(175.578113255177,-16.3657019842309,2.10351627249359));
#7754=CARTESIAN_POINT('Origin',(18.4370497025956,62.6331359959283,2.10351627249359));
#7755=CARTESIAN_POINT('Origin',(65.9370497025956,88.8736057702273,2.10351627249359));
#7756=CARTESIAN_POINT('Origin',(18.4370497025956,62.6331359959283,2.10351627249359));
#7757=CARTESIAN_POINT('Origin',(18.4370497025956,62.6331359959283,2.10351627249359));
#7758=CARTESIAN_POINT('Origin',(151.065858117696,62.6331359959283,2.10351627249359));
#7759=CARTESIAN_POINT('Origin',(18.4370497025956,62.6331359959283,2.10351627249359));
#7760=CARTESIAN_POINT('Origin',(18.4370497025956,62.6331359959283,2.10351627249359));
#7761=CARTESIAN_POINT('Origin',(18.4370497025956,62.6331359959283,2.10351627249359));
#7762=CARTESIAN_POINT('Origin',(18.4370497025956,62.6331359959283,2.10351627249359));
#7763=CARTESIAN_POINT('Origin',(18.4370497025956,62.6331359959283,2.10351627249359));
#7764=CARTESIAN_POINT('Origin',(18.4370497025956,62.6331359959283,2.10351627249359));
#7765=CARTESIAN_POINT('Origin',(18.4370497025956,62.6331359959283,10.1035162724936));
#7766=CARTESIAN_POINT('',(-127.521184388311,-26.3629178582182,10.1035162724936));
#7767=CARTESIAN_POINT('',(-149.886843311661,-6.36848611024427,10.1035162724936));
#7768=CARTESIAN_POINT('Origin',(-138.704013849986,-16.3657019842312,10.1035162724936));
#7769=CARTESIAN_POINT('',(-94.1971314750212,10.9131803473643,10.1035162724936));
#7770=CARTESIAN_POINT('',(-56.332039467313,53.2688593494173,10.1035162724936));
#7771=CARTESIAN_POINT('',(-46.2409517682363,14.9178841396593,10.1035162724936));
#7772=CARTESIAN_POINT('Origin',(-68.1038627311133,-12.4136566919388,10.1035162724936));
#7773=CARTESIAN_POINT('',(-9.71109844555251,16.8540933488737,10.1035162724936));
#7774=CARTESIAN_POINT('Origin',(-29.0629502974044,36.3926662216292,10.1035162724936));
#7775=CARTESIAN_POINT('',(46.5851978507437,16.8540933488737,10.1035162724936));
#7776=CARTESIAN_POINT('Origin',(18.4370497025956,-11.5656490114979,10.1035162724936));
#7777=CARTESIAN_POINT('',(83.1150511734275,14.9178841396594,10.1035162724936));
#7778=CARTESIAN_POINT('Origin',(65.9370497025956,36.3926662216293,10.1035162724936));
#7779=CARTESIAN_POINT('',(131.071230880212,10.9131803473645,10.1035162724936));
#7780=CARTESIAN_POINT('Origin',(104.977962136305,-12.4136566919386,10.1035162724936));
#7781=CARTESIAN_POINT('',(164.395283793503,-26.362917858218,10.1035162724936));
#7782=CARTESIAN_POINT('',(109.868165329149,34.6308102466262,10.1035162724936));
#7783=CARTESIAN_POINT('',(186.760942716851,-6.36848611024387,10.1035162724936));
#7784=CARTESIAN_POINT('Origin',(175.578113255177,-16.3657019842309,10.1035162724936));
#7785=CARTESIAN_POINT('',(136.620024735932,49.7188627977107,10.1035162724936));
#7786=CARTESIAN_POINT('',(107.163365262039,82.6689164485776,10.1035162724936));
#7787=CARTESIAN_POINT('Origin',(151.065858117696,62.6331359959283,10.1035162724936));
#7788=CARTESIAN_POINT('Origin',(65.9370497025956,88.8736057702273,10.1035162724936));
#7789=CARTESIAN_POINT('',(-99.7459253307405,75.547409194146,10.1035162724936));
#7790=CARTESIAN_POINT('',(-70.2892658568477,42.597355543279,10.1035162724936));
#7791=CARTESIAN_POINT('',(-99.7459253307405,49.7188627977105,10.1035162724936));
#7792=CARTESIAN_POINT('Origin',(-114.191758712505,62.6331359959282,10.1035162724936));
#7793=CARTESIAN_POINT('',(-95.3597248473077,54.6252419946001,10.1035162724936));
#7794=CARTESIAN_POINT('Origin',(151.065858117696,62.6331359959283,80.1035162724936));
#7795=CARTESIAN_POINT('',(136.620024735932,49.7188627977107,80.1035162724936));
#7796=CARTESIAN_POINT('Origin',(136.620024735932,49.7188627977107,80.1035162724936));
#7797=CARTESIAN_POINT('',(186.760942716851,-6.36848611024387,80.1035162724936));
#7798=CARTESIAN_POINT('Origin',(175.578113255177,-16.3657019842309,80.1035162724936));
#7799=CARTESIAN_POINT('',(164.395283793503,-26.362917858218,80.1035162724936));
#7800=CARTESIAN_POINT('Origin',(164.395283793503,-26.362917858218,80.1035162724936));
#7801=CARTESIAN_POINT('',(131.071230880212,10.9131803473645,80.1035162724936));
#7802=CARTESIAN_POINT('Origin',(104.977962136305,-12.4136566919386,80.1035162724936));
#7803=CARTESIAN_POINT('',(83.1150511734275,14.9178841396594,80.1035162724936));
#7804=CARTESIAN_POINT('Origin',(65.9370497025956,36.3926662216293,80.1035162724936));
#7805=CARTESIAN_POINT('',(46.5851978507437,16.8540933488737,80.1035162724936));
#7806=CARTESIAN_POINT('Origin',(18.4370497025956,-11.5656490114979,80.1035162724936));
#7807=CARTESIAN_POINT('',(-9.71109844555251,16.8540933488737,80.1035162724936));
#7808=CARTESIAN_POINT('Origin',(-29.0629502974044,36.3926662216292,80.1035162724936));
#7809=CARTESIAN_POINT('',(-46.2409517682363,14.9178841396593,80.1035162724936));
#7810=CARTESIAN_POINT('Origin',(-68.1038627311133,-12.4136566919388,80.1035162724936));
#7811=CARTESIAN_POINT('',(-94.1971314750212,10.9131803473643,80.1035162724936));
#7812=CARTESIAN_POINT('Origin',(-94.1971314750212,10.9131803473643,80.1035162724936));
#7813=CARTESIAN_POINT('',(-127.521184388311,-26.3629178582182,80.1035162724936));
#7814=CARTESIAN_POINT('Origin',(-138.704013849986,-16.3657019842312,80.1035162724936));
#7815=CARTESIAN_POINT('',(-149.886843311661,-6.36848611024427,80.1035162724936));
#7816=CARTESIAN_POINT('Origin',(65.9370497025956,88.8736057702273,80.1035162724936));
#7817=CARTESIAN_POINT('Origin',(-99.7459253307405,75.547409194146,80.1035162724936));
#7818=CARTESIAN_POINT('',(-99.7459253307405,75.547409194146,80.1035162724936));
#7819=CARTESIAN_POINT('Origin',(-114.191758712505,62.6331359959282,80.1035162724936));
#7820=CARTESIAN_POINT('',(-99.7459253307405,49.7188627977105,80.1035162724936));
#7821=CARTESIAN_POINT('Origin',(-149.886843311661,-6.36848611024427,80.1035162724936));
#7822=UNCERTAINTY_MEASURE_WITH_UNIT(LENGTH_MEASURE(0.01),#7826,
'DISTANCE_ACCURACY_VALUE',
'Maximum model space distance between geometric entities at asserted c
onnectivities');
#7823=UNCERTAINTY_MEASURE_WITH_UNIT(LENGTH_MEASURE(0.01),#7826,
'DISTANCE_ACCURACY_VALUE',
'Maximum model space distance between geometric entities at asserted c
onnectivities');
#7824=(
GEOMETRIC_REPRESENTATION_CONTEXT(3)
GLOBAL_UNCERTAINTY_ASSIGNED_CONTEXT((#7822))
GLOBAL_UNIT_ASSIGNED_CONTEXT((#7826,#7828,#7829))
REPRESENTATION_CONTEXT('','3D')
);
#7825=(
GEOMETRIC_REPRESENTATION_CONTEXT(3)
GLOBAL_UNCERTAINTY_ASSIGNED_CONTEXT((#7823))
GLOBAL_UNIT_ASSIGNED_CONTEXT((#7826,#7828,#7829))
REPRESENTATION_CONTEXT('','3D')
);
#7826=(
LENGTH_UNIT()
NAMED_UNIT(*)
SI_UNIT(.MILLI.,.METRE.)
);
#7827=(
LENGTH_UNIT()
NAMED_UNIT(*)
SI_UNIT($,.METRE.)
);
#7828=(
NAMED_UNIT(*)
PLANE_ANGLE_UNIT()
SI_UNIT($,.RADIAN.)
);
#7829=(
NAMED_UNIT(*)
SI_UNIT($,.STERADIAN.)
SOLID_ANGLE_UNIT()
);
#7830=SHAPE_DEFINITION_REPRESENTATION(#7831,#7832);
#7831=PRODUCT_DEFINITION_SHAPE('',$,#7834);
#7832=SHAPE_REPRESENTATION('',(#3982),#7824);
#7833=PRODUCT_DEFINITION_CONTEXT('part definition',#7838,'design');
#7834=PRODUCT_DEFINITION('FusionComponent','FusionComponent',#7835,#7833);
#7835=PRODUCT_DEFINITION_FORMATION('',$,#7840);
#7836=PRODUCT_RELATED_PRODUCT_CATEGORY('FusionComponent',
'FusionComponent',(#7840));
#7837=APPLICATION_PROTOCOL_DEFINITION('international standard',
'automotive_design',2009,#7838);
#7838=APPLICATION_CONTEXT(
'Core Data for Automotive Mechanical Design Process');
#7839=PRODUCT_CONTEXT('part definition',#7838,'mechanical');
#7840=PRODUCT('FusionComponent','FusionComponent',$,(#7839));
#7841=PRESENTATION_STYLE_ASSIGNMENT((#7843));
#7842=PRESENTATION_STYLE_ASSIGNMENT((#7844));
#7843=SURFACE_STYLE_USAGE(.BOTH.,#7845);
#7844=SURFACE_STYLE_USAGE(.BOTH.,#7846);
#7845=SURFACE_SIDE_STYLE('',(#7847));
#7846=SURFACE_SIDE_STYLE('',(#7848));
#7847=SURFACE_STYLE_FILL_AREA(#7849);
#7848=SURFACE_STYLE_FILL_AREA(#7850);
#7849=FILL_AREA_STYLE('Steel - Satin',(#7851));
#7850=FILL_AREA_STYLE('Brass - Polished',(#7852));
#7851=FILL_AREA_STYLE_COLOUR('Steel - Satin',#7853);
#7852=FILL_AREA_STYLE_COLOUR('Brass - Polished',#7854);
#7853=COLOUR_RGB('Steel - Satin',0.627450980392157,0.627450980392157,0.627450980392157);
#7854=COLOUR_RGB('Brass - Polished',0.952941176470588,0.796078431372549,
0.486274509803922);
ENDSEC;
END-ISO-10303-21;
