ISO-10303-21;
HEADER;
/* Generated by software containing ST-Developer
 * from STEP Tools, Inc. (www.steptools.com) 
 */

FILE_DESCRIPTION(
/* description */ (''),
/* implementation_level */ '2;1');

FILE_NAME(
/* name */ 'Component69.step',
/* time_stamp */ '2026-08-11T14:21:08+03:00',
/* author */ (''),
/* organization */ (''),
/* preprocessor_version */ 'ST-DEVELOPER v20.1',
/* originating_system */ 'Autodesk Translation Framework v15.8.0.0',
/* authorisation */ '');

FILE_SCHEMA (('AUTOMOTIVE_DESIGN { 1 0 10303 214 3 1 1 }'));
ENDSEC;

DATA;
#10=MECHANICAL_DESIGN_GEOMETRIC_PRESENTATION_REPRESENTATION('',(#13),#7754);
#11=SHAPE_REPRESENTATION_RELATIONSHIP('SRR','None',#7761,#12);
#12=ADVANCED_BREP_SHAPE_REPRESENTATION('',(#14),#7753);
#13=STYLED_ITEM('',(#7771),#14);
#14=MANIFOLD_SOLID_BREP('Body1',#4036);
#15=CYLINDRICAL_SURFACE('',#4073,27.5);
#16=CYLINDRICAL_SURFACE('',#4080,35.0000000000001);
#17=CYLINDRICAL_SURFACE('',#4090,19.3768045438844);
#18=CYLINDRICAL_SURFACE('',#4097,35.);
#19=CYLINDRICAL_SURFACE('',#4100,35.);
#20=CYLINDRICAL_SURFACE('',#4105,40.);
#21=CYLINDRICAL_SURFACE('',#4110,27.5);
#22=CYLINDRICAL_SURFACE('',#4113,35.);
#23=CYLINDRICAL_SURFACE('',#4172,2.7);
#24=CYLINDRICAL_SURFACE('',#4176,2.7);
#25=CYLINDRICAL_SURFACE('',#4180,2.7);
#26=CYLINDRICAL_SURFACE('',#4184,2.7);
#27=CYLINDRICAL_SURFACE('',#4188,1.5);
#28=CYLINDRICAL_SURFACE('',#4189,1.5);
#29=CYLINDRICAL_SURFACE('',#4190,1.49999999999999);
#30=CYLINDRICAL_SURFACE('',#4191,1.5);
#31=CYLINDRICAL_SURFACE('',#4192,27.5);
#32=CYLINDRICAL_SURFACE('',#4193,40.);
#33=CYLINDRICAL_SURFACE('',#4194,27.5);
#34=CYLINDRICAL_SURFACE('',#4195,19.3768045438841);
#35=B_SPLINE_SURFACE_WITH_KNOTS('',2,1,((#7255,#7256),(#7257,#7258),(#7259,
#7260)),.UNSPECIFIED.,.F.,.F.,.F.,(3,3),(2,2),(0.,1.),(0.,0.2),
 .UNSPECIFIED.);
#36=B_SPLINE_SURFACE_WITH_KNOTS('',2,1,((#7352,#7353),(#7354,#7355),(#7356,
#7357)),.UNSPECIFIED.,.F.,.F.,.F.,(3,3),(2,2),(0.,1.),(0.,0.2),
 .UNSPECIFIED.);
#37=FACE_BOUND('',#404,.T.);
#38=FACE_BOUND('',#405,.T.);
#39=FACE_BOUND('',#406,.T.);
#40=FACE_BOUND('',#407,.T.);
#41=FACE_BOUND('',#408,.T.);
#42=FACE_BOUND('',#586,.T.);
#43=FACE_BOUND('',#587,.T.);
#44=FACE_BOUND('',#588,.T.);
#45=FACE_BOUND('',#589,.T.);
#46=FACE_BOUND('',#590,.T.);
#47=FACE_BOUND('',#591,.T.);
#48=FACE_BOUND('',#599,.T.);
#49=FACE_BOUND('',#602,.T.);
#50=FACE_BOUND('',#605,.T.);
#51=FACE_BOUND('',#608,.T.);
#52=CIRCLE('',#4051,35.0000000000001);
#53=CIRCLE('',#4052,35.0000000000001);
#54=CIRCLE('',#4053,27.5);
#55=CIRCLE('',#4054,40.);
#56=CIRCLE('',#4055,40.);
#57=CIRCLE('',#4056,1.5);
#58=CIRCLE('',#4057,1.5);
#59=CIRCLE('',#4058,1.5);
#60=CIRCLE('',#4059,40.);
#61=CIRCLE('',#4060,35.);
#62=CIRCLE('',#4061,19.3768045438841);
#63=CIRCLE('',#4062,35.);
#64=CIRCLE('',#4063,27.5);
#65=CIRCLE('',#4064,40.);
#66=CIRCLE('',#4065,35.);
#67=CIRCLE('',#4066,35.);
#68=CIRCLE('',#4067,19.3768045438844);
#69=CIRCLE('',#4068,19.3768045438844);
#70=CIRCLE('',#4069,1.49999999999999);
#71=CIRCLE('',#4070,1.5);
#72=CIRCLE('',#4071,1.5);
#73=CIRCLE('',#4074,27.5);
#74=CIRCLE('',#4075,27.5);
#75=CIRCLE('',#4081,35.0000000000001);
#76=CIRCLE('',#4082,35.0000000000001);
#77=CIRCLE('',#4083,35.0000000000001);
#78=CIRCLE('',#4091,19.3768045438844);
#79=CIRCLE('',#4092,19.3768045438844);
#80=CIRCLE('',#4093,19.3768045438844);
#81=CIRCLE('',#4098,35.);
#82=CIRCLE('',#4099,35.);
#83=CIRCLE('',#4101,35.);
#84=CIRCLE('',#4102,35.);
#85=CIRCLE('',#4103,35.);
#86=CIRCLE('',#4106,40.);
#87=CIRCLE('',#4107,40.);
#88=CIRCLE('',#4108,40.);
#89=CIRCLE('',#4111,27.5);
#90=CIRCLE('',#4112,27.5);
#91=CIRCLE('',#4114,35.);
#92=CIRCLE('',#4115,35.);
#93=CIRCLE('',#4128,19.3768045438841);
#94=CIRCLE('',#4132,27.5);
#95=CIRCLE('',#4138,40.);
#96=CIRCLE('',#4139,27.5);
#97=CIRCLE('',#4145,1.5);
#98=CIRCLE('',#4147,1.5);
#99=CIRCLE('',#4149,40.);
#100=CIRCLE('',#4152,40.);
#101=CIRCLE('',#4159,27.5);
#102=CIRCLE('',#4160,19.3768045438841);
#103=CIRCLE('',#4161,27.5);
#104=CIRCLE('',#4162,40.);
#105=CIRCLE('',#4163,2.7);
#106=CIRCLE('',#4164,2.7);
#107=CIRCLE('',#4165,2.7);
#108=CIRCLE('',#4166,2.7);
#109=CIRCLE('',#4173,2.7);
#110=CIRCLE('',#4175,1.49999999999999);
#111=CIRCLE('',#4177,2.7);
#112=CIRCLE('',#4179,1.5);
#113=CIRCLE('',#4181,2.7);
#114=CIRCLE('',#4183,1.5);
#115=CIRCLE('',#4185,2.7);
#116=CIRCLE('',#4187,1.5);
#117=PLANE('',#4050);
#118=PLANE('',#4072);
#119=PLANE('',#4076);
#120=PLANE('',#4077);
#121=PLANE('',#4078);
#122=PLANE('',#4079);
#123=PLANE('',#4084);
#124=PLANE('',#4085);
#125=PLANE('',#4086);
#126=PLANE('',#4087);
#127=PLANE('',#4088);
#128=PLANE('',#4089);
#129=PLANE('',#4094);
#130=PLANE('',#4095);
#131=PLANE('',#4096);
#132=PLANE('',#4104);
#133=PLANE('',#4109);
#134=PLANE('',#4116);
#135=PLANE('',#4117);
#136=PLANE('',#4118);
#137=PLANE('',#4119);
#138=PLANE('',#4120);
#139=PLANE('',#4121);
#140=PLANE('',#4122);
#141=PLANE('',#4123);
#142=PLANE('',#4124);
#143=PLANE('',#4125);
#144=PLANE('',#4126);
#145=PLANE('',#4127);
#146=PLANE('',#4129);
#147=PLANE('',#4130);
#148=PLANE('',#4131);
#149=PLANE('',#4133);
#150=PLANE('',#4134);
#151=PLANE('',#4135);
#152=PLANE('',#4136);
#153=PLANE('',#4137);
#154=PLANE('',#4140);
#155=PLANE('',#4141);
#156=PLANE('',#4142);
#157=PLANE('',#4143);
#158=PLANE('',#4144);
#159=PLANE('',#4146);
#160=PLANE('',#4148);
#161=PLANE('',#4150);
#162=PLANE('',#4151);
#163=PLANE('',#4153);
#164=PLANE('',#4154);
#165=PLANE('',#4155);
#166=PLANE('',#4156);
#167=PLANE('',#4157);
#168=PLANE('',#4158);
#169=PLANE('',#4167);
#170=PLANE('',#4168);
#171=PLANE('',#4169);
#172=PLANE('',#4170);
#173=PLANE('',#4171);
#174=PLANE('',#4174);
#175=PLANE('',#4178);
#176=PLANE('',#4182);
#177=PLANE('',#4186);
#178=PLANE('',#4196);
#179=PLANE('',#4197);
#180=PLANE('',#4198);
#181=PLANE('',#4199);
#182=PLANE('',#4200);
#183=FACE_OUTER_BOUND('',#395,.T.);
#184=FACE_OUTER_BOUND('',#396,.T.);
#185=FACE_OUTER_BOUND('',#397,.T.);
#186=FACE_OUTER_BOUND('',#398,.T.);
#187=FACE_OUTER_BOUND('',#399,.T.);
#188=FACE_OUTER_BOUND('',#400,.T.);
#189=FACE_OUTER_BOUND('',#401,.T.);
#190=FACE_OUTER_BOUND('',#402,.T.);
#191=FACE_OUTER_BOUND('',#403,.T.);
#192=FACE_OUTER_BOUND('',#409,.T.);
#193=FACE_OUTER_BOUND('',#410,.T.);
#194=FACE_OUTER_BOUND('',#411,.T.);
#195=FACE_OUTER_BOUND('',#412,.T.);
#196=FACE_OUTER_BOUND('',#413,.T.);
#197=FACE_OUTER_BOUND('',#414,.T.);
#198=FACE_OUTER_BOUND('',#415,.T.);
#199=FACE_OUTER_BOUND('',#416,.T.);
#200=FACE_OUTER_BOUND('',#417,.T.);
#201=FACE_OUTER_BOUND('',#418,.T.);
#202=FACE_OUTER_BOUND('',#419,.T.);
#203=FACE_OUTER_BOUND('',#420,.T.);
#204=FACE_OUTER_BOUND('',#421,.T.);
#205=FACE_OUTER_BOUND('',#422,.T.);
#206=FACE_OUTER_BOUND('',#423,.T.);
#207=FACE_OUTER_BOUND('',#424,.T.);
#208=FACE_OUTER_BOUND('',#425,.T.);
#209=FACE_OUTER_BOUND('',#426,.T.);
#210=FACE_OUTER_BOUND('',#427,.T.);
#211=FACE_OUTER_BOUND('',#428,.T.);
#212=FACE_OUTER_BOUND('',#429,.T.);
#213=FACE_OUTER_BOUND('',#430,.T.);
#214=FACE_OUTER_BOUND('',#431,.T.);
#215=FACE_OUTER_BOUND('',#432,.T.);
#216=FACE_OUTER_BOUND('',#433,.T.);
#217=FACE_OUTER_BOUND('',#434,.T.);
#218=FACE_OUTER_BOUND('',#435,.T.);
#219=FACE_OUTER_BOUND('',#436,.T.);
#220=FACE_OUTER_BOUND('',#437,.T.);
#221=FACE_OUTER_BOUND('',#438,.T.);
#222=FACE_OUTER_BOUND('',#439,.T.);
#223=FACE_OUTER_BOUND('',#440,.T.);
#224=FACE_OUTER_BOUND('',#441,.T.);
#225=FACE_OUTER_BOUND('',#442,.T.);
#226=FACE_OUTER_BOUND('',#443,.T.);
#227=FACE_OUTER_BOUND('',#444,.T.);
#228=FACE_OUTER_BOUND('',#445,.T.);
#229=FACE_OUTER_BOUND('',#446,.T.);
#230=FACE_OUTER_BOUND('',#447,.T.);
#231=FACE_OUTER_BOUND('',#448,.T.);
#232=FACE_OUTER_BOUND('',#449,.T.);
#233=FACE_OUTER_BOUND('',#450,.T.);
#234=FACE_OUTER_BOUND('',#451,.T.);
#235=FACE_OUTER_BOUND('',#452,.T.);
#236=FACE_OUTER_BOUND('',#453,.T.);
#237=FACE_OUTER_BOUND('',#454,.T.);
#238=FACE_OUTER_BOUND('',#455,.T.);
#239=FACE_OUTER_BOUND('',#456,.T.);
#240=FACE_OUTER_BOUND('',#457,.T.);
#241=FACE_OUTER_BOUND('',#458,.T.);
#242=FACE_OUTER_BOUND('',#459,.T.);
#243=FACE_OUTER_BOUND('',#460,.T.);
#244=FACE_OUTER_BOUND('',#461,.T.);
#245=FACE_OUTER_BOUND('',#462,.T.);
#246=FACE_OUTER_BOUND('',#463,.T.);
#247=FACE_OUTER_BOUND('',#464,.T.);
#248=FACE_OUTER_BOUND('',#465,.T.);
#249=FACE_OUTER_BOUND('',#466,.T.);
#250=FACE_OUTER_BOUND('',#467,.T.);
#251=FACE_OUTER_BOUND('',#468,.T.);
#252=FACE_OUTER_BOUND('',#469,.T.);
#253=FACE_OUTER_BOUND('',#470,.T.);
#254=FACE_OUTER_BOUND('',#471,.T.);
#255=FACE_OUTER_BOUND('',#472,.T.);
#256=FACE_OUTER_BOUND('',#473,.T.);
#257=FACE_OUTER_BOUND('',#474,.T.);
#258=FACE_OUTER_BOUND('',#475,.T.);
#259=FACE_OUTER_BOUND('',#476,.T.);
#260=FACE_OUTER_BOUND('',#477,.T.);
#261=FACE_OUTER_BOUND('',#478,.T.);
#262=FACE_OUTER_BOUND('',#479,.T.);
#263=FACE_OUTER_BOUND('',#480,.T.);
#264=FACE_OUTER_BOUND('',#481,.T.);
#265=FACE_OUTER_BOUND('',#482,.T.);
#266=FACE_OUTER_BOUND('',#483,.T.);
#267=FACE_OUTER_BOUND('',#484,.T.);
#268=FACE_OUTER_BOUND('',#485,.T.);
#269=FACE_OUTER_BOUND('',#486,.T.);
#270=FACE_OUTER_BOUND('',#487,.T.);
#271=FACE_OUTER_BOUND('',#488,.T.);
#272=FACE_OUTER_BOUND('',#489,.T.);
#273=FACE_OUTER_BOUND('',#490,.T.);
#274=FACE_OUTER_BOUND('',#491,.T.);
#275=FACE_OUTER_BOUND('',#492,.T.);
#276=FACE_OUTER_BOUND('',#493,.T.);
#277=FACE_OUTER_BOUND('',#494,.T.);
#278=FACE_OUTER_BOUND('',#495,.T.);
#279=FACE_OUTER_BOUND('',#496,.T.);
#280=FACE_OUTER_BOUND('',#497,.T.);
#281=FACE_OUTER_BOUND('',#498,.T.);
#282=FACE_OUTER_BOUND('',#499,.T.);
#283=FACE_OUTER_BOUND('',#500,.T.);
#284=FACE_OUTER_BOUND('',#501,.T.);
#285=FACE_OUTER_BOUND('',#502,.T.);
#286=FACE_OUTER_BOUND('',#503,.T.);
#287=FACE_OUTER_BOUND('',#504,.T.);
#288=FACE_OUTER_BOUND('',#505,.T.);
#289=FACE_OUTER_BOUND('',#506,.T.);
#290=FACE_OUTER_BOUND('',#507,.T.);
#291=FACE_OUTER_BOUND('',#508,.T.);
#292=FACE_OUTER_BOUND('',#509,.T.);
#293=FACE_OUTER_BOUND('',#510,.T.);
#294=FACE_OUTER_BOUND('',#511,.T.);
#295=FACE_OUTER_BOUND('',#512,.T.);
#296=FACE_OUTER_BOUND('',#513,.T.);
#297=FACE_OUTER_BOUND('',#514,.T.);
#298=FACE_OUTER_BOUND('',#515,.T.);
#299=FACE_OUTER_BOUND('',#516,.T.);
#300=FACE_OUTER_BOUND('',#517,.T.);
#301=FACE_OUTER_BOUND('',#518,.T.);
#302=FACE_OUTER_BOUND('',#519,.T.);
#303=FACE_OUTER_BOUND('',#520,.T.);
#304=FACE_OUTER_BOUND('',#521,.T.);
#305=FACE_OUTER_BOUND('',#522,.T.);
#306=FACE_OUTER_BOUND('',#523,.T.);
#307=FACE_OUTER_BOUND('',#524,.T.);
#308=FACE_OUTER_BOUND('',#525,.T.);
#309=FACE_OUTER_BOUND('',#526,.T.);
#310=FACE_OUTER_BOUND('',#527,.T.);
#311=FACE_OUTER_BOUND('',#528,.T.);
#312=FACE_OUTER_BOUND('',#529,.T.);
#313=FACE_OUTER_BOUND('',#530,.T.);
#314=FACE_OUTER_BOUND('',#531,.T.);
#315=FACE_OUTER_BOUND('',#532,.T.);
#316=FACE_OUTER_BOUND('',#533,.T.);
#317=FACE_OUTER_BOUND('',#534,.T.);
#318=FACE_OUTER_BOUND('',#535,.T.);
#319=FACE_OUTER_BOUND('',#536,.T.);
#320=FACE_OUTER_BOUND('',#537,.T.);
#321=FACE_OUTER_BOUND('',#538,.T.);
#322=FACE_OUTER_BOUND('',#539,.T.);
#323=FACE_OUTER_BOUND('',#540,.T.);
#324=FACE_OUTER_BOUND('',#541,.T.);
#325=FACE_OUTER_BOUND('',#542,.T.);
#326=FACE_OUTER_BOUND('',#543,.T.);
#327=FACE_OUTER_BOUND('',#544,.T.);
#328=FACE_OUTER_BOUND('',#545,.T.);
#329=FACE_OUTER_BOUND('',#546,.T.);
#330=FACE_OUTER_BOUND('',#547,.T.);
#331=FACE_OUTER_BOUND('',#548,.T.);
#332=FACE_OUTER_BOUND('',#549,.T.);
#333=FACE_OUTER_BOUND('',#550,.T.);
#334=FACE_OUTER_BOUND('',#551,.T.);
#335=FACE_OUTER_BOUND('',#552,.T.);
#336=FACE_OUTER_BOUND('',#553,.T.);
#337=FACE_OUTER_BOUND('',#554,.T.);
#338=FACE_OUTER_BOUND('',#555,.T.);
#339=FACE_OUTER_BOUND('',#556,.T.);
#340=FACE_OUTER_BOUND('',#557,.T.);
#341=FACE_OUTER_BOUND('',#558,.T.);
#342=FACE_OUTER_BOUND('',#559,.T.);
#343=FACE_OUTER_BOUND('',#560,.T.);
#344=FACE_OUTER_BOUND('',#561,.T.);
#345=FACE_OUTER_BOUND('',#562,.T.);
#346=FACE_OUTER_BOUND('',#563,.T.);
#347=FACE_OUTER_BOUND('',#564,.T.);
#348=FACE_OUTER_BOUND('',#565,.T.);
#349=FACE_OUTER_BOUND('',#566,.T.);
#350=FACE_OUTER_BOUND('',#567,.T.);
#351=FACE_OUTER_BOUND('',#568,.T.);
#352=FACE_OUTER_BOUND('',#569,.T.);
#353=FACE_OUTER_BOUND('',#570,.T.);
#354=FACE_OUTER_BOUND('',#571,.T.);
#355=FACE_OUTER_BOUND('',#572,.T.);
#356=FACE_OUTER_BOUND('',#573,.T.);
#357=FACE_OUTER_BOUND('',#574,.T.);
#358=FACE_OUTER_BOUND('',#575,.T.);
#359=FACE_OUTER_BOUND('',#576,.T.);
#360=FACE_OUTER_BOUND('',#577,.T.);
#361=FACE_OUTER_BOUND('',#578,.T.);
#362=FACE_OUTER_BOUND('',#579,.T.);
#363=FACE_OUTER_BOUND('',#580,.T.);
#364=FACE_OUTER_BOUND('',#581,.T.);
#365=FACE_OUTER_BOUND('',#582,.T.);
#366=FACE_OUTER_BOUND('',#583,.T.);
#367=FACE_OUTER_BOUND('',#584,.T.);
#368=FACE_OUTER_BOUND('',#585,.T.);
#369=FACE_OUTER_BOUND('',#592,.T.);
#370=FACE_OUTER_BOUND('',#593,.T.);
#371=FACE_OUTER_BOUND('',#594,.T.);
#372=FACE_OUTER_BOUND('',#595,.T.);
#373=FACE_OUTER_BOUND('',#596,.T.);
#374=FACE_OUTER_BOUND('',#597,.T.);
#375=FACE_OUTER_BOUND('',#598,.T.);
#376=FACE_OUTER_BOUND('',#600,.T.);
#377=FACE_OUTER_BOUND('',#601,.T.);
#378=FACE_OUTER_BOUND('',#603,.T.);
#379=FACE_OUTER_BOUND('',#604,.T.);
#380=FACE_OUTER_BOUND('',#606,.T.);
#381=FACE_OUTER_BOUND('',#607,.T.);
#382=FACE_OUTER_BOUND('',#609,.T.);
#383=FACE_OUTER_BOUND('',#610,.T.);
#384=FACE_OUTER_BOUND('',#611,.T.);
#385=FACE_OUTER_BOUND('',#612,.T.);
#386=FACE_OUTER_BOUND('',#613,.T.);
#387=FACE_OUTER_BOUND('',#614,.T.);
#388=FACE_OUTER_BOUND('',#615,.T.);
#389=FACE_OUTER_BOUND('',#616,.T.);
#390=FACE_OUTER_BOUND('',#617,.T.);
#391=FACE_OUTER_BOUND('',#618,.T.);
#392=FACE_OUTER_BOUND('',#619,.T.);
#393=FACE_OUTER_BOUND('',#620,.T.);
#394=FACE_OUTER_BOUND('',#621,.T.);
#395=EDGE_LOOP('',(#2470,#2471,#2472,#2473));
#396=EDGE_LOOP('',(#2474,#2475,#2476,#2477));
#397=EDGE_LOOP('',(#2478,#2479,#2480,#2481));
#398=EDGE_LOOP('',(#2482,#2483,#2484,#2485));
#399=EDGE_LOOP('',(#2486,#2487,#2488,#2489));
#400=EDGE_LOOP('',(#2490,#2491,#2492,#2493));
#401=EDGE_LOOP('',(#2494,#2495,#2496,#2497));
#402=EDGE_LOOP('',(#2498,#2499,#2500,#2501));
#403=EDGE_LOOP('',(#2502,#2503,#2504,#2505,#2506,#2507,#2508,#2509,#2510,
#2511,#2512,#2513,#2514,#2515,#2516,#2517,#2518,#2519,#2520,#2521,#2522,
#2523,#2524,#2525,#2526,#2527,#2528,#2529,#2530,#2531,#2532,#2533,#2534,
#2535,#2536,#2537,#2538,#2539,#2540,#2541,#2542,#2543,#2544,#2545,#2546,
#2547,#2548,#2549,#2550,#2551,#2552,#2553,#2554,#2555,#2556,#2557,#2558,
#2559,#2560,#2561,#2562,#2563,#2564,#2565,#2566,#2567,#2568,#2569,#2570,
#2571,#2572,#2573,#2574,#2575,#2576,#2577,#2578,#2579,#2580,#2581,#2582,
#2583,#2584,#2585,#2586,#2587,#2588,#2589,#2590,#2591,#2592,#2593,#2594,
#2595,#2596,#2597,#2598,#2599,#2600,#2601,#2602,#2603,#2604,#2605,#2606,
#2607,#2608,#2609,#2610,#2611,#2612,#2613,#2614,#2615,#2616,#2617,#2618,
#2619,#2620,#2621,#2622,#2623,#2624,#2625,#2626,#2627,#2628,#2629,#2630,
#2631,#2632,#2633,#2634,#2635,#2636,#2637,#2638,#2639,#2640,#2641,#2642,
#2643,#2644,#2645,#2646,#2647,#2648,#2649,#2650,#2651,#2652,#2653,#2654,
#2655,#2656,#2657,#2658,#2659,#2660,#2661,#2662,#2663,#2664,#2665,#2666,
#2667,#2668,#2669,#2670,#2671,#2672));
#404=EDGE_LOOP('',(#2673));
#405=EDGE_LOOP('',(#2674,#2675,#2676));
#406=EDGE_LOOP('',(#2677));
#407=EDGE_LOOP('',(#2678));
#408=EDGE_LOOP('',(#2679,#2680,#2681));
#409=EDGE_LOOP('',(#2682,#2683,#2684));
#410=EDGE_LOOP('',(#2685,#2686,#2687,#2688));
#411=EDGE_LOOP('',(#2689,#2690,#2691,#2692));
#412=EDGE_LOOP('',(#2693,#2694,#2695,#2696));
#413=EDGE_LOOP('',(#2697,#2698,#2699,#2700));
#414=EDGE_LOOP('',(#2701,#2702,#2703,#2704));
#415=EDGE_LOOP('',(#2705,#2706,#2707,#2708));
#416=EDGE_LOOP('',(#2709,#2710,#2711,#2712));
#417=EDGE_LOOP('',(#2713,#2714,#2715,#2716));
#418=EDGE_LOOP('',(#2717,#2718,#2719,#2720));
#419=EDGE_LOOP('',(#2721,#2722,#2723,#2724));
#420=EDGE_LOOP('',(#2725,#2726,#2727,#2728));
#421=EDGE_LOOP('',(#2729,#2730,#2731,#2732));
#422=EDGE_LOOP('',(#2733,#2734,#2735,#2736));
#423=EDGE_LOOP('',(#2737,#2738,#2739,#2740));
#424=EDGE_LOOP('',(#2741,#2742,#2743,#2744));
#425=EDGE_LOOP('',(#2745,#2746,#2747,#2748));
#426=EDGE_LOOP('',(#2749,#2750,#2751,#2752));
#427=EDGE_LOOP('',(#2753,#2754,#2755,#2756));
#428=EDGE_LOOP('',(#2757,#2758,#2759,#2760));
#429=EDGE_LOOP('',(#2761,#2762,#2763,#2764));
#430=EDGE_LOOP('',(#2765,#2766,#2767,#2768));
#431=EDGE_LOOP('',(#2769,#2770,#2771,#2772));
#432=EDGE_LOOP('',(#2773,#2774,#2775,#2776));
#433=EDGE_LOOP('',(#2777,#2778,#2779,#2780));
#434=EDGE_LOOP('',(#2781,#2782,#2783,#2784));
#435=EDGE_LOOP('',(#2785,#2786,#2787,#2788));
#436=EDGE_LOOP('',(#2789,#2790,#2791,#2792));
#437=EDGE_LOOP('',(#2793,#2794,#2795,#2796));
#438=EDGE_LOOP('',(#2797,#2798,#2799,#2800));
#439=EDGE_LOOP('',(#2801,#2802,#2803,#2804));
#440=EDGE_LOOP('',(#2805,#2806,#2807,#2808));
#441=EDGE_LOOP('',(#2809,#2810,#2811,#2812));
#442=EDGE_LOOP('',(#2813,#2814,#2815,#2816));
#443=EDGE_LOOP('',(#2817,#2818,#2819,#2820));
#444=EDGE_LOOP('',(#2821,#2822,#2823,#2824));
#445=EDGE_LOOP('',(#2825,#2826,#2827,#2828));
#446=EDGE_LOOP('',(#2829,#2830,#2831,#2832));
#447=EDGE_LOOP('',(#2833,#2834,#2835,#2836));
#448=EDGE_LOOP('',(#2837,#2838,#2839,#2840));
#449=EDGE_LOOP('',(#2841,#2842,#2843,#2844));
#450=EDGE_LOOP('',(#2845,#2846,#2847,#2848));
#451=EDGE_LOOP('',(#2849,#2850,#2851,#2852));
#452=EDGE_LOOP('',(#2853,#2854,#2855,#2856));
#453=EDGE_LOOP('',(#2857,#2858,#2859,#2860));
#454=EDGE_LOOP('',(#2861,#2862,#2863,#2864));
#455=EDGE_LOOP('',(#2865,#2866,#2867,#2868));
#456=EDGE_LOOP('',(#2869,#2870,#2871,#2872));
#457=EDGE_LOOP('',(#2873,#2874,#2875,#2876));
#458=EDGE_LOOP('',(#2877,#2878,#2879,#2880));
#459=EDGE_LOOP('',(#2881,#2882,#2883,#2884));
#460=EDGE_LOOP('',(#2885,#2886,#2887,#2888));
#461=EDGE_LOOP('',(#2889,#2890,#2891,#2892));
#462=EDGE_LOOP('',(#2893,#2894,#2895,#2896));
#463=EDGE_LOOP('',(#2897,#2898,#2899,#2900));
#464=EDGE_LOOP('',(#2901,#2902,#2903,#2904));
#465=EDGE_LOOP('',(#2905,#2906,#2907,#2908));
#466=EDGE_LOOP('',(#2909,#2910,#2911,#2912));
#467=EDGE_LOOP('',(#2913,#2914,#2915,#2916));
#468=EDGE_LOOP('',(#2917,#2918,#2919,#2920));
#469=EDGE_LOOP('',(#2921,#2922,#2923,#2924));
#470=EDGE_LOOP('',(#2925,#2926,#2927,#2928));
#471=EDGE_LOOP('',(#2929,#2930,#2931,#2932));
#472=EDGE_LOOP('',(#2933,#2934,#2935,#2936));
#473=EDGE_LOOP('',(#2937,#2938,#2939,#2940));
#474=EDGE_LOOP('',(#2941,#2942,#2943,#2944));
#475=EDGE_LOOP('',(#2945,#2946,#2947,#2948));
#476=EDGE_LOOP('',(#2949,#2950,#2951,#2952));
#477=EDGE_LOOP('',(#2953,#2954,#2955,#2956));
#478=EDGE_LOOP('',(#2957,#2958,#2959,#2960));
#479=EDGE_LOOP('',(#2961,#2962,#2963,#2964));
#480=EDGE_LOOP('',(#2965,#2966,#2967,#2968));
#481=EDGE_LOOP('',(#2969,#2970,#2971,#2972));
#482=EDGE_LOOP('',(#2973,#2974,#2975,#2976));
#483=EDGE_LOOP('',(#2977,#2978,#2979,#2980));
#484=EDGE_LOOP('',(#2981,#2982,#2983,#2984));
#485=EDGE_LOOP('',(#2985,#2986,#2987,#2988));
#486=EDGE_LOOP('',(#2989,#2990,#2991,#2992));
#487=EDGE_LOOP('',(#2993,#2994,#2995,#2996));
#488=EDGE_LOOP('',(#2997,#2998,#2999,#3000));
#489=EDGE_LOOP('',(#3001,#3002,#3003,#3004));
#490=EDGE_LOOP('',(#3005,#3006,#3007,#3008));
#491=EDGE_LOOP('',(#3009,#3010,#3011,#3012));
#492=EDGE_LOOP('',(#3013,#3014,#3015,#3016));
#493=EDGE_LOOP('',(#3017,#3018,#3019,#3020));
#494=EDGE_LOOP('',(#3021,#3022,#3023,#3024));
#495=EDGE_LOOP('',(#3025,#3026,#3027,#3028));
#496=EDGE_LOOP('',(#3029,#3030,#3031,#3032));
#497=EDGE_LOOP('',(#3033,#3034,#3035,#3036));
#498=EDGE_LOOP('',(#3037,#3038,#3039,#3040));
#499=EDGE_LOOP('',(#3041,#3042,#3043,#3044));
#500=EDGE_LOOP('',(#3045,#3046,#3047,#3048));
#501=EDGE_LOOP('',(#3049,#3050,#3051,#3052));
#502=EDGE_LOOP('',(#3053,#3054,#3055,#3056));
#503=EDGE_LOOP('',(#3057,#3058,#3059,#3060));
#504=EDGE_LOOP('',(#3061,#3062,#3063,#3064));
#505=EDGE_LOOP('',(#3065,#3066,#3067,#3068));
#506=EDGE_LOOP('',(#3069,#3070,#3071,#3072));
#507=EDGE_LOOP('',(#3073,#3074,#3075,#3076));
#508=EDGE_LOOP('',(#3077,#3078,#3079,#3080));
#509=EDGE_LOOP('',(#3081,#3082,#3083,#3084));
#510=EDGE_LOOP('',(#3085,#3086,#3087,#3088));
#511=EDGE_LOOP('',(#3089,#3090,#3091,#3092));
#512=EDGE_LOOP('',(#3093,#3094,#3095,#3096));
#513=EDGE_LOOP('',(#3097,#3098,#3099,#3100));
#514=EDGE_LOOP('',(#3101,#3102,#3103,#3104));
#515=EDGE_LOOP('',(#3105,#3106,#3107,#3108));
#516=EDGE_LOOP('',(#3109,#3110,#3111,#3112));
#517=EDGE_LOOP('',(#3113,#3114,#3115,#3116));
#518=EDGE_LOOP('',(#3117,#3118,#3119,#3120));
#519=EDGE_LOOP('',(#3121,#3122,#3123,#3124));
#520=EDGE_LOOP('',(#3125,#3126,#3127,#3128));
#521=EDGE_LOOP('',(#3129,#3130,#3131,#3132));
#522=EDGE_LOOP('',(#3133,#3134,#3135,#3136));
#523=EDGE_LOOP('',(#3137,#3138,#3139,#3140));
#524=EDGE_LOOP('',(#3141,#3142,#3143,#3144));
#525=EDGE_LOOP('',(#3145,#3146,#3147,#3148));
#526=EDGE_LOOP('',(#3149,#3150,#3151,#3152));
#527=EDGE_LOOP('',(#3153,#3154,#3155,#3156));
#528=EDGE_LOOP('',(#3157,#3158,#3159,#3160,#3161,#3162));
#529=EDGE_LOOP('',(#3163,#3164,#3165,#3166,#3167,#3168));
#530=EDGE_LOOP('',(#3169,#3170,#3171,#3172));
#531=EDGE_LOOP('',(#3173,#3174,#3175,#3176));
#532=EDGE_LOOP('',(#3177,#3178,#3179,#3180,#3181,#3182));
#533=EDGE_LOOP('',(#3183,#3184,#3185,#3186,#3187,#3188,#3189,#3190,#3191,
#3192));
#534=EDGE_LOOP('',(#3193,#3194,#3195,#3196,#3197,#3198,#3199,#3200));
#535=EDGE_LOOP('',(#3201,#3202,#3203,#3204,#3205,#3206));
#536=EDGE_LOOP('',(#3207,#3208,#3209,#3210,#3211,#3212));
#537=EDGE_LOOP('',(#3213,#3214,#3215,#3216,#3217,#3218));
#538=EDGE_LOOP('',(#3219,#3220,#3221,#3222,#3223,#3224));
#539=EDGE_LOOP('',(#3225,#3226,#3227,#3228));
#540=EDGE_LOOP('',(#3229,#3230,#3231,#3232,#3233,#3234,#3235,#3236,#3237,
#3238));
#541=EDGE_LOOP('',(#3239,#3240,#3241,#3242,#3243,#3244));
#542=EDGE_LOOP('',(#3245,#3246,#3247,#3248));
#543=EDGE_LOOP('',(#3249,#3250,#3251,#3252));
#544=EDGE_LOOP('',(#3253,#3254,#3255,#3256,#3257,#3258));
#545=EDGE_LOOP('',(#3259,#3260,#3261,#3262,#3263,#3264,#3265,#3266,#3267,
#3268));
#546=EDGE_LOOP('',(#3269,#3270,#3271,#3272,#3273,#3274,#3275,#3276));
#547=EDGE_LOOP('',(#3277,#3278,#3279,#3280,#3281,#3282,#3283,#3284));
#548=EDGE_LOOP('',(#3285,#3286,#3287,#3288,#3289,#3290));
#549=EDGE_LOOP('',(#3291,#3292,#3293,#3294,#3295,#3296));
#550=EDGE_LOOP('',(#3297,#3298,#3299,#3300,#3301,#3302));
#551=EDGE_LOOP('',(#3303,#3304,#3305,#3306,#3307,#3308));
#552=EDGE_LOOP('',(#3309,#3310,#3311,#3312));
#553=EDGE_LOOP('',(#3313,#3314,#3315,#3316,#3317,#3318));
#554=EDGE_LOOP('',(#3319,#3320,#3321,#3322,#3323,#3324));
#555=EDGE_LOOP('',(#3325,#3326,#3327,#3328,#3329,#3330));
#556=EDGE_LOOP('',(#3331,#3332,#3333));
#557=EDGE_LOOP('',(#3334,#3335,#3336));
#558=EDGE_LOOP('',(#3337,#3338,#3339));
#559=EDGE_LOOP('',(#3340,#3341,#3342,#3343,#3344,#3345));
#560=EDGE_LOOP('',(#3346,#3347,#3348,#3349,#3350,#3351,#3352));
#561=EDGE_LOOP('',(#3353,#3354,#3355));
#562=EDGE_LOOP('',(#3356,#3357,#3358,#3359,#3360,#3361,#3362,#3363));
#563=EDGE_LOOP('',(#3364,#3365,#3366,#3367));
#564=EDGE_LOOP('',(#3368,#3369,#3370));
#565=EDGE_LOOP('',(#3371,#3372,#3373,#3374,#3375,#3376,#3377,#3378,#3379,
#3380));
#566=EDGE_LOOP('',(#3381,#3382));
#567=EDGE_LOOP('',(#3383,#3384,#3385,#3386,#3387,#3388,#3389));
#568=EDGE_LOOP('',(#3390,#3391,#3392));
#569=EDGE_LOOP('',(#3393,#3394,#3395,#3396,#3397,#3398,#3399));
#570=EDGE_LOOP('',(#3400,#3401,#3402,#3403,#3404,#3405,#3406,#3407,#3408,
#3409,#3410,#3411,#3412,#3413,#3414));
#571=EDGE_LOOP('',(#3415,#3416,#3417,#3418,#3419));
#572=EDGE_LOOP('',(#3420,#3421,#3422,#3423,#3424));
#573=EDGE_LOOP('',(#3425,#3426,#3427));
#574=EDGE_LOOP('',(#3428,#3429,#3430,#3431,#3432,#3433,#3434,#3435,#3436,
#3437));
#575=EDGE_LOOP('',(#3438,#3439,#3440,#3441));
#576=EDGE_LOOP('',(#3442,#3443,#3444,#3445,#3446,#3447,#3448,#3449,#3450,
#3451));
#577=EDGE_LOOP('',(#3452,#3453,#3454,#3455,#3456,#3457,#3458,#3459,#3460,
#3461,#3462,#3463,#3464,#3465,#3466));
#578=EDGE_LOOP('',(#3467,#3468,#3469,#3470,#3471,#3472,#3473,#3474,#3475,
#3476,#3477,#3478,#3479));
#579=EDGE_LOOP('',(#3480,#3481,#3482,#3483,#3484,#3485,#3486,#3487,#3488,
#3489,#3490,#3491,#3492,#3493));
#580=EDGE_LOOP('',(#3494,#3495,#3496,#3497));
#581=EDGE_LOOP('',(#3498,#3499));
#582=EDGE_LOOP('',(#3500,#3501));
#583=EDGE_LOOP('',(#3502,#3503,#3504,#3505,#3506,#3507));
#584=EDGE_LOOP('',(#3508,#3509,#3510,#3511,#3512,#3513));
#585=EDGE_LOOP('',(#3514,#3515,#3516,#3517,#3518,#3519,#3520,#3521,#3522,
#3523,#3524,#3525,#3526,#3527,#3528,#3529,#3530,#3531,#3532,#3533,#3534,
#3535,#3536,#3537,#3538,#3539,#3540,#3541,#3542,#3543,#3544,#3545,#3546,
#3547,#3548,#3549));
#586=EDGE_LOOP('',(#3550,#3551,#3552,#3553));
#587=EDGE_LOOP('',(#3554));
#588=EDGE_LOOP('',(#3555));
#589=EDGE_LOOP('',(#3556));
#590=EDGE_LOOP('',(#3557));
#591=EDGE_LOOP('',(#3558,#3559,#3560,#3561));
#592=EDGE_LOOP('',(#3562,#3563,#3564,#3565));
#593=EDGE_LOOP('',(#3566,#3567,#3568,#3569,#3570,#3571));
#594=EDGE_LOOP('',(#3572,#3573,#3574,#3575,#3576,#3577));
#595=EDGE_LOOP('',(#3578,#3579,#3580,#3581,#3582,#3583,#3584,#3585));
#596=EDGE_LOOP('',(#3586,#3587,#3588,#3589));
#597=EDGE_LOOP('',(#3590,#3591,#3592,#3593));
#598=EDGE_LOOP('',(#3594));
#599=EDGE_LOOP('',(#3595));
#600=EDGE_LOOP('',(#3596,#3597,#3598,#3599));
#601=EDGE_LOOP('',(#3600));
#602=EDGE_LOOP('',(#3601));
#603=EDGE_LOOP('',(#3602,#3603,#3604,#3605));
#604=EDGE_LOOP('',(#3606));
#605=EDGE_LOOP('',(#3607));
#606=EDGE_LOOP('',(#3608,#3609,#3610,#3611));
#607=EDGE_LOOP('',(#3612));
#608=EDGE_LOOP('',(#3613));
#609=EDGE_LOOP('',(#3614,#3615,#3616,#3617,#3618,#3619,#3620,#3621,#3622,
#3623,#3624,#3625));
#610=EDGE_LOOP('',(#3626,#3627,#3628,#3629));
#611=EDGE_LOOP('',(#3630,#3631,#3632,#3633));
#612=EDGE_LOOP('',(#3634,#3635,#3636,#3637));
#613=EDGE_LOOP('',(#3638,#3639,#3640,#3641));
#614=EDGE_LOOP('',(#3642,#3643,#3644,#3645,#3646,#3647,#3648,#3649,#3650,
#3651,#3652,#3653,#3654,#3655));
#615=EDGE_LOOP('',(#3656,#3657,#3658,#3659));
#616=EDGE_LOOP('',(#3660,#3661,#3662,#3663,#3664,#3665));
#617=EDGE_LOOP('',(#3666,#3667,#3668,#3669,#3670,#3671));
#618=EDGE_LOOP('',(#3672,#3673,#3674,#3675,#3676,#3677));
#619=EDGE_LOOP('',(#3678,#3679,#3680,#3681,#3682,#3683));
#620=EDGE_LOOP('',(#3684,#3685,#3686,#3687,#3688,#3689,#3690,#3691));
#621=EDGE_LOOP('',(#3692,#3693,#3694,#3695,#3696,#3697,#3698,#3699));
#622=LINE('',#4805,#899);
#623=LINE('',#4832,#900);
#624=LINE('',#4859,#901);
#625=LINE('',#4918,#902);
#626=LINE('',#5001,#903);
#627=LINE('',#5008,#904);
#628=LINE('',#5032,#905);
#629=LINE('',#5034,#906);
#630=LINE('',#5036,#907);
#631=LINE('',#5038,#908);
#632=LINE('',#5193,#909);
#633=LINE('',#5195,#910);
#634=LINE('',#5253,#911);
#635=LINE('',#5255,#912);
#636=LINE('',#5257,#913);
#637=LINE('',#5377,#914);
#638=LINE('',#5379,#915);
#639=LINE('',#5380,#916);
#640=LINE('',#5382,#917);
#641=LINE('',#5384,#918);
#642=LINE('',#5390,#919);
#643=LINE('',#5392,#920);
#644=LINE('',#5435,#921);
#645=LINE('',#5457,#922);
#646=LINE('',#5459,#923);
#647=LINE('',#5466,#924);
#648=LINE('',#5468,#925);
#649=LINE('',#5470,#926);
#650=LINE('',#5550,#927);
#651=LINE('',#5552,#928);
#652=LINE('',#5553,#929);
#653=LINE('',#5555,#930);
#654=LINE('',#5557,#931);
#655=LINE('',#5622,#932);
#656=LINE('',#5624,#933);
#657=LINE('',#5635,#934);
#658=LINE('',#5637,#935);
#659=LINE('',#5648,#936);
#660=LINE('',#5650,#937);
#661=LINE('',#5694,#938);
#662=LINE('',#5700,#939);
#663=LINE('',#5717,#940);
#664=LINE('',#5757,#941);
#665=LINE('',#5763,#942);
#666=LINE('',#5773,#943);
#667=LINE('',#5799,#944);
#668=LINE('',#5805,#945);
#669=LINE('',#5815,#946);
#670=LINE('',#5841,#947);
#671=LINE('',#5874,#948);
#672=LINE('',#5880,#949);
#673=LINE('',#5890,#950);
#674=LINE('',#5904,#951);
#675=LINE('',#5918,#952);
#676=LINE('',#5932,#953);
#677=LINE('',#5937,#954);
#678=LINE('',#5959,#955);
#679=LINE('',#5973,#956);
#680=LINE('',#6032,#957);
#681=LINE('',#6038,#958);
#682=LINE('',#6048,#959);
#683=LINE('',#6062,#960);
#684=LINE('',#6076,#961);
#685=LINE('',#6090,#962);
#686=LINE('',#6104,#963);
#687=LINE('',#6118,#964);
#688=LINE('',#6132,#965);
#689=LINE('',#6146,#966);
#690=LINE('',#6160,#967);
#691=LINE('',#6174,#968);
#692=LINE('',#6188,#969);
#693=LINE('',#6202,#970);
#694=LINE('',#6208,#971);
#695=LINE('',#6218,#972);
#696=LINE('',#6232,#973);
#697=LINE('',#6246,#974);
#698=LINE('',#6260,#975);
#699=LINE('',#6274,#976);
#700=LINE('',#6288,#977);
#701=LINE('',#6302,#978);
#702=LINE('',#6316,#979);
#703=LINE('',#6330,#980);
#704=LINE('',#6344,#981);
#705=LINE('',#6358,#982);
#706=LINE('',#6364,#983);
#707=LINE('',#6374,#984);
#708=LINE('',#6388,#985);
#709=LINE('',#6402,#986);
#710=LINE('',#6416,#987);
#711=LINE('',#6430,#988);
#712=LINE('',#6444,#989);
#713=LINE('',#6450,#990);
#714=LINE('',#6460,#991);
#715=LINE('',#6474,#992);
#716=LINE('',#6488,#993);
#717=LINE('',#6494,#994);
#718=LINE('',#6504,#995);
#719=LINE('',#6510,#996);
#720=LINE('',#6520,#997);
#721=LINE('',#6534,#998);
#722=LINE('',#6540,#999);
#723=LINE('',#6550,#1000);
#724=LINE('',#6564,#1001);
#725=LINE('',#6578,#1002);
#726=LINE('',#6592,#1003);
#727=LINE('',#6606,#1004);
#728=LINE('',#6620,#1005);
#729=LINE('',#6634,#1006);
#730=LINE('',#6648,#1007);
#731=LINE('',#6662,#1008);
#732=LINE('',#6676,#1009);
#733=LINE('',#6690,#1010);
#734=LINE('',#6704,#1011);
#735=LINE('',#6718,#1012);
#736=LINE('',#6724,#1013);
#737=LINE('',#6734,#1014);
#738=LINE('',#6748,#1015);
#739=LINE('',#6762,#1016);
#740=LINE('',#6776,#1017);
#741=LINE('',#6790,#1018);
#742=LINE('',#6804,#1019);
#743=LINE('',#6818,#1020);
#744=LINE('',#6832,#1021);
#745=LINE('',#6846,#1022);
#746=LINE('',#6860,#1023);
#747=LINE('',#6874,#1024);
#748=LINE('',#6880,#1025);
#749=LINE('',#6890,#1026);
#750=LINE('',#6904,#1027);
#751=LINE('',#6918,#1028);
#752=LINE('',#6924,#1029);
#753=LINE('',#6934,#1030);
#754=LINE('',#6948,#1031);
#755=LINE('',#6962,#1032);
#756=LINE('',#6995,#1033);
#757=LINE('',#7028,#1034);
#758=LINE('',#7034,#1035);
#759=LINE('',#7044,#1036);
#760=LINE('',#7058,#1037);
#761=LINE('',#7063,#1038);
#762=LINE('',#7085,#1039);
#763=LINE('',#7099,#1040);
#764=LINE('',#7113,#1041);
#765=LINE('',#7127,#1042);
#766=LINE('',#7141,#1043);
#767=LINE('',#7147,#1044);
#768=LINE('',#7157,#1045);
#769=LINE('',#7171,#1046);
#770=LINE('',#7204,#1047);
#771=LINE('',#7210,#1048);
#772=LINE('',#7220,#1049);
#773=LINE('',#7226,#1050);
#774=LINE('',#7236,#1051);
#775=LINE('',#7250,#1052);
#776=LINE('',#7262,#1053);
#777=LINE('',#7275,#1054);
#778=LINE('',#7289,#1055);
#779=LINE('',#7303,#1056);
#780=LINE('',#7317,#1057);
#781=LINE('',#7323,#1058);
#782=LINE('',#7333,#1059);
#783=LINE('',#7347,#1060);
#784=LINE('',#7359,#1061);
#785=LINE('',#7372,#1062);
#786=LINE('',#7397,#1063);
#787=LINE('',#7407,#1064);
#788=LINE('',#7421,#1065);
#789=LINE('',#7435,#1066);
#790=LINE('',#7444,#1067);
#791=LINE('',#7447,#1068);
#792=LINE('',#7450,#1069);
#793=LINE('',#7452,#1070);
#794=LINE('',#7454,#1071);
#795=LINE('',#7455,#1072);
#796=LINE('',#7458,#1073);
#797=LINE('',#7459,#1074);
#798=LINE('',#7462,#1075);
#799=LINE('',#7463,#1076);
#800=LINE('',#7465,#1077);
#801=LINE('',#7466,#1078);
#802=LINE('',#7470,#1079);
#803=LINE('',#7474,#1080);
#804=LINE('',#7476,#1081);
#805=LINE('',#7477,#1082);
#806=LINE('',#7480,#1083);
#807=LINE('',#7482,#1084);
#808=LINE('',#7483,#1085);
#809=LINE('',#7486,#1086);
#810=LINE('',#7487,#1087);
#811=LINE('',#7488,#1088);
#812=LINE('',#7491,#1089);
#813=LINE('',#7493,#1090);
#814=LINE('',#7494,#1091);
#815=LINE('',#7497,#1092);
#816=LINE('',#7498,#1093);
#817=LINE('',#7499,#1094);
#818=LINE('',#7502,#1095);
#819=LINE('',#7503,#1096);
#820=LINE('',#7509,#1097);
#821=LINE('',#7513,#1098);
#822=LINE('',#7515,#1099);
#823=LINE('',#7517,#1100);
#824=LINE('',#7518,#1101);
#825=LINE('',#7521,#1102);
#826=LINE('',#7523,#1103);
#827=LINE('',#7524,#1104);
#828=LINE('',#7527,#1105);
#829=LINE('',#7528,#1106);
#830=LINE('',#7533,#1107);
#831=LINE('',#7536,#1108);
#832=LINE('',#7542,#1109);
#833=LINE('',#7545,#1110);
#834=LINE('',#7547,#1111);
#835=LINE('',#7549,#1112);
#836=LINE('',#7550,#1113);
#837=LINE('',#7555,#1114);
#838=LINE('',#7559,#1115);
#839=LINE('',#7563,#1116);
#840=LINE('',#7565,#1117);
#841=LINE('',#7567,#1118);
#842=LINE('',#7568,#1119);
#843=LINE('',#7571,#1120);
#844=LINE('',#7578,#1121);
#845=LINE('',#7582,#1122);
#846=LINE('',#7583,#1123);
#847=LINE('',#7584,#1124);
#848=LINE('',#7587,#1125);
#849=LINE('',#7588,#1126);
#850=LINE('',#7591,#1127);
#851=LINE('',#7593,#1128);
#852=LINE('',#7594,#1129);
#853=LINE('',#7597,#1130);
#854=LINE('',#7598,#1131);
#855=LINE('',#7599,#1132);
#856=LINE('',#7602,#1133);
#857=LINE('',#7604,#1134);
#858=LINE('',#7605,#1135);
#859=LINE('',#7610,#1136);
#860=LINE('',#7615,#1137);
#861=LINE('',#7618,#1138);
#862=LINE('',#7620,#1139);
#863=LINE('',#7626,#1140);
#864=LINE('',#7629,#1141);
#865=LINE('',#7630,#1142);
#866=LINE('',#7643,#1143);
#867=LINE('',#7644,#1144);
#868=LINE('',#7648,#1145);
#869=LINE('',#7653,#1146);
#870=LINE('',#7657,#1147);
#871=LINE('',#7660,#1148);
#872=LINE('',#7661,#1149);
#873=LINE('',#7665,#1150);
#874=LINE('',#7668,#1151);
#875=LINE('',#7670,#1152);
#876=LINE('',#7671,#1153);
#877=LINE('',#7672,#1154);
#878=LINE('',#7676,#1155);
#879=LINE('',#7687,#1156);
#880=LINE('',#7689,#1157);
#881=LINE('',#7691,#1158);
#882=LINE('',#7692,#1159);
#883=LINE('',#7695,#1160);
#884=LINE('',#7696,#1161);
#885=LINE('',#7698,#1162);
#886=LINE('',#7700,#1163);
#887=LINE('',#7704,#1164);
#888=LINE('',#7711,#1165);
#889=LINE('',#7718,#1166);
#890=LINE('',#7725,#1167);
#891=LINE('',#7731,#1168);
#892=LINE('',#7733,#1169);
#893=LINE('',#7735,#1170);
#894=LINE('',#7737,#1171);
#895=LINE('',#7740,#1172);
#896=LINE('',#7743,#1173);
#897=LINE('',#7744,#1174);
#898=LINE('',#7748,#1175);
#899=VECTOR('',#4203,10.);
#900=VECTOR('',#4204,10.);
#901=VECTOR('',#4205,10.);
#902=VECTOR('',#4206,10.);
#903=VECTOR('',#4207,10.);
#904=VECTOR('',#4210,10.);
#905=VECTOR('',#4213,10.);
#906=VECTOR('',#4214,10.);
#907=VECTOR('',#4215,10.);
#908=VECTOR('',#4216,10.);
#909=VECTOR('',#4225,10.);
#910=VECTOR('',#4226,10.);
#911=VECTOR('',#4233,10.);
#912=VECTOR('',#4234,10.);
#913=VECTOR('',#4235,10.);
#914=VECTOR('',#4240,10.);
#915=VECTOR('',#4241,10.);
#916=VECTOR('',#4242,10.);
#917=VECTOR('',#4243,10.);
#918=VECTOR('',#4244,10.);
#919=VECTOR('',#4245,10.);
#920=VECTOR('',#4246,10.);
#921=VECTOR('',#4249,10.);
#922=VECTOR('',#4250,10.);
#923=VECTOR('',#4251,10.);
#924=VECTOR('',#4252,10.);
#925=VECTOR('',#4253,10.);
#926=VECTOR('',#4254,10.);
#927=VECTOR('',#4265,10.);
#928=VECTOR('',#4266,10.);
#929=VECTOR('',#4267,10.);
#930=VECTOR('',#4268,10.);
#931=VECTOR('',#4269,10.);
#932=VECTOR('',#4274,10.);
#933=VECTOR('',#4275,10.);
#934=VECTOR('',#4276,10.);
#935=VECTOR('',#4277,10.);
#936=VECTOR('',#4278,10.);
#937=VECTOR('',#4279,10.);
#938=VECTOR('',#4288,10.);
#939=VECTOR('',#4289,10.);
#940=VECTOR('',#4290,10.);
#941=VECTOR('',#4291,10.);
#942=VECTOR('',#4292,10.);
#943=VECTOR('',#4293,10.);
#944=VECTOR('',#4294,10.);
#945=VECTOR('',#4295,10.);
#946=VECTOR('',#4296,10.);
#947=VECTOR('',#4297,10.);
#948=VECTOR('',#4298,10.);
#949=VECTOR('',#4299,10.);
#950=VECTOR('',#4300,10.);
#951=VECTOR('',#4301,10.);
#952=VECTOR('',#4302,10.);
#953=VECTOR('',#4303,10.);
#954=VECTOR('',#4304,10.);
#955=VECTOR('',#4305,10.);
#956=VECTOR('',#4306,10.);
#957=VECTOR('',#4307,10.);
#958=VECTOR('',#4308,10.);
#959=VECTOR('',#4309,10.);
#960=VECTOR('',#4310,10.);
#961=VECTOR('',#4311,10.);
#962=VECTOR('',#4312,10.);
#963=VECTOR('',#4313,10.);
#964=VECTOR('',#4314,10.);
#965=VECTOR('',#4315,10.);
#966=VECTOR('',#4316,10.);
#967=VECTOR('',#4317,10.);
#968=VECTOR('',#4318,10.);
#969=VECTOR('',#4319,10.);
#970=VECTOR('',#4320,10.);
#971=VECTOR('',#4321,10.);
#972=VECTOR('',#4322,10.);
#973=VECTOR('',#4323,10.);
#974=VECTOR('',#4324,10.);
#975=VECTOR('',#4325,10.);
#976=VECTOR('',#4326,10.);
#977=VECTOR('',#4327,10.);
#978=VECTOR('',#4328,10.);
#979=VECTOR('',#4329,10.);
#980=VECTOR('',#4330,10.);
#981=VECTOR('',#4331,10.);
#982=VECTOR('',#4332,10.);
#983=VECTOR('',#4333,10.);
#984=VECTOR('',#4334,10.);
#985=VECTOR('',#4335,10.);
#986=VECTOR('',#4336,10.);
#987=VECTOR('',#4337,10.);
#988=VECTOR('',#4338,10.);
#989=VECTOR('',#4339,10.);
#990=VECTOR('',#4340,10.);
#991=VECTOR('',#4341,10.);
#992=VECTOR('',#4342,10.);
#993=VECTOR('',#4343,10.);
#994=VECTOR('',#4344,10.);
#995=VECTOR('',#4345,10.);
#996=VECTOR('',#4346,10.);
#997=VECTOR('',#4347,10.);
#998=VECTOR('',#4348,10.);
#999=VECTOR('',#4349,10.);
#1000=VECTOR('',#4350,10.);
#1001=VECTOR('',#4351,10.);
#1002=VECTOR('',#4352,10.);
#1003=VECTOR('',#4353,10.);
#1004=VECTOR('',#4354,10.);
#1005=VECTOR('',#4355,10.);
#1006=VECTOR('',#4356,10.);
#1007=VECTOR('',#4357,10.);
#1008=VECTOR('',#4358,10.);
#1009=VECTOR('',#4359,10.);
#1010=VECTOR('',#4360,10.);
#1011=VECTOR('',#4361,10.);
#1012=VECTOR('',#4362,10.);
#1013=VECTOR('',#4363,10.);
#1014=VECTOR('',#4364,10.);
#1015=VECTOR('',#4365,10.);
#1016=VECTOR('',#4366,10.);
#1017=VECTOR('',#4367,10.);
#1018=VECTOR('',#4368,10.);
#1019=VECTOR('',#4369,10.);
#1020=VECTOR('',#4370,10.);
#1021=VECTOR('',#4371,10.);
#1022=VECTOR('',#4372,10.);
#1023=VECTOR('',#4373,10.);
#1024=VECTOR('',#4374,10.);
#1025=VECTOR('',#4375,10.);
#1026=VECTOR('',#4376,10.);
#1027=VECTOR('',#4377,10.);
#1028=VECTOR('',#4378,10.);
#1029=VECTOR('',#4379,10.);
#1030=VECTOR('',#4380,10.);
#1031=VECTOR('',#4381,10.);
#1032=VECTOR('',#4382,10.);
#1033=VECTOR('',#4383,10.);
#1034=VECTOR('',#4384,10.);
#1035=VECTOR('',#4385,10.);
#1036=VECTOR('',#4386,10.);
#1037=VECTOR('',#4387,10.);
#1038=VECTOR('',#4388,10.);
#1039=VECTOR('',#4389,10.);
#1040=VECTOR('',#4390,10.);
#1041=VECTOR('',#4391,10.);
#1042=VECTOR('',#4392,10.);
#1043=VECTOR('',#4393,10.);
#1044=VECTOR('',#4394,10.);
#1045=VECTOR('',#4395,10.);
#1046=VECTOR('',#4396,10.);
#1047=VECTOR('',#4397,10.);
#1048=VECTOR('',#4398,10.);
#1049=VECTOR('',#4399,10.);
#1050=VECTOR('',#4400,10.);
#1051=VECTOR('',#4401,10.);
#1052=VECTOR('',#4402,10.);
#1053=VECTOR('',#4403,10.);
#1054=VECTOR('',#4404,10.);
#1055=VECTOR('',#4405,10.);
#1056=VECTOR('',#4406,10.);
#1057=VECTOR('',#4407,10.);
#1058=VECTOR('',#4408,10.);
#1059=VECTOR('',#4409,10.);
#1060=VECTOR('',#4410,10.);
#1061=VECTOR('',#4411,10.);
#1062=VECTOR('',#4412,10.);
#1063=VECTOR('',#4413,10.);
#1064=VECTOR('',#4414,10.);
#1065=VECTOR('',#4415,10.);
#1066=VECTOR('',#4416,10.);
#1067=VECTOR('',#4421,10.);
#1068=VECTOR('',#4424,10.);
#1069=VECTOR('',#4427,10.);
#1070=VECTOR('',#4428,10.);
#1071=VECTOR('',#4429,10.);
#1072=VECTOR('',#4430,10.);
#1073=VECTOR('',#4433,10.);
#1074=VECTOR('',#4434,10.);
#1075=VECTOR('',#4437,10.);
#1076=VECTOR('',#4438,10.);
#1077=VECTOR('',#4441,10.);
#1078=VECTOR('',#4442,10.);
#1079=VECTOR('',#4447,10.);
#1080=VECTOR('',#4454,10.);
#1081=VECTOR('',#4455,10.);
#1082=VECTOR('',#4456,10.);
#1083=VECTOR('',#4459,10.);
#1084=VECTOR('',#4460,10.);
#1085=VECTOR('',#4461,10.);
#1086=VECTOR('',#4464,10.);
#1087=VECTOR('',#4465,10.);
#1088=VECTOR('',#4466,10.);
#1089=VECTOR('',#4469,10.);
#1090=VECTOR('',#4470,10.);
#1091=VECTOR('',#4471,10.);
#1092=VECTOR('',#4474,10.);
#1093=VECTOR('',#4475,10.);
#1094=VECTOR('',#4476,10.);
#1095=VECTOR('',#4479,10.);
#1096=VECTOR('',#4480,10.);
#1097=VECTOR('',#4487,10.);
#1098=VECTOR('',#4492,10.);
#1099=VECTOR('',#4493,10.);
#1100=VECTOR('',#4494,10.);
#1101=VECTOR('',#4495,10.);
#1102=VECTOR('',#4498,10.);
#1103=VECTOR('',#4499,10.);
#1104=VECTOR('',#4500,10.);
#1105=VECTOR('',#4503,10.);
#1106=VECTOR('',#4504,10.);
#1107=VECTOR('',#4509,10.);
#1108=VECTOR('',#4512,10.);
#1109=VECTOR('',#4519,10.);
#1110=VECTOR('',#4524,10.);
#1111=VECTOR('',#4525,10.);
#1112=VECTOR('',#4526,10.);
#1113=VECTOR('',#4527,10.);
#1114=VECTOR('',#4532,10.);
#1115=VECTOR('',#4535,10.);
#1116=VECTOR('',#4540,10.);
#1117=VECTOR('',#4541,10.);
#1118=VECTOR('',#4542,10.);
#1119=VECTOR('',#4543,10.);
#1120=VECTOR('',#4546,10.);
#1121=VECTOR('',#4555,10.);
#1122=VECTOR('',#4560,10.);
#1123=VECTOR('',#4561,10.);
#1124=VECTOR('',#4562,10.);
#1125=VECTOR('',#4565,10.);
#1126=VECTOR('',#4566,10.);
#1127=VECTOR('',#4569,10.);
#1128=VECTOR('',#4570,10.);
#1129=VECTOR('',#4571,10.);
#1130=VECTOR('',#4574,10.);
#1131=VECTOR('',#4575,10.);
#1132=VECTOR('',#4576,10.);
#1133=VECTOR('',#4579,10.);
#1134=VECTOR('',#4580,10.);
#1135=VECTOR('',#4581,10.);
#1136=VECTOR('',#4590,10.);
#1137=VECTOR('',#4597,10.);
#1138=VECTOR('',#4602,10.);
#1139=VECTOR('',#4605,10.);
#1140=VECTOR('',#4616,10.);
#1141=VECTOR('',#4619,10.);
#1142=VECTOR('',#4620,10.);
#1143=VECTOR('',#4641,10.);
#1144=VECTOR('',#4642,10.);
#1145=VECTOR('',#4649,10.);
#1146=VECTOR('',#4658,10.);
#1147=VECTOR('',#4665,10.);
#1148=VECTOR('',#4668,10.);
#1149=VECTOR('',#4669,10.);
#1150=VECTOR('',#4674,10.);
#1151=VECTOR('',#4677,10.);
#1152=VECTOR('',#4678,10.);
#1153=VECTOR('',#4679,10.);
#1154=VECTOR('',#4680,10.);
#1155=VECTOR('',#4685,10.);
#1156=VECTOR('',#4694,10.);
#1157=VECTOR('',#4695,10.);
#1158=VECTOR('',#4696,10.);
#1159=VECTOR('',#4697,10.);
#1160=VECTOR('',#4702,10.);
#1161=VECTOR('',#4703,10.);
#1162=VECTOR('',#4706,10.);
#1163=VECTOR('',#4709,10.);
#1164=VECTOR('',#4714,2.7);
#1165=VECTOR('',#4723,2.7);
#1166=VECTOR('',#4732,2.7);
#1167=VECTOR('',#4741,2.7);
#1168=VECTOR('',#4750,1.5);
#1169=VECTOR('',#4753,1.5);
#1170=VECTOR('',#4756,1.49999999999999);
#1171=VECTOR('',#4759,1.5);
#1172=VECTOR('',#4764,10.);
#1173=VECTOR('',#4769,10.);
#1174=VECTOR('',#4770,10.);
#1175=VECTOR('',#4777,10.);
#1176=(
BOUNDED_CURVE()
B_SPLINE_CURVE(3,(#4800,#4801,#4802,#4803),.UNSPECIFIED.,.F.,.F.)
B_SPLINE_CURVE_WITH_KNOTS((4,4),(0.,0.402474975592183),.UNSPECIFIED.)
CURVE()
GEOMETRIC_REPRESENTATION_ITEM()
RATIONAL_B_SPLINE_CURVE((1.,1.,1.,1.))
REPRESENTATION_ITEM('')
);
#1177=(
BOUNDED_CURVE()
B_SPLINE_CURVE(3,(#4806,#4807,#4808,#4809),.UNSPECIFIED.,.F.,.F.)
B_SPLINE_CURVE_WITH_KNOTS((4,4),(-0.402474975589569,0.),.UNSPECIFIED.)
CURVE()
GEOMETRIC_REPRESENTATION_ITEM()
RATIONAL_B_SPLINE_CURVE((1.,1.,1.,1.))
REPRESENTATION_ITEM('')
);
#1178=(
BOUNDED_CURVE()
B_SPLINE_CURVE(3,(#4827,#4828,#4829,#4830),.UNSPECIFIED.,.F.,.F.)
B_SPLINE_CURVE_WITH_KNOTS((4,4),(0.,0.417215078328424),.UNSPECIFIED.)
CURVE()
GEOMETRIC_REPRESENTATION_ITEM()
RATIONAL_B_SPLINE_CURVE((1.,1.,1.,1.))
REPRESENTATION_ITEM('')
);
#1179=(
BOUNDED_CURVE()
B_SPLINE_CURVE(3,(#4833,#4834,#4835,#4836),.UNSPECIFIED.,.F.,.F.)
B_SPLINE_CURVE_WITH_KNOTS((4,4),(-0.417215078328395,0.),.UNSPECIFIED.)
CURVE()
GEOMETRIC_REPRESENTATION_ITEM()
RATIONAL_B_SPLINE_CURVE((1.,1.,1.,1.))
REPRESENTATION_ITEM('')
);
#1180=(
BOUNDED_CURVE()
B_SPLINE_CURVE(3,(#4854,#4855,#4856,#4857),.UNSPECIFIED.,.F.,.F.)
B_SPLINE_CURVE_WITH_KNOTS((4,4),(-1.,-0.34609361002115),.UNSPECIFIED.)
CURVE()
GEOMETRIC_REPRESENTATION_ITEM()
RATIONAL_B_SPLINE_CURVE((1.,1.,1.,1.))
REPRESENTATION_ITEM('')
);
#1181=(
BOUNDED_CURVE()
B_SPLINE_CURVE(3,(#4860,#4861,#4862,#4863),.UNSPECIFIED.,.F.,.F.)
B_SPLINE_CURVE_WITH_KNOTS((4,4),(0.34609361002115,1.),.UNSPECIFIED.)
CURVE()
GEOMETRIC_REPRESENTATION_ITEM()
RATIONAL_B_SPLINE_CURVE((1.,1.,1.,1.))
REPRESENTATION_ITEM('')
);
#1182=(
BOUNDED_CURVE()
B_SPLINE_CURVE(3,(#4881,#4882,#4883,#4884),.UNSPECIFIED.,.F.,.F.)
B_SPLINE_CURVE_WITH_KNOTS((4,4),(0.265584279601602,0.741586293596641),
 .UNSPECIFIED.)
CURVE()
GEOMETRIC_REPRESENTATION_ITEM()
RATIONAL_B_SPLINE_CURVE((1.,1.,1.,1.))
REPRESENTATION_ITEM('')
);
#1183=(
BOUNDED_CURVE()
B_SPLINE_CURVE(3,(#4892,#4893,#4894,#4895),.UNSPECIFIED.,.F.,.F.)
B_SPLINE_CURVE_WITH_KNOTS((4,4),(0.265584279601679,0.741586293596641),
 .UNSPECIFIED.)
CURVE()
GEOMETRIC_REPRESENTATION_ITEM()
RATIONAL_B_SPLINE_CURVE((1.,1.,1.,1.))
REPRESENTATION_ITEM('')
);
#1184=(
BOUNDED_CURVE()
B_SPLINE_CURVE(3,(#4913,#4914,#4915,#4916),.UNSPECIFIED.,.F.,.F.)
B_SPLINE_CURVE_WITH_KNOTS((4,4),(0.,0.259276480834041),.UNSPECIFIED.)
CURVE()
GEOMETRIC_REPRESENTATION_ITEM()
RATIONAL_B_SPLINE_CURVE((1.,1.,1.,1.))
REPRESENTATION_ITEM('')
);
#1185=(
BOUNDED_CURVE()
B_SPLINE_CURVE(3,(#4919,#4920,#4921,#4922),.UNSPECIFIED.,.F.,.F.)
B_SPLINE_CURVE_WITH_KNOTS((4,4),(0.,0.259276480834041),.UNSPECIFIED.)
CURVE()
GEOMETRIC_REPRESENTATION_ITEM()
RATIONAL_B_SPLINE_CURVE((1.,1.,1.,1.))
REPRESENTATION_ITEM('')
);
#1186=(
BOUNDED_CURVE()
B_SPLINE_CURVE(3,(#4940,#4941,#4942,#4943),.UNSPECIFIED.,.F.,.F.)
B_SPLINE_CURVE_WITH_KNOTS((4,4),(0.226235484151641,0.739605511582023),
 .UNSPECIFIED.)
CURVE()
GEOMETRIC_REPRESENTATION_ITEM()
RATIONAL_B_SPLINE_CURVE((1.,1.,1.,1.))
REPRESENTATION_ITEM('')
);
#1187=(
BOUNDED_CURVE()
B_SPLINE_CURVE(3,(#4951,#4952,#4953,#4954),.UNSPECIFIED.,.F.,.F.)
B_SPLINE_CURVE_WITH_KNOTS((4,4),(0.226235484151645,0.739605511588128),
 .UNSPECIFIED.)
CURVE()
GEOMETRIC_REPRESENTATION_ITEM()
RATIONAL_B_SPLINE_CURVE((1.,1.,1.,1.))
REPRESENTATION_ITEM('')
);
#1188=(
BOUNDED_CURVE()
B_SPLINE_CURVE(3,(#4971,#4972,#4973,#4974),.UNSPECIFIED.,.F.,.F.)
B_SPLINE_CURVE_WITH_KNOTS((4,4),(0.787640299099377,1.),.UNSPECIFIED.)
CURVE()
GEOMETRIC_REPRESENTATION_ITEM()
RATIONAL_B_SPLINE_CURVE((1.,1.,1.,1.))
REPRESENTATION_ITEM('')
);
#1189=(
BOUNDED_CURVE()
B_SPLINE_CURVE(3,(#4975,#4976,#4977,#4978),.UNSPECIFIED.,.F.,.F.)
B_SPLINE_CURVE_WITH_KNOTS((4,4),(0.787640299096284,1.),.UNSPECIFIED.)
CURVE()
GEOMETRIC_REPRESENTATION_ITEM()
RATIONAL_B_SPLINE_CURVE((1.,1.,1.,1.))
REPRESENTATION_ITEM('')
);
#1190=(
BOUNDED_CURVE()
B_SPLINE_CURVE(3,(#4996,#4997,#4998,#4999),.UNSPECIFIED.,.F.,.F.)
B_SPLINE_CURVE_WITH_KNOTS((4,4),(0.,0.763759717357576),.UNSPECIFIED.)
CURVE()
GEOMETRIC_REPRESENTATION_ITEM()
RATIONAL_B_SPLINE_CURVE((1.,1.,1.,1.))
REPRESENTATION_ITEM('')
);
#1191=(
BOUNDED_CURVE()
B_SPLINE_CURVE(3,(#5002,#5003,#5004,#5005),.UNSPECIFIED.,.F.,.F.)
B_SPLINE_CURVE_WITH_KNOTS((4,4),(-0.763759717357579,0.),.UNSPECIFIED.)
CURVE()
GEOMETRIC_REPRESENTATION_ITEM()
RATIONAL_B_SPLINE_CURVE((1.,1.,1.,1.))
REPRESENTATION_ITEM('')
);
#1192=(
BOUNDED_CURVE()
B_SPLINE_CURVE(3,(#5012,#5013,#5014,#5015),.UNSPECIFIED.,.F.,.F.)
B_SPLINE_CURVE_WITH_KNOTS((4,4),(0.859318085209594,1.),.UNSPECIFIED.)
CURVE()
GEOMETRIC_REPRESENTATION_ITEM()
RATIONAL_B_SPLINE_CURVE((1.,1.,1.,1.))
REPRESENTATION_ITEM('')
);
#1193=(
BOUNDED_CURVE()
B_SPLINE_CURVE(3,(#5017,#5018,#5019,#5020),.UNSPECIFIED.,.F.,.F.)
B_SPLINE_CURVE_WITH_KNOTS((4,4),(0.,1.),.UNSPECIFIED.)
CURVE()
GEOMETRIC_REPRESENTATION_ITEM()
RATIONAL_B_SPLINE_CURVE((1.,1.,1.,1.))
REPRESENTATION_ITEM('')
);
#1194=(
BOUNDED_CURVE()
B_SPLINE_CURVE(3,(#5022,#5023,#5024,#5025),.UNSPECIFIED.,.F.,.F.)
B_SPLINE_CURVE_WITH_KNOTS((4,4),(0.,1.),.UNSPECIFIED.)
CURVE()
GEOMETRIC_REPRESENTATION_ITEM()
RATIONAL_B_SPLINE_CURVE((1.,1.,1.,1.))
REPRESENTATION_ITEM('')
);
#1195=(
BOUNDED_CURVE()
B_SPLINE_CURVE(3,(#5027,#5028,#5029,#5030),.UNSPECIFIED.,.F.,.F.)
B_SPLINE_CURVE_WITH_KNOTS((4,4),(0.,0.85293804064242),.UNSPECIFIED.)
CURVE()
GEOMETRIC_REPRESENTATION_ITEM()
RATIONAL_B_SPLINE_CURVE((1.,1.,1.,1.))
REPRESENTATION_ITEM('')
);
#1196=(
BOUNDED_CURVE()
B_SPLINE_CURVE(3,(#5040,#5041,#5042,#5043),.UNSPECIFIED.,.F.,.F.)
B_SPLINE_CURVE_WITH_KNOTS((4,4),(0.38201868708504,1.),.UNSPECIFIED.)
CURVE()
GEOMETRIC_REPRESENTATION_ITEM()
RATIONAL_B_SPLINE_CURVE((1.,1.,1.,1.))
REPRESENTATION_ITEM('')
);
#1197=(
BOUNDED_CURVE()
B_SPLINE_CURVE(3,(#5045,#5046,#5047,#5048),.UNSPECIFIED.,.F.,.F.)
B_SPLINE_CURVE_WITH_KNOTS((4,4),(0.,1.),.UNSPECIFIED.)
CURVE()
GEOMETRIC_REPRESENTATION_ITEM()
RATIONAL_B_SPLINE_CURVE((1.,1.,1.,1.))
REPRESENTATION_ITEM('')
);
#1198=(
BOUNDED_CURVE()
B_SPLINE_CURVE(3,(#5050,#5051,#5052,#5053),.UNSPECIFIED.,.F.,.F.)
B_SPLINE_CURVE_WITH_KNOTS((4,4),(0.,0.994351407134282),.UNSPECIFIED.)
CURVE()
GEOMETRIC_REPRESENTATION_ITEM()
RATIONAL_B_SPLINE_CURVE((1.,1.,1.,1.))
REPRESENTATION_ITEM('')
);
#1199=(
BOUNDED_CURVE()
B_SPLINE_CURVE(3,(#5057,#5058,#5059,#5060),.UNSPECIFIED.,.F.,.F.)
B_SPLINE_CURVE_WITH_KNOTS((4,4),(0.,0.699155636816914),.UNSPECIFIED.)
CURVE()
GEOMETRIC_REPRESENTATION_ITEM()
RATIONAL_B_SPLINE_CURVE((1.,1.,1.,1.))
REPRESENTATION_ITEM('')
);
#1200=(
BOUNDED_CURVE()
B_SPLINE_CURVE(3,(#5062,#5063,#5064,#5065),.UNSPECIFIED.,.F.,.F.)
B_SPLINE_CURVE_WITH_KNOTS((4,4),(0.,1.),.UNSPECIFIED.)
CURVE()
GEOMETRIC_REPRESENTATION_ITEM()
RATIONAL_B_SPLINE_CURVE((1.,1.,1.,1.))
REPRESENTATION_ITEM('')
);
#1201=(
BOUNDED_CURVE()
B_SPLINE_CURVE(3,(#5067,#5068,#5069,#5070),.UNSPECIFIED.,.F.,.F.)
B_SPLINE_CURVE_WITH_KNOTS((4,4),(0.,1.),.UNSPECIFIED.)
CURVE()
GEOMETRIC_REPRESENTATION_ITEM()
RATIONAL_B_SPLINE_CURVE((1.,1.,1.,1.))
REPRESENTATION_ITEM('')
);
#1202=(
BOUNDED_CURVE()
B_SPLINE_CURVE(3,(#5072,#5073,#5074,#5075),.UNSPECIFIED.,.F.,.F.)
B_SPLINE_CURVE_WITH_KNOTS((4,4),(0.,1.),.UNSPECIFIED.)
CURVE()
GEOMETRIC_REPRESENTATION_ITEM()
RATIONAL_B_SPLINE_CURVE((1.,1.,1.,1.))
REPRESENTATION_ITEM('')
);
#1203=(
BOUNDED_CURVE()
B_SPLINE_CURVE(3,(#5077,#5078,#5079,#5080),.UNSPECIFIED.,.F.,.F.)
B_SPLINE_CURVE_WITH_KNOTS((4,4),(0.,1.),.UNSPECIFIED.)
CURVE()
GEOMETRIC_REPRESENTATION_ITEM()
RATIONAL_B_SPLINE_CURVE((1.,1.,1.,1.))
REPRESENTATION_ITEM('')
);
#1204=(
BOUNDED_CURVE()
B_SPLINE_CURVE(3,(#5082,#5083,#5084,#5085),.UNSPECIFIED.,.F.,.F.)
B_SPLINE_CURVE_WITH_KNOTS((4,4),(0.,1.),.UNSPECIFIED.)
CURVE()
GEOMETRIC_REPRESENTATION_ITEM()
RATIONAL_B_SPLINE_CURVE((1.,1.,1.,1.))
REPRESENTATION_ITEM('')
);
#1205=(
BOUNDED_CURVE()
B_SPLINE_CURVE(3,(#5087,#5088,#5089,#5090),.UNSPECIFIED.,.F.,.F.)
B_SPLINE_CURVE_WITH_KNOTS((4,4),(0.,1.),.UNSPECIFIED.)
CURVE()
GEOMETRIC_REPRESENTATION_ITEM()
RATIONAL_B_SPLINE_CURVE((1.,1.,1.,1.))
REPRESENTATION_ITEM('')
);
#1206=(
BOUNDED_CURVE()
B_SPLINE_CURVE(3,(#5092,#5093,#5094,#5095),.UNSPECIFIED.,.F.,.F.)
B_SPLINE_CURVE_WITH_KNOTS((4,4),(0.,1.),.UNSPECIFIED.)
CURVE()
GEOMETRIC_REPRESENTATION_ITEM()
RATIONAL_B_SPLINE_CURVE((1.,1.,1.,1.))
REPRESENTATION_ITEM('')
);
#1207=(
BOUNDED_CURVE()
B_SPLINE_CURVE(3,(#5097,#5098,#5099,#5100),.UNSPECIFIED.,.F.,.F.)
B_SPLINE_CURVE_WITH_KNOTS((4,4),(0.,1.),.UNSPECIFIED.)
CURVE()
GEOMETRIC_REPRESENTATION_ITEM()
RATIONAL_B_SPLINE_CURVE((1.,1.,1.,1.))
REPRESENTATION_ITEM('')
);
#1208=(
BOUNDED_CURVE()
B_SPLINE_CURVE(3,(#5102,#5103,#5104,#5105),.UNSPECIFIED.,.F.,.F.)
B_SPLINE_CURVE_WITH_KNOTS((4,4),(0.,1.),.UNSPECIFIED.)
CURVE()
GEOMETRIC_REPRESENTATION_ITEM()
RATIONAL_B_SPLINE_CURVE((1.,1.,1.,1.))
REPRESENTATION_ITEM('')
);
#1209=(
BOUNDED_CURVE()
B_SPLINE_CURVE(3,(#5107,#5108,#5109,#5110),.UNSPECIFIED.,.F.,.F.)
B_SPLINE_CURVE_WITH_KNOTS((4,4),(0.239930495120944,1.),.UNSPECIFIED.)
CURVE()
GEOMETRIC_REPRESENTATION_ITEM()
RATIONAL_B_SPLINE_CURVE((1.,1.,1.,1.))
REPRESENTATION_ITEM('')
);
#1210=(
BOUNDED_CURVE()
B_SPLINE_CURVE(3,(#5116,#5117,#5118,#5119),.UNSPECIFIED.,.F.,.F.)
B_SPLINE_CURVE_WITH_KNOTS((4,4),(0.,0.206693380364793),.UNSPECIFIED.)
CURVE()
GEOMETRIC_REPRESENTATION_ITEM()
RATIONAL_B_SPLINE_CURVE((1.,1.,1.,1.))
REPRESENTATION_ITEM('')
);
#1211=(
BOUNDED_CURVE()
B_SPLINE_CURVE(3,(#5121,#5122,#5123,#5124),.UNSPECIFIED.,.F.,.F.)
B_SPLINE_CURVE_WITH_KNOTS((4,4),(0.,1.),.UNSPECIFIED.)
CURVE()
GEOMETRIC_REPRESENTATION_ITEM()
RATIONAL_B_SPLINE_CURVE((1.,1.,1.,1.))
REPRESENTATION_ITEM('')
);
#1212=(
BOUNDED_CURVE()
B_SPLINE_CURVE(3,(#5126,#5127,#5128,#5129),.UNSPECIFIED.,.F.,.F.)
B_SPLINE_CURVE_WITH_KNOTS((4,4),(0.,1.),.UNSPECIFIED.)
CURVE()
GEOMETRIC_REPRESENTATION_ITEM()
RATIONAL_B_SPLINE_CURVE((1.,1.,1.,1.))
REPRESENTATION_ITEM('')
);
#1213=(
BOUNDED_CURVE()
B_SPLINE_CURVE(3,(#5131,#5132,#5133,#5134),.UNSPECIFIED.,.F.,.F.)
B_SPLINE_CURVE_WITH_KNOTS((4,4),(0.,1.),.UNSPECIFIED.)
CURVE()
GEOMETRIC_REPRESENTATION_ITEM()
RATIONAL_B_SPLINE_CURVE((1.,1.,1.,1.))
REPRESENTATION_ITEM('')
);
#1214=(
BOUNDED_CURVE()
B_SPLINE_CURVE(3,(#5136,#5137,#5138,#5139),.UNSPECIFIED.,.F.,.F.)
B_SPLINE_CURVE_WITH_KNOTS((4,4),(0.,1.),.UNSPECIFIED.)
CURVE()
GEOMETRIC_REPRESENTATION_ITEM()
RATIONAL_B_SPLINE_CURVE((1.,1.,1.,1.))
REPRESENTATION_ITEM('')
);
#1215=(
BOUNDED_CURVE()
B_SPLINE_CURVE(3,(#5141,#5142,#5143,#5144),.UNSPECIFIED.,.F.,.F.)
B_SPLINE_CURVE_WITH_KNOTS((4,4),(0.,1.),.UNSPECIFIED.)
CURVE()
GEOMETRIC_REPRESENTATION_ITEM()
RATIONAL_B_SPLINE_CURVE((1.,1.,1.,1.))
REPRESENTATION_ITEM('')
);
#1216=(
BOUNDED_CURVE()
B_SPLINE_CURVE(3,(#5146,#5147,#5148,#5149),.UNSPECIFIED.,.F.,.F.)
B_SPLINE_CURVE_WITH_KNOTS((4,4),(0.,1.),.UNSPECIFIED.)
CURVE()
GEOMETRIC_REPRESENTATION_ITEM()
RATIONAL_B_SPLINE_CURVE((1.,1.,1.,1.))
REPRESENTATION_ITEM('')
);
#1217=(
BOUNDED_CURVE()
B_SPLINE_CURVE(3,(#5151,#5152,#5153,#5154),.UNSPECIFIED.,.F.,.F.)
B_SPLINE_CURVE_WITH_KNOTS((4,4),(0.,1.),.UNSPECIFIED.)
CURVE()
GEOMETRIC_REPRESENTATION_ITEM()
RATIONAL_B_SPLINE_CURVE((1.,1.,1.,1.))
REPRESENTATION_ITEM('')
);
#1218=(
BOUNDED_CURVE()
B_SPLINE_CURVE(3,(#5156,#5157,#5158,#5159),.UNSPECIFIED.,.F.,.F.)
B_SPLINE_CURVE_WITH_KNOTS((4,4),(0.,1.),.UNSPECIFIED.)
CURVE()
GEOMETRIC_REPRESENTATION_ITEM()
RATIONAL_B_SPLINE_CURVE((1.,1.,1.,1.))
REPRESENTATION_ITEM('')
);
#1219=(
BOUNDED_CURVE()
B_SPLINE_CURVE(3,(#5161,#5162,#5163,#5164),.UNSPECIFIED.,.F.,.F.)
B_SPLINE_CURVE_WITH_KNOTS((4,4),(0.,1.),.UNSPECIFIED.)
CURVE()
GEOMETRIC_REPRESENTATION_ITEM()
RATIONAL_B_SPLINE_CURVE((1.,1.,1.,1.))
REPRESENTATION_ITEM('')
);
#1220=(
BOUNDED_CURVE()
B_SPLINE_CURVE(3,(#5166,#5167,#5168,#5169),.UNSPECIFIED.,.F.,.F.)
B_SPLINE_CURVE_WITH_KNOTS((4,4),(0.,1.),.UNSPECIFIED.)
CURVE()
GEOMETRIC_REPRESENTATION_ITEM()
RATIONAL_B_SPLINE_CURVE((1.,1.,1.,1.))
REPRESENTATION_ITEM('')
);
#1221=(
BOUNDED_CURVE()
B_SPLINE_CURVE(3,(#5171,#5172,#5173,#5174),.UNSPECIFIED.,.F.,.F.)
B_SPLINE_CURVE_WITH_KNOTS((4,4),(0.,1.),.UNSPECIFIED.)
CURVE()
GEOMETRIC_REPRESENTATION_ITEM()
RATIONAL_B_SPLINE_CURVE((1.,1.,1.,1.))
REPRESENTATION_ITEM('')
);
#1222=(
BOUNDED_CURVE()
B_SPLINE_CURVE(3,(#5176,#5177,#5178,#5179),.UNSPECIFIED.,.F.,.F.)
B_SPLINE_CURVE_WITH_KNOTS((4,4),(0.126479658080079,1.),.UNSPECIFIED.)
CURVE()
GEOMETRIC_REPRESENTATION_ITEM()
RATIONAL_B_SPLINE_CURVE((1.,1.,1.,1.))
REPRESENTATION_ITEM('')
);
#1223=(
BOUNDED_CURVE()
B_SPLINE_CURVE(3,(#5183,#5184,#5185,#5186),.UNSPECIFIED.,.F.,.F.)
B_SPLINE_CURVE_WITH_KNOTS((4,4),(0.0498203832576816,1.),.UNSPECIFIED.)
CURVE()
GEOMETRIC_REPRESENTATION_ITEM()
RATIONAL_B_SPLINE_CURVE((1.,1.,1.,1.))
REPRESENTATION_ITEM('')
);
#1224=(
BOUNDED_CURVE()
B_SPLINE_CURVE(3,(#5188,#5189,#5190,#5191),.UNSPECIFIED.,.F.,.F.)
B_SPLINE_CURVE_WITH_KNOTS((4,4),(0.,0.743960252798938),.UNSPECIFIED.)
CURVE()
GEOMETRIC_REPRESENTATION_ITEM()
RATIONAL_B_SPLINE_CURVE((1.,1.,1.,1.))
REPRESENTATION_ITEM('')
);
#1225=(
BOUNDED_CURVE()
B_SPLINE_CURVE(3,(#5197,#5198,#5199,#5200),.UNSPECIFIED.,.F.,.F.)
B_SPLINE_CURVE_WITH_KNOTS((4,4),(0.498101725129372,0.730991276607028),
 .UNSPECIFIED.)
CURVE()
GEOMETRIC_REPRESENTATION_ITEM()
RATIONAL_B_SPLINE_CURVE((1.,1.,1.,1.))
REPRESENTATION_ITEM('')
);
#1226=(
BOUNDED_CURVE()
B_SPLINE_CURVE(3,(#5206,#5207,#5208,#5209),.UNSPECIFIED.,.F.,.F.)
B_SPLINE_CURVE_WITH_KNOTS((4,4),(0.,0.425878277540771),.UNSPECIFIED.)
CURVE()
GEOMETRIC_REPRESENTATION_ITEM()
RATIONAL_B_SPLINE_CURVE((1.,1.,1.,1.))
REPRESENTATION_ITEM('')
);
#1227=(
BOUNDED_CURVE()
B_SPLINE_CURVE(3,(#5211,#5212,#5213,#5214),.UNSPECIFIED.,.F.,.F.)
B_SPLINE_CURVE_WITH_KNOTS((4,4),(0.,1.),.UNSPECIFIED.)
CURVE()
GEOMETRIC_REPRESENTATION_ITEM()
RATIONAL_B_SPLINE_CURVE((1.,1.,1.,1.))
REPRESENTATION_ITEM('')
);
#1228=(
BOUNDED_CURVE()
B_SPLINE_CURVE(3,(#5216,#5217,#5218,#5219),.UNSPECIFIED.,.F.,.F.)
B_SPLINE_CURVE_WITH_KNOTS((4,4),(0.790867944289965,1.),.UNSPECIFIED.)
CURVE()
GEOMETRIC_REPRESENTATION_ITEM()
RATIONAL_B_SPLINE_CURVE((1.,1.,1.,1.))
REPRESENTATION_ITEM('')
);
#1229=(
BOUNDED_CURVE()
B_SPLINE_CURVE(3,(#5223,#5224,#5225,#5226),.UNSPECIFIED.,.F.,.F.)
B_SPLINE_CURVE_WITH_KNOTS((4,4),(0.,0.777805513464946),.UNSPECIFIED.)
CURVE()
GEOMETRIC_REPRESENTATION_ITEM()
RATIONAL_B_SPLINE_CURVE((1.,1.,1.,1.))
REPRESENTATION_ITEM('')
);
#1230=(
BOUNDED_CURVE()
B_SPLINE_CURVE(3,(#5228,#5229,#5230,#5231),.UNSPECIFIED.,.F.,.F.)
B_SPLINE_CURVE_WITH_KNOTS((4,4),(0.,1.),.UNSPECIFIED.)
CURVE()
GEOMETRIC_REPRESENTATION_ITEM()
RATIONAL_B_SPLINE_CURVE((1.,1.,1.,1.))
REPRESENTATION_ITEM('')
);
#1231=(
BOUNDED_CURVE()
B_SPLINE_CURVE(3,(#5233,#5234,#5235,#5236),.UNSPECIFIED.,.F.,.F.)
B_SPLINE_CURVE_WITH_KNOTS((4,4),(0.,1.),.UNSPECIFIED.)
CURVE()
GEOMETRIC_REPRESENTATION_ITEM()
RATIONAL_B_SPLINE_CURVE((1.,1.,1.,1.))
REPRESENTATION_ITEM('')
);
#1232=(
BOUNDED_CURVE()
B_SPLINE_CURVE(3,(#5238,#5239,#5240,#5241),.UNSPECIFIED.,.F.,.F.)
B_SPLINE_CURVE_WITH_KNOTS((4,4),(0.,1.),.UNSPECIFIED.)
CURVE()
GEOMETRIC_REPRESENTATION_ITEM()
RATIONAL_B_SPLINE_CURVE((1.,1.,1.,1.))
REPRESENTATION_ITEM('')
);
#1233=(
BOUNDED_CURVE()
B_SPLINE_CURVE(3,(#5243,#5244,#5245,#5246),.UNSPECIFIED.,.F.,.F.)
B_SPLINE_CURVE_WITH_KNOTS((4,4),(0.,1.),.UNSPECIFIED.)
CURVE()
GEOMETRIC_REPRESENTATION_ITEM()
RATIONAL_B_SPLINE_CURVE((1.,1.,1.,1.))
REPRESENTATION_ITEM('')
);
#1234=(
BOUNDED_CURVE()
B_SPLINE_CURVE(3,(#5248,#5249,#5250,#5251),.UNSPECIFIED.,.F.,.F.)
B_SPLINE_CURVE_WITH_KNOTS((4,4),(0.9695248078092,1.),.UNSPECIFIED.)
CURVE()
GEOMETRIC_REPRESENTATION_ITEM()
RATIONAL_B_SPLINE_CURVE((1.,1.,1.,1.))
REPRESENTATION_ITEM('')
);
#1235=(
BOUNDED_CURVE()
B_SPLINE_CURVE(3,(#5259,#5260,#5261,#5262),.UNSPECIFIED.,.F.,.F.)
B_SPLINE_CURVE_WITH_KNOTS((4,4),(0.269148700422794,1.),.UNSPECIFIED.)
CURVE()
GEOMETRIC_REPRESENTATION_ITEM()
RATIONAL_B_SPLINE_CURVE((1.,1.,1.,1.))
REPRESENTATION_ITEM('')
);
#1236=(
BOUNDED_CURVE()
B_SPLINE_CURVE(3,(#5264,#5265,#5266,#5267),.UNSPECIFIED.,.F.,.F.)
B_SPLINE_CURVE_WITH_KNOTS((4,4),(0.,1.),.UNSPECIFIED.)
CURVE()
GEOMETRIC_REPRESENTATION_ITEM()
RATIONAL_B_SPLINE_CURVE((1.,1.,1.,1.))
REPRESENTATION_ITEM('')
);
#1237=(
BOUNDED_CURVE()
B_SPLINE_CURVE(3,(#5269,#5270,#5271,#5272),.UNSPECIFIED.,.F.,.F.)
B_SPLINE_CURVE_WITH_KNOTS((4,4),(0.,1.),.UNSPECIFIED.)
CURVE()
GEOMETRIC_REPRESENTATION_ITEM()
RATIONAL_B_SPLINE_CURVE((1.,1.,1.,1.))
REPRESENTATION_ITEM('')
);
#1238=(
BOUNDED_CURVE()
B_SPLINE_CURVE(3,(#5274,#5275,#5276,#5277),.UNSPECIFIED.,.F.,.F.)
B_SPLINE_CURVE_WITH_KNOTS((4,4),(0.,1.),.UNSPECIFIED.)
CURVE()
GEOMETRIC_REPRESENTATION_ITEM()
RATIONAL_B_SPLINE_CURVE((1.,1.,1.,1.))
REPRESENTATION_ITEM('')
);
#1239=(
BOUNDED_CURVE()
B_SPLINE_CURVE(3,(#5279,#5280,#5281,#5282),.UNSPECIFIED.,.F.,.F.)
B_SPLINE_CURVE_WITH_KNOTS((4,4),(0.,1.),.UNSPECIFIED.)
CURVE()
GEOMETRIC_REPRESENTATION_ITEM()
RATIONAL_B_SPLINE_CURVE((1.,1.,1.,1.))
REPRESENTATION_ITEM('')
);
#1240=(
BOUNDED_CURVE()
B_SPLINE_CURVE(3,(#5284,#5285,#5286,#5287),.UNSPECIFIED.,.F.,.F.)
B_SPLINE_CURVE_WITH_KNOTS((4,4),(0.,1.),.UNSPECIFIED.)
CURVE()
GEOMETRIC_REPRESENTATION_ITEM()
RATIONAL_B_SPLINE_CURVE((1.,1.,1.,1.))
REPRESENTATION_ITEM('')
);
#1241=(
BOUNDED_CURVE()
B_SPLINE_CURVE(3,(#5289,#5290,#5291,#5292),.UNSPECIFIED.,.F.,.F.)
B_SPLINE_CURVE_WITH_KNOTS((4,4),(0.,1.),.UNSPECIFIED.)
CURVE()
GEOMETRIC_REPRESENTATION_ITEM()
RATIONAL_B_SPLINE_CURVE((1.,1.,1.,1.))
REPRESENTATION_ITEM('')
);
#1242=(
BOUNDED_CURVE()
B_SPLINE_CURVE(3,(#5294,#5295,#5296,#5297),.UNSPECIFIED.,.F.,.F.)
B_SPLINE_CURVE_WITH_KNOTS((4,4),(0.,1.),.UNSPECIFIED.)
CURVE()
GEOMETRIC_REPRESENTATION_ITEM()
RATIONAL_B_SPLINE_CURVE((1.,1.,1.,1.))
REPRESENTATION_ITEM('')
);
#1243=(
BOUNDED_CURVE()
B_SPLINE_CURVE(3,(#5299,#5300,#5301,#5302),.UNSPECIFIED.,.F.,.F.)
B_SPLINE_CURVE_WITH_KNOTS((4,4),(0.,1.),.UNSPECIFIED.)
CURVE()
GEOMETRIC_REPRESENTATION_ITEM()
RATIONAL_B_SPLINE_CURVE((1.,1.,1.,1.))
REPRESENTATION_ITEM('')
);
#1244=(
BOUNDED_CURVE()
B_SPLINE_CURVE(3,(#5304,#5305,#5306,#5307),.UNSPECIFIED.,.F.,.F.)
B_SPLINE_CURVE_WITH_KNOTS((4,4),(0.,1.),.UNSPECIFIED.)
CURVE()
GEOMETRIC_REPRESENTATION_ITEM()
RATIONAL_B_SPLINE_CURVE((1.,1.,1.,1.))
REPRESENTATION_ITEM('')
);
#1245=(
BOUNDED_CURVE()
B_SPLINE_CURVE(3,(#5309,#5310,#5311,#5312),.UNSPECIFIED.,.F.,.F.)
B_SPLINE_CURVE_WITH_KNOTS((4,4),(0.,0.800094825512115),.UNSPECIFIED.)
CURVE()
GEOMETRIC_REPRESENTATION_ITEM()
RATIONAL_B_SPLINE_CURVE((1.,1.,1.,1.))
REPRESENTATION_ITEM('')
);
#1246=(
BOUNDED_CURVE()
B_SPLINE_CURVE(3,(#5316,#5317,#5318,#5319),.UNSPECIFIED.,.F.,.F.)
B_SPLINE_CURVE_WITH_KNOTS((4,4),(0.251317204626015,1.),.UNSPECIFIED.)
CURVE()
GEOMETRIC_REPRESENTATION_ITEM()
RATIONAL_B_SPLINE_CURVE((1.,1.,1.,1.))
REPRESENTATION_ITEM('')
);
#1247=(
BOUNDED_CURVE()
B_SPLINE_CURVE(3,(#5321,#5322,#5323,#5324),.UNSPECIFIED.,.F.,.F.)
B_SPLINE_CURVE_WITH_KNOTS((4,4),(0.,1.),.UNSPECIFIED.)
CURVE()
GEOMETRIC_REPRESENTATION_ITEM()
RATIONAL_B_SPLINE_CURVE((1.,1.,1.,1.))
REPRESENTATION_ITEM('')
);
#1248=(
BOUNDED_CURVE()
B_SPLINE_CURVE(3,(#5326,#5327,#5328,#5329),.UNSPECIFIED.,.F.,.F.)
B_SPLINE_CURVE_WITH_KNOTS((4,4),(0.,1.),.UNSPECIFIED.)
CURVE()
GEOMETRIC_REPRESENTATION_ITEM()
RATIONAL_B_SPLINE_CURVE((1.,1.,1.,1.))
REPRESENTATION_ITEM('')
);
#1249=(
BOUNDED_CURVE()
B_SPLINE_CURVE(3,(#5331,#5332,#5333,#5334),.UNSPECIFIED.,.F.,.F.)
B_SPLINE_CURVE_WITH_KNOTS((4,4),(0.,1.),.UNSPECIFIED.)
CURVE()
GEOMETRIC_REPRESENTATION_ITEM()
RATIONAL_B_SPLINE_CURVE((1.,1.,1.,1.))
REPRESENTATION_ITEM('')
);
#1250=(
BOUNDED_CURVE()
B_SPLINE_CURVE(3,(#5336,#5337,#5338,#5339),.UNSPECIFIED.,.F.,.F.)
B_SPLINE_CURVE_WITH_KNOTS((4,4),(0.,1.),.UNSPECIFIED.)
CURVE()
GEOMETRIC_REPRESENTATION_ITEM()
RATIONAL_B_SPLINE_CURVE((1.,1.,1.,1.))
REPRESENTATION_ITEM('')
);
#1251=(
BOUNDED_CURVE()
B_SPLINE_CURVE(3,(#5341,#5342,#5343,#5344),.UNSPECIFIED.,.F.,.F.)
B_SPLINE_CURVE_WITH_KNOTS((4,4),(0.,1.),.UNSPECIFIED.)
CURVE()
GEOMETRIC_REPRESENTATION_ITEM()
RATIONAL_B_SPLINE_CURVE((1.,1.,1.,1.))
REPRESENTATION_ITEM('')
);
#1252=(
BOUNDED_CURVE()
B_SPLINE_CURVE(3,(#5346,#5347,#5348,#5349),.UNSPECIFIED.,.F.,.F.)
B_SPLINE_CURVE_WITH_KNOTS((4,4),(0.,1.),.UNSPECIFIED.)
CURVE()
GEOMETRIC_REPRESENTATION_ITEM()
RATIONAL_B_SPLINE_CURVE((1.,1.,1.,1.))
REPRESENTATION_ITEM('')
);
#1253=(
BOUNDED_CURVE()
B_SPLINE_CURVE(3,(#5351,#5352,#5353,#5354),.UNSPECIFIED.,.F.,.F.)
B_SPLINE_CURVE_WITH_KNOTS((4,4),(0.,1.),.UNSPECIFIED.)
CURVE()
GEOMETRIC_REPRESENTATION_ITEM()
RATIONAL_B_SPLINE_CURVE((1.,1.,1.,1.))
REPRESENTATION_ITEM('')
);
#1254=(
BOUNDED_CURVE()
B_SPLINE_CURVE(3,(#5356,#5357,#5358,#5359),.UNSPECIFIED.,.F.,.F.)
B_SPLINE_CURVE_WITH_KNOTS((4,4),(0.,1.),.UNSPECIFIED.)
CURVE()
GEOMETRIC_REPRESENTATION_ITEM()
RATIONAL_B_SPLINE_CURVE((1.,1.,1.,1.))
REPRESENTATION_ITEM('')
);
#1255=(
BOUNDED_CURVE()
B_SPLINE_CURVE(3,(#5361,#5362,#5363,#5364),.UNSPECIFIED.,.F.,.F.)
B_SPLINE_CURVE_WITH_KNOTS((4,4),(0.,1.),.UNSPECIFIED.)
CURVE()
GEOMETRIC_REPRESENTATION_ITEM()
RATIONAL_B_SPLINE_CURVE((1.,1.,1.,1.))
REPRESENTATION_ITEM('')
);
#1256=(
BOUNDED_CURVE()
B_SPLINE_CURVE(3,(#5366,#5367,#5368,#5369),.UNSPECIFIED.,.F.,.F.)
B_SPLINE_CURVE_WITH_KNOTS((4,4),(0.,1.),.UNSPECIFIED.)
CURVE()
GEOMETRIC_REPRESENTATION_ITEM()
RATIONAL_B_SPLINE_CURVE((1.,1.,1.,1.))
REPRESENTATION_ITEM('')
);
#1257=(
BOUNDED_CURVE()
B_SPLINE_CURVE(3,(#5371,#5372,#5373,#5374),.UNSPECIFIED.,.F.,.F.)
B_SPLINE_CURVE_WITH_KNOTS((4,4),(0.,0.57836691566917),.UNSPECIFIED.)
CURVE()
GEOMETRIC_REPRESENTATION_ITEM()
RATIONAL_B_SPLINE_CURVE((1.,1.,1.,1.))
REPRESENTATION_ITEM('')
);
#1258=(
BOUNDED_CURVE()
B_SPLINE_CURVE(3,(#5385,#5386,#5387,#5388),.UNSPECIFIED.,.F.,.F.)
B_SPLINE_CURVE_WITH_KNOTS((4,4),(0.57248988188932,1.),.UNSPECIFIED.)
CURVE()
GEOMETRIC_REPRESENTATION_ITEM()
RATIONAL_B_SPLINE_CURVE((1.,1.,1.,1.))
REPRESENTATION_ITEM('')
);
#1259=(
BOUNDED_CURVE()
B_SPLINE_CURVE(3,(#5394,#5395,#5396,#5397),.UNSPECIFIED.,.F.,.F.)
B_SPLINE_CURVE_WITH_KNOTS((4,4),(0.,0.809721077014783),.UNSPECIFIED.)
CURVE()
GEOMETRIC_REPRESENTATION_ITEM()
RATIONAL_B_SPLINE_CURVE((1.,1.,1.,1.))
REPRESENTATION_ITEM('')
);
#1260=(
BOUNDED_CURVE()
B_SPLINE_CURVE(3,(#5399,#5400,#5401,#5402),.UNSPECIFIED.,.F.,.F.)
B_SPLINE_CURVE_WITH_KNOTS((4,4),(0.00561205021485525,1.),.UNSPECIFIED.)
CURVE()
GEOMETRIC_REPRESENTATION_ITEM()
RATIONAL_B_SPLINE_CURVE((1.,1.,1.,1.))
REPRESENTATION_ITEM('')
);
#1261=(
BOUNDED_CURVE()
B_SPLINE_CURVE(3,(#5404,#5405,#5406,#5407),.UNSPECIFIED.,.F.,.F.)
B_SPLINE_CURVE_WITH_KNOTS((4,4),(0.990067373567344,1.),.UNSPECIFIED.)
CURVE()
GEOMETRIC_REPRESENTATION_ITEM()
RATIONAL_B_SPLINE_CURVE((1.,1.,1.,1.))
REPRESENTATION_ITEM('')
);
#1262=(
BOUNDED_CURVE()
B_SPLINE_CURVE(3,(#5408,#5409,#5410,#5411),.UNSPECIFIED.,.F.,.F.)
B_SPLINE_CURVE_WITH_KNOTS((4,4),(0.,0.00561205021485525),.UNSPECIFIED.)
CURVE()
GEOMETRIC_REPRESENTATION_ITEM()
RATIONAL_B_SPLINE_CURVE((1.,1.,1.,1.))
REPRESENTATION_ITEM('')
);
#1263=(
BOUNDED_CURVE()
B_SPLINE_CURVE(3,(#5413,#5414,#5415,#5416),.UNSPECIFIED.,.F.,.F.)
B_SPLINE_CURVE_WITH_KNOTS((4,4),(0.,0.990067373567344),.UNSPECIFIED.)
CURVE()
GEOMETRIC_REPRESENTATION_ITEM()
RATIONAL_B_SPLINE_CURVE((1.,1.,1.,1.))
REPRESENTATION_ITEM('')
);
#1264=(
BOUNDED_CURVE()
B_SPLINE_CURVE(3,(#5418,#5419,#5420,#5421),.UNSPECIFIED.,.F.,.F.)
B_SPLINE_CURVE_WITH_KNOTS((4,4),(0.,1.),.UNSPECIFIED.)
CURVE()
GEOMETRIC_REPRESENTATION_ITEM()
RATIONAL_B_SPLINE_CURVE((1.,1.,1.,1.))
REPRESENTATION_ITEM('')
);
#1265=(
BOUNDED_CURVE()
B_SPLINE_CURVE(3,(#5423,#5424,#5425,#5426),.UNSPECIFIED.,.F.,.F.)
B_SPLINE_CURVE_WITH_KNOTS((4,4),(0.,1.),.UNSPECIFIED.)
CURVE()
GEOMETRIC_REPRESENTATION_ITEM()
RATIONAL_B_SPLINE_CURVE((1.,1.,1.,1.))
REPRESENTATION_ITEM('')
);
#1266=(
BOUNDED_CURVE()
B_SPLINE_CURVE(3,(#5428,#5429,#5430,#5431),.UNSPECIFIED.,.F.,.F.)
B_SPLINE_CURVE_WITH_KNOTS((4,4),(0.623405627118332,1.),.UNSPECIFIED.)
CURVE()
GEOMETRIC_REPRESENTATION_ITEM()
RATIONAL_B_SPLINE_CURVE((1.,1.,1.,1.))
REPRESENTATION_ITEM('')
);
#1267=(
BOUNDED_CURVE()
B_SPLINE_CURVE(3,(#5437,#5438,#5439,#5440),.UNSPECIFIED.,.F.,.F.)
B_SPLINE_CURVE_WITH_KNOTS((4,4),(0.885696865343369,1.),.UNSPECIFIED.)
CURVE()
GEOMETRIC_REPRESENTATION_ITEM()
RATIONAL_B_SPLINE_CURVE((1.,1.,1.,1.))
REPRESENTATION_ITEM('')
);
#1268=(
BOUNDED_CURVE()
B_SPLINE_CURVE(3,(#5442,#5443,#5444,#5445),.UNSPECIFIED.,.F.,.F.)
B_SPLINE_CURVE_WITH_KNOTS((4,4),(0.,1.),.UNSPECIFIED.)
CURVE()
GEOMETRIC_REPRESENTATION_ITEM()
RATIONAL_B_SPLINE_CURVE((1.,1.,1.,1.))
REPRESENTATION_ITEM('')
);
#1269=(
BOUNDED_CURVE()
B_SPLINE_CURVE(3,(#5447,#5448,#5449,#5450),.UNSPECIFIED.,.F.,.F.)
B_SPLINE_CURVE_WITH_KNOTS((4,4),(0.,1.),.UNSPECIFIED.)
CURVE()
GEOMETRIC_REPRESENTATION_ITEM()
RATIONAL_B_SPLINE_CURVE((1.,1.,1.,1.))
REPRESENTATION_ITEM('')
);
#1270=(
BOUNDED_CURVE()
B_SPLINE_CURVE(3,(#5452,#5453,#5454,#5455),.UNSPECIFIED.,.F.,.F.)
B_SPLINE_CURVE_WITH_KNOTS((4,4),(0.,0.00379147316647489),.UNSPECIFIED.)
CURVE()
GEOMETRIC_REPRESENTATION_ITEM()
RATIONAL_B_SPLINE_CURVE((1.,1.,1.,1.))
REPRESENTATION_ITEM('')
);
#1271=(
BOUNDED_CURVE()
B_SPLINE_CURVE(3,(#5461,#5462,#5463,#5464),.UNSPECIFIED.,.F.,.F.)
B_SPLINE_CURVE_WITH_KNOTS((4,4),(0.439575769939926,0.55677460970876),
 .UNSPECIFIED.)
CURVE()
GEOMETRIC_REPRESENTATION_ITEM()
RATIONAL_B_SPLINE_CURVE((1.,1.,1.,1.))
REPRESENTATION_ITEM('')
);
#1272=(
BOUNDED_CURVE()
B_SPLINE_CURVE(3,(#5472,#5473,#5474,#5475),.UNSPECIFIED.,.F.,.F.)
B_SPLINE_CURVE_WITH_KNOTS((4,4),(0.36117521039381,0.738437431889152),
 .UNSPECIFIED.)
CURVE()
GEOMETRIC_REPRESENTATION_ITEM()
RATIONAL_B_SPLINE_CURVE((1.,1.,1.,1.))
REPRESENTATION_ITEM('')
);
#1273=(
BOUNDED_CURVE()
B_SPLINE_CURVE(3,(#5481,#5482,#5483,#5484),.UNSPECIFIED.,.F.,.F.)
B_SPLINE_CURVE_WITH_KNOTS((4,4),(0.26923699529967,1.),.UNSPECIFIED.)
CURVE()
GEOMETRIC_REPRESENTATION_ITEM()
RATIONAL_B_SPLINE_CURVE((1.,1.,1.,1.))
REPRESENTATION_ITEM('')
);
#1274=(
BOUNDED_CURVE()
B_SPLINE_CURVE(3,(#5490,#5491,#5492,#5493),.UNSPECIFIED.,.F.,.F.)
B_SPLINE_CURVE_WITH_KNOTS((4,4),(0.,1.),.UNSPECIFIED.)
CURVE()
GEOMETRIC_REPRESENTATION_ITEM()
RATIONAL_B_SPLINE_CURVE((1.,1.,1.,1.))
REPRESENTATION_ITEM('')
);
#1275=(
BOUNDED_CURVE()
B_SPLINE_CURVE(3,(#5495,#5496,#5497,#5498),.UNSPECIFIED.,.F.,.F.)
B_SPLINE_CURVE_WITH_KNOTS((4,4),(0.,1.),.UNSPECIFIED.)
CURVE()
GEOMETRIC_REPRESENTATION_ITEM()
RATIONAL_B_SPLINE_CURVE((1.,1.,1.,1.))
REPRESENTATION_ITEM('')
);
#1276=(
BOUNDED_CURVE()
B_SPLINE_CURVE(3,(#5500,#5501,#5502,#5503),.UNSPECIFIED.,.F.,.F.)
B_SPLINE_CURVE_WITH_KNOTS((4,4),(0.,0.749164812391899),.UNSPECIFIED.)
CURVE()
GEOMETRIC_REPRESENTATION_ITEM()
RATIONAL_B_SPLINE_CURVE((1.,1.,1.,1.))
REPRESENTATION_ITEM('')
);
#1277=(
BOUNDED_CURVE()
B_SPLINE_CURVE(3,(#5507,#5508,#5509,#5510),.UNSPECIFIED.,.F.,.F.)
B_SPLINE_CURVE_WITH_KNOTS((4,4),(0.32926933191547,1.),.UNSPECIFIED.)
CURVE()
GEOMETRIC_REPRESENTATION_ITEM()
RATIONAL_B_SPLINE_CURVE((1.,1.,1.,1.))
REPRESENTATION_ITEM('')
);
#1278=(
BOUNDED_CURVE()
B_SPLINE_CURVE(3,(#5512,#5513,#5514,#5515),.UNSPECIFIED.,.F.,.F.)
B_SPLINE_CURVE_WITH_KNOTS((4,4),(0.,1.),.UNSPECIFIED.)
CURVE()
GEOMETRIC_REPRESENTATION_ITEM()
RATIONAL_B_SPLINE_CURVE((1.,1.,1.,1.))
REPRESENTATION_ITEM('')
);
#1279=(
BOUNDED_CURVE()
B_SPLINE_CURVE(3,(#5517,#5518,#5519,#5520),.UNSPECIFIED.,.F.,.F.)
B_SPLINE_CURVE_WITH_KNOTS((4,4),(0.,1.),.UNSPECIFIED.)
CURVE()
GEOMETRIC_REPRESENTATION_ITEM()
RATIONAL_B_SPLINE_CURVE((1.,1.,1.,1.))
REPRESENTATION_ITEM('')
);
#1280=(
BOUNDED_CURVE()
B_SPLINE_CURVE(3,(#5526,#5527,#5528,#5529),.UNSPECIFIED.,.F.,.F.)
B_SPLINE_CURVE_WITH_KNOTS((4,4),(0.,1.),.UNSPECIFIED.)
CURVE()
GEOMETRIC_REPRESENTATION_ITEM()
RATIONAL_B_SPLINE_CURVE((1.,1.,1.,1.))
REPRESENTATION_ITEM('')
);
#1281=(
BOUNDED_CURVE()
B_SPLINE_CURVE(3,(#5531,#5532,#5533,#5534),.UNSPECIFIED.,.F.,.F.)
B_SPLINE_CURVE_WITH_KNOTS((4,4),(0.,1.),.UNSPECIFIED.)
CURVE()
GEOMETRIC_REPRESENTATION_ITEM()
RATIONAL_B_SPLINE_CURVE((1.,1.,1.,1.))
REPRESENTATION_ITEM('')
);
#1282=(
BOUNDED_CURVE()
B_SPLINE_CURVE(3,(#5536,#5537,#5538,#5539),.UNSPECIFIED.,.F.,.F.)
B_SPLINE_CURVE_WITH_KNOTS((4,4),(0.,0.0256577693836247),.UNSPECIFIED.)
CURVE()
GEOMETRIC_REPRESENTATION_ITEM()
RATIONAL_B_SPLINE_CURVE((1.,1.,1.,1.))
REPRESENTATION_ITEM('')
);
#1283=(
BOUNDED_CURVE()
B_SPLINE_CURVE(3,(#5543,#5544,#5545,#5546),.UNSPECIFIED.,.F.,.F.)
B_SPLINE_CURVE_WITH_KNOTS((4,4),(0.186356440505873,0.62133383904944),
 .UNSPECIFIED.)
CURVE()
GEOMETRIC_REPRESENTATION_ITEM()
RATIONAL_B_SPLINE_CURVE((1.,1.,1.,1.))
REPRESENTATION_ITEM('')
);
#1284=(
BOUNDED_CURVE()
B_SPLINE_CURVE(3,(#5559,#5560,#5561,#5562),.UNSPECIFIED.,.F.,.F.)
B_SPLINE_CURVE_WITH_KNOTS((4,4),(0.,0.18233124008802),.UNSPECIFIED.)
CURVE()
GEOMETRIC_REPRESENTATION_ITEM()
RATIONAL_B_SPLINE_CURVE((1.,1.,1.,1.))
REPRESENTATION_ITEM('')
);
#1285=(
BOUNDED_CURVE()
B_SPLINE_CURVE(3,(#5564,#5565,#5566,#5567),.UNSPECIFIED.,.F.,.F.)
B_SPLINE_CURVE_WITH_KNOTS((4,4),(0.,1.),.UNSPECIFIED.)
CURVE()
GEOMETRIC_REPRESENTATION_ITEM()
RATIONAL_B_SPLINE_CURVE((1.,1.,1.,1.))
REPRESENTATION_ITEM('')
);
#1286=(
BOUNDED_CURVE()
B_SPLINE_CURVE(3,(#5569,#5570,#5571,#5572),.UNSPECIFIED.,.F.,.F.)
B_SPLINE_CURVE_WITH_KNOTS((4,4),(0.,1.),.UNSPECIFIED.)
CURVE()
GEOMETRIC_REPRESENTATION_ITEM()
RATIONAL_B_SPLINE_CURVE((1.,1.,1.,1.))
REPRESENTATION_ITEM('')
);
#1287=(
BOUNDED_CURVE()
B_SPLINE_CURVE(3,(#5574,#5575,#5576,#5577),.UNSPECIFIED.,.F.,.F.)
B_SPLINE_CURVE_WITH_KNOTS((4,4),(0.466644121690409,1.),.UNSPECIFIED.)
CURVE()
GEOMETRIC_REPRESENTATION_ITEM()
RATIONAL_B_SPLINE_CURVE((1.,1.,1.,1.))
REPRESENTATION_ITEM('')
);
#1288=(
BOUNDED_CURVE()
B_SPLINE_CURVE(3,(#5581,#5582,#5583,#5584),.UNSPECIFIED.,.F.,.F.)
B_SPLINE_CURVE_WITH_KNOTS((4,4),(0.452780864132551,1.),.UNSPECIFIED.)
CURVE()
GEOMETRIC_REPRESENTATION_ITEM()
RATIONAL_B_SPLINE_CURVE((1.,1.,1.,1.))
REPRESENTATION_ITEM('')
);
#1289=(
BOUNDED_CURVE()
B_SPLINE_CURVE(3,(#5586,#5587,#5588,#5589),.UNSPECIFIED.,.F.,.F.)
B_SPLINE_CURVE_WITH_KNOTS((4,4),(0.,1.),.UNSPECIFIED.)
CURVE()
GEOMETRIC_REPRESENTATION_ITEM()
RATIONAL_B_SPLINE_CURVE((1.,1.,1.,1.))
REPRESENTATION_ITEM('')
);
#1290=(
BOUNDED_CURVE()
B_SPLINE_CURVE(3,(#5591,#5592,#5593,#5594),.UNSPECIFIED.,.F.,.F.)
B_SPLINE_CURVE_WITH_KNOTS((4,4),(0.,1.),.UNSPECIFIED.)
CURVE()
GEOMETRIC_REPRESENTATION_ITEM()
RATIONAL_B_SPLINE_CURVE((1.,1.,1.,1.))
REPRESENTATION_ITEM('')
);
#1291=(
BOUNDED_CURVE()
B_SPLINE_CURVE(3,(#5596,#5597,#5598,#5599),.UNSPECIFIED.,.F.,.F.)
B_SPLINE_CURVE_WITH_KNOTS((4,4),(0.,0.99006709384758),.UNSPECIFIED.)
CURVE()
GEOMETRIC_REPRESENTATION_ITEM()
RATIONAL_B_SPLINE_CURVE((1.,1.,1.,1.))
REPRESENTATION_ITEM('')
);
#1292=(
BOUNDED_CURVE()
B_SPLINE_CURVE(3,(#5601,#5602,#5603,#5604),.UNSPECIFIED.,.F.,.F.)
B_SPLINE_CURVE_WITH_KNOTS((4,4),(0.,0.00561220592151754),.UNSPECIFIED.)
CURVE()
GEOMETRIC_REPRESENTATION_ITEM()
RATIONAL_B_SPLINE_CURVE((1.,1.,1.,1.))
REPRESENTATION_ITEM('')
);
#1293=(
BOUNDED_CURVE()
B_SPLINE_CURVE(3,(#5605,#5606,#5607,#5608),.UNSPECIFIED.,.F.,.F.)
B_SPLINE_CURVE_WITH_KNOTS((4,4),(0.99006709384758,1.),.UNSPECIFIED.)
CURVE()
GEOMETRIC_REPRESENTATION_ITEM()
RATIONAL_B_SPLINE_CURVE((1.,1.,1.,1.))
REPRESENTATION_ITEM('')
);
#1294=(
BOUNDED_CURVE()
B_SPLINE_CURVE(3,(#5610,#5611,#5612,#5613),.UNSPECIFIED.,.F.,.F.)
B_SPLINE_CURVE_WITH_KNOTS((4,4),(0.00561220592151754,1.),.UNSPECIFIED.)
CURVE()
GEOMETRIC_REPRESENTATION_ITEM()
RATIONAL_B_SPLINE_CURVE((1.,1.,1.,1.))
REPRESENTATION_ITEM('')
);
#1295=(
BOUNDED_CURVE()
B_SPLINE_CURVE(3,(#5615,#5616,#5617,#5618),.UNSPECIFIED.,.F.,.F.)
B_SPLINE_CURVE_WITH_KNOTS((4,4),(0.,0.942901874446329),.UNSPECIFIED.)
CURVE()
GEOMETRIC_REPRESENTATION_ITEM()
RATIONAL_B_SPLINE_CURVE((1.,1.,1.,1.))
REPRESENTATION_ITEM('')
);
#1296=(
BOUNDED_CURVE()
B_SPLINE_CURVE(3,(#5626,#5627,#5628,#5629),.UNSPECIFIED.,.F.,.F.)
B_SPLINE_CURVE_WITH_KNOTS((4,4),(-0.426530374037141,0.),.UNSPECIFIED.)
CURVE()
GEOMETRIC_REPRESENTATION_ITEM()
RATIONAL_B_SPLINE_CURVE((1.,1.,1.,1.))
REPRESENTATION_ITEM('')
);
#1297=(
BOUNDED_CURVE()
B_SPLINE_CURVE(3,(#5630,#5631,#5632,#5633),.UNSPECIFIED.,.F.,.F.)
B_SPLINE_CURVE_WITH_KNOTS((4,4),(-1.,0.),.UNSPECIFIED.)
CURVE()
GEOMETRIC_REPRESENTATION_ITEM()
RATIONAL_B_SPLINE_CURVE((1.,1.,1.,1.))
REPRESENTATION_ITEM('')
);
#1298=(
BOUNDED_CURVE()
B_SPLINE_CURVE(3,(#5639,#5640,#5641,#5642),.UNSPECIFIED.,.F.,.F.)
B_SPLINE_CURVE_WITH_KNOTS((4,4),(0.609536360517183,1.),.UNSPECIFIED.)
CURVE()
GEOMETRIC_REPRESENTATION_ITEM()
RATIONAL_B_SPLINE_CURVE((1.,1.,1.,1.))
REPRESENTATION_ITEM('')
);
#1299=(
BOUNDED_CURVE()
B_SPLINE_CURVE(3,(#5643,#5644,#5645,#5646),.UNSPECIFIED.,.F.,.F.)
B_SPLINE_CURVE_WITH_KNOTS((4,4),(0.,1.),.UNSPECIFIED.)
CURVE()
GEOMETRIC_REPRESENTATION_ITEM()
RATIONAL_B_SPLINE_CURVE((1.,1.,1.,1.))
REPRESENTATION_ITEM('')
);
#1300=(
BOUNDED_CURVE()
B_SPLINE_CURVE(3,(#5651,#5652,#5653,#5654),.UNSPECIFIED.,.F.,.F.)
B_SPLINE_CURVE_WITH_KNOTS((4,4),(0.619003142850835,1.),.UNSPECIFIED.)
CURVE()
GEOMETRIC_REPRESENTATION_ITEM()
RATIONAL_B_SPLINE_CURVE((1.,1.,1.,1.))
REPRESENTATION_ITEM('')
);
#1301=(
BOUNDED_CURVE()
B_SPLINE_CURVE(3,(#5659,#5660,#5661,#5662),.UNSPECIFIED.,.F.,.F.)
B_SPLINE_CURVE_WITH_KNOTS((4,4),(-1.,0.),.UNSPECIFIED.)
CURVE()
GEOMETRIC_REPRESENTATION_ITEM()
RATIONAL_B_SPLINE_CURVE((1.,1.,1.,1.))
REPRESENTATION_ITEM('')
);
#1302=(
BOUNDED_CURVE()
B_SPLINE_CURVE(3,(#5664,#5665,#5666,#5667),.UNSPECIFIED.,.F.,.F.)
B_SPLINE_CURVE_WITH_KNOTS((4,4),(-1.,0.),.UNSPECIFIED.)
CURVE()
GEOMETRIC_REPRESENTATION_ITEM()
RATIONAL_B_SPLINE_CURVE((1.,1.,1.,1.))
REPRESENTATION_ITEM('')
);
#1303=(
BOUNDED_CURVE()
B_SPLINE_CURVE(3,(#5668,#5669,#5670,#5671),.UNSPECIFIED.,.F.,.F.)
B_SPLINE_CURVE_WITH_KNOTS((4,4),(-1.,0.),.UNSPECIFIED.)
CURVE()
GEOMETRIC_REPRESENTATION_ITEM()
RATIONAL_B_SPLINE_CURVE((1.,1.,1.,1.))
REPRESENTATION_ITEM('')
);
#1304=(
BOUNDED_CURVE()
B_SPLINE_CURVE(3,(#5678,#5679,#5680,#5681),.UNSPECIFIED.,.F.,.F.)
B_SPLINE_CURVE_WITH_KNOTS((4,4),(0.,1.),.UNSPECIFIED.)
CURVE()
GEOMETRIC_REPRESENTATION_ITEM()
RATIONAL_B_SPLINE_CURVE((1.,1.,1.,1.))
REPRESENTATION_ITEM('')
);
#1305=(
BOUNDED_CURVE()
B_SPLINE_CURVE(3,(#5683,#5684,#5685,#5686),.UNSPECIFIED.,.F.,.F.)
B_SPLINE_CURVE_WITH_KNOTS((4,4),(0.,1.),.UNSPECIFIED.)
CURVE()
GEOMETRIC_REPRESENTATION_ITEM()
RATIONAL_B_SPLINE_CURVE((1.,1.,1.,1.))
REPRESENTATION_ITEM('')
);
#1306=(
BOUNDED_CURVE()
B_SPLINE_CURVE(3,(#5687,#5688,#5689,#5690),.UNSPECIFIED.,.F.,.F.)
B_SPLINE_CURVE_WITH_KNOTS((4,4),(0.,1.),.UNSPECIFIED.)
CURVE()
GEOMETRIC_REPRESENTATION_ITEM()
RATIONAL_B_SPLINE_CURVE((1.,1.,1.,1.))
REPRESENTATION_ITEM('')
);
#1307=(
BOUNDED_CURVE()
B_SPLINE_CURVE(3,(#5696,#5697,#5698,#5699),.UNSPECIFIED.,.F.,.F.)
B_SPLINE_CURVE_WITH_KNOTS((4,4),(0.452383153757442,0.685522945825532),
 .UNSPECIFIED.)
CURVE()
GEOMETRIC_REPRESENTATION_ITEM()
RATIONAL_B_SPLINE_CURVE((1.,1.,1.,1.))
REPRESENTATION_ITEM('')
);
#1308=(
BOUNDED_CURVE()
B_SPLINE_CURVE(3,(#5718,#5719,#5720,#5721),.UNSPECIFIED.,.F.,.F.)
B_SPLINE_CURVE_WITH_KNOTS((4,4),(-0.00379147316647402,0.),.UNSPECIFIED.)
CURVE()
GEOMETRIC_REPRESENTATION_ITEM()
RATIONAL_B_SPLINE_CURVE((1.,1.,1.,1.))
REPRESENTATION_ITEM('')
);
#1309=(
BOUNDED_CURVE()
B_SPLINE_CURVE(3,(#5744,#5745,#5746,#5747),.UNSPECIFIED.,.F.,.F.)
B_SPLINE_CURVE_WITH_KNOTS((4,4),(-0.556774609710418,-0.439575769939934),
 .UNSPECIFIED.)
CURVE()
GEOMETRIC_REPRESENTATION_ITEM()
RATIONAL_B_SPLINE_CURVE((1.,1.,1.,1.))
REPRESENTATION_ITEM('')
);
#1310=(
BOUNDED_CURVE()
B_SPLINE_CURVE(3,(#5759,#5760,#5761,#5762),.UNSPECIFIED.,.F.,.F.)
B_SPLINE_CURVE_WITH_KNOTS((4,4),(0.,1.),.UNSPECIFIED.)
CURVE()
GEOMETRIC_REPRESENTATION_ITEM()
RATIONAL_B_SPLINE_CURVE((1.,1.,1.,1.))
REPRESENTATION_ITEM('')
);
#1311=(
BOUNDED_CURVE()
B_SPLINE_CURVE(3,(#5774,#5775,#5776,#5777),.UNSPECIFIED.,.F.,.F.)
B_SPLINE_CURVE_WITH_KNOTS((4,4),(0.,1.),.UNSPECIFIED.)
CURVE()
GEOMETRIC_REPRESENTATION_ITEM()
RATIONAL_B_SPLINE_CURVE((1.,1.,1.,1.))
REPRESENTATION_ITEM('')
);
#1312=(
BOUNDED_CURVE()
B_SPLINE_CURVE(3,(#5786,#5787,#5788,#5789),.UNSPECIFIED.,.F.,.F.)
B_SPLINE_CURVE_WITH_KNOTS((4,4),(0.,1.),.UNSPECIFIED.)
CURVE()
GEOMETRIC_REPRESENTATION_ITEM()
RATIONAL_B_SPLINE_CURVE((1.,1.,1.,1.))
REPRESENTATION_ITEM('')
);
#1313=(
BOUNDED_CURVE()
B_SPLINE_CURVE(3,(#5801,#5802,#5803,#5804),.UNSPECIFIED.,.F.,.F.)
B_SPLINE_CURVE_WITH_KNOTS((4,4),(-1.,0.),.UNSPECIFIED.)
CURVE()
GEOMETRIC_REPRESENTATION_ITEM()
RATIONAL_B_SPLINE_CURVE((1.,1.,1.,1.))
REPRESENTATION_ITEM('')
);
#1314=(
BOUNDED_CURVE()
B_SPLINE_CURVE(3,(#5816,#5817,#5818,#5819),.UNSPECIFIED.,.F.,.F.)
B_SPLINE_CURVE_WITH_KNOTS((4,4),(-1.,0.),.UNSPECIFIED.)
CURVE()
GEOMETRIC_REPRESENTATION_ITEM()
RATIONAL_B_SPLINE_CURVE((1.,1.,1.,1.))
REPRESENTATION_ITEM('')
);
#1315=(
BOUNDED_CURVE()
B_SPLINE_CURVE(3,(#5828,#5829,#5830,#5831),.UNSPECIFIED.,.F.,.F.)
B_SPLINE_CURVE_WITH_KNOTS((4,4),(-1.,0.),.UNSPECIFIED.)
CURVE()
GEOMETRIC_REPRESENTATION_ITEM()
RATIONAL_B_SPLINE_CURVE((1.,1.,1.,1.))
REPRESENTATION_ITEM('')
);
#1316=(
BOUNDED_CURVE()
B_SPLINE_CURVE(3,(#5842,#5843,#5844,#5845),.UNSPECIFIED.,.F.,.F.)
B_SPLINE_CURVE_WITH_KNOTS((4,4),(0.,1.),.UNSPECIFIED.)
CURVE()
GEOMETRIC_REPRESENTATION_ITEM()
RATIONAL_B_SPLINE_CURVE((1.,1.,1.,1.))
REPRESENTATION_ITEM('')
);
#1317=(
BOUNDED_CURVE()
B_SPLINE_CURVE(3,(#5861,#5862,#5863,#5864),.UNSPECIFIED.,.F.,.F.)
B_SPLINE_CURVE_WITH_KNOTS((4,4),(0.,0.426530374037142),.UNSPECIFIED.)
CURVE()
GEOMETRIC_REPRESENTATION_ITEM()
RATIONAL_B_SPLINE_CURVE((1.,1.,1.,1.))
REPRESENTATION_ITEM('')
);
#1318=(
BOUNDED_CURVE()
B_SPLINE_CURVE(3,(#5876,#5877,#5878,#5879),.UNSPECIFIED.,.F.,.F.)
B_SPLINE_CURVE_WITH_KNOTS((4,4),(0.623405627118332,1.),.UNSPECIFIED.)
CURVE()
GEOMETRIC_REPRESENTATION_ITEM()
RATIONAL_B_SPLINE_CURVE((1.,1.,1.,1.))
REPRESENTATION_ITEM('')
);
#1319=(
BOUNDED_CURVE()
B_SPLINE_CURVE(3,(#5891,#5892,#5893,#5894),.UNSPECIFIED.,.F.,.F.)
B_SPLINE_CURVE_WITH_KNOTS((4,4),(0.,1.),.UNSPECIFIED.)
CURVE()
GEOMETRIC_REPRESENTATION_ITEM()
RATIONAL_B_SPLINE_CURVE((1.,1.,1.,1.))
REPRESENTATION_ITEM('')
);
#1320=(
BOUNDED_CURVE()
B_SPLINE_CURVE(3,(#5905,#5906,#5907,#5908),.UNSPECIFIED.,.F.,.F.)
B_SPLINE_CURVE_WITH_KNOTS((4,4),(0.,1.),.UNSPECIFIED.)
CURVE()
GEOMETRIC_REPRESENTATION_ITEM()
RATIONAL_B_SPLINE_CURVE((1.,1.,1.,1.))
REPRESENTATION_ITEM('')
);
#1321=(
BOUNDED_CURVE()
B_SPLINE_CURVE(3,(#5919,#5920,#5921,#5922),.UNSPECIFIED.,.F.,.F.)
B_SPLINE_CURVE_WITH_KNOTS((4,4),(0.,0.990067373567344),.UNSPECIFIED.)
CURVE()
GEOMETRIC_REPRESENTATION_ITEM()
RATIONAL_B_SPLINE_CURVE((1.,1.,1.,1.))
REPRESENTATION_ITEM('')
);
#1322=(
BOUNDED_CURVE()
B_SPLINE_CURVE(3,(#5933,#5934,#5935,#5936),.UNSPECIFIED.,.F.,.F.)
B_SPLINE_CURVE_WITH_KNOTS((4,4),(-0.00561205021485525,0.),.UNSPECIFIED.)
CURVE()
GEOMETRIC_REPRESENTATION_ITEM()
RATIONAL_B_SPLINE_CURVE((1.,1.,1.,1.))
REPRESENTATION_ITEM('')
);
#1323=(
BOUNDED_CURVE()
B_SPLINE_CURVE(3,(#5946,#5947,#5948,#5949),.UNSPECIFIED.,.F.,.F.)
B_SPLINE_CURVE_WITH_KNOTS((4,4),(-1.,-0.990067373570253),.UNSPECIFIED.)
CURVE()
GEOMETRIC_REPRESENTATION_ITEM()
RATIONAL_B_SPLINE_CURVE((1.,1.,1.,1.))
REPRESENTATION_ITEM('')
);
#1324=(
BOUNDED_CURVE()
B_SPLINE_CURVE(3,(#5960,#5961,#5962,#5963),.UNSPECIFIED.,.F.,.F.)
B_SPLINE_CURVE_WITH_KNOTS((4,4),(0.00561205021485525,1.),.UNSPECIFIED.)
CURVE()
GEOMETRIC_REPRESENTATION_ITEM()
RATIONAL_B_SPLINE_CURVE((1.,1.,1.,1.))
REPRESENTATION_ITEM('')
);
#1325=(
BOUNDED_CURVE()
B_SPLINE_CURVE(3,(#5974,#5975,#5976,#5977),.UNSPECIFIED.,.F.,.F.)
B_SPLINE_CURVE_WITH_KNOTS((4,4),(0.,0.809721077014782),.UNSPECIFIED.)
CURVE()
GEOMETRIC_REPRESENTATION_ITEM()
RATIONAL_B_SPLINE_CURVE((1.,1.,1.,1.))
REPRESENTATION_ITEM('')
);
#1326=(
BOUNDED_CURVE()
B_SPLINE_CURVE(3,(#5993,#5994,#5995,#5996),.UNSPECIFIED.,.F.,.F.)
B_SPLINE_CURVE_WITH_KNOTS((4,4),(-1.,-0.572489881889321),.UNSPECIFIED.)
CURVE()
GEOMETRIC_REPRESENTATION_ITEM()
RATIONAL_B_SPLINE_CURVE((1.,1.,1.,1.))
REPRESENTATION_ITEM('')
);
#1327=(
BOUNDED_CURVE()
B_SPLINE_CURVE(3,(#6013,#6014,#6015,#6016),.UNSPECIFIED.,.F.,.F.)
B_SPLINE_CURVE_WITH_KNOTS((4,4),(0.452383153757442,0.685522945825531),
 .UNSPECIFIED.)
CURVE()
GEOMETRIC_REPRESENTATION_ITEM()
RATIONAL_B_SPLINE_CURVE((1.,1.,1.,1.))
REPRESENTATION_ITEM('')
);
#1328=(
BOUNDED_CURVE()
B_SPLINE_CURVE(3,(#6034,#6035,#6036,#6037),.UNSPECIFIED.,.F.,.F.)
B_SPLINE_CURVE_WITH_KNOTS((4,4),(-0.578366915669042,0.),.UNSPECIFIED.)
CURVE()
GEOMETRIC_REPRESENTATION_ITEM()
RATIONAL_B_SPLINE_CURVE((1.,1.,1.,1.))
REPRESENTATION_ITEM('')
);
#1329=(
BOUNDED_CURVE()
B_SPLINE_CURVE(3,(#6049,#6050,#6051,#6052),.UNSPECIFIED.,.F.,.F.)
B_SPLINE_CURVE_WITH_KNOTS((4,4),(-1.,0.),.UNSPECIFIED.)
CURVE()
GEOMETRIC_REPRESENTATION_ITEM()
RATIONAL_B_SPLINE_CURVE((1.,1.,1.,1.))
REPRESENTATION_ITEM('')
);
#1330=(
BOUNDED_CURVE()
B_SPLINE_CURVE(3,(#6063,#6064,#6065,#6066),.UNSPECIFIED.,.F.,.F.)
B_SPLINE_CURVE_WITH_KNOTS((4,4),(-1.,0.),.UNSPECIFIED.)
CURVE()
GEOMETRIC_REPRESENTATION_ITEM()
RATIONAL_B_SPLINE_CURVE((1.,1.,1.,1.))
REPRESENTATION_ITEM('')
);
#1331=(
BOUNDED_CURVE()
B_SPLINE_CURVE(3,(#6077,#6078,#6079,#6080),.UNSPECIFIED.,.F.,.F.)
B_SPLINE_CURVE_WITH_KNOTS((4,4),(-1.,0.),.UNSPECIFIED.)
CURVE()
GEOMETRIC_REPRESENTATION_ITEM()
RATIONAL_B_SPLINE_CURVE((1.,1.,1.,1.))
REPRESENTATION_ITEM('')
);
#1332=(
BOUNDED_CURVE()
B_SPLINE_CURVE(3,(#6091,#6092,#6093,#6094),.UNSPECIFIED.,.F.,.F.)
B_SPLINE_CURVE_WITH_KNOTS((4,4),(-1.,0.),.UNSPECIFIED.)
CURVE()
GEOMETRIC_REPRESENTATION_ITEM()
RATIONAL_B_SPLINE_CURVE((1.,1.,1.,1.))
REPRESENTATION_ITEM('')
);
#1333=(
BOUNDED_CURVE()
B_SPLINE_CURVE(3,(#6105,#6106,#6107,#6108),.UNSPECIFIED.,.F.,.F.)
B_SPLINE_CURVE_WITH_KNOTS((4,4),(-1.,0.),.UNSPECIFIED.)
CURVE()
GEOMETRIC_REPRESENTATION_ITEM()
RATIONAL_B_SPLINE_CURVE((1.,1.,1.,1.))
REPRESENTATION_ITEM('')
);
#1334=(
BOUNDED_CURVE()
B_SPLINE_CURVE(3,(#6119,#6120,#6121,#6122),.UNSPECIFIED.,.F.,.F.)
B_SPLINE_CURVE_WITH_KNOTS((4,4),(-1.,0.),.UNSPECIFIED.)
CURVE()
GEOMETRIC_REPRESENTATION_ITEM()
RATIONAL_B_SPLINE_CURVE((1.,1.,1.,1.))
REPRESENTATION_ITEM('')
);
#1335=(
BOUNDED_CURVE()
B_SPLINE_CURVE(3,(#6133,#6134,#6135,#6136),.UNSPECIFIED.,.F.,.F.)
B_SPLINE_CURVE_WITH_KNOTS((4,4),(-1.,0.),.UNSPECIFIED.)
CURVE()
GEOMETRIC_REPRESENTATION_ITEM()
RATIONAL_B_SPLINE_CURVE((1.,1.,1.,1.))
REPRESENTATION_ITEM('')
);
#1336=(
BOUNDED_CURVE()
B_SPLINE_CURVE(3,(#6147,#6148,#6149,#6150),.UNSPECIFIED.,.F.,.F.)
B_SPLINE_CURVE_WITH_KNOTS((4,4),(-1.,0.),.UNSPECIFIED.)
CURVE()
GEOMETRIC_REPRESENTATION_ITEM()
RATIONAL_B_SPLINE_CURVE((1.,1.,1.,1.))
REPRESENTATION_ITEM('')
);
#1337=(
BOUNDED_CURVE()
B_SPLINE_CURVE(3,(#6161,#6162,#6163,#6164),.UNSPECIFIED.,.F.,.F.)
B_SPLINE_CURVE_WITH_KNOTS((4,4),(-1.,0.),.UNSPECIFIED.)
CURVE()
GEOMETRIC_REPRESENTATION_ITEM()
RATIONAL_B_SPLINE_CURVE((1.,1.,1.,1.))
REPRESENTATION_ITEM('')
);
#1338=(
BOUNDED_CURVE()
B_SPLINE_CURVE(3,(#6175,#6176,#6177,#6178),.UNSPECIFIED.,.F.,.F.)
B_SPLINE_CURVE_WITH_KNOTS((4,4),(-1.,0.),.UNSPECIFIED.)
CURVE()
GEOMETRIC_REPRESENTATION_ITEM()
RATIONAL_B_SPLINE_CURVE((1.,1.,1.,1.))
REPRESENTATION_ITEM('')
);
#1339=(
BOUNDED_CURVE()
B_SPLINE_CURVE(3,(#6189,#6190,#6191,#6192),.UNSPECIFIED.,.F.,.F.)
B_SPLINE_CURVE_WITH_KNOTS((4,4),(-1.,-0.251317204626015),.UNSPECIFIED.)
CURVE()
GEOMETRIC_REPRESENTATION_ITEM()
RATIONAL_B_SPLINE_CURVE((1.,1.,1.,1.))
REPRESENTATION_ITEM('')
);
#1340=(
BOUNDED_CURVE()
B_SPLINE_CURVE(3,(#6204,#6205,#6206,#6207),.UNSPECIFIED.,.F.,.F.)
B_SPLINE_CURVE_WITH_KNOTS((4,4),(-0.800094825512113,0.),.UNSPECIFIED.)
CURVE()
GEOMETRIC_REPRESENTATION_ITEM()
RATIONAL_B_SPLINE_CURVE((1.,1.,1.,1.))
REPRESENTATION_ITEM('')
);
#1341=(
BOUNDED_CURVE()
B_SPLINE_CURVE(3,(#6219,#6220,#6221,#6222),.UNSPECIFIED.,.F.,.F.)
B_SPLINE_CURVE_WITH_KNOTS((4,4),(-1.,0.),.UNSPECIFIED.)
CURVE()
GEOMETRIC_REPRESENTATION_ITEM()
RATIONAL_B_SPLINE_CURVE((1.,1.,1.,1.))
REPRESENTATION_ITEM('')
);
#1342=(
BOUNDED_CURVE()
B_SPLINE_CURVE(3,(#6233,#6234,#6235,#6236),.UNSPECIFIED.,.F.,.F.)
B_SPLINE_CURVE_WITH_KNOTS((4,4),(-1.,0.),.UNSPECIFIED.)
CURVE()
GEOMETRIC_REPRESENTATION_ITEM()
RATIONAL_B_SPLINE_CURVE((1.,1.,1.,1.))
REPRESENTATION_ITEM('')
);
#1343=(
BOUNDED_CURVE()
B_SPLINE_CURVE(3,(#6247,#6248,#6249,#6250),.UNSPECIFIED.,.F.,.F.)
B_SPLINE_CURVE_WITH_KNOTS((4,4),(-1.,0.),.UNSPECIFIED.)
CURVE()
GEOMETRIC_REPRESENTATION_ITEM()
RATIONAL_B_SPLINE_CURVE((1.,1.,1.,1.))
REPRESENTATION_ITEM('')
);
#1344=(
BOUNDED_CURVE()
B_SPLINE_CURVE(3,(#6261,#6262,#6263,#6264),.UNSPECIFIED.,.F.,.F.)
B_SPLINE_CURVE_WITH_KNOTS((4,4),(-1.,0.),.UNSPECIFIED.)
CURVE()
GEOMETRIC_REPRESENTATION_ITEM()
RATIONAL_B_SPLINE_CURVE((1.,1.,1.,1.))
REPRESENTATION_ITEM('')
);
#1345=(
BOUNDED_CURVE()
B_SPLINE_CURVE(3,(#6275,#6276,#6277,#6278),.UNSPECIFIED.,.F.,.F.)
B_SPLINE_CURVE_WITH_KNOTS((4,4),(-1.,0.),.UNSPECIFIED.)
CURVE()
GEOMETRIC_REPRESENTATION_ITEM()
RATIONAL_B_SPLINE_CURVE((1.,1.,1.,1.))
REPRESENTATION_ITEM('')
);
#1346=(
BOUNDED_CURVE()
B_SPLINE_CURVE(3,(#6289,#6290,#6291,#6292),.UNSPECIFIED.,.F.,.F.)
B_SPLINE_CURVE_WITH_KNOTS((4,4),(-1.,0.),.UNSPECIFIED.)
CURVE()
GEOMETRIC_REPRESENTATION_ITEM()
RATIONAL_B_SPLINE_CURVE((1.,1.,1.,1.))
REPRESENTATION_ITEM('')
);
#1347=(
BOUNDED_CURVE()
B_SPLINE_CURVE(3,(#6303,#6304,#6305,#6306),.UNSPECIFIED.,.F.,.F.)
B_SPLINE_CURVE_WITH_KNOTS((4,4),(-1.,0.),.UNSPECIFIED.)
CURVE()
GEOMETRIC_REPRESENTATION_ITEM()
RATIONAL_B_SPLINE_CURVE((1.,1.,1.,1.))
REPRESENTATION_ITEM('')
);
#1348=(
BOUNDED_CURVE()
B_SPLINE_CURVE(3,(#6317,#6318,#6319,#6320),.UNSPECIFIED.,.F.,.F.)
B_SPLINE_CURVE_WITH_KNOTS((4,4),(-1.,0.),.UNSPECIFIED.)
CURVE()
GEOMETRIC_REPRESENTATION_ITEM()
RATIONAL_B_SPLINE_CURVE((1.,1.,1.,1.))
REPRESENTATION_ITEM('')
);
#1349=(
BOUNDED_CURVE()
B_SPLINE_CURVE(3,(#6331,#6332,#6333,#6334),.UNSPECIFIED.,.F.,.F.)
B_SPLINE_CURVE_WITH_KNOTS((4,4),(-1.,0.),.UNSPECIFIED.)
CURVE()
GEOMETRIC_REPRESENTATION_ITEM()
RATIONAL_B_SPLINE_CURVE((1.,1.,1.,1.))
REPRESENTATION_ITEM('')
);
#1350=(
BOUNDED_CURVE()
B_SPLINE_CURVE(3,(#6345,#6346,#6347,#6348),.UNSPECIFIED.,.F.,.F.)
B_SPLINE_CURVE_WITH_KNOTS((4,4),(-1.,-0.269148700422802),.UNSPECIFIED.)
CURVE()
GEOMETRIC_REPRESENTATION_ITEM()
RATIONAL_B_SPLINE_CURVE((1.,1.,1.,1.))
REPRESENTATION_ITEM('')
);
#1351=(
BOUNDED_CURVE()
B_SPLINE_CURVE(3,(#6360,#6361,#6362,#6363),.UNSPECIFIED.,.F.,.F.)
B_SPLINE_CURVE_WITH_KNOTS((4,4),(0.9695248078092,1.),.UNSPECIFIED.)
CURVE()
GEOMETRIC_REPRESENTATION_ITEM()
RATIONAL_B_SPLINE_CURVE((1.,1.,1.,1.))
REPRESENTATION_ITEM('')
);
#1352=(
BOUNDED_CURVE()
B_SPLINE_CURVE(3,(#6375,#6376,#6377,#6378),.UNSPECIFIED.,.F.,.F.)
B_SPLINE_CURVE_WITH_KNOTS((4,4),(0.,1.),.UNSPECIFIED.)
CURVE()
GEOMETRIC_REPRESENTATION_ITEM()
RATIONAL_B_SPLINE_CURVE((1.,1.,1.,1.))
REPRESENTATION_ITEM('')
);
#1353=(
BOUNDED_CURVE()
B_SPLINE_CURVE(3,(#6389,#6390,#6391,#6392),.UNSPECIFIED.,.F.,.F.)
B_SPLINE_CURVE_WITH_KNOTS((4,4),(0.,1.),.UNSPECIFIED.)
CURVE()
GEOMETRIC_REPRESENTATION_ITEM()
RATIONAL_B_SPLINE_CURVE((1.,1.,1.,1.))
REPRESENTATION_ITEM('')
);
#1354=(
BOUNDED_CURVE()
B_SPLINE_CURVE(3,(#6403,#6404,#6405,#6406),.UNSPECIFIED.,.F.,.F.)
B_SPLINE_CURVE_WITH_KNOTS((4,4),(0.,1.),.UNSPECIFIED.)
CURVE()
GEOMETRIC_REPRESENTATION_ITEM()
RATIONAL_B_SPLINE_CURVE((1.,1.,1.,1.))
REPRESENTATION_ITEM('')
);
#1355=(
BOUNDED_CURVE()
B_SPLINE_CURVE(3,(#6417,#6418,#6419,#6420),.UNSPECIFIED.,.F.,.F.)
B_SPLINE_CURVE_WITH_KNOTS((4,4),(0.,1.),.UNSPECIFIED.)
CURVE()
GEOMETRIC_REPRESENTATION_ITEM()
RATIONAL_B_SPLINE_CURVE((1.,1.,1.,1.))
REPRESENTATION_ITEM('')
);
#1356=(
BOUNDED_CURVE()
B_SPLINE_CURVE(3,(#6431,#6432,#6433,#6434),.UNSPECIFIED.,.F.,.F.)
B_SPLINE_CURVE_WITH_KNOTS((4,4),(0.,0.777805513464946),.UNSPECIFIED.)
CURVE()
GEOMETRIC_REPRESENTATION_ITEM()
RATIONAL_B_SPLINE_CURVE((1.,1.,1.,1.))
REPRESENTATION_ITEM('')
);
#1357=(
BOUNDED_CURVE()
B_SPLINE_CURVE(3,(#6446,#6447,#6448,#6449),.UNSPECIFIED.,.F.,.F.)
B_SPLINE_CURVE_WITH_KNOTS((4,4),(0.790867944289965,1.),.UNSPECIFIED.)
CURVE()
GEOMETRIC_REPRESENTATION_ITEM()
RATIONAL_B_SPLINE_CURVE((1.,1.,1.,1.))
REPRESENTATION_ITEM('')
);
#1358=(
BOUNDED_CURVE()
B_SPLINE_CURVE(3,(#6461,#6462,#6463,#6464),.UNSPECIFIED.,.F.,.F.)
B_SPLINE_CURVE_WITH_KNOTS((4,4),(0.,1.),.UNSPECIFIED.)
CURVE()
GEOMETRIC_REPRESENTATION_ITEM()
RATIONAL_B_SPLINE_CURVE((1.,1.,1.,1.))
REPRESENTATION_ITEM('')
);
#1359=(
BOUNDED_CURVE()
B_SPLINE_CURVE(3,(#6475,#6476,#6477,#6478),.UNSPECIFIED.,.F.,.F.)
B_SPLINE_CURVE_WITH_KNOTS((4,4),(0.,0.425878277536592),.UNSPECIFIED.)
CURVE()
GEOMETRIC_REPRESENTATION_ITEM()
RATIONAL_B_SPLINE_CURVE((1.,1.,1.,1.))
REPRESENTATION_ITEM('')
);
#1360=(
BOUNDED_CURVE()
B_SPLINE_CURVE(3,(#6490,#6491,#6492,#6493),.UNSPECIFIED.,.F.,.F.)
B_SPLINE_CURVE_WITH_KNOTS((4,4),(0.498101725129372,0.730991276606036),
 .UNSPECIFIED.)
CURVE()
GEOMETRIC_REPRESENTATION_ITEM()
RATIONAL_B_SPLINE_CURVE((1.,1.,1.,1.))
REPRESENTATION_ITEM('')
);
#1361=(
BOUNDED_CURVE()
B_SPLINE_CURVE(3,(#6506,#6507,#6508,#6509),.UNSPECIFIED.,.F.,.F.)
B_SPLINE_CURVE_WITH_KNOTS((4,4),(-0.743960252798938,0.),.UNSPECIFIED.)
CURVE()
GEOMETRIC_REPRESENTATION_ITEM()
RATIONAL_B_SPLINE_CURVE((1.,1.,1.,1.))
REPRESENTATION_ITEM('')
);
#1362=(
BOUNDED_CURVE()
B_SPLINE_CURVE(3,(#6521,#6522,#6523,#6524),.UNSPECIFIED.,.F.,.F.)
B_SPLINE_CURVE_WITH_KNOTS((4,4),(-1.,-0.0498203832576866),.UNSPECIFIED.)
CURVE()
GEOMETRIC_REPRESENTATION_ITEM()
RATIONAL_B_SPLINE_CURVE((1.,1.,1.,1.))
REPRESENTATION_ITEM('')
);
#1363=(
BOUNDED_CURVE()
B_SPLINE_CURVE(3,(#6536,#6537,#6538,#6539),.UNSPECIFIED.,.F.,.F.)
B_SPLINE_CURVE_WITH_KNOTS((4,4),(0.126479658080079,1.),.UNSPECIFIED.)
CURVE()
GEOMETRIC_REPRESENTATION_ITEM()
RATIONAL_B_SPLINE_CURVE((1.,1.,1.,1.))
REPRESENTATION_ITEM('')
);
#1364=(
BOUNDED_CURVE()
B_SPLINE_CURVE(3,(#6551,#6552,#6553,#6554),.UNSPECIFIED.,.F.,.F.)
B_SPLINE_CURVE_WITH_KNOTS((4,4),(0.,1.),.UNSPECIFIED.)
CURVE()
GEOMETRIC_REPRESENTATION_ITEM()
RATIONAL_B_SPLINE_CURVE((1.,1.,1.,1.))
REPRESENTATION_ITEM('')
);
#1365=(
BOUNDED_CURVE()
B_SPLINE_CURVE(3,(#6565,#6566,#6567,#6568),.UNSPECIFIED.,.F.,.F.)
B_SPLINE_CURVE_WITH_KNOTS((4,4),(0.,1.),.UNSPECIFIED.)
CURVE()
GEOMETRIC_REPRESENTATION_ITEM()
RATIONAL_B_SPLINE_CURVE((1.,1.,1.,1.))
REPRESENTATION_ITEM('')
);
#1366=(
BOUNDED_CURVE()
B_SPLINE_CURVE(3,(#6579,#6580,#6581,#6582),.UNSPECIFIED.,.F.,.F.)
B_SPLINE_CURVE_WITH_KNOTS((4,4),(0.,1.),.UNSPECIFIED.)
CURVE()
GEOMETRIC_REPRESENTATION_ITEM()
RATIONAL_B_SPLINE_CURVE((1.,1.,1.,1.))
REPRESENTATION_ITEM('')
);
#1367=(
BOUNDED_CURVE()
B_SPLINE_CURVE(3,(#6593,#6594,#6595,#6596),.UNSPECIFIED.,.F.,.F.)
B_SPLINE_CURVE_WITH_KNOTS((4,4),(0.,1.),.UNSPECIFIED.)
CURVE()
GEOMETRIC_REPRESENTATION_ITEM()
RATIONAL_B_SPLINE_CURVE((1.,1.,1.,1.))
REPRESENTATION_ITEM('')
);
#1368=(
BOUNDED_CURVE()
B_SPLINE_CURVE(3,(#6607,#6608,#6609,#6610),.UNSPECIFIED.,.F.,.F.)
B_SPLINE_CURVE_WITH_KNOTS((4,4),(0.,1.),.UNSPECIFIED.)
CURVE()
GEOMETRIC_REPRESENTATION_ITEM()
RATIONAL_B_SPLINE_CURVE((1.,1.,1.,1.))
REPRESENTATION_ITEM('')
);
#1369=(
BOUNDED_CURVE()
B_SPLINE_CURVE(3,(#6621,#6622,#6623,#6624),.UNSPECIFIED.,.F.,.F.)
B_SPLINE_CURVE_WITH_KNOTS((4,4),(0.,1.),.UNSPECIFIED.)
CURVE()
GEOMETRIC_REPRESENTATION_ITEM()
RATIONAL_B_SPLINE_CURVE((1.,1.,1.,1.))
REPRESENTATION_ITEM('')
);
#1370=(
BOUNDED_CURVE()
B_SPLINE_CURVE(3,(#6635,#6636,#6637,#6638),.UNSPECIFIED.,.F.,.F.)
B_SPLINE_CURVE_WITH_KNOTS((4,4),(0.,1.),.UNSPECIFIED.)
CURVE()
GEOMETRIC_REPRESENTATION_ITEM()
RATIONAL_B_SPLINE_CURVE((1.,1.,1.,1.))
REPRESENTATION_ITEM('')
);
#1371=(
BOUNDED_CURVE()
B_SPLINE_CURVE(3,(#6649,#6650,#6651,#6652),.UNSPECIFIED.,.F.,.F.)
B_SPLINE_CURVE_WITH_KNOTS((4,4),(0.,1.),.UNSPECIFIED.)
CURVE()
GEOMETRIC_REPRESENTATION_ITEM()
RATIONAL_B_SPLINE_CURVE((1.,1.,1.,1.))
REPRESENTATION_ITEM('')
);
#1372=(
BOUNDED_CURVE()
B_SPLINE_CURVE(3,(#6663,#6664,#6665,#6666),.UNSPECIFIED.,.F.,.F.)
B_SPLINE_CURVE_WITH_KNOTS((4,4),(0.,1.),.UNSPECIFIED.)
CURVE()
GEOMETRIC_REPRESENTATION_ITEM()
RATIONAL_B_SPLINE_CURVE((1.,1.,1.,1.))
REPRESENTATION_ITEM('')
);
#1373=(
BOUNDED_CURVE()
B_SPLINE_CURVE(3,(#6677,#6678,#6679,#6680),.UNSPECIFIED.,.F.,.F.)
B_SPLINE_CURVE_WITH_KNOTS((4,4),(0.,1.),.UNSPECIFIED.)
CURVE()
GEOMETRIC_REPRESENTATION_ITEM()
RATIONAL_B_SPLINE_CURVE((1.,1.,1.,1.))
REPRESENTATION_ITEM('')
);
#1374=(
BOUNDED_CURVE()
B_SPLINE_CURVE(3,(#6691,#6692,#6693,#6694),.UNSPECIFIED.,.F.,.F.)
B_SPLINE_CURVE_WITH_KNOTS((4,4),(0.,1.),.UNSPECIFIED.)
CURVE()
GEOMETRIC_REPRESENTATION_ITEM()
RATIONAL_B_SPLINE_CURVE((1.,1.,1.,1.))
REPRESENTATION_ITEM('')
);
#1375=(
BOUNDED_CURVE()
B_SPLINE_CURVE(3,(#6705,#6706,#6707,#6708),.UNSPECIFIED.,.F.,.F.)
B_SPLINE_CURVE_WITH_KNOTS((4,4),(0.,0.206693380364743),.UNSPECIFIED.)
CURVE()
GEOMETRIC_REPRESENTATION_ITEM()
RATIONAL_B_SPLINE_CURVE((1.,1.,1.,1.))
REPRESENTATION_ITEM('')
);
#1376=(
BOUNDED_CURVE()
B_SPLINE_CURVE(3,(#6720,#6721,#6722,#6723),.UNSPECIFIED.,.F.,.F.)
B_SPLINE_CURVE_WITH_KNOTS((4,4),(0.239930495122691,1.),.UNSPECIFIED.)
CURVE()
GEOMETRIC_REPRESENTATION_ITEM()
RATIONAL_B_SPLINE_CURVE((1.,1.,1.,1.))
REPRESENTATION_ITEM('')
);
#1377=(
BOUNDED_CURVE()
B_SPLINE_CURVE(3,(#6735,#6736,#6737,#6738),.UNSPECIFIED.,.F.,.F.)
B_SPLINE_CURVE_WITH_KNOTS((4,4),(0.,1.),.UNSPECIFIED.)
CURVE()
GEOMETRIC_REPRESENTATION_ITEM()
RATIONAL_B_SPLINE_CURVE((1.,1.,1.,1.))
REPRESENTATION_ITEM('')
);
#1378=(
BOUNDED_CURVE()
B_SPLINE_CURVE(3,(#6749,#6750,#6751,#6752),.UNSPECIFIED.,.F.,.F.)
B_SPLINE_CURVE_WITH_KNOTS((4,4),(0.,1.),.UNSPECIFIED.)
CURVE()
GEOMETRIC_REPRESENTATION_ITEM()
RATIONAL_B_SPLINE_CURVE((1.,1.,1.,1.))
REPRESENTATION_ITEM('')
);
#1379=(
BOUNDED_CURVE()
B_SPLINE_CURVE(3,(#6763,#6764,#6765,#6766),.UNSPECIFIED.,.F.,.F.)
B_SPLINE_CURVE_WITH_KNOTS((4,4),(0.,1.),.UNSPECIFIED.)
CURVE()
GEOMETRIC_REPRESENTATION_ITEM()
RATIONAL_B_SPLINE_CURVE((1.,1.,1.,1.))
REPRESENTATION_ITEM('')
);
#1380=(
BOUNDED_CURVE()
B_SPLINE_CURVE(3,(#6777,#6778,#6779,#6780),.UNSPECIFIED.,.F.,.F.)
B_SPLINE_CURVE_WITH_KNOTS((4,4),(0.,1.),.UNSPECIFIED.)
CURVE()
GEOMETRIC_REPRESENTATION_ITEM()
RATIONAL_B_SPLINE_CURVE((1.,1.,1.,1.))
REPRESENTATION_ITEM('')
);
#1381=(
BOUNDED_CURVE()
B_SPLINE_CURVE(3,(#6791,#6792,#6793,#6794),.UNSPECIFIED.,.F.,.F.)
B_SPLINE_CURVE_WITH_KNOTS((4,4),(0.,1.),.UNSPECIFIED.)
CURVE()
GEOMETRIC_REPRESENTATION_ITEM()
RATIONAL_B_SPLINE_CURVE((1.,1.,1.,1.))
REPRESENTATION_ITEM('')
);
#1382=(
BOUNDED_CURVE()
B_SPLINE_CURVE(3,(#6805,#6806,#6807,#6808),.UNSPECIFIED.,.F.,.F.)
B_SPLINE_CURVE_WITH_KNOTS((4,4),(0.,1.),.UNSPECIFIED.)
CURVE()
GEOMETRIC_REPRESENTATION_ITEM()
RATIONAL_B_SPLINE_CURVE((1.,1.,1.,1.))
REPRESENTATION_ITEM('')
);
#1383=(
BOUNDED_CURVE()
B_SPLINE_CURVE(3,(#6819,#6820,#6821,#6822),.UNSPECIFIED.,.F.,.F.)
B_SPLINE_CURVE_WITH_KNOTS((4,4),(0.,1.),.UNSPECIFIED.)
CURVE()
GEOMETRIC_REPRESENTATION_ITEM()
RATIONAL_B_SPLINE_CURVE((1.,1.,1.,1.))
REPRESENTATION_ITEM('')
);
#1384=(
BOUNDED_CURVE()
B_SPLINE_CURVE(3,(#6833,#6834,#6835,#6836),.UNSPECIFIED.,.F.,.F.)
B_SPLINE_CURVE_WITH_KNOTS((4,4),(0.,1.),.UNSPECIFIED.)
CURVE()
GEOMETRIC_REPRESENTATION_ITEM()
RATIONAL_B_SPLINE_CURVE((1.,1.,1.,1.))
REPRESENTATION_ITEM('')
);
#1385=(
BOUNDED_CURVE()
B_SPLINE_CURVE(3,(#6847,#6848,#6849,#6850),.UNSPECIFIED.,.F.,.F.)
B_SPLINE_CURVE_WITH_KNOTS((4,4),(0.,1.),.UNSPECIFIED.)
CURVE()
GEOMETRIC_REPRESENTATION_ITEM()
RATIONAL_B_SPLINE_CURVE((1.,1.,1.,1.))
REPRESENTATION_ITEM('')
);
#1386=(
BOUNDED_CURVE()
B_SPLINE_CURVE(3,(#6861,#6862,#6863,#6864),.UNSPECIFIED.,.F.,.F.)
B_SPLINE_CURVE_WITH_KNOTS((4,4),(0.,0.699155636816914),.UNSPECIFIED.)
CURVE()
GEOMETRIC_REPRESENTATION_ITEM()
RATIONAL_B_SPLINE_CURVE((1.,1.,1.,1.))
REPRESENTATION_ITEM('')
);
#1387=(
BOUNDED_CURVE()
B_SPLINE_CURVE(3,(#6876,#6877,#6878,#6879),.UNSPECIFIED.,.F.,.F.)
B_SPLINE_CURVE_WITH_KNOTS((4,4),(-0.994351407134282,0.),.UNSPECIFIED.)
CURVE()
GEOMETRIC_REPRESENTATION_ITEM()
RATIONAL_B_SPLINE_CURVE((1.,1.,1.,1.))
REPRESENTATION_ITEM('')
);
#1388=(
BOUNDED_CURVE()
B_SPLINE_CURVE(3,(#6891,#6892,#6893,#6894),.UNSPECIFIED.,.F.,.F.)
B_SPLINE_CURVE_WITH_KNOTS((4,4),(-1.,0.),.UNSPECIFIED.)
CURVE()
GEOMETRIC_REPRESENTATION_ITEM()
RATIONAL_B_SPLINE_CURVE((1.,1.,1.,1.))
REPRESENTATION_ITEM('')
);
#1389=(
BOUNDED_CURVE()
B_SPLINE_CURVE(3,(#6905,#6906,#6907,#6908),.UNSPECIFIED.,.F.,.F.)
B_SPLINE_CURVE_WITH_KNOTS((4,4),(-1.,-0.38201868708504),.UNSPECIFIED.)
CURVE()
GEOMETRIC_REPRESENTATION_ITEM()
RATIONAL_B_SPLINE_CURVE((1.,1.,1.,1.))
REPRESENTATION_ITEM('')
);
#1390=(
BOUNDED_CURVE()
B_SPLINE_CURVE(3,(#6920,#6921,#6922,#6923),.UNSPECIFIED.,.F.,.F.)
B_SPLINE_CURVE_WITH_KNOTS((4,4),(-0.852938040642419,0.),.UNSPECIFIED.)
CURVE()
GEOMETRIC_REPRESENTATION_ITEM()
RATIONAL_B_SPLINE_CURVE((1.,1.,1.,1.))
REPRESENTATION_ITEM('')
);
#1391=(
BOUNDED_CURVE()
B_SPLINE_CURVE(3,(#6935,#6936,#6937,#6938),.UNSPECIFIED.,.F.,.F.)
B_SPLINE_CURVE_WITH_KNOTS((4,4),(-1.,0.),.UNSPECIFIED.)
CURVE()
GEOMETRIC_REPRESENTATION_ITEM()
RATIONAL_B_SPLINE_CURVE((1.,1.,1.,1.))
REPRESENTATION_ITEM('')
);
#1392=(
BOUNDED_CURVE()
B_SPLINE_CURVE(3,(#6949,#6950,#6951,#6952),.UNSPECIFIED.,.F.,.F.)
B_SPLINE_CURVE_WITH_KNOTS((4,4),(-1.,0.),.UNSPECIFIED.)
CURVE()
GEOMETRIC_REPRESENTATION_ITEM()
RATIONAL_B_SPLINE_CURVE((1.,1.,1.,1.))
REPRESENTATION_ITEM('')
);
#1393=(
BOUNDED_CURVE()
B_SPLINE_CURVE(3,(#6963,#6964,#6965,#6966),.UNSPECIFIED.,.F.,.F.)
B_SPLINE_CURVE_WITH_KNOTS((4,4),(-1.,-0.859318085209594),.UNSPECIFIED.)
CURVE()
GEOMETRIC_REPRESENTATION_ITEM()
RATIONAL_B_SPLINE_CURVE((1.,1.,1.,1.))
REPRESENTATION_ITEM('')
);
#1394=(
BOUNDED_CURVE()
B_SPLINE_CURVE(3,(#6982,#6983,#6984,#6985),.UNSPECIFIED.,.F.,.F.)
B_SPLINE_CURVE_WITH_KNOTS((4,4),(-1.,-0.619003142845737),.UNSPECIFIED.)
CURVE()
GEOMETRIC_REPRESENTATION_ITEM()
RATIONAL_B_SPLINE_CURVE((1.,1.,1.,1.))
REPRESENTATION_ITEM('')
);
#1395=(
BOUNDED_CURVE()
B_SPLINE_CURVE(3,(#6996,#6997,#6998,#6999),.UNSPECIFIED.,.F.,.F.)
B_SPLINE_CURVE_WITH_KNOTS((4,4),(-1.,0.),.UNSPECIFIED.)
CURVE()
GEOMETRIC_REPRESENTATION_ITEM()
RATIONAL_B_SPLINE_CURVE((1.,1.,1.,1.))
REPRESENTATION_ITEM('')
);
#1396=(
BOUNDED_CURVE()
B_SPLINE_CURVE(3,(#7015,#7016,#7017,#7018),.UNSPECIFIED.,.F.,.F.)
B_SPLINE_CURVE_WITH_KNOTS((4,4),(-1.,-0.609536360517143),.UNSPECIFIED.)
CURVE()
GEOMETRIC_REPRESENTATION_ITEM()
RATIONAL_B_SPLINE_CURVE((1.,1.,1.,1.))
REPRESENTATION_ITEM('')
);
#1397=(
BOUNDED_CURVE()
B_SPLINE_CURVE(3,(#7030,#7031,#7032,#7033),.UNSPECIFIED.,.F.,.F.)
B_SPLINE_CURVE_WITH_KNOTS((4,4),(-0.942901874439058,0.),.UNSPECIFIED.)
CURVE()
GEOMETRIC_REPRESENTATION_ITEM()
RATIONAL_B_SPLINE_CURVE((1.,1.,1.,1.))
REPRESENTATION_ITEM('')
);
#1398=(
BOUNDED_CURVE()
B_SPLINE_CURVE(3,(#7045,#7046,#7047,#7048),.UNSPECIFIED.,.F.,.F.)
B_SPLINE_CURVE_WITH_KNOTS((4,4),(-1.,-0.00561220592151754),
 .UNSPECIFIED.)
CURVE()
GEOMETRIC_REPRESENTATION_ITEM()
RATIONAL_B_SPLINE_CURVE((1.,1.,1.,1.))
REPRESENTATION_ITEM('')
);
#1399=(
BOUNDED_CURVE()
B_SPLINE_CURVE(3,(#7059,#7060,#7061,#7062),.UNSPECIFIED.,.F.,.F.)
B_SPLINE_CURVE_WITH_KNOTS((4,4),(0.99006709385049,1.),.UNSPECIFIED.)
CURVE()
GEOMETRIC_REPRESENTATION_ITEM()
RATIONAL_B_SPLINE_CURVE((1.,1.,1.,1.))
REPRESENTATION_ITEM('')
);
#1400=(
BOUNDED_CURVE()
B_SPLINE_CURVE(3,(#7072,#7073,#7074,#7075),.UNSPECIFIED.,.F.,.F.)
B_SPLINE_CURVE_WITH_KNOTS((4,4),(0.,0.0056122059215174),.UNSPECIFIED.)
CURVE()
GEOMETRIC_REPRESENTATION_ITEM()
RATIONAL_B_SPLINE_CURVE((1.,1.,1.,1.))
REPRESENTATION_ITEM('')
);
#1401=(
BOUNDED_CURVE()
B_SPLINE_CURVE(3,(#7086,#7087,#7088,#7089),.UNSPECIFIED.,.F.,.F.)
B_SPLINE_CURVE_WITH_KNOTS((4,4),(-0.99006709384758,0.),.UNSPECIFIED.)
CURVE()
GEOMETRIC_REPRESENTATION_ITEM()
RATIONAL_B_SPLINE_CURVE((1.,1.,1.,1.))
REPRESENTATION_ITEM('')
);
#1402=(
BOUNDED_CURVE()
B_SPLINE_CURVE(3,(#7100,#7101,#7102,#7103),.UNSPECIFIED.,.F.,.F.)
B_SPLINE_CURVE_WITH_KNOTS((4,4),(-1.,0.),.UNSPECIFIED.)
CURVE()
GEOMETRIC_REPRESENTATION_ITEM()
RATIONAL_B_SPLINE_CURVE((1.,1.,1.,1.))
REPRESENTATION_ITEM('')
);
#1403=(
BOUNDED_CURVE()
B_SPLINE_CURVE(3,(#7114,#7115,#7116,#7117),.UNSPECIFIED.,.F.,.F.)
B_SPLINE_CURVE_WITH_KNOTS((4,4),(-1.,0.),.UNSPECIFIED.)
CURVE()
GEOMETRIC_REPRESENTATION_ITEM()
RATIONAL_B_SPLINE_CURVE((1.,1.,1.,1.))
REPRESENTATION_ITEM('')
);
#1404=(
BOUNDED_CURVE()
B_SPLINE_CURVE(3,(#7128,#7129,#7130,#7131),.UNSPECIFIED.,.F.,.F.)
B_SPLINE_CURVE_WITH_KNOTS((4,4),(-1.,-0.452780864132631),.UNSPECIFIED.)
CURVE()
GEOMETRIC_REPRESENTATION_ITEM()
RATIONAL_B_SPLINE_CURVE((1.,1.,1.,1.))
REPRESENTATION_ITEM('')
);
#1405=(
BOUNDED_CURVE()
B_SPLINE_CURVE(3,(#7143,#7144,#7145,#7146),.UNSPECIFIED.,.F.,.F.)
B_SPLINE_CURVE_WITH_KNOTS((4,4),(0.466644121690627,1.),.UNSPECIFIED.)
CURVE()
GEOMETRIC_REPRESENTATION_ITEM()
RATIONAL_B_SPLINE_CURVE((1.,1.,1.,1.))
REPRESENTATION_ITEM('')
);
#1406=(
BOUNDED_CURVE()
B_SPLINE_CURVE(3,(#7158,#7159,#7160,#7161),.UNSPECIFIED.,.F.,.F.)
B_SPLINE_CURVE_WITH_KNOTS((4,4),(0.,1.),.UNSPECIFIED.)
CURVE()
GEOMETRIC_REPRESENTATION_ITEM()
RATIONAL_B_SPLINE_CURVE((1.,1.,1.,1.))
REPRESENTATION_ITEM('')
);
#1407=(
BOUNDED_CURVE()
B_SPLINE_CURVE(3,(#7172,#7173,#7174,#7175),.UNSPECIFIED.,.F.,.F.)
B_SPLINE_CURVE_WITH_KNOTS((4,4),(0.,1.),.UNSPECIFIED.)
CURVE()
GEOMETRIC_REPRESENTATION_ITEM()
RATIONAL_B_SPLINE_CURVE((1.,1.,1.,1.))
REPRESENTATION_ITEM('')
);
#1408=(
BOUNDED_CURVE()
B_SPLINE_CURVE(3,(#7191,#7192,#7193,#7194),.UNSPECIFIED.,.F.,.F.)
B_SPLINE_CURVE_WITH_KNOTS((4,4),(0.,0.182331240087988),.UNSPECIFIED.)
CURVE()
GEOMETRIC_REPRESENTATION_ITEM()
RATIONAL_B_SPLINE_CURVE((1.,1.,1.,1.))
REPRESENTATION_ITEM('')
);
#1409=(
BOUNDED_CURVE()
B_SPLINE_CURVE(3,(#7206,#7207,#7208,#7209),.UNSPECIFIED.,.F.,.F.)
B_SPLINE_CURVE_WITH_KNOTS((4,4),(-0.62133383904944,-0.186356440505876),
 .UNSPECIFIED.)
CURVE()
GEOMETRIC_REPRESENTATION_ITEM()
RATIONAL_B_SPLINE_CURVE((1.,1.,1.,1.))
REPRESENTATION_ITEM('')
);
#1410=(
BOUNDED_CURVE()
B_SPLINE_CURVE(3,(#7222,#7223,#7224,#7225),.UNSPECIFIED.,.F.,.F.)
B_SPLINE_CURVE_WITH_KNOTS((4,4),(-0.0256577693836247,0.),.UNSPECIFIED.)
CURVE()
GEOMETRIC_REPRESENTATION_ITEM()
RATIONAL_B_SPLINE_CURVE((1.,1.,1.,1.))
REPRESENTATION_ITEM('')
);
#1411=(
BOUNDED_CURVE()
B_SPLINE_CURVE(3,(#7237,#7238,#7239,#7240),.UNSPECIFIED.,.F.,.F.)
B_SPLINE_CURVE_WITH_KNOTS((4,4),(-1.,0.),.UNSPECIFIED.)
CURVE()
GEOMETRIC_REPRESENTATION_ITEM()
RATIONAL_B_SPLINE_CURVE((1.,1.,1.,1.))
REPRESENTATION_ITEM('')
);
#1412=(
BOUNDED_CURVE()
B_SPLINE_CURVE(3,(#7251,#7252,#7253,#7254),.UNSPECIFIED.,.F.,.F.)
B_SPLINE_CURVE_WITH_KNOTS((4,4),(-1.,0.),.UNSPECIFIED.)
CURVE()
GEOMETRIC_REPRESENTATION_ITEM()
RATIONAL_B_SPLINE_CURVE((1.,1.,1.,1.))
REPRESENTATION_ITEM('')
);
#1413=(
BOUNDED_CURVE()
B_SPLINE_CURVE(3,(#7276,#7277,#7278,#7279),.UNSPECIFIED.,.F.,.F.)
B_SPLINE_CURVE_WITH_KNOTS((4,4),(-1.,0.),.UNSPECIFIED.)
CURVE()
GEOMETRIC_REPRESENTATION_ITEM()
RATIONAL_B_SPLINE_CURVE((1.,1.,1.,1.))
REPRESENTATION_ITEM('')
);
#1414=(
BOUNDED_CURVE()
B_SPLINE_CURVE(3,(#7290,#7291,#7292,#7293),.UNSPECIFIED.,.F.,.F.)
B_SPLINE_CURVE_WITH_KNOTS((4,4),(-1.,0.),.UNSPECIFIED.)
CURVE()
GEOMETRIC_REPRESENTATION_ITEM()
RATIONAL_B_SPLINE_CURVE((1.,1.,1.,1.))
REPRESENTATION_ITEM('')
);
#1415=(
BOUNDED_CURVE()
B_SPLINE_CURVE(3,(#7304,#7305,#7306,#7307),.UNSPECIFIED.,.F.,.F.)
B_SPLINE_CURVE_WITH_KNOTS((4,4),(-1.,-0.329269331915488),.UNSPECIFIED.)
CURVE()
GEOMETRIC_REPRESENTATION_ITEM()
RATIONAL_B_SPLINE_CURVE((1.,1.,1.,1.))
REPRESENTATION_ITEM('')
);
#1416=(
BOUNDED_CURVE()
B_SPLINE_CURVE(3,(#7319,#7320,#7321,#7322),.UNSPECIFIED.,.F.,.F.)
B_SPLINE_CURVE_WITH_KNOTS((4,4),(-0.749164812391899,0.),.UNSPECIFIED.)
CURVE()
GEOMETRIC_REPRESENTATION_ITEM()
RATIONAL_B_SPLINE_CURVE((1.,1.,1.,1.))
REPRESENTATION_ITEM('')
);
#1417=(
BOUNDED_CURVE()
B_SPLINE_CURVE(3,(#7334,#7335,#7336,#7337),.UNSPECIFIED.,.F.,.F.)
B_SPLINE_CURVE_WITH_KNOTS((4,4),(-1.,0.),.UNSPECIFIED.)
CURVE()
GEOMETRIC_REPRESENTATION_ITEM()
RATIONAL_B_SPLINE_CURVE((1.,1.,1.,1.))
REPRESENTATION_ITEM('')
);
#1418=(
BOUNDED_CURVE()
B_SPLINE_CURVE(3,(#7348,#7349,#7350,#7351),.UNSPECIFIED.,.F.,.F.)
B_SPLINE_CURVE_WITH_KNOTS((4,4),(-1.,0.),.UNSPECIFIED.)
CURVE()
GEOMETRIC_REPRESENTATION_ITEM()
RATIONAL_B_SPLINE_CURVE((1.,1.,1.,1.))
REPRESENTATION_ITEM('')
);
#1419=(
BOUNDED_CURVE()
B_SPLINE_CURVE(3,(#7373,#7374,#7375,#7376),.UNSPECIFIED.,.F.,.F.)
B_SPLINE_CURVE_WITH_KNOTS((4,4),(-1.,-0.26923699529967),.UNSPECIFIED.)
CURVE()
GEOMETRIC_REPRESENTATION_ITEM()
RATIONAL_B_SPLINE_CURVE((1.,1.,1.,1.))
REPRESENTATION_ITEM('')
);
#1420=(
BOUNDED_CURVE()
B_SPLINE_CURVE(3,(#7393,#7394,#7395,#7396),.UNSPECIFIED.,.F.,.F.)
B_SPLINE_CURVE_WITH_KNOTS((4,4),(-0.738437431889152,-0.36117521039381),
 .UNSPECIFIED.)
CURVE()
GEOMETRIC_REPRESENTATION_ITEM()
RATIONAL_B_SPLINE_CURVE((1.,1.,1.,1.))
REPRESENTATION_ITEM('')
);
#1421=(
BOUNDED_CURVE()
B_SPLINE_CURVE(3,(#7408,#7409,#7410,#7411),.UNSPECIFIED.,.F.,.F.)
B_SPLINE_CURVE_WITH_KNOTS((4,4),(-1.,0.),.UNSPECIFIED.)
CURVE()
GEOMETRIC_REPRESENTATION_ITEM()
RATIONAL_B_SPLINE_CURVE((1.,1.,1.,1.))
REPRESENTATION_ITEM('')
);
#1422=(
BOUNDED_CURVE()
B_SPLINE_CURVE(3,(#7422,#7423,#7424,#7425),.UNSPECIFIED.,.F.,.F.)
B_SPLINE_CURVE_WITH_KNOTS((4,4),(-1.,0.),.UNSPECIFIED.)
CURVE()
GEOMETRIC_REPRESENTATION_ITEM()
RATIONAL_B_SPLINE_CURVE((1.,1.,1.,1.))
REPRESENTATION_ITEM('')
);
#1423=(
BOUNDED_CURVE()
B_SPLINE_CURVE(3,(#7436,#7437,#7438,#7439),.UNSPECIFIED.,.F.,.F.)
B_SPLINE_CURVE_WITH_KNOTS((4,4),(-1.,-0.885696865343369),.UNSPECIFIED.)
CURVE()
GEOMETRIC_REPRESENTATION_ITEM()
RATIONAL_B_SPLINE_CURVE((1.,1.,1.,1.))
REPRESENTATION_ITEM('')
);
#1424=B_SPLINE_CURVE_WITH_KNOTS('',3,(#4793,#4794,#4795,#4796,#4797,#4798),
 .UNSPECIFIED.,.F.,.F.,(4,2,4),(0.,0.0999999999999996,0.2),
 .UNSPECIFIED.);
#1425=B_SPLINE_CURVE_WITH_KNOTS('',3,(#4820,#4821,#4822,#4823,#4824,#4825),
 .UNSPECIFIED.,.F.,.F.,(4,2,4),(0.,0.0999999999999996,0.2),
 .UNSPECIFIED.);
#1426=B_SPLINE_CURVE_WITH_KNOTS('',3,(#4847,#4848,#4849,#4850,#4851,#4852),
 .UNSPECIFIED.,.F.,.F.,(4,2,4),(0.,0.100000000000001,0.2),.UNSPECIFIED.);
#1427=B_SPLINE_CURVE_WITH_KNOTS('',3,(#4874,#4875,#4876,#4877,#4878,#4879),
 .UNSPECIFIED.,.F.,.F.,(4,2,4),(0.,0.0999999999999996,0.2),
 .UNSPECIFIED.);
#1428=B_SPLINE_CURVE_WITH_KNOTS('',3,(#4886,#4887,#4888,#4889,#4890,#4891),
 .UNSPECIFIED.,.F.,.F.,(4,2,4),(0.,0.0999999999999996,0.2),
 .UNSPECIFIED.);
#1429=B_SPLINE_CURVE_WITH_KNOTS('',3,(#4906,#4907,#4908,#4909,#4910,#4911),
 .UNSPECIFIED.,.F.,.F.,(4,2,4),(0.,0.0999999999999996,0.2),
 .UNSPECIFIED.);
#1430=B_SPLINE_CURVE_WITH_KNOTS('',3,(#4933,#4934,#4935,#4936,#4937,#4938),
 .UNSPECIFIED.,.F.,.F.,(4,2,4),(0.,0.100000000000001,0.2),.UNSPECIFIED.);
#1431=B_SPLINE_CURVE_WITH_KNOTS('',3,(#4945,#4946,#4947,#4948,#4949,#4950),
 .UNSPECIFIED.,.F.,.F.,(4,2,4),(0.,0.100000000000001,0.2),.UNSPECIFIED.);
#1432=B_SPLINE_CURVE_WITH_KNOTS('',3,(#4965,#4966,#4967,#4968,#4969,#4970),
 .UNSPECIFIED.,.F.,.F.,(4,2,4),(0.,0.100000000000001,0.2),.UNSPECIFIED.);
#1433=B_SPLINE_CURVE_WITH_KNOTS('',3,(#4989,#4990,#4991,#4992,#4993,#4994),
 .UNSPECIFIED.,.F.,.F.,(4,2,4),(0.,0.100000000000001,0.2),.UNSPECIFIED.);
#1434=B_SPLINE_CURVE_WITH_KNOTS('',2,(#5486,#5487,#5488),.UNSPECIFIED.,
 .F.,.F.,(3,3),(0.,1.),.UNSPECIFIED.);
#1435=B_SPLINE_CURVE_WITH_KNOTS('',2,(#5522,#5523,#5524),.UNSPECIFIED.,
 .F.,.F.,(3,3),(0.,1.),.UNSPECIFIED.);
#1436=B_SPLINE_CURVE_WITH_KNOTS('',3,(#5710,#5711,#5712,#5713,#5714,#5715),
 .UNSPECIFIED.,.F.,.F.,(4,2,4),(0.,0.100000000000001,0.2),.UNSPECIFIED.);
#1437=B_SPLINE_CURVE_WITH_KNOTS('',3,(#5731,#5732,#5733,#5734,#5735,#5736),
 .UNSPECIFIED.,.F.,.F.,(4,2,4),(0.,0.0999999999999996,0.2),
 .UNSPECIFIED.);
#1438=B_SPLINE_CURVE_WITH_KNOTS('',3,(#5738,#5739,#5740,#5741,#5742,#5743),
 .UNSPECIFIED.,.F.,.F.,(4,2,4),(0.,0.0999999999999996,0.2),
 .UNSPECIFIED.);
#1439=B_SPLINE_CURVE_WITH_KNOTS('',3,(#5855,#5856,#5857,#5858,#5859,#5860),
 .UNSPECIFIED.,.F.,.F.,(4,2,4),(0.,0.0999999999999996,0.2),
 .UNSPECIFIED.);
#1440=B_SPLINE_CURVE_WITH_KNOTS('',3,(#5987,#5988,#5989,#5990,#5991,#5992),
 .UNSPECIFIED.,.F.,.F.,(4,2,4),(0.,0.100000000000001,0.2),.UNSPECIFIED.);
#1441=B_SPLINE_CURVE_WITH_KNOTS('',3,(#6006,#6007,#6008,#6009,#6010,#6011),
 .UNSPECIFIED.,.F.,.F.,(4,2,4),(0.,0.0999999999999996,0.2),
 .UNSPECIFIED.);
#1442=B_SPLINE_CURVE_WITH_KNOTS('',3,(#6017,#6018,#6019,#6020,#6021,#6022),
 .UNSPECIFIED.,.F.,.F.,(4,2,4),(0.,0.100000000000001,0.2),.UNSPECIFIED.);
#1443=B_SPLINE_CURVE_WITH_KNOTS('',3,(#6976,#6977,#6978,#6979,#6980,#6981),
 .UNSPECIFIED.,.F.,.F.,(4,2,4),(0.,0.100000000000001,0.2),.UNSPECIFIED.);
#1444=B_SPLINE_CURVE_WITH_KNOTS('',3,(#7009,#7010,#7011,#7012,#7013,#7014),
 .UNSPECIFIED.,.F.,.F.,(4,2,4),(0.,0.0999999999999996,0.2),
 .UNSPECIFIED.);
#1445=B_SPLINE_CURVE_WITH_KNOTS('',3,(#7185,#7186,#7187,#7188,#7189,#7190),
 .UNSPECIFIED.,.F.,.F.,(4,2,4),(0.,0.0999999999999996,0.2),
 .UNSPECIFIED.);
#1446=B_SPLINE_CURVE_WITH_KNOTS('',2,(#7263,#7264,#7265),.UNSPECIFIED.,
 .F.,.F.,(3,3),(-1.,0.),.UNSPECIFIED.);
#1447=B_SPLINE_CURVE_WITH_KNOTS('',2,(#7360,#7361,#7362),.UNSPECIFIED.,
 .F.,.F.,(3,3),(-1.,0.),.UNSPECIFIED.);
#1448=B_SPLINE_CURVE_WITH_KNOTS('',3,(#7386,#7387,#7388,#7389,#7390,#7391),
 .UNSPECIFIED.,.F.,.F.,(4,2,4),(0.,0.100000000000001,0.2),.UNSPECIFIED.);
#1449=VERTEX_POINT('',#4791);
#1450=VERTEX_POINT('',#4792);
#1451=VERTEX_POINT('',#4799);
#1452=VERTEX_POINT('',#4804);
#1453=VERTEX_POINT('',#4818);
#1454=VERTEX_POINT('',#4819);
#1455=VERTEX_POINT('',#4826);
#1456=VERTEX_POINT('',#4831);
#1457=VERTEX_POINT('',#4845);
#1458=VERTEX_POINT('',#4846);
#1459=VERTEX_POINT('',#4853);
#1460=VERTEX_POINT('',#4858);
#1461=VERTEX_POINT('',#4872);
#1462=VERTEX_POINT('',#4873);
#1463=VERTEX_POINT('',#4880);
#1464=VERTEX_POINT('',#4885);
#1465=VERTEX_POINT('',#4904);
#1466=VERTEX_POINT('',#4905);
#1467=VERTEX_POINT('',#4912);
#1468=VERTEX_POINT('',#4917);
#1469=VERTEX_POINT('',#4931);
#1470=VERTEX_POINT('',#4932);
#1471=VERTEX_POINT('',#4939);
#1472=VERTEX_POINT('',#4944);
#1473=VERTEX_POINT('',#4963);
#1474=VERTEX_POINT('',#4964);
#1475=VERTEX_POINT('',#4987);
#1476=VERTEX_POINT('',#4988);
#1477=VERTEX_POINT('',#4995);
#1478=VERTEX_POINT('',#5000);
#1479=VERTEX_POINT('',#5007);
#1480=VERTEX_POINT('',#5009);
#1481=VERTEX_POINT('',#5011);
#1482=VERTEX_POINT('',#5016);
#1483=VERTEX_POINT('',#5021);
#1484=VERTEX_POINT('',#5026);
#1485=VERTEX_POINT('',#5031);
#1486=VERTEX_POINT('',#5033);
#1487=VERTEX_POINT('',#5035);
#1488=VERTEX_POINT('',#5037);
#1489=VERTEX_POINT('',#5039);
#1490=VERTEX_POINT('',#5044);
#1491=VERTEX_POINT('',#5049);
#1492=VERTEX_POINT('',#5054);
#1493=VERTEX_POINT('',#5056);
#1494=VERTEX_POINT('',#5061);
#1495=VERTEX_POINT('',#5066);
#1496=VERTEX_POINT('',#5071);
#1497=VERTEX_POINT('',#5076);
#1498=VERTEX_POINT('',#5081);
#1499=VERTEX_POINT('',#5086);
#1500=VERTEX_POINT('',#5091);
#1501=VERTEX_POINT('',#5096);
#1502=VERTEX_POINT('',#5101);
#1503=VERTEX_POINT('',#5106);
#1504=VERTEX_POINT('',#5111);
#1505=VERTEX_POINT('',#5113);
#1506=VERTEX_POINT('',#5115);
#1507=VERTEX_POINT('',#5120);
#1508=VERTEX_POINT('',#5125);
#1509=VERTEX_POINT('',#5130);
#1510=VERTEX_POINT('',#5135);
#1511=VERTEX_POINT('',#5140);
#1512=VERTEX_POINT('',#5145);
#1513=VERTEX_POINT('',#5150);
#1514=VERTEX_POINT('',#5155);
#1515=VERTEX_POINT('',#5160);
#1516=VERTEX_POINT('',#5165);
#1517=VERTEX_POINT('',#5170);
#1518=VERTEX_POINT('',#5175);
#1519=VERTEX_POINT('',#5180);
#1520=VERTEX_POINT('',#5182);
#1521=VERTEX_POINT('',#5187);
#1522=VERTEX_POINT('',#5192);
#1523=VERTEX_POINT('',#5194);
#1524=VERTEX_POINT('',#5196);
#1525=VERTEX_POINT('',#5201);
#1526=VERTEX_POINT('',#5203);
#1527=VERTEX_POINT('',#5205);
#1528=VERTEX_POINT('',#5210);
#1529=VERTEX_POINT('',#5215);
#1530=VERTEX_POINT('',#5220);
#1531=VERTEX_POINT('',#5222);
#1532=VERTEX_POINT('',#5227);
#1533=VERTEX_POINT('',#5232);
#1534=VERTEX_POINT('',#5237);
#1535=VERTEX_POINT('',#5242);
#1536=VERTEX_POINT('',#5247);
#1537=VERTEX_POINT('',#5252);
#1538=VERTEX_POINT('',#5254);
#1539=VERTEX_POINT('',#5256);
#1540=VERTEX_POINT('',#5258);
#1541=VERTEX_POINT('',#5263);
#1542=VERTEX_POINT('',#5268);
#1543=VERTEX_POINT('',#5273);
#1544=VERTEX_POINT('',#5278);
#1545=VERTEX_POINT('',#5283);
#1546=VERTEX_POINT('',#5288);
#1547=VERTEX_POINT('',#5293);
#1548=VERTEX_POINT('',#5298);
#1549=VERTEX_POINT('',#5303);
#1550=VERTEX_POINT('',#5308);
#1551=VERTEX_POINT('',#5313);
#1552=VERTEX_POINT('',#5315);
#1553=VERTEX_POINT('',#5320);
#1554=VERTEX_POINT('',#5325);
#1555=VERTEX_POINT('',#5330);
#1556=VERTEX_POINT('',#5335);
#1557=VERTEX_POINT('',#5340);
#1558=VERTEX_POINT('',#5345);
#1559=VERTEX_POINT('',#5350);
#1560=VERTEX_POINT('',#5355);
#1561=VERTEX_POINT('',#5360);
#1562=VERTEX_POINT('',#5365);
#1563=VERTEX_POINT('',#5370);
#1564=VERTEX_POINT('',#5375);
#1565=VERTEX_POINT('',#5378);
#1566=VERTEX_POINT('',#5381);
#1567=VERTEX_POINT('',#5383);
#1568=VERTEX_POINT('',#5389);
#1569=VERTEX_POINT('',#5391);
#1570=VERTEX_POINT('',#5393);
#1571=VERTEX_POINT('',#5398);
#1572=VERTEX_POINT('',#5403);
#1573=VERTEX_POINT('',#5412);
#1574=VERTEX_POINT('',#5417);
#1575=VERTEX_POINT('',#5422);
#1576=VERTEX_POINT('',#5427);
#1577=VERTEX_POINT('',#5432);
#1578=VERTEX_POINT('',#5434);
#1579=VERTEX_POINT('',#5436);
#1580=VERTEX_POINT('',#5441);
#1581=VERTEX_POINT('',#5446);
#1582=VERTEX_POINT('',#5451);
#1583=VERTEX_POINT('',#5456);
#1584=VERTEX_POINT('',#5458);
#1585=VERTEX_POINT('',#5460);
#1586=VERTEX_POINT('',#5465);
#1587=VERTEX_POINT('',#5467);
#1588=VERTEX_POINT('',#5469);
#1589=VERTEX_POINT('',#5471);
#1590=VERTEX_POINT('',#5476);
#1591=VERTEX_POINT('',#5478);
#1592=VERTEX_POINT('',#5480);
#1593=VERTEX_POINT('',#5485);
#1594=VERTEX_POINT('',#5489);
#1595=VERTEX_POINT('',#5494);
#1596=VERTEX_POINT('',#5499);
#1597=VERTEX_POINT('',#5504);
#1598=VERTEX_POINT('',#5506);
#1599=VERTEX_POINT('',#5511);
#1600=VERTEX_POINT('',#5516);
#1601=VERTEX_POINT('',#5521);
#1602=VERTEX_POINT('',#5525);
#1603=VERTEX_POINT('',#5530);
#1604=VERTEX_POINT('',#5535);
#1605=VERTEX_POINT('',#5540);
#1606=VERTEX_POINT('',#5542);
#1607=VERTEX_POINT('',#5547);
#1608=VERTEX_POINT('',#5549);
#1609=VERTEX_POINT('',#5551);
#1610=VERTEX_POINT('',#5554);
#1611=VERTEX_POINT('',#5556);
#1612=VERTEX_POINT('',#5558);
#1613=VERTEX_POINT('',#5563);
#1614=VERTEX_POINT('',#5568);
#1615=VERTEX_POINT('',#5573);
#1616=VERTEX_POINT('',#5578);
#1617=VERTEX_POINT('',#5580);
#1618=VERTEX_POINT('',#5585);
#1619=VERTEX_POINT('',#5590);
#1620=VERTEX_POINT('',#5595);
#1621=VERTEX_POINT('',#5600);
#1622=VERTEX_POINT('',#5609);
#1623=VERTEX_POINT('',#5614);
#1624=VERTEX_POINT('',#5619);
#1625=VERTEX_POINT('',#5621);
#1626=VERTEX_POINT('',#5623);
#1627=VERTEX_POINT('',#5625);
#1628=VERTEX_POINT('',#5634);
#1629=VERTEX_POINT('',#5636);
#1630=VERTEX_POINT('',#5638);
#1631=VERTEX_POINT('',#5647);
#1632=VERTEX_POINT('',#5649);
#1633=VERTEX_POINT('',#5655);
#1634=VERTEX_POINT('',#5657);
#1635=VERTEX_POINT('',#5658);
#1636=VERTEX_POINT('',#5663);
#1637=VERTEX_POINT('',#5672);
#1638=VERTEX_POINT('',#5674);
#1639=VERTEX_POINT('',#5676);
#1640=VERTEX_POINT('',#5677);
#1641=VERTEX_POINT('',#5682);
#1642=VERTEX_POINT('',#5692);
#1643=VERTEX_POINT('',#5693);
#1644=VERTEX_POINT('',#5695);
#1645=VERTEX_POINT('',#5709);
#1646=VERTEX_POINT('',#5716);
#1647=VERTEX_POINT('',#5730);
#1648=VERTEX_POINT('',#5737);
#1649=VERTEX_POINT('',#5756);
#1650=VERTEX_POINT('',#5758);
#1651=VERTEX_POINT('',#5772);
#1652=VERTEX_POINT('',#5798);
#1653=VERTEX_POINT('',#5800);
#1654=VERTEX_POINT('',#5814);
#1655=VERTEX_POINT('',#5840);
#1656=VERTEX_POINT('',#5854);
#1657=VERTEX_POINT('',#5873);
#1658=VERTEX_POINT('',#5875);
#1659=VERTEX_POINT('',#5889);
#1660=VERTEX_POINT('',#5903);
#1661=VERTEX_POINT('',#5917);
#1662=VERTEX_POINT('',#5931);
#1663=VERTEX_POINT('',#5958);
#1664=VERTEX_POINT('',#5972);
#1665=VERTEX_POINT('',#5986);
#1666=VERTEX_POINT('',#6005);
#1667=VERTEX_POINT('',#6012);
#1668=VERTEX_POINT('',#6031);
#1669=VERTEX_POINT('',#6033);
#1670=VERTEX_POINT('',#6047);
#1671=VERTEX_POINT('',#6061);
#1672=VERTEX_POINT('',#6075);
#1673=VERTEX_POINT('',#6089);
#1674=VERTEX_POINT('',#6103);
#1675=VERTEX_POINT('',#6117);
#1676=VERTEX_POINT('',#6131);
#1677=VERTEX_POINT('',#6145);
#1678=VERTEX_POINT('',#6159);
#1679=VERTEX_POINT('',#6173);
#1680=VERTEX_POINT('',#6187);
#1681=VERTEX_POINT('',#6201);
#1682=VERTEX_POINT('',#6203);
#1683=VERTEX_POINT('',#6217);
#1684=VERTEX_POINT('',#6231);
#1685=VERTEX_POINT('',#6245);
#1686=VERTEX_POINT('',#6259);
#1687=VERTEX_POINT('',#6273);
#1688=VERTEX_POINT('',#6287);
#1689=VERTEX_POINT('',#6301);
#1690=VERTEX_POINT('',#6315);
#1691=VERTEX_POINT('',#6329);
#1692=VERTEX_POINT('',#6343);
#1693=VERTEX_POINT('',#6357);
#1694=VERTEX_POINT('',#6359);
#1695=VERTEX_POINT('',#6373);
#1696=VERTEX_POINT('',#6387);
#1697=VERTEX_POINT('',#6401);
#1698=VERTEX_POINT('',#6415);
#1699=VERTEX_POINT('',#6429);
#1700=VERTEX_POINT('',#6443);
#1701=VERTEX_POINT('',#6445);
#1702=VERTEX_POINT('',#6459);
#1703=VERTEX_POINT('',#6473);
#1704=VERTEX_POINT('',#6487);
#1705=VERTEX_POINT('',#6489);
#1706=VERTEX_POINT('',#6503);
#1707=VERTEX_POINT('',#6505);
#1708=VERTEX_POINT('',#6519);
#1709=VERTEX_POINT('',#6533);
#1710=VERTEX_POINT('',#6535);
#1711=VERTEX_POINT('',#6549);
#1712=VERTEX_POINT('',#6563);
#1713=VERTEX_POINT('',#6577);
#1714=VERTEX_POINT('',#6591);
#1715=VERTEX_POINT('',#6605);
#1716=VERTEX_POINT('',#6619);
#1717=VERTEX_POINT('',#6633);
#1718=VERTEX_POINT('',#6647);
#1719=VERTEX_POINT('',#6661);
#1720=VERTEX_POINT('',#6675);
#1721=VERTEX_POINT('',#6689);
#1722=VERTEX_POINT('',#6703);
#1723=VERTEX_POINT('',#6717);
#1724=VERTEX_POINT('',#6719);
#1725=VERTEX_POINT('',#6733);
#1726=VERTEX_POINT('',#6747);
#1727=VERTEX_POINT('',#6761);
#1728=VERTEX_POINT('',#6775);
#1729=VERTEX_POINT('',#6789);
#1730=VERTEX_POINT('',#6803);
#1731=VERTEX_POINT('',#6817);
#1732=VERTEX_POINT('',#6831);
#1733=VERTEX_POINT('',#6845);
#1734=VERTEX_POINT('',#6859);
#1735=VERTEX_POINT('',#6873);
#1736=VERTEX_POINT('',#6875);
#1737=VERTEX_POINT('',#6889);
#1738=VERTEX_POINT('',#6903);
#1739=VERTEX_POINT('',#6917);
#1740=VERTEX_POINT('',#6919);
#1741=VERTEX_POINT('',#6933);
#1742=VERTEX_POINT('',#6947);
#1743=VERTEX_POINT('',#6961);
#1744=VERTEX_POINT('',#6975);
#1745=VERTEX_POINT('',#6994);
#1746=VERTEX_POINT('',#7008);
#1747=VERTEX_POINT('',#7027);
#1748=VERTEX_POINT('',#7029);
#1749=VERTEX_POINT('',#7043);
#1750=VERTEX_POINT('',#7057);
#1751=VERTEX_POINT('',#7084);
#1752=VERTEX_POINT('',#7098);
#1753=VERTEX_POINT('',#7112);
#1754=VERTEX_POINT('',#7126);
#1755=VERTEX_POINT('',#7140);
#1756=VERTEX_POINT('',#7142);
#1757=VERTEX_POINT('',#7156);
#1758=VERTEX_POINT('',#7170);
#1759=VERTEX_POINT('',#7184);
#1760=VERTEX_POINT('',#7203);
#1761=VERTEX_POINT('',#7205);
#1762=VERTEX_POINT('',#7219);
#1763=VERTEX_POINT('',#7221);
#1764=VERTEX_POINT('',#7235);
#1765=VERTEX_POINT('',#7249);
#1766=VERTEX_POINT('',#7261);
#1767=VERTEX_POINT('',#7274);
#1768=VERTEX_POINT('',#7288);
#1769=VERTEX_POINT('',#7302);
#1770=VERTEX_POINT('',#7316);
#1771=VERTEX_POINT('',#7318);
#1772=VERTEX_POINT('',#7332);
#1773=VERTEX_POINT('',#7346);
#1774=VERTEX_POINT('',#7358);
#1775=VERTEX_POINT('',#7371);
#1776=VERTEX_POINT('',#7385);
#1777=VERTEX_POINT('',#7392);
#1778=VERTEX_POINT('',#7406);
#1779=VERTEX_POINT('',#7420);
#1780=VERTEX_POINT('',#7434);
#1781=VERTEX_POINT('',#7441);
#1782=VERTEX_POINT('',#7443);
#1783=VERTEX_POINT('',#7445);
#1784=VERTEX_POINT('',#7449);
#1785=VERTEX_POINT('',#7451);
#1786=VERTEX_POINT('',#7453);
#1787=VERTEX_POINT('',#7457);
#1788=VERTEX_POINT('',#7461);
#1789=VERTEX_POINT('',#7469);
#1790=VERTEX_POINT('',#7475);
#1791=VERTEX_POINT('',#7479);
#1792=VERTEX_POINT('',#7481);
#1793=VERTEX_POINT('',#7485);
#1794=VERTEX_POINT('',#7490);
#1795=VERTEX_POINT('',#7492);
#1796=VERTEX_POINT('',#7496);
#1797=VERTEX_POINT('',#7501);
#1798=VERTEX_POINT('',#7506);
#1799=VERTEX_POINT('',#7508);
#1800=VERTEX_POINT('',#7512);
#1801=VERTEX_POINT('',#7514);
#1802=VERTEX_POINT('',#7516);
#1803=VERTEX_POINT('',#7520);
#1804=VERTEX_POINT('',#7522);
#1805=VERTEX_POINT('',#7526);
#1806=VERTEX_POINT('',#7530);
#1807=VERTEX_POINT('',#7532);
#1808=VERTEX_POINT('',#7534);
#1809=VERTEX_POINT('',#7539);
#1810=VERTEX_POINT('',#7541);
#1811=VERTEX_POINT('',#7546);
#1812=VERTEX_POINT('',#7548);
#1813=VERTEX_POINT('',#7552);
#1814=VERTEX_POINT('',#7554);
#1815=VERTEX_POINT('',#7556);
#1816=VERTEX_POINT('',#7558);
#1817=VERTEX_POINT('',#7562);
#1818=VERTEX_POINT('',#7564);
#1819=VERTEX_POINT('',#7566);
#1820=VERTEX_POINT('',#7570);
#1821=VERTEX_POINT('',#7575);
#1822=VERTEX_POINT('',#7577);
#1823=VERTEX_POINT('',#7581);
#1824=VERTEX_POINT('',#7586);
#1825=VERTEX_POINT('',#7590);
#1826=VERTEX_POINT('',#7592);
#1827=VERTEX_POINT('',#7596);
#1828=VERTEX_POINT('',#7601);
#1829=VERTEX_POINT('',#7603);
#1830=VERTEX_POINT('',#7614);
#1831=VERTEX_POINT('',#7628);
#1832=VERTEX_POINT('',#7632);
#1833=VERTEX_POINT('',#7642);
#1834=VERTEX_POINT('',#7659);
#1835=VERTEX_POINT('',#7664);
#1836=VERTEX_POINT('',#7666);
#1837=VERTEX_POINT('',#7669);
#1838=VERTEX_POINT('',#7673);
#1839=VERTEX_POINT('',#7677);
#1840=VERTEX_POINT('',#7679);
#1841=VERTEX_POINT('',#7681);
#1842=VERTEX_POINT('',#7683);
#1843=VERTEX_POINT('',#7685);
#1844=VERTEX_POINT('',#7686);
#1845=VERTEX_POINT('',#7688);
#1846=VERTEX_POINT('',#7690);
#1847=VERTEX_POINT('',#7703);
#1848=VERTEX_POINT('',#7707);
#1849=VERTEX_POINT('',#7710);
#1850=VERTEX_POINT('',#7714);
#1851=VERTEX_POINT('',#7717);
#1852=VERTEX_POINT('',#7721);
#1853=VERTEX_POINT('',#7724);
#1854=VERTEX_POINT('',#7728);
#1855=EDGE_CURVE('',#1449,#1450,#1424,.T.);
#1856=EDGE_CURVE('',#1451,#1449,#1176,.T.);
#1857=EDGE_CURVE('',#1451,#1452,#622,.T.);
#1858=EDGE_CURVE('',#1450,#1452,#1177,.T.);
#1859=EDGE_CURVE('',#1453,#1454,#1425,.T.);
#1860=EDGE_CURVE('',#1455,#1453,#1178,.T.);
#1861=EDGE_CURVE('',#1455,#1456,#623,.T.);
#1862=EDGE_CURVE('',#1454,#1456,#1179,.T.);
#1863=EDGE_CURVE('',#1457,#1458,#1426,.T.);
#1864=EDGE_CURVE('',#1459,#1457,#1180,.T.);
#1865=EDGE_CURVE('',#1459,#1460,#624,.T.);
#1866=EDGE_CURVE('',#1458,#1460,#1181,.T.);
#1867=EDGE_CURVE('',#1461,#1462,#1427,.T.);
#1868=EDGE_CURVE('',#1461,#1463,#1182,.T.);
#1869=EDGE_CURVE('',#1464,#1463,#1428,.T.);
#1870=EDGE_CURVE('',#1462,#1464,#1183,.T.);
#1871=EDGE_CURVE('',#1465,#1466,#1429,.T.);
#1872=EDGE_CURVE('',#1467,#1465,#1184,.T.);
#1873=EDGE_CURVE('',#1468,#1467,#625,.T.);
#1874=EDGE_CURVE('',#1468,#1466,#1185,.T.);
#1875=EDGE_CURVE('',#1469,#1470,#1430,.T.);
#1876=EDGE_CURVE('',#1471,#1469,#1186,.T.);
#1877=EDGE_CURVE('',#1472,#1471,#1431,.T.);
#1878=EDGE_CURVE('',#1472,#1470,#1187,.T.);
#1879=EDGE_CURVE('',#1473,#1474,#1432,.T.);
#1880=EDGE_CURVE('',#1473,#1468,#1188,.T.);
#1881=EDGE_CURVE('',#1474,#1467,#1189,.T.);
#1882=EDGE_CURVE('',#1475,#1476,#1433,.T.);
#1883=EDGE_CURVE('',#1477,#1475,#1190,.T.);
#1884=EDGE_CURVE('',#1477,#1478,#626,.T.);
#1885=EDGE_CURVE('',#1476,#1478,#1191,.T.);
#1886=EDGE_CURVE('',#1479,#1449,#627,.T.);
#1887=EDGE_CURVE('',#1480,#1479,#52,.T.);
#1888=EDGE_CURVE('',#1480,#1481,#1192,.T.);
#1889=EDGE_CURVE('',#1481,#1482,#1193,.T.);
#1890=EDGE_CURVE('',#1482,#1483,#1194,.T.);
#1891=EDGE_CURVE('',#1483,#1484,#1195,.T.);
#1892=EDGE_CURVE('',#1485,#1484,#628,.T.);
#1893=EDGE_CURVE('',#1486,#1485,#629,.T.);
#1894=EDGE_CURVE('',#1487,#1486,#630,.T.);
#1895=EDGE_CURVE('',#1488,#1487,#631,.T.);
#1896=EDGE_CURVE('',#1488,#1489,#1196,.T.);
#1897=EDGE_CURVE('',#1489,#1490,#1197,.T.);
#1898=EDGE_CURVE('',#1490,#1491,#1198,.T.);
#1899=EDGE_CURVE('',#1492,#1491,#53,.T.);
#1900=EDGE_CURVE('',#1493,#1492,#1199,.T.);
#1901=EDGE_CURVE('',#1494,#1493,#1200,.T.);
#1902=EDGE_CURVE('',#1495,#1494,#1201,.T.);
#1903=EDGE_CURVE('',#1496,#1495,#1202,.T.);
#1904=EDGE_CURVE('',#1497,#1496,#1203,.T.);
#1905=EDGE_CURVE('',#1498,#1497,#1204,.T.);
#1906=EDGE_CURVE('',#1499,#1498,#1205,.T.);
#1907=EDGE_CURVE('',#1500,#1499,#1206,.T.);
#1908=EDGE_CURVE('',#1501,#1500,#1207,.T.);
#1909=EDGE_CURVE('',#1502,#1501,#1208,.T.);
#1910=EDGE_CURVE('',#1503,#1502,#1209,.T.);
#1911=EDGE_CURVE('',#1504,#1503,#54,.T.);
#1912=EDGE_CURVE('',#1505,#1504,#55,.T.);
#1913=EDGE_CURVE('',#1506,#1505,#1210,.T.);
#1914=EDGE_CURVE('',#1507,#1506,#1211,.T.);
#1915=EDGE_CURVE('',#1508,#1507,#1212,.T.);
#1916=EDGE_CURVE('',#1509,#1508,#1213,.T.);
#1917=EDGE_CURVE('',#1510,#1509,#1214,.T.);
#1918=EDGE_CURVE('',#1511,#1510,#1215,.T.);
#1919=EDGE_CURVE('',#1512,#1511,#1216,.T.);
#1920=EDGE_CURVE('',#1513,#1512,#1217,.T.);
#1921=EDGE_CURVE('',#1514,#1513,#1218,.T.);
#1922=EDGE_CURVE('',#1515,#1514,#1219,.T.);
#1923=EDGE_CURVE('',#1516,#1515,#1220,.T.);
#1924=EDGE_CURVE('',#1517,#1516,#1221,.T.);
#1925=EDGE_CURVE('',#1518,#1517,#1222,.T.);
#1926=EDGE_CURVE('',#1519,#1518,#56,.T.);
#1927=EDGE_CURVE('',#1519,#1520,#1223,.T.);
#1928=EDGE_CURVE('',#1520,#1521,#1224,.T.);
#1929=EDGE_CURVE('',#1522,#1521,#632,.T.);
#1930=EDGE_CURVE('',#1523,#1522,#633,.T.);
#1931=EDGE_CURVE('',#1524,#1523,#1225,.T.);
#1932=EDGE_CURVE('',#1525,#1524,#57,.T.);
#1933=EDGE_CURVE('',#1526,#1525,#58,.T.);
#1934=EDGE_CURVE('',#1527,#1526,#1226,.T.);
#1935=EDGE_CURVE('',#1528,#1527,#1227,.T.);
#1936=EDGE_CURVE('',#1529,#1528,#1228,.T.);
#1937=EDGE_CURVE('',#1530,#1529,#59,.T.);
#1938=EDGE_CURVE('',#1531,#1530,#1229,.T.);
#1939=EDGE_CURVE('',#1532,#1531,#1230,.T.);
#1940=EDGE_CURVE('',#1533,#1532,#1231,.T.);
#1941=EDGE_CURVE('',#1534,#1533,#1232,.T.);
#1942=EDGE_CURVE('',#1535,#1534,#1233,.T.);
#1943=EDGE_CURVE('',#1536,#1535,#1234,.T.);
#1944=EDGE_CURVE('',#1537,#1536,#634,.T.);
#1945=EDGE_CURVE('',#1538,#1537,#635,.T.);
#1946=EDGE_CURVE('',#1539,#1538,#636,.T.);
#1947=EDGE_CURVE('',#1539,#1540,#1235,.T.);
#1948=EDGE_CURVE('',#1540,#1541,#1236,.T.);
#1949=EDGE_CURVE('',#1541,#1542,#1237,.T.);
#1950=EDGE_CURVE('',#1542,#1543,#1238,.T.);
#1951=EDGE_CURVE('',#1543,#1544,#1239,.T.);
#1952=EDGE_CURVE('',#1544,#1545,#1240,.T.);
#1953=EDGE_CURVE('',#1545,#1546,#1241,.T.);
#1954=EDGE_CURVE('',#1546,#1547,#1242,.T.);
#1955=EDGE_CURVE('',#1547,#1548,#1243,.T.);
#1956=EDGE_CURVE('',#1548,#1549,#1244,.T.);
#1957=EDGE_CURVE('',#1549,#1550,#1245,.T.);
#1958=EDGE_CURVE('',#1551,#1550,#60,.T.);
#1959=EDGE_CURVE('',#1551,#1552,#1246,.T.);
#1960=EDGE_CURVE('',#1552,#1553,#1247,.T.);
#1961=EDGE_CURVE('',#1553,#1554,#1248,.T.);
#1962=EDGE_CURVE('',#1554,#1555,#1249,.T.);
#1963=EDGE_CURVE('',#1555,#1556,#1250,.T.);
#1964=EDGE_CURVE('',#1556,#1557,#1251,.T.);
#1965=EDGE_CURVE('',#1557,#1558,#1252,.T.);
#1966=EDGE_CURVE('',#1558,#1559,#1253,.T.);
#1967=EDGE_CURVE('',#1559,#1560,#1254,.T.);
#1968=EDGE_CURVE('',#1560,#1561,#1255,.T.);
#1969=EDGE_CURVE('',#1561,#1562,#1256,.T.);
#1970=EDGE_CURVE('',#1562,#1563,#1257,.T.);
#1971=EDGE_CURVE('',#1564,#1563,#61,.T.);
#1972=EDGE_CURVE('',#1466,#1564,#637,.T.);
#1973=EDGE_CURVE('',#1565,#1473,#638,.T.);
#1974=EDGE_CURVE('',#1470,#1565,#639,.T.);
#1975=EDGE_CURVE('',#1566,#1472,#640,.T.);
#1976=EDGE_CURVE('',#1567,#1566,#641,.T.);
#1977=EDGE_CURVE('',#1567,#1477,#1258,.T.);
#1978=EDGE_CURVE('',#1568,#1475,#642,.T.);
#1979=EDGE_CURVE('',#1569,#1568,#643,.T.);
#1980=EDGE_CURVE('',#1570,#1569,#1259,.T.);
#1981=EDGE_CURVE('',#1571,#1570,#1260,.T.);
#1982=EDGE_CURVE('',#1571,#1572,#1261,.T.);
#1983=EDGE_CURVE('',#1572,#1571,#1262,.T.);
#1984=EDGE_CURVE('',#1573,#1571,#1263,.T.);
#1985=EDGE_CURVE('',#1574,#1573,#1264,.T.);
#1986=EDGE_CURVE('',#1575,#1574,#1265,.T.);
#1987=EDGE_CURVE('',#1576,#1575,#1266,.T.);
#1988=EDGE_CURVE('',#1577,#1576,#62,.T.);
#1989=EDGE_CURVE('',#1578,#1577,#644,.T.);
#1990=EDGE_CURVE('',#1578,#1579,#1267,.T.);
#1991=EDGE_CURVE('',#1579,#1580,#1268,.T.);
#1992=EDGE_CURVE('',#1580,#1581,#1269,.T.);
#1993=EDGE_CURVE('',#1581,#1582,#1270,.T.);
#1994=EDGE_CURVE('',#1583,#1582,#645,.T.);
#1995=EDGE_CURVE('',#1584,#1583,#646,.T.);
#1996=EDGE_CURVE('',#1584,#1585,#1271,.T.);
#1997=EDGE_CURVE('',#1586,#1585,#647,.T.);
#1998=EDGE_CURVE('',#1587,#1586,#648,.T.);
#1999=EDGE_CURVE('',#1588,#1587,#649,.T.);
#2000=EDGE_CURVE('',#1588,#1589,#1272,.T.);
#2001=EDGE_CURVE('',#1590,#1589,#63,.T.);
#2002=EDGE_CURVE('',#1591,#1590,#64,.T.);
#2003=EDGE_CURVE('',#1591,#1592,#1273,.T.);
#2004=EDGE_CURVE('',#1592,#1593,#1434,.T.);
#2005=EDGE_CURVE('',#1593,#1594,#1274,.T.);
#2006=EDGE_CURVE('',#1594,#1595,#1275,.T.);
#2007=EDGE_CURVE('',#1595,#1596,#1276,.T.);
#2008=EDGE_CURVE('',#1597,#1596,#65,.T.);
#2009=EDGE_CURVE('',#1597,#1598,#1277,.T.);
#2010=EDGE_CURVE('',#1598,#1599,#1278,.T.);
#2011=EDGE_CURVE('',#1599,#1600,#1279,.T.);
#2012=EDGE_CURVE('',#1600,#1601,#1435,.T.);
#2013=EDGE_CURVE('',#1601,#1602,#1280,.T.);
#2014=EDGE_CURVE('',#1602,#1603,#1281,.T.);
#2015=EDGE_CURVE('',#1603,#1604,#1282,.T.);
#2016=EDGE_CURVE('',#1605,#1604,#66,.T.);
#2017=EDGE_CURVE('',#1605,#1606,#1283,.T.);
#2018=EDGE_CURVE('',#1607,#1606,#67,.T.);
#2019=EDGE_CURVE('',#1608,#1607,#650,.T.);
#2020=EDGE_CURVE('',#1609,#1608,#651,.T.);
#2021=EDGE_CURVE('',#1463,#1609,#652,.T.);
#2022=EDGE_CURVE('',#1610,#1461,#653,.T.);
#2023=EDGE_CURVE('',#1611,#1610,#654,.T.);
#2024=EDGE_CURVE('',#1612,#1611,#1284,.T.);
#2025=EDGE_CURVE('',#1613,#1612,#1285,.T.);
#2026=EDGE_CURVE('',#1614,#1613,#1286,.T.);
#2027=EDGE_CURVE('',#1615,#1614,#1287,.T.);
#2028=EDGE_CURVE('',#1616,#1615,#68,.T.);
#2029=EDGE_CURVE('',#1616,#1617,#1288,.T.);
#2030=EDGE_CURVE('',#1617,#1618,#1289,.T.);
#2031=EDGE_CURVE('',#1618,#1619,#1290,.T.);
#2032=EDGE_CURVE('',#1619,#1620,#1291,.T.);
#2033=EDGE_CURVE('',#1621,#1620,#1292,.T.);
#2034=EDGE_CURVE('',#1620,#1621,#1293,.T.);
#2035=EDGE_CURVE('',#1620,#1622,#1294,.T.);
#2036=EDGE_CURVE('',#1622,#1623,#1295,.T.);
#2037=EDGE_CURVE('',#1624,#1623,#69,.T.);
#2038=EDGE_CURVE('',#1625,#1624,#655,.T.);
#2039=EDGE_CURVE('',#1626,#1625,#656,.T.);
#2040=EDGE_CURVE('',#1626,#1627,#1296,.T.);
#2041=EDGE_CURVE('',#1627,#1459,#1297,.T.);
#2042=EDGE_CURVE('',#1628,#1457,#657,.T.);
#2043=EDGE_CURVE('',#1629,#1628,#658,.T.);
#2044=EDGE_CURVE('',#1629,#1630,#1298,.T.);
#2045=EDGE_CURVE('',#1630,#1455,#1299,.T.);
#2046=EDGE_CURVE('',#1631,#1453,#659,.T.);
#2047=EDGE_CURVE('',#1632,#1631,#660,.T.);
#2048=EDGE_CURVE('',#1632,#1451,#1300,.T.);
#2049=EDGE_CURVE('',#1633,#1633,#70,.T.);
#2050=EDGE_CURVE('',#1634,#1635,#1301,.T.);
#2051=EDGE_CURVE('',#1635,#1636,#1302,.T.);
#2052=EDGE_CURVE('',#1636,#1634,#1303,.T.);
#2053=EDGE_CURVE('',#1637,#1637,#71,.T.);
#2054=EDGE_CURVE('',#1638,#1638,#72,.T.);
#2055=EDGE_CURVE('',#1639,#1640,#1304,.T.);
#2056=EDGE_CURVE('',#1640,#1641,#1305,.T.);
#2057=EDGE_CURVE('',#1641,#1639,#1306,.T.);
#2058=EDGE_CURVE('',#1642,#1643,#661,.T.);
#2059=EDGE_CURVE('',#1644,#1642,#1307,.T.);
#2060=EDGE_CURVE('',#1643,#1644,#662,.T.);
#2061=EDGE_CURVE('',#1582,#1645,#1436,.T.);
#2062=EDGE_CURVE('',#1581,#1646,#663,.T.);
#2063=EDGE_CURVE('',#1645,#1646,#1308,.T.);
#2064=EDGE_CURVE('',#1585,#1647,#1437,.T.);
#2065=EDGE_CURVE('',#1648,#1584,#1438,.T.);
#2066=EDGE_CURVE('',#1647,#1648,#1309,.T.);
#2067=EDGE_CURVE('',#1636,#1649,#664,.T.);
#2068=EDGE_CURVE('',#1650,#1649,#1310,.T.);
#2069=EDGE_CURVE('',#1634,#1650,#665,.T.);
#2070=EDGE_CURVE('',#1635,#1651,#666,.T.);
#2071=EDGE_CURVE('',#1649,#1651,#1311,.T.);
#2072=EDGE_CURVE('',#1651,#1650,#1312,.T.);
#2073=EDGE_CURVE('',#1641,#1652,#667,.T.);
#2074=EDGE_CURVE('',#1653,#1652,#1313,.T.);
#2075=EDGE_CURVE('',#1639,#1653,#668,.T.);
#2076=EDGE_CURVE('',#1640,#1654,#669,.T.);
#2077=EDGE_CURVE('',#1652,#1654,#1314,.T.);
#2078=EDGE_CURVE('',#1654,#1653,#1315,.T.);
#2079=EDGE_CURVE('',#1627,#1655,#670,.T.);
#2080=EDGE_CURVE('',#1460,#1655,#1316,.T.);
#2081=EDGE_CURVE('',#1656,#1626,#1439,.T.);
#2082=EDGE_CURVE('',#1655,#1656,#1317,.T.);
#2083=EDGE_CURVE('',#1575,#1657,#671,.T.);
#2084=EDGE_CURVE('',#1658,#1657,#1318,.T.);
#2085=EDGE_CURVE('',#1576,#1658,#672,.T.);
#2086=EDGE_CURVE('',#1574,#1659,#673,.T.);
#2087=EDGE_CURVE('',#1657,#1659,#1319,.T.);
#2088=EDGE_CURVE('',#1573,#1660,#674,.T.);
#2089=EDGE_CURVE('',#1659,#1660,#1320,.T.);
#2090=EDGE_CURVE('',#1571,#1661,#675,.T.);
#2091=EDGE_CURVE('',#1660,#1661,#1321,.T.);
#2092=EDGE_CURVE('',#1572,#1662,#676,.T.);
#2093=EDGE_CURVE('',#1661,#1662,#1322,.T.);
#2094=EDGE_CURVE('',#1571,#1661,#677,.T.);
#2095=EDGE_CURVE('',#1662,#1661,#1323,.T.);
#2096=EDGE_CURVE('',#1570,#1663,#678,.T.);
#2097=EDGE_CURVE('',#1661,#1663,#1324,.T.);
#2098=EDGE_CURVE('',#1664,#1569,#679,.T.);
#2099=EDGE_CURVE('',#1663,#1664,#1325,.T.);
#2100=EDGE_CURVE('',#1665,#1567,#1440,.T.);
#2101=EDGE_CURVE('',#1478,#1665,#1326,.T.);
#2102=EDGE_CURVE('',#1666,#1642,#1441,.T.);
#2103=EDGE_CURVE('',#1667,#1666,#1327,.T.);
#2104=EDGE_CURVE('',#1644,#1667,#1442,.T.);
#2105=EDGE_CURVE('',#1562,#1668,#680,.T.);
#2106=EDGE_CURVE('',#1669,#1668,#1328,.T.);
#2107=EDGE_CURVE('',#1563,#1669,#681,.T.);
#2108=EDGE_CURVE('',#1561,#1670,#682,.T.);
#2109=EDGE_CURVE('',#1668,#1670,#1329,.T.);
#2110=EDGE_CURVE('',#1560,#1671,#683,.T.);
#2111=EDGE_CURVE('',#1670,#1671,#1330,.T.);
#2112=EDGE_CURVE('',#1559,#1672,#684,.T.);
#2113=EDGE_CURVE('',#1671,#1672,#1331,.T.);
#2114=EDGE_CURVE('',#1558,#1673,#685,.T.);
#2115=EDGE_CURVE('',#1672,#1673,#1332,.T.);
#2116=EDGE_CURVE('',#1557,#1674,#686,.T.);
#2117=EDGE_CURVE('',#1673,#1674,#1333,.T.);
#2118=EDGE_CURVE('',#1556,#1675,#687,.T.);
#2119=EDGE_CURVE('',#1674,#1675,#1334,.T.);
#2120=EDGE_CURVE('',#1555,#1676,#688,.T.);
#2121=EDGE_CURVE('',#1675,#1676,#1335,.T.);
#2122=EDGE_CURVE('',#1554,#1677,#689,.T.);
#2123=EDGE_CURVE('',#1676,#1677,#1336,.T.);
#2124=EDGE_CURVE('',#1553,#1678,#690,.T.);
#2125=EDGE_CURVE('',#1677,#1678,#1337,.T.);
#2126=EDGE_CURVE('',#1552,#1679,#691,.T.);
#2127=EDGE_CURVE('',#1678,#1679,#1338,.T.);
#2128=EDGE_CURVE('',#1680,#1551,#692,.T.);
#2129=EDGE_CURVE('',#1679,#1680,#1339,.T.);
#2130=EDGE_CURVE('',#1549,#1681,#693,.T.);
#2131=EDGE_CURVE('',#1682,#1681,#1340,.T.);
#2132=EDGE_CURVE('',#1550,#1682,#694,.T.);
#2133=EDGE_CURVE('',#1548,#1683,#695,.T.);
#2134=EDGE_CURVE('',#1681,#1683,#1341,.T.);
#2135=EDGE_CURVE('',#1547,#1684,#696,.T.);
#2136=EDGE_CURVE('',#1683,#1684,#1342,.T.);
#2137=EDGE_CURVE('',#1546,#1685,#697,.T.);
#2138=EDGE_CURVE('',#1684,#1685,#1343,.T.);
#2139=EDGE_CURVE('',#1545,#1686,#698,.T.);
#2140=EDGE_CURVE('',#1685,#1686,#1344,.T.);
#2141=EDGE_CURVE('',#1544,#1687,#699,.T.);
#2142=EDGE_CURVE('',#1686,#1687,#1345,.T.);
#2143=EDGE_CURVE('',#1543,#1688,#700,.T.);
#2144=EDGE_CURVE('',#1687,#1688,#1346,.T.);
#2145=EDGE_CURVE('',#1542,#1689,#701,.T.);
#2146=EDGE_CURVE('',#1688,#1689,#1347,.T.);
#2147=EDGE_CURVE('',#1541,#1690,#702,.T.);
#2148=EDGE_CURVE('',#1689,#1690,#1348,.T.);
#2149=EDGE_CURVE('',#1540,#1691,#703,.T.);
#2150=EDGE_CURVE('',#1690,#1691,#1349,.T.);
#2151=EDGE_CURVE('',#1692,#1539,#704,.T.);
#2152=EDGE_CURVE('',#1691,#1692,#1350,.T.);
#2153=EDGE_CURVE('',#1535,#1693,#705,.T.);
#2154=EDGE_CURVE('',#1694,#1693,#1351,.T.);
#2155=EDGE_CURVE('',#1536,#1694,#706,.T.);
#2156=EDGE_CURVE('',#1534,#1695,#707,.T.);
#2157=EDGE_CURVE('',#1693,#1695,#1352,.T.);
#2158=EDGE_CURVE('',#1533,#1696,#708,.T.);
#2159=EDGE_CURVE('',#1695,#1696,#1353,.T.);
#2160=EDGE_CURVE('',#1532,#1697,#709,.T.);
#2161=EDGE_CURVE('',#1696,#1697,#1354,.T.);
#2162=EDGE_CURVE('',#1531,#1698,#710,.T.);
#2163=EDGE_CURVE('',#1697,#1698,#1355,.T.);
#2164=EDGE_CURVE('',#1699,#1530,#711,.T.);
#2165=EDGE_CURVE('',#1698,#1699,#1356,.T.);
#2166=EDGE_CURVE('',#1528,#1700,#712,.T.);
#2167=EDGE_CURVE('',#1701,#1700,#1357,.T.);
#2168=EDGE_CURVE('',#1529,#1701,#713,.T.);
#2169=EDGE_CURVE('',#1527,#1702,#714,.T.);
#2170=EDGE_CURVE('',#1700,#1702,#1358,.T.);
#2171=EDGE_CURVE('',#1703,#1526,#715,.T.);
#2172=EDGE_CURVE('',#1702,#1703,#1359,.T.);
#2173=EDGE_CURVE('',#1704,#1523,#716,.T.);
#2174=EDGE_CURVE('',#1705,#1704,#1360,.T.);
#2175=EDGE_CURVE('',#1524,#1705,#717,.T.);
#2176=EDGE_CURVE('',#1520,#1706,#718,.T.);
#2177=EDGE_CURVE('',#1707,#1706,#1361,.T.);
#2178=EDGE_CURVE('',#1521,#1707,#719,.T.);
#2179=EDGE_CURVE('',#1708,#1519,#720,.T.);
#2180=EDGE_CURVE('',#1706,#1708,#1362,.T.);
#2181=EDGE_CURVE('',#1517,#1709,#721,.T.);
#2182=EDGE_CURVE('',#1710,#1709,#1363,.T.);
#2183=EDGE_CURVE('',#1518,#1710,#722,.T.);
#2184=EDGE_CURVE('',#1516,#1711,#723,.T.);
#2185=EDGE_CURVE('',#1709,#1711,#1364,.T.);
#2186=EDGE_CURVE('',#1515,#1712,#724,.T.);
#2187=EDGE_CURVE('',#1711,#1712,#1365,.T.);
#2188=EDGE_CURVE('',#1514,#1713,#725,.T.);
#2189=EDGE_CURVE('',#1712,#1713,#1366,.T.);
#2190=EDGE_CURVE('',#1513,#1714,#726,.T.);
#2191=EDGE_CURVE('',#1713,#1714,#1367,.T.);
#2192=EDGE_CURVE('',#1512,#1715,#727,.T.);
#2193=EDGE_CURVE('',#1714,#1715,#1368,.T.);
#2194=EDGE_CURVE('',#1511,#1716,#728,.T.);
#2195=EDGE_CURVE('',#1715,#1716,#1369,.T.);
#2196=EDGE_CURVE('',#1510,#1717,#729,.T.);
#2197=EDGE_CURVE('',#1716,#1717,#1370,.T.);
#2198=EDGE_CURVE('',#1509,#1718,#730,.T.);
#2199=EDGE_CURVE('',#1717,#1718,#1371,.T.);
#2200=EDGE_CURVE('',#1508,#1719,#731,.T.);
#2201=EDGE_CURVE('',#1718,#1719,#1372,.T.);
#2202=EDGE_CURVE('',#1507,#1720,#732,.T.);
#2203=EDGE_CURVE('',#1719,#1720,#1373,.T.);
#2204=EDGE_CURVE('',#1506,#1721,#733,.T.);
#2205=EDGE_CURVE('',#1720,#1721,#1374,.T.);
#2206=EDGE_CURVE('',#1722,#1505,#734,.T.);
#2207=EDGE_CURVE('',#1721,#1722,#1375,.T.);
#2208=EDGE_CURVE('',#1502,#1723,#735,.T.);
#2209=EDGE_CURVE('',#1724,#1723,#1376,.T.);
#2210=EDGE_CURVE('',#1503,#1724,#736,.T.);
#2211=EDGE_CURVE('',#1501,#1725,#737,.T.);
#2212=EDGE_CURVE('',#1723,#1725,#1377,.T.);
#2213=EDGE_CURVE('',#1500,#1726,#738,.T.);
#2214=EDGE_CURVE('',#1725,#1726,#1378,.T.);
#2215=EDGE_CURVE('',#1499,#1727,#739,.T.);
#2216=EDGE_CURVE('',#1726,#1727,#1379,.T.);
#2217=EDGE_CURVE('',#1498,#1728,#740,.T.);
#2218=EDGE_CURVE('',#1727,#1728,#1380,.T.);
#2219=EDGE_CURVE('',#1497,#1729,#741,.T.);
#2220=EDGE_CURVE('',#1728,#1729,#1381,.T.);
#2221=EDGE_CURVE('',#1496,#1730,#742,.T.);
#2222=EDGE_CURVE('',#1729,#1730,#1382,.T.);
#2223=EDGE_CURVE('',#1495,#1731,#743,.T.);
#2224=EDGE_CURVE('',#1730,#1731,#1383,.T.);
#2225=EDGE_CURVE('',#1494,#1732,#744,.T.);
#2226=EDGE_CURVE('',#1731,#1732,#1384,.T.);
#2227=EDGE_CURVE('',#1493,#1733,#745,.T.);
#2228=EDGE_CURVE('',#1732,#1733,#1385,.T.);
#2229=EDGE_CURVE('',#1734,#1492,#746,.T.);
#2230=EDGE_CURVE('',#1733,#1734,#1386,.T.);
#2231=EDGE_CURVE('',#1490,#1735,#747,.T.);
#2232=EDGE_CURVE('',#1736,#1735,#1387,.T.);
#2233=EDGE_CURVE('',#1491,#1736,#748,.T.);
#2234=EDGE_CURVE('',#1489,#1737,#749,.T.);
#2235=EDGE_CURVE('',#1735,#1737,#1388,.T.);
#2236=EDGE_CURVE('',#1738,#1488,#750,.T.);
#2237=EDGE_CURVE('',#1737,#1738,#1389,.T.);
#2238=EDGE_CURVE('',#1483,#1739,#751,.T.);
#2239=EDGE_CURVE('',#1740,#1739,#1390,.T.);
#2240=EDGE_CURVE('',#1484,#1740,#752,.T.);
#2241=EDGE_CURVE('',#1482,#1741,#753,.T.);
#2242=EDGE_CURVE('',#1739,#1741,#1391,.T.);
#2243=EDGE_CURVE('',#1481,#1742,#754,.T.);
#2244=EDGE_CURVE('',#1741,#1742,#1392,.T.);
#2245=EDGE_CURVE('',#1743,#1480,#755,.T.);
#2246=EDGE_CURVE('',#1742,#1743,#1393,.T.);
#2247=EDGE_CURVE('',#1744,#1632,#1443,.T.);
#2248=EDGE_CURVE('',#1452,#1744,#1394,.T.);
#2249=EDGE_CURVE('',#1630,#1745,#756,.T.);
#2250=EDGE_CURVE('',#1456,#1745,#1395,.T.);
#2251=EDGE_CURVE('',#1746,#1629,#1444,.T.);
#2252=EDGE_CURVE('',#1745,#1746,#1396,.T.);
#2253=EDGE_CURVE('',#1622,#1747,#757,.T.);
#2254=EDGE_CURVE('',#1748,#1747,#1397,.T.);
#2255=EDGE_CURVE('',#1623,#1748,#758,.T.);
#2256=EDGE_CURVE('',#1620,#1749,#759,.T.);
#2257=EDGE_CURVE('',#1747,#1749,#1398,.T.);
#2258=EDGE_CURVE('',#1621,#1750,#760,.T.);
#2259=EDGE_CURVE('',#1749,#1750,#1399,.T.);
#2260=EDGE_CURVE('',#1620,#1749,#761,.T.);
#2261=EDGE_CURVE('',#1750,#1749,#1400,.T.);
#2262=EDGE_CURVE('',#1619,#1751,#762,.T.);
#2263=EDGE_CURVE('',#1749,#1751,#1401,.T.);
#2264=EDGE_CURVE('',#1618,#1752,#763,.T.);
#2265=EDGE_CURVE('',#1751,#1752,#1402,.T.);
#2266=EDGE_CURVE('',#1617,#1753,#764,.T.);
#2267=EDGE_CURVE('',#1752,#1753,#1403,.T.);
#2268=EDGE_CURVE('',#1754,#1616,#765,.T.);
#2269=EDGE_CURVE('',#1753,#1754,#1404,.T.);
#2270=EDGE_CURVE('',#1614,#1755,#766,.T.);
#2271=EDGE_CURVE('',#1756,#1755,#1405,.T.);
#2272=EDGE_CURVE('',#1615,#1756,#767,.T.);
#2273=EDGE_CURVE('',#1613,#1757,#768,.T.);
#2274=EDGE_CURVE('',#1755,#1757,#1406,.T.);
#2275=EDGE_CURVE('',#1612,#1758,#769,.T.);
#2276=EDGE_CURVE('',#1757,#1758,#1407,.T.);
#2277=EDGE_CURVE('',#1759,#1611,#1445,.T.);
#2278=EDGE_CURVE('',#1758,#1759,#1408,.T.);
#2279=EDGE_CURVE('',#1760,#1605,#770,.T.);
#2280=EDGE_CURVE('',#1761,#1760,#1409,.T.);
#2281=EDGE_CURVE('',#1606,#1761,#771,.T.);
#2282=EDGE_CURVE('',#1603,#1762,#772,.T.);
#2283=EDGE_CURVE('',#1763,#1762,#1410,.T.);
#2284=EDGE_CURVE('',#1604,#1763,#773,.T.);
#2285=EDGE_CURVE('',#1602,#1764,#774,.T.);
#2286=EDGE_CURVE('',#1762,#1764,#1411,.T.);
#2287=EDGE_CURVE('',#1601,#1765,#775,.T.);
#2288=EDGE_CURVE('',#1764,#1765,#1412,.T.);
#2289=EDGE_CURVE('',#1600,#1766,#776,.T.);
#2290=EDGE_CURVE('',#1765,#1766,#1446,.T.);
#2291=EDGE_CURVE('',#1599,#1767,#777,.T.);
#2292=EDGE_CURVE('',#1766,#1767,#1413,.T.);
#2293=EDGE_CURVE('',#1598,#1768,#778,.T.);
#2294=EDGE_CURVE('',#1767,#1768,#1414,.T.);
#2295=EDGE_CURVE('',#1769,#1597,#779,.T.);
#2296=EDGE_CURVE('',#1768,#1769,#1415,.T.);
#2297=EDGE_CURVE('',#1595,#1770,#780,.T.);
#2298=EDGE_CURVE('',#1771,#1770,#1416,.T.);
#2299=EDGE_CURVE('',#1596,#1771,#781,.T.);
#2300=EDGE_CURVE('',#1594,#1772,#782,.T.);
#2301=EDGE_CURVE('',#1770,#1772,#1417,.T.);
#2302=EDGE_CURVE('',#1593,#1773,#783,.T.);
#2303=EDGE_CURVE('',#1772,#1773,#1418,.T.);
#2304=EDGE_CURVE('',#1592,#1774,#784,.T.);
#2305=EDGE_CURVE('',#1773,#1774,#1447,.T.);
#2306=EDGE_CURVE('',#1775,#1591,#785,.T.);
#2307=EDGE_CURVE('',#1774,#1775,#1419,.T.);
#2308=EDGE_CURVE('',#1776,#1588,#1448,.T.);
#2309=EDGE_CURVE('',#1777,#1776,#1420,.T.);
#2310=EDGE_CURVE('',#1589,#1777,#786,.T.);
#2311=EDGE_CURVE('',#1580,#1778,#787,.T.);
#2312=EDGE_CURVE('',#1646,#1778,#1421,.T.);
#2313=EDGE_CURVE('',#1579,#1779,#788,.T.);
#2314=EDGE_CURVE('',#1778,#1779,#1422,.T.);
#2315=EDGE_CURVE('',#1780,#1578,#789,.T.);
#2316=EDGE_CURVE('',#1779,#1780,#1423,.T.);
#2317=EDGE_CURVE('',#1724,#1781,#73,.T.);
#2318=EDGE_CURVE('',#1781,#1782,#790,.T.);
#2319=EDGE_CURVE('',#1783,#1782,#74,.T.);
#2320=EDGE_CURVE('',#1504,#1783,#791,.T.);
#2321=EDGE_CURVE('',#1487,#1784,#792,.T.);
#2322=EDGE_CURVE('',#1785,#1784,#793,.T.);
#2323=EDGE_CURVE('',#1786,#1785,#794,.T.);
#2324=EDGE_CURVE('',#1738,#1786,#795,.T.);
#2325=EDGE_CURVE('',#1486,#1787,#796,.T.);
#2326=EDGE_CURVE('',#1784,#1787,#797,.T.);
#2327=EDGE_CURVE('',#1485,#1788,#798,.T.);
#2328=EDGE_CURVE('',#1787,#1788,#799,.T.);
#2329=EDGE_CURVE('',#1786,#1740,#800,.T.);
#2330=EDGE_CURVE('',#1788,#1785,#801,.T.);
#2331=EDGE_CURVE('',#1743,#1736,#75,.T.);
#2332=EDGE_CURVE('',#1479,#1789,#802,.T.);
#2333=EDGE_CURVE('',#1782,#1789,#76,.T.);
#2334=EDGE_CURVE('',#1734,#1781,#77,.T.);
#2335=EDGE_CURVE('',#1744,#1450,#803,.T.);
#2336=EDGE_CURVE('',#1790,#1631,#804,.T.);
#2337=EDGE_CURVE('',#1789,#1790,#805,.T.);
#2338=EDGE_CURVE('',#1791,#1454,#806,.T.);
#2339=EDGE_CURVE('',#1792,#1791,#807,.T.);
#2340=EDGE_CURVE('',#1790,#1792,#808,.T.);
#2341=EDGE_CURVE('',#1793,#1628,#809,.T.);
#2342=EDGE_CURVE('',#1792,#1793,#810,.T.);
#2343=EDGE_CURVE('',#1746,#1791,#811,.T.);
#2344=EDGE_CURVE('',#1794,#1458,#812,.T.);
#2345=EDGE_CURVE('',#1795,#1794,#813,.T.);
#2346=EDGE_CURVE('',#1793,#1795,#814,.T.);
#2347=EDGE_CURVE('',#1796,#1625,#815,.T.);
#2348=EDGE_CURVE('',#1795,#1796,#816,.T.);
#2349=EDGE_CURVE('',#1656,#1794,#817,.T.);
#2350=EDGE_CURVE('',#1624,#1797,#818,.T.);
#2351=EDGE_CURVE('',#1796,#1797,#819,.T.);
#2352=EDGE_CURVE('',#1754,#1748,#78,.T.);
#2353=EDGE_CURVE('',#1798,#1756,#79,.T.);
#2354=EDGE_CURVE('',#1798,#1799,#820,.T.);
#2355=EDGE_CURVE('',#1797,#1799,#80,.T.);
#2356=EDGE_CURVE('',#1800,#1462,#821,.T.);
#2357=EDGE_CURVE('',#1801,#1800,#822,.T.);
#2358=EDGE_CURVE('',#1802,#1801,#823,.T.);
#2359=EDGE_CURVE('',#1802,#1610,#824,.T.);
#2360=EDGE_CURVE('',#1803,#1608,#825,.T.);
#2361=EDGE_CURVE('',#1804,#1803,#826,.T.);
#2362=EDGE_CURVE('',#1804,#1609,#827,.T.);
#2363=EDGE_CURVE('',#1805,#1607,#828,.T.);
#2364=EDGE_CURVE('',#1803,#1805,#829,.T.);
#2365=EDGE_CURVE('',#1806,#1669,#81,.T.);
#2366=EDGE_CURVE('',#1806,#1807,#830,.T.);
#2367=EDGE_CURVE('',#1808,#1807,#82,.T.);
#2368=EDGE_CURVE('',#1808,#1564,#831,.T.);
#2369=EDGE_CURVE('',#1760,#1761,#83,.T.);
#2370=EDGE_CURVE('',#1809,#1763,#84,.T.);
#2371=EDGE_CURVE('',#1809,#1810,#832,.T.);
#2372=EDGE_CURVE('',#1805,#1810,#85,.T.);
#2373=EDGE_CURVE('',#1469,#1667,#833,.T.);
#2374=EDGE_CURVE('',#1811,#1565,#834,.T.);
#2375=EDGE_CURVE('',#1812,#1811,#835,.T.);
#2376=EDGE_CURVE('',#1812,#1643,#836,.T.);
#2377=EDGE_CURVE('',#1813,#1771,#86,.T.);
#2378=EDGE_CURVE('',#1813,#1814,#837,.T.);
#2379=EDGE_CURVE('',#1815,#1814,#87,.T.);
#2380=EDGE_CURVE('',#1816,#1815,#838,.T.);
#2381=EDGE_CURVE('',#1769,#1816,#88,.T.);
#2382=EDGE_CURVE('',#1817,#1476,#839,.T.);
#2383=EDGE_CURVE('',#1818,#1817,#840,.T.);
#2384=EDGE_CURVE('',#1819,#1818,#841,.T.);
#2385=EDGE_CURVE('',#1568,#1819,#842,.T.);
#2386=EDGE_CURVE('',#1590,#1820,#843,.T.);
#2387=EDGE_CURVE('',#1814,#1820,#89,.T.);
#2388=EDGE_CURVE('',#1813,#1775,#90,.T.);
#2389=EDGE_CURVE('',#1821,#1777,#91,.T.);
#2390=EDGE_CURVE('',#1821,#1822,#844,.T.);
#2391=EDGE_CURVE('',#1820,#1822,#92,.T.);
#2392=EDGE_CURVE('',#1823,#1587,#845,.T.);
#2393=EDGE_CURVE('',#1822,#1823,#846,.T.);
#2394=EDGE_CURVE('',#1776,#1821,#847,.T.);
#2395=EDGE_CURVE('',#1824,#1586,#848,.T.);
#2396=EDGE_CURVE('',#1823,#1824,#849,.T.);
#2397=EDGE_CURVE('',#1825,#1647,#850,.T.);
#2398=EDGE_CURVE('',#1826,#1825,#851,.T.);
#2399=EDGE_CURVE('',#1824,#1826,#852,.T.);
#2400=EDGE_CURVE('',#1827,#1583,#853,.T.);
#2401=EDGE_CURVE('',#1826,#1827,#854,.T.);
#2402=EDGE_CURVE('',#1648,#1825,#855,.T.);
#2403=EDGE_CURVE('',#1828,#1645,#856,.T.);
#2404=EDGE_CURVE('',#1829,#1828,#857,.T.);
#2405=EDGE_CURVE('',#1827,#1829,#858,.T.);
#2406=EDGE_CURVE('',#1780,#1828,#859,.T.);
#2407=EDGE_CURVE('',#1830,#1664,#860,.T.);
#2408=EDGE_CURVE('',#1830,#1658,#93,.T.);
#2409=EDGE_CURVE('',#1665,#1817,#861,.T.);
#2410=EDGE_CURVE('',#1465,#1474,#862,.T.);
#2411=EDGE_CURVE('',#1809,#1816,#94,.T.);
#2412=EDGE_CURVE('',#1464,#1800,#863,.T.);
#2413=EDGE_CURVE('',#1759,#1831,#864,.T.);
#2414=EDGE_CURVE('',#1798,#1831,#865,.T.);
#2415=EDGE_CURVE('',#1680,#1832,#95,.T.);
#2416=EDGE_CURVE('',#1806,#1832,#96,.T.);
#2417=EDGE_CURVE('',#1703,#1701,#97,.T.);
#2418=EDGE_CURVE('',#1704,#1833,#866,.T.);
#2419=EDGE_CURVE('',#1833,#1694,#867,.T.);
#2420=EDGE_CURVE('',#1699,#1705,#98,.T.);
#2421=EDGE_CURVE('',#1708,#1682,#99,.T.);
#2422=EDGE_CURVE('',#1692,#1707,#868,.T.);
#2423=EDGE_CURVE('',#1722,#1710,#100,.T.);
#2424=EDGE_CURVE('',#1666,#1471,#869,.T.);
#2425=EDGE_CURVE('',#1801,#1804,#870,.T.);
#2426=EDGE_CURVE('',#1834,#1802,#871,.T.);
#2427=EDGE_CURVE('',#1831,#1834,#872,.T.);
#2428=EDGE_CURVE('',#1810,#1815,#101,.T.);
#2429=EDGE_CURVE('',#1829,#1835,#873,.T.);
#2430=EDGE_CURVE('',#1835,#1836,#102,.T.);
#2431=EDGE_CURVE('',#1836,#1819,#874,.T.);
#2432=EDGE_CURVE('',#1818,#1837,#875,.T.);
#2433=EDGE_CURVE('',#1837,#1812,#876,.T.);
#2434=EDGE_CURVE('',#1811,#1808,#877,.T.);
#2435=EDGE_CURVE('',#1807,#1838,#103,.T.);
#2436=EDGE_CURVE('',#1838,#1783,#104,.T.);
#2437=EDGE_CURVE('',#1799,#1834,#878,.T.);
#2438=EDGE_CURVE('',#1839,#1839,#105,.T.);
#2439=EDGE_CURVE('',#1840,#1840,#106,.T.);
#2440=EDGE_CURVE('',#1841,#1841,#107,.T.);
#2441=EDGE_CURVE('',#1842,#1842,#108,.T.);
#2442=EDGE_CURVE('',#1843,#1844,#879,.T.);
#2443=EDGE_CURVE('',#1844,#1845,#880,.T.);
#2444=EDGE_CURVE('',#1845,#1846,#881,.T.);
#2445=EDGE_CURVE('',#1846,#1843,#882,.T.);
#2446=EDGE_CURVE('',#1833,#1846,#883,.T.);
#2447=EDGE_CURVE('',#1537,#1845,#884,.T.);
#2448=EDGE_CURVE('',#1522,#1843,#885,.T.);
#2449=EDGE_CURVE('',#1538,#1844,#886,.T.);
#2450=EDGE_CURVE('',#1842,#1847,#887,.T.);
#2451=EDGE_CURVE('',#1847,#1847,#109,.T.);
#2452=EDGE_CURVE('',#1848,#1848,#110,.T.);
#2453=EDGE_CURVE('',#1841,#1849,#888,.T.);
#2454=EDGE_CURVE('',#1849,#1849,#111,.T.);
#2455=EDGE_CURVE('',#1850,#1850,#112,.T.);
#2456=EDGE_CURVE('',#1840,#1851,#889,.T.);
#2457=EDGE_CURVE('',#1851,#1851,#113,.T.);
#2458=EDGE_CURVE('',#1852,#1852,#114,.T.);
#2459=EDGE_CURVE('',#1839,#1853,#890,.T.);
#2460=EDGE_CURVE('',#1853,#1853,#115,.T.);
#2461=EDGE_CURVE('',#1854,#1854,#116,.T.);
#2462=EDGE_CURVE('',#1525,#1852,#891,.T.);
#2463=EDGE_CURVE('',#1637,#1850,#892,.T.);
#2464=EDGE_CURVE('',#1633,#1848,#893,.T.);
#2465=EDGE_CURVE('',#1638,#1854,#894,.T.);
#2466=EDGE_CURVE('',#1832,#1838,#895,.T.);
#2467=EDGE_CURVE('',#1830,#1836,#896,.T.);
#2468=EDGE_CURVE('',#1577,#1835,#897,.T.);
#2469=EDGE_CURVE('',#1837,#1566,#898,.T.);
#2470=ORIENTED_EDGE('',*,*,#1855,.F.);
#2471=ORIENTED_EDGE('',*,*,#1856,.F.);
#2472=ORIENTED_EDGE('',*,*,#1857,.T.);
#2473=ORIENTED_EDGE('',*,*,#1858,.F.);
#2474=ORIENTED_EDGE('',*,*,#1859,.F.);
#2475=ORIENTED_EDGE('',*,*,#1860,.F.);
#2476=ORIENTED_EDGE('',*,*,#1861,.T.);
#2477=ORIENTED_EDGE('',*,*,#1862,.F.);
#2478=ORIENTED_EDGE('',*,*,#1863,.F.);
#2479=ORIENTED_EDGE('',*,*,#1864,.F.);
#2480=ORIENTED_EDGE('',*,*,#1865,.T.);
#2481=ORIENTED_EDGE('',*,*,#1866,.F.);
#2482=ORIENTED_EDGE('',*,*,#1867,.F.);
#2483=ORIENTED_EDGE('',*,*,#1868,.T.);
#2484=ORIENTED_EDGE('',*,*,#1869,.F.);
#2485=ORIENTED_EDGE('',*,*,#1870,.F.);
#2486=ORIENTED_EDGE('',*,*,#1871,.F.);
#2487=ORIENTED_EDGE('',*,*,#1872,.F.);
#2488=ORIENTED_EDGE('',*,*,#1873,.F.);
#2489=ORIENTED_EDGE('',*,*,#1874,.T.);
#2490=ORIENTED_EDGE('',*,*,#1875,.F.);
#2491=ORIENTED_EDGE('',*,*,#1876,.F.);
#2492=ORIENTED_EDGE('',*,*,#1877,.F.);
#2493=ORIENTED_EDGE('',*,*,#1878,.T.);
#2494=ORIENTED_EDGE('',*,*,#1879,.F.);
#2495=ORIENTED_EDGE('',*,*,#1880,.T.);
#2496=ORIENTED_EDGE('',*,*,#1873,.T.);
#2497=ORIENTED_EDGE('',*,*,#1881,.F.);
#2498=ORIENTED_EDGE('',*,*,#1882,.F.);
#2499=ORIENTED_EDGE('',*,*,#1883,.F.);
#2500=ORIENTED_EDGE('',*,*,#1884,.T.);
#2501=ORIENTED_EDGE('',*,*,#1885,.F.);
#2502=ORIENTED_EDGE('',*,*,#1886,.F.);
#2503=ORIENTED_EDGE('',*,*,#1887,.F.);
#2504=ORIENTED_EDGE('',*,*,#1888,.T.);
#2505=ORIENTED_EDGE('',*,*,#1889,.T.);
#2506=ORIENTED_EDGE('',*,*,#1890,.T.);
#2507=ORIENTED_EDGE('',*,*,#1891,.T.);
#2508=ORIENTED_EDGE('',*,*,#1892,.F.);
#2509=ORIENTED_EDGE('',*,*,#1893,.F.);
#2510=ORIENTED_EDGE('',*,*,#1894,.F.);
#2511=ORIENTED_EDGE('',*,*,#1895,.F.);
#2512=ORIENTED_EDGE('',*,*,#1896,.T.);
#2513=ORIENTED_EDGE('',*,*,#1897,.T.);
#2514=ORIENTED_EDGE('',*,*,#1898,.T.);
#2515=ORIENTED_EDGE('',*,*,#1899,.F.);
#2516=ORIENTED_EDGE('',*,*,#1900,.F.);
#2517=ORIENTED_EDGE('',*,*,#1901,.F.);
#2518=ORIENTED_EDGE('',*,*,#1902,.F.);
#2519=ORIENTED_EDGE('',*,*,#1903,.F.);
#2520=ORIENTED_EDGE('',*,*,#1904,.F.);
#2521=ORIENTED_EDGE('',*,*,#1905,.F.);
#2522=ORIENTED_EDGE('',*,*,#1906,.F.);
#2523=ORIENTED_EDGE('',*,*,#1907,.F.);
#2524=ORIENTED_EDGE('',*,*,#1908,.F.);
#2525=ORIENTED_EDGE('',*,*,#1909,.F.);
#2526=ORIENTED_EDGE('',*,*,#1910,.F.);
#2527=ORIENTED_EDGE('',*,*,#1911,.F.);
#2528=ORIENTED_EDGE('',*,*,#1912,.F.);
#2529=ORIENTED_EDGE('',*,*,#1913,.F.);
#2530=ORIENTED_EDGE('',*,*,#1914,.F.);
#2531=ORIENTED_EDGE('',*,*,#1915,.F.);
#2532=ORIENTED_EDGE('',*,*,#1916,.F.);
#2533=ORIENTED_EDGE('',*,*,#1917,.F.);
#2534=ORIENTED_EDGE('',*,*,#1918,.F.);
#2535=ORIENTED_EDGE('',*,*,#1919,.F.);
#2536=ORIENTED_EDGE('',*,*,#1920,.F.);
#2537=ORIENTED_EDGE('',*,*,#1921,.F.);
#2538=ORIENTED_EDGE('',*,*,#1922,.F.);
#2539=ORIENTED_EDGE('',*,*,#1923,.F.);
#2540=ORIENTED_EDGE('',*,*,#1924,.F.);
#2541=ORIENTED_EDGE('',*,*,#1925,.F.);
#2542=ORIENTED_EDGE('',*,*,#1926,.F.);
#2543=ORIENTED_EDGE('',*,*,#1927,.T.);
#2544=ORIENTED_EDGE('',*,*,#1928,.T.);
#2545=ORIENTED_EDGE('',*,*,#1929,.F.);
#2546=ORIENTED_EDGE('',*,*,#1930,.F.);
#2547=ORIENTED_EDGE('',*,*,#1931,.F.);
#2548=ORIENTED_EDGE('',*,*,#1932,.F.);
#2549=ORIENTED_EDGE('',*,*,#1933,.F.);
#2550=ORIENTED_EDGE('',*,*,#1934,.F.);
#2551=ORIENTED_EDGE('',*,*,#1935,.F.);
#2552=ORIENTED_EDGE('',*,*,#1936,.F.);
#2553=ORIENTED_EDGE('',*,*,#1937,.F.);
#2554=ORIENTED_EDGE('',*,*,#1938,.F.);
#2555=ORIENTED_EDGE('',*,*,#1939,.F.);
#2556=ORIENTED_EDGE('',*,*,#1940,.F.);
#2557=ORIENTED_EDGE('',*,*,#1941,.F.);
#2558=ORIENTED_EDGE('',*,*,#1942,.F.);
#2559=ORIENTED_EDGE('',*,*,#1943,.F.);
#2560=ORIENTED_EDGE('',*,*,#1944,.F.);
#2561=ORIENTED_EDGE('',*,*,#1945,.F.);
#2562=ORIENTED_EDGE('',*,*,#1946,.F.);
#2563=ORIENTED_EDGE('',*,*,#1947,.T.);
#2564=ORIENTED_EDGE('',*,*,#1948,.T.);
#2565=ORIENTED_EDGE('',*,*,#1949,.T.);
#2566=ORIENTED_EDGE('',*,*,#1950,.T.);
#2567=ORIENTED_EDGE('',*,*,#1951,.T.);
#2568=ORIENTED_EDGE('',*,*,#1952,.T.);
#2569=ORIENTED_EDGE('',*,*,#1953,.T.);
#2570=ORIENTED_EDGE('',*,*,#1954,.T.);
#2571=ORIENTED_EDGE('',*,*,#1955,.T.);
#2572=ORIENTED_EDGE('',*,*,#1956,.T.);
#2573=ORIENTED_EDGE('',*,*,#1957,.T.);
#2574=ORIENTED_EDGE('',*,*,#1958,.F.);
#2575=ORIENTED_EDGE('',*,*,#1959,.T.);
#2576=ORIENTED_EDGE('',*,*,#1960,.T.);
#2577=ORIENTED_EDGE('',*,*,#1961,.T.);
#2578=ORIENTED_EDGE('',*,*,#1962,.T.);
#2579=ORIENTED_EDGE('',*,*,#1963,.T.);
#2580=ORIENTED_EDGE('',*,*,#1964,.T.);
#2581=ORIENTED_EDGE('',*,*,#1965,.T.);
#2582=ORIENTED_EDGE('',*,*,#1966,.T.);
#2583=ORIENTED_EDGE('',*,*,#1967,.T.);
#2584=ORIENTED_EDGE('',*,*,#1968,.T.);
#2585=ORIENTED_EDGE('',*,*,#1969,.T.);
#2586=ORIENTED_EDGE('',*,*,#1970,.T.);
#2587=ORIENTED_EDGE('',*,*,#1971,.F.);
#2588=ORIENTED_EDGE('',*,*,#1972,.F.);
#2589=ORIENTED_EDGE('',*,*,#1874,.F.);
#2590=ORIENTED_EDGE('',*,*,#1880,.F.);
#2591=ORIENTED_EDGE('',*,*,#1973,.F.);
#2592=ORIENTED_EDGE('',*,*,#1974,.F.);
#2593=ORIENTED_EDGE('',*,*,#1878,.F.);
#2594=ORIENTED_EDGE('',*,*,#1975,.F.);
#2595=ORIENTED_EDGE('',*,*,#1976,.F.);
#2596=ORIENTED_EDGE('',*,*,#1977,.T.);
#2597=ORIENTED_EDGE('',*,*,#1883,.T.);
#2598=ORIENTED_EDGE('',*,*,#1978,.F.);
#2599=ORIENTED_EDGE('',*,*,#1979,.F.);
#2600=ORIENTED_EDGE('',*,*,#1980,.F.);
#2601=ORIENTED_EDGE('',*,*,#1981,.F.);
#2602=ORIENTED_EDGE('',*,*,#1982,.T.);
#2603=ORIENTED_EDGE('',*,*,#1983,.T.);
#2604=ORIENTED_EDGE('',*,*,#1984,.F.);
#2605=ORIENTED_EDGE('',*,*,#1985,.F.);
#2606=ORIENTED_EDGE('',*,*,#1986,.F.);
#2607=ORIENTED_EDGE('',*,*,#1987,.F.);
#2608=ORIENTED_EDGE('',*,*,#1988,.F.);
#2609=ORIENTED_EDGE('',*,*,#1989,.F.);
#2610=ORIENTED_EDGE('',*,*,#1990,.T.);
#2611=ORIENTED_EDGE('',*,*,#1991,.T.);
#2612=ORIENTED_EDGE('',*,*,#1992,.T.);
#2613=ORIENTED_EDGE('',*,*,#1993,.T.);
#2614=ORIENTED_EDGE('',*,*,#1994,.F.);
#2615=ORIENTED_EDGE('',*,*,#1995,.F.);
#2616=ORIENTED_EDGE('',*,*,#1996,.T.);
#2617=ORIENTED_EDGE('',*,*,#1997,.F.);
#2618=ORIENTED_EDGE('',*,*,#1998,.F.);
#2619=ORIENTED_EDGE('',*,*,#1999,.F.);
#2620=ORIENTED_EDGE('',*,*,#2000,.T.);
#2621=ORIENTED_EDGE('',*,*,#2001,.F.);
#2622=ORIENTED_EDGE('',*,*,#2002,.F.);
#2623=ORIENTED_EDGE('',*,*,#2003,.T.);
#2624=ORIENTED_EDGE('',*,*,#2004,.T.);
#2625=ORIENTED_EDGE('',*,*,#2005,.T.);
#2626=ORIENTED_EDGE('',*,*,#2006,.T.);
#2627=ORIENTED_EDGE('',*,*,#2007,.T.);
#2628=ORIENTED_EDGE('',*,*,#2008,.F.);
#2629=ORIENTED_EDGE('',*,*,#2009,.T.);
#2630=ORIENTED_EDGE('',*,*,#2010,.T.);
#2631=ORIENTED_EDGE('',*,*,#2011,.T.);
#2632=ORIENTED_EDGE('',*,*,#2012,.T.);
#2633=ORIENTED_EDGE('',*,*,#2013,.T.);
#2634=ORIENTED_EDGE('',*,*,#2014,.T.);
#2635=ORIENTED_EDGE('',*,*,#2015,.T.);
#2636=ORIENTED_EDGE('',*,*,#2016,.F.);
#2637=ORIENTED_EDGE('',*,*,#2017,.T.);
#2638=ORIENTED_EDGE('',*,*,#2018,.F.);
#2639=ORIENTED_EDGE('',*,*,#2019,.F.);
#2640=ORIENTED_EDGE('',*,*,#2020,.F.);
#2641=ORIENTED_EDGE('',*,*,#2021,.F.);
#2642=ORIENTED_EDGE('',*,*,#1868,.F.);
#2643=ORIENTED_EDGE('',*,*,#2022,.F.);
#2644=ORIENTED_EDGE('',*,*,#2023,.F.);
#2645=ORIENTED_EDGE('',*,*,#2024,.F.);
#2646=ORIENTED_EDGE('',*,*,#2025,.F.);
#2647=ORIENTED_EDGE('',*,*,#2026,.F.);
#2648=ORIENTED_EDGE('',*,*,#2027,.F.);
#2649=ORIENTED_EDGE('',*,*,#2028,.F.);
#2650=ORIENTED_EDGE('',*,*,#2029,.T.);
#2651=ORIENTED_EDGE('',*,*,#2030,.T.);
#2652=ORIENTED_EDGE('',*,*,#2031,.T.);
#2653=ORIENTED_EDGE('',*,*,#2032,.T.);
#2654=ORIENTED_EDGE('',*,*,#2033,.F.);
#2655=ORIENTED_EDGE('',*,*,#2034,.F.);
#2656=ORIENTED_EDGE('',*,*,#2035,.T.);
#2657=ORIENTED_EDGE('',*,*,#2036,.T.);
#2658=ORIENTED_EDGE('',*,*,#2037,.F.);
#2659=ORIENTED_EDGE('',*,*,#2038,.F.);
#2660=ORIENTED_EDGE('',*,*,#2039,.F.);
#2661=ORIENTED_EDGE('',*,*,#2040,.T.);
#2662=ORIENTED_EDGE('',*,*,#2041,.T.);
#2663=ORIENTED_EDGE('',*,*,#1864,.T.);
#2664=ORIENTED_EDGE('',*,*,#2042,.F.);
#2665=ORIENTED_EDGE('',*,*,#2043,.F.);
#2666=ORIENTED_EDGE('',*,*,#2044,.T.);
#2667=ORIENTED_EDGE('',*,*,#2045,.T.);
#2668=ORIENTED_EDGE('',*,*,#1860,.T.);
#2669=ORIENTED_EDGE('',*,*,#2046,.F.);
#2670=ORIENTED_EDGE('',*,*,#2047,.F.);
#2671=ORIENTED_EDGE('',*,*,#2048,.T.);
#2672=ORIENTED_EDGE('',*,*,#1856,.T.);
#2673=ORIENTED_EDGE('',*,*,#2049,.F.);
#2674=ORIENTED_EDGE('',*,*,#2050,.T.);
#2675=ORIENTED_EDGE('',*,*,#2051,.T.);
#2676=ORIENTED_EDGE('',*,*,#2052,.T.);
#2677=ORIENTED_EDGE('',*,*,#2053,.F.);
#2678=ORIENTED_EDGE('',*,*,#2054,.F.);
#2679=ORIENTED_EDGE('',*,*,#2055,.T.);
#2680=ORIENTED_EDGE('',*,*,#2056,.T.);
#2681=ORIENTED_EDGE('',*,*,#2057,.T.);
#2682=ORIENTED_EDGE('',*,*,#2058,.F.);
#2683=ORIENTED_EDGE('',*,*,#2059,.F.);
#2684=ORIENTED_EDGE('',*,*,#2060,.F.);
#2685=ORIENTED_EDGE('',*,*,#2061,.F.);
#2686=ORIENTED_EDGE('',*,*,#1993,.F.);
#2687=ORIENTED_EDGE('',*,*,#2062,.T.);
#2688=ORIENTED_EDGE('',*,*,#2063,.F.);
#2689=ORIENTED_EDGE('',*,*,#2064,.F.);
#2690=ORIENTED_EDGE('',*,*,#1996,.F.);
#2691=ORIENTED_EDGE('',*,*,#2065,.F.);
#2692=ORIENTED_EDGE('',*,*,#2066,.F.);
#2693=ORIENTED_EDGE('',*,*,#2052,.F.);
#2694=ORIENTED_EDGE('',*,*,#2067,.T.);
#2695=ORIENTED_EDGE('',*,*,#2068,.F.);
#2696=ORIENTED_EDGE('',*,*,#2069,.F.);
#2697=ORIENTED_EDGE('',*,*,#2051,.F.);
#2698=ORIENTED_EDGE('',*,*,#2070,.T.);
#2699=ORIENTED_EDGE('',*,*,#2071,.F.);
#2700=ORIENTED_EDGE('',*,*,#2067,.F.);
#2701=ORIENTED_EDGE('',*,*,#2050,.F.);
#2702=ORIENTED_EDGE('',*,*,#2069,.T.);
#2703=ORIENTED_EDGE('',*,*,#2072,.F.);
#2704=ORIENTED_EDGE('',*,*,#2070,.F.);
#2705=ORIENTED_EDGE('',*,*,#2057,.F.);
#2706=ORIENTED_EDGE('',*,*,#2073,.T.);
#2707=ORIENTED_EDGE('',*,*,#2074,.F.);
#2708=ORIENTED_EDGE('',*,*,#2075,.F.);
#2709=ORIENTED_EDGE('',*,*,#2056,.F.);
#2710=ORIENTED_EDGE('',*,*,#2076,.T.);
#2711=ORIENTED_EDGE('',*,*,#2077,.F.);
#2712=ORIENTED_EDGE('',*,*,#2073,.F.);
#2713=ORIENTED_EDGE('',*,*,#2055,.F.);
#2714=ORIENTED_EDGE('',*,*,#2075,.T.);
#2715=ORIENTED_EDGE('',*,*,#2078,.F.);
#2716=ORIENTED_EDGE('',*,*,#2076,.F.);
#2717=ORIENTED_EDGE('',*,*,#2041,.F.);
#2718=ORIENTED_EDGE('',*,*,#2079,.T.);
#2719=ORIENTED_EDGE('',*,*,#2080,.F.);
#2720=ORIENTED_EDGE('',*,*,#1865,.F.);
#2721=ORIENTED_EDGE('',*,*,#2081,.F.);
#2722=ORIENTED_EDGE('',*,*,#2082,.F.);
#2723=ORIENTED_EDGE('',*,*,#2079,.F.);
#2724=ORIENTED_EDGE('',*,*,#2040,.F.);
#2725=ORIENTED_EDGE('',*,*,#1987,.T.);
#2726=ORIENTED_EDGE('',*,*,#2083,.T.);
#2727=ORIENTED_EDGE('',*,*,#2084,.F.);
#2728=ORIENTED_EDGE('',*,*,#2085,.F.);
#2729=ORIENTED_EDGE('',*,*,#1986,.T.);
#2730=ORIENTED_EDGE('',*,*,#2086,.T.);
#2731=ORIENTED_EDGE('',*,*,#2087,.F.);
#2732=ORIENTED_EDGE('',*,*,#2083,.F.);
#2733=ORIENTED_EDGE('',*,*,#1985,.T.);
#2734=ORIENTED_EDGE('',*,*,#2088,.T.);
#2735=ORIENTED_EDGE('',*,*,#2089,.F.);
#2736=ORIENTED_EDGE('',*,*,#2086,.F.);
#2737=ORIENTED_EDGE('',*,*,#1984,.T.);
#2738=ORIENTED_EDGE('',*,*,#2090,.T.);
#2739=ORIENTED_EDGE('',*,*,#2091,.F.);
#2740=ORIENTED_EDGE('',*,*,#2088,.F.);
#2741=ORIENTED_EDGE('',*,*,#1983,.F.);
#2742=ORIENTED_EDGE('',*,*,#2092,.T.);
#2743=ORIENTED_EDGE('',*,*,#2093,.F.);
#2744=ORIENTED_EDGE('',*,*,#2094,.F.);
#2745=ORIENTED_EDGE('',*,*,#1982,.F.);
#2746=ORIENTED_EDGE('',*,*,#2094,.T.);
#2747=ORIENTED_EDGE('',*,*,#2095,.F.);
#2748=ORIENTED_EDGE('',*,*,#2092,.F.);
#2749=ORIENTED_EDGE('',*,*,#1981,.T.);
#2750=ORIENTED_EDGE('',*,*,#2096,.T.);
#2751=ORIENTED_EDGE('',*,*,#2097,.F.);
#2752=ORIENTED_EDGE('',*,*,#2090,.F.);
#2753=ORIENTED_EDGE('',*,*,#1980,.T.);
#2754=ORIENTED_EDGE('',*,*,#2098,.F.);
#2755=ORIENTED_EDGE('',*,*,#2099,.F.);
#2756=ORIENTED_EDGE('',*,*,#2096,.F.);
#2757=ORIENTED_EDGE('',*,*,#2100,.F.);
#2758=ORIENTED_EDGE('',*,*,#2101,.F.);
#2759=ORIENTED_EDGE('',*,*,#1884,.F.);
#2760=ORIENTED_EDGE('',*,*,#1977,.F.);
#2761=ORIENTED_EDGE('',*,*,#2102,.F.);
#2762=ORIENTED_EDGE('',*,*,#2103,.F.);
#2763=ORIENTED_EDGE('',*,*,#2104,.F.);
#2764=ORIENTED_EDGE('',*,*,#2059,.T.);
#2765=ORIENTED_EDGE('',*,*,#1970,.F.);
#2766=ORIENTED_EDGE('',*,*,#2105,.T.);
#2767=ORIENTED_EDGE('',*,*,#2106,.F.);
#2768=ORIENTED_EDGE('',*,*,#2107,.F.);
#2769=ORIENTED_EDGE('',*,*,#1969,.F.);
#2770=ORIENTED_EDGE('',*,*,#2108,.T.);
#2771=ORIENTED_EDGE('',*,*,#2109,.F.);
#2772=ORIENTED_EDGE('',*,*,#2105,.F.);
#2773=ORIENTED_EDGE('',*,*,#1968,.F.);
#2774=ORIENTED_EDGE('',*,*,#2110,.T.);
#2775=ORIENTED_EDGE('',*,*,#2111,.F.);
#2776=ORIENTED_EDGE('',*,*,#2108,.F.);
#2777=ORIENTED_EDGE('',*,*,#1967,.F.);
#2778=ORIENTED_EDGE('',*,*,#2112,.T.);
#2779=ORIENTED_EDGE('',*,*,#2113,.F.);
#2780=ORIENTED_EDGE('',*,*,#2110,.F.);
#2781=ORIENTED_EDGE('',*,*,#1966,.F.);
#2782=ORIENTED_EDGE('',*,*,#2114,.T.);
#2783=ORIENTED_EDGE('',*,*,#2115,.F.);
#2784=ORIENTED_EDGE('',*,*,#2112,.F.);
#2785=ORIENTED_EDGE('',*,*,#1965,.F.);
#2786=ORIENTED_EDGE('',*,*,#2116,.T.);
#2787=ORIENTED_EDGE('',*,*,#2117,.F.);
#2788=ORIENTED_EDGE('',*,*,#2114,.F.);
#2789=ORIENTED_EDGE('',*,*,#1964,.F.);
#2790=ORIENTED_EDGE('',*,*,#2118,.T.);
#2791=ORIENTED_EDGE('',*,*,#2119,.F.);
#2792=ORIENTED_EDGE('',*,*,#2116,.F.);
#2793=ORIENTED_EDGE('',*,*,#1963,.F.);
#2794=ORIENTED_EDGE('',*,*,#2120,.T.);
#2795=ORIENTED_EDGE('',*,*,#2121,.F.);
#2796=ORIENTED_EDGE('',*,*,#2118,.F.);
#2797=ORIENTED_EDGE('',*,*,#1962,.F.);
#2798=ORIENTED_EDGE('',*,*,#2122,.T.);
#2799=ORIENTED_EDGE('',*,*,#2123,.F.);
#2800=ORIENTED_EDGE('',*,*,#2120,.F.);
#2801=ORIENTED_EDGE('',*,*,#1961,.F.);
#2802=ORIENTED_EDGE('',*,*,#2124,.T.);
#2803=ORIENTED_EDGE('',*,*,#2125,.F.);
#2804=ORIENTED_EDGE('',*,*,#2122,.F.);
#2805=ORIENTED_EDGE('',*,*,#1960,.F.);
#2806=ORIENTED_EDGE('',*,*,#2126,.T.);
#2807=ORIENTED_EDGE('',*,*,#2127,.F.);
#2808=ORIENTED_EDGE('',*,*,#2124,.F.);
#2809=ORIENTED_EDGE('',*,*,#1959,.F.);
#2810=ORIENTED_EDGE('',*,*,#2128,.F.);
#2811=ORIENTED_EDGE('',*,*,#2129,.F.);
#2812=ORIENTED_EDGE('',*,*,#2126,.F.);
#2813=ORIENTED_EDGE('',*,*,#1957,.F.);
#2814=ORIENTED_EDGE('',*,*,#2130,.T.);
#2815=ORIENTED_EDGE('',*,*,#2131,.F.);
#2816=ORIENTED_EDGE('',*,*,#2132,.F.);
#2817=ORIENTED_EDGE('',*,*,#1956,.F.);
#2818=ORIENTED_EDGE('',*,*,#2133,.T.);
#2819=ORIENTED_EDGE('',*,*,#2134,.F.);
#2820=ORIENTED_EDGE('',*,*,#2130,.F.);
#2821=ORIENTED_EDGE('',*,*,#1955,.F.);
#2822=ORIENTED_EDGE('',*,*,#2135,.T.);
#2823=ORIENTED_EDGE('',*,*,#2136,.F.);
#2824=ORIENTED_EDGE('',*,*,#2133,.F.);
#2825=ORIENTED_EDGE('',*,*,#1954,.F.);
#2826=ORIENTED_EDGE('',*,*,#2137,.T.);
#2827=ORIENTED_EDGE('',*,*,#2138,.F.);
#2828=ORIENTED_EDGE('',*,*,#2135,.F.);
#2829=ORIENTED_EDGE('',*,*,#1953,.F.);
#2830=ORIENTED_EDGE('',*,*,#2139,.T.);
#2831=ORIENTED_EDGE('',*,*,#2140,.F.);
#2832=ORIENTED_EDGE('',*,*,#2137,.F.);
#2833=ORIENTED_EDGE('',*,*,#1952,.F.);
#2834=ORIENTED_EDGE('',*,*,#2141,.T.);
#2835=ORIENTED_EDGE('',*,*,#2142,.F.);
#2836=ORIENTED_EDGE('',*,*,#2139,.F.);
#2837=ORIENTED_EDGE('',*,*,#1951,.F.);
#2838=ORIENTED_EDGE('',*,*,#2143,.T.);
#2839=ORIENTED_EDGE('',*,*,#2144,.F.);
#2840=ORIENTED_EDGE('',*,*,#2141,.F.);
#2841=ORIENTED_EDGE('',*,*,#1950,.F.);
#2842=ORIENTED_EDGE('',*,*,#2145,.T.);
#2843=ORIENTED_EDGE('',*,*,#2146,.F.);
#2844=ORIENTED_EDGE('',*,*,#2143,.F.);
#2845=ORIENTED_EDGE('',*,*,#1949,.F.);
#2846=ORIENTED_EDGE('',*,*,#2147,.T.);
#2847=ORIENTED_EDGE('',*,*,#2148,.F.);
#2848=ORIENTED_EDGE('',*,*,#2145,.F.);
#2849=ORIENTED_EDGE('',*,*,#1948,.F.);
#2850=ORIENTED_EDGE('',*,*,#2149,.T.);
#2851=ORIENTED_EDGE('',*,*,#2150,.F.);
#2852=ORIENTED_EDGE('',*,*,#2147,.F.);
#2853=ORIENTED_EDGE('',*,*,#1947,.F.);
#2854=ORIENTED_EDGE('',*,*,#2151,.F.);
#2855=ORIENTED_EDGE('',*,*,#2152,.F.);
#2856=ORIENTED_EDGE('',*,*,#2149,.F.);
#2857=ORIENTED_EDGE('',*,*,#1943,.T.);
#2858=ORIENTED_EDGE('',*,*,#2153,.T.);
#2859=ORIENTED_EDGE('',*,*,#2154,.F.);
#2860=ORIENTED_EDGE('',*,*,#2155,.F.);
#2861=ORIENTED_EDGE('',*,*,#1942,.T.);
#2862=ORIENTED_EDGE('',*,*,#2156,.T.);
#2863=ORIENTED_EDGE('',*,*,#2157,.F.);
#2864=ORIENTED_EDGE('',*,*,#2153,.F.);
#2865=ORIENTED_EDGE('',*,*,#1941,.T.);
#2866=ORIENTED_EDGE('',*,*,#2158,.T.);
#2867=ORIENTED_EDGE('',*,*,#2159,.F.);
#2868=ORIENTED_EDGE('',*,*,#2156,.F.);
#2869=ORIENTED_EDGE('',*,*,#1940,.T.);
#2870=ORIENTED_EDGE('',*,*,#2160,.T.);
#2871=ORIENTED_EDGE('',*,*,#2161,.F.);
#2872=ORIENTED_EDGE('',*,*,#2158,.F.);
#2873=ORIENTED_EDGE('',*,*,#1939,.T.);
#2874=ORIENTED_EDGE('',*,*,#2162,.T.);
#2875=ORIENTED_EDGE('',*,*,#2163,.F.);
#2876=ORIENTED_EDGE('',*,*,#2160,.F.);
#2877=ORIENTED_EDGE('',*,*,#1938,.T.);
#2878=ORIENTED_EDGE('',*,*,#2164,.F.);
#2879=ORIENTED_EDGE('',*,*,#2165,.F.);
#2880=ORIENTED_EDGE('',*,*,#2162,.F.);
#2881=ORIENTED_EDGE('',*,*,#1936,.T.);
#2882=ORIENTED_EDGE('',*,*,#2166,.T.);
#2883=ORIENTED_EDGE('',*,*,#2167,.F.);
#2884=ORIENTED_EDGE('',*,*,#2168,.F.);
#2885=ORIENTED_EDGE('',*,*,#1935,.T.);
#2886=ORIENTED_EDGE('',*,*,#2169,.T.);
#2887=ORIENTED_EDGE('',*,*,#2170,.F.);
#2888=ORIENTED_EDGE('',*,*,#2166,.F.);
#2889=ORIENTED_EDGE('',*,*,#1934,.T.);
#2890=ORIENTED_EDGE('',*,*,#2171,.F.);
#2891=ORIENTED_EDGE('',*,*,#2172,.F.);
#2892=ORIENTED_EDGE('',*,*,#2169,.F.);
#2893=ORIENTED_EDGE('',*,*,#1931,.T.);
#2894=ORIENTED_EDGE('',*,*,#2173,.F.);
#2895=ORIENTED_EDGE('',*,*,#2174,.F.);
#2896=ORIENTED_EDGE('',*,*,#2175,.F.);
#2897=ORIENTED_EDGE('',*,*,#1928,.F.);
#2898=ORIENTED_EDGE('',*,*,#2176,.T.);
#2899=ORIENTED_EDGE('',*,*,#2177,.F.);
#2900=ORIENTED_EDGE('',*,*,#2178,.F.);
#2901=ORIENTED_EDGE('',*,*,#1927,.F.);
#2902=ORIENTED_EDGE('',*,*,#2179,.F.);
#2903=ORIENTED_EDGE('',*,*,#2180,.F.);
#2904=ORIENTED_EDGE('',*,*,#2176,.F.);
#2905=ORIENTED_EDGE('',*,*,#1925,.T.);
#2906=ORIENTED_EDGE('',*,*,#2181,.T.);
#2907=ORIENTED_EDGE('',*,*,#2182,.F.);
#2908=ORIENTED_EDGE('',*,*,#2183,.F.);
#2909=ORIENTED_EDGE('',*,*,#1924,.T.);
#2910=ORIENTED_EDGE('',*,*,#2184,.T.);
#2911=ORIENTED_EDGE('',*,*,#2185,.F.);
#2912=ORIENTED_EDGE('',*,*,#2181,.F.);
#2913=ORIENTED_EDGE('',*,*,#1923,.T.);
#2914=ORIENTED_EDGE('',*,*,#2186,.T.);
#2915=ORIENTED_EDGE('',*,*,#2187,.F.);
#2916=ORIENTED_EDGE('',*,*,#2184,.F.);
#2917=ORIENTED_EDGE('',*,*,#1922,.T.);
#2918=ORIENTED_EDGE('',*,*,#2188,.T.);
#2919=ORIENTED_EDGE('',*,*,#2189,.F.);
#2920=ORIENTED_EDGE('',*,*,#2186,.F.);
#2921=ORIENTED_EDGE('',*,*,#1921,.T.);
#2922=ORIENTED_EDGE('',*,*,#2190,.T.);
#2923=ORIENTED_EDGE('',*,*,#2191,.F.);
#2924=ORIENTED_EDGE('',*,*,#2188,.F.);
#2925=ORIENTED_EDGE('',*,*,#1920,.T.);
#2926=ORIENTED_EDGE('',*,*,#2192,.T.);
#2927=ORIENTED_EDGE('',*,*,#2193,.F.);
#2928=ORIENTED_EDGE('',*,*,#2190,.F.);
#2929=ORIENTED_EDGE('',*,*,#1919,.T.);
#2930=ORIENTED_EDGE('',*,*,#2194,.T.);
#2931=ORIENTED_EDGE('',*,*,#2195,.F.);
#2932=ORIENTED_EDGE('',*,*,#2192,.F.);
#2933=ORIENTED_EDGE('',*,*,#1918,.T.);
#2934=ORIENTED_EDGE('',*,*,#2196,.T.);
#2935=ORIENTED_EDGE('',*,*,#2197,.F.);
#2936=ORIENTED_EDGE('',*,*,#2194,.F.);
#2937=ORIENTED_EDGE('',*,*,#1917,.T.);
#2938=ORIENTED_EDGE('',*,*,#2198,.T.);
#2939=ORIENTED_EDGE('',*,*,#2199,.F.);
#2940=ORIENTED_EDGE('',*,*,#2196,.F.);
#2941=ORIENTED_EDGE('',*,*,#1916,.T.);
#2942=ORIENTED_EDGE('',*,*,#2200,.T.);
#2943=ORIENTED_EDGE('',*,*,#2201,.F.);
#2944=ORIENTED_EDGE('',*,*,#2198,.F.);
#2945=ORIENTED_EDGE('',*,*,#1915,.T.);
#2946=ORIENTED_EDGE('',*,*,#2202,.T.);
#2947=ORIENTED_EDGE('',*,*,#2203,.F.);
#2948=ORIENTED_EDGE('',*,*,#2200,.F.);
#2949=ORIENTED_EDGE('',*,*,#1914,.T.);
#2950=ORIENTED_EDGE('',*,*,#2204,.T.);
#2951=ORIENTED_EDGE('',*,*,#2205,.F.);
#2952=ORIENTED_EDGE('',*,*,#2202,.F.);
#2953=ORIENTED_EDGE('',*,*,#1913,.T.);
#2954=ORIENTED_EDGE('',*,*,#2206,.F.);
#2955=ORIENTED_EDGE('',*,*,#2207,.F.);
#2956=ORIENTED_EDGE('',*,*,#2204,.F.);
#2957=ORIENTED_EDGE('',*,*,#1910,.T.);
#2958=ORIENTED_EDGE('',*,*,#2208,.T.);
#2959=ORIENTED_EDGE('',*,*,#2209,.F.);
#2960=ORIENTED_EDGE('',*,*,#2210,.F.);
#2961=ORIENTED_EDGE('',*,*,#1909,.T.);
#2962=ORIENTED_EDGE('',*,*,#2211,.T.);
#2963=ORIENTED_EDGE('',*,*,#2212,.F.);
#2964=ORIENTED_EDGE('',*,*,#2208,.F.);
#2965=ORIENTED_EDGE('',*,*,#1908,.T.);
#2966=ORIENTED_EDGE('',*,*,#2213,.T.);
#2967=ORIENTED_EDGE('',*,*,#2214,.F.);
#2968=ORIENTED_EDGE('',*,*,#2211,.F.);
#2969=ORIENTED_EDGE('',*,*,#1907,.T.);
#2970=ORIENTED_EDGE('',*,*,#2215,.T.);
#2971=ORIENTED_EDGE('',*,*,#2216,.F.);
#2972=ORIENTED_EDGE('',*,*,#2213,.F.);
#2973=ORIENTED_EDGE('',*,*,#1906,.T.);
#2974=ORIENTED_EDGE('',*,*,#2217,.T.);
#2975=ORIENTED_EDGE('',*,*,#2218,.F.);
#2976=ORIENTED_EDGE('',*,*,#2215,.F.);
#2977=ORIENTED_EDGE('',*,*,#1905,.T.);
#2978=ORIENTED_EDGE('',*,*,#2219,.T.);
#2979=ORIENTED_EDGE('',*,*,#2220,.F.);
#2980=ORIENTED_EDGE('',*,*,#2217,.F.);
#2981=ORIENTED_EDGE('',*,*,#1904,.T.);
#2982=ORIENTED_EDGE('',*,*,#2221,.T.);
#2983=ORIENTED_EDGE('',*,*,#2222,.F.);
#2984=ORIENTED_EDGE('',*,*,#2219,.F.);
#2985=ORIENTED_EDGE('',*,*,#1903,.T.);
#2986=ORIENTED_EDGE('',*,*,#2223,.T.);
#2987=ORIENTED_EDGE('',*,*,#2224,.F.);
#2988=ORIENTED_EDGE('',*,*,#2221,.F.);
#2989=ORIENTED_EDGE('',*,*,#1902,.T.);
#2990=ORIENTED_EDGE('',*,*,#2225,.T.);
#2991=ORIENTED_EDGE('',*,*,#2226,.F.);
#2992=ORIENTED_EDGE('',*,*,#2223,.F.);
#2993=ORIENTED_EDGE('',*,*,#1901,.T.);
#2994=ORIENTED_EDGE('',*,*,#2227,.T.);
#2995=ORIENTED_EDGE('',*,*,#2228,.F.);
#2996=ORIENTED_EDGE('',*,*,#2225,.F.);
#2997=ORIENTED_EDGE('',*,*,#1900,.T.);
#2998=ORIENTED_EDGE('',*,*,#2229,.F.);
#2999=ORIENTED_EDGE('',*,*,#2230,.F.);
#3000=ORIENTED_EDGE('',*,*,#2227,.F.);
#3001=ORIENTED_EDGE('',*,*,#1898,.F.);
#3002=ORIENTED_EDGE('',*,*,#2231,.T.);
#3003=ORIENTED_EDGE('',*,*,#2232,.F.);
#3004=ORIENTED_EDGE('',*,*,#2233,.F.);
#3005=ORIENTED_EDGE('',*,*,#1897,.F.);
#3006=ORIENTED_EDGE('',*,*,#2234,.T.);
#3007=ORIENTED_EDGE('',*,*,#2235,.F.);
#3008=ORIENTED_EDGE('',*,*,#2231,.F.);
#3009=ORIENTED_EDGE('',*,*,#1896,.F.);
#3010=ORIENTED_EDGE('',*,*,#2236,.F.);
#3011=ORIENTED_EDGE('',*,*,#2237,.F.);
#3012=ORIENTED_EDGE('',*,*,#2234,.F.);
#3013=ORIENTED_EDGE('',*,*,#1891,.F.);
#3014=ORIENTED_EDGE('',*,*,#2238,.T.);
#3015=ORIENTED_EDGE('',*,*,#2239,.F.);
#3016=ORIENTED_EDGE('',*,*,#2240,.F.);
#3017=ORIENTED_EDGE('',*,*,#1890,.F.);
#3018=ORIENTED_EDGE('',*,*,#2241,.T.);
#3019=ORIENTED_EDGE('',*,*,#2242,.F.);
#3020=ORIENTED_EDGE('',*,*,#2238,.F.);
#3021=ORIENTED_EDGE('',*,*,#1889,.F.);
#3022=ORIENTED_EDGE('',*,*,#2243,.T.);
#3023=ORIENTED_EDGE('',*,*,#2244,.F.);
#3024=ORIENTED_EDGE('',*,*,#2241,.F.);
#3025=ORIENTED_EDGE('',*,*,#1888,.F.);
#3026=ORIENTED_EDGE('',*,*,#2245,.F.);
#3027=ORIENTED_EDGE('',*,*,#2246,.F.);
#3028=ORIENTED_EDGE('',*,*,#2243,.F.);
#3029=ORIENTED_EDGE('',*,*,#2247,.F.);
#3030=ORIENTED_EDGE('',*,*,#2248,.F.);
#3031=ORIENTED_EDGE('',*,*,#1857,.F.);
#3032=ORIENTED_EDGE('',*,*,#2048,.F.);
#3033=ORIENTED_EDGE('',*,*,#2045,.F.);
#3034=ORIENTED_EDGE('',*,*,#2249,.T.);
#3035=ORIENTED_EDGE('',*,*,#2250,.F.);
#3036=ORIENTED_EDGE('',*,*,#1861,.F.);
#3037=ORIENTED_EDGE('',*,*,#2251,.F.);
#3038=ORIENTED_EDGE('',*,*,#2252,.F.);
#3039=ORIENTED_EDGE('',*,*,#2249,.F.);
#3040=ORIENTED_EDGE('',*,*,#2044,.F.);
#3041=ORIENTED_EDGE('',*,*,#2036,.F.);
#3042=ORIENTED_EDGE('',*,*,#2253,.T.);
#3043=ORIENTED_EDGE('',*,*,#2254,.F.);
#3044=ORIENTED_EDGE('',*,*,#2255,.F.);
#3045=ORIENTED_EDGE('',*,*,#2035,.F.);
#3046=ORIENTED_EDGE('',*,*,#2256,.T.);
#3047=ORIENTED_EDGE('',*,*,#2257,.F.);
#3048=ORIENTED_EDGE('',*,*,#2253,.F.);
#3049=ORIENTED_EDGE('',*,*,#2034,.T.);
#3050=ORIENTED_EDGE('',*,*,#2258,.T.);
#3051=ORIENTED_EDGE('',*,*,#2259,.F.);
#3052=ORIENTED_EDGE('',*,*,#2260,.F.);
#3053=ORIENTED_EDGE('',*,*,#2033,.T.);
#3054=ORIENTED_EDGE('',*,*,#2260,.T.);
#3055=ORIENTED_EDGE('',*,*,#2261,.F.);
#3056=ORIENTED_EDGE('',*,*,#2258,.F.);
#3057=ORIENTED_EDGE('',*,*,#2032,.F.);
#3058=ORIENTED_EDGE('',*,*,#2262,.T.);
#3059=ORIENTED_EDGE('',*,*,#2263,.F.);
#3060=ORIENTED_EDGE('',*,*,#2256,.F.);
#3061=ORIENTED_EDGE('',*,*,#2031,.F.);
#3062=ORIENTED_EDGE('',*,*,#2264,.T.);
#3063=ORIENTED_EDGE('',*,*,#2265,.F.);
#3064=ORIENTED_EDGE('',*,*,#2262,.F.);
#3065=ORIENTED_EDGE('',*,*,#2030,.F.);
#3066=ORIENTED_EDGE('',*,*,#2266,.T.);
#3067=ORIENTED_EDGE('',*,*,#2267,.F.);
#3068=ORIENTED_EDGE('',*,*,#2264,.F.);
#3069=ORIENTED_EDGE('',*,*,#2029,.F.);
#3070=ORIENTED_EDGE('',*,*,#2268,.F.);
#3071=ORIENTED_EDGE('',*,*,#2269,.F.);
#3072=ORIENTED_EDGE('',*,*,#2266,.F.);
#3073=ORIENTED_EDGE('',*,*,#2027,.T.);
#3074=ORIENTED_EDGE('',*,*,#2270,.T.);
#3075=ORIENTED_EDGE('',*,*,#2271,.F.);
#3076=ORIENTED_EDGE('',*,*,#2272,.F.);
#3077=ORIENTED_EDGE('',*,*,#2026,.T.);
#3078=ORIENTED_EDGE('',*,*,#2273,.T.);
#3079=ORIENTED_EDGE('',*,*,#2274,.F.);
#3080=ORIENTED_EDGE('',*,*,#2270,.F.);
#3081=ORIENTED_EDGE('',*,*,#2025,.T.);
#3082=ORIENTED_EDGE('',*,*,#2275,.T.);
#3083=ORIENTED_EDGE('',*,*,#2276,.F.);
#3084=ORIENTED_EDGE('',*,*,#2273,.F.);
#3085=ORIENTED_EDGE('',*,*,#2277,.F.);
#3086=ORIENTED_EDGE('',*,*,#2278,.F.);
#3087=ORIENTED_EDGE('',*,*,#2275,.F.);
#3088=ORIENTED_EDGE('',*,*,#2024,.T.);
#3089=ORIENTED_EDGE('',*,*,#2017,.F.);
#3090=ORIENTED_EDGE('',*,*,#2279,.F.);
#3091=ORIENTED_EDGE('',*,*,#2280,.F.);
#3092=ORIENTED_EDGE('',*,*,#2281,.F.);
#3093=ORIENTED_EDGE('',*,*,#2015,.F.);
#3094=ORIENTED_EDGE('',*,*,#2282,.T.);
#3095=ORIENTED_EDGE('',*,*,#2283,.F.);
#3096=ORIENTED_EDGE('',*,*,#2284,.F.);
#3097=ORIENTED_EDGE('',*,*,#2014,.F.);
#3098=ORIENTED_EDGE('',*,*,#2285,.T.);
#3099=ORIENTED_EDGE('',*,*,#2286,.F.);
#3100=ORIENTED_EDGE('',*,*,#2282,.F.);
#3101=ORIENTED_EDGE('',*,*,#2013,.F.);
#3102=ORIENTED_EDGE('',*,*,#2287,.T.);
#3103=ORIENTED_EDGE('',*,*,#2288,.F.);
#3104=ORIENTED_EDGE('',*,*,#2285,.F.);
#3105=ORIENTED_EDGE('',*,*,#2012,.F.);
#3106=ORIENTED_EDGE('',*,*,#2289,.T.);
#3107=ORIENTED_EDGE('',*,*,#2290,.F.);
#3108=ORIENTED_EDGE('',*,*,#2287,.F.);
#3109=ORIENTED_EDGE('',*,*,#2011,.F.);
#3110=ORIENTED_EDGE('',*,*,#2291,.T.);
#3111=ORIENTED_EDGE('',*,*,#2292,.F.);
#3112=ORIENTED_EDGE('',*,*,#2289,.F.);
#3113=ORIENTED_EDGE('',*,*,#2010,.F.);
#3114=ORIENTED_EDGE('',*,*,#2293,.T.);
#3115=ORIENTED_EDGE('',*,*,#2294,.F.);
#3116=ORIENTED_EDGE('',*,*,#2291,.F.);
#3117=ORIENTED_EDGE('',*,*,#2009,.F.);
#3118=ORIENTED_EDGE('',*,*,#2295,.F.);
#3119=ORIENTED_EDGE('',*,*,#2296,.F.);
#3120=ORIENTED_EDGE('',*,*,#2293,.F.);
#3121=ORIENTED_EDGE('',*,*,#2007,.F.);
#3122=ORIENTED_EDGE('',*,*,#2297,.T.);
#3123=ORIENTED_EDGE('',*,*,#2298,.F.);
#3124=ORIENTED_EDGE('',*,*,#2299,.F.);
#3125=ORIENTED_EDGE('',*,*,#2006,.F.);
#3126=ORIENTED_EDGE('',*,*,#2300,.T.);
#3127=ORIENTED_EDGE('',*,*,#2301,.F.);
#3128=ORIENTED_EDGE('',*,*,#2297,.F.);
#3129=ORIENTED_EDGE('',*,*,#2005,.F.);
#3130=ORIENTED_EDGE('',*,*,#2302,.T.);
#3131=ORIENTED_EDGE('',*,*,#2303,.F.);
#3132=ORIENTED_EDGE('',*,*,#2300,.F.);
#3133=ORIENTED_EDGE('',*,*,#2004,.F.);
#3134=ORIENTED_EDGE('',*,*,#2304,.T.);
#3135=ORIENTED_EDGE('',*,*,#2305,.F.);
#3136=ORIENTED_EDGE('',*,*,#2302,.F.);
#3137=ORIENTED_EDGE('',*,*,#2003,.F.);
#3138=ORIENTED_EDGE('',*,*,#2306,.F.);
#3139=ORIENTED_EDGE('',*,*,#2307,.F.);
#3140=ORIENTED_EDGE('',*,*,#2304,.F.);
#3141=ORIENTED_EDGE('',*,*,#2308,.F.);
#3142=ORIENTED_EDGE('',*,*,#2309,.F.);
#3143=ORIENTED_EDGE('',*,*,#2310,.F.);
#3144=ORIENTED_EDGE('',*,*,#2000,.F.);
#3145=ORIENTED_EDGE('',*,*,#1992,.F.);
#3146=ORIENTED_EDGE('',*,*,#2311,.T.);
#3147=ORIENTED_EDGE('',*,*,#2312,.F.);
#3148=ORIENTED_EDGE('',*,*,#2062,.F.);
#3149=ORIENTED_EDGE('',*,*,#1991,.F.);
#3150=ORIENTED_EDGE('',*,*,#2313,.T.);
#3151=ORIENTED_EDGE('',*,*,#2314,.F.);
#3152=ORIENTED_EDGE('',*,*,#2311,.F.);
#3153=ORIENTED_EDGE('',*,*,#1990,.F.);
#3154=ORIENTED_EDGE('',*,*,#2315,.F.);
#3155=ORIENTED_EDGE('',*,*,#2316,.F.);
#3156=ORIENTED_EDGE('',*,*,#2313,.F.);
#3157=ORIENTED_EDGE('',*,*,#1911,.T.);
#3158=ORIENTED_EDGE('',*,*,#2210,.T.);
#3159=ORIENTED_EDGE('',*,*,#2317,.T.);
#3160=ORIENTED_EDGE('',*,*,#2318,.T.);
#3161=ORIENTED_EDGE('',*,*,#2319,.F.);
#3162=ORIENTED_EDGE('',*,*,#2320,.F.);
#3163=ORIENTED_EDGE('',*,*,#2236,.T.);
#3164=ORIENTED_EDGE('',*,*,#1895,.T.);
#3165=ORIENTED_EDGE('',*,*,#2321,.T.);
#3166=ORIENTED_EDGE('',*,*,#2322,.F.);
#3167=ORIENTED_EDGE('',*,*,#2323,.F.);
#3168=ORIENTED_EDGE('',*,*,#2324,.F.);
#3169=ORIENTED_EDGE('',*,*,#1894,.T.);
#3170=ORIENTED_EDGE('',*,*,#2325,.T.);
#3171=ORIENTED_EDGE('',*,*,#2326,.F.);
#3172=ORIENTED_EDGE('',*,*,#2321,.F.);
#3173=ORIENTED_EDGE('',*,*,#1893,.T.);
#3174=ORIENTED_EDGE('',*,*,#2327,.T.);
#3175=ORIENTED_EDGE('',*,*,#2328,.F.);
#3176=ORIENTED_EDGE('',*,*,#2325,.F.);
#3177=ORIENTED_EDGE('',*,*,#1892,.T.);
#3178=ORIENTED_EDGE('',*,*,#2240,.T.);
#3179=ORIENTED_EDGE('',*,*,#2329,.F.);
#3180=ORIENTED_EDGE('',*,*,#2323,.T.);
#3181=ORIENTED_EDGE('',*,*,#2330,.F.);
#3182=ORIENTED_EDGE('',*,*,#2327,.F.);
#3183=ORIENTED_EDGE('',*,*,#2229,.T.);
#3184=ORIENTED_EDGE('',*,*,#1899,.T.);
#3185=ORIENTED_EDGE('',*,*,#2233,.T.);
#3186=ORIENTED_EDGE('',*,*,#2331,.F.);
#3187=ORIENTED_EDGE('',*,*,#2245,.T.);
#3188=ORIENTED_EDGE('',*,*,#1887,.T.);
#3189=ORIENTED_EDGE('',*,*,#2332,.T.);
#3190=ORIENTED_EDGE('',*,*,#2333,.F.);
#3191=ORIENTED_EDGE('',*,*,#2318,.F.);
#3192=ORIENTED_EDGE('',*,*,#2334,.F.);
#3193=ORIENTED_EDGE('',*,*,#1886,.T.);
#3194=ORIENTED_EDGE('',*,*,#1855,.T.);
#3195=ORIENTED_EDGE('',*,*,#2335,.F.);
#3196=ORIENTED_EDGE('',*,*,#2247,.T.);
#3197=ORIENTED_EDGE('',*,*,#2047,.T.);
#3198=ORIENTED_EDGE('',*,*,#2336,.F.);
#3199=ORIENTED_EDGE('',*,*,#2337,.F.);
#3200=ORIENTED_EDGE('',*,*,#2332,.F.);
#3201=ORIENTED_EDGE('',*,*,#2046,.T.);
#3202=ORIENTED_EDGE('',*,*,#1859,.T.);
#3203=ORIENTED_EDGE('',*,*,#2338,.F.);
#3204=ORIENTED_EDGE('',*,*,#2339,.F.);
#3205=ORIENTED_EDGE('',*,*,#2340,.F.);
#3206=ORIENTED_EDGE('',*,*,#2336,.T.);
#3207=ORIENTED_EDGE('',*,*,#2251,.T.);
#3208=ORIENTED_EDGE('',*,*,#2043,.T.);
#3209=ORIENTED_EDGE('',*,*,#2341,.F.);
#3210=ORIENTED_EDGE('',*,*,#2342,.F.);
#3211=ORIENTED_EDGE('',*,*,#2339,.T.);
#3212=ORIENTED_EDGE('',*,*,#2343,.F.);
#3213=ORIENTED_EDGE('',*,*,#2042,.T.);
#3214=ORIENTED_EDGE('',*,*,#1863,.T.);
#3215=ORIENTED_EDGE('',*,*,#2344,.F.);
#3216=ORIENTED_EDGE('',*,*,#2345,.F.);
#3217=ORIENTED_EDGE('',*,*,#2346,.F.);
#3218=ORIENTED_EDGE('',*,*,#2341,.T.);
#3219=ORIENTED_EDGE('',*,*,#2081,.T.);
#3220=ORIENTED_EDGE('',*,*,#2039,.T.);
#3221=ORIENTED_EDGE('',*,*,#2347,.F.);
#3222=ORIENTED_EDGE('',*,*,#2348,.F.);
#3223=ORIENTED_EDGE('',*,*,#2345,.T.);
#3224=ORIENTED_EDGE('',*,*,#2349,.F.);
#3225=ORIENTED_EDGE('',*,*,#2038,.T.);
#3226=ORIENTED_EDGE('',*,*,#2350,.T.);
#3227=ORIENTED_EDGE('',*,*,#2351,.F.);
#3228=ORIENTED_EDGE('',*,*,#2347,.T.);
#3229=ORIENTED_EDGE('',*,*,#2037,.T.);
#3230=ORIENTED_EDGE('',*,*,#2255,.T.);
#3231=ORIENTED_EDGE('',*,*,#2352,.F.);
#3232=ORIENTED_EDGE('',*,*,#2268,.T.);
#3233=ORIENTED_EDGE('',*,*,#2028,.T.);
#3234=ORIENTED_EDGE('',*,*,#2272,.T.);
#3235=ORIENTED_EDGE('',*,*,#2353,.F.);
#3236=ORIENTED_EDGE('',*,*,#2354,.T.);
#3237=ORIENTED_EDGE('',*,*,#2355,.F.);
#3238=ORIENTED_EDGE('',*,*,#2350,.F.);
#3239=ORIENTED_EDGE('',*,*,#2022,.T.);
#3240=ORIENTED_EDGE('',*,*,#1867,.T.);
#3241=ORIENTED_EDGE('',*,*,#2356,.F.);
#3242=ORIENTED_EDGE('',*,*,#2357,.F.);
#3243=ORIENTED_EDGE('',*,*,#2358,.F.);
#3244=ORIENTED_EDGE('',*,*,#2359,.T.);
#3245=ORIENTED_EDGE('',*,*,#2020,.T.);
#3246=ORIENTED_EDGE('',*,*,#2360,.F.);
#3247=ORIENTED_EDGE('',*,*,#2361,.F.);
#3248=ORIENTED_EDGE('',*,*,#2362,.T.);
#3249=ORIENTED_EDGE('',*,*,#2019,.T.);
#3250=ORIENTED_EDGE('',*,*,#2363,.F.);
#3251=ORIENTED_EDGE('',*,*,#2364,.F.);
#3252=ORIENTED_EDGE('',*,*,#2360,.T.);
#3253=ORIENTED_EDGE('',*,*,#1971,.T.);
#3254=ORIENTED_EDGE('',*,*,#2107,.T.);
#3255=ORIENTED_EDGE('',*,*,#2365,.F.);
#3256=ORIENTED_EDGE('',*,*,#2366,.T.);
#3257=ORIENTED_EDGE('',*,*,#2367,.F.);
#3258=ORIENTED_EDGE('',*,*,#2368,.T.);
#3259=ORIENTED_EDGE('',*,*,#2018,.T.);
#3260=ORIENTED_EDGE('',*,*,#2281,.T.);
#3261=ORIENTED_EDGE('',*,*,#2369,.F.);
#3262=ORIENTED_EDGE('',*,*,#2279,.T.);
#3263=ORIENTED_EDGE('',*,*,#2016,.T.);
#3264=ORIENTED_EDGE('',*,*,#2284,.T.);
#3265=ORIENTED_EDGE('',*,*,#2370,.F.);
#3266=ORIENTED_EDGE('',*,*,#2371,.T.);
#3267=ORIENTED_EDGE('',*,*,#2372,.F.);
#3268=ORIENTED_EDGE('',*,*,#2363,.T.);
#3269=ORIENTED_EDGE('',*,*,#2060,.T.);
#3270=ORIENTED_EDGE('',*,*,#2104,.T.);
#3271=ORIENTED_EDGE('',*,*,#2373,.F.);
#3272=ORIENTED_EDGE('',*,*,#1875,.T.);
#3273=ORIENTED_EDGE('',*,*,#1974,.T.);
#3274=ORIENTED_EDGE('',*,*,#2374,.F.);
#3275=ORIENTED_EDGE('',*,*,#2375,.F.);
#3276=ORIENTED_EDGE('',*,*,#2376,.T.);
#3277=ORIENTED_EDGE('',*,*,#2295,.T.);
#3278=ORIENTED_EDGE('',*,*,#2008,.T.);
#3279=ORIENTED_EDGE('',*,*,#2299,.T.);
#3280=ORIENTED_EDGE('',*,*,#2377,.F.);
#3281=ORIENTED_EDGE('',*,*,#2378,.T.);
#3282=ORIENTED_EDGE('',*,*,#2379,.F.);
#3283=ORIENTED_EDGE('',*,*,#2380,.F.);
#3284=ORIENTED_EDGE('',*,*,#2381,.F.);
#3285=ORIENTED_EDGE('',*,*,#1978,.T.);
#3286=ORIENTED_EDGE('',*,*,#1882,.T.);
#3287=ORIENTED_EDGE('',*,*,#2382,.F.);
#3288=ORIENTED_EDGE('',*,*,#2383,.F.);
#3289=ORIENTED_EDGE('',*,*,#2384,.F.);
#3290=ORIENTED_EDGE('',*,*,#2385,.F.);
#3291=ORIENTED_EDGE('',*,*,#2306,.T.);
#3292=ORIENTED_EDGE('',*,*,#2002,.T.);
#3293=ORIENTED_EDGE('',*,*,#2386,.T.);
#3294=ORIENTED_EDGE('',*,*,#2387,.F.);
#3295=ORIENTED_EDGE('',*,*,#2378,.F.);
#3296=ORIENTED_EDGE('',*,*,#2388,.T.);
#3297=ORIENTED_EDGE('',*,*,#2001,.T.);
#3298=ORIENTED_EDGE('',*,*,#2310,.T.);
#3299=ORIENTED_EDGE('',*,*,#2389,.F.);
#3300=ORIENTED_EDGE('',*,*,#2390,.T.);
#3301=ORIENTED_EDGE('',*,*,#2391,.F.);
#3302=ORIENTED_EDGE('',*,*,#2386,.F.);
#3303=ORIENTED_EDGE('',*,*,#2308,.T.);
#3304=ORIENTED_EDGE('',*,*,#1999,.T.);
#3305=ORIENTED_EDGE('',*,*,#2392,.F.);
#3306=ORIENTED_EDGE('',*,*,#2393,.F.);
#3307=ORIENTED_EDGE('',*,*,#2390,.F.);
#3308=ORIENTED_EDGE('',*,*,#2394,.F.);
#3309=ORIENTED_EDGE('',*,*,#1998,.T.);
#3310=ORIENTED_EDGE('',*,*,#2395,.F.);
#3311=ORIENTED_EDGE('',*,*,#2396,.F.);
#3312=ORIENTED_EDGE('',*,*,#2392,.T.);
#3313=ORIENTED_EDGE('',*,*,#1997,.T.);
#3314=ORIENTED_EDGE('',*,*,#2064,.T.);
#3315=ORIENTED_EDGE('',*,*,#2397,.F.);
#3316=ORIENTED_EDGE('',*,*,#2398,.F.);
#3317=ORIENTED_EDGE('',*,*,#2399,.F.);
#3318=ORIENTED_EDGE('',*,*,#2395,.T.);
#3319=ORIENTED_EDGE('',*,*,#2065,.T.);
#3320=ORIENTED_EDGE('',*,*,#1995,.T.);
#3321=ORIENTED_EDGE('',*,*,#2400,.F.);
#3322=ORIENTED_EDGE('',*,*,#2401,.F.);
#3323=ORIENTED_EDGE('',*,*,#2398,.T.);
#3324=ORIENTED_EDGE('',*,*,#2402,.F.);
#3325=ORIENTED_EDGE('',*,*,#1994,.T.);
#3326=ORIENTED_EDGE('',*,*,#2061,.T.);
#3327=ORIENTED_EDGE('',*,*,#2403,.F.);
#3328=ORIENTED_EDGE('',*,*,#2404,.F.);
#3329=ORIENTED_EDGE('',*,*,#2405,.F.);
#3330=ORIENTED_EDGE('',*,*,#2400,.T.);
#3331=ORIENTED_EDGE('',*,*,#2066,.T.);
#3332=ORIENTED_EDGE('',*,*,#2402,.T.);
#3333=ORIENTED_EDGE('',*,*,#2397,.T.);
#3334=ORIENTED_EDGE('',*,*,#2074,.T.);
#3335=ORIENTED_EDGE('',*,*,#2077,.T.);
#3336=ORIENTED_EDGE('',*,*,#2078,.T.);
#3337=ORIENTED_EDGE('',*,*,#2068,.T.);
#3338=ORIENTED_EDGE('',*,*,#2071,.T.);
#3339=ORIENTED_EDGE('',*,*,#2072,.T.);
#3340=ORIENTED_EDGE('',*,*,#2316,.T.);
#3341=ORIENTED_EDGE('',*,*,#2406,.T.);
#3342=ORIENTED_EDGE('',*,*,#2403,.T.);
#3343=ORIENTED_EDGE('',*,*,#2063,.T.);
#3344=ORIENTED_EDGE('',*,*,#2312,.T.);
#3345=ORIENTED_EDGE('',*,*,#2314,.T.);
#3346=ORIENTED_EDGE('',*,*,#2298,.T.);
#3347=ORIENTED_EDGE('',*,*,#2301,.T.);
#3348=ORIENTED_EDGE('',*,*,#2303,.T.);
#3349=ORIENTED_EDGE('',*,*,#2305,.T.);
#3350=ORIENTED_EDGE('',*,*,#2307,.T.);
#3351=ORIENTED_EDGE('',*,*,#2388,.F.);
#3352=ORIENTED_EDGE('',*,*,#2377,.T.);
#3353=ORIENTED_EDGE('',*,*,#2309,.T.);
#3354=ORIENTED_EDGE('',*,*,#2394,.T.);
#3355=ORIENTED_EDGE('',*,*,#2389,.T.);
#3356=ORIENTED_EDGE('',*,*,#2099,.T.);
#3357=ORIENTED_EDGE('',*,*,#2407,.F.);
#3358=ORIENTED_EDGE('',*,*,#2408,.T.);
#3359=ORIENTED_EDGE('',*,*,#2084,.T.);
#3360=ORIENTED_EDGE('',*,*,#2087,.T.);
#3361=ORIENTED_EDGE('',*,*,#2089,.T.);
#3362=ORIENTED_EDGE('',*,*,#2091,.T.);
#3363=ORIENTED_EDGE('',*,*,#2097,.T.);
#3364=ORIENTED_EDGE('',*,*,#2101,.T.);
#3365=ORIENTED_EDGE('',*,*,#2409,.T.);
#3366=ORIENTED_EDGE('',*,*,#2382,.T.);
#3367=ORIENTED_EDGE('',*,*,#1885,.T.);
#3368=ORIENTED_EDGE('',*,*,#1872,.T.);
#3369=ORIENTED_EDGE('',*,*,#2410,.T.);
#3370=ORIENTED_EDGE('',*,*,#1881,.T.);
#3371=ORIENTED_EDGE('',*,*,#2283,.T.);
#3372=ORIENTED_EDGE('',*,*,#2286,.T.);
#3373=ORIENTED_EDGE('',*,*,#2288,.T.);
#3374=ORIENTED_EDGE('',*,*,#2290,.T.);
#3375=ORIENTED_EDGE('',*,*,#2292,.T.);
#3376=ORIENTED_EDGE('',*,*,#2294,.T.);
#3377=ORIENTED_EDGE('',*,*,#2296,.T.);
#3378=ORIENTED_EDGE('',*,*,#2381,.T.);
#3379=ORIENTED_EDGE('',*,*,#2411,.F.);
#3380=ORIENTED_EDGE('',*,*,#2370,.T.);
#3381=ORIENTED_EDGE('',*,*,#2280,.T.);
#3382=ORIENTED_EDGE('',*,*,#2369,.T.);
#3383=ORIENTED_EDGE('',*,*,#2254,.T.);
#3384=ORIENTED_EDGE('',*,*,#2257,.T.);
#3385=ORIENTED_EDGE('',*,*,#2263,.T.);
#3386=ORIENTED_EDGE('',*,*,#2265,.T.);
#3387=ORIENTED_EDGE('',*,*,#2267,.T.);
#3388=ORIENTED_EDGE('',*,*,#2269,.T.);
#3389=ORIENTED_EDGE('',*,*,#2352,.T.);
#3390=ORIENTED_EDGE('',*,*,#1870,.T.);
#3391=ORIENTED_EDGE('',*,*,#2412,.T.);
#3392=ORIENTED_EDGE('',*,*,#2356,.T.);
#3393=ORIENTED_EDGE('',*,*,#2271,.T.);
#3394=ORIENTED_EDGE('',*,*,#2274,.T.);
#3395=ORIENTED_EDGE('',*,*,#2276,.T.);
#3396=ORIENTED_EDGE('',*,*,#2278,.T.);
#3397=ORIENTED_EDGE('',*,*,#2413,.T.);
#3398=ORIENTED_EDGE('',*,*,#2414,.F.);
#3399=ORIENTED_EDGE('',*,*,#2353,.T.);
#3400=ORIENTED_EDGE('',*,*,#2129,.T.);
#3401=ORIENTED_EDGE('',*,*,#2415,.T.);
#3402=ORIENTED_EDGE('',*,*,#2416,.F.);
#3403=ORIENTED_EDGE('',*,*,#2365,.T.);
#3404=ORIENTED_EDGE('',*,*,#2106,.T.);
#3405=ORIENTED_EDGE('',*,*,#2109,.T.);
#3406=ORIENTED_EDGE('',*,*,#2111,.T.);
#3407=ORIENTED_EDGE('',*,*,#2113,.T.);
#3408=ORIENTED_EDGE('',*,*,#2115,.T.);
#3409=ORIENTED_EDGE('',*,*,#2117,.T.);
#3410=ORIENTED_EDGE('',*,*,#2119,.T.);
#3411=ORIENTED_EDGE('',*,*,#2121,.T.);
#3412=ORIENTED_EDGE('',*,*,#2123,.T.);
#3413=ORIENTED_EDGE('',*,*,#2125,.T.);
#3414=ORIENTED_EDGE('',*,*,#2127,.T.);
#3415=ORIENTED_EDGE('',*,*,#1866,.T.);
#3416=ORIENTED_EDGE('',*,*,#2080,.T.);
#3417=ORIENTED_EDGE('',*,*,#2082,.T.);
#3418=ORIENTED_EDGE('',*,*,#2349,.T.);
#3419=ORIENTED_EDGE('',*,*,#2344,.T.);
#3420=ORIENTED_EDGE('',*,*,#1862,.T.);
#3421=ORIENTED_EDGE('',*,*,#2250,.T.);
#3422=ORIENTED_EDGE('',*,*,#2252,.T.);
#3423=ORIENTED_EDGE('',*,*,#2343,.T.);
#3424=ORIENTED_EDGE('',*,*,#2338,.T.);
#3425=ORIENTED_EDGE('',*,*,#1858,.T.);
#3426=ORIENTED_EDGE('',*,*,#2248,.T.);
#3427=ORIENTED_EDGE('',*,*,#2335,.T.);
#3428=ORIENTED_EDGE('',*,*,#2232,.T.);
#3429=ORIENTED_EDGE('',*,*,#2235,.T.);
#3430=ORIENTED_EDGE('',*,*,#2237,.T.);
#3431=ORIENTED_EDGE('',*,*,#2324,.T.);
#3432=ORIENTED_EDGE('',*,*,#2329,.T.);
#3433=ORIENTED_EDGE('',*,*,#2239,.T.);
#3434=ORIENTED_EDGE('',*,*,#2242,.T.);
#3435=ORIENTED_EDGE('',*,*,#2244,.T.);
#3436=ORIENTED_EDGE('',*,*,#2246,.T.);
#3437=ORIENTED_EDGE('',*,*,#2331,.T.);
#3438=ORIENTED_EDGE('',*,*,#2172,.T.);
#3439=ORIENTED_EDGE('',*,*,#2417,.T.);
#3440=ORIENTED_EDGE('',*,*,#2167,.T.);
#3441=ORIENTED_EDGE('',*,*,#2170,.T.);
#3442=ORIENTED_EDGE('',*,*,#2174,.T.);
#3443=ORIENTED_EDGE('',*,*,#2418,.T.);
#3444=ORIENTED_EDGE('',*,*,#2419,.T.);
#3445=ORIENTED_EDGE('',*,*,#2154,.T.);
#3446=ORIENTED_EDGE('',*,*,#2157,.T.);
#3447=ORIENTED_EDGE('',*,*,#2159,.T.);
#3448=ORIENTED_EDGE('',*,*,#2161,.T.);
#3449=ORIENTED_EDGE('',*,*,#2163,.T.);
#3450=ORIENTED_EDGE('',*,*,#2165,.T.);
#3451=ORIENTED_EDGE('',*,*,#2420,.T.);
#3452=ORIENTED_EDGE('',*,*,#2180,.T.);
#3453=ORIENTED_EDGE('',*,*,#2421,.T.);
#3454=ORIENTED_EDGE('',*,*,#2131,.T.);
#3455=ORIENTED_EDGE('',*,*,#2134,.T.);
#3456=ORIENTED_EDGE('',*,*,#2136,.T.);
#3457=ORIENTED_EDGE('',*,*,#2138,.T.);
#3458=ORIENTED_EDGE('',*,*,#2140,.T.);
#3459=ORIENTED_EDGE('',*,*,#2142,.T.);
#3460=ORIENTED_EDGE('',*,*,#2144,.T.);
#3461=ORIENTED_EDGE('',*,*,#2146,.T.);
#3462=ORIENTED_EDGE('',*,*,#2148,.T.);
#3463=ORIENTED_EDGE('',*,*,#2150,.T.);
#3464=ORIENTED_EDGE('',*,*,#2152,.T.);
#3465=ORIENTED_EDGE('',*,*,#2422,.T.);
#3466=ORIENTED_EDGE('',*,*,#2177,.T.);
#3467=ORIENTED_EDGE('',*,*,#2209,.T.);
#3468=ORIENTED_EDGE('',*,*,#2212,.T.);
#3469=ORIENTED_EDGE('',*,*,#2214,.T.);
#3470=ORIENTED_EDGE('',*,*,#2216,.T.);
#3471=ORIENTED_EDGE('',*,*,#2218,.T.);
#3472=ORIENTED_EDGE('',*,*,#2220,.T.);
#3473=ORIENTED_EDGE('',*,*,#2222,.T.);
#3474=ORIENTED_EDGE('',*,*,#2224,.T.);
#3475=ORIENTED_EDGE('',*,*,#2226,.T.);
#3476=ORIENTED_EDGE('',*,*,#2228,.T.);
#3477=ORIENTED_EDGE('',*,*,#2230,.T.);
#3478=ORIENTED_EDGE('',*,*,#2334,.T.);
#3479=ORIENTED_EDGE('',*,*,#2317,.F.);
#3480=ORIENTED_EDGE('',*,*,#2207,.T.);
#3481=ORIENTED_EDGE('',*,*,#2423,.T.);
#3482=ORIENTED_EDGE('',*,*,#2182,.T.);
#3483=ORIENTED_EDGE('',*,*,#2185,.T.);
#3484=ORIENTED_EDGE('',*,*,#2187,.T.);
#3485=ORIENTED_EDGE('',*,*,#2189,.T.);
#3486=ORIENTED_EDGE('',*,*,#2191,.T.);
#3487=ORIENTED_EDGE('',*,*,#2193,.T.);
#3488=ORIENTED_EDGE('',*,*,#2195,.T.);
#3489=ORIENTED_EDGE('',*,*,#2197,.T.);
#3490=ORIENTED_EDGE('',*,*,#2199,.T.);
#3491=ORIENTED_EDGE('',*,*,#2201,.T.);
#3492=ORIENTED_EDGE('',*,*,#2203,.T.);
#3493=ORIENTED_EDGE('',*,*,#2205,.T.);
#3494=ORIENTED_EDGE('',*,*,#2103,.T.);
#3495=ORIENTED_EDGE('',*,*,#2424,.T.);
#3496=ORIENTED_EDGE('',*,*,#1876,.T.);
#3497=ORIENTED_EDGE('',*,*,#2373,.T.);
#3498=ORIENTED_EDGE('',*,*,#2093,.T.);
#3499=ORIENTED_EDGE('',*,*,#2095,.T.);
#3500=ORIENTED_EDGE('',*,*,#2259,.T.);
#3501=ORIENTED_EDGE('',*,*,#2261,.T.);
#3502=ORIENTED_EDGE('',*,*,#2021,.T.);
#3503=ORIENTED_EDGE('',*,*,#2362,.F.);
#3504=ORIENTED_EDGE('',*,*,#2425,.F.);
#3505=ORIENTED_EDGE('',*,*,#2357,.T.);
#3506=ORIENTED_EDGE('',*,*,#2412,.F.);
#3507=ORIENTED_EDGE('',*,*,#1869,.T.);
#3508=ORIENTED_EDGE('',*,*,#2023,.T.);
#3509=ORIENTED_EDGE('',*,*,#2359,.F.);
#3510=ORIENTED_EDGE('',*,*,#2426,.F.);
#3511=ORIENTED_EDGE('',*,*,#2427,.F.);
#3512=ORIENTED_EDGE('',*,*,#2413,.F.);
#3513=ORIENTED_EDGE('',*,*,#2277,.T.);
#3514=ORIENTED_EDGE('',*,*,#2364,.T.);
#3515=ORIENTED_EDGE('',*,*,#2372,.T.);
#3516=ORIENTED_EDGE('',*,*,#2428,.T.);
#3517=ORIENTED_EDGE('',*,*,#2379,.T.);
#3518=ORIENTED_EDGE('',*,*,#2387,.T.);
#3519=ORIENTED_EDGE('',*,*,#2391,.T.);
#3520=ORIENTED_EDGE('',*,*,#2393,.T.);
#3521=ORIENTED_EDGE('',*,*,#2396,.T.);
#3522=ORIENTED_EDGE('',*,*,#2399,.T.);
#3523=ORIENTED_EDGE('',*,*,#2401,.T.);
#3524=ORIENTED_EDGE('',*,*,#2405,.T.);
#3525=ORIENTED_EDGE('',*,*,#2429,.T.);
#3526=ORIENTED_EDGE('',*,*,#2430,.T.);
#3527=ORIENTED_EDGE('',*,*,#2431,.T.);
#3528=ORIENTED_EDGE('',*,*,#2384,.T.);
#3529=ORIENTED_EDGE('',*,*,#2432,.T.);
#3530=ORIENTED_EDGE('',*,*,#2433,.T.);
#3531=ORIENTED_EDGE('',*,*,#2375,.T.);
#3532=ORIENTED_EDGE('',*,*,#2434,.T.);
#3533=ORIENTED_EDGE('',*,*,#2367,.T.);
#3534=ORIENTED_EDGE('',*,*,#2435,.T.);
#3535=ORIENTED_EDGE('',*,*,#2436,.T.);
#3536=ORIENTED_EDGE('',*,*,#2319,.T.);
#3537=ORIENTED_EDGE('',*,*,#2333,.T.);
#3538=ORIENTED_EDGE('',*,*,#2337,.T.);
#3539=ORIENTED_EDGE('',*,*,#2340,.T.);
#3540=ORIENTED_EDGE('',*,*,#2342,.T.);
#3541=ORIENTED_EDGE('',*,*,#2346,.T.);
#3542=ORIENTED_EDGE('',*,*,#2348,.T.);
#3543=ORIENTED_EDGE('',*,*,#2351,.T.);
#3544=ORIENTED_EDGE('',*,*,#2355,.T.);
#3545=ORIENTED_EDGE('',*,*,#2437,.T.);
#3546=ORIENTED_EDGE('',*,*,#2426,.T.);
#3547=ORIENTED_EDGE('',*,*,#2358,.T.);
#3548=ORIENTED_EDGE('',*,*,#2425,.T.);
#3549=ORIENTED_EDGE('',*,*,#2361,.T.);
#3550=ORIENTED_EDGE('',*,*,#2328,.T.);
#3551=ORIENTED_EDGE('',*,*,#2330,.T.);
#3552=ORIENTED_EDGE('',*,*,#2322,.T.);
#3553=ORIENTED_EDGE('',*,*,#2326,.T.);
#3554=ORIENTED_EDGE('',*,*,#2438,.T.);
#3555=ORIENTED_EDGE('',*,*,#2439,.T.);
#3556=ORIENTED_EDGE('',*,*,#2440,.T.);
#3557=ORIENTED_EDGE('',*,*,#2441,.T.);
#3558=ORIENTED_EDGE('',*,*,#2442,.T.);
#3559=ORIENTED_EDGE('',*,*,#2443,.T.);
#3560=ORIENTED_EDGE('',*,*,#2444,.T.);
#3561=ORIENTED_EDGE('',*,*,#2445,.T.);
#3562=ORIENTED_EDGE('',*,*,#2427,.T.);
#3563=ORIENTED_EDGE('',*,*,#2437,.F.);
#3564=ORIENTED_EDGE('',*,*,#2354,.F.);
#3565=ORIENTED_EDGE('',*,*,#2414,.T.);
#3566=ORIENTED_EDGE('',*,*,#2155,.T.);
#3567=ORIENTED_EDGE('',*,*,#2419,.F.);
#3568=ORIENTED_EDGE('',*,*,#2446,.T.);
#3569=ORIENTED_EDGE('',*,*,#2444,.F.);
#3570=ORIENTED_EDGE('',*,*,#2447,.F.);
#3571=ORIENTED_EDGE('',*,*,#1944,.T.);
#3572=ORIENTED_EDGE('',*,*,#1930,.T.);
#3573=ORIENTED_EDGE('',*,*,#2448,.T.);
#3574=ORIENTED_EDGE('',*,*,#2445,.F.);
#3575=ORIENTED_EDGE('',*,*,#2446,.F.);
#3576=ORIENTED_EDGE('',*,*,#2418,.F.);
#3577=ORIENTED_EDGE('',*,*,#2173,.T.);
#3578=ORIENTED_EDGE('',*,*,#2178,.T.);
#3579=ORIENTED_EDGE('',*,*,#2422,.F.);
#3580=ORIENTED_EDGE('',*,*,#2151,.T.);
#3581=ORIENTED_EDGE('',*,*,#1946,.T.);
#3582=ORIENTED_EDGE('',*,*,#2449,.T.);
#3583=ORIENTED_EDGE('',*,*,#2442,.F.);
#3584=ORIENTED_EDGE('',*,*,#2448,.F.);
#3585=ORIENTED_EDGE('',*,*,#1929,.T.);
#3586=ORIENTED_EDGE('',*,*,#1945,.T.);
#3587=ORIENTED_EDGE('',*,*,#2447,.T.);
#3588=ORIENTED_EDGE('',*,*,#2443,.F.);
#3589=ORIENTED_EDGE('',*,*,#2449,.F.);
#3590=ORIENTED_EDGE('',*,*,#2441,.F.);
#3591=ORIENTED_EDGE('',*,*,#2450,.T.);
#3592=ORIENTED_EDGE('',*,*,#2451,.T.);
#3593=ORIENTED_EDGE('',*,*,#2450,.F.);
#3594=ORIENTED_EDGE('',*,*,#2451,.F.);
#3595=ORIENTED_EDGE('',*,*,#2452,.F.);
#3596=ORIENTED_EDGE('',*,*,#2440,.F.);
#3597=ORIENTED_EDGE('',*,*,#2453,.T.);
#3598=ORIENTED_EDGE('',*,*,#2454,.T.);
#3599=ORIENTED_EDGE('',*,*,#2453,.F.);
#3600=ORIENTED_EDGE('',*,*,#2454,.F.);
#3601=ORIENTED_EDGE('',*,*,#2455,.F.);
#3602=ORIENTED_EDGE('',*,*,#2439,.F.);
#3603=ORIENTED_EDGE('',*,*,#2456,.T.);
#3604=ORIENTED_EDGE('',*,*,#2457,.T.);
#3605=ORIENTED_EDGE('',*,*,#2456,.F.);
#3606=ORIENTED_EDGE('',*,*,#2457,.F.);
#3607=ORIENTED_EDGE('',*,*,#2458,.F.);
#3608=ORIENTED_EDGE('',*,*,#2438,.F.);
#3609=ORIENTED_EDGE('',*,*,#2459,.T.);
#3610=ORIENTED_EDGE('',*,*,#2460,.T.);
#3611=ORIENTED_EDGE('',*,*,#2459,.F.);
#3612=ORIENTED_EDGE('',*,*,#2460,.F.);
#3613=ORIENTED_EDGE('',*,*,#2461,.F.);
#3614=ORIENTED_EDGE('',*,*,#2175,.T.);
#3615=ORIENTED_EDGE('',*,*,#2420,.F.);
#3616=ORIENTED_EDGE('',*,*,#2164,.T.);
#3617=ORIENTED_EDGE('',*,*,#1937,.T.);
#3618=ORIENTED_EDGE('',*,*,#2168,.T.);
#3619=ORIENTED_EDGE('',*,*,#2417,.F.);
#3620=ORIENTED_EDGE('',*,*,#2171,.T.);
#3621=ORIENTED_EDGE('',*,*,#1933,.T.);
#3622=ORIENTED_EDGE('',*,*,#2462,.T.);
#3623=ORIENTED_EDGE('',*,*,#2458,.T.);
#3624=ORIENTED_EDGE('',*,*,#2462,.F.);
#3625=ORIENTED_EDGE('',*,*,#1932,.T.);
#3626=ORIENTED_EDGE('',*,*,#2053,.T.);
#3627=ORIENTED_EDGE('',*,*,#2463,.T.);
#3628=ORIENTED_EDGE('',*,*,#2455,.T.);
#3629=ORIENTED_EDGE('',*,*,#2463,.F.);
#3630=ORIENTED_EDGE('',*,*,#2049,.T.);
#3631=ORIENTED_EDGE('',*,*,#2464,.T.);
#3632=ORIENTED_EDGE('',*,*,#2452,.T.);
#3633=ORIENTED_EDGE('',*,*,#2464,.F.);
#3634=ORIENTED_EDGE('',*,*,#2054,.T.);
#3635=ORIENTED_EDGE('',*,*,#2465,.T.);
#3636=ORIENTED_EDGE('',*,*,#2461,.T.);
#3637=ORIENTED_EDGE('',*,*,#2465,.F.);
#3638=ORIENTED_EDGE('',*,*,#2411,.T.);
#3639=ORIENTED_EDGE('',*,*,#2380,.T.);
#3640=ORIENTED_EDGE('',*,*,#2428,.F.);
#3641=ORIENTED_EDGE('',*,*,#2371,.F.);
#3642=ORIENTED_EDGE('',*,*,#1912,.T.);
#3643=ORIENTED_EDGE('',*,*,#2320,.T.);
#3644=ORIENTED_EDGE('',*,*,#2436,.F.);
#3645=ORIENTED_EDGE('',*,*,#2466,.F.);
#3646=ORIENTED_EDGE('',*,*,#2415,.F.);
#3647=ORIENTED_EDGE('',*,*,#2128,.T.);
#3648=ORIENTED_EDGE('',*,*,#1958,.T.);
#3649=ORIENTED_EDGE('',*,*,#2132,.T.);
#3650=ORIENTED_EDGE('',*,*,#2421,.F.);
#3651=ORIENTED_EDGE('',*,*,#2179,.T.);
#3652=ORIENTED_EDGE('',*,*,#1926,.T.);
#3653=ORIENTED_EDGE('',*,*,#2183,.T.);
#3654=ORIENTED_EDGE('',*,*,#2423,.F.);
#3655=ORIENTED_EDGE('',*,*,#2206,.T.);
#3656=ORIENTED_EDGE('',*,*,#2416,.T.);
#3657=ORIENTED_EDGE('',*,*,#2466,.T.);
#3658=ORIENTED_EDGE('',*,*,#2435,.F.);
#3659=ORIENTED_EDGE('',*,*,#2366,.F.);
#3660=ORIENTED_EDGE('',*,*,#2085,.T.);
#3661=ORIENTED_EDGE('',*,*,#2408,.F.);
#3662=ORIENTED_EDGE('',*,*,#2467,.T.);
#3663=ORIENTED_EDGE('',*,*,#2430,.F.);
#3664=ORIENTED_EDGE('',*,*,#2468,.F.);
#3665=ORIENTED_EDGE('',*,*,#1988,.T.);
#3666=ORIENTED_EDGE('',*,*,#1989,.T.);
#3667=ORIENTED_EDGE('',*,*,#2468,.T.);
#3668=ORIENTED_EDGE('',*,*,#2429,.F.);
#3669=ORIENTED_EDGE('',*,*,#2404,.T.);
#3670=ORIENTED_EDGE('',*,*,#2406,.F.);
#3671=ORIENTED_EDGE('',*,*,#2315,.T.);
#3672=ORIENTED_EDGE('',*,*,#1979,.T.);
#3673=ORIENTED_EDGE('',*,*,#2385,.T.);
#3674=ORIENTED_EDGE('',*,*,#2431,.F.);
#3675=ORIENTED_EDGE('',*,*,#2467,.F.);
#3676=ORIENTED_EDGE('',*,*,#2407,.T.);
#3677=ORIENTED_EDGE('',*,*,#2098,.T.);
#3678=ORIENTED_EDGE('',*,*,#1976,.T.);
#3679=ORIENTED_EDGE('',*,*,#2469,.F.);
#3680=ORIENTED_EDGE('',*,*,#2432,.F.);
#3681=ORIENTED_EDGE('',*,*,#2383,.T.);
#3682=ORIENTED_EDGE('',*,*,#2409,.F.);
#3683=ORIENTED_EDGE('',*,*,#2100,.T.);
#3684=ORIENTED_EDGE('',*,*,#2058,.T.);
#3685=ORIENTED_EDGE('',*,*,#2376,.F.);
#3686=ORIENTED_EDGE('',*,*,#2433,.F.);
#3687=ORIENTED_EDGE('',*,*,#2469,.T.);
#3688=ORIENTED_EDGE('',*,*,#1975,.T.);
#3689=ORIENTED_EDGE('',*,*,#1877,.T.);
#3690=ORIENTED_EDGE('',*,*,#2424,.F.);
#3691=ORIENTED_EDGE('',*,*,#2102,.T.);
#3692=ORIENTED_EDGE('',*,*,#1972,.T.);
#3693=ORIENTED_EDGE('',*,*,#2368,.F.);
#3694=ORIENTED_EDGE('',*,*,#2434,.F.);
#3695=ORIENTED_EDGE('',*,*,#2374,.T.);
#3696=ORIENTED_EDGE('',*,*,#1973,.T.);
#3697=ORIENTED_EDGE('',*,*,#1879,.T.);
#3698=ORIENTED_EDGE('',*,*,#2410,.F.);
#3699=ORIENTED_EDGE('',*,*,#1871,.T.);
#3700=(
BOUNDED_SURFACE()
B_SPLINE_SURFACE(3,1,((#4783,#4784),(#4785,#4786),(#4787,#4788),(#4789,
#4790)),.UNSPECIFIED.,.F.,.F.,.F.)
B_SPLINE_SURFACE_WITH_KNOTS((4,4),(2,2),(0.,1.),(0.,0.2),.UNSPECIFIED.)
GEOMETRIC_REPRESENTATION_ITEM()
RATIONAL_B_SPLINE_SURFACE(((1.,1.),(1.,1.),(1.,1.),(1.,1.)))
REPRESENTATION_ITEM('')
SURFACE()
);
#3701=(
BOUNDED_SURFACE()
B_SPLINE_SURFACE(3,1,((#4810,#4811),(#4812,#4813),(#4814,#4815),(#4816,
#4817)),.UNSPECIFIED.,.F.,.F.,.F.)
B_SPLINE_SURFACE_WITH_KNOTS((4,4),(2,2),(0.,1.),(0.,0.2),.UNSPECIFIED.)
GEOMETRIC_REPRESENTATION_ITEM()
RATIONAL_B_SPLINE_SURFACE(((1.,1.),(1.,1.),(1.,1.),(1.,1.)))
REPRESENTATION_ITEM('')
SURFACE()
);
#3702=(
BOUNDED_SURFACE()
B_SPLINE_SURFACE(3,1,((#4837,#4838),(#4839,#4840),(#4841,#4842),(#4843,
#4844)),.UNSPECIFIED.,.F.,.F.,.F.)
B_SPLINE_SURFACE_WITH_KNOTS((4,4),(2,2),(-1.,0.),(0.,0.2),.UNSPECIFIED.)
GEOMETRIC_REPRESENTATION_ITEM()
RATIONAL_B_SPLINE_SURFACE(((1.,1.),(1.,1.),(1.,1.),(1.,1.)))
REPRESENTATION_ITEM('')
SURFACE()
);
#3703=(
BOUNDED_SURFACE()
B_SPLINE_SURFACE(3,1,((#4864,#4865),(#4866,#4867),(#4868,#4869),(#4870,
#4871)),.UNSPECIFIED.,.F.,.F.,.F.)
B_SPLINE_SURFACE_WITH_KNOTS((4,4),(2,2),(-1.,0.),(0.,0.2),.UNSPECIFIED.)
GEOMETRIC_REPRESENTATION_ITEM()
RATIONAL_B_SPLINE_SURFACE(((1.,1.),(1.,1.),(1.,1.),(1.,1.)))
REPRESENTATION_ITEM('')
SURFACE()
);
#3704=(
BOUNDED_SURFACE()
B_SPLINE_SURFACE(3,1,((#4896,#4897),(#4898,#4899),(#4900,#4901),(#4902,
#4903)),.UNSPECIFIED.,.F.,.F.,.F.)
B_SPLINE_SURFACE_WITH_KNOTS((4,4),(2,2),(-1.,0.),(0.,0.2),.UNSPECIFIED.)
GEOMETRIC_REPRESENTATION_ITEM()
RATIONAL_B_SPLINE_SURFACE(((1.,1.),(1.,1.),(1.,1.),(1.,1.)))
REPRESENTATION_ITEM('')
SURFACE()
);
#3705=(
BOUNDED_SURFACE()
B_SPLINE_SURFACE(3,1,((#4923,#4924),(#4925,#4926),(#4927,#4928),(#4929,
#4930)),.UNSPECIFIED.,.F.,.F.,.F.)
B_SPLINE_SURFACE_WITH_KNOTS((4,4),(2,2),(-1.,0.),(0.,0.2),.UNSPECIFIED.)
GEOMETRIC_REPRESENTATION_ITEM()
RATIONAL_B_SPLINE_SURFACE(((1.,1.),(1.,1.),(1.,1.),(1.,1.)))
REPRESENTATION_ITEM('')
SURFACE()
);
#3706=(
BOUNDED_SURFACE()
B_SPLINE_SURFACE(3,1,((#4955,#4956),(#4957,#4958),(#4959,#4960),(#4961,
#4962)),.UNSPECIFIED.,.F.,.F.,.F.)
B_SPLINE_SURFACE_WITH_KNOTS((4,4),(2,2),(-1.,0.),(0.,0.2),.UNSPECIFIED.)
GEOMETRIC_REPRESENTATION_ITEM()
RATIONAL_B_SPLINE_SURFACE(((1.,1.),(1.,1.),(1.,1.),(1.,1.)))
REPRESENTATION_ITEM('')
SURFACE()
);
#3707=(
BOUNDED_SURFACE()
B_SPLINE_SURFACE(3,1,((#4979,#4980),(#4981,#4982),(#4983,#4984),(#4985,
#4986)),.UNSPECIFIED.,.F.,.F.,.F.)
B_SPLINE_SURFACE_WITH_KNOTS((4,4),(2,2),(0.,0.983268808828449),(0.,0.2),
 .UNSPECIFIED.)
GEOMETRIC_REPRESENTATION_ITEM()
RATIONAL_B_SPLINE_SURFACE(((1.,1.),(1.,1.),(1.,1.),(1.,1.)))
REPRESENTATION_ITEM('')
SURFACE()
);
#3708=(
BOUNDED_SURFACE()
B_SPLINE_SURFACE(3,1,((#5701,#5702),(#5703,#5704),(#5705,#5706),(#5707,
#5708)),.UNSPECIFIED.,.F.,.F.,.F.)
B_SPLINE_SURFACE_WITH_KNOTS((4,4),(2,2),(0.,1.),(0.,0.2),.UNSPECIFIED.)
GEOMETRIC_REPRESENTATION_ITEM()
RATIONAL_B_SPLINE_SURFACE(((1.,1.),(1.,1.),(1.,1.),(1.,1.)))
REPRESENTATION_ITEM('')
SURFACE()
);
#3709=(
BOUNDED_SURFACE()
B_SPLINE_SURFACE(3,1,((#5722,#5723),(#5724,#5725),(#5726,#5727),(#5728,
#5729)),.UNSPECIFIED.,.F.,.F.,.F.)
B_SPLINE_SURFACE_WITH_KNOTS((4,4),(2,2),(0.,1.),(0.,0.2),.UNSPECIFIED.)
GEOMETRIC_REPRESENTATION_ITEM()
RATIONAL_B_SPLINE_SURFACE(((1.,1.),(1.,1.),(1.,1.),(1.,1.)))
REPRESENTATION_ITEM('')
SURFACE()
);
#3710=(
BOUNDED_SURFACE()
B_SPLINE_SURFACE(3,1,((#5748,#5749),(#5750,#5751),(#5752,#5753),(#5754,
#5755)),.UNSPECIFIED.,.F.,.F.,.F.)
B_SPLINE_SURFACE_WITH_KNOTS((4,4),(2,2),(-1.,0.),(0.,0.2),.UNSPECIFIED.)
GEOMETRIC_REPRESENTATION_ITEM()
RATIONAL_B_SPLINE_SURFACE(((1.,1.),(1.,1.),(1.,1.),(1.,1.)))
REPRESENTATION_ITEM('')
SURFACE()
);
#3711=(
BOUNDED_SURFACE()
B_SPLINE_SURFACE(3,1,((#5764,#5765),(#5766,#5767),(#5768,#5769),(#5770,
#5771)),.UNSPECIFIED.,.F.,.F.,.F.)
B_SPLINE_SURFACE_WITH_KNOTS((4,4),(2,2),(-1.,0.),(0.,0.2),.UNSPECIFIED.)
GEOMETRIC_REPRESENTATION_ITEM()
RATIONAL_B_SPLINE_SURFACE(((1.,1.),(1.,1.),(1.,1.),(1.,1.)))
REPRESENTATION_ITEM('')
SURFACE()
);
#3712=(
BOUNDED_SURFACE()
B_SPLINE_SURFACE(3,1,((#5778,#5779),(#5780,#5781),(#5782,#5783),(#5784,
#5785)),.UNSPECIFIED.,.F.,.F.,.F.)
B_SPLINE_SURFACE_WITH_KNOTS((4,4),(2,2),(-1.,0.),(0.,0.2),.UNSPECIFIED.)
GEOMETRIC_REPRESENTATION_ITEM()
RATIONAL_B_SPLINE_SURFACE(((1.,1.),(1.,1.),(1.,1.),(1.,1.)))
REPRESENTATION_ITEM('')
SURFACE()
);
#3713=(
BOUNDED_SURFACE()
B_SPLINE_SURFACE(3,1,((#5790,#5791),(#5792,#5793),(#5794,#5795),(#5796,
#5797)),.UNSPECIFIED.,.F.,.F.,.F.)
B_SPLINE_SURFACE_WITH_KNOTS((4,4),(2,2),(0.,1.),(0.,0.2),.UNSPECIFIED.)
GEOMETRIC_REPRESENTATION_ITEM()
RATIONAL_B_SPLINE_SURFACE(((1.,1.),(1.,1.),(1.,1.),(1.,1.)))
REPRESENTATION_ITEM('')
SURFACE()
);
#3714=(
BOUNDED_SURFACE()
B_SPLINE_SURFACE(3,1,((#5806,#5807),(#5808,#5809),(#5810,#5811),(#5812,
#5813)),.UNSPECIFIED.,.F.,.F.,.F.)
B_SPLINE_SURFACE_WITH_KNOTS((4,4),(2,2),(0.,1.),(0.,0.2),.UNSPECIFIED.)
GEOMETRIC_REPRESENTATION_ITEM()
RATIONAL_B_SPLINE_SURFACE(((1.,1.),(1.,1.),(1.,1.),(1.,1.)))
REPRESENTATION_ITEM('')
SURFACE()
);
#3715=(
BOUNDED_SURFACE()
B_SPLINE_SURFACE(3,1,((#5820,#5821),(#5822,#5823),(#5824,#5825),(#5826,
#5827)),.UNSPECIFIED.,.F.,.F.,.F.)
B_SPLINE_SURFACE_WITH_KNOTS((4,4),(2,2),(0.,1.),(0.,0.2),.UNSPECIFIED.)
GEOMETRIC_REPRESENTATION_ITEM()
RATIONAL_B_SPLINE_SURFACE(((1.,1.),(1.,1.),(1.,1.),(1.,1.)))
REPRESENTATION_ITEM('')
SURFACE()
);
#3716=(
BOUNDED_SURFACE()
B_SPLINE_SURFACE(3,1,((#5832,#5833),(#5834,#5835),(#5836,#5837),(#5838,
#5839)),.UNSPECIFIED.,.F.,.F.,.F.)
B_SPLINE_SURFACE_WITH_KNOTS((4,4),(2,2),(-1.,0.),(0.,0.2),.UNSPECIFIED.)
GEOMETRIC_REPRESENTATION_ITEM()
RATIONAL_B_SPLINE_SURFACE(((1.,1.),(1.,1.),(1.,1.),(1.,1.)))
REPRESENTATION_ITEM('')
SURFACE()
);
#3717=(
BOUNDED_SURFACE()
B_SPLINE_SURFACE(3,1,((#5846,#5847),(#5848,#5849),(#5850,#5851),(#5852,
#5853)),.UNSPECIFIED.,.F.,.F.,.F.)
B_SPLINE_SURFACE_WITH_KNOTS((4,4),(2,2),(-1.,0.),(0.,0.2),.UNSPECIFIED.)
GEOMETRIC_REPRESENTATION_ITEM()
RATIONAL_B_SPLINE_SURFACE(((1.,1.),(1.,1.),(1.,1.),(1.,1.)))
REPRESENTATION_ITEM('')
SURFACE()
);
#3718=(
BOUNDED_SURFACE()
B_SPLINE_SURFACE(3,1,((#5865,#5866),(#5867,#5868),(#5869,#5870),(#5871,
#5872)),.UNSPECIFIED.,.F.,.F.,.F.)
B_SPLINE_SURFACE_WITH_KNOTS((4,4),(2,2),(-1.,-0.623405627118332),(0.,0.2),
 .UNSPECIFIED.)
GEOMETRIC_REPRESENTATION_ITEM()
RATIONAL_B_SPLINE_SURFACE(((1.,1.),(1.,1.),(1.,1.),(1.,1.)))
REPRESENTATION_ITEM('')
SURFACE()
);
#3719=(
BOUNDED_SURFACE()
B_SPLINE_SURFACE(3,1,((#5881,#5882),(#5883,#5884),(#5885,#5886),(#5887,
#5888)),.UNSPECIFIED.,.F.,.F.,.F.)
B_SPLINE_SURFACE_WITH_KNOTS((4,4),(2,2),(-1.,0.),(0.,0.2),.UNSPECIFIED.)
GEOMETRIC_REPRESENTATION_ITEM()
RATIONAL_B_SPLINE_SURFACE(((1.,1.),(1.,1.),(1.,1.),(1.,1.)))
REPRESENTATION_ITEM('')
SURFACE()
);
#3720=(
BOUNDED_SURFACE()
B_SPLINE_SURFACE(3,1,((#5895,#5896),(#5897,#5898),(#5899,#5900),(#5901,
#5902)),.UNSPECIFIED.,.F.,.F.,.F.)
B_SPLINE_SURFACE_WITH_KNOTS((4,4),(2,2),(-1.,0.),(0.,0.2),.UNSPECIFIED.)
GEOMETRIC_REPRESENTATION_ITEM()
RATIONAL_B_SPLINE_SURFACE(((1.,1.),(1.,1.),(1.,1.),(1.,1.)))
REPRESENTATION_ITEM('')
SURFACE()
);
#3721=(
BOUNDED_SURFACE()
B_SPLINE_SURFACE(3,1,((#5909,#5910),(#5911,#5912),(#5913,#5914),(#5915,
#5916)),.UNSPECIFIED.,.F.,.F.,.F.)
B_SPLINE_SURFACE_WITH_KNOTS((4,4),(2,2),(-0.990067373567344,0.),(0.,0.2),
 .UNSPECIFIED.)
GEOMETRIC_REPRESENTATION_ITEM()
RATIONAL_B_SPLINE_SURFACE(((1.,1.),(1.,1.),(1.,1.),(1.,1.)))
REPRESENTATION_ITEM('')
SURFACE()
);
#3722=(
BOUNDED_SURFACE()
B_SPLINE_SURFACE(3,1,((#5923,#5924),(#5925,#5926),(#5927,#5928),(#5929,
#5930)),.UNSPECIFIED.,.F.,.F.,.F.)
B_SPLINE_SURFACE_WITH_KNOTS((4,4),(2,2),(0.,0.00561205021485525),(0.,0.2),
 .UNSPECIFIED.)
GEOMETRIC_REPRESENTATION_ITEM()
RATIONAL_B_SPLINE_SURFACE(((1.,1.),(1.,1.),(1.,1.),(1.,1.)))
REPRESENTATION_ITEM('')
SURFACE()
);
#3723=(
BOUNDED_SURFACE()
B_SPLINE_SURFACE(3,1,((#5938,#5939),(#5940,#5941),(#5942,#5943),(#5944,
#5945)),.UNSPECIFIED.,.F.,.F.,.F.)
B_SPLINE_SURFACE_WITH_KNOTS((4,4),(2,2),(0.990067373570253,1.),(0.,0.2),
 .UNSPECIFIED.)
GEOMETRIC_REPRESENTATION_ITEM()
RATIONAL_B_SPLINE_SURFACE(((1.,1.),(1.,1.),(1.,1.),(1.,1.)))
REPRESENTATION_ITEM('')
SURFACE()
);
#3724=(
BOUNDED_SURFACE()
B_SPLINE_SURFACE(3,1,((#5950,#5951),(#5952,#5953),(#5954,#5955),(#5956,
#5957)),.UNSPECIFIED.,.F.,.F.,.F.)
B_SPLINE_SURFACE_WITH_KNOTS((4,4),(2,2),(-1.,-0.00561205021485525),(0.,
0.2),.UNSPECIFIED.)
GEOMETRIC_REPRESENTATION_ITEM()
RATIONAL_B_SPLINE_SURFACE(((1.,1.),(1.,1.),(1.,1.),(1.,1.)))
REPRESENTATION_ITEM('')
SURFACE()
);
#3725=(
BOUNDED_SURFACE()
B_SPLINE_SURFACE(3,1,((#5964,#5965),(#5966,#5967),(#5968,#5969),(#5970,
#5971)),.UNSPECIFIED.,.F.,.F.,.F.)
B_SPLINE_SURFACE_WITH_KNOTS((4,4),(2,2),(-0.809721077014782,0.),(0.,0.2),
 .UNSPECIFIED.)
GEOMETRIC_REPRESENTATION_ITEM()
RATIONAL_B_SPLINE_SURFACE(((1.,1.),(1.,1.),(1.,1.),(1.,1.)))
REPRESENTATION_ITEM('')
SURFACE()
);
#3726=(
BOUNDED_SURFACE()
B_SPLINE_SURFACE(3,1,((#5978,#5979),(#5980,#5981),(#5982,#5983),(#5984,
#5985)),.UNSPECIFIED.,.F.,.F.,.F.)
B_SPLINE_SURFACE_WITH_KNOTS((4,4),(2,2),(0.103028214574807,1.),(0.,0.2),
 .UNSPECIFIED.)
GEOMETRIC_REPRESENTATION_ITEM()
RATIONAL_B_SPLINE_SURFACE(((1.,1.),(1.,1.),(1.,1.),(1.,1.)))
REPRESENTATION_ITEM('')
SURFACE()
);
#3727=(
BOUNDED_SURFACE()
B_SPLINE_SURFACE(3,1,((#5997,#5998),(#5999,#6000),(#6001,#6002),(#6003,
#6004)),.UNSPECIFIED.,.F.,.F.,.F.)
B_SPLINE_SURFACE_WITH_KNOTS((4,4),(2,2),(-1.,0.),(0.,0.2),.UNSPECIFIED.)
GEOMETRIC_REPRESENTATION_ITEM()
RATIONAL_B_SPLINE_SURFACE(((1.,1.),(1.,1.),(1.,1.),(1.,1.)))
REPRESENTATION_ITEM('')
SURFACE()
);
#3728=(
BOUNDED_SURFACE()
B_SPLINE_SURFACE(3,1,((#6023,#6024),(#6025,#6026),(#6027,#6028),(#6029,
#6030)),.UNSPECIFIED.,.F.,.F.,.F.)
B_SPLINE_SURFACE_WITH_KNOTS((4,4),(2,2),(0.,0.578366915669042),(0.,0.2),
 .UNSPECIFIED.)
GEOMETRIC_REPRESENTATION_ITEM()
RATIONAL_B_SPLINE_SURFACE(((1.,1.),(1.,1.),(1.,1.),(1.,1.)))
REPRESENTATION_ITEM('')
SURFACE()
);
#3729=(
BOUNDED_SURFACE()
B_SPLINE_SURFACE(3,1,((#6039,#6040),(#6041,#6042),(#6043,#6044),(#6045,
#6046)),.UNSPECIFIED.,.F.,.F.,.F.)
B_SPLINE_SURFACE_WITH_KNOTS((4,4),(2,2),(0.,1.),(0.,0.2),.UNSPECIFIED.)
GEOMETRIC_REPRESENTATION_ITEM()
RATIONAL_B_SPLINE_SURFACE(((1.,1.),(1.,1.),(1.,1.),(1.,1.)))
REPRESENTATION_ITEM('')
SURFACE()
);
#3730=(
BOUNDED_SURFACE()
B_SPLINE_SURFACE(3,1,((#6053,#6054),(#6055,#6056),(#6057,#6058),(#6059,
#6060)),.UNSPECIFIED.,.F.,.F.,.F.)
B_SPLINE_SURFACE_WITH_KNOTS((4,4),(2,2),(0.,1.),(0.,0.2),.UNSPECIFIED.)
GEOMETRIC_REPRESENTATION_ITEM()
RATIONAL_B_SPLINE_SURFACE(((1.,1.),(1.,1.),(1.,1.),(1.,1.)))
REPRESENTATION_ITEM('')
SURFACE()
);
#3731=(
BOUNDED_SURFACE()
B_SPLINE_SURFACE(3,1,((#6067,#6068),(#6069,#6070),(#6071,#6072),(#6073,
#6074)),.UNSPECIFIED.,.F.,.F.,.F.)
B_SPLINE_SURFACE_WITH_KNOTS((4,4),(2,2),(0.,1.),(0.,0.2),.UNSPECIFIED.)
GEOMETRIC_REPRESENTATION_ITEM()
RATIONAL_B_SPLINE_SURFACE(((1.,1.),(1.,1.),(1.,1.),(1.,1.)))
REPRESENTATION_ITEM('')
SURFACE()
);
#3732=(
BOUNDED_SURFACE()
B_SPLINE_SURFACE(3,1,((#6081,#6082),(#6083,#6084),(#6085,#6086),(#6087,
#6088)),.UNSPECIFIED.,.F.,.F.,.F.)
B_SPLINE_SURFACE_WITH_KNOTS((4,4),(2,2),(0.,1.),(0.,0.2),.UNSPECIFIED.)
GEOMETRIC_REPRESENTATION_ITEM()
RATIONAL_B_SPLINE_SURFACE(((1.,1.),(1.,1.),(1.,1.),(1.,1.)))
REPRESENTATION_ITEM('')
SURFACE()
);
#3733=(
BOUNDED_SURFACE()
B_SPLINE_SURFACE(3,1,((#6095,#6096),(#6097,#6098),(#6099,#6100),(#6101,
#6102)),.UNSPECIFIED.,.F.,.F.,.F.)
B_SPLINE_SURFACE_WITH_KNOTS((4,4),(2,2),(0.,1.),(0.,0.2),.UNSPECIFIED.)
GEOMETRIC_REPRESENTATION_ITEM()
RATIONAL_B_SPLINE_SURFACE(((1.,1.),(1.,1.),(1.,1.),(1.,1.)))
REPRESENTATION_ITEM('')
SURFACE()
);
#3734=(
BOUNDED_SURFACE()
B_SPLINE_SURFACE(3,1,((#6109,#6110),(#6111,#6112),(#6113,#6114),(#6115,
#6116)),.UNSPECIFIED.,.F.,.F.,.F.)
B_SPLINE_SURFACE_WITH_KNOTS((4,4),(2,2),(0.,1.),(0.,0.2),.UNSPECIFIED.)
GEOMETRIC_REPRESENTATION_ITEM()
RATIONAL_B_SPLINE_SURFACE(((1.,1.),(1.,1.),(1.,1.),(1.,1.)))
REPRESENTATION_ITEM('')
SURFACE()
);
#3735=(
BOUNDED_SURFACE()
B_SPLINE_SURFACE(3,1,((#6123,#6124),(#6125,#6126),(#6127,#6128),(#6129,
#6130)),.UNSPECIFIED.,.F.,.F.,.F.)
B_SPLINE_SURFACE_WITH_KNOTS((4,4),(2,2),(0.,1.),(0.,0.2),.UNSPECIFIED.)
GEOMETRIC_REPRESENTATION_ITEM()
RATIONAL_B_SPLINE_SURFACE(((1.,1.),(1.,1.),(1.,1.),(1.,1.)))
REPRESENTATION_ITEM('')
SURFACE()
);
#3736=(
BOUNDED_SURFACE()
B_SPLINE_SURFACE(3,1,((#6137,#6138),(#6139,#6140),(#6141,#6142),(#6143,
#6144)),.UNSPECIFIED.,.F.,.F.,.F.)
B_SPLINE_SURFACE_WITH_KNOTS((4,4),(2,2),(0.,1.),(0.,0.2),.UNSPECIFIED.)
GEOMETRIC_REPRESENTATION_ITEM()
RATIONAL_B_SPLINE_SURFACE(((1.,1.),(1.,1.),(1.,1.),(1.,1.)))
REPRESENTATION_ITEM('')
SURFACE()
);
#3737=(
BOUNDED_SURFACE()
B_SPLINE_SURFACE(3,1,((#6151,#6152),(#6153,#6154),(#6155,#6156),(#6157,
#6158)),.UNSPECIFIED.,.F.,.F.,.F.)
B_SPLINE_SURFACE_WITH_KNOTS((4,4),(2,2),(0.,1.),(0.,0.2),.UNSPECIFIED.)
GEOMETRIC_REPRESENTATION_ITEM()
RATIONAL_B_SPLINE_SURFACE(((1.,1.),(1.,1.),(1.,1.),(1.,1.)))
REPRESENTATION_ITEM('')
SURFACE()
);
#3738=(
BOUNDED_SURFACE()
B_SPLINE_SURFACE(3,1,((#6165,#6166),(#6167,#6168),(#6169,#6170),(#6171,
#6172)),.UNSPECIFIED.,.F.,.F.,.F.)
B_SPLINE_SURFACE_WITH_KNOTS((4,4),(2,2),(0.,1.),(0.,0.2),.UNSPECIFIED.)
GEOMETRIC_REPRESENTATION_ITEM()
RATIONAL_B_SPLINE_SURFACE(((1.,1.),(1.,1.),(1.,1.),(1.,1.)))
REPRESENTATION_ITEM('')
SURFACE()
);
#3739=(
BOUNDED_SURFACE()
B_SPLINE_SURFACE(3,1,((#6179,#6180),(#6181,#6182),(#6183,#6184),(#6185,
#6186)),.UNSPECIFIED.,.F.,.F.,.F.)
B_SPLINE_SURFACE_WITH_KNOTS((4,4),(2,2),(0.251317204626015,1.),(0.,0.2),
 .UNSPECIFIED.)
GEOMETRIC_REPRESENTATION_ITEM()
RATIONAL_B_SPLINE_SURFACE(((1.,1.),(1.,1.),(1.,1.),(1.,1.)))
REPRESENTATION_ITEM('')
SURFACE()
);
#3740=(
BOUNDED_SURFACE()
B_SPLINE_SURFACE(3,1,((#6193,#6194),(#6195,#6196),(#6197,#6198),(#6199,
#6200)),.UNSPECIFIED.,.F.,.F.,.F.)
B_SPLINE_SURFACE_WITH_KNOTS((4,4),(2,2),(0.,0.800094825512113),(0.,0.2),
 .UNSPECIFIED.)
GEOMETRIC_REPRESENTATION_ITEM()
RATIONAL_B_SPLINE_SURFACE(((1.,1.),(1.,1.),(1.,1.),(1.,1.)))
REPRESENTATION_ITEM('')
SURFACE()
);
#3741=(
BOUNDED_SURFACE()
B_SPLINE_SURFACE(3,1,((#6209,#6210),(#6211,#6212),(#6213,#6214),(#6215,
#6216)),.UNSPECIFIED.,.F.,.F.,.F.)
B_SPLINE_SURFACE_WITH_KNOTS((4,4),(2,2),(0.,1.),(0.,0.2),.UNSPECIFIED.)
GEOMETRIC_REPRESENTATION_ITEM()
RATIONAL_B_SPLINE_SURFACE(((1.,1.),(1.,1.),(1.,1.),(1.,1.)))
REPRESENTATION_ITEM('')
SURFACE()
);
#3742=(
BOUNDED_SURFACE()
B_SPLINE_SURFACE(3,1,((#6223,#6224),(#6225,#6226),(#6227,#6228),(#6229,
#6230)),.UNSPECIFIED.,.F.,.F.,.F.)
B_SPLINE_SURFACE_WITH_KNOTS((4,4),(2,2),(0.,1.),(0.,0.2),.UNSPECIFIED.)
GEOMETRIC_REPRESENTATION_ITEM()
RATIONAL_B_SPLINE_SURFACE(((1.,1.),(1.,1.),(1.,1.),(1.,1.)))
REPRESENTATION_ITEM('')
SURFACE()
);
#3743=(
BOUNDED_SURFACE()
B_SPLINE_SURFACE(3,1,((#6237,#6238),(#6239,#6240),(#6241,#6242),(#6243,
#6244)),.UNSPECIFIED.,.F.,.F.,.F.)
B_SPLINE_SURFACE_WITH_KNOTS((4,4),(2,2),(0.,1.),(0.,0.2),.UNSPECIFIED.)
GEOMETRIC_REPRESENTATION_ITEM()
RATIONAL_B_SPLINE_SURFACE(((1.,1.),(1.,1.),(1.,1.),(1.,1.)))
REPRESENTATION_ITEM('')
SURFACE()
);
#3744=(
BOUNDED_SURFACE()
B_SPLINE_SURFACE(3,1,((#6251,#6252),(#6253,#6254),(#6255,#6256),(#6257,
#6258)),.UNSPECIFIED.,.F.,.F.,.F.)
B_SPLINE_SURFACE_WITH_KNOTS((4,4),(2,2),(0.,1.),(0.,0.2),.UNSPECIFIED.)
GEOMETRIC_REPRESENTATION_ITEM()
RATIONAL_B_SPLINE_SURFACE(((1.,1.),(1.,1.),(1.,1.),(1.,1.)))
REPRESENTATION_ITEM('')
SURFACE()
);
#3745=(
BOUNDED_SURFACE()
B_SPLINE_SURFACE(3,1,((#6265,#6266),(#6267,#6268),(#6269,#6270),(#6271,
#6272)),.UNSPECIFIED.,.F.,.F.,.F.)
B_SPLINE_SURFACE_WITH_KNOTS((4,4),(2,2),(0.,1.),(0.,0.2),.UNSPECIFIED.)
GEOMETRIC_REPRESENTATION_ITEM()
RATIONAL_B_SPLINE_SURFACE(((1.,1.),(1.,1.),(1.,1.),(1.,1.)))
REPRESENTATION_ITEM('')
SURFACE()
);
#3746=(
BOUNDED_SURFACE()
B_SPLINE_SURFACE(3,1,((#6279,#6280),(#6281,#6282),(#6283,#6284),(#6285,
#6286)),.UNSPECIFIED.,.F.,.F.,.F.)
B_SPLINE_SURFACE_WITH_KNOTS((4,4),(2,2),(0.,1.),(0.,0.2),.UNSPECIFIED.)
GEOMETRIC_REPRESENTATION_ITEM()
RATIONAL_B_SPLINE_SURFACE(((1.,1.),(1.,1.),(1.,1.),(1.,1.)))
REPRESENTATION_ITEM('')
SURFACE()
);
#3747=(
BOUNDED_SURFACE()
B_SPLINE_SURFACE(3,1,((#6293,#6294),(#6295,#6296),(#6297,#6298),(#6299,
#6300)),.UNSPECIFIED.,.F.,.F.,.F.)
B_SPLINE_SURFACE_WITH_KNOTS((4,4),(2,2),(0.,1.),(0.,0.2),.UNSPECIFIED.)
GEOMETRIC_REPRESENTATION_ITEM()
RATIONAL_B_SPLINE_SURFACE(((1.,1.),(1.,1.),(1.,1.),(1.,1.)))
REPRESENTATION_ITEM('')
SURFACE()
);
#3748=(
BOUNDED_SURFACE()
B_SPLINE_SURFACE(3,1,((#6307,#6308),(#6309,#6310),(#6311,#6312),(#6313,
#6314)),.UNSPECIFIED.,.F.,.F.,.F.)
B_SPLINE_SURFACE_WITH_KNOTS((4,4),(2,2),(0.,1.),(0.,0.2),.UNSPECIFIED.)
GEOMETRIC_REPRESENTATION_ITEM()
RATIONAL_B_SPLINE_SURFACE(((1.,1.),(1.,1.),(1.,1.),(1.,1.)))
REPRESENTATION_ITEM('')
SURFACE()
);
#3749=(
BOUNDED_SURFACE()
B_SPLINE_SURFACE(3,1,((#6321,#6322),(#6323,#6324),(#6325,#6326),(#6327,
#6328)),.UNSPECIFIED.,.F.,.F.,.F.)
B_SPLINE_SURFACE_WITH_KNOTS((4,4),(2,2),(0.,1.),(0.,0.2),.UNSPECIFIED.)
GEOMETRIC_REPRESENTATION_ITEM()
RATIONAL_B_SPLINE_SURFACE(((1.,1.),(1.,1.),(1.,1.),(1.,1.)))
REPRESENTATION_ITEM('')
SURFACE()
);
#3750=(
BOUNDED_SURFACE()
B_SPLINE_SURFACE(3,1,((#6335,#6336),(#6337,#6338),(#6339,#6340),(#6341,
#6342)),.UNSPECIFIED.,.F.,.F.,.F.)
B_SPLINE_SURFACE_WITH_KNOTS((4,4),(2,2),(0.269148700422802,1.),(0.,0.2),
 .UNSPECIFIED.)
GEOMETRIC_REPRESENTATION_ITEM()
RATIONAL_B_SPLINE_SURFACE(((1.,1.),(1.,1.),(1.,1.),(1.,1.)))
REPRESENTATION_ITEM('')
SURFACE()
);
#3751=(
BOUNDED_SURFACE()
B_SPLINE_SURFACE(3,1,((#6349,#6350),(#6351,#6352),(#6353,#6354),(#6355,
#6356)),.UNSPECIFIED.,.F.,.F.,.F.)
B_SPLINE_SURFACE_WITH_KNOTS((4,4),(2,2),(-1.,-0.9695248078092),(0.,0.2),
 .UNSPECIFIED.)
GEOMETRIC_REPRESENTATION_ITEM()
RATIONAL_B_SPLINE_SURFACE(((1.,1.),(1.,1.),(1.,1.),(1.,1.)))
REPRESENTATION_ITEM('')
SURFACE()
);
#3752=(
BOUNDED_SURFACE()
B_SPLINE_SURFACE(3,1,((#6365,#6366),(#6367,#6368),(#6369,#6370),(#6371,
#6372)),.UNSPECIFIED.,.F.,.F.,.F.)
B_SPLINE_SURFACE_WITH_KNOTS((4,4),(2,2),(-1.,0.),(0.,0.2),.UNSPECIFIED.)
GEOMETRIC_REPRESENTATION_ITEM()
RATIONAL_B_SPLINE_SURFACE(((1.,1.),(1.,1.),(1.,1.),(1.,1.)))
REPRESENTATION_ITEM('')
SURFACE()
);
#3753=(
BOUNDED_SURFACE()
B_SPLINE_SURFACE(3,1,((#6379,#6380),(#6381,#6382),(#6383,#6384),(#6385,
#6386)),.UNSPECIFIED.,.F.,.F.,.F.)
B_SPLINE_SURFACE_WITH_KNOTS((4,4),(2,2),(-1.,0.),(0.,0.2),.UNSPECIFIED.)
GEOMETRIC_REPRESENTATION_ITEM()
RATIONAL_B_SPLINE_SURFACE(((1.,1.),(1.,1.),(1.,1.),(1.,1.)))
REPRESENTATION_ITEM('')
SURFACE()
);
#3754=(
BOUNDED_SURFACE()
B_SPLINE_SURFACE(3,1,((#6393,#6394),(#6395,#6396),(#6397,#6398),(#6399,
#6400)),.UNSPECIFIED.,.F.,.F.,.F.)
B_SPLINE_SURFACE_WITH_KNOTS((4,4),(2,2),(-1.,0.),(0.,0.2),.UNSPECIFIED.)
GEOMETRIC_REPRESENTATION_ITEM()
RATIONAL_B_SPLINE_SURFACE(((1.,1.),(1.,1.),(1.,1.),(1.,1.)))
REPRESENTATION_ITEM('')
SURFACE()
);
#3755=(
BOUNDED_SURFACE()
B_SPLINE_SURFACE(3,1,((#6407,#6408),(#6409,#6410),(#6411,#6412),(#6413,
#6414)),.UNSPECIFIED.,.F.,.F.,.F.)
B_SPLINE_SURFACE_WITH_KNOTS((4,4),(2,2),(-1.,0.),(0.,0.2),.UNSPECIFIED.)
GEOMETRIC_REPRESENTATION_ITEM()
RATIONAL_B_SPLINE_SURFACE(((1.,1.),(1.,1.),(1.,1.),(1.,1.)))
REPRESENTATION_ITEM('')
SURFACE()
);
#3756=(
BOUNDED_SURFACE()
B_SPLINE_SURFACE(3,1,((#6421,#6422),(#6423,#6424),(#6425,#6426),(#6427,
#6428)),.UNSPECIFIED.,.F.,.F.,.F.)
B_SPLINE_SURFACE_WITH_KNOTS((4,4),(2,2),(-0.777805513464946,0.),(0.,0.2),
 .UNSPECIFIED.)
GEOMETRIC_REPRESENTATION_ITEM()
RATIONAL_B_SPLINE_SURFACE(((1.,1.),(1.,1.),(1.,1.),(1.,1.)))
REPRESENTATION_ITEM('')
SURFACE()
);
#3757=(
BOUNDED_SURFACE()
B_SPLINE_SURFACE(3,1,((#6435,#6436),(#6437,#6438),(#6439,#6440),(#6441,
#6442)),.UNSPECIFIED.,.F.,.F.,.F.)
B_SPLINE_SURFACE_WITH_KNOTS((4,4),(2,2),(-1.,-0.790867944289965),(0.,0.2),
 .UNSPECIFIED.)
GEOMETRIC_REPRESENTATION_ITEM()
RATIONAL_B_SPLINE_SURFACE(((1.,1.),(1.,1.),(1.,1.),(1.,1.)))
REPRESENTATION_ITEM('')
SURFACE()
);
#3758=(
BOUNDED_SURFACE()
B_SPLINE_SURFACE(3,1,((#6451,#6452),(#6453,#6454),(#6455,#6456),(#6457,
#6458)),.UNSPECIFIED.,.F.,.F.,.F.)
B_SPLINE_SURFACE_WITH_KNOTS((4,4),(2,2),(-1.,0.),(0.,0.2),.UNSPECIFIED.)
GEOMETRIC_REPRESENTATION_ITEM()
RATIONAL_B_SPLINE_SURFACE(((1.,1.),(1.,1.),(1.,1.),(1.,1.)))
REPRESENTATION_ITEM('')
SURFACE()
);
#3759=(
BOUNDED_SURFACE()
B_SPLINE_SURFACE(3,1,((#6465,#6466),(#6467,#6468),(#6469,#6470),(#6471,
#6472)),.UNSPECIFIED.,.F.,.F.,.F.)
B_SPLINE_SURFACE_WITH_KNOTS((4,4),(2,2),(-0.425878277536592,0.),(0.,0.2),
 .UNSPECIFIED.)
GEOMETRIC_REPRESENTATION_ITEM()
RATIONAL_B_SPLINE_SURFACE(((1.,1.),(1.,1.),(1.,1.),(1.,1.)))
REPRESENTATION_ITEM('')
SURFACE()
);
#3760=(
BOUNDED_SURFACE()
B_SPLINE_SURFACE(3,1,((#6479,#6480),(#6481,#6482),(#6483,#6484),(#6485,
#6486)),.UNSPECIFIED.,.F.,.F.,.F.)
B_SPLINE_SURFACE_WITH_KNOTS((4,4),(2,2),(-0.730991276606036,-0.498101725129372),
(0.,0.2),.UNSPECIFIED.)
GEOMETRIC_REPRESENTATION_ITEM()
RATIONAL_B_SPLINE_SURFACE(((1.,1.),(1.,1.),(1.,1.),(1.,1.)))
REPRESENTATION_ITEM('')
SURFACE()
);
#3761=(
BOUNDED_SURFACE()
B_SPLINE_SURFACE(3,1,((#6495,#6496),(#6497,#6498),(#6499,#6500),(#6501,
#6502)),.UNSPECIFIED.,.F.,.F.,.F.)
B_SPLINE_SURFACE_WITH_KNOTS((4,4),(2,2),(0.,0.743960252798938),(0.,0.2),
 .UNSPECIFIED.)
GEOMETRIC_REPRESENTATION_ITEM()
RATIONAL_B_SPLINE_SURFACE(((1.,1.),(1.,1.),(1.,1.),(1.,1.)))
REPRESENTATION_ITEM('')
SURFACE()
);
#3762=(
BOUNDED_SURFACE()
B_SPLINE_SURFACE(3,1,((#6511,#6512),(#6513,#6514),(#6515,#6516),(#6517,
#6518)),.UNSPECIFIED.,.F.,.F.,.F.)
B_SPLINE_SURFACE_WITH_KNOTS((4,4),(2,2),(0.0498203832576866,1.),(0.,0.2),
 .UNSPECIFIED.)
GEOMETRIC_REPRESENTATION_ITEM()
RATIONAL_B_SPLINE_SURFACE(((1.,1.),(1.,1.),(1.,1.),(1.,1.)))
REPRESENTATION_ITEM('')
SURFACE()
);
#3763=(
BOUNDED_SURFACE()
B_SPLINE_SURFACE(3,1,((#6525,#6526),(#6527,#6528),(#6529,#6530),(#6531,
#6532)),.UNSPECIFIED.,.F.,.F.,.F.)
B_SPLINE_SURFACE_WITH_KNOTS((4,4),(2,2),(-1.,-0.126479658080079),(0.,0.2),
 .UNSPECIFIED.)
GEOMETRIC_REPRESENTATION_ITEM()
RATIONAL_B_SPLINE_SURFACE(((1.,1.),(1.,1.),(1.,1.),(1.,1.)))
REPRESENTATION_ITEM('')
SURFACE()
);
#3764=(
BOUNDED_SURFACE()
B_SPLINE_SURFACE(3,1,((#6541,#6542),(#6543,#6544),(#6545,#6546),(#6547,
#6548)),.UNSPECIFIED.,.F.,.F.,.F.)
B_SPLINE_SURFACE_WITH_KNOTS((4,4),(2,2),(-1.,0.),(0.,0.2),.UNSPECIFIED.)
GEOMETRIC_REPRESENTATION_ITEM()
RATIONAL_B_SPLINE_SURFACE(((1.,1.),(1.,1.),(1.,1.),(1.,1.)))
REPRESENTATION_ITEM('')
SURFACE()
);
#3765=(
BOUNDED_SURFACE()
B_SPLINE_SURFACE(3,1,((#6555,#6556),(#6557,#6558),(#6559,#6560),(#6561,
#6562)),.UNSPECIFIED.,.F.,.F.,.F.)
B_SPLINE_SURFACE_WITH_KNOTS((4,4),(2,2),(-1.,0.),(0.,0.2),.UNSPECIFIED.)
GEOMETRIC_REPRESENTATION_ITEM()
RATIONAL_B_SPLINE_SURFACE(((1.,1.),(1.,1.),(1.,1.),(1.,1.)))
REPRESENTATION_ITEM('')
SURFACE()
);
#3766=(
BOUNDED_SURFACE()
B_SPLINE_SURFACE(3,1,((#6569,#6570),(#6571,#6572),(#6573,#6574),(#6575,
#6576)),.UNSPECIFIED.,.F.,.F.,.F.)
B_SPLINE_SURFACE_WITH_KNOTS((4,4),(2,2),(-1.,0.),(0.,0.2),.UNSPECIFIED.)
GEOMETRIC_REPRESENTATION_ITEM()
RATIONAL_B_SPLINE_SURFACE(((1.,1.),(1.,1.),(1.,1.),(1.,1.)))
REPRESENTATION_ITEM('')
SURFACE()
);
#3767=(
BOUNDED_SURFACE()
B_SPLINE_SURFACE(3,1,((#6583,#6584),(#6585,#6586),(#6587,#6588),(#6589,
#6590)),.UNSPECIFIED.,.F.,.F.,.F.)
B_SPLINE_SURFACE_WITH_KNOTS((4,4),(2,2),(-1.,0.),(0.,0.2),.UNSPECIFIED.)
GEOMETRIC_REPRESENTATION_ITEM()
RATIONAL_B_SPLINE_SURFACE(((1.,1.),(1.,1.),(1.,1.),(1.,1.)))
REPRESENTATION_ITEM('')
SURFACE()
);
#3768=(
BOUNDED_SURFACE()
B_SPLINE_SURFACE(3,1,((#6597,#6598),(#6599,#6600),(#6601,#6602),(#6603,
#6604)),.UNSPECIFIED.,.F.,.F.,.F.)
B_SPLINE_SURFACE_WITH_KNOTS((4,4),(2,2),(-1.,0.),(0.,0.2),.UNSPECIFIED.)
GEOMETRIC_REPRESENTATION_ITEM()
RATIONAL_B_SPLINE_SURFACE(((1.,1.),(1.,1.),(1.,1.),(1.,1.)))
REPRESENTATION_ITEM('')
SURFACE()
);
#3769=(
BOUNDED_SURFACE()
B_SPLINE_SURFACE(3,1,((#6611,#6612),(#6613,#6614),(#6615,#6616),(#6617,
#6618)),.UNSPECIFIED.,.F.,.F.,.F.)
B_SPLINE_SURFACE_WITH_KNOTS((4,4),(2,2),(-1.,0.),(0.,0.2),.UNSPECIFIED.)
GEOMETRIC_REPRESENTATION_ITEM()
RATIONAL_B_SPLINE_SURFACE(((1.,1.),(1.,1.),(1.,1.),(1.,1.)))
REPRESENTATION_ITEM('')
SURFACE()
);
#3770=(
BOUNDED_SURFACE()
B_SPLINE_SURFACE(3,1,((#6625,#6626),(#6627,#6628),(#6629,#6630),(#6631,
#6632)),.UNSPECIFIED.,.F.,.F.,.F.)
B_SPLINE_SURFACE_WITH_KNOTS((4,4),(2,2),(-1.,0.),(0.,0.2),.UNSPECIFIED.)
GEOMETRIC_REPRESENTATION_ITEM()
RATIONAL_B_SPLINE_SURFACE(((1.,1.),(1.,1.),(1.,1.),(1.,1.)))
REPRESENTATION_ITEM('')
SURFACE()
);
#3771=(
BOUNDED_SURFACE()
B_SPLINE_SURFACE(3,1,((#6639,#6640),(#6641,#6642),(#6643,#6644),(#6645,
#6646)),.UNSPECIFIED.,.F.,.F.,.F.)
B_SPLINE_SURFACE_WITH_KNOTS((4,4),(2,2),(-1.,0.),(0.,0.2),.UNSPECIFIED.)
GEOMETRIC_REPRESENTATION_ITEM()
RATIONAL_B_SPLINE_SURFACE(((1.,1.),(1.,1.),(1.,1.),(1.,1.)))
REPRESENTATION_ITEM('')
SURFACE()
);
#3772=(
BOUNDED_SURFACE()
B_SPLINE_SURFACE(3,1,((#6653,#6654),(#6655,#6656),(#6657,#6658),(#6659,
#6660)),.UNSPECIFIED.,.F.,.F.,.F.)
B_SPLINE_SURFACE_WITH_KNOTS((4,4),(2,2),(-1.,0.),(0.,0.2),.UNSPECIFIED.)
GEOMETRIC_REPRESENTATION_ITEM()
RATIONAL_B_SPLINE_SURFACE(((1.,1.),(1.,1.),(1.,1.),(1.,1.)))
REPRESENTATION_ITEM('')
SURFACE()
);
#3773=(
BOUNDED_SURFACE()
B_SPLINE_SURFACE(3,1,((#6667,#6668),(#6669,#6670),(#6671,#6672),(#6673,
#6674)),.UNSPECIFIED.,.F.,.F.,.F.)
B_SPLINE_SURFACE_WITH_KNOTS((4,4),(2,2),(-1.,0.),(0.,0.2),.UNSPECIFIED.)
GEOMETRIC_REPRESENTATION_ITEM()
RATIONAL_B_SPLINE_SURFACE(((1.,1.),(1.,1.),(1.,1.),(1.,1.)))
REPRESENTATION_ITEM('')
SURFACE()
);
#3774=(
BOUNDED_SURFACE()
B_SPLINE_SURFACE(3,1,((#6681,#6682),(#6683,#6684),(#6685,#6686),(#6687,
#6688)),.UNSPECIFIED.,.F.,.F.,.F.)
B_SPLINE_SURFACE_WITH_KNOTS((4,4),(2,2),(-1.,0.),(0.,0.2),.UNSPECIFIED.)
GEOMETRIC_REPRESENTATION_ITEM()
RATIONAL_B_SPLINE_SURFACE(((1.,1.),(1.,1.),(1.,1.),(1.,1.)))
REPRESENTATION_ITEM('')
SURFACE()
);
#3775=(
BOUNDED_SURFACE()
B_SPLINE_SURFACE(3,1,((#6695,#6696),(#6697,#6698),(#6699,#6700),(#6701,
#6702)),.UNSPECIFIED.,.F.,.F.,.F.)
B_SPLINE_SURFACE_WITH_KNOTS((4,4),(2,2),(-0.206693380364743,0.),(0.,0.2),
 .UNSPECIFIED.)
GEOMETRIC_REPRESENTATION_ITEM()
RATIONAL_B_SPLINE_SURFACE(((1.,1.),(1.,1.),(1.,1.),(1.,1.)))
REPRESENTATION_ITEM('')
SURFACE()
);
#3776=(
BOUNDED_SURFACE()
B_SPLINE_SURFACE(3,1,((#6709,#6710),(#6711,#6712),(#6713,#6714),(#6715,
#6716)),.UNSPECIFIED.,.F.,.F.,.F.)
B_SPLINE_SURFACE_WITH_KNOTS((4,4),(2,2),(-1.,-0.239930495122691),(0.,0.2),
 .UNSPECIFIED.)
GEOMETRIC_REPRESENTATION_ITEM()
RATIONAL_B_SPLINE_SURFACE(((1.,1.),(1.,1.),(1.,1.),(1.,1.)))
REPRESENTATION_ITEM('')
SURFACE()
);
#3777=(
BOUNDED_SURFACE()
B_SPLINE_SURFACE(3,1,((#6725,#6726),(#6727,#6728),(#6729,#6730),(#6731,
#6732)),.UNSPECIFIED.,.F.,.F.,.F.)
B_SPLINE_SURFACE_WITH_KNOTS((4,4),(2,2),(-1.,0.),(0.,0.2),.UNSPECIFIED.)
GEOMETRIC_REPRESENTATION_ITEM()
RATIONAL_B_SPLINE_SURFACE(((1.,1.),(1.,1.),(1.,1.),(1.,1.)))
REPRESENTATION_ITEM('')
SURFACE()
);
#3778=(
BOUNDED_SURFACE()
B_SPLINE_SURFACE(3,1,((#6739,#6740),(#6741,#6742),(#6743,#6744),(#6745,
#6746)),.UNSPECIFIED.,.F.,.F.,.F.)
B_SPLINE_SURFACE_WITH_KNOTS((4,4),(2,2),(-1.,0.),(0.,0.2),.UNSPECIFIED.)
GEOMETRIC_REPRESENTATION_ITEM()
RATIONAL_B_SPLINE_SURFACE(((1.,1.),(1.,1.),(1.,1.),(1.,1.)))
REPRESENTATION_ITEM('')
SURFACE()
);
#3779=(
BOUNDED_SURFACE()
B_SPLINE_SURFACE(3,1,((#6753,#6754),(#6755,#6756),(#6757,#6758),(#6759,
#6760)),.UNSPECIFIED.,.F.,.F.,.F.)
B_SPLINE_SURFACE_WITH_KNOTS((4,4),(2,2),(-1.,0.),(0.,0.2),.UNSPECIFIED.)
GEOMETRIC_REPRESENTATION_ITEM()
RATIONAL_B_SPLINE_SURFACE(((1.,1.),(1.,1.),(1.,1.),(1.,1.)))
REPRESENTATION_ITEM('')
SURFACE()
);
#3780=(
BOUNDED_SURFACE()
B_SPLINE_SURFACE(3,1,((#6767,#6768),(#6769,#6770),(#6771,#6772),(#6773,
#6774)),.UNSPECIFIED.,.F.,.F.,.F.)
B_SPLINE_SURFACE_WITH_KNOTS((4,4),(2,2),(-1.,0.),(0.,0.2),.UNSPECIFIED.)
GEOMETRIC_REPRESENTATION_ITEM()
RATIONAL_B_SPLINE_SURFACE(((1.,1.),(1.,1.),(1.,1.),(1.,1.)))
REPRESENTATION_ITEM('')
SURFACE()
);
#3781=(
BOUNDED_SURFACE()
B_SPLINE_SURFACE(3,1,((#6781,#6782),(#6783,#6784),(#6785,#6786),(#6787,
#6788)),.UNSPECIFIED.,.F.,.F.,.F.)
B_SPLINE_SURFACE_WITH_KNOTS((4,4),(2,2),(-1.,0.),(0.,0.2),.UNSPECIFIED.)
GEOMETRIC_REPRESENTATION_ITEM()
RATIONAL_B_SPLINE_SURFACE(((1.,1.),(1.,1.),(1.,1.),(1.,1.)))
REPRESENTATION_ITEM('')
SURFACE()
);
#3782=(
BOUNDED_SURFACE()
B_SPLINE_SURFACE(3,1,((#6795,#6796),(#6797,#6798),(#6799,#6800),(#6801,
#6802)),.UNSPECIFIED.,.F.,.F.,.F.)
B_SPLINE_SURFACE_WITH_KNOTS((4,4),(2,2),(-1.,0.),(0.,0.2),.UNSPECIFIED.)
GEOMETRIC_REPRESENTATION_ITEM()
RATIONAL_B_SPLINE_SURFACE(((1.,1.),(1.,1.),(1.,1.),(1.,1.)))
REPRESENTATION_ITEM('')
SURFACE()
);
#3783=(
BOUNDED_SURFACE()
B_SPLINE_SURFACE(3,1,((#6809,#6810),(#6811,#6812),(#6813,#6814),(#6815,
#6816)),.UNSPECIFIED.,.F.,.F.,.F.)
B_SPLINE_SURFACE_WITH_KNOTS((4,4),(2,2),(-1.,0.),(0.,0.2),.UNSPECIFIED.)
GEOMETRIC_REPRESENTATION_ITEM()
RATIONAL_B_SPLINE_SURFACE(((1.,1.),(1.,1.),(1.,1.),(1.,1.)))
REPRESENTATION_ITEM('')
SURFACE()
);
#3784=(
BOUNDED_SURFACE()
B_SPLINE_SURFACE(3,1,((#6823,#6824),(#6825,#6826),(#6827,#6828),(#6829,
#6830)),.UNSPECIFIED.,.F.,.F.,.F.)
B_SPLINE_SURFACE_WITH_KNOTS((4,4),(2,2),(-1.,0.),(0.,0.2),.UNSPECIFIED.)
GEOMETRIC_REPRESENTATION_ITEM()
RATIONAL_B_SPLINE_SURFACE(((1.,1.),(1.,1.),(1.,1.),(1.,1.)))
REPRESENTATION_ITEM('')
SURFACE()
);
#3785=(
BOUNDED_SURFACE()
B_SPLINE_SURFACE(3,1,((#6837,#6838),(#6839,#6840),(#6841,#6842),(#6843,
#6844)),.UNSPECIFIED.,.F.,.F.,.F.)
B_SPLINE_SURFACE_WITH_KNOTS((4,4),(2,2),(-1.,0.),(0.,0.2),.UNSPECIFIED.)
GEOMETRIC_REPRESENTATION_ITEM()
RATIONAL_B_SPLINE_SURFACE(((1.,1.),(1.,1.),(1.,1.),(1.,1.)))
REPRESENTATION_ITEM('')
SURFACE()
);
#3786=(
BOUNDED_SURFACE()
B_SPLINE_SURFACE(3,1,((#6851,#6852),(#6853,#6854),(#6855,#6856),(#6857,
#6858)),.UNSPECIFIED.,.F.,.F.,.F.)
B_SPLINE_SURFACE_WITH_KNOTS((4,4),(2,2),(-0.699155636816914,0.),(0.,0.2),
 .UNSPECIFIED.)
GEOMETRIC_REPRESENTATION_ITEM()
RATIONAL_B_SPLINE_SURFACE(((1.,1.),(1.,1.),(1.,1.),(1.,1.)))
REPRESENTATION_ITEM('')
SURFACE()
);
#3787=(
BOUNDED_SURFACE()
B_SPLINE_SURFACE(3,1,((#6865,#6866),(#6867,#6868),(#6869,#6870),(#6871,
#6872)),.UNSPECIFIED.,.F.,.F.,.F.)
B_SPLINE_SURFACE_WITH_KNOTS((4,4),(2,2),(0.,0.994351407134282),(0.,0.2),
 .UNSPECIFIED.)
GEOMETRIC_REPRESENTATION_ITEM()
RATIONAL_B_SPLINE_SURFACE(((1.,1.),(1.,1.),(1.,1.),(1.,1.)))
REPRESENTATION_ITEM('')
SURFACE()
);
#3788=(
BOUNDED_SURFACE()
B_SPLINE_SURFACE(3,1,((#6881,#6882),(#6883,#6884),(#6885,#6886),(#6887,
#6888)),.UNSPECIFIED.,.F.,.F.,.F.)
B_SPLINE_SURFACE_WITH_KNOTS((4,4),(2,2),(0.,1.),(0.,0.2),.UNSPECIFIED.)
GEOMETRIC_REPRESENTATION_ITEM()
RATIONAL_B_SPLINE_SURFACE(((1.,1.),(1.,1.),(1.,1.),(1.,1.)))
REPRESENTATION_ITEM('')
SURFACE()
);
#3789=(
BOUNDED_SURFACE()
B_SPLINE_SURFACE(3,1,((#6895,#6896),(#6897,#6898),(#6899,#6900),(#6901,
#6902)),.UNSPECIFIED.,.F.,.F.,.F.)
B_SPLINE_SURFACE_WITH_KNOTS((4,4),(2,2),(0.38201868708504,1.),(0.,0.2),
 .UNSPECIFIED.)
GEOMETRIC_REPRESENTATION_ITEM()
RATIONAL_B_SPLINE_SURFACE(((1.,1.),(1.,1.),(1.,1.),(1.,1.)))
REPRESENTATION_ITEM('')
SURFACE()
);
#3790=(
BOUNDED_SURFACE()
B_SPLINE_SURFACE(3,1,((#6909,#6910),(#6911,#6912),(#6913,#6914),(#6915,
#6916)),.UNSPECIFIED.,.F.,.F.,.F.)
B_SPLINE_SURFACE_WITH_KNOTS((4,4),(2,2),(0.,0.852938040642419),(0.,0.2),
 .UNSPECIFIED.)
GEOMETRIC_REPRESENTATION_ITEM()
RATIONAL_B_SPLINE_SURFACE(((1.,1.),(1.,1.),(1.,1.),(1.,1.)))
REPRESENTATION_ITEM('')
SURFACE()
);
#3791=(
BOUNDED_SURFACE()
B_SPLINE_SURFACE(3,1,((#6925,#6926),(#6927,#6928),(#6929,#6930),(#6931,
#6932)),.UNSPECIFIED.,.F.,.F.,.F.)
B_SPLINE_SURFACE_WITH_KNOTS((4,4),(2,2),(0.,1.),(0.,0.2),.UNSPECIFIED.)
GEOMETRIC_REPRESENTATION_ITEM()
RATIONAL_B_SPLINE_SURFACE(((1.,1.),(1.,1.),(1.,1.),(1.,1.)))
REPRESENTATION_ITEM('')
SURFACE()
);
#3792=(
BOUNDED_SURFACE()
B_SPLINE_SURFACE(3,1,((#6939,#6940),(#6941,#6942),(#6943,#6944),(#6945,
#6946)),.UNSPECIFIED.,.F.,.F.,.F.)
B_SPLINE_SURFACE_WITH_KNOTS((4,4),(2,2),(0.,1.),(0.,0.2),.UNSPECIFIED.)
GEOMETRIC_REPRESENTATION_ITEM()
RATIONAL_B_SPLINE_SURFACE(((1.,1.),(1.,1.),(1.,1.),(1.,1.)))
REPRESENTATION_ITEM('')
SURFACE()
);
#3793=(
BOUNDED_SURFACE()
B_SPLINE_SURFACE(3,1,((#6953,#6954),(#6955,#6956),(#6957,#6958),(#6959,
#6960)),.UNSPECIFIED.,.F.,.F.,.F.)
B_SPLINE_SURFACE_WITH_KNOTS((4,4),(2,2),(0.859318085209594,1.),(0.,0.2),
 .UNSPECIFIED.)
GEOMETRIC_REPRESENTATION_ITEM()
RATIONAL_B_SPLINE_SURFACE(((1.,1.),(1.,1.),(1.,1.),(1.,1.)))
REPRESENTATION_ITEM('')
SURFACE()
);
#3794=(
BOUNDED_SURFACE()
B_SPLINE_SURFACE(3,1,((#6967,#6968),(#6969,#6970),(#6971,#6972),(#6973,
#6974)),.UNSPECIFIED.,.F.,.F.,.F.)
B_SPLINE_SURFACE_WITH_KNOTS((4,4),(2,2),(0.,1.),(0.,0.2),.UNSPECIFIED.)
GEOMETRIC_REPRESENTATION_ITEM()
RATIONAL_B_SPLINE_SURFACE(((1.,1.),(1.,1.),(1.,1.),(1.,1.)))
REPRESENTATION_ITEM('')
SURFACE()
);
#3795=(
BOUNDED_SURFACE()
B_SPLINE_SURFACE(3,1,((#6986,#6987),(#6988,#6989),(#6990,#6991),(#6992,
#6993)),.UNSPECIFIED.,.F.,.F.,.F.)
B_SPLINE_SURFACE_WITH_KNOTS((4,4),(2,2),(0.,1.),(0.,0.2),.UNSPECIFIED.)
GEOMETRIC_REPRESENTATION_ITEM()
RATIONAL_B_SPLINE_SURFACE(((1.,1.),(1.,1.),(1.,1.),(1.,1.)))
REPRESENTATION_ITEM('')
SURFACE()
);
#3796=(
BOUNDED_SURFACE()
B_SPLINE_SURFACE(3,1,((#7000,#7001),(#7002,#7003),(#7004,#7005),(#7006,
#7007)),.UNSPECIFIED.,.F.,.F.,.F.)
B_SPLINE_SURFACE_WITH_KNOTS((4,4),(2,2),(0.206150601838535,1.),(0.,0.2),
 .UNSPECIFIED.)
GEOMETRIC_REPRESENTATION_ITEM()
RATIONAL_B_SPLINE_SURFACE(((1.,1.),(1.,1.),(1.,1.),(1.,1.)))
REPRESENTATION_ITEM('')
SURFACE()
);
#3797=(
BOUNDED_SURFACE()
B_SPLINE_SURFACE(3,1,((#7019,#7020),(#7021,#7022),(#7023,#7024),(#7025,
#7026)),.UNSPECIFIED.,.F.,.F.,.F.)
B_SPLINE_SURFACE_WITH_KNOTS((4,4),(2,2),(0.,0.942901874439058),(0.,0.2),
 .UNSPECIFIED.)
GEOMETRIC_REPRESENTATION_ITEM()
RATIONAL_B_SPLINE_SURFACE(((1.,1.),(1.,1.),(1.,1.),(1.,1.)))
REPRESENTATION_ITEM('')
SURFACE()
);
#3798=(
BOUNDED_SURFACE()
B_SPLINE_SURFACE(3,1,((#7035,#7036),(#7037,#7038),(#7039,#7040),(#7041,
#7042)),.UNSPECIFIED.,.F.,.F.,.F.)
B_SPLINE_SURFACE_WITH_KNOTS((4,4),(2,2),(0.00561220592151754,1.),(0.,0.2),
 .UNSPECIFIED.)
GEOMETRIC_REPRESENTATION_ITEM()
RATIONAL_B_SPLINE_SURFACE(((1.,1.),(1.,1.),(1.,1.),(1.,1.)))
REPRESENTATION_ITEM('')
SURFACE()
);
#3799=(
BOUNDED_SURFACE()
B_SPLINE_SURFACE(3,1,((#7049,#7050),(#7051,#7052),(#7053,#7054),(#7055,
#7056)),.UNSPECIFIED.,.F.,.F.,.F.)
B_SPLINE_SURFACE_WITH_KNOTS((4,4),(2,2),(-1.,-0.99006709385049),(0.,0.2),
 .UNSPECIFIED.)
GEOMETRIC_REPRESENTATION_ITEM()
RATIONAL_B_SPLINE_SURFACE(((1.,1.),(1.,1.),(1.,1.),(1.,1.)))
REPRESENTATION_ITEM('')
SURFACE()
);
#3800=(
BOUNDED_SURFACE()
B_SPLINE_SURFACE(3,1,((#7064,#7065),(#7066,#7067),(#7068,#7069),(#7070,
#7071)),.UNSPECIFIED.,.F.,.F.,.F.)
B_SPLINE_SURFACE_WITH_KNOTS((4,4),(2,2),(-0.0056122059215174,0.),(0.,0.2),
 .UNSPECIFIED.)
GEOMETRIC_REPRESENTATION_ITEM()
RATIONAL_B_SPLINE_SURFACE(((1.,1.),(1.,1.),(1.,1.),(1.,1.)))
REPRESENTATION_ITEM('')
SURFACE()
);
#3801=(
BOUNDED_SURFACE()
B_SPLINE_SURFACE(3,1,((#7076,#7077),(#7078,#7079),(#7080,#7081),(#7082,
#7083)),.UNSPECIFIED.,.F.,.F.,.F.)
B_SPLINE_SURFACE_WITH_KNOTS((4,4),(2,2),(0.,0.99006709384758),(0.,0.2),
 .UNSPECIFIED.)
GEOMETRIC_REPRESENTATION_ITEM()
RATIONAL_B_SPLINE_SURFACE(((1.,1.),(1.,1.),(1.,1.),(1.,1.)))
REPRESENTATION_ITEM('')
SURFACE()
);
#3802=(
BOUNDED_SURFACE()
B_SPLINE_SURFACE(3,1,((#7090,#7091),(#7092,#7093),(#7094,#7095),(#7096,
#7097)),.UNSPECIFIED.,.F.,.F.,.F.)
B_SPLINE_SURFACE_WITH_KNOTS((4,4),(2,2),(0.,1.),(0.,0.2),.UNSPECIFIED.)
GEOMETRIC_REPRESENTATION_ITEM()
RATIONAL_B_SPLINE_SURFACE(((1.,1.),(1.,1.),(1.,1.),(1.,1.)))
REPRESENTATION_ITEM('')
SURFACE()
);
#3803=(
BOUNDED_SURFACE()
B_SPLINE_SURFACE(3,1,((#7104,#7105),(#7106,#7107),(#7108,#7109),(#7110,
#7111)),.UNSPECIFIED.,.F.,.F.,.F.)
B_SPLINE_SURFACE_WITH_KNOTS((4,4),(2,2),(0.,1.),(0.,0.2),.UNSPECIFIED.)
GEOMETRIC_REPRESENTATION_ITEM()
RATIONAL_B_SPLINE_SURFACE(((1.,1.),(1.,1.),(1.,1.),(1.,1.)))
REPRESENTATION_ITEM('')
SURFACE()
);
#3804=(
BOUNDED_SURFACE()
B_SPLINE_SURFACE(3,1,((#7118,#7119),(#7120,#7121),(#7122,#7123),(#7124,
#7125)),.UNSPECIFIED.,.F.,.F.,.F.)
B_SPLINE_SURFACE_WITH_KNOTS((4,4),(2,2),(0.452780864132631,1.),(0.,0.2),
 .UNSPECIFIED.)
GEOMETRIC_REPRESENTATION_ITEM()
RATIONAL_B_SPLINE_SURFACE(((1.,1.),(1.,1.),(1.,1.),(1.,1.)))
REPRESENTATION_ITEM('')
SURFACE()
);
#3805=(
BOUNDED_SURFACE()
B_SPLINE_SURFACE(3,1,((#7132,#7133),(#7134,#7135),(#7136,#7137),(#7138,
#7139)),.UNSPECIFIED.,.F.,.F.,.F.)
B_SPLINE_SURFACE_WITH_KNOTS((4,4),(2,2),(-1.,-0.466644121690627),(0.,0.2),
 .UNSPECIFIED.)
GEOMETRIC_REPRESENTATION_ITEM()
RATIONAL_B_SPLINE_SURFACE(((1.,1.),(1.,1.),(1.,1.),(1.,1.)))
REPRESENTATION_ITEM('')
SURFACE()
);
#3806=(
BOUNDED_SURFACE()
B_SPLINE_SURFACE(3,1,((#7148,#7149),(#7150,#7151),(#7152,#7153),(#7154,
#7155)),.UNSPECIFIED.,.F.,.F.,.F.)
B_SPLINE_SURFACE_WITH_KNOTS((4,4),(2,2),(-1.,0.),(0.,0.2),.UNSPECIFIED.)
GEOMETRIC_REPRESENTATION_ITEM()
RATIONAL_B_SPLINE_SURFACE(((1.,1.),(1.,1.),(1.,1.),(1.,1.)))
REPRESENTATION_ITEM('')
SURFACE()
);
#3807=(
BOUNDED_SURFACE()
B_SPLINE_SURFACE(3,1,((#7162,#7163),(#7164,#7165),(#7166,#7167),(#7168,
#7169)),.UNSPECIFIED.,.F.,.F.,.F.)
B_SPLINE_SURFACE_WITH_KNOTS((4,4),(2,2),(-1.,0.),(0.,0.2),.UNSPECIFIED.)
GEOMETRIC_REPRESENTATION_ITEM()
RATIONAL_B_SPLINE_SURFACE(((1.,1.),(1.,1.),(1.,1.),(1.,1.)))
REPRESENTATION_ITEM('')
SURFACE()
);
#3808=(
BOUNDED_SURFACE()
B_SPLINE_SURFACE(3,1,((#7176,#7177),(#7178,#7179),(#7180,#7181),(#7182,
#7183)),.UNSPECIFIED.,.F.,.F.,.F.)
B_SPLINE_SURFACE_WITH_KNOTS((4,4),(2,2),(-1.,0.),(0.,0.2),.UNSPECIFIED.)
GEOMETRIC_REPRESENTATION_ITEM()
RATIONAL_B_SPLINE_SURFACE(((1.,1.),(1.,1.),(1.,1.),(1.,1.)))
REPRESENTATION_ITEM('')
SURFACE()
);
#3809=(
BOUNDED_SURFACE()
B_SPLINE_SURFACE(3,1,((#7195,#7196),(#7197,#7198),(#7199,#7200),(#7201,
#7202)),.UNSPECIFIED.,.F.,.F.,.F.)
B_SPLINE_SURFACE_WITH_KNOTS((4,4),(2,2),(0.186356440505876,0.62133383904944),
(0.,0.2),.UNSPECIFIED.)
GEOMETRIC_REPRESENTATION_ITEM()
RATIONAL_B_SPLINE_SURFACE(((1.,1.),(1.,1.),(1.,1.),(1.,1.)))
REPRESENTATION_ITEM('')
SURFACE()
);
#3810=(
BOUNDED_SURFACE()
B_SPLINE_SURFACE(3,1,((#7211,#7212),(#7213,#7214),(#7215,#7216),(#7217,
#7218)),.UNSPECIFIED.,.F.,.F.,.F.)
B_SPLINE_SURFACE_WITH_KNOTS((4,4),(2,2),(0.,0.0256577693836247),(0.,0.2),
 .UNSPECIFIED.)
GEOMETRIC_REPRESENTATION_ITEM()
RATIONAL_B_SPLINE_SURFACE(((1.,1.),(1.,1.),(1.,1.),(1.,1.)))
REPRESENTATION_ITEM('')
SURFACE()
);
#3811=(
BOUNDED_SURFACE()
B_SPLINE_SURFACE(3,1,((#7227,#7228),(#7229,#7230),(#7231,#7232),(#7233,
#7234)),.UNSPECIFIED.,.F.,.F.,.F.)
B_SPLINE_SURFACE_WITH_KNOTS((4,4),(2,2),(0.,1.),(0.,0.2),.UNSPECIFIED.)
GEOMETRIC_REPRESENTATION_ITEM()
RATIONAL_B_SPLINE_SURFACE(((1.,1.),(1.,1.),(1.,1.),(1.,1.)))
REPRESENTATION_ITEM('')
SURFACE()
);
#3812=(
BOUNDED_SURFACE()
B_SPLINE_SURFACE(3,1,((#7241,#7242),(#7243,#7244),(#7245,#7246),(#7247,
#7248)),.UNSPECIFIED.,.F.,.F.,.F.)
B_SPLINE_SURFACE_WITH_KNOTS((4,4),(2,2),(0.,1.),(0.,0.2),.UNSPECIFIED.)
GEOMETRIC_REPRESENTATION_ITEM()
RATIONAL_B_SPLINE_SURFACE(((1.,1.),(1.,1.),(1.,1.),(1.,1.)))
REPRESENTATION_ITEM('')
SURFACE()
);
#3813=(
BOUNDED_SURFACE()
B_SPLINE_SURFACE(3,1,((#7266,#7267),(#7268,#7269),(#7270,#7271),(#7272,
#7273)),.UNSPECIFIED.,.F.,.F.,.F.)
B_SPLINE_SURFACE_WITH_KNOTS((4,4),(2,2),(0.,1.),(0.,0.2),.UNSPECIFIED.)
GEOMETRIC_REPRESENTATION_ITEM()
RATIONAL_B_SPLINE_SURFACE(((1.,1.),(1.,1.),(1.,1.),(1.,1.)))
REPRESENTATION_ITEM('')
SURFACE()
);
#3814=(
BOUNDED_SURFACE()
B_SPLINE_SURFACE(3,1,((#7280,#7281),(#7282,#7283),(#7284,#7285),(#7286,
#7287)),.UNSPECIFIED.,.F.,.F.,.F.)
B_SPLINE_SURFACE_WITH_KNOTS((4,4),(2,2),(0.,1.),(0.,0.2),.UNSPECIFIED.)
GEOMETRIC_REPRESENTATION_ITEM()
RATIONAL_B_SPLINE_SURFACE(((1.,1.),(1.,1.),(1.,1.),(1.,1.)))
REPRESENTATION_ITEM('')
SURFACE()
);
#3815=(
BOUNDED_SURFACE()
B_SPLINE_SURFACE(3,1,((#7294,#7295),(#7296,#7297),(#7298,#7299),(#7300,
#7301)),.UNSPECIFIED.,.F.,.F.,.F.)
B_SPLINE_SURFACE_WITH_KNOTS((4,4),(2,2),(0.329269331915488,1.),(0.,0.2),
 .UNSPECIFIED.)
GEOMETRIC_REPRESENTATION_ITEM()
RATIONAL_B_SPLINE_SURFACE(((1.,1.),(1.,1.),(1.,1.),(1.,1.)))
REPRESENTATION_ITEM('')
SURFACE()
);
#3816=(
BOUNDED_SURFACE()
B_SPLINE_SURFACE(3,1,((#7308,#7309),(#7310,#7311),(#7312,#7313),(#7314,
#7315)),.UNSPECIFIED.,.F.,.F.,.F.)
B_SPLINE_SURFACE_WITH_KNOTS((4,4),(2,2),(0.,0.749164812391899),(0.,0.2),
 .UNSPECIFIED.)
GEOMETRIC_REPRESENTATION_ITEM()
RATIONAL_B_SPLINE_SURFACE(((1.,1.),(1.,1.),(1.,1.),(1.,1.)))
REPRESENTATION_ITEM('')
SURFACE()
);
#3817=(
BOUNDED_SURFACE()
B_SPLINE_SURFACE(3,1,((#7324,#7325),(#7326,#7327),(#7328,#7329),(#7330,
#7331)),.UNSPECIFIED.,.F.,.F.,.F.)
B_SPLINE_SURFACE_WITH_KNOTS((4,4),(2,2),(0.,1.),(0.,0.2),.UNSPECIFIED.)
GEOMETRIC_REPRESENTATION_ITEM()
RATIONAL_B_SPLINE_SURFACE(((1.,1.),(1.,1.),(1.,1.),(1.,1.)))
REPRESENTATION_ITEM('')
SURFACE()
);
#3818=(
BOUNDED_SURFACE()
B_SPLINE_SURFACE(3,1,((#7338,#7339),(#7340,#7341),(#7342,#7343),(#7344,
#7345)),.UNSPECIFIED.,.F.,.F.,.F.)
B_SPLINE_SURFACE_WITH_KNOTS((4,4),(2,2),(0.,1.),(0.,0.2),.UNSPECIFIED.)
GEOMETRIC_REPRESENTATION_ITEM()
RATIONAL_B_SPLINE_SURFACE(((1.,1.),(1.,1.),(1.,1.),(1.,1.)))
REPRESENTATION_ITEM('')
SURFACE()
);
#3819=(
BOUNDED_SURFACE()
B_SPLINE_SURFACE(3,1,((#7363,#7364),(#7365,#7366),(#7367,#7368),(#7369,
#7370)),.UNSPECIFIED.,.F.,.F.,.F.)
B_SPLINE_SURFACE_WITH_KNOTS((4,4),(2,2),(0.26923699529967,1.),(0.,0.2),
 .UNSPECIFIED.)
GEOMETRIC_REPRESENTATION_ITEM()
RATIONAL_B_SPLINE_SURFACE(((1.,1.),(1.,1.),(1.,1.),(1.,1.)))
REPRESENTATION_ITEM('')
SURFACE()
);
#3820=(
BOUNDED_SURFACE()
B_SPLINE_SURFACE(3,1,((#7377,#7378),(#7379,#7380),(#7381,#7382),(#7383,
#7384)),.UNSPECIFIED.,.F.,.F.,.F.)
B_SPLINE_SURFACE_WITH_KNOTS((4,4),(2,2),(0.,0.738437431889152),(0.,0.2),
 .UNSPECIFIED.)
GEOMETRIC_REPRESENTATION_ITEM()
RATIONAL_B_SPLINE_SURFACE(((1.,1.),(1.,1.),(1.,1.),(1.,1.)))
REPRESENTATION_ITEM('')
SURFACE()
);
#3821=(
BOUNDED_SURFACE()
B_SPLINE_SURFACE(3,1,((#7398,#7399),(#7400,#7401),(#7402,#7403),(#7404,
#7405)),.UNSPECIFIED.,.F.,.F.,.F.)
B_SPLINE_SURFACE_WITH_KNOTS((4,4),(2,2),(0.,1.),(0.,0.2),.UNSPECIFIED.)
GEOMETRIC_REPRESENTATION_ITEM()
RATIONAL_B_SPLINE_SURFACE(((1.,1.),(1.,1.),(1.,1.),(1.,1.)))
REPRESENTATION_ITEM('')
SURFACE()
);
#3822=(
BOUNDED_SURFACE()
B_SPLINE_SURFACE(3,1,((#7412,#7413),(#7414,#7415),(#7416,#7417),(#7418,
#7419)),.UNSPECIFIED.,.F.,.F.,.F.)
B_SPLINE_SURFACE_WITH_KNOTS((4,4),(2,2),(0.,1.),(0.,0.2),.UNSPECIFIED.)
GEOMETRIC_REPRESENTATION_ITEM()
RATIONAL_B_SPLINE_SURFACE(((1.,1.),(1.,1.),(1.,1.),(1.,1.)))
REPRESENTATION_ITEM('')
SURFACE()
);
#3823=(
BOUNDED_SURFACE()
B_SPLINE_SURFACE(3,1,((#7426,#7427),(#7428,#7429),(#7430,#7431),(#7432,
#7433)),.UNSPECIFIED.,.F.,.F.,.F.)
B_SPLINE_SURFACE_WITH_KNOTS((4,4),(2,2),(0.885696865343369,1.),(0.,0.2),
 .UNSPECIFIED.)
GEOMETRIC_REPRESENTATION_ITEM()
RATIONAL_B_SPLINE_SURFACE(((1.,1.),(1.,1.),(1.,1.),(1.,1.)))
REPRESENTATION_ITEM('')
SURFACE()
);
#3824=ADVANCED_FACE('',(#183),#3700,.F.);
#3825=ADVANCED_FACE('',(#184),#3701,.F.);
#3826=ADVANCED_FACE('',(#185),#3702,.F.);
#3827=ADVANCED_FACE('',(#186),#3703,.F.);
#3828=ADVANCED_FACE('',(#187),#3704,.F.);
#3829=ADVANCED_FACE('',(#188),#3705,.F.);
#3830=ADVANCED_FACE('',(#189),#3706,.F.);
#3831=ADVANCED_FACE('',(#190),#3707,.F.);
#3832=ADVANCED_FACE('',(#191,#37,#38,#39,#40,#41),#117,.T.);
#3833=ADVANCED_FACE('',(#192),#118,.T.);
#3834=ADVANCED_FACE('',(#193),#3708,.F.);
#3835=ADVANCED_FACE('',(#194),#3709,.F.);
#3836=ADVANCED_FACE('',(#195),#3710,.F.);
#3837=ADVANCED_FACE('',(#196),#3711,.F.);
#3838=ADVANCED_FACE('',(#197),#3712,.F.);
#3839=ADVANCED_FACE('',(#198),#3713,.F.);
#3840=ADVANCED_FACE('',(#199),#3714,.F.);
#3841=ADVANCED_FACE('',(#200),#3715,.F.);
#3842=ADVANCED_FACE('',(#201),#3716,.F.);
#3843=ADVANCED_FACE('',(#202),#3717,.F.);
#3844=ADVANCED_FACE('',(#203),#3718,.F.);
#3845=ADVANCED_FACE('',(#204),#3719,.F.);
#3846=ADVANCED_FACE('',(#205),#3720,.F.);
#3847=ADVANCED_FACE('',(#206),#3721,.F.);
#3848=ADVANCED_FACE('',(#207),#3722,.F.);
#3849=ADVANCED_FACE('',(#208),#3723,.F.);
#3850=ADVANCED_FACE('',(#209),#3724,.F.);
#3851=ADVANCED_FACE('',(#210),#3725,.F.);
#3852=ADVANCED_FACE('',(#211),#3726,.F.);
#3853=ADVANCED_FACE('',(#212),#3727,.F.);
#3854=ADVANCED_FACE('',(#213),#3728,.F.);
#3855=ADVANCED_FACE('',(#214),#3729,.F.);
#3856=ADVANCED_FACE('',(#215),#3730,.F.);
#3857=ADVANCED_FACE('',(#216),#3731,.F.);
#3858=ADVANCED_FACE('',(#217),#3732,.F.);
#3859=ADVANCED_FACE('',(#218),#3733,.F.);
#3860=ADVANCED_FACE('',(#219),#3734,.F.);
#3861=ADVANCED_FACE('',(#220),#3735,.F.);
#3862=ADVANCED_FACE('',(#221),#3736,.F.);
#3863=ADVANCED_FACE('',(#222),#3737,.F.);
#3864=ADVANCED_FACE('',(#223),#3738,.F.);
#3865=ADVANCED_FACE('',(#224),#3739,.F.);
#3866=ADVANCED_FACE('',(#225),#3740,.F.);
#3867=ADVANCED_FACE('',(#226),#3741,.F.);
#3868=ADVANCED_FACE('',(#227),#3742,.F.);
#3869=ADVANCED_FACE('',(#228),#3743,.F.);
#3870=ADVANCED_FACE('',(#229),#3744,.F.);
#3871=ADVANCED_FACE('',(#230),#3745,.F.);
#3872=ADVANCED_FACE('',(#231),#3746,.F.);
#3873=ADVANCED_FACE('',(#232),#3747,.F.);
#3874=ADVANCED_FACE('',(#233),#3748,.F.);
#3875=ADVANCED_FACE('',(#234),#3749,.F.);
#3876=ADVANCED_FACE('',(#235),#3750,.F.);
#3877=ADVANCED_FACE('',(#236),#3751,.F.);
#3878=ADVANCED_FACE('',(#237),#3752,.F.);
#3879=ADVANCED_FACE('',(#238),#3753,.F.);
#3880=ADVANCED_FACE('',(#239),#3754,.F.);
#3881=ADVANCED_FACE('',(#240),#3755,.F.);
#3882=ADVANCED_FACE('',(#241),#3756,.F.);
#3883=ADVANCED_FACE('',(#242),#3757,.F.);
#3884=ADVANCED_FACE('',(#243),#3758,.F.);
#3885=ADVANCED_FACE('',(#244),#3759,.F.);
#3886=ADVANCED_FACE('',(#245),#3760,.F.);
#3887=ADVANCED_FACE('',(#246),#3761,.F.);
#3888=ADVANCED_FACE('',(#247),#3762,.F.);
#3889=ADVANCED_FACE('',(#248),#3763,.F.);
#3890=ADVANCED_FACE('',(#249),#3764,.F.);
#3891=ADVANCED_FACE('',(#250),#3765,.F.);
#3892=ADVANCED_FACE('',(#251),#3766,.F.);
#3893=ADVANCED_FACE('',(#252),#3767,.F.);
#3894=ADVANCED_FACE('',(#253),#3768,.F.);
#3895=ADVANCED_FACE('',(#254),#3769,.F.);
#3896=ADVANCED_FACE('',(#255),#3770,.F.);
#3897=ADVANCED_FACE('',(#256),#3771,.F.);
#3898=ADVANCED_FACE('',(#257),#3772,.F.);
#3899=ADVANCED_FACE('',(#258),#3773,.F.);
#3900=ADVANCED_FACE('',(#259),#3774,.F.);
#3901=ADVANCED_FACE('',(#260),#3775,.F.);
#3902=ADVANCED_FACE('',(#261),#3776,.F.);
#3903=ADVANCED_FACE('',(#262),#3777,.F.);
#3904=ADVANCED_FACE('',(#263),#3778,.F.);
#3905=ADVANCED_FACE('',(#264),#3779,.F.);
#3906=ADVANCED_FACE('',(#265),#3780,.F.);
#3907=ADVANCED_FACE('',(#266),#3781,.F.);
#3908=ADVANCED_FACE('',(#267),#3782,.F.);
#3909=ADVANCED_FACE('',(#268),#3783,.F.);
#3910=ADVANCED_FACE('',(#269),#3784,.F.);
#3911=ADVANCED_FACE('',(#270),#3785,.F.);
#3912=ADVANCED_FACE('',(#271),#3786,.F.);
#3913=ADVANCED_FACE('',(#272),#3787,.F.);
#3914=ADVANCED_FACE('',(#273),#3788,.F.);
#3915=ADVANCED_FACE('',(#274),#3789,.F.);
#3916=ADVANCED_FACE('',(#275),#3790,.F.);
#3917=ADVANCED_FACE('',(#276),#3791,.F.);
#3918=ADVANCED_FACE('',(#277),#3792,.F.);
#3919=ADVANCED_FACE('',(#278),#3793,.F.);
#3920=ADVANCED_FACE('',(#279),#3794,.F.);
#3921=ADVANCED_FACE('',(#280),#3795,.F.);
#3922=ADVANCED_FACE('',(#281),#3796,.F.);
#3923=ADVANCED_FACE('',(#282),#3797,.F.);
#3924=ADVANCED_FACE('',(#283),#3798,.F.);
#3925=ADVANCED_FACE('',(#284),#3799,.F.);
#3926=ADVANCED_FACE('',(#285),#3800,.F.);
#3927=ADVANCED_FACE('',(#286),#3801,.F.);
#3928=ADVANCED_FACE('',(#287),#3802,.F.);
#3929=ADVANCED_FACE('',(#288),#3803,.F.);
#3930=ADVANCED_FACE('',(#289),#3804,.F.);
#3931=ADVANCED_FACE('',(#290),#3805,.F.);
#3932=ADVANCED_FACE('',(#291),#3806,.F.);
#3933=ADVANCED_FACE('',(#292),#3807,.F.);
#3934=ADVANCED_FACE('',(#293),#3808,.F.);
#3935=ADVANCED_FACE('',(#294),#3809,.F.);
#3936=ADVANCED_FACE('',(#295),#3810,.F.);
#3937=ADVANCED_FACE('',(#296),#3811,.F.);
#3938=ADVANCED_FACE('',(#297),#3812,.F.);
#3939=ADVANCED_FACE('',(#298),#35,.F.);
#3940=ADVANCED_FACE('',(#299),#3813,.F.);
#3941=ADVANCED_FACE('',(#300),#3814,.F.);
#3942=ADVANCED_FACE('',(#301),#3815,.F.);
#3943=ADVANCED_FACE('',(#302),#3816,.F.);
#3944=ADVANCED_FACE('',(#303),#3817,.F.);
#3945=ADVANCED_FACE('',(#304),#3818,.F.);
#3946=ADVANCED_FACE('',(#305),#36,.F.);
#3947=ADVANCED_FACE('',(#306),#3819,.F.);
#3948=ADVANCED_FACE('',(#307),#3820,.F.);
#3949=ADVANCED_FACE('',(#308),#3821,.F.);
#3950=ADVANCED_FACE('',(#309),#3822,.F.);
#3951=ADVANCED_FACE('',(#310),#3823,.F.);
#3952=ADVANCED_FACE('',(#311),#15,.T.);
#3953=ADVANCED_FACE('',(#312),#119,.F.);
#3954=ADVANCED_FACE('',(#313),#120,.F.);
#3955=ADVANCED_FACE('',(#314),#121,.F.);
#3956=ADVANCED_FACE('',(#315),#122,.F.);
#3957=ADVANCED_FACE('',(#316),#16,.F.);
#3958=ADVANCED_FACE('',(#317),#123,.F.);
#3959=ADVANCED_FACE('',(#318),#124,.F.);
#3960=ADVANCED_FACE('',(#319),#125,.F.);
#3961=ADVANCED_FACE('',(#320),#126,.F.);
#3962=ADVANCED_FACE('',(#321),#127,.F.);
#3963=ADVANCED_FACE('',(#322),#128,.T.);
#3964=ADVANCED_FACE('',(#323),#17,.F.);
#3965=ADVANCED_FACE('',(#324),#129,.F.);
#3966=ADVANCED_FACE('',(#325),#130,.F.);
#3967=ADVANCED_FACE('',(#326),#131,.F.);
#3968=ADVANCED_FACE('',(#327),#18,.F.);
#3969=ADVANCED_FACE('',(#328),#19,.F.);
#3970=ADVANCED_FACE('',(#329),#132,.F.);
#3971=ADVANCED_FACE('',(#330),#20,.F.);
#3972=ADVANCED_FACE('',(#331),#133,.F.);
#3973=ADVANCED_FACE('',(#332),#21,.T.);
#3974=ADVANCED_FACE('',(#333),#22,.F.);
#3975=ADVANCED_FACE('',(#334),#134,.F.);
#3976=ADVANCED_FACE('',(#335),#135,.F.);
#3977=ADVANCED_FACE('',(#336),#136,.F.);
#3978=ADVANCED_FACE('',(#337),#137,.F.);
#3979=ADVANCED_FACE('',(#338),#138,.F.);
#3980=ADVANCED_FACE('',(#339),#139,.F.);
#3981=ADVANCED_FACE('',(#340),#140,.F.);
#3982=ADVANCED_FACE('',(#341),#141,.F.);
#3983=ADVANCED_FACE('',(#342),#142,.F.);
#3984=ADVANCED_FACE('',(#343),#143,.F.);
#3985=ADVANCED_FACE('',(#344),#144,.F.);
#3986=ADVANCED_FACE('',(#345),#145,.F.);
#3987=ADVANCED_FACE('',(#346),#146,.F.);
#3988=ADVANCED_FACE('',(#347),#147,.F.);
#3989=ADVANCED_FACE('',(#348),#148,.F.);
#3990=ADVANCED_FACE('',(#349),#149,.F.);
#3991=ADVANCED_FACE('',(#350),#150,.F.);
#3992=ADVANCED_FACE('',(#351),#151,.F.);
#3993=ADVANCED_FACE('',(#352),#152,.F.);
#3994=ADVANCED_FACE('',(#353),#153,.F.);
#3995=ADVANCED_FACE('',(#354),#154,.F.);
#3996=ADVANCED_FACE('',(#355),#155,.F.);
#3997=ADVANCED_FACE('',(#356),#156,.F.);
#3998=ADVANCED_FACE('',(#357),#157,.F.);
#3999=ADVANCED_FACE('',(#358),#158,.F.);
#4000=ADVANCED_FACE('',(#359),#159,.F.);
#4001=ADVANCED_FACE('',(#360),#160,.F.);
#4002=ADVANCED_FACE('',(#361),#161,.F.);
#4003=ADVANCED_FACE('',(#362),#162,.F.);
#4004=ADVANCED_FACE('',(#363),#163,.F.);
#4005=ADVANCED_FACE('',(#364),#164,.F.);
#4006=ADVANCED_FACE('',(#365),#165,.F.);
#4007=ADVANCED_FACE('',(#366),#166,.F.);
#4008=ADVANCED_FACE('',(#367),#167,.F.);
#4009=ADVANCED_FACE('',(#368,#42,#43,#44,#45,#46,#47),#168,.T.);
#4010=ADVANCED_FACE('',(#369),#169,.T.);
#4011=ADVANCED_FACE('',(#370),#170,.F.);
#4012=ADVANCED_FACE('',(#371),#171,.F.);
#4013=ADVANCED_FACE('',(#372),#172,.F.);
#4014=ADVANCED_FACE('',(#373),#173,.F.);
#4015=ADVANCED_FACE('',(#374),#23,.F.);
#4016=ADVANCED_FACE('',(#375,#48),#174,.T.);
#4017=ADVANCED_FACE('',(#376),#24,.F.);
#4018=ADVANCED_FACE('',(#377,#49),#175,.T.);
#4019=ADVANCED_FACE('',(#378),#25,.F.);
#4020=ADVANCED_FACE('',(#379,#50),#176,.T.);
#4021=ADVANCED_FACE('',(#380),#26,.F.);
#4022=ADVANCED_FACE('',(#381,#51),#177,.T.);
#4023=ADVANCED_FACE('',(#382),#27,.F.);
#4024=ADVANCED_FACE('',(#383),#28,.F.);
#4025=ADVANCED_FACE('',(#384),#29,.F.);
#4026=ADVANCED_FACE('',(#385),#30,.F.);
#4027=ADVANCED_FACE('',(#386),#31,.T.);
#4028=ADVANCED_FACE('',(#387),#32,.F.);
#4029=ADVANCED_FACE('',(#388),#33,.T.);
#4030=ADVANCED_FACE('',(#389),#34,.F.);
#4031=ADVANCED_FACE('',(#390),#178,.T.);
#4032=ADVANCED_FACE('',(#391),#179,.T.);
#4033=ADVANCED_FACE('',(#392),#180,.F.);
#4034=ADVANCED_FACE('',(#393),#181,.F.);
#4035=ADVANCED_FACE('',(#394),#182,.F.);
#4036=CLOSED_SHELL('',(#3824,#3825,#3826,#3827,#3828,#3829,#3830,#3831,
#3832,#3833,#3834,#3835,#3836,#3837,#3838,#3839,#3840,#3841,#3842,#3843,
#3844,#3845,#3846,#3847,#3848,#3849,#3850,#3851,#3852,#3853,#3854,#3855,
#3856,#3857,#3858,#3859,#3860,#3861,#3862,#3863,#3864,#3865,#3866,#3867,
#3868,#3869,#3870,#3871,#3872,#3873,#3874,#3875,#3876,#3877,#3878,#3879,
#3880,#3881,#3882,#3883,#3884,#3885,#3886,#3887,#3888,#3889,#3890,#3891,
#3892,#3893,#3894,#3895,#3896,#3897,#3898,#3899,#3900,#3901,#3902,#3903,
#3904,#3905,#3906,#3907,#3908,#3909,#3910,#3911,#3912,#3913,#3914,#3915,
#3916,#3917,#3918,#3919,#3920,#3921,#3922,#3923,#3924,#3925,#3926,#3927,
#3928,#3929,#3930,#3931,#3932,#3933,#3934,#3935,#3936,#3937,#3938,#3939,
#3940,#3941,#3942,#3943,#3944,#3945,#3946,#3947,#3948,#3949,#3950,#3951,
#3952,#3953,#3954,#3955,#3956,#3957,#3958,#3959,#3960,#3961,#3962,#3963,
#3964,#3965,#3966,#3967,#3968,#3969,#3970,#3971,#3972,#3973,#3974,#3975,
#3976,#3977,#3978,#3979,#3980,#3981,#3982,#3983,#3984,#3985,#3986,#3987,
#3988,#3989,#3990,#3991,#3992,#3993,#3994,#3995,#3996,#3997,#3998,#3999,
#4000,#4001,#4002,#4003,#4004,#4005,#4006,#4007,#4008,#4009,#4010,#4011,
#4012,#4013,#4014,#4015,#4016,#4017,#4018,#4019,#4020,#4021,#4022,#4023,
#4024,#4025,#4026,#4027,#4028,#4029,#4030,#4031,#4032,#4033,#4034,#4035));
#4037=DERIVED_UNIT_ELEMENT(#4039,1.);
#4038=DERIVED_UNIT_ELEMENT(#7756,-3.);
#4039=(
MASS_UNIT()
NAMED_UNIT(*)
SI_UNIT(.KILO.,.GRAM.)
);
#4040=DERIVED_UNIT((#4037,#4038));
#4041=MEASURE_REPRESENTATION_ITEM('density measure',
POSITIVE_RATIO_MEASURE(7850.),#4040);
#4042=PROPERTY_DEFINITION_REPRESENTATION(#4047,#4044);
#4043=PROPERTY_DEFINITION_REPRESENTATION(#4048,#4045);
#4044=REPRESENTATION('material name',(#4046),#7753);
#4045=REPRESENTATION('density',(#4041),#7753);
#4046=DESCRIPTIVE_REPRESENTATION_ITEM('Steel','Steel');
#4047=PROPERTY_DEFINITION('material property','material name',#7763);
#4048=PROPERTY_DEFINITION('material property','density of part',#7763);
#4049=AXIS2_PLACEMENT_3D('',#4782,#4201,#4202);
#4050=AXIS2_PLACEMENT_3D('',#5006,#4208,#4209);
#4051=AXIS2_PLACEMENT_3D('',#5010,#4211,#4212);
#4052=AXIS2_PLACEMENT_3D('',#5055,#4217,#4218);
#4053=AXIS2_PLACEMENT_3D('',#5112,#4219,#4220);
#4054=AXIS2_PLACEMENT_3D('',#5114,#4221,#4222);
#4055=AXIS2_PLACEMENT_3D('',#5181,#4223,#4224);
#4056=AXIS2_PLACEMENT_3D('',#5202,#4227,#4228);
#4057=AXIS2_PLACEMENT_3D('',#5204,#4229,#4230);
#4058=AXIS2_PLACEMENT_3D('',#5221,#4231,#4232);
#4059=AXIS2_PLACEMENT_3D('',#5314,#4236,#4237);
#4060=AXIS2_PLACEMENT_3D('',#5376,#4238,#4239);
#4061=AXIS2_PLACEMENT_3D('',#5433,#4247,#4248);
#4062=AXIS2_PLACEMENT_3D('',#5477,#4255,#4256);
#4063=AXIS2_PLACEMENT_3D('',#5479,#4257,#4258);
#4064=AXIS2_PLACEMENT_3D('',#5505,#4259,#4260);
#4065=AXIS2_PLACEMENT_3D('',#5541,#4261,#4262);
#4066=AXIS2_PLACEMENT_3D('',#5548,#4263,#4264);
#4067=AXIS2_PLACEMENT_3D('',#5579,#4270,#4271);
#4068=AXIS2_PLACEMENT_3D('',#5620,#4272,#4273);
#4069=AXIS2_PLACEMENT_3D('',#5656,#4280,#4281);
#4070=AXIS2_PLACEMENT_3D('',#5673,#4282,#4283);
#4071=AXIS2_PLACEMENT_3D('',#5675,#4284,#4285);
#4072=AXIS2_PLACEMENT_3D('',#5691,#4286,#4287);
#4073=AXIS2_PLACEMENT_3D('',#7440,#4417,#4418);
#4074=AXIS2_PLACEMENT_3D('',#7442,#4419,#4420);
#4075=AXIS2_PLACEMENT_3D('',#7446,#4422,#4423);
#4076=AXIS2_PLACEMENT_3D('',#7448,#4425,#4426);
#4077=AXIS2_PLACEMENT_3D('',#7456,#4431,#4432);
#4078=AXIS2_PLACEMENT_3D('',#7460,#4435,#4436);
#4079=AXIS2_PLACEMENT_3D('',#7464,#4439,#4440);
#4080=AXIS2_PLACEMENT_3D('',#7467,#4443,#4444);
#4081=AXIS2_PLACEMENT_3D('',#7468,#4445,#4446);
#4082=AXIS2_PLACEMENT_3D('',#7471,#4448,#4449);
#4083=AXIS2_PLACEMENT_3D('',#7472,#4450,#4451);
#4084=AXIS2_PLACEMENT_3D('',#7473,#4452,#4453);
#4085=AXIS2_PLACEMENT_3D('',#7478,#4457,#4458);
#4086=AXIS2_PLACEMENT_3D('',#7484,#4462,#4463);
#4087=AXIS2_PLACEMENT_3D('',#7489,#4467,#4468);
#4088=AXIS2_PLACEMENT_3D('',#7495,#4472,#4473);
#4089=AXIS2_PLACEMENT_3D('',#7500,#4477,#4478);
#4090=AXIS2_PLACEMENT_3D('',#7504,#4481,#4482);
#4091=AXIS2_PLACEMENT_3D('',#7505,#4483,#4484);
#4092=AXIS2_PLACEMENT_3D('',#7507,#4485,#4486);
#4093=AXIS2_PLACEMENT_3D('',#7510,#4488,#4489);
#4094=AXIS2_PLACEMENT_3D('',#7511,#4490,#4491);
#4095=AXIS2_PLACEMENT_3D('',#7519,#4496,#4497);
#4096=AXIS2_PLACEMENT_3D('',#7525,#4501,#4502);
#4097=AXIS2_PLACEMENT_3D('',#7529,#4505,#4506);
#4098=AXIS2_PLACEMENT_3D('',#7531,#4507,#4508);
#4099=AXIS2_PLACEMENT_3D('',#7535,#4510,#4511);
#4100=AXIS2_PLACEMENT_3D('',#7537,#4513,#4514);
#4101=AXIS2_PLACEMENT_3D('',#7538,#4515,#4516);
#4102=AXIS2_PLACEMENT_3D('',#7540,#4517,#4518);
#4103=AXIS2_PLACEMENT_3D('',#7543,#4520,#4521);
#4104=AXIS2_PLACEMENT_3D('',#7544,#4522,#4523);
#4105=AXIS2_PLACEMENT_3D('',#7551,#4528,#4529);
#4106=AXIS2_PLACEMENT_3D('',#7553,#4530,#4531);
#4107=AXIS2_PLACEMENT_3D('',#7557,#4533,#4534);
#4108=AXIS2_PLACEMENT_3D('',#7560,#4536,#4537);
#4109=AXIS2_PLACEMENT_3D('',#7561,#4538,#4539);
#4110=AXIS2_PLACEMENT_3D('',#7569,#4544,#4545);
#4111=AXIS2_PLACEMENT_3D('',#7572,#4547,#4548);
#4112=AXIS2_PLACEMENT_3D('',#7573,#4549,#4550);
#4113=AXIS2_PLACEMENT_3D('',#7574,#4551,#4552);
#4114=AXIS2_PLACEMENT_3D('',#7576,#4553,#4554);
#4115=AXIS2_PLACEMENT_3D('',#7579,#4556,#4557);
#4116=AXIS2_PLACEMENT_3D('',#7580,#4558,#4559);
#4117=AXIS2_PLACEMENT_3D('',#7585,#4563,#4564);
#4118=AXIS2_PLACEMENT_3D('',#7589,#4567,#4568);
#4119=AXIS2_PLACEMENT_3D('',#7595,#4572,#4573);
#4120=AXIS2_PLACEMENT_3D('',#7600,#4577,#4578);
#4121=AXIS2_PLACEMENT_3D('',#7606,#4582,#4583);
#4122=AXIS2_PLACEMENT_3D('',#7607,#4584,#4585);
#4123=AXIS2_PLACEMENT_3D('',#7608,#4586,#4587);
#4124=AXIS2_PLACEMENT_3D('',#7609,#4588,#4589);
#4125=AXIS2_PLACEMENT_3D('',#7611,#4591,#4592);
#4126=AXIS2_PLACEMENT_3D('',#7612,#4593,#4594);
#4127=AXIS2_PLACEMENT_3D('',#7613,#4595,#4596);
#4128=AXIS2_PLACEMENT_3D('',#7616,#4598,#4599);
#4129=AXIS2_PLACEMENT_3D('',#7617,#4600,#4601);
#4130=AXIS2_PLACEMENT_3D('',#7619,#4603,#4604);
#4131=AXIS2_PLACEMENT_3D('',#7621,#4606,#4607);
#4132=AXIS2_PLACEMENT_3D('',#7622,#4608,#4609);
#4133=AXIS2_PLACEMENT_3D('',#7623,#4610,#4611);
#4134=AXIS2_PLACEMENT_3D('',#7624,#4612,#4613);
#4135=AXIS2_PLACEMENT_3D('',#7625,#4614,#4615);
#4136=AXIS2_PLACEMENT_3D('',#7627,#4617,#4618);
#4137=AXIS2_PLACEMENT_3D('',#7631,#4621,#4622);
#4138=AXIS2_PLACEMENT_3D('',#7633,#4623,#4624);
#4139=AXIS2_PLACEMENT_3D('',#7634,#4625,#4626);
#4140=AXIS2_PLACEMENT_3D('',#7635,#4627,#4628);
#4141=AXIS2_PLACEMENT_3D('',#7636,#4629,#4630);
#4142=AXIS2_PLACEMENT_3D('',#7637,#4631,#4632);
#4143=AXIS2_PLACEMENT_3D('',#7638,#4633,#4634);
#4144=AXIS2_PLACEMENT_3D('',#7639,#4635,#4636);
#4145=AXIS2_PLACEMENT_3D('',#7640,#4637,#4638);
#4146=AXIS2_PLACEMENT_3D('',#7641,#4639,#4640);
#4147=AXIS2_PLACEMENT_3D('',#7645,#4643,#4644);
#4148=AXIS2_PLACEMENT_3D('',#7646,#4645,#4646);
#4149=AXIS2_PLACEMENT_3D('',#7647,#4647,#4648);
#4150=AXIS2_PLACEMENT_3D('',#7649,#4650,#4651);
#4151=AXIS2_PLACEMENT_3D('',#7650,#4652,#4653);
#4152=AXIS2_PLACEMENT_3D('',#7651,#4654,#4655);
#4153=AXIS2_PLACEMENT_3D('',#7652,#4656,#4657);
#4154=AXIS2_PLACEMENT_3D('',#7654,#4659,#4660);
#4155=AXIS2_PLACEMENT_3D('',#7655,#4661,#4662);
#4156=AXIS2_PLACEMENT_3D('',#7656,#4663,#4664);
#4157=AXIS2_PLACEMENT_3D('',#7658,#4666,#4667);
#4158=AXIS2_PLACEMENT_3D('',#7662,#4670,#4671);
#4159=AXIS2_PLACEMENT_3D('',#7663,#4672,#4673);
#4160=AXIS2_PLACEMENT_3D('',#7667,#4675,#4676);
#4161=AXIS2_PLACEMENT_3D('',#7674,#4681,#4682);
#4162=AXIS2_PLACEMENT_3D('',#7675,#4683,#4684);
#4163=AXIS2_PLACEMENT_3D('',#7678,#4686,#4687);
#4164=AXIS2_PLACEMENT_3D('',#7680,#4688,#4689);
#4165=AXIS2_PLACEMENT_3D('',#7682,#4690,#4691);
#4166=AXIS2_PLACEMENT_3D('',#7684,#4692,#4693);
#4167=AXIS2_PLACEMENT_3D('',#7693,#4698,#4699);
#4168=AXIS2_PLACEMENT_3D('',#7694,#4700,#4701);
#4169=AXIS2_PLACEMENT_3D('',#7697,#4704,#4705);
#4170=AXIS2_PLACEMENT_3D('',#7699,#4707,#4708);
#4171=AXIS2_PLACEMENT_3D('',#7701,#4710,#4711);
#4172=AXIS2_PLACEMENT_3D('',#7702,#4712,#4713);
#4173=AXIS2_PLACEMENT_3D('',#7705,#4715,#4716);
#4174=AXIS2_PLACEMENT_3D('',#7706,#4717,#4718);
#4175=AXIS2_PLACEMENT_3D('',#7708,#4719,#4720);
#4176=AXIS2_PLACEMENT_3D('',#7709,#4721,#4722);
#4177=AXIS2_PLACEMENT_3D('',#7712,#4724,#4725);
#4178=AXIS2_PLACEMENT_3D('',#7713,#4726,#4727);
#4179=AXIS2_PLACEMENT_3D('',#7715,#4728,#4729);
#4180=AXIS2_PLACEMENT_3D('',#7716,#4730,#4731);
#4181=AXIS2_PLACEMENT_3D('',#7719,#4733,#4734);
#4182=AXIS2_PLACEMENT_3D('',#7720,#4735,#4736);
#4183=AXIS2_PLACEMENT_3D('',#7722,#4737,#4738);
#4184=AXIS2_PLACEMENT_3D('',#7723,#4739,#4740);
#4185=AXIS2_PLACEMENT_3D('',#7726,#4742,#4743);
#4186=AXIS2_PLACEMENT_3D('',#7727,#4744,#4745);
#4187=AXIS2_PLACEMENT_3D('',#7729,#4746,#4747);
#4188=AXIS2_PLACEMENT_3D('',#7730,#4748,#4749);
#4189=AXIS2_PLACEMENT_3D('',#7732,#4751,#4752);
#4190=AXIS2_PLACEMENT_3D('',#7734,#4754,#4755);
#4191=AXIS2_PLACEMENT_3D('',#7736,#4757,#4758);
#4192=AXIS2_PLACEMENT_3D('',#7738,#4760,#4761);
#4193=AXIS2_PLACEMENT_3D('',#7739,#4762,#4763);
#4194=AXIS2_PLACEMENT_3D('',#7741,#4765,#4766);
#4195=AXIS2_PLACEMENT_3D('',#7742,#4767,#4768);
#4196=AXIS2_PLACEMENT_3D('',#7745,#4771,#4772);
#4197=AXIS2_PLACEMENT_3D('',#7746,#4773,#4774);
#4198=AXIS2_PLACEMENT_3D('',#7747,#4775,#4776);
#4199=AXIS2_PLACEMENT_3D('',#7749,#4778,#4779);
#4200=AXIS2_PLACEMENT_3D('',#7750,#4780,#4781);
#4201=DIRECTION('axis',(0.,0.,1.));
#4202=DIRECTION('refdir',(1.,0.,0.));
#4203=DIRECTION('',(6.66710828366128E-15,-3.4448048202684E-15,-1.));
#4204=DIRECTION('',(6.66710828366128E-15,-3.4448048202684E-15,-1.));
#4205=DIRECTION('',(6.66710828366128E-15,-3.4448048202684E-15,-1.));
#4206=DIRECTION('',(6.66710828366128E-15,-3.4448048202684E-15,-1.));
#4207=DIRECTION('',(6.66710828366128E-15,-3.4448048202684E-15,-1.));
#4208=DIRECTION('center_axis',(6.66710828366128E-15,-3.4448048202684E-15,
-1.));
#4209=DIRECTION('ref_axis',(-1.,-5.55111512312395E-17,-6.66710828366128E-15));
#4210=DIRECTION('',(0.745521964111648,0.666481058265807,2.67457850044856E-15));
#4211=DIRECTION('center_axis',(6.66710828366128E-15,-3.4448048202684E-15,
-1.));
#4212=DIRECTION('ref_axis',(0.745521964111651,0.666481058265804,2.67457850044859E-15));
#4213=DIRECTION('',(1.,5.55111512312395E-17,6.66710828366128E-15));
#4214=DIRECTION('',(-5.55111512312166E-17,1.,-3.4448048202684E-15));
#4215=DIRECTION('',(-1.,-5.55111512312395E-17,-6.66710828366128E-15));
#4216=DIRECTION('',(5.55111512312166E-17,-1.,3.4448048202684E-15));
#4217=DIRECTION('center_axis',(6.66710828366128E-15,-3.4448048202684E-15,
-1.));
#4218=DIRECTION('ref_axis',(0.745521964111651,0.666481058265804,2.67457850044859E-15));
#4219=DIRECTION('center_axis',(-6.66710828366128E-15,3.4448048202684E-15,
1.));
#4220=DIRECTION('ref_axis',(1.,5.55111512312395E-17,6.66710828366128E-15));
#4221=DIRECTION('center_axis',(6.66710828366128E-15,-3.4448048202684E-15,
-1.));
#4222=DIRECTION('ref_axis',(0.703703703703704,0.710493559009291,2.24415715536123E-15));
#4223=DIRECTION('center_axis',(6.66710828366128E-15,-3.4448048202684E-15,
-1.));
#4224=DIRECTION('ref_axis',(0.703703703703704,0.710493559009291,2.24415715536123E-15));
#4225=DIRECTION('',(5.55111512312166E-17,-1.,3.4448048202684E-15));
#4226=DIRECTION('',(1.,5.55111512312395E-17,6.66710828366128E-15));
#4227=DIRECTION('center_axis',(6.66710828366128E-15,-3.4448048202684E-15,
-1.));
#4228=DIRECTION('ref_axis',(-1.,-5.55111512312395E-17,-6.66710828366128E-15));
#4229=DIRECTION('center_axis',(6.66710828366128E-15,-3.4448048202684E-15,
-1.));
#4230=DIRECTION('ref_axis',(-1.,-5.55111512312395E-17,-6.66710828366128E-15));
#4231=DIRECTION('center_axis',(6.66710828366128E-15,-3.4448048202684E-15,
-1.));
#4232=DIRECTION('ref_axis',(-1.,-5.55111512312395E-17,-6.66710828366128E-15));
#4233=DIRECTION('',(-5.55111512312166E-17,1.,-3.4448048202684E-15));
#4234=DIRECTION('',(-1.,-5.55111512312395E-17,-6.66710828366128E-15));
#4235=DIRECTION('',(5.55111512312166E-17,-1.,3.4448048202684E-15));
#4236=DIRECTION('center_axis',(6.66710828366128E-15,-3.4448048202684E-15,
-1.));
#4237=DIRECTION('ref_axis',(0.703703703703704,0.710493559009291,2.24415715536123E-15));
#4238=DIRECTION('center_axis',(6.66710828366128E-15,-3.4448048202684E-15,
-1.));
#4239=DIRECTION('ref_axis',(0.624654598939344,0.780901166617087,1.47458774809986E-15));
#4240=DIRECTION('',(0.745521964111648,-0.666481058265807,7.26637282471183E-15));
#4241=DIRECTION('',(0.745521964111648,-0.666481058265807,7.26637282471183E-15));
#4242=DIRECTION('',(0.288965776456359,0.95733942780864,-1.37128135364139E-15));
#4243=DIRECTION('',(0.745521964111649,-0.666481058265807,7.26637282471183E-15));
#4244=DIRECTION('',(-0.919108169581103,-0.394005295153852,-4.77052235103766E-15));
#4245=DIRECTION('',(0.745521964111652,-0.666481058265803,7.26637282471184E-15));
#4246=DIRECTION('',(-0.666481058265804,-0.745521964111651,-1.8753237288795E-15));
#4247=DIRECTION('center_axis',(6.66710828366128E-15,-3.4448048202684E-15,
-1.));
#4248=DIRECTION('ref_axis',(0.745521964111649,-0.666481058265807,7.26637282471183E-15));
#4249=DIRECTION('',(0.6664810582658,-0.745521964111655,7.01167904005504E-15));
#4250=DIRECTION('',(-0.745521964111652,-0.666481058265803,-2.6745785004486E-15));
#4251=DIRECTION('',(0.919108169581103,-0.394005295153853,7.48506503095219E-15));
#4252=DIRECTION('',(-0.745521964111649,-0.666481058265807,-2.67457850044856E-15));
#4253=DIRECTION('',(-0.288965776456359,0.95733942780864,-5.224413597455E-15));
#4254=DIRECTION('',(-0.745521964111648,-0.666481058265807,-2.67457850044856E-15));
#4255=DIRECTION('center_axis',(6.66710828366128E-15,-3.4448048202684E-15,
-1.));
#4256=DIRECTION('ref_axis',(-0.745521964111651,-0.666481058265804,-2.67457850044859E-15));
#4257=DIRECTION('center_axis',(-6.66710828366128E-15,3.4448048202684E-15,
1.));
#4258=DIRECTION('ref_axis',(1.,5.55111512312395E-17,6.66710828366128E-15));
#4259=DIRECTION('center_axis',(6.66710828366128E-15,-3.4448048202684E-15,
-1.));
#4260=DIRECTION('ref_axis',(-0.703703703703703,-0.710493559009292,-2.24415715536122E-15));
#4261=DIRECTION('center_axis',(6.66710828366128E-15,-3.4448048202684E-15,
-1.));
#4262=DIRECTION('ref_axis',(-0.624654598939342,-0.780901166617089,-1.47458774809984E-15));
#4263=DIRECTION('center_axis',(6.66710828366128E-15,-3.4448048202684E-15,
-1.));
#4264=DIRECTION('ref_axis',(-0.624654598939342,-0.780901166617089,-1.47458774809984E-15));
#4265=DIRECTION('',(-0.745521964111648,0.666481058265807,-7.26637282471183E-15));
#4266=DIRECTION('',(-0.288965776456358,-0.95733942780864,1.3712813536414E-15));
#4267=DIRECTION('',(-0.745521964111649,0.666481058265806,-7.26637282471183E-15));
#4268=DIRECTION('',(0.919108169581102,0.394005295153854,4.77052235103765E-15));
#4269=DIRECTION('',(-0.745521964111652,0.666481058265803,-7.26637282471184E-15));
#4270=DIRECTION('center_axis',(6.66710828366128E-15,-3.4448048202684E-15,
-1.));
#4271=DIRECTION('ref_axis',(-0.745521964111651,0.666481058265804,-7.26637282471184E-15));
#4272=DIRECTION('center_axis',(6.66710828366128E-15,-3.4448048202684E-15,
-1.));
#4273=DIRECTION('ref_axis',(-0.745521964111651,0.666481058265804,-7.26637282471184E-15));
#4274=DIRECTION('',(-0.6664810582658,0.745521964111655,-7.01167904005504E-15));
#4275=DIRECTION('',(0.745521964111652,0.666481058265803,2.6745785004486E-15));
#4276=DIRECTION('',(-0.919108169581105,0.394005295153848,-7.48506503095219E-15));
#4277=DIRECTION('',(0.745521964111649,0.666481058265807,2.67457850044856E-15));
#4278=DIRECTION('',(0.28896577645636,-0.957339427808639,5.224413597455E-15));
#4279=DIRECTION('',(0.745521964111648,0.666481058265807,2.67457850044856E-15));
#4280=DIRECTION('center_axis',(6.66710828366128E-15,-3.4448048202684E-15,
-1.));
#4281=DIRECTION('ref_axis',(-1.,-5.55111512312395E-17,-6.66710828366128E-15));
#4282=DIRECTION('center_axis',(6.66710828366128E-15,-3.4448048202684E-15,
-1.));
#4283=DIRECTION('ref_axis',(-1.,-5.55111512312395E-17,-6.66710828366128E-15));
#4284=DIRECTION('center_axis',(6.66710828366128E-15,-3.4448048202684E-15,
-1.));
#4285=DIRECTION('ref_axis',(-1.,-5.55111512312395E-17,-6.66710828366128E-15));
#4286=DIRECTION('center_axis',(6.66710828366128E-15,-3.4448048202684E-15,
-1.));
#4287=DIRECTION('ref_axis',(-1.,-5.55111512312395E-17,-6.66710828366128E-15));
#4288=DIRECTION('',(0.745521964111649,-0.666481058265807,7.26637282471183E-15));
#4289=DIRECTION('',(0.288965776456359,0.95733942780864,-1.37128135364139E-15));
#4290=DIRECTION('',(6.66710828366128E-15,-3.4448048202684E-15,-1.));
#4291=DIRECTION('',(6.66710828366128E-15,-3.4448048202684E-15,-1.));
#4292=DIRECTION('',(6.66710828366128E-15,-3.4448048202684E-15,-1.));
#4293=DIRECTION('',(6.66710828366128E-15,-3.4448048202684E-15,-1.));
#4294=DIRECTION('',(6.66710828366128E-15,-3.4448048202684E-15,-1.));
#4295=DIRECTION('',(6.66710828366128E-15,-3.4448048202684E-15,-1.));
#4296=DIRECTION('',(6.66710828366128E-15,-3.4448048202684E-15,-1.));
#4297=DIRECTION('',(6.66710828366128E-15,-3.4448048202684E-15,-1.));
#4298=DIRECTION('',(6.66710828366128E-15,-3.4448048202684E-15,-1.));
#4299=DIRECTION('',(6.66710828366128E-15,-3.4448048202684E-15,-1.));
#4300=DIRECTION('',(6.66710828366128E-15,-3.4448048202684E-15,-1.));
#4301=DIRECTION('',(6.66710828366128E-15,-3.4448048202684E-15,-1.));
#4302=DIRECTION('',(6.66710828366128E-15,-3.4448048202684E-15,-1.));
#4303=DIRECTION('',(6.66710828366128E-15,-3.4448048202684E-15,-1.));
#4304=DIRECTION('',(6.66710828366128E-15,-3.4448048202684E-15,-1.));
#4305=DIRECTION('',(6.66710828366128E-15,-3.4448048202684E-15,-1.));
#4306=DIRECTION('',(-6.66710828366128E-15,3.4448048202684E-15,1.));
#4307=DIRECTION('',(6.66710828366128E-15,-3.4448048202684E-15,-1.));
#4308=DIRECTION('',(6.66710828366128E-15,-3.4448048202684E-15,-1.));
#4309=DIRECTION('',(6.66710828366128E-15,-3.4448048202684E-15,-1.));
#4310=DIRECTION('',(6.66710828366128E-15,-3.4448048202684E-15,-1.));
#4311=DIRECTION('',(6.66710828366128E-15,-3.4448048202684E-15,-1.));
#4312=DIRECTION('',(6.66710828366128E-15,-3.4448048202684E-15,-1.));
#4313=DIRECTION('',(6.66710828366128E-15,-3.4448048202684E-15,-1.));
#4314=DIRECTION('',(6.66710828366128E-15,-3.4448048202684E-15,-1.));
#4315=DIRECTION('',(6.66710828366128E-15,-3.4448048202684E-15,-1.));
#4316=DIRECTION('',(6.66710828366128E-15,-3.4448048202684E-15,-1.));
#4317=DIRECTION('',(6.66710828366128E-15,-3.4448048202684E-15,-1.));
#4318=DIRECTION('',(6.66710828366128E-15,-3.4448048202684E-15,-1.));
#4319=DIRECTION('',(-6.66710828366128E-15,3.4448048202684E-15,1.));
#4320=DIRECTION('',(6.66710828366128E-15,-3.4448048202684E-15,-1.));
#4321=DIRECTION('',(6.66710828366128E-15,-3.4448048202684E-15,-1.));
#4322=DIRECTION('',(6.66710828366128E-15,-3.4448048202684E-15,-1.));
#4323=DIRECTION('',(6.66710828366128E-15,-3.4448048202684E-15,-1.));
#4324=DIRECTION('',(6.66710828366128E-15,-3.4448048202684E-15,-1.));
#4325=DIRECTION('',(6.66710828366128E-15,-3.4448048202684E-15,-1.));
#4326=DIRECTION('',(6.66710828366128E-15,-3.4448048202684E-15,-1.));
#4327=DIRECTION('',(6.66710828366128E-15,-3.4448048202684E-15,-1.));
#4328=DIRECTION('',(6.66710828366128E-15,-3.4448048202684E-15,-1.));
#4329=DIRECTION('',(6.66710828366128E-15,-3.4448048202684E-15,-1.));
#4330=DIRECTION('',(6.66710828366128E-15,-3.4448048202684E-15,-1.));
#4331=DIRECTION('',(-6.66710828366128E-15,3.4448048202684E-15,1.));
#4332=DIRECTION('',(6.66710828366128E-15,-3.4448048202684E-15,-1.));
#4333=DIRECTION('',(6.66710828366128E-15,-3.4448048202684E-15,-1.));
#4334=DIRECTION('',(6.66710828366128E-15,-3.4448048202684E-15,-1.));
#4335=DIRECTION('',(6.66710828366128E-15,-3.4448048202684E-15,-1.));
#4336=DIRECTION('',(6.66710828366128E-15,-3.4448048202684E-15,-1.));
#4337=DIRECTION('',(6.66710828366128E-15,-3.4448048202684E-15,-1.));
#4338=DIRECTION('',(-6.66710828366128E-15,3.4448048202684E-15,1.));
#4339=DIRECTION('',(6.66710828366128E-15,-3.4448048202684E-15,-1.));
#4340=DIRECTION('',(6.66710828366128E-15,-3.4448048202684E-15,-1.));
#4341=DIRECTION('',(6.66710828366128E-15,-3.4448048202684E-15,-1.));
#4342=DIRECTION('',(-6.66710828366128E-15,3.4448048202684E-15,1.));
#4343=DIRECTION('',(-6.66710828366128E-15,3.4448048202684E-15,1.));
#4344=DIRECTION('',(6.66710828366128E-15,-3.4448048202684E-15,-1.));
#4345=DIRECTION('',(6.66710828366128E-15,-3.4448048202684E-15,-1.));
#4346=DIRECTION('',(6.66710828366128E-15,-3.4448048202684E-15,-1.));
#4347=DIRECTION('',(-6.66710828366128E-15,3.4448048202684E-15,1.));
#4348=DIRECTION('',(6.66710828366128E-15,-3.4448048202684E-15,-1.));
#4349=DIRECTION('',(6.66710828366128E-15,-3.4448048202684E-15,-1.));
#4350=DIRECTION('',(6.66710828366128E-15,-3.4448048202684E-15,-1.));
#4351=DIRECTION('',(6.66710828366128E-15,-3.4448048202684E-15,-1.));
#4352=DIRECTION('',(6.66710828366128E-15,-3.4448048202684E-15,-1.));
#4353=DIRECTION('',(6.66710828366128E-15,-3.4448048202684E-15,-1.));
#4354=DIRECTION('',(6.66710828366128E-15,-3.4448048202684E-15,-1.));
#4355=DIRECTION('',(6.66710828366128E-15,-3.4448048202684E-15,-1.));
#4356=DIRECTION('',(6.66710828366128E-15,-3.4448048202684E-15,-1.));
#4357=DIRECTION('',(6.66710828366128E-15,-3.4448048202684E-15,-1.));
#4358=DIRECTION('',(6.66710828366128E-15,-3.4448048202684E-15,-1.));
#4359=DIRECTION('',(6.66710828366128E-15,-3.4448048202684E-15,-1.));
#4360=DIRECTION('',(6.66710828366128E-15,-3.4448048202684E-15,-1.));
#4361=DIRECTION('',(-6.66710828366128E-15,3.4448048202684E-15,1.));
#4362=DIRECTION('',(6.66710828366128E-15,-3.4448048202684E-15,-1.));
#4363=DIRECTION('',(6.66710828366128E-15,-3.4448048202684E-15,-1.));
#4364=DIRECTION('',(6.66710828366128E-15,-3.4448048202684E-15,-1.));
#4365=DIRECTION('',(6.66710828366128E-15,-3.4448048202684E-15,-1.));
#4366=DIRECTION('',(6.66710828366128E-15,-3.4448048202684E-15,-1.));
#4367=DIRECTION('',(6.66710828366128E-15,-3.4448048202684E-15,-1.));
#4368=DIRECTION('',(6.66710828366128E-15,-3.4448048202684E-15,-1.));
#4369=DIRECTION('',(6.66710828366128E-15,-3.4448048202684E-15,-1.));
#4370=DIRECTION('',(6.66710828366128E-15,-3.4448048202684E-15,-1.));
#4371=DIRECTION('',(6.66710828366128E-15,-3.4448048202684E-15,-1.));
#4372=DIRECTION('',(6.66710828366128E-15,-3.4448048202684E-15,-1.));
#4373=DIRECTION('',(-6.66710828366128E-15,3.4448048202684E-15,1.));
#4374=DIRECTION('',(6.66710828366128E-15,-3.4448048202684E-15,-1.));
#4375=DIRECTION('',(6.66710828366128E-15,-3.4448048202684E-15,-1.));
#4376=DIRECTION('',(6.66710828366128E-15,-3.4448048202684E-15,-1.));
#4377=DIRECTION('',(-6.66710828366128E-15,3.4448048202684E-15,1.));
#4378=DIRECTION('',(6.66710828366128E-15,-3.4448048202684E-15,-1.));
#4379=DIRECTION('',(6.66710828366128E-15,-3.4448048202684E-15,-1.));
#4380=DIRECTION('',(6.66710828366128E-15,-3.4448048202684E-15,-1.));
#4381=DIRECTION('',(6.66710828366128E-15,-3.4448048202684E-15,-1.));
#4382=DIRECTION('',(-6.66710828366128E-15,3.4448048202684E-15,1.));
#4383=DIRECTION('',(6.66710828366128E-15,-3.4448048202684E-15,-1.));
#4384=DIRECTION('',(6.66710828366128E-15,-3.4448048202684E-15,-1.));
#4385=DIRECTION('',(6.66710828366128E-15,-3.4448048202684E-15,-1.));
#4386=DIRECTION('',(6.66710828366128E-15,-3.4448048202684E-15,-1.));
#4387=DIRECTION('',(6.66710828366128E-15,-3.4448048202684E-15,-1.));
#4388=DIRECTION('',(6.66710828366128E-15,-3.4448048202684E-15,-1.));
#4389=DIRECTION('',(6.66710828366128E-15,-3.4448048202684E-15,-1.));
#4390=DIRECTION('',(6.66710828366128E-15,-3.4448048202684E-15,-1.));
#4391=DIRECTION('',(6.66710828366128E-15,-3.4448048202684E-15,-1.));
#4392=DIRECTION('',(-6.66710828366128E-15,3.4448048202684E-15,1.));
#4393=DIRECTION('',(6.66710828366128E-15,-3.4448048202684E-15,-1.));
#4394=DIRECTION('',(6.66710828366128E-15,-3.4448048202684E-15,-1.));
#4395=DIRECTION('',(6.66710828366128E-15,-3.4448048202684E-15,-1.));
#4396=DIRECTION('',(6.66710828366128E-15,-3.4448048202684E-15,-1.));
#4397=DIRECTION('',(-6.66710828366128E-15,3.4448048202684E-15,1.));
#4398=DIRECTION('',(6.66710828366128E-15,-3.4448048202684E-15,-1.));
#4399=DIRECTION('',(6.66710828366128E-15,-3.4448048202684E-15,-1.));
#4400=DIRECTION('',(6.66710828366128E-15,-3.4448048202684E-15,-1.));
#4401=DIRECTION('',(6.66710828366128E-15,-3.4448048202684E-15,-1.));
#4402=DIRECTION('',(6.66710828366128E-15,-3.4448048202684E-15,-1.));
#4403=DIRECTION('',(6.66710828366128E-15,-3.4448048202684E-15,-1.));
#4404=DIRECTION('',(6.66710828366128E-15,-3.4448048202684E-15,-1.));
#4405=DIRECTION('',(6.66710828366128E-15,-3.4448048202684E-15,-1.));
#4406=DIRECTION('',(-6.66710828366128E-15,3.4448048202684E-15,1.));
#4407=DIRECTION('',(6.66710828366128E-15,-3.4448048202684E-15,-1.));
#4408=DIRECTION('',(6.66710828366128E-15,-3.4448048202684E-15,-1.));
#4409=DIRECTION('',(6.66710828366128E-15,-3.4448048202684E-15,-1.));
#4410=DIRECTION('',(6.66710828366128E-15,-3.4448048202684E-15,-1.));
#4411=DIRECTION('',(6.66710828366128E-15,-3.4448048202684E-15,-1.));
#4412=DIRECTION('',(-6.66710828366128E-15,3.4448048202684E-15,1.));
#4413=DIRECTION('',(6.66710828366128E-15,-3.4448048202684E-15,-1.));
#4414=DIRECTION('',(6.66710828366128E-15,-3.4448048202684E-15,-1.));
#4415=DIRECTION('',(6.66710828366128E-15,-3.4448048202684E-15,-1.));
#4416=DIRECTION('',(-6.66710828366128E-15,3.4448048202684E-15,1.));
#4417=DIRECTION('center_axis',(-6.66710828366128E-15,3.4448048202684E-15,
1.));
#4418=DIRECTION('ref_axis',(1.,5.55111512312395E-17,6.66710828366128E-15));
#4419=DIRECTION('center_axis',(-6.66710828366128E-15,3.4448048202684E-15,
1.));
#4420=DIRECTION('ref_axis',(1.,5.55111512312395E-17,6.66710828366128E-15));
#4421=DIRECTION('',(-6.66710828366128E-15,3.4448048202684E-15,1.));
#4422=DIRECTION('center_axis',(-6.66710828366128E-15,3.4448048202684E-15,
1.));
#4423=DIRECTION('ref_axis',(1.,5.55111512312395E-17,6.66710828366128E-15));
#4424=DIRECTION('',(-6.66710828366128E-15,3.4448048202684E-15,1.));
#4425=DIRECTION('center_axis',(1.,5.55111512312395E-17,6.66710828366128E-15));
#4426=DIRECTION('ref_axis',(-5.55111512312166E-17,1.,-3.4448048202684E-15));
#4427=DIRECTION('',(-6.66710828366128E-15,3.4448048202684E-15,1.));
#4428=DIRECTION('',(5.55111512312166E-17,-1.,3.4448048202684E-15));
#4429=DIRECTION('',(-6.66710828366128E-15,3.4448048202684E-15,1.));
#4430=DIRECTION('',(-5.55111512312166E-17,1.,-3.4448048202684E-15));
#4431=DIRECTION('center_axis',(5.55111512312166E-17,-1.,3.4448048202684E-15));
#4432=DIRECTION('ref_axis',(1.,5.55111512312395E-17,6.66710828366128E-15));
#4433=DIRECTION('',(-6.66710828366128E-15,3.4448048202684E-15,1.));
#4434=DIRECTION('',(-1.,-5.55111512312395E-17,-6.66710828366128E-15));
#4435=DIRECTION('center_axis',(-1.,-5.55111512312395E-17,-6.66710828366128E-15));
#4436=DIRECTION('ref_axis',(5.55111512312166E-17,-1.,3.4448048202684E-15));
#4437=DIRECTION('',(-6.66710828366128E-15,3.4448048202684E-15,1.));
#4438=DIRECTION('',(-5.55111512312166E-17,1.,-3.4448048202684E-15));
#4439=DIRECTION('center_axis',(-5.55111512312166E-17,1.,-3.4448048202684E-15));
#4440=DIRECTION('ref_axis',(-1.,-5.55111512312395E-17,-6.66710828366128E-15));
#4441=DIRECTION('',(-1.,-5.55111512312395E-17,-6.66710828366128E-15));
#4442=DIRECTION('',(1.,5.55111512312395E-17,6.66710828366128E-15));
#4443=DIRECTION('center_axis',(-6.66710828366128E-15,3.4448048202684E-15,
1.));
#4444=DIRECTION('ref_axis',(0.745521964111651,0.666481058265804,2.67457850044859E-15));
#4445=DIRECTION('center_axis',(-6.66710828366128E-15,3.4448048202684E-15,
1.));
#4446=DIRECTION('ref_axis',(0.745521964111651,0.666481058265804,2.67457850044859E-15));
#4447=DIRECTION('',(-6.66710828366128E-15,3.4448048202684E-15,1.));
#4448=DIRECTION('center_axis',(6.66710828366128E-15,-3.4448048202684E-15,
-1.));
#4449=DIRECTION('ref_axis',(0.745521964111651,0.666481058265804,2.67457850044859E-15));
#4450=DIRECTION('center_axis',(-6.66710828366128E-15,3.4448048202684E-15,
1.));
#4451=DIRECTION('ref_axis',(0.745521964111651,0.666481058265804,2.67457850044859E-15));
#4452=DIRECTION('center_axis',(-0.666481058265807,0.745521964111648,-7.01167904005507E-15));
#4453=DIRECTION('ref_axis',(0.745521964111648,0.666481058265807,2.67457850044856E-15));
#4454=DIRECTION('',(-0.745521964111648,-0.666481058265807,-2.67457850044856E-15));
#4455=DIRECTION('',(6.66710828366128E-15,-3.4448048202684E-15,-1.));
#4456=DIRECTION('',(0.745521964111648,0.666481058265807,2.67457850044856E-15));
#4457=DIRECTION('center_axis',(0.957339427808639,0.28896577645636,5.38725492978906E-15));
#4458=DIRECTION('ref_axis',(0.28896577645636,-0.957339427808639,5.224413597455E-15));
#4459=DIRECTION('',(-0.28896577645636,0.957339427808639,-5.224413597455E-15));
#4460=DIRECTION('',(6.66710828366128E-15,-3.4448048202684E-15,-1.));
#4461=DIRECTION('',(0.28896577645636,-0.957339427808639,5.224413597455E-15));
#4462=DIRECTION('center_axis',(-0.666481058265807,0.745521964111649,-7.01167904005507E-15));
#4463=DIRECTION('ref_axis',(0.745521964111649,0.666481058265807,2.67457850044856E-15));
#4464=DIRECTION('',(6.66710828366128E-15,-3.4448048202684E-15,-1.));
#4465=DIRECTION('',(0.745521964111649,0.666481058265807,2.67457850044856E-15));
#4466=DIRECTION('',(-0.745521964111649,-0.666481058265807,-2.67457850044856E-15));
#4467=DIRECTION('center_axis',(-0.394005295153848,-0.919108169581105,5.39272285794427E-16));
#4468=DIRECTION('ref_axis',(-0.919108169581105,0.394005295153848,-7.48506503095219E-15));
#4469=DIRECTION('',(0.919108169581105,-0.394005295153848,7.48506503095219E-15));
#4470=DIRECTION('',(6.66710828366128E-15,-3.4448048202684E-15,-1.));
#4471=DIRECTION('',(-0.919108169581105,0.394005295153848,-7.48506503095219E-15));
#4472=DIRECTION('center_axis',(-0.666481058265803,0.745521964111652,-7.01167904005505E-15));
#4473=DIRECTION('ref_axis',(0.745521964111652,0.666481058265803,2.6745785004486E-15));
#4474=DIRECTION('',(6.66710828366128E-15,-3.4448048202684E-15,-1.));
#4475=DIRECTION('',(0.745521964111652,0.666481058265803,2.6745785004486E-15));
#4476=DIRECTION('',(-0.745521964111652,-0.666481058265803,-2.6745785004486E-15));
#4477=DIRECTION('center_axis',(0.745521964111655,0.6664810582658,2.67457850044863E-15));
#4478=DIRECTION('ref_axis',(-0.6664810582658,0.745521964111655,-7.01167904005504E-15));
#4479=DIRECTION('',(-6.66710828366128E-15,3.4448048202684E-15,1.));
#4480=DIRECTION('',(-0.6664810582658,0.745521964111655,-7.01167904005504E-15));
#4481=DIRECTION('center_axis',(-6.66710828366128E-15,3.4448048202684E-15,
1.));
#4482=DIRECTION('ref_axis',(-0.745521964111651,0.666481058265804,-7.26637282471184E-15));
#4483=DIRECTION('center_axis',(-6.66710828366128E-15,3.4448048202684E-15,
1.));
#4484=DIRECTION('ref_axis',(-0.745521964111651,0.666481058265804,-7.26637282471184E-15));
#4485=DIRECTION('center_axis',(-6.66710828366128E-15,3.4448048202684E-15,
1.));
#4486=DIRECTION('ref_axis',(-0.745521964111651,0.666481058265804,-7.26637282471184E-15));
#4487=DIRECTION('',(-6.66710828366128E-15,3.4448048202684E-15,1.));
#4488=DIRECTION('center_axis',(6.66710828366128E-15,-3.4448048202684E-15,
-1.));
#4489=DIRECTION('ref_axis',(-0.745521964111651,0.666481058265804,-7.26637282471184E-15));
#4490=DIRECTION('center_axis',(-0.394005295153854,0.919108169581102,-5.79302422004772E-15));
#4491=DIRECTION('ref_axis',(0.919108169581102,0.394005295153854,4.77052235103765E-15));
#4492=DIRECTION('',(-0.919108169581102,-0.394005295153854,-4.77052235103765E-15));
#4493=DIRECTION('',(6.66710828366128E-15,-3.4448048202684E-15,-1.));
#4494=DIRECTION('',(0.919108169581102,0.394005295153854,4.77052235103765E-15));
#4495=DIRECTION('',(6.66710828366128E-15,-3.4448048202684E-15,-1.));
#4496=DIRECTION('center_axis',(0.95733942780864,-0.288965776456358,7.378116329048E-15));
#4497=DIRECTION('ref_axis',(-0.288965776456358,-0.95733942780864,1.3712813536414E-15));
#4498=DIRECTION('',(6.66710828366128E-15,-3.4448048202684E-15,-1.));
#4499=DIRECTION('',(-0.288965776456358,-0.95733942780864,1.3712813536414E-15));
#4500=DIRECTION('',(6.66710828366128E-15,-3.4448048202684E-15,-1.));
#4501=DIRECTION('center_axis',(-0.666481058265807,-0.745521964111648,-1.87532372887953E-15));
#4502=DIRECTION('ref_axis',(-0.745521964111648,0.666481058265807,-7.26637282471183E-15));
#4503=DIRECTION('',(6.66710828366128E-15,-3.4448048202684E-15,-1.));
#4504=DIRECTION('',(-0.745521964111648,0.666481058265807,-7.26637282471183E-15));
#4505=DIRECTION('center_axis',(-6.66710828366128E-15,3.4448048202684E-15,
1.));
#4506=DIRECTION('ref_axis',(0.624654598939344,0.780901166617087,1.47458774809986E-15));
#4507=DIRECTION('center_axis',(-6.66710828366128E-15,3.4448048202684E-15,
1.));
#4508=DIRECTION('ref_axis',(0.624654598939344,0.780901166617087,1.47458774809986E-15));
#4509=DIRECTION('',(-6.66710828366128E-15,3.4448048202684E-15,1.));
#4510=DIRECTION('center_axis',(6.66710828366128E-15,-3.4448048202684E-15,
-1.));
#4511=DIRECTION('ref_axis',(0.624654598939344,0.780901166617087,1.47458774809986E-15));
#4512=DIRECTION('',(6.66710828366128E-15,-3.4448048202684E-15,-1.));
#4513=DIRECTION('center_axis',(-6.66710828366128E-15,3.4448048202684E-15,
1.));
#4514=DIRECTION('ref_axis',(-0.624654598939342,-0.780901166617089,-1.47458774809984E-15));
#4515=DIRECTION('center_axis',(-6.66710828366128E-15,3.4448048202684E-15,
1.));
#4516=DIRECTION('ref_axis',(-0.624654598939342,-0.780901166617089,-1.47458774809984E-15));
#4517=DIRECTION('center_axis',(-6.66710828366128E-15,3.4448048202684E-15,
1.));
#4518=DIRECTION('ref_axis',(-0.624654598939342,-0.780901166617089,-1.47458774809984E-15));
#4519=DIRECTION('',(-6.66710828366128E-15,3.4448048202684E-15,1.));
#4520=DIRECTION('center_axis',(6.66710828366128E-15,-3.4448048202684E-15,
-1.));
#4521=DIRECTION('ref_axis',(-0.624654598939342,-0.780901166617089,-1.47458774809984E-15));
#4522=DIRECTION('center_axis',(-0.95733942780864,0.288965776456359,-7.378116329048E-15));
#4523=DIRECTION('ref_axis',(0.288965776456359,0.95733942780864,-1.37128135364139E-15));
#4524=DIRECTION('',(-0.288965776456359,-0.95733942780864,1.37128135364139E-15));
#4525=DIRECTION('',(6.66710828366128E-15,-3.4448048202684E-15,-1.));
#4526=DIRECTION('',(0.288965776456359,0.95733942780864,-1.37128135364139E-15));
#4527=DIRECTION('',(6.66710828366128E-15,-3.4448048202684E-15,-1.));
#4528=DIRECTION('center_axis',(-6.66710828366128E-15,3.4448048202684E-15,
1.));
#4529=DIRECTION('ref_axis',(-0.703703703703703,-0.710493559009292,-2.24415715536122E-15));
#4530=DIRECTION('center_axis',(-6.66710828366128E-15,3.4448048202684E-15,
1.));
#4531=DIRECTION('ref_axis',(-0.703703703703703,-0.710493559009292,-2.24415715536122E-15));
#4532=DIRECTION('',(-6.66710828366128E-15,3.4448048202684E-15,1.));
#4533=DIRECTION('center_axis',(6.66710828366128E-15,-3.4448048202684E-15,
-1.));
#4534=DIRECTION('ref_axis',(-0.703703703703703,-0.710493559009292,-2.24415715536122E-15));
#4535=DIRECTION('',(-6.66710828366128E-15,3.4448048202684E-15,1.));
#4536=DIRECTION('center_axis',(-6.66710828366128E-15,3.4448048202684E-15,
1.));
#4537=DIRECTION('ref_axis',(-0.703703703703703,-0.710493559009292,-2.24415715536122E-15));
#4538=DIRECTION('center_axis',(0.666481058265803,0.745521964111652,1.87532372887948E-15));
#4539=DIRECTION('ref_axis',(0.745521964111652,-0.666481058265803,7.26637282471184E-15));
#4540=DIRECTION('',(-0.745521964111652,0.666481058265803,-7.26637282471184E-15));
#4541=DIRECTION('',(6.66710828366128E-15,-3.4448048202684E-15,-1.));
#4542=DIRECTION('',(0.745521964111652,-0.666481058265803,7.26637282471184E-15));
#4543=DIRECTION('',(-6.66710828366128E-15,3.4448048202684E-15,1.));
#4544=DIRECTION('center_axis',(-6.66710828366128E-15,3.4448048202684E-15,
1.));
#4545=DIRECTION('ref_axis',(1.,5.55111512312395E-17,6.66710828366128E-15));
#4546=DIRECTION('',(-6.66710828366128E-15,3.4448048202684E-15,1.));
#4547=DIRECTION('center_axis',(-6.66710828366128E-15,3.4448048202684E-15,
1.));
#4548=DIRECTION('ref_axis',(1.,5.55111512312395E-17,6.66710828366128E-15));
#4549=DIRECTION('center_axis',(-6.66710828366128E-15,3.4448048202684E-15,
1.));
#4550=DIRECTION('ref_axis',(1.,5.55111512312395E-17,6.66710828366128E-15));
#4551=DIRECTION('center_axis',(-6.66710828366128E-15,3.4448048202684E-15,
1.));
#4552=DIRECTION('ref_axis',(-0.745521964111651,-0.666481058265804,-2.67457850044859E-15));
#4553=DIRECTION('center_axis',(-6.66710828366128E-15,3.4448048202684E-15,
1.));
#4554=DIRECTION('ref_axis',(-0.745521964111651,-0.666481058265804,-2.67457850044859E-15));
#4555=DIRECTION('',(-6.66710828366128E-15,3.4448048202684E-15,1.));
#4556=DIRECTION('center_axis',(6.66710828366128E-15,-3.4448048202684E-15,
-1.));
#4557=DIRECTION('ref_axis',(-0.745521964111651,-0.666481058265804,-2.67457850044859E-15));
#4558=DIRECTION('center_axis',(0.666481058265807,-0.745521964111648,7.01167904005507E-15));
#4559=DIRECTION('ref_axis',(-0.745521964111648,-0.666481058265807,-2.67457850044856E-15));
#4560=DIRECTION('',(6.66710828366128E-15,-3.4448048202684E-15,-1.));
#4561=DIRECTION('',(-0.745521964111648,-0.666481058265807,-2.67457850044856E-15));
#4562=DIRECTION('',(0.745521964111648,0.666481058265807,2.67457850044856E-15));
#4563=DIRECTION('center_axis',(-0.95733942780864,-0.288965776456359,-5.38725492978906E-15));
#4564=DIRECTION('ref_axis',(-0.288965776456359,0.95733942780864,-5.224413597455E-15));
#4565=DIRECTION('',(6.66710828366128E-15,-3.4448048202684E-15,-1.));
#4566=DIRECTION('',(-0.288965776456359,0.95733942780864,-5.224413597455E-15));
#4567=DIRECTION('center_axis',(0.666481058265807,-0.745521964111649,7.01167904005507E-15));
#4568=DIRECTION('ref_axis',(-0.745521964111649,-0.666481058265807,-2.67457850044856E-15));
#4569=DIRECTION('',(0.745521964111649,0.666481058265807,2.67457850044856E-15));
#4570=DIRECTION('',(6.66710828366128E-15,-3.4448048202684E-15,-1.));
#4571=DIRECTION('',(-0.745521964111649,-0.666481058265807,-2.67457850044856E-15));
#4572=DIRECTION('center_axis',(0.394005295153853,0.919108169581103,-5.39272285794392E-16));
#4573=DIRECTION('ref_axis',(0.919108169581103,-0.394005295153853,7.48506503095219E-15));
#4574=DIRECTION('',(6.66710828366128E-15,-3.4448048202684E-15,-1.));
#4575=DIRECTION('',(0.919108169581103,-0.394005295153853,7.48506503095219E-15));
#4576=DIRECTION('',(-0.919108169581103,0.394005295153853,-7.48506503095219E-15));
#4577=DIRECTION('center_axis',(0.666481058265803,-0.745521964111652,7.01167904005505E-15));
#4578=DIRECTION('ref_axis',(-0.745521964111652,-0.666481058265803,-2.6745785004486E-15));
#4579=DIRECTION('',(0.745521964111652,0.666481058265803,2.6745785004486E-15));
#4580=DIRECTION('',(6.66710828366128E-15,-3.4448048202684E-15,-1.));
#4581=DIRECTION('',(-0.745521964111652,-0.666481058265803,-2.6745785004486E-15));
#4582=DIRECTION('center_axis',(-6.66710828366128E-15,3.4448048202684E-15,
1.));
#4583=DIRECTION('ref_axis',(1.,5.55111512312395E-17,6.66710828366128E-15));
#4584=DIRECTION('center_axis',(-6.66710828366128E-15,3.4448048202684E-15,
1.));
#4585=DIRECTION('ref_axis',(1.,5.55111512312395E-17,6.66710828366128E-15));
#4586=DIRECTION('center_axis',(-6.66710828366128E-15,3.4448048202684E-15,
1.));
#4587=DIRECTION('ref_axis',(1.,5.55111512312395E-17,6.66710828366128E-15));
#4588=DIRECTION('center_axis',(-6.66710828366128E-15,3.4448048202684E-15,
1.));
#4589=DIRECTION('ref_axis',(1.,5.55111512312395E-17,6.66710828366128E-15));
#4590=DIRECTION('',(-0.6664810582658,0.745521964111655,-7.01167904005504E-15));
#4591=DIRECTION('center_axis',(-6.66710828366128E-15,3.4448048202684E-15,
1.));
#4592=DIRECTION('ref_axis',(1.,5.55111512312395E-17,6.66710828366128E-15));
#4593=DIRECTION('center_axis',(-6.66710828366128E-15,3.4448048202684E-15,
1.));
#4594=DIRECTION('ref_axis',(1.,5.55111512312395E-17,6.66710828366128E-15));
#4595=DIRECTION('center_axis',(-6.66710828366128E-15,3.4448048202684E-15,
1.));
#4596=DIRECTION('ref_axis',(1.,5.55111512312395E-17,6.66710828366128E-15));
#4597=DIRECTION('',(-0.666481058265804,-0.745521964111651,-1.8753237288795E-15));
#4598=DIRECTION('center_axis',(-6.66710828366128E-15,3.4448048202684E-15,
1.));
#4599=DIRECTION('ref_axis',(0.745521964111649,-0.666481058265807,7.26637282471183E-15));
#4600=DIRECTION('center_axis',(-6.66710828366128E-15,3.4448048202684E-15,
1.));
#4601=DIRECTION('ref_axis',(1.,5.55111512312395E-17,6.66710828366128E-15));
#4602=DIRECTION('',(0.919108169581103,0.394005295153852,4.77052235103766E-15));
#4603=DIRECTION('center_axis',(-6.66710828366128E-15,3.4448048202684E-15,
1.));
#4604=DIRECTION('ref_axis',(1.,5.55111512312395E-17,6.66710828366128E-15));
#4605=DIRECTION('',(-0.745521964111648,0.666481058265807,-7.26637282471183E-15));
#4606=DIRECTION('center_axis',(-6.66710828366128E-15,3.4448048202684E-15,
1.));
#4607=DIRECTION('ref_axis',(1.,5.55111512312395E-17,6.66710828366128E-15));
#4608=DIRECTION('center_axis',(-6.66710828366128E-15,3.4448048202684E-15,
1.));
#4609=DIRECTION('ref_axis',(1.,5.55111512312395E-17,6.66710828366128E-15));
#4610=DIRECTION('center_axis',(-6.66710828366128E-15,3.4448048202684E-15,
1.));
#4611=DIRECTION('ref_axis',(1.,5.55111512312395E-17,6.66710828366128E-15));
#4612=DIRECTION('center_axis',(-6.66710828366128E-15,3.4448048202684E-15,
1.));
#4613=DIRECTION('ref_axis',(1.,5.55111512312395E-17,6.66710828366128E-15));
#4614=DIRECTION('center_axis',(-6.66710828366128E-15,3.4448048202684E-15,
1.));
#4615=DIRECTION('ref_axis',(1.,5.55111512312395E-17,6.66710828366128E-15));
#4616=DIRECTION('',(0.745521964111649,-0.666481058265806,7.26637282471183E-15));
#4617=DIRECTION('center_axis',(-6.66710828366128E-15,3.4448048202684E-15,
1.));
#4618=DIRECTION('ref_axis',(1.,5.55111512312395E-17,6.66710828366128E-15));
#4619=DIRECTION('',(0.745521964111652,-0.666481058265803,7.26637282471184E-15));
#4620=DIRECTION('',(0.666481058265802,0.745521964111653,1.87532372887948E-15));
#4621=DIRECTION('center_axis',(-6.66710828366128E-15,3.4448048202684E-15,
1.));
#4622=DIRECTION('ref_axis',(1.,5.55111512312395E-17,6.66710828366128E-15));
#4623=DIRECTION('center_axis',(-6.66710828366128E-15,3.4448048202684E-15,
1.));
#4624=DIRECTION('ref_axis',(0.703703703703704,0.710493559009291,2.24415715536123E-15));
#4625=DIRECTION('center_axis',(-6.66710828366128E-15,3.4448048202684E-15,
1.));
#4626=DIRECTION('ref_axis',(1.,5.55111512312395E-17,6.66710828366128E-15));
#4627=DIRECTION('center_axis',(-6.66710828366128E-15,3.4448048202684E-15,
1.));
#4628=DIRECTION('ref_axis',(1.,5.55111512312395E-17,6.66710828366128E-15));
#4629=DIRECTION('center_axis',(-6.66710828366128E-15,3.4448048202684E-15,
1.));
#4630=DIRECTION('ref_axis',(1.,5.55111512312395E-17,6.66710828366128E-15));
#4631=DIRECTION('center_axis',(-6.66710828366128E-15,3.4448048202684E-15,
1.));
#4632=DIRECTION('ref_axis',(1.,5.55111512312395E-17,6.66710828366128E-15));
#4633=DIRECTION('center_axis',(-6.66710828366128E-15,3.4448048202684E-15,
1.));
#4634=DIRECTION('ref_axis',(1.,5.55111512312395E-17,6.66710828366128E-15));
#4635=DIRECTION('center_axis',(-6.66710828366128E-15,3.4448048202684E-15,
1.));
#4636=DIRECTION('ref_axis',(1.,5.55111512312395E-17,6.66710828366128E-15));
#4637=DIRECTION('center_axis',(-6.66710828366128E-15,3.4448048202684E-15,
1.));
#4638=DIRECTION('ref_axis',(-1.,-5.55111512312395E-17,-6.66710828366128E-15));
#4639=DIRECTION('center_axis',(-6.66710828366128E-15,3.4448048202684E-15,
1.));
#4640=DIRECTION('ref_axis',(1.,5.55111512312395E-17,6.66710828366128E-15));
#4641=DIRECTION('',(-1.,-5.55111512312395E-17,-6.66710828366128E-15));
#4642=DIRECTION('',(5.55111512312166E-17,-1.,3.4448048202684E-15));
#4643=DIRECTION('center_axis',(-6.66710828366128E-15,3.4448048202684E-15,
1.));
#4644=DIRECTION('ref_axis',(-1.,-5.55111512312395E-17,-6.66710828366128E-15));
#4645=DIRECTION('center_axis',(-6.66710828366128E-15,3.4448048202684E-15,
1.));
#4646=DIRECTION('ref_axis',(1.,5.55111512312395E-17,6.66710828366128E-15));
#4647=DIRECTION('center_axis',(-6.66710828366128E-15,3.4448048202684E-15,
1.));
#4648=DIRECTION('ref_axis',(0.703703703703704,0.710493559009291,2.24415715536123E-15));
#4649=DIRECTION('',(-5.55111512312166E-17,1.,-3.4448048202684E-15));
#4650=DIRECTION('center_axis',(-6.66710828366128E-15,3.4448048202684E-15,
1.));
#4651=DIRECTION('ref_axis',(1.,5.55111512312395E-17,6.66710828366128E-15));
#4652=DIRECTION('center_axis',(-6.66710828366128E-15,3.4448048202684E-15,
1.));
#4653=DIRECTION('ref_axis',(1.,5.55111512312395E-17,6.66710828366128E-15));
#4654=DIRECTION('center_axis',(-6.66710828366128E-15,3.4448048202684E-15,
1.));
#4655=DIRECTION('ref_axis',(0.703703703703704,0.710493559009291,2.24415715536123E-15));
#4656=DIRECTION('center_axis',(-6.66710828366128E-15,3.4448048202684E-15,
1.));
#4657=DIRECTION('ref_axis',(1.,5.55111512312395E-17,6.66710828366128E-15));
#4658=DIRECTION('',(-0.745521964111649,0.666481058265807,-7.26637282471183E-15));
#4659=DIRECTION('center_axis',(-6.66710828366128E-15,3.4448048202684E-15,
1.));
#4660=DIRECTION('ref_axis',(1.,5.55111512312395E-17,6.66710828366128E-15));
#4661=DIRECTION('center_axis',(-6.66710828366128E-15,3.4448048202684E-15,
1.));
#4662=DIRECTION('ref_axis',(1.,5.55111512312395E-17,6.66710828366128E-15));
#4663=DIRECTION('center_axis',(-0.666481058265806,-0.745521964111649,-1.87532372887952E-15));
#4664=DIRECTION('ref_axis',(-0.745521964111649,0.666481058265806,-7.26637282471183E-15));
#4665=DIRECTION('',(-0.745521964111649,0.666481058265806,-7.26637282471183E-15));
#4666=DIRECTION('center_axis',(-0.666481058265803,-0.745521964111652,-1.87532372887949E-15));
#4667=DIRECTION('ref_axis',(-0.745521964111652,0.666481058265803,-7.26637282471184E-15));
#4668=DIRECTION('',(-0.745521964111652,0.666481058265803,-7.26637282471184E-15));
#4669=DIRECTION('',(-6.66710828366128E-15,3.4448048202684E-15,1.));
#4670=DIRECTION('center_axis',(-6.66710828366128E-15,3.4448048202684E-15,
1.));
#4671=DIRECTION('ref_axis',(1.,5.55111512312395E-17,6.66710828366128E-15));
#4672=DIRECTION('center_axis',(-6.66710828366128E-15,3.4448048202684E-15,
1.));
#4673=DIRECTION('ref_axis',(1.,5.55111512312395E-17,6.66710828366128E-15));
#4674=DIRECTION('',(0.6664810582658,-0.745521964111655,7.01167904005504E-15));
#4675=DIRECTION('center_axis',(6.66710828366128E-15,-3.4448048202684E-15,
-1.));
#4676=DIRECTION('ref_axis',(0.745521964111649,-0.666481058265807,7.26637282471183E-15));
#4677=DIRECTION('',(-0.666481058265804,-0.745521964111651,-1.8753237288795E-15));
#4678=DIRECTION('',(-0.919108169581103,-0.394005295153852,-4.77052235103766E-15));
#4679=DIRECTION('',(0.745521964111649,-0.666481058265807,7.26637282471183E-15));
#4680=DIRECTION('',(0.745521964111648,-0.666481058265807,7.26637282471183E-15));
#4681=DIRECTION('center_axis',(-6.66710828366128E-15,3.4448048202684E-15,
1.));
#4682=DIRECTION('ref_axis',(1.,5.55111512312395E-17,6.66710828366128E-15));
#4683=DIRECTION('center_axis',(6.66710828366128E-15,-3.4448048202684E-15,
-1.));
#4684=DIRECTION('ref_axis',(0.703703703703704,0.710493559009291,2.24415715536123E-15));
#4685=DIRECTION('',(0.666481058265802,0.745521964111653,1.87532372887948E-15));
#4686=DIRECTION('center_axis',(6.66710828366128E-15,-3.4448048202684E-15,
-1.));
#4687=DIRECTION('ref_axis',(1.,5.55111512312395E-17,6.66710828366128E-15));
#4688=DIRECTION('center_axis',(6.66710828366128E-15,-3.4448048202684E-15,
-1.));
#4689=DIRECTION('ref_axis',(1.,5.55111512312395E-17,6.66710828366128E-15));
#4690=DIRECTION('center_axis',(6.66710828366128E-15,-3.4448048202684E-15,
-1.));
#4691=DIRECTION('ref_axis',(1.,5.55111512312395E-17,6.66710828366128E-15));
#4692=DIRECTION('center_axis',(6.66710828366128E-15,-3.4448048202684E-15,
-1.));
#4693=DIRECTION('ref_axis',(1.,5.55111512312395E-17,6.66710828366128E-15));
#4694=DIRECTION('',(5.55111512312166E-17,-1.,3.4448048202684E-15));
#4695=DIRECTION('',(-1.,-5.55111512312395E-17,-6.66710828366128E-15));
#4696=DIRECTION('',(-5.55111512312166E-17,1.,-3.4448048202684E-15));
#4697=DIRECTION('',(1.,5.55111512312395E-17,6.66710828366128E-15));
#4698=DIRECTION('center_axis',(0.745521964111653,-0.666481058265802,7.26637282471185E-15));
#4699=DIRECTION('ref_axis',(0.666481058265802,0.745521964111653,1.87532372887948E-15));
#4700=DIRECTION('center_axis',(-1.,-5.55111512312395E-17,-6.66710828366128E-15));
#4701=DIRECTION('ref_axis',(5.55111512312166E-17,-1.,3.4448048202684E-15));
#4702=DIRECTION('',(-6.66710828366128E-15,3.4448048202684E-15,1.));
#4703=DIRECTION('',(-6.66710828366128E-15,3.4448048202684E-15,1.));
#4704=DIRECTION('center_axis',(-5.55111512312166E-17,1.,-3.4448048202684E-15));
#4705=DIRECTION('ref_axis',(-1.,-5.55111512312395E-17,-6.66710828366128E-15));
#4706=DIRECTION('',(-6.66710828366128E-15,3.4448048202684E-15,1.));
#4707=DIRECTION('center_axis',(1.,5.55111512312395E-17,6.66710828366128E-15));
#4708=DIRECTION('ref_axis',(-5.55111512312166E-17,1.,-3.4448048202684E-15));
#4709=DIRECTION('',(-6.66710828366128E-15,3.4448048202684E-15,1.));
#4710=DIRECTION('center_axis',(5.55111512312166E-17,-1.,3.4448048202684E-15));
#4711=DIRECTION('ref_axis',(1.,5.55111512312395E-17,6.66710828366128E-15));
#4712=DIRECTION('center_axis',(6.66710828366128E-15,-3.4448048202684E-15,
-1.));
#4713=DIRECTION('ref_axis',(1.,5.55111512312395E-17,6.66710828366128E-15));
#4714=DIRECTION('',(6.66710828366128E-15,-3.4448048202684E-15,-1.));
#4715=DIRECTION('center_axis',(6.66710828366128E-15,-3.4448048202684E-15,
-1.));
#4716=DIRECTION('ref_axis',(1.,5.55111512312395E-17,6.66710828366128E-15));
#4717=DIRECTION('center_axis',(-6.66710828366128E-15,3.4448048202684E-15,
1.));
#4718=DIRECTION('ref_axis',(1.,5.55111512312395E-17,6.66710828366128E-15));
#4719=DIRECTION('center_axis',(-6.66710828366128E-15,3.4448048202684E-15,
1.));
#4720=DIRECTION('ref_axis',(-1.,-5.55111512312395E-17,-6.66710828366128E-15));
#4721=DIRECTION('center_axis',(6.66710828366128E-15,-3.4448048202684E-15,
-1.));
#4722=DIRECTION('ref_axis',(1.,5.55111512312395E-17,6.66710828366128E-15));
#4723=DIRECTION('',(6.66710828366128E-15,-3.4448048202684E-15,-1.));
#4724=DIRECTION('center_axis',(6.66710828366128E-15,-3.4448048202684E-15,
-1.));
#4725=DIRECTION('ref_axis',(1.,5.55111512312395E-17,6.66710828366128E-15));
#4726=DIRECTION('center_axis',(-6.66710828366128E-15,3.4448048202684E-15,
1.));
#4727=DIRECTION('ref_axis',(1.,5.55111512312395E-17,6.66710828366128E-15));
#4728=DIRECTION('center_axis',(-6.66710828366128E-15,3.4448048202684E-15,
1.));
#4729=DIRECTION('ref_axis',(-1.,-5.55111512312395E-17,-6.66710828366128E-15));
#4730=DIRECTION('center_axis',(6.66710828366128E-15,-3.4448048202684E-15,
-1.));
#4731=DIRECTION('ref_axis',(1.,5.55111512312395E-17,6.66710828366128E-15));
#4732=DIRECTION('',(6.66710828366128E-15,-3.4448048202684E-15,-1.));
#4733=DIRECTION('center_axis',(6.66710828366128E-15,-3.4448048202684E-15,
-1.));
#4734=DIRECTION('ref_axis',(1.,5.55111512312395E-17,6.66710828366128E-15));
#4735=DIRECTION('center_axis',(-6.66710828366128E-15,3.4448048202684E-15,
1.));
#4736=DIRECTION('ref_axis',(1.,5.55111512312395E-17,6.66710828366128E-15));
#4737=DIRECTION('center_axis',(-6.66710828366128E-15,3.4448048202684E-15,
1.));
#4738=DIRECTION('ref_axis',(-1.,-5.55111512312395E-17,-6.66710828366128E-15));
#4739=DIRECTION('center_axis',(6.66710828366128E-15,-3.4448048202684E-15,
-1.));
#4740=DIRECTION('ref_axis',(1.,5.55111512312395E-17,6.66710828366128E-15));
#4741=DIRECTION('',(6.66710828366128E-15,-3.4448048202684E-15,-1.));
#4742=DIRECTION('center_axis',(6.66710828366128E-15,-3.4448048202684E-15,
-1.));
#4743=DIRECTION('ref_axis',(1.,5.55111512312395E-17,6.66710828366128E-15));
#4744=DIRECTION('center_axis',(-6.66710828366128E-15,3.4448048202684E-15,
1.));
#4745=DIRECTION('ref_axis',(1.,5.55111512312395E-17,6.66710828366128E-15));
#4746=DIRECTION('center_axis',(-6.66710828366128E-15,3.4448048202684E-15,
1.));
#4747=DIRECTION('ref_axis',(-1.,-5.55111512312395E-17,-6.66710828366128E-15));
#4748=DIRECTION('center_axis',(-6.66710828366128E-15,3.4448048202684E-15,
1.));
#4749=DIRECTION('ref_axis',(-1.,-5.55111512312395E-17,-6.66710828366128E-15));
#4750=DIRECTION('',(-6.66710828366128E-15,3.4448048202684E-15,1.));
#4751=DIRECTION('center_axis',(-6.66710828366128E-15,3.4448048202684E-15,
1.));
#4752=DIRECTION('ref_axis',(-1.,-5.55111512312395E-17,-6.66710828366128E-15));
#4753=DIRECTION('',(-6.66710828366128E-15,3.4448048202684E-15,1.));
#4754=DIRECTION('center_axis',(-6.66710828366128E-15,3.4448048202684E-15,
1.));
#4755=DIRECTION('ref_axis',(-1.,-5.55111512312395E-17,-6.66710828366128E-15));
#4756=DIRECTION('',(-6.66710828366128E-15,3.4448048202684E-15,1.));
#4757=DIRECTION('center_axis',(-6.66710828366128E-15,3.4448048202684E-15,
1.));
#4758=DIRECTION('ref_axis',(-1.,-5.55111512312395E-17,-6.66710828366128E-15));
#4759=DIRECTION('',(-6.66710828366128E-15,3.4448048202684E-15,1.));
#4760=DIRECTION('center_axis',(-6.66710828366128E-15,3.4448048202684E-15,
1.));
#4761=DIRECTION('ref_axis',(1.,5.55111512312395E-17,6.66710828366128E-15));
#4762=DIRECTION('center_axis',(-6.66710828366128E-15,3.4448048202684E-15,
1.));
#4763=DIRECTION('ref_axis',(0.703703703703704,0.710493559009291,2.24415715536123E-15));
#4764=DIRECTION('',(-6.66710828366128E-15,3.4448048202684E-15,1.));
#4765=DIRECTION('center_axis',(-6.66710828366128E-15,3.4448048202684E-15,
1.));
#4766=DIRECTION('ref_axis',(1.,5.55111512312395E-17,6.66710828366128E-15));
#4767=DIRECTION('center_axis',(-6.66710828366128E-15,3.4448048202684E-15,
1.));
#4768=DIRECTION('ref_axis',(0.745521964111649,-0.666481058265807,7.26637282471183E-15));
#4769=DIRECTION('',(-6.66710828366128E-15,3.4448048202684E-15,1.));
#4770=DIRECTION('',(-6.66710828366128E-15,3.4448048202684E-15,1.));
#4771=DIRECTION('center_axis',(-0.745521964111655,-0.6664810582658,-2.67457850044863E-15));
#4772=DIRECTION('ref_axis',(0.6664810582658,-0.745521964111655,7.01167904005504E-15));
#4773=DIRECTION('center_axis',(-0.745521964111651,0.666481058265804,-7.26637282471184E-15));
#4774=DIRECTION('ref_axis',(-0.666481058265804,-0.745521964111651,-1.8753237288795E-15));
#4775=DIRECTION('center_axis',(0.394005295153852,-0.919108169581103,5.79302422004771E-15));
#4776=DIRECTION('ref_axis',(-0.919108169581103,-0.394005295153852,-4.77052235103766E-15));
#4777=DIRECTION('',(6.66710828366128E-15,-3.4448048202684E-15,-1.));
#4778=DIRECTION('center_axis',(0.666481058265807,0.745521964111649,1.87532372887952E-15));
#4779=DIRECTION('ref_axis',(0.745521964111649,-0.666481058265807,7.26637282471183E-15));
#4780=DIRECTION('center_axis',(0.666481058265807,0.745521964111648,1.87532372887953E-15));
#4781=DIRECTION('ref_axis',(0.745521964111648,-0.666481058265807,7.26637282471183E-15));
#4782=CARTESIAN_POINT('',(0.,0.,0.));
#4783=CARTESIAN_POINT('Ctrl Pts',(126.932892251084,-417.285113966852,70.1035162724948));
#4784=CARTESIAN_POINT('Ctrl Pts',(126.932892251084,-417.285113966852,68.1035162724948));
#4785=CARTESIAN_POINT('Ctrl Pts',(127.416103890107,-421.003819103342,70.1035162724948));
#4786=CARTESIAN_POINT('Ctrl Pts',(127.416103890107,-421.003819103342,68.1035162724948));
#4787=CARTESIAN_POINT('Ctrl Pts',(140.274434002946,-435.10099881621,70.103516272495));
#4788=CARTESIAN_POINT('Ctrl Pts',(140.274434002946,-435.10099881621,68.103516272495));
#4789=CARTESIAN_POINT('Ctrl Pts',(145.051859109376,-437.473229817301,70.103516272495));
#4790=CARTESIAN_POINT('Ctrl Pts',(145.051859109376,-437.473229817301,68.103516272495));
#4791=CARTESIAN_POINT('',(132.196488093473,-425.377636784855,70.1035162724949));
#4792=CARTESIAN_POINT('',(132.196488093473,-425.377636784855,68.1035162724949));
#4793=CARTESIAN_POINT('Ctrl Pts',(132.196488093473,-425.377636784855,70.1035162724949));
#4794=CARTESIAN_POINT('Ctrl Pts',(132.196488093473,-425.377636784855,69.7701829391615));
#4795=CARTESIAN_POINT('Ctrl Pts',(132.196488093473,-425.377636784855,69.4368496058282));
#4796=CARTESIAN_POINT('Ctrl Pts',(132.196488093473,-425.377636784855,68.7701829391615));
#4797=CARTESIAN_POINT('Ctrl Pts',(132.196488093473,-425.377636784855,68.4368496058282));
#4798=CARTESIAN_POINT('Ctrl Pts',(132.196488093473,-425.377636784855,68.1035162724949));
#4799=CARTESIAN_POINT('',(126.932892251084,-417.285113966852,70.1035162724948));
#4800=CARTESIAN_POINT('Ctrl Pts',(126.932892251084,-417.285113966852,70.1035162724948));
#4801=CARTESIAN_POINT('Ctrl Pts',(127.127372843706,-418.781799725895,70.1035162724948));
#4802=CARTESIAN_POINT('Ctrl Pts',(129.326450688916,-421.959654167557,70.1035162724948));
#4803=CARTESIAN_POINT('Ctrl Pts',(132.196488093473,-425.377636784855,70.1035162724949));
#4804=CARTESIAN_POINT('',(126.932892251084,-417.285113966852,68.1035162724948));
#4805=CARTESIAN_POINT('',(126.932892251084,-417.285113966852,70.1035162724948));
#4806=CARTESIAN_POINT('Ctrl Pts',(132.196488093473,-425.377636784855,68.1035162724949));
#4807=CARTESIAN_POINT('Ctrl Pts',(129.326450688944,-421.959654167582,68.1035162724948));
#4808=CARTESIAN_POINT('Ctrl Pts',(127.127372843704,-418.781799725886,68.1035162724948));
#4809=CARTESIAN_POINT('Ctrl Pts',(126.932892251084,-417.285113966852,68.1035162724948));
#4810=CARTESIAN_POINT('Ctrl Pts',(150.902562890122,-426.783144028765,70.103516272495));
#4811=CARTESIAN_POINT('Ctrl Pts',(150.902562890122,-426.783144028765,68.103516272495));
#4812=CARTESIAN_POINT('Ctrl Pts',(142.248951416657,-428.855369577318,70.103516272495));
#4813=CARTESIAN_POINT('Ctrl Pts',(142.248951416657,-428.855369577318,68.103516272495));
#4814=CARTESIAN_POINT('Ctrl Pts',(131.79657081363,-422.70501744433,70.1035162724949));
#4815=CARTESIAN_POINT('Ctrl Pts',(131.79657081363,-422.70501744433,68.1035162724949));
#4816=CARTESIAN_POINT('Ctrl Pts',(126.932892251084,-417.285113966852,70.1035162724948));
#4817=CARTESIAN_POINT('Ctrl Pts',(126.932892251084,-417.285113966852,68.1035162724948));
#4818=CARTESIAN_POINT('',(139.668492100119,-425.733166224696,70.1035162724949));
#4819=CARTESIAN_POINT('',(139.668492100119,-425.733166224696,68.1035162724949));
#4820=CARTESIAN_POINT('Ctrl Pts',(139.668492100119,-425.733166224696,70.1035162724949));
#4821=CARTESIAN_POINT('Ctrl Pts',(139.668492100119,-425.733166224696,69.7701829391616));
#4822=CARTESIAN_POINT('Ctrl Pts',(139.668492100119,-425.733166224696,69.4368496058283));
#4823=CARTESIAN_POINT('Ctrl Pts',(139.668492100119,-425.733166224696,68.7701829391616));
#4824=CARTESIAN_POINT('Ctrl Pts',(139.668492100119,-425.733166224696,68.4368496058283));
#4825=CARTESIAN_POINT('Ctrl Pts',(139.668492100119,-425.733166224696,68.1035162724949));
#4826=CARTESIAN_POINT('',(150.902562890122,-426.783144028765,70.103516272495));
#4827=CARTESIAN_POINT('Ctrl Pts',(150.902562890122,-426.783144028765,70.103516272495));
#4828=CARTESIAN_POINT('Ctrl Pts',(147.292145701397,-427.647707773319,70.103516272495));
#4829=CARTESIAN_POINT('Ctrl Pts',(143.368619609493,-427.08098039949,70.103516272495));
#4830=CARTESIAN_POINT('Ctrl Pts',(139.668492100119,-425.733166224696,70.1035162724949));
#4831=CARTESIAN_POINT('',(150.902562890122,-426.783144028765,68.103516272495));
#4832=CARTESIAN_POINT('',(150.902562890122,-426.783144028765,70.103516272495));
#4833=CARTESIAN_POINT('Ctrl Pts',(139.668492100119,-425.733166224696,68.1035162724949));
#4834=CARTESIAN_POINT('Ctrl Pts',(143.36861960953,-427.080980399511,68.103516272495));
#4835=CARTESIAN_POINT('Ctrl Pts',(147.292145701397,-427.647707773319,68.103516272495));
#4836=CARTESIAN_POINT('Ctrl Pts',(150.902562890122,-426.783144028765,68.103516272495));
#4837=CARTESIAN_POINT('Ctrl Pts',(123.135267949174,-407.423706884485,70.1035162724948));
#4838=CARTESIAN_POINT('Ctrl Pts',(123.135267949174,-407.423706884485,68.1035162724948));
#4839=CARTESIAN_POINT('Ctrl Pts',(131.438728847764,-420.784971560389,70.1035162724949));
#4840=CARTESIAN_POINT('Ctrl Pts',(131.438728847764,-420.784971560389,68.1035162724949));
#4841=CARTESIAN_POINT('Ctrl Pts',(148.556523822282,-421.39597016688,70.103516272495));
#4842=CARTESIAN_POINT('Ctrl Pts',(148.556523822282,-421.39597016688,68.103516272495));
#4843=CARTESIAN_POINT('Ctrl Pts',(154.282297437928,-413.649118752771,70.103516272495));
#4844=CARTESIAN_POINT('Ctrl Pts',(154.282297437928,-413.649118752771,68.103516272495));
#4845=CARTESIAN_POINT('',(145.081362446193,-418.507107302365,70.1035162724949));
#4846=CARTESIAN_POINT('',(145.081362446193,-418.507107302365,68.1035162724949));
#4847=CARTESIAN_POINT('Ctrl Pts',(145.081362446193,-418.507107302365,70.1035162724949));
#4848=CARTESIAN_POINT('Ctrl Pts',(145.081362446193,-418.507107302365,69.7701829391616));
#4849=CARTESIAN_POINT('Ctrl Pts',(145.081362446193,-418.507107302365,69.4368496058283));
#4850=CARTESIAN_POINT('Ctrl Pts',(145.081362446193,-418.507107302365,68.7701829391616));
#4851=CARTESIAN_POINT('Ctrl Pts',(145.081362446193,-418.507107302365,68.4368496058283));
#4852=CARTESIAN_POINT('Ctrl Pts',(145.081362446193,-418.507107302365,68.1035162724949));
#4853=CARTESIAN_POINT('',(123.135267949174,-407.423706884485,70.1035162724948));
#4854=CARTESIAN_POINT('Ctrl Pts',(123.135267949174,-407.423706884485,70.1035162724948));
#4855=CARTESIAN_POINT('Ctrl Pts',(128.564954089701,-416.160723234257,70.1035162724948));
#4856=CARTESIAN_POINT('Ctrl Pts',(137.763592777208,-419.445807837057,70.1035162724949));
#4857=CARTESIAN_POINT('Ctrl Pts',(145.081362446193,-418.507107302365,70.1035162724949));
#4858=CARTESIAN_POINT('',(123.135267949174,-407.423706884485,68.1035162724948));
#4859=CARTESIAN_POINT('',(123.135267949174,-407.423706884485,70.1035162724948));
#4860=CARTESIAN_POINT('Ctrl Pts',(145.081362446193,-418.507107302365,68.1035162724949));
#4861=CARTESIAN_POINT('Ctrl Pts',(137.763592777208,-419.445807837057,68.1035162724949));
#4862=CARTESIAN_POINT('Ctrl Pts',(128.564954089701,-416.160723234257,68.1035162724948));
#4863=CARTESIAN_POINT('Ctrl Pts',(123.135267949174,-407.423706884485,68.1035162724948));
#4864=CARTESIAN_POINT('Ctrl Pts',(157.939801077531,-347.907228947931,70.1035162724948));
#4865=CARTESIAN_POINT('Ctrl Pts',(157.939801077531,-347.907228947931,68.1035162724948));
#4866=CARTESIAN_POINT('Ctrl Pts',(151.907662877152,-348.895929790598,70.1035162724947));
#4867=CARTESIAN_POINT('Ctrl Pts',(151.907662877152,-348.895929790598,68.1035162724947));
#4868=CARTESIAN_POINT('Ctrl Pts',(140.483694776414,-353.603995031839,70.1035162724947));
#4869=CARTESIAN_POINT('Ctrl Pts',(140.483694776414,-353.603995031839,68.1035162724947));
#4870=CARTESIAN_POINT('Ctrl Pts',(142.923925914643,-366.202301190668,70.1035162724947));
#4871=CARTESIAN_POINT('Ctrl Pts',(142.923925914643,-366.202301190668,68.1035162724947));
#4872=CARTESIAN_POINT('',(143.552676110382,-357.756046663533,70.1035162724947));
#4873=CARTESIAN_POINT('',(143.552676110382,-357.756046663533,68.1035162724947));
#4874=CARTESIAN_POINT('Ctrl Pts',(143.552676110382,-357.756046663533,70.1035162724947));
#4875=CARTESIAN_POINT('Ctrl Pts',(143.552676110382,-357.756046663533,69.7701829391614));
#4876=CARTESIAN_POINT('Ctrl Pts',(143.552676110382,-357.756046663533,69.4368496058281));
#4877=CARTESIAN_POINT('Ctrl Pts',(143.552676110382,-357.756046663533,68.7701829391614));
#4878=CARTESIAN_POINT('Ctrl Pts',(143.552676110382,-357.756046663533,68.4368496058281));
#4879=CARTESIAN_POINT('Ctrl Pts',(143.552676110382,-357.756046663533,68.1035162724947));
#4880=CARTESIAN_POINT('',(152.515565435232,-349.490795390057,70.1035162724948));
#4881=CARTESIAN_POINT('Ctrl Pts',(143.552676110382,-357.756046663533,70.1035162724947));
#4882=CARTESIAN_POINT('Ctrl Pts',(145.249990476509,-353.614138427603,70.1035162724947));
#4883=CARTESIAN_POINT('Ctrl Pts',(148.92988441571,-351.008999828602,70.1035162724947));
#4884=CARTESIAN_POINT('Ctrl Pts',(152.515565435232,-349.490795390057,70.1035162724948));
#4885=CARTESIAN_POINT('',(152.515565435232,-349.490795390057,68.1035162724948));
#4886=CARTESIAN_POINT('Ctrl Pts',(152.515565435232,-349.490795390057,68.1035162724948));
#4887=CARTESIAN_POINT('Ctrl Pts',(152.515565435232,-349.490795390057,68.4368496058281));
#4888=CARTESIAN_POINT('Ctrl Pts',(152.515565435232,-349.490795390057,68.7701829391614));
#4889=CARTESIAN_POINT('Ctrl Pts',(152.515565435232,-349.490795390057,69.4368496058281));
#4890=CARTESIAN_POINT('Ctrl Pts',(152.515565435232,-349.490795390057,69.7701829391614));
#4891=CARTESIAN_POINT('Ctrl Pts',(152.515565435232,-349.490795390057,70.1035162724948));
#4892=CARTESIAN_POINT('Ctrl Pts',(143.552676110382,-357.756046663533,68.1035162724947));
#4893=CARTESIAN_POINT('Ctrl Pts',(145.249990476509,-353.614138427604,68.1035162724947));
#4894=CARTESIAN_POINT('Ctrl Pts',(148.92988441571,-351.008999828602,68.1035162724947));
#4895=CARTESIAN_POINT('Ctrl Pts',(152.515565435232,-349.490795390057,68.1035162724948));
#4896=CARTESIAN_POINT('Ctrl Pts',(-97.3358040309213,-437.473229817301,70.1035162724934));
#4897=CARTESIAN_POINT('Ctrl Pts',(-97.3358040309212,-437.473229817301,68.1035162724934));
#4898=CARTESIAN_POINT('Ctrl Pts',(-92.5583926591179,-435.10099881621,70.1035162724934));
#4899=CARTESIAN_POINT('Ctrl Pts',(-92.5583926591179,-435.10099881621,68.1035162724934));
#4900=CARTESIAN_POINT('Ctrl Pts',(-79.7000488116524,-421.003819103342,70.1035162724935));
#4901=CARTESIAN_POINT('Ctrl Pts',(-79.7000488116524,-421.003819103342,68.1035162724935));
#4902=CARTESIAN_POINT('Ctrl Pts',(-79.2168509072564,-417.285113966852,70.1035162724934));
#4903=CARTESIAN_POINT('Ctrl Pts',(-79.2168509072563,-417.285113966852,68.1035162724934));
#4904=CARTESIAN_POINT('',(-81.7318849282354,-421.885433617329,68.1035162724934));
#4905=CARTESIAN_POINT('',(-81.7318849282354,-421.885433617329,70.1035162724935));
#4906=CARTESIAN_POINT('Ctrl Pts',(-81.7318849282354,-421.885433617329,68.1035162724934));
#4907=CARTESIAN_POINT('Ctrl Pts',(-81.7318849282354,-421.885433617329,68.4368496058268));
#4908=CARTESIAN_POINT('Ctrl Pts',(-81.7318849282354,-421.885433617329,68.7701829391601));
#4909=CARTESIAN_POINT('Ctrl Pts',(-81.7318849282354,-421.885433617329,69.4368496058268));
#4910=CARTESIAN_POINT('Ctrl Pts',(-81.7318849282354,-421.885433617329,69.7701829391601));
#4911=CARTESIAN_POINT('Ctrl Pts',(-81.7318849282354,-421.885433617329,70.1035162724934));
#4912=CARTESIAN_POINT('',(-79.2168509072564,-417.285113966852,68.1035162724934));
#4913=CARTESIAN_POINT('Ctrl Pts',(-79.2168509072564,-417.285113966852,68.1035162724934));
#4914=CARTESIAN_POINT('Ctrl Pts',(-79.3421327594546,-418.249286747901,68.1035162724934));
#4915=CARTESIAN_POINT('Ctrl Pts',(-80.2993250548044,-419.911145150096,68.1035162724934));
#4916=CARTESIAN_POINT('Ctrl Pts',(-81.7318849282354,-421.885433617329,68.1035162724934));
#4917=CARTESIAN_POINT('',(-79.2168509072564,-417.285113966852,70.1035162724934));
#4918=CARTESIAN_POINT('',(-79.2168509072564,-417.285113966852,70.1035162724934));
#4919=CARTESIAN_POINT('Ctrl Pts',(-79.2168509072564,-417.285113966852,70.1035162724934));
#4920=CARTESIAN_POINT('Ctrl Pts',(-79.3421327594546,-418.249286747901,70.1035162724935));
#4921=CARTESIAN_POINT('Ctrl Pts',(-80.2993250548043,-419.911145150096,70.1035162724935));
#4922=CARTESIAN_POINT('Ctrl Pts',(-81.7318849282354,-421.885433617329,70.1035162724935));
#4923=CARTESIAN_POINT('Ctrl Pts',(-79.2168509072564,-417.285113966852,70.1035162724934));
#4924=CARTESIAN_POINT('Ctrl Pts',(-79.2168509072563,-417.285113966852,68.1035162724934));
#4925=CARTESIAN_POINT('Ctrl Pts',(-84.0805157351754,-422.70501744433,70.1035162724934));
#4926=CARTESIAN_POINT('Ctrl Pts',(-84.0805157351754,-422.70501744433,68.1035162724934));
#4927=CARTESIAN_POINT('Ctrl Pts',(-94.5329100728295,-428.855369577318,70.1035162724934));
#4928=CARTESIAN_POINT('Ctrl Pts',(-94.5329100728295,-428.855369577318,68.1035162724934));
#4929=CARTESIAN_POINT('Ctrl Pts',(-103.186507811668,-426.783144028765,70.1035162724933));
#4930=CARTESIAN_POINT('Ctrl Pts',(-103.186507811668,-426.783144028765,68.1035162724933));
#4931=CARTESIAN_POINT('',(-84.0226666451282,-421.509562054037,68.1035162724934));
#4932=CARTESIAN_POINT('',(-84.0226666451281,-421.509562054036,70.1035162724934));
#4933=CARTESIAN_POINT('Ctrl Pts',(-84.0226666451282,-421.509562054037,68.1035162724934));
#4934=CARTESIAN_POINT('Ctrl Pts',(-84.0226666451282,-421.509562054037,68.4368496058268));
#4935=CARTESIAN_POINT('Ctrl Pts',(-84.0226666451282,-421.509562054037,68.7701829391601));
#4936=CARTESIAN_POINT('Ctrl Pts',(-84.0226666451282,-421.509562054037,69.4368496058268));
#4937=CARTESIAN_POINT('Ctrl Pts',(-84.0226666451282,-421.509562054036,69.7701829391601));
#4938=CARTESIAN_POINT('Ctrl Pts',(-84.0226666451282,-421.509562054036,70.1035162724934));
#4939=CARTESIAN_POINT('',(-97.1225968537227,-427.030690519238,68.1035162724934));
#4940=CARTESIAN_POINT('Ctrl Pts',(-97.1225968537227,-427.030690519238,68.1035162724934));
#4941=CARTESIAN_POINT('Ctrl Pts',(-92.4563769915267,-426.419773041721,68.1035162724934));
#4942=CARTESIAN_POINT('Ctrl Pts',(-87.7565609703139,-424.175621227157,68.1035162724934));
#4943=CARTESIAN_POINT('Ctrl Pts',(-84.0226666451282,-421.509562054037,68.1035162724934));
#4944=CARTESIAN_POINT('',(-97.1225968537228,-427.030690519238,70.1035162724934));
#4945=CARTESIAN_POINT('Ctrl Pts',(-97.1225968537228,-427.030690519238,70.1035162724934));
#4946=CARTESIAN_POINT('Ctrl Pts',(-97.1225968537228,-427.030690519238,69.77018293916));
#4947=CARTESIAN_POINT('Ctrl Pts',(-97.1225968537228,-427.030690519238,69.4368496058267));
#4948=CARTESIAN_POINT('Ctrl Pts',(-97.1225968537228,-427.030690519238,68.77018293916));
#4949=CARTESIAN_POINT('Ctrl Pts',(-97.1225968537228,-427.030690519238,68.4368496058267));
#4950=CARTESIAN_POINT('Ctrl Pts',(-97.1225968537228,-427.030690519238,68.1035162724934));
#4951=CARTESIAN_POINT('Ctrl Pts',(-97.1225968537228,-427.030690519238,70.1035162724934));
#4952=CARTESIAN_POINT('Ctrl Pts',(-92.4563769914713,-426.419773041713,70.1035162724934));
#4953=CARTESIAN_POINT('Ctrl Pts',(-87.7565609703353,-424.175621227198,70.1035162724934));
#4954=CARTESIAN_POINT('Ctrl Pts',(-84.0226666451282,-421.509562054036,70.1035162724934));
#4955=CARTESIAN_POINT('Ctrl Pts',(-79.2168509072564,-417.285113966852,70.1035162724934));
#4956=CARTESIAN_POINT('Ctrl Pts',(-79.2168509072563,-417.285113966852,68.1035162724934));
#4957=CARTESIAN_POINT('Ctrl Pts',(-84.0805157351754,-422.70501744433,70.1035162724934));
#4958=CARTESIAN_POINT('Ctrl Pts',(-84.0805157351754,-422.70501744433,68.1035162724934));
#4959=CARTESIAN_POINT('Ctrl Pts',(-94.5329100728295,-428.855369577318,70.1035162724934));
#4960=CARTESIAN_POINT('Ctrl Pts',(-94.5329100728295,-428.855369577318,68.1035162724934));
#4961=CARTESIAN_POINT('Ctrl Pts',(-103.186507811668,-426.783144028765,70.1035162724933));
#4962=CARTESIAN_POINT('Ctrl Pts',(-103.186507811668,-426.783144028765,68.1035162724933));
#4963=CARTESIAN_POINT('',(-83.0007407513103,-420.751103024189,70.1035162724934));
#4964=CARTESIAN_POINT('',(-83.0007407513103,-420.751103024189,68.1035162724934));
#4965=CARTESIAN_POINT('Ctrl Pts',(-83.0007407513103,-420.751103024189,70.1035162724934));
#4966=CARTESIAN_POINT('Ctrl Pts',(-83.0007407513103,-420.751103024189,69.7701829391601));
#4967=CARTESIAN_POINT('Ctrl Pts',(-83.0007407513103,-420.751103024189,69.4368496058268));
#4968=CARTESIAN_POINT('Ctrl Pts',(-83.0007407513103,-420.751103024189,68.7701829391601));
#4969=CARTESIAN_POINT('Ctrl Pts',(-83.0007407513103,-420.751103024189,68.4368496058268));
#4970=CARTESIAN_POINT('Ctrl Pts',(-83.0007407513103,-420.751103024189,68.1035162724934));
#4971=CARTESIAN_POINT('Ctrl Pts',(-83.0007407513103,-420.751103024189,70.1035162724935));
#4972=CARTESIAN_POINT('Ctrl Pts',(-81.5345766606338,-419.619992911558,70.1035162724935));
#4973=CARTESIAN_POINT('Ctrl Pts',(-80.2496973153941,-418.43608304824,70.1035162724935));
#4974=CARTESIAN_POINT('Ctrl Pts',(-79.2168509072564,-417.285113966852,70.1035162724934));
#4975=CARTESIAN_POINT('Ctrl Pts',(-83.0007407513103,-420.751103024189,68.1035162724934));
#4976=CARTESIAN_POINT('Ctrl Pts',(-81.5345766606399,-419.619992911566,68.1035162724934));
#4977=CARTESIAN_POINT('Ctrl Pts',(-80.2496973154092,-418.436083048256,68.1035162724934));
#4978=CARTESIAN_POINT('Ctrl Pts',(-79.2168509072564,-417.285113966852,68.1035162724934));
#4979=CARTESIAN_POINT('Ctrl Pts',(-75.4192128707192,-407.423706884485,70.1035162724934));
#4980=CARTESIAN_POINT('Ctrl Pts',(-75.4192128707192,-407.423706884485,68.1035162724934));
#4981=CARTESIAN_POINT('Ctrl Pts',(-81.1998743676961,-412.065587087784,70.1035162724934));
#4982=CARTESIAN_POINT('Ctrl Pts',(-81.1998743676961,-412.065587087784,68.1035162724934));
#4983=CARTESIAN_POINT('Ctrl Pts',(-93.4288255176716,-413.408489346433,70.1035162724933));
#4984=CARTESIAN_POINT('Ctrl Pts',(-93.4288255176716,-413.408489346433,68.1035162724933));
#4985=CARTESIAN_POINT('Ctrl Pts',(-97.7230201180829,-408.241325540172,70.1035162724933));
#4986=CARTESIAN_POINT('Ctrl Pts',(-97.7230201180829,-408.241325540172,68.1035162724933));
#4987=CARTESIAN_POINT('',(-93.8207270695381,-410.76432503602,70.1035162724933));
#4988=CARTESIAN_POINT('',(-93.8207270695381,-410.76432503602,68.1035162724933));
#4989=CARTESIAN_POINT('Ctrl Pts',(-93.8207270695381,-410.76432503602,70.1035162724933));
#4990=CARTESIAN_POINT('Ctrl Pts',(-93.8207270695381,-410.76432503602,69.77018293916));
#4991=CARTESIAN_POINT('Ctrl Pts',(-93.8207270695381,-410.76432503602,69.4368496058267));
#4992=CARTESIAN_POINT('Ctrl Pts',(-93.8207270695381,-410.76432503602,68.77018293916));
#4993=CARTESIAN_POINT('Ctrl Pts',(-93.8207270695381,-410.76432503602,68.4368496058267));
#4994=CARTESIAN_POINT('Ctrl Pts',(-93.8207270695381,-410.76432503602,68.1035162724933));
#4995=CARTESIAN_POINT('',(-75.4192128707192,-407.423706884485,70.1035162724934));
#4996=CARTESIAN_POINT('Ctrl Pts',(-75.4192128707192,-407.423706884485,70.1035162724934));
#4997=CARTESIAN_POINT('Ctrl Pts',(-79.9093750231537,-411.02931410018,70.1035162724934));
#4998=CARTESIAN_POINT('Ctrl Pts',(-88.2901096484666,-412.64448455345,70.1035162724934));
#4999=CARTESIAN_POINT('Ctrl Pts',(-93.8207270695381,-410.76432503602,70.1035162724933));
#5000=CARTESIAN_POINT('',(-75.4192128707192,-407.423706884485,68.1035162724934));
#5001=CARTESIAN_POINT('',(-75.4192128707192,-407.423706884485,70.1035162724934));
#5002=CARTESIAN_POINT('Ctrl Pts',(-93.8207270695381,-410.76432503602,68.1035162724933));
#5003=CARTESIAN_POINT('Ctrl Pts',(-88.2901096484667,-412.64448455345,68.1035162724934));
#5004=CARTESIAN_POINT('Ctrl Pts',(-79.9093750231537,-411.02931410018,68.1035162724934));
#5005=CARTESIAN_POINT('Ctrl Pts',(-75.4192128707192,-407.423706884485,68.1035162724934));
#5006=CARTESIAN_POINT('Origin',(27.1854809957779,-388.217458141463,70.103516272494));
#5007=CARTESIAN_POINT('',(126.659278130757,-430.327786791754,70.1035162724949));
#5008=CARTESIAN_POINT('',(109.477172210951,-445.688230464681,70.1035162724948));
#5009=CARTESIAN_POINT('',(119.470562849622,-428.325290945557,70.1035162724948));
#5010=CARTESIAN_POINT('Origin',(113.726393429487,-462.850709374198,70.1035162724949));
#5011=CARTESIAN_POINT('',(120.584857634995,-428.439581221109,70.1035162724948));
#5012=CARTESIAN_POINT('Ctrl Pts',(119.470562849622,-428.325290945557,70.1035162724948));
#5013=CARTESIAN_POINT('Ctrl Pts',(119.842604041965,-428.358738441904,70.1035162724948));
#5014=CARTESIAN_POINT('Ctrl Pts',(120.214950800336,-428.396720859191,70.1035162724948));
#5015=CARTESIAN_POINT('Ctrl Pts',(120.584857634995,-428.439581221109,70.1035162724948));
#5016=CARTESIAN_POINT('',(49.2722032122352,-358.554668720346,70.1035162724941));
#5017=CARTESIAN_POINT('Ctrl Pts',(120.584857634995,-428.439581221109,70.1035162724948));
#5018=CARTESIAN_POINT('Ctrl Pts',(108.851750554917,-388.91618743487,70.1035162724946));
#5019=CARTESIAN_POINT('Ctrl Pts',(79.7398631224372,-367.0180830823,70.1035162724943));
#5020=CARTESIAN_POINT('Ctrl Pts',(49.2722032122352,-358.554668720346,70.1035162724941));
#5021=CARTESIAN_POINT('',(50.0117304560401,-365.03581933909,70.1035162724941));
#5022=CARTESIAN_POINT('Ctrl Pts',(49.2722032122352,-358.554668720346,70.1035162724941));
#5023=CARTESIAN_POINT('Ctrl Pts',(48.7380910464027,-360.427467488199,70.1035162724941));
#5024=CARTESIAN_POINT('Ctrl Pts',(49.0667881342628,-363.286275111872,70.1035162724941));
#5025=CARTESIAN_POINT('Ctrl Pts',(50.0117304560401,-365.03581933909,70.1035162724941));
#5026=CARTESIAN_POINT('',(77.822486585197,-377.73656672194,70.1035162724944));
#5027=CARTESIAN_POINT('Ctrl Pts',(50.0117304560401,-365.03581933909,70.1035162724941));
#5028=CARTESIAN_POINT('Ctrl Pts',(61.7372702754387,-360.918001895746,70.1035162724942));
#5029=CARTESIAN_POINT('Ctrl Pts',(74.4491590319949,-367.649962809217,70.1035162724943));
#5030=CARTESIAN_POINT('Ctrl Pts',(77.822486585197,-377.73656672194,70.1035162724943));
#5031=CARTESIAN_POINT('',(65.6225309963967,-377.73656672194,70.1035162724943));
#5032=CARTESIAN_POINT('',(55.2073059011351,-377.73656672194,70.1035162724942));
#5033=CARTESIAN_POINT('',(65.6225309963967,-386.322759247876,70.1035162724943));
#5034=CARTESIAN_POINT('',(65.6225309963967,-382.977012431701,70.1035162724943));
#5035=CARTESIAN_POINT('',(83.2291308064923,-386.322759247876,70.1035162724944));
#5036=CARTESIAN_POINT('',(46.4040059960873,-386.322759247876,70.1035162724942));
#5037=CARTESIAN_POINT('',(83.2291308064923,-383.607214058993,70.1035162724944));
#5038=CARTESIAN_POINT('',(83.2291308064923,-387.270108694669,70.1035162724944));
#5039=CARTESIAN_POINT('',(91.7820542433478,-385.628667171198,70.1035162724945));
#5040=CARTESIAN_POINT('Ctrl Pts',(83.2291308064923,-383.607214058993,70.1035162724944));
#5041=CARTESIAN_POINT('Ctrl Pts',(85.8696010322177,-383.929498932309,70.1035162724944));
#5042=CARTESIAN_POINT('Ctrl Pts',(88.7787513721355,-384.496656929468,70.1035162724945));
#5043=CARTESIAN_POINT('Ctrl Pts',(91.7820542433478,-385.628667171198,70.1035162724945));
#5044=CARTESIAN_POINT('',(94.1395205206611,-398.760536110788,70.1035162724945));
#5045=CARTESIAN_POINT('Ctrl Pts',(91.7820542433478,-385.628667171198,70.1035162724945));
#5046=CARTESIAN_POINT('Ctrl Pts',(93.6771580450751,-391.074144523722,70.1035162724945));
#5047=CARTESIAN_POINT('Ctrl Pts',(93.8466982779242,-395.040594857889,70.1035162724945));
#5048=CARTESIAN_POINT('Ctrl Pts',(94.1395205206611,-398.760536110788,70.1035162724945));
#5049=CARTESIAN_POINT('',(113.376738631562,-427.852455967459,70.1035162724948));
#5050=CARTESIAN_POINT('Ctrl Pts',(94.1395205206611,-398.760536110788,70.1035162724945));
#5051=CARTESIAN_POINT('Ctrl Pts',(107.970556734994,-399.593124229921,70.1035162724946));
#5052=CARTESIAN_POINT('Ctrl Pts',(117.048871559571,-410.906110639008,70.1035162724947));
#5053=CARTESIAN_POINT('Ctrl Pts',(113.376738631562,-427.852455967459,70.1035162724948));
#5054=CARTESIAN_POINT('',(98.1379133641698,-431.513841482636,70.1035162724947));
#5055=CARTESIAN_POINT('Origin',(113.726393429487,-462.850709374198,70.1035162724949));
#5056=CARTESIAN_POINT('',(97.2928534807899,-415.630393602854,70.1035162724946));
#5057=CARTESIAN_POINT('Ctrl Pts',(97.2928534807899,-415.630393602854,70.1035162724946));
#5058=CARTESIAN_POINT('Ctrl Pts',(103.830639252274,-418.280300202949,70.1035162724947));
#5059=CARTESIAN_POINT('Ctrl Pts',(103.016623407005,-426.052925530261,70.1035162724947));
#5060=CARTESIAN_POINT('Ctrl Pts',(98.1379133641698,-431.513841482636,70.1035162724947));
#5061=CARTESIAN_POINT('',(78.5883245447853,-415.113312374216,70.1035162724945));
#5062=CARTESIAN_POINT('Ctrl Pts',(78.5883245447853,-415.113312374216,70.1035162724945));
#5063=CARTESIAN_POINT('Ctrl Pts',(87.405405546067,-430.252620627886,70.1035162724946));
#5064=CARTESIAN_POINT('Ctrl Pts',(96.7337717634895,-420.951215482813,70.1035162724946));
#5065=CARTESIAN_POINT('Ctrl Pts',(97.2928534807899,-415.630393602854,70.1035162724946));
#5066=CARTESIAN_POINT('',(78.3822776739814,-414.7461583314,70.1035162724945));
#5067=CARTESIAN_POINT('Ctrl Pts',(78.3822776739814,-414.7461583314,70.1035162724945));
#5068=CARTESIAN_POINT('Ctrl Pts',(78.4561424967506,-414.865155137735,70.1035162724945));
#5069=CARTESIAN_POINT('Ctrl Pts',(78.5249255076148,-414.98764053927,70.1035162724945));
#5070=CARTESIAN_POINT('Ctrl Pts',(78.5883245447853,-415.113312374216,70.1035162724945));
#5071=CARTESIAN_POINT('',(74.3149877100685,-412.481730415827,70.1035162724944));
#5072=CARTESIAN_POINT('Ctrl Pts',(74.3149877100685,-412.481730415827,70.1035162724944));
#5073=CARTESIAN_POINT('Ctrl Pts',(76.0324753184059,-412.481730415827,70.1035162724945));
#5074=CARTESIAN_POINT('Ctrl Pts',(77.5385870207526,-413.386869789225,70.1035162724945));
#5075=CARTESIAN_POINT('Ctrl Pts',(78.3822776739814,-414.7461583314,70.1035162724945));
#5076=CARTESIAN_POINT('',(69.531436960099,-417.265281165796,70.1035162724944));
#5077=CARTESIAN_POINT('Ctrl Pts',(69.531436960099,-417.265281165796,70.1035162724944));
#5078=CARTESIAN_POINT('Ctrl Pts',(69.531436960099,-414.623398237329,70.1035162724944));
#5079=CARTESIAN_POINT('Ctrl Pts',(71.6731047816017,-412.481730415827,70.1035162724944));
#5080=CARTESIAN_POINT('Ctrl Pts',(74.3149877100685,-412.481730415827,70.1035162724944));
#5081=CARTESIAN_POINT('',(74.3149877100685,-422.048859385019,70.1035162724945));
#5082=CARTESIAN_POINT('Ctrl Pts',(74.3149877100685,-422.048859385019,70.1035162724945));
#5083=CARTESIAN_POINT('Ctrl Pts',(71.6731047816017,-422.048859385019,70.1035162724945));
#5084=CARTESIAN_POINT('Ctrl Pts',(69.531436960099,-419.907191563517,70.1035162724944));
#5085=CARTESIAN_POINT('Ctrl Pts',(69.531436960099,-417.265281165796,70.1035162724944));
#5086=CARTESIAN_POINT('',(78.692433015702,-417.296541176325,70.1035162724945));
#5087=CARTESIAN_POINT('Ctrl Pts',(78.692433015702,-417.296541176325,70.1035162724945));
#5088=CARTESIAN_POINT('Ctrl Pts',(78.692433015702,-419.938424104792,70.1035162724945));
#5089=CARTESIAN_POINT('Ctrl Pts',(76.9568706385352,-422.048859385019,70.1035162724945));
#5090=CARTESIAN_POINT('Ctrl Pts',(74.3149877100685,-422.048859385019,70.1035162724945));
#5091=CARTESIAN_POINT('',(71.8995887770393,-427.453531161409,70.1035162724945));
#5092=CARTESIAN_POINT('Ctrl Pts',(71.8995887770393,-427.453531161409,70.1035162724945));
#5093=CARTESIAN_POINT('Ctrl Pts',(75.8197259497383,-428.480647755152,70.1035162724945));
#5094=CARTESIAN_POINT('Ctrl Pts',(83.6062979044654,-423.739591940409,70.1035162724945));
#5095=CARTESIAN_POINT('Ctrl Pts',(78.692433015702,-417.296541176325,70.1035162724945));
#5096=CARTESIAN_POINT('',(70.4205342894294,-434.181190861422,70.1035162724945));
#5097=CARTESIAN_POINT('Ctrl Pts',(70.4205342894294,-434.181190861422,70.1035162724945));
#5098=CARTESIAN_POINT('Ctrl Pts',(71.6941462298133,-431.897548202997,70.1035162724945));
#5099=CARTESIAN_POINT('Ctrl Pts',(71.8584947737434,-430.353432788378,70.1035162724945));
#5100=CARTESIAN_POINT('Ctrl Pts',(71.8995887770393,-427.453531161409,70.1035162724945));
#5101=CARTESIAN_POINT('',(60.3679137331702,-429.573937780672,70.1035162724944));
#5102=CARTESIAN_POINT('Ctrl Pts',(60.3679137331702,-429.573937780672,70.1035162724944));
#5103=CARTESIAN_POINT('Ctrl Pts',(63.9242206427314,-432.383314482599,70.1035162724944));
#5104=CARTESIAN_POINT('Ctrl Pts',(66.3712366865852,-432.850854912478,70.1035162724945));
#5105=CARTESIAN_POINT('Ctrl Pts',(70.4205342894294,-434.181190861422,70.1035162724945));
#5106=CARTESIAN_POINT('',(56.502217616913,-434.674920455048,70.1035162724944));
#5107=CARTESIAN_POINT('Ctrl Pts',(56.502217616913,-434.674920455048,70.1035162724944));
#5108=CARTESIAN_POINT('Ctrl Pts',(58.6002796452955,-434.083330725402,70.1035162724944));
#5109=CARTESIAN_POINT('Ctrl Pts',(60.2600343069788,-432.290152572583,70.1035162724944));
#5110=CARTESIAN_POINT('Ctrl Pts',(60.3679137331702,-429.573937780672,70.1035162724944));
#5111=CARTESIAN_POINT('',(55.333629143926,-433.582959333386,70.1035162724944));
#5112=CARTESIAN_POINT('Origin',(74.6854809957779,-414.04438646063,70.1035162724945));
#5113=CARTESIAN_POINT('',(43.4601007349563,-425.463178539436,70.1035162724943));
#5114=CARTESIAN_POINT('Origin',(27.1854809957779,-462.002701693757,70.1035162724943));
#5115=CARTESIAN_POINT('',(43.0364354353645,-423.484292698008,70.1035162724943));
#5116=CARTESIAN_POINT('Ctrl Pts',(43.0364354353645,-423.484292698008,70.1035162724943));
#5117=CARTESIAN_POINT('Ctrl Pts',(43.092746991612,-424.138785371417,70.1035162724943));
#5118=CARTESIAN_POINT('Ctrl Pts',(43.2492969509124,-424.802591303231,70.1035162724943));
#5119=CARTESIAN_POINT('Ctrl Pts',(43.4601007349563,-425.463178539436,70.1035162724943));
#5120=CARTESIAN_POINT('',(48.3297056540229,-417.535715966898,70.1035162724943));
#5121=CARTESIAN_POINT('Ctrl Pts',(48.3297056540229,-417.535715966898,70.1035162724943));
#5122=CARTESIAN_POINT('Ctrl Pts',(44.756065645478,-417.677649599939,70.1035162724943));
#5123=CARTESIAN_POINT('Ctrl Pts',(42.7801747690894,-420.505829005915,70.1035162724943));
#5124=CARTESIAN_POINT('Ctrl Pts',(43.0364354353645,-423.484292698008,70.1035162724943));
#5125=CARTESIAN_POINT('',(43.7224525732734,-407.483095410639,70.1035162724942));
#5126=CARTESIAN_POINT('Ctrl Pts',(43.7224525732734,-407.483095410639,70.1035162724942));
#5127=CARTESIAN_POINT('Ctrl Pts',(45.0527885222175,-411.532420482737,70.1035162724942));
#5128=CARTESIAN_POINT('Ctrl Pts',(45.520315217469,-413.97943652659,70.1035162724943));
#5129=CARTESIAN_POINT('Ctrl Pts',(48.3297056540229,-417.535715966898,70.1035162724943));
#5130=CARTESIAN_POINT('',(50.4501122732856,-406.004040923029,70.1035162724943));
#5131=CARTESIAN_POINT('Ctrl Pts',(50.4501122732856,-406.004040923029,70.1035162724943));
#5132=CARTESIAN_POINT('Ctrl Pts',(47.5502106463172,-406.045134926325,70.1035162724942));
#5133=CARTESIAN_POINT('Ctrl Pts',(46.006081497071,-406.209456001001,70.1035162724942));
#5134=CARTESIAN_POINT('Ctrl Pts',(43.7224525732734,-407.483095410639,70.1035162724942));
#5135=CARTESIAN_POINT('',(60.6071159929969,-399.211196684366,70.1035162724943));
#5136=CARTESIAN_POINT('Ctrl Pts',(60.6071159929969,-399.211196684366,70.1035162724943));
#5137=CARTESIAN_POINT('Ctrl Pts',(54.1640652289131,-394.297359264856,70.1035162724942));
#5138=CARTESIAN_POINT('Ctrl Pts',(49.42300941417,-402.08390375033,70.1035162724942));
#5139=CARTESIAN_POINT('Ctrl Pts',(50.4501122732856,-406.004040923029,70.1035162724943));
#5140=CARTESIAN_POINT('',(55.8547977843025,-403.58864199,70.1035162724943));
#5141=CARTESIAN_POINT('Ctrl Pts',(55.8547977843025,-403.58864199,70.1035162724943));
#5142=CARTESIAN_POINT('Ctrl Pts',(55.8547977843025,-400.946759061533,70.1035162724943));
#5143=CARTESIAN_POINT('Ctrl Pts',(57.9652330645301,-399.211196684366,70.1035162724943));
#5144=CARTESIAN_POINT('Ctrl Pts',(60.6071159929969,-399.211196684366,70.1035162724943));
#5145=CARTESIAN_POINT('',(60.6383760035255,-408.372192739969,70.1035162724943));
#5146=CARTESIAN_POINT('Ctrl Pts',(60.6383760035255,-408.372192739969,70.1035162724943));
#5147=CARTESIAN_POINT('Ctrl Pts',(57.9964930750587,-408.372192739969,70.1035162724943));
#5148=CARTESIAN_POINT('Ctrl Pts',(55.8547977843025,-406.230524918467,70.1035162724943));
#5149=CARTESIAN_POINT('Ctrl Pts',(55.8547977843025,-403.58864199,70.1035162724943));
#5150=CARTESIAN_POINT('',(65.421926753495,-403.58864199,70.1035162724944));
#5151=CARTESIAN_POINT('Ctrl Pts',(65.421926753495,-403.58864199,70.1035162724944));
#5152=CARTESIAN_POINT('Ctrl Pts',(65.421926753495,-406.230524918467,70.1035162724944));
#5153=CARTESIAN_POINT('Ctrl Pts',(63.2802589319923,-408.372192739969,70.1035162724944));
#5154=CARTESIAN_POINT('Ctrl Pts',(60.6383760035255,-408.372192739969,70.1035162724943));
#5155=CARTESIAN_POINT('',(63.1574988379218,-399.521352026087,70.1035162724943));
#5156=CARTESIAN_POINT('Ctrl Pts',(63.1574988379218,-399.521352026087,70.1035162724943));
#5157=CARTESIAN_POINT('Ctrl Pts',(64.5167873800971,-400.365042679316,70.1035162724943));
#5158=CARTESIAN_POINT('Ctrl Pts',(65.421926753495,-401.871126912409,70.1035162724944));
#5159=CARTESIAN_POINT('Ctrl Pts',(65.421926753495,-403.58864199,70.1035162724944));
#5160=CARTESIAN_POINT('',(62.7903447951057,-399.315305155283,70.1035162724943));
#5161=CARTESIAN_POINT('Ctrl Pts',(62.7903447951057,-399.315305155283,70.1035162724943));
#5162=CARTESIAN_POINT('Ctrl Pts',(62.9160166300514,-399.378704192453,70.1035162724943));
#5163=CARTESIAN_POINT('Ctrl Pts',(63.0385020315864,-399.447487203318,70.1035162724943));
#5164=CARTESIAN_POINT('Ctrl Pts',(63.1574988379218,-399.521352026087,70.1035162724943));
#5165=CARTESIAN_POINT('',(62.273263566468,-380.610776219278,70.1035162724943));
#5166=CARTESIAN_POINT('Ctrl Pts',(62.273263566468,-380.610776219278,70.1035162724943));
#5167=CARTESIAN_POINT('Ctrl Pts',(56.9524416865089,-381.169857936579,70.1035162724942));
#5168=CARTESIAN_POINT('Ctrl Pts',(47.6510228068092,-390.498224154001,70.1035162724942));
#5169=CARTESIAN_POINT('Ctrl Pts',(62.7903447951057,-399.315305155283,70.1035162724943));
#5170=CARTESIAN_POINT('',(41.2167622038581,-388.059503824717,70.1035162724941));
#5171=CARTESIAN_POINT('Ctrl Pts',(41.2167622038581,-388.059503824717,70.1035162724941));
#5172=CARTESIAN_POINT('Ctrl Pts',(44.2131633185127,-376.948767622095,70.1035162724941));
#5173=CARTESIAN_POINT('Ctrl Pts',(58.4831109015205,-371.259802806192,70.1035162724942));
#5174=CARTESIAN_POINT('Ctrl Pts',(62.273263566468,-380.610776219278,70.1035162724943));
#5175=CARTESIAN_POINT('',(39.6561878994856,-423.99636709909,70.1035162724943));
#5176=CARTESIAN_POINT('Ctrl Pts',(39.6561878994856,-423.99636709909,70.1035162724942));
#5177=CARTESIAN_POINT('Ctrl Pts',(39.5809405974457,-412.663317110037,70.1035162724942));
#5178=CARTESIAN_POINT('Ctrl Pts',(38.8117961804023,-396.97722764059,70.1035162724942));
#5179=CARTESIAN_POINT('Ctrl Pts',(41.2167622038581,-388.059503824717,70.1035162724941));
#5180=CARTESIAN_POINT('',(8.05868934435382,-426.872005129029,70.103516272494));
#5181=CARTESIAN_POINT('Origin',(27.1854809957779,-462.002701693757,70.1035162724943));
#5182=CARTESIAN_POINT('',(6.49927913996956,-388.059503824717,70.1035162724939));
#5183=CARTESIAN_POINT('Ctrl Pts',(8.05868934435382,-426.872005129029,70.1035162724941));
#5184=CARTESIAN_POINT('Ctrl Pts',(7.97565618653082,-415.46863580816,70.103516272494));
#5185=CARTESIAN_POINT('Ctrl Pts',(9.11530258531135,-397.759838196961,70.103516272494));
#5186=CARTESIAN_POINT('Ctrl Pts',(6.49927913996956,-388.059503824717,70.1035162724939));
#5187=CARTESIAN_POINT('',(-9.95001218146068,-376.224562836779,70.1035162724938));
#5188=CARTESIAN_POINT('Ctrl Pts',(6.49927913996956,-388.059503824717,70.1035162724939));
#5189=CARTESIAN_POINT('Ctrl Pts',(4.27007580922415,-379.793557710632,70.1035162724939));
#5190=CARTESIAN_POINT('Ctrl Pts',(-4.19877459646385,-374.528436587078,70.1035162724938));
#5191=CARTESIAN_POINT('Ctrl Pts',(-9.95001218146067,-376.224562836779,70.1035162724938));
#5192=CARTESIAN_POINT('',(-9.95001218146068,-373.637866086418,70.1035162724937));
#5193=CARTESIAN_POINT('',(-9.95001218146068,-386.590984627444,70.1035162724938));
#5194=CARTESIAN_POINT('',(-28.1170613815078,-373.637866086418,70.1035162724936));
#5195=CARTESIAN_POINT('',(8.6177344071586,-373.637866086418,70.1035162724939));
#5196=CARTESIAN_POINT('',(-21.7910885760855,-367.429395563604,70.1035162724936));
#5197=CARTESIAN_POINT('Ctrl Pts',(-21.7910885760855,-367.429395563604,70.1035162724937));
#5198=CARTESIAN_POINT('Ctrl Pts',(-24.3457930954877,-369.067181003384,70.1035162724936));
#5199=CARTESIAN_POINT('Ctrl Pts',(-26.524509537789,-371.187528768852,70.1035162724936));
#5200=CARTESIAN_POINT('Ctrl Pts',(-28.1170613815078,-373.637866086418,70.1035162724936));
#5201=CARTESIAN_POINT('',(-18.8145190042221,-367.165307889815,70.1035162724937));
#5202=CARTESIAN_POINT('Origin',(-20.3145190042221,-367.165307889815,70.1035162724937));
#5203=CARTESIAN_POINT('',(-19.3120902965952,-366.049450960757,70.1035162724937));
#5204=CARTESIAN_POINT('Origin',(-20.3145190042221,-367.165307889815,70.1035162724937));
#5205=CARTESIAN_POINT('',(-2.29568911221246,-365.03581933909,70.1035162724938));
#5206=CARTESIAN_POINT('Ctrl Pts',(-2.29568911221246,-365.03581933909,70.1035162724938));
#5207=CARTESIAN_POINT('Ctrl Pts',(-8.15033794199152,-362.97976260761,70.1035162724937));
#5208=CARTESIAN_POINT('Ctrl Pts',(-14.2508913363651,-363.628641140183,70.1035162724937));
#5209=CARTESIAN_POINT('Ctrl Pts',(-19.3120902965953,-366.049450960757,70.1035162724936));
#5210=CARTESIAN_POINT('',(-1.55616186840752,-358.554668720346,70.1035162724938));
#5211=CARTESIAN_POINT('Ctrl Pts',(-1.55616186840752,-358.554668720346,70.1035162724938));
#5212=CARTESIAN_POINT('Ctrl Pts',(-1.02204970257499,-360.427467488199,70.1035162724938));
#5213=CARTESIAN_POINT('Ctrl Pts',(-1.35074679043512,-363.286275111872,70.1035162724938));
#5214=CARTESIAN_POINT('Ctrl Pts',(-2.29568911221246,-365.03581933909,70.1035162724938));
#5215=CARTESIAN_POINT('',(-20.3470144670048,-365.665659916156,70.1035162724936));
#5216=CARTESIAN_POINT('Ctrl Pts',(-20.3470144670048,-365.665659916156,70.1035162724936));
#5217=CARTESIAN_POINT('Ctrl Pts',(-14.2403987521812,-362.682193721098,70.1035162724937));
#5218=CARTESIAN_POINT('Ctrl Pts',(-7.92792909045303,-360.324639964188,70.1035162724937));
#5219=CARTESIAN_POINT('Ctrl Pts',(-1.55616186840752,-358.554668720346,70.1035162724938));
#5220=CARTESIAN_POINT('',(-21.4888308617,-366.232038549599,70.1035162724936));
#5221=CARTESIAN_POINT('Origin',(-20.3145190042221,-367.165307889815,70.1035162724937));
#5222=CARTESIAN_POINT('',(-72.8688162911675,-428.439581221109,70.1035162724935));
#5223=CARTESIAN_POINT('Ctrl Pts',(-72.8688162911675,-428.439581221109,70.1035162724935));
#5224=CARTESIAN_POINT('Ctrl Pts',(-63.7427409142081,-397.698067623326,70.1035162724935));
#5225=CARTESIAN_POINT('Ctrl Pts',(-44.1028346869997,-377.61952659822,70.1035162724935));
#5226=CARTESIAN_POINT('Ctrl Pts',(-21.4888308617,-366.232038549599,70.1035162724936));
#5227=CARTESIAN_POINT('',(-65.5968533322594,-428.141800778109,70.1035162724936));
#5228=CARTESIAN_POINT('Ctrl Pts',(-65.5968533322594,-428.141800778109,70.1035162724936));
#5229=CARTESIAN_POINT('Ctrl Pts',(-67.4867517104409,-428.076726116472,70.1035162724936));
#5230=CARTESIAN_POINT('Ctrl Pts',(-70.2394181384347,-428.134919730097,70.1035162724935));
#5231=CARTESIAN_POINT('Ctrl Pts',(-72.8688162911675,-428.439581221109,70.1035162724935));
#5232=CARTESIAN_POINT('',(-46.4234379729531,-398.760536110788,70.1035162724936));
#5233=CARTESIAN_POINT('Ctrl Pts',(-46.4234379729531,-398.760536110788,70.1035162724936));
#5234=CARTESIAN_POINT('Ctrl Pts',(-60.3330576226494,-399.597853897196,70.1035162724935));
#5235=CARTESIAN_POINT('Ctrl Pts',(-69.4357776568673,-411.03497977038,70.1035162724935));
#5236=CARTESIAN_POINT('Ctrl Pts',(-65.5968533322594,-428.141800778109,70.1035162724936));
#5237=CARTESIAN_POINT('',(-44.0659854302667,-385.628667171198,70.1035162724936));
#5238=CARTESIAN_POINT('Ctrl Pts',(-44.0659854302667,-385.628667171198,70.1035162724936));
#5239=CARTESIAN_POINT('Ctrl Pts',(-45.9610892319939,-391.074144523722,70.1035162724936));
#5240=CARTESIAN_POINT('Ctrl Pts',(-46.1306431994698,-395.040594857889,70.1035162724936));
#5241=CARTESIAN_POINT('Ctrl Pts',(-46.4234379729531,-398.760536110788,70.1035162724936));
#5242=CARTESIAN_POINT('',(-30.9655275820992,-383.214669170099,70.1035162724936));
#5243=CARTESIAN_POINT('Ctrl Pts',(-30.9655275820992,-383.214669170099,70.1035162724936));
#5244=CARTESIAN_POINT('Ctrl Pts',(-34.5928287774346,-383.444147314173,70.1035162724936));
#5245=CARTESIAN_POINT('Ctrl Pts',(-39.2061525632164,-383.79687999888,70.1035162724936));
#5246=CARTESIAN_POINT('Ctrl Pts',(-44.0659854302667,-385.628667171198,70.1035162724936));
#5247=CARTESIAN_POINT('',(-30.9399116322118,-382.041623345576,70.1035162724936));
#5248=CARTESIAN_POINT('Ctrl Pts',(-30.9399116322117,-382.041623345576,70.1035162724936));
#5249=CARTESIAN_POINT('Ctrl Pts',(-30.9623306427919,-382.4297778946,70.1035162724936));
#5250=CARTESIAN_POINT('Ctrl Pts',(-30.971026275634,-382.820907127523,70.1035162724936));
#5251=CARTESIAN_POINT('Ctrl Pts',(-30.9655275820992,-383.214669170099,70.1035162724936));
#5252=CARTESIAN_POINT('',(-30.9399116322117,-384.964511113425,70.1035162724936));
#5253=CARTESIAN_POINT('',(-30.9399116322117,-380.92766211394,70.1035162724936));
#5254=CARTESIAN_POINT('',(-9.95001218146068,-384.964511113425,70.1035162724938));
#5255=CARTESIAN_POINT('',(-1.87721531821693,-384.964511113425,70.1035162724938));
#5256=CARTESIAN_POINT('',(-9.95001218146068,-382.787025344473,70.1035162724938));
#5257=CARTESIAN_POINT('',(-9.95001218146068,-386.590984627444,70.1035162724938));
#5258=CARTESIAN_POINT('',(-15.074303451278,-399.315305155283,70.1035162724938));
#5259=CARTESIAN_POINT('Ctrl Pts',(-9.95001218146067,-382.787025344473,70.1035162724938));
#5260=CARTESIAN_POINT('Ctrl Pts',(-5.99998300543426,-386.154255201482,70.1035162724938));
#5261=CARTESIAN_POINT('Ctrl Pts',(-4.00971030141373,-392.871330047019,70.1035162724939));
#5262=CARTESIAN_POINT('Ctrl Pts',(-15.074303451278,-399.315305155283,70.1035162724938));
#5263=CARTESIAN_POINT('',(-15.4414574940942,-399.521352026087,70.1035162724938));
#5264=CARTESIAN_POINT('Ctrl Pts',(-15.074303451278,-399.315305155283,70.1035162724938));
#5265=CARTESIAN_POINT('Ctrl Pts',(-15.1999752862237,-399.378704192453,70.1035162724938));
#5266=CARTESIAN_POINT('Ctrl Pts',(-15.3224606877587,-399.447487203318,70.1035162724938));
#5267=CARTESIAN_POINT('Ctrl Pts',(-15.4414574940942,-399.521352026087,70.1035162724938));
#5268=CARTESIAN_POINT('',(-17.7058854096673,-403.58864199,70.1035162724938));
#5269=CARTESIAN_POINT('Ctrl Pts',(-15.4414574940942,-399.521352026087,70.1035162724938));
#5270=CARTESIAN_POINT('Ctrl Pts',(-16.8007460362694,-400.365042679316,70.1035162724938));
#5271=CARTESIAN_POINT('Ctrl Pts',(-17.7058854096673,-401.871126912409,70.1035162724938));
#5272=CARTESIAN_POINT('Ctrl Pts',(-17.7058854096673,-403.58864199,70.1035162724938));
#5273=CARTESIAN_POINT('',(-12.9223346596978,-408.372192739969,70.1035162724938));
#5274=CARTESIAN_POINT('Ctrl Pts',(-17.7058854096673,-403.58864199,70.1035162724938));
#5275=CARTESIAN_POINT('Ctrl Pts',(-17.7058854096673,-406.230524918467,70.1035162724938));
#5276=CARTESIAN_POINT('Ctrl Pts',(-15.5642175881646,-408.372192739969,70.1035162724938));
#5277=CARTESIAN_POINT('Ctrl Pts',(-12.9223346596978,-408.372192739969,70.1035162724938));
#5278=CARTESIAN_POINT('',(-8.13875644047477,-403.58864199,70.1035162724939));
#5279=CARTESIAN_POINT('Ctrl Pts',(-12.9223346596978,-408.372192739969,70.1035162724938));
#5280=CARTESIAN_POINT('Ctrl Pts',(-10.280451731231,-408.372192739969,70.1035162724939));
#5281=CARTESIAN_POINT('Ctrl Pts',(-8.13875644047476,-406.230524918467,70.1035162724939));
#5282=CARTESIAN_POINT('Ctrl Pts',(-8.13875644047477,-403.58864199,70.1035162724939));
#5283=CARTESIAN_POINT('',(-12.8910746491692,-399.211196684366,70.1035162724938));
#5284=CARTESIAN_POINT('Ctrl Pts',(-8.13875644047477,-403.58864199,70.1035162724939));
#5285=CARTESIAN_POINT('Ctrl Pts',(-8.13875644047477,-400.946759061533,70.1035162724939));
#5286=CARTESIAN_POINT('Ctrl Pts',(-10.2491917207024,-399.211196684366,70.1035162724938));
#5287=CARTESIAN_POINT('Ctrl Pts',(-12.8910746491692,-399.211196684366,70.1035162724938));
#5288=CARTESIAN_POINT('',(-2.73407092945794,-406.004040923029,70.1035162724939));
#5289=CARTESIAN_POINT('Ctrl Pts',(-12.8910746491692,-399.211196684366,70.1035162724938));
#5290=CARTESIAN_POINT('Ctrl Pts',(-6.44802388508537,-394.297359264856,70.1035162724938));
#5291=CARTESIAN_POINT('Ctrl Pts',(-1.70696807034232,-402.08390375033,70.1035162724939));
#5292=CARTESIAN_POINT('Ctrl Pts',(-2.73407092945794,-406.004040923029,70.1035162724939));
#5293=CARTESIAN_POINT('',(3.99358877055429,-407.483095410639,70.103516272494));
#5294=CARTESIAN_POINT('Ctrl Pts',(-2.73407092945794,-406.004040923029,70.1035162724939));
#5295=CARTESIAN_POINT('Ctrl Pts',(0.165830697510447,-406.045134926325,70.1035162724939));
#5296=CARTESIAN_POINT('Ctrl Pts',(1.70995984675669,-406.209456001001,70.1035162724939));
#5297=CARTESIAN_POINT('Ctrl Pts',(3.99358877055429,-407.483095410639,70.103516272494));
#5298=CARTESIAN_POINT('',(-0.613664310195237,-417.535715966898,70.103516272494));
#5299=CARTESIAN_POINT('Ctrl Pts',(3.99358877055429,-407.483095410639,70.103516272494));
#5300=CARTESIAN_POINT('Ctrl Pts',(2.66325282161018,-411.532420482737,70.103516272494));
#5301=CARTESIAN_POINT('Ctrl Pts',(2.19572612635874,-413.97943652659,70.103516272494));
#5302=CARTESIAN_POINT('Ctrl Pts',(-0.613664310195237,-417.535715966898,
70.103516272494));
#5303=CARTESIAN_POINT('',(4.67960590846323,-423.484292698008,70.103516272494));
#5304=CARTESIAN_POINT('Ctrl Pts',(-0.613664310195237,-417.535715966898,
70.103516272494));
#5305=CARTESIAN_POINT('Ctrl Pts',(2.95997569834968,-417.677649599939,70.103516272494));
#5306=CARTESIAN_POINT('Ctrl Pts',(4.93586657473825,-420.505829005915,70.103516272494));
#5307=CARTESIAN_POINT('Ctrl Pts',(4.67960590846323,-423.484292698008,70.103516272494));
#5308=CARTESIAN_POINT('',(2.18694261226025,-430.776541528156,70.103516272494));
#5309=CARTESIAN_POINT('Ctrl Pts',(4.67960590846323,-423.484292698008,70.103516272494));
#5310=CARTESIAN_POINT('Ctrl Pts',(4.46162802890725,-426.017785548173,70.103516272494));
#5311=CARTESIAN_POINT('Ctrl Pts',(2.7416709214568,-428.690828912329,70.103516272494));
#5312=CARTESIAN_POINT('Ctrl Pts',(2.18694261226025,-430.776541528156,70.103516272494));
#5313=CARTESIAN_POINT('',(0.179797428046538,-432.495193241847,70.103516272494));
#5314=CARTESIAN_POINT('Origin',(27.1854809957779,-462.002701693757,70.1035162724943));
#5315=CARTESIAN_POINT('',(-6.70329565823296,-434.867194264704,70.103516272494));
#5316=CARTESIAN_POINT('Ctrl Pts',(0.179797428046533,-432.495193241847,70.103516272494));
#5317=CARTESIAN_POINT('Ctrl Pts',(-1.83970898382348,-433.144089898886,70.103516272494));
#5318=CARTESIAN_POINT('Ctrl Pts',(-4.33259852504328,-434.663223081549,70.103516272494));
#5319=CARTESIAN_POINT('Ctrl Pts',(-6.70329565823296,-434.867194264704,70.103516272494));
#5320=CARTESIAN_POINT('',(-12.6518723893426,-429.573937780672,70.1035162724939));
#5321=CARTESIAN_POINT('Ctrl Pts',(-6.70329565823296,-434.867194264704,70.103516272494));
#5322=CARTESIAN_POINT('Ctrl Pts',(-9.68173188107231,-435.123454930979,70.103516272494));
#5323=CARTESIAN_POINT('Ctrl Pts',(-12.5099387563012,-433.147577789217,70.1035162724939));
#5324=CARTESIAN_POINT('Ctrl Pts',(-12.6518723893426,-429.573937780672,70.1035162724939));
#5325=CARTESIAN_POINT('',(-22.7044929456017,-434.181190861422,70.1035162724939));
#5326=CARTESIAN_POINT('Ctrl Pts',(-12.6518723893426,-429.573937780672,70.1035162724939));
#5327=CARTESIAN_POINT('Ctrl Pts',(-16.2081792989037,-432.383314482599,70.1035162724939));
#5328=CARTESIAN_POINT('Ctrl Pts',(-18.6551953427575,-432.850854912478,70.1035162724939));
#5329=CARTESIAN_POINT('Ctrl Pts',(-22.7044929456017,-434.181190861422,70.1035162724939));
#5330=CARTESIAN_POINT('',(-24.1835474332116,-427.453531161409,70.1035162724938));
#5331=CARTESIAN_POINT('Ctrl Pts',(-22.7044929456017,-434.181190861422,70.1035162724939));
#5332=CARTESIAN_POINT('Ctrl Pts',(-23.9781048859856,-431.897548202997,70.1035162724939));
#5333=CARTESIAN_POINT('Ctrl Pts',(-24.1424534299157,-430.353432788378,70.1035162724938));
#5334=CARTESIAN_POINT('Ctrl Pts',(-24.1835474332116,-427.453531161409,70.1035162724938));
#5335=CARTESIAN_POINT('',(-30.9764054065011,-417.296541176325,70.1035162724938));
#5336=CARTESIAN_POINT('Ctrl Pts',(-24.1835474332116,-427.453531161409,70.1035162724938));
#5337=CARTESIAN_POINT('Ctrl Pts',(-28.1036846059106,-428.480647755152,70.1035162724938));
#5338=CARTESIAN_POINT('Ctrl Pts',(-35.8902428260109,-423.739591940409,70.1035162724937));
#5339=CARTESIAN_POINT('Ctrl Pts',(-30.9764054065011,-417.296541176325,70.1035162724938));
#5340=CARTESIAN_POINT('',(-26.5989463662408,-422.048859385019,70.1035162724938));
#5341=CARTESIAN_POINT('Ctrl Pts',(-30.9764054065011,-417.296541176325,70.1035162724938));
#5342=CARTESIAN_POINT('Ctrl Pts',(-30.9764054065011,-419.938424104792,70.1035162724938));
#5343=CARTESIAN_POINT('Ctrl Pts',(-29.2408567639611,-422.048859385019,70.1035162724938));
#5344=CARTESIAN_POINT('Ctrl Pts',(-26.5989463662408,-422.048859385019,70.1035162724938));
#5345=CARTESIAN_POINT('',(-21.8153956162713,-417.265281165796,70.1035162724938));
#5346=CARTESIAN_POINT('Ctrl Pts',(-26.5989463662408,-422.048859385019,70.1035162724938));
#5347=CARTESIAN_POINT('Ctrl Pts',(-23.957063437774,-422.048859385019,70.1035162724938));
#5348=CARTESIAN_POINT('Ctrl Pts',(-21.8153956162713,-419.907191563517,70.1035162724938));
#5349=CARTESIAN_POINT('Ctrl Pts',(-21.8153956162713,-417.265281165796,70.1035162724938));
#5350=CARTESIAN_POINT('',(-26.5989463662408,-412.481730415827,70.1035162724938));
#5351=CARTESIAN_POINT('Ctrl Pts',(-21.8153956162713,-417.265281165796,70.1035162724938));
#5352=CARTESIAN_POINT('Ctrl Pts',(-21.8153956162713,-414.623398237329,70.1035162724938));
#5353=CARTESIAN_POINT('Ctrl Pts',(-23.957063437774,-412.481730415827,70.1035162724938));
#5354=CARTESIAN_POINT('Ctrl Pts',(-26.5989463662408,-412.481730415827,70.1035162724938));
#5355=CARTESIAN_POINT('',(-30.6662225955269,-414.7461583314,70.1035162724937));
#5356=CARTESIAN_POINT('Ctrl Pts',(-26.5989463662408,-412.481730415827,70.1035162724938));
#5357=CARTESIAN_POINT('Ctrl Pts',(-28.316447709205,-412.481730415827,70.1035162724938));
#5358=CARTESIAN_POINT('Ctrl Pts',(-29.822545676925,-413.386869789225,70.1035162724938));
#5359=CARTESIAN_POINT('Ctrl Pts',(-30.6662225955269,-414.7461583314,70.1035162724937));
#5360=CARTESIAN_POINT('',(-30.8722832009575,-415.113312374216,70.1035162724937));
#5361=CARTESIAN_POINT('Ctrl Pts',(-30.6662225955269,-414.7461583314,70.1035162724937));
#5362=CARTESIAN_POINT('Ctrl Pts',(-30.7400874182961,-414.865155137735,70.1035162724937));
#5363=CARTESIAN_POINT('Ctrl Pts',(-30.8088704291604,-414.98764053927,70.1035162724937));
#5364=CARTESIAN_POINT('Ctrl Pts',(-30.8722832009575,-415.113312374216,70.1035162724937));
#5365=CARTESIAN_POINT('',(-49.576825871589,-415.630393602854,70.1035162724936));
#5366=CARTESIAN_POINT('Ctrl Pts',(-30.8722832009575,-415.113312374216,70.1035162724937));
#5367=CARTESIAN_POINT('Ctrl Pts',(-39.6893642022393,-430.252620627886,70.1035162724937));
#5368=CARTESIAN_POINT('Ctrl Pts',(-49.0177304196618,-420.951215482813,70.1035162724936));
#5369=CARTESIAN_POINT('Ctrl Pts',(-49.576825871589,-415.630393602854,70.1035162724936));
#5370=CARTESIAN_POINT('',(-52.5695673844014,-428.514838203555,70.1035162724936));
#5371=CARTESIAN_POINT('Ctrl Pts',(-49.576825871589,-415.630393602854,70.1035162724936));
#5372=CARTESIAN_POINT('Ctrl Pts',(-54.9851195230199,-417.822492509595,70.1035162724936));
#5373=CARTESIAN_POINT('Ctrl Pts',(-55.3624291686905,-423.520169684921,70.1035162724936));
#5374=CARTESIAN_POINT('Ctrl Pts',(-52.5695673844014,-428.514838203555,70.1035162724936));
#5375=CARTESIAN_POINT('',(-72.2883161392012,-430.327786791754,70.1035162724935));
#5376=CARTESIAN_POINT('Origin',(-59.3554314379311,-462.850709374198,70.1035162724937));
#5377=CARTESIAN_POINT('',(-60.7746626897556,-440.620752398255,70.1035162724936));
#5378=CARTESIAN_POINT('',(-83.6252210799216,-420.192830658901,70.1035162724934));
#5379=CARTESIAN_POINT('',(-60.7746626897556,-440.620752398255,70.1035162724936));
#5380=CARTESIAN_POINT('',(-76.8227779174599,-397.656435087381,70.1035162724934));
#5381=CARTESIAN_POINT('',(-101.488634429071,-423.127544155048,70.1035162724933));
#5382=CARTESIAN_POINT('',(-74.4029014274531,-447.341623503245,70.1035162724936));
#5383=CARTESIAN_POINT('',(-89.3227059733266,-417.912227404887,70.1035162724934));
#5384=CARTESIAN_POINT('',(-33.5532550547373,-394.004857525059,70.1035162724937));
#5385=CARTESIAN_POINT('Ctrl Pts',(-89.3227059733266,-417.912227404887,70.1035162724934));
#5386=CARTESIAN_POINT('Ctrl Pts',(-84.1297908652213,-416.517557446883,70.1035162724934));
#5387=CARTESIAN_POINT('Ctrl Pts',(-78.9690264202029,-413.135782724189,70.1035162724934));
#5388=CARTESIAN_POINT('Ctrl Pts',(-75.4192128707192,-407.423706884485,70.1035162724934));
#5389=CARTESIAN_POINT('',(-97.2432518214482,-407.704659421323,70.1035162724933));
#5390=CARTESIAN_POINT('',(-67.5056843113109,-434.289423410166,70.1035162724936));
#5391=CARTESIAN_POINT('',(-92.1020022387368,-401.953686547669,70.1035162724933));
#5392=CARTESIAN_POINT('',(-61.6435740310273,-367.883060024162,70.1035162724934));
#5393=CARTESIAN_POINT('',(-67.1523547524713,-394.418059164911,70.1035162724934));
#5394=CARTESIAN_POINT('Ctrl Pts',(-67.1523547524713,-394.418059164911,70.1035162724934));
#5395=CARTESIAN_POINT('Ctrl Pts',(-71.1076933490149,-400.835090217061,70.1035162724934));
#5396=CARTESIAN_POINT('Ctrl Pts',(-83.1553062677048,-406.405391265714,70.1035162724934));
#5397=CARTESIAN_POINT('Ctrl Pts',(-92.1020022387368,-401.953686547669,70.1035162724933));
#5398=CARTESIAN_POINT('',(-36.6296993300672,-364.31004206159,70.1035162724935));
#5399=CARTESIAN_POINT('Ctrl Pts',(-36.6296993300673,-364.31004206159,70.1035162724936));
#5400=CARTESIAN_POINT('Ctrl Pts',(-55.2597099903345,-376.54415644456,70.1035162724935));
#5401=CARTESIAN_POINT('Ctrl Pts',(-62.2701366693243,-388.811198934208,70.1035162724935));
#5402=CARTESIAN_POINT('Ctrl Pts',(-67.1523547524713,-394.418059164911,70.1035162724934));
#5403=CARTESIAN_POINT('',(-36.3131594535134,-364.102908550364,70.1035162724936));
#5404=CARTESIAN_POINT('Ctrl Pts',(-36.6296993300676,-364.31004206159,70.1035162724936));
#5405=CARTESIAN_POINT('Ctrl Pts',(-36.5241025967323,-364.242017614574,70.1035162724936));
#5406=CARTESIAN_POINT('Ctrl Pts',(-36.4185873115645,-364.172975970334,70.1035162724936));
#5407=CARTESIAN_POINT('Ctrl Pts',(-36.3131594535134,-364.102908550364,70.1035162724936));
#5408=CARTESIAN_POINT('Ctrl Pts',(-36.3131594535134,-364.102908550364,70.1035162724936));
#5409=CARTESIAN_POINT('Ctrl Pts',(-36.4190439856136,-364.171951203183,70.1035162724936));
#5410=CARTESIAN_POINT('Ctrl Pts',(-36.5245567090698,-364.24099610798,70.1035162724936));
#5411=CARTESIAN_POINT('Ctrl Pts',(-36.6296993300673,-364.31004206159,70.1035162724936));
#5412=CARTESIAN_POINT('',(-64.7131262419961,-362.827813270289,70.1035162724934));
#5413=CARTESIAN_POINT('Ctrl Pts',(-64.7131262419961,-362.827813270289,70.1035162724934));
#5414=CARTESIAN_POINT('Ctrl Pts',(-58.4903560741084,-367.764533119617,70.1035162724934));
#5415=CARTESIAN_POINT('Ctrl Pts',(-47.1554027922213,-371.090603683662,70.1035162724935));
#5416=CARTESIAN_POINT('Ctrl Pts',(-36.6296993300676,-364.31004206159,70.1035162724936));
#5417=CARTESIAN_POINT('',(-66.1742158377908,-385.161799738031,70.1035162724934));
#5418=CARTESIAN_POINT('Ctrl Pts',(-66.1742158377908,-385.161799738031,70.1035162724934));
#5419=CARTESIAN_POINT('Ctrl Pts',(-64.2247366486809,-381.843211748606,70.1035162724934));
#5420=CARTESIAN_POINT('Ctrl Pts',(-61.638465224006,-371.303149288279,70.1035162724934));
#5421=CARTESIAN_POINT('Ctrl Pts',(-64.7131262419961,-362.827813270289,70.1035162724934));
#5422=CARTESIAN_POINT('',(-75.4355158726952,-382.43599824,70.1035162724933));
#5423=CARTESIAN_POINT('Ctrl Pts',(-75.4355158726952,-382.43599824,70.1035162724933));
#5424=CARTESIAN_POINT('Ctrl Pts',(-73.9376449464105,-383.665384682184,70.1035162724934));
#5425=CARTESIAN_POINT('Ctrl Pts',(-70.0332476559899,-385.037940873819,70.1035162724934));
#5426=CARTESIAN_POINT('Ctrl Pts',(-66.1742158377908,-385.161799738031,70.1035162724934));
#5427=CARTESIAN_POINT('',(-86.7480640727351,-392.89780348657,70.1035162724933));
#5428=CARTESIAN_POINT('Ctrl Pts',(-86.7480640727351,-392.89780348657,70.1035162724933));
#5429=CARTESIAN_POINT('Ctrl Pts',(-81.7050298656277,-390.635228586889,70.1035162724933));
#5430=CARTESIAN_POINT('Ctrl Pts',(-77.6059668094378,-386.861861679193,70.1035162724933));
#5431=CARTESIAN_POINT('Ctrl Pts',(-75.4355158726952,-382.43599824,70.1035162724933));
#5432=CARTESIAN_POINT('',(-90.9974940375582,-374.889643488113,70.1035162724932));
#5433=CARTESIAN_POINT('Origin',(-105.443327419322,-387.803916686331,70.1035162724932));
#5434=CARTESIAN_POINT('',(-91.0740001128655,-374.804064222473,70.1035162724932));
#5435=CARTESIAN_POINT('',(-86.5085540867632,-379.910946475484,70.1035162724933));
#5436=CARTESIAN_POINT('',(-90.2527883324883,-373.738957876688,70.1035162724932));
#5437=CARTESIAN_POINT('Ctrl Pts',(-91.0740001128655,-374.804064222473,70.1035162724932));
#5438=CARTESIAN_POINT('Ctrl Pts',(-90.7582037396608,-374.466165608245,70.1035162724932));
#5439=CARTESIAN_POINT('Ctrl Pts',(-90.4822496484532,-374.108229177153,70.1035162724932));
#5440=CARTESIAN_POINT('Ctrl Pts',(-90.2527883324883,-373.738957876688,70.1035162724932));
#5441=CARTESIAN_POINT('',(-95.0750432606957,-370.092414469248,70.1035162724932));
#5442=CARTESIAN_POINT('Ctrl Pts',(-90.2527883324883,-373.738957876688,70.1035162724932));
#5443=CARTESIAN_POINT('Ctrl Pts',(-91.8225325606606,-373.323897455698,70.1035162724932));
#5444=CARTESIAN_POINT('Ctrl Pts',(-93.337448158767,-372.356128184229,70.1035162724932));
#5445=CARTESIAN_POINT('Ctrl Pts',(-95.0750432606957,-370.092414469248,70.1035162724932));
#5446=CARTESIAN_POINT('',(-95.2079120400689,-366.202301190668,70.1035162724932));
#5447=CARTESIAN_POINT('Ctrl Pts',(-95.0750432606957,-370.092414469248,70.1035162724932));
#5448=CARTESIAN_POINT('Ctrl Pts',(-95.732190213134,-369.037265502268,70.1035162724932));
#5449=CARTESIAN_POINT('Ctrl Pts',(-95.6326828421853,-368.294249663263,70.1035162724932));
#5450=CARTESIAN_POINT('Ctrl Pts',(-95.2079120400689,-366.202301190668,70.1035162724932));
#5451=CARTESIAN_POINT('',(-95.1807526826768,-366.05934281711,70.1035162724932));
#5452=CARTESIAN_POINT('Ctrl Pts',(-95.2079120400689,-366.202301190668,70.1035162724932));
#5453=CARTESIAN_POINT('Ctrl Pts',(-95.1986599691883,-366.154535050924,70.1035162724932));
#5454=CARTESIAN_POINT('Ctrl Pts',(-95.1896071998981,-366.106882335513,70.1035162724932));
#5455=CARTESIAN_POINT('Ctrl Pts',(-95.1807526826768,-366.05934281711,70.1035162724932));
#5456=CARTESIAN_POINT('',(-86.9587103482397,-358.709008769351,70.1035162724932));
#5457=CARTESIAN_POINT('',(-62.568892509431,-336.905021245672,70.1035162724933));
#5458=CARTESIAN_POINT('',(-98.3911516035602,-353.808124912357,70.1035162724931));
#5459=CARTESIAN_POINT('',(-40.668459886552,-378.55281431861,70.1035162724936));
#5460=CARTESIAN_POINT('',(-100.70198046694,-351.77703701257,70.1035162724931));
#5461=CARTESIAN_POINT('Ctrl Pts',(-98.3911516035602,-353.808124912357,70.1035162724931));
#5462=CARTESIAN_POINT('Ctrl Pts',(-99.0975926515851,-353.050139767284,70.1035162724931));
#5463=CARTESIAN_POINT('Ctrl Pts',(-99.8782016921017,-352.375348549461,70.1035162724931));
#5464=CARTESIAN_POINT('Ctrl Pts',(-100.70198046694,-351.77703701257,70.1035162724931));
#5465=CARTESIAN_POINT('',(-88.118777252452,-340.527916264318,70.1035162724931));
#5466=CARTESIAN_POINT('',(-67.9234517738678,-322.473717266939,70.1035162724932));
#5467=CARTESIAN_POINT('',(-83.6252210799216,-355.415002713761,70.1035162724932));
#5468=CARTESIAN_POINT('',(-74.461598413211,-385.773951749126,70.1035162724934));
#5469=CARTESIAN_POINT('',(-73.9186278402609,-346.737511176361,70.1035162724932));
#5470=CARTESIAN_POINT('',(-55.3116891541197,-330.10329678215,70.1035162724933));
#5471=CARTESIAN_POINT('',(-58.1347026438164,-347.735829251964,70.1035162724933));
#5472=CARTESIAN_POINT('Ctrl Pts',(-73.9186278402609,-346.737511176361,70.1035162724932));
#5473=CARTESIAN_POINT('Ctrl Pts',(-68.5859864409609,-348.796648595977,70.1035162724933));
#5474=CARTESIAN_POINT('Ctrl Pts',(-62.5976278208818,-349.714629168247,70.1035162724933));
#5475=CARTESIAN_POINT('Ctrl Pts',(-58.1347026438226,-347.735829251967,70.1035162724934));
#5476=CARTESIAN_POINT('',(-37.4925204750541,-340.088664830062,70.1035162724935));
#5477=CARTESIAN_POINT('Origin',(-59.3554314379311,-312.757123998464,70.1035162724932));
#5478=CARTESIAN_POINT('',(-37.053033979695,-339.744370020104,70.1035162724935));
#5479=CARTESIAN_POINT('Origin',(-20.3145190042221,-361.563446912032,70.1035162724936));
#5480=CARTESIAN_POINT('',(-36.4083129477761,-342.791135414606,70.1035162724935));
#5481=CARTESIAN_POINT('Ctrl Pts',(-37.0530339796951,-339.744370020104,70.1035162724935));
#5482=CARTESIAN_POINT('Ctrl Pts',(-36.5798320346282,-340.465756487625,70.1035162724935));
#5483=CARTESIAN_POINT('Ctrl Pts',(-36.3909092109181,-341.82569974657,70.1035162724935));
#5484=CARTESIAN_POINT('Ctrl Pts',(-36.4083129477761,-342.791135414606,70.1035162724935));
#5485=CARTESIAN_POINT('',(-32.9708654982827,-341.740793566996,70.1035162724935));
#5486=CARTESIAN_POINT('Ctrl Pts',(-36.4083129477761,-342.791135414606,70.1035162724935));
#5487=CARTESIAN_POINT('Ctrl Pts',(-34.2823438046716,-343.378345647532,70.1035162724935));
#5488=CARTESIAN_POINT('Ctrl Pts',(-32.9708654982827,-341.740793566996,70.1035162724935));
#5489=CARTESIAN_POINT('',(-26.5274988377831,-343.933416853815,70.1035162724935));
#5490=CARTESIAN_POINT('Ctrl Pts',(-32.9708654982827,-341.740793566996,70.1035162724935));
#5491=CARTESIAN_POINT('Ctrl Pts',(-30.5924401805184,-343.303574339396,70.1035162724935));
#5492=CARTESIAN_POINT('Ctrl Pts',(-29.0778679480813,-343.693417985636,70.1035162724935));
#5493=CARTESIAN_POINT('Ctrl Pts',(-26.5274988377831,-343.933416853815,70.1035162724935));
#5494=CARTESIAN_POINT('',(-31.7677396624825,-361.506926744562,70.1035162724936));
#5495=CARTESIAN_POINT('Ctrl Pts',(-26.5274988377831,-343.933416853815,70.1035162724935));
#5496=CARTESIAN_POINT('Ctrl Pts',(-23.9881036942742,-349.65894324618,70.1035162724936));
#5497=CARTESIAN_POINT('Ctrl Pts',(-28.863429220321,-358.567029884439,70.1035162724936));
#5498=CARTESIAN_POINT('Ctrl Pts',(-31.7677396624825,-361.506926744562,70.1035162724936));
#5499=CARTESIAN_POINT('',(6.29464148613417,-347.716314956274,70.1035162724938));
#5500=CARTESIAN_POINT('Ctrl Pts',(-31.7677396624825,-361.506926744562,70.1035162724936));
#5501=CARTESIAN_POINT('Ctrl Pts',(-22.9191717377533,-356.685020524212,70.1035162724936));
#5502=CARTESIAN_POINT('Ctrl Pts',(-10.0485931507523,-350.377233352166,70.1035162724937));
#5503=CARTESIAN_POINT('Ctrl Pts',(6.29464148613416,-347.716314956274,70.1035162724938));
#5504=CARTESIAN_POINT('',(46.4397843723323,-348.66610430494,70.103516272494));
#5505=CARTESIAN_POINT('Origin',(27.1854809957779,-313.605131678905,70.1035162724938));
#5506=CARTESIAN_POINT('',(79.483794740937,-361.506926744562,70.1035162724943));
#5507=CARTESIAN_POINT('Ctrl Pts',(46.4397843723323,-348.66610430494,70.103516272494));
#5508=CARTESIAN_POINT('Ctrl Pts',(60.4155444697551,-351.681739593268,70.1035162724941));
#5509=CARTESIAN_POINT('Ctrl Pts',(71.5616223710435,-357.189852147465,70.1035162724942));
#5510=CARTESIAN_POINT('Ctrl Pts',(79.483794740937,-361.506926744562,70.1035162724943));
#5511=CARTESIAN_POINT('',(74.2435676508643,-343.933416853815,70.1035162724942));
#5512=CARTESIAN_POINT('Ctrl Pts',(79.483794740937,-361.506926744562,70.1035162724943));
#5513=CARTESIAN_POINT('Ctrl Pts',(76.5794980334022,-358.567029884439,70.1035162724943));
#5514=CARTESIAN_POINT('Ctrl Pts',(71.7041725073555,-349.65894324618,70.1035162724942));
#5515=CARTESIAN_POINT('Ctrl Pts',(74.2435676508643,-343.933416853815,70.1035162724942));
#5516=CARTESIAN_POINT('',(80.6869205767371,-341.740793566996,70.1035162724942));
#5517=CARTESIAN_POINT('Ctrl Pts',(74.2435676508643,-343.933416853815,70.1035162724942));
#5518=CARTESIAN_POINT('Ctrl Pts',(76.7939230265357,-343.693390516382,70.1035162724942));
#5519=CARTESIAN_POINT('Ctrl Pts',(78.3084952589729,-343.303574339396,70.1035162724942));
#5520=CARTESIAN_POINT('Ctrl Pts',(80.6869205767371,-341.740793566996,70.1035162724942));
#5521=CARTESIAN_POINT('',(84.1243680262305,-342.791135414606,70.1035162724943));
#5522=CARTESIAN_POINT('Ctrl Pts',(80.6869205767371,-341.740793566996,70.1035162724942));
#5523=CARTESIAN_POINT('Ctrl Pts',(81.9983851484992,-343.378345647532,70.1035162724943));
#5524=CARTESIAN_POINT('Ctrl Pts',(84.1243680262305,-342.791135414606,70.1035162724943));
#5525=CARTESIAN_POINT('',(85.4117970011451,-339.258726755625,70.1035162724943));
#5526=CARTESIAN_POINT('Ctrl Pts',(84.1243680262305,-342.791135414606,70.1035162724943));
#5527=CARTESIAN_POINT('Ctrl Pts',(84.1005521834113,-341.470001665598,70.1035162724943));
#5528=CARTESIAN_POINT('Ctrl Pts',(84.4631188608863,-339.410137281138,70.1035162724943));
#5529=CARTESIAN_POINT('Ctrl Pts',(85.4117970011451,-339.258726755625,70.1035162724943));
#5530=CARTESIAN_POINT('',(94.5275511961677,-342.209528909403,70.1035162724943));
#5531=CARTESIAN_POINT('Ctrl Pts',(85.4117970011451,-339.258726755625,70.1035162724943));
#5532=CARTESIAN_POINT('Ctrl Pts',(88.1370216448524,-338.823833533579,70.1035162724943));
#5533=CARTESIAN_POINT('Ctrl Pts',(92.126573621247,-340.791483633905,70.1035162724943));
#5534=CARTESIAN_POINT('Ctrl Pts',(94.5275511961677,-342.209528909403,70.1035162724943));
#5535=CARTESIAN_POINT('',(94.6607113247087,-342.108440253098,70.1035162724943));
#5536=CARTESIAN_POINT('Ctrl Pts',(94.5275511961677,-342.209528909403,70.1035162724943));
#5537=CARTESIAN_POINT('Ctrl Pts',(94.5719803642247,-342.175976916234,70.1035162724943));
#5538=CARTESIAN_POINT('Ctrl Pts',(94.6163672709318,-342.142273599585,70.1035162724943));
#5539=CARTESIAN_POINT('Ctrl Pts',(94.6607113247087,-342.108440253098,70.1035162724943));
#5540=CARTESIAN_POINT('',(103.380861922044,-346.193182047051,70.1035162724944));
#5541=CARTESIAN_POINT('Origin',(113.726393429487,-312.757123998464,70.1035162724944));
#5542=CARTESIAN_POINT('',(120.888939130941,-347.016399225394,70.1035162724945));
#5543=CARTESIAN_POINT('Ctrl Pts',(103.380861922044,-346.193182047051,70.1035162724944));
#5544=CARTESIAN_POINT('Ctrl Pts',(107.725379384612,-349.886770720349,70.1035162724944));
#5545=CARTESIAN_POINT('Ctrl Pts',(114.675788259868,-349.26420155308,70.1035162724945));
#5546=CARTESIAN_POINT('Ctrl Pts',(120.888939130941,-347.016399225394,70.1035162724945));
#5547=CARTESIAN_POINT('',(126.659278130757,-345.280046580908,70.1035162724946));
#5548=CARTESIAN_POINT('Origin',(113.726393429487,-312.757123998464,70.1035162724944));
#5549=CARTESIAN_POINT('',(137.996183071477,-355.415002713761,70.1035162724947));
#5550=CARTESIAN_POINT('',(115.351103616036,-335.170774848577,70.1035162724945));
#5551=CARTESIAN_POINT('',(142.489739244008,-340.527916264318,70.1035162724947));
#5552=CARTESIAN_POINT('',(131.079338491032,-378.330408524404,70.1035162724947));
#5553=CARTESIAN_POINT('',(128.979342353733,-328.449903743586,70.1035162724945));
#5554=CARTESIAN_POINT('',(141.329672339795,-358.709008769351,70.1035162724947));
#5555=CARTESIAN_POINT('',(87.774459837692,-381.667174094479,70.1035162724944));
#5556=CARTESIAN_POINT('',(142.855146187146,-360.072750514171,70.1035162724947));
#5557=CARTESIAN_POINT('',(122.082125237591,-341.502103836666,70.1035162724945));
#5558=CARTESIAN_POINT('',(142.923925914643,-366.202301190668,70.1035162724947));
#5559=CARTESIAN_POINT('Ctrl Pts',(142.923925914643,-366.202301190668,70.1035162724947));
#5560=CARTESIAN_POINT('Ctrl Pts',(142.478995545108,-363.90523640572,70.1035162724947));
#5561=CARTESIAN_POINT('Ctrl Pts',(142.494976058147,-361.870480163975,70.1035162724947));
#5562=CARTESIAN_POINT('Ctrl Pts',(142.855146187146,-360.072750514171,70.1035162724947));
#5563=CARTESIAN_POINT('',(142.79105713527,-370.092414469248,70.1035162724948));
#5564=CARTESIAN_POINT('Ctrl Pts',(142.79105713527,-370.092414469248,70.1035162724948));
#5565=CARTESIAN_POINT('Ctrl Pts',(143.448204087708,-369.037265502268,70.1035162724948));
#5566=CARTESIAN_POINT('Ctrl Pts',(143.348682982133,-368.294249663263,70.1035162724948));
#5567=CARTESIAN_POINT('Ctrl Pts',(142.923925914643,-366.202301190668,70.1035162724947));
#5568=CARTESIAN_POINT('',(137.968802207062,-373.738957876688,70.1035162724947));
#5569=CARTESIAN_POINT('Ctrl Pts',(137.968802207062,-373.738957876688,70.1035162724947));
#5570=CARTESIAN_POINT('Ctrl Pts',(139.538532700608,-373.323897455698,70.1035162724947));
#5571=CARTESIAN_POINT('Ctrl Pts',(141.053462033341,-372.356128184229,70.1035162724948));
#5572=CARTESIAN_POINT('Ctrl Pts',(142.79105713527,-370.092414469248,70.1035162724948));
#5573=CARTESIAN_POINT('',(143.542107332085,-377.283619887927,70.1035162724948));
#5574=CARTESIAN_POINT('Ctrl Pts',(143.542107332085,-377.283619887928,70.1035162724948));
#5575=CARTESIAN_POINT('Ctrl Pts',(141.122495488814,-376.938316520793,70.1035162724948));
#5576=CARTESIAN_POINT('Ctrl Pts',(139.039503741908,-375.462034145645,70.1035162724947));
#5577=CARTESIAN_POINT('Ctrl Pts',(137.968802207062,-373.738957876688,70.1035162724947));
#5578=CARTESIAN_POINT('',(141.808482021623,-394.962928810426,70.1035162724948));
#5579=CARTESIAN_POINT('Origin',(159.814289410878,-387.803916686331,70.1035162724949));
#5580=CARTESIAN_POINT('',(123.15161215503,-382.43599824,70.1035162724947));
#5581=CARTESIAN_POINT('Ctrl Pts',(141.808482021623,-394.962928810426,70.1035162724948));
#5582=CARTESIAN_POINT('Ctrl Pts',(133.531361496621,-393.920508979775,70.1035162724948));
#5583=CARTESIAN_POINT('Ctrl Pts',(126.305428412378,-388.86710114823,70.1035162724947));
#5584=CARTESIAN_POINT('Ctrl Pts',(123.15161215503,-382.43599824,70.1035162724947));
#5585=CARTESIAN_POINT('',(113.890298385499,-385.161799738031,70.1035162724946));
#5586=CARTESIAN_POINT('Ctrl Pts',(123.15161215503,-382.43599824,70.1035162724947));
#5587=CARTESIAN_POINT('Ctrl Pts',(121.653741228745,-383.665384682184,70.1035162724947));
#5588=CARTESIAN_POINT('Ctrl Pts',(117.749343938325,-385.037940873819,70.1035162724946));
#5589=CARTESIAN_POINT('Ctrl Pts',(113.890298385499,-385.161799738031,70.1035162724946));
#5590=CARTESIAN_POINT('',(112.429208789704,-362.827813270289,70.1035162724945));
#5591=CARTESIAN_POINT('Ctrl Pts',(113.890298385499,-385.161799738031,70.1035162724946));
#5592=CARTESIAN_POINT('Ctrl Pts',(111.940832931016,-381.843211748606,70.1035162724946));
#5593=CARTESIAN_POINT('Ctrl Pts',(109.354547771714,-371.303149288279,70.1035162724945));
#5594=CARTESIAN_POINT('Ctrl Pts',(112.429208789704,-362.827813270289,70.1035162724945));
#5595=CARTESIAN_POINT('',(84.3457904019707,-364.310047808642,70.1035162724943));
#5596=CARTESIAN_POINT('Ctrl Pts',(112.429208789704,-362.827813270289,70.1035162724945));
#5597=CARTESIAN_POINT('Ctrl Pts',(106.206453978113,-367.764531724866,70.1035162724945));
#5598=CARTESIAN_POINT('Ctrl Pts',(94.8714785517736,-371.090601804259,70.1035162724944));
#5599=CARTESIAN_POINT('Ctrl Pts',(84.3457904019709,-364.310047808642,70.1035162724943));
#5600=CARTESIAN_POINT('',(84.0292420012214,-364.102908550364,70.1035162724943));
#5601=CARTESIAN_POINT('Ctrl Pts',(84.0292420012214,-364.102908550364,70.1035162724943));
#5602=CARTESIAN_POINT('Ctrl Pts',(84.1351293940127,-364.171953118775,70.1035162724943));
#5603=CARTESIAN_POINT('Ctrl Pts',(84.2406449588256,-364.24099993929,70.1035162724943));
#5604=CARTESIAN_POINT('Ctrl Pts',(84.3457904019707,-364.310047808642,70.1035162724943));
#5605=CARTESIAN_POINT('Ctrl Pts',(84.3457904019709,-364.310047808642,70.1035162724943));
#5606=CARTESIAN_POINT('Ctrl Pts',(84.2401908186383,-364.242021503234,70.1035162724943));
#5607=CARTESIAN_POINT('Ctrl Pts',(84.1346726918767,-364.172977943552,70.1035162724943));
#5608=CARTESIAN_POINT('Ctrl Pts',(84.0292420012214,-364.102908550364,70.1035162724943));
#5609=CARTESIAN_POINT('',(114.868423565552,-394.418059164911,70.1035162724947));
#5610=CARTESIAN_POINT('Ctrl Pts',(84.3457904019707,-364.310047808642,70.1035162724943));
#5611=CARTESIAN_POINT('Ctrl Pts',(102.975781305473,-376.54416028624,70.1035162724945));
#5612=CARTESIAN_POINT('Ctrl Pts',(109.98623356198,-388.81119981216,70.1035162724946));
#5613=CARTESIAN_POINT('Ctrl Pts',(114.868423565552,-394.418059164911,70.1035162724947));
#5614=CARTESIAN_POINT('',(143.931164645753,-398.902876188346,70.1035162724949));
#5615=CARTESIAN_POINT('Ctrl Pts',(114.868423565552,-394.418059164911,70.1035162724947));
#5616=CARTESIAN_POINT('Ctrl Pts',(119.474312922273,-401.890546641413,70.1035162724947));
#5617=CARTESIAN_POINT('Ctrl Pts',(135.05341183885,-408.214861834037,70.1035162724949));
#5618=CARTESIAN_POINT('Ctrl Pts',(143.931164645753,-398.902876188346,70.1035162724949));
#5619=CARTESIAN_POINT('',(145.368456029114,-400.718189884549,70.1035162724949));
#5620=CARTESIAN_POINT('Origin',(159.814289410878,-387.803916686331,70.1035162724949));
#5621=CARTESIAN_POINT('',(151.614213813004,-407.704659421323,70.1035162724949));
#5622=CARTESIAN_POINT('',(141.084994907706,-395.92673436031,70.1035162724948));
#5623=CARTESIAN_POINT('',(149.674883052736,-409.438380598768,70.1035162724949));
#5624=CARTESIAN_POINT('',(116.734375566262,-438.88650600116,70.1035162724948));
#5625=CARTESIAN_POINT('',(145.65132062938,-407.97188330813,70.1035162724949));
#5626=CARTESIAN_POINT('Ctrl Pts',(149.674883052736,-409.438380598768,70.1035162724949));
#5627=CARTESIAN_POINT('Ctrl Pts',(148.306700139565,-408.669416233809,70.1035162724949));
#5628=CARTESIAN_POINT('Ctrl Pts',(146.882335086566,-408.148333361194,70.1035162724949));
#5629=CARTESIAN_POINT('Ctrl Pts',(145.65132062938,-407.97188330813,70.1035162724949));
#5630=CARTESIAN_POINT('Ctrl Pts',(145.65132062938,-407.97188330813,70.1035162724949));
#5631=CARTESIAN_POINT('Ctrl Pts',(141.562934278748,-413.453235505777,70.1035162724949));
#5632=CARTESIAN_POINT('Ctrl Pts',(129.01429253032,-412.144572797876,70.1035162724948));
#5633=CARTESIAN_POINT('Ctrl Pts',(123.135267949174,-407.423706884485,70.1035162724948));
#5634=CARTESIAN_POINT('',(155.859596420627,-423.127544155048,70.103516272495));
#5635=CARTESIAN_POINT('',(95.1891790867086,-397.119217300927,70.1035162724945));
#5636=CARTESIAN_POINT('',(155.724066139856,-423.248705394157,70.103516272495));
#5637=CARTESIAN_POINT('',(122.088934830699,-453.317809979893,70.1035162724949));
#5638=CARTESIAN_POINT('',(151.059000289033,-424.118804985529,70.103516272495));
#5639=CARTESIAN_POINT('Ctrl Pts',(155.724066139856,-423.248705394157,70.103516272495));
#5640=CARTESIAN_POINT('Ctrl Pts',(153.829018351803,-424.002821782938,70.103516272495));
#5641=CARTESIAN_POINT('Ctrl Pts',(152.069054394224,-424.165612135448,70.103516272495));
#5642=CARTESIAN_POINT('Ctrl Pts',(151.059000289033,-424.118804985529,70.103516272495));
#5643=CARTESIAN_POINT('Ctrl Pts',(151.059000289033,-424.118804985529,70.103516272495));
#5644=CARTESIAN_POINT('Ctrl Pts',(151.418984856675,-424.93093346644,70.103516272495));
#5645=CARTESIAN_POINT('Ctrl Pts',(151.4125845206,-426.001382807642,70.103516272495));
#5646=CARTESIAN_POINT('Ctrl Pts',(150.902562890122,-426.783144028765,70.103516272495));
#5647=CARTESIAN_POINT('',(137.996183071477,-420.192830658901,70.1035162724949));
#5648=CARTESIAN_POINT('',(128.94696182275,-390.212891862659,70.1035162724947));
#5649=CARTESIAN_POINT('',(134.517211680318,-423.302958389636,70.1035162724949));
#5650=CARTESIAN_POINT('',(109.477172210951,-445.688230464681,70.1035162724948));
#5651=CARTESIAN_POINT('Ctrl Pts',(134.517211680318,-423.302958389636,70.1035162724949));
#5652=CARTESIAN_POINT('Ctrl Pts',(131.450232936949,-421.521077256767,70.1035162724949));
#5653=CARTESIAN_POINT('Ctrl Pts',(128.785938497598,-419.350080157823,70.1035162724948));
#5654=CARTESIAN_POINT('Ctrl Pts',(126.932892251084,-417.285113966852,70.1035162724948));
#5655=CARTESIAN_POINT('',(-18.8145190042221,-403.165307889815,70.1035162724938));
#5656=CARTESIAN_POINT('Origin',(-20.3145190042221,-403.165307889815,70.1035162724938));
#5657=CARTESIAN_POINT('',(-69.1292619912408,-352.846557834726,70.1035162724933));
#5658=CARTESIAN_POINT('',(-39.2511197312615,-355.440342100245,70.1035162724935));
#5659=CARTESIAN_POINT('Ctrl Pts',(-69.1292619912408,-352.846557834726,70.1035162724933));
#5660=CARTESIAN_POINT('Ctrl Pts',(-59.68816195729,-361.963630553919,70.1035162724934));
#5661=CARTESIAN_POINT('Ctrl Pts',(-46.1582772685311,-359.555538442331,70.1035162724935));
#5662=CARTESIAN_POINT('Ctrl Pts',(-39.2511197312615,-355.440342100245,70.1035162724935));
#5663=CARTESIAN_POINT('',(-48.4071575866006,-348.100392738825,70.1035162724934));
#5664=CARTESIAN_POINT('Ctrl Pts',(-39.2511197312615,-355.440342100245,70.1035162724935));
#5665=CARTESIAN_POINT('Ctrl Pts',(-40.9158389035485,-350.122019922358,70.1035162724935));
#5666=CARTESIAN_POINT('Ctrl Pts',(-44.208399775245,-347.770239780527,70.1035162724934));
#5667=CARTESIAN_POINT('Ctrl Pts',(-48.4071575866006,-348.100392738825,70.1035162724934));
#5668=CARTESIAN_POINT('Ctrl Pts',(-48.4071575866006,-348.100392738825,70.1035162724934));
#5669=CARTESIAN_POINT('Ctrl Pts',(-52.495557671859,-353.581717467218,70.1035162724934));
#5670=CARTESIAN_POINT('Ctrl Pts',(-62.8564381913446,-356.604818696314,70.1035162724933));
#5671=CARTESIAN_POINT('Ctrl Pts',(-69.1292619912408,-352.846557834726,70.1035162724933));
#5672=CARTESIAN_POINT('',(76.0040549091755,-402.165307889815,70.1035162724944));
#5673=CARTESIAN_POINT('Origin',(74.5040549091755,-402.165307889815,70.1035162724944));
#5674=CARTESIAN_POINT('',(76.0040549092012,-366.165307889815,70.1035162724943));
#5675=CARTESIAN_POINT('Origin',(74.5040549092012,-366.165307889815,70.1035162724943));
#5676=CARTESIAN_POINT('',(96.123212665055,-348.100392738825,70.1035162724944));
#5677=CARTESIAN_POINT('',(86.9671885443427,-355.440342100245,70.1035162724943));
#5678=CARTESIAN_POINT('Ctrl Pts',(96.123212665055,-348.100392738825,70.1035162724944));
#5679=CARTESIAN_POINT('Ctrl Pts',(91.9244548536994,-347.770239780527,70.1035162724943));
#5680=CARTESIAN_POINT('Ctrl Pts',(88.6318802473762,-350.122019922358,70.1035162724943));
#5681=CARTESIAN_POINT('Ctrl Pts',(86.9671885443427,-355.440342100245,70.1035162724943));
#5682=CARTESIAN_POINT('',(116.845303335068,-352.846557834726,70.1035162724945));
#5683=CARTESIAN_POINT('Ctrl Pts',(86.9671885443427,-355.440342100245,70.1035162724943));
#5684=CARTESIAN_POINT('Ctrl Pts',(93.8743323469856,-359.555538442331,70.1035162724944));
#5685=CARTESIAN_POINT('Ctrl Pts',(107.404230770371,-361.963630553919,70.1035162724945));
#5686=CARTESIAN_POINT('Ctrl Pts',(116.845303335068,-352.846557834726,70.1035162724945));
#5687=CARTESIAN_POINT('Ctrl Pts',(116.845303335068,-352.846557834726,70.1035162724945));
#5688=CARTESIAN_POINT('Ctrl Pts',(110.572479535172,-356.604818696314,70.1035162724945));
#5689=CARTESIAN_POINT('Ctrl Pts',(100.211599015687,-353.581717467218,70.1035162724944));
#5690=CARTESIAN_POINT('Ctrl Pts',(96.123212665055,-348.100392738825,70.1035162724944));
#5691=CARTESIAN_POINT('Origin',(27.1854809957779,-388.217458141463,70.103516272494));
#5692=CARTESIAN_POINT('',(-91.0673275529321,-432.443974749548,70.1035162724934));
#5693=CARTESIAN_POINT('',(-88.118777252452,-435.079917108343,70.1035162724934));
#5694=CARTESIAN_POINT('',(-74.4029014274531,-447.341623503245,70.1035162724936));
#5695=CARTESIAN_POINT('',(-85.5765298813654,-426.657488426892,70.1035162724934));
#5696=CARTESIAN_POINT('Ctrl Pts',(-85.5765298813654,-426.657488426892,70.1035162724934));
#5697=CARTESIAN_POINT('Ctrl Pts',(-87.3235549779982,-428.659068667701,70.1035162724934));
#5698=CARTESIAN_POINT('Ctrl Pts',(-89.2402281495753,-430.681263172596,70.1035162724934));
#5699=CARTESIAN_POINT('Ctrl Pts',(-91.0673275529321,-432.443974749548,70.1035162724934));
#5700=CARTESIAN_POINT('',(-76.8227779174599,-397.656435087381,70.1035162724934));
#5701=CARTESIAN_POINT('Ctrl Pts',(-95.2079120400689,-366.202301190668,70.1035162724932));
#5702=CARTESIAN_POINT('Ctrl Pts',(-95.2079120400689,-366.202301190668,68.1035162724932));
#5703=CARTESIAN_POINT('Ctrl Pts',(-92.7676809018396,-353.603995031839,70.1035162724931));
#5704=CARTESIAN_POINT('Ctrl Pts',(-92.7676809018395,-353.603995031839,68.1035162724931));
#5705=CARTESIAN_POINT('Ctrl Pts',(-104.191649002578,-348.895929790598,70.103516272493));
#5706=CARTESIAN_POINT('Ctrl Pts',(-104.191649002578,-348.895929790598,68.103516272493));
#5707=CARTESIAN_POINT('Ctrl Pts',(-110.223759733703,-347.907228947931,70.103516272493));
#5708=CARTESIAN_POINT('Ctrl Pts',(-110.223759733703,-347.907228947931,68.103516272493));
#5709=CARTESIAN_POINT('',(-95.1807526826768,-366.05934281711,68.1035162724932));
#5710=CARTESIAN_POINT('Ctrl Pts',(-95.1807526826768,-366.05934281711,70.1035162724932));
#5711=CARTESIAN_POINT('Ctrl Pts',(-95.1807526826768,-366.05934281711,69.7701829391598));
#5712=CARTESIAN_POINT('Ctrl Pts',(-95.1807526826768,-366.05934281711,69.4368496058265));
#5713=CARTESIAN_POINT('Ctrl Pts',(-95.1807526826768,-366.05934281711,68.7701829391598));
#5714=CARTESIAN_POINT('Ctrl Pts',(-95.1807526826768,-366.05934281711,68.4368496058265));
#5715=CARTESIAN_POINT('Ctrl Pts',(-95.1807526826768,-366.05934281711,68.1035162724932));
#5716=CARTESIAN_POINT('',(-95.2079120400689,-366.202301190668,68.1035162724932));
#5717=CARTESIAN_POINT('',(-95.2079120400689,-366.202301190668,70.1035162724932));
#5718=CARTESIAN_POINT('Ctrl Pts',(-95.1807526826768,-366.05934281711,68.1035162724932));
#5719=CARTESIAN_POINT('Ctrl Pts',(-95.1896071998981,-366.106882335514,68.1035162724932));
#5720=CARTESIAN_POINT('Ctrl Pts',(-95.1986599691883,-366.154535050924,68.1035162724932));
#5721=CARTESIAN_POINT('Ctrl Pts',(-95.2079120400689,-366.202301190668,68.1035162724932));
#5722=CARTESIAN_POINT('Ctrl Pts',(-95.2079120400689,-366.202301190668,70.1035162724932));
#5723=CARTESIAN_POINT('Ctrl Pts',(-95.2079120400689,-366.202301190668,68.1035162724932));
#5724=CARTESIAN_POINT('Ctrl Pts',(-92.7676809018396,-353.603995031839,70.1035162724931));
#5725=CARTESIAN_POINT('Ctrl Pts',(-92.7676809018395,-353.603995031839,68.1035162724931));
#5726=CARTESIAN_POINT('Ctrl Pts',(-104.191649002578,-348.895929790598,70.103516272493));
#5727=CARTESIAN_POINT('Ctrl Pts',(-104.191649002578,-348.895929790598,68.103516272493));
#5728=CARTESIAN_POINT('Ctrl Pts',(-110.223759733703,-347.907228947931,70.103516272493));
#5729=CARTESIAN_POINT('Ctrl Pts',(-110.223759733703,-347.907228947931,68.103516272493));
#5730=CARTESIAN_POINT('',(-100.70198046694,-351.77703701257,68.1035162724931));
#5731=CARTESIAN_POINT('Ctrl Pts',(-100.70198046694,-351.77703701257,70.1035162724931));
#5732=CARTESIAN_POINT('Ctrl Pts',(-100.70198046694,-351.77703701257,69.7701829391597));
#5733=CARTESIAN_POINT('Ctrl Pts',(-100.70198046694,-351.77703701257,69.4368496058264));
#5734=CARTESIAN_POINT('Ctrl Pts',(-100.70198046694,-351.77703701257,68.7701829391597));
#5735=CARTESIAN_POINT('Ctrl Pts',(-100.70198046694,-351.77703701257,68.4368496058264));
#5736=CARTESIAN_POINT('Ctrl Pts',(-100.70198046694,-351.77703701257,68.1035162724931));
#5737=CARTESIAN_POINT('',(-98.3911516035601,-353.808124912357,68.1035162724931));
#5738=CARTESIAN_POINT('Ctrl Pts',(-98.3911516035602,-353.808124912357,68.1035162724931));
#5739=CARTESIAN_POINT('Ctrl Pts',(-98.3911516035602,-353.808124912357,68.4368496058264));
#5740=CARTESIAN_POINT('Ctrl Pts',(-98.3911516035602,-353.808124912357,68.7701829391598));
#5741=CARTESIAN_POINT('Ctrl Pts',(-98.3911516035602,-353.808124912357,69.4368496058264));
#5742=CARTESIAN_POINT('Ctrl Pts',(-98.3911516035602,-353.808124912357,69.7701829391598));
#5743=CARTESIAN_POINT('Ctrl Pts',(-98.3911516035602,-353.808124912357,70.1035162724931));
#5744=CARTESIAN_POINT('Ctrl Pts',(-100.70198046694,-351.77703701257,68.1035162724931));
#5745=CARTESIAN_POINT('Ctrl Pts',(-99.8782016920888,-352.375348549467,68.1035162724931));
#5746=CARTESIAN_POINT('Ctrl Pts',(-99.0975926515925,-353.050139767276,68.1035162724931));
#5747=CARTESIAN_POINT('Ctrl Pts',(-98.3911516035601,-353.808124912357,68.1035162724931));
#5748=CARTESIAN_POINT('Ctrl Pts',(-48.4071575866006,-348.100392738825,70.1035162724934));
#5749=CARTESIAN_POINT('Ctrl Pts',(-48.4071575866006,-348.100392738825,68.1035162724934));
#5750=CARTESIAN_POINT('Ctrl Pts',(-52.495557671859,-353.581717467218,70.1035162724934));
#5751=CARTESIAN_POINT('Ctrl Pts',(-52.495557671859,-353.581717467218,68.1035162724934));
#5752=CARTESIAN_POINT('Ctrl Pts',(-62.8564381913446,-356.604818696314,70.1035162724933));
#5753=CARTESIAN_POINT('Ctrl Pts',(-62.8564381913445,-356.604818696314,68.1035162724933));
#5754=CARTESIAN_POINT('Ctrl Pts',(-69.1292619912408,-352.846557834726,70.1035162724933));
#5755=CARTESIAN_POINT('Ctrl Pts',(-69.1292619912408,-352.846557834726,68.1035162724933));
#5756=CARTESIAN_POINT('',(-48.4071575866006,-348.100392738825,68.1035162724934));
#5757=CARTESIAN_POINT('',(-48.4071575866006,-348.100392738825,70.1035162724934));
#5758=CARTESIAN_POINT('',(-69.1292619912408,-352.846557834726,68.1035162724933));
#5759=CARTESIAN_POINT('Ctrl Pts',(-69.1292619912408,-352.846557834726,68.1035162724933));
#5760=CARTESIAN_POINT('Ctrl Pts',(-62.8564381913446,-356.604818696314,68.1035162724933));
#5761=CARTESIAN_POINT('Ctrl Pts',(-52.495557671859,-353.581717467218,68.1035162724934));
#5762=CARTESIAN_POINT('Ctrl Pts',(-48.4071575866006,-348.100392738825,68.1035162724934));
#5763=CARTESIAN_POINT('',(-69.1292619912408,-352.846557834726,70.1035162724933));
#5764=CARTESIAN_POINT('Ctrl Pts',(-39.2511197312615,-355.440342100245,70.1035162724935));
#5765=CARTESIAN_POINT('Ctrl Pts',(-39.2511197312615,-355.440342100245,68.1035162724935));
#5766=CARTESIAN_POINT('Ctrl Pts',(-40.9158389035485,-350.122019922358,70.1035162724935));
#5767=CARTESIAN_POINT('Ctrl Pts',(-40.9158389035485,-350.122019922358,68.1035162724935));
#5768=CARTESIAN_POINT('Ctrl Pts',(-44.208399775245,-347.770239780527,70.1035162724934));
#5769=CARTESIAN_POINT('Ctrl Pts',(-44.208399775245,-347.770239780527,68.1035162724934));
#5770=CARTESIAN_POINT('Ctrl Pts',(-48.4071575866006,-348.100392738825,70.1035162724934));
#5771=CARTESIAN_POINT('Ctrl Pts',(-48.4071575866006,-348.100392738825,68.1035162724934));
#5772=CARTESIAN_POINT('',(-39.2511197312615,-355.440342100245,68.1035162724935));
#5773=CARTESIAN_POINT('',(-39.2511197312615,-355.440342100245,70.1035162724935));
#5774=CARTESIAN_POINT('Ctrl Pts',(-48.4071575866006,-348.100392738825,68.1035162724934));
#5775=CARTESIAN_POINT('Ctrl Pts',(-44.208399775245,-347.770239780527,68.1035162724934));
#5776=CARTESIAN_POINT('Ctrl Pts',(-40.9158389035485,-350.122019922358,68.1035162724935));
#5777=CARTESIAN_POINT('Ctrl Pts',(-39.2511197312615,-355.440342100245,68.1035162724935));
#5778=CARTESIAN_POINT('Ctrl Pts',(-69.1292619912408,-352.846557834726,70.1035162724933));
#5779=CARTESIAN_POINT('Ctrl Pts',(-69.1292619912408,-352.846557834726,68.1035162724933));
#5780=CARTESIAN_POINT('Ctrl Pts',(-59.68816195729,-361.963630553919,70.1035162724934));
#5781=CARTESIAN_POINT('Ctrl Pts',(-59.6881619572899,-361.963630553919,68.1035162724934));
#5782=CARTESIAN_POINT('Ctrl Pts',(-46.1582772685311,-359.555538442331,70.1035162724935));
#5783=CARTESIAN_POINT('Ctrl Pts',(-46.1582772685311,-359.555538442331,68.1035162724935));
#5784=CARTESIAN_POINT('Ctrl Pts',(-39.2511197312615,-355.440342100245,70.1035162724935));
#5785=CARTESIAN_POINT('Ctrl Pts',(-39.2511197312615,-355.440342100245,68.1035162724935));
#5786=CARTESIAN_POINT('Ctrl Pts',(-39.2511197312615,-355.440342100245,68.1035162724935));
#5787=CARTESIAN_POINT('Ctrl Pts',(-46.1582772685311,-359.555538442331,68.1035162724935));
#5788=CARTESIAN_POINT('Ctrl Pts',(-59.68816195729,-361.963630553919,68.1035162724934));
#5789=CARTESIAN_POINT('Ctrl Pts',(-69.1292619912408,-352.846557834726,68.1035162724933));
#5790=CARTESIAN_POINT('Ctrl Pts',(116.845303335068,-352.846557834726,70.1035162724945));
#5791=CARTESIAN_POINT('Ctrl Pts',(116.845303335068,-352.846557834726,68.1035162724945));
#5792=CARTESIAN_POINT('Ctrl Pts',(110.572479535172,-356.604818696314,70.1035162724945));
#5793=CARTESIAN_POINT('Ctrl Pts',(110.572479535172,-356.604818696314,68.1035162724945));
#5794=CARTESIAN_POINT('Ctrl Pts',(100.211599015687,-353.581717467218,70.1035162724944));
#5795=CARTESIAN_POINT('Ctrl Pts',(100.211599015687,-353.581717467218,68.1035162724944));
#5796=CARTESIAN_POINT('Ctrl Pts',(96.123212665055,-348.100392738825,70.1035162724944));
#5797=CARTESIAN_POINT('Ctrl Pts',(96.123212665055,-348.100392738825,68.1035162724944));
#5798=CARTESIAN_POINT('',(116.845303335068,-352.846557834726,68.1035162724945));
#5799=CARTESIAN_POINT('',(116.845303335068,-352.846557834726,70.1035162724945));
#5800=CARTESIAN_POINT('',(96.123212665055,-348.100392738825,68.1035162724944));
#5801=CARTESIAN_POINT('Ctrl Pts',(96.123212665055,-348.100392738825,68.1035162724944));
#5802=CARTESIAN_POINT('Ctrl Pts',(100.211599015687,-353.581717467218,68.1035162724944));
#5803=CARTESIAN_POINT('Ctrl Pts',(110.572479535172,-356.604818696314,68.1035162724945));
#5804=CARTESIAN_POINT('Ctrl Pts',(116.845303335068,-352.846557834726,68.1035162724945));
#5805=CARTESIAN_POINT('',(96.123212665055,-348.100392738825,70.1035162724944));
#5806=CARTESIAN_POINT('Ctrl Pts',(86.9671885443427,-355.440342100245,70.1035162724943));
#5807=CARTESIAN_POINT('Ctrl Pts',(86.9671885443427,-355.440342100245,68.1035162724943));
#5808=CARTESIAN_POINT('Ctrl Pts',(93.8743323469856,-359.555538442331,70.1035162724944));
#5809=CARTESIAN_POINT('Ctrl Pts',(93.8743323469856,-359.555538442331,68.1035162724944));
#5810=CARTESIAN_POINT('Ctrl Pts',(107.404230770371,-361.963630553919,70.1035162724945));
#5811=CARTESIAN_POINT('Ctrl Pts',(107.404230770371,-361.963630553919,68.1035162724945));
#5812=CARTESIAN_POINT('Ctrl Pts',(116.845303335068,-352.846557834726,70.1035162724945));
#5813=CARTESIAN_POINT('Ctrl Pts',(116.845303335068,-352.846557834726,68.1035162724945));
#5814=CARTESIAN_POINT('',(86.9671885443428,-355.440342100245,68.1035162724943));
#5815=CARTESIAN_POINT('',(86.9671885443427,-355.440342100245,70.1035162724943));
#5816=CARTESIAN_POINT('Ctrl Pts',(116.845303335068,-352.846557834726,68.1035162724945));
#5817=CARTESIAN_POINT('Ctrl Pts',(107.404230770371,-361.963630553919,68.1035162724945));
#5818=CARTESIAN_POINT('Ctrl Pts',(93.8743323469856,-359.555538442331,68.1035162724944));
#5819=CARTESIAN_POINT('Ctrl Pts',(86.9671885443428,-355.440342100245,68.1035162724943));
#5820=CARTESIAN_POINT('Ctrl Pts',(96.123212665055,-348.100392738825,70.1035162724944));
#5821=CARTESIAN_POINT('Ctrl Pts',(96.123212665055,-348.100392738825,68.1035162724944));
#5822=CARTESIAN_POINT('Ctrl Pts',(91.9244548536994,-347.770239780527,70.1035162724943));
#5823=CARTESIAN_POINT('Ctrl Pts',(91.9244548536994,-347.770239780527,68.1035162724943));
#5824=CARTESIAN_POINT('Ctrl Pts',(88.6318802473762,-350.122019922358,70.1035162724943));
#5825=CARTESIAN_POINT('Ctrl Pts',(88.6318802473762,-350.122019922358,68.1035162724943));
#5826=CARTESIAN_POINT('Ctrl Pts',(86.9671885443427,-355.440342100245,70.1035162724943));
#5827=CARTESIAN_POINT('Ctrl Pts',(86.9671885443427,-355.440342100245,68.1035162724943));
#5828=CARTESIAN_POINT('Ctrl Pts',(86.9671885443428,-355.440342100245,68.1035162724943));
#5829=CARTESIAN_POINT('Ctrl Pts',(88.6318802473762,-350.122019922358,68.1035162724943));
#5830=CARTESIAN_POINT('Ctrl Pts',(91.9244548536994,-347.770239780527,68.1035162724943));
#5831=CARTESIAN_POINT('Ctrl Pts',(96.123212665055,-348.100392738825,68.1035162724944));
#5832=CARTESIAN_POINT('Ctrl Pts',(145.65132062938,-407.97188330813,70.1035162724949));
#5833=CARTESIAN_POINT('Ctrl Pts',(145.65132062938,-407.97188330813,68.1035162724949));
#5834=CARTESIAN_POINT('Ctrl Pts',(141.562934278748,-413.453235505777,70.1035162724949));
#5835=CARTESIAN_POINT('Ctrl Pts',(141.562934278748,-413.453235505777,68.1035162724949));
#5836=CARTESIAN_POINT('Ctrl Pts',(129.01429253032,-412.144572797876,70.1035162724948));
#5837=CARTESIAN_POINT('Ctrl Pts',(129.01429253032,-412.144572797876,68.1035162724948));
#5838=CARTESIAN_POINT('Ctrl Pts',(123.135267949174,-407.423706884485,70.1035162724948));
#5839=CARTESIAN_POINT('Ctrl Pts',(123.135267949174,-407.423706884485,68.1035162724948));
#5840=CARTESIAN_POINT('',(145.65132062938,-407.97188330813,68.1035162724949));
#5841=CARTESIAN_POINT('',(145.65132062938,-407.97188330813,70.1035162724949));
#5842=CARTESIAN_POINT('Ctrl Pts',(123.135267949174,-407.423706884485,68.1035162724948));
#5843=CARTESIAN_POINT('Ctrl Pts',(129.01429253032,-412.144572797876,68.1035162724948));
#5844=CARTESIAN_POINT('Ctrl Pts',(141.562934278748,-413.453235505777,68.1035162724949));
#5845=CARTESIAN_POINT('Ctrl Pts',(145.65132062938,-407.97188330813,68.1035162724949));
#5846=CARTESIAN_POINT('Ctrl Pts',(154.282297437928,-413.649118752771,70.103516272495));
#5847=CARTESIAN_POINT('Ctrl Pts',(154.282297437928,-413.649118752771,68.103516272495));
#5848=CARTESIAN_POINT('Ctrl Pts',(152.486330172227,-410.693591887384,70.103516272495));
#5849=CARTESIAN_POINT('Ctrl Pts',(152.486330172227,-410.693591887384,68.103516272495));
#5850=CARTESIAN_POINT('Ctrl Pts',(148.537432691071,-408.385570266443,70.1035162724949));
#5851=CARTESIAN_POINT('Ctrl Pts',(148.537432691071,-408.385570266443,68.1035162724949));
#5852=CARTESIAN_POINT('Ctrl Pts',(145.65132062938,-407.97188330813,70.1035162724949));
#5853=CARTESIAN_POINT('Ctrl Pts',(145.65132062938,-407.97188330813,68.1035162724949));
#5854=CARTESIAN_POINT('',(149.674883052736,-409.438380598768,68.1035162724949));
#5855=CARTESIAN_POINT('Ctrl Pts',(149.674883052736,-409.438380598768,68.1035162724949));
#5856=CARTESIAN_POINT('Ctrl Pts',(149.674883052736,-409.438380598768,68.4368496058283));
#5857=CARTESIAN_POINT('Ctrl Pts',(149.674883052736,-409.438380598768,68.7701829391616));
#5858=CARTESIAN_POINT('Ctrl Pts',(149.674883052736,-409.438380598768,69.4368496058283));
#5859=CARTESIAN_POINT('Ctrl Pts',(149.674883052736,-409.438380598768,69.7701829391616));
#5860=CARTESIAN_POINT('Ctrl Pts',(149.674883052736,-409.438380598768,70.1035162724949));
#5861=CARTESIAN_POINT('Ctrl Pts',(145.65132062938,-407.97188330813,68.1035162724949));
#5862=CARTESIAN_POINT('Ctrl Pts',(146.882335086566,-408.148333361194,68.1035162724949));
#5863=CARTESIAN_POINT('Ctrl Pts',(148.306700139565,-408.669416233809,68.1035162724949));
#5864=CARTESIAN_POINT('Ctrl Pts',(149.674883052736,-409.438380598768,68.1035162724949));
#5865=CARTESIAN_POINT('Ctrl Pts',(-75.4355158726952,-382.43599824,70.1035162724933));
#5866=CARTESIAN_POINT('Ctrl Pts',(-75.4355158726952,-382.43599824,68.1035162724933));
#5867=CARTESIAN_POINT('Ctrl Pts',(-77.6059668094378,-386.861861679193,70.1035162724933));
#5868=CARTESIAN_POINT('Ctrl Pts',(-77.6059668094378,-386.861861679193,68.1035162724933));
#5869=CARTESIAN_POINT('Ctrl Pts',(-81.7050298656277,-390.635228586889,70.1035162724934));
#5870=CARTESIAN_POINT('Ctrl Pts',(-81.7050298656277,-390.635228586889,68.1035162724934));
#5871=CARTESIAN_POINT('Ctrl Pts',(-86.7480640727351,-392.89780348657,70.1035162724933));
#5872=CARTESIAN_POINT('Ctrl Pts',(-86.7480640727351,-392.89780348657,68.1035162724933));
#5873=CARTESIAN_POINT('',(-75.4355158726952,-382.43599824,68.1035162724933));
#5874=CARTESIAN_POINT('',(-75.4355158726952,-382.43599824,70.1035162724933));
#5875=CARTESIAN_POINT('',(-86.7480640727351,-392.89780348657,68.1035162724933));
#5876=CARTESIAN_POINT('Ctrl Pts',(-86.7480640727351,-392.89780348657,68.1035162724933));
#5877=CARTESIAN_POINT('Ctrl Pts',(-81.7050298656277,-390.635228586889,68.1035162724933));
#5878=CARTESIAN_POINT('Ctrl Pts',(-77.6059668094378,-386.861861679193,68.1035162724934));
#5879=CARTESIAN_POINT('Ctrl Pts',(-75.4355158726952,-382.43599824,68.1035162724933));
#5880=CARTESIAN_POINT('',(-86.7480640727351,-392.89780348657,70.1035162724933));
#5881=CARTESIAN_POINT('Ctrl Pts',(-66.1742158377908,-385.161799738031,70.1035162724934));
#5882=CARTESIAN_POINT('Ctrl Pts',(-66.1742158377907,-385.161799738031,68.1035162724934));
#5883=CARTESIAN_POINT('Ctrl Pts',(-70.0332476559899,-385.037940873819,70.1035162724934));
#5884=CARTESIAN_POINT('Ctrl Pts',(-70.0332476559899,-385.037940873819,68.1035162724934));
#5885=CARTESIAN_POINT('Ctrl Pts',(-73.9376449464105,-383.665384682184,70.1035162724934));
#5886=CARTESIAN_POINT('Ctrl Pts',(-73.9376449464104,-383.665384682184,68.1035162724934));
#5887=CARTESIAN_POINT('Ctrl Pts',(-75.4355158726952,-382.43599824,70.1035162724933));
#5888=CARTESIAN_POINT('Ctrl Pts',(-75.4355158726952,-382.43599824,68.1035162724933));
#5889=CARTESIAN_POINT('',(-66.1742158377908,-385.161799738031,68.1035162724934));
#5890=CARTESIAN_POINT('',(-66.1742158377908,-385.161799738031,70.1035162724934));
#5891=CARTESIAN_POINT('Ctrl Pts',(-75.4355158726952,-382.43599824,68.1035162724933));
#5892=CARTESIAN_POINT('Ctrl Pts',(-73.9376449464105,-383.665384682184,68.1035162724934));
#5893=CARTESIAN_POINT('Ctrl Pts',(-70.0332476559899,-385.037940873819,68.1035162724934));
#5894=CARTESIAN_POINT('Ctrl Pts',(-66.1742158377908,-385.161799738031,68.1035162724934));
#5895=CARTESIAN_POINT('Ctrl Pts',(-64.7131262419961,-362.827813270289,70.1035162724934));
#5896=CARTESIAN_POINT('Ctrl Pts',(-64.7131262419961,-362.827813270289,68.1035162724934));
#5897=CARTESIAN_POINT('Ctrl Pts',(-61.638465224006,-371.303149288279,70.1035162724934));
#5898=CARTESIAN_POINT('Ctrl Pts',(-61.6384652240059,-371.303149288279,68.1035162724934));
#5899=CARTESIAN_POINT('Ctrl Pts',(-64.2247366486809,-381.843211748606,70.1035162724934));
#5900=CARTESIAN_POINT('Ctrl Pts',(-64.2247366486809,-381.843211748606,68.1035162724934));
#5901=CARTESIAN_POINT('Ctrl Pts',(-66.1742158377908,-385.161799738031,70.1035162724934));
#5902=CARTESIAN_POINT('Ctrl Pts',(-66.1742158377907,-385.161799738031,68.1035162724934));
#5903=CARTESIAN_POINT('',(-64.7131262419961,-362.827813270289,68.1035162724934));
#5904=CARTESIAN_POINT('',(-64.7131262419961,-362.827813270289,70.1035162724934));
#5905=CARTESIAN_POINT('Ctrl Pts',(-66.1742158377908,-385.161799738031,68.1035162724934));
#5906=CARTESIAN_POINT('Ctrl Pts',(-64.2247366486809,-381.843211748606,68.1035162724934));
#5907=CARTESIAN_POINT('Ctrl Pts',(-61.638465224006,-371.303149288279,68.1035162724934));
#5908=CARTESIAN_POINT('Ctrl Pts',(-64.7131262419961,-362.827813270289,68.1035162724934));
#5909=CARTESIAN_POINT('Ctrl Pts',(-36.6296993300676,-364.31004206159,70.1035162724936));
#5910=CARTESIAN_POINT('Ctrl Pts',(-36.6296993300676,-364.31004206159,68.1035162724936));
#5911=CARTESIAN_POINT('Ctrl Pts',(-47.1554027922213,-371.090603683662,70.1035162724935));
#5912=CARTESIAN_POINT('Ctrl Pts',(-47.1554027922213,-371.090603683662,68.1035162724935));
#5913=CARTESIAN_POINT('Ctrl Pts',(-58.4903560741084,-367.764533119617,70.1035162724934));
#5914=CARTESIAN_POINT('Ctrl Pts',(-58.4903560741084,-367.764533119617,68.1035162724934));
#5915=CARTESIAN_POINT('Ctrl Pts',(-64.7131262419961,-362.827813270289,70.1035162724934));
#5916=CARTESIAN_POINT('Ctrl Pts',(-64.7131262419961,-362.827813270289,68.1035162724934));
#5917=CARTESIAN_POINT('',(-36.6296993300672,-364.31004206159,68.1035162724935));
#5918=CARTESIAN_POINT('',(-36.6296993300672,-364.31004206159,70.1035162724935));
#5919=CARTESIAN_POINT('Ctrl Pts',(-64.7131262419961,-362.827813270289,68.1035162724934));
#5920=CARTESIAN_POINT('Ctrl Pts',(-58.4903560741084,-367.764533119617,68.1035162724934));
#5921=CARTESIAN_POINT('Ctrl Pts',(-47.1554027922213,-371.090603683662,68.1035162724935));
#5922=CARTESIAN_POINT('Ctrl Pts',(-36.6296993300676,-364.31004206159,68.1035162724936));
#5923=CARTESIAN_POINT('Ctrl Pts',(-36.3131594535134,-364.102908550364,70.1035162724936));
#5924=CARTESIAN_POINT('Ctrl Pts',(-36.3131594535134,-364.102908550364,68.1035162724936));
#5925=CARTESIAN_POINT('Ctrl Pts',(-36.4190439856136,-364.171951203183,70.1035162724936));
#5926=CARTESIAN_POINT('Ctrl Pts',(-36.4190439856136,-364.171951203183,68.1035162724936));
#5927=CARTESIAN_POINT('Ctrl Pts',(-36.5245567090698,-364.24099610798,70.1035162724936));
#5928=CARTESIAN_POINT('Ctrl Pts',(-36.5245567090698,-364.24099610798,68.1035162724936));
#5929=CARTESIAN_POINT('Ctrl Pts',(-36.6296993300673,-364.31004206159,70.1035162724936));
#5930=CARTESIAN_POINT('Ctrl Pts',(-36.6296993300672,-364.31004206159,68.1035162724936));
#5931=CARTESIAN_POINT('',(-36.3131594535134,-364.102908550364,68.1035162724936));
#5932=CARTESIAN_POINT('',(-36.3131594535134,-364.102908550364,70.1035162724936));
#5933=CARTESIAN_POINT('Ctrl Pts',(-36.6296993300673,-364.31004206159,68.1035162724936));
#5934=CARTESIAN_POINT('Ctrl Pts',(-36.5245567090698,-364.24099610798,68.1035162724936));
#5935=CARTESIAN_POINT('Ctrl Pts',(-36.4190439856136,-364.171951203183,68.1035162724936));
#5936=CARTESIAN_POINT('Ctrl Pts',(-36.3131594535134,-364.102908550364,68.1035162724936));
#5937=CARTESIAN_POINT('',(-36.6296993300672,-364.31004206159,70.1035162724935));
#5938=CARTESIAN_POINT('Ctrl Pts',(-36.6296993299748,-364.31004206153,70.1035162724936));
#5939=CARTESIAN_POINT('Ctrl Pts',(-36.6296993299748,-364.31004206153,68.1035162724936));
#5940=CARTESIAN_POINT('Ctrl Pts',(-36.5241025966705,-364.242017614533,70.1035162724936));
#5941=CARTESIAN_POINT('Ctrl Pts',(-36.5241025966705,-364.242017614533,68.1035162724936));
#5942=CARTESIAN_POINT('Ctrl Pts',(-36.4185873115337,-364.172975970313,70.1035162724936));
#5943=CARTESIAN_POINT('Ctrl Pts',(-36.4185873115336,-364.172975970313,68.1035162724936));
#5944=CARTESIAN_POINT('Ctrl Pts',(-36.3131594535134,-364.102908550364,70.1035162724936));
#5945=CARTESIAN_POINT('Ctrl Pts',(-36.3131594535134,-364.102908550364,68.1035162724936));
#5946=CARTESIAN_POINT('Ctrl Pts',(-36.3131594535134,-364.102908550364,68.1035162724936));
#5947=CARTESIAN_POINT('Ctrl Pts',(-36.4185873115336,-364.172975970313,68.1035162724936));
#5948=CARTESIAN_POINT('Ctrl Pts',(-36.5241025966705,-364.242017614533,68.1035162724936));
#5949=CARTESIAN_POINT('Ctrl Pts',(-36.6296993299748,-364.31004206153,68.1035162724936));
#5950=CARTESIAN_POINT('Ctrl Pts',(-67.1523547524713,-394.418059164911,70.1035162724934));
#5951=CARTESIAN_POINT('Ctrl Pts',(-67.1523547524712,-394.418059164911,68.1035162724934));
#5952=CARTESIAN_POINT('Ctrl Pts',(-62.2701366693243,-388.811198934208,70.1035162724935));
#5953=CARTESIAN_POINT('Ctrl Pts',(-62.2701366693243,-388.811198934208,68.1035162724935));
#5954=CARTESIAN_POINT('Ctrl Pts',(-55.2597099903346,-376.54415644456,70.1035162724935));
#5955=CARTESIAN_POINT('Ctrl Pts',(-55.2597099903346,-376.54415644456,68.1035162724935));
#5956=CARTESIAN_POINT('Ctrl Pts',(-36.6296993300673,-364.31004206159,70.1035162724936));
#5957=CARTESIAN_POINT('Ctrl Pts',(-36.6296993300672,-364.31004206159,68.1035162724936));
#5958=CARTESIAN_POINT('',(-67.1523547524713,-394.418059164911,68.1035162724934));
#5959=CARTESIAN_POINT('',(-67.1523547524713,-394.418059164911,70.1035162724934));
#5960=CARTESIAN_POINT('Ctrl Pts',(-36.6296993300673,-364.31004206159,68.1035162724936));
#5961=CARTESIAN_POINT('Ctrl Pts',(-55.2597099903345,-376.54415644456,68.1035162724935));
#5962=CARTESIAN_POINT('Ctrl Pts',(-62.2701366693243,-388.811198934208,68.1035162724935));
#5963=CARTESIAN_POINT('Ctrl Pts',(-67.1523547524713,-394.418059164911,68.1035162724934));
#5964=CARTESIAN_POINT('Ctrl Pts',(-92.1020022387368,-401.953686547669,70.1035162724933));
#5965=CARTESIAN_POINT('Ctrl Pts',(-92.1020022387368,-401.953686547669,68.1035162724933));
#5966=CARTESIAN_POINT('Ctrl Pts',(-83.1553062677048,-406.405391265714,70.1035162724934));
#5967=CARTESIAN_POINT('Ctrl Pts',(-83.1553062677048,-406.405391265714,68.1035162724934));
#5968=CARTESIAN_POINT('Ctrl Pts',(-71.1076933490149,-400.835090217061,70.1035162724934));
#5969=CARTESIAN_POINT('Ctrl Pts',(-71.1076933490149,-400.835090217061,68.1035162724934));
#5970=CARTESIAN_POINT('Ctrl Pts',(-67.1523547524713,-394.418059164911,70.1035162724934));
#5971=CARTESIAN_POINT('Ctrl Pts',(-67.1523547524712,-394.418059164911,68.1035162724934));
#5972=CARTESIAN_POINT('',(-92.1020022387368,-401.953686547669,68.1035162724933));
#5973=CARTESIAN_POINT('',(-92.1020022387368,-401.953686547669,70.1035162724933));
#5974=CARTESIAN_POINT('Ctrl Pts',(-67.1523547524713,-394.418059164911,68.1035162724934));
#5975=CARTESIAN_POINT('Ctrl Pts',(-71.1076933490149,-400.835090217061,68.1035162724934));
#5976=CARTESIAN_POINT('Ctrl Pts',(-83.1553062677048,-406.405391265714,68.1035162724934));
#5977=CARTESIAN_POINT('Ctrl Pts',(-92.1020022387368,-401.953686547669,68.1035162724933));
#5978=CARTESIAN_POINT('Ctrl Pts',(-104.455819312373,-415.772596859956,70.1035162724933));
#5979=CARTESIAN_POINT('Ctrl Pts',(-104.455819312373,-415.772596859956,68.1035162724933));
#5980=CARTESIAN_POINT('Ctrl Pts',(-97.4067995443848,-421.134728285803,70.1035162724933));
#5981=CARTESIAN_POINT('Ctrl Pts',(-97.4067995443848,-421.134728285803,68.1035162724933));
#5982=CARTESIAN_POINT('Ctrl Pts',(-82.8671830181358,-419.408384316369,70.1035162724934));
#5983=CARTESIAN_POINT('Ctrl Pts',(-82.8671830181358,-419.408384316369,68.1035162724934));
#5984=CARTESIAN_POINT('Ctrl Pts',(-75.4192128707192,-407.423706884485,70.1035162724934));
#5985=CARTESIAN_POINT('Ctrl Pts',(-75.4192128707192,-407.423706884485,68.1035162724934));
#5986=CARTESIAN_POINT('',(-89.3227059733266,-417.912227404887,68.1035162724934));
#5987=CARTESIAN_POINT('Ctrl Pts',(-89.3227059733265,-417.912227404887,68.1035162724934));
#5988=CARTESIAN_POINT('Ctrl Pts',(-89.3227059733265,-417.912227404887,68.4368496058267));
#5989=CARTESIAN_POINT('Ctrl Pts',(-89.3227059733265,-417.912227404887,68.77018293916));
#5990=CARTESIAN_POINT('Ctrl Pts',(-89.3227059733265,-417.912227404887,69.4368496058267));
#5991=CARTESIAN_POINT('Ctrl Pts',(-89.3227059733265,-417.912227404887,69.77018293916));
#5992=CARTESIAN_POINT('Ctrl Pts',(-89.3227059733265,-417.912227404887,70.1035162724934));
#5993=CARTESIAN_POINT('Ctrl Pts',(-75.4192128707192,-407.423706884485,68.1035162724934));
#5994=CARTESIAN_POINT('Ctrl Pts',(-78.9690264202029,-413.135782724189,68.1035162724934));
#5995=CARTESIAN_POINT('Ctrl Pts',(-84.1297908652213,-416.517557446883,68.1035162724934));
#5996=CARTESIAN_POINT('Ctrl Pts',(-89.3227059733266,-417.912227404887,68.1035162724934));
#5997=CARTESIAN_POINT('Ctrl Pts',(-97.3358040309213,-437.473229817301,70.1035162724934));
#5998=CARTESIAN_POINT('Ctrl Pts',(-97.3358040309212,-437.473229817301,68.1035162724934));
#5999=CARTESIAN_POINT('Ctrl Pts',(-92.5583926591179,-435.10099881621,70.1035162724934));
#6000=CARTESIAN_POINT('Ctrl Pts',(-92.5583926591179,-435.10099881621,68.1035162724934));
#6001=CARTESIAN_POINT('Ctrl Pts',(-79.7000488116524,-421.003819103342,70.1035162724935));
#6002=CARTESIAN_POINT('Ctrl Pts',(-79.7000488116524,-421.003819103342,68.1035162724935));
#6003=CARTESIAN_POINT('Ctrl Pts',(-79.2168509072564,-417.285113966852,70.1035162724934));
#6004=CARTESIAN_POINT('Ctrl Pts',(-79.2168509072563,-417.285113966852,68.1035162724934));
#6005=CARTESIAN_POINT('',(-91.0673275529321,-432.443974749548,68.1035162724934));
#6006=CARTESIAN_POINT('Ctrl Pts',(-91.0673275529321,-432.443974749548,68.1035162724934));
#6007=CARTESIAN_POINT('Ctrl Pts',(-91.0673275529321,-432.443974749548,68.4368496058268));
#6008=CARTESIAN_POINT('Ctrl Pts',(-91.0673275529321,-432.443974749548,68.7701829391601));
#6009=CARTESIAN_POINT('Ctrl Pts',(-91.0673275529321,-432.443974749548,69.4368496058267));
#6010=CARTESIAN_POINT('Ctrl Pts',(-91.0673275529321,-432.443974749548,69.7701829391601));
#6011=CARTESIAN_POINT('Ctrl Pts',(-91.0673275529321,-432.443974749548,70.1035162724934));
#6012=CARTESIAN_POINT('',(-85.5765298813654,-426.657488426892,68.1035162724934));
#6013=CARTESIAN_POINT('Ctrl Pts',(-85.5765298813654,-426.657488426892,68.1035162724934));
#6014=CARTESIAN_POINT('Ctrl Pts',(-87.3235549779982,-428.659068667701,68.1035162724934));
#6015=CARTESIAN_POINT('Ctrl Pts',(-89.2402281495753,-430.681263172596,68.1035162724934));
#6016=CARTESIAN_POINT('Ctrl Pts',(-91.0673275529321,-432.443974749548,68.1035162724934));
#6017=CARTESIAN_POINT('Ctrl Pts',(-85.5765298813655,-426.657488426892,70.1035162724934));
#6018=CARTESIAN_POINT('Ctrl Pts',(-85.5765298813655,-426.657488426892,69.7701829391601));
#6019=CARTESIAN_POINT('Ctrl Pts',(-85.5765298813655,-426.657488426892,69.4368496058268));
#6020=CARTESIAN_POINT('Ctrl Pts',(-85.5765298813655,-426.657488426892,68.7701829391601));
#6021=CARTESIAN_POINT('Ctrl Pts',(-85.5765298813655,-426.657488426892,68.4368496058268));
#6022=CARTESIAN_POINT('Ctrl Pts',(-85.5765298813655,-426.657488426892,68.1035162724934));
#6023=CARTESIAN_POINT('Ctrl Pts',(-49.576825871589,-415.630393602854,70.1035162724936));
#6024=CARTESIAN_POINT('Ctrl Pts',(-49.576825871589,-415.630393602854,68.1035162724936));
#6025=CARTESIAN_POINT('Ctrl Pts',(-54.9851195230187,-417.822492509594,70.1035162724936));
#6026=CARTESIAN_POINT('Ctrl Pts',(-54.9851195230187,-417.822492509594,68.1035162724936));
#6027=CARTESIAN_POINT('Ctrl Pts',(-55.3624291686903,-423.520169684919,70.1035162724936));
#6028=CARTESIAN_POINT('Ctrl Pts',(-55.3624291686903,-423.520169684919,68.1035162724936));
#6029=CARTESIAN_POINT('Ctrl Pts',(-52.5695673844032,-428.514838203551,70.1035162724936));
#6030=CARTESIAN_POINT('Ctrl Pts',(-52.5695673844032,-428.514838203551,68.1035162724936));
#6031=CARTESIAN_POINT('',(-49.576825871589,-415.630393602854,68.1035162724936));
#6032=CARTESIAN_POINT('',(-49.576825871589,-415.630393602854,70.1035162724936));
#6033=CARTESIAN_POINT('',(-52.5695673844014,-428.514838203555,68.1035162724936));
#6034=CARTESIAN_POINT('Ctrl Pts',(-52.5695673844033,-428.514838203551,68.1035162724936));
#6035=CARTESIAN_POINT('Ctrl Pts',(-55.3624291686903,-423.520169684919,68.1035162724936));
#6036=CARTESIAN_POINT('Ctrl Pts',(-54.9851195230187,-417.822492509594,68.1035162724936));
#6037=CARTESIAN_POINT('Ctrl Pts',(-49.576825871589,-415.630393602854,68.1035162724936));
#6038=CARTESIAN_POINT('',(-52.5695673844032,-428.514838203551,70.1035162724936));
#6039=CARTESIAN_POINT('Ctrl Pts',(-30.8722832009575,-415.113312374216,70.1035162724937));
#6040=CARTESIAN_POINT('Ctrl Pts',(-30.8722832009575,-415.113312374216,68.1035162724937));
#6041=CARTESIAN_POINT('Ctrl Pts',(-39.6893642022393,-430.252620627886,70.1035162724937));
#6042=CARTESIAN_POINT('Ctrl Pts',(-39.6893642022393,-430.252620627886,68.1035162724937));
#6043=CARTESIAN_POINT('Ctrl Pts',(-49.0177304196618,-420.951215482813,70.1035162724936));
#6044=CARTESIAN_POINT('Ctrl Pts',(-49.0177304196618,-420.951215482813,68.1035162724936));
#6045=CARTESIAN_POINT('Ctrl Pts',(-49.576825871589,-415.630393602854,70.1035162724936));
#6046=CARTESIAN_POINT('Ctrl Pts',(-49.576825871589,-415.630393602854,68.1035162724936));
#6047=CARTESIAN_POINT('',(-30.8722832009575,-415.113312374216,68.1035162724937));
#6048=CARTESIAN_POINT('',(-30.8722832009575,-415.113312374216,70.1035162724937));
#6049=CARTESIAN_POINT('Ctrl Pts',(-49.576825871589,-415.630393602854,68.1035162724936));
#6050=CARTESIAN_POINT('Ctrl Pts',(-49.0177304196618,-420.951215482813,68.1035162724936));
#6051=CARTESIAN_POINT('Ctrl Pts',(-39.6893642022393,-430.252620627886,68.1035162724937));
#6052=CARTESIAN_POINT('Ctrl Pts',(-30.8722832009575,-415.113312374216,68.1035162724937));
#6053=CARTESIAN_POINT('Ctrl Pts',(-30.6662225955269,-414.7461583314,70.1035162724937));
#6054=CARTESIAN_POINT('Ctrl Pts',(-30.6662225955269,-414.7461583314,68.1035162724937));
#6055=CARTESIAN_POINT('Ctrl Pts',(-30.7400874182961,-414.865155137735,70.1035162724937));
#6056=CARTESIAN_POINT('Ctrl Pts',(-30.7400874182961,-414.865155137735,68.1035162724937));
#6057=CARTESIAN_POINT('Ctrl Pts',(-30.8088704291604,-414.98764053927,70.1035162724937));
#6058=CARTESIAN_POINT('Ctrl Pts',(-30.8088704291604,-414.98764053927,68.1035162724937));
#6059=CARTESIAN_POINT('Ctrl Pts',(-30.8722832009575,-415.113312374216,70.1035162724937));
#6060=CARTESIAN_POINT('Ctrl Pts',(-30.8722832009575,-415.113312374216,68.1035162724937));
#6061=CARTESIAN_POINT('',(-30.6662225955269,-414.7461583314,68.1035162724937));
#6062=CARTESIAN_POINT('',(-30.6662225955269,-414.7461583314,70.1035162724937));
#6063=CARTESIAN_POINT('Ctrl Pts',(-30.8722832009575,-415.113312374216,68.1035162724937));
#6064=CARTESIAN_POINT('Ctrl Pts',(-30.8088704291604,-414.98764053927,68.1035162724937));
#6065=CARTESIAN_POINT('Ctrl Pts',(-30.7400874182961,-414.865155137735,68.1035162724937));
#6066=CARTESIAN_POINT('Ctrl Pts',(-30.6662225955269,-414.7461583314,68.1035162724937));
#6067=CARTESIAN_POINT('Ctrl Pts',(-26.5989463662408,-412.481730415827,70.1035162724938));
#6068=CARTESIAN_POINT('Ctrl Pts',(-26.5989463662408,-412.481730415827,68.1035162724938));
#6069=CARTESIAN_POINT('Ctrl Pts',(-28.316447709205,-412.481730415827,70.1035162724938));
#6070=CARTESIAN_POINT('Ctrl Pts',(-28.3164477092049,-412.481730415827,68.1035162724938));
#6071=CARTESIAN_POINT('Ctrl Pts',(-29.822545676925,-413.386869789225,70.1035162724938));
#6072=CARTESIAN_POINT('Ctrl Pts',(-29.822545676925,-413.386869789225,68.1035162724938));
#6073=CARTESIAN_POINT('Ctrl Pts',(-30.6662225955269,-414.7461583314,70.1035162724937));
#6074=CARTESIAN_POINT('Ctrl Pts',(-30.6662225955269,-414.7461583314,68.1035162724937));
#6075=CARTESIAN_POINT('',(-26.5989463662408,-412.481730415827,68.1035162724938));
#6076=CARTESIAN_POINT('',(-26.5989463662408,-412.481730415827,70.1035162724938));
#6077=CARTESIAN_POINT('Ctrl Pts',(-30.6662225955269,-414.7461583314,68.1035162724937));
#6078=CARTESIAN_POINT('Ctrl Pts',(-29.822545676925,-413.386869789225,68.1035162724938));
#6079=CARTESIAN_POINT('Ctrl Pts',(-28.3164477092049,-412.481730415827,68.1035162724938));
#6080=CARTESIAN_POINT('Ctrl Pts',(-26.5989463662408,-412.481730415827,68.1035162724938));
#6081=CARTESIAN_POINT('Ctrl Pts',(-21.8153956162713,-417.265281165796,70.1035162724938));
#6082=CARTESIAN_POINT('Ctrl Pts',(-21.8153956162713,-417.265281165796,68.1035162724938));
#6083=CARTESIAN_POINT('Ctrl Pts',(-21.8153956162713,-414.623398237329,70.1035162724938));
#6084=CARTESIAN_POINT('Ctrl Pts',(-21.8153956162713,-414.623398237329,68.1035162724938));
#6085=CARTESIAN_POINT('Ctrl Pts',(-23.957063437774,-412.481730415827,70.1035162724938));
#6086=CARTESIAN_POINT('Ctrl Pts',(-23.957063437774,-412.481730415827,68.1035162724938));
#6087=CARTESIAN_POINT('Ctrl Pts',(-26.5989463662408,-412.481730415827,70.1035162724938));
#6088=CARTESIAN_POINT('Ctrl Pts',(-26.5989463662408,-412.481730415827,68.1035162724938));
#6089=CARTESIAN_POINT('',(-21.8153956162713,-417.265281165796,68.1035162724938));
#6090=CARTESIAN_POINT('',(-21.8153956162713,-417.265281165796,70.1035162724938));
#6091=CARTESIAN_POINT('Ctrl Pts',(-26.5989463662408,-412.481730415827,68.1035162724938));
#6092=CARTESIAN_POINT('Ctrl Pts',(-23.9570634377739,-412.481730415827,68.1035162724938));
#6093=CARTESIAN_POINT('Ctrl Pts',(-21.8153956162713,-414.62339823733,68.1035162724938));
#6094=CARTESIAN_POINT('Ctrl Pts',(-21.8153956162713,-417.265281165796,68.1035162724938));
#6095=CARTESIAN_POINT('Ctrl Pts',(-26.5989463662408,-422.048859385019,70.1035162724938));
#6096=CARTESIAN_POINT('Ctrl Pts',(-26.5989463662408,-422.048859385019,68.1035162724938));
#6097=CARTESIAN_POINT('Ctrl Pts',(-23.957063437774,-422.048859385019,70.1035162724938));
#6098=CARTESIAN_POINT('Ctrl Pts',(-23.957063437774,-422.048859385019,68.1035162724938));
#6099=CARTESIAN_POINT('Ctrl Pts',(-21.8153956162713,-419.907191563517,70.1035162724938));
#6100=CARTESIAN_POINT('Ctrl Pts',(-21.8153956162713,-419.907191563517,68.1035162724938));
#6101=CARTESIAN_POINT('Ctrl Pts',(-21.8153956162713,-417.265281165796,70.1035162724938));
#6102=CARTESIAN_POINT('Ctrl Pts',(-21.8153956162713,-417.265281165796,68.1035162724938));
#6103=CARTESIAN_POINT('',(-26.5989463662408,-422.048859385019,68.1035162724938));
#6104=CARTESIAN_POINT('',(-26.5989463662408,-422.048859385019,70.1035162724938));
#6105=CARTESIAN_POINT('Ctrl Pts',(-21.8153956162713,-417.265281165796,68.1035162724938));
#6106=CARTESIAN_POINT('Ctrl Pts',(-21.8153956162713,-419.907191563517,68.1035162724938));
#6107=CARTESIAN_POINT('Ctrl Pts',(-23.9570634377739,-422.048859385019,68.1035162724938));
#6108=CARTESIAN_POINT('Ctrl Pts',(-26.5989463662408,-422.048859385019,68.1035162724938));
#6109=CARTESIAN_POINT('Ctrl Pts',(-30.9764054065011,-417.296541176325,70.1035162724938));
#6110=CARTESIAN_POINT('Ctrl Pts',(-30.9764054065011,-417.296541176325,68.1035162724938));
#6111=CARTESIAN_POINT('Ctrl Pts',(-30.9764054065011,-419.938424104792,70.1035162724938));
#6112=CARTESIAN_POINT('Ctrl Pts',(-30.9764054065011,-419.938424104792,68.1035162724938));
#6113=CARTESIAN_POINT('Ctrl Pts',(-29.2408567639611,-422.048859385019,70.1035162724938));
#6114=CARTESIAN_POINT('Ctrl Pts',(-29.2408567639611,-422.048859385019,68.1035162724938));
#6115=CARTESIAN_POINT('Ctrl Pts',(-26.5989463662408,-422.048859385019,70.1035162724938));
#6116=CARTESIAN_POINT('Ctrl Pts',(-26.5989463662408,-422.048859385019,68.1035162724938));
#6117=CARTESIAN_POINT('',(-30.9764054065011,-417.296541176325,68.1035162724938));
#6118=CARTESIAN_POINT('',(-30.9764054065011,-417.296541176325,70.1035162724938));
#6119=CARTESIAN_POINT('Ctrl Pts',(-26.5989463662408,-422.048859385019,68.1035162724938));
#6120=CARTESIAN_POINT('Ctrl Pts',(-29.2408567639611,-422.048859385019,68.1035162724938));
#6121=CARTESIAN_POINT('Ctrl Pts',(-30.9764054065011,-419.938424104792,68.1035162724938));
#6122=CARTESIAN_POINT('Ctrl Pts',(-30.9764054065011,-417.296541176325,68.1035162724938));
#6123=CARTESIAN_POINT('Ctrl Pts',(-24.1835474332116,-427.453531161409,70.1035162724938));
#6124=CARTESIAN_POINT('Ctrl Pts',(-24.1835474332116,-427.453531161409,68.1035162724938));
#6125=CARTESIAN_POINT('Ctrl Pts',(-28.1036846059106,-428.480647755152,70.1035162724938));
#6126=CARTESIAN_POINT('Ctrl Pts',(-28.1036846059105,-428.480647755152,68.1035162724938));
#6127=CARTESIAN_POINT('Ctrl Pts',(-35.8902428260109,-423.739591940409,70.1035162724937));
#6128=CARTESIAN_POINT('Ctrl Pts',(-35.8902428260109,-423.739591940409,68.1035162724937));
#6129=CARTESIAN_POINT('Ctrl Pts',(-30.9764054065011,-417.296541176325,70.1035162724938));
#6130=CARTESIAN_POINT('Ctrl Pts',(-30.9764054065011,-417.296541176325,68.1035162724938));
#6131=CARTESIAN_POINT('',(-24.1835474332116,-427.453531161409,68.1035162724938));
#6132=CARTESIAN_POINT('',(-24.1835474332116,-427.453531161409,70.1035162724938));
#6133=CARTESIAN_POINT('Ctrl Pts',(-30.9764054065011,-417.296541176325,68.1035162724938));
#6134=CARTESIAN_POINT('Ctrl Pts',(-35.8902428260109,-423.739591940409,68.1035162724937));
#6135=CARTESIAN_POINT('Ctrl Pts',(-28.1036846059105,-428.480647755152,68.1035162724938));
#6136=CARTESIAN_POINT('Ctrl Pts',(-24.1835474332116,-427.453531161409,68.1035162724938));
#6137=CARTESIAN_POINT('Ctrl Pts',(-22.7044929456017,-434.181190861422,70.1035162724939));
#6138=CARTESIAN_POINT('Ctrl Pts',(-22.7044929456017,-434.181190861422,68.1035162724939));
#6139=CARTESIAN_POINT('Ctrl Pts',(-23.9781048859856,-431.897548202997,70.1035162724939));
#6140=CARTESIAN_POINT('Ctrl Pts',(-23.9781048859856,-431.897548202997,68.1035162724939));
#6141=CARTESIAN_POINT('Ctrl Pts',(-24.1424534299157,-430.353432788378,70.1035162724938));
#6142=CARTESIAN_POINT('Ctrl Pts',(-24.1424534299157,-430.353432788378,68.1035162724938));
#6143=CARTESIAN_POINT('Ctrl Pts',(-24.1835474332116,-427.453531161409,70.1035162724938));
#6144=CARTESIAN_POINT('Ctrl Pts',(-24.1835474332116,-427.453531161409,68.1035162724938));
#6145=CARTESIAN_POINT('',(-22.7044929456017,-434.181190861422,68.1035162724939));
#6146=CARTESIAN_POINT('',(-22.7044929456017,-434.181190861422,70.1035162724939));
#6147=CARTESIAN_POINT('Ctrl Pts',(-24.1835474332116,-427.453531161409,68.1035162724938));
#6148=CARTESIAN_POINT('Ctrl Pts',(-24.1424534299157,-430.353432788378,68.1035162724938));
#6149=CARTESIAN_POINT('Ctrl Pts',(-23.9781048859856,-431.897548202997,68.1035162724939));
#6150=CARTESIAN_POINT('Ctrl Pts',(-22.7044929456017,-434.181190861422,68.1035162724939));
#6151=CARTESIAN_POINT('Ctrl Pts',(-12.6518723893426,-429.573937780672,70.1035162724939));
#6152=CARTESIAN_POINT('Ctrl Pts',(-12.6518723893426,-429.573937780672,68.1035162724939));
#6153=CARTESIAN_POINT('Ctrl Pts',(-16.2081792989037,-432.383314482599,70.1035162724939));
#6154=CARTESIAN_POINT('Ctrl Pts',(-16.2081792989037,-432.383314482599,68.1035162724939));
#6155=CARTESIAN_POINT('Ctrl Pts',(-18.6551953427575,-432.850854912478,70.1035162724939));
#6156=CARTESIAN_POINT('Ctrl Pts',(-18.6551953427575,-432.850854912478,68.1035162724939));
#6157=CARTESIAN_POINT('Ctrl Pts',(-22.7044929456017,-434.181190861422,70.1035162724939));
#6158=CARTESIAN_POINT('Ctrl Pts',(-22.7044929456017,-434.181190861422,68.1035162724939));
#6159=CARTESIAN_POINT('',(-12.6518723893426,-429.573937780672,68.1035162724939));
#6160=CARTESIAN_POINT('',(-12.6518723893426,-429.573937780672,70.1035162724939));
#6161=CARTESIAN_POINT('Ctrl Pts',(-22.7044929456017,-434.181190861422,68.1035162724939));
#6162=CARTESIAN_POINT('Ctrl Pts',(-18.6551953427575,-432.850854912478,68.1035162724939));
#6163=CARTESIAN_POINT('Ctrl Pts',(-16.2081792989037,-432.383314482599,68.1035162724939));
#6164=CARTESIAN_POINT('Ctrl Pts',(-12.6518723893426,-429.573937780672,68.1035162724939));
#6165=CARTESIAN_POINT('Ctrl Pts',(-6.70329565823296,-434.867194264704,70.103516272494));
#6166=CARTESIAN_POINT('Ctrl Pts',(-6.70329565823295,-434.867194264704,68.103516272494));
#6167=CARTESIAN_POINT('Ctrl Pts',(-9.68173188107231,-435.123454930979,70.103516272494));
#6168=CARTESIAN_POINT('Ctrl Pts',(-9.6817318810723,-435.123454930979,68.103516272494));
#6169=CARTESIAN_POINT('Ctrl Pts',(-12.5099387563012,-433.147577789217,70.1035162724939));
#6170=CARTESIAN_POINT('Ctrl Pts',(-12.5099387563012,-433.147577789217,68.1035162724939));
#6171=CARTESIAN_POINT('Ctrl Pts',(-12.6518723893426,-429.573937780672,70.1035162724939));
#6172=CARTESIAN_POINT('Ctrl Pts',(-12.6518723893426,-429.573937780672,68.1035162724939));
#6173=CARTESIAN_POINT('',(-6.70329565823295,-434.867194264704,68.103516272494));
#6174=CARTESIAN_POINT('',(-6.70329565823296,-434.867194264704,70.103516272494));
#6175=CARTESIAN_POINT('Ctrl Pts',(-12.6518723893426,-429.573937780672,68.1035162724939));
#6176=CARTESIAN_POINT('Ctrl Pts',(-12.5099387563012,-433.147577789217,68.1035162724939));
#6177=CARTESIAN_POINT('Ctrl Pts',(-9.6817318810723,-435.123454930979,68.103516272494));
#6178=CARTESIAN_POINT('Ctrl Pts',(-6.70329565823295,-434.867194264704,68.103516272494));
#6179=CARTESIAN_POINT('Ctrl Pts',(0.179797428046534,-432.495193241847,70.103516272494));
#6180=CARTESIAN_POINT('Ctrl Pts',(0.179797428046547,-432.495193241847,68.103516272494));
#6181=CARTESIAN_POINT('Ctrl Pts',(-1.83970898382348,-433.144089898886,70.103516272494));
#6182=CARTESIAN_POINT('Ctrl Pts',(-1.83970898382346,-433.144089898886,68.103516272494));
#6183=CARTESIAN_POINT('Ctrl Pts',(-4.33259852504328,-434.663223081549,70.103516272494));
#6184=CARTESIAN_POINT('Ctrl Pts',(-4.33259852504327,-434.663223081549,68.103516272494));
#6185=CARTESIAN_POINT('Ctrl Pts',(-6.70329565823296,-434.867194264704,70.103516272494));
#6186=CARTESIAN_POINT('Ctrl Pts',(-6.70329565823295,-434.867194264704,68.103516272494));
#6187=CARTESIAN_POINT('',(0.179797428046555,-432.495193241847,68.103516272494));
#6188=CARTESIAN_POINT('',(0.179797428046538,-432.495193241847,70.103516272494));
#6189=CARTESIAN_POINT('Ctrl Pts',(-6.70329565823295,-434.867194264704,68.103516272494));
#6190=CARTESIAN_POINT('Ctrl Pts',(-4.33259852504327,-434.663223081549,68.103516272494));
#6191=CARTESIAN_POINT('Ctrl Pts',(-1.83970898382346,-433.144089898886,68.103516272494));
#6192=CARTESIAN_POINT('Ctrl Pts',(0.179797428046551,-432.495193241847,68.103516272494));
#6193=CARTESIAN_POINT('Ctrl Pts',(4.67960590846323,-423.484292698008,70.103516272494));
#6194=CARTESIAN_POINT('Ctrl Pts',(4.67960590846324,-423.484292698008,68.103516272494));
#6195=CARTESIAN_POINT('Ctrl Pts',(4.46162802890725,-426.017785548172,70.103516272494));
#6196=CARTESIAN_POINT('Ctrl Pts',(4.46162802890727,-426.017785548172,68.103516272494));
#6197=CARTESIAN_POINT('Ctrl Pts',(2.7416709214568,-428.690828912329,70.103516272494));
#6198=CARTESIAN_POINT('Ctrl Pts',(2.74167092145682,-428.690828912329,68.103516272494));
#6199=CARTESIAN_POINT('Ctrl Pts',(2.18694261226025,-430.776541528156,70.103516272494));
#6200=CARTESIAN_POINT('Ctrl Pts',(2.18694261226027,-430.776541528156,68.103516272494));
#6201=CARTESIAN_POINT('',(4.67960590846324,-423.484292698008,68.103516272494));
#6202=CARTESIAN_POINT('',(4.67960590846323,-423.484292698008,70.103516272494));
#6203=CARTESIAN_POINT('',(2.18694261226027,-430.776541528156,68.103516272494));
#6204=CARTESIAN_POINT('Ctrl Pts',(2.18694261226027,-430.776541528156,68.103516272494));
#6205=CARTESIAN_POINT('Ctrl Pts',(2.74167092145682,-428.690828912329,68.103516272494));
#6206=CARTESIAN_POINT('Ctrl Pts',(4.46162802890727,-426.017785548173,68.103516272494));
#6207=CARTESIAN_POINT('Ctrl Pts',(4.67960590846324,-423.484292698008,68.103516272494));
#6208=CARTESIAN_POINT('',(2.18694261226027,-430.776541528156,70.103516272494));
#6209=CARTESIAN_POINT('Ctrl Pts',(-0.613664310195237,-417.535715966898,
70.103516272494));
#6210=CARTESIAN_POINT('Ctrl Pts',(-0.613664310195223,-417.535715966898,
68.103516272494));
#6211=CARTESIAN_POINT('Ctrl Pts',(2.95997569834968,-417.677649599939,70.103516272494));
#6212=CARTESIAN_POINT('Ctrl Pts',(2.9599756983497,-417.677649599939,68.103516272494));
#6213=CARTESIAN_POINT('Ctrl Pts',(4.93586657473825,-420.505829005915,70.103516272494));
#6214=CARTESIAN_POINT('Ctrl Pts',(4.93586657473827,-420.505829005915,68.103516272494));
#6215=CARTESIAN_POINT('Ctrl Pts',(4.67960590846323,-423.484292698008,70.103516272494));
#6216=CARTESIAN_POINT('Ctrl Pts',(4.67960590846324,-423.484292698008,68.103516272494));
#6217=CARTESIAN_POINT('',(-0.613664310195219,-417.535715966898,68.103516272494));
#6218=CARTESIAN_POINT('',(-0.613664310195237,-417.535715966898,70.103516272494));
#6219=CARTESIAN_POINT('Ctrl Pts',(4.67960590846324,-423.484292698008,68.103516272494));
#6220=CARTESIAN_POINT('Ctrl Pts',(4.93586657473827,-420.505829005915,68.103516272494));
#6221=CARTESIAN_POINT('Ctrl Pts',(2.9599756983497,-417.677649599939,68.103516272494));
#6222=CARTESIAN_POINT('Ctrl Pts',(-0.613664310195219,-417.535715966898,
68.103516272494));
#6223=CARTESIAN_POINT('Ctrl Pts',(3.99358877055429,-407.483095410639,70.103516272494));
#6224=CARTESIAN_POINT('Ctrl Pts',(3.9935887705543,-407.483095410639,68.103516272494));
#6225=CARTESIAN_POINT('Ctrl Pts',(2.66325282161018,-411.532420482737,70.103516272494));
#6226=CARTESIAN_POINT('Ctrl Pts',(2.6632528216102,-411.532420482737,68.103516272494));
#6227=CARTESIAN_POINT('Ctrl Pts',(2.19572612635874,-413.97943652659,70.103516272494));
#6228=CARTESIAN_POINT('Ctrl Pts',(2.19572612635875,-413.97943652659,68.103516272494));
#6229=CARTESIAN_POINT('Ctrl Pts',(-0.613664310195237,-417.535715966898,
70.103516272494));
#6230=CARTESIAN_POINT('Ctrl Pts',(-0.613664310195223,-417.535715966898,
68.103516272494));
#6231=CARTESIAN_POINT('',(3.9935887705543,-407.483095410639,68.103516272494));
#6232=CARTESIAN_POINT('',(3.99358877055429,-407.483095410639,70.103516272494));
#6233=CARTESIAN_POINT('Ctrl Pts',(-0.613664310195219,-417.535715966898,
68.103516272494));
#6234=CARTESIAN_POINT('Ctrl Pts',(2.19572612635876,-413.97943652659,68.103516272494));
#6235=CARTESIAN_POINT('Ctrl Pts',(2.6632528216102,-411.532420482737,68.103516272494));
#6236=CARTESIAN_POINT('Ctrl Pts',(3.9935887705543,-407.483095410639,68.103516272494));
#6237=CARTESIAN_POINT('Ctrl Pts',(-2.73407092945794,-406.004040923029,70.1035162724939));
#6238=CARTESIAN_POINT('Ctrl Pts',(-2.73407092945793,-406.004040923029,68.1035162724939));
#6239=CARTESIAN_POINT('Ctrl Pts',(0.165830697510447,-406.045134926325,70.1035162724939));
#6240=CARTESIAN_POINT('Ctrl Pts',(0.165830697510461,-406.045134926325,68.1035162724939));
#6241=CARTESIAN_POINT('Ctrl Pts',(1.70995984675669,-406.209456001001,70.1035162724939));
#6242=CARTESIAN_POINT('Ctrl Pts',(1.7099598467567,-406.209456001001,68.1035162724939));
#6243=CARTESIAN_POINT('Ctrl Pts',(3.99358877055429,-407.483095410639,70.103516272494));
#6244=CARTESIAN_POINT('Ctrl Pts',(3.9935887705543,-407.483095410639,68.103516272494));
#6245=CARTESIAN_POINT('',(-2.73407092945792,-406.004040923029,68.1035162724939));
#6246=CARTESIAN_POINT('',(-2.73407092945794,-406.004040923029,70.1035162724939));
#6247=CARTESIAN_POINT('Ctrl Pts',(3.9935887705543,-407.483095410639,68.103516272494));
#6248=CARTESIAN_POINT('Ctrl Pts',(1.7099598467567,-406.209456001001,68.1035162724939));
#6249=CARTESIAN_POINT('Ctrl Pts',(0.165830697510465,-406.045134926325,68.1035162724939));
#6250=CARTESIAN_POINT('Ctrl Pts',(-2.73407092945792,-406.004040923029,68.1035162724939));
#6251=CARTESIAN_POINT('Ctrl Pts',(-12.8910746491692,-399.211196684366,70.1035162724938));
#6252=CARTESIAN_POINT('Ctrl Pts',(-12.8910746491692,-399.211196684366,68.1035162724938));
#6253=CARTESIAN_POINT('Ctrl Pts',(-6.44802388508537,-394.297359264856,70.1035162724938));
#6254=CARTESIAN_POINT('Ctrl Pts',(-6.44802388508535,-394.297359264856,68.1035162724938));
#6255=CARTESIAN_POINT('Ctrl Pts',(-1.70696807034232,-402.08390375033,70.1035162724939));
#6256=CARTESIAN_POINT('Ctrl Pts',(-1.70696807034231,-402.08390375033,68.1035162724939));
#6257=CARTESIAN_POINT('Ctrl Pts',(-2.73407092945794,-406.004040923029,70.1035162724939));
#6258=CARTESIAN_POINT('Ctrl Pts',(-2.73407092945793,-406.004040923029,68.1035162724939));
#6259=CARTESIAN_POINT('',(-12.8910746491692,-399.211196684366,68.1035162724938));
#6260=CARTESIAN_POINT('',(-12.8910746491692,-399.211196684366,70.1035162724938));
#6261=CARTESIAN_POINT('Ctrl Pts',(-2.73407092945792,-406.004040923029,68.1035162724939));
#6262=CARTESIAN_POINT('Ctrl Pts',(-1.7069680703423,-402.08390375033,68.1035162724939));
#6263=CARTESIAN_POINT('Ctrl Pts',(-6.44802388508535,-394.297359264856,68.1035162724938));
#6264=CARTESIAN_POINT('Ctrl Pts',(-12.8910746491692,-399.211196684366,68.1035162724938));
#6265=CARTESIAN_POINT('Ctrl Pts',(-8.13875644047477,-403.58864199,70.1035162724939));
#6266=CARTESIAN_POINT('Ctrl Pts',(-8.13875644047476,-403.58864199,68.1035162724939));
#6267=CARTESIAN_POINT('Ctrl Pts',(-8.13875644047477,-400.946759061533,70.1035162724939));
#6268=CARTESIAN_POINT('Ctrl Pts',(-8.13875644047476,-400.946759061533,68.1035162724939));
#6269=CARTESIAN_POINT('Ctrl Pts',(-10.2491917207024,-399.211196684366,70.1035162724938));
#6270=CARTESIAN_POINT('Ctrl Pts',(-10.2491917207024,-399.211196684366,68.1035162724938));
#6271=CARTESIAN_POINT('Ctrl Pts',(-12.8910746491692,-399.211196684366,70.1035162724938));
#6272=CARTESIAN_POINT('Ctrl Pts',(-12.8910746491692,-399.211196684366,68.1035162724938));
#6273=CARTESIAN_POINT('',(-8.13875644047475,-403.58864199,68.1035162724939));
#6274=CARTESIAN_POINT('',(-8.13875644047477,-403.58864199,70.1035162724939));
#6275=CARTESIAN_POINT('Ctrl Pts',(-12.8910746491692,-399.211196684366,68.1035162724938));
#6276=CARTESIAN_POINT('Ctrl Pts',(-10.2491917207024,-399.211196684366,68.1035162724938));
#6277=CARTESIAN_POINT('Ctrl Pts',(-8.13875644047475,-400.946759061533,68.1035162724939));
#6278=CARTESIAN_POINT('Ctrl Pts',(-8.13875644047475,-403.58864199,68.1035162724939));
#6279=CARTESIAN_POINT('Ctrl Pts',(-12.9223346596978,-408.372192739969,70.1035162724938));
#6280=CARTESIAN_POINT('Ctrl Pts',(-12.9223346596978,-408.372192739969,68.1035162724938));
#6281=CARTESIAN_POINT('Ctrl Pts',(-10.280451731231,-408.372192739969,70.1035162724939));
#6282=CARTESIAN_POINT('Ctrl Pts',(-10.280451731231,-408.372192739969,68.1035162724939));
#6283=CARTESIAN_POINT('Ctrl Pts',(-8.13875644047476,-406.230524918467,70.1035162724939));
#6284=CARTESIAN_POINT('Ctrl Pts',(-8.13875644047475,-406.230524918467,68.1035162724939));
#6285=CARTESIAN_POINT('Ctrl Pts',(-8.13875644047477,-403.58864199,70.1035162724939));
#6286=CARTESIAN_POINT('Ctrl Pts',(-8.13875644047476,-403.58864199,68.1035162724939));
#6287=CARTESIAN_POINT('',(-12.9223346596978,-408.372192739969,68.1035162724938));
#6288=CARTESIAN_POINT('',(-12.9223346596978,-408.372192739969,70.1035162724938));
#6289=CARTESIAN_POINT('Ctrl Pts',(-8.13875644047475,-403.58864199,68.1035162724939));
#6290=CARTESIAN_POINT('Ctrl Pts',(-8.13875644047474,-406.230524918467,68.1035162724939));
#6291=CARTESIAN_POINT('Ctrl Pts',(-10.280451731231,-408.372192739969,68.1035162724939));
#6292=CARTESIAN_POINT('Ctrl Pts',(-12.9223346596978,-408.372192739969,68.1035162724938));
#6293=CARTESIAN_POINT('Ctrl Pts',(-17.7058854096673,-403.58864199,70.1035162724938));
#6294=CARTESIAN_POINT('Ctrl Pts',(-17.7058854096673,-403.58864199,68.1035162724938));
#6295=CARTESIAN_POINT('Ctrl Pts',(-17.7058854096673,-406.230524918467,70.1035162724938));
#6296=CARTESIAN_POINT('Ctrl Pts',(-17.7058854096672,-406.230524918467,68.1035162724938));
#6297=CARTESIAN_POINT('Ctrl Pts',(-15.5642175881646,-408.372192739969,70.1035162724938));
#6298=CARTESIAN_POINT('Ctrl Pts',(-15.5642175881646,-408.372192739969,68.1035162724938));
#6299=CARTESIAN_POINT('Ctrl Pts',(-12.9223346596978,-408.372192739969,70.1035162724938));
#6300=CARTESIAN_POINT('Ctrl Pts',(-12.9223346596978,-408.372192739969,68.1035162724938));
#6301=CARTESIAN_POINT('',(-17.7058854096672,-403.58864199,68.1035162724938));
#6302=CARTESIAN_POINT('',(-17.7058854096673,-403.58864199,70.1035162724938));
#6303=CARTESIAN_POINT('Ctrl Pts',(-12.9223346596978,-408.372192739969,68.1035162724938));
#6304=CARTESIAN_POINT('Ctrl Pts',(-15.5642175881646,-408.372192739969,68.1035162724938));
#6305=CARTESIAN_POINT('Ctrl Pts',(-17.7058854096672,-406.230524918467,68.1035162724938));
#6306=CARTESIAN_POINT('Ctrl Pts',(-17.7058854096672,-403.58864199,68.1035162724938));
#6307=CARTESIAN_POINT('Ctrl Pts',(-15.4414574940942,-399.521352026087,70.1035162724938));
#6308=CARTESIAN_POINT('Ctrl Pts',(-15.4414574940941,-399.521352026087,68.1035162724938));
#6309=CARTESIAN_POINT('Ctrl Pts',(-16.8007460362694,-400.365042679316,70.1035162724938));
#6310=CARTESIAN_POINT('Ctrl Pts',(-16.8007460362694,-400.365042679316,68.1035162724938));
#6311=CARTESIAN_POINT('Ctrl Pts',(-17.7058854096673,-401.871126912409,70.1035162724938));
#6312=CARTESIAN_POINT('Ctrl Pts',(-17.7058854096673,-401.871126912409,68.1035162724938));
#6313=CARTESIAN_POINT('Ctrl Pts',(-17.7058854096673,-403.58864199,70.1035162724938));
#6314=CARTESIAN_POINT('Ctrl Pts',(-17.7058854096673,-403.58864199,68.1035162724938));
#6315=CARTESIAN_POINT('',(-15.4414574940941,-399.521352026087,68.1035162724938));
#6316=CARTESIAN_POINT('',(-15.4414574940942,-399.521352026087,70.1035162724938));
#6317=CARTESIAN_POINT('Ctrl Pts',(-17.7058854096672,-403.58864199,68.1035162724938));
#6318=CARTESIAN_POINT('Ctrl Pts',(-17.7058854096672,-401.871126912409,68.1035162724938));
#6319=CARTESIAN_POINT('Ctrl Pts',(-16.8007460362694,-400.365042679316,68.1035162724938));
#6320=CARTESIAN_POINT('Ctrl Pts',(-15.4414574940941,-399.521352026087,68.1035162724938));
#6321=CARTESIAN_POINT('Ctrl Pts',(-15.074303451278,-399.315305155283,70.1035162724938));
#6322=CARTESIAN_POINT('Ctrl Pts',(-15.074303451278,-399.315305155283,68.1035162724938));
#6323=CARTESIAN_POINT('Ctrl Pts',(-15.1999752862237,-399.378704192453,70.1035162724938));
#6324=CARTESIAN_POINT('Ctrl Pts',(-15.1999752862237,-399.378704192453,68.1035162724938));
#6325=CARTESIAN_POINT('Ctrl Pts',(-15.3224606877587,-399.447487203318,70.1035162724938));
#6326=CARTESIAN_POINT('Ctrl Pts',(-15.3224606877587,-399.447487203318,68.1035162724938));
#6327=CARTESIAN_POINT('Ctrl Pts',(-15.4414574940942,-399.521352026087,70.1035162724938));
#6328=CARTESIAN_POINT('Ctrl Pts',(-15.4414574940941,-399.521352026087,68.1035162724938));
#6329=CARTESIAN_POINT('',(-15.074303451278,-399.315305155283,68.1035162724938));
#6330=CARTESIAN_POINT('',(-15.074303451278,-399.315305155283,70.1035162724938));
#6331=CARTESIAN_POINT('Ctrl Pts',(-15.4414574940941,-399.521352026087,68.1035162724938));
#6332=CARTESIAN_POINT('Ctrl Pts',(-15.3224606877587,-399.447487203318,68.1035162724938));
#6333=CARTESIAN_POINT('Ctrl Pts',(-15.1999752862237,-399.378704192453,68.1035162724938));
#6334=CARTESIAN_POINT('Ctrl Pts',(-15.074303451278,-399.315305155283,68.1035162724938));
#6335=CARTESIAN_POINT('Ctrl Pts',(-9.95001218146054,-382.787025344473,70.1035162724938));
#6336=CARTESIAN_POINT('Ctrl Pts',(-9.95001218146052,-382.787025344473,68.1035162724938));
#6337=CARTESIAN_POINT('Ctrl Pts',(-5.99998300543422,-386.154255201482,70.1035162724938));
#6338=CARTESIAN_POINT('Ctrl Pts',(-5.9999830054342,-386.154255201482,68.1035162724938));
#6339=CARTESIAN_POINT('Ctrl Pts',(-4.00971030141387,-392.871330047019,70.1035162724939));
#6340=CARTESIAN_POINT('Ctrl Pts',(-4.00971030141385,-392.871330047019,68.1035162724939));
#6341=CARTESIAN_POINT('Ctrl Pts',(-15.074303451278,-399.315305155283,70.1035162724938));
#6342=CARTESIAN_POINT('Ctrl Pts',(-15.074303451278,-399.315305155283,68.1035162724938));
#6343=CARTESIAN_POINT('',(-9.95001218146066,-382.787025344473,68.1035162724938));
#6344=CARTESIAN_POINT('',(-9.95001218146053,-382.787025344473,70.1035162724938));
#6345=CARTESIAN_POINT('Ctrl Pts',(-15.074303451278,-399.315305155283,68.1035162724938));
#6346=CARTESIAN_POINT('Ctrl Pts',(-4.00971030141385,-392.871330047019,68.1035162724939));
#6347=CARTESIAN_POINT('Ctrl Pts',(-5.9999830054342,-386.154255201482,68.1035162724938));
#6348=CARTESIAN_POINT('Ctrl Pts',(-9.95001218146052,-382.787025344473,68.1035162724938));
#6349=CARTESIAN_POINT('Ctrl Pts',(-30.9655275820992,-383.214669170099,70.1035162724936));
#6350=CARTESIAN_POINT('Ctrl Pts',(-30.9655275820992,-383.214669170099,68.1035162724936));
#6351=CARTESIAN_POINT('Ctrl Pts',(-30.971026275634,-382.820907127523,70.1035162724936));
#6352=CARTESIAN_POINT('Ctrl Pts',(-30.971026275634,-382.820907127523,68.1035162724936));
#6353=CARTESIAN_POINT('Ctrl Pts',(-30.9623306427919,-382.4297778946,70.1035162724936));
#6354=CARTESIAN_POINT('Ctrl Pts',(-30.9623306427919,-382.4297778946,68.1035162724936));
#6355=CARTESIAN_POINT('Ctrl Pts',(-30.9399116322117,-382.041623345576,70.1035162724936));
#6356=CARTESIAN_POINT('Ctrl Pts',(-30.9399116322117,-382.041623345576,68.1035162724936));
#6357=CARTESIAN_POINT('',(-30.9655275820992,-383.214669170099,68.1035162724936));
#6358=CARTESIAN_POINT('',(-30.9655275820992,-383.214669170099,70.1035162724936));
#6359=CARTESIAN_POINT('',(-30.9399116322117,-382.041623345576,68.1035162724936));
#6360=CARTESIAN_POINT('Ctrl Pts',(-30.9399116322117,-382.041623345576,68.1035162724936));
#6361=CARTESIAN_POINT('Ctrl Pts',(-30.9623306427919,-382.4297778946,68.1035162724936));
#6362=CARTESIAN_POINT('Ctrl Pts',(-30.971026275634,-382.820907127523,68.1035162724936));
#6363=CARTESIAN_POINT('Ctrl Pts',(-30.9655275820992,-383.214669170099,68.1035162724936));
#6364=CARTESIAN_POINT('',(-30.9399116322117,-382.041623345576,70.1035162724936));
#6365=CARTESIAN_POINT('Ctrl Pts',(-44.0659854302667,-385.628667171198,70.1035162724936));
#6366=CARTESIAN_POINT('Ctrl Pts',(-44.0659854302666,-385.628667171198,68.1035162724936));
#6367=CARTESIAN_POINT('Ctrl Pts',(-39.2061525632164,-383.79687999888,70.1035162724936));
#6368=CARTESIAN_POINT('Ctrl Pts',(-39.2061525632164,-383.79687999888,68.1035162724936));
#6369=CARTESIAN_POINT('Ctrl Pts',(-34.5928287774346,-383.444147314173,70.1035162724936));
#6370=CARTESIAN_POINT('Ctrl Pts',(-34.5928287774346,-383.444147314173,68.1035162724936));
#6371=CARTESIAN_POINT('Ctrl Pts',(-30.9655275820992,-383.214669170099,70.1035162724936));
#6372=CARTESIAN_POINT('Ctrl Pts',(-30.9655275820992,-383.214669170099,68.1035162724936));
#6373=CARTESIAN_POINT('',(-44.0659854302667,-385.628667171198,68.1035162724936));
#6374=CARTESIAN_POINT('',(-44.0659854302667,-385.628667171198,70.1035162724936));
#6375=CARTESIAN_POINT('Ctrl Pts',(-30.9655275820992,-383.214669170099,68.1035162724936));
#6376=CARTESIAN_POINT('Ctrl Pts',(-34.5928287774346,-383.444147314173,68.1035162724936));
#6377=CARTESIAN_POINT('Ctrl Pts',(-39.2061525632164,-383.79687999888,68.1035162724936));
#6378=CARTESIAN_POINT('Ctrl Pts',(-44.0659854302667,-385.628667171198,68.1035162724936));
#6379=CARTESIAN_POINT('Ctrl Pts',(-46.4234379729531,-398.760536110788,70.1035162724936));
#6380=CARTESIAN_POINT('Ctrl Pts',(-46.4234379729531,-398.760536110788,68.1035162724936));
#6381=CARTESIAN_POINT('Ctrl Pts',(-46.1306431994698,-395.040594857889,70.1035162724936));
#6382=CARTESIAN_POINT('Ctrl Pts',(-46.1306431994698,-395.040594857889,68.1035162724936));
#6383=CARTESIAN_POINT('Ctrl Pts',(-45.9610892319939,-391.074144523722,70.1035162724936));
#6384=CARTESIAN_POINT('Ctrl Pts',(-45.9610892319939,-391.074144523722,68.1035162724936));
#6385=CARTESIAN_POINT('Ctrl Pts',(-44.0659854302667,-385.628667171198,70.1035162724936));
#6386=CARTESIAN_POINT('Ctrl Pts',(-44.0659854302666,-385.628667171198,68.1035162724936));
#6387=CARTESIAN_POINT('',(-46.4234379729531,-398.760536110788,68.1035162724936));
#6388=CARTESIAN_POINT('',(-46.4234379729531,-398.760536110788,70.1035162724936));
#6389=CARTESIAN_POINT('Ctrl Pts',(-44.0659854302667,-385.628667171198,68.1035162724936));
#6390=CARTESIAN_POINT('Ctrl Pts',(-45.9610892319939,-391.074144523722,68.1035162724936));
#6391=CARTESIAN_POINT('Ctrl Pts',(-46.1306431994698,-395.040594857889,68.1035162724936));
#6392=CARTESIAN_POINT('Ctrl Pts',(-46.4234379729531,-398.760536110788,68.1035162724936));
#6393=CARTESIAN_POINT('Ctrl Pts',(-65.5968533322594,-428.141800778109,70.1035162724936));
#6394=CARTESIAN_POINT('Ctrl Pts',(-65.5968533322594,-428.141800778109,68.1035162724936));
#6395=CARTESIAN_POINT('Ctrl Pts',(-69.4357776568673,-411.03497977038,70.1035162724935));
#6396=CARTESIAN_POINT('Ctrl Pts',(-69.4357776568673,-411.03497977038,68.1035162724935));
#6397=CARTESIAN_POINT('Ctrl Pts',(-60.3330576226494,-399.597853897196,70.1035162724935));
#6398=CARTESIAN_POINT('Ctrl Pts',(-60.3330576226494,-399.597853897196,68.1035162724935));
#6399=CARTESIAN_POINT('Ctrl Pts',(-46.4234379729531,-398.760536110788,70.1035162724936));
#6400=CARTESIAN_POINT('Ctrl Pts',(-46.4234379729531,-398.760536110788,68.1035162724936));
#6401=CARTESIAN_POINT('',(-65.5968533322594,-428.141800778109,68.1035162724936));
#6402=CARTESIAN_POINT('',(-65.5968533322594,-428.141800778109,70.1035162724936));
#6403=CARTESIAN_POINT('Ctrl Pts',(-46.4234379729531,-398.760536110788,68.1035162724936));
#6404=CARTESIAN_POINT('Ctrl Pts',(-60.3330576226494,-399.597853897196,68.1035162724935));
#6405=CARTESIAN_POINT('Ctrl Pts',(-69.4357776568673,-411.03497977038,68.1035162724935));
#6406=CARTESIAN_POINT('Ctrl Pts',(-65.5968533322594,-428.141800778109,68.1035162724936));
#6407=CARTESIAN_POINT('Ctrl Pts',(-72.8688162911675,-428.439581221109,70.1035162724935));
#6408=CARTESIAN_POINT('Ctrl Pts',(-72.8688162911675,-428.439581221109,68.1035162724935));
#6409=CARTESIAN_POINT('Ctrl Pts',(-70.2394181384347,-428.134919730097,70.1035162724935));
#6410=CARTESIAN_POINT('Ctrl Pts',(-70.2394181384347,-428.134919730097,68.1035162724935));
#6411=CARTESIAN_POINT('Ctrl Pts',(-67.4867517104409,-428.076726116472,70.1035162724936));
#6412=CARTESIAN_POINT('Ctrl Pts',(-67.4867517104409,-428.076726116472,68.1035162724936));
#6413=CARTESIAN_POINT('Ctrl Pts',(-65.5968533322594,-428.141800778109,70.1035162724936));
#6414=CARTESIAN_POINT('Ctrl Pts',(-65.5968533322594,-428.141800778109,68.1035162724936));
#6415=CARTESIAN_POINT('',(-72.8688162911675,-428.439581221109,68.1035162724935));
#6416=CARTESIAN_POINT('',(-72.8688162911675,-428.439581221109,70.1035162724935));
#6417=CARTESIAN_POINT('Ctrl Pts',(-65.5968533322594,-428.141800778109,68.1035162724936));
#6418=CARTESIAN_POINT('Ctrl Pts',(-67.4867517104409,-428.076726116472,68.1035162724936));
#6419=CARTESIAN_POINT('Ctrl Pts',(-70.2394181384347,-428.134919730097,68.1035162724935));
#6420=CARTESIAN_POINT('Ctrl Pts',(-72.8688162911675,-428.439581221109,68.1035162724935));
#6421=CARTESIAN_POINT('Ctrl Pts',(-21.4888308617,-366.232038549599,70.1035162724936));
#6422=CARTESIAN_POINT('Ctrl Pts',(-21.4888308617,-366.232038549599,68.1035162724936));
#6423=CARTESIAN_POINT('Ctrl Pts',(-44.1028346869997,-377.61952659822,70.1035162724936));
#6424=CARTESIAN_POINT('Ctrl Pts',(-44.1028346869997,-377.61952659822,68.1035162724936));
#6425=CARTESIAN_POINT('Ctrl Pts',(-63.7427409142081,-397.698067623326,70.1035162724935));
#6426=CARTESIAN_POINT('Ctrl Pts',(-63.7427409142081,-397.698067623326,68.1035162724935));
#6427=CARTESIAN_POINT('Ctrl Pts',(-72.8688162911675,-428.439581221109,70.1035162724935));
#6428=CARTESIAN_POINT('Ctrl Pts',(-72.8688162911675,-428.439581221109,68.1035162724935));
#6429=CARTESIAN_POINT('',(-21.4888308617,-366.232038549599,68.1035162724936));
#6430=CARTESIAN_POINT('',(-21.4888308617,-366.232038549599,70.1035162724936));
#6431=CARTESIAN_POINT('Ctrl Pts',(-72.8688162911675,-428.439581221109,68.1035162724935));
#6432=CARTESIAN_POINT('Ctrl Pts',(-63.7427409142081,-397.698067623326,68.1035162724935));
#6433=CARTESIAN_POINT('Ctrl Pts',(-44.1028346869997,-377.61952659822,68.1035162724935));
#6434=CARTESIAN_POINT('Ctrl Pts',(-21.4888308617,-366.232038549599,68.1035162724937));
#6435=CARTESIAN_POINT('Ctrl Pts',(-1.55616186840752,-358.554668720346,70.1035162724938));
#6436=CARTESIAN_POINT('Ctrl Pts',(-1.55616186840751,-358.554668720346,68.1035162724938));
#6437=CARTESIAN_POINT('Ctrl Pts',(-7.92792909045303,-360.324639964188,70.1035162724937));
#6438=CARTESIAN_POINT('Ctrl Pts',(-7.92792909045302,-360.324639964188,68.1035162724937));
#6439=CARTESIAN_POINT('Ctrl Pts',(-14.2403987521812,-362.682193721098,70.1035162724937));
#6440=CARTESIAN_POINT('Ctrl Pts',(-14.2403987521812,-362.682193721098,68.1035162724937));
#6441=CARTESIAN_POINT('Ctrl Pts',(-20.3470144670048,-365.665659916156,70.1035162724936));
#6442=CARTESIAN_POINT('Ctrl Pts',(-20.3470144670048,-365.665659916156,68.1035162724936));
#6443=CARTESIAN_POINT('',(-1.5561618684075,-358.554668720346,68.1035162724938));
#6444=CARTESIAN_POINT('',(-1.55616186840752,-358.554668720346,70.1035162724938));
#6445=CARTESIAN_POINT('',(-20.3470144670048,-365.665659916156,68.1035162724936));
#6446=CARTESIAN_POINT('Ctrl Pts',(-20.3470144670048,-365.665659916156,68.1035162724937));
#6447=CARTESIAN_POINT('Ctrl Pts',(-14.2403987521812,-362.682193721098,68.1035162724937));
#6448=CARTESIAN_POINT('Ctrl Pts',(-7.92792909045301,-360.324639964188,68.1035162724937));
#6449=CARTESIAN_POINT('Ctrl Pts',(-1.5561618684075,-358.554668720346,68.1035162724938));
#6450=CARTESIAN_POINT('',(-20.3470144670048,-365.665659916156,70.1035162724937));
#6451=CARTESIAN_POINT('Ctrl Pts',(-2.29568911221246,-365.03581933909,70.1035162724938));
#6452=CARTESIAN_POINT('Ctrl Pts',(-2.29568911221244,-365.03581933909,68.1035162724938));
#6453=CARTESIAN_POINT('Ctrl Pts',(-1.35074679043512,-363.286275111872,70.1035162724938));
#6454=CARTESIAN_POINT('Ctrl Pts',(-1.3507467904351,-363.286275111872,68.1035162724938));
#6455=CARTESIAN_POINT('Ctrl Pts',(-1.02204970257499,-360.427467488199,70.1035162724938));
#6456=CARTESIAN_POINT('Ctrl Pts',(-1.02204970257497,-360.427467488199,68.1035162724938));
#6457=CARTESIAN_POINT('Ctrl Pts',(-1.55616186840752,-358.554668720346,70.1035162724938));
#6458=CARTESIAN_POINT('Ctrl Pts',(-1.55616186840751,-358.554668720346,68.1035162724938));
#6459=CARTESIAN_POINT('',(-2.29568911221244,-365.03581933909,68.1035162724938));
#6460=CARTESIAN_POINT('',(-2.29568911221246,-365.03581933909,70.1035162724938));
#6461=CARTESIAN_POINT('Ctrl Pts',(-1.5561618684075,-358.554668720346,68.1035162724938));
#6462=CARTESIAN_POINT('Ctrl Pts',(-1.02204970257497,-360.427467488199,68.1035162724938));
#6463=CARTESIAN_POINT('Ctrl Pts',(-1.3507467904351,-363.286275111872,68.1035162724938));
#6464=CARTESIAN_POINT('Ctrl Pts',(-2.29568911221244,-365.03581933909,68.1035162724938));
#6465=CARTESIAN_POINT('Ctrl Pts',(-19.3120902964463,-366.049450960686,70.1035162724937));
#6466=CARTESIAN_POINT('Ctrl Pts',(-19.3120902964463,-366.049450960686,68.1035162724937));
#6467=CARTESIAN_POINT('Ctrl Pts',(-14.2508913362454,-363.628641140171,70.1035162724937));
#6468=CARTESIAN_POINT('Ctrl Pts',(-14.2508913362454,-363.628641140171,68.1035162724937));
#6469=CARTESIAN_POINT('Ctrl Pts',(-8.15033794193407,-362.97976260763,70.1035162724937));
#6470=CARTESIAN_POINT('Ctrl Pts',(-8.15033794193406,-362.97976260763,68.1035162724937));
#6471=CARTESIAN_POINT('Ctrl Pts',(-2.29568911221246,-365.03581933909,70.1035162724938));
#6472=CARTESIAN_POINT('Ctrl Pts',(-2.29568911221244,-365.03581933909,68.1035162724938));
#6473=CARTESIAN_POINT('',(-19.3120902965952,-366.049450960757,68.1035162724937));
#6474=CARTESIAN_POINT('',(-19.3120902964463,-366.049450960686,70.1035162724937));
#6475=CARTESIAN_POINT('Ctrl Pts',(-2.29568911221244,-365.03581933909,68.1035162724938));
#6476=CARTESIAN_POINT('Ctrl Pts',(-8.15033794193405,-362.97976260763,68.1035162724937));
#6477=CARTESIAN_POINT('Ctrl Pts',(-14.2508913362454,-363.628641140171,68.1035162724937));
#6478=CARTESIAN_POINT('Ctrl Pts',(-19.3120902964463,-366.049450960686,68.1035162724937));
#6479=CARTESIAN_POINT('Ctrl Pts',(-28.1170613814874,-373.637866086386,70.1035162724936));
#6480=CARTESIAN_POINT('Ctrl Pts',(-28.1170613814874,-373.637866086386,68.1035162724936));
#6481=CARTESIAN_POINT('Ctrl Pts',(-26.5245095377705,-371.187528768834,70.1035162724936));
#6482=CARTESIAN_POINT('Ctrl Pts',(-26.5245095377704,-371.187528768834,68.1035162724936));
#6483=CARTESIAN_POINT('Ctrl Pts',(-24.3457930954768,-369.067181003377,70.1035162724936));
#6484=CARTESIAN_POINT('Ctrl Pts',(-24.3457930954768,-369.067181003377,68.1035162724936));
#6485=CARTESIAN_POINT('Ctrl Pts',(-21.7910885760855,-367.429395563604,70.1035162724936));
#6486=CARTESIAN_POINT('Ctrl Pts',(-21.7910885760855,-367.429395563604,68.1035162724936));
#6487=CARTESIAN_POINT('',(-28.1170613815077,-373.637866086418,68.1035162724936));
#6488=CARTESIAN_POINT('',(-28.1170613814874,-373.637866086386,70.1035162724936));
#6489=CARTESIAN_POINT('',(-21.7910885760855,-367.429395563604,68.1035162724936));
#6490=CARTESIAN_POINT('Ctrl Pts',(-21.7910885760855,-367.429395563604,68.1035162724936));
#6491=CARTESIAN_POINT('Ctrl Pts',(-24.3457930954768,-369.067181003377,68.1035162724936));
#6492=CARTESIAN_POINT('Ctrl Pts',(-26.5245095377704,-371.187528768834,68.1035162724936));
#6493=CARTESIAN_POINT('Ctrl Pts',(-28.1170613814874,-373.637866086386,68.1035162724936));
#6494=CARTESIAN_POINT('',(-21.7910885760855,-367.429395563604,70.1035162724936));
#6495=CARTESIAN_POINT('Ctrl Pts',(6.49927913996956,-388.059503824717,70.1035162724939));
#6496=CARTESIAN_POINT('Ctrl Pts',(6.49927913996958,-388.059503824717,68.1035162724939));
#6497=CARTESIAN_POINT('Ctrl Pts',(4.27007580922415,-379.793557710632,70.1035162724939));
#6498=CARTESIAN_POINT('Ctrl Pts',(4.27007580922416,-379.793557710632,68.1035162724939));
#6499=CARTESIAN_POINT('Ctrl Pts',(-4.19877459646385,-374.528436587078,70.1035162724938));
#6500=CARTESIAN_POINT('Ctrl Pts',(-4.19877459646384,-374.528436587078,68.1035162724938));
#6501=CARTESIAN_POINT('Ctrl Pts',(-9.95001218146067,-376.224562836779,70.1035162724937));
#6502=CARTESIAN_POINT('Ctrl Pts',(-9.95001218146066,-376.224562836779,68.1035162724937));
#6503=CARTESIAN_POINT('',(6.49927913996958,-388.059503824717,68.1035162724939));
#6504=CARTESIAN_POINT('',(6.49927913996956,-388.059503824717,70.1035162724939));
#6505=CARTESIAN_POINT('',(-9.95001218146066,-376.224562836779,68.1035162724938));
#6506=CARTESIAN_POINT('Ctrl Pts',(-9.95001218146066,-376.224562836779,68.1035162724937));
#6507=CARTESIAN_POINT('Ctrl Pts',(-4.19877459646383,-374.528436587078,68.1035162724938));
#6508=CARTESIAN_POINT('Ctrl Pts',(4.27007580922416,-379.793557710632,68.1035162724939));
#6509=CARTESIAN_POINT('Ctrl Pts',(6.49927913996958,-388.059503824717,68.1035162724939));
#6510=CARTESIAN_POINT('',(-9.95001218146066,-376.224562836779,70.1035162724938));
#6511=CARTESIAN_POINT('Ctrl Pts',(8.05868934435383,-426.872005129029,70.1035162724941));
#6512=CARTESIAN_POINT('Ctrl Pts',(8.05868934435384,-426.872005129029,68.1035162724941));
#6513=CARTESIAN_POINT('Ctrl Pts',(7.97565618653083,-415.46863580816,70.103516272494));
#6514=CARTESIAN_POINT('Ctrl Pts',(7.97565618653084,-415.46863580816,68.103516272494));
#6515=CARTESIAN_POINT('Ctrl Pts',(9.11530258531134,-397.759838196961,70.103516272494));
#6516=CARTESIAN_POINT('Ctrl Pts',(9.11530258531135,-397.759838196961,68.103516272494));
#6517=CARTESIAN_POINT('Ctrl Pts',(6.49927913996956,-388.059503824717,70.1035162724939));
#6518=CARTESIAN_POINT('Ctrl Pts',(6.49927913996958,-388.059503824717,68.1035162724939));
#6519=CARTESIAN_POINT('',(8.05868934435384,-426.872005129029,68.103516272494));
#6520=CARTESIAN_POINT('',(8.05868934435382,-426.872005129029,70.1035162724941));
#6521=CARTESIAN_POINT('Ctrl Pts',(6.49927913996958,-388.059503824717,68.1035162724939));
#6522=CARTESIAN_POINT('Ctrl Pts',(9.11530258531135,-397.759838196961,68.103516272494));
#6523=CARTESIAN_POINT('Ctrl Pts',(7.97565618653084,-415.46863580816,68.103516272494));
#6524=CARTESIAN_POINT('Ctrl Pts',(8.05868934435384,-426.872005129029,68.1035162724941));
#6525=CARTESIAN_POINT('Ctrl Pts',(41.2167622038581,-388.059503824717,70.1035162724941));
#6526=CARTESIAN_POINT('Ctrl Pts',(41.2167622038582,-388.059503824717,68.1035162724941));
#6527=CARTESIAN_POINT('Ctrl Pts',(38.8117961804023,-396.97722764059,70.1035162724942));
#6528=CARTESIAN_POINT('Ctrl Pts',(38.8117961804024,-396.97722764059,68.1035162724942));
#6529=CARTESIAN_POINT('Ctrl Pts',(39.5809405974457,-412.663317110037,70.1035162724942));
#6530=CARTESIAN_POINT('Ctrl Pts',(39.5809405974457,-412.663317110037,68.1035162724942));
#6531=CARTESIAN_POINT('Ctrl Pts',(39.6561878994856,-423.99636709909,70.1035162724942));
#6532=CARTESIAN_POINT('Ctrl Pts',(39.6561878994856,-423.99636709909,68.1035162724942));
#6533=CARTESIAN_POINT('',(41.2167622038582,-388.059503824717,68.1035162724941));
#6534=CARTESIAN_POINT('',(41.2167622038581,-388.059503824717,70.1035162724941));
#6535=CARTESIAN_POINT('',(39.6561878994856,-423.99636709909,68.1035162724943));
#6536=CARTESIAN_POINT('Ctrl Pts',(39.6561878994856,-423.99636709909,68.1035162724943));
#6537=CARTESIAN_POINT('Ctrl Pts',(39.5809405974457,-412.663317110037,68.1035162724942));
#6538=CARTESIAN_POINT('Ctrl Pts',(38.8117961804024,-396.97722764059,68.1035162724942));
#6539=CARTESIAN_POINT('Ctrl Pts',(41.2167622038581,-388.059503824717,68.1035162724941));
#6540=CARTESIAN_POINT('',(39.6561878994856,-423.99636709909,70.1035162724943));
#6541=CARTESIAN_POINT('Ctrl Pts',(62.273263566468,-380.610776219278,70.1035162724943));
#6542=CARTESIAN_POINT('Ctrl Pts',(62.273263566468,-380.610776219278,68.1035162724943));
#6543=CARTESIAN_POINT('Ctrl Pts',(58.4831109015205,-371.259802806192,70.1035162724942));
#6544=CARTESIAN_POINT('Ctrl Pts',(58.4831109015205,-371.259802806192,68.1035162724942));
#6545=CARTESIAN_POINT('Ctrl Pts',(44.2131633185127,-376.948767622095,70.1035162724941));
#6546=CARTESIAN_POINT('Ctrl Pts',(44.2131633185127,-376.948767622095,68.1035162724941));
#6547=CARTESIAN_POINT('Ctrl Pts',(41.2167622038581,-388.059503824717,70.1035162724941));
#6548=CARTESIAN_POINT('Ctrl Pts',(41.2167622038582,-388.059503824717,68.1035162724941));
#6549=CARTESIAN_POINT('',(62.273263566468,-380.610776219278,68.1035162724943));
#6550=CARTESIAN_POINT('',(62.273263566468,-380.610776219278,70.1035162724943));
#6551=CARTESIAN_POINT('Ctrl Pts',(41.2167622038581,-388.059503824717,68.1035162724941));
#6552=CARTESIAN_POINT('Ctrl Pts',(44.2131633185127,-376.948767622095,68.1035162724941));
#6553=CARTESIAN_POINT('Ctrl Pts',(58.4831109015205,-371.259802806192,68.1035162724942));
#6554=CARTESIAN_POINT('Ctrl Pts',(62.273263566468,-380.610776219278,68.1035162724943));
#6555=CARTESIAN_POINT('Ctrl Pts',(62.7903447951057,-399.315305155283,70.1035162724943));
#6556=CARTESIAN_POINT('Ctrl Pts',(62.7903447951057,-399.315305155283,68.1035162724943));
#6557=CARTESIAN_POINT('Ctrl Pts',(47.6510228068092,-390.498224154001,70.1035162724942));
#6558=CARTESIAN_POINT('Ctrl Pts',(47.6510228068092,-390.498224154001,68.1035162724942));
#6559=CARTESIAN_POINT('Ctrl Pts',(56.9524416865089,-381.169857936579,70.1035162724942));
#6560=CARTESIAN_POINT('Ctrl Pts',(56.9524416865089,-381.169857936579,68.1035162724942));
#6561=CARTESIAN_POINT('Ctrl Pts',(62.273263566468,-380.610776219278,70.1035162724943));
#6562=CARTESIAN_POINT('Ctrl Pts',(62.273263566468,-380.610776219278,68.1035162724943));
#6563=CARTESIAN_POINT('',(62.7903447951057,-399.315305155283,68.1035162724943));
#6564=CARTESIAN_POINT('',(62.7903447951057,-399.315305155283,70.1035162724943));
#6565=CARTESIAN_POINT('Ctrl Pts',(62.273263566468,-380.610776219278,68.1035162724943));
#6566=CARTESIAN_POINT('Ctrl Pts',(56.9524416865089,-381.169857936579,68.1035162724942));
#6567=CARTESIAN_POINT('Ctrl Pts',(47.6510228068092,-390.498224154001,68.1035162724942));
#6568=CARTESIAN_POINT('Ctrl Pts',(62.7903447951057,-399.315305155283,68.1035162724943));
#6569=CARTESIAN_POINT('Ctrl Pts',(63.1574988379218,-399.521352026087,70.1035162724943));
#6570=CARTESIAN_POINT('Ctrl Pts',(63.1574988379219,-399.521352026087,68.1035162724943));
#6571=CARTESIAN_POINT('Ctrl Pts',(63.0385020315864,-399.447487203318,70.1035162724943));
#6572=CARTESIAN_POINT('Ctrl Pts',(63.0385020315864,-399.447487203318,68.1035162724943));
#6573=CARTESIAN_POINT('Ctrl Pts',(62.9160166300514,-399.378704192453,70.1035162724943));
#6574=CARTESIAN_POINT('Ctrl Pts',(62.9160166300514,-399.378704192453,68.1035162724943));
#6575=CARTESIAN_POINT('Ctrl Pts',(62.7903447951057,-399.315305155283,70.1035162724943));
#6576=CARTESIAN_POINT('Ctrl Pts',(62.7903447951057,-399.315305155283,68.1035162724943));
#6577=CARTESIAN_POINT('',(63.1574988379219,-399.521352026087,68.1035162724943));
#6578=CARTESIAN_POINT('',(63.1574988379218,-399.521352026087,70.1035162724943));
#6579=CARTESIAN_POINT('Ctrl Pts',(62.7903447951057,-399.315305155283,68.1035162724943));
#6580=CARTESIAN_POINT('Ctrl Pts',(62.9160166300514,-399.378704192453,68.1035162724943));
#6581=CARTESIAN_POINT('Ctrl Pts',(63.0385020315864,-399.447487203318,68.1035162724943));
#6582=CARTESIAN_POINT('Ctrl Pts',(63.1574988379219,-399.521352026087,68.1035162724943));
#6583=CARTESIAN_POINT('Ctrl Pts',(65.421926753495,-403.58864199,70.1035162724944));
#6584=CARTESIAN_POINT('Ctrl Pts',(65.421926753495,-403.58864199,68.1035162724943));
#6585=CARTESIAN_POINT('Ctrl Pts',(65.421926753495,-401.871126912409,70.1035162724944));
#6586=CARTESIAN_POINT('Ctrl Pts',(65.421926753495,-401.871126912409,68.1035162724943));
#6587=CARTESIAN_POINT('Ctrl Pts',(64.5167873800971,-400.365042679316,70.1035162724943));
#6588=CARTESIAN_POINT('Ctrl Pts',(64.5167873800972,-400.365042679316,68.1035162724943));
#6589=CARTESIAN_POINT('Ctrl Pts',(63.1574988379218,-399.521352026087,70.1035162724943));
#6590=CARTESIAN_POINT('Ctrl Pts',(63.1574988379219,-399.521352026087,68.1035162724943));
#6591=CARTESIAN_POINT('',(65.421926753495,-403.58864199,68.1035162724943));
#6592=CARTESIAN_POINT('',(65.421926753495,-403.58864199,70.1035162724944));
#6593=CARTESIAN_POINT('Ctrl Pts',(63.1574988379219,-399.521352026087,68.1035162724943));
#6594=CARTESIAN_POINT('Ctrl Pts',(64.5167873800972,-400.365042679316,68.1035162724943));
#6595=CARTESIAN_POINT('Ctrl Pts',(65.421926753495,-401.871126912409,68.1035162724943));
#6596=CARTESIAN_POINT('Ctrl Pts',(65.421926753495,-403.58864199,68.1035162724943));
#6597=CARTESIAN_POINT('Ctrl Pts',(60.6383760035255,-408.372192739969,70.1035162724943));
#6598=CARTESIAN_POINT('Ctrl Pts',(60.6383760035255,-408.372192739969,68.1035162724943));
#6599=CARTESIAN_POINT('Ctrl Pts',(63.2802589319923,-408.372192739969,70.1035162724944));
#6600=CARTESIAN_POINT('Ctrl Pts',(63.2802589319923,-408.372192739969,68.1035162724944));
#6601=CARTESIAN_POINT('Ctrl Pts',(65.421926753495,-406.230524918467,70.1035162724944));
#6602=CARTESIAN_POINT('Ctrl Pts',(65.421926753495,-406.230524918467,68.1035162724944));
#6603=CARTESIAN_POINT('Ctrl Pts',(65.421926753495,-403.58864199,70.1035162724944));
#6604=CARTESIAN_POINT('Ctrl Pts',(65.421926753495,-403.58864199,68.1035162724943));
#6605=CARTESIAN_POINT('',(60.6383760035255,-408.372192739969,68.1035162724943));
#6606=CARTESIAN_POINT('',(60.6383760035255,-408.372192739969,70.1035162724943));
#6607=CARTESIAN_POINT('Ctrl Pts',(65.421926753495,-403.58864199,68.1035162724943));
#6608=CARTESIAN_POINT('Ctrl Pts',(65.421926753495,-406.230524918467,68.1035162724944));
#6609=CARTESIAN_POINT('Ctrl Pts',(63.2802589319923,-408.372192739969,68.1035162724944));
#6610=CARTESIAN_POINT('Ctrl Pts',(60.6383760035255,-408.372192739969,68.1035162724943));
#6611=CARTESIAN_POINT('Ctrl Pts',(55.8547977843025,-403.58864199,70.1035162724943));
#6612=CARTESIAN_POINT('Ctrl Pts',(55.8547977843025,-403.58864199,68.1035162724943));
#6613=CARTESIAN_POINT('Ctrl Pts',(55.8547977843025,-406.230524918467,70.1035162724943));
#6614=CARTESIAN_POINT('Ctrl Pts',(55.8547977843025,-406.230524918467,68.1035162724943));
#6615=CARTESIAN_POINT('Ctrl Pts',(57.9964930750587,-408.372192739969,70.1035162724943));
#6616=CARTESIAN_POINT('Ctrl Pts',(57.9964930750587,-408.372192739969,68.1035162724943));
#6617=CARTESIAN_POINT('Ctrl Pts',(60.6383760035255,-408.372192739969,70.1035162724943));
#6618=CARTESIAN_POINT('Ctrl Pts',(60.6383760035255,-408.372192739969,68.1035162724943));
#6619=CARTESIAN_POINT('',(55.8547977843025,-403.58864199,68.1035162724943));
#6620=CARTESIAN_POINT('',(55.8547977843025,-403.58864199,70.1035162724943));
#6621=CARTESIAN_POINT('Ctrl Pts',(60.6383760035255,-408.372192739969,68.1035162724943));
#6622=CARTESIAN_POINT('Ctrl Pts',(57.9964930750587,-408.372192739969,68.1035162724943));
#6623=CARTESIAN_POINT('Ctrl Pts',(55.8547977843025,-406.230524918467,68.1035162724943));
#6624=CARTESIAN_POINT('Ctrl Pts',(55.8547977843025,-403.58864199,68.1035162724943));
#6625=CARTESIAN_POINT('Ctrl Pts',(60.6071159929969,-399.211196684366,70.1035162724943));
#6626=CARTESIAN_POINT('Ctrl Pts',(60.6071159929969,-399.211196684366,68.1035162724943));
#6627=CARTESIAN_POINT('Ctrl Pts',(57.9652330645301,-399.211196684366,70.1035162724943));
#6628=CARTESIAN_POINT('Ctrl Pts',(57.9652330645301,-399.211196684366,68.1035162724943));
#6629=CARTESIAN_POINT('Ctrl Pts',(55.8547977843025,-400.946759061533,70.1035162724943));
#6630=CARTESIAN_POINT('Ctrl Pts',(55.8547977843025,-400.946759061533,68.1035162724943));
#6631=CARTESIAN_POINT('Ctrl Pts',(55.8547977843025,-403.58864199,70.1035162724943));
#6632=CARTESIAN_POINT('Ctrl Pts',(55.8547977843025,-403.58864199,68.1035162724943));
#6633=CARTESIAN_POINT('',(60.6071159929969,-399.211196684366,68.1035162724943));
#6634=CARTESIAN_POINT('',(60.6071159929969,-399.211196684366,70.1035162724943));
#6635=CARTESIAN_POINT('Ctrl Pts',(55.8547977843025,-403.58864199,68.1035162724943));
#6636=CARTESIAN_POINT('Ctrl Pts',(55.8547977843025,-400.946759061533,68.1035162724943));
#6637=CARTESIAN_POINT('Ctrl Pts',(57.9652330645301,-399.211196684366,68.1035162724943));
#6638=CARTESIAN_POINT('Ctrl Pts',(60.6071159929969,-399.211196684366,68.1035162724943));
#6639=CARTESIAN_POINT('Ctrl Pts',(50.4501122732856,-406.004040923029,70.1035162724943));
#6640=CARTESIAN_POINT('Ctrl Pts',(50.4501122732856,-406.004040923029,68.1035162724943));
#6641=CARTESIAN_POINT('Ctrl Pts',(49.42300941417,-402.08390375033,70.1035162724942));
#6642=CARTESIAN_POINT('Ctrl Pts',(49.42300941417,-402.08390375033,68.1035162724942));
#6643=CARTESIAN_POINT('Ctrl Pts',(54.1640652289131,-394.297359264856,70.1035162724942));
#6644=CARTESIAN_POINT('Ctrl Pts',(54.1640652289131,-394.297359264856,68.1035162724942));
#6645=CARTESIAN_POINT('Ctrl Pts',(60.6071159929969,-399.211196684366,70.1035162724943));
#6646=CARTESIAN_POINT('Ctrl Pts',(60.6071159929969,-399.211196684366,68.1035162724943));
#6647=CARTESIAN_POINT('',(50.4501122732856,-406.004040923029,68.1035162724943));
#6648=CARTESIAN_POINT('',(50.4501122732856,-406.004040923029,70.1035162724943));
#6649=CARTESIAN_POINT('Ctrl Pts',(60.6071159929969,-399.211196684366,68.1035162724943));
#6650=CARTESIAN_POINT('Ctrl Pts',(54.1640652289131,-394.297359264856,68.1035162724942));
#6651=CARTESIAN_POINT('Ctrl Pts',(49.42300941417,-402.08390375033,68.1035162724942));
#6652=CARTESIAN_POINT('Ctrl Pts',(50.4501122732856,-406.004040923029,68.1035162724943));
#6653=CARTESIAN_POINT('Ctrl Pts',(43.7224525732734,-407.483095410639,70.1035162724942));
#6654=CARTESIAN_POINT('Ctrl Pts',(43.7224525732734,-407.483095410639,68.1035162724942));
#6655=CARTESIAN_POINT('Ctrl Pts',(46.006081497071,-406.209456001001,70.1035162724942));
#6656=CARTESIAN_POINT('Ctrl Pts',(46.006081497071,-406.209456001001,68.1035162724942));
#6657=CARTESIAN_POINT('Ctrl Pts',(47.5502106463172,-406.045134926325,70.1035162724942));
#6658=CARTESIAN_POINT('Ctrl Pts',(47.5502106463172,-406.045134926325,68.1035162724942));
#6659=CARTESIAN_POINT('Ctrl Pts',(50.4501122732856,-406.004040923029,70.1035162724943));
#6660=CARTESIAN_POINT('Ctrl Pts',(50.4501122732856,-406.004040923029,68.1035162724943));
#6661=CARTESIAN_POINT('',(43.7224525732734,-407.483095410639,68.1035162724942));
#6662=CARTESIAN_POINT('',(43.7224525732734,-407.483095410639,70.1035162724942));
#6663=CARTESIAN_POINT('Ctrl Pts',(50.4501122732856,-406.004040923029,68.1035162724943));
#6664=CARTESIAN_POINT('Ctrl Pts',(47.5502106463172,-406.045134926325,68.1035162724942));
#6665=CARTESIAN_POINT('Ctrl Pts',(46.006081497071,-406.209456001001,68.1035162724942));
#6666=CARTESIAN_POINT('Ctrl Pts',(43.7224525732734,-407.483095410639,68.1035162724942));
#6667=CARTESIAN_POINT('Ctrl Pts',(48.3297056540229,-417.535715966898,70.1035162724943));
#6668=CARTESIAN_POINT('Ctrl Pts',(48.3297056540229,-417.535715966898,68.1035162724943));
#6669=CARTESIAN_POINT('Ctrl Pts',(45.520315217469,-413.97943652659,70.1035162724943));
#6670=CARTESIAN_POINT('Ctrl Pts',(45.520315217469,-413.97943652659,68.1035162724943));
#6671=CARTESIAN_POINT('Ctrl Pts',(45.0527885222175,-411.532420482737,70.1035162724942));
#6672=CARTESIAN_POINT('Ctrl Pts',(45.0527885222175,-411.532420482737,68.1035162724942));
#6673=CARTESIAN_POINT('Ctrl Pts',(43.7224525732734,-407.483095410639,70.1035162724942));
#6674=CARTESIAN_POINT('Ctrl Pts',(43.7224525732734,-407.483095410639,68.1035162724942));
#6675=CARTESIAN_POINT('',(48.3297056540229,-417.535715966898,68.1035162724943));
#6676=CARTESIAN_POINT('',(48.3297056540229,-417.535715966898,70.1035162724943));
#6677=CARTESIAN_POINT('Ctrl Pts',(43.7224525732734,-407.483095410639,68.1035162724942));
#6678=CARTESIAN_POINT('Ctrl Pts',(45.0527885222175,-411.532420482737,68.1035162724942));
#6679=CARTESIAN_POINT('Ctrl Pts',(45.520315217469,-413.97943652659,68.1035162724943));
#6680=CARTESIAN_POINT('Ctrl Pts',(48.3297056540229,-417.535715966898,68.1035162724943));
#6681=CARTESIAN_POINT('Ctrl Pts',(43.0364354353645,-423.484292698008,70.1035162724943));
#6682=CARTESIAN_POINT('Ctrl Pts',(43.0364354353645,-423.484292698008,68.1035162724943));
#6683=CARTESIAN_POINT('Ctrl Pts',(42.7801747690894,-420.505829005915,70.1035162724943));
#6684=CARTESIAN_POINT('Ctrl Pts',(42.7801747690895,-420.505829005915,68.1035162724943));
#6685=CARTESIAN_POINT('Ctrl Pts',(44.756065645478,-417.677649599939,70.1035162724943));
#6686=CARTESIAN_POINT('Ctrl Pts',(44.756065645478,-417.677649599939,68.1035162724943));
#6687=CARTESIAN_POINT('Ctrl Pts',(48.3297056540229,-417.535715966898,70.1035162724943));
#6688=CARTESIAN_POINT('Ctrl Pts',(48.3297056540229,-417.535715966898,68.1035162724943));
#6689=CARTESIAN_POINT('',(43.0364354353645,-423.484292698008,68.1035162724943));
#6690=CARTESIAN_POINT('',(43.0364354353645,-423.484292698008,70.1035162724943));
#6691=CARTESIAN_POINT('Ctrl Pts',(48.3297056540229,-417.535715966898,68.1035162724943));
#6692=CARTESIAN_POINT('Ctrl Pts',(44.756065645478,-417.677649599939,68.1035162724943));
#6693=CARTESIAN_POINT('Ctrl Pts',(42.7801747690895,-420.505829005915,68.1035162724943));
#6694=CARTESIAN_POINT('Ctrl Pts',(43.0364354353645,-423.484292698008,68.1035162724943));
#6695=CARTESIAN_POINT('Ctrl Pts',(43.4601007349561,-425.463178539436,70.1035162724943));
#6696=CARTESIAN_POINT('Ctrl Pts',(43.4601007349561,-425.463178539436,68.1035162724943));
#6697=CARTESIAN_POINT('Ctrl Pts',(43.2492969509123,-424.802591303231,70.1035162724943));
#6698=CARTESIAN_POINT('Ctrl Pts',(43.2492969509124,-424.802591303231,68.1035162724943));
#6699=CARTESIAN_POINT('Ctrl Pts',(43.092746991612,-424.138785371417,70.1035162724943));
#6700=CARTESIAN_POINT('Ctrl Pts',(43.092746991612,-424.138785371417,68.1035162724943));
#6701=CARTESIAN_POINT('Ctrl Pts',(43.0364354353645,-423.484292698008,70.1035162724943));
#6702=CARTESIAN_POINT('Ctrl Pts',(43.0364354353645,-423.484292698008,68.1035162724943));
#6703=CARTESIAN_POINT('',(43.4601007349563,-425.463178539436,68.1035162724943));
#6704=CARTESIAN_POINT('',(43.4601007349561,-425.463178539436,70.1035162724943));
#6705=CARTESIAN_POINT('Ctrl Pts',(43.0364354353645,-423.484292698008,68.1035162724943));
#6706=CARTESIAN_POINT('Ctrl Pts',(43.092746991612,-424.138785371417,68.1035162724943));
#6707=CARTESIAN_POINT('Ctrl Pts',(43.2492969509123,-424.802591303231,68.1035162724943));
#6708=CARTESIAN_POINT('Ctrl Pts',(43.4601007349561,-425.463178539436,68.1035162724943));
#6709=CARTESIAN_POINT('Ctrl Pts',(60.3679137331702,-429.573937780672,70.1035162724944));
#6710=CARTESIAN_POINT('Ctrl Pts',(60.3679137331703,-429.573937780672,68.1035162724944));
#6711=CARTESIAN_POINT('Ctrl Pts',(60.2600343069791,-432.290152572577,70.1035162724944));
#6712=CARTESIAN_POINT('Ctrl Pts',(60.2600343069791,-432.290152572577,68.1035162724944));
#6713=CARTESIAN_POINT('Ctrl Pts',(58.6002796453031,-434.083330725394,70.1035162724944));
#6714=CARTESIAN_POINT('Ctrl Pts',(58.6002796453032,-434.083330725394,68.1035162724944));
#6715=CARTESIAN_POINT('Ctrl Pts',(56.5022176169274,-434.674920455044,70.1035162724944));
#6716=CARTESIAN_POINT('Ctrl Pts',(56.5022176169275,-434.674920455044,68.1035162724944));
#6717=CARTESIAN_POINT('',(60.3679137331703,-429.573937780672,68.1035162724944));
#6718=CARTESIAN_POINT('',(60.3679137331702,-429.573937780672,70.1035162724944));
#6719=CARTESIAN_POINT('',(56.502217616913,-434.674920455048,68.1035162724944));
#6720=CARTESIAN_POINT('Ctrl Pts',(56.5022176169275,-434.674920455044,68.1035162724944));
#6721=CARTESIAN_POINT('Ctrl Pts',(58.6002796453031,-434.083330725394,68.1035162724944));
#6722=CARTESIAN_POINT('Ctrl Pts',(60.2600343069791,-432.290152572577,68.1035162724944));
#6723=CARTESIAN_POINT('Ctrl Pts',(60.3679137331703,-429.573937780672,68.1035162724944));
#6724=CARTESIAN_POINT('',(56.5022176169274,-434.674920455044,70.1035162724944));
#6725=CARTESIAN_POINT('Ctrl Pts',(70.4205342894294,-434.181190861422,70.1035162724945));
#6726=CARTESIAN_POINT('Ctrl Pts',(70.4205342894294,-434.181190861422,68.1035162724945));
#6727=CARTESIAN_POINT('Ctrl Pts',(66.3712366865852,-432.850854912478,70.1035162724945));
#6728=CARTESIAN_POINT('Ctrl Pts',(66.3712366865852,-432.850854912478,68.1035162724945));
#6729=CARTESIAN_POINT('Ctrl Pts',(63.9242206427314,-432.383314482599,70.1035162724944));
#6730=CARTESIAN_POINT('Ctrl Pts',(63.9242206427314,-432.383314482599,68.1035162724944));
#6731=CARTESIAN_POINT('Ctrl Pts',(60.3679137331702,-429.573937780672,70.1035162724944));
#6732=CARTESIAN_POINT('Ctrl Pts',(60.3679137331703,-429.573937780672,68.1035162724944));
#6733=CARTESIAN_POINT('',(70.4205342894294,-434.181190861422,68.1035162724945));
#6734=CARTESIAN_POINT('',(70.4205342894294,-434.181190861422,70.1035162724945));
#6735=CARTESIAN_POINT('Ctrl Pts',(60.3679137331703,-429.573937780672,68.1035162724944));
#6736=CARTESIAN_POINT('Ctrl Pts',(63.9242206427314,-432.383314482599,68.1035162724944));
#6737=CARTESIAN_POINT('Ctrl Pts',(66.3712366865852,-432.850854912478,68.1035162724945));
#6738=CARTESIAN_POINT('Ctrl Pts',(70.4205342894294,-434.181190861422,68.1035162724945));
#6739=CARTESIAN_POINT('Ctrl Pts',(71.8995887770393,-427.453531161409,70.1035162724945));
#6740=CARTESIAN_POINT('Ctrl Pts',(71.8995887770393,-427.453531161409,68.1035162724945));
#6741=CARTESIAN_POINT('Ctrl Pts',(71.8584947737434,-430.353432788378,70.1035162724945));
#6742=CARTESIAN_POINT('Ctrl Pts',(71.8584947737434,-430.353432788378,68.1035162724945));
#6743=CARTESIAN_POINT('Ctrl Pts',(71.6941462298133,-431.897548202997,70.1035162724945));
#6744=CARTESIAN_POINT('Ctrl Pts',(71.6941462298133,-431.897548202997,68.1035162724945));
#6745=CARTESIAN_POINT('Ctrl Pts',(70.4205342894294,-434.181190861422,70.1035162724945));
#6746=CARTESIAN_POINT('Ctrl Pts',(70.4205342894294,-434.181190861422,68.1035162724945));
#6747=CARTESIAN_POINT('',(71.8995887770393,-427.453531161409,68.1035162724945));
#6748=CARTESIAN_POINT('',(71.8995887770393,-427.453531161409,70.1035162724945));
#6749=CARTESIAN_POINT('Ctrl Pts',(70.4205342894294,-434.181190861422,68.1035162724945));
#6750=CARTESIAN_POINT('Ctrl Pts',(71.6941462298133,-431.897548202997,68.1035162724945));
#6751=CARTESIAN_POINT('Ctrl Pts',(71.8584947737434,-430.353432788378,68.1035162724945));
#6752=CARTESIAN_POINT('Ctrl Pts',(71.8995887770393,-427.453531161409,68.1035162724945));
#6753=CARTESIAN_POINT('Ctrl Pts',(78.692433015702,-417.296541176325,70.1035162724945));
#6754=CARTESIAN_POINT('Ctrl Pts',(78.692433015702,-417.296541176325,68.1035162724945));
#6755=CARTESIAN_POINT('Ctrl Pts',(83.6062979044654,-423.739591940409,70.1035162724945));
#6756=CARTESIAN_POINT('Ctrl Pts',(83.6062979044654,-423.739591940409,68.1035162724945));
#6757=CARTESIAN_POINT('Ctrl Pts',(75.8197259497383,-428.480647755152,70.1035162724945));
#6758=CARTESIAN_POINT('Ctrl Pts',(75.8197259497383,-428.480647755152,68.1035162724945));
#6759=CARTESIAN_POINT('Ctrl Pts',(71.8995887770393,-427.453531161409,70.1035162724945));
#6760=CARTESIAN_POINT('Ctrl Pts',(71.8995887770393,-427.453531161409,68.1035162724945));
#6761=CARTESIAN_POINT('',(78.692433015702,-417.296541176325,68.1035162724945));
#6762=CARTESIAN_POINT('',(78.692433015702,-417.296541176325,70.1035162724945));
#6763=CARTESIAN_POINT('Ctrl Pts',(71.8995887770393,-427.453531161409,68.1035162724945));
#6764=CARTESIAN_POINT('Ctrl Pts',(75.8197259497383,-428.480647755152,68.1035162724945));
#6765=CARTESIAN_POINT('Ctrl Pts',(83.6062979044654,-423.739591940409,68.1035162724945));
#6766=CARTESIAN_POINT('Ctrl Pts',(78.692433015702,-417.296541176325,68.1035162724945));
#6767=CARTESIAN_POINT('Ctrl Pts',(74.3149877100685,-422.048859385019,70.1035162724945));
#6768=CARTESIAN_POINT('Ctrl Pts',(74.3149877100685,-422.048859385019,68.1035162724945));
#6769=CARTESIAN_POINT('Ctrl Pts',(76.9568706385352,-422.048859385019,70.1035162724945));
#6770=CARTESIAN_POINT('Ctrl Pts',(76.9568706385353,-422.048859385019,68.1035162724945));
#6771=CARTESIAN_POINT('Ctrl Pts',(78.692433015702,-419.938424104792,70.1035162724945));
#6772=CARTESIAN_POINT('Ctrl Pts',(78.692433015702,-419.938424104792,68.1035162724945));
#6773=CARTESIAN_POINT('Ctrl Pts',(78.692433015702,-417.296541176325,70.1035162724945));
#6774=CARTESIAN_POINT('Ctrl Pts',(78.692433015702,-417.296541176325,68.1035162724945));
#6775=CARTESIAN_POINT('',(74.3149877100685,-422.048859385019,68.1035162724945));
#6776=CARTESIAN_POINT('',(74.3149877100685,-422.048859385019,70.1035162724945));
#6777=CARTESIAN_POINT('Ctrl Pts',(78.692433015702,-417.296541176325,68.1035162724945));
#6778=CARTESIAN_POINT('Ctrl Pts',(78.692433015702,-419.938424104792,68.1035162724945));
#6779=CARTESIAN_POINT('Ctrl Pts',(76.9568706385353,-422.048859385019,68.1035162724945));
#6780=CARTESIAN_POINT('Ctrl Pts',(74.3149877100685,-422.048859385019,68.1035162724945));
#6781=CARTESIAN_POINT('Ctrl Pts',(69.531436960099,-417.265281165796,70.1035162724944));
#6782=CARTESIAN_POINT('Ctrl Pts',(69.531436960099,-417.265281165796,68.1035162724944));
#6783=CARTESIAN_POINT('Ctrl Pts',(69.531436960099,-419.907191563517,70.1035162724944));
#6784=CARTESIAN_POINT('Ctrl Pts',(69.531436960099,-419.907191563517,68.1035162724944));
#6785=CARTESIAN_POINT('Ctrl Pts',(71.6731047816017,-422.048859385019,70.1035162724945));
#6786=CARTESIAN_POINT('Ctrl Pts',(71.6731047816017,-422.048859385019,68.1035162724945));
#6787=CARTESIAN_POINT('Ctrl Pts',(74.3149877100685,-422.048859385019,70.1035162724945));
#6788=CARTESIAN_POINT('Ctrl Pts',(74.3149877100685,-422.048859385019,68.1035162724945));
#6789=CARTESIAN_POINT('',(69.531436960099,-417.265281165796,68.1035162724944));
#6790=CARTESIAN_POINT('',(69.531436960099,-417.265281165796,70.1035162724944));
#6791=CARTESIAN_POINT('Ctrl Pts',(74.3149877100685,-422.048859385019,68.1035162724945));
#6792=CARTESIAN_POINT('Ctrl Pts',(71.6731047816017,-422.048859385019,68.1035162724945));
#6793=CARTESIAN_POINT('Ctrl Pts',(69.531436960099,-419.907191563517,68.1035162724944));
#6794=CARTESIAN_POINT('Ctrl Pts',(69.531436960099,-417.265281165796,68.1035162724944));
#6795=CARTESIAN_POINT('Ctrl Pts',(74.3149877100685,-412.481730415827,70.1035162724944));
#6796=CARTESIAN_POINT('Ctrl Pts',(74.3149877100685,-412.481730415827,68.1035162724944));
#6797=CARTESIAN_POINT('Ctrl Pts',(71.6731047816017,-412.481730415827,70.1035162724944));
#6798=CARTESIAN_POINT('Ctrl Pts',(71.6731047816017,-412.481730415827,68.1035162724944));
#6799=CARTESIAN_POINT('Ctrl Pts',(69.531436960099,-414.623398237329,70.1035162724944));
#6800=CARTESIAN_POINT('Ctrl Pts',(69.531436960099,-414.623398237329,68.1035162724944));
#6801=CARTESIAN_POINT('Ctrl Pts',(69.531436960099,-417.265281165796,70.1035162724944));
#6802=CARTESIAN_POINT('Ctrl Pts',(69.531436960099,-417.265281165796,68.1035162724944));
#6803=CARTESIAN_POINT('',(74.3149877100685,-412.481730415827,68.1035162724944));
#6804=CARTESIAN_POINT('',(74.3149877100685,-412.481730415827,70.1035162724944));
#6805=CARTESIAN_POINT('Ctrl Pts',(69.531436960099,-417.265281165796,68.1035162724944));
#6806=CARTESIAN_POINT('Ctrl Pts',(69.531436960099,-414.62339823733,68.1035162724944));
#6807=CARTESIAN_POINT('Ctrl Pts',(71.6731047816017,-412.481730415827,68.1035162724944));
#6808=CARTESIAN_POINT('Ctrl Pts',(74.3149877100685,-412.481730415827,68.1035162724944));
#6809=CARTESIAN_POINT('Ctrl Pts',(78.3822776739814,-414.7461583314,70.1035162724945));
#6810=CARTESIAN_POINT('Ctrl Pts',(78.3822776739814,-414.7461583314,68.1035162724945));
#6811=CARTESIAN_POINT('Ctrl Pts',(77.5385870207526,-413.386869789225,70.1035162724945));
#6812=CARTESIAN_POINT('Ctrl Pts',(77.5385870207527,-413.386869789225,68.1035162724945));
#6813=CARTESIAN_POINT('Ctrl Pts',(76.0324753184059,-412.481730415827,70.1035162724945));
#6814=CARTESIAN_POINT('Ctrl Pts',(76.0324753184059,-412.481730415827,68.1035162724945));
#6815=CARTESIAN_POINT('Ctrl Pts',(74.3149877100685,-412.481730415827,70.1035162724944));
#6816=CARTESIAN_POINT('Ctrl Pts',(74.3149877100685,-412.481730415827,68.1035162724944));
#6817=CARTESIAN_POINT('',(78.3822776739814,-414.7461583314,68.1035162724945));
#6818=CARTESIAN_POINT('',(78.3822776739814,-414.7461583314,70.1035162724945));
#6819=CARTESIAN_POINT('Ctrl Pts',(74.3149877100685,-412.481730415827,68.1035162724944));
#6820=CARTESIAN_POINT('Ctrl Pts',(76.0324753184059,-412.481730415827,68.1035162724945));
#6821=CARTESIAN_POINT('Ctrl Pts',(77.5385870207527,-413.386869789225,68.1035162724945));
#6822=CARTESIAN_POINT('Ctrl Pts',(78.3822776739814,-414.7461583314,68.1035162724945));
#6823=CARTESIAN_POINT('Ctrl Pts',(78.5883245447853,-415.113312374216,70.1035162724945));
#6824=CARTESIAN_POINT('Ctrl Pts',(78.5883245447853,-415.113312374216,68.1035162724945));
#6825=CARTESIAN_POINT('Ctrl Pts',(78.5249255076148,-414.98764053927,70.1035162724945));
#6826=CARTESIAN_POINT('Ctrl Pts',(78.5249255076149,-414.98764053927,68.1035162724945));
#6827=CARTESIAN_POINT('Ctrl Pts',(78.4561424967506,-414.865155137735,70.1035162724945));
#6828=CARTESIAN_POINT('Ctrl Pts',(78.4561424967506,-414.865155137735,68.1035162724945));
#6829=CARTESIAN_POINT('Ctrl Pts',(78.3822776739814,-414.7461583314,70.1035162724945));
#6830=CARTESIAN_POINT('Ctrl Pts',(78.3822776739814,-414.7461583314,68.1035162724945));
#6831=CARTESIAN_POINT('',(78.5883245447853,-415.113312374216,68.1035162724945));
#6832=CARTESIAN_POINT('',(78.5883245447853,-415.113312374216,70.1035162724945));
#6833=CARTESIAN_POINT('Ctrl Pts',(78.3822776739814,-414.7461583314,68.1035162724945));
#6834=CARTESIAN_POINT('Ctrl Pts',(78.4561424967506,-414.865155137735,68.1035162724945));
#6835=CARTESIAN_POINT('Ctrl Pts',(78.5249255076149,-414.98764053927,68.1035162724945));
#6836=CARTESIAN_POINT('Ctrl Pts',(78.5883245447853,-415.113312374216,68.1035162724945));
#6837=CARTESIAN_POINT('Ctrl Pts',(97.2928534807899,-415.630393602854,70.1035162724946));
#6838=CARTESIAN_POINT('Ctrl Pts',(97.2928534807899,-415.630393602854,68.1035162724946));
#6839=CARTESIAN_POINT('Ctrl Pts',(96.7337717634895,-420.951215482813,70.1035162724946));
#6840=CARTESIAN_POINT('Ctrl Pts',(96.7337717634895,-420.951215482813,68.1035162724946));
#6841=CARTESIAN_POINT('Ctrl Pts',(87.405405546067,-430.252620627886,70.1035162724946));
#6842=CARTESIAN_POINT('Ctrl Pts',(87.405405546067,-430.252620627886,68.1035162724946));
#6843=CARTESIAN_POINT('Ctrl Pts',(78.5883245447853,-415.113312374216,70.1035162724945));
#6844=CARTESIAN_POINT('Ctrl Pts',(78.5883245447853,-415.113312374216,68.1035162724945));
#6845=CARTESIAN_POINT('',(97.2928534807899,-415.630393602854,68.1035162724946));
#6846=CARTESIAN_POINT('',(97.2928534807899,-415.630393602854,70.1035162724946));
#6847=CARTESIAN_POINT('Ctrl Pts',(78.5883245447853,-415.113312374216,68.1035162724945));
#6848=CARTESIAN_POINT('Ctrl Pts',(87.405405546067,-430.252620627886,68.1035162724946));
#6849=CARTESIAN_POINT('Ctrl Pts',(96.7337717634895,-420.951215482813,68.1035162724946));
#6850=CARTESIAN_POINT('Ctrl Pts',(97.2928534807899,-415.630393602854,68.1035162724946));
#6851=CARTESIAN_POINT('Ctrl Pts',(98.1379133641699,-431.513841482636,70.1035162724947));
#6852=CARTESIAN_POINT('Ctrl Pts',(98.1379133641699,-431.513841482636,68.1035162724947));
#6853=CARTESIAN_POINT('Ctrl Pts',(103.016623407005,-426.052925530261,70.1035162724947));
#6854=CARTESIAN_POINT('Ctrl Pts',(103.016623407005,-426.052925530261,68.1035162724947));
#6855=CARTESIAN_POINT('Ctrl Pts',(103.830639252274,-418.280300202949,70.1035162724947));
#6856=CARTESIAN_POINT('Ctrl Pts',(103.830639252274,-418.280300202949,68.1035162724947));
#6857=CARTESIAN_POINT('Ctrl Pts',(97.2928534807899,-415.630393602854,70.1035162724946));
#6858=CARTESIAN_POINT('Ctrl Pts',(97.2928534807899,-415.630393602854,68.1035162724946));
#6859=CARTESIAN_POINT('',(98.1379133641698,-431.513841482636,68.1035162724947));
#6860=CARTESIAN_POINT('',(98.1379133641698,-431.513841482636,70.1035162724947));
#6861=CARTESIAN_POINT('Ctrl Pts',(97.2928534807899,-415.630393602854,68.1035162724946));
#6862=CARTESIAN_POINT('Ctrl Pts',(103.830639252274,-418.280300202949,68.1035162724947));
#6863=CARTESIAN_POINT('Ctrl Pts',(103.016623407005,-426.052925530261,68.1035162724947));
#6864=CARTESIAN_POINT('Ctrl Pts',(98.1379133641699,-431.513841482636,68.1035162724947));
#6865=CARTESIAN_POINT('Ctrl Pts',(94.1395205206611,-398.760536110788,70.1035162724945));
#6866=CARTESIAN_POINT('Ctrl Pts',(94.1395205206611,-398.760536110788,68.1035162724945));
#6867=CARTESIAN_POINT('Ctrl Pts',(107.970556734994,-399.593124229921,70.1035162724946));
#6868=CARTESIAN_POINT('Ctrl Pts',(107.970556734994,-399.593124229921,68.1035162724946));
#6869=CARTESIAN_POINT('Ctrl Pts',(117.048871559571,-410.906110639008,70.1035162724947));
#6870=CARTESIAN_POINT('Ctrl Pts',(117.048871559571,-410.906110639008,68.1035162724947));
#6871=CARTESIAN_POINT('Ctrl Pts',(113.376738631562,-427.852455967459,70.1035162724948));
#6872=CARTESIAN_POINT('Ctrl Pts',(113.376738631562,-427.852455967459,68.1035162724948));
#6873=CARTESIAN_POINT('',(94.1395205206611,-398.760536110788,68.1035162724945));
#6874=CARTESIAN_POINT('',(94.1395205206611,-398.760536110788,70.1035162724945));
#6875=CARTESIAN_POINT('',(113.376738631562,-427.852455967459,68.1035162724948));
#6876=CARTESIAN_POINT('Ctrl Pts',(113.376738631562,-427.852455967459,68.1035162724948));
#6877=CARTESIAN_POINT('Ctrl Pts',(117.048871559571,-410.906110639008,68.1035162724947));
#6878=CARTESIAN_POINT('Ctrl Pts',(107.970556734994,-399.593124229921,68.1035162724946));
#6879=CARTESIAN_POINT('Ctrl Pts',(94.1395205206611,-398.760536110788,68.1035162724945));
#6880=CARTESIAN_POINT('',(113.376738631562,-427.852455967459,70.1035162724948));
#6881=CARTESIAN_POINT('Ctrl Pts',(91.7820542433478,-385.628667171198,70.1035162724945));
#6882=CARTESIAN_POINT('Ctrl Pts',(91.7820542433479,-385.628667171198,68.1035162724945));
#6883=CARTESIAN_POINT('Ctrl Pts',(93.6771580450751,-391.074144523722,70.1035162724945));
#6884=CARTESIAN_POINT('Ctrl Pts',(93.6771580450752,-391.074144523722,68.1035162724945));
#6885=CARTESIAN_POINT('Ctrl Pts',(93.8466982779242,-395.040594857889,70.1035162724945));
#6886=CARTESIAN_POINT('Ctrl Pts',(93.8466982779243,-395.040594857889,68.1035162724945));
#6887=CARTESIAN_POINT('Ctrl Pts',(94.1395205206611,-398.760536110788,70.1035162724945));
#6888=CARTESIAN_POINT('Ctrl Pts',(94.1395205206611,-398.760536110788,68.1035162724945));
#6889=CARTESIAN_POINT('',(91.7820542433479,-385.628667171198,68.1035162724945));
#6890=CARTESIAN_POINT('',(91.7820542433478,-385.628667171198,70.1035162724945));
#6891=CARTESIAN_POINT('Ctrl Pts',(94.1395205206611,-398.760536110788,68.1035162724945));
#6892=CARTESIAN_POINT('Ctrl Pts',(93.8466982779243,-395.040594857889,68.1035162724945));
#6893=CARTESIAN_POINT('Ctrl Pts',(93.6771580450752,-391.074144523722,68.1035162724945));
#6894=CARTESIAN_POINT('Ctrl Pts',(91.7820542433479,-385.628667171198,68.1035162724945));
#6895=CARTESIAN_POINT('Ctrl Pts',(83.2291308064923,-383.607214058993,70.1035162724944));
#6896=CARTESIAN_POINT('Ctrl Pts',(83.2291308064923,-383.607214058993,68.1035162724944));
#6897=CARTESIAN_POINT('Ctrl Pts',(85.8696010322177,-383.929498932309,70.1035162724944));
#6898=CARTESIAN_POINT('Ctrl Pts',(85.8696010322177,-383.929498932309,68.1035162724944));
#6899=CARTESIAN_POINT('Ctrl Pts',(88.7787513721355,-384.496656929468,70.1035162724945));
#6900=CARTESIAN_POINT('Ctrl Pts',(88.7787513721356,-384.496656929468,68.1035162724944));
#6901=CARTESIAN_POINT('Ctrl Pts',(91.7820542433478,-385.628667171198,70.1035162724945));
#6902=CARTESIAN_POINT('Ctrl Pts',(91.7820542433479,-385.628667171198,68.1035162724945));
#6903=CARTESIAN_POINT('',(83.2291308064923,-383.607214058993,68.1035162724944));
#6904=CARTESIAN_POINT('',(83.2291308064923,-383.607214058993,70.1035162724944));
#6905=CARTESIAN_POINT('Ctrl Pts',(91.7820542433479,-385.628667171198,68.1035162724945));
#6906=CARTESIAN_POINT('Ctrl Pts',(88.7787513721356,-384.496656929468,68.1035162724945));
#6907=CARTESIAN_POINT('Ctrl Pts',(85.8696010322177,-383.929498932309,68.1035162724944));
#6908=CARTESIAN_POINT('Ctrl Pts',(83.2291308064923,-383.607214058993,68.1035162724944));
#6909=CARTESIAN_POINT('Ctrl Pts',(50.0117304560401,-365.03581933909,70.1035162724941));
#6910=CARTESIAN_POINT('Ctrl Pts',(50.0117304560401,-365.03581933909,68.1035162724941));
#6911=CARTESIAN_POINT('Ctrl Pts',(61.7372702754387,-360.918001895746,70.1035162724942));
#6912=CARTESIAN_POINT('Ctrl Pts',(61.7372702754387,-360.918001895746,68.1035162724942));
#6913=CARTESIAN_POINT('Ctrl Pts',(74.4491590319949,-367.649962809217,70.1035162724943));
#6914=CARTESIAN_POINT('Ctrl Pts',(74.4491590319949,-367.649962809217,68.1035162724943));
#6915=CARTESIAN_POINT('Ctrl Pts',(77.822486585197,-377.73656672194,70.1035162724943));
#6916=CARTESIAN_POINT('Ctrl Pts',(77.822486585197,-377.73656672194,68.1035162724943));
#6917=CARTESIAN_POINT('',(50.0117304560401,-365.03581933909,68.1035162724941));
#6918=CARTESIAN_POINT('',(50.0117304560401,-365.03581933909,70.1035162724941));
#6919=CARTESIAN_POINT('',(77.822486585197,-377.73656672194,68.1035162724943));
#6920=CARTESIAN_POINT('Ctrl Pts',(77.822486585197,-377.73656672194,68.1035162724944));
#6921=CARTESIAN_POINT('Ctrl Pts',(74.4491590319949,-367.649962809217,68.1035162724943));
#6922=CARTESIAN_POINT('Ctrl Pts',(61.7372702754387,-360.918001895746,68.1035162724942));
#6923=CARTESIAN_POINT('Ctrl Pts',(50.0117304560401,-365.03581933909,68.1035162724941));
#6924=CARTESIAN_POINT('',(77.822486585197,-377.73656672194,70.1035162724944));
#6925=CARTESIAN_POINT('Ctrl Pts',(49.2722032122352,-358.554668720346,70.1035162724941));
#6926=CARTESIAN_POINT('Ctrl Pts',(49.2722032122352,-358.554668720346,68.1035162724941));
#6927=CARTESIAN_POINT('Ctrl Pts',(48.7380910464027,-360.427467488199,70.1035162724941));
#6928=CARTESIAN_POINT('Ctrl Pts',(48.7380910464027,-360.427467488199,68.1035162724941));
#6929=CARTESIAN_POINT('Ctrl Pts',(49.0667881342628,-363.286275111872,70.1035162724941));
#6930=CARTESIAN_POINT('Ctrl Pts',(49.0667881342628,-363.286275111872,68.1035162724941));
#6931=CARTESIAN_POINT('Ctrl Pts',(50.0117304560401,-365.03581933909,70.1035162724941));
#6932=CARTESIAN_POINT('Ctrl Pts',(50.0117304560401,-365.03581933909,68.1035162724941));
#6933=CARTESIAN_POINT('',(49.2722032122352,-358.554668720346,68.1035162724941));
#6934=CARTESIAN_POINT('',(49.2722032122352,-358.554668720346,70.1035162724941));
#6935=CARTESIAN_POINT('Ctrl Pts',(50.0117304560401,-365.03581933909,68.1035162724941));
#6936=CARTESIAN_POINT('Ctrl Pts',(49.0667881342628,-363.286275111872,68.1035162724941));
#6937=CARTESIAN_POINT('Ctrl Pts',(48.7380910464027,-360.427467488199,68.1035162724941));
#6938=CARTESIAN_POINT('Ctrl Pts',(49.2722032122352,-358.554668720346,68.1035162724941));
#6939=CARTESIAN_POINT('Ctrl Pts',(120.584857634995,-428.439581221109,70.1035162724948));
#6940=CARTESIAN_POINT('Ctrl Pts',(120.584857634995,-428.439581221109,68.1035162724948));
#6941=CARTESIAN_POINT('Ctrl Pts',(108.851750554917,-388.91618743487,70.1035162724946));
#6942=CARTESIAN_POINT('Ctrl Pts',(108.851750554917,-388.91618743487,68.1035162724946));
#6943=CARTESIAN_POINT('Ctrl Pts',(79.7398631224372,-367.0180830823,70.1035162724943));
#6944=CARTESIAN_POINT('Ctrl Pts',(79.7398631224372,-367.0180830823,68.1035162724943));
#6945=CARTESIAN_POINT('Ctrl Pts',(49.2722032122352,-358.554668720346,70.1035162724941));
#6946=CARTESIAN_POINT('Ctrl Pts',(49.2722032122352,-358.554668720346,68.1035162724941));
#6947=CARTESIAN_POINT('',(120.584857634995,-428.439581221109,68.1035162724948));
#6948=CARTESIAN_POINT('',(120.584857634995,-428.439581221109,70.1035162724948));
#6949=CARTESIAN_POINT('Ctrl Pts',(49.2722032122352,-358.554668720346,68.1035162724941));
#6950=CARTESIAN_POINT('Ctrl Pts',(79.7398631224372,-367.0180830823,68.1035162724943));
#6951=CARTESIAN_POINT('Ctrl Pts',(108.851750554917,-388.91618743487,68.1035162724946));
#6952=CARTESIAN_POINT('Ctrl Pts',(120.584857634995,-428.439581221109,68.1035162724948));
#6953=CARTESIAN_POINT('Ctrl Pts',(119.470562849622,-428.325290945557,70.1035162724948));
#6954=CARTESIAN_POINT('Ctrl Pts',(119.470562849622,-428.325290945557,68.1035162724948));
#6955=CARTESIAN_POINT('Ctrl Pts',(119.842604041965,-428.358738441904,70.1035162724948));
#6956=CARTESIAN_POINT('Ctrl Pts',(119.842604041965,-428.358738441904,68.1035162724948));
#6957=CARTESIAN_POINT('Ctrl Pts',(120.214950800336,-428.396720859191,70.1035162724948));
#6958=CARTESIAN_POINT('Ctrl Pts',(120.214950800336,-428.396720859191,68.1035162724948));
#6959=CARTESIAN_POINT('Ctrl Pts',(120.584857634995,-428.439581221109,70.1035162724948));
#6960=CARTESIAN_POINT('Ctrl Pts',(120.584857634995,-428.439581221109,68.1035162724948));
#6961=CARTESIAN_POINT('',(119.470562849622,-428.325290945557,68.1035162724948));
#6962=CARTESIAN_POINT('',(119.470562849622,-428.325290945557,70.1035162724948));
#6963=CARTESIAN_POINT('Ctrl Pts',(120.584857634995,-428.439581221109,68.1035162724948));
#6964=CARTESIAN_POINT('Ctrl Pts',(120.214950800336,-428.396720859191,68.1035162724948));
#6965=CARTESIAN_POINT('Ctrl Pts',(119.842604041965,-428.358738441904,68.1035162724948));
#6966=CARTESIAN_POINT('Ctrl Pts',(119.470562849622,-428.325290945557,68.1035162724948));
#6967=CARTESIAN_POINT('Ctrl Pts',(150.902562890122,-426.783144028765,70.103516272495));
#6968=CARTESIAN_POINT('Ctrl Pts',(150.902562890122,-426.783144028765,68.103516272495));
#6969=CARTESIAN_POINT('Ctrl Pts',(142.248951416657,-428.855369577318,70.103516272495));
#6970=CARTESIAN_POINT('Ctrl Pts',(142.248951416657,-428.855369577318,68.103516272495));
#6971=CARTESIAN_POINT('Ctrl Pts',(131.79657081363,-422.70501744433,70.1035162724949));
#6972=CARTESIAN_POINT('Ctrl Pts',(131.79657081363,-422.70501744433,68.1035162724949));
#6973=CARTESIAN_POINT('Ctrl Pts',(126.932892251084,-417.285113966852,70.1035162724948));
#6974=CARTESIAN_POINT('Ctrl Pts',(126.932892251084,-417.285113966852,68.1035162724948));
#6975=CARTESIAN_POINT('',(134.517211680318,-423.302958389636,68.1035162724949));
#6976=CARTESIAN_POINT('Ctrl Pts',(134.517211680318,-423.302958389636,68.1035162724949));
#6977=CARTESIAN_POINT('Ctrl Pts',(134.517211680318,-423.302958389636,68.4368496058282));
#6978=CARTESIAN_POINT('Ctrl Pts',(134.517211680318,-423.302958389636,68.7701829391616));
#6979=CARTESIAN_POINT('Ctrl Pts',(134.517211680318,-423.302958389636,69.4368496058282));
#6980=CARTESIAN_POINT('Ctrl Pts',(134.517211680318,-423.302958389636,69.7701829391616));
#6981=CARTESIAN_POINT('Ctrl Pts',(134.517211680318,-423.302958389636,70.1035162724949));
#6982=CARTESIAN_POINT('Ctrl Pts',(126.932892251084,-417.285113966852,68.1035162724948));
#6983=CARTESIAN_POINT('Ctrl Pts',(128.785938497623,-419.350080157851,68.1035162724948));
#6984=CARTESIAN_POINT('Ctrl Pts',(131.450232936897,-421.521077256754,68.1035162724949));
#6985=CARTESIAN_POINT('Ctrl Pts',(134.517211680318,-423.302958389636,68.1035162724949));
#6986=CARTESIAN_POINT('Ctrl Pts',(151.059000289033,-424.118804985529,70.103516272495));
#6987=CARTESIAN_POINT('Ctrl Pts',(151.059000289033,-424.118804985529,68.103516272495));
#6988=CARTESIAN_POINT('Ctrl Pts',(151.418984856675,-424.93093346644,70.103516272495));
#6989=CARTESIAN_POINT('Ctrl Pts',(151.418984856675,-424.93093346644,68.103516272495));
#6990=CARTESIAN_POINT('Ctrl Pts',(151.4125845206,-426.001382807642,70.103516272495));
#6991=CARTESIAN_POINT('Ctrl Pts',(151.4125845206,-426.001382807642,68.103516272495));
#6992=CARTESIAN_POINT('Ctrl Pts',(150.902562890122,-426.783144028765,70.103516272495));
#6993=CARTESIAN_POINT('Ctrl Pts',(150.902562890122,-426.783144028765,68.103516272495));
#6994=CARTESIAN_POINT('',(151.059000289033,-424.118804985529,68.103516272495));
#6995=CARTESIAN_POINT('',(151.059000289033,-424.118804985529,70.103516272495));
#6996=CARTESIAN_POINT('Ctrl Pts',(150.902562890122,-426.783144028765,68.103516272495));
#6997=CARTESIAN_POINT('Ctrl Pts',(151.4125845206,-426.001382807642,68.103516272495));
#6998=CARTESIAN_POINT('Ctrl Pts',(151.418984856675,-424.93093346644,68.103516272495));
#6999=CARTESIAN_POINT('Ctrl Pts',(151.059000289033,-424.118804985529,68.103516272495));
#7000=CARTESIAN_POINT('Ctrl Pts',(161.351963540031,-418.597251510003,70.103516272495));
#7001=CARTESIAN_POINT('Ctrl Pts',(161.351963540031,-418.597251510003,68.103516272495));
#7002=CARTESIAN_POINT('Ctrl Pts',(158.265802457655,-423.442766189841,70.103516272495));
#7003=CARTESIAN_POINT('Ctrl Pts',(158.265802457655,-423.442766189841,68.103516272495));
#7004=CARTESIAN_POINT('Ctrl Pts',(153.112535528776,-424.213968335034,70.103516272495));
#7005=CARTESIAN_POINT('Ctrl Pts',(153.112535528776,-424.213968335034,68.103516272495));
#7006=CARTESIAN_POINT('Ctrl Pts',(151.059000289033,-424.118804985529,70.103516272495));
#7007=CARTESIAN_POINT('Ctrl Pts',(151.059000289033,-424.118804985529,68.103516272495));
#7008=CARTESIAN_POINT('',(155.724066139857,-423.248705394157,68.103516272495));
#7009=CARTESIAN_POINT('Ctrl Pts',(155.724066139857,-423.248705394157,68.103516272495));
#7010=CARTESIAN_POINT('Ctrl Pts',(155.724066139857,-423.248705394157,68.4368496058284));
#7011=CARTESIAN_POINT('Ctrl Pts',(155.724066139857,-423.248705394157,68.7701829391617));
#7012=CARTESIAN_POINT('Ctrl Pts',(155.724066139857,-423.248705394157,69.4368496058284));
#7013=CARTESIAN_POINT('Ctrl Pts',(155.724066139857,-423.248705394157,69.7701829391617));
#7014=CARTESIAN_POINT('Ctrl Pts',(155.724066139857,-423.248705394157,70.103516272495));
#7015=CARTESIAN_POINT('Ctrl Pts',(151.059000289033,-424.118804985529,68.103516272495));
#7016=CARTESIAN_POINT('Ctrl Pts',(152.069054394224,-424.165612135448,68.103516272495));
#7017=CARTESIAN_POINT('Ctrl Pts',(153.829018351803,-424.002821782938,68.103516272495));
#7018=CARTESIAN_POINT('Ctrl Pts',(155.724066139857,-423.248705394157,68.103516272495));
#7019=CARTESIAN_POINT('Ctrl Pts',(114.868423565552,-394.418059164911,70.1035162724947));
#7020=CARTESIAN_POINT('Ctrl Pts',(114.868423565552,-394.418059164911,68.1035162724947));
#7021=CARTESIAN_POINT('Ctrl Pts',(119.474312922238,-401.890546641355,70.1035162724947));
#7022=CARTESIAN_POINT('Ctrl Pts',(119.474312922238,-401.890546641355,68.1035162724947));
#7023=CARTESIAN_POINT('Ctrl Pts',(135.05341183861,-408.21486183394,70.1035162724948));
#7024=CARTESIAN_POINT('Ctrl Pts',(135.05341183861,-408.21486183394,68.1035162724948));
#7025=CARTESIAN_POINT('Ctrl Pts',(143.931164645548,-398.902876188562,70.1035162724949));
#7026=CARTESIAN_POINT('Ctrl Pts',(143.931164645548,-398.902876188562,68.1035162724949));
#7027=CARTESIAN_POINT('',(114.868423565552,-394.418059164911,68.1035162724947));
#7028=CARTESIAN_POINT('',(114.868423565552,-394.418059164911,70.1035162724947));
#7029=CARTESIAN_POINT('',(143.931164645753,-398.902876188346,68.1035162724949));
#7030=CARTESIAN_POINT('Ctrl Pts',(143.931164645548,-398.902876188562,68.1035162724949));
#7031=CARTESIAN_POINT('Ctrl Pts',(135.05341183861,-408.21486183394,68.1035162724948));
#7032=CARTESIAN_POINT('Ctrl Pts',(119.474312922238,-401.890546641355,68.1035162724947));
#7033=CARTESIAN_POINT('Ctrl Pts',(114.868423565552,-394.418059164911,68.1035162724947));
#7034=CARTESIAN_POINT('',(143.931164645548,-398.902876188562,70.1035162724949));
#7035=CARTESIAN_POINT('Ctrl Pts',(84.3457904019707,-364.310047808642,70.1035162724943));
#7036=CARTESIAN_POINT('Ctrl Pts',(84.3457904019707,-364.310047808642,68.1035162724943));
#7037=CARTESIAN_POINT('Ctrl Pts',(102.975781305473,-376.54416028624,70.1035162724945));
#7038=CARTESIAN_POINT('Ctrl Pts',(102.975781305473,-376.54416028624,68.1035162724945));
#7039=CARTESIAN_POINT('Ctrl Pts',(109.98623356198,-388.81119981216,70.1035162724946));
#7040=CARTESIAN_POINT('Ctrl Pts',(109.98623356198,-388.81119981216,68.1035162724946));
#7041=CARTESIAN_POINT('Ctrl Pts',(114.868423565552,-394.418059164911,70.1035162724947));
#7042=CARTESIAN_POINT('Ctrl Pts',(114.868423565552,-394.418059164911,68.1035162724947));
#7043=CARTESIAN_POINT('',(84.3457904019707,-364.310047808642,68.1035162724943));
#7044=CARTESIAN_POINT('',(84.3457904019707,-364.310047808642,70.1035162724943));
#7045=CARTESIAN_POINT('Ctrl Pts',(114.868423565552,-394.418059164911,68.1035162724947));
#7046=CARTESIAN_POINT('Ctrl Pts',(109.98623356198,-388.81119981216,68.1035162724946));
#7047=CARTESIAN_POINT('Ctrl Pts',(102.975781305473,-376.54416028624,68.1035162724945));
#7048=CARTESIAN_POINT('Ctrl Pts',(84.3457904019707,-364.310047808642,68.1035162724943));
#7049=CARTESIAN_POINT('Ctrl Pts',(84.0292420012214,-364.102908550364,70.1035162724943));
#7050=CARTESIAN_POINT('Ctrl Pts',(84.0292420012214,-364.102908550364,68.1035162724943));
#7051=CARTESIAN_POINT('Ctrl Pts',(84.1346726918459,-364.172977943532,70.1035162724943));
#7052=CARTESIAN_POINT('Ctrl Pts',(84.1346726918459,-364.172977943532,68.1035162724943));
#7053=CARTESIAN_POINT('Ctrl Pts',(84.2401908185765,-364.242021503194,70.1035162724943));
#7054=CARTESIAN_POINT('Ctrl Pts',(84.2401908185765,-364.242021503194,68.1035162724943));
#7055=CARTESIAN_POINT('Ctrl Pts',(84.3457904018781,-364.310047808582,70.1035162724943));
#7056=CARTESIAN_POINT('Ctrl Pts',(84.3457904018781,-364.310047808582,68.1035162724943));
#7057=CARTESIAN_POINT('',(84.0292420012214,-364.102908550364,68.1035162724943));
#7058=CARTESIAN_POINT('',(84.0292420012214,-364.102908550364,70.1035162724943));
#7059=CARTESIAN_POINT('Ctrl Pts',(84.3457904018782,-364.310047808582,68.1035162724943));
#7060=CARTESIAN_POINT('Ctrl Pts',(84.2401908185766,-364.242021503194,68.1035162724943));
#7061=CARTESIAN_POINT('Ctrl Pts',(84.1346726918459,-364.172977943532,68.1035162724943));
#7062=CARTESIAN_POINT('Ctrl Pts',(84.0292420012214,-364.102908550364,68.1035162724943));
#7063=CARTESIAN_POINT('',(84.3457904019707,-364.310047808642,70.1035162724943));
#7064=CARTESIAN_POINT('Ctrl Pts',(84.3457904019707,-364.310047808642,70.1035162724943));
#7065=CARTESIAN_POINT('Ctrl Pts',(84.3457904019707,-364.310047808642,68.1035162724943));
#7066=CARTESIAN_POINT('Ctrl Pts',(84.2406449588256,-364.24099993929,70.1035162724943));
#7067=CARTESIAN_POINT('Ctrl Pts',(84.2406449588256,-364.24099993929,68.1035162724943));
#7068=CARTESIAN_POINT('Ctrl Pts',(84.1351293940127,-364.171953118775,70.1035162724943));
#7069=CARTESIAN_POINT('Ctrl Pts',(84.1351293940127,-364.171953118775,68.1035162724943));
#7070=CARTESIAN_POINT('Ctrl Pts',(84.0292420012214,-364.102908550364,70.1035162724943));
#7071=CARTESIAN_POINT('Ctrl Pts',(84.0292420012214,-364.102908550364,68.1035162724943));
#7072=CARTESIAN_POINT('Ctrl Pts',(84.0292420012214,-364.102908550364,68.1035162724943));
#7073=CARTESIAN_POINT('Ctrl Pts',(84.1351293940127,-364.171953118775,68.1035162724943));
#7074=CARTESIAN_POINT('Ctrl Pts',(84.2406449588256,-364.24099993929,68.1035162724943));
#7075=CARTESIAN_POINT('Ctrl Pts',(84.3457904019707,-364.310047808642,68.1035162724943));
#7076=CARTESIAN_POINT('Ctrl Pts',(112.429208789704,-362.827813270289,70.1035162724945));
#7077=CARTESIAN_POINT('Ctrl Pts',(112.429208789704,-362.827813270289,68.1035162724945));
#7078=CARTESIAN_POINT('Ctrl Pts',(106.206453978113,-367.764531724866,70.1035162724945));
#7079=CARTESIAN_POINT('Ctrl Pts',(106.206453978113,-367.764531724866,68.1035162724945));
#7080=CARTESIAN_POINT('Ctrl Pts',(94.8714785517736,-371.090601804259,70.1035162724944));
#7081=CARTESIAN_POINT('Ctrl Pts',(94.8714785517737,-371.090601804259,68.1035162724944));
#7082=CARTESIAN_POINT('Ctrl Pts',(84.3457904019709,-364.310047808642,70.1035162724943));
#7083=CARTESIAN_POINT('Ctrl Pts',(84.345790401971,-364.310047808642,68.1035162724943));
#7084=CARTESIAN_POINT('',(112.429208789704,-362.827813270289,68.1035162724945));
#7085=CARTESIAN_POINT('',(112.429208789704,-362.827813270289,70.1035162724945));
#7086=CARTESIAN_POINT('Ctrl Pts',(84.345790401971,-364.310047808642,68.1035162724943));
#7087=CARTESIAN_POINT('Ctrl Pts',(94.8714785517737,-371.090601804259,68.1035162724944));
#7088=CARTESIAN_POINT('Ctrl Pts',(106.206453978113,-367.764531724866,68.1035162724945));
#7089=CARTESIAN_POINT('Ctrl Pts',(112.429208789704,-362.827813270289,68.1035162724945));
#7090=CARTESIAN_POINT('Ctrl Pts',(113.890298385499,-385.161799738031,70.1035162724946));
#7091=CARTESIAN_POINT('Ctrl Pts',(113.890298385499,-385.161799738031,68.1035162724946));
#7092=CARTESIAN_POINT('Ctrl Pts',(111.940832931016,-381.843211748606,70.1035162724946));
#7093=CARTESIAN_POINT('Ctrl Pts',(111.940832931016,-381.843211748606,68.1035162724946));
#7094=CARTESIAN_POINT('Ctrl Pts',(109.354547771714,-371.303149288279,70.1035162724945));
#7095=CARTESIAN_POINT('Ctrl Pts',(109.354547771714,-371.303149288279,68.1035162724945));
#7096=CARTESIAN_POINT('Ctrl Pts',(112.429208789704,-362.827813270289,70.1035162724945));
#7097=CARTESIAN_POINT('Ctrl Pts',(112.429208789704,-362.827813270289,68.1035162724945));
#7098=CARTESIAN_POINT('',(113.890298385499,-385.161799738031,68.1035162724946));
#7099=CARTESIAN_POINT('',(113.890298385499,-385.161799738031,70.1035162724946));
#7100=CARTESIAN_POINT('Ctrl Pts',(112.429208789704,-362.827813270289,68.1035162724945));
#7101=CARTESIAN_POINT('Ctrl Pts',(109.354547771714,-371.303149288279,68.1035162724945));
#7102=CARTESIAN_POINT('Ctrl Pts',(111.940832931016,-381.843211748606,68.1035162724946));
#7103=CARTESIAN_POINT('Ctrl Pts',(113.890298385499,-385.161799738031,68.1035162724946));
#7104=CARTESIAN_POINT('Ctrl Pts',(123.15161215503,-382.43599824,70.1035162724947));
#7105=CARTESIAN_POINT('Ctrl Pts',(123.15161215503,-382.43599824,68.1035162724947));
#7106=CARTESIAN_POINT('Ctrl Pts',(121.653741228745,-383.665384682184,70.1035162724947));
#7107=CARTESIAN_POINT('Ctrl Pts',(121.653741228745,-383.665384682184,68.1035162724947));
#7108=CARTESIAN_POINT('Ctrl Pts',(117.749343938325,-385.037940873819,70.1035162724946));
#7109=CARTESIAN_POINT('Ctrl Pts',(117.749343938325,-385.037940873819,68.1035162724946));
#7110=CARTESIAN_POINT('Ctrl Pts',(113.890298385499,-385.161799738031,70.1035162724946));
#7111=CARTESIAN_POINT('Ctrl Pts',(113.890298385499,-385.161799738031,68.1035162724946));
#7112=CARTESIAN_POINT('',(123.15161215503,-382.43599824,68.1035162724947));
#7113=CARTESIAN_POINT('',(123.15161215503,-382.43599824,70.1035162724947));
#7114=CARTESIAN_POINT('Ctrl Pts',(113.890298385499,-385.161799738031,68.1035162724946));
#7115=CARTESIAN_POINT('Ctrl Pts',(117.749343938325,-385.037940873819,68.1035162724946));
#7116=CARTESIAN_POINT('Ctrl Pts',(121.653741228745,-383.665384682184,68.1035162724947));
#7117=CARTESIAN_POINT('Ctrl Pts',(123.15161215503,-382.43599824,68.1035162724947));
#7118=CARTESIAN_POINT('Ctrl Pts',(141.808482021619,-394.962928810426,70.1035162724948));
#7119=CARTESIAN_POINT('Ctrl Pts',(141.808482021619,-394.962928810426,68.1035162724948));
#7120=CARTESIAN_POINT('Ctrl Pts',(133.531361496619,-393.920508979774,70.1035162724948));
#7121=CARTESIAN_POINT('Ctrl Pts',(133.531361496619,-393.920508979774,68.1035162724948));
#7122=CARTESIAN_POINT('Ctrl Pts',(126.305428412377,-388.867101148229,70.1035162724947));
#7123=CARTESIAN_POINT('Ctrl Pts',(126.305428412377,-388.867101148229,68.1035162724947));
#7124=CARTESIAN_POINT('Ctrl Pts',(123.15161215503,-382.43599824,70.1035162724947));
#7125=CARTESIAN_POINT('Ctrl Pts',(123.15161215503,-382.43599824,68.1035162724947));
#7126=CARTESIAN_POINT('',(141.808482021623,-394.962928810426,68.1035162724948));
#7127=CARTESIAN_POINT('',(141.808482021619,-394.962928810426,70.1035162724948));
#7128=CARTESIAN_POINT('Ctrl Pts',(123.15161215503,-382.43599824,68.1035162724947));
#7129=CARTESIAN_POINT('Ctrl Pts',(126.305428412377,-388.867101148229,68.1035162724947));
#7130=CARTESIAN_POINT('Ctrl Pts',(133.531361496619,-393.920508979774,68.1035162724948));
#7131=CARTESIAN_POINT('Ctrl Pts',(141.808482021619,-394.962928810426,68.1035162724948));
#7132=CARTESIAN_POINT('Ctrl Pts',(137.968802207062,-373.738957876688,70.1035162724947));
#7133=CARTESIAN_POINT('Ctrl Pts',(137.968802207062,-373.738957876688,68.1035162724947));
#7134=CARTESIAN_POINT('Ctrl Pts',(139.039503741908,-375.462034145645,70.1035162724948));
#7135=CARTESIAN_POINT('Ctrl Pts',(139.039503741908,-375.462034145645,68.1035162724948));
#7136=CARTESIAN_POINT('Ctrl Pts',(141.122495488812,-376.938316520792,70.1035162724948));
#7137=CARTESIAN_POINT('Ctrl Pts',(141.122495488812,-376.938316520792,68.1035162724948));
#7138=CARTESIAN_POINT('Ctrl Pts',(143.542107332082,-377.283619887927,70.1035162724948));
#7139=CARTESIAN_POINT('Ctrl Pts',(143.542107332082,-377.283619887927,68.1035162724948));
#7140=CARTESIAN_POINT('',(137.968802207062,-373.738957876688,68.1035162724947));
#7141=CARTESIAN_POINT('',(137.968802207062,-373.738957876688,70.1035162724947));
#7142=CARTESIAN_POINT('',(143.542107332085,-377.283619887927,68.1035162724948));
#7143=CARTESIAN_POINT('Ctrl Pts',(143.542107332082,-377.283619887927,68.1035162724948));
#7144=CARTESIAN_POINT('Ctrl Pts',(141.122495488812,-376.938316520792,68.1035162724948));
#7145=CARTESIAN_POINT('Ctrl Pts',(139.039503741908,-375.462034145645,68.1035162724947));
#7146=CARTESIAN_POINT('Ctrl Pts',(137.968802207062,-373.738957876688,68.1035162724947));
#7147=CARTESIAN_POINT('',(143.542107332082,-377.283619887927,70.1035162724948));
#7148=CARTESIAN_POINT('Ctrl Pts',(142.79105713527,-370.092414469248,70.1035162724948));
#7149=CARTESIAN_POINT('Ctrl Pts',(142.79105713527,-370.092414469248,68.1035162724948));
#7150=CARTESIAN_POINT('Ctrl Pts',(141.053462033341,-372.356128184229,70.1035162724948));
#7151=CARTESIAN_POINT('Ctrl Pts',(141.053462033341,-372.356128184229,68.1035162724948));
#7152=CARTESIAN_POINT('Ctrl Pts',(139.538532700608,-373.323897455698,70.1035162724947));
#7153=CARTESIAN_POINT('Ctrl Pts',(139.538532700608,-373.323897455698,68.1035162724947));
#7154=CARTESIAN_POINT('Ctrl Pts',(137.968802207062,-373.738957876688,70.1035162724947));
#7155=CARTESIAN_POINT('Ctrl Pts',(137.968802207062,-373.738957876688,68.1035162724947));
#7156=CARTESIAN_POINT('',(142.79105713527,-370.092414469248,68.1035162724948));
#7157=CARTESIAN_POINT('',(142.79105713527,-370.092414469248,70.1035162724948));
#7158=CARTESIAN_POINT('Ctrl Pts',(137.968802207062,-373.738957876688,68.1035162724947));
#7159=CARTESIAN_POINT('Ctrl Pts',(139.538532700608,-373.323897455698,68.1035162724947));
#7160=CARTESIAN_POINT('Ctrl Pts',(141.053462033341,-372.356128184229,68.1035162724948));
#7161=CARTESIAN_POINT('Ctrl Pts',(142.79105713527,-370.092414469248,68.1035162724948));
#7162=CARTESIAN_POINT('Ctrl Pts',(142.923925914643,-366.202301190668,70.1035162724947));
#7163=CARTESIAN_POINT('Ctrl Pts',(142.923925914643,-366.202301190668,68.1035162724947));
#7164=CARTESIAN_POINT('Ctrl Pts',(143.348682982133,-368.294249663263,70.1035162724948));
#7165=CARTESIAN_POINT('Ctrl Pts',(143.348682982133,-368.294249663263,68.1035162724948));
#7166=CARTESIAN_POINT('Ctrl Pts',(143.448204087708,-369.037265502268,70.1035162724948));
#7167=CARTESIAN_POINT('Ctrl Pts',(143.448204087708,-369.037265502268,68.1035162724948));
#7168=CARTESIAN_POINT('Ctrl Pts',(142.79105713527,-370.092414469248,70.1035162724948));
#7169=CARTESIAN_POINT('Ctrl Pts',(142.79105713527,-370.092414469248,68.1035162724948));
#7170=CARTESIAN_POINT('',(142.923925914643,-366.202301190668,68.1035162724947));
#7171=CARTESIAN_POINT('',(142.923925914643,-366.202301190668,70.1035162724947));
#7172=CARTESIAN_POINT('Ctrl Pts',(142.79105713527,-370.092414469248,68.1035162724948));
#7173=CARTESIAN_POINT('Ctrl Pts',(143.448204087708,-369.037265502268,68.1035162724948));
#7174=CARTESIAN_POINT('Ctrl Pts',(143.348682982133,-368.294249663263,68.1035162724948));
#7175=CARTESIAN_POINT('Ctrl Pts',(142.923925914643,-366.202301190668,68.1035162724947));
#7176=CARTESIAN_POINT('Ctrl Pts',(157.939801077531,-347.907228947931,70.1035162724948));
#7177=CARTESIAN_POINT('Ctrl Pts',(157.939801077531,-347.907228947931,68.1035162724948));
#7178=CARTESIAN_POINT('Ctrl Pts',(151.907662877152,-348.895929790598,70.1035162724947));
#7179=CARTESIAN_POINT('Ctrl Pts',(151.907662877152,-348.895929790598,68.1035162724947));
#7180=CARTESIAN_POINT('Ctrl Pts',(140.483694776414,-353.603995031839,70.1035162724947));
#7181=CARTESIAN_POINT('Ctrl Pts',(140.483694776414,-353.603995031839,68.1035162724947));
#7182=CARTESIAN_POINT('Ctrl Pts',(142.923925914643,-366.202301190668,70.1035162724947));
#7183=CARTESIAN_POINT('Ctrl Pts',(142.923925914643,-366.202301190668,68.1035162724947));
#7184=CARTESIAN_POINT('',(142.855146187146,-360.072750514171,68.1035162724947));
#7185=CARTESIAN_POINT('Ctrl Pts',(142.855146187146,-360.072750514171,68.1035162724947));
#7186=CARTESIAN_POINT('Ctrl Pts',(142.855146187146,-360.072750514171,68.4368496058281));
#7187=CARTESIAN_POINT('Ctrl Pts',(142.855146187146,-360.072750514171,68.7701829391614));
#7188=CARTESIAN_POINT('Ctrl Pts',(142.855146187146,-360.072750514171,69.4368496058281));
#7189=CARTESIAN_POINT('Ctrl Pts',(142.855146187146,-360.072750514171,69.7701829391614));
#7190=CARTESIAN_POINT('Ctrl Pts',(142.855146187146,-360.072750514171,70.1035162724947));
#7191=CARTESIAN_POINT('Ctrl Pts',(142.923925914643,-366.202301190668,68.1035162724947));
#7192=CARTESIAN_POINT('Ctrl Pts',(142.478995545108,-363.905236405721,68.1035162724947));
#7193=CARTESIAN_POINT('Ctrl Pts',(142.494976058147,-361.870480163975,68.1035162724947));
#7194=CARTESIAN_POINT('Ctrl Pts',(142.855146187146,-360.072750514171,68.1035162724947));
#7195=CARTESIAN_POINT('Ctrl Pts',(103.380861922044,-346.193182047051,70.1035162724944));
#7196=CARTESIAN_POINT('Ctrl Pts',(103.380861922044,-346.193182047051,68.1035162724944));
#7197=CARTESIAN_POINT('Ctrl Pts',(107.725379384612,-349.886770720349,70.1035162724945));
#7198=CARTESIAN_POINT('Ctrl Pts',(107.725379384612,-349.886770720349,68.1035162724944));
#7199=CARTESIAN_POINT('Ctrl Pts',(114.675788259868,-349.26420155308,70.1035162724945));
#7200=CARTESIAN_POINT('Ctrl Pts',(114.675788259868,-349.26420155308,68.1035162724945));
#7201=CARTESIAN_POINT('Ctrl Pts',(120.888939130941,-347.016399225394,70.1035162724945));
#7202=CARTESIAN_POINT('Ctrl Pts',(120.888939130941,-347.016399225394,68.1035162724945));
#7203=CARTESIAN_POINT('',(103.380861922044,-346.193182047051,68.1035162724944));
#7204=CARTESIAN_POINT('',(103.380861922044,-346.193182047051,70.1035162724944));
#7205=CARTESIAN_POINT('',(120.888939130941,-347.016399225394,68.1035162724945));
#7206=CARTESIAN_POINT('Ctrl Pts',(120.888939130941,-347.016399225394,68.1035162724945));
#7207=CARTESIAN_POINT('Ctrl Pts',(114.675788259868,-349.26420155308,68.1035162724945));
#7208=CARTESIAN_POINT('Ctrl Pts',(107.725379384612,-349.886770720349,68.1035162724944));
#7209=CARTESIAN_POINT('Ctrl Pts',(103.380861922044,-346.193182047051,68.1035162724944));
#7210=CARTESIAN_POINT('',(120.888939130941,-347.016399225394,70.1035162724945));
#7211=CARTESIAN_POINT('Ctrl Pts',(94.5275511961677,-342.209528909403,70.1035162724943));
#7212=CARTESIAN_POINT('Ctrl Pts',(94.5275511961677,-342.209528909403,68.1035162724943));
#7213=CARTESIAN_POINT('Ctrl Pts',(94.5719803642247,-342.175976916234,70.1035162724943));
#7214=CARTESIAN_POINT('Ctrl Pts',(94.5719803642247,-342.175976916234,68.1035162724943));
#7215=CARTESIAN_POINT('Ctrl Pts',(94.6163672709318,-342.142273599585,70.1035162724944));
#7216=CARTESIAN_POINT('Ctrl Pts',(94.6163672709319,-342.142273599585,68.1035162724944));
#7217=CARTESIAN_POINT('Ctrl Pts',(94.6607113247087,-342.108440253098,70.1035162724944));
#7218=CARTESIAN_POINT('Ctrl Pts',(94.6607113247087,-342.108440253098,68.1035162724944));
#7219=CARTESIAN_POINT('',(94.5275511961677,-342.209528909403,68.1035162724943));
#7220=CARTESIAN_POINT('',(94.5275511961677,-342.209528909403,70.1035162724943));
#7221=CARTESIAN_POINT('',(94.6607113247087,-342.108440253098,68.1035162724943));
#7222=CARTESIAN_POINT('Ctrl Pts',(94.6607113247087,-342.108440253098,68.1035162724943));
#7223=CARTESIAN_POINT('Ctrl Pts',(94.6163672709318,-342.142273599585,68.1035162724943));
#7224=CARTESIAN_POINT('Ctrl Pts',(94.5719803642247,-342.175976916234,68.1035162724943));
#7225=CARTESIAN_POINT('Ctrl Pts',(94.5275511961677,-342.209528909403,68.1035162724943));
#7226=CARTESIAN_POINT('',(94.6607113247087,-342.108440253098,70.1035162724943));
#7227=CARTESIAN_POINT('Ctrl Pts',(85.4117970011451,-339.258726755625,70.1035162724943));
#7228=CARTESIAN_POINT('Ctrl Pts',(85.4117970011451,-339.258726755625,68.1035162724943));
#7229=CARTESIAN_POINT('Ctrl Pts',(88.1370216448524,-338.823833533579,70.1035162724943));
#7230=CARTESIAN_POINT('Ctrl Pts',(88.1370216448524,-338.823833533579,68.1035162724943));
#7231=CARTESIAN_POINT('Ctrl Pts',(92.126573621247,-340.791483633905,70.1035162724943));
#7232=CARTESIAN_POINT('Ctrl Pts',(92.126573621247,-340.791483633905,68.1035162724943));
#7233=CARTESIAN_POINT('Ctrl Pts',(94.5275511961677,-342.209528909403,70.1035162724943));
#7234=CARTESIAN_POINT('Ctrl Pts',(94.5275511961677,-342.209528909403,68.1035162724943));
#7235=CARTESIAN_POINT('',(85.4117970011451,-339.258726755625,68.1035162724943));
#7236=CARTESIAN_POINT('',(85.4117970011451,-339.258726755625,70.1035162724943));
#7237=CARTESIAN_POINT('Ctrl Pts',(94.5275511961677,-342.209528909403,68.1035162724943));
#7238=CARTESIAN_POINT('Ctrl Pts',(92.126573621247,-340.791483633905,68.1035162724943));
#7239=CARTESIAN_POINT('Ctrl Pts',(88.1370216448524,-338.823833533579,68.1035162724943));
#7240=CARTESIAN_POINT('Ctrl Pts',(85.4117970011451,-339.258726755625,68.1035162724943));
#7241=CARTESIAN_POINT('Ctrl Pts',(84.1243680262305,-342.791135414606,70.1035162724943));
#7242=CARTESIAN_POINT('Ctrl Pts',(84.1243680262306,-342.791135414606,68.1035162724943));
#7243=CARTESIAN_POINT('Ctrl Pts',(84.1005521834113,-341.470001665598,70.1035162724943));
#7244=CARTESIAN_POINT('Ctrl Pts',(84.1005521834114,-341.470001665598,68.1035162724943));
#7245=CARTESIAN_POINT('Ctrl Pts',(84.4631188608863,-339.410137281138,70.1035162724943));
#7246=CARTESIAN_POINT('Ctrl Pts',(84.4631188608863,-339.410137281138,68.1035162724943));
#7247=CARTESIAN_POINT('Ctrl Pts',(85.4117970011451,-339.258726755625,70.1035162724943));
#7248=CARTESIAN_POINT('Ctrl Pts',(85.4117970011451,-339.258726755625,68.1035162724943));
#7249=CARTESIAN_POINT('',(84.1243680262306,-342.791135414606,68.1035162724943));
#7250=CARTESIAN_POINT('',(84.1243680262305,-342.791135414606,70.1035162724943));
#7251=CARTESIAN_POINT('Ctrl Pts',(85.4117970011451,-339.258726755625,68.1035162724943));
#7252=CARTESIAN_POINT('Ctrl Pts',(84.4631188608863,-339.410137281138,68.1035162724943));
#7253=CARTESIAN_POINT('Ctrl Pts',(84.1005521834114,-341.470001665598,68.1035162724943));
#7254=CARTESIAN_POINT('Ctrl Pts',(84.1243680262306,-342.791135414606,68.1035162724943));
#7255=CARTESIAN_POINT('Ctrl Pts',(80.6869205767371,-341.740793566996,70.1035162724942));
#7256=CARTESIAN_POINT('Ctrl Pts',(80.6869205767372,-341.740793566996,68.1035162724942));
#7257=CARTESIAN_POINT('Ctrl Pts',(81.9983851484992,-343.378345647532,70.1035162724943));
#7258=CARTESIAN_POINT('Ctrl Pts',(81.9983851484993,-343.378345647532,68.1035162724943));
#7259=CARTESIAN_POINT('Ctrl Pts',(84.1243680262305,-342.791135414606,70.1035162724943));
#7260=CARTESIAN_POINT('Ctrl Pts',(84.1243680262306,-342.791135414606,68.1035162724943));
#7261=CARTESIAN_POINT('',(80.6869205767372,-341.740793566996,68.1035162724942));
#7262=CARTESIAN_POINT('',(80.6869205767371,-341.740793566996,70.1035162724942));
#7263=CARTESIAN_POINT('Ctrl Pts',(84.1243680262306,-342.791135414606,68.1035162724943));
#7264=CARTESIAN_POINT('Ctrl Pts',(81.9983851484993,-343.378345647532,68.1035162724943));
#7265=CARTESIAN_POINT('Ctrl Pts',(80.6869205767372,-341.740793566996,68.1035162724942));
#7266=CARTESIAN_POINT('Ctrl Pts',(74.2435676508643,-343.933416853815,70.1035162724942));
#7267=CARTESIAN_POINT('Ctrl Pts',(74.2435676508644,-343.933416853815,68.1035162724942));
#7268=CARTESIAN_POINT('Ctrl Pts',(76.7939230265357,-343.693390516382,70.1035162724942));
#7269=CARTESIAN_POINT('Ctrl Pts',(76.7939230265358,-343.693390516382,68.1035162724942));
#7270=CARTESIAN_POINT('Ctrl Pts',(78.3084952589729,-343.303574339396,70.1035162724942));
#7271=CARTESIAN_POINT('Ctrl Pts',(78.3084952589729,-343.303574339396,68.1035162724942));
#7272=CARTESIAN_POINT('Ctrl Pts',(80.6869205767371,-341.740793566996,70.1035162724942));
#7273=CARTESIAN_POINT('Ctrl Pts',(80.6869205767372,-341.740793566996,68.1035162724942));
#7274=CARTESIAN_POINT('',(74.2435676508644,-343.933416853815,68.1035162724942));
#7275=CARTESIAN_POINT('',(74.2435676508643,-343.933416853815,70.1035162724942));
#7276=CARTESIAN_POINT('Ctrl Pts',(80.6869205767372,-341.740793566996,68.1035162724942));
#7277=CARTESIAN_POINT('Ctrl Pts',(78.3084952589729,-343.303574339396,68.1035162724942));
#7278=CARTESIAN_POINT('Ctrl Pts',(76.7939230265357,-343.693390516382,68.1035162724942));
#7279=CARTESIAN_POINT('Ctrl Pts',(74.2435676508643,-343.933416853815,68.1035162724942));
#7280=CARTESIAN_POINT('Ctrl Pts',(79.483794740937,-361.506926744562,70.1035162724943));
#7281=CARTESIAN_POINT('Ctrl Pts',(79.483794740937,-361.506926744562,68.1035162724943));
#7282=CARTESIAN_POINT('Ctrl Pts',(76.5794980334022,-358.567029884439,70.1035162724943));
#7283=CARTESIAN_POINT('Ctrl Pts',(76.5794980334022,-358.567029884439,68.1035162724943));
#7284=CARTESIAN_POINT('Ctrl Pts',(71.7041725073555,-349.65894324618,70.1035162724942));
#7285=CARTESIAN_POINT('Ctrl Pts',(71.7041725073555,-349.65894324618,68.1035162724942));
#7286=CARTESIAN_POINT('Ctrl Pts',(74.2435676508643,-343.933416853815,70.1035162724942));
#7287=CARTESIAN_POINT('Ctrl Pts',(74.2435676508644,-343.933416853815,68.1035162724942));
#7288=CARTESIAN_POINT('',(79.483794740937,-361.506926744562,68.1035162724943));
#7289=CARTESIAN_POINT('',(79.483794740937,-361.506926744562,70.1035162724943));
#7290=CARTESIAN_POINT('Ctrl Pts',(74.2435676508643,-343.933416853815,68.1035162724942));
#7291=CARTESIAN_POINT('Ctrl Pts',(71.7041725073555,-349.65894324618,68.1035162724942));
#7292=CARTESIAN_POINT('Ctrl Pts',(76.5794980334022,-358.567029884439,68.1035162724943));
#7293=CARTESIAN_POINT('Ctrl Pts',(79.483794740937,-361.506926744562,68.1035162724943));
#7294=CARTESIAN_POINT('Ctrl Pts',(46.4397843723334,-348.66610430494,70.103516272494));
#7295=CARTESIAN_POINT('Ctrl Pts',(46.4397843723334,-348.66610430494,68.103516272494));
#7296=CARTESIAN_POINT('Ctrl Pts',(60.4155444697557,-351.681739593268,70.1035162724941));
#7297=CARTESIAN_POINT('Ctrl Pts',(60.4155444697557,-351.681739593268,68.1035162724941));
#7298=CARTESIAN_POINT('Ctrl Pts',(71.5616223710437,-357.189852147465,70.1035162724942));
#7299=CARTESIAN_POINT('Ctrl Pts',(71.5616223710437,-357.189852147465,68.1035162724942));
#7300=CARTESIAN_POINT('Ctrl Pts',(79.483794740937,-361.506926744562,70.1035162724943));
#7301=CARTESIAN_POINT('Ctrl Pts',(79.483794740937,-361.506926744562,68.1035162724943));
#7302=CARTESIAN_POINT('',(46.4397843723323,-348.66610430494,68.103516272494));
#7303=CARTESIAN_POINT('',(46.4397843723334,-348.66610430494,70.103516272494));
#7304=CARTESIAN_POINT('Ctrl Pts',(79.483794740937,-361.506926744562,68.1035162724943));
#7305=CARTESIAN_POINT('Ctrl Pts',(71.5616223710437,-357.189852147465,68.1035162724942));
#7306=CARTESIAN_POINT('Ctrl Pts',(60.4155444697557,-351.681739593268,68.1035162724941));
#7307=CARTESIAN_POINT('Ctrl Pts',(46.4397843723334,-348.66610430494,68.103516272494));
#7308=CARTESIAN_POINT('Ctrl Pts',(-31.7677396624825,-361.506926744562,70.1035162724936));
#7309=CARTESIAN_POINT('Ctrl Pts',(-31.7677396624825,-361.506926744562,68.1035162724936));
#7310=CARTESIAN_POINT('Ctrl Pts',(-22.9191717377533,-356.685020524212,70.1035162724936));
#7311=CARTESIAN_POINT('Ctrl Pts',(-22.9191717377533,-356.685020524212,68.1035162724936));
#7312=CARTESIAN_POINT('Ctrl Pts',(-10.0485931507523,-350.377233352166,70.1035162724937));
#7313=CARTESIAN_POINT('Ctrl Pts',(-10.0485931507523,-350.377233352166,68.1035162724937));
#7314=CARTESIAN_POINT('Ctrl Pts',(6.29464148613416,-347.716314956275,70.1035162724938));
#7315=CARTESIAN_POINT('Ctrl Pts',(6.29464148613418,-347.716314956275,68.1035162724938));
#7316=CARTESIAN_POINT('',(-31.7677396624825,-361.506926744562,68.1035162724936));
#7317=CARTESIAN_POINT('',(-31.7677396624825,-361.506926744562,70.1035162724936));
#7318=CARTESIAN_POINT('',(6.29464148613418,-347.716314956274,68.1035162724938));
#7319=CARTESIAN_POINT('Ctrl Pts',(6.29464148613418,-347.716314956274,68.1035162724938));
#7320=CARTESIAN_POINT('Ctrl Pts',(-10.0485931507523,-350.377233352166,68.1035162724937));
#7321=CARTESIAN_POINT('Ctrl Pts',(-22.9191717377533,-356.685020524212,68.1035162724936));
#7322=CARTESIAN_POINT('Ctrl Pts',(-31.7677396624825,-361.506926744562,68.1035162724936));
#7323=CARTESIAN_POINT('',(6.29464148613417,-347.716314956274,70.1035162724938));
#7324=CARTESIAN_POINT('Ctrl Pts',(-26.5274988377831,-343.933416853815,70.1035162724935));
#7325=CARTESIAN_POINT('Ctrl Pts',(-26.5274988377831,-343.933416853815,68.1035162724935));
#7326=CARTESIAN_POINT('Ctrl Pts',(-23.9881036942742,-349.65894324618,70.1035162724936));
#7327=CARTESIAN_POINT('Ctrl Pts',(-23.9881036942742,-349.65894324618,68.1035162724936));
#7328=CARTESIAN_POINT('Ctrl Pts',(-28.863429220321,-358.567029884439,70.1035162724936));
#7329=CARTESIAN_POINT('Ctrl Pts',(-28.863429220321,-358.567029884439,68.1035162724936));
#7330=CARTESIAN_POINT('Ctrl Pts',(-31.7677396624825,-361.506926744562,70.1035162724936));
#7331=CARTESIAN_POINT('Ctrl Pts',(-31.7677396624825,-361.506926744562,68.1035162724936));
#7332=CARTESIAN_POINT('',(-26.5274988377831,-343.933416853815,68.1035162724935));
#7333=CARTESIAN_POINT('',(-26.5274988377831,-343.933416853815,70.1035162724935));
#7334=CARTESIAN_POINT('Ctrl Pts',(-31.7677396624825,-361.506926744562,68.1035162724936));
#7335=CARTESIAN_POINT('Ctrl Pts',(-28.863429220321,-358.567029884439,68.1035162724936));
#7336=CARTESIAN_POINT('Ctrl Pts',(-23.9881036942742,-349.65894324618,68.1035162724936));
#7337=CARTESIAN_POINT('Ctrl Pts',(-26.5274988377831,-343.933416853815,68.1035162724935));
#7338=CARTESIAN_POINT('Ctrl Pts',(-32.9708654982827,-341.740793566996,70.1035162724935));
#7339=CARTESIAN_POINT('Ctrl Pts',(-32.9708654982827,-341.740793566996,68.1035162724935));
#7340=CARTESIAN_POINT('Ctrl Pts',(-30.5924401805184,-343.303574339396,70.1035162724935));
#7341=CARTESIAN_POINT('Ctrl Pts',(-30.5924401805184,-343.303574339396,68.1035162724935));
#7342=CARTESIAN_POINT('Ctrl Pts',(-29.0778679480813,-343.693417985636,70.1035162724935));
#7343=CARTESIAN_POINT('Ctrl Pts',(-29.0778679480813,-343.693417985636,68.1035162724935));
#7344=CARTESIAN_POINT('Ctrl Pts',(-26.5274988377831,-343.933416853815,70.1035162724935));
#7345=CARTESIAN_POINT('Ctrl Pts',(-26.5274988377831,-343.933416853815,68.1035162724935));
#7346=CARTESIAN_POINT('',(-32.9708654982827,-341.740793566996,68.1035162724935));
#7347=CARTESIAN_POINT('',(-32.9708654982827,-341.740793566996,70.1035162724935));
#7348=CARTESIAN_POINT('Ctrl Pts',(-26.5274988377831,-343.933416853815,68.1035162724935));
#7349=CARTESIAN_POINT('Ctrl Pts',(-29.0778679480813,-343.693417985636,68.1035162724935));
#7350=CARTESIAN_POINT('Ctrl Pts',(-30.5924401805184,-343.303574339396,68.1035162724935));
#7351=CARTESIAN_POINT('Ctrl Pts',(-32.9708654982827,-341.740793566996,68.1035162724935));
#7352=CARTESIAN_POINT('Ctrl Pts',(-36.4083129477761,-342.791135414606,70.1035162724935));
#7353=CARTESIAN_POINT('Ctrl Pts',(-36.4083129477761,-342.791135414606,68.1035162724935));
#7354=CARTESIAN_POINT('Ctrl Pts',(-34.2823438046716,-343.378345647532,70.1035162724935));
#7355=CARTESIAN_POINT('Ctrl Pts',(-34.2823438046716,-343.378345647532,68.1035162724935));
#7356=CARTESIAN_POINT('Ctrl Pts',(-32.9708654982827,-341.740793566996,70.1035162724935));
#7357=CARTESIAN_POINT('Ctrl Pts',(-32.9708654982827,-341.740793566996,68.1035162724935));
#7358=CARTESIAN_POINT('',(-36.4083129477761,-342.791135414606,68.1035162724935));
#7359=CARTESIAN_POINT('',(-36.4083129477761,-342.791135414606,70.1035162724935));
#7360=CARTESIAN_POINT('Ctrl Pts',(-32.9708654982827,-341.740793566996,68.1035162724935));
#7361=CARTESIAN_POINT('Ctrl Pts',(-34.2823438046716,-343.378345647532,68.1035162724935));
#7362=CARTESIAN_POINT('Ctrl Pts',(-36.4083129477761,-342.791135414606,68.1035162724935));
#7363=CARTESIAN_POINT('Ctrl Pts',(-37.0530339796951,-339.744370020104,70.1035162724935));
#7364=CARTESIAN_POINT('Ctrl Pts',(-37.053033979695,-339.744370020104,68.1035162724935));
#7365=CARTESIAN_POINT('Ctrl Pts',(-36.5798320346282,-340.465756487625,70.1035162724935));
#7366=CARTESIAN_POINT('Ctrl Pts',(-36.5798320346282,-340.465756487625,68.1035162724935));
#7367=CARTESIAN_POINT('Ctrl Pts',(-36.3909092109181,-341.82569974657,70.1035162724935));
#7368=CARTESIAN_POINT('Ctrl Pts',(-36.3909092109181,-341.82569974657,68.1035162724935));
#7369=CARTESIAN_POINT('Ctrl Pts',(-36.4083129477761,-342.791135414606,70.1035162724935));
#7370=CARTESIAN_POINT('Ctrl Pts',(-36.4083129477761,-342.791135414606,68.1035162724935));
#7371=CARTESIAN_POINT('',(-37.053033979695,-339.744370020104,68.1035162724935));
#7372=CARTESIAN_POINT('',(-37.053033979695,-339.744370020104,70.1035162724935));
#7373=CARTESIAN_POINT('Ctrl Pts',(-36.4083129477761,-342.791135414606,68.1035162724935));
#7374=CARTESIAN_POINT('Ctrl Pts',(-36.3909092109181,-341.82569974657,68.1035162724935));
#7375=CARTESIAN_POINT('Ctrl Pts',(-36.5798320346282,-340.465756487625,68.1035162724935));
#7376=CARTESIAN_POINT('Ctrl Pts',(-37.0530339796951,-339.744370020104,68.1035162724934));
#7377=CARTESIAN_POINT('Ctrl Pts',(-85.5175559994958,-339.226258097941,70.1035162724931));
#7378=CARTESIAN_POINT('Ctrl Pts',(-85.5175559994958,-339.226258097941,68.1035162724931));
#7379=CARTESIAN_POINT('Ctrl Pts',(-81.4501127159837,-344.383973710191,70.1035162724932));
#7380=CARTESIAN_POINT('Ctrl Pts',(-81.4501127159837,-344.383973710191,68.1035162724932));
#7381=CARTESIAN_POINT('Ctrl Pts',(-66.8702473622903,-351.609050171381,70.1035162724933));
#7382=CARTESIAN_POINT('Ctrl Pts',(-66.8702473622903,-351.609050171381,68.1035162724933));
#7383=CARTESIAN_POINT('Ctrl Pts',(-58.1347026438226,-347.735829251967,70.1035162724934));
#7384=CARTESIAN_POINT('Ctrl Pts',(-58.1347026438225,-347.735829251967,68.1035162724934));
#7385=CARTESIAN_POINT('',(-73.9186278402609,-346.737511176361,68.1035162724932));
#7386=CARTESIAN_POINT('Ctrl Pts',(-73.9186278402609,-346.737511176361,68.1035162724932));
#7387=CARTESIAN_POINT('Ctrl Pts',(-73.9186278402609,-346.737511176361,68.4368496058266));
#7388=CARTESIAN_POINT('Ctrl Pts',(-73.9186278402609,-346.737511176361,68.7701829391599));
#7389=CARTESIAN_POINT('Ctrl Pts',(-73.9186278402609,-346.737511176361,69.4368496058266));
#7390=CARTESIAN_POINT('Ctrl Pts',(-73.9186278402609,-346.737511176361,69.7701829391599));
#7391=CARTESIAN_POINT('Ctrl Pts',(-73.9186278402609,-346.737511176361,70.1035162724932));
#7392=CARTESIAN_POINT('',(-58.1347026438164,-347.735829251964,68.1035162724933));
#7393=CARTESIAN_POINT('Ctrl Pts',(-58.1347026438226,-347.735829251967,68.1035162724933));
#7394=CARTESIAN_POINT('Ctrl Pts',(-62.5976278208818,-349.714629168247,68.1035162724933));
#7395=CARTESIAN_POINT('Ctrl Pts',(-68.5859864409609,-348.796648595977,68.1035162724933));
#7396=CARTESIAN_POINT('Ctrl Pts',(-73.9186278402609,-346.737511176361,68.1035162724932));
#7397=CARTESIAN_POINT('',(-58.1347026438225,-347.735829251967,70.1035162724933));
#7398=CARTESIAN_POINT('Ctrl Pts',(-95.0750432606957,-370.092414469248,70.1035162724932));
#7399=CARTESIAN_POINT('Ctrl Pts',(-95.0750432606957,-370.092414469248,68.1035162724932));
#7400=CARTESIAN_POINT('Ctrl Pts',(-95.732190213134,-369.037265502268,70.1035162724932));
#7401=CARTESIAN_POINT('Ctrl Pts',(-95.732190213134,-369.037265502268,68.1035162724932));
#7402=CARTESIAN_POINT('Ctrl Pts',(-95.6326828421853,-368.294249663263,70.1035162724932));
#7403=CARTESIAN_POINT('Ctrl Pts',(-95.6326828421853,-368.294249663263,68.1035162724932));
#7404=CARTESIAN_POINT('Ctrl Pts',(-95.2079120400689,-366.202301190668,70.1035162724932));
#7405=CARTESIAN_POINT('Ctrl Pts',(-95.2079120400689,-366.202301190668,68.1035162724932));
#7406=CARTESIAN_POINT('',(-95.0750432606957,-370.092414469248,68.1035162724932));
#7407=CARTESIAN_POINT('',(-95.0750432606957,-370.092414469248,70.1035162724932));
#7408=CARTESIAN_POINT('Ctrl Pts',(-95.2079120400689,-366.202301190668,68.1035162724932));
#7409=CARTESIAN_POINT('Ctrl Pts',(-95.6326828421853,-368.294249663263,68.1035162724932));
#7410=CARTESIAN_POINT('Ctrl Pts',(-95.732190213134,-369.037265502268,68.1035162724932));
#7411=CARTESIAN_POINT('Ctrl Pts',(-95.0750432606957,-370.092414469248,68.1035162724932));
#7412=CARTESIAN_POINT('Ctrl Pts',(-90.2527883324883,-373.738957876688,70.1035162724932));
#7413=CARTESIAN_POINT('Ctrl Pts',(-90.2527883324883,-373.738957876688,68.1035162724932));
#7414=CARTESIAN_POINT('Ctrl Pts',(-91.8225325606606,-373.323897455698,70.1035162724932));
#7415=CARTESIAN_POINT('Ctrl Pts',(-91.8225325606606,-373.323897455698,68.1035162724932));
#7416=CARTESIAN_POINT('Ctrl Pts',(-93.337448158767,-372.356128184229,70.1035162724932));
#7417=CARTESIAN_POINT('Ctrl Pts',(-93.337448158767,-372.356128184229,68.1035162724932));
#7418=CARTESIAN_POINT('Ctrl Pts',(-95.0750432606957,-370.092414469248,70.1035162724932));
#7419=CARTESIAN_POINT('Ctrl Pts',(-95.0750432606957,-370.092414469248,68.1035162724932));
#7420=CARTESIAN_POINT('',(-90.2527883324883,-373.738957876688,68.1035162724932));
#7421=CARTESIAN_POINT('',(-90.2527883324883,-373.738957876688,70.1035162724932));
#7422=CARTESIAN_POINT('Ctrl Pts',(-95.0750432606957,-370.092414469248,68.1035162724932));
#7423=CARTESIAN_POINT('Ctrl Pts',(-93.337448158767,-372.356128184229,68.1035162724932));
#7424=CARTESIAN_POINT('Ctrl Pts',(-91.8225325606606,-373.323897455698,68.1035162724932));
#7425=CARTESIAN_POINT('Ctrl Pts',(-90.2527883324883,-373.738957876688,68.1035162724932));
#7426=CARTESIAN_POINT('Ctrl Pts',(-91.0740001128655,-374.804064222473,70.1035162724932));
#7427=CARTESIAN_POINT('Ctrl Pts',(-91.0740001128655,-374.804064222473,68.1035162724932));
#7428=CARTESIAN_POINT('Ctrl Pts',(-90.7582037396608,-374.466165608245,70.1035162724932));
#7429=CARTESIAN_POINT('Ctrl Pts',(-90.7582037396608,-374.466165608245,68.1035162724932));
#7430=CARTESIAN_POINT('Ctrl Pts',(-90.4822496484532,-374.108229177153,70.1035162724932));
#7431=CARTESIAN_POINT('Ctrl Pts',(-90.4822496484532,-374.108229177153,68.1035162724932));
#7432=CARTESIAN_POINT('Ctrl Pts',(-90.2527883324883,-373.738957876688,70.1035162724932));
#7433=CARTESIAN_POINT('Ctrl Pts',(-90.2527883324883,-373.738957876688,68.1035162724932));
#7434=CARTESIAN_POINT('',(-91.0740001128655,-374.804064222473,68.1035162724932));
#7435=CARTESIAN_POINT('',(-91.0740001128655,-374.804064222473,70.1035162724932));
#7436=CARTESIAN_POINT('Ctrl Pts',(-90.2527883324883,-373.738957876688,68.1035162724932));
#7437=CARTESIAN_POINT('Ctrl Pts',(-90.4822496484532,-374.108229177153,68.1035162724932));
#7438=CARTESIAN_POINT('Ctrl Pts',(-90.7582037396608,-374.466165608245,68.1035162724932));
#7439=CARTESIAN_POINT('Ctrl Pts',(-91.0740001128655,-374.804064222473,68.1035162724932));
#7440=CARTESIAN_POINT('Origin',(74.6854809957779,-414.04438646063,68.1035162724944));
#7441=CARTESIAN_POINT('',(91.8634824666098,-435.5191685426,68.1035162724946));
#7442=CARTESIAN_POINT('Origin',(74.6854809957779,-414.04438646063,68.1035162724944));
#7443=CARTESIAN_POINT('',(91.8634824666098,-435.5191685426,76.1035162724946));
#7444=CARTESIAN_POINT('',(91.8634824666098,-435.5191685426,68.1035162724946));
#7445=CARTESIAN_POINT('',(55.333629143926,-433.582959333386,76.1035162724944));
#7446=CARTESIAN_POINT('Origin',(74.6854809957779,-414.04438646063,76.1035162724944));
#7447=CARTESIAN_POINT('',(55.333629143926,-433.582959333386,68.1035162724944));
#7448=CARTESIAN_POINT('Origin',(83.2291308064923,-386.322759247876,64.1035162724944));
#7449=CARTESIAN_POINT('',(83.2291308064923,-386.322759247876,76.1035162724944));
#7450=CARTESIAN_POINT('',(83.2291308064923,-386.322759247876,64.1035162724944));
#7451=CARTESIAN_POINT('',(83.2291308064923,-377.73656672194,76.1035162724944));
#7452=CARTESIAN_POINT('',(83.2291308064923,-387.063337967104,76.1035162724944));
#7453=CARTESIAN_POINT('',(83.2291308064923,-377.73656672194,68.1035162724944));
#7454=CARTESIAN_POINT('',(83.2291308064923,-377.73656672194,64.1035162724944));
#7455=CARTESIAN_POINT('',(83.2291308064923,-387.063337967104,68.1035162724944));
#7456=CARTESIAN_POINT('Origin',(65.6225309963967,-386.322759247876,64.1035162724943));
#7457=CARTESIAN_POINT('',(65.6225309963967,-386.322759247876,76.1035162724943));
#7458=CARTESIAN_POINT('',(65.6225309963967,-386.322759247876,64.1035162724943));
#7459=CARTESIAN_POINT('',(22.6540059960873,-386.322759247876,76.103516272494));
#7460=CARTESIAN_POINT('Origin',(65.6225309963967,-377.73656672194,64.1035162724943));
#7461=CARTESIAN_POINT('',(65.6225309963967,-377.73656672194,76.1035162724943));
#7462=CARTESIAN_POINT('',(65.6225309963967,-377.73656672194,64.1035162724943));
#7463=CARTESIAN_POINT('',(65.6225309963967,-382.770241704136,76.1035162724943));
#7464=CARTESIAN_POINT('Origin',(83.2291308064923,-377.73656672194,64.1035162724944));
#7465=CARTESIAN_POINT('',(31.4573059011351,-377.73656672194,68.103516272494));
#7466=CARTESIAN_POINT('',(31.4573059011351,-377.73656672194,76.103516272494));
#7467=CARTESIAN_POINT('Origin',(113.726393429487,-462.850709374198,68.1035162724949));
#7468=CARTESIAN_POINT('Origin',(113.726393429487,-462.850709374198,68.1035162724949));
#7469=CARTESIAN_POINT('',(126.659278130757,-430.327786791754,76.1035162724949));
#7470=CARTESIAN_POINT('',(126.659278130757,-430.327786791754,68.1035162724949));
#7471=CARTESIAN_POINT('Origin',(113.726393429487,-462.850709374198,76.1035162724949));
#7472=CARTESIAN_POINT('Origin',(113.726393429487,-462.850709374198,68.1035162724949));
#7473=CARTESIAN_POINT('Origin',(126.659278130757,-430.327786791754,76.1035162724949));
#7474=CARTESIAN_POINT('',(96.3795904527072,-457.397194883133,68.1035162724947));
#7475=CARTESIAN_POINT('',(137.996183071477,-420.192830658901,76.1035162724949));
#7476=CARTESIAN_POINT('',(137.996183071477,-420.192830658901,76.1035162724949));
#7477=CARTESIAN_POINT('',(96.3795904527072,-457.397194883133,76.1035162724947));
#7478=CARTESIAN_POINT('Origin',(137.996183071477,-420.192830658901,76.1035162724949));
#7479=CARTESIAN_POINT('',(142.489739244008,-435.079917108343,68.103516272495));
#7480=CARTESIAN_POINT('',(126.906607139637,-383.453226379734,68.1035162724947));
#7481=CARTESIAN_POINT('',(142.489739244008,-435.079917108343,76.103516272495));
#7482=CARTESIAN_POINT('',(142.489739244008,-435.079917108343,76.103516272495));
#7483=CARTESIAN_POINT('',(126.906607139637,-383.453226379734,76.1035162724947));
#7484=CARTESIAN_POINT('Origin',(142.489739244008,-435.079917108343,76.103516272495));
#7485=CARTESIAN_POINT('',(155.859596420627,-423.127544155048,76.103516272495));
#7486=CARTESIAN_POINT('',(155.859596420627,-423.127544155048,76.103516272495));
#7487=CARTESIAN_POINT('',(108.991353072455,-465.026774398345,76.1035162724949));
#7488=CARTESIAN_POINT('',(108.991353072455,-465.026774398345,68.1035162724949));
#7489=CARTESIAN_POINT('Origin',(155.859596420627,-423.127544155048,76.103516272495));
#7490=CARTESIAN_POINT('',(141.329672339795,-416.898824603311,68.1035162724949));
#7491=CARTESIAN_POINT('',(75.0512545818783,-388.486447893679,68.1035162724944));
#7492=CARTESIAN_POINT('',(141.329672339795,-416.898824603311,76.1035162724949));
#7493=CARTESIAN_POINT('',(141.329672339795,-416.898824603311,76.1035162724949));
#7494=CARTESIAN_POINT('',(75.0512545818783,-388.486447893679,76.1035162724944));
#7495=CARTESIAN_POINT('Origin',(141.329672339795,-416.898824603311,76.1035162724949));
#7496=CARTESIAN_POINT('',(151.614213813004,-407.704659421323,76.1035162724949));
#7497=CARTESIAN_POINT('',(151.614213813004,-407.704659421323,72.103516272495));
#7498=CARTESIAN_POINT('',(103.636793808018,-450.595470419612,76.1035162724948));
#7499=CARTESIAN_POINT('',(103.636793808018,-450.595470419612,68.1035162724948));
#7500=CARTESIAN_POINT('Origin',(195.509373799358,-456.805538556843,68.1035162724954));
#7501=CARTESIAN_POINT('',(145.368456029114,-400.718189884549,76.1035162724949));
#7502=CARTESIAN_POINT('',(145.368456029114,-400.718189884549,68.1035162724949));
#7503=CARTESIAN_POINT('',(145.368456029114,-400.718189884549,76.1035162724949));
#7504=CARTESIAN_POINT('Origin',(159.814289410878,-387.803916686331,68.1035162724949));
#7505=CARTESIAN_POINT('Origin',(159.814289410878,-387.803916686331,68.1035162724949));
#7506=CARTESIAN_POINT('',(145.368456029114,-374.889643488113,68.1035162724948));
#7507=CARTESIAN_POINT('Origin',(159.814289410878,-387.803916686331,68.1035162724949));
#7508=CARTESIAN_POINT('',(145.368456029114,-374.889643488113,76.1035162724948));
#7509=CARTESIAN_POINT('',(145.368456029114,-374.889643488113,68.1035162724948));
#7510=CARTESIAN_POINT('Origin',(159.814289410878,-387.803916686331,76.1035162724949));
#7511=CARTESIAN_POINT('Origin',(141.329672339795,-358.709008769351,76.1035162724947));
#7512=CARTESIAN_POINT('',(155.859596420627,-352.480289217614,68.1035162724948));
#7513=CARTESIAN_POINT('',(67.7862925414629,-390.235745254852,68.1035162724943));
#7514=CARTESIAN_POINT('',(155.859596420627,-352.480289217614,76.1035162724948));
#7515=CARTESIAN_POINT('',(155.859596420627,-352.480289217614,76.1035162724948));
#7516=CARTESIAN_POINT('',(141.329672339795,-358.709008769351,76.1035162724947));
#7517=CARTESIAN_POINT('',(67.7862925414628,-390.235745254852,76.1035162724943));
#7518=CARTESIAN_POINT('',(141.329672339795,-358.709008769351,76.1035162724947));
#7519=CARTESIAN_POINT('Origin',(142.489739244008,-340.527916264318,76.1035162724947));
#7520=CARTESIAN_POINT('',(137.996183071477,-355.415002713761,76.1035162724947));
#7521=CARTESIAN_POINT('',(137.996183071477,-355.415002713761,76.1035162724947));
#7522=CARTESIAN_POINT('',(142.489739244008,-340.527916264318,76.1035162724947));
#7523=CARTESIAN_POINT('',(129.153385225902,-384.711063768207,76.1035162724947));
#7524=CARTESIAN_POINT('',(142.489739244008,-340.527916264318,76.1035162724947));
#7525=CARTESIAN_POINT('Origin',(137.996183071477,-355.415002713761,76.1035162724947));
#7526=CARTESIAN_POINT('',(126.659278130757,-345.280046580908,76.1035162724946));
#7527=CARTESIAN_POINT('',(126.659278130757,-345.280046580908,68.1035162724946));
#7528=CARTESIAN_POINT('',(102.048042923067,-323.278116555956,76.1035162724943));
#7529=CARTESIAN_POINT('Origin',(-59.3554314379311,-462.850709374198,68.1035162724937));
#7530=CARTESIAN_POINT('',(-37.492520475054,-435.5191685426,68.1035162724938));
#7531=CARTESIAN_POINT('Origin',(-59.3554314379311,-462.850709374198,68.1035162724937));
#7532=CARTESIAN_POINT('',(-37.4925204750541,-435.5191685426,76.1035162724938));
#7533=CARTESIAN_POINT('',(-37.492520475054,-435.5191685426,68.1035162724938));
#7534=CARTESIAN_POINT('',(-72.2883161392013,-430.327786791754,76.1035162724935));
#7535=CARTESIAN_POINT('Origin',(-59.3554314379312,-462.850709374198,76.1035162724937));
#7536=CARTESIAN_POINT('',(-72.2883161392012,-430.327786791754,68.1035162724935));
#7537=CARTESIAN_POINT('Origin',(113.726393429487,-312.757123998464,68.1035162724944));
#7538=CARTESIAN_POINT('Origin',(113.726393429487,-312.757123998464,68.1035162724944));
#7539=CARTESIAN_POINT('',(91.8634824666098,-340.088664830062,68.1035162724943));
#7540=CARTESIAN_POINT('Origin',(113.726393429487,-312.757123998464,68.1035162724944));
#7541=CARTESIAN_POINT('',(91.8634824666098,-340.088664830062,76.1035162724943));
#7542=CARTESIAN_POINT('',(91.8634824666098,-340.088664830062,68.1035162724943));
#7543=CARTESIAN_POINT('Origin',(113.726393429487,-312.757123998464,76.1035162724944));
#7544=CARTESIAN_POINT('Origin',(-88.118777252452,-435.079917108343,76.1035162724934));
#7545=CARTESIAN_POINT('',(-78.7487311825899,-404.037090331183,68.1035162724934));
#7546=CARTESIAN_POINT('',(-83.6252210799216,-420.192830658901,76.1035162724934));
#7547=CARTESIAN_POINT('',(-83.6252210799216,-420.192830658901,76.1035162724934));
#7548=CARTESIAN_POINT('',(-88.118777252452,-435.079917108343,76.1035162724934));
#7549=CARTESIAN_POINT('',(-78.74873118259,-404.037090331183,76.1035162724934));
#7550=CARTESIAN_POINT('',(-88.118777252452,-435.079917108343,76.1035162724934));
#7551=CARTESIAN_POINT('Origin',(27.1854809957779,-313.605131678905,68.1035162724938));
#7552=CARTESIAN_POINT('',(-0.962667152370242,-342.024874039276,68.1035162724937));
#7553=CARTESIAN_POINT('Origin',(27.1854809957779,-313.605131678905,68.1035162724938));
#7554=CARTESIAN_POINT('',(-0.962667152370296,-342.024874039276,76.1035162724937));
#7555=CARTESIAN_POINT('',(-0.962667152370242,-342.024874039276,68.1035162724937));
#7556=CARTESIAN_POINT('',(55.333629143926,-342.024874039276,76.1035162724941));
#7557=CARTESIAN_POINT('Origin',(27.1854809957778,-313.605131678905,76.1035162724938));
#7558=CARTESIAN_POINT('',(55.333629143926,-342.024874039276,68.1035162724941));
#7559=CARTESIAN_POINT('',(55.333629143926,-342.024874039276,68.1035162724941));
#7560=CARTESIAN_POINT('Origin',(27.1854809957779,-313.605131678905,68.1035162724938));
#7561=CARTESIAN_POINT('Origin',(-97.2432518214482,-407.704659421323,76.1035162724933));
#7562=CARTESIAN_POINT('',(-86.9587103482397,-416.898824603311,68.1035162724934));
#7563=CARTESIAN_POINT('',(-80.8087450042793,-422.396765117545,68.1035162724935));
#7564=CARTESIAN_POINT('',(-86.9587103482398,-416.898824603311,76.1035162724934));
#7565=CARTESIAN_POINT('',(-86.9587103482398,-416.898824603311,76.1035162724934));
#7566=CARTESIAN_POINT('',(-97.2432518214482,-407.704659421323,76.1035162724933));
#7567=CARTESIAN_POINT('',(-80.8087450042794,-422.396765117545,76.1035162724935));
#7568=CARTESIAN_POINT('',(-97.2432518214482,-407.704659421323,72.1035162724933));
#7569=CARTESIAN_POINT('Origin',(-20.3145190042221,-361.563446912032,68.1035162724936));
#7570=CARTESIAN_POINT('',(-37.4925204750541,-340.088664830062,76.1035162724935));
#7571=CARTESIAN_POINT('',(-37.4925204750541,-340.088664830062,68.1035162724935));
#7572=CARTESIAN_POINT('Origin',(-20.3145190042221,-361.563446912032,76.1035162724936));
#7573=CARTESIAN_POINT('Origin',(-20.3145190042221,-361.563446912032,68.1035162724936));
#7574=CARTESIAN_POINT('Origin',(-59.3554314379311,-312.757123998464,68.1035162724932));
#7575=CARTESIAN_POINT('',(-72.2883161392012,-345.280046580908,68.1035162724932));
#7576=CARTESIAN_POINT('Origin',(-59.3554314379311,-312.757123998464,68.1035162724932));
#7577=CARTESIAN_POINT('',(-72.2883161392013,-345.280046580908,76.1035162724932));
#7578=CARTESIAN_POINT('',(-72.2883161392012,-345.280046580908,68.1035162724932));
#7579=CARTESIAN_POINT('Origin',(-59.3554314379312,-312.757123998464,76.1035162724932));
#7580=CARTESIAN_POINT('Origin',(-72.2883161392013,-345.280046580908,76.1035162724932));
#7581=CARTESIAN_POINT('',(-83.6252210799216,-355.415002713761,76.1035162724932));
#7582=CARTESIAN_POINT('',(-83.6252210799216,-355.415002713761,76.1035162724932));
#7583=CARTESIAN_POINT('',(-68.4092709123637,-341.812261200602,76.1035162724933));
#7584=CARTESIAN_POINT('',(-68.4092709123637,-341.812261200602,68.1035162724933));
#7585=CARTESIAN_POINT('Origin',(-83.6252210799216,-355.415002713761,76.1035162724932));
#7586=CARTESIAN_POINT('',(-88.118777252452,-340.527916264318,76.1035162724931));
#7587=CARTESIAN_POINT('',(-88.118777252452,-340.527916264318,76.1035162724931));
#7588=CARTESIAN_POINT('',(-76.5019530963248,-379.0142862662,76.1035162724933));
#7589=CARTESIAN_POINT('Origin',(-88.118777252452,-340.527916264318,76.1035162724931));
#7590=CARTESIAN_POINT('',(-101.488634429071,-352.480289217614,68.1035162724931));
#7591=CARTESIAN_POINT('',(-81.0210335321118,-334.18268168539,68.1035162724931));
#7592=CARTESIAN_POINT('',(-101.488634429071,-352.480289217614,76.1035162724931));
#7593=CARTESIAN_POINT('',(-101.488634429071,-352.480289217614,76.1035162724931));
#7594=CARTESIAN_POINT('',(-81.0210335321118,-334.18268168539,76.1035162724931));
#7595=CARTESIAN_POINT('Origin',(-101.488634429071,-352.480289217614,76.1035162724931));
#7596=CARTESIAN_POINT('',(-86.9587103482398,-358.709008769351,76.1035162724932));
#7597=CARTESIAN_POINT('',(-86.9587103482398,-358.709008769351,76.1035162724932));
#7598=CARTESIAN_POINT('',(-60.8063843913823,-369.920044911362,76.1035162724934));
#7599=CARTESIAN_POINT('',(-60.8063843913822,-369.920044911362,68.1035162724934));
#7600=CARTESIAN_POINT('Origin',(-86.9587103482398,-358.709008769351,76.1035162724932));
#7601=CARTESIAN_POINT('',(-97.2432518214481,-367.903173951339,68.1035162724932));
#7602=CARTESIAN_POINT('',(-75.6664742676751,-348.613985664123,68.1035162724932));
#7603=CARTESIAN_POINT('',(-97.2432518214482,-367.903173951339,76.1035162724931));
#7604=CARTESIAN_POINT('',(-97.2432518214481,-367.903173951339,72.1035162724932));
#7605=CARTESIAN_POINT('',(-75.6664742676752,-348.613985664123,76.1035162724932));
#7606=CARTESIAN_POINT('Origin',(-20.3145190042221,-387.803916686331,68.1035162724937));
#7607=CARTESIAN_POINT('Origin',(-20.3145190042221,-387.803916686331,68.1035162724937));
#7608=CARTESIAN_POINT('Origin',(-20.3145190042221,-387.803916686331,68.1035162724937));
#7609=CARTESIAN_POINT('Origin',(-20.3145190042221,-387.803916686331,68.1035162724937));
#7610=CARTESIAN_POINT('',(-90.9974940375582,-374.889643488113,68.1035162724932));
#7611=CARTESIAN_POINT('Origin',(-20.3145190042221,-387.803916686331,68.1035162724937));
#7612=CARTESIAN_POINT('Origin',(-20.3145190042221,-387.803916686331,68.1035162724937));
#7613=CARTESIAN_POINT('Origin',(-20.3145190042221,-387.803916686331,68.1035162724937));
#7614=CARTESIAN_POINT('',(-90.9974940375582,-400.718189884549,68.1035162724933));
#7615=CARTESIAN_POINT('',(-90.9974940375582,-400.718189884549,68.1035162724933));
#7616=CARTESIAN_POINT('Origin',(-105.443327419322,-387.803916686331,68.1035162724932));
#7617=CARTESIAN_POINT('Origin',(-20.3145190042221,-387.803916686331,68.1035162724937));
#7618=CARTESIAN_POINT('',(-53.5414223509665,-402.573428685431,68.1035162724936));
#7619=CARTESIAN_POINT('Origin',(-20.3145190042221,-387.803916686331,68.1035162724937));
#7620=CARTESIAN_POINT('',(-74.0777233827239,-428.728094105633,68.1035162724935));
#7621=CARTESIAN_POINT('Origin',(-20.3145190042221,-387.803916686331,68.1035162724937));
#7622=CARTESIAN_POINT('Origin',(74.6854809957779,-361.563446912032,68.1035162724943));
#7623=CARTESIAN_POINT('Origin',(-20.3145190042221,-387.803916686331,68.1035162724937));
#7624=CARTESIAN_POINT('Origin',(-20.3145190042221,-387.803916686331,68.1035162724937));
#7625=CARTESIAN_POINT('Origin',(-20.3145190042221,-387.803916686331,68.1035162724937));
#7626=CARTESIAN_POINT('',(115.676281660765,-316.557245450965,68.1035162724944));
#7627=CARTESIAN_POINT('Origin',(-20.3145190042221,-387.803916686331,68.1035162724937));
#7628=CARTESIAN_POINT('',(151.614213813004,-367.903173951339,68.1035162724948));
#7629=CARTESIAN_POINT('',(108.779064544623,-329.609445544044,68.1035162724944));
#7630=CARTESIAN_POINT('',(145.368456029114,-374.889643488113,68.1035162724948));
#7631=CARTESIAN_POINT('Origin',(-20.3145190042221,-387.803916686331,68.1035162724937));
#7632=CARTESIAN_POINT('',(-0.962667152370216,-433.582959333386,68.103516272494));
#7633=CARTESIAN_POINT('Origin',(27.1854809957779,-462.002701693757,68.1035162724943));
#7634=CARTESIAN_POINT('Origin',(-20.3145190042221,-414.04438646063,68.1035162724938));
#7635=CARTESIAN_POINT('Origin',(-20.3145190042221,-387.803916686331,68.1035162724937));
#7636=CARTESIAN_POINT('Origin',(-20.3145190042221,-387.803916686331,68.1035162724937));
#7637=CARTESIAN_POINT('Origin',(-20.3145190042221,-387.803916686331,68.1035162724937));
#7638=CARTESIAN_POINT('Origin',(-20.3145190042221,-387.803916686331,68.1035162724937));
#7639=CARTESIAN_POINT('Origin',(-20.3145190042221,-387.803916686331,68.1035162724937));
#7640=CARTESIAN_POINT('Origin',(-20.3145190042221,-367.165307889815,68.1035162724937));
#7641=CARTESIAN_POINT('Origin',(-20.3145190042221,-387.803916686331,68.1035162724937));
#7642=CARTESIAN_POINT('',(-30.9399116322117,-373.637866086418,68.1035162724936));
#7643=CARTESIAN_POINT('',(-15.1322655928414,-373.637866086418,68.1035162724937));
#7644=CARTESIAN_POINT('',(-30.9399116322117,-380.720891386374,68.1035162724936));
#7645=CARTESIAN_POINT('Origin',(-20.3145190042221,-367.165307889815,68.1035162724937));
#7646=CARTESIAN_POINT('Origin',(-20.3145190042221,-387.803916686331,68.1035162724937));
#7647=CARTESIAN_POINT('Origin',(27.1854809957779,-462.002701693757,68.1035162724943));
#7648=CARTESIAN_POINT('',(-9.95001218146066,-386.384213899878,68.1035162724938));
#7649=CARTESIAN_POINT('Origin',(-20.3145190042221,-387.803916686331,68.1035162724937));
#7650=CARTESIAN_POINT('Origin',(-20.3145190042221,-387.803916686331,68.1035162724937));
#7651=CARTESIAN_POINT('Origin',(27.1854809957779,-462.002701693757,68.1035162724943));
#7652=CARTESIAN_POINT('Origin',(-20.3145190042221,-387.803916686331,68.1035162724937));
#7653=CARTESIAN_POINT('',(-87.7059621204214,-435.448965210624,68.1035162724935));
#7654=CARTESIAN_POINT('Origin',(-20.3145190042221,-387.803916686331,68.1035162724937));
#7655=CARTESIAN_POINT('Origin',(-20.3145190042221,-387.803916686331,68.1035162724937));
#7656=CARTESIAN_POINT('Origin',(155.859596420627,-352.480289217614,76.1035162724948));
#7657=CARTESIAN_POINT('',(115.676281660765,-316.557245450965,76.1035162724944));
#7658=CARTESIAN_POINT('Origin',(151.614213813004,-367.903173951339,76.1035162724948));
#7659=CARTESIAN_POINT('',(151.614213813004,-367.903173951339,76.1035162724948));
#7660=CARTESIAN_POINT('',(108.779064544623,-329.609445544044,76.1035162724944));
#7661=CARTESIAN_POINT('',(151.614213813004,-367.903173951339,72.1035162724948));
#7662=CARTESIAN_POINT('Origin',(-20.3145190042221,-387.803916686331,76.1035162724937));
#7663=CARTESIAN_POINT('Origin',(74.6854809957779,-361.563446912032,76.1035162724943));
#7664=CARTESIAN_POINT('',(-90.9974940375582,-374.889643488113,76.1035162724932));
#7665=CARTESIAN_POINT('',(-90.9974940375582,-374.889643488113,76.1035162724932));
#7666=CARTESIAN_POINT('',(-90.9974940375582,-400.718189884549,76.1035162724933));
#7667=CARTESIAN_POINT('Origin',(-105.443327419322,-387.803916686331,76.1035162724932));
#7668=CARTESIAN_POINT('',(-90.9974940375582,-400.718189884549,76.1035162724933));
#7669=CARTESIAN_POINT('',(-101.488634429071,-423.127544155048,76.1035162724933));
#7670=CARTESIAN_POINT('',(-53.5414223509665,-402.573428685431,76.1035162724936));
#7671=CARTESIAN_POINT('',(-87.7059621204214,-435.448965210624,76.1035162724935));
#7672=CARTESIAN_POINT('',(-74.077723382724,-428.728094105633,76.1035162724935));
#7673=CARTESIAN_POINT('',(-0.962667152370269,-433.582959333386,76.103516272494));
#7674=CARTESIAN_POINT('Origin',(-20.3145190042221,-414.04438646063,76.1035162724938));
#7675=CARTESIAN_POINT('Origin',(27.1854809957778,-462.002701693757,76.1035162724943));
#7676=CARTESIAN_POINT('',(145.368456029114,-374.889643488113,76.1035162724948));
#7677=CARTESIAN_POINT('',(71.8040549092011,-366.165307889815,76.1035162724943));
#7678=CARTESIAN_POINT('Origin',(74.5040549092012,-366.165307889815,76.1035162724943));
#7679=CARTESIAN_POINT('',(-23.0145190042221,-367.165307889815,76.1035162724936));
#7680=CARTESIAN_POINT('Origin',(-20.3145190042221,-367.165307889815,76.1035162724937));
#7681=CARTESIAN_POINT('',(71.8040549091754,-402.165307889815,76.1035162724944));
#7682=CARTESIAN_POINT('Origin',(74.5040549091755,-402.165307889815,76.1035162724944));
#7683=CARTESIAN_POINT('',(-23.0145190042221,-403.165307889815,76.1035162724938));
#7684=CARTESIAN_POINT('Origin',(-20.3145190042221,-403.165307889815,76.1035162724938));
#7685=CARTESIAN_POINT('',(-9.95001218146071,-373.637866086418,76.1035162724937));
#7686=CARTESIAN_POINT('',(-9.95001218146071,-384.964511113425,76.1035162724938));
#7687=CARTESIAN_POINT('',(-9.95001218146071,-386.384213899878,76.1035162724938));
#7688=CARTESIAN_POINT('',(-30.9399116322118,-384.964511113425,76.1035162724936));
#7689=CARTESIAN_POINT('',(-25.6272153182169,-384.964511113425,76.1035162724937));
#7690=CARTESIAN_POINT('',(-30.9399116322118,-373.637866086418,76.1035162724936));
#7691=CARTESIAN_POINT('',(-30.9399116322118,-380.720891386374,76.1035162724936));
#7692=CARTESIAN_POINT('',(-15.1322655928414,-373.637866086418,76.1035162724937));
#7693=CARTESIAN_POINT('Origin',(145.368456029114,-374.889643488113,68.1035162724948));
#7694=CARTESIAN_POINT('Origin',(-30.9399116322117,-373.637866086418,64.1035162724936));
#7695=CARTESIAN_POINT('',(-30.9399116322117,-373.637866086418,64.1035162724936));
#7696=CARTESIAN_POINT('',(-30.9399116322117,-384.964511113425,64.1035162724937));
#7697=CARTESIAN_POINT('Origin',(-9.95001218146063,-373.637866086418,64.1035162724937));
#7698=CARTESIAN_POINT('',(-9.95001218146063,-373.637866086418,64.1035162724937));
#7699=CARTESIAN_POINT('Origin',(-9.95001218146063,-384.964511113425,64.1035162724938));
#7700=CARTESIAN_POINT('',(-9.95001218146063,-384.964511113425,64.1035162724938));
#7701=CARTESIAN_POINT('Origin',(-30.9399116322117,-384.964511113425,64.1035162724937));
#7702=CARTESIAN_POINT('Origin',(-20.3145190042221,-403.165307889815,76.1035162724938));
#7703=CARTESIAN_POINT('',(-23.0145190042221,-403.165307889815,73.1035162724938));
#7704=CARTESIAN_POINT('',(-23.0145190042221,-403.165307889815,76.1035162724938));
#7705=CARTESIAN_POINT('Origin',(-20.3145190042221,-403.165307889815,73.1035162724938));
#7706=CARTESIAN_POINT('Origin',(-20.3145190042221,-403.165307889815,73.1035162724938));
#7707=CARTESIAN_POINT('',(-18.8145190042221,-403.165307889815,73.1035162724938));
#7708=CARTESIAN_POINT('Origin',(-20.3145190042221,-403.165307889815,73.1035162724938));
#7709=CARTESIAN_POINT('Origin',(74.5040549091755,-402.165307889815,76.1035162724944));
#7710=CARTESIAN_POINT('',(71.8040549091755,-402.165307889815,73.1035162724944));
#7711=CARTESIAN_POINT('',(71.8040549091754,-402.165307889815,76.1035162724944));
#7712=CARTESIAN_POINT('Origin',(74.5040549091755,-402.165307889815,73.1035162724944));
#7713=CARTESIAN_POINT('Origin',(74.5040549091755,-402.165307889815,73.1035162724944));
#7714=CARTESIAN_POINT('',(76.0040549091755,-402.165307889815,73.1035162724944));
#7715=CARTESIAN_POINT('Origin',(74.5040549091755,-402.165307889815,73.1035162724944));
#7716=CARTESIAN_POINT('Origin',(-20.3145190042221,-367.165307889815,76.1035162724937));
#7717=CARTESIAN_POINT('',(-23.0145190042221,-367.165307889815,73.1035162724936));
#7718=CARTESIAN_POINT('',(-23.0145190042221,-367.165307889815,76.1035162724936));
#7719=CARTESIAN_POINT('Origin',(-20.3145190042221,-367.165307889815,73.1035162724937));
#7720=CARTESIAN_POINT('Origin',(-20.3145190042221,-367.165307889815,73.1035162724937));
#7721=CARTESIAN_POINT('',(-18.8145190042221,-367.165307889815,73.1035162724937));
#7722=CARTESIAN_POINT('Origin',(-20.3145190042221,-367.165307889815,73.1035162724937));
#7723=CARTESIAN_POINT('Origin',(74.5040549092012,-366.165307889815,76.1035162724943));
#7724=CARTESIAN_POINT('',(71.8040549092012,-366.165307889815,73.1035162724943));
#7725=CARTESIAN_POINT('',(71.8040549092012,-366.165307889815,76.1035162724943));
#7726=CARTESIAN_POINT('Origin',(74.5040549092012,-366.165307889815,73.1035162724943));
#7727=CARTESIAN_POINT('Origin',(74.5040549092012,-366.165307889815,73.1035162724943));
#7728=CARTESIAN_POINT('',(76.0040549092012,-366.165307889815,73.1035162724943));
#7729=CARTESIAN_POINT('Origin',(74.5040549092012,-366.165307889815,73.1035162724943));
#7730=CARTESIAN_POINT('Origin',(-20.3145190042221,-367.165307889815,67.1035162724937));
#7731=CARTESIAN_POINT('',(-18.8145190042221,-367.165307889815,67.1035162724937));
#7732=CARTESIAN_POINT('Origin',(74.5040549091755,-402.165307889815,67.1035162724944));
#7733=CARTESIAN_POINT('',(76.0040549091755,-402.165307889815,67.1035162724944));
#7734=CARTESIAN_POINT('Origin',(-20.3145190042221,-403.165307889815,67.1035162724938));
#7735=CARTESIAN_POINT('',(-18.8145190042221,-403.165307889815,67.1035162724938));
#7736=CARTESIAN_POINT('Origin',(74.5040549092012,-366.165307889815,67.1035162724943));
#7737=CARTESIAN_POINT('',(76.0040549092012,-366.165307889815,67.1035162724943));
#7738=CARTESIAN_POINT('Origin',(74.6854809957779,-361.563446912032,68.1035162724943));
#7739=CARTESIAN_POINT('Origin',(27.1854809957779,-462.002701693757,68.1035162724943));
#7740=CARTESIAN_POINT('',(-0.962667152370216,-433.582959333386,68.103516272494));
#7741=CARTESIAN_POINT('Origin',(-20.3145190042221,-414.04438646063,68.1035162724938));
#7742=CARTESIAN_POINT('Origin',(-105.443327419322,-387.803916686331,68.1035162724932));
#7743=CARTESIAN_POINT('',(-90.9974940375582,-400.718189884549,68.1035162724933));
#7744=CARTESIAN_POINT('',(-90.9974940375582,-374.889643488113,68.1035162724932));
#7745=CARTESIAN_POINT('Origin',(-141.138412018478,-318.802294580159,68.1035162724927));
#7746=CARTESIAN_POINT('Origin',(-90.9974940375582,-400.718189884549,68.1035162724933));
#7747=CARTESIAN_POINT('Origin',(-86.9587103482398,-416.898824603311,76.1035162724934));
#7748=CARTESIAN_POINT('',(-101.488634429071,-423.127544155048,76.1035162724933));
#7749=CARTESIAN_POINT('Origin',(-101.488634429071,-423.127544155048,76.1035162724933));
#7750=CARTESIAN_POINT('Origin',(-83.6252210799216,-420.192830658901,76.1035162724934));
#7751=UNCERTAINTY_MEASURE_WITH_UNIT(LENGTH_MEASURE(0.01),#7755,
'DISTANCE_ACCURACY_VALUE',
'Maximum model space distance between geometric entities at asserted c
onnectivities');
#7752=UNCERTAINTY_MEASURE_WITH_UNIT(LENGTH_MEASURE(0.01),#7755,
'DISTANCE_ACCURACY_VALUE',
'Maximum model space distance between geometric entities at asserted c
onnectivities');
#7753=(
GEOMETRIC_REPRESENTATION_CONTEXT(3)
GLOBAL_UNCERTAINTY_ASSIGNED_CONTEXT((#7751))
GLOBAL_UNIT_ASSIGNED_CONTEXT((#7755,#7757,#7758))
REPRESENTATION_CONTEXT('','3D')
);
#7754=(
GEOMETRIC_REPRESENTATION_CONTEXT(3)
GLOBAL_UNCERTAINTY_ASSIGNED_CONTEXT((#7752))
GLOBAL_UNIT_ASSIGNED_CONTEXT((#7755,#7757,#7758))
REPRESENTATION_CONTEXT('','3D')
);
#7755=(
LENGTH_UNIT()
NAMED_UNIT(*)
SI_UNIT(.MILLI.,.METRE.)
);
#7756=(
LENGTH_UNIT()
NAMED_UNIT(*)
SI_UNIT($,.METRE.)
);
#7757=(
NAMED_UNIT(*)
PLANE_ANGLE_UNIT()
SI_UNIT($,.RADIAN.)
);
#7758=(
NAMED_UNIT(*)
SI_UNIT($,.STERADIAN.)
SOLID_ANGLE_UNIT()
);
#7759=SHAPE_DEFINITION_REPRESENTATION(#7760,#7761);
#7760=PRODUCT_DEFINITION_SHAPE('',$,#7763);
#7761=SHAPE_REPRESENTATION('',(#4049),#7753);
#7762=PRODUCT_DEFINITION_CONTEXT('part definition',#7767,'design');
#7763=PRODUCT_DEFINITION('FusionComponent','FusionComponent',#7764,#7762);
#7764=PRODUCT_DEFINITION_FORMATION('',$,#7769);
#7765=PRODUCT_RELATED_PRODUCT_CATEGORY('FusionComponent',
'FusionComponent',(#7769));
#7766=APPLICATION_PROTOCOL_DEFINITION('international standard',
'automotive_design',2009,#7767);
#7767=APPLICATION_CONTEXT(
'Core Data for Automotive Mechanical Design Process');
#7768=PRODUCT_CONTEXT('part definition',#7767,'mechanical');
#7769=PRODUCT('FusionComponent','FusionComponent',$,(#7768));
#7770=PRESENTATION_STYLE_ASSIGNMENT((#7772));
#7771=PRESENTATION_STYLE_ASSIGNMENT((#7773));
#7772=SURFACE_STYLE_USAGE(.BOTH.,#7774);
#7773=SURFACE_STYLE_USAGE(.BOTH.,#7775);
#7774=SURFACE_SIDE_STYLE('',(#7776));
#7775=SURFACE_SIDE_STYLE('',(#7777));
#7776=SURFACE_STYLE_FILL_AREA(#7778);
#7777=SURFACE_STYLE_FILL_AREA(#7779);
#7778=FILL_AREA_STYLE('Steel - Satin',(#7780));
#7779=FILL_AREA_STYLE('Brass - Polished',(#7781));
#7780=FILL_AREA_STYLE_COLOUR('Steel - Satin',#7782);
#7781=FILL_AREA_STYLE_COLOUR('Brass - Polished',#7783);
#7782=COLOUR_RGB('Steel - Satin',0.627450980392157,0.627450980392157,0.627450980392157);
#7783=COLOUR_RGB('Brass - Polished',0.952941176470588,0.796078431372549,
0.486274509803922);
ENDSEC;
END-ISO-10303-21;
