ISO-10303-21;
HEADER;
/* Generated by software containing ST-Developer
 * from STEP Tools, Inc. (www.steptools.com) 
 */

FILE_DESCRIPTION(
/* description */ (''),
/* implementation_level */ '2;1');

FILE_NAME(
/* name */ 'Component6.step',
/* time_stamp */ '2026-08-11T14:21:29+03:00',
/* author */ (''),
/* organization */ (''),
/* preprocessor_version */ 'ST-DEVELOPER v20.1',
/* originating_system */ 'Autodesk Translation Framework v15.8.0.0',
/* authorisation */ '');

FILE_SCHEMA (('AUTOMOTIVE_DESIGN { 1 0 10303 214 3 1 1 }'));
ENDSEC;

DATA;
#10=MECHANICAL_DESIGN_GEOMETRIC_PRESENTATION_REPRESENTATION('',(#15,#16,
#17,#18,#19),#12108);
#11=SHAPE_REPRESENTATION_RELATIONSHIP('SRR','None',#12115,#12);
#12=ADVANCED_BREP_SHAPE_REPRESENTATION('',(#20,#21,#22,#23,#24),#12107);
#13=B_SPLINE_SURFACE_WITH_KNOTS('',2,1,((#11609,#11610),(#11611,#11612),
(#11613,#11614)),.UNSPECIFIED.,.F.,.F.,.F.,(3,3),(2,2),(0.,1.),(0.,0.2),
 .UNSPECIFIED.);
#14=B_SPLINE_SURFACE_WITH_KNOTS('',2,1,((#11706,#11707),(#11708,#11709),
(#11710,#11711)),.UNSPECIFIED.,.F.,.F.,.F.,(3,3),(2,2),(0.,1.),(0.,0.2),
 .UNSPECIFIED.);
#15=STYLED_ITEM('',(#12125),#20);
#16=STYLED_ITEM('',(#12125),#21);
#17=STYLED_ITEM('',(#12125),#22);
#18=STYLED_ITEM('',(#12125),#23);
#19=STYLED_ITEM('',(#12125),#24);
#20=MANIFOLD_SOLID_BREP('Body1',#6382);
#21=MANIFOLD_SOLID_BREP('Body2',#6383);
#22=MANIFOLD_SOLID_BREP('Body3',#6384);
#23=MANIFOLD_SOLID_BREP('Body4',#6385);
#24=MANIFOLD_SOLID_BREP('Body5',#6386);
#25=CYLINDRICAL_SURFACE('',#6407,5.04999999999999);
#26=CYLINDRICAL_SURFACE('',#6421,35.);
#27=CYLINDRICAL_SURFACE('',#6426,15.);
#28=CYLINDRICAL_SURFACE('',#6438,15.);
#29=CYLINDRICAL_SURFACE('',#6451,5.04999999999999);
#30=CYLINDRICAL_SURFACE('',#6453,35.);
#31=CYLINDRICAL_SURFACE('',#6465,14.9999999999999);
#32=CYLINDRICAL_SURFACE('',#6473,35.);
#33=CYLINDRICAL_SURFACE('',#6475,5.05000000000001);
#34=CYLINDRICAL_SURFACE('',#6485,15.);
#35=CYLINDRICAL_SURFACE('',#6499,35.0000000000001);
#36=CYLINDRICAL_SURFACE('',#6504,5.05000000000001);
#37=CYLINDRICAL_SURFACE('',#6531,27.5);
#38=CYLINDRICAL_SURFACE('',#6538,35.0000000000001);
#39=CYLINDRICAL_SURFACE('',#6548,19.3768045438844);
#40=CYLINDRICAL_SURFACE('',#6555,35.);
#41=CYLINDRICAL_SURFACE('',#6558,35.);
#42=CYLINDRICAL_SURFACE('',#6563,40.);
#43=CYLINDRICAL_SURFACE('',#6568,27.5);
#44=CYLINDRICAL_SURFACE('',#6571,35.);
#45=CYLINDRICAL_SURFACE('',#6630,2.7);
#46=CYLINDRICAL_SURFACE('',#6634,2.7);
#47=CYLINDRICAL_SURFACE('',#6638,2.7);
#48=CYLINDRICAL_SURFACE('',#6642,2.7);
#49=CYLINDRICAL_SURFACE('',#6646,1.5);
#50=CYLINDRICAL_SURFACE('',#6647,1.5);
#51=CYLINDRICAL_SURFACE('',#6648,1.49999999999999);
#52=CYLINDRICAL_SURFACE('',#6649,1.5);
#53=CYLINDRICAL_SURFACE('',#6650,27.5);
#54=CYLINDRICAL_SURFACE('',#6651,40.);
#55=CYLINDRICAL_SURFACE('',#6652,27.5);
#56=CYLINDRICAL_SURFACE('',#6653,19.3768045438841);
#57=B_SPLINE_CURVE_WITH_KNOTS('',3,(#7752,#7753,#7754,#7755,#7756,#7757),
 .UNSPECIFIED.,.F.,.F.,(4,2,4),(0.,0.0999999999999996,0.2),
 .UNSPECIFIED.);
#58=B_SPLINE_CURVE_WITH_KNOTS('',3,(#7759,#7760,#7761,#7762,#7763,#7764),
 .UNSPECIFIED.,.F.,.F.,(4,2,4),(0.,0.0999999999999996,0.2),
 .UNSPECIFIED.);
#59=B_SPLINE_CURVE_WITH_KNOTS('',3,(#7862,#7863,#7864,#7865,#7866,#7867),
 .UNSPECIFIED.,.F.,.F.,(4,2,4),(0.,0.100000000000001,0.2),.UNSPECIFIED.);
#60=B_SPLINE_CURVE_WITH_KNOTS('',3,(#7959,#7960,#7961,#7962,#7963,#7964),
 .UNSPECIFIED.,.F.,.F.,(4,2,4),(0.,0.0999999999999996,0.2),
 .UNSPECIFIED.);
#61=B_SPLINE_CURVE_WITH_KNOTS('',3,(#8035,#8036,#8037,#8038,#8039,#8040),
 .UNSPECIFIED.,.F.,.F.,(4,2,4),(0.,0.100000000000001,0.2),.UNSPECIFIED.);
#62=B_SPLINE_CURVE_WITH_KNOTS('',3,(#8062,#8063,#8064,#8065,#8066,#8067),
 .UNSPECIFIED.,.F.,.F.,(4,2,4),(0.,0.0999999999999996,0.2),
 .UNSPECIFIED.);
#63=B_SPLINE_CURVE_WITH_KNOTS('',3,(#8074,#8075,#8076,#8077,#8078,#8079),
 .UNSPECIFIED.,.F.,.F.,(4,2,4),(0.,0.100000000000001,0.2),.UNSPECIFIED.);
#64=B_SPLINE_CURVE_WITH_KNOTS('',3,(#8094,#8095,#8096,#8097,#8098,#8099),
 .UNSPECIFIED.,.F.,.F.,(4,2,4),(0.,0.0999999999999996,0.2),
 .UNSPECIFIED.);
#65=B_SPLINE_CURVE_WITH_KNOTS('',3,(#8106,#8107,#8108,#8109,#8110,#8111),
 .UNSPECIFIED.,.F.,.F.,(4,2,4),(0.,0.100000000000001,0.2),.UNSPECIFIED.);
#66=B_SPLINE_CURVE_WITH_KNOTS('',3,(#8126,#8127,#8128,#8129,#8130,#8131),
 .UNSPECIFIED.,.F.,.F.,(4,2,4),(0.,0.100000000000001,0.2),.UNSPECIFIED.);
#67=B_SPLINE_CURVE_WITH_KNOTS('',3,(#8244,#8245,#8246,#8247,#8248,#8249),
 .UNSPECIFIED.,.F.,.F.,(4,2,4),(0.,0.0999999999999996,0.2),
 .UNSPECIFIED.);
#68=B_SPLINE_CURVE_WITH_KNOTS('',3,(#8295,#8296,#8297,#8298,#8299,#8300),
 .UNSPECIFIED.,.F.,.F.,(4,2,4),(0.,0.100000000000001,0.2),.UNSPECIFIED.);
#69=B_SPLINE_CURVE_WITH_KNOTS('',3,(#8495,#8496,#8497,#8498,#8499,#8500),
 .UNSPECIFIED.,.F.,.F.,(4,2,4),(0.,0.100000000000001,0.2),.UNSPECIFIED.);
#70=B_SPLINE_CURVE_WITH_KNOTS('',3,(#8598,#8599,#8600,#8601,#8602,#8603),
 .UNSPECIFIED.,.F.,.F.,(4,2,4),(0.,0.0999999999999996,0.2),
 .UNSPECIFIED.);
#71=B_SPLINE_CURVE_WITH_KNOTS('',3,(#8609,#8610,#8611,#8612,#8613,#8614),
 .UNSPECIFIED.,.F.,.F.,(4,2,4),(0.,0.0999999999999996,0.2),
 .UNSPECIFIED.);
#72=B_SPLINE_CURVE_WITH_KNOTS('',3,(#8810,#8811,#8812,#8813,#8814,#8815),
 .UNSPECIFIED.,.F.,.F.,(4,2,4),(0.,0.0999999999999996,0.2),
 .UNSPECIFIED.);
#73=B_SPLINE_CURVE_WITH_KNOTS('',3,(#8864,#8865,#8866,#8867,#8868,#8869),
 .UNSPECIFIED.,.F.,.F.,(4,2,4),(0.,0.100000000000001,0.2),.UNSPECIFIED.);
#74=B_SPLINE_CURVE_WITH_KNOTS('',3,(#8885,#8886,#8887,#8888,#8889,#8890),
 .UNSPECIFIED.,.F.,.F.,(4,2,4),(0.,0.100000000000001,0.2),.UNSPECIFIED.);
#75=B_SPLINE_CURVE_WITH_KNOTS('',3,(#9028,#9029,#9030,#9031,#9032,#9033),
 .UNSPECIFIED.,.F.,.F.,(4,2,4),(0.,0.0999999999999996,0.2),
 .UNSPECIFIED.);
#76=B_SPLINE_CURVE_WITH_KNOTS('',3,(#9051,#9052,#9053,#9054,#9055,#9056),
 .UNSPECIFIED.,.F.,.F.,(4,2,4),(0.,0.0999999999999996,0.2),
 .UNSPECIFIED.);
#77=B_SPLINE_CURVE_WITH_KNOTS('',3,(#9062,#9063,#9064,#9065,#9066,#9067),
 .UNSPECIFIED.,.F.,.F.,(4,2,4),(0.,0.100000000000001,0.2),.UNSPECIFIED.);
#78=B_SPLINE_CURVE_WITH_KNOTS('',3,(#9147,#9148,#9149,#9150,#9151,#9152),
 .UNSPECIFIED.,.F.,.F.,(4,2,4),(0.,0.0999999999999996,0.2),
 .UNSPECIFIED.);
#79=B_SPLINE_CURVE_WITH_KNOTS('',3,(#9174,#9175,#9176,#9177,#9178,#9179),
 .UNSPECIFIED.,.F.,.F.,(4,2,4),(0.,0.0999999999999996,0.2),
 .UNSPECIFIED.);
#80=B_SPLINE_CURVE_WITH_KNOTS('',3,(#9201,#9202,#9203,#9204,#9205,#9206),
 .UNSPECIFIED.,.F.,.F.,(4,2,4),(0.,0.100000000000001,0.2),.UNSPECIFIED.);
#81=B_SPLINE_CURVE_WITH_KNOTS('',3,(#9228,#9229,#9230,#9231,#9232,#9233),
 .UNSPECIFIED.,.F.,.F.,(4,2,4),(0.,0.0999999999999996,0.2),
 .UNSPECIFIED.);
#82=B_SPLINE_CURVE_WITH_KNOTS('',3,(#9240,#9241,#9242,#9243,#9244,#9245),
 .UNSPECIFIED.,.F.,.F.,(4,2,4),(0.,0.0999999999999996,0.2),
 .UNSPECIFIED.);
#83=B_SPLINE_CURVE_WITH_KNOTS('',3,(#9260,#9261,#9262,#9263,#9264,#9265),
 .UNSPECIFIED.,.F.,.F.,(4,2,4),(0.,0.0999999999999996,0.2),
 .UNSPECIFIED.);
#84=B_SPLINE_CURVE_WITH_KNOTS('',3,(#9287,#9288,#9289,#9290,#9291,#9292),
 .UNSPECIFIED.,.F.,.F.,(4,2,4),(0.,0.100000000000001,0.2),.UNSPECIFIED.);
#85=B_SPLINE_CURVE_WITH_KNOTS('',3,(#9299,#9300,#9301,#9302,#9303,#9304),
 .UNSPECIFIED.,.F.,.F.,(4,2,4),(0.,0.100000000000001,0.2),.UNSPECIFIED.);
#86=B_SPLINE_CURVE_WITH_KNOTS('',3,(#9319,#9320,#9321,#9322,#9323,#9324),
 .UNSPECIFIED.,.F.,.F.,(4,2,4),(0.,0.100000000000001,0.2),.UNSPECIFIED.);
#87=B_SPLINE_CURVE_WITH_KNOTS('',3,(#9343,#9344,#9345,#9346,#9347,#9348),
 .UNSPECIFIED.,.F.,.F.,(4,2,4),(0.,0.100000000000001,0.2),.UNSPECIFIED.);
#88=B_SPLINE_CURVE_WITH_KNOTS('',2,(#9840,#9841,#9842),.UNSPECIFIED.,.F.,
 .F.,(3,3),(0.,1.),.UNSPECIFIED.);
#89=B_SPLINE_CURVE_WITH_KNOTS('',2,(#9876,#9877,#9878),.UNSPECIFIED.,.F.,
 .F.,(3,3),(0.,1.),.UNSPECIFIED.);
#90=B_SPLINE_CURVE_WITH_KNOTS('',3,(#10064,#10065,#10066,#10067,#10068,
#10069),.UNSPECIFIED.,.F.,.F.,(4,2,4),(0.,0.100000000000001,0.2),
 .UNSPECIFIED.);
#91=B_SPLINE_CURVE_WITH_KNOTS('',3,(#10085,#10086,#10087,#10088,#10089,
#10090),.UNSPECIFIED.,.F.,.F.,(4,2,4),(0.,0.0999999999999996,0.2),
 .UNSPECIFIED.);
#92=B_SPLINE_CURVE_WITH_KNOTS('',3,(#10092,#10093,#10094,#10095,#10096,
#10097),.UNSPECIFIED.,.F.,.F.,(4,2,4),(0.,0.0999999999999996,0.2),
 .UNSPECIFIED.);
#93=B_SPLINE_CURVE_WITH_KNOTS('',3,(#10209,#10210,#10211,#10212,#10213,
#10214),.UNSPECIFIED.,.F.,.F.,(4,2,4),(0.,0.0999999999999996,0.2),
 .UNSPECIFIED.);
#94=B_SPLINE_CURVE_WITH_KNOTS('',3,(#10341,#10342,#10343,#10344,#10345,
#10346),.UNSPECIFIED.,.F.,.F.,(4,2,4),(0.,0.100000000000001,0.2),
 .UNSPECIFIED.);
#95=B_SPLINE_CURVE_WITH_KNOTS('',3,(#10360,#10361,#10362,#10363,#10364,
#10365),.UNSPECIFIED.,.F.,.F.,(4,2,4),(0.,0.0999999999999996,0.2),
 .UNSPECIFIED.);
#96=B_SPLINE_CURVE_WITH_KNOTS('',3,(#10371,#10372,#10373,#10374,#10375,
#10376),.UNSPECIFIED.,.F.,.F.,(4,2,4),(0.,0.100000000000001,0.2),
 .UNSPECIFIED.);
#97=B_SPLINE_CURVE_WITH_KNOTS('',3,(#11330,#11331,#11332,#11333,#11334,
#11335),.UNSPECIFIED.,.F.,.F.,(4,2,4),(0.,0.100000000000001,0.2),
 .UNSPECIFIED.);
#98=B_SPLINE_CURVE_WITH_KNOTS('',3,(#11363,#11364,#11365,#11366,#11367,
#11368),.UNSPECIFIED.,.F.,.F.,(4,2,4),(0.,0.0999999999999996,0.2),
 .UNSPECIFIED.);
#99=B_SPLINE_CURVE_WITH_KNOTS('',3,(#11539,#11540,#11541,#11542,#11543,
#11544),.UNSPECIFIED.,.F.,.F.,(4,2,4),(0.,0.0999999999999996,0.2),
 .UNSPECIFIED.);
#100=B_SPLINE_CURVE_WITH_KNOTS('',2,(#11617,#11618,#11619),
 .UNSPECIFIED.,.F.,.F.,(3,3),(-1.,0.),.UNSPECIFIED.);
#101=B_SPLINE_CURVE_WITH_KNOTS('',2,(#11714,#11715,#11716),
 .UNSPECIFIED.,.F.,.F.,(3,3),(-1.,0.),.UNSPECIFIED.);
#102=B_SPLINE_CURVE_WITH_KNOTS('',3,(#11740,#11741,#11742,#11743,#11744,
#11745),.UNSPECIFIED.,.F.,.F.,(4,2,4),(0.,0.100000000000001,0.2),
 .UNSPECIFIED.);
#103=(
BOUNDED_SURFACE()
B_SPLINE_SURFACE(3,1,((#7743,#7744),(#7745,#7746),(#7747,#7748),(#7749,
#7750)),.UNSPECIFIED.,.F.,.F.,.F.)
B_SPLINE_SURFACE_WITH_KNOTS((4,4),(2,2),(0.,1.),(0.,0.2),.UNSPECIFIED.)
GEOMETRIC_REPRESENTATION_ITEM()
RATIONAL_B_SPLINE_SURFACE(((1.,1.),(1.,1.),(1.,1.),(1.,1.)))
REPRESENTATION_ITEM('')
SURFACE()
);
#104=(
BOUNDED_SURFACE()
B_SPLINE_SURFACE(3,1,((#7769,#7770),(#7771,#7772),(#7773,#7774),(#7775,
#7776)),.UNSPECIFIED.,.F.,.F.,.F.)
B_SPLINE_SURFACE_WITH_KNOTS((4,4),(2,2),(-1.,0.),(0.,0.2),.UNSPECIFIED.)
GEOMETRIC_REPRESENTATION_ITEM()
RATIONAL_B_SPLINE_SURFACE(((1.,1.),(1.,1.),(1.,1.),(1.,1.)))
REPRESENTATION_ITEM('')
SURFACE()
);
#105=(
BOUNDED_SURFACE()
B_SPLINE_SURFACE(3,1,((#7785,#7786),(#7787,#7788),(#7789,#7790),(#7791,
#7792)),.UNSPECIFIED.,.F.,.F.,.F.)
B_SPLINE_SURFACE_WITH_KNOTS((4,4),(2,2),(-1.,0.),(0.,0.2),.UNSPECIFIED.)
GEOMETRIC_REPRESENTATION_ITEM()
RATIONAL_B_SPLINE_SURFACE(((1.,1.),(1.,1.),(1.,1.),(1.,1.)))
REPRESENTATION_ITEM('')
SURFACE()
);
#106=(
BOUNDED_SURFACE()
B_SPLINE_SURFACE(3,1,((#7799,#7800),(#7801,#7802),(#7803,#7804),(#7805,
#7806)),.UNSPECIFIED.,.F.,.F.,.F.)
B_SPLINE_SURFACE_WITH_KNOTS((4,4),(2,2),(-1.,0.),(0.,0.2),.UNSPECIFIED.)
GEOMETRIC_REPRESENTATION_ITEM()
RATIONAL_B_SPLINE_SURFACE(((1.,1.),(1.,1.),(1.,1.),(1.,1.)))
REPRESENTATION_ITEM('')
SURFACE()
);
#107=(
BOUNDED_SURFACE()
B_SPLINE_SURFACE(3,1,((#7813,#7814),(#7815,#7816),(#7817,#7818),(#7819,
#7820)),.UNSPECIFIED.,.F.,.F.,.F.)
B_SPLINE_SURFACE_WITH_KNOTS((4,4),(2,2),(-1.,0.),(0.,0.2),.UNSPECIFIED.)
GEOMETRIC_REPRESENTATION_ITEM()
RATIONAL_B_SPLINE_SURFACE(((1.,1.),(1.,1.),(1.,1.),(1.,1.)))
REPRESENTATION_ITEM('')
SURFACE()
);
#108=(
BOUNDED_SURFACE()
B_SPLINE_SURFACE(3,1,((#7827,#7828),(#7829,#7830),(#7831,#7832),(#7833,
#7834)),.UNSPECIFIED.,.F.,.F.,.F.)
B_SPLINE_SURFACE_WITH_KNOTS((4,4),(2,2),(-1.,0.),(0.,0.2),.UNSPECIFIED.)
GEOMETRIC_REPRESENTATION_ITEM()
RATIONAL_B_SPLINE_SURFACE(((1.,1.),(1.,1.),(1.,1.),(1.,1.)))
REPRESENTATION_ITEM('')
SURFACE()
);
#109=(
BOUNDED_SURFACE()
B_SPLINE_SURFACE(3,1,((#7841,#7842),(#7843,#7844),(#7845,#7846),(#7847,
#7848)),.UNSPECIFIED.,.F.,.F.,.F.)
B_SPLINE_SURFACE_WITH_KNOTS((4,4),(2,2),(-1.,0.),(0.,0.2),.UNSPECIFIED.)
GEOMETRIC_REPRESENTATION_ITEM()
RATIONAL_B_SPLINE_SURFACE(((1.,1.),(1.,1.),(1.,1.),(1.,1.)))
REPRESENTATION_ITEM('')
SURFACE()
);
#110=(
BOUNDED_SURFACE()
B_SPLINE_SURFACE(3,1,((#7853,#7854),(#7855,#7856),(#7857,#7858),(#7859,
#7860)),.UNSPECIFIED.,.F.,.F.,.F.)
B_SPLINE_SURFACE_WITH_KNOTS((4,4),(2,2),(0.,0.738437431889152),(0.,0.2),
 .UNSPECIFIED.)
GEOMETRIC_REPRESENTATION_ITEM()
RATIONAL_B_SPLINE_SURFACE(((1.,1.),(1.,1.),(1.,1.),(1.,1.)))
REPRESENTATION_ITEM('')
SURFACE()
);
#111=(
BOUNDED_SURFACE()
B_SPLINE_SURFACE(3,1,((#7874,#7875),(#7876,#7877),(#7878,#7879),(#7880,
#7881)),.UNSPECIFIED.,.F.,.F.,.F.)
B_SPLINE_SURFACE_WITH_KNOTS((4,4),(2,2),(0.61418603328809,1.),(0.,0.2),
 .UNSPECIFIED.)
GEOMETRIC_REPRESENTATION_ITEM()
RATIONAL_B_SPLINE_SURFACE(((1.,1.),(1.,1.),(1.,1.),(1.,1.)))
REPRESENTATION_ITEM('')
SURFACE()
);
#112=(
BOUNDED_SURFACE()
B_SPLINE_SURFACE(3,1,((#7888,#7889),(#7890,#7891),(#7892,#7893),(#7894,
#7895)),.UNSPECIFIED.,.F.,.F.,.F.)
B_SPLINE_SURFACE_WITH_KNOTS((4,4),(2,2),(0.,0.111225079249362),(0.,0.2),
 .UNSPECIFIED.)
GEOMETRIC_REPRESENTATION_ITEM()
RATIONAL_B_SPLINE_SURFACE(((1.,1.),(1.,1.),(1.,1.),(1.,1.)))
REPRESENTATION_ITEM('')
SURFACE()
);
#113=(
BOUNDED_SURFACE()
B_SPLINE_SURFACE(3,1,((#7904,#7905),(#7906,#7907),(#7908,#7909),(#7910,
#7911)),.UNSPECIFIED.,.F.,.F.,.F.)
B_SPLINE_SURFACE_WITH_KNOTS((4,4),(2,2),(0.0281695357288772,1.),(0.,0.2),
 .UNSPECIFIED.)
GEOMETRIC_REPRESENTATION_ITEM()
RATIONAL_B_SPLINE_SURFACE(((1.,1.),(1.,1.),(1.,1.),(1.,1.)))
REPRESENTATION_ITEM('')
SURFACE()
);
#114=(
BOUNDED_SURFACE()
B_SPLINE_SURFACE(3,1,((#7918,#7919),(#7920,#7921),(#7922,#7923),(#7924,
#7925)),.UNSPECIFIED.,.F.,.F.,.F.)
B_SPLINE_SURFACE_WITH_KNOTS((4,4),(2,2),(0.844149009808558,0.994634186709059),
(0.,0.2),.UNSPECIFIED.)
GEOMETRIC_REPRESENTATION_ITEM()
RATIONAL_B_SPLINE_SURFACE(((1.,1.),(1.,1.),(1.,1.),(1.,1.)))
REPRESENTATION_ITEM('')
SURFACE()
);
#115=(
BOUNDED_SURFACE()
B_SPLINE_SURFACE(3,1,((#7934,#7935),(#7936,#7937),(#7938,#7939),(#7940,
#7941)),.UNSPECIFIED.,.F.,.F.,.F.)
B_SPLINE_SURFACE_WITH_KNOTS((4,4),(2,2),(0.,0.084402928271428),(0.,0.2),
 .UNSPECIFIED.)
GEOMETRIC_REPRESENTATION_ITEM()
RATIONAL_B_SPLINE_SURFACE(((1.,1.),(1.,1.),(1.,1.),(1.,1.)))
REPRESENTATION_ITEM('')
SURFACE()
);
#116=(
BOUNDED_SURFACE()
B_SPLINE_SURFACE(3,1,((#7950,#7951),(#7952,#7953),(#7954,#7955),(#7956,
#7957)),.UNSPECIFIED.,.F.,.F.,.F.)
B_SPLINE_SURFACE_WITH_KNOTS((4,4),(2,2),(0.,1.),(0.,0.2),.UNSPECIFIED.)
GEOMETRIC_REPRESENTATION_ITEM()
RATIONAL_B_SPLINE_SURFACE(((1.,1.),(1.,1.),(1.,1.),(1.,1.)))
REPRESENTATION_ITEM('')
SURFACE()
);
#117=(
BOUNDED_SURFACE()
B_SPLINE_SURFACE(3,1,((#8025,#8026),(#8027,#8028),(#8029,#8030),(#8031,
#8032)),.UNSPECIFIED.,.F.,.F.,.F.)
B_SPLINE_SURFACE_WITH_KNOTS((4,4),(2,2),(0.103028214574807,1.),(0.,0.2),
 .UNSPECIFIED.)
GEOMETRIC_REPRESENTATION_ITEM()
RATIONAL_B_SPLINE_SURFACE(((1.,1.),(1.,1.),(1.,1.),(1.,1.)))
REPRESENTATION_ITEM('')
SURFACE()
);
#118=(
BOUNDED_SURFACE()
B_SPLINE_SURFACE(3,1,((#8052,#8053),(#8054,#8055),(#8056,#8057),(#8058,
#8059)),.UNSPECIFIED.,.F.,.F.,.F.)
B_SPLINE_SURFACE_WITH_KNOTS((4,4),(2,2),(-1.,0.),(0.,0.2),.UNSPECIFIED.)
GEOMETRIC_REPRESENTATION_ITEM()
RATIONAL_B_SPLINE_SURFACE(((1.,1.),(1.,1.),(1.,1.),(1.,1.)))
REPRESENTATION_ITEM('')
SURFACE()
);
#119=(
BOUNDED_SURFACE()
B_SPLINE_SURFACE(3,1,((#8084,#8085),(#8086,#8087),(#8088,#8089),(#8090,
#8091)),.UNSPECIFIED.,.F.,.F.,.F.)
B_SPLINE_SURFACE_WITH_KNOTS((4,4),(2,2),(-1.,0.),(0.,0.2),.UNSPECIFIED.)
GEOMETRIC_REPRESENTATION_ITEM()
RATIONAL_B_SPLINE_SURFACE(((1.,1.),(1.,1.),(1.,1.),(1.,1.)))
REPRESENTATION_ITEM('')
SURFACE()
);
#120=(
BOUNDED_SURFACE()
B_SPLINE_SURFACE(3,1,((#8116,#8117),(#8118,#8119),(#8120,#8121),(#8122,
#8123)),.UNSPECIFIED.,.F.,.F.,.F.)
B_SPLINE_SURFACE_WITH_KNOTS((4,4),(2,2),(-1.,0.),(0.,0.2),.UNSPECIFIED.)
GEOMETRIC_REPRESENTATION_ITEM()
RATIONAL_B_SPLINE_SURFACE(((1.,1.),(1.,1.),(1.,1.),(1.,1.)))
REPRESENTATION_ITEM('')
SURFACE()
);
#121=(
BOUNDED_SURFACE()
B_SPLINE_SURFACE(3,1,((#8235,#8236),(#8237,#8238),(#8239,#8240),(#8241,
#8242)),.UNSPECIFIED.,.F.,.F.,.F.)
B_SPLINE_SURFACE_WITH_KNOTS((4,4),(2,2),(0.,0.983268808828449),(0.,0.2),
 .UNSPECIFIED.)
GEOMETRIC_REPRESENTATION_ITEM()
RATIONAL_B_SPLINE_SURFACE(((1.,1.),(1.,1.),(1.,1.),(1.,1.)))
REPRESENTATION_ITEM('')
SURFACE()
);
#122=(
BOUNDED_SURFACE()
B_SPLINE_SURFACE(3,1,((#8256,#8257),(#8258,#8259),(#8260,#8261),(#8262,
#8263)),.UNSPECIFIED.,.F.,.F.,.F.)
B_SPLINE_SURFACE_WITH_KNOTS((4,4),(2,2),(-1.,-0.464172730421463),(0.,0.2),
 .UNSPECIFIED.)
GEOMETRIC_REPRESENTATION_ITEM()
RATIONAL_B_SPLINE_SURFACE(((1.,1.),(1.,1.),(1.,1.),(1.,1.)))
REPRESENTATION_ITEM('')
SURFACE()
);
#123=(
BOUNDED_SURFACE()
B_SPLINE_SURFACE(3,1,((#8272,#8273),(#8274,#8275),(#8276,#8277),(#8278,
#8279)),.UNSPECIFIED.,.F.,.F.,.F.)
B_SPLINE_SURFACE_WITH_KNOTS((4,4),(2,2),(-1.,0.),(0.,0.2),.UNSPECIFIED.)
GEOMETRIC_REPRESENTATION_ITEM()
RATIONAL_B_SPLINE_SURFACE(((1.,1.),(1.,1.),(1.,1.),(1.,1.)))
REPRESENTATION_ITEM('')
SURFACE()
);
#124=(
BOUNDED_SURFACE()
B_SPLINE_SURFACE(3,1,((#8286,#8287),(#8288,#8289),(#8290,#8291),(#8292,
#8293)),.UNSPECIFIED.,.F.,.F.,.F.)
B_SPLINE_SURFACE_WITH_KNOTS((4,4),(2,2),(-1.,0.),(0.,0.2),.UNSPECIFIED.)
GEOMETRIC_REPRESENTATION_ITEM()
RATIONAL_B_SPLINE_SURFACE(((1.,1.),(1.,1.),(1.,1.),(1.,1.)))
REPRESENTATION_ITEM('')
SURFACE()
);
#125=(
BOUNDED_SURFACE()
B_SPLINE_SURFACE(3,1,((#8305,#8306),(#8307,#8308),(#8309,#8310),(#8311,
#8312)),.UNSPECIFIED.,.F.,.F.,.F.)
B_SPLINE_SURFACE_WITH_KNOTS((4,4),(2,2),(-1.,0.),(0.,0.2),.UNSPECIFIED.)
GEOMETRIC_REPRESENTATION_ITEM()
RATIONAL_B_SPLINE_SURFACE(((1.,1.),(1.,1.),(1.,1.),(1.,1.)))
REPRESENTATION_ITEM('')
SURFACE()
);
#126=(
BOUNDED_SURFACE()
B_SPLINE_SURFACE(3,1,((#8319,#8320),(#8321,#8322),(#8323,#8324),(#8325,
#8326)),.UNSPECIFIED.,.F.,.F.,.F.)
B_SPLINE_SURFACE_WITH_KNOTS((4,4),(2,2),(-0.381003739004386,0.),(0.,0.2),
 .UNSPECIFIED.)
GEOMETRIC_REPRESENTATION_ITEM()
RATIONAL_B_SPLINE_SURFACE(((1.,1.),(1.,1.),(1.,1.),(1.,1.)))
REPRESENTATION_ITEM('')
SURFACE()
);
#127=(
BOUNDED_SURFACE()
B_SPLINE_SURFACE(3,1,((#8333,#8334),(#8335,#8336),(#8337,#8338),(#8339,
#8340)),.UNSPECIFIED.,.F.,.F.,.F.)
B_SPLINE_SURFACE_WITH_KNOTS((4,4),(2,2),(-1.,-0.791867075243517),(0.,0.2),
 .UNSPECIFIED.)
GEOMETRIC_REPRESENTATION_ITEM()
RATIONAL_B_SPLINE_SURFACE(((1.,1.),(1.,1.),(1.,1.),(1.,1.)))
REPRESENTATION_ITEM('')
SURFACE()
);
#128=(
BOUNDED_SURFACE()
B_SPLINE_SURFACE(3,1,((#8349,#8350),(#8351,#8352),(#8353,#8354),(#8355,
#8356)),.UNSPECIFIED.,.F.,.F.,.F.)
B_SPLINE_SURFACE_WITH_KNOTS((4,4),(2,2),(-0.358393243613788,0.),(0.,0.2),
 .UNSPECIFIED.)
GEOMETRIC_REPRESENTATION_ITEM()
RATIONAL_B_SPLINE_SURFACE(((1.,1.),(1.,1.),(1.,1.),(1.,1.)))
REPRESENTATION_ITEM('')
SURFACE()
);
#129=(
BOUNDED_SURFACE()
B_SPLINE_SURFACE(3,1,((#8363,#8364),(#8365,#8366),(#8367,#8368),(#8369,
#8370)),.UNSPECIFIED.,.F.,.F.,.F.)
B_SPLINE_SURFACE_WITH_KNOTS((4,4),(2,2),(0.174639074476831,0.621793956050494),
(0.,0.2),.UNSPECIFIED.)
GEOMETRIC_REPRESENTATION_ITEM()
RATIONAL_B_SPLINE_SURFACE(((1.,1.),(1.,1.),(1.,1.),(1.,1.)))
REPRESENTATION_ITEM('')
SURFACE()
);
#130=(
BOUNDED_SURFACE()
B_SPLINE_SURFACE(3,1,((#8379,#8380),(#8381,#8382),(#8383,#8384),(#8385,
#8386)),.UNSPECIFIED.,.F.,.F.,.F.)
B_SPLINE_SURFACE_WITH_KNOTS((4,4),(2,2),(0.,0.52655570064273),(0.,0.2),
 .UNSPECIFIED.)
GEOMETRIC_REPRESENTATION_ITEM()
RATIONAL_B_SPLINE_SURFACE(((1.,1.),(1.,1.),(1.,1.),(1.,1.)))
REPRESENTATION_ITEM('')
SURFACE()
);
#131=(
BOUNDED_SURFACE()
B_SPLINE_SURFACE(3,1,((#8395,#8396),(#8397,#8398),(#8399,#8400),(#8401,
#8402)),.UNSPECIFIED.,.F.,.F.,.F.)
B_SPLINE_SURFACE_WITH_KNOTS((4,4),(2,2),(0.,1.),(0.,0.2),.UNSPECIFIED.)
GEOMETRIC_REPRESENTATION_ITEM()
RATIONAL_B_SPLINE_SURFACE(((1.,1.),(1.,1.),(1.,1.),(1.,1.)))
REPRESENTATION_ITEM('')
SURFACE()
);
#132=(
BOUNDED_SURFACE()
B_SPLINE_SURFACE(3,1,((#8409,#8410),(#8411,#8412),(#8413,#8414),(#8415,
#8416)),.UNSPECIFIED.,.F.,.F.,.F.)
B_SPLINE_SURFACE_WITH_KNOTS((4,4),(2,2),(0.679437463142102,1.),(0.,0.2),
 .UNSPECIFIED.)
GEOMETRIC_REPRESENTATION_ITEM()
RATIONAL_B_SPLINE_SURFACE(((1.,1.),(1.,1.),(1.,1.),(1.,1.)))
REPRESENTATION_ITEM('')
SURFACE()
);
#133=(
BOUNDED_SURFACE()
B_SPLINE_SURFACE(3,1,((#8485,#8486),(#8487,#8488),(#8489,#8490),(#8491,
#8492)),.UNSPECIFIED.,.F.,.F.,.F.)
B_SPLINE_SURFACE_WITH_KNOTS((4,4),(2,2),(-1.,0.),(0.,0.2),.UNSPECIFIED.)
GEOMETRIC_REPRESENTATION_ITEM()
RATIONAL_B_SPLINE_SURFACE(((1.,1.),(1.,1.),(1.,1.),(1.,1.)))
REPRESENTATION_ITEM('')
SURFACE()
);
#134=(
BOUNDED_SURFACE()
B_SPLINE_SURFACE(3,1,((#8589,#8590),(#8591,#8592),(#8593,#8594),(#8595,
#8596)),.UNSPECIFIED.,.F.,.F.,.F.)
B_SPLINE_SURFACE_WITH_KNOTS((4,4),(2,2),(-1.,0.),(0.,0.2),.UNSPECIFIED.)
GEOMETRIC_REPRESENTATION_ITEM()
RATIONAL_B_SPLINE_SURFACE(((1.,1.),(1.,1.),(1.,1.),(1.,1.)))
REPRESENTATION_ITEM('')
SURFACE()
);
#135=(
BOUNDED_SURFACE()
B_SPLINE_SURFACE(3,1,((#8615,#8616),(#8617,#8618),(#8619,#8620),(#8621,
#8622)),.UNSPECIFIED.,.F.,.F.,.F.)
B_SPLINE_SURFACE_WITH_KNOTS((4,4),(2,2),(-0.204585465881401,0.),(0.,0.2),
 .UNSPECIFIED.)
GEOMETRIC_REPRESENTATION_ITEM()
RATIONAL_B_SPLINE_SURFACE(((1.,1.),(1.,1.),(1.,1.),(1.,1.)))
REPRESENTATION_ITEM('')
SURFACE()
);
#136=(
BOUNDED_SURFACE()
B_SPLINE_SURFACE(3,1,((#8629,#8630),(#8631,#8632),(#8633,#8634),(#8635,
#8636)),.UNSPECIFIED.,.F.,.F.,.F.)
B_SPLINE_SURFACE_WITH_KNOTS((4,4),(2,2),(-0.906585289769619,-0.737779599567847),
(0.,0.2),.UNSPECIFIED.)
GEOMETRIC_REPRESENTATION_ITEM()
RATIONAL_B_SPLINE_SURFACE(((1.,1.),(1.,1.),(1.,1.),(1.,1.)))
REPRESENTATION_ITEM('')
SURFACE()
);
#137=(
BOUNDED_SURFACE()
B_SPLINE_SURFACE(3,1,((#8645,#8646),(#8647,#8648),(#8649,#8650),(#8651,
#8652)),.UNSPECIFIED.,.F.,.F.,.F.)
B_SPLINE_SURFACE_WITH_KNOTS((4,4),(2,2),(-0.829554022338678,-0.228463044939429),
(0.,0.2),.UNSPECIFIED.)
GEOMETRIC_REPRESENTATION_ITEM()
RATIONAL_B_SPLINE_SURFACE(((1.,1.),(1.,1.),(1.,1.),(1.,1.)))
REPRESENTATION_ITEM('')
SURFACE()
);
#138=(
BOUNDED_SURFACE()
B_SPLINE_SURFACE(3,1,((#8661,#8662),(#8663,#8664),(#8665,#8666),(#8667,
#8668)),.UNSPECIFIED.,.F.,.F.,.F.)
B_SPLINE_SURFACE_WITH_KNOTS((4,4),(2,2),(0.,0.925151438157411),(0.,0.2),
 .UNSPECIFIED.)
GEOMETRIC_REPRESENTATION_ITEM()
RATIONAL_B_SPLINE_SURFACE(((1.,1.),(1.,1.),(1.,1.),(1.,1.)))
REPRESENTATION_ITEM('')
SURFACE()
);
#139=(
BOUNDED_SURFACE()
B_SPLINE_SURFACE(3,1,((#8677,#8678),(#8679,#8680),(#8681,#8682),(#8683,
#8684)),.UNSPECIFIED.,.F.,.F.,.F.)
B_SPLINE_SURFACE_WITH_KNOTS((4,4),(2,2),(0.,1.),(0.,0.2),.UNSPECIFIED.)
GEOMETRIC_REPRESENTATION_ITEM()
RATIONAL_B_SPLINE_SURFACE(((1.,1.),(1.,1.),(1.,1.),(1.,1.)))
REPRESENTATION_ITEM('')
SURFACE()
);
#140=(
BOUNDED_SURFACE()
B_SPLINE_SURFACE(3,1,((#8691,#8692),(#8693,#8694),(#8695,#8696),(#8697,
#8698)),.UNSPECIFIED.,.F.,.F.,.F.)
B_SPLINE_SURFACE_WITH_KNOTS((4,4),(2,2),(0.,1.),(0.,0.2),.UNSPECIFIED.)
GEOMETRIC_REPRESENTATION_ITEM()
RATIONAL_B_SPLINE_SURFACE(((1.,1.),(1.,1.),(1.,1.),(1.,1.)))
REPRESENTATION_ITEM('')
SURFACE()
);
#141=(
BOUNDED_SURFACE()
B_SPLINE_SURFACE(3,1,((#8705,#8706),(#8707,#8708),(#8709,#8710),(#8711,
#8712)),.UNSPECIFIED.,.F.,.F.,.F.)
B_SPLINE_SURFACE_WITH_KNOTS((4,4),(2,2),(0.,1.),(0.,0.2),.UNSPECIFIED.)
GEOMETRIC_REPRESENTATION_ITEM()
RATIONAL_B_SPLINE_SURFACE(((1.,1.),(1.,1.),(1.,1.),(1.,1.)))
REPRESENTATION_ITEM('')
SURFACE()
);
#142=(
BOUNDED_SURFACE()
B_SPLINE_SURFACE(3,1,((#8719,#8720),(#8721,#8722),(#8723,#8724),(#8725,
#8726)),.UNSPECIFIED.,.F.,.F.,.F.)
B_SPLINE_SURFACE_WITH_KNOTS((4,4),(2,2),(0.,1.),(0.,0.2),.UNSPECIFIED.)
GEOMETRIC_REPRESENTATION_ITEM()
RATIONAL_B_SPLINE_SURFACE(((1.,1.),(1.,1.),(1.,1.),(1.,1.)))
REPRESENTATION_ITEM('')
SURFACE()
);
#143=(
BOUNDED_SURFACE()
B_SPLINE_SURFACE(3,1,((#8733,#8734),(#8735,#8736),(#8737,#8738),(#8739,
#8740)),.UNSPECIFIED.,.F.,.F.,.F.)
B_SPLINE_SURFACE_WITH_KNOTS((4,4),(2,2),(0.131959357906625,1.),(0.,0.2),
 .UNSPECIFIED.)
GEOMETRIC_REPRESENTATION_ITEM()
RATIONAL_B_SPLINE_SURFACE(((1.,1.),(1.,1.),(1.,1.),(1.,1.)))
REPRESENTATION_ITEM('')
SURFACE()
);
#144=(
BOUNDED_SURFACE()
B_SPLINE_SURFACE(3,1,((#8800,#8801),(#8802,#8803),(#8804,#8805),(#8806,
#8807)),.UNSPECIFIED.,.F.,.F.,.F.)
B_SPLINE_SURFACE_WITH_KNOTS((4,4),(2,2),(0.206150601838535,1.),(0.,0.2),
 .UNSPECIFIED.)
GEOMETRIC_REPRESENTATION_ITEM()
RATIONAL_B_SPLINE_SURFACE(((1.,1.),(1.,1.),(1.,1.),(1.,1.)))
REPRESENTATION_ITEM('')
SURFACE()
);
#145=(
BOUNDED_SURFACE()
B_SPLINE_SURFACE(3,1,((#8855,#8856),(#8857,#8858),(#8859,#8860),(#8861,
#8862)),.UNSPECIFIED.,.F.,.F.,.F.)
B_SPLINE_SURFACE_WITH_KNOTS((4,4),(2,2),(-1.,0.),(0.,0.2),.UNSPECIFIED.)
GEOMETRIC_REPRESENTATION_ITEM()
RATIONAL_B_SPLINE_SURFACE(((1.,1.),(1.,1.),(1.,1.),(1.,1.)))
REPRESENTATION_ITEM('')
SURFACE()
);
#146=(
BOUNDED_SURFACE()
B_SPLINE_SURFACE(3,1,((#8876,#8877),(#8878,#8879),(#8880,#8881),(#8882,
#8883)),.UNSPECIFIED.,.F.,.F.,.F.)
B_SPLINE_SURFACE_WITH_KNOTS((4,4),(2,2),(-1.,0.),(0.,0.2),.UNSPECIFIED.)
GEOMETRIC_REPRESENTATION_ITEM()
RATIONAL_B_SPLINE_SURFACE(((1.,1.),(1.,1.),(1.,1.),(1.,1.)))
REPRESENTATION_ITEM('')
SURFACE()
);
#147=(
BOUNDED_SURFACE()
B_SPLINE_SURFACE(3,1,((#8895,#8896),(#8897,#8898),(#8899,#8900),(#8901,
#8902)),.UNSPECIFIED.,.F.,.F.,.F.)
B_SPLINE_SURFACE_WITH_KNOTS((4,4),(2,2),(0.,0.591548699041244),(0.,0.2),
 .UNSPECIFIED.)
GEOMETRIC_REPRESENTATION_ITEM()
RATIONAL_B_SPLINE_SURFACE(((1.,1.),(1.,1.),(1.,1.),(1.,1.)))
REPRESENTATION_ITEM('')
SURFACE()
);
#148=(
BOUNDED_SURFACE()
B_SPLINE_SURFACE(3,1,((#8917,#8918),(#8919,#8920),(#8921,#8922),(#8923,
#8924)),.UNSPECIFIED.,.F.,.F.,.F.)
B_SPLINE_SURFACE_WITH_KNOTS((4,4),(2,2),(0.677920488398658,1.),(0.,0.2),
 .UNSPECIFIED.)
GEOMETRIC_REPRESENTATION_ITEM()
RATIONAL_B_SPLINE_SURFACE(((1.,1.),(1.,1.),(1.,1.),(1.,1.)))
REPRESENTATION_ITEM('')
SURFACE()
);
#149=(
BOUNDED_SURFACE()
B_SPLINE_SURFACE(3,1,((#8936,#8937),(#8938,#8939),(#8940,#8941),(#8942,
#8943)),.UNSPECIFIED.,.F.,.F.,.F.)
B_SPLINE_SURFACE_WITH_KNOTS((4,4),(2,2),(0.,0.553618477541616),(0.,0.2),
 .UNSPECIFIED.)
GEOMETRIC_REPRESENTATION_ITEM()
RATIONAL_B_SPLINE_SURFACE(((1.,1.),(1.,1.),(1.,1.),(1.,1.)))
REPRESENTATION_ITEM('')
SURFACE()
);
#150=(
BOUNDED_SURFACE()
B_SPLINE_SURFACE(3,1,((#8958,#8959),(#8960,#8961),(#8962,#8963),(#8964,
#8965)),.UNSPECIFIED.,.F.,.F.,.F.)
B_SPLINE_SURFACE_WITH_KNOTS((4,4),(2,2),(0.692715401105509,1.),(0.,0.2),
 .UNSPECIFIED.)
GEOMETRIC_REPRESENTATION_ITEM()
RATIONAL_B_SPLINE_SURFACE(((1.,1.),(1.,1.),(1.,1.),(1.,1.)))
REPRESENTATION_ITEM('')
SURFACE()
);
#151=(
BOUNDED_SURFACE()
B_SPLINE_SURFACE(3,1,((#8977,#8978),(#8979,#8980),(#8981,#8982),(#8983,
#8984)),.UNSPECIFIED.,.F.,.F.,.F.)
B_SPLINE_SURFACE_WITH_KNOTS((4,4),(2,2),(0.,0.460842938087227),(0.,0.2),
 .UNSPECIFIED.)
GEOMETRIC_REPRESENTATION_ITEM()
RATIONAL_B_SPLINE_SURFACE(((1.,1.),(1.,1.),(1.,1.),(1.,1.)))
REPRESENTATION_ITEM('')
SURFACE()
);
#152=(
BOUNDED_SURFACE()
B_SPLINE_SURFACE(3,1,((#8999,#9000),(#9001,#9002),(#9003,#9004),(#9005,
#9006)),.UNSPECIFIED.,.F.,.F.,.F.)
B_SPLINE_SURFACE_WITH_KNOTS((4,4),(2,2),(0.,1.),(0.,0.2),.UNSPECIFIED.)
GEOMETRIC_REPRESENTATION_ITEM()
RATIONAL_B_SPLINE_SURFACE(((1.,1.),(1.,1.),(1.,1.),(1.,1.)))
REPRESENTATION_ITEM('')
SURFACE()
);
#153=(
BOUNDED_SURFACE()
B_SPLINE_SURFACE(3,1,((#9018,#9019),(#9020,#9021),(#9022,#9023),(#9024,
#9025)),.UNSPECIFIED.,.F.,.F.,.F.)
B_SPLINE_SURFACE_WITH_KNOTS((4,4),(2,2),(0.,1.),(0.,0.2),.UNSPECIFIED.)
GEOMETRIC_REPRESENTATION_ITEM()
RATIONAL_B_SPLINE_SURFACE(((1.,1.),(1.,1.),(1.,1.),(1.,1.)))
REPRESENTATION_ITEM('')
SURFACE()
);
#154=(
BOUNDED_SURFACE()
B_SPLINE_SURFACE(3,1,((#9042,#9043),(#9044,#9045),(#9046,#9047),(#9048,
#9049)),.UNSPECIFIED.,.F.,.F.,.F.)
B_SPLINE_SURFACE_WITH_KNOTS((4,4),(2,2),(0.,1.),(0.,0.2),.UNSPECIFIED.)
GEOMETRIC_REPRESENTATION_ITEM()
RATIONAL_B_SPLINE_SURFACE(((1.,1.),(1.,1.),(1.,1.),(1.,1.)))
REPRESENTATION_ITEM('')
SURFACE()
);
#155=(
BOUNDED_SURFACE()
B_SPLINE_SURFACE(3,1,((#9137,#9138),(#9139,#9140),(#9141,#9142),(#9143,
#9144)),.UNSPECIFIED.,.F.,.F.,.F.)
B_SPLINE_SURFACE_WITH_KNOTS((4,4),(2,2),(0.,1.),(0.,0.2),.UNSPECIFIED.)
GEOMETRIC_REPRESENTATION_ITEM()
RATIONAL_B_SPLINE_SURFACE(((1.,1.),(1.,1.),(1.,1.),(1.,1.)))
REPRESENTATION_ITEM('')
SURFACE()
);
#156=(
BOUNDED_SURFACE()
B_SPLINE_SURFACE(3,1,((#9164,#9165),(#9166,#9167),(#9168,#9169),(#9170,
#9171)),.UNSPECIFIED.,.F.,.F.,.F.)
B_SPLINE_SURFACE_WITH_KNOTS((4,4),(2,2),(0.,1.),(0.,0.2),.UNSPECIFIED.)
GEOMETRIC_REPRESENTATION_ITEM()
RATIONAL_B_SPLINE_SURFACE(((1.,1.),(1.,1.),(1.,1.),(1.,1.)))
REPRESENTATION_ITEM('')
SURFACE()
);
#157=(
BOUNDED_SURFACE()
B_SPLINE_SURFACE(3,1,((#9191,#9192),(#9193,#9194),(#9195,#9196),(#9197,
#9198)),.UNSPECIFIED.,.F.,.F.,.F.)
B_SPLINE_SURFACE_WITH_KNOTS((4,4),(2,2),(-1.,0.),(0.,0.2),.UNSPECIFIED.)
GEOMETRIC_REPRESENTATION_ITEM()
RATIONAL_B_SPLINE_SURFACE(((1.,1.),(1.,1.),(1.,1.),(1.,1.)))
REPRESENTATION_ITEM('')
SURFACE()
);
#158=(
BOUNDED_SURFACE()
B_SPLINE_SURFACE(3,1,((#9218,#9219),(#9220,#9221),(#9222,#9223),(#9224,
#9225)),.UNSPECIFIED.,.F.,.F.,.F.)
B_SPLINE_SURFACE_WITH_KNOTS((4,4),(2,2),(-1.,0.),(0.,0.2),.UNSPECIFIED.)
GEOMETRIC_REPRESENTATION_ITEM()
RATIONAL_B_SPLINE_SURFACE(((1.,1.),(1.,1.),(1.,1.),(1.,1.)))
REPRESENTATION_ITEM('')
SURFACE()
);
#159=(
BOUNDED_SURFACE()
B_SPLINE_SURFACE(3,1,((#9250,#9251),(#9252,#9253),(#9254,#9255),(#9256,
#9257)),.UNSPECIFIED.,.F.,.F.,.F.)
B_SPLINE_SURFACE_WITH_KNOTS((4,4),(2,2),(-1.,0.),(0.,0.2),.UNSPECIFIED.)
GEOMETRIC_REPRESENTATION_ITEM()
RATIONAL_B_SPLINE_SURFACE(((1.,1.),(1.,1.),(1.,1.),(1.,1.)))
REPRESENTATION_ITEM('')
SURFACE()
);
#160=(
BOUNDED_SURFACE()
B_SPLINE_SURFACE(3,1,((#9277,#9278),(#9279,#9280),(#9281,#9282),(#9283,
#9284)),.UNSPECIFIED.,.F.,.F.,.F.)
B_SPLINE_SURFACE_WITH_KNOTS((4,4),(2,2),(-1.,0.),(0.,0.2),.UNSPECIFIED.)
GEOMETRIC_REPRESENTATION_ITEM()
RATIONAL_B_SPLINE_SURFACE(((1.,1.),(1.,1.),(1.,1.),(1.,1.)))
REPRESENTATION_ITEM('')
SURFACE()
);
#161=(
BOUNDED_SURFACE()
B_SPLINE_SURFACE(3,1,((#9309,#9310),(#9311,#9312),(#9313,#9314),(#9315,
#9316)),.UNSPECIFIED.,.F.,.F.,.F.)
B_SPLINE_SURFACE_WITH_KNOTS((4,4),(2,2),(-1.,0.),(0.,0.2),.UNSPECIFIED.)
GEOMETRIC_REPRESENTATION_ITEM()
RATIONAL_B_SPLINE_SURFACE(((1.,1.),(1.,1.),(1.,1.),(1.,1.)))
REPRESENTATION_ITEM('')
SURFACE()
);
#162=(
BOUNDED_SURFACE()
B_SPLINE_SURFACE(3,1,((#9333,#9334),(#9335,#9336),(#9337,#9338),(#9339,
#9340)),.UNSPECIFIED.,.F.,.F.,.F.)
B_SPLINE_SURFACE_WITH_KNOTS((4,4),(2,2),(0.,0.983268808828449),(0.,0.2),
 .UNSPECIFIED.)
GEOMETRIC_REPRESENTATION_ITEM()
RATIONAL_B_SPLINE_SURFACE(((1.,1.),(1.,1.),(1.,1.),(1.,1.)))
REPRESENTATION_ITEM('')
SURFACE()
);
#163=(
BOUNDED_SURFACE()
B_SPLINE_SURFACE(3,1,((#10055,#10056),(#10057,#10058),(#10059,#10060),(#10061,
#10062)),.UNSPECIFIED.,.F.,.F.,.F.)
B_SPLINE_SURFACE_WITH_KNOTS((4,4),(2,2),(0.,1.),(0.,0.2),.UNSPECIFIED.)
GEOMETRIC_REPRESENTATION_ITEM()
RATIONAL_B_SPLINE_SURFACE(((1.,1.),(1.,1.),(1.,1.),(1.,1.)))
REPRESENTATION_ITEM('')
SURFACE()
);
#164=(
BOUNDED_SURFACE()
B_SPLINE_SURFACE(3,1,((#10076,#10077),(#10078,#10079),(#10080,#10081),(#10082,
#10083)),.UNSPECIFIED.,.F.,.F.,.F.)
B_SPLINE_SURFACE_WITH_KNOTS((4,4),(2,2),(0.,1.),(0.,0.2),.UNSPECIFIED.)
GEOMETRIC_REPRESENTATION_ITEM()
RATIONAL_B_SPLINE_SURFACE(((1.,1.),(1.,1.),(1.,1.),(1.,1.)))
REPRESENTATION_ITEM('')
SURFACE()
);
#165=(
BOUNDED_SURFACE()
B_SPLINE_SURFACE(3,1,((#10102,#10103),(#10104,#10105),(#10106,#10107),(#10108,
#10109)),.UNSPECIFIED.,.F.,.F.,.F.)
B_SPLINE_SURFACE_WITH_KNOTS((4,4),(2,2),(-1.,0.),(0.,0.2),.UNSPECIFIED.)
GEOMETRIC_REPRESENTATION_ITEM()
RATIONAL_B_SPLINE_SURFACE(((1.,1.),(1.,1.),(1.,1.),(1.,1.)))
REPRESENTATION_ITEM('')
SURFACE()
);
#166=(
BOUNDED_SURFACE()
B_SPLINE_SURFACE(3,1,((#10118,#10119),(#10120,#10121),(#10122,#10123),(#10124,
#10125)),.UNSPECIFIED.,.F.,.F.,.F.)
B_SPLINE_SURFACE_WITH_KNOTS((4,4),(2,2),(-1.,0.),(0.,0.2),.UNSPECIFIED.)
GEOMETRIC_REPRESENTATION_ITEM()
RATIONAL_B_SPLINE_SURFACE(((1.,1.),(1.,1.),(1.,1.),(1.,1.)))
REPRESENTATION_ITEM('')
SURFACE()
);
#167=(
BOUNDED_SURFACE()
B_SPLINE_SURFACE(3,1,((#10132,#10133),(#10134,#10135),(#10136,#10137),(#10138,
#10139)),.UNSPECIFIED.,.F.,.F.,.F.)
B_SPLINE_SURFACE_WITH_KNOTS((4,4),(2,2),(-1.,0.),(0.,0.2),.UNSPECIFIED.)
GEOMETRIC_REPRESENTATION_ITEM()
RATIONAL_B_SPLINE_SURFACE(((1.,1.),(1.,1.),(1.,1.),(1.,1.)))
REPRESENTATION_ITEM('')
SURFACE()
);
#168=(
BOUNDED_SURFACE()
B_SPLINE_SURFACE(3,1,((#10144,#10145),(#10146,#10147),(#10148,#10149),(#10150,
#10151)),.UNSPECIFIED.,.F.,.F.,.F.)
B_SPLINE_SURFACE_WITH_KNOTS((4,4),(2,2),(0.,1.),(0.,0.2),.UNSPECIFIED.)
GEOMETRIC_REPRESENTATION_ITEM()
RATIONAL_B_SPLINE_SURFACE(((1.,1.),(1.,1.),(1.,1.),(1.,1.)))
REPRESENTATION_ITEM('')
SURFACE()
);
#169=(
BOUNDED_SURFACE()
B_SPLINE_SURFACE(3,1,((#10160,#10161),(#10162,#10163),(#10164,#10165),(#10166,
#10167)),.UNSPECIFIED.,.F.,.F.,.F.)
B_SPLINE_SURFACE_WITH_KNOTS((4,4),(2,2),(0.,1.),(0.,0.2),.UNSPECIFIED.)
GEOMETRIC_REPRESENTATION_ITEM()
RATIONAL_B_SPLINE_SURFACE(((1.,1.),(1.,1.),(1.,1.),(1.,1.)))
REPRESENTATION_ITEM('')
SURFACE()
);
#170=(
BOUNDED_SURFACE()
B_SPLINE_SURFACE(3,1,((#10174,#10175),(#10176,#10177),(#10178,#10179),(#10180,
#10181)),.UNSPECIFIED.,.F.,.F.,.F.)
B_SPLINE_SURFACE_WITH_KNOTS((4,4),(2,2),(0.,1.),(0.,0.2),.UNSPECIFIED.)
GEOMETRIC_REPRESENTATION_ITEM()
RATIONAL_B_SPLINE_SURFACE(((1.,1.),(1.,1.),(1.,1.),(1.,1.)))
REPRESENTATION_ITEM('')
SURFACE()
);
#171=(
BOUNDED_SURFACE()
B_SPLINE_SURFACE(3,1,((#10186,#10187),(#10188,#10189),(#10190,#10191),(#10192,
#10193)),.UNSPECIFIED.,.F.,.F.,.F.)
B_SPLINE_SURFACE_WITH_KNOTS((4,4),(2,2),(-1.,0.),(0.,0.2),.UNSPECIFIED.)
GEOMETRIC_REPRESENTATION_ITEM()
RATIONAL_B_SPLINE_SURFACE(((1.,1.),(1.,1.),(1.,1.),(1.,1.)))
REPRESENTATION_ITEM('')
SURFACE()
);
#172=(
BOUNDED_SURFACE()
B_SPLINE_SURFACE(3,1,((#10200,#10201),(#10202,#10203),(#10204,#10205),(#10206,
#10207)),.UNSPECIFIED.,.F.,.F.,.F.)
B_SPLINE_SURFACE_WITH_KNOTS((4,4),(2,2),(-1.,0.),(0.,0.2),.UNSPECIFIED.)
GEOMETRIC_REPRESENTATION_ITEM()
RATIONAL_B_SPLINE_SURFACE(((1.,1.),(1.,1.),(1.,1.),(1.,1.)))
REPRESENTATION_ITEM('')
SURFACE()
);
#173=(
BOUNDED_SURFACE()
B_SPLINE_SURFACE(3,1,((#10219,#10220),(#10221,#10222),(#10223,#10224),(#10225,
#10226)),.UNSPECIFIED.,.F.,.F.,.F.)
B_SPLINE_SURFACE_WITH_KNOTS((4,4),(2,2),(-1.,-0.623405627118332),(0.,0.2),
 .UNSPECIFIED.)
GEOMETRIC_REPRESENTATION_ITEM()
RATIONAL_B_SPLINE_SURFACE(((1.,1.),(1.,1.),(1.,1.),(1.,1.)))
REPRESENTATION_ITEM('')
SURFACE()
);
#174=(
BOUNDED_SURFACE()
B_SPLINE_SURFACE(3,1,((#10235,#10236),(#10237,#10238),(#10239,#10240),(#10241,
#10242)),.UNSPECIFIED.,.F.,.F.,.F.)
B_SPLINE_SURFACE_WITH_KNOTS((4,4),(2,2),(-1.,0.),(0.,0.2),.UNSPECIFIED.)
GEOMETRIC_REPRESENTATION_ITEM()
RATIONAL_B_SPLINE_SURFACE(((1.,1.),(1.,1.),(1.,1.),(1.,1.)))
REPRESENTATION_ITEM('')
SURFACE()
);
#175=(
BOUNDED_SURFACE()
B_SPLINE_SURFACE(3,1,((#10249,#10250),(#10251,#10252),(#10253,#10254),(#10255,
#10256)),.UNSPECIFIED.,.F.,.F.,.F.)
B_SPLINE_SURFACE_WITH_KNOTS((4,4),(2,2),(-1.,0.),(0.,0.2),.UNSPECIFIED.)
GEOMETRIC_REPRESENTATION_ITEM()
RATIONAL_B_SPLINE_SURFACE(((1.,1.),(1.,1.),(1.,1.),(1.,1.)))
REPRESENTATION_ITEM('')
SURFACE()
);
#176=(
BOUNDED_SURFACE()
B_SPLINE_SURFACE(3,1,((#10263,#10264),(#10265,#10266),(#10267,#10268),(#10269,
#10270)),.UNSPECIFIED.,.F.,.F.,.F.)
B_SPLINE_SURFACE_WITH_KNOTS((4,4),(2,2),(-0.990067373567344,0.),(0.,0.2),
 .UNSPECIFIED.)
GEOMETRIC_REPRESENTATION_ITEM()
RATIONAL_B_SPLINE_SURFACE(((1.,1.),(1.,1.),(1.,1.),(1.,1.)))
REPRESENTATION_ITEM('')
SURFACE()
);
#177=(
BOUNDED_SURFACE()
B_SPLINE_SURFACE(3,1,((#10277,#10278),(#10279,#10280),(#10281,#10282),(#10283,
#10284)),.UNSPECIFIED.,.F.,.F.,.F.)
B_SPLINE_SURFACE_WITH_KNOTS((4,4),(2,2),(0.,0.00561205021485525),(0.,0.2),
 .UNSPECIFIED.)
GEOMETRIC_REPRESENTATION_ITEM()
RATIONAL_B_SPLINE_SURFACE(((1.,1.),(1.,1.),(1.,1.),(1.,1.)))
REPRESENTATION_ITEM('')
SURFACE()
);
#178=(
BOUNDED_SURFACE()
B_SPLINE_SURFACE(3,1,((#10292,#10293),(#10294,#10295),(#10296,#10297),(#10298,
#10299)),.UNSPECIFIED.,.F.,.F.,.F.)
B_SPLINE_SURFACE_WITH_KNOTS((4,4),(2,2),(0.990067373570253,1.),(0.,0.2),
 .UNSPECIFIED.)
GEOMETRIC_REPRESENTATION_ITEM()
RATIONAL_B_SPLINE_SURFACE(((1.,1.),(1.,1.),(1.,1.),(1.,1.)))
REPRESENTATION_ITEM('')
SURFACE()
);
#179=(
BOUNDED_SURFACE()
B_SPLINE_SURFACE(3,1,((#10304,#10305),(#10306,#10307),(#10308,#10309),(#10310,
#10311)),.UNSPECIFIED.,.F.,.F.,.F.)
B_SPLINE_SURFACE_WITH_KNOTS((4,4),(2,2),(-1.,-0.00561205021485525),(0.,
0.2),.UNSPECIFIED.)
GEOMETRIC_REPRESENTATION_ITEM()
RATIONAL_B_SPLINE_SURFACE(((1.,1.),(1.,1.),(1.,1.),(1.,1.)))
REPRESENTATION_ITEM('')
SURFACE()
);
#180=(
BOUNDED_SURFACE()
B_SPLINE_SURFACE(3,1,((#10318,#10319),(#10320,#10321),(#10322,#10323),(#10324,
#10325)),.UNSPECIFIED.,.F.,.F.,.F.)
B_SPLINE_SURFACE_WITH_KNOTS((4,4),(2,2),(-0.809721077014782,0.),(0.,0.2),
 .UNSPECIFIED.)
GEOMETRIC_REPRESENTATION_ITEM()
RATIONAL_B_SPLINE_SURFACE(((1.,1.),(1.,1.),(1.,1.),(1.,1.)))
REPRESENTATION_ITEM('')
SURFACE()
);
#181=(
BOUNDED_SURFACE()
B_SPLINE_SURFACE(3,1,((#10332,#10333),(#10334,#10335),(#10336,#10337),(#10338,
#10339)),.UNSPECIFIED.,.F.,.F.,.F.)
B_SPLINE_SURFACE_WITH_KNOTS((4,4),(2,2),(0.103028214574807,1.),(0.,0.2),
 .UNSPECIFIED.)
GEOMETRIC_REPRESENTATION_ITEM()
RATIONAL_B_SPLINE_SURFACE(((1.,1.),(1.,1.),(1.,1.),(1.,1.)))
REPRESENTATION_ITEM('')
SURFACE()
);
#182=(
BOUNDED_SURFACE()
B_SPLINE_SURFACE(3,1,((#10351,#10352),(#10353,#10354),(#10355,#10356),(#10357,
#10358)),.UNSPECIFIED.,.F.,.F.,.F.)
B_SPLINE_SURFACE_WITH_KNOTS((4,4),(2,2),(-1.,0.),(0.,0.2),.UNSPECIFIED.)
GEOMETRIC_REPRESENTATION_ITEM()
RATIONAL_B_SPLINE_SURFACE(((1.,1.),(1.,1.),(1.,1.),(1.,1.)))
REPRESENTATION_ITEM('')
SURFACE()
);
#183=(
BOUNDED_SURFACE()
B_SPLINE_SURFACE(3,1,((#10377,#10378),(#10379,#10380),(#10381,#10382),(#10383,
#10384)),.UNSPECIFIED.,.F.,.F.,.F.)
B_SPLINE_SURFACE_WITH_KNOTS((4,4),(2,2),(0.,0.578366915669042),(0.,0.2),
 .UNSPECIFIED.)
GEOMETRIC_REPRESENTATION_ITEM()
RATIONAL_B_SPLINE_SURFACE(((1.,1.),(1.,1.),(1.,1.),(1.,1.)))
REPRESENTATION_ITEM('')
SURFACE()
);
#184=(
BOUNDED_SURFACE()
B_SPLINE_SURFACE(3,1,((#10393,#10394),(#10395,#10396),(#10397,#10398),(#10399,
#10400)),.UNSPECIFIED.,.F.,.F.,.F.)
B_SPLINE_SURFACE_WITH_KNOTS((4,4),(2,2),(0.,1.),(0.,0.2),.UNSPECIFIED.)
GEOMETRIC_REPRESENTATION_ITEM()
RATIONAL_B_SPLINE_SURFACE(((1.,1.),(1.,1.),(1.,1.),(1.,1.)))
REPRESENTATION_ITEM('')
SURFACE()
);
#185=(
BOUNDED_SURFACE()
B_SPLINE_SURFACE(3,1,((#10407,#10408),(#10409,#10410),(#10411,#10412),(#10413,
#10414)),.UNSPECIFIED.,.F.,.F.,.F.)
B_SPLINE_SURFACE_WITH_KNOTS((4,4),(2,2),(0.,1.),(0.,0.2),.UNSPECIFIED.)
GEOMETRIC_REPRESENTATION_ITEM()
RATIONAL_B_SPLINE_SURFACE(((1.,1.),(1.,1.),(1.,1.),(1.,1.)))
REPRESENTATION_ITEM('')
SURFACE()
);
#186=(
BOUNDED_SURFACE()
B_SPLINE_SURFACE(3,1,((#10421,#10422),(#10423,#10424),(#10425,#10426),(#10427,
#10428)),.UNSPECIFIED.,.F.,.F.,.F.)
B_SPLINE_SURFACE_WITH_KNOTS((4,4),(2,2),(0.,1.),(0.,0.2),.UNSPECIFIED.)
GEOMETRIC_REPRESENTATION_ITEM()
RATIONAL_B_SPLINE_SURFACE(((1.,1.),(1.,1.),(1.,1.),(1.,1.)))
REPRESENTATION_ITEM('')
SURFACE()
);
#187=(
BOUNDED_SURFACE()
B_SPLINE_SURFACE(3,1,((#10435,#10436),(#10437,#10438),(#10439,#10440),(#10441,
#10442)),.UNSPECIFIED.,.F.,.F.,.F.)
B_SPLINE_SURFACE_WITH_KNOTS((4,4),(2,2),(0.,1.),(0.,0.2),.UNSPECIFIED.)
GEOMETRIC_REPRESENTATION_ITEM()
RATIONAL_B_SPLINE_SURFACE(((1.,1.),(1.,1.),(1.,1.),(1.,1.)))
REPRESENTATION_ITEM('')
SURFACE()
);
#188=(
BOUNDED_SURFACE()
B_SPLINE_SURFACE(3,1,((#10449,#10450),(#10451,#10452),(#10453,#10454),(#10455,
#10456)),.UNSPECIFIED.,.F.,.F.,.F.)
B_SPLINE_SURFACE_WITH_KNOTS((4,4),(2,2),(0.,1.),(0.,0.2),.UNSPECIFIED.)
GEOMETRIC_REPRESENTATION_ITEM()
RATIONAL_B_SPLINE_SURFACE(((1.,1.),(1.,1.),(1.,1.),(1.,1.)))
REPRESENTATION_ITEM('')
SURFACE()
);
#189=(
BOUNDED_SURFACE()
B_SPLINE_SURFACE(3,1,((#10463,#10464),(#10465,#10466),(#10467,#10468),(#10469,
#10470)),.UNSPECIFIED.,.F.,.F.,.F.)
B_SPLINE_SURFACE_WITH_KNOTS((4,4),(2,2),(0.,1.),(0.,0.2),.UNSPECIFIED.)
GEOMETRIC_REPRESENTATION_ITEM()
RATIONAL_B_SPLINE_SURFACE(((1.,1.),(1.,1.),(1.,1.),(1.,1.)))
REPRESENTATION_ITEM('')
SURFACE()
);
#190=(
BOUNDED_SURFACE()
B_SPLINE_SURFACE(3,1,((#10477,#10478),(#10479,#10480),(#10481,#10482),(#10483,
#10484)),.UNSPECIFIED.,.F.,.F.,.F.)
B_SPLINE_SURFACE_WITH_KNOTS((4,4),(2,2),(0.,1.),(0.,0.2),.UNSPECIFIED.)
GEOMETRIC_REPRESENTATION_ITEM()
RATIONAL_B_SPLINE_SURFACE(((1.,1.),(1.,1.),(1.,1.),(1.,1.)))
REPRESENTATION_ITEM('')
SURFACE()
);
#191=(
BOUNDED_SURFACE()
B_SPLINE_SURFACE(3,1,((#10491,#10492),(#10493,#10494),(#10495,#10496),(#10497,
#10498)),.UNSPECIFIED.,.F.,.F.,.F.)
B_SPLINE_SURFACE_WITH_KNOTS((4,4),(2,2),(0.,1.),(0.,0.2),.UNSPECIFIED.)
GEOMETRIC_REPRESENTATION_ITEM()
RATIONAL_B_SPLINE_SURFACE(((1.,1.),(1.,1.),(1.,1.),(1.,1.)))
REPRESENTATION_ITEM('')
SURFACE()
);
#192=(
BOUNDED_SURFACE()
B_SPLINE_SURFACE(3,1,((#10505,#10506),(#10507,#10508),(#10509,#10510),(#10511,
#10512)),.UNSPECIFIED.,.F.,.F.,.F.)
B_SPLINE_SURFACE_WITH_KNOTS((4,4),(2,2),(0.,1.),(0.,0.2),.UNSPECIFIED.)
GEOMETRIC_REPRESENTATION_ITEM()
RATIONAL_B_SPLINE_SURFACE(((1.,1.),(1.,1.),(1.,1.),(1.,1.)))
REPRESENTATION_ITEM('')
SURFACE()
);
#193=(
BOUNDED_SURFACE()
B_SPLINE_SURFACE(3,1,((#10519,#10520),(#10521,#10522),(#10523,#10524),(#10525,
#10526)),.UNSPECIFIED.,.F.,.F.,.F.)
B_SPLINE_SURFACE_WITH_KNOTS((4,4),(2,2),(0.,1.),(0.,0.2),.UNSPECIFIED.)
GEOMETRIC_REPRESENTATION_ITEM()
RATIONAL_B_SPLINE_SURFACE(((1.,1.),(1.,1.),(1.,1.),(1.,1.)))
REPRESENTATION_ITEM('')
SURFACE()
);
#194=(
BOUNDED_SURFACE()
B_SPLINE_SURFACE(3,1,((#10533,#10534),(#10535,#10536),(#10537,#10538),(#10539,
#10540)),.UNSPECIFIED.,.F.,.F.,.F.)
B_SPLINE_SURFACE_WITH_KNOTS((4,4),(2,2),(0.251317204626015,1.),(0.,0.2),
 .UNSPECIFIED.)
GEOMETRIC_REPRESENTATION_ITEM()
RATIONAL_B_SPLINE_SURFACE(((1.,1.),(1.,1.),(1.,1.),(1.,1.)))
REPRESENTATION_ITEM('')
SURFACE()
);
#195=(
BOUNDED_SURFACE()
B_SPLINE_SURFACE(3,1,((#10547,#10548),(#10549,#10550),(#10551,#10552),(#10553,
#10554)),.UNSPECIFIED.,.F.,.F.,.F.)
B_SPLINE_SURFACE_WITH_KNOTS((4,4),(2,2),(0.,0.800094825512113),(0.,0.2),
 .UNSPECIFIED.)
GEOMETRIC_REPRESENTATION_ITEM()
RATIONAL_B_SPLINE_SURFACE(((1.,1.),(1.,1.),(1.,1.),(1.,1.)))
REPRESENTATION_ITEM('')
SURFACE()
);
#196=(
BOUNDED_SURFACE()
B_SPLINE_SURFACE(3,1,((#10563,#10564),(#10565,#10566),(#10567,#10568),(#10569,
#10570)),.UNSPECIFIED.,.F.,.F.,.F.)
B_SPLINE_SURFACE_WITH_KNOTS((4,4),(2,2),(0.,1.),(0.,0.2),.UNSPECIFIED.)
GEOMETRIC_REPRESENTATION_ITEM()
RATIONAL_B_SPLINE_SURFACE(((1.,1.),(1.,1.),(1.,1.),(1.,1.)))
REPRESENTATION_ITEM('')
SURFACE()
);
#197=(
BOUNDED_SURFACE()
B_SPLINE_SURFACE(3,1,((#10577,#10578),(#10579,#10580),(#10581,#10582),(#10583,
#10584)),.UNSPECIFIED.,.F.,.F.,.F.)
B_SPLINE_SURFACE_WITH_KNOTS((4,4),(2,2),(0.,1.),(0.,0.2),.UNSPECIFIED.)
GEOMETRIC_REPRESENTATION_ITEM()
RATIONAL_B_SPLINE_SURFACE(((1.,1.),(1.,1.),(1.,1.),(1.,1.)))
REPRESENTATION_ITEM('')
SURFACE()
);
#198=(
BOUNDED_SURFACE()
B_SPLINE_SURFACE(3,1,((#10591,#10592),(#10593,#10594),(#10595,#10596),(#10597,
#10598)),.UNSPECIFIED.,.F.,.F.,.F.)
B_SPLINE_SURFACE_WITH_KNOTS((4,4),(2,2),(0.,1.),(0.,0.2),.UNSPECIFIED.)
GEOMETRIC_REPRESENTATION_ITEM()
RATIONAL_B_SPLINE_SURFACE(((1.,1.),(1.,1.),(1.,1.),(1.,1.)))
REPRESENTATION_ITEM('')
SURFACE()
);
#199=(
BOUNDED_SURFACE()
B_SPLINE_SURFACE(3,1,((#10605,#10606),(#10607,#10608),(#10609,#10610),(#10611,
#10612)),.UNSPECIFIED.,.F.,.F.,.F.)
B_SPLINE_SURFACE_WITH_KNOTS((4,4),(2,2),(0.,1.),(0.,0.2),.UNSPECIFIED.)
GEOMETRIC_REPRESENTATION_ITEM()
RATIONAL_B_SPLINE_SURFACE(((1.,1.),(1.,1.),(1.,1.),(1.,1.)))
REPRESENTATION_ITEM('')
SURFACE()
);
#200=(
BOUNDED_SURFACE()
B_SPLINE_SURFACE(3,1,((#10619,#10620),(#10621,#10622),(#10623,#10624),(#10625,
#10626)),.UNSPECIFIED.,.F.,.F.,.F.)
B_SPLINE_SURFACE_WITH_KNOTS((4,4),(2,2),(0.,1.),(0.,0.2),.UNSPECIFIED.)
GEOMETRIC_REPRESENTATION_ITEM()
RATIONAL_B_SPLINE_SURFACE(((1.,1.),(1.,1.),(1.,1.),(1.,1.)))
REPRESENTATION_ITEM('')
SURFACE()
);
#201=(
BOUNDED_SURFACE()
B_SPLINE_SURFACE(3,1,((#10633,#10634),(#10635,#10636),(#10637,#10638),(#10639,
#10640)),.UNSPECIFIED.,.F.,.F.,.F.)
B_SPLINE_SURFACE_WITH_KNOTS((4,4),(2,2),(0.,1.),(0.,0.2),.UNSPECIFIED.)
GEOMETRIC_REPRESENTATION_ITEM()
RATIONAL_B_SPLINE_SURFACE(((1.,1.),(1.,1.),(1.,1.),(1.,1.)))
REPRESENTATION_ITEM('')
SURFACE()
);
#202=(
BOUNDED_SURFACE()
B_SPLINE_SURFACE(3,1,((#10647,#10648),(#10649,#10650),(#10651,#10652),(#10653,
#10654)),.UNSPECIFIED.,.F.,.F.,.F.)
B_SPLINE_SURFACE_WITH_KNOTS((4,4),(2,2),(0.,1.),(0.,0.2),.UNSPECIFIED.)
GEOMETRIC_REPRESENTATION_ITEM()
RATIONAL_B_SPLINE_SURFACE(((1.,1.),(1.,1.),(1.,1.),(1.,1.)))
REPRESENTATION_ITEM('')
SURFACE()
);
#203=(
BOUNDED_SURFACE()
B_SPLINE_SURFACE(3,1,((#10661,#10662),(#10663,#10664),(#10665,#10666),(#10667,
#10668)),.UNSPECIFIED.,.F.,.F.,.F.)
B_SPLINE_SURFACE_WITH_KNOTS((4,4),(2,2),(0.,1.),(0.,0.2),.UNSPECIFIED.)
GEOMETRIC_REPRESENTATION_ITEM()
RATIONAL_B_SPLINE_SURFACE(((1.,1.),(1.,1.),(1.,1.),(1.,1.)))
REPRESENTATION_ITEM('')
SURFACE()
);
#204=(
BOUNDED_SURFACE()
B_SPLINE_SURFACE(3,1,((#10675,#10676),(#10677,#10678),(#10679,#10680),(#10681,
#10682)),.UNSPECIFIED.,.F.,.F.,.F.)
B_SPLINE_SURFACE_WITH_KNOTS((4,4),(2,2),(0.,1.),(0.,0.2),.UNSPECIFIED.)
GEOMETRIC_REPRESENTATION_ITEM()
RATIONAL_B_SPLINE_SURFACE(((1.,1.),(1.,1.),(1.,1.),(1.,1.)))
REPRESENTATION_ITEM('')
SURFACE()
);
#205=(
BOUNDED_SURFACE()
B_SPLINE_SURFACE(3,1,((#10689,#10690),(#10691,#10692),(#10693,#10694),(#10695,
#10696)),.UNSPECIFIED.,.F.,.F.,.F.)
B_SPLINE_SURFACE_WITH_KNOTS((4,4),(2,2),(0.269148700422802,1.),(0.,0.2),
 .UNSPECIFIED.)
GEOMETRIC_REPRESENTATION_ITEM()
RATIONAL_B_SPLINE_SURFACE(((1.,1.),(1.,1.),(1.,1.),(1.,1.)))
REPRESENTATION_ITEM('')
SURFACE()
);
#206=(
BOUNDED_SURFACE()
B_SPLINE_SURFACE(3,1,((#10703,#10704),(#10705,#10706),(#10707,#10708),(#10709,
#10710)),.UNSPECIFIED.,.F.,.F.,.F.)
B_SPLINE_SURFACE_WITH_KNOTS((4,4),(2,2),(-1.,-0.9695248078092),(0.,0.2),
 .UNSPECIFIED.)
GEOMETRIC_REPRESENTATION_ITEM()
RATIONAL_B_SPLINE_SURFACE(((1.,1.),(1.,1.),(1.,1.),(1.,1.)))
REPRESENTATION_ITEM('')
SURFACE()
);
#207=(
BOUNDED_SURFACE()
B_SPLINE_SURFACE(3,1,((#10719,#10720),(#10721,#10722),(#10723,#10724),(#10725,
#10726)),.UNSPECIFIED.,.F.,.F.,.F.)
B_SPLINE_SURFACE_WITH_KNOTS((4,4),(2,2),(-1.,0.),(0.,0.2),.UNSPECIFIED.)
GEOMETRIC_REPRESENTATION_ITEM()
RATIONAL_B_SPLINE_SURFACE(((1.,1.),(1.,1.),(1.,1.),(1.,1.)))
REPRESENTATION_ITEM('')
SURFACE()
);
#208=(
BOUNDED_SURFACE()
B_SPLINE_SURFACE(3,1,((#10733,#10734),(#10735,#10736),(#10737,#10738),(#10739,
#10740)),.UNSPECIFIED.,.F.,.F.,.F.)
B_SPLINE_SURFACE_WITH_KNOTS((4,4),(2,2),(-1.,0.),(0.,0.2),.UNSPECIFIED.)
GEOMETRIC_REPRESENTATION_ITEM()
RATIONAL_B_SPLINE_SURFACE(((1.,1.),(1.,1.),(1.,1.),(1.,1.)))
REPRESENTATION_ITEM('')
SURFACE()
);
#209=(
BOUNDED_SURFACE()
B_SPLINE_SURFACE(3,1,((#10747,#10748),(#10749,#10750),(#10751,#10752),(#10753,
#10754)),.UNSPECIFIED.,.F.,.F.,.F.)
B_SPLINE_SURFACE_WITH_KNOTS((4,4),(2,2),(-1.,0.),(0.,0.2),.UNSPECIFIED.)
GEOMETRIC_REPRESENTATION_ITEM()
RATIONAL_B_SPLINE_SURFACE(((1.,1.),(1.,1.),(1.,1.),(1.,1.)))
REPRESENTATION_ITEM('')
SURFACE()
);
#210=(
BOUNDED_SURFACE()
B_SPLINE_SURFACE(3,1,((#10761,#10762),(#10763,#10764),(#10765,#10766),(#10767,
#10768)),.UNSPECIFIED.,.F.,.F.,.F.)
B_SPLINE_SURFACE_WITH_KNOTS((4,4),(2,2),(-1.,0.),(0.,0.2),.UNSPECIFIED.)
GEOMETRIC_REPRESENTATION_ITEM()
RATIONAL_B_SPLINE_SURFACE(((1.,1.),(1.,1.),(1.,1.),(1.,1.)))
REPRESENTATION_ITEM('')
SURFACE()
);
#211=(
BOUNDED_SURFACE()
B_SPLINE_SURFACE(3,1,((#10775,#10776),(#10777,#10778),(#10779,#10780),(#10781,
#10782)),.UNSPECIFIED.,.F.,.F.,.F.)
B_SPLINE_SURFACE_WITH_KNOTS((4,4),(2,2),(-0.777805513464946,0.),(0.,0.2),
 .UNSPECIFIED.)
GEOMETRIC_REPRESENTATION_ITEM()
RATIONAL_B_SPLINE_SURFACE(((1.,1.),(1.,1.),(1.,1.),(1.,1.)))
REPRESENTATION_ITEM('')
SURFACE()
);
#212=(
BOUNDED_SURFACE()
B_SPLINE_SURFACE(3,1,((#10789,#10790),(#10791,#10792),(#10793,#10794),(#10795,
#10796)),.UNSPECIFIED.,.F.,.F.,.F.)
B_SPLINE_SURFACE_WITH_KNOTS((4,4),(2,2),(-1.,-0.790867944289965),(0.,0.2),
 .UNSPECIFIED.)
GEOMETRIC_REPRESENTATION_ITEM()
RATIONAL_B_SPLINE_SURFACE(((1.,1.),(1.,1.),(1.,1.),(1.,1.)))
REPRESENTATION_ITEM('')
SURFACE()
);
#213=(
BOUNDED_SURFACE()
B_SPLINE_SURFACE(3,1,((#10805,#10806),(#10807,#10808),(#10809,#10810),(#10811,
#10812)),.UNSPECIFIED.,.F.,.F.,.F.)
B_SPLINE_SURFACE_WITH_KNOTS((4,4),(2,2),(-1.,0.),(0.,0.2),.UNSPECIFIED.)
GEOMETRIC_REPRESENTATION_ITEM()
RATIONAL_B_SPLINE_SURFACE(((1.,1.),(1.,1.),(1.,1.),(1.,1.)))
REPRESENTATION_ITEM('')
SURFACE()
);
#214=(
BOUNDED_SURFACE()
B_SPLINE_SURFACE(3,1,((#10819,#10820),(#10821,#10822),(#10823,#10824),(#10825,
#10826)),.UNSPECIFIED.,.F.,.F.,.F.)
B_SPLINE_SURFACE_WITH_KNOTS((4,4),(2,2),(-0.425878277536592,0.),(0.,0.2),
 .UNSPECIFIED.)
GEOMETRIC_REPRESENTATION_ITEM()
RATIONAL_B_SPLINE_SURFACE(((1.,1.),(1.,1.),(1.,1.),(1.,1.)))
REPRESENTATION_ITEM('')
SURFACE()
);
#215=(
BOUNDED_SURFACE()
B_SPLINE_SURFACE(3,1,((#10833,#10834),(#10835,#10836),(#10837,#10838),(#10839,
#10840)),.UNSPECIFIED.,.F.,.F.,.F.)
B_SPLINE_SURFACE_WITH_KNOTS((4,4),(2,2),(-0.730991276606036,-0.498101725129372),
(0.,0.2),.UNSPECIFIED.)
GEOMETRIC_REPRESENTATION_ITEM()
RATIONAL_B_SPLINE_SURFACE(((1.,1.),(1.,1.),(1.,1.),(1.,1.)))
REPRESENTATION_ITEM('')
SURFACE()
);
#216=(
BOUNDED_SURFACE()
B_SPLINE_SURFACE(3,1,((#10849,#10850),(#10851,#10852),(#10853,#10854),(#10855,
#10856)),.UNSPECIFIED.,.F.,.F.,.F.)
B_SPLINE_SURFACE_WITH_KNOTS((4,4),(2,2),(0.,0.743960252798938),(0.,0.2),
 .UNSPECIFIED.)
GEOMETRIC_REPRESENTATION_ITEM()
RATIONAL_B_SPLINE_SURFACE(((1.,1.),(1.,1.),(1.,1.),(1.,1.)))
REPRESENTATION_ITEM('')
SURFACE()
);
#217=(
BOUNDED_SURFACE()
B_SPLINE_SURFACE(3,1,((#10865,#10866),(#10867,#10868),(#10869,#10870),(#10871,
#10872)),.UNSPECIFIED.,.F.,.F.,.F.)
B_SPLINE_SURFACE_WITH_KNOTS((4,4),(2,2),(0.0498203832576866,1.),(0.,0.2),
 .UNSPECIFIED.)
GEOMETRIC_REPRESENTATION_ITEM()
RATIONAL_B_SPLINE_SURFACE(((1.,1.),(1.,1.),(1.,1.),(1.,1.)))
REPRESENTATION_ITEM('')
SURFACE()
);
#218=(
BOUNDED_SURFACE()
B_SPLINE_SURFACE(3,1,((#10879,#10880),(#10881,#10882),(#10883,#10884),(#10885,
#10886)),.UNSPECIFIED.,.F.,.F.,.F.)
B_SPLINE_SURFACE_WITH_KNOTS((4,4),(2,2),(-1.,-0.126479658080079),(0.,0.2),
 .UNSPECIFIED.)
GEOMETRIC_REPRESENTATION_ITEM()
RATIONAL_B_SPLINE_SURFACE(((1.,1.),(1.,1.),(1.,1.),(1.,1.)))
REPRESENTATION_ITEM('')
SURFACE()
);
#219=(
BOUNDED_SURFACE()
B_SPLINE_SURFACE(3,1,((#10895,#10896),(#10897,#10898),(#10899,#10900),(#10901,
#10902)),.UNSPECIFIED.,.F.,.F.,.F.)
B_SPLINE_SURFACE_WITH_KNOTS((4,4),(2,2),(-1.,0.),(0.,0.2),.UNSPECIFIED.)
GEOMETRIC_REPRESENTATION_ITEM()
RATIONAL_B_SPLINE_SURFACE(((1.,1.),(1.,1.),(1.,1.),(1.,1.)))
REPRESENTATION_ITEM('')
SURFACE()
);
#220=(
BOUNDED_SURFACE()
B_SPLINE_SURFACE(3,1,((#10909,#10910),(#10911,#10912),(#10913,#10914),(#10915,
#10916)),.UNSPECIFIED.,.F.,.F.,.F.)
B_SPLINE_SURFACE_WITH_KNOTS((4,4),(2,2),(-1.,0.),(0.,0.2),.UNSPECIFIED.)
GEOMETRIC_REPRESENTATION_ITEM()
RATIONAL_B_SPLINE_SURFACE(((1.,1.),(1.,1.),(1.,1.),(1.,1.)))
REPRESENTATION_ITEM('')
SURFACE()
);
#221=(
BOUNDED_SURFACE()
B_SPLINE_SURFACE(3,1,((#10923,#10924),(#10925,#10926),(#10927,#10928),(#10929,
#10930)),.UNSPECIFIED.,.F.,.F.,.F.)
B_SPLINE_SURFACE_WITH_KNOTS((4,4),(2,2),(-1.,0.),(0.,0.2),.UNSPECIFIED.)
GEOMETRIC_REPRESENTATION_ITEM()
RATIONAL_B_SPLINE_SURFACE(((1.,1.),(1.,1.),(1.,1.),(1.,1.)))
REPRESENTATION_ITEM('')
SURFACE()
);
#222=(
BOUNDED_SURFACE()
B_SPLINE_SURFACE(3,1,((#10937,#10938),(#10939,#10940),(#10941,#10942),(#10943,
#10944)),.UNSPECIFIED.,.F.,.F.,.F.)
B_SPLINE_SURFACE_WITH_KNOTS((4,4),(2,2),(-1.,0.),(0.,0.2),.UNSPECIFIED.)
GEOMETRIC_REPRESENTATION_ITEM()
RATIONAL_B_SPLINE_SURFACE(((1.,1.),(1.,1.),(1.,1.),(1.,1.)))
REPRESENTATION_ITEM('')
SURFACE()
);
#223=(
BOUNDED_SURFACE()
B_SPLINE_SURFACE(3,1,((#10951,#10952),(#10953,#10954),(#10955,#10956),(#10957,
#10958)),.UNSPECIFIED.,.F.,.F.,.F.)
B_SPLINE_SURFACE_WITH_KNOTS((4,4),(2,2),(-1.,0.),(0.,0.2),.UNSPECIFIED.)
GEOMETRIC_REPRESENTATION_ITEM()
RATIONAL_B_SPLINE_SURFACE(((1.,1.),(1.,1.),(1.,1.),(1.,1.)))
REPRESENTATION_ITEM('')
SURFACE()
);
#224=(
BOUNDED_SURFACE()
B_SPLINE_SURFACE(3,1,((#10965,#10966),(#10967,#10968),(#10969,#10970),(#10971,
#10972)),.UNSPECIFIED.,.F.,.F.,.F.)
B_SPLINE_SURFACE_WITH_KNOTS((4,4),(2,2),(-1.,0.),(0.,0.2),.UNSPECIFIED.)
GEOMETRIC_REPRESENTATION_ITEM()
RATIONAL_B_SPLINE_SURFACE(((1.,1.),(1.,1.),(1.,1.),(1.,1.)))
REPRESENTATION_ITEM('')
SURFACE()
);
#225=(
BOUNDED_SURFACE()
B_SPLINE_SURFACE(3,1,((#10979,#10980),(#10981,#10982),(#10983,#10984),(#10985,
#10986)),.UNSPECIFIED.,.F.,.F.,.F.)
B_SPLINE_SURFACE_WITH_KNOTS((4,4),(2,2),(-1.,0.),(0.,0.2),.UNSPECIFIED.)
GEOMETRIC_REPRESENTATION_ITEM()
RATIONAL_B_SPLINE_SURFACE(((1.,1.),(1.,1.),(1.,1.),(1.,1.)))
REPRESENTATION_ITEM('')
SURFACE()
);
#226=(
BOUNDED_SURFACE()
B_SPLINE_SURFACE(3,1,((#10993,#10994),(#10995,#10996),(#10997,#10998),(#10999,
#11000)),.UNSPECIFIED.,.F.,.F.,.F.)
B_SPLINE_SURFACE_WITH_KNOTS((4,4),(2,2),(-1.,0.),(0.,0.2),.UNSPECIFIED.)
GEOMETRIC_REPRESENTATION_ITEM()
RATIONAL_B_SPLINE_SURFACE(((1.,1.),(1.,1.),(1.,1.),(1.,1.)))
REPRESENTATION_ITEM('')
SURFACE()
);
#227=(
BOUNDED_SURFACE()
B_SPLINE_SURFACE(3,1,((#11007,#11008),(#11009,#11010),(#11011,#11012),(#11013,
#11014)),.UNSPECIFIED.,.F.,.F.,.F.)
B_SPLINE_SURFACE_WITH_KNOTS((4,4),(2,2),(-1.,0.),(0.,0.2),.UNSPECIFIED.)
GEOMETRIC_REPRESENTATION_ITEM()
RATIONAL_B_SPLINE_SURFACE(((1.,1.),(1.,1.),(1.,1.),(1.,1.)))
REPRESENTATION_ITEM('')
SURFACE()
);
#228=(
BOUNDED_SURFACE()
B_SPLINE_SURFACE(3,1,((#11021,#11022),(#11023,#11024),(#11025,#11026),(#11027,
#11028)),.UNSPECIFIED.,.F.,.F.,.F.)
B_SPLINE_SURFACE_WITH_KNOTS((4,4),(2,2),(-1.,0.),(0.,0.2),.UNSPECIFIED.)
GEOMETRIC_REPRESENTATION_ITEM()
RATIONAL_B_SPLINE_SURFACE(((1.,1.),(1.,1.),(1.,1.),(1.,1.)))
REPRESENTATION_ITEM('')
SURFACE()
);
#229=(
BOUNDED_SURFACE()
B_SPLINE_SURFACE(3,1,((#11035,#11036),(#11037,#11038),(#11039,#11040),(#11041,
#11042)),.UNSPECIFIED.,.F.,.F.,.F.)
B_SPLINE_SURFACE_WITH_KNOTS((4,4),(2,2),(-1.,0.),(0.,0.2),.UNSPECIFIED.)
GEOMETRIC_REPRESENTATION_ITEM()
RATIONAL_B_SPLINE_SURFACE(((1.,1.),(1.,1.),(1.,1.),(1.,1.)))
REPRESENTATION_ITEM('')
SURFACE()
);
#230=(
BOUNDED_SURFACE()
B_SPLINE_SURFACE(3,1,((#11049,#11050),(#11051,#11052),(#11053,#11054),(#11055,
#11056)),.UNSPECIFIED.,.F.,.F.,.F.)
B_SPLINE_SURFACE_WITH_KNOTS((4,4),(2,2),(-0.206693380364743,0.),(0.,0.2),
 .UNSPECIFIED.)
GEOMETRIC_REPRESENTATION_ITEM()
RATIONAL_B_SPLINE_SURFACE(((1.,1.),(1.,1.),(1.,1.),(1.,1.)))
REPRESENTATION_ITEM('')
SURFACE()
);
#231=(
BOUNDED_SURFACE()
B_SPLINE_SURFACE(3,1,((#11063,#11064),(#11065,#11066),(#11067,#11068),(#11069,
#11070)),.UNSPECIFIED.,.F.,.F.,.F.)
B_SPLINE_SURFACE_WITH_KNOTS((4,4),(2,2),(-1.,-0.239930495122691),(0.,0.2),
 .UNSPECIFIED.)
GEOMETRIC_REPRESENTATION_ITEM()
RATIONAL_B_SPLINE_SURFACE(((1.,1.),(1.,1.),(1.,1.),(1.,1.)))
REPRESENTATION_ITEM('')
SURFACE()
);
#232=(
BOUNDED_SURFACE()
B_SPLINE_SURFACE(3,1,((#11079,#11080),(#11081,#11082),(#11083,#11084),(#11085,
#11086)),.UNSPECIFIED.,.F.,.F.,.F.)
B_SPLINE_SURFACE_WITH_KNOTS((4,4),(2,2),(-1.,0.),(0.,0.2),.UNSPECIFIED.)
GEOMETRIC_REPRESENTATION_ITEM()
RATIONAL_B_SPLINE_SURFACE(((1.,1.),(1.,1.),(1.,1.),(1.,1.)))
REPRESENTATION_ITEM('')
SURFACE()
);
#233=(
BOUNDED_SURFACE()
B_SPLINE_SURFACE(3,1,((#11093,#11094),(#11095,#11096),(#11097,#11098),(#11099,
#11100)),.UNSPECIFIED.,.F.,.F.,.F.)
B_SPLINE_SURFACE_WITH_KNOTS((4,4),(2,2),(-1.,0.),(0.,0.2),.UNSPECIFIED.)
GEOMETRIC_REPRESENTATION_ITEM()
RATIONAL_B_SPLINE_SURFACE(((1.,1.),(1.,1.),(1.,1.),(1.,1.)))
REPRESENTATION_ITEM('')
SURFACE()
);
#234=(
BOUNDED_SURFACE()
B_SPLINE_SURFACE(3,1,((#11107,#11108),(#11109,#11110),(#11111,#11112),(#11113,
#11114)),.UNSPECIFIED.,.F.,.F.,.F.)
B_SPLINE_SURFACE_WITH_KNOTS((4,4),(2,2),(-1.,0.),(0.,0.2),.UNSPECIFIED.)
GEOMETRIC_REPRESENTATION_ITEM()
RATIONAL_B_SPLINE_SURFACE(((1.,1.),(1.,1.),(1.,1.),(1.,1.)))
REPRESENTATION_ITEM('')
SURFACE()
);
#235=(
BOUNDED_SURFACE()
B_SPLINE_SURFACE(3,1,((#11121,#11122),(#11123,#11124),(#11125,#11126),(#11127,
#11128)),.UNSPECIFIED.,.F.,.F.,.F.)
B_SPLINE_SURFACE_WITH_KNOTS((4,4),(2,2),(-1.,0.),(0.,0.2),.UNSPECIFIED.)
GEOMETRIC_REPRESENTATION_ITEM()
RATIONAL_B_SPLINE_SURFACE(((1.,1.),(1.,1.),(1.,1.),(1.,1.)))
REPRESENTATION_ITEM('')
SURFACE()
);
#236=(
BOUNDED_SURFACE()
B_SPLINE_SURFACE(3,1,((#11135,#11136),(#11137,#11138),(#11139,#11140),(#11141,
#11142)),.UNSPECIFIED.,.F.,.F.,.F.)
B_SPLINE_SURFACE_WITH_KNOTS((4,4),(2,2),(-1.,0.),(0.,0.2),.UNSPECIFIED.)
GEOMETRIC_REPRESENTATION_ITEM()
RATIONAL_B_SPLINE_SURFACE(((1.,1.),(1.,1.),(1.,1.),(1.,1.)))
REPRESENTATION_ITEM('')
SURFACE()
);
#237=(
BOUNDED_SURFACE()
B_SPLINE_SURFACE(3,1,((#11149,#11150),(#11151,#11152),(#11153,#11154),(#11155,
#11156)),.UNSPECIFIED.,.F.,.F.,.F.)
B_SPLINE_SURFACE_WITH_KNOTS((4,4),(2,2),(-1.,0.),(0.,0.2),.UNSPECIFIED.)
GEOMETRIC_REPRESENTATION_ITEM()
RATIONAL_B_SPLINE_SURFACE(((1.,1.),(1.,1.),(1.,1.),(1.,1.)))
REPRESENTATION_ITEM('')
SURFACE()
);
#238=(
BOUNDED_SURFACE()
B_SPLINE_SURFACE(3,1,((#11163,#11164),(#11165,#11166),(#11167,#11168),(#11169,
#11170)),.UNSPECIFIED.,.F.,.F.,.F.)
B_SPLINE_SURFACE_WITH_KNOTS((4,4),(2,2),(-1.,0.),(0.,0.2),.UNSPECIFIED.)
GEOMETRIC_REPRESENTATION_ITEM()
RATIONAL_B_SPLINE_SURFACE(((1.,1.),(1.,1.),(1.,1.),(1.,1.)))
REPRESENTATION_ITEM('')
SURFACE()
);
#239=(
BOUNDED_SURFACE()
B_SPLINE_SURFACE(3,1,((#11177,#11178),(#11179,#11180),(#11181,#11182),(#11183,
#11184)),.UNSPECIFIED.,.F.,.F.,.F.)
B_SPLINE_SURFACE_WITH_KNOTS((4,4),(2,2),(-1.,0.),(0.,0.2),.UNSPECIFIED.)
GEOMETRIC_REPRESENTATION_ITEM()
RATIONAL_B_SPLINE_SURFACE(((1.,1.),(1.,1.),(1.,1.),(1.,1.)))
REPRESENTATION_ITEM('')
SURFACE()
);
#240=(
BOUNDED_SURFACE()
B_SPLINE_SURFACE(3,1,((#11191,#11192),(#11193,#11194),(#11195,#11196),(#11197,
#11198)),.UNSPECIFIED.,.F.,.F.,.F.)
B_SPLINE_SURFACE_WITH_KNOTS((4,4),(2,2),(-1.,0.),(0.,0.2),.UNSPECIFIED.)
GEOMETRIC_REPRESENTATION_ITEM()
RATIONAL_B_SPLINE_SURFACE(((1.,1.),(1.,1.),(1.,1.),(1.,1.)))
REPRESENTATION_ITEM('')
SURFACE()
);
#241=(
BOUNDED_SURFACE()
B_SPLINE_SURFACE(3,1,((#11205,#11206),(#11207,#11208),(#11209,#11210),(#11211,
#11212)),.UNSPECIFIED.,.F.,.F.,.F.)
B_SPLINE_SURFACE_WITH_KNOTS((4,4),(2,2),(-0.699155636816914,0.),(0.,0.2),
 .UNSPECIFIED.)
GEOMETRIC_REPRESENTATION_ITEM()
RATIONAL_B_SPLINE_SURFACE(((1.,1.),(1.,1.),(1.,1.),(1.,1.)))
REPRESENTATION_ITEM('')
SURFACE()
);
#242=(
BOUNDED_SURFACE()
B_SPLINE_SURFACE(3,1,((#11219,#11220),(#11221,#11222),(#11223,#11224),(#11225,
#11226)),.UNSPECIFIED.,.F.,.F.,.F.)
B_SPLINE_SURFACE_WITH_KNOTS((4,4),(2,2),(0.,0.994351407134282),(0.,0.2),
 .UNSPECIFIED.)
GEOMETRIC_REPRESENTATION_ITEM()
RATIONAL_B_SPLINE_SURFACE(((1.,1.),(1.,1.),(1.,1.),(1.,1.)))
REPRESENTATION_ITEM('')
SURFACE()
);
#243=(
BOUNDED_SURFACE()
B_SPLINE_SURFACE(3,1,((#11235,#11236),(#11237,#11238),(#11239,#11240),(#11241,
#11242)),.UNSPECIFIED.,.F.,.F.,.F.)
B_SPLINE_SURFACE_WITH_KNOTS((4,4),(2,2),(0.,1.),(0.,0.2),.UNSPECIFIED.)
GEOMETRIC_REPRESENTATION_ITEM()
RATIONAL_B_SPLINE_SURFACE(((1.,1.),(1.,1.),(1.,1.),(1.,1.)))
REPRESENTATION_ITEM('')
SURFACE()
);
#244=(
BOUNDED_SURFACE()
B_SPLINE_SURFACE(3,1,((#11249,#11250),(#11251,#11252),(#11253,#11254),(#11255,
#11256)),.UNSPECIFIED.,.F.,.F.,.F.)
B_SPLINE_SURFACE_WITH_KNOTS((4,4),(2,2),(0.38201868708504,1.),(0.,0.2),
 .UNSPECIFIED.)
GEOMETRIC_REPRESENTATION_ITEM()
RATIONAL_B_SPLINE_SURFACE(((1.,1.),(1.,1.),(1.,1.),(1.,1.)))
REPRESENTATION_ITEM('')
SURFACE()
);
#245=(
BOUNDED_SURFACE()
B_SPLINE_SURFACE(3,1,((#11263,#11264),(#11265,#11266),(#11267,#11268),(#11269,
#11270)),.UNSPECIFIED.,.F.,.F.,.F.)
B_SPLINE_SURFACE_WITH_KNOTS((4,4),(2,2),(0.,0.852938040642419),(0.,0.2),
 .UNSPECIFIED.)
GEOMETRIC_REPRESENTATION_ITEM()
RATIONAL_B_SPLINE_SURFACE(((1.,1.),(1.,1.),(1.,1.),(1.,1.)))
REPRESENTATION_ITEM('')
SURFACE()
);
#246=(
BOUNDED_SURFACE()
B_SPLINE_SURFACE(3,1,((#11279,#11280),(#11281,#11282),(#11283,#11284),(#11285,
#11286)),.UNSPECIFIED.,.F.,.F.,.F.)
B_SPLINE_SURFACE_WITH_KNOTS((4,4),(2,2),(0.,1.),(0.,0.2),.UNSPECIFIED.)
GEOMETRIC_REPRESENTATION_ITEM()
RATIONAL_B_SPLINE_SURFACE(((1.,1.),(1.,1.),(1.,1.),(1.,1.)))
REPRESENTATION_ITEM('')
SURFACE()
);
#247=(
BOUNDED_SURFACE()
B_SPLINE_SURFACE(3,1,((#11293,#11294),(#11295,#11296),(#11297,#11298),(#11299,
#11300)),.UNSPECIFIED.,.F.,.F.,.F.)
B_SPLINE_SURFACE_WITH_KNOTS((4,4),(2,2),(0.,1.),(0.,0.2),.UNSPECIFIED.)
GEOMETRIC_REPRESENTATION_ITEM()
RATIONAL_B_SPLINE_SURFACE(((1.,1.),(1.,1.),(1.,1.),(1.,1.)))
REPRESENTATION_ITEM('')
SURFACE()
);
#248=(
BOUNDED_SURFACE()
B_SPLINE_SURFACE(3,1,((#11307,#11308),(#11309,#11310),(#11311,#11312),(#11313,
#11314)),.UNSPECIFIED.,.F.,.F.,.F.)
B_SPLINE_SURFACE_WITH_KNOTS((4,4),(2,2),(0.859318085209594,1.),(0.,0.2),
 .UNSPECIFIED.)
GEOMETRIC_REPRESENTATION_ITEM()
RATIONAL_B_SPLINE_SURFACE(((1.,1.),(1.,1.),(1.,1.),(1.,1.)))
REPRESENTATION_ITEM('')
SURFACE()
);
#249=(
BOUNDED_SURFACE()
B_SPLINE_SURFACE(3,1,((#11321,#11322),(#11323,#11324),(#11325,#11326),(#11327,
#11328)),.UNSPECIFIED.,.F.,.F.,.F.)
B_SPLINE_SURFACE_WITH_KNOTS((4,4),(2,2),(0.,1.),(0.,0.2),.UNSPECIFIED.)
GEOMETRIC_REPRESENTATION_ITEM()
RATIONAL_B_SPLINE_SURFACE(((1.,1.),(1.,1.),(1.,1.),(1.,1.)))
REPRESENTATION_ITEM('')
SURFACE()
);
#250=(
BOUNDED_SURFACE()
B_SPLINE_SURFACE(3,1,((#11340,#11341),(#11342,#11343),(#11344,#11345),(#11346,
#11347)),.UNSPECIFIED.,.F.,.F.,.F.)
B_SPLINE_SURFACE_WITH_KNOTS((4,4),(2,2),(0.,1.),(0.,0.2),.UNSPECIFIED.)
GEOMETRIC_REPRESENTATION_ITEM()
RATIONAL_B_SPLINE_SURFACE(((1.,1.),(1.,1.),(1.,1.),(1.,1.)))
REPRESENTATION_ITEM('')
SURFACE()
);
#251=(
BOUNDED_SURFACE()
B_SPLINE_SURFACE(3,1,((#11354,#11355),(#11356,#11357),(#11358,#11359),(#11360,
#11361)),.UNSPECIFIED.,.F.,.F.,.F.)
B_SPLINE_SURFACE_WITH_KNOTS((4,4),(2,2),(0.206150601838535,1.),(0.,0.2),
 .UNSPECIFIED.)
GEOMETRIC_REPRESENTATION_ITEM()
RATIONAL_B_SPLINE_SURFACE(((1.,1.),(1.,1.),(1.,1.),(1.,1.)))
REPRESENTATION_ITEM('')
SURFACE()
);
#252=(
BOUNDED_SURFACE()
B_SPLINE_SURFACE(3,1,((#11373,#11374),(#11375,#11376),(#11377,#11378),(#11379,
#11380)),.UNSPECIFIED.,.F.,.F.,.F.)
B_SPLINE_SURFACE_WITH_KNOTS((4,4),(2,2),(0.,0.942901874439058),(0.,0.2),
 .UNSPECIFIED.)
GEOMETRIC_REPRESENTATION_ITEM()
RATIONAL_B_SPLINE_SURFACE(((1.,1.),(1.,1.),(1.,1.),(1.,1.)))
REPRESENTATION_ITEM('')
SURFACE()
);
#253=(
BOUNDED_SURFACE()
B_SPLINE_SURFACE(3,1,((#11389,#11390),(#11391,#11392),(#11393,#11394),(#11395,
#11396)),.UNSPECIFIED.,.F.,.F.,.F.)
B_SPLINE_SURFACE_WITH_KNOTS((4,4),(2,2),(0.00561220592151754,1.),(0.,0.2),
 .UNSPECIFIED.)
GEOMETRIC_REPRESENTATION_ITEM()
RATIONAL_B_SPLINE_SURFACE(((1.,1.),(1.,1.),(1.,1.),(1.,1.)))
REPRESENTATION_ITEM('')
SURFACE()
);
#254=(
BOUNDED_SURFACE()
B_SPLINE_SURFACE(3,1,((#11403,#11404),(#11405,#11406),(#11407,#11408),(#11409,
#11410)),.UNSPECIFIED.,.F.,.F.,.F.)
B_SPLINE_SURFACE_WITH_KNOTS((4,4),(2,2),(-1.,-0.99006709385049),(0.,0.2),
 .UNSPECIFIED.)
GEOMETRIC_REPRESENTATION_ITEM()
RATIONAL_B_SPLINE_SURFACE(((1.,1.),(1.,1.),(1.,1.),(1.,1.)))
REPRESENTATION_ITEM('')
SURFACE()
);
#255=(
BOUNDED_SURFACE()
B_SPLINE_SURFACE(3,1,((#11418,#11419),(#11420,#11421),(#11422,#11423),(#11424,
#11425)),.UNSPECIFIED.,.F.,.F.,.F.)
B_SPLINE_SURFACE_WITH_KNOTS((4,4),(2,2),(-0.0056122059215174,0.),(0.,0.2),
 .UNSPECIFIED.)
GEOMETRIC_REPRESENTATION_ITEM()
RATIONAL_B_SPLINE_SURFACE(((1.,1.),(1.,1.),(1.,1.),(1.,1.)))
REPRESENTATION_ITEM('')
SURFACE()
);
#256=(
BOUNDED_SURFACE()
B_SPLINE_SURFACE(3,1,((#11430,#11431),(#11432,#11433),(#11434,#11435),(#11436,
#11437)),.UNSPECIFIED.,.F.,.F.,.F.)
B_SPLINE_SURFACE_WITH_KNOTS((4,4),(2,2),(0.,0.99006709384758),(0.,0.2),
 .UNSPECIFIED.)
GEOMETRIC_REPRESENTATION_ITEM()
RATIONAL_B_SPLINE_SURFACE(((1.,1.),(1.,1.),(1.,1.),(1.,1.)))
REPRESENTATION_ITEM('')
SURFACE()
);
#257=(
BOUNDED_SURFACE()
B_SPLINE_SURFACE(3,1,((#11444,#11445),(#11446,#11447),(#11448,#11449),(#11450,
#11451)),.UNSPECIFIED.,.F.,.F.,.F.)
B_SPLINE_SURFACE_WITH_KNOTS((4,4),(2,2),(0.,1.),(0.,0.2),.UNSPECIFIED.)
GEOMETRIC_REPRESENTATION_ITEM()
RATIONAL_B_SPLINE_SURFACE(((1.,1.),(1.,1.),(1.,1.),(1.,1.)))
REPRESENTATION_ITEM('')
SURFACE()
);
#258=(
BOUNDED_SURFACE()
B_SPLINE_SURFACE(3,1,((#11458,#11459),(#11460,#11461),(#11462,#11463),(#11464,
#11465)),.UNSPECIFIED.,.F.,.F.,.F.)
B_SPLINE_SURFACE_WITH_KNOTS((4,4),(2,2),(0.,1.),(0.,0.2),.UNSPECIFIED.)
GEOMETRIC_REPRESENTATION_ITEM()
RATIONAL_B_SPLINE_SURFACE(((1.,1.),(1.,1.),(1.,1.),(1.,1.)))
REPRESENTATION_ITEM('')
SURFACE()
);
#259=(
BOUNDED_SURFACE()
B_SPLINE_SURFACE(3,1,((#11472,#11473),(#11474,#11475),(#11476,#11477),(#11478,
#11479)),.UNSPECIFIED.,.F.,.F.,.F.)
B_SPLINE_SURFACE_WITH_KNOTS((4,4),(2,2),(0.452780864132631,1.),(0.,0.2),
 .UNSPECIFIED.)
GEOMETRIC_REPRESENTATION_ITEM()
RATIONAL_B_SPLINE_SURFACE(((1.,1.),(1.,1.),(1.,1.),(1.,1.)))
REPRESENTATION_ITEM('')
SURFACE()
);
#260=(
BOUNDED_SURFACE()
B_SPLINE_SURFACE(3,1,((#11486,#11487),(#11488,#11489),(#11490,#11491),(#11492,
#11493)),.UNSPECIFIED.,.F.,.F.,.F.)
B_SPLINE_SURFACE_WITH_KNOTS((4,4),(2,2),(-1.,-0.466644121690627),(0.,0.2),
 .UNSPECIFIED.)
GEOMETRIC_REPRESENTATION_ITEM()
RATIONAL_B_SPLINE_SURFACE(((1.,1.),(1.,1.),(1.,1.),(1.,1.)))
REPRESENTATION_ITEM('')
SURFACE()
);
#261=(
BOUNDED_SURFACE()
B_SPLINE_SURFACE(3,1,((#11502,#11503),(#11504,#11505),(#11506,#11507),(#11508,
#11509)),.UNSPECIFIED.,.F.,.F.,.F.)
B_SPLINE_SURFACE_WITH_KNOTS((4,4),(2,2),(-1.,0.),(0.,0.2),.UNSPECIFIED.)
GEOMETRIC_REPRESENTATION_ITEM()
RATIONAL_B_SPLINE_SURFACE(((1.,1.),(1.,1.),(1.,1.),(1.,1.)))
REPRESENTATION_ITEM('')
SURFACE()
);
#262=(
BOUNDED_SURFACE()
B_SPLINE_SURFACE(3,1,((#11516,#11517),(#11518,#11519),(#11520,#11521),(#11522,
#11523)),.UNSPECIFIED.,.F.,.F.,.F.)
B_SPLINE_SURFACE_WITH_KNOTS((4,4),(2,2),(-1.,0.),(0.,0.2),.UNSPECIFIED.)
GEOMETRIC_REPRESENTATION_ITEM()
RATIONAL_B_SPLINE_SURFACE(((1.,1.),(1.,1.),(1.,1.),(1.,1.)))
REPRESENTATION_ITEM('')
SURFACE()
);
#263=(
BOUNDED_SURFACE()
B_SPLINE_SURFACE(3,1,((#11530,#11531),(#11532,#11533),(#11534,#11535),(#11536,
#11537)),.UNSPECIFIED.,.F.,.F.,.F.)
B_SPLINE_SURFACE_WITH_KNOTS((4,4),(2,2),(-1.,0.),(0.,0.2),.UNSPECIFIED.)
GEOMETRIC_REPRESENTATION_ITEM()
RATIONAL_B_SPLINE_SURFACE(((1.,1.),(1.,1.),(1.,1.),(1.,1.)))
REPRESENTATION_ITEM('')
SURFACE()
);
#264=(
BOUNDED_SURFACE()
B_SPLINE_SURFACE(3,1,((#11549,#11550),(#11551,#11552),(#11553,#11554),(#11555,
#11556)),.UNSPECIFIED.,.F.,.F.,.F.)
B_SPLINE_SURFACE_WITH_KNOTS((4,4),(2,2),(0.186356440505876,0.62133383904944),
(0.,0.2),.UNSPECIFIED.)
GEOMETRIC_REPRESENTATION_ITEM()
RATIONAL_B_SPLINE_SURFACE(((1.,1.),(1.,1.),(1.,1.),(1.,1.)))
REPRESENTATION_ITEM('')
SURFACE()
);
#265=(
BOUNDED_SURFACE()
B_SPLINE_SURFACE(3,1,((#11565,#11566),(#11567,#11568),(#11569,#11570),(#11571,
#11572)),.UNSPECIFIED.,.F.,.F.,.F.)
B_SPLINE_SURFACE_WITH_KNOTS((4,4),(2,2),(0.,0.0256577693836247),(0.,0.2),
 .UNSPECIFIED.)
GEOMETRIC_REPRESENTATION_ITEM()
RATIONAL_B_SPLINE_SURFACE(((1.,1.),(1.,1.),(1.,1.),(1.,1.)))
REPRESENTATION_ITEM('')
SURFACE()
);
#266=(
BOUNDED_SURFACE()
B_SPLINE_SURFACE(3,1,((#11581,#11582),(#11583,#11584),(#11585,#11586),(#11587,
#11588)),.UNSPECIFIED.,.F.,.F.,.F.)
B_SPLINE_SURFACE_WITH_KNOTS((4,4),(2,2),(0.,1.),(0.,0.2),.UNSPECIFIED.)
GEOMETRIC_REPRESENTATION_ITEM()
RATIONAL_B_SPLINE_SURFACE(((1.,1.),(1.,1.),(1.,1.),(1.,1.)))
REPRESENTATION_ITEM('')
SURFACE()
);
#267=(
BOUNDED_SURFACE()
B_SPLINE_SURFACE(3,1,((#11595,#11596),(#11597,#11598),(#11599,#11600),(#11601,
#11602)),.UNSPECIFIED.,.F.,.F.,.F.)
B_SPLINE_SURFACE_WITH_KNOTS((4,4),(2,2),(0.,1.),(0.,0.2),.UNSPECIFIED.)
GEOMETRIC_REPRESENTATION_ITEM()
RATIONAL_B_SPLINE_SURFACE(((1.,1.),(1.,1.),(1.,1.),(1.,1.)))
REPRESENTATION_ITEM('')
SURFACE()
);
#268=(
BOUNDED_SURFACE()
B_SPLINE_SURFACE(3,1,((#11620,#11621),(#11622,#11623),(#11624,#11625),(#11626,
#11627)),.UNSPECIFIED.,.F.,.F.,.F.)
B_SPLINE_SURFACE_WITH_KNOTS((4,4),(2,2),(0.,1.),(0.,0.2),.UNSPECIFIED.)
GEOMETRIC_REPRESENTATION_ITEM()
RATIONAL_B_SPLINE_SURFACE(((1.,1.),(1.,1.),(1.,1.),(1.,1.)))
REPRESENTATION_ITEM('')
SURFACE()
);
#269=(
BOUNDED_SURFACE()
B_SPLINE_SURFACE(3,1,((#11634,#11635),(#11636,#11637),(#11638,#11639),(#11640,
#11641)),.UNSPECIFIED.,.F.,.F.,.F.)
B_SPLINE_SURFACE_WITH_KNOTS((4,4),(2,2),(0.,1.),(0.,0.2),.UNSPECIFIED.)
GEOMETRIC_REPRESENTATION_ITEM()
RATIONAL_B_SPLINE_SURFACE(((1.,1.),(1.,1.),(1.,1.),(1.,1.)))
REPRESENTATION_ITEM('')
SURFACE()
);
#270=(
BOUNDED_SURFACE()
B_SPLINE_SURFACE(3,1,((#11648,#11649),(#11650,#11651),(#11652,#11653),(#11654,
#11655)),.UNSPECIFIED.,.F.,.F.,.F.)
B_SPLINE_SURFACE_WITH_KNOTS((4,4),(2,2),(0.329269331915488,1.),(0.,0.2),
 .UNSPECIFIED.)
GEOMETRIC_REPRESENTATION_ITEM()
RATIONAL_B_SPLINE_SURFACE(((1.,1.),(1.,1.),(1.,1.),(1.,1.)))
REPRESENTATION_ITEM('')
SURFACE()
);
#271=(
BOUNDED_SURFACE()
B_SPLINE_SURFACE(3,1,((#11662,#11663),(#11664,#11665),(#11666,#11667),(#11668,
#11669)),.UNSPECIFIED.,.F.,.F.,.F.)
B_SPLINE_SURFACE_WITH_KNOTS((4,4),(2,2),(0.,0.749164812391899),(0.,0.2),
 .UNSPECIFIED.)
GEOMETRIC_REPRESENTATION_ITEM()
RATIONAL_B_SPLINE_SURFACE(((1.,1.),(1.,1.),(1.,1.),(1.,1.)))
REPRESENTATION_ITEM('')
SURFACE()
);
#272=(
BOUNDED_SURFACE()
B_SPLINE_SURFACE(3,1,((#11678,#11679),(#11680,#11681),(#11682,#11683),(#11684,
#11685)),.UNSPECIFIED.,.F.,.F.,.F.)
B_SPLINE_SURFACE_WITH_KNOTS((4,4),(2,2),(0.,1.),(0.,0.2),.UNSPECIFIED.)
GEOMETRIC_REPRESENTATION_ITEM()
RATIONAL_B_SPLINE_SURFACE(((1.,1.),(1.,1.),(1.,1.),(1.,1.)))
REPRESENTATION_ITEM('')
SURFACE()
);
#273=(
BOUNDED_SURFACE()
B_SPLINE_SURFACE(3,1,((#11692,#11693),(#11694,#11695),(#11696,#11697),(#11698,
#11699)),.UNSPECIFIED.,.F.,.F.,.F.)
B_SPLINE_SURFACE_WITH_KNOTS((4,4),(2,2),(0.,1.),(0.,0.2),.UNSPECIFIED.)
GEOMETRIC_REPRESENTATION_ITEM()
RATIONAL_B_SPLINE_SURFACE(((1.,1.),(1.,1.),(1.,1.),(1.,1.)))
REPRESENTATION_ITEM('')
SURFACE()
);
#274=(
BOUNDED_SURFACE()
B_SPLINE_SURFACE(3,1,((#11717,#11718),(#11719,#11720),(#11721,#11722),(#11723,
#11724)),.UNSPECIFIED.,.F.,.F.,.F.)
B_SPLINE_SURFACE_WITH_KNOTS((4,4),(2,2),(0.26923699529967,1.),(0.,0.2),
 .UNSPECIFIED.)
GEOMETRIC_REPRESENTATION_ITEM()
RATIONAL_B_SPLINE_SURFACE(((1.,1.),(1.,1.),(1.,1.),(1.,1.)))
REPRESENTATION_ITEM('')
SURFACE()
);
#275=(
BOUNDED_SURFACE()
B_SPLINE_SURFACE(3,1,((#11731,#11732),(#11733,#11734),(#11735,#11736),(#11737,
#11738)),.UNSPECIFIED.,.F.,.F.,.F.)
B_SPLINE_SURFACE_WITH_KNOTS((4,4),(2,2),(0.,0.738437431889152),(0.,0.2),
 .UNSPECIFIED.)
GEOMETRIC_REPRESENTATION_ITEM()
RATIONAL_B_SPLINE_SURFACE(((1.,1.),(1.,1.),(1.,1.),(1.,1.)))
REPRESENTATION_ITEM('')
SURFACE()
);
#276=(
BOUNDED_SURFACE()
B_SPLINE_SURFACE(3,1,((#11752,#11753),(#11754,#11755),(#11756,#11757),(#11758,
#11759)),.UNSPECIFIED.,.F.,.F.,.F.)
B_SPLINE_SURFACE_WITH_KNOTS((4,4),(2,2),(0.,1.),(0.,0.2),.UNSPECIFIED.)
GEOMETRIC_REPRESENTATION_ITEM()
RATIONAL_B_SPLINE_SURFACE(((1.,1.),(1.,1.),(1.,1.),(1.,1.)))
REPRESENTATION_ITEM('')
SURFACE()
);
#277=(
BOUNDED_SURFACE()
B_SPLINE_SURFACE(3,1,((#11766,#11767),(#11768,#11769),(#11770,#11771),(#11772,
#11773)),.UNSPECIFIED.,.F.,.F.,.F.)
B_SPLINE_SURFACE_WITH_KNOTS((4,4),(2,2),(0.,1.),(0.,0.2),.UNSPECIFIED.)
GEOMETRIC_REPRESENTATION_ITEM()
RATIONAL_B_SPLINE_SURFACE(((1.,1.),(1.,1.),(1.,1.),(1.,1.)))
REPRESENTATION_ITEM('')
SURFACE()
);
#278=(
BOUNDED_SURFACE()
B_SPLINE_SURFACE(3,1,((#11780,#11781),(#11782,#11783),(#11784,#11785),(#11786,
#11787)),.UNSPECIFIED.,.F.,.F.,.F.)
B_SPLINE_SURFACE_WITH_KNOTS((4,4),(2,2),(0.885696865343369,1.),(0.,0.2),
 .UNSPECIFIED.)
GEOMETRIC_REPRESENTATION_ITEM()
RATIONAL_B_SPLINE_SURFACE(((1.,1.),(1.,1.),(1.,1.),(1.,1.)))
REPRESENTATION_ITEM('')
SURFACE()
);
#279=FACE_BOUND('',#740,.T.);
#280=FACE_BOUND('',#767,.T.);
#281=FACE_BOUND('',#776,.T.);
#282=FACE_BOUND('',#808,.T.);
#283=FACE_BOUND('',#833,.T.);
#284=FACE_BOUND('',#864,.T.);
#285=FACE_BOUND('',#868,.T.);
#286=FACE_BOUND('',#878,.T.);
#287=FACE_BOUND('',#879,.T.);
#288=FACE_BOUND('',#880,.T.);
#289=FACE_BOUND('',#881,.T.);
#290=FACE_BOUND('',#882,.T.);
#291=FACE_BOUND('',#1060,.T.);
#292=FACE_BOUND('',#1061,.T.);
#293=FACE_BOUND('',#1062,.T.);
#294=FACE_BOUND('',#1063,.T.);
#295=FACE_BOUND('',#1064,.T.);
#296=FACE_BOUND('',#1065,.T.);
#297=FACE_BOUND('',#1073,.T.);
#298=FACE_BOUND('',#1076,.T.);
#299=FACE_BOUND('',#1079,.T.);
#300=FACE_BOUND('',#1082,.T.);
#301=CIRCLE('',#6402,15.);
#302=CIRCLE('',#6403,5.04999999999999);
#303=CIRCLE('',#6404,5.04999999999999);
#304=CIRCLE('',#6405,15.);
#305=CIRCLE('',#6406,35.);
#306=CIRCLE('',#6408,5.04999999999999);
#307=CIRCLE('',#6409,5.04999999999999);
#308=CIRCLE('',#6414,35.);
#309=CIRCLE('',#6416,15.);
#310=CIRCLE('',#6422,35.);
#311=CIRCLE('',#6424,15.);
#312=CIRCLE('',#6429,35.);
#313=CIRCLE('',#6430,15.);
#314=CIRCLE('',#6431,5.04999999999999);
#315=CIRCLE('',#6439,15.);
#316=CIRCLE('',#6440,15.);
#317=CIRCLE('',#6441,15.);
#318=CIRCLE('',#6452,5.04999999999999);
#319=CIRCLE('',#6454,35.);
#320=CIRCLE('',#6458,35.);
#321=CIRCLE('',#6459,14.9999999999999);
#322=CIRCLE('',#6460,5.05000000000001);
#323=CIRCLE('',#6461,5.05000000000001);
#324=CIRCLE('',#6462,14.9999999999999);
#325=CIRCLE('',#6466,14.9999999999999);
#326=CIRCLE('',#6467,14.9999999999999);
#327=CIRCLE('',#6470,5.05000000000001);
#328=CIRCLE('',#6474,35.);
#329=CIRCLE('',#6476,5.05000000000001);
#330=CIRCLE('',#6486,15.);
#331=CIRCLE('',#6487,15.);
#332=CIRCLE('',#6488,15.);
#333=CIRCLE('',#6500,35.0000000000001);
#334=CIRCLE('',#6501,35.0000000000001);
#335=CIRCLE('',#6503,5.05000000000001);
#336=CIRCLE('',#6505,5.05000000000001);
#337=CIRCLE('',#6509,35.0000000000001);
#338=CIRCLE('',#6510,35.0000000000001);
#339=CIRCLE('',#6511,27.5);
#340=CIRCLE('',#6512,40.);
#341=CIRCLE('',#6513,40.);
#342=CIRCLE('',#6514,1.5);
#343=CIRCLE('',#6515,1.5);
#344=CIRCLE('',#6516,1.5);
#345=CIRCLE('',#6517,40.);
#346=CIRCLE('',#6518,35.);
#347=CIRCLE('',#6519,19.3768045438841);
#348=CIRCLE('',#6520,35.);
#349=CIRCLE('',#6521,27.5);
#350=CIRCLE('',#6522,40.);
#351=CIRCLE('',#6523,35.);
#352=CIRCLE('',#6524,35.);
#353=CIRCLE('',#6525,19.3768045438844);
#354=CIRCLE('',#6526,19.3768045438844);
#355=CIRCLE('',#6527,1.49999999999999);
#356=CIRCLE('',#6528,1.5);
#357=CIRCLE('',#6529,1.5);
#358=CIRCLE('',#6532,27.5);
#359=CIRCLE('',#6533,27.5);
#360=CIRCLE('',#6539,35.0000000000001);
#361=CIRCLE('',#6540,35.0000000000001);
#362=CIRCLE('',#6541,35.0000000000001);
#363=CIRCLE('',#6549,19.3768045438844);
#364=CIRCLE('',#6550,19.3768045438844);
#365=CIRCLE('',#6551,19.3768045438844);
#366=CIRCLE('',#6556,35.);
#367=CIRCLE('',#6557,35.);
#368=CIRCLE('',#6559,35.);
#369=CIRCLE('',#6560,35.);
#370=CIRCLE('',#6561,35.);
#371=CIRCLE('',#6564,40.);
#372=CIRCLE('',#6565,40.);
#373=CIRCLE('',#6566,40.);
#374=CIRCLE('',#6569,27.5);
#375=CIRCLE('',#6570,27.5);
#376=CIRCLE('',#6572,35.);
#377=CIRCLE('',#6573,35.);
#378=CIRCLE('',#6586,19.3768045438841);
#379=CIRCLE('',#6590,27.5);
#380=CIRCLE('',#6596,40.);
#381=CIRCLE('',#6597,27.5);
#382=CIRCLE('',#6603,1.5);
#383=CIRCLE('',#6605,1.5);
#384=CIRCLE('',#6607,40.);
#385=CIRCLE('',#6610,40.);
#386=CIRCLE('',#6617,27.5);
#387=CIRCLE('',#6618,19.3768045438841);
#388=CIRCLE('',#6619,27.5);
#389=CIRCLE('',#6620,40.);
#390=CIRCLE('',#6621,2.7);
#391=CIRCLE('',#6622,2.7);
#392=CIRCLE('',#6623,2.7);
#393=CIRCLE('',#6624,2.7);
#394=CIRCLE('',#6631,2.7);
#395=CIRCLE('',#6633,1.49999999999999);
#396=CIRCLE('',#6635,2.7);
#397=CIRCLE('',#6637,1.5);
#398=CIRCLE('',#6639,2.7);
#399=CIRCLE('',#6641,1.5);
#400=CIRCLE('',#6643,2.7);
#401=CIRCLE('',#6645,1.5);
#402=FACE_OUTER_BOUND('',#738,.T.);
#403=FACE_OUTER_BOUND('',#739,.T.);
#404=FACE_OUTER_BOUND('',#741,.T.);
#405=FACE_OUTER_BOUND('',#742,.T.);
#406=FACE_OUTER_BOUND('',#743,.T.);
#407=FACE_OUTER_BOUND('',#744,.T.);
#408=FACE_OUTER_BOUND('',#745,.T.);
#409=FACE_OUTER_BOUND('',#746,.T.);
#410=FACE_OUTER_BOUND('',#747,.T.);
#411=FACE_OUTER_BOUND('',#748,.T.);
#412=FACE_OUTER_BOUND('',#749,.T.);
#413=FACE_OUTER_BOUND('',#750,.T.);
#414=FACE_OUTER_BOUND('',#751,.T.);
#415=FACE_OUTER_BOUND('',#752,.T.);
#416=FACE_OUTER_BOUND('',#753,.T.);
#417=FACE_OUTER_BOUND('',#754,.T.);
#418=FACE_OUTER_BOUND('',#755,.T.);
#419=FACE_OUTER_BOUND('',#756,.T.);
#420=FACE_OUTER_BOUND('',#757,.T.);
#421=FACE_OUTER_BOUND('',#758,.T.);
#422=FACE_OUTER_BOUND('',#759,.T.);
#423=FACE_OUTER_BOUND('',#760,.T.);
#424=FACE_OUTER_BOUND('',#761,.T.);
#425=FACE_OUTER_BOUND('',#762,.T.);
#426=FACE_OUTER_BOUND('',#763,.T.);
#427=FACE_OUTER_BOUND('',#764,.T.);
#428=FACE_OUTER_BOUND('',#765,.T.);
#429=FACE_OUTER_BOUND('',#766,.T.);
#430=FACE_OUTER_BOUND('',#768,.T.);
#431=FACE_OUTER_BOUND('',#769,.T.);
#432=FACE_OUTER_BOUND('',#770,.T.);
#433=FACE_OUTER_BOUND('',#771,.T.);
#434=FACE_OUTER_BOUND('',#772,.T.);
#435=FACE_OUTER_BOUND('',#773,.T.);
#436=FACE_OUTER_BOUND('',#774,.T.);
#437=FACE_OUTER_BOUND('',#775,.T.);
#438=FACE_OUTER_BOUND('',#777,.T.);
#439=FACE_OUTER_BOUND('',#778,.T.);
#440=FACE_OUTER_BOUND('',#779,.T.);
#441=FACE_OUTER_BOUND('',#780,.T.);
#442=FACE_OUTER_BOUND('',#781,.T.);
#443=FACE_OUTER_BOUND('',#782,.T.);
#444=FACE_OUTER_BOUND('',#783,.T.);
#445=FACE_OUTER_BOUND('',#784,.T.);
#446=FACE_OUTER_BOUND('',#785,.T.);
#447=FACE_OUTER_BOUND('',#786,.T.);
#448=FACE_OUTER_BOUND('',#787,.T.);
#449=FACE_OUTER_BOUND('',#788,.T.);
#450=FACE_OUTER_BOUND('',#789,.T.);
#451=FACE_OUTER_BOUND('',#790,.T.);
#452=FACE_OUTER_BOUND('',#791,.T.);
#453=FACE_OUTER_BOUND('',#792,.T.);
#454=FACE_OUTER_BOUND('',#793,.T.);
#455=FACE_OUTER_BOUND('',#794,.T.);
#456=FACE_OUTER_BOUND('',#795,.T.);
#457=FACE_OUTER_BOUND('',#796,.T.);
#458=FACE_OUTER_BOUND('',#797,.T.);
#459=FACE_OUTER_BOUND('',#798,.T.);
#460=FACE_OUTER_BOUND('',#799,.T.);
#461=FACE_OUTER_BOUND('',#800,.T.);
#462=FACE_OUTER_BOUND('',#801,.T.);
#463=FACE_OUTER_BOUND('',#802,.T.);
#464=FACE_OUTER_BOUND('',#803,.T.);
#465=FACE_OUTER_BOUND('',#804,.T.);
#466=FACE_OUTER_BOUND('',#805,.T.);
#467=FACE_OUTER_BOUND('',#806,.T.);
#468=FACE_OUTER_BOUND('',#807,.T.);
#469=FACE_OUTER_BOUND('',#809,.T.);
#470=FACE_OUTER_BOUND('',#810,.T.);
#471=FACE_OUTER_BOUND('',#811,.T.);
#472=FACE_OUTER_BOUND('',#812,.T.);
#473=FACE_OUTER_BOUND('',#813,.T.);
#474=FACE_OUTER_BOUND('',#814,.T.);
#475=FACE_OUTER_BOUND('',#815,.T.);
#476=FACE_OUTER_BOUND('',#816,.T.);
#477=FACE_OUTER_BOUND('',#817,.T.);
#478=FACE_OUTER_BOUND('',#818,.T.);
#479=FACE_OUTER_BOUND('',#819,.T.);
#480=FACE_OUTER_BOUND('',#820,.T.);
#481=FACE_OUTER_BOUND('',#821,.T.);
#482=FACE_OUTER_BOUND('',#822,.T.);
#483=FACE_OUTER_BOUND('',#823,.T.);
#484=FACE_OUTER_BOUND('',#824,.T.);
#485=FACE_OUTER_BOUND('',#825,.T.);
#486=FACE_OUTER_BOUND('',#826,.T.);
#487=FACE_OUTER_BOUND('',#827,.T.);
#488=FACE_OUTER_BOUND('',#828,.T.);
#489=FACE_OUTER_BOUND('',#829,.T.);
#490=FACE_OUTER_BOUND('',#830,.T.);
#491=FACE_OUTER_BOUND('',#831,.T.);
#492=FACE_OUTER_BOUND('',#832,.T.);
#493=FACE_OUTER_BOUND('',#834,.T.);
#494=FACE_OUTER_BOUND('',#835,.T.);
#495=FACE_OUTER_BOUND('',#836,.T.);
#496=FACE_OUTER_BOUND('',#837,.T.);
#497=FACE_OUTER_BOUND('',#838,.T.);
#498=FACE_OUTER_BOUND('',#839,.T.);
#499=FACE_OUTER_BOUND('',#840,.T.);
#500=FACE_OUTER_BOUND('',#841,.T.);
#501=FACE_OUTER_BOUND('',#842,.T.);
#502=FACE_OUTER_BOUND('',#843,.T.);
#503=FACE_OUTER_BOUND('',#844,.T.);
#504=FACE_OUTER_BOUND('',#845,.T.);
#505=FACE_OUTER_BOUND('',#846,.T.);
#506=FACE_OUTER_BOUND('',#847,.T.);
#507=FACE_OUTER_BOUND('',#848,.T.);
#508=FACE_OUTER_BOUND('',#849,.T.);
#509=FACE_OUTER_BOUND('',#850,.T.);
#510=FACE_OUTER_BOUND('',#851,.T.);
#511=FACE_OUTER_BOUND('',#852,.T.);
#512=FACE_OUTER_BOUND('',#853,.T.);
#513=FACE_OUTER_BOUND('',#854,.T.);
#514=FACE_OUTER_BOUND('',#855,.T.);
#515=FACE_OUTER_BOUND('',#856,.T.);
#516=FACE_OUTER_BOUND('',#857,.T.);
#517=FACE_OUTER_BOUND('',#858,.T.);
#518=FACE_OUTER_BOUND('',#859,.T.);
#519=FACE_OUTER_BOUND('',#860,.T.);
#520=FACE_OUTER_BOUND('',#861,.T.);
#521=FACE_OUTER_BOUND('',#862,.T.);
#522=FACE_OUTER_BOUND('',#863,.T.);
#523=FACE_OUTER_BOUND('',#865,.T.);
#524=FACE_OUTER_BOUND('',#866,.T.);
#525=FACE_OUTER_BOUND('',#867,.T.);
#526=FACE_OUTER_BOUND('',#869,.T.);
#527=FACE_OUTER_BOUND('',#870,.T.);
#528=FACE_OUTER_BOUND('',#871,.T.);
#529=FACE_OUTER_BOUND('',#872,.T.);
#530=FACE_OUTER_BOUND('',#873,.T.);
#531=FACE_OUTER_BOUND('',#874,.T.);
#532=FACE_OUTER_BOUND('',#875,.T.);
#533=FACE_OUTER_BOUND('',#876,.T.);
#534=FACE_OUTER_BOUND('',#877,.T.);
#535=FACE_OUTER_BOUND('',#883,.T.);
#536=FACE_OUTER_BOUND('',#884,.T.);
#537=FACE_OUTER_BOUND('',#885,.T.);
#538=FACE_OUTER_BOUND('',#886,.T.);
#539=FACE_OUTER_BOUND('',#887,.T.);
#540=FACE_OUTER_BOUND('',#888,.T.);
#541=FACE_OUTER_BOUND('',#889,.T.);
#542=FACE_OUTER_BOUND('',#890,.T.);
#543=FACE_OUTER_BOUND('',#891,.T.);
#544=FACE_OUTER_BOUND('',#892,.T.);
#545=FACE_OUTER_BOUND('',#893,.T.);
#546=FACE_OUTER_BOUND('',#894,.T.);
#547=FACE_OUTER_BOUND('',#895,.T.);
#548=FACE_OUTER_BOUND('',#896,.T.);
#549=FACE_OUTER_BOUND('',#897,.T.);
#550=FACE_OUTER_BOUND('',#898,.T.);
#551=FACE_OUTER_BOUND('',#899,.T.);
#552=FACE_OUTER_BOUND('',#900,.T.);
#553=FACE_OUTER_BOUND('',#901,.T.);
#554=FACE_OUTER_BOUND('',#902,.T.);
#555=FACE_OUTER_BOUND('',#903,.T.);
#556=FACE_OUTER_BOUND('',#904,.T.);
#557=FACE_OUTER_BOUND('',#905,.T.);
#558=FACE_OUTER_BOUND('',#906,.T.);
#559=FACE_OUTER_BOUND('',#907,.T.);
#560=FACE_OUTER_BOUND('',#908,.T.);
#561=FACE_OUTER_BOUND('',#909,.T.);
#562=FACE_OUTER_BOUND('',#910,.T.);
#563=FACE_OUTER_BOUND('',#911,.T.);
#564=FACE_OUTER_BOUND('',#912,.T.);
#565=FACE_OUTER_BOUND('',#913,.T.);
#566=FACE_OUTER_BOUND('',#914,.T.);
#567=FACE_OUTER_BOUND('',#915,.T.);
#568=FACE_OUTER_BOUND('',#916,.T.);
#569=FACE_OUTER_BOUND('',#917,.T.);
#570=FACE_OUTER_BOUND('',#918,.T.);
#571=FACE_OUTER_BOUND('',#919,.T.);
#572=FACE_OUTER_BOUND('',#920,.T.);
#573=FACE_OUTER_BOUND('',#921,.T.);
#574=FACE_OUTER_BOUND('',#922,.T.);
#575=FACE_OUTER_BOUND('',#923,.T.);
#576=FACE_OUTER_BOUND('',#924,.T.);
#577=FACE_OUTER_BOUND('',#925,.T.);
#578=FACE_OUTER_BOUND('',#926,.T.);
#579=FACE_OUTER_BOUND('',#927,.T.);
#580=FACE_OUTER_BOUND('',#928,.T.);
#581=FACE_OUTER_BOUND('',#929,.T.);
#582=FACE_OUTER_BOUND('',#930,.T.);
#583=FACE_OUTER_BOUND('',#931,.T.);
#584=FACE_OUTER_BOUND('',#932,.T.);
#585=FACE_OUTER_BOUND('',#933,.T.);
#586=FACE_OUTER_BOUND('',#934,.T.);
#587=FACE_OUTER_BOUND('',#935,.T.);
#588=FACE_OUTER_BOUND('',#936,.T.);
#589=FACE_OUTER_BOUND('',#937,.T.);
#590=FACE_OUTER_BOUND('',#938,.T.);
#591=FACE_OUTER_BOUND('',#939,.T.);
#592=FACE_OUTER_BOUND('',#940,.T.);
#593=FACE_OUTER_BOUND('',#941,.T.);
#594=FACE_OUTER_BOUND('',#942,.T.);
#595=FACE_OUTER_BOUND('',#943,.T.);
#596=FACE_OUTER_BOUND('',#944,.T.);
#597=FACE_OUTER_BOUND('',#945,.T.);
#598=FACE_OUTER_BOUND('',#946,.T.);
#599=FACE_OUTER_BOUND('',#947,.T.);
#600=FACE_OUTER_BOUND('',#948,.T.);
#601=FACE_OUTER_BOUND('',#949,.T.);
#602=FACE_OUTER_BOUND('',#950,.T.);
#603=FACE_OUTER_BOUND('',#951,.T.);
#604=FACE_OUTER_BOUND('',#952,.T.);
#605=FACE_OUTER_BOUND('',#953,.T.);
#606=FACE_OUTER_BOUND('',#954,.T.);
#607=FACE_OUTER_BOUND('',#955,.T.);
#608=FACE_OUTER_BOUND('',#956,.T.);
#609=FACE_OUTER_BOUND('',#957,.T.);
#610=FACE_OUTER_BOUND('',#958,.T.);
#611=FACE_OUTER_BOUND('',#959,.T.);
#612=FACE_OUTER_BOUND('',#960,.T.);
#613=FACE_OUTER_BOUND('',#961,.T.);
#614=FACE_OUTER_BOUND('',#962,.T.);
#615=FACE_OUTER_BOUND('',#963,.T.);
#616=FACE_OUTER_BOUND('',#964,.T.);
#617=FACE_OUTER_BOUND('',#965,.T.);
#618=FACE_OUTER_BOUND('',#966,.T.);
#619=FACE_OUTER_BOUND('',#967,.T.);
#620=FACE_OUTER_BOUND('',#968,.T.);
#621=FACE_OUTER_BOUND('',#969,.T.);
#622=FACE_OUTER_BOUND('',#970,.T.);
#623=FACE_OUTER_BOUND('',#971,.T.);
#624=FACE_OUTER_BOUND('',#972,.T.);
#625=FACE_OUTER_BOUND('',#973,.T.);
#626=FACE_OUTER_BOUND('',#974,.T.);
#627=FACE_OUTER_BOUND('',#975,.T.);
#628=FACE_OUTER_BOUND('',#976,.T.);
#629=FACE_OUTER_BOUND('',#977,.T.);
#630=FACE_OUTER_BOUND('',#978,.T.);
#631=FACE_OUTER_BOUND('',#979,.T.);
#632=FACE_OUTER_BOUND('',#980,.T.);
#633=FACE_OUTER_BOUND('',#981,.T.);
#634=FACE_OUTER_BOUND('',#982,.T.);
#635=FACE_OUTER_BOUND('',#983,.T.);
#636=FACE_OUTER_BOUND('',#984,.T.);
#637=FACE_OUTER_BOUND('',#985,.T.);
#638=FACE_OUTER_BOUND('',#986,.T.);
#639=FACE_OUTER_BOUND('',#987,.T.);
#640=FACE_OUTER_BOUND('',#988,.T.);
#641=FACE_OUTER_BOUND('',#989,.T.);
#642=FACE_OUTER_BOUND('',#990,.T.);
#643=FACE_OUTER_BOUND('',#991,.T.);
#644=FACE_OUTER_BOUND('',#992,.T.);
#645=FACE_OUTER_BOUND('',#993,.T.);
#646=FACE_OUTER_BOUND('',#994,.T.);
#647=FACE_OUTER_BOUND('',#995,.T.);
#648=FACE_OUTER_BOUND('',#996,.T.);
#649=FACE_OUTER_BOUND('',#997,.T.);
#650=FACE_OUTER_BOUND('',#998,.T.);
#651=FACE_OUTER_BOUND('',#999,.T.);
#652=FACE_OUTER_BOUND('',#1000,.T.);
#653=FACE_OUTER_BOUND('',#1001,.T.);
#654=FACE_OUTER_BOUND('',#1002,.T.);
#655=FACE_OUTER_BOUND('',#1003,.T.);
#656=FACE_OUTER_BOUND('',#1004,.T.);
#657=FACE_OUTER_BOUND('',#1005,.T.);
#658=FACE_OUTER_BOUND('',#1006,.T.);
#659=FACE_OUTER_BOUND('',#1007,.T.);
#660=FACE_OUTER_BOUND('',#1008,.T.);
#661=FACE_OUTER_BOUND('',#1009,.T.);
#662=FACE_OUTER_BOUND('',#1010,.T.);
#663=FACE_OUTER_BOUND('',#1011,.T.);
#664=FACE_OUTER_BOUND('',#1012,.T.);
#665=FACE_OUTER_BOUND('',#1013,.T.);
#666=FACE_OUTER_BOUND('',#1014,.T.);
#667=FACE_OUTER_BOUND('',#1015,.T.);
#668=FACE_OUTER_BOUND('',#1016,.T.);
#669=FACE_OUTER_BOUND('',#1017,.T.);
#670=FACE_OUTER_BOUND('',#1018,.T.);
#671=FACE_OUTER_BOUND('',#1019,.T.);
#672=FACE_OUTER_BOUND('',#1020,.T.);
#673=FACE_OUTER_BOUND('',#1021,.T.);
#674=FACE_OUTER_BOUND('',#1022,.T.);
#675=FACE_OUTER_BOUND('',#1023,.T.);
#676=FACE_OUTER_BOUND('',#1024,.T.);
#677=FACE_OUTER_BOUND('',#1025,.T.);
#678=FACE_OUTER_BOUND('',#1026,.T.);
#679=FACE_OUTER_BOUND('',#1027,.T.);
#680=FACE_OUTER_BOUND('',#1028,.T.);
#681=FACE_OUTER_BOUND('',#1029,.T.);
#682=FACE_OUTER_BOUND('',#1030,.T.);
#683=FACE_OUTER_BOUND('',#1031,.T.);
#684=FACE_OUTER_BOUND('',#1032,.T.);
#685=FACE_OUTER_BOUND('',#1033,.T.);
#686=FACE_OUTER_BOUND('',#1034,.T.);
#687=FACE_OUTER_BOUND('',#1035,.T.);
#688=FACE_OUTER_BOUND('',#1036,.T.);
#689=FACE_OUTER_BOUND('',#1037,.T.);
#690=FACE_OUTER_BOUND('',#1038,.T.);
#691=FACE_OUTER_BOUND('',#1039,.T.);
#692=FACE_OUTER_BOUND('',#1040,.T.);
#693=FACE_OUTER_BOUND('',#1041,.T.);
#694=FACE_OUTER_BOUND('',#1042,.T.);
#695=FACE_OUTER_BOUND('',#1043,.T.);
#696=FACE_OUTER_BOUND('',#1044,.T.);
#697=FACE_OUTER_BOUND('',#1045,.T.);
#698=FACE_OUTER_BOUND('',#1046,.T.);
#699=FACE_OUTER_BOUND('',#1047,.T.);
#700=FACE_OUTER_BOUND('',#1048,.T.);
#701=FACE_OUTER_BOUND('',#1049,.T.);
#702=FACE_OUTER_BOUND('',#1050,.T.);
#703=FACE_OUTER_BOUND('',#1051,.T.);
#704=FACE_OUTER_BOUND('',#1052,.T.);
#705=FACE_OUTER_BOUND('',#1053,.T.);
#706=FACE_OUTER_BOUND('',#1054,.T.);
#707=FACE_OUTER_BOUND('',#1055,.T.);
#708=FACE_OUTER_BOUND('',#1056,.T.);
#709=FACE_OUTER_BOUND('',#1057,.T.);
#710=FACE_OUTER_BOUND('',#1058,.T.);
#711=FACE_OUTER_BOUND('',#1059,.T.);
#712=FACE_OUTER_BOUND('',#1066,.T.);
#713=FACE_OUTER_BOUND('',#1067,.T.);
#714=FACE_OUTER_BOUND('',#1068,.T.);
#715=FACE_OUTER_BOUND('',#1069,.T.);
#716=FACE_OUTER_BOUND('',#1070,.T.);
#717=FACE_OUTER_BOUND('',#1071,.T.);
#718=FACE_OUTER_BOUND('',#1072,.T.);
#719=FACE_OUTER_BOUND('',#1074,.T.);
#720=FACE_OUTER_BOUND('',#1075,.T.);
#721=FACE_OUTER_BOUND('',#1077,.T.);
#722=FACE_OUTER_BOUND('',#1078,.T.);
#723=FACE_OUTER_BOUND('',#1080,.T.);
#724=FACE_OUTER_BOUND('',#1081,.T.);
#725=FACE_OUTER_BOUND('',#1083,.T.);
#726=FACE_OUTER_BOUND('',#1084,.T.);
#727=FACE_OUTER_BOUND('',#1085,.T.);
#728=FACE_OUTER_BOUND('',#1086,.T.);
#729=FACE_OUTER_BOUND('',#1087,.T.);
#730=FACE_OUTER_BOUND('',#1088,.T.);
#731=FACE_OUTER_BOUND('',#1089,.T.);
#732=FACE_OUTER_BOUND('',#1090,.T.);
#733=FACE_OUTER_BOUND('',#1091,.T.);
#734=FACE_OUTER_BOUND('',#1092,.T.);
#735=FACE_OUTER_BOUND('',#1093,.T.);
#736=FACE_OUTER_BOUND('',#1094,.T.);
#737=FACE_OUTER_BOUND('',#1095,.T.);
#738=EDGE_LOOP('',(#3988,#3989,#3990));
#739=EDGE_LOOP('',(#3991,#3992,#3993,#3994,#3995,#3996,#3997,#3998,#3999,
#4000,#4001,#4002,#4003,#4004,#4005,#4006,#4007));
#740=EDGE_LOOP('',(#4008,#4009,#4010,#4011,#4012,#4013));
#741=EDGE_LOOP('',(#4014,#4015,#4016,#4017));
#742=EDGE_LOOP('',(#4018,#4019,#4020,#4021));
#743=EDGE_LOOP('',(#4022,#4023,#4024,#4025));
#744=EDGE_LOOP('',(#4026,#4027,#4028,#4029));
#745=EDGE_LOOP('',(#4030,#4031,#4032,#4033));
#746=EDGE_LOOP('',(#4034,#4035,#4036,#4037));
#747=EDGE_LOOP('',(#4038,#4039,#4040,#4041));
#748=EDGE_LOOP('',(#4042,#4043,#4044,#4045));
#749=EDGE_LOOP('',(#4046,#4047,#4048,#4049));
#750=EDGE_LOOP('',(#4050,#4051,#4052,#4053));
#751=EDGE_LOOP('',(#4054,#4055,#4056,#4057));
#752=EDGE_LOOP('',(#4058,#4059,#4060,#4061));
#753=EDGE_LOOP('',(#4062,#4063,#4064,#4065));
#754=EDGE_LOOP('',(#4066,#4067,#4068,#4069));
#755=EDGE_LOOP('',(#4070,#4071,#4072,#4073,#4074,#4075,#4076,#4077));
#756=EDGE_LOOP('',(#4078,#4079,#4080,#4081,#4082,#4083));
#757=EDGE_LOOP('',(#4084,#4085,#4086,#4087,#4088,#4089));
#758=EDGE_LOOP('',(#4090,#4091,#4092,#4093,#4094,#4095,#4096));
#759=EDGE_LOOP('',(#4097,#4098,#4099,#4100));
#760=EDGE_LOOP('',(#4101,#4102,#4103,#4104,#4105));
#761=EDGE_LOOP('',(#4106,#4107,#4108,#4109,#4110,#4111));
#762=EDGE_LOOP('',(#4112,#4113,#4114,#4115));
#763=EDGE_LOOP('',(#4116,#4117,#4118,#4119,#4120,#4121));
#764=EDGE_LOOP('',(#4122,#4123,#4124,#4125,#4126,#4127));
#765=EDGE_LOOP('',(#4128,#4129,#4130,#4131,#4132,#4133));
#766=EDGE_LOOP('',(#4134,#4135,#4136,#4137,#4138,#4139,#4140,#4141,#4142));
#767=EDGE_LOOP('',(#4143));
#768=EDGE_LOOP('',(#4144,#4145,#4146,#4147,#4148,#4149));
#769=EDGE_LOOP('',(#4150,#4151,#4152,#4153,#4154,#4155,#4156,#4157));
#770=EDGE_LOOP('',(#4158,#4159,#4160,#4161));
#771=EDGE_LOOP('',(#4162,#4163,#4164,#4165));
#772=EDGE_LOOP('',(#4166,#4167,#4168,#4169));
#773=EDGE_LOOP('',(#4170,#4171,#4172,#4173));
#774=EDGE_LOOP('',(#4174,#4175,#4176,#4177));
#775=EDGE_LOOP('',(#4178,#4179,#4180,#4181,#4182,#4183,#4184,#4185,#4186,
#4187,#4188,#4189,#4190,#4191,#4192,#4193,#4194,#4195));
#776=EDGE_LOOP('',(#4196));
#777=EDGE_LOOP('',(#4197,#4198,#4199));
#778=EDGE_LOOP('',(#4200,#4201,#4202,#4203,#4204,#4205,#4206));
#779=EDGE_LOOP('',(#4207,#4208,#4209));
#780=EDGE_LOOP('',(#4210,#4211,#4212,#4213));
#781=EDGE_LOOP('',(#4214,#4215,#4216,#4217));
#782=EDGE_LOOP('',(#4218,#4219,#4220,#4221));
#783=EDGE_LOOP('',(#4222,#4223,#4224,#4225));
#784=EDGE_LOOP('',(#4226,#4227,#4228,#4229));
#785=EDGE_LOOP('',(#4230,#4231,#4232,#4233));
#786=EDGE_LOOP('',(#4234,#4235,#4236,#4237));
#787=EDGE_LOOP('',(#4238,#4239,#4240,#4241));
#788=EDGE_LOOP('',(#4242,#4243,#4244,#4245));
#789=EDGE_LOOP('',(#4246,#4247,#4248,#4249));
#790=EDGE_LOOP('',(#4250,#4251,#4252,#4253));
#791=EDGE_LOOP('',(#4254,#4255,#4256,#4257));
#792=EDGE_LOOP('',(#4258,#4259,#4260,#4261,#4262,#4263));
#793=EDGE_LOOP('',(#4264,#4265,#4266,#4267,#4268,#4269));
#794=EDGE_LOOP('',(#4270,#4271,#4272,#4273,#4274,#4275,#4276,#4277,#4278,
#4279,#4280,#4281,#4282,#4283));
#795=EDGE_LOOP('',(#4284,#4285,#4286,#4287,#4288,#4289,#4290,#4291));
#796=EDGE_LOOP('',(#4292,#4293,#4294,#4295,#4296,#4297,#4298,#4299));
#797=EDGE_LOOP('',(#4300,#4301,#4302,#4303,#4304,#4305,#4306,#4307));
#798=EDGE_LOOP('',(#4308,#4309,#4310,#4311));
#799=EDGE_LOOP('',(#4312,#4313,#4314));
#800=EDGE_LOOP('',(#4315,#4316,#4317,#4318));
#801=EDGE_LOOP('',(#4319,#4320,#4321,#4322));
#802=EDGE_LOOP('',(#4323,#4324,#4325,#4326,#4327,#4328,#4329,#4330));
#803=EDGE_LOOP('',(#4331,#4332,#4333,#4334,#4335));
#804=EDGE_LOOP('',(#4336,#4337,#4338,#4339,#4340,#4341,#4342,#4343,#4344,
#4345));
#805=EDGE_LOOP('',(#4346,#4347,#4348,#4349));
#806=EDGE_LOOP('',(#4350,#4351,#4352,#4353));
#807=EDGE_LOOP('',(#4354,#4355,#4356,#4357,#4358,#4359,#4360,#4361,#4362));
#808=EDGE_LOOP('',(#4363));
#809=EDGE_LOOP('',(#4364,#4365,#4366,#4367,#4368,#4369,#4370,#4371));
#810=EDGE_LOOP('',(#4372,#4373,#4374,#4375));
#811=EDGE_LOOP('',(#4376,#4377,#4378,#4379,#4380,#4381,#4382,#4383,#4384,
#4385,#4386,#4387,#4388,#4389,#4390,#4391,#4392,#4393,#4394,#4395,#4396));
#812=EDGE_LOOP('',(#4397,#4398,#4399));
#813=EDGE_LOOP('',(#4400,#4401,#4402,#4403));
#814=EDGE_LOOP('',(#4404,#4405,#4406,#4407));
#815=EDGE_LOOP('',(#4408,#4409,#4410,#4411));
#816=EDGE_LOOP('',(#4412,#4413,#4414,#4415));
#817=EDGE_LOOP('',(#4416,#4417,#4418,#4419));
#818=EDGE_LOOP('',(#4420,#4421,#4422,#4423));
#819=EDGE_LOOP('',(#4424,#4425,#4426,#4427));
#820=EDGE_LOOP('',(#4428,#4429,#4430,#4431));
#821=EDGE_LOOP('',(#4432,#4433,#4434,#4435));
#822=EDGE_LOOP('',(#4436,#4437,#4438,#4439));
#823=EDGE_LOOP('',(#4440,#4441,#4442,#4443,#4444,#4445));
#824=EDGE_LOOP('',(#4446,#4447,#4448,#4449,#4450,#4451,#4452,#4453));
#825=EDGE_LOOP('',(#4454,#4455,#4456,#4457,#4458,#4459,#4460));
#826=EDGE_LOOP('',(#4461,#4462,#4463,#4464));
#827=EDGE_LOOP('',(#4465,#4466,#4467,#4468,#4469,#4470,#4471,#4472));
#828=EDGE_LOOP('',(#4473,#4474,#4475,#4476,#4477,#4478));
#829=EDGE_LOOP('',(#4479,#4480,#4481,#4482));
#830=EDGE_LOOP('',(#4483,#4484,#4485,#4486,#4487,#4488,#4489,#4490));
#831=EDGE_LOOP('',(#4491,#4492,#4493,#4494,#4495,#4496,#4497));
#832=EDGE_LOOP('',(#4498,#4499,#4500,#4501,#4502,#4503,#4504,#4505,#4506));
#833=EDGE_LOOP('',(#4507));
#834=EDGE_LOOP('',(#4508,#4509,#4510,#4511));
#835=EDGE_LOOP('',(#4512,#4513,#4514,#4515));
#836=EDGE_LOOP('',(#4516,#4517,#4518,#4519,#4520,#4521));
#837=EDGE_LOOP('',(#4522,#4523,#4524,#4525,#4526,#4527));
#838=EDGE_LOOP('',(#4528,#4529,#4530,#4531));
#839=EDGE_LOOP('',(#4532,#4533,#4534,#4535,#4536,#4537,#4538));
#840=EDGE_LOOP('',(#4539,#4540,#4541));
#841=EDGE_LOOP('',(#4542,#4543,#4544,#4545));
#842=EDGE_LOOP('',(#4546,#4547,#4548,#4549));
#843=EDGE_LOOP('',(#4550,#4551,#4552,#4553));
#844=EDGE_LOOP('',(#4554,#4555,#4556,#4557));
#845=EDGE_LOOP('',(#4558,#4559,#4560,#4561));
#846=EDGE_LOOP('',(#4562,#4563,#4564,#4565));
#847=EDGE_LOOP('',(#4566,#4567,#4568,#4569));
#848=EDGE_LOOP('',(#4570,#4571,#4572,#4573));
#849=EDGE_LOOP('',(#4574,#4575,#4576,#4577));
#850=EDGE_LOOP('',(#4578,#4579,#4580,#4581));
#851=EDGE_LOOP('',(#4582,#4583,#4584,#4585,#4586,#4587));
#852=EDGE_LOOP('',(#4588,#4589,#4590,#4591,#4592,#4593));
#853=EDGE_LOOP('',(#4594,#4595,#4596,#4597,#4598,#4599));
#854=EDGE_LOOP('',(#4600,#4601,#4602,#4603));
#855=EDGE_LOOP('',(#4604,#4605,#4606,#4607,#4608,#4609,#4610,#4611,#4612));
#856=EDGE_LOOP('',(#4613,#4614,#4615));
#857=EDGE_LOOP('',(#4616,#4617,#4618,#4619));
#858=EDGE_LOOP('',(#4620,#4621,#4622,#4623,#4624,#4625,#4626,#4627,#4628,
#4629));
#859=EDGE_LOOP('',(#4630,#4631,#4632,#4633,#4634,#4635));
#860=EDGE_LOOP('',(#4636,#4637,#4638,#4639,#4640,#4641));
#861=EDGE_LOOP('',(#4642,#4643,#4644,#4645,#4646,#4647,#4648,#4649));
#862=EDGE_LOOP('',(#4650,#4651,#4652,#4653));
#863=EDGE_LOOP('',(#4654,#4655,#4656,#4657,#4658,#4659,#4660,#4661,#4662));
#864=EDGE_LOOP('',(#4663));
#865=EDGE_LOOP('',(#4664,#4665,#4666,#4667));
#866=EDGE_LOOP('',(#4668,#4669,#4670,#4671,#4672,#4673,#4674,#4675));
#867=EDGE_LOOP('',(#4676,#4677,#4678,#4679,#4680,#4681,#4682,#4683,#4684,
#4685,#4686,#4687,#4688));
#868=EDGE_LOOP('',(#4689));
#869=EDGE_LOOP('',(#4690,#4691,#4692,#4693));
#870=EDGE_LOOP('',(#4694,#4695,#4696,#4697));
#871=EDGE_LOOP('',(#4698,#4699,#4700,#4701));
#872=EDGE_LOOP('',(#4702,#4703,#4704,#4705));
#873=EDGE_LOOP('',(#4706,#4707,#4708,#4709));
#874=EDGE_LOOP('',(#4710,#4711,#4712,#4713));
#875=EDGE_LOOP('',(#4714,#4715,#4716,#4717));
#876=EDGE_LOOP('',(#4718,#4719,#4720,#4721));
#877=EDGE_LOOP('',(#4722,#4723,#4724,#4725,#4726,#4727,#4728,#4729,#4730,
#4731,#4732,#4733,#4734,#4735,#4736,#4737,#4738,#4739,#4740,#4741,#4742,
#4743,#4744,#4745,#4746,#4747,#4748,#4749,#4750,#4751,#4752,#4753,#4754,
#4755,#4756,#4757,#4758,#4759,#4760,#4761,#4762,#4763,#4764,#4765,#4766,
#4767,#4768,#4769,#4770,#4771,#4772,#4773,#4774,#4775,#4776,#4777,#4778,
#4779,#4780,#4781,#4782,#4783,#4784,#4785,#4786,#4787,#4788,#4789,#4790,
#4791,#4792,#4793,#4794,#4795,#4796,#4797,#4798,#4799,#4800,#4801,#4802,
#4803,#4804,#4805,#4806,#4807,#4808,#4809,#4810,#4811,#4812,#4813,#4814,
#4815,#4816,#4817,#4818,#4819,#4820,#4821,#4822,#4823,#4824,#4825,#4826,
#4827,#4828,#4829,#4830,#4831,#4832,#4833,#4834,#4835,#4836,#4837,#4838,
#4839,#4840,#4841,#4842,#4843,#4844,#4845,#4846,#4847,#4848,#4849,#4850,
#4851,#4852,#4853,#4854,#4855,#4856,#4857,#4858,#4859,#4860,#4861,#4862,
#4863,#4864,#4865,#4866,#4867,#4868,#4869,#4870,#4871,#4872,#4873,#4874,
#4875,#4876,#4877,#4878,#4879,#4880,#4881,#4882,#4883,#4884,#4885,#4886,
#4887,#4888,#4889,#4890,#4891,#4892));
#878=EDGE_LOOP('',(#4893));
#879=EDGE_LOOP('',(#4894,#4895,#4896));
#880=EDGE_LOOP('',(#4897));
#881=EDGE_LOOP('',(#4898));
#882=EDGE_LOOP('',(#4899,#4900,#4901));
#883=EDGE_LOOP('',(#4902,#4903,#4904));
#884=EDGE_LOOP('',(#4905,#4906,#4907,#4908));
#885=EDGE_LOOP('',(#4909,#4910,#4911,#4912));
#886=EDGE_LOOP('',(#4913,#4914,#4915,#4916));
#887=EDGE_LOOP('',(#4917,#4918,#4919,#4920));
#888=EDGE_LOOP('',(#4921,#4922,#4923,#4924));
#889=EDGE_LOOP('',(#4925,#4926,#4927,#4928));
#890=EDGE_LOOP('',(#4929,#4930,#4931,#4932));
#891=EDGE_LOOP('',(#4933,#4934,#4935,#4936));
#892=EDGE_LOOP('',(#4937,#4938,#4939,#4940));
#893=EDGE_LOOP('',(#4941,#4942,#4943,#4944));
#894=EDGE_LOOP('',(#4945,#4946,#4947,#4948));
#895=EDGE_LOOP('',(#4949,#4950,#4951,#4952));
#896=EDGE_LOOP('',(#4953,#4954,#4955,#4956));
#897=EDGE_LOOP('',(#4957,#4958,#4959,#4960));
#898=EDGE_LOOP('',(#4961,#4962,#4963,#4964));
#899=EDGE_LOOP('',(#4965,#4966,#4967,#4968));
#900=EDGE_LOOP('',(#4969,#4970,#4971,#4972));
#901=EDGE_LOOP('',(#4973,#4974,#4975,#4976));
#902=EDGE_LOOP('',(#4977,#4978,#4979,#4980));
#903=EDGE_LOOP('',(#4981,#4982,#4983,#4984));
#904=EDGE_LOOP('',(#4985,#4986,#4987,#4988));
#905=EDGE_LOOP('',(#4989,#4990,#4991,#4992));
#906=EDGE_LOOP('',(#4993,#4994,#4995,#4996));
#907=EDGE_LOOP('',(#4997,#4998,#4999,#5000));
#908=EDGE_LOOP('',(#5001,#5002,#5003,#5004));
#909=EDGE_LOOP('',(#5005,#5006,#5007,#5008));
#910=EDGE_LOOP('',(#5009,#5010,#5011,#5012));
#911=EDGE_LOOP('',(#5013,#5014,#5015,#5016));
#912=EDGE_LOOP('',(#5017,#5018,#5019,#5020));
#913=EDGE_LOOP('',(#5021,#5022,#5023,#5024));
#914=EDGE_LOOP('',(#5025,#5026,#5027,#5028));
#915=EDGE_LOOP('',(#5029,#5030,#5031,#5032));
#916=EDGE_LOOP('',(#5033,#5034,#5035,#5036));
#917=EDGE_LOOP('',(#5037,#5038,#5039,#5040));
#918=EDGE_LOOP('',(#5041,#5042,#5043,#5044));
#919=EDGE_LOOP('',(#5045,#5046,#5047,#5048));
#920=EDGE_LOOP('',(#5049,#5050,#5051,#5052));
#921=EDGE_LOOP('',(#5053,#5054,#5055,#5056));
#922=EDGE_LOOP('',(#5057,#5058,#5059,#5060));
#923=EDGE_LOOP('',(#5061,#5062,#5063,#5064));
#924=EDGE_LOOP('',(#5065,#5066,#5067,#5068));
#925=EDGE_LOOP('',(#5069,#5070,#5071,#5072));
#926=EDGE_LOOP('',(#5073,#5074,#5075,#5076));
#927=EDGE_LOOP('',(#5077,#5078,#5079,#5080));
#928=EDGE_LOOP('',(#5081,#5082,#5083,#5084));
#929=EDGE_LOOP('',(#5085,#5086,#5087,#5088));
#930=EDGE_LOOP('',(#5089,#5090,#5091,#5092));
#931=EDGE_LOOP('',(#5093,#5094,#5095,#5096));
#932=EDGE_LOOP('',(#5097,#5098,#5099,#5100));
#933=EDGE_LOOP('',(#5101,#5102,#5103,#5104));
#934=EDGE_LOOP('',(#5105,#5106,#5107,#5108));
#935=EDGE_LOOP('',(#5109,#5110,#5111,#5112));
#936=EDGE_LOOP('',(#5113,#5114,#5115,#5116));
#937=EDGE_LOOP('',(#5117,#5118,#5119,#5120));
#938=EDGE_LOOP('',(#5121,#5122,#5123,#5124));
#939=EDGE_LOOP('',(#5125,#5126,#5127,#5128));
#940=EDGE_LOOP('',(#5129,#5130,#5131,#5132));
#941=EDGE_LOOP('',(#5133,#5134,#5135,#5136));
#942=EDGE_LOOP('',(#5137,#5138,#5139,#5140));
#943=EDGE_LOOP('',(#5141,#5142,#5143,#5144));
#944=EDGE_LOOP('',(#5145,#5146,#5147,#5148));
#945=EDGE_LOOP('',(#5149,#5150,#5151,#5152));
#946=EDGE_LOOP('',(#5153,#5154,#5155,#5156));
#947=EDGE_LOOP('',(#5157,#5158,#5159,#5160));
#948=EDGE_LOOP('',(#5161,#5162,#5163,#5164));
#949=EDGE_LOOP('',(#5165,#5166,#5167,#5168));
#950=EDGE_LOOP('',(#5169,#5170,#5171,#5172));
#951=EDGE_LOOP('',(#5173,#5174,#5175,#5176));
#952=EDGE_LOOP('',(#5177,#5178,#5179,#5180));
#953=EDGE_LOOP('',(#5181,#5182,#5183,#5184));
#954=EDGE_LOOP('',(#5185,#5186,#5187,#5188));
#955=EDGE_LOOP('',(#5189,#5190,#5191,#5192));
#956=EDGE_LOOP('',(#5193,#5194,#5195,#5196));
#957=EDGE_LOOP('',(#5197,#5198,#5199,#5200));
#958=EDGE_LOOP('',(#5201,#5202,#5203,#5204));
#959=EDGE_LOOP('',(#5205,#5206,#5207,#5208));
#960=EDGE_LOOP('',(#5209,#5210,#5211,#5212));
#961=EDGE_LOOP('',(#5213,#5214,#5215,#5216));
#962=EDGE_LOOP('',(#5217,#5218,#5219,#5220));
#963=EDGE_LOOP('',(#5221,#5222,#5223,#5224));
#964=EDGE_LOOP('',(#5225,#5226,#5227,#5228));
#965=EDGE_LOOP('',(#5229,#5230,#5231,#5232));
#966=EDGE_LOOP('',(#5233,#5234,#5235,#5236));
#967=EDGE_LOOP('',(#5237,#5238,#5239,#5240));
#968=EDGE_LOOP('',(#5241,#5242,#5243,#5244));
#969=EDGE_LOOP('',(#5245,#5246,#5247,#5248));
#970=EDGE_LOOP('',(#5249,#5250,#5251,#5252));
#971=EDGE_LOOP('',(#5253,#5254,#5255,#5256));
#972=EDGE_LOOP('',(#5257,#5258,#5259,#5260));
#973=EDGE_LOOP('',(#5261,#5262,#5263,#5264));
#974=EDGE_LOOP('',(#5265,#5266,#5267,#5268));
#975=EDGE_LOOP('',(#5269,#5270,#5271,#5272));
#976=EDGE_LOOP('',(#5273,#5274,#5275,#5276));
#977=EDGE_LOOP('',(#5277,#5278,#5279,#5280));
#978=EDGE_LOOP('',(#5281,#5282,#5283,#5284));
#979=EDGE_LOOP('',(#5285,#5286,#5287,#5288));
#980=EDGE_LOOP('',(#5289,#5290,#5291,#5292));
#981=EDGE_LOOP('',(#5293,#5294,#5295,#5296));
#982=EDGE_LOOP('',(#5297,#5298,#5299,#5300));
#983=EDGE_LOOP('',(#5301,#5302,#5303,#5304));
#984=EDGE_LOOP('',(#5305,#5306,#5307,#5308));
#985=EDGE_LOOP('',(#5309,#5310,#5311,#5312));
#986=EDGE_LOOP('',(#5313,#5314,#5315,#5316));
#987=EDGE_LOOP('',(#5317,#5318,#5319,#5320));
#988=EDGE_LOOP('',(#5321,#5322,#5323,#5324));
#989=EDGE_LOOP('',(#5325,#5326,#5327,#5328));
#990=EDGE_LOOP('',(#5329,#5330,#5331,#5332));
#991=EDGE_LOOP('',(#5333,#5334,#5335,#5336));
#992=EDGE_LOOP('',(#5337,#5338,#5339,#5340));
#993=EDGE_LOOP('',(#5341,#5342,#5343,#5344));
#994=EDGE_LOOP('',(#5345,#5346,#5347,#5348));
#995=EDGE_LOOP('',(#5349,#5350,#5351,#5352));
#996=EDGE_LOOP('',(#5353,#5354,#5355,#5356));
#997=EDGE_LOOP('',(#5357,#5358,#5359,#5360));
#998=EDGE_LOOP('',(#5361,#5362,#5363,#5364));
#999=EDGE_LOOP('',(#5365,#5366,#5367,#5368));
#1000=EDGE_LOOP('',(#5369,#5370,#5371,#5372));
#1001=EDGE_LOOP('',(#5373,#5374,#5375,#5376));
#1002=EDGE_LOOP('',(#5377,#5378,#5379,#5380,#5381,#5382));
#1003=EDGE_LOOP('',(#5383,#5384,#5385,#5386,#5387,#5388));
#1004=EDGE_LOOP('',(#5389,#5390,#5391,#5392));
#1005=EDGE_LOOP('',(#5393,#5394,#5395,#5396));
#1006=EDGE_LOOP('',(#5397,#5398,#5399,#5400,#5401,#5402));
#1007=EDGE_LOOP('',(#5403,#5404,#5405,#5406,#5407,#5408,#5409,#5410,#5411,
#5412));
#1008=EDGE_LOOP('',(#5413,#5414,#5415,#5416,#5417,#5418,#5419,#5420));
#1009=EDGE_LOOP('',(#5421,#5422,#5423,#5424,#5425,#5426));
#1010=EDGE_LOOP('',(#5427,#5428,#5429,#5430,#5431,#5432));
#1011=EDGE_LOOP('',(#5433,#5434,#5435,#5436,#5437,#5438));
#1012=EDGE_LOOP('',(#5439,#5440,#5441,#5442,#5443,#5444));
#1013=EDGE_LOOP('',(#5445,#5446,#5447,#5448));
#1014=EDGE_LOOP('',(#5449,#5450,#5451,#5452,#5453,#5454,#5455,#5456,#5457,
#5458));
#1015=EDGE_LOOP('',(#5459,#5460,#5461,#5462,#5463,#5464));
#1016=EDGE_LOOP('',(#5465,#5466,#5467,#5468));
#1017=EDGE_LOOP('',(#5469,#5470,#5471,#5472));
#1018=EDGE_LOOP('',(#5473,#5474,#5475,#5476,#5477,#5478));
#1019=EDGE_LOOP('',(#5479,#5480,#5481,#5482,#5483,#5484,#5485,#5486,#5487,
#5488));
#1020=EDGE_LOOP('',(#5489,#5490,#5491,#5492,#5493,#5494,#5495,#5496));
#1021=EDGE_LOOP('',(#5497,#5498,#5499,#5500,#5501,#5502,#5503,#5504));
#1022=EDGE_LOOP('',(#5505,#5506,#5507,#5508,#5509,#5510));
#1023=EDGE_LOOP('',(#5511,#5512,#5513,#5514,#5515,#5516));
#1024=EDGE_LOOP('',(#5517,#5518,#5519,#5520,#5521,#5522));
#1025=EDGE_LOOP('',(#5523,#5524,#5525,#5526,#5527,#5528));
#1026=EDGE_LOOP('',(#5529,#5530,#5531,#5532));
#1027=EDGE_LOOP('',(#5533,#5534,#5535,#5536,#5537,#5538));
#1028=EDGE_LOOP('',(#5539,#5540,#5541,#5542,#5543,#5544));
#1029=EDGE_LOOP('',(#5545,#5546,#5547,#5548,#5549,#5550));
#1030=EDGE_LOOP('',(#5551,#5552,#5553));
#1031=EDGE_LOOP('',(#5554,#5555,#5556));
#1032=EDGE_LOOP('',(#5557,#5558,#5559));
#1033=EDGE_LOOP('',(#5560,#5561,#5562,#5563,#5564,#5565));
#1034=EDGE_LOOP('',(#5566,#5567,#5568,#5569,#5570,#5571,#5572));
#1035=EDGE_LOOP('',(#5573,#5574,#5575));
#1036=EDGE_LOOP('',(#5576,#5577,#5578,#5579,#5580,#5581,#5582,#5583));
#1037=EDGE_LOOP('',(#5584,#5585,#5586,#5587));
#1038=EDGE_LOOP('',(#5588,#5589,#5590));
#1039=EDGE_LOOP('',(#5591,#5592,#5593,#5594,#5595,#5596,#5597,#5598,#5599,
#5600));
#1040=EDGE_LOOP('',(#5601,#5602));
#1041=EDGE_LOOP('',(#5603,#5604,#5605,#5606,#5607,#5608,#5609));
#1042=EDGE_LOOP('',(#5610,#5611,#5612));
#1043=EDGE_LOOP('',(#5613,#5614,#5615,#5616,#5617,#5618,#5619));
#1044=EDGE_LOOP('',(#5620,#5621,#5622,#5623,#5624,#5625,#5626,#5627,#5628,
#5629,#5630,#5631,#5632,#5633,#5634));
#1045=EDGE_LOOP('',(#5635,#5636,#5637,#5638,#5639));
#1046=EDGE_LOOP('',(#5640,#5641,#5642,#5643,#5644));
#1047=EDGE_LOOP('',(#5645,#5646,#5647));
#1048=EDGE_LOOP('',(#5648,#5649,#5650,#5651,#5652,#5653,#5654,#5655,#5656,
#5657));
#1049=EDGE_LOOP('',(#5658,#5659,#5660,#5661));
#1050=EDGE_LOOP('',(#5662,#5663,#5664,#5665,#5666,#5667,#5668,#5669,#5670,
#5671));
#1051=EDGE_LOOP('',(#5672,#5673,#5674,#5675,#5676,#5677,#5678,#5679,#5680,
#5681,#5682,#5683,#5684,#5685,#5686));
#1052=EDGE_LOOP('',(#5687,#5688,#5689,#5690,#5691,#5692,#5693,#5694,#5695,
#5696,#5697,#5698,#5699));
#1053=EDGE_LOOP('',(#5700,#5701,#5702,#5703,#5704,#5705,#5706,#5707,#5708,
#5709,#5710,#5711,#5712,#5713));
#1054=EDGE_LOOP('',(#5714,#5715,#5716,#5717));
#1055=EDGE_LOOP('',(#5718,#5719));
#1056=EDGE_LOOP('',(#5720,#5721));
#1057=EDGE_LOOP('',(#5722,#5723,#5724,#5725,#5726,#5727));
#1058=EDGE_LOOP('',(#5728,#5729,#5730,#5731,#5732,#5733));
#1059=EDGE_LOOP('',(#5734,#5735,#5736,#5737,#5738,#5739,#5740,#5741,#5742,
#5743,#5744,#5745,#5746,#5747,#5748,#5749,#5750,#5751,#5752,#5753,#5754,
#5755,#5756,#5757,#5758,#5759,#5760,#5761,#5762,#5763,#5764,#5765,#5766,
#5767,#5768,#5769));
#1060=EDGE_LOOP('',(#5770,#5771,#5772,#5773));
#1061=EDGE_LOOP('',(#5774));
#1062=EDGE_LOOP('',(#5775));
#1063=EDGE_LOOP('',(#5776));
#1064=EDGE_LOOP('',(#5777));
#1065=EDGE_LOOP('',(#5778,#5779,#5780,#5781));
#1066=EDGE_LOOP('',(#5782,#5783,#5784,#5785));
#1067=EDGE_LOOP('',(#5786,#5787,#5788,#5789,#5790,#5791));
#1068=EDGE_LOOP('',(#5792,#5793,#5794,#5795,#5796,#5797));
#1069=EDGE_LOOP('',(#5798,#5799,#5800,#5801,#5802,#5803,#5804,#5805));
#1070=EDGE_LOOP('',(#5806,#5807,#5808,#5809));
#1071=EDGE_LOOP('',(#5810,#5811,#5812,#5813));
#1072=EDGE_LOOP('',(#5814));
#1073=EDGE_LOOP('',(#5815));
#1074=EDGE_LOOP('',(#5816,#5817,#5818,#5819));
#1075=EDGE_LOOP('',(#5820));
#1076=EDGE_LOOP('',(#5821));
#1077=EDGE_LOOP('',(#5822,#5823,#5824,#5825));
#1078=EDGE_LOOP('',(#5826));
#1079=EDGE_LOOP('',(#5827));
#1080=EDGE_LOOP('',(#5828,#5829,#5830,#5831));
#1081=EDGE_LOOP('',(#5832));
#1082=EDGE_LOOP('',(#5833));
#1083=EDGE_LOOP('',(#5834,#5835,#5836,#5837,#5838,#5839,#5840,#5841,#5842,
#5843,#5844,#5845));
#1084=EDGE_LOOP('',(#5846,#5847,#5848,#5849));
#1085=EDGE_LOOP('',(#5850,#5851,#5852,#5853));
#1086=EDGE_LOOP('',(#5854,#5855,#5856,#5857));
#1087=EDGE_LOOP('',(#5858,#5859,#5860,#5861));
#1088=EDGE_LOOP('',(#5862,#5863,#5864,#5865,#5866,#5867,#5868,#5869,#5870,
#5871,#5872,#5873,#5874,#5875));
#1089=EDGE_LOOP('',(#5876,#5877,#5878,#5879));
#1090=EDGE_LOOP('',(#5880,#5881,#5882,#5883,#5884,#5885));
#1091=EDGE_LOOP('',(#5886,#5887,#5888,#5889,#5890,#5891));
#1092=EDGE_LOOP('',(#5892,#5893,#5894,#5895,#5896,#5897));
#1093=EDGE_LOOP('',(#5898,#5899,#5900,#5901,#5902,#5903));
#1094=EDGE_LOOP('',(#5904,#5905,#5906,#5907,#5908,#5909,#5910,#5911));
#1095=EDGE_LOOP('',(#5912,#5913,#5914,#5915,#5916,#5917,#5918,#5919));
#1096=(
BOUNDED_CURVE()
B_SPLINE_CURVE(3,(#7653,#7654,#7655,#7656),.UNSPECIFIED.,.F.,.F.)
B_SPLINE_CURVE_WITH_KNOTS((4,4),(0.00806202508370015,0.430418691586052),
 .UNSPECIFIED.)
CURVE()
GEOMETRIC_REPRESENTATION_ITEM()
RATIONAL_B_SPLINE_CURVE((1.,1.,1.,1.))
REPRESENTATION_ITEM('')
);
#1097=(
BOUNDED_CURVE()
B_SPLINE_CURVE(3,(#7666,#7667,#7668,#7669),.UNSPECIFIED.,.F.,.F.)
B_SPLINE_CURVE_WITH_KNOTS((4,4),(0.560704287602182,1.),.UNSPECIFIED.)
CURVE()
GEOMETRIC_REPRESENTATION_ITEM()
RATIONAL_B_SPLINE_CURVE((1.,1.,1.,1.))
REPRESENTATION_ITEM('')
);
#1098=(
BOUNDED_CURVE()
B_SPLINE_CURVE(3,(#7671,#7672,#7673,#7674),.UNSPECIFIED.,.F.,.F.)
B_SPLINE_CURVE_WITH_KNOTS((4,4),(0.,0.084402928271428),.UNSPECIFIED.)
CURVE()
GEOMETRIC_REPRESENTATION_ITEM()
RATIONAL_B_SPLINE_CURVE((1.,1.,1.,1.))
REPRESENTATION_ITEM('')
);
#1099=(
BOUNDED_CURVE()
B_SPLINE_CURVE(3,(#7680,#7681,#7682,#7683),.UNSPECIFIED.,.F.,.F.)
B_SPLINE_CURVE_WITH_KNOTS((4,4),(0.844149009805778,0.994634186709059),
 .UNSPECIFIED.)
CURVE()
GEOMETRIC_REPRESENTATION_ITEM()
RATIONAL_B_SPLINE_CURVE((1.,1.,1.,1.))
REPRESENTATION_ITEM('')
);
#1100=(
BOUNDED_CURVE()
B_SPLINE_CURVE(3,(#7689,#7690,#7691,#7692),.UNSPECIFIED.,.F.,.F.)
B_SPLINE_CURVE_WITH_KNOTS((4,4),(0.0281695357288767,1.),.UNSPECIFIED.)
CURVE()
GEOMETRIC_REPRESENTATION_ITEM()
RATIONAL_B_SPLINE_CURVE((1.,1.,1.,1.))
REPRESENTATION_ITEM('')
);
#1101=(
BOUNDED_CURVE()
B_SPLINE_CURVE(3,(#7694,#7695,#7696,#7697),.UNSPECIFIED.,.F.,.F.)
B_SPLINE_CURVE_WITH_KNOTS((4,4),(0.,0.111225079249363),.UNSPECIFIED.)
CURVE()
GEOMETRIC_REPRESENTATION_ITEM()
RATIONAL_B_SPLINE_CURVE((1.,1.,1.,1.))
REPRESENTATION_ITEM('')
);
#1102=(
BOUNDED_CURVE()
B_SPLINE_CURVE(3,(#7705,#7706,#7707,#7708),.UNSPECIFIED.,.F.,.F.)
B_SPLINE_CURVE_WITH_KNOTS((4,4),(0.614186033288048,1.),.UNSPECIFIED.)
CURVE()
GEOMETRIC_REPRESENTATION_ITEM()
RATIONAL_B_SPLINE_CURVE((1.,1.,1.,1.))
REPRESENTATION_ITEM('')
);
#1103=(
BOUNDED_CURVE()
B_SPLINE_CURVE(3,(#7709,#7710,#7711,#7712),.UNSPECIFIED.,.F.,.F.)
B_SPLINE_CURVE_WITH_KNOTS((4,4),(0.,0.358705524528665),.UNSPECIFIED.)
CURVE()
GEOMETRIC_REPRESENTATION_ITEM()
RATIONAL_B_SPLINE_CURVE((1.,1.,1.,1.))
REPRESENTATION_ITEM('')
);
#1104=(
BOUNDED_CURVE()
B_SPLINE_CURVE(3,(#7715,#7716,#7717,#7718),.UNSPECIFIED.,.F.,.F.)
B_SPLINE_CURVE_WITH_KNOTS((4,4),(-1.,0.),.UNSPECIFIED.)
CURVE()
GEOMETRIC_REPRESENTATION_ITEM()
RATIONAL_B_SPLINE_CURVE((1.,1.,1.,1.))
REPRESENTATION_ITEM('')
);
#1105=(
BOUNDED_CURVE()
B_SPLINE_CURVE(3,(#7720,#7721,#7722,#7723),.UNSPECIFIED.,.F.,.F.)
B_SPLINE_CURVE_WITH_KNOTS((4,4),(-1.,0.),.UNSPECIFIED.)
CURVE()
GEOMETRIC_REPRESENTATION_ITEM()
RATIONAL_B_SPLINE_CURVE((1.,1.,1.,1.))
REPRESENTATION_ITEM('')
);
#1106=(
BOUNDED_CURVE()
B_SPLINE_CURVE(3,(#7725,#7726,#7727,#7728),.UNSPECIFIED.,.F.,.F.)
B_SPLINE_CURVE_WITH_KNOTS((4,4),(-1.,0.),.UNSPECIFIED.)
CURVE()
GEOMETRIC_REPRESENTATION_ITEM()
RATIONAL_B_SPLINE_CURVE((1.,1.,1.,1.))
REPRESENTATION_ITEM('')
);
#1107=(
BOUNDED_CURVE()
B_SPLINE_CURVE(3,(#7730,#7731,#7732,#7733),.UNSPECIFIED.,.F.,.F.)
B_SPLINE_CURVE_WITH_KNOTS((4,4),(-1.,0.),.UNSPECIFIED.)
CURVE()
GEOMETRIC_REPRESENTATION_ITEM()
RATIONAL_B_SPLINE_CURVE((1.,1.,1.,1.))
REPRESENTATION_ITEM('')
);
#1108=(
BOUNDED_CURVE()
B_SPLINE_CURVE(3,(#7735,#7736,#7737,#7738),.UNSPECIFIED.,.F.,.F.)
B_SPLINE_CURVE_WITH_KNOTS((4,4),(-1.,0.),.UNSPECIFIED.)
CURVE()
GEOMETRIC_REPRESENTATION_ITEM()
RATIONAL_B_SPLINE_CURVE((1.,1.,1.,1.))
REPRESENTATION_ITEM('')
);
#1109=(
BOUNDED_CURVE()
B_SPLINE_CURVE(3,(#7739,#7740,#7741,#7742),.UNSPECIFIED.,.F.,.F.)
B_SPLINE_CURVE_WITH_KNOTS((4,4),(-1.,0.),.UNSPECIFIED.)
CURVE()
GEOMETRIC_REPRESENTATION_ITEM()
RATIONAL_B_SPLINE_CURVE((1.,1.,1.,1.))
REPRESENTATION_ITEM('')
);
#1110=(
BOUNDED_CURVE()
B_SPLINE_CURVE(3,(#7765,#7766,#7767,#7768),.UNSPECIFIED.,.F.,.F.)
B_SPLINE_CURVE_WITH_KNOTS((4,4),(-0.430418691586071,-0.00806202508370167),
 .UNSPECIFIED.)
CURVE()
GEOMETRIC_REPRESENTATION_ITEM()
RATIONAL_B_SPLINE_CURVE((1.,1.,1.,1.))
REPRESENTATION_ITEM('')
);
#1111=(
BOUNDED_CURVE()
B_SPLINE_CURVE(3,(#7780,#7781,#7782,#7783),.UNSPECIFIED.,.F.,.F.)
B_SPLINE_CURVE_WITH_KNOTS((4,4),(0.,1.),.UNSPECIFIED.)
CURVE()
GEOMETRIC_REPRESENTATION_ITEM()
RATIONAL_B_SPLINE_CURVE((1.,1.,1.,1.))
REPRESENTATION_ITEM('')
);
#1112=(
BOUNDED_CURVE()
B_SPLINE_CURVE(3,(#7795,#7796,#7797,#7798),.UNSPECIFIED.,.F.,.F.)
B_SPLINE_CURVE_WITH_KNOTS((4,4),(0.,1.),.UNSPECIFIED.)
CURVE()
GEOMETRIC_REPRESENTATION_ITEM()
RATIONAL_B_SPLINE_CURVE((1.,1.,1.,1.))
REPRESENTATION_ITEM('')
);
#1113=(
BOUNDED_CURVE()
B_SPLINE_CURVE(3,(#7809,#7810,#7811,#7812),.UNSPECIFIED.,.F.,.F.)
B_SPLINE_CURVE_WITH_KNOTS((4,4),(0.,1.),.UNSPECIFIED.)
CURVE()
GEOMETRIC_REPRESENTATION_ITEM()
RATIONAL_B_SPLINE_CURVE((1.,1.,1.,1.))
REPRESENTATION_ITEM('')
);
#1114=(
BOUNDED_CURVE()
B_SPLINE_CURVE(3,(#7823,#7824,#7825,#7826),.UNSPECIFIED.,.F.,.F.)
B_SPLINE_CURVE_WITH_KNOTS((4,4),(0.,1.),.UNSPECIFIED.)
CURVE()
GEOMETRIC_REPRESENTATION_ITEM()
RATIONAL_B_SPLINE_CURVE((1.,1.,1.,1.))
REPRESENTATION_ITEM('')
);
#1115=(
BOUNDED_CURVE()
B_SPLINE_CURVE(3,(#7837,#7838,#7839,#7840),.UNSPECIFIED.,.F.,.F.)
B_SPLINE_CURVE_WITH_KNOTS((4,4),(0.,1.),.UNSPECIFIED.)
CURVE()
GEOMETRIC_REPRESENTATION_ITEM()
RATIONAL_B_SPLINE_CURVE((1.,1.,1.,1.))
REPRESENTATION_ITEM('')
);
#1116=(
BOUNDED_CURVE()
B_SPLINE_CURVE(3,(#7849,#7850,#7851,#7852),.UNSPECIFIED.,.F.,.F.)
B_SPLINE_CURVE_WITH_KNOTS((4,4),(0.,1.),.UNSPECIFIED.)
CURVE()
GEOMETRIC_REPRESENTATION_ITEM()
RATIONAL_B_SPLINE_CURVE((1.,1.,1.,1.))
REPRESENTATION_ITEM('')
);
#1117=(
BOUNDED_CURVE()
B_SPLINE_CURVE(3,(#7870,#7871,#7872,#7873),.UNSPECIFIED.,.F.,.F.)
B_SPLINE_CURVE_WITH_KNOTS((4,4),(-0.358705524528665,0.),.UNSPECIFIED.)
CURVE()
GEOMETRIC_REPRESENTATION_ITEM()
RATIONAL_B_SPLINE_CURVE((1.,1.,1.,1.))
REPRESENTATION_ITEM('')
);
#1118=(
BOUNDED_CURVE()
B_SPLINE_CURVE(3,(#7884,#7885,#7886,#7887),.UNSPECIFIED.,.F.,.F.)
B_SPLINE_CURVE_WITH_KNOTS((4,4),(-1.,-0.61418603328809),.UNSPECIFIED.)
CURVE()
GEOMETRIC_REPRESENTATION_ITEM()
RATIONAL_B_SPLINE_CURVE((1.,1.,1.,1.))
REPRESENTATION_ITEM('')
);
#1119=(
BOUNDED_CURVE()
B_SPLINE_CURVE(3,(#7899,#7900,#7901,#7902),.UNSPECIFIED.,.F.,.F.)
B_SPLINE_CURVE_WITH_KNOTS((4,4),(-0.111225079249362,0.),.UNSPECIFIED.)
CURVE()
GEOMETRIC_REPRESENTATION_ITEM()
RATIONAL_B_SPLINE_CURVE((1.,1.,1.,1.))
REPRESENTATION_ITEM('')
);
#1120=(
BOUNDED_CURVE()
B_SPLINE_CURVE(3,(#7914,#7915,#7916,#7917),.UNSPECIFIED.,.F.,.F.)
B_SPLINE_CURVE_WITH_KNOTS((4,4),(-1.,-0.0281695357288772),.UNSPECIFIED.)
CURVE()
GEOMETRIC_REPRESENTATION_ITEM()
RATIONAL_B_SPLINE_CURVE((1.,1.,1.,1.))
REPRESENTATION_ITEM('')
);
#1121=(
BOUNDED_CURVE()
B_SPLINE_CURVE(3,(#7929,#7930,#7931,#7932),.UNSPECIFIED.,.F.,.F.)
B_SPLINE_CURVE_WITH_KNOTS((4,4),(-0.994634186709059,-0.844149009808558),
 .UNSPECIFIED.)
CURVE()
GEOMETRIC_REPRESENTATION_ITEM()
RATIONAL_B_SPLINE_CURVE((1.,1.,1.,1.))
REPRESENTATION_ITEM('')
);
#1122=(
BOUNDED_CURVE()
B_SPLINE_CURVE(3,(#7945,#7946,#7947,#7948),.UNSPECIFIED.,.F.,.F.)
B_SPLINE_CURVE_WITH_KNOTS((4,4),(-0.084402928271428,0.),.UNSPECIFIED.)
CURVE()
GEOMETRIC_REPRESENTATION_ITEM()
RATIONAL_B_SPLINE_CURVE((1.,1.,1.,1.))
REPRESENTATION_ITEM('')
);
#1123=(
BOUNDED_CURVE()
B_SPLINE_CURVE(3,(#7965,#7966,#7967,#7968),.UNSPECIFIED.,.F.,.F.)
B_SPLINE_CURVE_WITH_KNOTS((4,4),(-1.,-0.56070428760416),.UNSPECIFIED.)
CURVE()
GEOMETRIC_REPRESENTATION_ITEM()
RATIONAL_B_SPLINE_CURVE((1.,1.,1.,1.))
REPRESENTATION_ITEM('')
);
#1124=(
BOUNDED_CURVE()
B_SPLINE_CURVE(3,(#8042,#8043,#8044,#8045),.UNSPECIFIED.,.F.,.F.)
B_SPLINE_CURVE_WITH_KNOTS((4,4),(0.103028214574807,0.555463020305678),
 .UNSPECIFIED.)
CURVE()
GEOMETRIC_REPRESENTATION_ITEM()
RATIONAL_B_SPLINE_CURVE((1.,1.,1.,1.))
REPRESENTATION_ITEM('')
);
#1125=(
BOUNDED_CURVE()
B_SPLINE_CURVE(3,(#8048,#8049,#8050,#8051),.UNSPECIFIED.,.F.,.F.)
B_SPLINE_CURVE_WITH_KNOTS((4,4),(-0.555463020305677,-0.103028214574807),
 .UNSPECIFIED.)
CURVE()
GEOMETRIC_REPRESENTATION_ITEM()
RATIONAL_B_SPLINE_CURVE((1.,1.,1.,1.))
REPRESENTATION_ITEM('')
);
#1126=(
BOUNDED_CURVE()
B_SPLINE_CURVE(3,(#8069,#8070,#8071,#8072),.UNSPECIFIED.,.F.,.F.)
B_SPLINE_CURVE_WITH_KNOTS((4,4),(0.745735276935661,0.783755017497651),
 .UNSPECIFIED.)
CURVE()
GEOMETRIC_REPRESENTATION_ITEM()
RATIONAL_B_SPLINE_CURVE((1.,1.,1.,1.))
REPRESENTATION_ITEM('')
);
#1127=(
BOUNDED_CURVE()
B_SPLINE_CURVE(3,(#8080,#8081,#8082,#8083),.UNSPECIFIED.,.F.,.F.)
B_SPLINE_CURVE_WITH_KNOTS((4,4),(0.745735276941412,0.783755017500984),
 .UNSPECIFIED.)
CURVE()
GEOMETRIC_REPRESENTATION_ITEM()
RATIONAL_B_SPLINE_CURVE((1.,1.,1.,1.))
REPRESENTATION_ITEM('')
);
#1128=(
BOUNDED_CURVE()
B_SPLINE_CURVE(3,(#8101,#8102,#8103,#8104),.UNSPECIFIED.,.F.,.F.)
B_SPLINE_CURVE_WITH_KNOTS((4,4),(0.262827029270071,0.44524870449652),
 .UNSPECIFIED.)
CURVE()
GEOMETRIC_REPRESENTATION_ITEM()
RATIONAL_B_SPLINE_CURVE((1.,1.,1.,1.))
REPRESENTATION_ITEM('')
);
#1129=(
BOUNDED_CURVE()
B_SPLINE_CURVE(3,(#8112,#8113,#8114,#8115),.UNSPECIFIED.,.F.,.F.)
B_SPLINE_CURVE_WITH_KNOTS((4,4),(0.262827029270071,0.445248704496523),
 .UNSPECIFIED.)
CURVE()
GEOMETRIC_REPRESENTATION_ITEM()
RATIONAL_B_SPLINE_CURVE((1.,1.,1.,1.))
REPRESENTATION_ITEM('')
);
#1130=(
BOUNDED_CURVE()
B_SPLINE_CURVE(3,(#8133,#8134,#8135,#8136),.UNSPECIFIED.,.F.,.F.)
B_SPLINE_CURVE_WITH_KNOTS((4,4),(0.688596428887282,1.),.UNSPECIFIED.)
CURVE()
GEOMETRIC_REPRESENTATION_ITEM()
RATIONAL_B_SPLINE_CURVE((1.,1.,1.,1.))
REPRESENTATION_ITEM('')
);
#1131=(
BOUNDED_CURVE()
B_SPLINE_CURVE(3,(#8139,#8140,#8141,#8142),.UNSPECIFIED.,.F.,.F.)
B_SPLINE_CURVE_WITH_KNOTS((4,4),(0.688596428887283,1.),.UNSPECIFIED.)
CURVE()
GEOMETRIC_REPRESENTATION_ITEM()
RATIONAL_B_SPLINE_CURVE((1.,1.,1.,1.))
REPRESENTATION_ITEM('')
);
#1132=(
BOUNDED_CURVE()
B_SPLINE_CURVE(3,(#8154,#8155,#8156,#8157),.UNSPECIFIED.,.F.,.F.)
B_SPLINE_CURVE_WITH_KNOTS((4,4),(0.67943746314208,1.),.UNSPECIFIED.)
CURVE()
GEOMETRIC_REPRESENTATION_ITEM()
RATIONAL_B_SPLINE_CURVE((1.,1.,1.,1.))
REPRESENTATION_ITEM('')
);
#1133=(
BOUNDED_CURVE()
B_SPLINE_CURVE(3,(#8159,#8160,#8161,#8162),.UNSPECIFIED.,.F.,.F.)
B_SPLINE_CURVE_WITH_KNOTS((4,4),(0.,1.),.UNSPECIFIED.)
CURVE()
GEOMETRIC_REPRESENTATION_ITEM()
RATIONAL_B_SPLINE_CURVE((1.,1.,1.,1.))
REPRESENTATION_ITEM('')
);
#1134=(
BOUNDED_CURVE()
B_SPLINE_CURVE(3,(#8164,#8165,#8166,#8167),.UNSPECIFIED.,.F.,.F.)
B_SPLINE_CURVE_WITH_KNOTS((4,4),(0.,0.52655570064273),.UNSPECIFIED.)
CURVE()
GEOMETRIC_REPRESENTATION_ITEM()
RATIONAL_B_SPLINE_CURVE((1.,1.,1.,1.))
REPRESENTATION_ITEM('')
);
#1135=(
BOUNDED_CURVE()
B_SPLINE_CURVE(3,(#8171,#8172,#8173,#8174),.UNSPECIFIED.,.F.,.F.)
B_SPLINE_CURVE_WITH_KNOTS((4,4),(0.174639074476804,0.621793956050498),
 .UNSPECIFIED.)
CURVE()
GEOMETRIC_REPRESENTATION_ITEM()
RATIONAL_B_SPLINE_CURVE((1.,1.,1.,1.))
REPRESENTATION_ITEM('')
);
#1136=(
BOUNDED_CURVE()
B_SPLINE_CURVE(3,(#8178,#8179,#8180,#8181),.UNSPECIFIED.,.F.,.F.)
B_SPLINE_CURVE_WITH_KNOTS((4,4),(0.,0.358393243613788),.UNSPECIFIED.)
CURVE()
GEOMETRIC_REPRESENTATION_ITEM()
RATIONAL_B_SPLINE_CURVE((1.,1.,1.,1.))
REPRESENTATION_ITEM('')
);
#1137=(
BOUNDED_CURVE()
B_SPLINE_CURVE(3,(#8183,#8184,#8185,#8186),.UNSPECIFIED.,.F.,.F.)
B_SPLINE_CURVE_WITH_KNOTS((4,4),(0.791867075241857,1.),.UNSPECIFIED.)
CURVE()
GEOMETRIC_REPRESENTATION_ITEM()
RATIONAL_B_SPLINE_CURVE((1.,1.,1.,1.))
REPRESENTATION_ITEM('')
);
#1138=(
BOUNDED_CURVE()
B_SPLINE_CURVE(3,(#8190,#8191,#8192,#8193),.UNSPECIFIED.,.F.,.F.)
B_SPLINE_CURVE_WITH_KNOTS((4,4),(0.,0.381003739004386),.UNSPECIFIED.)
CURVE()
GEOMETRIC_REPRESENTATION_ITEM()
RATIONAL_B_SPLINE_CURVE((1.,1.,1.,1.))
REPRESENTATION_ITEM('')
);
#1139=(
BOUNDED_CURVE()
B_SPLINE_CURVE(3,(#8194,#8195,#8196,#8197),.UNSPECIFIED.,.F.,.F.)
B_SPLINE_CURVE_WITH_KNOTS((4,4),(0.,1.),.UNSPECIFIED.)
CURVE()
GEOMETRIC_REPRESENTATION_ITEM()
RATIONAL_B_SPLINE_CURVE((1.,1.,1.,1.))
REPRESENTATION_ITEM('')
);
#1140=(
BOUNDED_CURVE()
B_SPLINE_CURVE(3,(#8209,#8210,#8211,#8212),.UNSPECIFIED.,.F.,.F.)
B_SPLINE_CURVE_WITH_KNOTS((4,4),(0.,0.221420157620084),.UNSPECIFIED.)
CURVE()
GEOMETRIC_REPRESENTATION_ITEM()
RATIONAL_B_SPLINE_CURVE((1.,1.,1.,1.))
REPRESENTATION_ITEM('')
);
#1141=(
BOUNDED_CURVE()
B_SPLINE_CURVE(3,(#8214,#8215,#8216,#8217),.UNSPECIFIED.,.F.,.F.)
B_SPLINE_CURVE_WITH_KNOTS((4,4),(0.,1.),.UNSPECIFIED.)
CURVE()
GEOMETRIC_REPRESENTATION_ITEM()
RATIONAL_B_SPLINE_CURVE((1.,1.,1.,1.))
REPRESENTATION_ITEM('')
);
#1142=(
BOUNDED_CURVE()
B_SPLINE_CURVE(3,(#8219,#8220,#8221,#8222),.UNSPECIFIED.,.F.,.F.)
B_SPLINE_CURVE_WITH_KNOTS((4,4),(0.464172730421463,1.),.UNSPECIFIED.)
CURVE()
GEOMETRIC_REPRESENTATION_ITEM()
RATIONAL_B_SPLINE_CURVE((1.,1.,1.,1.))
REPRESENTATION_ITEM('')
);
#1143=(
BOUNDED_CURVE()
B_SPLINE_CURVE(3,(#8230,#8231,#8232,#8233),.UNSPECIFIED.,.F.,.F.)
B_SPLINE_CURVE_WITH_KNOTS((4,4),(0.775247439021954,0.983268808828449),
 .UNSPECIFIED.)
CURVE()
GEOMETRIC_REPRESENTATION_ITEM()
RATIONAL_B_SPLINE_CURVE((1.,1.,1.,1.))
REPRESENTATION_ITEM('')
);
#1144=(
BOUNDED_CURVE()
B_SPLINE_CURVE(3,(#8251,#8252,#8253,#8254),.UNSPECIFIED.,.F.,.F.)
B_SPLINE_CURVE_WITH_KNOTS((4,4),(-0.983268808828449,-0.775247439021956),
 .UNSPECIFIED.)
CURVE()
GEOMETRIC_REPRESENTATION_ITEM()
RATIONAL_B_SPLINE_CURVE((1.,1.,1.,1.))
REPRESENTATION_ITEM('')
);
#1145=(
BOUNDED_CURVE()
B_SPLINE_CURVE(3,(#8267,#8268,#8269,#8270),.UNSPECIFIED.,.F.,.F.)
B_SPLINE_CURVE_WITH_KNOTS((4,4),(0.464172730421463,1.),.UNSPECIFIED.)
CURVE()
GEOMETRIC_REPRESENTATION_ITEM()
RATIONAL_B_SPLINE_CURVE((1.,1.,1.,1.))
REPRESENTATION_ITEM('')
);
#1146=(
BOUNDED_CURVE()
B_SPLINE_CURVE(3,(#8282,#8283,#8284,#8285),.UNSPECIFIED.,.F.,.F.)
B_SPLINE_CURVE_WITH_KNOTS((4,4),(0.,1.),.UNSPECIFIED.)
CURVE()
GEOMETRIC_REPRESENTATION_ITEM()
RATIONAL_B_SPLINE_CURVE((1.,1.,1.,1.))
REPRESENTATION_ITEM('')
);
#1147=(
BOUNDED_CURVE()
B_SPLINE_CURVE(3,(#8301,#8302,#8303,#8304),.UNSPECIFIED.,.F.,.F.)
B_SPLINE_CURVE_WITH_KNOTS((4,4),(0.,0.221420157620079),.UNSPECIFIED.)
CURVE()
GEOMETRIC_REPRESENTATION_ITEM()
RATIONAL_B_SPLINE_CURVE((1.,1.,1.,1.))
REPRESENTATION_ITEM('')
);
#1148=(
BOUNDED_CURVE()
B_SPLINE_CURVE(3,(#8315,#8316,#8317,#8318),.UNSPECIFIED.,.F.,.F.)
B_SPLINE_CURVE_WITH_KNOTS((4,4),(0.,1.),.UNSPECIFIED.)
CURVE()
GEOMETRIC_REPRESENTATION_ITEM()
RATIONAL_B_SPLINE_CURVE((1.,1.,1.,1.))
REPRESENTATION_ITEM('')
);
#1149=(
BOUNDED_CURVE()
B_SPLINE_CURVE(3,(#8329,#8330,#8331,#8332),.UNSPECIFIED.,.F.,.F.)
B_SPLINE_CURVE_WITH_KNOTS((4,4),(0.,0.381003739004386),.UNSPECIFIED.)
CURVE()
GEOMETRIC_REPRESENTATION_ITEM()
RATIONAL_B_SPLINE_CURVE((1.,1.,1.,1.))
REPRESENTATION_ITEM('')
);
#1150=(
BOUNDED_CURVE()
B_SPLINE_CURVE(3,(#8344,#8345,#8346,#8347),.UNSPECIFIED.,.F.,.F.)
B_SPLINE_CURVE_WITH_KNOTS((4,4),(0.791867075243517,1.),.UNSPECIFIED.)
CURVE()
GEOMETRIC_REPRESENTATION_ITEM()
RATIONAL_B_SPLINE_CURVE((1.,1.,1.,1.))
REPRESENTATION_ITEM('')
);
#1151=(
BOUNDED_CURVE()
B_SPLINE_CURVE(3,(#8359,#8360,#8361,#8362),.UNSPECIFIED.,.F.,.F.)
B_SPLINE_CURVE_WITH_KNOTS((4,4),(0.,0.358393243613788),.UNSPECIFIED.)
CURVE()
GEOMETRIC_REPRESENTATION_ITEM()
RATIONAL_B_SPLINE_CURVE((1.,1.,1.,1.))
REPRESENTATION_ITEM('')
);
#1152=(
BOUNDED_CURVE()
B_SPLINE_CURVE(3,(#8374,#8375,#8376,#8377),.UNSPECIFIED.,.F.,.F.)
B_SPLINE_CURVE_WITH_KNOTS((4,4),(-0.621793956050494,-0.174639074476831),
 .UNSPECIFIED.)
CURVE()
GEOMETRIC_REPRESENTATION_ITEM()
RATIONAL_B_SPLINE_CURVE((1.,1.,1.,1.))
REPRESENTATION_ITEM('')
);
#1153=(
BOUNDED_CURVE()
B_SPLINE_CURVE(3,(#8390,#8391,#8392,#8393),.UNSPECIFIED.,.F.,.F.)
B_SPLINE_CURVE_WITH_KNOTS((4,4),(-0.52655570064273,0.),.UNSPECIFIED.)
CURVE()
GEOMETRIC_REPRESENTATION_ITEM()
RATIONAL_B_SPLINE_CURVE((1.,1.,1.,1.))
REPRESENTATION_ITEM('')
);
#1154=(
BOUNDED_CURVE()
B_SPLINE_CURVE(3,(#8405,#8406,#8407,#8408),.UNSPECIFIED.,.F.,.F.)
B_SPLINE_CURVE_WITH_KNOTS((4,4),(-1.,0.),.UNSPECIFIED.)
CURVE()
GEOMETRIC_REPRESENTATION_ITEM()
RATIONAL_B_SPLINE_CURVE((1.,1.,1.,1.))
REPRESENTATION_ITEM('')
);
#1155=(
BOUNDED_CURVE()
B_SPLINE_CURVE(3,(#8419,#8420,#8421,#8422),.UNSPECIFIED.,.F.,.F.)
B_SPLINE_CURVE_WITH_KNOTS((4,4),(-1.,-0.679437463142102),.UNSPECIFIED.)
CURVE()
GEOMETRIC_REPRESENTATION_ITEM()
RATIONAL_B_SPLINE_CURVE((1.,1.,1.,1.))
REPRESENTATION_ITEM('')
);
#1156=(
BOUNDED_CURVE()
B_SPLINE_CURVE(3,(#8502,#8503,#8504,#8505),.UNSPECIFIED.,.F.,.F.)
B_SPLINE_CURVE_WITH_KNOTS((4,4),(0.746102448797584,1.),.UNSPECIFIED.)
CURVE()
GEOMETRIC_REPRESENTATION_ITEM()
RATIONAL_B_SPLINE_CURVE((1.,1.,1.,1.))
REPRESENTATION_ITEM('')
);
#1157=(
BOUNDED_CURVE()
B_SPLINE_CURVE(3,(#8508,#8509,#8510,#8511),.UNSPECIFIED.,.F.,.F.)
B_SPLINE_CURVE_WITH_KNOTS((4,4),(0.746102448797584,1.),.UNSPECIFIED.)
CURVE()
GEOMETRIC_REPRESENTATION_ITEM()
RATIONAL_B_SPLINE_CURVE((1.,1.,1.,1.))
REPRESENTATION_ITEM('')
);
#1158=(
BOUNDED_CURVE()
B_SPLINE_CURVE(3,(#8524,#8525,#8526,#8527),.UNSPECIFIED.,.F.,.F.)
B_SPLINE_CURVE_WITH_KNOTS((4,4),(0.131959357906625,1.),.UNSPECIFIED.)
CURVE()
GEOMETRIC_REPRESENTATION_ITEM()
RATIONAL_B_SPLINE_CURVE((1.,1.,1.,1.))
REPRESENTATION_ITEM('')
);
#1159=(
BOUNDED_CURVE()
B_SPLINE_CURVE(3,(#8529,#8530,#8531,#8532),.UNSPECIFIED.,.F.,.F.)
B_SPLINE_CURVE_WITH_KNOTS((4,4),(0.,1.),.UNSPECIFIED.)
CURVE()
GEOMETRIC_REPRESENTATION_ITEM()
RATIONAL_B_SPLINE_CURVE((1.,1.,1.,1.))
REPRESENTATION_ITEM('')
);
#1160=(
BOUNDED_CURVE()
B_SPLINE_CURVE(3,(#8534,#8535,#8536,#8537),.UNSPECIFIED.,.F.,.F.)
B_SPLINE_CURVE_WITH_KNOTS((4,4),(0.,1.),.UNSPECIFIED.)
CURVE()
GEOMETRIC_REPRESENTATION_ITEM()
RATIONAL_B_SPLINE_CURVE((1.,1.,1.,1.))
REPRESENTATION_ITEM('')
);
#1161=(
BOUNDED_CURVE()
B_SPLINE_CURVE(3,(#8539,#8540,#8541,#8542),.UNSPECIFIED.,.F.,.F.)
B_SPLINE_CURVE_WITH_KNOTS((4,4),(0.,1.),.UNSPECIFIED.)
CURVE()
GEOMETRIC_REPRESENTATION_ITEM()
RATIONAL_B_SPLINE_CURVE((1.,1.,1.,1.))
REPRESENTATION_ITEM('')
);
#1162=(
BOUNDED_CURVE()
B_SPLINE_CURVE(3,(#8544,#8545,#8546,#8547),.UNSPECIFIED.,.F.,.F.)
B_SPLINE_CURVE_WITH_KNOTS((4,4),(0.,1.),.UNSPECIFIED.)
CURVE()
GEOMETRIC_REPRESENTATION_ITEM()
RATIONAL_B_SPLINE_CURVE((1.,1.,1.,1.))
REPRESENTATION_ITEM('')
);
#1163=(
BOUNDED_CURVE()
B_SPLINE_CURVE(3,(#8549,#8550,#8551,#8552),.UNSPECIFIED.,.F.,.F.)
B_SPLINE_CURVE_WITH_KNOTS((4,4),(0.,0.925151438157412),.UNSPECIFIED.)
CURVE()
GEOMETRIC_REPRESENTATION_ITEM()
RATIONAL_B_SPLINE_CURVE((1.,1.,1.,1.))
REPRESENTATION_ITEM('')
);
#1164=(
BOUNDED_CURVE()
B_SPLINE_CURVE(3,(#8558,#8559,#8560,#8561),.UNSPECIFIED.,.F.,.F.)
B_SPLINE_CURVE_WITH_KNOTS((4,4),(0.228463044939428,0.829554022338679),
 .UNSPECIFIED.)
CURVE()
GEOMETRIC_REPRESENTATION_ITEM()
RATIONAL_B_SPLINE_CURVE((1.,1.,1.,1.))
REPRESENTATION_ITEM('')
);
#1165=(
BOUNDED_CURVE()
B_SPLINE_CURVE(3,(#8567,#8568,#8569,#8570),.UNSPECIFIED.,.F.,.F.)
B_SPLINE_CURVE_WITH_KNOTS((4,4),(0.737779599567847,0.906585289769619),
 .UNSPECIFIED.)
CURVE()
GEOMETRIC_REPRESENTATION_ITEM()
RATIONAL_B_SPLINE_CURVE((1.,1.,1.,1.))
REPRESENTATION_ITEM('')
);
#1166=(
BOUNDED_CURVE()
B_SPLINE_CURVE(3,(#8575,#8576,#8577,#8578),.UNSPECIFIED.,.F.,.F.)
B_SPLINE_CURVE_WITH_KNOTS((4,4),(0.,0.204585465881401),.UNSPECIFIED.)
CURVE()
GEOMETRIC_REPRESENTATION_ITEM()
RATIONAL_B_SPLINE_CURVE((1.,1.,1.,1.))
REPRESENTATION_ITEM('')
);
#1167=(
BOUNDED_CURVE()
B_SPLINE_CURVE(3,(#8584,#8585,#8586,#8587),.UNSPECIFIED.,.F.,.F.)
B_SPLINE_CURVE_WITH_KNOTS((4,4),(0.186174496629104,0.260565204468485),
 .UNSPECIFIED.)
CURVE()
GEOMETRIC_REPRESENTATION_ITEM()
RATIONAL_B_SPLINE_CURVE((1.,1.,1.,1.))
REPRESENTATION_ITEM('')
);
#1168=(
BOUNDED_CURVE()
B_SPLINE_CURVE(3,(#8605,#8606,#8607,#8608),.UNSPECIFIED.,.F.,.F.)
B_SPLINE_CURVE_WITH_KNOTS((4,4),(0.186174496629081,0.260565204468486),
 .UNSPECIFIED.)
CURVE()
GEOMETRIC_REPRESENTATION_ITEM()
RATIONAL_B_SPLINE_CURVE((1.,1.,1.,1.))
REPRESENTATION_ITEM('')
);
#1169=(
BOUNDED_CURVE()
B_SPLINE_CURVE(3,(#8625,#8626,#8627,#8628),.UNSPECIFIED.,.F.,.F.)
B_SPLINE_CURVE_WITH_KNOTS((4,4),(0.,0.204585465881401),.UNSPECIFIED.)
CURVE()
GEOMETRIC_REPRESENTATION_ITEM()
RATIONAL_B_SPLINE_CURVE((1.,1.,1.,1.))
REPRESENTATION_ITEM('')
);
#1170=(
BOUNDED_CURVE()
B_SPLINE_CURVE(3,(#8640,#8641,#8642,#8643),.UNSPECIFIED.,.F.,.F.)
B_SPLINE_CURVE_WITH_KNOTS((4,4),(0.737779599567847,0.906585289769619),
 .UNSPECIFIED.)
CURVE()
GEOMETRIC_REPRESENTATION_ITEM()
RATIONAL_B_SPLINE_CURVE((1.,1.,1.,1.))
REPRESENTATION_ITEM('')
);
#1171=(
BOUNDED_CURVE()
B_SPLINE_CURVE(3,(#8656,#8657,#8658,#8659),.UNSPECIFIED.,.F.,.F.)
B_SPLINE_CURVE_WITH_KNOTS((4,4),(0.228463044939429,0.829554022338678),
 .UNSPECIFIED.)
CURVE()
GEOMETRIC_REPRESENTATION_ITEM()
RATIONAL_B_SPLINE_CURVE((1.,1.,1.,1.))
REPRESENTATION_ITEM('')
);
#1172=(
BOUNDED_CURVE()
B_SPLINE_CURVE(3,(#8672,#8673,#8674,#8675),.UNSPECIFIED.,.F.,.F.)
B_SPLINE_CURVE_WITH_KNOTS((4,4),(-0.925151438157411,0.),.UNSPECIFIED.)
CURVE()
GEOMETRIC_REPRESENTATION_ITEM()
RATIONAL_B_SPLINE_CURVE((1.,1.,1.,1.))
REPRESENTATION_ITEM('')
);
#1173=(
BOUNDED_CURVE()
B_SPLINE_CURVE(3,(#8687,#8688,#8689,#8690),.UNSPECIFIED.,.F.,.F.)
B_SPLINE_CURVE_WITH_KNOTS((4,4),(-1.,0.),.UNSPECIFIED.)
CURVE()
GEOMETRIC_REPRESENTATION_ITEM()
RATIONAL_B_SPLINE_CURVE((1.,1.,1.,1.))
REPRESENTATION_ITEM('')
);
#1174=(
BOUNDED_CURVE()
B_SPLINE_CURVE(3,(#8701,#8702,#8703,#8704),.UNSPECIFIED.,.F.,.F.)
B_SPLINE_CURVE_WITH_KNOTS((4,4),(-1.,0.),.UNSPECIFIED.)
CURVE()
GEOMETRIC_REPRESENTATION_ITEM()
RATIONAL_B_SPLINE_CURVE((1.,1.,1.,1.))
REPRESENTATION_ITEM('')
);
#1175=(
BOUNDED_CURVE()
B_SPLINE_CURVE(3,(#8715,#8716,#8717,#8718),.UNSPECIFIED.,.F.,.F.)
B_SPLINE_CURVE_WITH_KNOTS((4,4),(-1.,0.),.UNSPECIFIED.)
CURVE()
GEOMETRIC_REPRESENTATION_ITEM()
RATIONAL_B_SPLINE_CURVE((1.,1.,1.,1.))
REPRESENTATION_ITEM('')
);
#1176=(
BOUNDED_CURVE()
B_SPLINE_CURVE(3,(#8729,#8730,#8731,#8732),.UNSPECIFIED.,.F.,.F.)
B_SPLINE_CURVE_WITH_KNOTS((4,4),(-1.,0.),.UNSPECIFIED.)
CURVE()
GEOMETRIC_REPRESENTATION_ITEM()
RATIONAL_B_SPLINE_CURVE((1.,1.,1.,1.))
REPRESENTATION_ITEM('')
);
#1177=(
BOUNDED_CURVE()
B_SPLINE_CURVE(3,(#8743,#8744,#8745,#8746),.UNSPECIFIED.,.F.,.F.)
B_SPLINE_CURVE_WITH_KNOTS((4,4),(-1.,-0.131959357906625),.UNSPECIFIED.)
CURVE()
GEOMETRIC_REPRESENTATION_ITEM()
RATIONAL_B_SPLINE_CURVE((1.,1.,1.,1.))
REPRESENTATION_ITEM('')
);
#1178=(
BOUNDED_CURVE()
B_SPLINE_CURVE(3,(#8817,#8818,#8819,#8820),.UNSPECIFIED.,.F.,.F.)
B_SPLINE_CURVE_WITH_KNOTS((4,4),(0.206150601838535,0.590483798729312),
 .UNSPECIFIED.)
CURVE()
GEOMETRIC_REPRESENTATION_ITEM()
RATIONAL_B_SPLINE_CURVE((1.,1.,1.,1.))
REPRESENTATION_ITEM('')
);
#1179=(
BOUNDED_CURVE()
B_SPLINE_CURVE(3,(#8823,#8824,#8825,#8826),.UNSPECIFIED.,.F.,.F.)
B_SPLINE_CURVE_WITH_KNOTS((4,4),(-0.590483798729312,-0.206150601838535),
 .UNSPECIFIED.)
CURVE()
GEOMETRIC_REPRESENTATION_ITEM()
RATIONAL_B_SPLINE_CURVE((1.,1.,1.,1.))
REPRESENTATION_ITEM('')
);
#1180=(
BOUNDED_CURVE()
B_SPLINE_CURVE(3,(#8832,#8833,#8834,#8835),.UNSPECIFIED.,.F.,.F.)
B_SPLINE_CURVE_WITH_KNOTS((4,4),(-0.340317560063504,0.),.UNSPECIFIED.)
CURVE()
GEOMETRIC_REPRESENTATION_ITEM()
RATIONAL_B_SPLINE_CURVE((1.,1.,1.,1.))
REPRESENTATION_ITEM('')
);
#1181=(
BOUNDED_CURVE()
B_SPLINE_CURVE(3,(#8837,#8838,#8839,#8840),.UNSPECIFIED.,.F.,.F.)
B_SPLINE_CURVE_WITH_KNOTS((4,4),(-1.,-0.436082646407894),.UNSPECIFIED.)
CURVE()
GEOMETRIC_REPRESENTATION_ITEM()
RATIONAL_B_SPLINE_CURVE((1.,1.,1.,1.))
REPRESENTATION_ITEM('')
);
#1182=(
BOUNDED_CURVE()
B_SPLINE_CURVE(3,(#8850,#8851,#8852,#8853),.UNSPECIFIED.,.F.,.F.)
B_SPLINE_CURVE_WITH_KNOTS((4,4),(0.421632662208281,0.615237174997405),
 .UNSPECIFIED.)
CURVE()
GEOMETRIC_REPRESENTATION_ITEM()
RATIONAL_B_SPLINE_CURVE((1.,1.,1.,1.))
REPRESENTATION_ITEM('')
);
#1183=(
BOUNDED_CURVE()
B_SPLINE_CURVE(3,(#8872,#8873,#8874,#8875),.UNSPECIFIED.,.F.,.F.)
B_SPLINE_CURVE_WITH_KNOTS((4,4),(0.436082646407895,1.),.UNSPECIFIED.)
CURVE()
GEOMETRIC_REPRESENTATION_ITEM()
RATIONAL_B_SPLINE_CURVE((1.,1.,1.,1.))
REPRESENTATION_ITEM('')
);
#1184=(
BOUNDED_CURVE()
B_SPLINE_CURVE(3,(#8891,#8892,#8893,#8894),.UNSPECIFIED.,.F.,.F.)
B_SPLINE_CURVE_WITH_KNOTS((4,4),(0.,0.340317560063503),.UNSPECIFIED.)
CURVE()
GEOMETRIC_REPRESENTATION_ITEM()
RATIONAL_B_SPLINE_CURVE((1.,1.,1.,1.))
REPRESENTATION_ITEM('')
);
#1185=(
BOUNDED_CURVE()
B_SPLINE_CURVE(3,(#8905,#8906,#8907,#8908),.UNSPECIFIED.,.F.,.F.)
B_SPLINE_CURVE_WITH_KNOTS((4,4),(0.,0.591548699041244),.UNSPECIFIED.)
CURVE()
GEOMETRIC_REPRESENTATION_ITEM()
RATIONAL_B_SPLINE_CURVE((1.,1.,1.,1.))
REPRESENTATION_ITEM('')
);
#1186=(
BOUNDED_CURVE()
B_SPLINE_CURVE(3,(#8912,#8913,#8914,#8915),.UNSPECIFIED.,.F.,.F.)
B_SPLINE_CURVE_WITH_KNOTS((4,4),(-0.591548699041244,0.),.UNSPECIFIED.)
CURVE()
GEOMETRIC_REPRESENTATION_ITEM()
RATIONAL_B_SPLINE_CURVE((1.,1.,1.,1.))
REPRESENTATION_ITEM('')
);
#1187=(
BOUNDED_CURVE()
B_SPLINE_CURVE(3,(#8926,#8927,#8928,#8929),.UNSPECIFIED.,.F.,.F.)
B_SPLINE_CURVE_WITH_KNOTS((4,4),(0.677920488398658,1.),.UNSPECIFIED.)
CURVE()
GEOMETRIC_REPRESENTATION_ITEM()
RATIONAL_B_SPLINE_CURVE((1.,1.,1.,1.))
REPRESENTATION_ITEM('')
);
#1188=(
BOUNDED_CURVE()
B_SPLINE_CURVE(3,(#8932,#8933,#8934,#8935),.UNSPECIFIED.,.F.,.F.)
B_SPLINE_CURVE_WITH_KNOTS((4,4),(-1.,-0.677920488398658),.UNSPECIFIED.)
CURVE()
GEOMETRIC_REPRESENTATION_ITEM()
RATIONAL_B_SPLINE_CURVE((1.,1.,1.,1.))
REPRESENTATION_ITEM('')
);
#1189=(
BOUNDED_CURVE()
B_SPLINE_CURVE(3,(#8946,#8947,#8948,#8949),.UNSPECIFIED.,.F.,.F.)
B_SPLINE_CURVE_WITH_KNOTS((4,4),(0.,0.553618477541616),.UNSPECIFIED.)
CURVE()
GEOMETRIC_REPRESENTATION_ITEM()
RATIONAL_B_SPLINE_CURVE((1.,1.,1.,1.))
REPRESENTATION_ITEM('')
);
#1190=(
BOUNDED_CURVE()
B_SPLINE_CURVE(3,(#8953,#8954,#8955,#8956),.UNSPECIFIED.,.F.,.F.)
B_SPLINE_CURVE_WITH_KNOTS((4,4),(-0.553618477541616,0.),.UNSPECIFIED.)
CURVE()
GEOMETRIC_REPRESENTATION_ITEM()
RATIONAL_B_SPLINE_CURVE((1.,1.,1.,1.))
REPRESENTATION_ITEM('')
);
#1191=(
BOUNDED_CURVE()
B_SPLINE_CURVE(3,(#8967,#8968,#8969,#8970),.UNSPECIFIED.,.F.,.F.)
B_SPLINE_CURVE_WITH_KNOTS((4,4),(0.692715401105509,1.),.UNSPECIFIED.)
CURVE()
GEOMETRIC_REPRESENTATION_ITEM()
RATIONAL_B_SPLINE_CURVE((1.,1.,1.,1.))
REPRESENTATION_ITEM('')
);
#1192=(
BOUNDED_CURVE()
B_SPLINE_CURVE(3,(#8973,#8974,#8975,#8976),.UNSPECIFIED.,.F.,.F.)
B_SPLINE_CURVE_WITH_KNOTS((4,4),(-1.,-0.692715401105509),.UNSPECIFIED.)
CURVE()
GEOMETRIC_REPRESENTATION_ITEM()
RATIONAL_B_SPLINE_CURVE((1.,1.,1.,1.))
REPRESENTATION_ITEM('')
);
#1193=(
BOUNDED_CURVE()
B_SPLINE_CURVE(3,(#8987,#8988,#8989,#8990),.UNSPECIFIED.,.F.,.F.)
B_SPLINE_CURVE_WITH_KNOTS((4,4),(0.,0.460842938087227),.UNSPECIFIED.)
CURVE()
GEOMETRIC_REPRESENTATION_ITEM()
RATIONAL_B_SPLINE_CURVE((1.,1.,1.,1.))
REPRESENTATION_ITEM('')
);
#1194=(
BOUNDED_CURVE()
B_SPLINE_CURVE(3,(#8994,#8995,#8996,#8997),.UNSPECIFIED.,.F.,.F.)
B_SPLINE_CURVE_WITH_KNOTS((4,4),(-0.460842938087227,0.),.UNSPECIFIED.)
CURVE()
GEOMETRIC_REPRESENTATION_ITEM()
RATIONAL_B_SPLINE_CURVE((1.,1.,1.,1.))
REPRESENTATION_ITEM('')
);
#1195=(
BOUNDED_CURVE()
B_SPLINE_CURVE(3,(#9008,#9009,#9010,#9011),.UNSPECIFIED.,.F.,.F.)
B_SPLINE_CURVE_WITH_KNOTS((4,4),(0.,1.),.UNSPECIFIED.)
CURVE()
GEOMETRIC_REPRESENTATION_ITEM()
RATIONAL_B_SPLINE_CURVE((1.,1.,1.,1.))
REPRESENTATION_ITEM('')
);
#1196=(
BOUNDED_CURVE()
B_SPLINE_CURVE(3,(#9014,#9015,#9016,#9017),.UNSPECIFIED.,.F.,.F.)
B_SPLINE_CURVE_WITH_KNOTS((4,4),(-1.,0.),.UNSPECIFIED.)
CURVE()
GEOMETRIC_REPRESENTATION_ITEM()
RATIONAL_B_SPLINE_CURVE((1.,1.,1.,1.))
REPRESENTATION_ITEM('')
);
#1197=(
BOUNDED_CURVE()
B_SPLINE_CURVE(3,(#9034,#9035,#9036,#9037),.UNSPECIFIED.,.F.,.F.)
B_SPLINE_CURVE_WITH_KNOTS((4,4),(-1.,-0.405479207720483),.UNSPECIFIED.)
CURVE()
GEOMETRIC_REPRESENTATION_ITEM()
RATIONAL_B_SPLINE_CURVE((1.,1.,1.,1.))
REPRESENTATION_ITEM('')
);
#1198=(
BOUNDED_CURVE()
B_SPLINE_CURVE(3,(#9038,#9039,#9040,#9041),.UNSPECIFIED.,.F.,.F.)
B_SPLINE_CURVE_WITH_KNOTS((4,4),(0.405479207722201,1.),.UNSPECIFIED.)
CURVE()
GEOMETRIC_REPRESENTATION_ITEM()
RATIONAL_B_SPLINE_CURVE((1.,1.,1.,1.))
REPRESENTATION_ITEM('')
);
#1199=(
BOUNDED_CURVE()
B_SPLINE_CURVE(3,(#9058,#9059,#9060,#9061),.UNSPECIFIED.,.F.,.F.)
B_SPLINE_CURVE_WITH_KNOTS((4,4),(-0.615237174992548,-0.421632662208262),
 .UNSPECIFIED.)
CURVE()
GEOMETRIC_REPRESENTATION_ITEM()
RATIONAL_B_SPLINE_CURVE((1.,1.,1.,1.))
REPRESENTATION_ITEM('')
);
#1200=(
BOUNDED_CURVE()
B_SPLINE_CURVE(3,(#9154,#9155,#9156,#9157),.UNSPECIFIED.,.F.,.F.)
B_SPLINE_CURVE_WITH_KNOTS((4,4),(0.,0.402474975592183),.UNSPECIFIED.)
CURVE()
GEOMETRIC_REPRESENTATION_ITEM()
RATIONAL_B_SPLINE_CURVE((1.,1.,1.,1.))
REPRESENTATION_ITEM('')
);
#1201=(
BOUNDED_CURVE()
B_SPLINE_CURVE(3,(#9160,#9161,#9162,#9163),.UNSPECIFIED.,.F.,.F.)
B_SPLINE_CURVE_WITH_KNOTS((4,4),(-0.402474975589569,0.),.UNSPECIFIED.)
CURVE()
GEOMETRIC_REPRESENTATION_ITEM()
RATIONAL_B_SPLINE_CURVE((1.,1.,1.,1.))
REPRESENTATION_ITEM('')
);
#1202=(
BOUNDED_CURVE()
B_SPLINE_CURVE(3,(#9181,#9182,#9183,#9184),.UNSPECIFIED.,.F.,.F.)
B_SPLINE_CURVE_WITH_KNOTS((4,4),(0.,0.417215078328424),.UNSPECIFIED.)
CURVE()
GEOMETRIC_REPRESENTATION_ITEM()
RATIONAL_B_SPLINE_CURVE((1.,1.,1.,1.))
REPRESENTATION_ITEM('')
);
#1203=(
BOUNDED_CURVE()
B_SPLINE_CURVE(3,(#9187,#9188,#9189,#9190),.UNSPECIFIED.,.F.,.F.)
B_SPLINE_CURVE_WITH_KNOTS((4,4),(-0.417215078328395,0.),.UNSPECIFIED.)
CURVE()
GEOMETRIC_REPRESENTATION_ITEM()
RATIONAL_B_SPLINE_CURVE((1.,1.,1.,1.))
REPRESENTATION_ITEM('')
);
#1204=(
BOUNDED_CURVE()
B_SPLINE_CURVE(3,(#9208,#9209,#9210,#9211),.UNSPECIFIED.,.F.,.F.)
B_SPLINE_CURVE_WITH_KNOTS((4,4),(-1.,-0.34609361002115),.UNSPECIFIED.)
CURVE()
GEOMETRIC_REPRESENTATION_ITEM()
RATIONAL_B_SPLINE_CURVE((1.,1.,1.,1.))
REPRESENTATION_ITEM('')
);
#1205=(
BOUNDED_CURVE()
B_SPLINE_CURVE(3,(#9214,#9215,#9216,#9217),.UNSPECIFIED.,.F.,.F.)
B_SPLINE_CURVE_WITH_KNOTS((4,4),(0.34609361002115,1.),.UNSPECIFIED.)
CURVE()
GEOMETRIC_REPRESENTATION_ITEM()
RATIONAL_B_SPLINE_CURVE((1.,1.,1.,1.))
REPRESENTATION_ITEM('')
);
#1206=(
BOUNDED_CURVE()
B_SPLINE_CURVE(3,(#9235,#9236,#9237,#9238),.UNSPECIFIED.,.F.,.F.)
B_SPLINE_CURVE_WITH_KNOTS((4,4),(0.265584279601602,0.741586293596641),
 .UNSPECIFIED.)
CURVE()
GEOMETRIC_REPRESENTATION_ITEM()
RATIONAL_B_SPLINE_CURVE((1.,1.,1.,1.))
REPRESENTATION_ITEM('')
);
#1207=(
BOUNDED_CURVE()
B_SPLINE_CURVE(3,(#9246,#9247,#9248,#9249),.UNSPECIFIED.,.F.,.F.)
B_SPLINE_CURVE_WITH_KNOTS((4,4),(0.265584279601679,0.741586293596641),
 .UNSPECIFIED.)
CURVE()
GEOMETRIC_REPRESENTATION_ITEM()
RATIONAL_B_SPLINE_CURVE((1.,1.,1.,1.))
REPRESENTATION_ITEM('')
);
#1208=(
BOUNDED_CURVE()
B_SPLINE_CURVE(3,(#9267,#9268,#9269,#9270),.UNSPECIFIED.,.F.,.F.)
B_SPLINE_CURVE_WITH_KNOTS((4,4),(0.,0.259276480834041),.UNSPECIFIED.)
CURVE()
GEOMETRIC_REPRESENTATION_ITEM()
RATIONAL_B_SPLINE_CURVE((1.,1.,1.,1.))
REPRESENTATION_ITEM('')
);
#1209=(
BOUNDED_CURVE()
B_SPLINE_CURVE(3,(#9273,#9274,#9275,#9276),.UNSPECIFIED.,.F.,.F.)
B_SPLINE_CURVE_WITH_KNOTS((4,4),(0.,0.259276480834041),.UNSPECIFIED.)
CURVE()
GEOMETRIC_REPRESENTATION_ITEM()
RATIONAL_B_SPLINE_CURVE((1.,1.,1.,1.))
REPRESENTATION_ITEM('')
);
#1210=(
BOUNDED_CURVE()
B_SPLINE_CURVE(3,(#9294,#9295,#9296,#9297),.UNSPECIFIED.,.F.,.F.)
B_SPLINE_CURVE_WITH_KNOTS((4,4),(0.226235484151641,0.739605511582023),
 .UNSPECIFIED.)
CURVE()
GEOMETRIC_REPRESENTATION_ITEM()
RATIONAL_B_SPLINE_CURVE((1.,1.,1.,1.))
REPRESENTATION_ITEM('')
);
#1211=(
BOUNDED_CURVE()
B_SPLINE_CURVE(3,(#9305,#9306,#9307,#9308),.UNSPECIFIED.,.F.,.F.)
B_SPLINE_CURVE_WITH_KNOTS((4,4),(0.226235484151645,0.739605511588128),
 .UNSPECIFIED.)
CURVE()
GEOMETRIC_REPRESENTATION_ITEM()
RATIONAL_B_SPLINE_CURVE((1.,1.,1.,1.))
REPRESENTATION_ITEM('')
);
#1212=(
BOUNDED_CURVE()
B_SPLINE_CURVE(3,(#9325,#9326,#9327,#9328),.UNSPECIFIED.,.F.,.F.)
B_SPLINE_CURVE_WITH_KNOTS((4,4),(0.787640299099377,1.),.UNSPECIFIED.)
CURVE()
GEOMETRIC_REPRESENTATION_ITEM()
RATIONAL_B_SPLINE_CURVE((1.,1.,1.,1.))
REPRESENTATION_ITEM('')
);
#1213=(
BOUNDED_CURVE()
B_SPLINE_CURVE(3,(#9329,#9330,#9331,#9332),.UNSPECIFIED.,.F.,.F.)
B_SPLINE_CURVE_WITH_KNOTS((4,4),(0.787640299096284,1.),.UNSPECIFIED.)
CURVE()
GEOMETRIC_REPRESENTATION_ITEM()
RATIONAL_B_SPLINE_CURVE((1.,1.,1.,1.))
REPRESENTATION_ITEM('')
);
#1214=(
BOUNDED_CURVE()
B_SPLINE_CURVE(3,(#9350,#9351,#9352,#9353),.UNSPECIFIED.,.F.,.F.)
B_SPLINE_CURVE_WITH_KNOTS((4,4),(0.,0.763759717357576),.UNSPECIFIED.)
CURVE()
GEOMETRIC_REPRESENTATION_ITEM()
RATIONAL_B_SPLINE_CURVE((1.,1.,1.,1.))
REPRESENTATION_ITEM('')
);
#1215=(
BOUNDED_CURVE()
B_SPLINE_CURVE(3,(#9356,#9357,#9358,#9359),.UNSPECIFIED.,.F.,.F.)
B_SPLINE_CURVE_WITH_KNOTS((4,4),(-0.763759717357579,0.),.UNSPECIFIED.)
CURVE()
GEOMETRIC_REPRESENTATION_ITEM()
RATIONAL_B_SPLINE_CURVE((1.,1.,1.,1.))
REPRESENTATION_ITEM('')
);
#1216=(
BOUNDED_CURVE()
B_SPLINE_CURVE(3,(#9366,#9367,#9368,#9369),.UNSPECIFIED.,.F.,.F.)
B_SPLINE_CURVE_WITH_KNOTS((4,4),(0.859318085209594,1.),.UNSPECIFIED.)
CURVE()
GEOMETRIC_REPRESENTATION_ITEM()
RATIONAL_B_SPLINE_CURVE((1.,1.,1.,1.))
REPRESENTATION_ITEM('')
);
#1217=(
BOUNDED_CURVE()
B_SPLINE_CURVE(3,(#9371,#9372,#9373,#9374),.UNSPECIFIED.,.F.,.F.)
B_SPLINE_CURVE_WITH_KNOTS((4,4),(0.,1.),.UNSPECIFIED.)
CURVE()
GEOMETRIC_REPRESENTATION_ITEM()
RATIONAL_B_SPLINE_CURVE((1.,1.,1.,1.))
REPRESENTATION_ITEM('')
);
#1218=(
BOUNDED_CURVE()
B_SPLINE_CURVE(3,(#9376,#9377,#9378,#9379),.UNSPECIFIED.,.F.,.F.)
B_SPLINE_CURVE_WITH_KNOTS((4,4),(0.,1.),.UNSPECIFIED.)
CURVE()
GEOMETRIC_REPRESENTATION_ITEM()
RATIONAL_B_SPLINE_CURVE((1.,1.,1.,1.))
REPRESENTATION_ITEM('')
);
#1219=(
BOUNDED_CURVE()
B_SPLINE_CURVE(3,(#9381,#9382,#9383,#9384),.UNSPECIFIED.,.F.,.F.)
B_SPLINE_CURVE_WITH_KNOTS((4,4),(0.,0.85293804064242),.UNSPECIFIED.)
CURVE()
GEOMETRIC_REPRESENTATION_ITEM()
RATIONAL_B_SPLINE_CURVE((1.,1.,1.,1.))
REPRESENTATION_ITEM('')
);
#1220=(
BOUNDED_CURVE()
B_SPLINE_CURVE(3,(#9394,#9395,#9396,#9397),.UNSPECIFIED.,.F.,.F.)
B_SPLINE_CURVE_WITH_KNOTS((4,4),(0.38201868708504,1.),.UNSPECIFIED.)
CURVE()
GEOMETRIC_REPRESENTATION_ITEM()
RATIONAL_B_SPLINE_CURVE((1.,1.,1.,1.))
REPRESENTATION_ITEM('')
);
#1221=(
BOUNDED_CURVE()
B_SPLINE_CURVE(3,(#9399,#9400,#9401,#9402),.UNSPECIFIED.,.F.,.F.)
B_SPLINE_CURVE_WITH_KNOTS((4,4),(0.,1.),.UNSPECIFIED.)
CURVE()
GEOMETRIC_REPRESENTATION_ITEM()
RATIONAL_B_SPLINE_CURVE((1.,1.,1.,1.))
REPRESENTATION_ITEM('')
);
#1222=(
BOUNDED_CURVE()
B_SPLINE_CURVE(3,(#9404,#9405,#9406,#9407),.UNSPECIFIED.,.F.,.F.)
B_SPLINE_CURVE_WITH_KNOTS((4,4),(0.,0.994351407134282),.UNSPECIFIED.)
CURVE()
GEOMETRIC_REPRESENTATION_ITEM()
RATIONAL_B_SPLINE_CURVE((1.,1.,1.,1.))
REPRESENTATION_ITEM('')
);
#1223=(
BOUNDED_CURVE()
B_SPLINE_CURVE(3,(#9411,#9412,#9413,#9414),.UNSPECIFIED.,.F.,.F.)
B_SPLINE_CURVE_WITH_KNOTS((4,4),(0.,0.699155636816914),.UNSPECIFIED.)
CURVE()
GEOMETRIC_REPRESENTATION_ITEM()
RATIONAL_B_SPLINE_CURVE((1.,1.,1.,1.))
REPRESENTATION_ITEM('')
);
#1224=(
BOUNDED_CURVE()
B_SPLINE_CURVE(3,(#9416,#9417,#9418,#9419),.UNSPECIFIED.,.F.,.F.)
B_SPLINE_CURVE_WITH_KNOTS((4,4),(0.,1.),.UNSPECIFIED.)
CURVE()
GEOMETRIC_REPRESENTATION_ITEM()
RATIONAL_B_SPLINE_CURVE((1.,1.,1.,1.))
REPRESENTATION_ITEM('')
);
#1225=(
BOUNDED_CURVE()
B_SPLINE_CURVE(3,(#9421,#9422,#9423,#9424),.UNSPECIFIED.,.F.,.F.)
B_SPLINE_CURVE_WITH_KNOTS((4,4),(0.,1.),.UNSPECIFIED.)
CURVE()
GEOMETRIC_REPRESENTATION_ITEM()
RATIONAL_B_SPLINE_CURVE((1.,1.,1.,1.))
REPRESENTATION_ITEM('')
);
#1226=(
BOUNDED_CURVE()
B_SPLINE_CURVE(3,(#9426,#9427,#9428,#9429),.UNSPECIFIED.,.F.,.F.)
B_SPLINE_CURVE_WITH_KNOTS((4,4),(0.,1.),.UNSPECIFIED.)
CURVE()
GEOMETRIC_REPRESENTATION_ITEM()
RATIONAL_B_SPLINE_CURVE((1.,1.,1.,1.))
REPRESENTATION_ITEM('')
);
#1227=(
BOUNDED_CURVE()
B_SPLINE_CURVE(3,(#9431,#9432,#9433,#9434),.UNSPECIFIED.,.F.,.F.)
B_SPLINE_CURVE_WITH_KNOTS((4,4),(0.,1.),.UNSPECIFIED.)
CURVE()
GEOMETRIC_REPRESENTATION_ITEM()
RATIONAL_B_SPLINE_CURVE((1.,1.,1.,1.))
REPRESENTATION_ITEM('')
);
#1228=(
BOUNDED_CURVE()
B_SPLINE_CURVE(3,(#9436,#9437,#9438,#9439),.UNSPECIFIED.,.F.,.F.)
B_SPLINE_CURVE_WITH_KNOTS((4,4),(0.,1.),.UNSPECIFIED.)
CURVE()
GEOMETRIC_REPRESENTATION_ITEM()
RATIONAL_B_SPLINE_CURVE((1.,1.,1.,1.))
REPRESENTATION_ITEM('')
);
#1229=(
BOUNDED_CURVE()
B_SPLINE_CURVE(3,(#9441,#9442,#9443,#9444),.UNSPECIFIED.,.F.,.F.)
B_SPLINE_CURVE_WITH_KNOTS((4,4),(0.,1.),.UNSPECIFIED.)
CURVE()
GEOMETRIC_REPRESENTATION_ITEM()
RATIONAL_B_SPLINE_CURVE((1.,1.,1.,1.))
REPRESENTATION_ITEM('')
);
#1230=(
BOUNDED_CURVE()
B_SPLINE_CURVE(3,(#9446,#9447,#9448,#9449),.UNSPECIFIED.,.F.,.F.)
B_SPLINE_CURVE_WITH_KNOTS((4,4),(0.,1.),.UNSPECIFIED.)
CURVE()
GEOMETRIC_REPRESENTATION_ITEM()
RATIONAL_B_SPLINE_CURVE((1.,1.,1.,1.))
REPRESENTATION_ITEM('')
);
#1231=(
BOUNDED_CURVE()
B_SPLINE_CURVE(3,(#9451,#9452,#9453,#9454),.UNSPECIFIED.,.F.,.F.)
B_SPLINE_CURVE_WITH_KNOTS((4,4),(0.,1.),.UNSPECIFIED.)
CURVE()
GEOMETRIC_REPRESENTATION_ITEM()
RATIONAL_B_SPLINE_CURVE((1.,1.,1.,1.))
REPRESENTATION_ITEM('')
);
#1232=(
BOUNDED_CURVE()
B_SPLINE_CURVE(3,(#9456,#9457,#9458,#9459),.UNSPECIFIED.,.F.,.F.)
B_SPLINE_CURVE_WITH_KNOTS((4,4),(0.,1.),.UNSPECIFIED.)
CURVE()
GEOMETRIC_REPRESENTATION_ITEM()
RATIONAL_B_SPLINE_CURVE((1.,1.,1.,1.))
REPRESENTATION_ITEM('')
);
#1233=(
BOUNDED_CURVE()
B_SPLINE_CURVE(3,(#9461,#9462,#9463,#9464),.UNSPECIFIED.,.F.,.F.)
B_SPLINE_CURVE_WITH_KNOTS((4,4),(0.239930495120944,1.),.UNSPECIFIED.)
CURVE()
GEOMETRIC_REPRESENTATION_ITEM()
RATIONAL_B_SPLINE_CURVE((1.,1.,1.,1.))
REPRESENTATION_ITEM('')
);
#1234=(
BOUNDED_CURVE()
B_SPLINE_CURVE(3,(#9470,#9471,#9472,#9473),.UNSPECIFIED.,.F.,.F.)
B_SPLINE_CURVE_WITH_KNOTS((4,4),(0.,0.206693380364793),.UNSPECIFIED.)
CURVE()
GEOMETRIC_REPRESENTATION_ITEM()
RATIONAL_B_SPLINE_CURVE((1.,1.,1.,1.))
REPRESENTATION_ITEM('')
);
#1235=(
BOUNDED_CURVE()
B_SPLINE_CURVE(3,(#9475,#9476,#9477,#9478),.UNSPECIFIED.,.F.,.F.)
B_SPLINE_CURVE_WITH_KNOTS((4,4),(0.,1.),.UNSPECIFIED.)
CURVE()
GEOMETRIC_REPRESENTATION_ITEM()
RATIONAL_B_SPLINE_CURVE((1.,1.,1.,1.))
REPRESENTATION_ITEM('')
);
#1236=(
BOUNDED_CURVE()
B_SPLINE_CURVE(3,(#9480,#9481,#9482,#9483),.UNSPECIFIED.,.F.,.F.)
B_SPLINE_CURVE_WITH_KNOTS((4,4),(0.,1.),.UNSPECIFIED.)
CURVE()
GEOMETRIC_REPRESENTATION_ITEM()
RATIONAL_B_SPLINE_CURVE((1.,1.,1.,1.))
REPRESENTATION_ITEM('')
);
#1237=(
BOUNDED_CURVE()
B_SPLINE_CURVE(3,(#9485,#9486,#9487,#9488),.UNSPECIFIED.,.F.,.F.)
B_SPLINE_CURVE_WITH_KNOTS((4,4),(0.,1.),.UNSPECIFIED.)
CURVE()
GEOMETRIC_REPRESENTATION_ITEM()
RATIONAL_B_SPLINE_CURVE((1.,1.,1.,1.))
REPRESENTATION_ITEM('')
);
#1238=(
BOUNDED_CURVE()
B_SPLINE_CURVE(3,(#9490,#9491,#9492,#9493),.UNSPECIFIED.,.F.,.F.)
B_SPLINE_CURVE_WITH_KNOTS((4,4),(0.,1.),.UNSPECIFIED.)
CURVE()
GEOMETRIC_REPRESENTATION_ITEM()
RATIONAL_B_SPLINE_CURVE((1.,1.,1.,1.))
REPRESENTATION_ITEM('')
);
#1239=(
BOUNDED_CURVE()
B_SPLINE_CURVE(3,(#9495,#9496,#9497,#9498),.UNSPECIFIED.,.F.,.F.)
B_SPLINE_CURVE_WITH_KNOTS((4,4),(0.,1.),.UNSPECIFIED.)
CURVE()
GEOMETRIC_REPRESENTATION_ITEM()
RATIONAL_B_SPLINE_CURVE((1.,1.,1.,1.))
REPRESENTATION_ITEM('')
);
#1240=(
BOUNDED_CURVE()
B_SPLINE_CURVE(3,(#9500,#9501,#9502,#9503),.UNSPECIFIED.,.F.,.F.)
B_SPLINE_CURVE_WITH_KNOTS((4,4),(0.,1.),.UNSPECIFIED.)
CURVE()
GEOMETRIC_REPRESENTATION_ITEM()
RATIONAL_B_SPLINE_CURVE((1.,1.,1.,1.))
REPRESENTATION_ITEM('')
);
#1241=(
BOUNDED_CURVE()
B_SPLINE_CURVE(3,(#9505,#9506,#9507,#9508),.UNSPECIFIED.,.F.,.F.)
B_SPLINE_CURVE_WITH_KNOTS((4,4),(0.,1.),.UNSPECIFIED.)
CURVE()
GEOMETRIC_REPRESENTATION_ITEM()
RATIONAL_B_SPLINE_CURVE((1.,1.,1.,1.))
REPRESENTATION_ITEM('')
);
#1242=(
BOUNDED_CURVE()
B_SPLINE_CURVE(3,(#9510,#9511,#9512,#9513),.UNSPECIFIED.,.F.,.F.)
B_SPLINE_CURVE_WITH_KNOTS((4,4),(0.,1.),.UNSPECIFIED.)
CURVE()
GEOMETRIC_REPRESENTATION_ITEM()
RATIONAL_B_SPLINE_CURVE((1.,1.,1.,1.))
REPRESENTATION_ITEM('')
);
#1243=(
BOUNDED_CURVE()
B_SPLINE_CURVE(3,(#9515,#9516,#9517,#9518),.UNSPECIFIED.,.F.,.F.)
B_SPLINE_CURVE_WITH_KNOTS((4,4),(0.,1.),.UNSPECIFIED.)
CURVE()
GEOMETRIC_REPRESENTATION_ITEM()
RATIONAL_B_SPLINE_CURVE((1.,1.,1.,1.))
REPRESENTATION_ITEM('')
);
#1244=(
BOUNDED_CURVE()
B_SPLINE_CURVE(3,(#9520,#9521,#9522,#9523),.UNSPECIFIED.,.F.,.F.)
B_SPLINE_CURVE_WITH_KNOTS((4,4),(0.,1.),.UNSPECIFIED.)
CURVE()
GEOMETRIC_REPRESENTATION_ITEM()
RATIONAL_B_SPLINE_CURVE((1.,1.,1.,1.))
REPRESENTATION_ITEM('')
);
#1245=(
BOUNDED_CURVE()
B_SPLINE_CURVE(3,(#9525,#9526,#9527,#9528),.UNSPECIFIED.,.F.,.F.)
B_SPLINE_CURVE_WITH_KNOTS((4,4),(0.,1.),.UNSPECIFIED.)
CURVE()
GEOMETRIC_REPRESENTATION_ITEM()
RATIONAL_B_SPLINE_CURVE((1.,1.,1.,1.))
REPRESENTATION_ITEM('')
);
#1246=(
BOUNDED_CURVE()
B_SPLINE_CURVE(3,(#9530,#9531,#9532,#9533),.UNSPECIFIED.,.F.,.F.)
B_SPLINE_CURVE_WITH_KNOTS((4,4),(0.126479658080079,1.),.UNSPECIFIED.)
CURVE()
GEOMETRIC_REPRESENTATION_ITEM()
RATIONAL_B_SPLINE_CURVE((1.,1.,1.,1.))
REPRESENTATION_ITEM('')
);
#1247=(
BOUNDED_CURVE()
B_SPLINE_CURVE(3,(#9537,#9538,#9539,#9540),.UNSPECIFIED.,.F.,.F.)
B_SPLINE_CURVE_WITH_KNOTS((4,4),(0.0498203832576816,1.),.UNSPECIFIED.)
CURVE()
GEOMETRIC_REPRESENTATION_ITEM()
RATIONAL_B_SPLINE_CURVE((1.,1.,1.,1.))
REPRESENTATION_ITEM('')
);
#1248=(
BOUNDED_CURVE()
B_SPLINE_CURVE(3,(#9542,#9543,#9544,#9545),.UNSPECIFIED.,.F.,.F.)
B_SPLINE_CURVE_WITH_KNOTS((4,4),(0.,0.743960252798938),.UNSPECIFIED.)
CURVE()
GEOMETRIC_REPRESENTATION_ITEM()
RATIONAL_B_SPLINE_CURVE((1.,1.,1.,1.))
REPRESENTATION_ITEM('')
);
#1249=(
BOUNDED_CURVE()
B_SPLINE_CURVE(3,(#9551,#9552,#9553,#9554),.UNSPECIFIED.,.F.,.F.)
B_SPLINE_CURVE_WITH_KNOTS((4,4),(0.498101725129372,0.730991276607028),
 .UNSPECIFIED.)
CURVE()
GEOMETRIC_REPRESENTATION_ITEM()
RATIONAL_B_SPLINE_CURVE((1.,1.,1.,1.))
REPRESENTATION_ITEM('')
);
#1250=(
BOUNDED_CURVE()
B_SPLINE_CURVE(3,(#9560,#9561,#9562,#9563),.UNSPECIFIED.,.F.,.F.)
B_SPLINE_CURVE_WITH_KNOTS((4,4),(0.,0.425878277540771),.UNSPECIFIED.)
CURVE()
GEOMETRIC_REPRESENTATION_ITEM()
RATIONAL_B_SPLINE_CURVE((1.,1.,1.,1.))
REPRESENTATION_ITEM('')
);
#1251=(
BOUNDED_CURVE()
B_SPLINE_CURVE(3,(#9565,#9566,#9567,#9568),.UNSPECIFIED.,.F.,.F.)
B_SPLINE_CURVE_WITH_KNOTS((4,4),(0.,1.),.UNSPECIFIED.)
CURVE()
GEOMETRIC_REPRESENTATION_ITEM()
RATIONAL_B_SPLINE_CURVE((1.,1.,1.,1.))
REPRESENTATION_ITEM('')
);
#1252=(
BOUNDED_CURVE()
B_SPLINE_CURVE(3,(#9570,#9571,#9572,#9573),.UNSPECIFIED.,.F.,.F.)
B_SPLINE_CURVE_WITH_KNOTS((4,4),(0.790867944289965,1.),.UNSPECIFIED.)
CURVE()
GEOMETRIC_REPRESENTATION_ITEM()
RATIONAL_B_SPLINE_CURVE((1.,1.,1.,1.))
REPRESENTATION_ITEM('')
);
#1253=(
BOUNDED_CURVE()
B_SPLINE_CURVE(3,(#9577,#9578,#9579,#9580),.UNSPECIFIED.,.F.,.F.)
B_SPLINE_CURVE_WITH_KNOTS((4,4),(0.,0.777805513464946),.UNSPECIFIED.)
CURVE()
GEOMETRIC_REPRESENTATION_ITEM()
RATIONAL_B_SPLINE_CURVE((1.,1.,1.,1.))
REPRESENTATION_ITEM('')
);
#1254=(
BOUNDED_CURVE()
B_SPLINE_CURVE(3,(#9582,#9583,#9584,#9585),.UNSPECIFIED.,.F.,.F.)
B_SPLINE_CURVE_WITH_KNOTS((4,4),(0.,1.),.UNSPECIFIED.)
CURVE()
GEOMETRIC_REPRESENTATION_ITEM()
RATIONAL_B_SPLINE_CURVE((1.,1.,1.,1.))
REPRESENTATION_ITEM('')
);
#1255=(
BOUNDED_CURVE()
B_SPLINE_CURVE(3,(#9587,#9588,#9589,#9590),.UNSPECIFIED.,.F.,.F.)
B_SPLINE_CURVE_WITH_KNOTS((4,4),(0.,1.),.UNSPECIFIED.)
CURVE()
GEOMETRIC_REPRESENTATION_ITEM()
RATIONAL_B_SPLINE_CURVE((1.,1.,1.,1.))
REPRESENTATION_ITEM('')
);
#1256=(
BOUNDED_CURVE()
B_SPLINE_CURVE(3,(#9592,#9593,#9594,#9595),.UNSPECIFIED.,.F.,.F.)
B_SPLINE_CURVE_WITH_KNOTS((4,4),(0.,1.),.UNSPECIFIED.)
CURVE()
GEOMETRIC_REPRESENTATION_ITEM()
RATIONAL_B_SPLINE_CURVE((1.,1.,1.,1.))
REPRESENTATION_ITEM('')
);
#1257=(
BOUNDED_CURVE()
B_SPLINE_CURVE(3,(#9597,#9598,#9599,#9600),.UNSPECIFIED.,.F.,.F.)
B_SPLINE_CURVE_WITH_KNOTS((4,4),(0.,1.),.UNSPECIFIED.)
CURVE()
GEOMETRIC_REPRESENTATION_ITEM()
RATIONAL_B_SPLINE_CURVE((1.,1.,1.,1.))
REPRESENTATION_ITEM('')
);
#1258=(
BOUNDED_CURVE()
B_SPLINE_CURVE(3,(#9602,#9603,#9604,#9605),.UNSPECIFIED.,.F.,.F.)
B_SPLINE_CURVE_WITH_KNOTS((4,4),(0.9695248078092,1.),.UNSPECIFIED.)
CURVE()
GEOMETRIC_REPRESENTATION_ITEM()
RATIONAL_B_SPLINE_CURVE((1.,1.,1.,1.))
REPRESENTATION_ITEM('')
);
#1259=(
BOUNDED_CURVE()
B_SPLINE_CURVE(3,(#9613,#9614,#9615,#9616),.UNSPECIFIED.,.F.,.F.)
B_SPLINE_CURVE_WITH_KNOTS((4,4),(0.269148700422794,1.),.UNSPECIFIED.)
CURVE()
GEOMETRIC_REPRESENTATION_ITEM()
RATIONAL_B_SPLINE_CURVE((1.,1.,1.,1.))
REPRESENTATION_ITEM('')
);
#1260=(
BOUNDED_CURVE()
B_SPLINE_CURVE(3,(#9618,#9619,#9620,#9621),.UNSPECIFIED.,.F.,.F.)
B_SPLINE_CURVE_WITH_KNOTS((4,4),(0.,1.),.UNSPECIFIED.)
CURVE()
GEOMETRIC_REPRESENTATION_ITEM()
RATIONAL_B_SPLINE_CURVE((1.,1.,1.,1.))
REPRESENTATION_ITEM('')
);
#1261=(
BOUNDED_CURVE()
B_SPLINE_CURVE(3,(#9623,#9624,#9625,#9626),.UNSPECIFIED.,.F.,.F.)
B_SPLINE_CURVE_WITH_KNOTS((4,4),(0.,1.),.UNSPECIFIED.)
CURVE()
GEOMETRIC_REPRESENTATION_ITEM()
RATIONAL_B_SPLINE_CURVE((1.,1.,1.,1.))
REPRESENTATION_ITEM('')
);
#1262=(
BOUNDED_CURVE()
B_SPLINE_CURVE(3,(#9628,#9629,#9630,#9631),.UNSPECIFIED.,.F.,.F.)
B_SPLINE_CURVE_WITH_KNOTS((4,4),(0.,1.),.UNSPECIFIED.)
CURVE()
GEOMETRIC_REPRESENTATION_ITEM()
RATIONAL_B_SPLINE_CURVE((1.,1.,1.,1.))
REPRESENTATION_ITEM('')
);
#1263=(
BOUNDED_CURVE()
B_SPLINE_CURVE(3,(#9633,#9634,#9635,#9636),.UNSPECIFIED.,.F.,.F.)
B_SPLINE_CURVE_WITH_KNOTS((4,4),(0.,1.),.UNSPECIFIED.)
CURVE()
GEOMETRIC_REPRESENTATION_ITEM()
RATIONAL_B_SPLINE_CURVE((1.,1.,1.,1.))
REPRESENTATION_ITEM('')
);
#1264=(
BOUNDED_CURVE()
B_SPLINE_CURVE(3,(#9638,#9639,#9640,#9641),.UNSPECIFIED.,.F.,.F.)
B_SPLINE_CURVE_WITH_KNOTS((4,4),(0.,1.),.UNSPECIFIED.)
CURVE()
GEOMETRIC_REPRESENTATION_ITEM()
RATIONAL_B_SPLINE_CURVE((1.,1.,1.,1.))
REPRESENTATION_ITEM('')
);
#1265=(
BOUNDED_CURVE()
B_SPLINE_CURVE(3,(#9643,#9644,#9645,#9646),.UNSPECIFIED.,.F.,.F.)
B_SPLINE_CURVE_WITH_KNOTS((4,4),(0.,1.),.UNSPECIFIED.)
CURVE()
GEOMETRIC_REPRESENTATION_ITEM()
RATIONAL_B_SPLINE_CURVE((1.,1.,1.,1.))
REPRESENTATION_ITEM('')
);
#1266=(
BOUNDED_CURVE()
B_SPLINE_CURVE(3,(#9648,#9649,#9650,#9651),.UNSPECIFIED.,.F.,.F.)
B_SPLINE_CURVE_WITH_KNOTS((4,4),(0.,1.),.UNSPECIFIED.)
CURVE()
GEOMETRIC_REPRESENTATION_ITEM()
RATIONAL_B_SPLINE_CURVE((1.,1.,1.,1.))
REPRESENTATION_ITEM('')
);
#1267=(
BOUNDED_CURVE()
B_SPLINE_CURVE(3,(#9653,#9654,#9655,#9656),.UNSPECIFIED.,.F.,.F.)
B_SPLINE_CURVE_WITH_KNOTS((4,4),(0.,1.),.UNSPECIFIED.)
CURVE()
GEOMETRIC_REPRESENTATION_ITEM()
RATIONAL_B_SPLINE_CURVE((1.,1.,1.,1.))
REPRESENTATION_ITEM('')
);
#1268=(
BOUNDED_CURVE()
B_SPLINE_CURVE(3,(#9658,#9659,#9660,#9661),.UNSPECIFIED.,.F.,.F.)
B_SPLINE_CURVE_WITH_KNOTS((4,4),(0.,1.),.UNSPECIFIED.)
CURVE()
GEOMETRIC_REPRESENTATION_ITEM()
RATIONAL_B_SPLINE_CURVE((1.,1.,1.,1.))
REPRESENTATION_ITEM('')
);
#1269=(
BOUNDED_CURVE()
B_SPLINE_CURVE(3,(#9663,#9664,#9665,#9666),.UNSPECIFIED.,.F.,.F.)
B_SPLINE_CURVE_WITH_KNOTS((4,4),(0.,0.800094825512115),.UNSPECIFIED.)
CURVE()
GEOMETRIC_REPRESENTATION_ITEM()
RATIONAL_B_SPLINE_CURVE((1.,1.,1.,1.))
REPRESENTATION_ITEM('')
);
#1270=(
BOUNDED_CURVE()
B_SPLINE_CURVE(3,(#9670,#9671,#9672,#9673),.UNSPECIFIED.,.F.,.F.)
B_SPLINE_CURVE_WITH_KNOTS((4,4),(0.251317204626015,1.),.UNSPECIFIED.)
CURVE()
GEOMETRIC_REPRESENTATION_ITEM()
RATIONAL_B_SPLINE_CURVE((1.,1.,1.,1.))
REPRESENTATION_ITEM('')
);
#1271=(
BOUNDED_CURVE()
B_SPLINE_CURVE(3,(#9675,#9676,#9677,#9678),.UNSPECIFIED.,.F.,.F.)
B_SPLINE_CURVE_WITH_KNOTS((4,4),(0.,1.),.UNSPECIFIED.)
CURVE()
GEOMETRIC_REPRESENTATION_ITEM()
RATIONAL_B_SPLINE_CURVE((1.,1.,1.,1.))
REPRESENTATION_ITEM('')
);
#1272=(
BOUNDED_CURVE()
B_SPLINE_CURVE(3,(#9680,#9681,#9682,#9683),.UNSPECIFIED.,.F.,.F.)
B_SPLINE_CURVE_WITH_KNOTS((4,4),(0.,1.),.UNSPECIFIED.)
CURVE()
GEOMETRIC_REPRESENTATION_ITEM()
RATIONAL_B_SPLINE_CURVE((1.,1.,1.,1.))
REPRESENTATION_ITEM('')
);
#1273=(
BOUNDED_CURVE()
B_SPLINE_CURVE(3,(#9685,#9686,#9687,#9688),.UNSPECIFIED.,.F.,.F.)
B_SPLINE_CURVE_WITH_KNOTS((4,4),(0.,1.),.UNSPECIFIED.)
CURVE()
GEOMETRIC_REPRESENTATION_ITEM()
RATIONAL_B_SPLINE_CURVE((1.,1.,1.,1.))
REPRESENTATION_ITEM('')
);
#1274=(
BOUNDED_CURVE()
B_SPLINE_CURVE(3,(#9690,#9691,#9692,#9693),.UNSPECIFIED.,.F.,.F.)
B_SPLINE_CURVE_WITH_KNOTS((4,4),(0.,1.),.UNSPECIFIED.)
CURVE()
GEOMETRIC_REPRESENTATION_ITEM()
RATIONAL_B_SPLINE_CURVE((1.,1.,1.,1.))
REPRESENTATION_ITEM('')
);
#1275=(
BOUNDED_CURVE()
B_SPLINE_CURVE(3,(#9695,#9696,#9697,#9698),.UNSPECIFIED.,.F.,.F.)
B_SPLINE_CURVE_WITH_KNOTS((4,4),(0.,1.),.UNSPECIFIED.)
CURVE()
GEOMETRIC_REPRESENTATION_ITEM()
RATIONAL_B_SPLINE_CURVE((1.,1.,1.,1.))
REPRESENTATION_ITEM('')
);
#1276=(
BOUNDED_CURVE()
B_SPLINE_CURVE(3,(#9700,#9701,#9702,#9703),.UNSPECIFIED.,.F.,.F.)
B_SPLINE_CURVE_WITH_KNOTS((4,4),(0.,1.),.UNSPECIFIED.)
CURVE()
GEOMETRIC_REPRESENTATION_ITEM()
RATIONAL_B_SPLINE_CURVE((1.,1.,1.,1.))
REPRESENTATION_ITEM('')
);
#1277=(
BOUNDED_CURVE()
B_SPLINE_CURVE(3,(#9705,#9706,#9707,#9708),.UNSPECIFIED.,.F.,.F.)
B_SPLINE_CURVE_WITH_KNOTS((4,4),(0.,1.),.UNSPECIFIED.)
CURVE()
GEOMETRIC_REPRESENTATION_ITEM()
RATIONAL_B_SPLINE_CURVE((1.,1.,1.,1.))
REPRESENTATION_ITEM('')
);
#1278=(
BOUNDED_CURVE()
B_SPLINE_CURVE(3,(#9710,#9711,#9712,#9713),.UNSPECIFIED.,.F.,.F.)
B_SPLINE_CURVE_WITH_KNOTS((4,4),(0.,1.),.UNSPECIFIED.)
CURVE()
GEOMETRIC_REPRESENTATION_ITEM()
RATIONAL_B_SPLINE_CURVE((1.,1.,1.,1.))
REPRESENTATION_ITEM('')
);
#1279=(
BOUNDED_CURVE()
B_SPLINE_CURVE(3,(#9715,#9716,#9717,#9718),.UNSPECIFIED.,.F.,.F.)
B_SPLINE_CURVE_WITH_KNOTS((4,4),(0.,1.),.UNSPECIFIED.)
CURVE()
GEOMETRIC_REPRESENTATION_ITEM()
RATIONAL_B_SPLINE_CURVE((1.,1.,1.,1.))
REPRESENTATION_ITEM('')
);
#1280=(
BOUNDED_CURVE()
B_SPLINE_CURVE(3,(#9720,#9721,#9722,#9723),.UNSPECIFIED.,.F.,.F.)
B_SPLINE_CURVE_WITH_KNOTS((4,4),(0.,1.),.UNSPECIFIED.)
CURVE()
GEOMETRIC_REPRESENTATION_ITEM()
RATIONAL_B_SPLINE_CURVE((1.,1.,1.,1.))
REPRESENTATION_ITEM('')
);
#1281=(
BOUNDED_CURVE()
B_SPLINE_CURVE(3,(#9725,#9726,#9727,#9728),.UNSPECIFIED.,.F.,.F.)
B_SPLINE_CURVE_WITH_KNOTS((4,4),(0.,0.57836691566917),.UNSPECIFIED.)
CURVE()
GEOMETRIC_REPRESENTATION_ITEM()
RATIONAL_B_SPLINE_CURVE((1.,1.,1.,1.))
REPRESENTATION_ITEM('')
);
#1282=(
BOUNDED_CURVE()
B_SPLINE_CURVE(3,(#9739,#9740,#9741,#9742),.UNSPECIFIED.,.F.,.F.)
B_SPLINE_CURVE_WITH_KNOTS((4,4),(0.57248988188932,1.),.UNSPECIFIED.)
CURVE()
GEOMETRIC_REPRESENTATION_ITEM()
RATIONAL_B_SPLINE_CURVE((1.,1.,1.,1.))
REPRESENTATION_ITEM('')
);
#1283=(
BOUNDED_CURVE()
B_SPLINE_CURVE(3,(#9748,#9749,#9750,#9751),.UNSPECIFIED.,.F.,.F.)
B_SPLINE_CURVE_WITH_KNOTS((4,4),(0.,0.809721077014783),.UNSPECIFIED.)
CURVE()
GEOMETRIC_REPRESENTATION_ITEM()
RATIONAL_B_SPLINE_CURVE((1.,1.,1.,1.))
REPRESENTATION_ITEM('')
);
#1284=(
BOUNDED_CURVE()
B_SPLINE_CURVE(3,(#9753,#9754,#9755,#9756),.UNSPECIFIED.,.F.,.F.)
B_SPLINE_CURVE_WITH_KNOTS((4,4),(0.00561205021485525,1.),.UNSPECIFIED.)
CURVE()
GEOMETRIC_REPRESENTATION_ITEM()
RATIONAL_B_SPLINE_CURVE((1.,1.,1.,1.))
REPRESENTATION_ITEM('')
);
#1285=(
BOUNDED_CURVE()
B_SPLINE_CURVE(3,(#9758,#9759,#9760,#9761),.UNSPECIFIED.,.F.,.F.)
B_SPLINE_CURVE_WITH_KNOTS((4,4),(0.990067373567344,1.),.UNSPECIFIED.)
CURVE()
GEOMETRIC_REPRESENTATION_ITEM()
RATIONAL_B_SPLINE_CURVE((1.,1.,1.,1.))
REPRESENTATION_ITEM('')
);
#1286=(
BOUNDED_CURVE()
B_SPLINE_CURVE(3,(#9762,#9763,#9764,#9765),.UNSPECIFIED.,.F.,.F.)
B_SPLINE_CURVE_WITH_KNOTS((4,4),(0.,0.00561205021485525),.UNSPECIFIED.)
CURVE()
GEOMETRIC_REPRESENTATION_ITEM()
RATIONAL_B_SPLINE_CURVE((1.,1.,1.,1.))
REPRESENTATION_ITEM('')
);
#1287=(
BOUNDED_CURVE()
B_SPLINE_CURVE(3,(#9767,#9768,#9769,#9770),.UNSPECIFIED.,.F.,.F.)
B_SPLINE_CURVE_WITH_KNOTS((4,4),(0.,0.990067373567344),.UNSPECIFIED.)
CURVE()
GEOMETRIC_REPRESENTATION_ITEM()
RATIONAL_B_SPLINE_CURVE((1.,1.,1.,1.))
REPRESENTATION_ITEM('')
);
#1288=(
BOUNDED_CURVE()
B_SPLINE_CURVE(3,(#9772,#9773,#9774,#9775),.UNSPECIFIED.,.F.,.F.)
B_SPLINE_CURVE_WITH_KNOTS((4,4),(0.,1.),.UNSPECIFIED.)
CURVE()
GEOMETRIC_REPRESENTATION_ITEM()
RATIONAL_B_SPLINE_CURVE((1.,1.,1.,1.))
REPRESENTATION_ITEM('')
);
#1289=(
BOUNDED_CURVE()
B_SPLINE_CURVE(3,(#9777,#9778,#9779,#9780),.UNSPECIFIED.,.F.,.F.)
B_SPLINE_CURVE_WITH_KNOTS((4,4),(0.,1.),.UNSPECIFIED.)
CURVE()
GEOMETRIC_REPRESENTATION_ITEM()
RATIONAL_B_SPLINE_CURVE((1.,1.,1.,1.))
REPRESENTATION_ITEM('')
);
#1290=(
BOUNDED_CURVE()
B_SPLINE_CURVE(3,(#9782,#9783,#9784,#9785),.UNSPECIFIED.,.F.,.F.)
B_SPLINE_CURVE_WITH_KNOTS((4,4),(0.623405627118332,1.),.UNSPECIFIED.)
CURVE()
GEOMETRIC_REPRESENTATION_ITEM()
RATIONAL_B_SPLINE_CURVE((1.,1.,1.,1.))
REPRESENTATION_ITEM('')
);
#1291=(
BOUNDED_CURVE()
B_SPLINE_CURVE(3,(#9791,#9792,#9793,#9794),.UNSPECIFIED.,.F.,.F.)
B_SPLINE_CURVE_WITH_KNOTS((4,4),(0.885696865343369,1.),.UNSPECIFIED.)
CURVE()
GEOMETRIC_REPRESENTATION_ITEM()
RATIONAL_B_SPLINE_CURVE((1.,1.,1.,1.))
REPRESENTATION_ITEM('')
);
#1292=(
BOUNDED_CURVE()
B_SPLINE_CURVE(3,(#9796,#9797,#9798,#9799),.UNSPECIFIED.,.F.,.F.)
B_SPLINE_CURVE_WITH_KNOTS((4,4),(0.,1.),.UNSPECIFIED.)
CURVE()
GEOMETRIC_REPRESENTATION_ITEM()
RATIONAL_B_SPLINE_CURVE((1.,1.,1.,1.))
REPRESENTATION_ITEM('')
);
#1293=(
BOUNDED_CURVE()
B_SPLINE_CURVE(3,(#9801,#9802,#9803,#9804),.UNSPECIFIED.,.F.,.F.)
B_SPLINE_CURVE_WITH_KNOTS((4,4),(0.,1.),.UNSPECIFIED.)
CURVE()
GEOMETRIC_REPRESENTATION_ITEM()
RATIONAL_B_SPLINE_CURVE((1.,1.,1.,1.))
REPRESENTATION_ITEM('')
);
#1294=(
BOUNDED_CURVE()
B_SPLINE_CURVE(3,(#9806,#9807,#9808,#9809),.UNSPECIFIED.,.F.,.F.)
B_SPLINE_CURVE_WITH_KNOTS((4,4),(0.,0.00379147316647489),.UNSPECIFIED.)
CURVE()
GEOMETRIC_REPRESENTATION_ITEM()
RATIONAL_B_SPLINE_CURVE((1.,1.,1.,1.))
REPRESENTATION_ITEM('')
);
#1295=(
BOUNDED_CURVE()
B_SPLINE_CURVE(3,(#9815,#9816,#9817,#9818),.UNSPECIFIED.,.F.,.F.)
B_SPLINE_CURVE_WITH_KNOTS((4,4),(0.439575769939926,0.55677460970876),
 .UNSPECIFIED.)
CURVE()
GEOMETRIC_REPRESENTATION_ITEM()
RATIONAL_B_SPLINE_CURVE((1.,1.,1.,1.))
REPRESENTATION_ITEM('')
);
#1296=(
BOUNDED_CURVE()
B_SPLINE_CURVE(3,(#9826,#9827,#9828,#9829),.UNSPECIFIED.,.F.,.F.)
B_SPLINE_CURVE_WITH_KNOTS((4,4),(0.36117521039381,0.738437431889152),
 .UNSPECIFIED.)
CURVE()
GEOMETRIC_REPRESENTATION_ITEM()
RATIONAL_B_SPLINE_CURVE((1.,1.,1.,1.))
REPRESENTATION_ITEM('')
);
#1297=(
BOUNDED_CURVE()
B_SPLINE_CURVE(3,(#9835,#9836,#9837,#9838),.UNSPECIFIED.,.F.,.F.)
B_SPLINE_CURVE_WITH_KNOTS((4,4),(0.26923699529967,1.),.UNSPECIFIED.)
CURVE()
GEOMETRIC_REPRESENTATION_ITEM()
RATIONAL_B_SPLINE_CURVE((1.,1.,1.,1.))
REPRESENTATION_ITEM('')
);
#1298=(
BOUNDED_CURVE()
B_SPLINE_CURVE(3,(#9844,#9845,#9846,#9847),.UNSPECIFIED.,.F.,.F.)
B_SPLINE_CURVE_WITH_KNOTS((4,4),(0.,1.),.UNSPECIFIED.)
CURVE()
GEOMETRIC_REPRESENTATION_ITEM()
RATIONAL_B_SPLINE_CURVE((1.,1.,1.,1.))
REPRESENTATION_ITEM('')
);
#1299=(
BOUNDED_CURVE()
B_SPLINE_CURVE(3,(#9849,#9850,#9851,#9852),.UNSPECIFIED.,.F.,.F.)
B_SPLINE_CURVE_WITH_KNOTS((4,4),(0.,1.),.UNSPECIFIED.)
CURVE()
GEOMETRIC_REPRESENTATION_ITEM()
RATIONAL_B_SPLINE_CURVE((1.,1.,1.,1.))
REPRESENTATION_ITEM('')
);
#1300=(
BOUNDED_CURVE()
B_SPLINE_CURVE(3,(#9854,#9855,#9856,#9857),.UNSPECIFIED.,.F.,.F.)
B_SPLINE_CURVE_WITH_KNOTS((4,4),(0.,0.749164812391899),.UNSPECIFIED.)
CURVE()
GEOMETRIC_REPRESENTATION_ITEM()
RATIONAL_B_SPLINE_CURVE((1.,1.,1.,1.))
REPRESENTATION_ITEM('')
);
#1301=(
BOUNDED_CURVE()
B_SPLINE_CURVE(3,(#9861,#9862,#9863,#9864),.UNSPECIFIED.,.F.,.F.)
B_SPLINE_CURVE_WITH_KNOTS((4,4),(0.32926933191547,1.),.UNSPECIFIED.)
CURVE()
GEOMETRIC_REPRESENTATION_ITEM()
RATIONAL_B_SPLINE_CURVE((1.,1.,1.,1.))
REPRESENTATION_ITEM('')
);
#1302=(
BOUNDED_CURVE()
B_SPLINE_CURVE(3,(#9866,#9867,#9868,#9869),.UNSPECIFIED.,.F.,.F.)
B_SPLINE_CURVE_WITH_KNOTS((4,4),(0.,1.),.UNSPECIFIED.)
CURVE()
GEOMETRIC_REPRESENTATION_ITEM()
RATIONAL_B_SPLINE_CURVE((1.,1.,1.,1.))
REPRESENTATION_ITEM('')
);
#1303=(
BOUNDED_CURVE()
B_SPLINE_CURVE(3,(#9871,#9872,#9873,#9874),.UNSPECIFIED.,.F.,.F.)
B_SPLINE_CURVE_WITH_KNOTS((4,4),(0.,1.),.UNSPECIFIED.)
CURVE()
GEOMETRIC_REPRESENTATION_ITEM()
RATIONAL_B_SPLINE_CURVE((1.,1.,1.,1.))
REPRESENTATION_ITEM('')
);
#1304=(
BOUNDED_CURVE()
B_SPLINE_CURVE(3,(#9880,#9881,#9882,#9883),.UNSPECIFIED.,.F.,.F.)
B_SPLINE_CURVE_WITH_KNOTS((4,4),(0.,1.),.UNSPECIFIED.)
CURVE()
GEOMETRIC_REPRESENTATION_ITEM()
RATIONAL_B_SPLINE_CURVE((1.,1.,1.,1.))
REPRESENTATION_ITEM('')
);
#1305=(
BOUNDED_CURVE()
B_SPLINE_CURVE(3,(#9885,#9886,#9887,#9888),.UNSPECIFIED.,.F.,.F.)
B_SPLINE_CURVE_WITH_KNOTS((4,4),(0.,1.),.UNSPECIFIED.)
CURVE()
GEOMETRIC_REPRESENTATION_ITEM()
RATIONAL_B_SPLINE_CURVE((1.,1.,1.,1.))
REPRESENTATION_ITEM('')
);
#1306=(
BOUNDED_CURVE()
B_SPLINE_CURVE(3,(#9890,#9891,#9892,#9893),.UNSPECIFIED.,.F.,.F.)
B_SPLINE_CURVE_WITH_KNOTS((4,4),(0.,0.0256577693836247),.UNSPECIFIED.)
CURVE()
GEOMETRIC_REPRESENTATION_ITEM()
RATIONAL_B_SPLINE_CURVE((1.,1.,1.,1.))
REPRESENTATION_ITEM('')
);
#1307=(
BOUNDED_CURVE()
B_SPLINE_CURVE(3,(#9897,#9898,#9899,#9900),.UNSPECIFIED.,.F.,.F.)
B_SPLINE_CURVE_WITH_KNOTS((4,4),(0.186356440505873,0.62133383904944),
 .UNSPECIFIED.)
CURVE()
GEOMETRIC_REPRESENTATION_ITEM()
RATIONAL_B_SPLINE_CURVE((1.,1.,1.,1.))
REPRESENTATION_ITEM('')
);
#1308=(
BOUNDED_CURVE()
B_SPLINE_CURVE(3,(#9913,#9914,#9915,#9916),.UNSPECIFIED.,.F.,.F.)
B_SPLINE_CURVE_WITH_KNOTS((4,4),(0.,0.18233124008802),.UNSPECIFIED.)
CURVE()
GEOMETRIC_REPRESENTATION_ITEM()
RATIONAL_B_SPLINE_CURVE((1.,1.,1.,1.))
REPRESENTATION_ITEM('')
);
#1309=(
BOUNDED_CURVE()
B_SPLINE_CURVE(3,(#9918,#9919,#9920,#9921),.UNSPECIFIED.,.F.,.F.)
B_SPLINE_CURVE_WITH_KNOTS((4,4),(0.,1.),.UNSPECIFIED.)
CURVE()
GEOMETRIC_REPRESENTATION_ITEM()
RATIONAL_B_SPLINE_CURVE((1.,1.,1.,1.))
REPRESENTATION_ITEM('')
);
#1310=(
BOUNDED_CURVE()
B_SPLINE_CURVE(3,(#9923,#9924,#9925,#9926),.UNSPECIFIED.,.F.,.F.)
B_SPLINE_CURVE_WITH_KNOTS((4,4),(0.,1.),.UNSPECIFIED.)
CURVE()
GEOMETRIC_REPRESENTATION_ITEM()
RATIONAL_B_SPLINE_CURVE((1.,1.,1.,1.))
REPRESENTATION_ITEM('')
);
#1311=(
BOUNDED_CURVE()
B_SPLINE_CURVE(3,(#9928,#9929,#9930,#9931),.UNSPECIFIED.,.F.,.F.)
B_SPLINE_CURVE_WITH_KNOTS((4,4),(0.466644121690409,1.),.UNSPECIFIED.)
CURVE()
GEOMETRIC_REPRESENTATION_ITEM()
RATIONAL_B_SPLINE_CURVE((1.,1.,1.,1.))
REPRESENTATION_ITEM('')
);
#1312=(
BOUNDED_CURVE()
B_SPLINE_CURVE(3,(#9935,#9936,#9937,#9938),.UNSPECIFIED.,.F.,.F.)
B_SPLINE_CURVE_WITH_KNOTS((4,4),(0.452780864132551,1.),.UNSPECIFIED.)
CURVE()
GEOMETRIC_REPRESENTATION_ITEM()
RATIONAL_B_SPLINE_CURVE((1.,1.,1.,1.))
REPRESENTATION_ITEM('')
);
#1313=(
BOUNDED_CURVE()
B_SPLINE_CURVE(3,(#9940,#9941,#9942,#9943),.UNSPECIFIED.,.F.,.F.)
B_SPLINE_CURVE_WITH_KNOTS((4,4),(0.,1.),.UNSPECIFIED.)
CURVE()
GEOMETRIC_REPRESENTATION_ITEM()
RATIONAL_B_SPLINE_CURVE((1.,1.,1.,1.))
REPRESENTATION_ITEM('')
);
#1314=(
BOUNDED_CURVE()
B_SPLINE_CURVE(3,(#9945,#9946,#9947,#9948),.UNSPECIFIED.,.F.,.F.)
B_SPLINE_CURVE_WITH_KNOTS((4,4),(0.,1.),.UNSPECIFIED.)
CURVE()
GEOMETRIC_REPRESENTATION_ITEM()
RATIONAL_B_SPLINE_CURVE((1.,1.,1.,1.))
REPRESENTATION_ITEM('')
);
#1315=(
BOUNDED_CURVE()
B_SPLINE_CURVE(3,(#9950,#9951,#9952,#9953),.UNSPECIFIED.,.F.,.F.)
B_SPLINE_CURVE_WITH_KNOTS((4,4),(0.,0.99006709384758),.UNSPECIFIED.)
CURVE()
GEOMETRIC_REPRESENTATION_ITEM()
RATIONAL_B_SPLINE_CURVE((1.,1.,1.,1.))
REPRESENTATION_ITEM('')
);
#1316=(
BOUNDED_CURVE()
B_SPLINE_CURVE(3,(#9955,#9956,#9957,#9958),.UNSPECIFIED.,.F.,.F.)
B_SPLINE_CURVE_WITH_KNOTS((4,4),(0.,0.00561220592151754),.UNSPECIFIED.)
CURVE()
GEOMETRIC_REPRESENTATION_ITEM()
RATIONAL_B_SPLINE_CURVE((1.,1.,1.,1.))
REPRESENTATION_ITEM('')
);
#1317=(
BOUNDED_CURVE()
B_SPLINE_CURVE(3,(#9959,#9960,#9961,#9962),.UNSPECIFIED.,.F.,.F.)
B_SPLINE_CURVE_WITH_KNOTS((4,4),(0.99006709384758,1.),.UNSPECIFIED.)
CURVE()
GEOMETRIC_REPRESENTATION_ITEM()
RATIONAL_B_SPLINE_CURVE((1.,1.,1.,1.))
REPRESENTATION_ITEM('')
);
#1318=(
BOUNDED_CURVE()
B_SPLINE_CURVE(3,(#9964,#9965,#9966,#9967),.UNSPECIFIED.,.F.,.F.)
B_SPLINE_CURVE_WITH_KNOTS((4,4),(0.00561220592151754,1.),.UNSPECIFIED.)
CURVE()
GEOMETRIC_REPRESENTATION_ITEM()
RATIONAL_B_SPLINE_CURVE((1.,1.,1.,1.))
REPRESENTATION_ITEM('')
);
#1319=(
BOUNDED_CURVE()
B_SPLINE_CURVE(3,(#9969,#9970,#9971,#9972),.UNSPECIFIED.,.F.,.F.)
B_SPLINE_CURVE_WITH_KNOTS((4,4),(0.,0.942901874446329),.UNSPECIFIED.)
CURVE()
GEOMETRIC_REPRESENTATION_ITEM()
RATIONAL_B_SPLINE_CURVE((1.,1.,1.,1.))
REPRESENTATION_ITEM('')
);
#1320=(
BOUNDED_CURVE()
B_SPLINE_CURVE(3,(#9980,#9981,#9982,#9983),.UNSPECIFIED.,.F.,.F.)
B_SPLINE_CURVE_WITH_KNOTS((4,4),(-0.426530374037141,0.),.UNSPECIFIED.)
CURVE()
GEOMETRIC_REPRESENTATION_ITEM()
RATIONAL_B_SPLINE_CURVE((1.,1.,1.,1.))
REPRESENTATION_ITEM('')
);
#1321=(
BOUNDED_CURVE()
B_SPLINE_CURVE(3,(#9984,#9985,#9986,#9987),.UNSPECIFIED.,.F.,.F.)
B_SPLINE_CURVE_WITH_KNOTS((4,4),(-1.,0.),.UNSPECIFIED.)
CURVE()
GEOMETRIC_REPRESENTATION_ITEM()
RATIONAL_B_SPLINE_CURVE((1.,1.,1.,1.))
REPRESENTATION_ITEM('')
);
#1322=(
BOUNDED_CURVE()
B_SPLINE_CURVE(3,(#9993,#9994,#9995,#9996),.UNSPECIFIED.,.F.,.F.)
B_SPLINE_CURVE_WITH_KNOTS((4,4),(0.609536360517183,1.),.UNSPECIFIED.)
CURVE()
GEOMETRIC_REPRESENTATION_ITEM()
RATIONAL_B_SPLINE_CURVE((1.,1.,1.,1.))
REPRESENTATION_ITEM('')
);
#1323=(
BOUNDED_CURVE()
B_SPLINE_CURVE(3,(#9997,#9998,#9999,#10000),.UNSPECIFIED.,.F.,.F.)
B_SPLINE_CURVE_WITH_KNOTS((4,4),(0.,1.),.UNSPECIFIED.)
CURVE()
GEOMETRIC_REPRESENTATION_ITEM()
RATIONAL_B_SPLINE_CURVE((1.,1.,1.,1.))
REPRESENTATION_ITEM('')
);
#1324=(
BOUNDED_CURVE()
B_SPLINE_CURVE(3,(#10005,#10006,#10007,#10008),.UNSPECIFIED.,.F.,.F.)
B_SPLINE_CURVE_WITH_KNOTS((4,4),(0.619003142850835,1.),.UNSPECIFIED.)
CURVE()
GEOMETRIC_REPRESENTATION_ITEM()
RATIONAL_B_SPLINE_CURVE((1.,1.,1.,1.))
REPRESENTATION_ITEM('')
);
#1325=(
BOUNDED_CURVE()
B_SPLINE_CURVE(3,(#10013,#10014,#10015,#10016),.UNSPECIFIED.,.F.,.F.)
B_SPLINE_CURVE_WITH_KNOTS((4,4),(-1.,0.),.UNSPECIFIED.)
CURVE()
GEOMETRIC_REPRESENTATION_ITEM()
RATIONAL_B_SPLINE_CURVE((1.,1.,1.,1.))
REPRESENTATION_ITEM('')
);
#1326=(
BOUNDED_CURVE()
B_SPLINE_CURVE(3,(#10018,#10019,#10020,#10021),.UNSPECIFIED.,.F.,.F.)
B_SPLINE_CURVE_WITH_KNOTS((4,4),(-1.,0.),.UNSPECIFIED.)
CURVE()
GEOMETRIC_REPRESENTATION_ITEM()
RATIONAL_B_SPLINE_CURVE((1.,1.,1.,1.))
REPRESENTATION_ITEM('')
);
#1327=(
BOUNDED_CURVE()
B_SPLINE_CURVE(3,(#10022,#10023,#10024,#10025),.UNSPECIFIED.,.F.,.F.)
B_SPLINE_CURVE_WITH_KNOTS((4,4),(-1.,0.),.UNSPECIFIED.)
CURVE()
GEOMETRIC_REPRESENTATION_ITEM()
RATIONAL_B_SPLINE_CURVE((1.,1.,1.,1.))
REPRESENTATION_ITEM('')
);
#1328=(
BOUNDED_CURVE()
B_SPLINE_CURVE(3,(#10032,#10033,#10034,#10035),.UNSPECIFIED.,.F.,.F.)
B_SPLINE_CURVE_WITH_KNOTS((4,4),(0.,1.),.UNSPECIFIED.)
CURVE()
GEOMETRIC_REPRESENTATION_ITEM()
RATIONAL_B_SPLINE_CURVE((1.,1.,1.,1.))
REPRESENTATION_ITEM('')
);
#1329=(
BOUNDED_CURVE()
B_SPLINE_CURVE(3,(#10037,#10038,#10039,#10040),.UNSPECIFIED.,.F.,.F.)
B_SPLINE_CURVE_WITH_KNOTS((4,4),(0.,1.),.UNSPECIFIED.)
CURVE()
GEOMETRIC_REPRESENTATION_ITEM()
RATIONAL_B_SPLINE_CURVE((1.,1.,1.,1.))
REPRESENTATION_ITEM('')
);
#1330=(
BOUNDED_CURVE()
B_SPLINE_CURVE(3,(#10041,#10042,#10043,#10044),.UNSPECIFIED.,.F.,.F.)
B_SPLINE_CURVE_WITH_KNOTS((4,4),(0.,1.),.UNSPECIFIED.)
CURVE()
GEOMETRIC_REPRESENTATION_ITEM()
RATIONAL_B_SPLINE_CURVE((1.,1.,1.,1.))
REPRESENTATION_ITEM('')
);
#1331=(
BOUNDED_CURVE()
B_SPLINE_CURVE(3,(#10050,#10051,#10052,#10053),.UNSPECIFIED.,.F.,.F.)
B_SPLINE_CURVE_WITH_KNOTS((4,4),(0.452383153757442,0.685522945825532),
 .UNSPECIFIED.)
CURVE()
GEOMETRIC_REPRESENTATION_ITEM()
RATIONAL_B_SPLINE_CURVE((1.,1.,1.,1.))
REPRESENTATION_ITEM('')
);
#1332=(
BOUNDED_CURVE()
B_SPLINE_CURVE(3,(#10072,#10073,#10074,#10075),.UNSPECIFIED.,.F.,.F.)
B_SPLINE_CURVE_WITH_KNOTS((4,4),(-0.00379147316647402,0.),.UNSPECIFIED.)
CURVE()
GEOMETRIC_REPRESENTATION_ITEM()
RATIONAL_B_SPLINE_CURVE((1.,1.,1.,1.))
REPRESENTATION_ITEM('')
);
#1333=(
BOUNDED_CURVE()
B_SPLINE_CURVE(3,(#10098,#10099,#10100,#10101),.UNSPECIFIED.,.F.,.F.)
B_SPLINE_CURVE_WITH_KNOTS((4,4),(-0.556774609710418,-0.439575769939934),
 .UNSPECIFIED.)
CURVE()
GEOMETRIC_REPRESENTATION_ITEM()
RATIONAL_B_SPLINE_CURVE((1.,1.,1.,1.))
REPRESENTATION_ITEM('')
);
#1334=(
BOUNDED_CURVE()
B_SPLINE_CURVE(3,(#10113,#10114,#10115,#10116),.UNSPECIFIED.,.F.,.F.)
B_SPLINE_CURVE_WITH_KNOTS((4,4),(0.,1.),.UNSPECIFIED.)
CURVE()
GEOMETRIC_REPRESENTATION_ITEM()
RATIONAL_B_SPLINE_CURVE((1.,1.,1.,1.))
REPRESENTATION_ITEM('')
);
#1335=(
BOUNDED_CURVE()
B_SPLINE_CURVE(3,(#10128,#10129,#10130,#10131),.UNSPECIFIED.,.F.,.F.)
B_SPLINE_CURVE_WITH_KNOTS((4,4),(0.,1.),.UNSPECIFIED.)
CURVE()
GEOMETRIC_REPRESENTATION_ITEM()
RATIONAL_B_SPLINE_CURVE((1.,1.,1.,1.))
REPRESENTATION_ITEM('')
);
#1336=(
BOUNDED_CURVE()
B_SPLINE_CURVE(3,(#10140,#10141,#10142,#10143),.UNSPECIFIED.,.F.,.F.)
B_SPLINE_CURVE_WITH_KNOTS((4,4),(0.,1.),.UNSPECIFIED.)
CURVE()
GEOMETRIC_REPRESENTATION_ITEM()
RATIONAL_B_SPLINE_CURVE((1.,1.,1.,1.))
REPRESENTATION_ITEM('')
);
#1337=(
BOUNDED_CURVE()
B_SPLINE_CURVE(3,(#10155,#10156,#10157,#10158),.UNSPECIFIED.,.F.,.F.)
B_SPLINE_CURVE_WITH_KNOTS((4,4),(-1.,0.),.UNSPECIFIED.)
CURVE()
GEOMETRIC_REPRESENTATION_ITEM()
RATIONAL_B_SPLINE_CURVE((1.,1.,1.,1.))
REPRESENTATION_ITEM('')
);
#1338=(
BOUNDED_CURVE()
B_SPLINE_CURVE(3,(#10170,#10171,#10172,#10173),.UNSPECIFIED.,.F.,.F.)
B_SPLINE_CURVE_WITH_KNOTS((4,4),(-1.,0.),.UNSPECIFIED.)
CURVE()
GEOMETRIC_REPRESENTATION_ITEM()
RATIONAL_B_SPLINE_CURVE((1.,1.,1.,1.))
REPRESENTATION_ITEM('')
);
#1339=(
BOUNDED_CURVE()
B_SPLINE_CURVE(3,(#10182,#10183,#10184,#10185),.UNSPECIFIED.,.F.,.F.)
B_SPLINE_CURVE_WITH_KNOTS((4,4),(-1.,0.),.UNSPECIFIED.)
CURVE()
GEOMETRIC_REPRESENTATION_ITEM()
RATIONAL_B_SPLINE_CURVE((1.,1.,1.,1.))
REPRESENTATION_ITEM('')
);
#1340=(
BOUNDED_CURVE()
B_SPLINE_CURVE(3,(#10196,#10197,#10198,#10199),.UNSPECIFIED.,.F.,.F.)
B_SPLINE_CURVE_WITH_KNOTS((4,4),(0.,1.),.UNSPECIFIED.)
CURVE()
GEOMETRIC_REPRESENTATION_ITEM()
RATIONAL_B_SPLINE_CURVE((1.,1.,1.,1.))
REPRESENTATION_ITEM('')
);
#1341=(
BOUNDED_CURVE()
B_SPLINE_CURVE(3,(#10215,#10216,#10217,#10218),.UNSPECIFIED.,.F.,.F.)
B_SPLINE_CURVE_WITH_KNOTS((4,4),(0.,0.426530374037142),.UNSPECIFIED.)
CURVE()
GEOMETRIC_REPRESENTATION_ITEM()
RATIONAL_B_SPLINE_CURVE((1.,1.,1.,1.))
REPRESENTATION_ITEM('')
);
#1342=(
BOUNDED_CURVE()
B_SPLINE_CURVE(3,(#10230,#10231,#10232,#10233),.UNSPECIFIED.,.F.,.F.)
B_SPLINE_CURVE_WITH_KNOTS((4,4),(0.623405627118332,1.),.UNSPECIFIED.)
CURVE()
GEOMETRIC_REPRESENTATION_ITEM()
RATIONAL_B_SPLINE_CURVE((1.,1.,1.,1.))
REPRESENTATION_ITEM('')
);
#1343=(
BOUNDED_CURVE()
B_SPLINE_CURVE(3,(#10245,#10246,#10247,#10248),.UNSPECIFIED.,.F.,.F.)
B_SPLINE_CURVE_WITH_KNOTS((4,4),(0.,1.),.UNSPECIFIED.)
CURVE()
GEOMETRIC_REPRESENTATION_ITEM()
RATIONAL_B_SPLINE_CURVE((1.,1.,1.,1.))
REPRESENTATION_ITEM('')
);
#1344=(
BOUNDED_CURVE()
B_SPLINE_CURVE(3,(#10259,#10260,#10261,#10262),.UNSPECIFIED.,.F.,.F.)
B_SPLINE_CURVE_WITH_KNOTS((4,4),(0.,1.),.UNSPECIFIED.)
CURVE()
GEOMETRIC_REPRESENTATION_ITEM()
RATIONAL_B_SPLINE_CURVE((1.,1.,1.,1.))
REPRESENTATION_ITEM('')
);
#1345=(
BOUNDED_CURVE()
B_SPLINE_CURVE(3,(#10273,#10274,#10275,#10276),.UNSPECIFIED.,.F.,.F.)
B_SPLINE_CURVE_WITH_KNOTS((4,4),(0.,0.990067373567344),.UNSPECIFIED.)
CURVE()
GEOMETRIC_REPRESENTATION_ITEM()
RATIONAL_B_SPLINE_CURVE((1.,1.,1.,1.))
REPRESENTATION_ITEM('')
);
#1346=(
BOUNDED_CURVE()
B_SPLINE_CURVE(3,(#10287,#10288,#10289,#10290),.UNSPECIFIED.,.F.,.F.)
B_SPLINE_CURVE_WITH_KNOTS((4,4),(-0.00561205021485525,0.),.UNSPECIFIED.)
CURVE()
GEOMETRIC_REPRESENTATION_ITEM()
RATIONAL_B_SPLINE_CURVE((1.,1.,1.,1.))
REPRESENTATION_ITEM('')
);
#1347=(
BOUNDED_CURVE()
B_SPLINE_CURVE(3,(#10300,#10301,#10302,#10303),.UNSPECIFIED.,.F.,.F.)
B_SPLINE_CURVE_WITH_KNOTS((4,4),(-1.,-0.990067373570253),.UNSPECIFIED.)
CURVE()
GEOMETRIC_REPRESENTATION_ITEM()
RATIONAL_B_SPLINE_CURVE((1.,1.,1.,1.))
REPRESENTATION_ITEM('')
);
#1348=(
BOUNDED_CURVE()
B_SPLINE_CURVE(3,(#10314,#10315,#10316,#10317),.UNSPECIFIED.,.F.,.F.)
B_SPLINE_CURVE_WITH_KNOTS((4,4),(0.00561205021485525,1.),.UNSPECIFIED.)
CURVE()
GEOMETRIC_REPRESENTATION_ITEM()
RATIONAL_B_SPLINE_CURVE((1.,1.,1.,1.))
REPRESENTATION_ITEM('')
);
#1349=(
BOUNDED_CURVE()
B_SPLINE_CURVE(3,(#10328,#10329,#10330,#10331),.UNSPECIFIED.,.F.,.F.)
B_SPLINE_CURVE_WITH_KNOTS((4,4),(0.,0.809721077014782),.UNSPECIFIED.)
CURVE()
GEOMETRIC_REPRESENTATION_ITEM()
RATIONAL_B_SPLINE_CURVE((1.,1.,1.,1.))
REPRESENTATION_ITEM('')
);
#1350=(
BOUNDED_CURVE()
B_SPLINE_CURVE(3,(#10347,#10348,#10349,#10350),.UNSPECIFIED.,.F.,.F.)
B_SPLINE_CURVE_WITH_KNOTS((4,4),(-1.,-0.572489881889321),.UNSPECIFIED.)
CURVE()
GEOMETRIC_REPRESENTATION_ITEM()
RATIONAL_B_SPLINE_CURVE((1.,1.,1.,1.))
REPRESENTATION_ITEM('')
);
#1351=(
BOUNDED_CURVE()
B_SPLINE_CURVE(3,(#10367,#10368,#10369,#10370),.UNSPECIFIED.,.F.,.F.)
B_SPLINE_CURVE_WITH_KNOTS((4,4),(0.452383153757442,0.685522945825531),
 .UNSPECIFIED.)
CURVE()
GEOMETRIC_REPRESENTATION_ITEM()
RATIONAL_B_SPLINE_CURVE((1.,1.,1.,1.))
REPRESENTATION_ITEM('')
);
#1352=(
BOUNDED_CURVE()
B_SPLINE_CURVE(3,(#10388,#10389,#10390,#10391),.UNSPECIFIED.,.F.,.F.)
B_SPLINE_CURVE_WITH_KNOTS((4,4),(-0.578366915669042,0.),.UNSPECIFIED.)
CURVE()
GEOMETRIC_REPRESENTATION_ITEM()
RATIONAL_B_SPLINE_CURVE((1.,1.,1.,1.))
REPRESENTATION_ITEM('')
);
#1353=(
BOUNDED_CURVE()
B_SPLINE_CURVE(3,(#10403,#10404,#10405,#10406),.UNSPECIFIED.,.F.,.F.)
B_SPLINE_CURVE_WITH_KNOTS((4,4),(-1.,0.),.UNSPECIFIED.)
CURVE()
GEOMETRIC_REPRESENTATION_ITEM()
RATIONAL_B_SPLINE_CURVE((1.,1.,1.,1.))
REPRESENTATION_ITEM('')
);
#1354=(
BOUNDED_CURVE()
B_SPLINE_CURVE(3,(#10417,#10418,#10419,#10420),.UNSPECIFIED.,.F.,.F.)
B_SPLINE_CURVE_WITH_KNOTS((4,4),(-1.,0.),.UNSPECIFIED.)
CURVE()
GEOMETRIC_REPRESENTATION_ITEM()
RATIONAL_B_SPLINE_CURVE((1.,1.,1.,1.))
REPRESENTATION_ITEM('')
);
#1355=(
BOUNDED_CURVE()
B_SPLINE_CURVE(3,(#10431,#10432,#10433,#10434),.UNSPECIFIED.,.F.,.F.)
B_SPLINE_CURVE_WITH_KNOTS((4,4),(-1.,0.),.UNSPECIFIED.)
CURVE()
GEOMETRIC_REPRESENTATION_ITEM()
RATIONAL_B_SPLINE_CURVE((1.,1.,1.,1.))
REPRESENTATION_ITEM('')
);
#1356=(
BOUNDED_CURVE()
B_SPLINE_CURVE(3,(#10445,#10446,#10447,#10448),.UNSPECIFIED.,.F.,.F.)
B_SPLINE_CURVE_WITH_KNOTS((4,4),(-1.,0.),.UNSPECIFIED.)
CURVE()
GEOMETRIC_REPRESENTATION_ITEM()
RATIONAL_B_SPLINE_CURVE((1.,1.,1.,1.))
REPRESENTATION_ITEM('')
);
#1357=(
BOUNDED_CURVE()
B_SPLINE_CURVE(3,(#10459,#10460,#10461,#10462),.UNSPECIFIED.,.F.,.F.)
B_SPLINE_CURVE_WITH_KNOTS((4,4),(-1.,0.),.UNSPECIFIED.)
CURVE()
GEOMETRIC_REPRESENTATION_ITEM()
RATIONAL_B_SPLINE_CURVE((1.,1.,1.,1.))
REPRESENTATION_ITEM('')
);
#1358=(
BOUNDED_CURVE()
B_SPLINE_CURVE(3,(#10473,#10474,#10475,#10476),.UNSPECIFIED.,.F.,.F.)
B_SPLINE_CURVE_WITH_KNOTS((4,4),(-1.,0.),.UNSPECIFIED.)
CURVE()
GEOMETRIC_REPRESENTATION_ITEM()
RATIONAL_B_SPLINE_CURVE((1.,1.,1.,1.))
REPRESENTATION_ITEM('')
);
#1359=(
BOUNDED_CURVE()
B_SPLINE_CURVE(3,(#10487,#10488,#10489,#10490),.UNSPECIFIED.,.F.,.F.)
B_SPLINE_CURVE_WITH_KNOTS((4,4),(-1.,0.),.UNSPECIFIED.)
CURVE()
GEOMETRIC_REPRESENTATION_ITEM()
RATIONAL_B_SPLINE_CURVE((1.,1.,1.,1.))
REPRESENTATION_ITEM('')
);
#1360=(
BOUNDED_CURVE()
B_SPLINE_CURVE(3,(#10501,#10502,#10503,#10504),.UNSPECIFIED.,.F.,.F.)
B_SPLINE_CURVE_WITH_KNOTS((4,4),(-1.,0.),.UNSPECIFIED.)
CURVE()
GEOMETRIC_REPRESENTATION_ITEM()
RATIONAL_B_SPLINE_CURVE((1.,1.,1.,1.))
REPRESENTATION_ITEM('')
);
#1361=(
BOUNDED_CURVE()
B_SPLINE_CURVE(3,(#10515,#10516,#10517,#10518),.UNSPECIFIED.,.F.,.F.)
B_SPLINE_CURVE_WITH_KNOTS((4,4),(-1.,0.),.UNSPECIFIED.)
CURVE()
GEOMETRIC_REPRESENTATION_ITEM()
RATIONAL_B_SPLINE_CURVE((1.,1.,1.,1.))
REPRESENTATION_ITEM('')
);
#1362=(
BOUNDED_CURVE()
B_SPLINE_CURVE(3,(#10529,#10530,#10531,#10532),.UNSPECIFIED.,.F.,.F.)
B_SPLINE_CURVE_WITH_KNOTS((4,4),(-1.,0.),.UNSPECIFIED.)
CURVE()
GEOMETRIC_REPRESENTATION_ITEM()
RATIONAL_B_SPLINE_CURVE((1.,1.,1.,1.))
REPRESENTATION_ITEM('')
);
#1363=(
BOUNDED_CURVE()
B_SPLINE_CURVE(3,(#10543,#10544,#10545,#10546),.UNSPECIFIED.,.F.,.F.)
B_SPLINE_CURVE_WITH_KNOTS((4,4),(-1.,-0.251317204626015),.UNSPECIFIED.)
CURVE()
GEOMETRIC_REPRESENTATION_ITEM()
RATIONAL_B_SPLINE_CURVE((1.,1.,1.,1.))
REPRESENTATION_ITEM('')
);
#1364=(
BOUNDED_CURVE()
B_SPLINE_CURVE(3,(#10558,#10559,#10560,#10561),.UNSPECIFIED.,.F.,.F.)
B_SPLINE_CURVE_WITH_KNOTS((4,4),(-0.800094825512113,0.),.UNSPECIFIED.)
CURVE()
GEOMETRIC_REPRESENTATION_ITEM()
RATIONAL_B_SPLINE_CURVE((1.,1.,1.,1.))
REPRESENTATION_ITEM('')
);
#1365=(
BOUNDED_CURVE()
B_SPLINE_CURVE(3,(#10573,#10574,#10575,#10576),.UNSPECIFIED.,.F.,.F.)
B_SPLINE_CURVE_WITH_KNOTS((4,4),(-1.,0.),.UNSPECIFIED.)
CURVE()
GEOMETRIC_REPRESENTATION_ITEM()
RATIONAL_B_SPLINE_CURVE((1.,1.,1.,1.))
REPRESENTATION_ITEM('')
);
#1366=(
BOUNDED_CURVE()
B_SPLINE_CURVE(3,(#10587,#10588,#10589,#10590),.UNSPECIFIED.,.F.,.F.)
B_SPLINE_CURVE_WITH_KNOTS((4,4),(-1.,0.),.UNSPECIFIED.)
CURVE()
GEOMETRIC_REPRESENTATION_ITEM()
RATIONAL_B_SPLINE_CURVE((1.,1.,1.,1.))
REPRESENTATION_ITEM('')
);
#1367=(
BOUNDED_CURVE()
B_SPLINE_CURVE(3,(#10601,#10602,#10603,#10604),.UNSPECIFIED.,.F.,.F.)
B_SPLINE_CURVE_WITH_KNOTS((4,4),(-1.,0.),.UNSPECIFIED.)
CURVE()
GEOMETRIC_REPRESENTATION_ITEM()
RATIONAL_B_SPLINE_CURVE((1.,1.,1.,1.))
REPRESENTATION_ITEM('')
);
#1368=(
BOUNDED_CURVE()
B_SPLINE_CURVE(3,(#10615,#10616,#10617,#10618),.UNSPECIFIED.,.F.,.F.)
B_SPLINE_CURVE_WITH_KNOTS((4,4),(-1.,0.),.UNSPECIFIED.)
CURVE()
GEOMETRIC_REPRESENTATION_ITEM()
RATIONAL_B_SPLINE_CURVE((1.,1.,1.,1.))
REPRESENTATION_ITEM('')
);
#1369=(
BOUNDED_CURVE()
B_SPLINE_CURVE(3,(#10629,#10630,#10631,#10632),.UNSPECIFIED.,.F.,.F.)
B_SPLINE_CURVE_WITH_KNOTS((4,4),(-1.,0.),.UNSPECIFIED.)
CURVE()
GEOMETRIC_REPRESENTATION_ITEM()
RATIONAL_B_SPLINE_CURVE((1.,1.,1.,1.))
REPRESENTATION_ITEM('')
);
#1370=(
BOUNDED_CURVE()
B_SPLINE_CURVE(3,(#10643,#10644,#10645,#10646),.UNSPECIFIED.,.F.,.F.)
B_SPLINE_CURVE_WITH_KNOTS((4,4),(-1.,0.),.UNSPECIFIED.)
CURVE()
GEOMETRIC_REPRESENTATION_ITEM()
RATIONAL_B_SPLINE_CURVE((1.,1.,1.,1.))
REPRESENTATION_ITEM('')
);
#1371=(
BOUNDED_CURVE()
B_SPLINE_CURVE(3,(#10657,#10658,#10659,#10660),.UNSPECIFIED.,.F.,.F.)
B_SPLINE_CURVE_WITH_KNOTS((4,4),(-1.,0.),.UNSPECIFIED.)
CURVE()
GEOMETRIC_REPRESENTATION_ITEM()
RATIONAL_B_SPLINE_CURVE((1.,1.,1.,1.))
REPRESENTATION_ITEM('')
);
#1372=(
BOUNDED_CURVE()
B_SPLINE_CURVE(3,(#10671,#10672,#10673,#10674),.UNSPECIFIED.,.F.,.F.)
B_SPLINE_CURVE_WITH_KNOTS((4,4),(-1.,0.),.UNSPECIFIED.)
CURVE()
GEOMETRIC_REPRESENTATION_ITEM()
RATIONAL_B_SPLINE_CURVE((1.,1.,1.,1.))
REPRESENTATION_ITEM('')
);
#1373=(
BOUNDED_CURVE()
B_SPLINE_CURVE(3,(#10685,#10686,#10687,#10688),.UNSPECIFIED.,.F.,.F.)
B_SPLINE_CURVE_WITH_KNOTS((4,4),(-1.,0.),.UNSPECIFIED.)
CURVE()
GEOMETRIC_REPRESENTATION_ITEM()
RATIONAL_B_SPLINE_CURVE((1.,1.,1.,1.))
REPRESENTATION_ITEM('')
);
#1374=(
BOUNDED_CURVE()
B_SPLINE_CURVE(3,(#10699,#10700,#10701,#10702),.UNSPECIFIED.,.F.,.F.)
B_SPLINE_CURVE_WITH_KNOTS((4,4),(-1.,-0.269148700422802),.UNSPECIFIED.)
CURVE()
GEOMETRIC_REPRESENTATION_ITEM()
RATIONAL_B_SPLINE_CURVE((1.,1.,1.,1.))
REPRESENTATION_ITEM('')
);
#1375=(
BOUNDED_CURVE()
B_SPLINE_CURVE(3,(#10714,#10715,#10716,#10717),.UNSPECIFIED.,.F.,.F.)
B_SPLINE_CURVE_WITH_KNOTS((4,4),(0.9695248078092,1.),.UNSPECIFIED.)
CURVE()
GEOMETRIC_REPRESENTATION_ITEM()
RATIONAL_B_SPLINE_CURVE((1.,1.,1.,1.))
REPRESENTATION_ITEM('')
);
#1376=(
BOUNDED_CURVE()
B_SPLINE_CURVE(3,(#10729,#10730,#10731,#10732),.UNSPECIFIED.,.F.,.F.)
B_SPLINE_CURVE_WITH_KNOTS((4,4),(0.,1.),.UNSPECIFIED.)
CURVE()
GEOMETRIC_REPRESENTATION_ITEM()
RATIONAL_B_SPLINE_CURVE((1.,1.,1.,1.))
REPRESENTATION_ITEM('')
);
#1377=(
BOUNDED_CURVE()
B_SPLINE_CURVE(3,(#10743,#10744,#10745,#10746),.UNSPECIFIED.,.F.,.F.)
B_SPLINE_CURVE_WITH_KNOTS((4,4),(0.,1.),.UNSPECIFIED.)
CURVE()
GEOMETRIC_REPRESENTATION_ITEM()
RATIONAL_B_SPLINE_CURVE((1.,1.,1.,1.))
REPRESENTATION_ITEM('')
);
#1378=(
BOUNDED_CURVE()
B_SPLINE_CURVE(3,(#10757,#10758,#10759,#10760),.UNSPECIFIED.,.F.,.F.)
B_SPLINE_CURVE_WITH_KNOTS((4,4),(0.,1.),.UNSPECIFIED.)
CURVE()
GEOMETRIC_REPRESENTATION_ITEM()
RATIONAL_B_SPLINE_CURVE((1.,1.,1.,1.))
REPRESENTATION_ITEM('')
);
#1379=(
BOUNDED_CURVE()
B_SPLINE_CURVE(3,(#10771,#10772,#10773,#10774),.UNSPECIFIED.,.F.,.F.)
B_SPLINE_CURVE_WITH_KNOTS((4,4),(0.,1.),.UNSPECIFIED.)
CURVE()
GEOMETRIC_REPRESENTATION_ITEM()
RATIONAL_B_SPLINE_CURVE((1.,1.,1.,1.))
REPRESENTATION_ITEM('')
);
#1380=(
BOUNDED_CURVE()
B_SPLINE_CURVE(3,(#10785,#10786,#10787,#10788),.UNSPECIFIED.,.F.,.F.)
B_SPLINE_CURVE_WITH_KNOTS((4,4),(0.,0.777805513464946),.UNSPECIFIED.)
CURVE()
GEOMETRIC_REPRESENTATION_ITEM()
RATIONAL_B_SPLINE_CURVE((1.,1.,1.,1.))
REPRESENTATION_ITEM('')
);
#1381=(
BOUNDED_CURVE()
B_SPLINE_CURVE(3,(#10800,#10801,#10802,#10803),.UNSPECIFIED.,.F.,.F.)
B_SPLINE_CURVE_WITH_KNOTS((4,4),(0.790867944289965,1.),.UNSPECIFIED.)
CURVE()
GEOMETRIC_REPRESENTATION_ITEM()
RATIONAL_B_SPLINE_CURVE((1.,1.,1.,1.))
REPRESENTATION_ITEM('')
);
#1382=(
BOUNDED_CURVE()
B_SPLINE_CURVE(3,(#10815,#10816,#10817,#10818),.UNSPECIFIED.,.F.,.F.)
B_SPLINE_CURVE_WITH_KNOTS((4,4),(0.,1.),.UNSPECIFIED.)
CURVE()
GEOMETRIC_REPRESENTATION_ITEM()
RATIONAL_B_SPLINE_CURVE((1.,1.,1.,1.))
REPRESENTATION_ITEM('')
);
#1383=(
BOUNDED_CURVE()
B_SPLINE_CURVE(3,(#10829,#10830,#10831,#10832),.UNSPECIFIED.,.F.,.F.)
B_SPLINE_CURVE_WITH_KNOTS((4,4),(0.,0.425878277536592),.UNSPECIFIED.)
CURVE()
GEOMETRIC_REPRESENTATION_ITEM()
RATIONAL_B_SPLINE_CURVE((1.,1.,1.,1.))
REPRESENTATION_ITEM('')
);
#1384=(
BOUNDED_CURVE()
B_SPLINE_CURVE(3,(#10844,#10845,#10846,#10847),.UNSPECIFIED.,.F.,.F.)
B_SPLINE_CURVE_WITH_KNOTS((4,4),(0.498101725129372,0.730991276606036),
 .UNSPECIFIED.)
CURVE()
GEOMETRIC_REPRESENTATION_ITEM()
RATIONAL_B_SPLINE_CURVE((1.,1.,1.,1.))
REPRESENTATION_ITEM('')
);
#1385=(
BOUNDED_CURVE()
B_SPLINE_CURVE(3,(#10860,#10861,#10862,#10863),.UNSPECIFIED.,.F.,.F.)
B_SPLINE_CURVE_WITH_KNOTS((4,4),(-0.743960252798938,0.),.UNSPECIFIED.)
CURVE()
GEOMETRIC_REPRESENTATION_ITEM()
RATIONAL_B_SPLINE_CURVE((1.,1.,1.,1.))
REPRESENTATION_ITEM('')
);
#1386=(
BOUNDED_CURVE()
B_SPLINE_CURVE(3,(#10875,#10876,#10877,#10878),.UNSPECIFIED.,.F.,.F.)
B_SPLINE_CURVE_WITH_KNOTS((4,4),(-1.,-0.0498203832576866),.UNSPECIFIED.)
CURVE()
GEOMETRIC_REPRESENTATION_ITEM()
RATIONAL_B_SPLINE_CURVE((1.,1.,1.,1.))
REPRESENTATION_ITEM('')
);
#1387=(
BOUNDED_CURVE()
B_SPLINE_CURVE(3,(#10890,#10891,#10892,#10893),.UNSPECIFIED.,.F.,.F.)
B_SPLINE_CURVE_WITH_KNOTS((4,4),(0.126479658080079,1.),.UNSPECIFIED.)
CURVE()
GEOMETRIC_REPRESENTATION_ITEM()
RATIONAL_B_SPLINE_CURVE((1.,1.,1.,1.))
REPRESENTATION_ITEM('')
);
#1388=(
BOUNDED_CURVE()
B_SPLINE_CURVE(3,(#10905,#10906,#10907,#10908),.UNSPECIFIED.,.F.,.F.)
B_SPLINE_CURVE_WITH_KNOTS((4,4),(0.,1.),.UNSPECIFIED.)
CURVE()
GEOMETRIC_REPRESENTATION_ITEM()
RATIONAL_B_SPLINE_CURVE((1.,1.,1.,1.))
REPRESENTATION_ITEM('')
);
#1389=(
BOUNDED_CURVE()
B_SPLINE_CURVE(3,(#10919,#10920,#10921,#10922),.UNSPECIFIED.,.F.,.F.)
B_SPLINE_CURVE_WITH_KNOTS((4,4),(0.,1.),.UNSPECIFIED.)
CURVE()
GEOMETRIC_REPRESENTATION_ITEM()
RATIONAL_B_SPLINE_CURVE((1.,1.,1.,1.))
REPRESENTATION_ITEM('')
);
#1390=(
BOUNDED_CURVE()
B_SPLINE_CURVE(3,(#10933,#10934,#10935,#10936),.UNSPECIFIED.,.F.,.F.)
B_SPLINE_CURVE_WITH_KNOTS((4,4),(0.,1.),.UNSPECIFIED.)
CURVE()
GEOMETRIC_REPRESENTATION_ITEM()
RATIONAL_B_SPLINE_CURVE((1.,1.,1.,1.))
REPRESENTATION_ITEM('')
);
#1391=(
BOUNDED_CURVE()
B_SPLINE_CURVE(3,(#10947,#10948,#10949,#10950),.UNSPECIFIED.,.F.,.F.)
B_SPLINE_CURVE_WITH_KNOTS((4,4),(0.,1.),.UNSPECIFIED.)
CURVE()
GEOMETRIC_REPRESENTATION_ITEM()
RATIONAL_B_SPLINE_CURVE((1.,1.,1.,1.))
REPRESENTATION_ITEM('')
);
#1392=(
BOUNDED_CURVE()
B_SPLINE_CURVE(3,(#10961,#10962,#10963,#10964),.UNSPECIFIED.,.F.,.F.)
B_SPLINE_CURVE_WITH_KNOTS((4,4),(0.,1.),.UNSPECIFIED.)
CURVE()
GEOMETRIC_REPRESENTATION_ITEM()
RATIONAL_B_SPLINE_CURVE((1.,1.,1.,1.))
REPRESENTATION_ITEM('')
);
#1393=(
BOUNDED_CURVE()
B_SPLINE_CURVE(3,(#10975,#10976,#10977,#10978),.UNSPECIFIED.,.F.,.F.)
B_SPLINE_CURVE_WITH_KNOTS((4,4),(0.,1.),.UNSPECIFIED.)
CURVE()
GEOMETRIC_REPRESENTATION_ITEM()
RATIONAL_B_SPLINE_CURVE((1.,1.,1.,1.))
REPRESENTATION_ITEM('')
);
#1394=(
BOUNDED_CURVE()
B_SPLINE_CURVE(3,(#10989,#10990,#10991,#10992),.UNSPECIFIED.,.F.,.F.)
B_SPLINE_CURVE_WITH_KNOTS((4,4),(0.,1.),.UNSPECIFIED.)
CURVE()
GEOMETRIC_REPRESENTATION_ITEM()
RATIONAL_B_SPLINE_CURVE((1.,1.,1.,1.))
REPRESENTATION_ITEM('')
);
#1395=(
BOUNDED_CURVE()
B_SPLINE_CURVE(3,(#11003,#11004,#11005,#11006),.UNSPECIFIED.,.F.,.F.)
B_SPLINE_CURVE_WITH_KNOTS((4,4),(0.,1.),.UNSPECIFIED.)
CURVE()
GEOMETRIC_REPRESENTATION_ITEM()
RATIONAL_B_SPLINE_CURVE((1.,1.,1.,1.))
REPRESENTATION_ITEM('')
);
#1396=(
BOUNDED_CURVE()
B_SPLINE_CURVE(3,(#11017,#11018,#11019,#11020),.UNSPECIFIED.,.F.,.F.)
B_SPLINE_CURVE_WITH_KNOTS((4,4),(0.,1.),.UNSPECIFIED.)
CURVE()
GEOMETRIC_REPRESENTATION_ITEM()
RATIONAL_B_SPLINE_CURVE((1.,1.,1.,1.))
REPRESENTATION_ITEM('')
);
#1397=(
BOUNDED_CURVE()
B_SPLINE_CURVE(3,(#11031,#11032,#11033,#11034),.UNSPECIFIED.,.F.,.F.)
B_SPLINE_CURVE_WITH_KNOTS((4,4),(0.,1.),.UNSPECIFIED.)
CURVE()
GEOMETRIC_REPRESENTATION_ITEM()
RATIONAL_B_SPLINE_CURVE((1.,1.,1.,1.))
REPRESENTATION_ITEM('')
);
#1398=(
BOUNDED_CURVE()
B_SPLINE_CURVE(3,(#11045,#11046,#11047,#11048),.UNSPECIFIED.,.F.,.F.)
B_SPLINE_CURVE_WITH_KNOTS((4,4),(0.,1.),.UNSPECIFIED.)
CURVE()
GEOMETRIC_REPRESENTATION_ITEM()
RATIONAL_B_SPLINE_CURVE((1.,1.,1.,1.))
REPRESENTATION_ITEM('')
);
#1399=(
BOUNDED_CURVE()
B_SPLINE_CURVE(3,(#11059,#11060,#11061,#11062),.UNSPECIFIED.,.F.,.F.)
B_SPLINE_CURVE_WITH_KNOTS((4,4),(0.,0.206693380364743),.UNSPECIFIED.)
CURVE()
GEOMETRIC_REPRESENTATION_ITEM()
RATIONAL_B_SPLINE_CURVE((1.,1.,1.,1.))
REPRESENTATION_ITEM('')
);
#1400=(
BOUNDED_CURVE()
B_SPLINE_CURVE(3,(#11074,#11075,#11076,#11077),.UNSPECIFIED.,.F.,.F.)
B_SPLINE_CURVE_WITH_KNOTS((4,4),(0.239930495122691,1.),.UNSPECIFIED.)
CURVE()
GEOMETRIC_REPRESENTATION_ITEM()
RATIONAL_B_SPLINE_CURVE((1.,1.,1.,1.))
REPRESENTATION_ITEM('')
);
#1401=(
BOUNDED_CURVE()
B_SPLINE_CURVE(3,(#11089,#11090,#11091,#11092),.UNSPECIFIED.,.F.,.F.)
B_SPLINE_CURVE_WITH_KNOTS((4,4),(0.,1.),.UNSPECIFIED.)
CURVE()
GEOMETRIC_REPRESENTATION_ITEM()
RATIONAL_B_SPLINE_CURVE((1.,1.,1.,1.))
REPRESENTATION_ITEM('')
);
#1402=(
BOUNDED_CURVE()
B_SPLINE_CURVE(3,(#11103,#11104,#11105,#11106),.UNSPECIFIED.,.F.,.F.)
B_SPLINE_CURVE_WITH_KNOTS((4,4),(0.,1.),.UNSPECIFIED.)
CURVE()
GEOMETRIC_REPRESENTATION_ITEM()
RATIONAL_B_SPLINE_CURVE((1.,1.,1.,1.))
REPRESENTATION_ITEM('')
);
#1403=(
BOUNDED_CURVE()
B_SPLINE_CURVE(3,(#11117,#11118,#11119,#11120),.UNSPECIFIED.,.F.,.F.)
B_SPLINE_CURVE_WITH_KNOTS((4,4),(0.,1.),.UNSPECIFIED.)
CURVE()
GEOMETRIC_REPRESENTATION_ITEM()
RATIONAL_B_SPLINE_CURVE((1.,1.,1.,1.))
REPRESENTATION_ITEM('')
);
#1404=(
BOUNDED_CURVE()
B_SPLINE_CURVE(3,(#11131,#11132,#11133,#11134),.UNSPECIFIED.,.F.,.F.)
B_SPLINE_CURVE_WITH_KNOTS((4,4),(0.,1.),.UNSPECIFIED.)
CURVE()
GEOMETRIC_REPRESENTATION_ITEM()
RATIONAL_B_SPLINE_CURVE((1.,1.,1.,1.))
REPRESENTATION_ITEM('')
);
#1405=(
BOUNDED_CURVE()
B_SPLINE_CURVE(3,(#11145,#11146,#11147,#11148),.UNSPECIFIED.,.F.,.F.)
B_SPLINE_CURVE_WITH_KNOTS((4,4),(0.,1.),.UNSPECIFIED.)
CURVE()
GEOMETRIC_REPRESENTATION_ITEM()
RATIONAL_B_SPLINE_CURVE((1.,1.,1.,1.))
REPRESENTATION_ITEM('')
);
#1406=(
BOUNDED_CURVE()
B_SPLINE_CURVE(3,(#11159,#11160,#11161,#11162),.UNSPECIFIED.,.F.,.F.)
B_SPLINE_CURVE_WITH_KNOTS((4,4),(0.,1.),.UNSPECIFIED.)
CURVE()
GEOMETRIC_REPRESENTATION_ITEM()
RATIONAL_B_SPLINE_CURVE((1.,1.,1.,1.))
REPRESENTATION_ITEM('')
);
#1407=(
BOUNDED_CURVE()
B_SPLINE_CURVE(3,(#11173,#11174,#11175,#11176),.UNSPECIFIED.,.F.,.F.)
B_SPLINE_CURVE_WITH_KNOTS((4,4),(0.,1.),.UNSPECIFIED.)
CURVE()
GEOMETRIC_REPRESENTATION_ITEM()
RATIONAL_B_SPLINE_CURVE((1.,1.,1.,1.))
REPRESENTATION_ITEM('')
);
#1408=(
BOUNDED_CURVE()
B_SPLINE_CURVE(3,(#11187,#11188,#11189,#11190),.UNSPECIFIED.,.F.,.F.)
B_SPLINE_CURVE_WITH_KNOTS((4,4),(0.,1.),.UNSPECIFIED.)
CURVE()
GEOMETRIC_REPRESENTATION_ITEM()
RATIONAL_B_SPLINE_CURVE((1.,1.,1.,1.))
REPRESENTATION_ITEM('')
);
#1409=(
BOUNDED_CURVE()
B_SPLINE_CURVE(3,(#11201,#11202,#11203,#11204),.UNSPECIFIED.,.F.,.F.)
B_SPLINE_CURVE_WITH_KNOTS((4,4),(0.,1.),.UNSPECIFIED.)
CURVE()
GEOMETRIC_REPRESENTATION_ITEM()
RATIONAL_B_SPLINE_CURVE((1.,1.,1.,1.))
REPRESENTATION_ITEM('')
);
#1410=(
BOUNDED_CURVE()
B_SPLINE_CURVE(3,(#11215,#11216,#11217,#11218),.UNSPECIFIED.,.F.,.F.)
B_SPLINE_CURVE_WITH_KNOTS((4,4),(0.,0.699155636816914),.UNSPECIFIED.)
CURVE()
GEOMETRIC_REPRESENTATION_ITEM()
RATIONAL_B_SPLINE_CURVE((1.,1.,1.,1.))
REPRESENTATION_ITEM('')
);
#1411=(
BOUNDED_CURVE()
B_SPLINE_CURVE(3,(#11230,#11231,#11232,#11233),.UNSPECIFIED.,.F.,.F.)
B_SPLINE_CURVE_WITH_KNOTS((4,4),(-0.994351407134282,0.),.UNSPECIFIED.)
CURVE()
GEOMETRIC_REPRESENTATION_ITEM()
RATIONAL_B_SPLINE_CURVE((1.,1.,1.,1.))
REPRESENTATION_ITEM('')
);
#1412=(
BOUNDED_CURVE()
B_SPLINE_CURVE(3,(#11245,#11246,#11247,#11248),.UNSPECIFIED.,.F.,.F.)
B_SPLINE_CURVE_WITH_KNOTS((4,4),(-1.,0.),.UNSPECIFIED.)
CURVE()
GEOMETRIC_REPRESENTATION_ITEM()
RATIONAL_B_SPLINE_CURVE((1.,1.,1.,1.))
REPRESENTATION_ITEM('')
);
#1413=(
BOUNDED_CURVE()
B_SPLINE_CURVE(3,(#11259,#11260,#11261,#11262),.UNSPECIFIED.,.F.,.F.)
B_SPLINE_CURVE_WITH_KNOTS((4,4),(-1.,-0.38201868708504),.UNSPECIFIED.)
CURVE()
GEOMETRIC_REPRESENTATION_ITEM()
RATIONAL_B_SPLINE_CURVE((1.,1.,1.,1.))
REPRESENTATION_ITEM('')
);
#1414=(
BOUNDED_CURVE()
B_SPLINE_CURVE(3,(#11274,#11275,#11276,#11277),.UNSPECIFIED.,.F.,.F.)
B_SPLINE_CURVE_WITH_KNOTS((4,4),(-0.852938040642419,0.),.UNSPECIFIED.)
CURVE()
GEOMETRIC_REPRESENTATION_ITEM()
RATIONAL_B_SPLINE_CURVE((1.,1.,1.,1.))
REPRESENTATION_ITEM('')
);
#1415=(
BOUNDED_CURVE()
B_SPLINE_CURVE(3,(#11289,#11290,#11291,#11292),.UNSPECIFIED.,.F.,.F.)
B_SPLINE_CURVE_WITH_KNOTS((4,4),(-1.,0.),.UNSPECIFIED.)
CURVE()
GEOMETRIC_REPRESENTATION_ITEM()
RATIONAL_B_SPLINE_CURVE((1.,1.,1.,1.))
REPRESENTATION_ITEM('')
);
#1416=(
BOUNDED_CURVE()
B_SPLINE_CURVE(3,(#11303,#11304,#11305,#11306),.UNSPECIFIED.,.F.,.F.)
B_SPLINE_CURVE_WITH_KNOTS((4,4),(-1.,0.),.UNSPECIFIED.)
CURVE()
GEOMETRIC_REPRESENTATION_ITEM()
RATIONAL_B_SPLINE_CURVE((1.,1.,1.,1.))
REPRESENTATION_ITEM('')
);
#1417=(
BOUNDED_CURVE()
B_SPLINE_CURVE(3,(#11317,#11318,#11319,#11320),.UNSPECIFIED.,.F.,.F.)
B_SPLINE_CURVE_WITH_KNOTS((4,4),(-1.,-0.859318085209594),.UNSPECIFIED.)
CURVE()
GEOMETRIC_REPRESENTATION_ITEM()
RATIONAL_B_SPLINE_CURVE((1.,1.,1.,1.))
REPRESENTATION_ITEM('')
);
#1418=(
BOUNDED_CURVE()
B_SPLINE_CURVE(3,(#11336,#11337,#11338,#11339),.UNSPECIFIED.,.F.,.F.)
B_SPLINE_CURVE_WITH_KNOTS((4,4),(-1.,-0.619003142845737),.UNSPECIFIED.)
CURVE()
GEOMETRIC_REPRESENTATION_ITEM()
RATIONAL_B_SPLINE_CURVE((1.,1.,1.,1.))
REPRESENTATION_ITEM('')
);
#1419=(
BOUNDED_CURVE()
B_SPLINE_CURVE(3,(#11350,#11351,#11352,#11353),.UNSPECIFIED.,.F.,.F.)
B_SPLINE_CURVE_WITH_KNOTS((4,4),(-1.,0.),.UNSPECIFIED.)
CURVE()
GEOMETRIC_REPRESENTATION_ITEM()
RATIONAL_B_SPLINE_CURVE((1.,1.,1.,1.))
REPRESENTATION_ITEM('')
);
#1420=(
BOUNDED_CURVE()
B_SPLINE_CURVE(3,(#11369,#11370,#11371,#11372),.UNSPECIFIED.,.F.,.F.)
B_SPLINE_CURVE_WITH_KNOTS((4,4),(-1.,-0.609536360517143),.UNSPECIFIED.)
CURVE()
GEOMETRIC_REPRESENTATION_ITEM()
RATIONAL_B_SPLINE_CURVE((1.,1.,1.,1.))
REPRESENTATION_ITEM('')
);
#1421=(
BOUNDED_CURVE()
B_SPLINE_CURVE(3,(#11384,#11385,#11386,#11387),.UNSPECIFIED.,.F.,.F.)
B_SPLINE_CURVE_WITH_KNOTS((4,4),(-0.942901874439058,0.),.UNSPECIFIED.)
CURVE()
GEOMETRIC_REPRESENTATION_ITEM()
RATIONAL_B_SPLINE_CURVE((1.,1.,1.,1.))
REPRESENTATION_ITEM('')
);
#1422=(
BOUNDED_CURVE()
B_SPLINE_CURVE(3,(#11399,#11400,#11401,#11402),.UNSPECIFIED.,.F.,.F.)
B_SPLINE_CURVE_WITH_KNOTS((4,4),(-1.,-0.00561220592151754),
 .UNSPECIFIED.)
CURVE()
GEOMETRIC_REPRESENTATION_ITEM()
RATIONAL_B_SPLINE_CURVE((1.,1.,1.,1.))
REPRESENTATION_ITEM('')
);
#1423=(
BOUNDED_CURVE()
B_SPLINE_CURVE(3,(#11413,#11414,#11415,#11416),.UNSPECIFIED.,.F.,.F.)
B_SPLINE_CURVE_WITH_KNOTS((4,4),(0.99006709385049,1.),.UNSPECIFIED.)
CURVE()
GEOMETRIC_REPRESENTATION_ITEM()
RATIONAL_B_SPLINE_CURVE((1.,1.,1.,1.))
REPRESENTATION_ITEM('')
);
#1424=(
BOUNDED_CURVE()
B_SPLINE_CURVE(3,(#11426,#11427,#11428,#11429),.UNSPECIFIED.,.F.,.F.)
B_SPLINE_CURVE_WITH_KNOTS((4,4),(0.,0.0056122059215174),.UNSPECIFIED.)
CURVE()
GEOMETRIC_REPRESENTATION_ITEM()
RATIONAL_B_SPLINE_CURVE((1.,1.,1.,1.))
REPRESENTATION_ITEM('')
);
#1425=(
BOUNDED_CURVE()
B_SPLINE_CURVE(3,(#11440,#11441,#11442,#11443),.UNSPECIFIED.,.F.,.F.)
B_SPLINE_CURVE_WITH_KNOTS((4,4),(-0.99006709384758,0.),.UNSPECIFIED.)
CURVE()
GEOMETRIC_REPRESENTATION_ITEM()
RATIONAL_B_SPLINE_CURVE((1.,1.,1.,1.))
REPRESENTATION_ITEM('')
);
#1426=(
BOUNDED_CURVE()
B_SPLINE_CURVE(3,(#11454,#11455,#11456,#11457),.UNSPECIFIED.,.F.,.F.)
B_SPLINE_CURVE_WITH_KNOTS((4,4),(-1.,0.),.UNSPECIFIED.)
CURVE()
GEOMETRIC_REPRESENTATION_ITEM()
RATIONAL_B_SPLINE_CURVE((1.,1.,1.,1.))
REPRESENTATION_ITEM('')
);
#1427=(
BOUNDED_CURVE()
B_SPLINE_CURVE(3,(#11468,#11469,#11470,#11471),.UNSPECIFIED.,.F.,.F.)
B_SPLINE_CURVE_WITH_KNOTS((4,4),(-1.,0.),.UNSPECIFIED.)
CURVE()
GEOMETRIC_REPRESENTATION_ITEM()
RATIONAL_B_SPLINE_CURVE((1.,1.,1.,1.))
REPRESENTATION_ITEM('')
);
#1428=(
BOUNDED_CURVE()
B_SPLINE_CURVE(3,(#11482,#11483,#11484,#11485),.UNSPECIFIED.,.F.,.F.)
B_SPLINE_CURVE_WITH_KNOTS((4,4),(-1.,-0.452780864132631),.UNSPECIFIED.)
CURVE()
GEOMETRIC_REPRESENTATION_ITEM()
RATIONAL_B_SPLINE_CURVE((1.,1.,1.,1.))
REPRESENTATION_ITEM('')
);
#1429=(
BOUNDED_CURVE()
B_SPLINE_CURVE(3,(#11497,#11498,#11499,#11500),.UNSPECIFIED.,.F.,.F.)
B_SPLINE_CURVE_WITH_KNOTS((4,4),(0.466644121690627,1.),.UNSPECIFIED.)
CURVE()
GEOMETRIC_REPRESENTATION_ITEM()
RATIONAL_B_SPLINE_CURVE((1.,1.,1.,1.))
REPRESENTATION_ITEM('')
);
#1430=(
BOUNDED_CURVE()
B_SPLINE_CURVE(3,(#11512,#11513,#11514,#11515),.UNSPECIFIED.,.F.,.F.)
B_SPLINE_CURVE_WITH_KNOTS((4,4),(0.,1.),.UNSPECIFIED.)
CURVE()
GEOMETRIC_REPRESENTATION_ITEM()
RATIONAL_B_SPLINE_CURVE((1.,1.,1.,1.))
REPRESENTATION_ITEM('')
);
#1431=(
BOUNDED_CURVE()
B_SPLINE_CURVE(3,(#11526,#11527,#11528,#11529),.UNSPECIFIED.,.F.,.F.)
B_SPLINE_CURVE_WITH_KNOTS((4,4),(0.,1.),.UNSPECIFIED.)
CURVE()
GEOMETRIC_REPRESENTATION_ITEM()
RATIONAL_B_SPLINE_CURVE((1.,1.,1.,1.))
REPRESENTATION_ITEM('')
);
#1432=(
BOUNDED_CURVE()
B_SPLINE_CURVE(3,(#11545,#11546,#11547,#11548),.UNSPECIFIED.,.F.,.F.)
B_SPLINE_CURVE_WITH_KNOTS((4,4),(0.,0.182331240087988),.UNSPECIFIED.)
CURVE()
GEOMETRIC_REPRESENTATION_ITEM()
RATIONAL_B_SPLINE_CURVE((1.,1.,1.,1.))
REPRESENTATION_ITEM('')
);
#1433=(
BOUNDED_CURVE()
B_SPLINE_CURVE(3,(#11560,#11561,#11562,#11563),.UNSPECIFIED.,.F.,.F.)
B_SPLINE_CURVE_WITH_KNOTS((4,4),(-0.62133383904944,-0.186356440505876),
 .UNSPECIFIED.)
CURVE()
GEOMETRIC_REPRESENTATION_ITEM()
RATIONAL_B_SPLINE_CURVE((1.,1.,1.,1.))
REPRESENTATION_ITEM('')
);
#1434=(
BOUNDED_CURVE()
B_SPLINE_CURVE(3,(#11576,#11577,#11578,#11579),.UNSPECIFIED.,.F.,.F.)
B_SPLINE_CURVE_WITH_KNOTS((4,4),(-0.0256577693836247,0.),.UNSPECIFIED.)
CURVE()
GEOMETRIC_REPRESENTATION_ITEM()
RATIONAL_B_SPLINE_CURVE((1.,1.,1.,1.))
REPRESENTATION_ITEM('')
);
#1435=(
BOUNDED_CURVE()
B_SPLINE_CURVE(3,(#11591,#11592,#11593,#11594),.UNSPECIFIED.,.F.,.F.)
B_SPLINE_CURVE_WITH_KNOTS((4,4),(-1.,0.),.UNSPECIFIED.)
CURVE()
GEOMETRIC_REPRESENTATION_ITEM()
RATIONAL_B_SPLINE_CURVE((1.,1.,1.,1.))
REPRESENTATION_ITEM('')
);
#1436=(
BOUNDED_CURVE()
B_SPLINE_CURVE(3,(#11605,#11606,#11607,#11608),.UNSPECIFIED.,.F.,.F.)
B_SPLINE_CURVE_WITH_KNOTS((4,4),(-1.,0.),.UNSPECIFIED.)
CURVE()
GEOMETRIC_REPRESENTATION_ITEM()
RATIONAL_B_SPLINE_CURVE((1.,1.,1.,1.))
REPRESENTATION_ITEM('')
);
#1437=(
BOUNDED_CURVE()
B_SPLINE_CURVE(3,(#11630,#11631,#11632,#11633),.UNSPECIFIED.,.F.,.F.)
B_SPLINE_CURVE_WITH_KNOTS((4,4),(-1.,0.),.UNSPECIFIED.)
CURVE()
GEOMETRIC_REPRESENTATION_ITEM()
RATIONAL_B_SPLINE_CURVE((1.,1.,1.,1.))
REPRESENTATION_ITEM('')
);
#1438=(
BOUNDED_CURVE()
B_SPLINE_CURVE(3,(#11644,#11645,#11646,#11647),.UNSPECIFIED.,.F.,.F.)
B_SPLINE_CURVE_WITH_KNOTS((4,4),(-1.,0.),.UNSPECIFIED.)
CURVE()
GEOMETRIC_REPRESENTATION_ITEM()
RATIONAL_B_SPLINE_CURVE((1.,1.,1.,1.))
REPRESENTATION_ITEM('')
);
#1439=(
BOUNDED_CURVE()
B_SPLINE_CURVE(3,(#11658,#11659,#11660,#11661),.UNSPECIFIED.,.F.,.F.)
B_SPLINE_CURVE_WITH_KNOTS((4,4),(-1.,-0.329269331915488),.UNSPECIFIED.)
CURVE()
GEOMETRIC_REPRESENTATION_ITEM()
RATIONAL_B_SPLINE_CURVE((1.,1.,1.,1.))
REPRESENTATION_ITEM('')
);
#1440=(
BOUNDED_CURVE()
B_SPLINE_CURVE(3,(#11673,#11674,#11675,#11676),.UNSPECIFIED.,.F.,.F.)
B_SPLINE_CURVE_WITH_KNOTS((4,4),(-0.749164812391899,0.),.UNSPECIFIED.)
CURVE()
GEOMETRIC_REPRESENTATION_ITEM()
RATIONAL_B_SPLINE_CURVE((1.,1.,1.,1.))
REPRESENTATION_ITEM('')
);
#1441=(
BOUNDED_CURVE()
B_SPLINE_CURVE(3,(#11688,#11689,#11690,#11691),.UNSPECIFIED.,.F.,.F.)
B_SPLINE_CURVE_WITH_KNOTS((4,4),(-1.,0.),.UNSPECIFIED.)
CURVE()
GEOMETRIC_REPRESENTATION_ITEM()
RATIONAL_B_SPLINE_CURVE((1.,1.,1.,1.))
REPRESENTATION_ITEM('')
);
#1442=(
BOUNDED_CURVE()
B_SPLINE_CURVE(3,(#11702,#11703,#11704,#11705),.UNSPECIFIED.,.F.,.F.)
B_SPLINE_CURVE_WITH_KNOTS((4,4),(-1.,0.),.UNSPECIFIED.)
CURVE()
GEOMETRIC_REPRESENTATION_ITEM()
RATIONAL_B_SPLINE_CURVE((1.,1.,1.,1.))
REPRESENTATION_ITEM('')
);
#1443=(
BOUNDED_CURVE()
B_SPLINE_CURVE(3,(#11727,#11728,#11729,#11730),.UNSPECIFIED.,.F.,.F.)
B_SPLINE_CURVE_WITH_KNOTS((4,4),(-1.,-0.26923699529967),.UNSPECIFIED.)
CURVE()
GEOMETRIC_REPRESENTATION_ITEM()
RATIONAL_B_SPLINE_CURVE((1.,1.,1.,1.))
REPRESENTATION_ITEM('')
);
#1444=(
BOUNDED_CURVE()
B_SPLINE_CURVE(3,(#11747,#11748,#11749,#11750),.UNSPECIFIED.,.F.,.F.)
B_SPLINE_CURVE_WITH_KNOTS((4,4),(-0.738437431889152,-0.36117521039381),
 .UNSPECIFIED.)
CURVE()
GEOMETRIC_REPRESENTATION_ITEM()
RATIONAL_B_SPLINE_CURVE((1.,1.,1.,1.))
REPRESENTATION_ITEM('')
);
#1445=(
BOUNDED_CURVE()
B_SPLINE_CURVE(3,(#11762,#11763,#11764,#11765),.UNSPECIFIED.,.F.,.F.)
B_SPLINE_CURVE_WITH_KNOTS((4,4),(-1.,0.),.UNSPECIFIED.)
CURVE()
GEOMETRIC_REPRESENTATION_ITEM()
RATIONAL_B_SPLINE_CURVE((1.,1.,1.,1.))
REPRESENTATION_ITEM('')
);
#1446=(
BOUNDED_CURVE()
B_SPLINE_CURVE(3,(#11776,#11777,#11778,#11779),.UNSPECIFIED.,.F.,.F.)
B_SPLINE_CURVE_WITH_KNOTS((4,4),(-1.,0.),.UNSPECIFIED.)
CURVE()
GEOMETRIC_REPRESENTATION_ITEM()
RATIONAL_B_SPLINE_CURVE((1.,1.,1.,1.))
REPRESENTATION_ITEM('')
);
#1447=(
BOUNDED_CURVE()
B_SPLINE_CURVE(3,(#11790,#11791,#11792,#11793),.UNSPECIFIED.,.F.,.F.)
B_SPLINE_CURVE_WITH_KNOTS((4,4),(-1.,-0.885696865343369),.UNSPECIFIED.)
CURVE()
GEOMETRIC_REPRESENTATION_ITEM()
RATIONAL_B_SPLINE_CURVE((1.,1.,1.,1.))
REPRESENTATION_ITEM('')
);
#1448=LINE('',#7650,#1915);
#1449=LINE('',#7652,#1916);
#1450=LINE('',#7660,#1917);
#1451=LINE('',#7662,#1918);
#1452=LINE('',#7664,#1919);
#1453=LINE('',#7676,#1920);
#1454=LINE('',#7701,#1921);
#1455=LINE('',#7778,#1922);
#1456=LINE('',#7784,#1923);
#1457=LINE('',#7794,#1924);
#1458=LINE('',#7808,#1925);
#1459=LINE('',#7822,#1926);
#1460=LINE('',#7836,#1927);
#1461=LINE('',#7869,#1928);
#1462=LINE('',#7883,#1929);
#1463=LINE('',#7897,#1930);
#1464=LINE('',#7903,#1931);
#1465=LINE('',#7913,#1932);
#1466=LINE('',#7927,#1933);
#1467=LINE('',#7933,#1934);
#1468=LINE('',#7943,#1935);
#1469=LINE('',#7949,#1936);
#1470=LINE('',#7971,#1937);
#1471=LINE('',#7976,#1938);
#1472=LINE('',#7978,#1939);
#1473=LINE('',#7980,#1940);
#1474=LINE('',#7981,#1941);
#1475=LINE('',#7984,#1942);
#1476=LINE('',#7986,#1943);
#1477=LINE('',#7988,#1944);
#1478=LINE('',#7989,#1945);
#1479=LINE('',#7991,#1946);
#1480=LINE('',#7992,#1947);
#1481=LINE('',#7996,#1948);
#1482=LINE('',#8001,#1949);
#1483=LINE('',#8003,#1950);
#1484=LINE('',#8004,#1951);
#1485=LINE('',#8007,#1952);
#1486=LINE('',#8008,#1953);
#1487=LINE('',#8010,#1954);
#1488=LINE('',#8012,#1955);
#1489=LINE('',#8015,#1956);
#1490=LINE('',#8019,#1957);
#1491=LINE('',#8023,#1958);
#1492=LINE('',#8047,#1959);
#1493=LINE('',#8138,#1960);
#1494=LINE('',#8145,#1961);
#1495=LINE('',#8146,#1962);
#1496=LINE('',#8148,#1963);
#1497=LINE('',#8152,#1964);
#1498=LINE('',#8169,#1965);
#1499=LINE('',#8188,#1966);
#1500=LINE('',#8202,#1967);
#1501=LINE('',#8203,#1968);
#1502=LINE('',#8207,#1969);
#1503=LINE('',#8223,#1970);
#1504=LINE('',#8224,#1971);
#1505=LINE('',#8228,#1972);
#1506=LINE('',#8234,#1973);
#1507=LINE('',#8255,#1974);
#1508=LINE('',#8265,#1975);
#1509=LINE('',#8271,#1976);
#1510=LINE('',#8281,#1977);
#1511=LINE('',#8314,#1978);
#1512=LINE('',#8328,#1979);
#1513=LINE('',#8342,#1980);
#1514=LINE('',#8348,#1981);
#1515=LINE('',#8358,#1982);
#1516=LINE('',#8372,#1983);
#1517=LINE('',#8378,#1984);
#1518=LINE('',#8388,#1985);
#1519=LINE('',#8394,#1986);
#1520=LINE('',#8404,#1987);
#1521=LINE('',#8418,#1988);
#1522=LINE('',#8425,#1989);
#1523=LINE('',#8427,#1990);
#1524=LINE('',#8429,#1991);
#1525=LINE('',#8430,#1992);
#1526=LINE('',#8432,#1993);
#1527=LINE('',#8434,#1994);
#1528=LINE('',#8435,#1995);
#1529=LINE('',#8437,#1996);
#1530=LINE('',#8438,#1997);
#1531=LINE('',#8440,#1998);
#1532=LINE('',#8442,#1999);
#1533=LINE('',#8443,#2000);
#1534=LINE('',#8448,#2001);
#1535=LINE('',#8453,#2002);
#1536=LINE('',#8454,#2003);
#1537=LINE('',#8455,#2004);
#1538=LINE('',#8457,#2005);
#1539=LINE('',#8459,#2006);
#1540=LINE('',#8460,#2007);
#1541=LINE('',#8462,#2008);
#1542=LINE('',#8464,#2009);
#1543=LINE('',#8467,#2010);
#1544=LINE('',#8472,#2011);
#1545=LINE('',#8473,#2012);
#1546=LINE('',#8476,#2013);
#1547=LINE('',#8480,#2014);
#1548=LINE('',#8483,#2015);
#1549=LINE('',#8507,#2016);
#1550=LINE('',#8514,#2017);
#1551=LINE('',#8516,#2018);
#1552=LINE('',#8518,#2019);
#1553=LINE('',#8522,#2020);
#1554=LINE('',#8554,#2021);
#1555=LINE('',#8574,#2022);
#1556=LINE('',#8582,#2023);
#1557=LINE('',#8588,#2024);
#1558=LINE('',#8624,#2025);
#1559=LINE('',#8638,#2026);
#1560=LINE('',#8644,#2027);
#1561=LINE('',#8654,#2028);
#1562=LINE('',#8660,#2029);
#1563=LINE('',#8670,#2030);
#1564=LINE('',#8676,#2031);
#1565=LINE('',#8686,#2032);
#1566=LINE('',#8700,#2033);
#1567=LINE('',#8714,#2034);
#1568=LINE('',#8728,#2035);
#1569=LINE('',#8742,#2036);
#1570=LINE('',#8749,#2037);
#1571=LINE('',#8751,#2038);
#1572=LINE('',#8753,#2039);
#1573=LINE('',#8754,#2040);
#1574=LINE('',#8757,#2041);
#1575=LINE('',#8760,#2042);
#1576=LINE('',#8763,#2043);
#1577=LINE('',#8768,#2044);
#1578=LINE('',#8769,#2045);
#1579=LINE('',#8771,#2046);
#1580=LINE('',#8772,#2047);
#1581=LINE('',#8775,#2048);
#1582=LINE('',#8779,#2049);
#1583=LINE('',#8783,#2050);
#1584=LINE('',#8784,#2051);
#1585=LINE('',#8787,#2052);
#1586=LINE('',#8789,#2053);
#1587=LINE('',#8791,#2054);
#1588=LINE('',#8792,#2055);
#1589=LINE('',#8794,#2056);
#1590=LINE('',#8796,#2057);
#1591=LINE('',#8798,#2058);
#1592=LINE('',#8822,#2059);
#1593=LINE('',#8830,#2060);
#1594=LINE('',#8842,#2061);
#1595=LINE('',#8843,#2062);
#1596=LINE('',#8844,#2063);
#1597=LINE('',#8848,#2064);
#1598=LINE('',#8854,#2065);
#1599=LINE('',#8871,#2066);
#1600=LINE('',#8910,#2067);
#1601=LINE('',#8916,#2068);
#1602=LINE('',#8931,#2069);
#1603=LINE('',#8951,#2070);
#1604=LINE('',#8957,#2071);
#1605=LINE('',#8972,#2072);
#1606=LINE('',#8992,#2073);
#1607=LINE('',#8998,#2074);
#1608=LINE('',#9013,#2075);
#1609=LINE('',#9074,#2076);
#1610=LINE('',#9077,#2077);
#1611=LINE('',#9080,#2078);
#1612=LINE('',#9082,#2079);
#1613=LINE('',#9084,#2080);
#1614=LINE('',#9085,#2081);
#1615=LINE('',#9087,#2082);
#1616=LINE('',#9089,#2083);
#1617=LINE('',#9090,#2084);
#1618=LINE('',#9093,#2085);
#1619=LINE('',#9094,#2086);
#1620=LINE('',#9096,#2087);
#1621=LINE('',#9097,#2088);
#1622=LINE('',#9099,#2089);
#1623=LINE('',#9101,#2090);
#1624=LINE('',#9103,#2091);
#1625=LINE('',#9105,#2092);
#1626=LINE('',#9106,#2093);
#1627=LINE('',#9109,#2094);
#1628=LINE('',#9110,#2095);
#1629=LINE('',#9112,#2096);
#1630=LINE('',#9115,#2097);
#1631=LINE('',#9117,#2098);
#1632=LINE('',#9118,#2099);
#1633=LINE('',#9123,#2100);
#1634=LINE('',#9126,#2101);
#1635=LINE('',#9132,#2102);
#1636=LINE('',#9134,#2103);
#1637=LINE('',#9135,#2104);
#1638=LINE('',#9159,#2105);
#1639=LINE('',#9186,#2106);
#1640=LINE('',#9213,#2107);
#1641=LINE('',#9272,#2108);
#1642=LINE('',#9355,#2109);
#1643=LINE('',#9362,#2110);
#1644=LINE('',#9386,#2111);
#1645=LINE('',#9388,#2112);
#1646=LINE('',#9390,#2113);
#1647=LINE('',#9392,#2114);
#1648=LINE('',#9547,#2115);
#1649=LINE('',#9549,#2116);
#1650=LINE('',#9607,#2117);
#1651=LINE('',#9609,#2118);
#1652=LINE('',#9611,#2119);
#1653=LINE('',#9731,#2120);
#1654=LINE('',#9733,#2121);
#1655=LINE('',#9734,#2122);
#1656=LINE('',#9736,#2123);
#1657=LINE('',#9738,#2124);
#1658=LINE('',#9744,#2125);
#1659=LINE('',#9746,#2126);
#1660=LINE('',#9789,#2127);
#1661=LINE('',#9811,#2128);
#1662=LINE('',#9813,#2129);
#1663=LINE('',#9820,#2130);
#1664=LINE('',#9822,#2131);
#1665=LINE('',#9824,#2132);
#1666=LINE('',#9904,#2133);
#1667=LINE('',#9906,#2134);
#1668=LINE('',#9907,#2135);
#1669=LINE('',#9909,#2136);
#1670=LINE('',#9911,#2137);
#1671=LINE('',#9976,#2138);
#1672=LINE('',#9978,#2139);
#1673=LINE('',#9989,#2140);
#1674=LINE('',#9991,#2141);
#1675=LINE('',#10002,#2142);
#1676=LINE('',#10004,#2143);
#1677=LINE('',#10048,#2144);
#1678=LINE('',#10054,#2145);
#1679=LINE('',#10071,#2146);
#1680=LINE('',#10111,#2147);
#1681=LINE('',#10117,#2148);
#1682=LINE('',#10127,#2149);
#1683=LINE('',#10153,#2150);
#1684=LINE('',#10159,#2151);
#1685=LINE('',#10169,#2152);
#1686=LINE('',#10195,#2153);
#1687=LINE('',#10228,#2154);
#1688=LINE('',#10234,#2155);
#1689=LINE('',#10244,#2156);
#1690=LINE('',#10258,#2157);
#1691=LINE('',#10272,#2158);
#1692=LINE('',#10286,#2159);
#1693=LINE('',#10291,#2160);
#1694=LINE('',#10313,#2161);
#1695=LINE('',#10327,#2162);
#1696=LINE('',#10386,#2163);
#1697=LINE('',#10392,#2164);
#1698=LINE('',#10402,#2165);
#1699=LINE('',#10416,#2166);
#1700=LINE('',#10430,#2167);
#1701=LINE('',#10444,#2168);
#1702=LINE('',#10458,#2169);
#1703=LINE('',#10472,#2170);
#1704=LINE('',#10486,#2171);
#1705=LINE('',#10500,#2172);
#1706=LINE('',#10514,#2173);
#1707=LINE('',#10528,#2174);
#1708=LINE('',#10542,#2175);
#1709=LINE('',#10556,#2176);
#1710=LINE('',#10562,#2177);
#1711=LINE('',#10572,#2178);
#1712=LINE('',#10586,#2179);
#1713=LINE('',#10600,#2180);
#1714=LINE('',#10614,#2181);
#1715=LINE('',#10628,#2182);
#1716=LINE('',#10642,#2183);
#1717=LINE('',#10656,#2184);
#1718=LINE('',#10670,#2185);
#1719=LINE('',#10684,#2186);
#1720=LINE('',#10698,#2187);
#1721=LINE('',#10712,#2188);
#1722=LINE('',#10718,#2189);
#1723=LINE('',#10728,#2190);
#1724=LINE('',#10742,#2191);
#1725=LINE('',#10756,#2192);
#1726=LINE('',#10770,#2193);
#1727=LINE('',#10784,#2194);
#1728=LINE('',#10798,#2195);
#1729=LINE('',#10804,#2196);
#1730=LINE('',#10814,#2197);
#1731=LINE('',#10828,#2198);
#1732=LINE('',#10842,#2199);
#1733=LINE('',#10848,#2200);
#1734=LINE('',#10858,#2201);
#1735=LINE('',#10864,#2202);
#1736=LINE('',#10874,#2203);
#1737=LINE('',#10888,#2204);
#1738=LINE('',#10894,#2205);
#1739=LINE('',#10904,#2206);
#1740=LINE('',#10918,#2207);
#1741=LINE('',#10932,#2208);
#1742=LINE('',#10946,#2209);
#1743=LINE('',#10960,#2210);
#1744=LINE('',#10974,#2211);
#1745=LINE('',#10988,#2212);
#1746=LINE('',#11002,#2213);
#1747=LINE('',#11016,#2214);
#1748=LINE('',#11030,#2215);
#1749=LINE('',#11044,#2216);
#1750=LINE('',#11058,#2217);
#1751=LINE('',#11072,#2218);
#1752=LINE('',#11078,#2219);
#1753=LINE('',#11088,#2220);
#1754=LINE('',#11102,#2221);
#1755=LINE('',#11116,#2222);
#1756=LINE('',#11130,#2223);
#1757=LINE('',#11144,#2224);
#1758=LINE('',#11158,#2225);
#1759=LINE('',#11172,#2226);
#1760=LINE('',#11186,#2227);
#1761=LINE('',#11200,#2228);
#1762=LINE('',#11214,#2229);
#1763=LINE('',#11228,#2230);
#1764=LINE('',#11234,#2231);
#1765=LINE('',#11244,#2232);
#1766=LINE('',#11258,#2233);
#1767=LINE('',#11272,#2234);
#1768=LINE('',#11278,#2235);
#1769=LINE('',#11288,#2236);
#1770=LINE('',#11302,#2237);
#1771=LINE('',#11316,#2238);
#1772=LINE('',#11349,#2239);
#1773=LINE('',#11382,#2240);
#1774=LINE('',#11388,#2241);
#1775=LINE('',#11398,#2242);
#1776=LINE('',#11412,#2243);
#1777=LINE('',#11417,#2244);
#1778=LINE('',#11439,#2245);
#1779=LINE('',#11453,#2246);
#1780=LINE('',#11467,#2247);
#1781=LINE('',#11481,#2248);
#1782=LINE('',#11495,#2249);
#1783=LINE('',#11501,#2250);
#1784=LINE('',#11511,#2251);
#1785=LINE('',#11525,#2252);
#1786=LINE('',#11558,#2253);
#1787=LINE('',#11564,#2254);
#1788=LINE('',#11574,#2255);
#1789=LINE('',#11580,#2256);
#1790=LINE('',#11590,#2257);
#1791=LINE('',#11604,#2258);
#1792=LINE('',#11616,#2259);
#1793=LINE('',#11629,#2260);
#1794=LINE('',#11643,#2261);
#1795=LINE('',#11657,#2262);
#1796=LINE('',#11671,#2263);
#1797=LINE('',#11677,#2264);
#1798=LINE('',#11687,#2265);
#1799=LINE('',#11701,#2266);
#1800=LINE('',#11713,#2267);
#1801=LINE('',#11726,#2268);
#1802=LINE('',#11751,#2269);
#1803=LINE('',#11761,#2270);
#1804=LINE('',#11775,#2271);
#1805=LINE('',#11789,#2272);
#1806=LINE('',#11798,#2273);
#1807=LINE('',#11801,#2274);
#1808=LINE('',#11804,#2275);
#1809=LINE('',#11806,#2276);
#1810=LINE('',#11808,#2277);
#1811=LINE('',#11809,#2278);
#1812=LINE('',#11812,#2279);
#1813=LINE('',#11813,#2280);
#1814=LINE('',#11816,#2281);
#1815=LINE('',#11817,#2282);
#1816=LINE('',#11819,#2283);
#1817=LINE('',#11820,#2284);
#1818=LINE('',#11824,#2285);
#1819=LINE('',#11828,#2286);
#1820=LINE('',#11830,#2287);
#1821=LINE('',#11831,#2288);
#1822=LINE('',#11834,#2289);
#1823=LINE('',#11836,#2290);
#1824=LINE('',#11837,#2291);
#1825=LINE('',#11840,#2292);
#1826=LINE('',#11841,#2293);
#1827=LINE('',#11842,#2294);
#1828=LINE('',#11845,#2295);
#1829=LINE('',#11847,#2296);
#1830=LINE('',#11848,#2297);
#1831=LINE('',#11851,#2298);
#1832=LINE('',#11852,#2299);
#1833=LINE('',#11853,#2300);
#1834=LINE('',#11856,#2301);
#1835=LINE('',#11857,#2302);
#1836=LINE('',#11863,#2303);
#1837=LINE('',#11867,#2304);
#1838=LINE('',#11869,#2305);
#1839=LINE('',#11871,#2306);
#1840=LINE('',#11872,#2307);
#1841=LINE('',#11875,#2308);
#1842=LINE('',#11877,#2309);
#1843=LINE('',#11878,#2310);
#1844=LINE('',#11881,#2311);
#1845=LINE('',#11882,#2312);
#1846=LINE('',#11887,#2313);
#1847=LINE('',#11890,#2314);
#1848=LINE('',#11896,#2315);
#1849=LINE('',#11899,#2316);
#1850=LINE('',#11901,#2317);
#1851=LINE('',#11903,#2318);
#1852=LINE('',#11904,#2319);
#1853=LINE('',#11909,#2320);
#1854=LINE('',#11913,#2321);
#1855=LINE('',#11917,#2322);
#1856=LINE('',#11919,#2323);
#1857=LINE('',#11921,#2324);
#1858=LINE('',#11922,#2325);
#1859=LINE('',#11925,#2326);
#1860=LINE('',#11932,#2327);
#1861=LINE('',#11936,#2328);
#1862=LINE('',#11937,#2329);
#1863=LINE('',#11938,#2330);
#1864=LINE('',#11941,#2331);
#1865=LINE('',#11942,#2332);
#1866=LINE('',#11945,#2333);
#1867=LINE('',#11947,#2334);
#1868=LINE('',#11948,#2335);
#1869=LINE('',#11951,#2336);
#1870=LINE('',#11952,#2337);
#1871=LINE('',#11953,#2338);
#1872=LINE('',#11956,#2339);
#1873=LINE('',#11958,#2340);
#1874=LINE('',#11959,#2341);
#1875=LINE('',#11964,#2342);
#1876=LINE('',#11969,#2343);
#1877=LINE('',#11972,#2344);
#1878=LINE('',#11974,#2345);
#1879=LINE('',#11980,#2346);
#1880=LINE('',#11983,#2347);
#1881=LINE('',#11984,#2348);
#1882=LINE('',#11997,#2349);
#1883=LINE('',#11998,#2350);
#1884=LINE('',#12002,#2351);
#1885=LINE('',#12007,#2352);
#1886=LINE('',#12011,#2353);
#1887=LINE('',#12014,#2354);
#1888=LINE('',#12015,#2355);
#1889=LINE('',#12019,#2356);
#1890=LINE('',#12022,#2357);
#1891=LINE('',#12024,#2358);
#1892=LINE('',#12025,#2359);
#1893=LINE('',#12026,#2360);
#1894=LINE('',#12030,#2361);
#1895=LINE('',#12041,#2362);
#1896=LINE('',#12043,#2363);
#1897=LINE('',#12045,#2364);
#1898=LINE('',#12046,#2365);
#1899=LINE('',#12049,#2366);
#1900=LINE('',#12050,#2367);
#1901=LINE('',#12052,#2368);
#1902=LINE('',#12054,#2369);
#1903=LINE('',#12058,#2370);
#1904=LINE('',#12065,#2371);
#1905=LINE('',#12072,#2372);
#1906=LINE('',#12079,#2373);
#1907=LINE('',#12085,#2374);
#1908=LINE('',#12087,#2375);
#1909=LINE('',#12089,#2376);
#1910=LINE('',#12091,#2377);
#1911=LINE('',#12094,#2378);
#1912=LINE('',#12097,#2379);
#1913=LINE('',#12098,#2380);
#1914=LINE('',#12102,#2381);
#1915=VECTOR('',#6663,10.);
#1916=VECTOR('',#6664,10.);
#1917=VECTOR('',#6667,10.);
#1918=VECTOR('',#6668,10.);
#1919=VECTOR('',#6669,10.);
#1920=VECTOR('',#6670,10.);
#1921=VECTOR('',#6679,10.);
#1922=VECTOR('',#6682,10.);
#1923=VECTOR('',#6683,10.);
#1924=VECTOR('',#6684,10.);
#1925=VECTOR('',#6685,10.);
#1926=VECTOR('',#6686,10.);
#1927=VECTOR('',#6687,10.);
#1928=VECTOR('',#6688,10.);
#1929=VECTOR('',#6689,10.);
#1930=VECTOR('',#6690,10.);
#1931=VECTOR('',#6691,10.);
#1932=VECTOR('',#6692,10.);
#1933=VECTOR('',#6693,10.);
#1934=VECTOR('',#6694,10.);
#1935=VECTOR('',#6695,10.);
#1936=VECTOR('',#6696,10.);
#1937=VECTOR('',#6699,5.04999999999999);
#1938=VECTOR('',#6706,10.);
#1939=VECTOR('',#6707,10.);
#1940=VECTOR('',#6708,10.);
#1941=VECTOR('',#6709,10.);
#1942=VECTOR('',#6712,10.);
#1943=VECTOR('',#6713,10.);
#1944=VECTOR('',#6714,10.);
#1945=VECTOR('',#6715,10.);
#1946=VECTOR('',#6718,10.);
#1947=VECTOR('',#6719,10.);
#1948=VECTOR('',#6724,10.);
#1949=VECTOR('',#6731,10.);
#1950=VECTOR('',#6732,10.);
#1951=VECTOR('',#6733,10.);
#1952=VECTOR('',#6736,10.);
#1953=VECTOR('',#6737,10.);
#1954=VECTOR('',#6740,10.);
#1955=VECTOR('',#6743,10.);
#1956=VECTOR('',#6746,10.);
#1957=VECTOR('',#6751,10.);
#1958=VECTOR('',#6758,10.);
#1959=VECTOR('',#6761,10.);
#1960=VECTOR('',#6762,10.);
#1961=VECTOR('',#6765,10.);
#1962=VECTOR('',#6766,10.);
#1963=VECTOR('',#6767,10.);
#1964=VECTOR('',#6770,10.);
#1965=VECTOR('',#6771,10.);
#1966=VECTOR('',#6774,10.);
#1967=VECTOR('',#6779,10.);
#1968=VECTOR('',#6780,10.);
#1969=VECTOR('',#6783,10.);
#1970=VECTOR('',#6784,10.);
#1971=VECTOR('',#6785,10.);
#1972=VECTOR('',#6788,10.);
#1973=VECTOR('',#6789,10.);
#1974=VECTOR('',#6790,10.);
#1975=VECTOR('',#6791,10.);
#1976=VECTOR('',#6792,10.);
#1977=VECTOR('',#6793,10.);
#1978=VECTOR('',#6794,10.);
#1979=VECTOR('',#6795,10.);
#1980=VECTOR('',#6796,10.);
#1981=VECTOR('',#6797,10.);
#1982=VECTOR('',#6798,10.);
#1983=VECTOR('',#6799,10.);
#1984=VECTOR('',#6800,10.);
#1985=VECTOR('',#6801,10.);
#1986=VECTOR('',#6802,10.);
#1987=VECTOR('',#6803,10.);
#1988=VECTOR('',#6804,10.);
#1989=VECTOR('',#6807,10.);
#1990=VECTOR('',#6808,10.);
#1991=VECTOR('',#6809,10.);
#1992=VECTOR('',#6810,10.);
#1993=VECTOR('',#6813,10.);
#1994=VECTOR('',#6814,10.);
#1995=VECTOR('',#6815,10.);
#1996=VECTOR('',#6818,10.);
#1997=VECTOR('',#6819,10.);
#1998=VECTOR('',#6820,10.);
#1999=VECTOR('',#6821,10.);
#2000=VECTOR('',#6822,10.);
#2001=VECTOR('',#6827,10.);
#2002=VECTOR('',#6834,10.);
#2003=VECTOR('',#6835,10.);
#2004=VECTOR('',#6836,10.);
#2005=VECTOR('',#6839,10.);
#2006=VECTOR('',#6840,10.);
#2007=VECTOR('',#6841,10.);
#2008=VECTOR('',#6844,10.);
#2009=VECTOR('',#6847,10.);
#2010=VECTOR('',#6852,10.);
#2011=VECTOR('',#6859,10.);
#2012=VECTOR('',#6860,10.);
#2013=VECTOR('',#6863,5.04999999999999);
#2014=VECTOR('',#6868,10.);
#2015=VECTOR('',#6873,10.);
#2016=VECTOR('',#6876,10.);
#2017=VECTOR('',#6879,10.);
#2018=VECTOR('',#6880,10.);
#2019=VECTOR('',#6881,10.);
#2020=VECTOR('',#6884,10.);
#2021=VECTOR('',#6885,10.);
#2022=VECTOR('',#6894,10.);
#2023=VECTOR('',#6897,10.);
#2024=VECTOR('',#6898,10.);
#2025=VECTOR('',#6899,10.);
#2026=VECTOR('',#6900,10.);
#2027=VECTOR('',#6901,10.);
#2028=VECTOR('',#6902,10.);
#2029=VECTOR('',#6903,10.);
#2030=VECTOR('',#6904,10.);
#2031=VECTOR('',#6905,10.);
#2032=VECTOR('',#6906,10.);
#2033=VECTOR('',#6907,10.);
#2034=VECTOR('',#6908,10.);
#2035=VECTOR('',#6909,10.);
#2036=VECTOR('',#6910,10.);
#2037=VECTOR('',#6913,10.);
#2038=VECTOR('',#6914,10.);
#2039=VECTOR('',#6915,10.);
#2040=VECTOR('',#6916,10.);
#2041=VECTOR('',#6919,10.);
#2042=VECTOR('',#6922,10.);
#2043=VECTOR('',#6927,10.);
#2044=VECTOR('',#6934,10.);
#2045=VECTOR('',#6935,10.);
#2046=VECTOR('',#6938,10.);
#2047=VECTOR('',#6939,10.);
#2048=VECTOR('',#6942,10.);
#2049=VECTOR('',#6947,5.05000000000001);
#2050=VECTOR('',#6952,10.);
#2051=VECTOR('',#6953,10.);
#2052=VECTOR('',#6956,10.);
#2053=VECTOR('',#6957,10.);
#2054=VECTOR('',#6958,10.);
#2055=VECTOR('',#6959,10.);
#2056=VECTOR('',#6962,10.);
#2057=VECTOR('',#6965,10.);
#2058=VECTOR('',#6968,10.);
#2059=VECTOR('',#6971,10.);
#2060=VECTOR('',#6974,10.);
#2061=VECTOR('',#6975,10.);
#2062=VECTOR('',#6976,10.);
#2063=VECTOR('',#6977,10.);
#2064=VECTOR('',#6980,10.);
#2065=VECTOR('',#6981,10.);
#2066=VECTOR('',#6982,10.);
#2067=VECTOR('',#6983,10.);
#2068=VECTOR('',#6984,10.);
#2069=VECTOR('',#6985,10.);
#2070=VECTOR('',#6986,10.);
#2071=VECTOR('',#6987,10.);
#2072=VECTOR('',#6988,10.);
#2073=VECTOR('',#6989,10.);
#2074=VECTOR('',#6990,10.);
#2075=VECTOR('',#6991,10.);
#2076=VECTOR('',#6998,10.);
#2077=VECTOR('',#7001,10.);
#2078=VECTOR('',#7004,10.);
#2079=VECTOR('',#7005,10.);
#2080=VECTOR('',#7006,10.);
#2081=VECTOR('',#7007,10.);
#2082=VECTOR('',#7010,10.);
#2083=VECTOR('',#7011,10.);
#2084=VECTOR('',#7012,10.);
#2085=VECTOR('',#7015,10.);
#2086=VECTOR('',#7016,10.);
#2087=VECTOR('',#7019,10.);
#2088=VECTOR('',#7020,10.);
#2089=VECTOR('',#7023,10.);
#2090=VECTOR('',#7026,10.);
#2091=VECTOR('',#7029,10.);
#2092=VECTOR('',#7030,10.);
#2093=VECTOR('',#7031,10.);
#2094=VECTOR('',#7034,10.);
#2095=VECTOR('',#7035,10.);
#2096=VECTOR('',#7038,10.);
#2097=VECTOR('',#7041,10.);
#2098=VECTOR('',#7042,10.);
#2099=VECTOR('',#7043,10.);
#2100=VECTOR('',#7048,10.);
#2101=VECTOR('',#7053,10.);
#2102=VECTOR('',#7060,5.05000000000001);
#2103=VECTOR('',#7063,10.);
#2104=VECTOR('',#7064,10.);
#2105=VECTOR('',#7067,10.);
#2106=VECTOR('',#7068,10.);
#2107=VECTOR('',#7069,10.);
#2108=VECTOR('',#7070,10.);
#2109=VECTOR('',#7071,10.);
#2110=VECTOR('',#7074,10.);
#2111=VECTOR('',#7077,10.);
#2112=VECTOR('',#7078,10.);
#2113=VECTOR('',#7079,10.);
#2114=VECTOR('',#7080,10.);
#2115=VECTOR('',#7089,10.);
#2116=VECTOR('',#7090,10.);
#2117=VECTOR('',#7097,10.);
#2118=VECTOR('',#7098,10.);
#2119=VECTOR('',#7099,10.);
#2120=VECTOR('',#7104,10.);
#2121=VECTOR('',#7105,10.);
#2122=VECTOR('',#7106,10.);
#2123=VECTOR('',#7107,10.);
#2124=VECTOR('',#7108,10.);
#2125=VECTOR('',#7109,10.);
#2126=VECTOR('',#7110,10.);
#2127=VECTOR('',#7113,10.);
#2128=VECTOR('',#7114,10.);
#2129=VECTOR('',#7115,10.);
#2130=VECTOR('',#7116,10.);
#2131=VECTOR('',#7117,10.);
#2132=VECTOR('',#7118,10.);
#2133=VECTOR('',#7129,10.);
#2134=VECTOR('',#7130,10.);
#2135=VECTOR('',#7131,10.);
#2136=VECTOR('',#7132,10.);
#2137=VECTOR('',#7133,10.);
#2138=VECTOR('',#7138,10.);
#2139=VECTOR('',#7139,10.);
#2140=VECTOR('',#7140,10.);
#2141=VECTOR('',#7141,10.);
#2142=VECTOR('',#7142,10.);
#2143=VECTOR('',#7143,10.);
#2144=VECTOR('',#7152,10.);
#2145=VECTOR('',#7153,10.);
#2146=VECTOR('',#7154,10.);
#2147=VECTOR('',#7155,10.);
#2148=VECTOR('',#7156,10.);
#2149=VECTOR('',#7157,10.);
#2150=VECTOR('',#7158,10.);
#2151=VECTOR('',#7159,10.);
#2152=VECTOR('',#7160,10.);
#2153=VECTOR('',#7161,10.);
#2154=VECTOR('',#7162,10.);
#2155=VECTOR('',#7163,10.);
#2156=VECTOR('',#7164,10.);
#2157=VECTOR('',#7165,10.);
#2158=VECTOR('',#7166,10.);
#2159=VECTOR('',#7167,10.);
#2160=VECTOR('',#7168,10.);
#2161=VECTOR('',#7169,10.);
#2162=VECTOR('',#7170,10.);
#2163=VECTOR('',#7171,10.);
#2164=VECTOR('',#7172,10.);
#2165=VECTOR('',#7173,10.);
#2166=VECTOR('',#7174,10.);
#2167=VECTOR('',#7175,10.);
#2168=VECTOR('',#7176,10.);
#2169=VECTOR('',#7177,10.);
#2170=VECTOR('',#7178,10.);
#2171=VECTOR('',#7179,10.);
#2172=VECTOR('',#7180,10.);
#2173=VECTOR('',#7181,10.);
#2174=VECTOR('',#7182,10.);
#2175=VECTOR('',#7183,10.);
#2176=VECTOR('',#7184,10.);
#2177=VECTOR('',#7185,10.);
#2178=VECTOR('',#7186,10.);
#2179=VECTOR('',#7187,10.);
#2180=VECTOR('',#7188,10.);
#2181=VECTOR('',#7189,10.);
#2182=VECTOR('',#7190,10.);
#2183=VECTOR('',#7191,10.);
#2184=VECTOR('',#7192,10.);
#2185=VECTOR('',#7193,10.);
#2186=VECTOR('',#7194,10.);
#2187=VECTOR('',#7195,10.);
#2188=VECTOR('',#7196,10.);
#2189=VECTOR('',#7197,10.);
#2190=VECTOR('',#7198,10.);
#2191=VECTOR('',#7199,10.);
#2192=VECTOR('',#7200,10.);
#2193=VECTOR('',#7201,10.);
#2194=VECTOR('',#7202,10.);
#2195=VECTOR('',#7203,10.);
#2196=VECTOR('',#7204,10.);
#2197=VECTOR('',#7205,10.);
#2198=VECTOR('',#7206,10.);
#2199=VECTOR('',#7207,10.);
#2200=VECTOR('',#7208,10.);
#2201=VECTOR('',#7209,10.);
#2202=VECTOR('',#7210,10.);
#2203=VECTOR('',#7211,10.);
#2204=VECTOR('',#7212,10.);
#2205=VECTOR('',#7213,10.);
#2206=VECTOR('',#7214,10.);
#2207=VECTOR('',#7215,10.);
#2208=VECTOR('',#7216,10.);
#2209=VECTOR('',#7217,10.);
#2210=VECTOR('',#7218,10.);
#2211=VECTOR('',#7219,10.);
#2212=VECTOR('',#7220,10.);
#2213=VECTOR('',#7221,10.);
#2214=VECTOR('',#7222,10.);
#2215=VECTOR('',#7223,10.);
#2216=VECTOR('',#7224,10.);
#2217=VECTOR('',#7225,10.);
#2218=VECTOR('',#7226,10.);
#2219=VECTOR('',#7227,10.);
#2220=VECTOR('',#7228,10.);
#2221=VECTOR('',#7229,10.);
#2222=VECTOR('',#7230,10.);
#2223=VECTOR('',#7231,10.);
#2224=VECTOR('',#7232,10.);
#2225=VECTOR('',#7233,10.);
#2226=VECTOR('',#7234,10.);
#2227=VECTOR('',#7235,10.);
#2228=VECTOR('',#7236,10.);
#2229=VECTOR('',#7237,10.);
#2230=VECTOR('',#7238,10.);
#2231=VECTOR('',#7239,10.);
#2232=VECTOR('',#7240,10.);
#2233=VECTOR('',#7241,10.);
#2234=VECTOR('',#7242,10.);
#2235=VECTOR('',#7243,10.);
#2236=VECTOR('',#7244,10.);
#2237=VECTOR('',#7245,10.);
#2238=VECTOR('',#7246,10.);
#2239=VECTOR('',#7247,10.);
#2240=VECTOR('',#7248,10.);
#2241=VECTOR('',#7249,10.);
#2242=VECTOR('',#7250,10.);
#2243=VECTOR('',#7251,10.);
#2244=VECTOR('',#7252,10.);
#2245=VECTOR('',#7253,10.);
#2246=VECTOR('',#7254,10.);
#2247=VECTOR('',#7255,10.);
#2248=VECTOR('',#7256,10.);
#2249=VECTOR('',#7257,10.);
#2250=VECTOR('',#7258,10.);
#2251=VECTOR('',#7259,10.);
#2252=VECTOR('',#7260,10.);
#2253=VECTOR('',#7261,10.);
#2254=VECTOR('',#7262,10.);
#2255=VECTOR('',#7263,10.);
#2256=VECTOR('',#7264,10.);
#2257=VECTOR('',#7265,10.);
#2258=VECTOR('',#7266,10.);
#2259=VECTOR('',#7267,10.);
#2260=VECTOR('',#7268,10.);
#2261=VECTOR('',#7269,10.);
#2262=VECTOR('',#7270,10.);
#2263=VECTOR('',#7271,10.);
#2264=VECTOR('',#7272,10.);
#2265=VECTOR('',#7273,10.);
#2266=VECTOR('',#7274,10.);
#2267=VECTOR('',#7275,10.);
#2268=VECTOR('',#7276,10.);
#2269=VECTOR('',#7277,10.);
#2270=VECTOR('',#7278,10.);
#2271=VECTOR('',#7279,10.);
#2272=VECTOR('',#7280,10.);
#2273=VECTOR('',#7285,10.);
#2274=VECTOR('',#7288,10.);
#2275=VECTOR('',#7291,10.);
#2276=VECTOR('',#7292,10.);
#2277=VECTOR('',#7293,10.);
#2278=VECTOR('',#7294,10.);
#2279=VECTOR('',#7297,10.);
#2280=VECTOR('',#7298,10.);
#2281=VECTOR('',#7301,10.);
#2282=VECTOR('',#7302,10.);
#2283=VECTOR('',#7305,10.);
#2284=VECTOR('',#7306,10.);
#2285=VECTOR('',#7311,10.);
#2286=VECTOR('',#7318,10.);
#2287=VECTOR('',#7319,10.);
#2288=VECTOR('',#7320,10.);
#2289=VECTOR('',#7323,10.);
#2290=VECTOR('',#7324,10.);
#2291=VECTOR('',#7325,10.);
#2292=VECTOR('',#7328,10.);
#2293=VECTOR('',#7329,10.);
#2294=VECTOR('',#7330,10.);
#2295=VECTOR('',#7333,10.);
#2296=VECTOR('',#7334,10.);
#2297=VECTOR('',#7335,10.);
#2298=VECTOR('',#7338,10.);
#2299=VECTOR('',#7339,10.);
#2300=VECTOR('',#7340,10.);
#2301=VECTOR('',#7343,10.);
#2302=VECTOR('',#7344,10.);
#2303=VECTOR('',#7351,10.);
#2304=VECTOR('',#7356,10.);
#2305=VECTOR('',#7357,10.);
#2306=VECTOR('',#7358,10.);
#2307=VECTOR('',#7359,10.);
#2308=VECTOR('',#7362,10.);
#2309=VECTOR('',#7363,10.);
#2310=VECTOR('',#7364,10.);
#2311=VECTOR('',#7367,10.);
#2312=VECTOR('',#7368,10.);
#2313=VECTOR('',#7373,10.);
#2314=VECTOR('',#7376,10.);
#2315=VECTOR('',#7383,10.);
#2316=VECTOR('',#7388,10.);
#2317=VECTOR('',#7389,10.);
#2318=VECTOR('',#7390,10.);
#2319=VECTOR('',#7391,10.);
#2320=VECTOR('',#7396,10.);
#2321=VECTOR('',#7399,10.);
#2322=VECTOR('',#7404,10.);
#2323=VECTOR('',#7405,10.);
#2324=VECTOR('',#7406,10.);
#2325=VECTOR('',#7407,10.);
#2326=VECTOR('',#7410,10.);
#2327=VECTOR('',#7419,10.);
#2328=VECTOR('',#7424,10.);
#2329=VECTOR('',#7425,10.);
#2330=VECTOR('',#7426,10.);
#2331=VECTOR('',#7429,10.);
#2332=VECTOR('',#7430,10.);
#2333=VECTOR('',#7433,10.);
#2334=VECTOR('',#7434,10.);
#2335=VECTOR('',#7435,10.);
#2336=VECTOR('',#7438,10.);
#2337=VECTOR('',#7439,10.);
#2338=VECTOR('',#7440,10.);
#2339=VECTOR('',#7443,10.);
#2340=VECTOR('',#7444,10.);
#2341=VECTOR('',#7445,10.);
#2342=VECTOR('',#7454,10.);
#2343=VECTOR('',#7461,10.);
#2344=VECTOR('',#7466,10.);
#2345=VECTOR('',#7469,10.);
#2346=VECTOR('',#7480,10.);
#2347=VECTOR('',#7483,10.);
#2348=VECTOR('',#7484,10.);
#2349=VECTOR('',#7505,10.);
#2350=VECTOR('',#7506,10.);
#2351=VECTOR('',#7513,10.);
#2352=VECTOR('',#7522,10.);
#2353=VECTOR('',#7529,10.);
#2354=VECTOR('',#7532,10.);
#2355=VECTOR('',#7533,10.);
#2356=VECTOR('',#7538,10.);
#2357=VECTOR('',#7541,10.);
#2358=VECTOR('',#7542,10.);
#2359=VECTOR('',#7543,10.);
#2360=VECTOR('',#7544,10.);
#2361=VECTOR('',#7549,10.);
#2362=VECTOR('',#7558,10.);
#2363=VECTOR('',#7559,10.);
#2364=VECTOR('',#7560,10.);
#2365=VECTOR('',#7561,10.);
#2366=VECTOR('',#7566,10.);
#2367=VECTOR('',#7567,10.);
#2368=VECTOR('',#7570,10.);
#2369=VECTOR('',#7573,10.);
#2370=VECTOR('',#7578,2.7);
#2371=VECTOR('',#7587,2.7);
#2372=VECTOR('',#7596,2.7);
#2373=VECTOR('',#7605,2.7);
#2374=VECTOR('',#7614,1.5);
#2375=VECTOR('',#7617,1.5);
#2376=VECTOR('',#7620,1.49999999999999);
#2377=VECTOR('',#7623,1.5);
#2378=VECTOR('',#7628,10.);
#2379=VECTOR('',#7633,10.);
#2380=VECTOR('',#7634,10.);
#2381=VECTOR('',#7641,10.);
#2382=VERTEX_POINT('',#7648);
#2383=VERTEX_POINT('',#7649);
#2384=VERTEX_POINT('',#7651);
#2385=VERTEX_POINT('',#7658);
#2386=VERTEX_POINT('',#7659);
#2387=VERTEX_POINT('',#7661);
#2388=VERTEX_POINT('',#7663);
#2389=VERTEX_POINT('',#7665);
#2390=VERTEX_POINT('',#7670);
#2391=VERTEX_POINT('',#7675);
#2392=VERTEX_POINT('',#7677);
#2393=VERTEX_POINT('',#7679);
#2394=VERTEX_POINT('',#7684);
#2395=VERTEX_POINT('',#7686);
#2396=VERTEX_POINT('',#7688);
#2397=VERTEX_POINT('',#7693);
#2398=VERTEX_POINT('',#7698);
#2399=VERTEX_POINT('',#7700);
#2400=VERTEX_POINT('',#7702);
#2401=VERTEX_POINT('',#7704);
#2402=VERTEX_POINT('',#7713);
#2403=VERTEX_POINT('',#7714);
#2404=VERTEX_POINT('',#7719);
#2405=VERTEX_POINT('',#7724);
#2406=VERTEX_POINT('',#7729);
#2407=VERTEX_POINT('',#7734);
#2408=VERTEX_POINT('',#7751);
#2409=VERTEX_POINT('',#7758);
#2410=VERTEX_POINT('',#7777);
#2411=VERTEX_POINT('',#7779);
#2412=VERTEX_POINT('',#7793);
#2413=VERTEX_POINT('',#7807);
#2414=VERTEX_POINT('',#7821);
#2415=VERTEX_POINT('',#7835);
#2416=VERTEX_POINT('',#7861);
#2417=VERTEX_POINT('',#7868);
#2418=VERTEX_POINT('',#7882);
#2419=VERTEX_POINT('',#7896);
#2420=VERTEX_POINT('',#7898);
#2421=VERTEX_POINT('',#7912);
#2422=VERTEX_POINT('',#7926);
#2423=VERTEX_POINT('',#7928);
#2424=VERTEX_POINT('',#7942);
#2425=VERTEX_POINT('',#7944);
#2426=VERTEX_POINT('',#7958);
#2427=VERTEX_POINT('',#7970);
#2428=VERTEX_POINT('',#7975);
#2429=VERTEX_POINT('',#7977);
#2430=VERTEX_POINT('',#7979);
#2431=VERTEX_POINT('',#7983);
#2432=VERTEX_POINT('',#7985);
#2433=VERTEX_POINT('',#7987);
#2434=VERTEX_POINT('',#7994);
#2435=VERTEX_POINT('',#8000);
#2436=VERTEX_POINT('',#8002);
#2437=VERTEX_POINT('',#8006);
#2438=VERTEX_POINT('',#8014);
#2439=VERTEX_POINT('',#8018);
#2440=VERTEX_POINT('',#8033);
#2441=VERTEX_POINT('',#8034);
#2442=VERTEX_POINT('',#8041);
#2443=VERTEX_POINT('',#8046);
#2444=VERTEX_POINT('',#8060);
#2445=VERTEX_POINT('',#8061);
#2446=VERTEX_POINT('',#8068);
#2447=VERTEX_POINT('',#8073);
#2448=VERTEX_POINT('',#8092);
#2449=VERTEX_POINT('',#8093);
#2450=VERTEX_POINT('',#8100);
#2451=VERTEX_POINT('',#8105);
#2452=VERTEX_POINT('',#8124);
#2453=VERTEX_POINT('',#8125);
#2454=VERTEX_POINT('',#8132);
#2455=VERTEX_POINT('',#8137);
#2456=VERTEX_POINT('',#8144);
#2457=VERTEX_POINT('',#8147);
#2458=VERTEX_POINT('',#8149);
#2459=VERTEX_POINT('',#8151);
#2460=VERTEX_POINT('',#8153);
#2461=VERTEX_POINT('',#8158);
#2462=VERTEX_POINT('',#8163);
#2463=VERTEX_POINT('',#8168);
#2464=VERTEX_POINT('',#8170);
#2465=VERTEX_POINT('',#8175);
#2466=VERTEX_POINT('',#8177);
#2467=VERTEX_POINT('',#8182);
#2468=VERTEX_POINT('',#8187);
#2469=VERTEX_POINT('',#8189);
#2470=VERTEX_POINT('',#8198);
#2471=VERTEX_POINT('',#8201);
#2472=VERTEX_POINT('',#8205);
#2473=VERTEX_POINT('',#8206);
#2474=VERTEX_POINT('',#8208);
#2475=VERTEX_POINT('',#8213);
#2476=VERTEX_POINT('',#8218);
#2477=VERTEX_POINT('',#8226);
#2478=VERTEX_POINT('',#8227);
#2479=VERTEX_POINT('',#8229);
#2480=VERTEX_POINT('',#8243);
#2481=VERTEX_POINT('',#8250);
#2482=VERTEX_POINT('',#8264);
#2483=VERTEX_POINT('',#8266);
#2484=VERTEX_POINT('',#8280);
#2485=VERTEX_POINT('',#8294);
#2486=VERTEX_POINT('',#8313);
#2487=VERTEX_POINT('',#8327);
#2488=VERTEX_POINT('',#8341);
#2489=VERTEX_POINT('',#8343);
#2490=VERTEX_POINT('',#8357);
#2491=VERTEX_POINT('',#8371);
#2492=VERTEX_POINT('',#8373);
#2493=VERTEX_POINT('',#8387);
#2494=VERTEX_POINT('',#8389);
#2495=VERTEX_POINT('',#8403);
#2496=VERTEX_POINT('',#8417);
#2497=VERTEX_POINT('',#8424);
#2498=VERTEX_POINT('',#8426);
#2499=VERTEX_POINT('',#8428);
#2500=VERTEX_POINT('',#8433);
#2501=VERTEX_POINT('',#8439);
#2502=VERTEX_POINT('',#8441);
#2503=VERTEX_POINT('',#8445);
#2504=VERTEX_POINT('',#8447);
#2505=VERTEX_POINT('',#8452);
#2506=VERTEX_POINT('',#8458);
#2507=VERTEX_POINT('',#8471);
#2508=VERTEX_POINT('',#8475);
#2509=VERTEX_POINT('',#8479);
#2510=VERTEX_POINT('',#8493);
#2511=VERTEX_POINT('',#8494);
#2512=VERTEX_POINT('',#8501);
#2513=VERTEX_POINT('',#8506);
#2514=VERTEX_POINT('',#8513);
#2515=VERTEX_POINT('',#8515);
#2516=VERTEX_POINT('',#8517);
#2517=VERTEX_POINT('',#8519);
#2518=VERTEX_POINT('',#8521);
#2519=VERTEX_POINT('',#8523);
#2520=VERTEX_POINT('',#8528);
#2521=VERTEX_POINT('',#8533);
#2522=VERTEX_POINT('',#8538);
#2523=VERTEX_POINT('',#8543);
#2524=VERTEX_POINT('',#8548);
#2525=VERTEX_POINT('',#8553);
#2526=VERTEX_POINT('',#8555);
#2527=VERTEX_POINT('',#8557);
#2528=VERTEX_POINT('',#8562);
#2529=VERTEX_POINT('',#8564);
#2530=VERTEX_POINT('',#8566);
#2531=VERTEX_POINT('',#8571);
#2532=VERTEX_POINT('',#8573);
#2533=VERTEX_POINT('',#8580);
#2534=VERTEX_POINT('',#8581);
#2535=VERTEX_POINT('',#8583);
#2536=VERTEX_POINT('',#8597);
#2537=VERTEX_POINT('',#8604);
#2538=VERTEX_POINT('',#8623);
#2539=VERTEX_POINT('',#8637);
#2540=VERTEX_POINT('',#8639);
#2541=VERTEX_POINT('',#8653);
#2542=VERTEX_POINT('',#8655);
#2543=VERTEX_POINT('',#8669);
#2544=VERTEX_POINT('',#8671);
#2545=VERTEX_POINT('',#8685);
#2546=VERTEX_POINT('',#8699);
#2547=VERTEX_POINT('',#8713);
#2548=VERTEX_POINT('',#8727);
#2549=VERTEX_POINT('',#8741);
#2550=VERTEX_POINT('',#8748);
#2551=VERTEX_POINT('',#8750);
#2552=VERTEX_POINT('',#8752);
#2553=VERTEX_POINT('',#8756);
#2554=VERTEX_POINT('',#8758);
#2555=VERTEX_POINT('',#8767);
#2556=VERTEX_POINT('',#8774);
#2557=VERTEX_POINT('',#8778);
#2558=VERTEX_POINT('',#8782);
#2559=VERTEX_POINT('',#8786);
#2560=VERTEX_POINT('',#8788);
#2561=VERTEX_POINT('',#8790);
#2562=VERTEX_POINT('',#8808);
#2563=VERTEX_POINT('',#8809);
#2564=VERTEX_POINT('',#8816);
#2565=VERTEX_POINT('',#8821);
#2566=VERTEX_POINT('',#8828);
#2567=VERTEX_POINT('',#8829);
#2568=VERTEX_POINT('',#8831);
#2569=VERTEX_POINT('',#8836);
#2570=VERTEX_POINT('',#8841);
#2571=VERTEX_POINT('',#8846);
#2572=VERTEX_POINT('',#8847);
#2573=VERTEX_POINT('',#8849);
#2574=VERTEX_POINT('',#8863);
#2575=VERTEX_POINT('',#8870);
#2576=VERTEX_POINT('',#8884);
#2577=VERTEX_POINT('',#8903);
#2578=VERTEX_POINT('',#8904);
#2579=VERTEX_POINT('',#8909);
#2580=VERTEX_POINT('',#8911);
#2581=VERTEX_POINT('',#8925);
#2582=VERTEX_POINT('',#8930);
#2583=VERTEX_POINT('',#8944);
#2584=VERTEX_POINT('',#8945);
#2585=VERTEX_POINT('',#8950);
#2586=VERTEX_POINT('',#8952);
#2587=VERTEX_POINT('',#8966);
#2588=VERTEX_POINT('',#8971);
#2589=VERTEX_POINT('',#8985);
#2590=VERTEX_POINT('',#8986);
#2591=VERTEX_POINT('',#8991);
#2592=VERTEX_POINT('',#8993);
#2593=VERTEX_POINT('',#9007);
#2594=VERTEX_POINT('',#9012);
#2595=VERTEX_POINT('',#9026);
#2596=VERTEX_POINT('',#9027);
#2597=VERTEX_POINT('',#9050);
#2598=VERTEX_POINT('',#9057);
#2599=VERTEX_POINT('',#9069);
#2600=VERTEX_POINT('',#9071);
#2601=VERTEX_POINT('',#9073);
#2602=VERTEX_POINT('',#9075);
#2603=VERTEX_POINT('',#9079);
#2604=VERTEX_POINT('',#9081);
#2605=VERTEX_POINT('',#9083);
#2606=VERTEX_POINT('',#9088);
#2607=VERTEX_POINT('',#9092);
#2608=VERTEX_POINT('',#9104);
#2609=VERTEX_POINT('',#9108);
#2610=VERTEX_POINT('',#9114);
#2611=VERTEX_POINT('',#9116);
#2612=VERTEX_POINT('',#9120);
#2613=VERTEX_POINT('',#9122);
#2614=VERTEX_POINT('',#9127);
#2615=VERTEX_POINT('',#9130);
#2616=VERTEX_POINT('',#9145);
#2617=VERTEX_POINT('',#9146);
#2618=VERTEX_POINT('',#9153);
#2619=VERTEX_POINT('',#9158);
#2620=VERTEX_POINT('',#9172);
#2621=VERTEX_POINT('',#9173);
#2622=VERTEX_POINT('',#9180);
#2623=VERTEX_POINT('',#9185);
#2624=VERTEX_POINT('',#9199);
#2625=VERTEX_POINT('',#9200);
#2626=VERTEX_POINT('',#9207);
#2627=VERTEX_POINT('',#9212);
#2628=VERTEX_POINT('',#9226);
#2629=VERTEX_POINT('',#9227);
#2630=VERTEX_POINT('',#9234);
#2631=VERTEX_POINT('',#9239);
#2632=VERTEX_POINT('',#9258);
#2633=VERTEX_POINT('',#9259);
#2634=VERTEX_POINT('',#9266);
#2635=VERTEX_POINT('',#9271);
#2636=VERTEX_POINT('',#9285);
#2637=VERTEX_POINT('',#9286);
#2638=VERTEX_POINT('',#9293);
#2639=VERTEX_POINT('',#9298);
#2640=VERTEX_POINT('',#9317);
#2641=VERTEX_POINT('',#9318);
#2642=VERTEX_POINT('',#9341);
#2643=VERTEX_POINT('',#9342);
#2644=VERTEX_POINT('',#9349);
#2645=VERTEX_POINT('',#9354);
#2646=VERTEX_POINT('',#9361);
#2647=VERTEX_POINT('',#9363);
#2648=VERTEX_POINT('',#9365);
#2649=VERTEX_POINT('',#9370);
#2650=VERTEX_POINT('',#9375);
#2651=VERTEX_POINT('',#9380);
#2652=VERTEX_POINT('',#9385);
#2653=VERTEX_POINT('',#9387);
#2654=VERTEX_POINT('',#9389);
#2655=VERTEX_POINT('',#9391);
#2656=VERTEX_POINT('',#9393);
#2657=VERTEX_POINT('',#9398);
#2658=VERTEX_POINT('',#9403);
#2659=VERTEX_POINT('',#9408);
#2660=VERTEX_POINT('',#9410);
#2661=VERTEX_POINT('',#9415);
#2662=VERTEX_POINT('',#9420);
#2663=VERTEX_POINT('',#9425);
#2664=VERTEX_POINT('',#9430);
#2665=VERTEX_POINT('',#9435);
#2666=VERTEX_POINT('',#9440);
#2667=VERTEX_POINT('',#9445);
#2668=VERTEX_POINT('',#9450);
#2669=VERTEX_POINT('',#9455);
#2670=VERTEX_POINT('',#9460);
#2671=VERTEX_POINT('',#9465);
#2672=VERTEX_POINT('',#9467);
#2673=VERTEX_POINT('',#9469);
#2674=VERTEX_POINT('',#9474);
#2675=VERTEX_POINT('',#9479);
#2676=VERTEX_POINT('',#9484);
#2677=VERTEX_POINT('',#9489);
#2678=VERTEX_POINT('',#9494);
#2679=VERTEX_POINT('',#9499);
#2680=VERTEX_POINT('',#9504);
#2681=VERTEX_POINT('',#9509);
#2682=VERTEX_POINT('',#9514);
#2683=VERTEX_POINT('',#9519);
#2684=VERTEX_POINT('',#9524);
#2685=VERTEX_POINT('',#9529);
#2686=VERTEX_POINT('',#9534);
#2687=VERTEX_POINT('',#9536);
#2688=VERTEX_POINT('',#9541);
#2689=VERTEX_POINT('',#9546);
#2690=VERTEX_POINT('',#9548);
#2691=VERTEX_POINT('',#9550);
#2692=VERTEX_POINT('',#9555);
#2693=VERTEX_POINT('',#9557);
#2694=VERTEX_POINT('',#9559);
#2695=VERTEX_POINT('',#9564);
#2696=VERTEX_POINT('',#9569);
#2697=VERTEX_POINT('',#9574);
#2698=VERTEX_POINT('',#9576);
#2699=VERTEX_POINT('',#9581);
#2700=VERTEX_POINT('',#9586);
#2701=VERTEX_POINT('',#9591);
#2702=VERTEX_POINT('',#9596);
#2703=VERTEX_POINT('',#9601);
#2704=VERTEX_POINT('',#9606);
#2705=VERTEX_POINT('',#9608);
#2706=VERTEX_POINT('',#9610);
#2707=VERTEX_POINT('',#9612);
#2708=VERTEX_POINT('',#9617);
#2709=VERTEX_POINT('',#9622);
#2710=VERTEX_POINT('',#9627);
#2711=VERTEX_POINT('',#9632);
#2712=VERTEX_POINT('',#9637);
#2713=VERTEX_POINT('',#9642);
#2714=VERTEX_POINT('',#9647);
#2715=VERTEX_POINT('',#9652);
#2716=VERTEX_POINT('',#9657);
#2717=VERTEX_POINT('',#9662);
#2718=VERTEX_POINT('',#9667);
#2719=VERTEX_POINT('',#9669);
#2720=VERTEX_POINT('',#9674);
#2721=VERTEX_POINT('',#9679);
#2722=VERTEX_POINT('',#9684);
#2723=VERTEX_POINT('',#9689);
#2724=VERTEX_POINT('',#9694);
#2725=VERTEX_POINT('',#9699);
#2726=VERTEX_POINT('',#9704);
#2727=VERTEX_POINT('',#9709);
#2728=VERTEX_POINT('',#9714);
#2729=VERTEX_POINT('',#9719);
#2730=VERTEX_POINT('',#9724);
#2731=VERTEX_POINT('',#9729);
#2732=VERTEX_POINT('',#9732);
#2733=VERTEX_POINT('',#9735);
#2734=VERTEX_POINT('',#9737);
#2735=VERTEX_POINT('',#9743);
#2736=VERTEX_POINT('',#9745);
#2737=VERTEX_POINT('',#9747);
#2738=VERTEX_POINT('',#9752);
#2739=VERTEX_POINT('',#9757);
#2740=VERTEX_POINT('',#9766);
#2741=VERTEX_POINT('',#9771);
#2742=VERTEX_POINT('',#9776);
#2743=VERTEX_POINT('',#9781);
#2744=VERTEX_POINT('',#9786);
#2745=VERTEX_POINT('',#9788);
#2746=VERTEX_POINT('',#9790);
#2747=VERTEX_POINT('',#9795);
#2748=VERTEX_POINT('',#9800);
#2749=VERTEX_POINT('',#9805);
#2750=VERTEX_POINT('',#9810);
#2751=VERTEX_POINT('',#9812);
#2752=VERTEX_POINT('',#9814);
#2753=VERTEX_POINT('',#9819);
#2754=VERTEX_POINT('',#9821);
#2755=VERTEX_POINT('',#9823);
#2756=VERTEX_POINT('',#9825);
#2757=VERTEX_POINT('',#9830);
#2758=VERTEX_POINT('',#9832);
#2759=VERTEX_POINT('',#9834);
#2760=VERTEX_POINT('',#9839);
#2761=VERTEX_POINT('',#9843);
#2762=VERTEX_POINT('',#9848);
#2763=VERTEX_POINT('',#9853);
#2764=VERTEX_POINT('',#9858);
#2765=VERTEX_POINT('',#9860);
#2766=VERTEX_POINT('',#9865);
#2767=VERTEX_POINT('',#9870);
#2768=VERTEX_POINT('',#9875);
#2769=VERTEX_POINT('',#9879);
#2770=VERTEX_POINT('',#9884);
#2771=VERTEX_POINT('',#9889);
#2772=VERTEX_POINT('',#9894);
#2773=VERTEX_POINT('',#9896);
#2774=VERTEX_POINT('',#9901);
#2775=VERTEX_POINT('',#9903);
#2776=VERTEX_POINT('',#9905);
#2777=VERTEX_POINT('',#9908);
#2778=VERTEX_POINT('',#9910);
#2779=VERTEX_POINT('',#9912);
#2780=VERTEX_POINT('',#9917);
#2781=VERTEX_POINT('',#9922);
#2782=VERTEX_POINT('',#9927);
#2783=VERTEX_POINT('',#9932);
#2784=VERTEX_POINT('',#9934);
#2785=VERTEX_POINT('',#9939);
#2786=VERTEX_POINT('',#9944);
#2787=VERTEX_POINT('',#9949);
#2788=VERTEX_POINT('',#9954);
#2789=VERTEX_POINT('',#9963);
#2790=VERTEX_POINT('',#9968);
#2791=VERTEX_POINT('',#9973);
#2792=VERTEX_POINT('',#9975);
#2793=VERTEX_POINT('',#9977);
#2794=VERTEX_POINT('',#9979);
#2795=VERTEX_POINT('',#9988);
#2796=VERTEX_POINT('',#9990);
#2797=VERTEX_POINT('',#9992);
#2798=VERTEX_POINT('',#10001);
#2799=VERTEX_POINT('',#10003);
#2800=VERTEX_POINT('',#10009);
#2801=VERTEX_POINT('',#10011);
#2802=VERTEX_POINT('',#10012);
#2803=VERTEX_POINT('',#10017);
#2804=VERTEX_POINT('',#10026);
#2805=VERTEX_POINT('',#10028);
#2806=VERTEX_POINT('',#10030);
#2807=VERTEX_POINT('',#10031);
#2808=VERTEX_POINT('',#10036);
#2809=VERTEX_POINT('',#10046);
#2810=VERTEX_POINT('',#10047);
#2811=VERTEX_POINT('',#10049);
#2812=VERTEX_POINT('',#10063);
#2813=VERTEX_POINT('',#10070);
#2814=VERTEX_POINT('',#10084);
#2815=VERTEX_POINT('',#10091);
#2816=VERTEX_POINT('',#10110);
#2817=VERTEX_POINT('',#10112);
#2818=VERTEX_POINT('',#10126);
#2819=VERTEX_POINT('',#10152);
#2820=VERTEX_POINT('',#10154);
#2821=VERTEX_POINT('',#10168);
#2822=VERTEX_POINT('',#10194);
#2823=VERTEX_POINT('',#10208);
#2824=VERTEX_POINT('',#10227);
#2825=VERTEX_POINT('',#10229);
#2826=VERTEX_POINT('',#10243);
#2827=VERTEX_POINT('',#10257);
#2828=VERTEX_POINT('',#10271);
#2829=VERTEX_POINT('',#10285);
#2830=VERTEX_POINT('',#10312);
#2831=VERTEX_POINT('',#10326);
#2832=VERTEX_POINT('',#10340);
#2833=VERTEX_POINT('',#10359);
#2834=VERTEX_POINT('',#10366);
#2835=VERTEX_POINT('',#10385);
#2836=VERTEX_POINT('',#10387);
#2837=VERTEX_POINT('',#10401);
#2838=VERTEX_POINT('',#10415);
#2839=VERTEX_POINT('',#10429);
#2840=VERTEX_POINT('',#10443);
#2841=VERTEX_POINT('',#10457);
#2842=VERTEX_POINT('',#10471);
#2843=VERTEX_POINT('',#10485);
#2844=VERTEX_POINT('',#10499);
#2845=VERTEX_POINT('',#10513);
#2846=VERTEX_POINT('',#10527);
#2847=VERTEX_POINT('',#10541);
#2848=VERTEX_POINT('',#10555);
#2849=VERTEX_POINT('',#10557);
#2850=VERTEX_POINT('',#10571);
#2851=VERTEX_POINT('',#10585);
#2852=VERTEX_POINT('',#10599);
#2853=VERTEX_POINT('',#10613);
#2854=VERTEX_POINT('',#10627);
#2855=VERTEX_POINT('',#10641);
#2856=VERTEX_POINT('',#10655);
#2857=VERTEX_POINT('',#10669);
#2858=VERTEX_POINT('',#10683);
#2859=VERTEX_POINT('',#10697);
#2860=VERTEX_POINT('',#10711);
#2861=VERTEX_POINT('',#10713);
#2862=VERTEX_POINT('',#10727);
#2863=VERTEX_POINT('',#10741);
#2864=VERTEX_POINT('',#10755);
#2865=VERTEX_POINT('',#10769);
#2866=VERTEX_POINT('',#10783);
#2867=VERTEX_POINT('',#10797);
#2868=VERTEX_POINT('',#10799);
#2869=VERTEX_POINT('',#10813);
#2870=VERTEX_POINT('',#10827);
#2871=VERTEX_POINT('',#10841);
#2872=VERTEX_POINT('',#10843);
#2873=VERTEX_POINT('',#10857);
#2874=VERTEX_POINT('',#10859);
#2875=VERTEX_POINT('',#10873);
#2876=VERTEX_POINT('',#10887);
#2877=VERTEX_POINT('',#10889);
#2878=VERTEX_POINT('',#10903);
#2879=VERTEX_POINT('',#10917);
#2880=VERTEX_POINT('',#10931);
#2881=VERTEX_POINT('',#10945);
#2882=VERTEX_POINT('',#10959);
#2883=VERTEX_POINT('',#10973);
#2884=VERTEX_POINT('',#10987);
#2885=VERTEX_POINT('',#11001);
#2886=VERTEX_POINT('',#11015);
#2887=VERTEX_POINT('',#11029);
#2888=VERTEX_POINT('',#11043);
#2889=VERTEX_POINT('',#11057);
#2890=VERTEX_POINT('',#11071);
#2891=VERTEX_POINT('',#11073);
#2892=VERTEX_POINT('',#11087);
#2893=VERTEX_POINT('',#11101);
#2894=VERTEX_POINT('',#11115);
#2895=VERTEX_POINT('',#11129);
#2896=VERTEX_POINT('',#11143);
#2897=VERTEX_POINT('',#11157);
#2898=VERTEX_POINT('',#11171);
#2899=VERTEX_POINT('',#11185);
#2900=VERTEX_POINT('',#11199);
#2901=VERTEX_POINT('',#11213);
#2902=VERTEX_POINT('',#11227);
#2903=VERTEX_POINT('',#11229);
#2904=VERTEX_POINT('',#11243);
#2905=VERTEX_POINT('',#11257);
#2906=VERTEX_POINT('',#11271);
#2907=VERTEX_POINT('',#11273);
#2908=VERTEX_POINT('',#11287);
#2909=VERTEX_POINT('',#11301);
#2910=VERTEX_POINT('',#11315);
#2911=VERTEX_POINT('',#11329);
#2912=VERTEX_POINT('',#11348);
#2913=VERTEX_POINT('',#11362);
#2914=VERTEX_POINT('',#11381);
#2915=VERTEX_POINT('',#11383);
#2916=VERTEX_POINT('',#11397);
#2917=VERTEX_POINT('',#11411);
#2918=VERTEX_POINT('',#11438);
#2919=VERTEX_POINT('',#11452);
#2920=VERTEX_POINT('',#11466);
#2921=VERTEX_POINT('',#11480);
#2922=VERTEX_POINT('',#11494);
#2923=VERTEX_POINT('',#11496);
#2924=VERTEX_POINT('',#11510);
#2925=VERTEX_POINT('',#11524);
#2926=VERTEX_POINT('',#11538);
#2927=VERTEX_POINT('',#11557);
#2928=VERTEX_POINT('',#11559);
#2929=VERTEX_POINT('',#11573);
#2930=VERTEX_POINT('',#11575);
#2931=VERTEX_POINT('',#11589);
#2932=VERTEX_POINT('',#11603);
#2933=VERTEX_POINT('',#11615);
#2934=VERTEX_POINT('',#11628);
#2935=VERTEX_POINT('',#11642);
#2936=VERTEX_POINT('',#11656);
#2937=VERTEX_POINT('',#11670);
#2938=VERTEX_POINT('',#11672);
#2939=VERTEX_POINT('',#11686);
#2940=VERTEX_POINT('',#11700);
#2941=VERTEX_POINT('',#11712);
#2942=VERTEX_POINT('',#11725);
#2943=VERTEX_POINT('',#11739);
#2944=VERTEX_POINT('',#11746);
#2945=VERTEX_POINT('',#11760);
#2946=VERTEX_POINT('',#11774);
#2947=VERTEX_POINT('',#11788);
#2948=VERTEX_POINT('',#11795);
#2949=VERTEX_POINT('',#11797);
#2950=VERTEX_POINT('',#11799);
#2951=VERTEX_POINT('',#11803);
#2952=VERTEX_POINT('',#11805);
#2953=VERTEX_POINT('',#11807);
#2954=VERTEX_POINT('',#11811);
#2955=VERTEX_POINT('',#11815);
#2956=VERTEX_POINT('',#11823);
#2957=VERTEX_POINT('',#11829);
#2958=VERTEX_POINT('',#11833);
#2959=VERTEX_POINT('',#11835);
#2960=VERTEX_POINT('',#11839);
#2961=VERTEX_POINT('',#11844);
#2962=VERTEX_POINT('',#11846);
#2963=VERTEX_POINT('',#11850);
#2964=VERTEX_POINT('',#11855);
#2965=VERTEX_POINT('',#11860);
#2966=VERTEX_POINT('',#11862);
#2967=VERTEX_POINT('',#11866);
#2968=VERTEX_POINT('',#11868);
#2969=VERTEX_POINT('',#11870);
#2970=VERTEX_POINT('',#11874);
#2971=VERTEX_POINT('',#11876);
#2972=VERTEX_POINT('',#11880);
#2973=VERTEX_POINT('',#11884);
#2974=VERTEX_POINT('',#11886);
#2975=VERTEX_POINT('',#11888);
#2976=VERTEX_POINT('',#11893);
#2977=VERTEX_POINT('',#11895);
#2978=VERTEX_POINT('',#11900);
#2979=VERTEX_POINT('',#11902);
#2980=VERTEX_POINT('',#11906);
#2981=VERTEX_POINT('',#11908);
#2982=VERTEX_POINT('',#11910);
#2983=VERTEX_POINT('',#11912);
#2984=VERTEX_POINT('',#11916);
#2985=VERTEX_POINT('',#11918);
#2986=VERTEX_POINT('',#11920);
#2987=VERTEX_POINT('',#11924);
#2988=VERTEX_POINT('',#11929);
#2989=VERTEX_POINT('',#11931);
#2990=VERTEX_POINT('',#11935);
#2991=VERTEX_POINT('',#11940);
#2992=VERTEX_POINT('',#11944);
#2993=VERTEX_POINT('',#11946);
#2994=VERTEX_POINT('',#11950);
#2995=VERTEX_POINT('',#11955);
#2996=VERTEX_POINT('',#11957);
#2997=VERTEX_POINT('',#11968);
#2998=VERTEX_POINT('',#11982);
#2999=VERTEX_POINT('',#11986);
#3000=VERTEX_POINT('',#11996);
#3001=VERTEX_POINT('',#12013);
#3002=VERTEX_POINT('',#12018);
#3003=VERTEX_POINT('',#12020);
#3004=VERTEX_POINT('',#12023);
#3005=VERTEX_POINT('',#12027);
#3006=VERTEX_POINT('',#12031);
#3007=VERTEX_POINT('',#12033);
#3008=VERTEX_POINT('',#12035);
#3009=VERTEX_POINT('',#12037);
#3010=VERTEX_POINT('',#12039);
#3011=VERTEX_POINT('',#12040);
#3012=VERTEX_POINT('',#12042);
#3013=VERTEX_POINT('',#12044);
#3014=VERTEX_POINT('',#12057);
#3015=VERTEX_POINT('',#12061);
#3016=VERTEX_POINT('',#12064);
#3017=VERTEX_POINT('',#12068);
#3018=VERTEX_POINT('',#12071);
#3019=VERTEX_POINT('',#12075);
#3020=VERTEX_POINT('',#12078);
#3021=VERTEX_POINT('',#12082);
#3022=EDGE_CURVE('',#2382,#2383,#1448,.T.);
#3023=EDGE_CURVE('',#2384,#2382,#1449,.T.);
#3024=EDGE_CURVE('',#2384,#2383,#1096,.T.);
#3025=EDGE_CURVE('',#2385,#2386,#1450,.T.);
#3026=EDGE_CURVE('',#2387,#2385,#1451,.T.);
#3027=EDGE_CURVE('',#2388,#2387,#1452,.T.);
#3028=EDGE_CURVE('',#2388,#2389,#1097,.T.);
#3029=EDGE_CURVE('',#2389,#2390,#1098,.T.);
#3030=EDGE_CURVE('',#2391,#2390,#1453,.T.);
#3031=EDGE_CURVE('',#2392,#2391,#301,.T.);
#3032=EDGE_CURVE('',#2392,#2393,#1099,.T.);
#3033=EDGE_CURVE('',#2394,#2393,#302,.T.);
#3034=EDGE_CURVE('',#2395,#2394,#303,.T.);
#3035=EDGE_CURVE('',#2395,#2396,#1100,.T.);
#3036=EDGE_CURVE('',#2396,#2397,#1101,.T.);
#3037=EDGE_CURVE('',#2398,#2397,#304,.T.);
#3038=EDGE_CURVE('',#2399,#2398,#1454,.T.);
#3039=EDGE_CURVE('',#2400,#2399,#305,.T.);
#3040=EDGE_CURVE('',#2400,#2401,#1102,.T.);
#3041=EDGE_CURVE('',#2401,#2386,#1103,.T.);
#3042=EDGE_CURVE('',#2402,#2403,#1104,.T.);
#3043=EDGE_CURVE('',#2403,#2404,#1105,.T.);
#3044=EDGE_CURVE('',#2404,#2405,#1106,.T.);
#3045=EDGE_CURVE('',#2405,#2406,#1107,.T.);
#3046=EDGE_CURVE('',#2406,#2407,#1108,.T.);
#3047=EDGE_CURVE('',#2407,#2402,#1109,.T.);
#3048=EDGE_CURVE('',#2383,#2408,#57,.T.);
#3049=EDGE_CURVE('',#2409,#2384,#58,.T.);
#3050=EDGE_CURVE('',#2408,#2409,#1110,.T.);
#3051=EDGE_CURVE('',#2407,#2410,#1455,.T.);
#3052=EDGE_CURVE('',#2411,#2410,#1111,.T.);
#3053=EDGE_CURVE('',#2402,#2411,#1456,.T.);
#3054=EDGE_CURVE('',#2406,#2412,#1457,.T.);
#3055=EDGE_CURVE('',#2410,#2412,#1112,.T.);
#3056=EDGE_CURVE('',#2405,#2413,#1458,.T.);
#3057=EDGE_CURVE('',#2412,#2413,#1113,.T.);
#3058=EDGE_CURVE('',#2404,#2414,#1459,.T.);
#3059=EDGE_CURVE('',#2413,#2414,#1114,.T.);
#3060=EDGE_CURVE('',#2403,#2415,#1460,.T.);
#3061=EDGE_CURVE('',#2414,#2415,#1115,.T.);
#3062=EDGE_CURVE('',#2415,#2411,#1116,.T.);
#3063=EDGE_CURVE('',#2386,#2416,#59,.T.);
#3064=EDGE_CURVE('',#2401,#2417,#1461,.T.);
#3065=EDGE_CURVE('',#2416,#2417,#1117,.T.);
#3066=EDGE_CURVE('',#2418,#2400,#1462,.T.);
#3067=EDGE_CURVE('',#2417,#2418,#1118,.T.);
#3068=EDGE_CURVE('',#2396,#2419,#1463,.T.);
#3069=EDGE_CURVE('',#2420,#2419,#1119,.T.);
#3070=EDGE_CURVE('',#2397,#2420,#1464,.T.);
#3071=EDGE_CURVE('',#2421,#2395,#1465,.T.);
#3072=EDGE_CURVE('',#2419,#2421,#1120,.T.);
#3073=EDGE_CURVE('',#2422,#2392,#1466,.T.);
#3074=EDGE_CURVE('',#2423,#2422,#1121,.T.);
#3075=EDGE_CURVE('',#2393,#2423,#1467,.T.);
#3076=EDGE_CURVE('',#2389,#2424,#1468,.T.);
#3077=EDGE_CURVE('',#2425,#2424,#1122,.T.);
#3078=EDGE_CURVE('',#2390,#2425,#1469,.T.);
#3079=EDGE_CURVE('',#2426,#2388,#60,.T.);
#3080=EDGE_CURVE('',#2424,#2426,#1123,.T.);
#3081=EDGE_CURVE('',#2394,#2427,#1470,.T.);
#3082=EDGE_CURVE('',#2427,#2427,#306,.T.);
#3083=EDGE_CURVE('',#2421,#2423,#307,.T.);
#3084=EDGE_CURVE('',#2428,#2425,#1471,.T.);
#3085=EDGE_CURVE('',#2428,#2429,#1472,.T.);
#3086=EDGE_CURVE('',#2430,#2429,#1473,.T.);
#3087=EDGE_CURVE('',#2391,#2430,#1474,.T.);
#3088=EDGE_CURVE('',#2431,#2408,#1475,.T.);
#3089=EDGE_CURVE('',#2432,#2431,#1476,.T.);
#3090=EDGE_CURVE('',#2433,#2432,#1477,.T.);
#3091=EDGE_CURVE('',#2433,#2382,#1478,.T.);
#3092=EDGE_CURVE('',#2426,#2431,#1479,.T.);
#3093=EDGE_CURVE('',#2409,#2428,#1480,.T.);
#3094=EDGE_CURVE('',#2418,#2434,#308,.T.);
#3095=EDGE_CURVE('',#2434,#2416,#1481,.T.);
#3096=EDGE_CURVE('',#2420,#2422,#309,.T.);
#3097=EDGE_CURVE('',#2435,#2434,#1482,.T.);
#3098=EDGE_CURVE('',#2436,#2435,#1483,.T.);
#3099=EDGE_CURVE('',#2436,#2385,#1484,.T.);
#3100=EDGE_CURVE('',#2437,#2436,#1485,.T.);
#3101=EDGE_CURVE('',#2437,#2387,#1486,.T.);
#3102=EDGE_CURVE('',#2432,#2437,#1487,.T.);
#3103=EDGE_CURVE('',#2429,#2433,#1488,.T.);
#3104=EDGE_CURVE('',#2399,#2438,#1489,.T.);
#3105=EDGE_CURVE('',#2435,#2438,#310,.T.);
#3106=EDGE_CURVE('',#2438,#2439,#1490,.T.);
#3107=EDGE_CURVE('',#2439,#2430,#311,.T.);
#3108=EDGE_CURVE('',#2398,#2439,#1491,.T.);
#3109=EDGE_CURVE('',#2440,#2441,#61,.T.);
#3110=EDGE_CURVE('',#2442,#2440,#1124,.T.);
#3111=EDGE_CURVE('',#2443,#2442,#1492,.T.);
#3112=EDGE_CURVE('',#2441,#2443,#1125,.T.);
#3113=EDGE_CURVE('',#2444,#2445,#62,.T.);
#3114=EDGE_CURVE('',#2446,#2444,#1126,.T.);
#3115=EDGE_CURVE('',#2447,#2446,#63,.T.);
#3116=EDGE_CURVE('',#2447,#2445,#1127,.T.);
#3117=EDGE_CURVE('',#2448,#2449,#64,.T.);
#3118=EDGE_CURVE('',#2450,#2448,#1128,.T.);
#3119=EDGE_CURVE('',#2451,#2450,#65,.T.);
#3120=EDGE_CURVE('',#2451,#2449,#1129,.T.);
#3121=EDGE_CURVE('',#2452,#2453,#66,.T.);
#3122=EDGE_CURVE('',#2452,#2454,#1130,.T.);
#3123=EDGE_CURVE('',#2454,#2455,#1493,.T.);
#3124=EDGE_CURVE('',#2453,#2455,#1131,.T.);
#3125=EDGE_CURVE('',#2456,#2452,#1494,.T.);
#3126=EDGE_CURVE('',#2449,#2456,#1495,.T.);
#3127=EDGE_CURVE('',#2457,#2451,#1496,.T.);
#3128=EDGE_CURVE('',#2458,#2457,#312,.T.);
#3129=EDGE_CURVE('',#2459,#2458,#1497,.T.);
#3130=EDGE_CURVE('',#2459,#2460,#1132,.T.);
#3131=EDGE_CURVE('',#2460,#2461,#1133,.T.);
#3132=EDGE_CURVE('',#2461,#2462,#1134,.T.);
#3133=EDGE_CURVE('',#2463,#2462,#1498,.T.);
#3134=EDGE_CURVE('',#2463,#2464,#1135,.T.);
#3135=EDGE_CURVE('',#2465,#2464,#313,.T.);
#3136=EDGE_CURVE('',#2466,#2465,#1136,.T.);
#3137=EDGE_CURVE('',#2467,#2466,#1137,.T.);
#3138=EDGE_CURVE('',#2468,#2467,#1499,.T.);
#3139=EDGE_CURVE('',#2469,#2468,#1138,.T.);
#3140=EDGE_CURVE('',#2454,#2469,#1139,.T.);
#3141=EDGE_CURVE('',#2470,#2470,#314,.T.);
#3142=EDGE_CURVE('',#2445,#2471,#1500,.T.);
#3143=EDGE_CURVE('',#2471,#2447,#1501,.T.);
#3144=EDGE_CURVE('',#2472,#2473,#1502,.T.);
#3145=EDGE_CURVE('',#2474,#2472,#1140,.T.);
#3146=EDGE_CURVE('',#2475,#2474,#1141,.T.);
#3147=EDGE_CURVE('',#2476,#2475,#1142,.T.);
#3148=EDGE_CURVE('',#2442,#2476,#1503,.T.);
#3149=EDGE_CURVE('',#2473,#2440,#1504,.T.);
#3150=EDGE_CURVE('',#2477,#2478,#1505,.T.);
#3151=EDGE_CURVE('',#2477,#2479,#1143,.T.);
#3152=EDGE_CURVE('',#2478,#2479,#1506,.T.);
#3153=EDGE_CURVE('',#2480,#2477,#67,.T.);
#3154=EDGE_CURVE('',#2481,#2480,#1144,.T.);
#3155=EDGE_CURVE('',#2479,#2481,#1507,.T.);
#3156=EDGE_CURVE('',#2475,#2482,#1508,.T.);
#3157=EDGE_CURVE('',#2483,#2482,#1145,.T.);
#3158=EDGE_CURVE('',#2476,#2483,#1509,.T.);
#3159=EDGE_CURVE('',#2474,#2484,#1510,.T.);
#3160=EDGE_CURVE('',#2482,#2484,#1146,.T.);
#3161=EDGE_CURVE('',#2485,#2472,#68,.T.);
#3162=EDGE_CURVE('',#2484,#2485,#1147,.T.);
#3163=EDGE_CURVE('',#2469,#2486,#1511,.T.);
#3164=EDGE_CURVE('',#2455,#2486,#1148,.T.);
#3165=EDGE_CURVE('',#2487,#2468,#1512,.T.);
#3166=EDGE_CURVE('',#2486,#2487,#1149,.T.);
#3167=EDGE_CURVE('',#2466,#2488,#1513,.T.);
#3168=EDGE_CURVE('',#2489,#2488,#1150,.T.);
#3169=EDGE_CURVE('',#2467,#2489,#1514,.T.);
#3170=EDGE_CURVE('',#2490,#2465,#1515,.T.);
#3171=EDGE_CURVE('',#2488,#2490,#1151,.T.);
#3172=EDGE_CURVE('',#2491,#2463,#1516,.T.);
#3173=EDGE_CURVE('',#2492,#2491,#1152,.T.);
#3174=EDGE_CURVE('',#2464,#2492,#1517,.T.);
#3175=EDGE_CURVE('',#2461,#2493,#1518,.T.);
#3176=EDGE_CURVE('',#2494,#2493,#1153,.T.);
#3177=EDGE_CURVE('',#2462,#2494,#1519,.T.);
#3178=EDGE_CURVE('',#2460,#2495,#1520,.T.);
#3179=EDGE_CURVE('',#2493,#2495,#1154,.T.);
#3180=EDGE_CURVE('',#2496,#2459,#1521,.T.);
#3181=EDGE_CURVE('',#2495,#2496,#1155,.T.);
#3182=EDGE_CURVE('',#2497,#2478,#1522,.T.);
#3183=EDGE_CURVE('',#2498,#2497,#1523,.T.);
#3184=EDGE_CURVE('',#2498,#2499,#1524,.T.);
#3185=EDGE_CURVE('',#2480,#2499,#1525,.T.);
#3186=EDGE_CURVE('',#2499,#2441,#1526,.T.);
#3187=EDGE_CURVE('',#2500,#2498,#1527,.T.);
#3188=EDGE_CURVE('',#2500,#2473,#1528,.T.);
#3189=EDGE_CURVE('',#2481,#2443,#1529,.T.);
#3190=EDGE_CURVE('',#2483,#2487,#1530,.T.);
#3191=EDGE_CURVE('',#2489,#2501,#1531,.T.);
#3192=EDGE_CURVE('',#2501,#2502,#1532,.T.);
#3193=EDGE_CURVE('',#2497,#2502,#1533,.T.);
#3194=EDGE_CURVE('',#2492,#2503,#315,.T.);
#3195=EDGE_CURVE('',#2503,#2504,#1534,.T.);
#3196=EDGE_CURVE('',#2502,#2504,#316,.T.);
#3197=EDGE_CURVE('',#2501,#2490,#317,.T.);
#3198=EDGE_CURVE('',#2505,#2500,#1535,.T.);
#3199=EDGE_CURVE('',#2505,#2456,#1536,.T.);
#3200=EDGE_CURVE('',#2485,#2453,#1537,.T.);
#3201=EDGE_CURVE('',#2448,#2446,#1538,.T.);
#3202=EDGE_CURVE('',#2506,#2505,#1539,.T.);
#3203=EDGE_CURVE('',#2506,#2471,#1540,.T.);
#3204=EDGE_CURVE('',#2496,#2494,#1541,.T.);
#3205=EDGE_CURVE('',#2491,#2503,#1542,.T.);
#3206=EDGE_CURVE('',#2444,#2450,#1543,.T.);
#3207=EDGE_CURVE('',#2458,#2507,#1544,.T.);
#3208=EDGE_CURVE('',#2504,#2507,#1545,.T.);
#3209=EDGE_CURVE('',#2470,#2508,#1546,.T.);
#3210=EDGE_CURVE('',#2508,#2508,#318,.T.);
#3211=EDGE_CURVE('',#2457,#2509,#1547,.T.);
#3212=EDGE_CURVE('',#2507,#2509,#319,.T.);
#3213=EDGE_CURVE('',#2509,#2506,#1548,.T.);
#3214=EDGE_CURVE('',#2510,#2511,#69,.T.);
#3215=EDGE_CURVE('',#2510,#2512,#1156,.T.);
#3216=EDGE_CURVE('',#2512,#2513,#1549,.T.);
#3217=EDGE_CURVE('',#2511,#2513,#1157,.T.);
#3218=EDGE_CURVE('',#2514,#2510,#1550,.T.);
#3219=EDGE_CURVE('',#2515,#2514,#1551,.T.);
#3220=EDGE_CURVE('',#2516,#2515,#1552,.T.);
#3221=EDGE_CURVE('',#2517,#2516,#320,.T.);
#3222=EDGE_CURVE('',#2518,#2517,#1553,.T.);
#3223=EDGE_CURVE('',#2518,#2519,#1158,.T.);
#3224=EDGE_CURVE('',#2519,#2520,#1159,.T.);
#3225=EDGE_CURVE('',#2520,#2521,#1160,.T.);
#3226=EDGE_CURVE('',#2521,#2522,#1161,.T.);
#3227=EDGE_CURVE('',#2522,#2523,#1162,.T.);
#3228=EDGE_CURVE('',#2523,#2524,#1163,.T.);
#3229=EDGE_CURVE('',#2525,#2524,#1554,.T.);
#3230=EDGE_CURVE('',#2526,#2525,#321,.T.);
#3231=EDGE_CURVE('',#2527,#2526,#1164,.T.);
#3232=EDGE_CURVE('',#2528,#2527,#322,.T.);
#3233=EDGE_CURVE('',#2529,#2528,#323,.T.);
#3234=EDGE_CURVE('',#2530,#2529,#1165,.T.);
#3235=EDGE_CURVE('',#2531,#2530,#324,.T.);
#3236=EDGE_CURVE('',#2532,#2531,#1555,.T.);
#3237=EDGE_CURVE('',#2512,#2532,#1166,.T.);
#3238=EDGE_CURVE('',#2533,#2534,#1556,.T.);
#3239=EDGE_CURVE('',#2535,#2533,#1167,.T.);
#3240=EDGE_CURVE('',#2534,#2535,#1557,.T.);
#3241=EDGE_CURVE('',#2536,#2533,#70,.T.);
#3242=EDGE_CURVE('',#2537,#2536,#1168,.T.);
#3243=EDGE_CURVE('',#2535,#2537,#71,.T.);
#3244=EDGE_CURVE('',#2538,#2532,#1558,.T.);
#3245=EDGE_CURVE('',#2513,#2538,#1169,.T.);
#3246=EDGE_CURVE('',#2539,#2529,#1559,.T.);
#3247=EDGE_CURVE('',#2540,#2539,#1170,.T.);
#3248=EDGE_CURVE('',#2530,#2540,#1560,.T.);
#3249=EDGE_CURVE('',#2541,#2526,#1561,.T.);
#3250=EDGE_CURVE('',#2542,#2541,#1171,.T.);
#3251=EDGE_CURVE('',#2527,#2542,#1562,.T.);
#3252=EDGE_CURVE('',#2523,#2543,#1563,.T.);
#3253=EDGE_CURVE('',#2544,#2543,#1172,.T.);
#3254=EDGE_CURVE('',#2524,#2544,#1564,.T.);
#3255=EDGE_CURVE('',#2522,#2545,#1565,.T.);
#3256=EDGE_CURVE('',#2543,#2545,#1173,.T.);
#3257=EDGE_CURVE('',#2521,#2546,#1566,.T.);
#3258=EDGE_CURVE('',#2545,#2546,#1174,.T.);
#3259=EDGE_CURVE('',#2520,#2547,#1567,.T.);
#3260=EDGE_CURVE('',#2546,#2547,#1175,.T.);
#3261=EDGE_CURVE('',#2519,#2548,#1568,.T.);
#3262=EDGE_CURVE('',#2547,#2548,#1176,.T.);
#3263=EDGE_CURVE('',#2549,#2518,#1569,.T.);
#3264=EDGE_CURVE('',#2548,#2549,#1177,.T.);
#3265=EDGE_CURVE('',#2550,#2537,#1570,.T.);
#3266=EDGE_CURVE('',#2551,#2550,#1571,.T.);
#3267=EDGE_CURVE('',#2552,#2551,#1572,.T.);
#3268=EDGE_CURVE('',#2552,#2534,#1573,.T.);
#3269=EDGE_CURVE('',#2525,#2553,#1574,.T.);
#3270=EDGE_CURVE('',#2554,#2553,#325,.T.);
#3271=EDGE_CURVE('',#2531,#2554,#1575,.T.);
#3272=EDGE_CURVE('',#2540,#2541,#326,.T.);
#3273=EDGE_CURVE('',#2549,#2544,#1576,.T.);
#3274=EDGE_CURVE('',#2539,#2542,#327,.T.);
#3275=EDGE_CURVE('',#2517,#2555,#1577,.T.);
#3276=EDGE_CURVE('',#2553,#2555,#1578,.T.);
#3277=EDGE_CURVE('',#2551,#2554,#1579,.T.);
#3278=EDGE_CURVE('',#2550,#2538,#1580,.T.);
#3279=EDGE_CURVE('',#2516,#2556,#1581,.T.);
#3280=EDGE_CURVE('',#2555,#2556,#328,.T.);
#3281=EDGE_CURVE('',#2528,#2557,#1582,.T.);
#3282=EDGE_CURVE('',#2557,#2557,#329,.T.);
#3283=EDGE_CURVE('',#2536,#2558,#1583,.T.);
#3284=EDGE_CURVE('',#2558,#2511,#1584,.T.);
#3285=EDGE_CURVE('',#2556,#2559,#1585,.T.);
#3286=EDGE_CURVE('',#2559,#2560,#1586,.T.);
#3287=EDGE_CURVE('',#2560,#2561,#1587,.T.);
#3288=EDGE_CURVE('',#2561,#2552,#1588,.T.);
#3289=EDGE_CURVE('',#2559,#2515,#1589,.T.);
#3290=EDGE_CURVE('',#2560,#2514,#1590,.T.);
#3291=EDGE_CURVE('',#2561,#2558,#1591,.T.);
#3292=EDGE_CURVE('',#2562,#2563,#72,.T.);
#3293=EDGE_CURVE('',#2564,#2562,#1178,.T.);
#3294=EDGE_CURVE('',#2565,#2564,#1592,.T.);
#3295=EDGE_CURVE('',#2563,#2565,#1179,.T.);
#3296=EDGE_CURVE('',#2566,#2567,#1593,.T.);
#3297=EDGE_CURVE('',#2566,#2568,#1180,.T.);
#3298=EDGE_CURVE('',#2568,#2569,#1181,.T.);
#3299=EDGE_CURVE('',#2570,#2569,#1594,.T.);
#3300=EDGE_CURVE('',#2564,#2570,#1595,.T.);
#3301=EDGE_CURVE('',#2567,#2562,#1596,.T.);
#3302=EDGE_CURVE('',#2571,#2572,#1597,.T.);
#3303=EDGE_CURVE('',#2571,#2573,#1182,.T.);
#3304=EDGE_CURVE('',#2572,#2573,#1598,.T.);
#3305=EDGE_CURVE('',#2569,#2574,#73,.T.);
#3306=EDGE_CURVE('',#2568,#2575,#1599,.T.);
#3307=EDGE_CURVE('',#2574,#2575,#1183,.T.);
#3308=EDGE_CURVE('',#2576,#2566,#74,.T.);
#3309=EDGE_CURVE('',#2575,#2576,#1184,.T.);
#3310=EDGE_CURVE('',#2577,#2578,#1185,.T.);
#3311=EDGE_CURVE('',#2577,#2579,#1600,.T.);
#3312=EDGE_CURVE('',#2580,#2579,#1186,.T.);
#3313=EDGE_CURVE('',#2578,#2580,#1601,.T.);
#3314=EDGE_CURVE('',#2581,#2577,#1187,.T.);
#3315=EDGE_CURVE('',#2582,#2581,#1602,.T.);
#3316=EDGE_CURVE('',#2579,#2582,#1188,.T.);
#3317=EDGE_CURVE('',#2583,#2584,#1189,.T.);
#3318=EDGE_CURVE('',#2583,#2585,#1603,.T.);
#3319=EDGE_CURVE('',#2586,#2585,#1190,.T.);
#3320=EDGE_CURVE('',#2584,#2586,#1604,.T.);
#3321=EDGE_CURVE('',#2587,#2583,#1191,.T.);
#3322=EDGE_CURVE('',#2588,#2587,#1605,.T.);
#3323=EDGE_CURVE('',#2585,#2588,#1192,.T.);
#3324=EDGE_CURVE('',#2589,#2590,#1193,.T.);
#3325=EDGE_CURVE('',#2589,#2591,#1606,.T.);
#3326=EDGE_CURVE('',#2592,#2591,#1194,.T.);
#3327=EDGE_CURVE('',#2590,#2592,#1607,.T.);
#3328=EDGE_CURVE('',#2593,#2589,#1195,.T.);
#3329=EDGE_CURVE('',#2593,#2594,#1608,.T.);
#3330=EDGE_CURVE('',#2591,#2594,#1196,.T.);
#3331=EDGE_CURVE('',#2595,#2596,#75,.T.);
#3332=EDGE_CURVE('',#2594,#2595,#1197,.T.);
#3333=EDGE_CURVE('',#2596,#2593,#1198,.T.);
#3334=EDGE_CURVE('',#2597,#2571,#76,.T.);
#3335=EDGE_CURVE('',#2598,#2597,#1199,.T.);
#3336=EDGE_CURVE('',#2573,#2598,#77,.T.);
#3337=EDGE_CURVE('',#2599,#2584,#330,.T.);
#3338=EDGE_CURVE('',#2586,#2600,#331,.T.);
#3339=EDGE_CURVE('',#2600,#2601,#1609,.T.);
#3340=EDGE_CURVE('',#2602,#2601,#332,.T.);
#3341=EDGE_CURVE('',#2599,#2602,#1610,.T.);
#3342=EDGE_CURVE('',#2603,#2572,#1611,.T.);
#3343=EDGE_CURVE('',#2604,#2603,#1612,.T.);
#3344=EDGE_CURVE('',#2604,#2605,#1613,.T.);
#3345=EDGE_CURVE('',#2597,#2605,#1614,.T.);
#3346=EDGE_CURVE('',#2605,#2563,#1615,.T.);
#3347=EDGE_CURVE('',#2606,#2604,#1616,.T.);
#3348=EDGE_CURVE('',#2606,#2567,#1617,.T.);
#3349=EDGE_CURVE('',#2576,#2607,#1618,.T.);
#3350=EDGE_CURVE('',#2607,#2574,#1619,.T.);
#3351=EDGE_CURVE('',#2595,#2598,#1620,.T.);
#3352=EDGE_CURVE('',#2565,#2592,#1621,.T.);
#3353=EDGE_CURVE('',#2580,#2582,#1622,.T.);
#3354=EDGE_CURVE('',#2588,#2600,#1623,.T.);
#3355=EDGE_CURVE('',#2587,#2590,#1624,.T.);
#3356=EDGE_CURVE('',#2570,#2608,#1625,.T.);
#3357=EDGE_CURVE('',#2601,#2608,#1626,.T.);
#3358=EDGE_CURVE('',#2609,#2606,#1627,.T.);
#3359=EDGE_CURVE('',#2609,#2607,#1628,.T.);
#3360=EDGE_CURVE('',#2608,#2609,#1629,.T.);
#3361=EDGE_CURVE('',#2596,#2610,#1630,.T.);
#3362=EDGE_CURVE('',#2611,#2610,#1631,.T.);
#3363=EDGE_CURVE('',#2603,#2611,#1632,.T.);
#3364=EDGE_CURVE('',#2610,#2612,#333,.T.);
#3365=EDGE_CURVE('',#2612,#2613,#1633,.T.);
#3366=EDGE_CURVE('',#2611,#2613,#334,.T.);
#3367=EDGE_CURVE('',#2613,#2602,#1634,.T.);
#3368=EDGE_CURVE('',#2614,#2614,#335,.T.);
#3369=EDGE_CURVE('',#2615,#2615,#336,.T.);
#3370=EDGE_CURVE('',#2615,#2614,#1635,.T.);
#3371=EDGE_CURVE('',#2581,#2599,#1636,.T.);
#3372=EDGE_CURVE('',#2612,#2578,#1637,.T.);
#3373=EDGE_CURVE('',#2616,#2617,#78,.T.);
#3374=EDGE_CURVE('',#2618,#2616,#1200,.T.);
#3375=EDGE_CURVE('',#2618,#2619,#1638,.T.);
#3376=EDGE_CURVE('',#2617,#2619,#1201,.T.);
#3377=EDGE_CURVE('',#2620,#2621,#79,.T.);
#3378=EDGE_CURVE('',#2622,#2620,#1202,.T.);
#3379=EDGE_CURVE('',#2622,#2623,#1639,.T.);
#3380=EDGE_CURVE('',#2621,#2623,#1203,.T.);
#3381=EDGE_CURVE('',#2624,#2625,#80,.T.);
#3382=EDGE_CURVE('',#2626,#2624,#1204,.T.);
#3383=EDGE_CURVE('',#2626,#2627,#1640,.T.);
#3384=EDGE_CURVE('',#2625,#2627,#1205,.T.);
#3385=EDGE_CURVE('',#2628,#2629,#81,.T.);
#3386=EDGE_CURVE('',#2628,#2630,#1206,.T.);
#3387=EDGE_CURVE('',#2631,#2630,#82,.T.);
#3388=EDGE_CURVE('',#2629,#2631,#1207,.T.);
#3389=EDGE_CURVE('',#2632,#2633,#83,.T.);
#3390=EDGE_CURVE('',#2634,#2632,#1208,.T.);
#3391=EDGE_CURVE('',#2635,#2634,#1641,.T.);
#3392=EDGE_CURVE('',#2635,#2633,#1209,.T.);
#3393=EDGE_CURVE('',#2636,#2637,#84,.T.);
#3394=EDGE_CURVE('',#2638,#2636,#1210,.T.);
#3395=EDGE_CURVE('',#2639,#2638,#85,.T.);
#3396=EDGE_CURVE('',#2639,#2637,#1211,.T.);
#3397=EDGE_CURVE('',#2640,#2641,#86,.T.);
#3398=EDGE_CURVE('',#2640,#2635,#1212,.T.);
#3399=EDGE_CURVE('',#2641,#2634,#1213,.T.);
#3400=EDGE_CURVE('',#2642,#2643,#87,.T.);
#3401=EDGE_CURVE('',#2644,#2642,#1214,.T.);
#3402=EDGE_CURVE('',#2644,#2645,#1642,.T.);
#3403=EDGE_CURVE('',#2643,#2645,#1215,.T.);
#3404=EDGE_CURVE('',#2646,#2616,#1643,.T.);
#3405=EDGE_CURVE('',#2647,#2646,#337,.T.);
#3406=EDGE_CURVE('',#2647,#2648,#1216,.T.);
#3407=EDGE_CURVE('',#2648,#2649,#1217,.T.);
#3408=EDGE_CURVE('',#2649,#2650,#1218,.T.);
#3409=EDGE_CURVE('',#2650,#2651,#1219,.T.);
#3410=EDGE_CURVE('',#2652,#2651,#1644,.T.);
#3411=EDGE_CURVE('',#2653,#2652,#1645,.T.);
#3412=EDGE_CURVE('',#2654,#2653,#1646,.T.);
#3413=EDGE_CURVE('',#2655,#2654,#1647,.T.);
#3414=EDGE_CURVE('',#2655,#2656,#1220,.T.);
#3415=EDGE_CURVE('',#2656,#2657,#1221,.T.);
#3416=EDGE_CURVE('',#2657,#2658,#1222,.T.);
#3417=EDGE_CURVE('',#2659,#2658,#338,.T.);
#3418=EDGE_CURVE('',#2660,#2659,#1223,.T.);
#3419=EDGE_CURVE('',#2661,#2660,#1224,.T.);
#3420=EDGE_CURVE('',#2662,#2661,#1225,.T.);
#3421=EDGE_CURVE('',#2663,#2662,#1226,.T.);
#3422=EDGE_CURVE('',#2664,#2663,#1227,.T.);
#3423=EDGE_CURVE('',#2665,#2664,#1228,.T.);
#3424=EDGE_CURVE('',#2666,#2665,#1229,.T.);
#3425=EDGE_CURVE('',#2667,#2666,#1230,.T.);
#3426=EDGE_CURVE('',#2668,#2667,#1231,.T.);
#3427=EDGE_CURVE('',#2669,#2668,#1232,.T.);
#3428=EDGE_CURVE('',#2670,#2669,#1233,.T.);
#3429=EDGE_CURVE('',#2671,#2670,#339,.T.);
#3430=EDGE_CURVE('',#2672,#2671,#340,.T.);
#3431=EDGE_CURVE('',#2673,#2672,#1234,.T.);
#3432=EDGE_CURVE('',#2674,#2673,#1235,.T.);
#3433=EDGE_CURVE('',#2675,#2674,#1236,.T.);
#3434=EDGE_CURVE('',#2676,#2675,#1237,.T.);
#3435=EDGE_CURVE('',#2677,#2676,#1238,.T.);
#3436=EDGE_CURVE('',#2678,#2677,#1239,.T.);
#3437=EDGE_CURVE('',#2679,#2678,#1240,.T.);
#3438=EDGE_CURVE('',#2680,#2679,#1241,.T.);
#3439=EDGE_CURVE('',#2681,#2680,#1242,.T.);
#3440=EDGE_CURVE('',#2682,#2681,#1243,.T.);
#3441=EDGE_CURVE('',#2683,#2682,#1244,.T.);
#3442=EDGE_CURVE('',#2684,#2683,#1245,.T.);
#3443=EDGE_CURVE('',#2685,#2684,#1246,.T.);
#3444=EDGE_CURVE('',#2686,#2685,#341,.T.);
#3445=EDGE_CURVE('',#2686,#2687,#1247,.T.);
#3446=EDGE_CURVE('',#2687,#2688,#1248,.T.);
#3447=EDGE_CURVE('',#2689,#2688,#1648,.T.);
#3448=EDGE_CURVE('',#2690,#2689,#1649,.T.);
#3449=EDGE_CURVE('',#2691,#2690,#1249,.T.);
#3450=EDGE_CURVE('',#2692,#2691,#342,.T.);
#3451=EDGE_CURVE('',#2693,#2692,#343,.T.);
#3452=EDGE_CURVE('',#2694,#2693,#1250,.T.);
#3453=EDGE_CURVE('',#2695,#2694,#1251,.T.);
#3454=EDGE_CURVE('',#2696,#2695,#1252,.T.);
#3455=EDGE_CURVE('',#2697,#2696,#344,.T.);
#3456=EDGE_CURVE('',#2698,#2697,#1253,.T.);
#3457=EDGE_CURVE('',#2699,#2698,#1254,.T.);
#3458=EDGE_CURVE('',#2700,#2699,#1255,.T.);
#3459=EDGE_CURVE('',#2701,#2700,#1256,.T.);
#3460=EDGE_CURVE('',#2702,#2701,#1257,.T.);
#3461=EDGE_CURVE('',#2703,#2702,#1258,.T.);
#3462=EDGE_CURVE('',#2704,#2703,#1650,.T.);
#3463=EDGE_CURVE('',#2705,#2704,#1651,.T.);
#3464=EDGE_CURVE('',#2706,#2705,#1652,.T.);
#3465=EDGE_CURVE('',#2706,#2707,#1259,.T.);
#3466=EDGE_CURVE('',#2707,#2708,#1260,.T.);
#3467=EDGE_CURVE('',#2708,#2709,#1261,.T.);
#3468=EDGE_CURVE('',#2709,#2710,#1262,.T.);
#3469=EDGE_CURVE('',#2710,#2711,#1263,.T.);
#3470=EDGE_CURVE('',#2711,#2712,#1264,.T.);
#3471=EDGE_CURVE('',#2712,#2713,#1265,.T.);
#3472=EDGE_CURVE('',#2713,#2714,#1266,.T.);
#3473=EDGE_CURVE('',#2714,#2715,#1267,.T.);
#3474=EDGE_CURVE('',#2715,#2716,#1268,.T.);
#3475=EDGE_CURVE('',#2716,#2717,#1269,.T.);
#3476=EDGE_CURVE('',#2718,#2717,#345,.T.);
#3477=EDGE_CURVE('',#2718,#2719,#1270,.T.);
#3478=EDGE_CURVE('',#2719,#2720,#1271,.T.);
#3479=EDGE_CURVE('',#2720,#2721,#1272,.T.);
#3480=EDGE_CURVE('',#2721,#2722,#1273,.T.);
#3481=EDGE_CURVE('',#2722,#2723,#1274,.T.);
#3482=EDGE_CURVE('',#2723,#2724,#1275,.T.);
#3483=EDGE_CURVE('',#2724,#2725,#1276,.T.);
#3484=EDGE_CURVE('',#2725,#2726,#1277,.T.);
#3485=EDGE_CURVE('',#2726,#2727,#1278,.T.);
#3486=EDGE_CURVE('',#2727,#2728,#1279,.T.);
#3487=EDGE_CURVE('',#2728,#2729,#1280,.T.);
#3488=EDGE_CURVE('',#2729,#2730,#1281,.T.);
#3489=EDGE_CURVE('',#2731,#2730,#346,.T.);
#3490=EDGE_CURVE('',#2633,#2731,#1653,.T.);
#3491=EDGE_CURVE('',#2732,#2640,#1654,.T.);
#3492=EDGE_CURVE('',#2637,#2732,#1655,.T.);
#3493=EDGE_CURVE('',#2733,#2639,#1656,.T.);
#3494=EDGE_CURVE('',#2734,#2733,#1657,.T.);
#3495=EDGE_CURVE('',#2734,#2644,#1282,.T.);
#3496=EDGE_CURVE('',#2735,#2642,#1658,.T.);
#3497=EDGE_CURVE('',#2736,#2735,#1659,.T.);
#3498=EDGE_CURVE('',#2737,#2736,#1283,.T.);
#3499=EDGE_CURVE('',#2738,#2737,#1284,.T.);
#3500=EDGE_CURVE('',#2738,#2739,#1285,.T.);
#3501=EDGE_CURVE('',#2739,#2738,#1286,.T.);
#3502=EDGE_CURVE('',#2740,#2738,#1287,.T.);
#3503=EDGE_CURVE('',#2741,#2740,#1288,.T.);
#3504=EDGE_CURVE('',#2742,#2741,#1289,.T.);
#3505=EDGE_CURVE('',#2743,#2742,#1290,.T.);
#3506=EDGE_CURVE('',#2744,#2743,#347,.T.);
#3507=EDGE_CURVE('',#2745,#2744,#1660,.T.);
#3508=EDGE_CURVE('',#2745,#2746,#1291,.T.);
#3509=EDGE_CURVE('',#2746,#2747,#1292,.T.);
#3510=EDGE_CURVE('',#2747,#2748,#1293,.T.);
#3511=EDGE_CURVE('',#2748,#2749,#1294,.T.);
#3512=EDGE_CURVE('',#2750,#2749,#1661,.T.);
#3513=EDGE_CURVE('',#2751,#2750,#1662,.T.);
#3514=EDGE_CURVE('',#2751,#2752,#1295,.T.);
#3515=EDGE_CURVE('',#2753,#2752,#1663,.T.);
#3516=EDGE_CURVE('',#2754,#2753,#1664,.T.);
#3517=EDGE_CURVE('',#2755,#2754,#1665,.T.);
#3518=EDGE_CURVE('',#2755,#2756,#1296,.T.);
#3519=EDGE_CURVE('',#2757,#2756,#348,.T.);
#3520=EDGE_CURVE('',#2758,#2757,#349,.T.);
#3521=EDGE_CURVE('',#2758,#2759,#1297,.T.);
#3522=EDGE_CURVE('',#2759,#2760,#88,.T.);
#3523=EDGE_CURVE('',#2760,#2761,#1298,.T.);
#3524=EDGE_CURVE('',#2761,#2762,#1299,.T.);
#3525=EDGE_CURVE('',#2762,#2763,#1300,.T.);
#3526=EDGE_CURVE('',#2764,#2763,#350,.T.);
#3527=EDGE_CURVE('',#2764,#2765,#1301,.T.);
#3528=EDGE_CURVE('',#2765,#2766,#1302,.T.);
#3529=EDGE_CURVE('',#2766,#2767,#1303,.T.);
#3530=EDGE_CURVE('',#2767,#2768,#89,.T.);
#3531=EDGE_CURVE('',#2768,#2769,#1304,.T.);
#3532=EDGE_CURVE('',#2769,#2770,#1305,.T.);
#3533=EDGE_CURVE('',#2770,#2771,#1306,.T.);
#3534=EDGE_CURVE('',#2772,#2771,#351,.T.);
#3535=EDGE_CURVE('',#2772,#2773,#1307,.T.);
#3536=EDGE_CURVE('',#2774,#2773,#352,.T.);
#3537=EDGE_CURVE('',#2775,#2774,#1666,.T.);
#3538=EDGE_CURVE('',#2776,#2775,#1667,.T.);
#3539=EDGE_CURVE('',#2630,#2776,#1668,.T.);
#3540=EDGE_CURVE('',#2777,#2628,#1669,.T.);
#3541=EDGE_CURVE('',#2778,#2777,#1670,.T.);
#3542=EDGE_CURVE('',#2779,#2778,#1308,.T.);
#3543=EDGE_CURVE('',#2780,#2779,#1309,.T.);
#3544=EDGE_CURVE('',#2781,#2780,#1310,.T.);
#3545=EDGE_CURVE('',#2782,#2781,#1311,.T.);
#3546=EDGE_CURVE('',#2783,#2782,#353,.T.);
#3547=EDGE_CURVE('',#2783,#2784,#1312,.T.);
#3548=EDGE_CURVE('',#2784,#2785,#1313,.T.);
#3549=EDGE_CURVE('',#2785,#2786,#1314,.T.);
#3550=EDGE_CURVE('',#2786,#2787,#1315,.T.);
#3551=EDGE_CURVE('',#2788,#2787,#1316,.T.);
#3552=EDGE_CURVE('',#2787,#2788,#1317,.T.);
#3553=EDGE_CURVE('',#2787,#2789,#1318,.T.);
#3554=EDGE_CURVE('',#2789,#2790,#1319,.T.);
#3555=EDGE_CURVE('',#2791,#2790,#354,.T.);
#3556=EDGE_CURVE('',#2792,#2791,#1671,.T.);
#3557=EDGE_CURVE('',#2793,#2792,#1672,.T.);
#3558=EDGE_CURVE('',#2793,#2794,#1320,.T.);
#3559=EDGE_CURVE('',#2794,#2626,#1321,.T.);
#3560=EDGE_CURVE('',#2795,#2624,#1673,.T.);
#3561=EDGE_CURVE('',#2796,#2795,#1674,.T.);
#3562=EDGE_CURVE('',#2796,#2797,#1322,.T.);
#3563=EDGE_CURVE('',#2797,#2622,#1323,.T.);
#3564=EDGE_CURVE('',#2798,#2620,#1675,.T.);
#3565=EDGE_CURVE('',#2799,#2798,#1676,.T.);
#3566=EDGE_CURVE('',#2799,#2618,#1324,.T.);
#3567=EDGE_CURVE('',#2800,#2800,#355,.T.);
#3568=EDGE_CURVE('',#2801,#2802,#1325,.T.);
#3569=EDGE_CURVE('',#2802,#2803,#1326,.T.);
#3570=EDGE_CURVE('',#2803,#2801,#1327,.T.);
#3571=EDGE_CURVE('',#2804,#2804,#356,.T.);
#3572=EDGE_CURVE('',#2805,#2805,#357,.T.);
#3573=EDGE_CURVE('',#2806,#2807,#1328,.T.);
#3574=EDGE_CURVE('',#2807,#2808,#1329,.T.);
#3575=EDGE_CURVE('',#2808,#2806,#1330,.T.);
#3576=EDGE_CURVE('',#2809,#2810,#1677,.T.);
#3577=EDGE_CURVE('',#2811,#2809,#1331,.T.);
#3578=EDGE_CURVE('',#2810,#2811,#1678,.T.);
#3579=EDGE_CURVE('',#2749,#2812,#90,.T.);
#3580=EDGE_CURVE('',#2748,#2813,#1679,.T.);
#3581=EDGE_CURVE('',#2812,#2813,#1332,.T.);
#3582=EDGE_CURVE('',#2752,#2814,#91,.T.);
#3583=EDGE_CURVE('',#2815,#2751,#92,.T.);
#3584=EDGE_CURVE('',#2814,#2815,#1333,.T.);
#3585=EDGE_CURVE('',#2803,#2816,#1680,.T.);
#3586=EDGE_CURVE('',#2817,#2816,#1334,.T.);
#3587=EDGE_CURVE('',#2801,#2817,#1681,.T.);
#3588=EDGE_CURVE('',#2802,#2818,#1682,.T.);
#3589=EDGE_CURVE('',#2816,#2818,#1335,.T.);
#3590=EDGE_CURVE('',#2818,#2817,#1336,.T.);
#3591=EDGE_CURVE('',#2808,#2819,#1683,.T.);
#3592=EDGE_CURVE('',#2820,#2819,#1337,.T.);
#3593=EDGE_CURVE('',#2806,#2820,#1684,.T.);
#3594=EDGE_CURVE('',#2807,#2821,#1685,.T.);
#3595=EDGE_CURVE('',#2819,#2821,#1338,.T.);
#3596=EDGE_CURVE('',#2821,#2820,#1339,.T.);
#3597=EDGE_CURVE('',#2794,#2822,#1686,.T.);
#3598=EDGE_CURVE('',#2627,#2822,#1340,.T.);
#3599=EDGE_CURVE('',#2823,#2793,#93,.T.);
#3600=EDGE_CURVE('',#2822,#2823,#1341,.T.);
#3601=EDGE_CURVE('',#2742,#2824,#1687,.T.);
#3602=EDGE_CURVE('',#2825,#2824,#1342,.T.);
#3603=EDGE_CURVE('',#2743,#2825,#1688,.T.);
#3604=EDGE_CURVE('',#2741,#2826,#1689,.T.);
#3605=EDGE_CURVE('',#2824,#2826,#1343,.T.);
#3606=EDGE_CURVE('',#2740,#2827,#1690,.T.);
#3607=EDGE_CURVE('',#2826,#2827,#1344,.T.);
#3608=EDGE_CURVE('',#2738,#2828,#1691,.T.);
#3609=EDGE_CURVE('',#2827,#2828,#1345,.T.);
#3610=EDGE_CURVE('',#2739,#2829,#1692,.T.);
#3611=EDGE_CURVE('',#2828,#2829,#1346,.T.);
#3612=EDGE_CURVE('',#2738,#2828,#1693,.T.);
#3613=EDGE_CURVE('',#2829,#2828,#1347,.T.);
#3614=EDGE_CURVE('',#2737,#2830,#1694,.T.);
#3615=EDGE_CURVE('',#2828,#2830,#1348,.T.);
#3616=EDGE_CURVE('',#2831,#2736,#1695,.T.);
#3617=EDGE_CURVE('',#2830,#2831,#1349,.T.);
#3618=EDGE_CURVE('',#2832,#2734,#94,.T.);
#3619=EDGE_CURVE('',#2645,#2832,#1350,.T.);
#3620=EDGE_CURVE('',#2833,#2809,#95,.T.);
#3621=EDGE_CURVE('',#2834,#2833,#1351,.T.);
#3622=EDGE_CURVE('',#2811,#2834,#96,.T.);
#3623=EDGE_CURVE('',#2729,#2835,#1696,.T.);
#3624=EDGE_CURVE('',#2836,#2835,#1352,.T.);
#3625=EDGE_CURVE('',#2730,#2836,#1697,.T.);
#3626=EDGE_CURVE('',#2728,#2837,#1698,.T.);
#3627=EDGE_CURVE('',#2835,#2837,#1353,.T.);
#3628=EDGE_CURVE('',#2727,#2838,#1699,.T.);
#3629=EDGE_CURVE('',#2837,#2838,#1354,.T.);
#3630=EDGE_CURVE('',#2726,#2839,#1700,.T.);
#3631=EDGE_CURVE('',#2838,#2839,#1355,.T.);
#3632=EDGE_CURVE('',#2725,#2840,#1701,.T.);
#3633=EDGE_CURVE('',#2839,#2840,#1356,.T.);
#3634=EDGE_CURVE('',#2724,#2841,#1702,.T.);
#3635=EDGE_CURVE('',#2840,#2841,#1357,.T.);
#3636=EDGE_CURVE('',#2723,#2842,#1703,.T.);
#3637=EDGE_CURVE('',#2841,#2842,#1358,.T.);
#3638=EDGE_CURVE('',#2722,#2843,#1704,.T.);
#3639=EDGE_CURVE('',#2842,#2843,#1359,.T.);
#3640=EDGE_CURVE('',#2721,#2844,#1705,.T.);
#3641=EDGE_CURVE('',#2843,#2844,#1360,.T.);
#3642=EDGE_CURVE('',#2720,#2845,#1706,.T.);
#3643=EDGE_CURVE('',#2844,#2845,#1361,.T.);
#3644=EDGE_CURVE('',#2719,#2846,#1707,.T.);
#3645=EDGE_CURVE('',#2845,#2846,#1362,.T.);
#3646=EDGE_CURVE('',#2847,#2718,#1708,.T.);
#3647=EDGE_CURVE('',#2846,#2847,#1363,.T.);
#3648=EDGE_CURVE('',#2716,#2848,#1709,.T.);
#3649=EDGE_CURVE('',#2849,#2848,#1364,.T.);
#3650=EDGE_CURVE('',#2717,#2849,#1710,.T.);
#3651=EDGE_CURVE('',#2715,#2850,#1711,.T.);
#3652=EDGE_CURVE('',#2848,#2850,#1365,.T.);
#3653=EDGE_CURVE('',#2714,#2851,#1712,.T.);
#3654=EDGE_CURVE('',#2850,#2851,#1366,.T.);
#3655=EDGE_CURVE('',#2713,#2852,#1713,.T.);
#3656=EDGE_CURVE('',#2851,#2852,#1367,.T.);
#3657=EDGE_CURVE('',#2712,#2853,#1714,.T.);
#3658=EDGE_CURVE('',#2852,#2853,#1368,.T.);
#3659=EDGE_CURVE('',#2711,#2854,#1715,.T.);
#3660=EDGE_CURVE('',#2853,#2854,#1369,.T.);
#3661=EDGE_CURVE('',#2710,#2855,#1716,.T.);
#3662=EDGE_CURVE('',#2854,#2855,#1370,.T.);
#3663=EDGE_CURVE('',#2709,#2856,#1717,.T.);
#3664=EDGE_CURVE('',#2855,#2856,#1371,.T.);
#3665=EDGE_CURVE('',#2708,#2857,#1718,.T.);
#3666=EDGE_CURVE('',#2856,#2857,#1372,.T.);
#3667=EDGE_CURVE('',#2707,#2858,#1719,.T.);
#3668=EDGE_CURVE('',#2857,#2858,#1373,.T.);
#3669=EDGE_CURVE('',#2859,#2706,#1720,.T.);
#3670=EDGE_CURVE('',#2858,#2859,#1374,.T.);
#3671=EDGE_CURVE('',#2702,#2860,#1721,.T.);
#3672=EDGE_CURVE('',#2861,#2860,#1375,.T.);
#3673=EDGE_CURVE('',#2703,#2861,#1722,.T.);
#3674=EDGE_CURVE('',#2701,#2862,#1723,.T.);
#3675=EDGE_CURVE('',#2860,#2862,#1376,.T.);
#3676=EDGE_CURVE('',#2700,#2863,#1724,.T.);
#3677=EDGE_CURVE('',#2862,#2863,#1377,.T.);
#3678=EDGE_CURVE('',#2699,#2864,#1725,.T.);
#3679=EDGE_CURVE('',#2863,#2864,#1378,.T.);
#3680=EDGE_CURVE('',#2698,#2865,#1726,.T.);
#3681=EDGE_CURVE('',#2864,#2865,#1379,.T.);
#3682=EDGE_CURVE('',#2866,#2697,#1727,.T.);
#3683=EDGE_CURVE('',#2865,#2866,#1380,.T.);
#3684=EDGE_CURVE('',#2695,#2867,#1728,.T.);
#3685=EDGE_CURVE('',#2868,#2867,#1381,.T.);
#3686=EDGE_CURVE('',#2696,#2868,#1729,.T.);
#3687=EDGE_CURVE('',#2694,#2869,#1730,.T.);
#3688=EDGE_CURVE('',#2867,#2869,#1382,.T.);
#3689=EDGE_CURVE('',#2870,#2693,#1731,.T.);
#3690=EDGE_CURVE('',#2869,#2870,#1383,.T.);
#3691=EDGE_CURVE('',#2871,#2690,#1732,.T.);
#3692=EDGE_CURVE('',#2872,#2871,#1384,.T.);
#3693=EDGE_CURVE('',#2691,#2872,#1733,.T.);
#3694=EDGE_CURVE('',#2687,#2873,#1734,.T.);
#3695=EDGE_CURVE('',#2874,#2873,#1385,.T.);
#3696=EDGE_CURVE('',#2688,#2874,#1735,.T.);
#3697=EDGE_CURVE('',#2875,#2686,#1736,.T.);
#3698=EDGE_CURVE('',#2873,#2875,#1386,.T.);
#3699=EDGE_CURVE('',#2684,#2876,#1737,.T.);
#3700=EDGE_CURVE('',#2877,#2876,#1387,.T.);
#3701=EDGE_CURVE('',#2685,#2877,#1738,.T.);
#3702=EDGE_CURVE('',#2683,#2878,#1739,.T.);
#3703=EDGE_CURVE('',#2876,#2878,#1388,.T.);
#3704=EDGE_CURVE('',#2682,#2879,#1740,.T.);
#3705=EDGE_CURVE('',#2878,#2879,#1389,.T.);
#3706=EDGE_CURVE('',#2681,#2880,#1741,.T.);
#3707=EDGE_CURVE('',#2879,#2880,#1390,.T.);
#3708=EDGE_CURVE('',#2680,#2881,#1742,.T.);
#3709=EDGE_CURVE('',#2880,#2881,#1391,.T.);
#3710=EDGE_CURVE('',#2679,#2882,#1743,.T.);
#3711=EDGE_CURVE('',#2881,#2882,#1392,.T.);
#3712=EDGE_CURVE('',#2678,#2883,#1744,.T.);
#3713=EDGE_CURVE('',#2882,#2883,#1393,.T.);
#3714=EDGE_CURVE('',#2677,#2884,#1745,.T.);
#3715=EDGE_CURVE('',#2883,#2884,#1394,.T.);
#3716=EDGE_CURVE('',#2676,#2885,#1746,.T.);
#3717=EDGE_CURVE('',#2884,#2885,#1395,.T.);
#3718=EDGE_CURVE('',#2675,#2886,#1747,.T.);
#3719=EDGE_CURVE('',#2885,#2886,#1396,.T.);
#3720=EDGE_CURVE('',#2674,#2887,#1748,.T.);
#3721=EDGE_CURVE('',#2886,#2887,#1397,.T.);
#3722=EDGE_CURVE('',#2673,#2888,#1749,.T.);
#3723=EDGE_CURVE('',#2887,#2888,#1398,.T.);
#3724=EDGE_CURVE('',#2889,#2672,#1750,.T.);
#3725=EDGE_CURVE('',#2888,#2889,#1399,.T.);
#3726=EDGE_CURVE('',#2669,#2890,#1751,.T.);
#3727=EDGE_CURVE('',#2891,#2890,#1400,.T.);
#3728=EDGE_CURVE('',#2670,#2891,#1752,.T.);
#3729=EDGE_CURVE('',#2668,#2892,#1753,.T.);
#3730=EDGE_CURVE('',#2890,#2892,#1401,.T.);
#3731=EDGE_CURVE('',#2667,#2893,#1754,.T.);
#3732=EDGE_CURVE('',#2892,#2893,#1402,.T.);
#3733=EDGE_CURVE('',#2666,#2894,#1755,.T.);
#3734=EDGE_CURVE('',#2893,#2894,#1403,.T.);
#3735=EDGE_CURVE('',#2665,#2895,#1756,.T.);
#3736=EDGE_CURVE('',#2894,#2895,#1404,.T.);
#3737=EDGE_CURVE('',#2664,#2896,#1757,.T.);
#3738=EDGE_CURVE('',#2895,#2896,#1405,.T.);
#3739=EDGE_CURVE('',#2663,#2897,#1758,.T.);
#3740=EDGE_CURVE('',#2896,#2897,#1406,.T.);
#3741=EDGE_CURVE('',#2662,#2898,#1759,.T.);
#3742=EDGE_CURVE('',#2897,#2898,#1407,.T.);
#3743=EDGE_CURVE('',#2661,#2899,#1760,.T.);
#3744=EDGE_CURVE('',#2898,#2899,#1408,.T.);
#3745=EDGE_CURVE('',#2660,#2900,#1761,.T.);
#3746=EDGE_CURVE('',#2899,#2900,#1409,.T.);
#3747=EDGE_CURVE('',#2901,#2659,#1762,.T.);
#3748=EDGE_CURVE('',#2900,#2901,#1410,.T.);
#3749=EDGE_CURVE('',#2657,#2902,#1763,.T.);
#3750=EDGE_CURVE('',#2903,#2902,#1411,.T.);
#3751=EDGE_CURVE('',#2658,#2903,#1764,.T.);
#3752=EDGE_CURVE('',#2656,#2904,#1765,.T.);
#3753=EDGE_CURVE('',#2902,#2904,#1412,.T.);
#3754=EDGE_CURVE('',#2905,#2655,#1766,.T.);
#3755=EDGE_CURVE('',#2904,#2905,#1413,.T.);
#3756=EDGE_CURVE('',#2650,#2906,#1767,.T.);
#3757=EDGE_CURVE('',#2907,#2906,#1414,.T.);
#3758=EDGE_CURVE('',#2651,#2907,#1768,.T.);
#3759=EDGE_CURVE('',#2649,#2908,#1769,.T.);
#3760=EDGE_CURVE('',#2906,#2908,#1415,.T.);
#3761=EDGE_CURVE('',#2648,#2909,#1770,.T.);
#3762=EDGE_CURVE('',#2908,#2909,#1416,.T.);
#3763=EDGE_CURVE('',#2910,#2647,#1771,.T.);
#3764=EDGE_CURVE('',#2909,#2910,#1417,.T.);
#3765=EDGE_CURVE('',#2911,#2799,#97,.T.);
#3766=EDGE_CURVE('',#2619,#2911,#1418,.T.);
#3767=EDGE_CURVE('',#2797,#2912,#1772,.T.);
#3768=EDGE_CURVE('',#2623,#2912,#1419,.T.);
#3769=EDGE_CURVE('',#2913,#2796,#98,.T.);
#3770=EDGE_CURVE('',#2912,#2913,#1420,.T.);
#3771=EDGE_CURVE('',#2789,#2914,#1773,.T.);
#3772=EDGE_CURVE('',#2915,#2914,#1421,.T.);
#3773=EDGE_CURVE('',#2790,#2915,#1774,.T.);
#3774=EDGE_CURVE('',#2787,#2916,#1775,.T.);
#3775=EDGE_CURVE('',#2914,#2916,#1422,.T.);
#3776=EDGE_CURVE('',#2788,#2917,#1776,.T.);
#3777=EDGE_CURVE('',#2916,#2917,#1423,.T.);
#3778=EDGE_CURVE('',#2787,#2916,#1777,.T.);
#3779=EDGE_CURVE('',#2917,#2916,#1424,.T.);
#3780=EDGE_CURVE('',#2786,#2918,#1778,.T.);
#3781=EDGE_CURVE('',#2916,#2918,#1425,.T.);
#3782=EDGE_CURVE('',#2785,#2919,#1779,.T.);
#3783=EDGE_CURVE('',#2918,#2919,#1426,.T.);
#3784=EDGE_CURVE('',#2784,#2920,#1780,.T.);
#3785=EDGE_CURVE('',#2919,#2920,#1427,.T.);
#3786=EDGE_CURVE('',#2921,#2783,#1781,.T.);
#3787=EDGE_CURVE('',#2920,#2921,#1428,.T.);
#3788=EDGE_CURVE('',#2781,#2922,#1782,.T.);
#3789=EDGE_CURVE('',#2923,#2922,#1429,.T.);
#3790=EDGE_CURVE('',#2782,#2923,#1783,.T.);
#3791=EDGE_CURVE('',#2780,#2924,#1784,.T.);
#3792=EDGE_CURVE('',#2922,#2924,#1430,.T.);
#3793=EDGE_CURVE('',#2779,#2925,#1785,.T.);
#3794=EDGE_CURVE('',#2924,#2925,#1431,.T.);
#3795=EDGE_CURVE('',#2926,#2778,#99,.T.);
#3796=EDGE_CURVE('',#2925,#2926,#1432,.T.);
#3797=EDGE_CURVE('',#2927,#2772,#1786,.T.);
#3798=EDGE_CURVE('',#2928,#2927,#1433,.T.);
#3799=EDGE_CURVE('',#2773,#2928,#1787,.T.);
#3800=EDGE_CURVE('',#2770,#2929,#1788,.T.);
#3801=EDGE_CURVE('',#2930,#2929,#1434,.T.);
#3802=EDGE_CURVE('',#2771,#2930,#1789,.T.);
#3803=EDGE_CURVE('',#2769,#2931,#1790,.T.);
#3804=EDGE_CURVE('',#2929,#2931,#1435,.T.);
#3805=EDGE_CURVE('',#2768,#2932,#1791,.T.);
#3806=EDGE_CURVE('',#2931,#2932,#1436,.T.);
#3807=EDGE_CURVE('',#2767,#2933,#1792,.T.);
#3808=EDGE_CURVE('',#2932,#2933,#100,.T.);
#3809=EDGE_CURVE('',#2766,#2934,#1793,.T.);
#3810=EDGE_CURVE('',#2933,#2934,#1437,.T.);
#3811=EDGE_CURVE('',#2765,#2935,#1794,.T.);
#3812=EDGE_CURVE('',#2934,#2935,#1438,.T.);
#3813=EDGE_CURVE('',#2936,#2764,#1795,.T.);
#3814=EDGE_CURVE('',#2935,#2936,#1439,.T.);
#3815=EDGE_CURVE('',#2762,#2937,#1796,.T.);
#3816=EDGE_CURVE('',#2938,#2937,#1440,.T.);
#3817=EDGE_CURVE('',#2763,#2938,#1797,.T.);
#3818=EDGE_CURVE('',#2761,#2939,#1798,.T.);
#3819=EDGE_CURVE('',#2937,#2939,#1441,.T.);
#3820=EDGE_CURVE('',#2760,#2940,#1799,.T.);
#3821=EDGE_CURVE('',#2939,#2940,#1442,.T.);
#3822=EDGE_CURVE('',#2759,#2941,#1800,.T.);
#3823=EDGE_CURVE('',#2940,#2941,#101,.T.);
#3824=EDGE_CURVE('',#2942,#2758,#1801,.T.);
#3825=EDGE_CURVE('',#2941,#2942,#1443,.T.);
#3826=EDGE_CURVE('',#2943,#2755,#102,.T.);
#3827=EDGE_CURVE('',#2944,#2943,#1444,.T.);
#3828=EDGE_CURVE('',#2756,#2944,#1802,.T.);
#3829=EDGE_CURVE('',#2747,#2945,#1803,.T.);
#3830=EDGE_CURVE('',#2813,#2945,#1445,.T.);
#3831=EDGE_CURVE('',#2746,#2946,#1804,.T.);
#3832=EDGE_CURVE('',#2945,#2946,#1446,.T.);
#3833=EDGE_CURVE('',#2947,#2745,#1805,.T.);
#3834=EDGE_CURVE('',#2946,#2947,#1447,.T.);
#3835=EDGE_CURVE('',#2891,#2948,#358,.T.);
#3836=EDGE_CURVE('',#2948,#2949,#1806,.T.);
#3837=EDGE_CURVE('',#2950,#2949,#359,.T.);
#3838=EDGE_CURVE('',#2671,#2950,#1807,.T.);
#3839=EDGE_CURVE('',#2654,#2951,#1808,.T.);
#3840=EDGE_CURVE('',#2952,#2951,#1809,.T.);
#3841=EDGE_CURVE('',#2953,#2952,#1810,.T.);
#3842=EDGE_CURVE('',#2905,#2953,#1811,.T.);
#3843=EDGE_CURVE('',#2653,#2954,#1812,.T.);
#3844=EDGE_CURVE('',#2951,#2954,#1813,.T.);
#3845=EDGE_CURVE('',#2652,#2955,#1814,.T.);
#3846=EDGE_CURVE('',#2954,#2955,#1815,.T.);
#3847=EDGE_CURVE('',#2953,#2907,#1816,.T.);
#3848=EDGE_CURVE('',#2955,#2952,#1817,.T.);
#3849=EDGE_CURVE('',#2910,#2903,#360,.T.);
#3850=EDGE_CURVE('',#2646,#2956,#1818,.T.);
#3851=EDGE_CURVE('',#2949,#2956,#361,.T.);
#3852=EDGE_CURVE('',#2901,#2948,#362,.T.);
#3853=EDGE_CURVE('',#2911,#2617,#1819,.T.);
#3854=EDGE_CURVE('',#2957,#2798,#1820,.T.);
#3855=EDGE_CURVE('',#2956,#2957,#1821,.T.);
#3856=EDGE_CURVE('',#2958,#2621,#1822,.T.);
#3857=EDGE_CURVE('',#2959,#2958,#1823,.T.);
#3858=EDGE_CURVE('',#2957,#2959,#1824,.T.);
#3859=EDGE_CURVE('',#2960,#2795,#1825,.T.);
#3860=EDGE_CURVE('',#2959,#2960,#1826,.T.);
#3861=EDGE_CURVE('',#2913,#2958,#1827,.T.);
#3862=EDGE_CURVE('',#2961,#2625,#1828,.T.);
#3863=EDGE_CURVE('',#2962,#2961,#1829,.T.);
#3864=EDGE_CURVE('',#2960,#2962,#1830,.T.);
#3865=EDGE_CURVE('',#2963,#2792,#1831,.T.);
#3866=EDGE_CURVE('',#2962,#2963,#1832,.T.);
#3867=EDGE_CURVE('',#2823,#2961,#1833,.T.);
#3868=EDGE_CURVE('',#2791,#2964,#1834,.T.);
#3869=EDGE_CURVE('',#2963,#2964,#1835,.T.);
#3870=EDGE_CURVE('',#2921,#2915,#363,.T.);
#3871=EDGE_CURVE('',#2965,#2923,#364,.T.);
#3872=EDGE_CURVE('',#2965,#2966,#1836,.T.);
#3873=EDGE_CURVE('',#2964,#2966,#365,.T.);
#3874=EDGE_CURVE('',#2967,#2629,#1837,.T.);
#3875=EDGE_CURVE('',#2968,#2967,#1838,.T.);
#3876=EDGE_CURVE('',#2969,#2968,#1839,.T.);
#3877=EDGE_CURVE('',#2969,#2777,#1840,.T.);
#3878=EDGE_CURVE('',#2970,#2775,#1841,.T.);
#3879=EDGE_CURVE('',#2971,#2970,#1842,.T.);
#3880=EDGE_CURVE('',#2971,#2776,#1843,.T.);
#3881=EDGE_CURVE('',#2972,#2774,#1844,.T.);
#3882=EDGE_CURVE('',#2970,#2972,#1845,.T.);
#3883=EDGE_CURVE('',#2973,#2836,#366,.T.);
#3884=EDGE_CURVE('',#2973,#2974,#1846,.T.);
#3885=EDGE_CURVE('',#2975,#2974,#367,.T.);
#3886=EDGE_CURVE('',#2975,#2731,#1847,.T.);
#3887=EDGE_CURVE('',#2927,#2928,#368,.T.);
#3888=EDGE_CURVE('',#2976,#2930,#369,.T.);
#3889=EDGE_CURVE('',#2976,#2977,#1848,.T.);
#3890=EDGE_CURVE('',#2972,#2977,#370,.T.);
#3891=EDGE_CURVE('',#2636,#2834,#1849,.T.);
#3892=EDGE_CURVE('',#2978,#2732,#1850,.T.);
#3893=EDGE_CURVE('',#2979,#2978,#1851,.T.);
#3894=EDGE_CURVE('',#2979,#2810,#1852,.T.);
#3895=EDGE_CURVE('',#2980,#2938,#371,.T.);
#3896=EDGE_CURVE('',#2980,#2981,#1853,.T.);
#3897=EDGE_CURVE('',#2982,#2981,#372,.T.);
#3898=EDGE_CURVE('',#2983,#2982,#1854,.T.);
#3899=EDGE_CURVE('',#2936,#2983,#373,.T.);
#3900=EDGE_CURVE('',#2984,#2643,#1855,.T.);
#3901=EDGE_CURVE('',#2985,#2984,#1856,.T.);
#3902=EDGE_CURVE('',#2986,#2985,#1857,.T.);
#3903=EDGE_CURVE('',#2735,#2986,#1858,.T.);
#3904=EDGE_CURVE('',#2757,#2987,#1859,.T.);
#3905=EDGE_CURVE('',#2981,#2987,#374,.T.);
#3906=EDGE_CURVE('',#2980,#2942,#375,.T.);
#3907=EDGE_CURVE('',#2988,#2944,#376,.T.);
#3908=EDGE_CURVE('',#2988,#2989,#1860,.T.);
#3909=EDGE_CURVE('',#2987,#2989,#377,.T.);
#3910=EDGE_CURVE('',#2990,#2754,#1861,.T.);
#3911=EDGE_CURVE('',#2989,#2990,#1862,.T.);
#3912=EDGE_CURVE('',#2943,#2988,#1863,.T.);
#3913=EDGE_CURVE('',#2991,#2753,#1864,.T.);
#3914=EDGE_CURVE('',#2990,#2991,#1865,.T.);
#3915=EDGE_CURVE('',#2992,#2814,#1866,.T.);
#3916=EDGE_CURVE('',#2993,#2992,#1867,.T.);
#3917=EDGE_CURVE('',#2991,#2993,#1868,.T.);
#3918=EDGE_CURVE('',#2994,#2750,#1869,.T.);
#3919=EDGE_CURVE('',#2993,#2994,#1870,.T.);
#3920=EDGE_CURVE('',#2815,#2992,#1871,.T.);
#3921=EDGE_CURVE('',#2995,#2812,#1872,.T.);
#3922=EDGE_CURVE('',#2996,#2995,#1873,.T.);
#3923=EDGE_CURVE('',#2994,#2996,#1874,.T.);
#3924=EDGE_CURVE('',#2947,#2995,#1875,.T.);
#3925=EDGE_CURVE('',#2997,#2831,#1876,.T.);
#3926=EDGE_CURVE('',#2997,#2825,#378,.T.);
#3927=EDGE_CURVE('',#2832,#2984,#1877,.T.);
#3928=EDGE_CURVE('',#2632,#2641,#1878,.T.);
#3929=EDGE_CURVE('',#2976,#2983,#379,.T.);
#3930=EDGE_CURVE('',#2631,#2967,#1879,.T.);
#3931=EDGE_CURVE('',#2926,#2998,#1880,.T.);
#3932=EDGE_CURVE('',#2965,#2998,#1881,.T.);
#3933=EDGE_CURVE('',#2847,#2999,#380,.T.);
#3934=EDGE_CURVE('',#2973,#2999,#381,.T.);
#3935=EDGE_CURVE('',#2870,#2868,#382,.T.);
#3936=EDGE_CURVE('',#2871,#3000,#1882,.T.);
#3937=EDGE_CURVE('',#3000,#2861,#1883,.T.);
#3938=EDGE_CURVE('',#2866,#2872,#383,.T.);
#3939=EDGE_CURVE('',#2875,#2849,#384,.T.);
#3940=EDGE_CURVE('',#2859,#2874,#1884,.T.);
#3941=EDGE_CURVE('',#2889,#2877,#385,.T.);
#3942=EDGE_CURVE('',#2833,#2638,#1885,.T.);
#3943=EDGE_CURVE('',#2968,#2971,#1886,.T.);
#3944=EDGE_CURVE('',#3001,#2969,#1887,.T.);
#3945=EDGE_CURVE('',#2998,#3001,#1888,.T.);
#3946=EDGE_CURVE('',#2977,#2982,#386,.T.);
#3947=EDGE_CURVE('',#2996,#3002,#1889,.T.);
#3948=EDGE_CURVE('',#3002,#3003,#387,.T.);
#3949=EDGE_CURVE('',#3003,#2986,#1890,.T.);
#3950=EDGE_CURVE('',#2985,#3004,#1891,.T.);
#3951=EDGE_CURVE('',#3004,#2979,#1892,.T.);
#3952=EDGE_CURVE('',#2978,#2975,#1893,.T.);
#3953=EDGE_CURVE('',#2974,#3005,#388,.T.);
#3954=EDGE_CURVE('',#3005,#2950,#389,.T.);
#3955=EDGE_CURVE('',#2966,#3001,#1894,.T.);
#3956=EDGE_CURVE('',#3006,#3006,#390,.T.);
#3957=EDGE_CURVE('',#3007,#3007,#391,.T.);
#3958=EDGE_CURVE('',#3008,#3008,#392,.T.);
#3959=EDGE_CURVE('',#3009,#3009,#393,.T.);
#3960=EDGE_CURVE('',#3010,#3011,#1895,.T.);
#3961=EDGE_CURVE('',#3011,#3012,#1896,.T.);
#3962=EDGE_CURVE('',#3012,#3013,#1897,.T.);
#3963=EDGE_CURVE('',#3013,#3010,#1898,.T.);
#3964=EDGE_CURVE('',#3000,#3013,#1899,.T.);
#3965=EDGE_CURVE('',#2704,#3012,#1900,.T.);
#3966=EDGE_CURVE('',#2689,#3010,#1901,.T.);
#3967=EDGE_CURVE('',#2705,#3011,#1902,.T.);
#3968=EDGE_CURVE('',#3009,#3014,#1903,.T.);
#3969=EDGE_CURVE('',#3014,#3014,#394,.T.);
#3970=EDGE_CURVE('',#3015,#3015,#395,.T.);
#3971=EDGE_CURVE('',#3008,#3016,#1904,.T.);
#3972=EDGE_CURVE('',#3016,#3016,#396,.T.);
#3973=EDGE_CURVE('',#3017,#3017,#397,.T.);
#3974=EDGE_CURVE('',#3007,#3018,#1905,.T.);
#3975=EDGE_CURVE('',#3018,#3018,#398,.T.);
#3976=EDGE_CURVE('',#3019,#3019,#399,.T.);
#3977=EDGE_CURVE('',#3006,#3020,#1906,.T.);
#3978=EDGE_CURVE('',#3020,#3020,#400,.T.);
#3979=EDGE_CURVE('',#3021,#3021,#401,.T.);
#3980=EDGE_CURVE('',#2692,#3019,#1907,.T.);
#3981=EDGE_CURVE('',#2804,#3017,#1908,.T.);
#3982=EDGE_CURVE('',#2800,#3015,#1909,.T.);
#3983=EDGE_CURVE('',#2805,#3021,#1910,.T.);
#3984=EDGE_CURVE('',#2999,#3005,#1911,.T.);
#3985=EDGE_CURVE('',#2997,#3003,#1912,.T.);
#3986=EDGE_CURVE('',#2744,#3002,#1913,.T.);
#3987=EDGE_CURVE('',#3004,#2733,#1914,.T.);
#3988=ORIENTED_EDGE('',*,*,#3022,.F.);
#3989=ORIENTED_EDGE('',*,*,#3023,.F.);
#3990=ORIENTED_EDGE('',*,*,#3024,.T.);
#3991=ORIENTED_EDGE('',*,*,#3025,.F.);
#3992=ORIENTED_EDGE('',*,*,#3026,.F.);
#3993=ORIENTED_EDGE('',*,*,#3027,.F.);
#3994=ORIENTED_EDGE('',*,*,#3028,.T.);
#3995=ORIENTED_EDGE('',*,*,#3029,.T.);
#3996=ORIENTED_EDGE('',*,*,#3030,.F.);
#3997=ORIENTED_EDGE('',*,*,#3031,.F.);
#3998=ORIENTED_EDGE('',*,*,#3032,.T.);
#3999=ORIENTED_EDGE('',*,*,#3033,.F.);
#4000=ORIENTED_EDGE('',*,*,#3034,.F.);
#4001=ORIENTED_EDGE('',*,*,#3035,.T.);
#4002=ORIENTED_EDGE('',*,*,#3036,.T.);
#4003=ORIENTED_EDGE('',*,*,#3037,.F.);
#4004=ORIENTED_EDGE('',*,*,#3038,.F.);
#4005=ORIENTED_EDGE('',*,*,#3039,.F.);
#4006=ORIENTED_EDGE('',*,*,#3040,.T.);
#4007=ORIENTED_EDGE('',*,*,#3041,.T.);
#4008=ORIENTED_EDGE('',*,*,#3042,.T.);
#4009=ORIENTED_EDGE('',*,*,#3043,.T.);
#4010=ORIENTED_EDGE('',*,*,#3044,.T.);
#4011=ORIENTED_EDGE('',*,*,#3045,.T.);
#4012=ORIENTED_EDGE('',*,*,#3046,.T.);
#4013=ORIENTED_EDGE('',*,*,#3047,.T.);
#4014=ORIENTED_EDGE('',*,*,#3048,.F.);
#4015=ORIENTED_EDGE('',*,*,#3024,.F.);
#4016=ORIENTED_EDGE('',*,*,#3049,.F.);
#4017=ORIENTED_EDGE('',*,*,#3050,.F.);
#4018=ORIENTED_EDGE('',*,*,#3047,.F.);
#4019=ORIENTED_EDGE('',*,*,#3051,.T.);
#4020=ORIENTED_EDGE('',*,*,#3052,.F.);
#4021=ORIENTED_EDGE('',*,*,#3053,.F.);
#4022=ORIENTED_EDGE('',*,*,#3046,.F.);
#4023=ORIENTED_EDGE('',*,*,#3054,.T.);
#4024=ORIENTED_EDGE('',*,*,#3055,.F.);
#4025=ORIENTED_EDGE('',*,*,#3051,.F.);
#4026=ORIENTED_EDGE('',*,*,#3045,.F.);
#4027=ORIENTED_EDGE('',*,*,#3056,.T.);
#4028=ORIENTED_EDGE('',*,*,#3057,.F.);
#4029=ORIENTED_EDGE('',*,*,#3054,.F.);
#4030=ORIENTED_EDGE('',*,*,#3044,.F.);
#4031=ORIENTED_EDGE('',*,*,#3058,.T.);
#4032=ORIENTED_EDGE('',*,*,#3059,.F.);
#4033=ORIENTED_EDGE('',*,*,#3056,.F.);
#4034=ORIENTED_EDGE('',*,*,#3043,.F.);
#4035=ORIENTED_EDGE('',*,*,#3060,.T.);
#4036=ORIENTED_EDGE('',*,*,#3061,.F.);
#4037=ORIENTED_EDGE('',*,*,#3058,.F.);
#4038=ORIENTED_EDGE('',*,*,#3042,.F.);
#4039=ORIENTED_EDGE('',*,*,#3053,.T.);
#4040=ORIENTED_EDGE('',*,*,#3062,.F.);
#4041=ORIENTED_EDGE('',*,*,#3060,.F.);
#4042=ORIENTED_EDGE('',*,*,#3063,.F.);
#4043=ORIENTED_EDGE('',*,*,#3041,.F.);
#4044=ORIENTED_EDGE('',*,*,#3064,.T.);
#4045=ORIENTED_EDGE('',*,*,#3065,.F.);
#4046=ORIENTED_EDGE('',*,*,#3040,.F.);
#4047=ORIENTED_EDGE('',*,*,#3066,.F.);
#4048=ORIENTED_EDGE('',*,*,#3067,.F.);
#4049=ORIENTED_EDGE('',*,*,#3064,.F.);
#4050=ORIENTED_EDGE('',*,*,#3036,.F.);
#4051=ORIENTED_EDGE('',*,*,#3068,.T.);
#4052=ORIENTED_EDGE('',*,*,#3069,.F.);
#4053=ORIENTED_EDGE('',*,*,#3070,.F.);
#4054=ORIENTED_EDGE('',*,*,#3035,.F.);
#4055=ORIENTED_EDGE('',*,*,#3071,.F.);
#4056=ORIENTED_EDGE('',*,*,#3072,.F.);
#4057=ORIENTED_EDGE('',*,*,#3068,.F.);
#4058=ORIENTED_EDGE('',*,*,#3032,.F.);
#4059=ORIENTED_EDGE('',*,*,#3073,.F.);
#4060=ORIENTED_EDGE('',*,*,#3074,.F.);
#4061=ORIENTED_EDGE('',*,*,#3075,.F.);
#4062=ORIENTED_EDGE('',*,*,#3029,.F.);
#4063=ORIENTED_EDGE('',*,*,#3076,.T.);
#4064=ORIENTED_EDGE('',*,*,#3077,.F.);
#4065=ORIENTED_EDGE('',*,*,#3078,.F.);
#4066=ORIENTED_EDGE('',*,*,#3079,.F.);
#4067=ORIENTED_EDGE('',*,*,#3080,.F.);
#4068=ORIENTED_EDGE('',*,*,#3076,.F.);
#4069=ORIENTED_EDGE('',*,*,#3028,.F.);
#4070=ORIENTED_EDGE('',*,*,#3071,.T.);
#4071=ORIENTED_EDGE('',*,*,#3034,.T.);
#4072=ORIENTED_EDGE('',*,*,#3081,.T.);
#4073=ORIENTED_EDGE('',*,*,#3082,.F.);
#4074=ORIENTED_EDGE('',*,*,#3081,.F.);
#4075=ORIENTED_EDGE('',*,*,#3033,.T.);
#4076=ORIENTED_EDGE('',*,*,#3075,.T.);
#4077=ORIENTED_EDGE('',*,*,#3083,.F.);
#4078=ORIENTED_EDGE('',*,*,#3030,.T.);
#4079=ORIENTED_EDGE('',*,*,#3078,.T.);
#4080=ORIENTED_EDGE('',*,*,#3084,.F.);
#4081=ORIENTED_EDGE('',*,*,#3085,.T.);
#4082=ORIENTED_EDGE('',*,*,#3086,.F.);
#4083=ORIENTED_EDGE('',*,*,#3087,.F.);
#4084=ORIENTED_EDGE('',*,*,#3022,.T.);
#4085=ORIENTED_EDGE('',*,*,#3048,.T.);
#4086=ORIENTED_EDGE('',*,*,#3088,.F.);
#4087=ORIENTED_EDGE('',*,*,#3089,.F.);
#4088=ORIENTED_EDGE('',*,*,#3090,.F.);
#4089=ORIENTED_EDGE('',*,*,#3091,.T.);
#4090=ORIENTED_EDGE('',*,*,#3077,.T.);
#4091=ORIENTED_EDGE('',*,*,#3080,.T.);
#4092=ORIENTED_EDGE('',*,*,#3092,.T.);
#4093=ORIENTED_EDGE('',*,*,#3088,.T.);
#4094=ORIENTED_EDGE('',*,*,#3050,.T.);
#4095=ORIENTED_EDGE('',*,*,#3093,.T.);
#4096=ORIENTED_EDGE('',*,*,#3084,.T.);
#4097=ORIENTED_EDGE('',*,*,#3067,.T.);
#4098=ORIENTED_EDGE('',*,*,#3094,.T.);
#4099=ORIENTED_EDGE('',*,*,#3095,.T.);
#4100=ORIENTED_EDGE('',*,*,#3065,.T.);
#4101=ORIENTED_EDGE('',*,*,#3069,.T.);
#4102=ORIENTED_EDGE('',*,*,#3072,.T.);
#4103=ORIENTED_EDGE('',*,*,#3083,.T.);
#4104=ORIENTED_EDGE('',*,*,#3074,.T.);
#4105=ORIENTED_EDGE('',*,*,#3096,.F.);
#4106=ORIENTED_EDGE('',*,*,#3063,.T.);
#4107=ORIENTED_EDGE('',*,*,#3095,.F.);
#4108=ORIENTED_EDGE('',*,*,#3097,.F.);
#4109=ORIENTED_EDGE('',*,*,#3098,.F.);
#4110=ORIENTED_EDGE('',*,*,#3099,.T.);
#4111=ORIENTED_EDGE('',*,*,#3025,.T.);
#4112=ORIENTED_EDGE('',*,*,#3026,.T.);
#4113=ORIENTED_EDGE('',*,*,#3099,.F.);
#4114=ORIENTED_EDGE('',*,*,#3100,.F.);
#4115=ORIENTED_EDGE('',*,*,#3101,.T.);
#4116=ORIENTED_EDGE('',*,*,#3027,.T.);
#4117=ORIENTED_EDGE('',*,*,#3101,.F.);
#4118=ORIENTED_EDGE('',*,*,#3102,.F.);
#4119=ORIENTED_EDGE('',*,*,#3089,.T.);
#4120=ORIENTED_EDGE('',*,*,#3092,.F.);
#4121=ORIENTED_EDGE('',*,*,#3079,.T.);
#4122=ORIENTED_EDGE('',*,*,#3023,.T.);
#4123=ORIENTED_EDGE('',*,*,#3091,.F.);
#4124=ORIENTED_EDGE('',*,*,#3103,.F.);
#4125=ORIENTED_EDGE('',*,*,#3085,.F.);
#4126=ORIENTED_EDGE('',*,*,#3093,.F.);
#4127=ORIENTED_EDGE('',*,*,#3049,.T.);
#4128=ORIENTED_EDGE('',*,*,#3039,.T.);
#4129=ORIENTED_EDGE('',*,*,#3104,.T.);
#4130=ORIENTED_EDGE('',*,*,#3105,.F.);
#4131=ORIENTED_EDGE('',*,*,#3097,.T.);
#4132=ORIENTED_EDGE('',*,*,#3094,.F.);
#4133=ORIENTED_EDGE('',*,*,#3066,.T.);
#4134=ORIENTED_EDGE('',*,*,#3098,.T.);
#4135=ORIENTED_EDGE('',*,*,#3105,.T.);
#4136=ORIENTED_EDGE('',*,*,#3106,.T.);
#4137=ORIENTED_EDGE('',*,*,#3107,.T.);
#4138=ORIENTED_EDGE('',*,*,#3086,.T.);
#4139=ORIENTED_EDGE('',*,*,#3103,.T.);
#4140=ORIENTED_EDGE('',*,*,#3090,.T.);
#4141=ORIENTED_EDGE('',*,*,#3102,.T.);
#4142=ORIENTED_EDGE('',*,*,#3100,.T.);
#4143=ORIENTED_EDGE('',*,*,#3082,.T.);
#4144=ORIENTED_EDGE('',*,*,#3052,.T.);
#4145=ORIENTED_EDGE('',*,*,#3055,.T.);
#4146=ORIENTED_EDGE('',*,*,#3057,.T.);
#4147=ORIENTED_EDGE('',*,*,#3059,.T.);
#4148=ORIENTED_EDGE('',*,*,#3061,.T.);
#4149=ORIENTED_EDGE('',*,*,#3062,.T.);
#4150=ORIENTED_EDGE('',*,*,#3070,.T.);
#4151=ORIENTED_EDGE('',*,*,#3096,.T.);
#4152=ORIENTED_EDGE('',*,*,#3073,.T.);
#4153=ORIENTED_EDGE('',*,*,#3031,.T.);
#4154=ORIENTED_EDGE('',*,*,#3087,.T.);
#4155=ORIENTED_EDGE('',*,*,#3107,.F.);
#4156=ORIENTED_EDGE('',*,*,#3108,.F.);
#4157=ORIENTED_EDGE('',*,*,#3037,.T.);
#4158=ORIENTED_EDGE('',*,*,#3038,.T.);
#4159=ORIENTED_EDGE('',*,*,#3108,.T.);
#4160=ORIENTED_EDGE('',*,*,#3106,.F.);
#4161=ORIENTED_EDGE('',*,*,#3104,.F.);
#4162=ORIENTED_EDGE('',*,*,#3109,.F.);
#4163=ORIENTED_EDGE('',*,*,#3110,.F.);
#4164=ORIENTED_EDGE('',*,*,#3111,.F.);
#4165=ORIENTED_EDGE('',*,*,#3112,.F.);
#4166=ORIENTED_EDGE('',*,*,#3113,.F.);
#4167=ORIENTED_EDGE('',*,*,#3114,.F.);
#4168=ORIENTED_EDGE('',*,*,#3115,.F.);
#4169=ORIENTED_EDGE('',*,*,#3116,.T.);
#4170=ORIENTED_EDGE('',*,*,#3117,.F.);
#4171=ORIENTED_EDGE('',*,*,#3118,.F.);
#4172=ORIENTED_EDGE('',*,*,#3119,.F.);
#4173=ORIENTED_EDGE('',*,*,#3120,.T.);
#4174=ORIENTED_EDGE('',*,*,#3121,.F.);
#4175=ORIENTED_EDGE('',*,*,#3122,.T.);
#4176=ORIENTED_EDGE('',*,*,#3123,.T.);
#4177=ORIENTED_EDGE('',*,*,#3124,.F.);
#4178=ORIENTED_EDGE('',*,*,#3125,.F.);
#4179=ORIENTED_EDGE('',*,*,#3126,.F.);
#4180=ORIENTED_EDGE('',*,*,#3120,.F.);
#4181=ORIENTED_EDGE('',*,*,#3127,.F.);
#4182=ORIENTED_EDGE('',*,*,#3128,.F.);
#4183=ORIENTED_EDGE('',*,*,#3129,.F.);
#4184=ORIENTED_EDGE('',*,*,#3130,.T.);
#4185=ORIENTED_EDGE('',*,*,#3131,.T.);
#4186=ORIENTED_EDGE('',*,*,#3132,.T.);
#4187=ORIENTED_EDGE('',*,*,#3133,.F.);
#4188=ORIENTED_EDGE('',*,*,#3134,.T.);
#4189=ORIENTED_EDGE('',*,*,#3135,.F.);
#4190=ORIENTED_EDGE('',*,*,#3136,.F.);
#4191=ORIENTED_EDGE('',*,*,#3137,.F.);
#4192=ORIENTED_EDGE('',*,*,#3138,.F.);
#4193=ORIENTED_EDGE('',*,*,#3139,.F.);
#4194=ORIENTED_EDGE('',*,*,#3140,.F.);
#4195=ORIENTED_EDGE('',*,*,#3122,.F.);
#4196=ORIENTED_EDGE('',*,*,#3141,.F.);
#4197=ORIENTED_EDGE('',*,*,#3142,.F.);
#4198=ORIENTED_EDGE('',*,*,#3116,.F.);
#4199=ORIENTED_EDGE('',*,*,#3143,.F.);
#4200=ORIENTED_EDGE('',*,*,#3144,.F.);
#4201=ORIENTED_EDGE('',*,*,#3145,.F.);
#4202=ORIENTED_EDGE('',*,*,#3146,.F.);
#4203=ORIENTED_EDGE('',*,*,#3147,.F.);
#4204=ORIENTED_EDGE('',*,*,#3148,.F.);
#4205=ORIENTED_EDGE('',*,*,#3110,.T.);
#4206=ORIENTED_EDGE('',*,*,#3149,.F.);
#4207=ORIENTED_EDGE('',*,*,#3150,.F.);
#4208=ORIENTED_EDGE('',*,*,#3151,.T.);
#4209=ORIENTED_EDGE('',*,*,#3152,.F.);
#4210=ORIENTED_EDGE('',*,*,#3153,.F.);
#4211=ORIENTED_EDGE('',*,*,#3154,.F.);
#4212=ORIENTED_EDGE('',*,*,#3155,.F.);
#4213=ORIENTED_EDGE('',*,*,#3151,.F.);
#4214=ORIENTED_EDGE('',*,*,#3147,.T.);
#4215=ORIENTED_EDGE('',*,*,#3156,.T.);
#4216=ORIENTED_EDGE('',*,*,#3157,.F.);
#4217=ORIENTED_EDGE('',*,*,#3158,.F.);
#4218=ORIENTED_EDGE('',*,*,#3146,.T.);
#4219=ORIENTED_EDGE('',*,*,#3159,.T.);
#4220=ORIENTED_EDGE('',*,*,#3160,.F.);
#4221=ORIENTED_EDGE('',*,*,#3156,.F.);
#4222=ORIENTED_EDGE('',*,*,#3161,.F.);
#4223=ORIENTED_EDGE('',*,*,#3162,.F.);
#4224=ORIENTED_EDGE('',*,*,#3159,.F.);
#4225=ORIENTED_EDGE('',*,*,#3145,.T.);
#4226=ORIENTED_EDGE('',*,*,#3140,.T.);
#4227=ORIENTED_EDGE('',*,*,#3163,.T.);
#4228=ORIENTED_EDGE('',*,*,#3164,.F.);
#4229=ORIENTED_EDGE('',*,*,#3123,.F.);
#4230=ORIENTED_EDGE('',*,*,#3139,.T.);
#4231=ORIENTED_EDGE('',*,*,#3165,.F.);
#4232=ORIENTED_EDGE('',*,*,#3166,.F.);
#4233=ORIENTED_EDGE('',*,*,#3163,.F.);
#4234=ORIENTED_EDGE('',*,*,#3137,.T.);
#4235=ORIENTED_EDGE('',*,*,#3167,.T.);
#4236=ORIENTED_EDGE('',*,*,#3168,.F.);
#4237=ORIENTED_EDGE('',*,*,#3169,.F.);
#4238=ORIENTED_EDGE('',*,*,#3136,.T.);
#4239=ORIENTED_EDGE('',*,*,#3170,.F.);
#4240=ORIENTED_EDGE('',*,*,#3171,.F.);
#4241=ORIENTED_EDGE('',*,*,#3167,.F.);
#4242=ORIENTED_EDGE('',*,*,#3134,.F.);
#4243=ORIENTED_EDGE('',*,*,#3172,.F.);
#4244=ORIENTED_EDGE('',*,*,#3173,.F.);
#4245=ORIENTED_EDGE('',*,*,#3174,.F.);
#4246=ORIENTED_EDGE('',*,*,#3132,.F.);
#4247=ORIENTED_EDGE('',*,*,#3175,.T.);
#4248=ORIENTED_EDGE('',*,*,#3176,.F.);
#4249=ORIENTED_EDGE('',*,*,#3177,.F.);
#4250=ORIENTED_EDGE('',*,*,#3131,.F.);
#4251=ORIENTED_EDGE('',*,*,#3178,.T.);
#4252=ORIENTED_EDGE('',*,*,#3179,.F.);
#4253=ORIENTED_EDGE('',*,*,#3175,.F.);
#4254=ORIENTED_EDGE('',*,*,#3130,.F.);
#4255=ORIENTED_EDGE('',*,*,#3180,.F.);
#4256=ORIENTED_EDGE('',*,*,#3181,.F.);
#4257=ORIENTED_EDGE('',*,*,#3178,.F.);
#4258=ORIENTED_EDGE('',*,*,#3153,.T.);
#4259=ORIENTED_EDGE('',*,*,#3150,.T.);
#4260=ORIENTED_EDGE('',*,*,#3182,.F.);
#4261=ORIENTED_EDGE('',*,*,#3183,.F.);
#4262=ORIENTED_EDGE('',*,*,#3184,.T.);
#4263=ORIENTED_EDGE('',*,*,#3185,.F.);
#4264=ORIENTED_EDGE('',*,*,#3149,.T.);
#4265=ORIENTED_EDGE('',*,*,#3109,.T.);
#4266=ORIENTED_EDGE('',*,*,#3186,.F.);
#4267=ORIENTED_EDGE('',*,*,#3184,.F.);
#4268=ORIENTED_EDGE('',*,*,#3187,.F.);
#4269=ORIENTED_EDGE('',*,*,#3188,.T.);
#4270=ORIENTED_EDGE('',*,*,#3152,.T.);
#4271=ORIENTED_EDGE('',*,*,#3155,.T.);
#4272=ORIENTED_EDGE('',*,*,#3189,.T.);
#4273=ORIENTED_EDGE('',*,*,#3111,.T.);
#4274=ORIENTED_EDGE('',*,*,#3148,.T.);
#4275=ORIENTED_EDGE('',*,*,#3158,.T.);
#4276=ORIENTED_EDGE('',*,*,#3190,.T.);
#4277=ORIENTED_EDGE('',*,*,#3165,.T.);
#4278=ORIENTED_EDGE('',*,*,#3138,.T.);
#4279=ORIENTED_EDGE('',*,*,#3169,.T.);
#4280=ORIENTED_EDGE('',*,*,#3191,.T.);
#4281=ORIENTED_EDGE('',*,*,#3192,.T.);
#4282=ORIENTED_EDGE('',*,*,#3193,.F.);
#4283=ORIENTED_EDGE('',*,*,#3182,.T.);
#4284=ORIENTED_EDGE('',*,*,#3170,.T.);
#4285=ORIENTED_EDGE('',*,*,#3135,.T.);
#4286=ORIENTED_EDGE('',*,*,#3174,.T.);
#4287=ORIENTED_EDGE('',*,*,#3194,.T.);
#4288=ORIENTED_EDGE('',*,*,#3195,.T.);
#4289=ORIENTED_EDGE('',*,*,#3196,.F.);
#4290=ORIENTED_EDGE('',*,*,#3192,.F.);
#4291=ORIENTED_EDGE('',*,*,#3197,.T.);
#4292=ORIENTED_EDGE('',*,*,#3161,.T.);
#4293=ORIENTED_EDGE('',*,*,#3144,.T.);
#4294=ORIENTED_EDGE('',*,*,#3188,.F.);
#4295=ORIENTED_EDGE('',*,*,#3198,.F.);
#4296=ORIENTED_EDGE('',*,*,#3199,.T.);
#4297=ORIENTED_EDGE('',*,*,#3125,.T.);
#4298=ORIENTED_EDGE('',*,*,#3121,.T.);
#4299=ORIENTED_EDGE('',*,*,#3200,.F.);
#4300=ORIENTED_EDGE('',*,*,#3143,.T.);
#4301=ORIENTED_EDGE('',*,*,#3115,.T.);
#4302=ORIENTED_EDGE('',*,*,#3201,.F.);
#4303=ORIENTED_EDGE('',*,*,#3117,.T.);
#4304=ORIENTED_EDGE('',*,*,#3126,.T.);
#4305=ORIENTED_EDGE('',*,*,#3199,.F.);
#4306=ORIENTED_EDGE('',*,*,#3202,.F.);
#4307=ORIENTED_EDGE('',*,*,#3203,.T.);
#4308=ORIENTED_EDGE('',*,*,#3176,.T.);
#4309=ORIENTED_EDGE('',*,*,#3179,.T.);
#4310=ORIENTED_EDGE('',*,*,#3181,.T.);
#4311=ORIENTED_EDGE('',*,*,#3204,.T.);
#4312=ORIENTED_EDGE('',*,*,#3173,.T.);
#4313=ORIENTED_EDGE('',*,*,#3205,.T.);
#4314=ORIENTED_EDGE('',*,*,#3194,.F.);
#4315=ORIENTED_EDGE('',*,*,#3168,.T.);
#4316=ORIENTED_EDGE('',*,*,#3171,.T.);
#4317=ORIENTED_EDGE('',*,*,#3197,.F.);
#4318=ORIENTED_EDGE('',*,*,#3191,.F.);
#4319=ORIENTED_EDGE('',*,*,#3114,.T.);
#4320=ORIENTED_EDGE('',*,*,#3206,.T.);
#4321=ORIENTED_EDGE('',*,*,#3118,.T.);
#4322=ORIENTED_EDGE('',*,*,#3201,.T.);
#4323=ORIENTED_EDGE('',*,*,#3162,.T.);
#4324=ORIENTED_EDGE('',*,*,#3200,.T.);
#4325=ORIENTED_EDGE('',*,*,#3124,.T.);
#4326=ORIENTED_EDGE('',*,*,#3164,.T.);
#4327=ORIENTED_EDGE('',*,*,#3166,.T.);
#4328=ORIENTED_EDGE('',*,*,#3190,.F.);
#4329=ORIENTED_EDGE('',*,*,#3157,.T.);
#4330=ORIENTED_EDGE('',*,*,#3160,.T.);
#4331=ORIENTED_EDGE('',*,*,#3154,.T.);
#4332=ORIENTED_EDGE('',*,*,#3185,.T.);
#4333=ORIENTED_EDGE('',*,*,#3186,.T.);
#4334=ORIENTED_EDGE('',*,*,#3112,.T.);
#4335=ORIENTED_EDGE('',*,*,#3189,.F.);
#4336=ORIENTED_EDGE('',*,*,#3172,.T.);
#4337=ORIENTED_EDGE('',*,*,#3133,.T.);
#4338=ORIENTED_EDGE('',*,*,#3177,.T.);
#4339=ORIENTED_EDGE('',*,*,#3204,.F.);
#4340=ORIENTED_EDGE('',*,*,#3180,.T.);
#4341=ORIENTED_EDGE('',*,*,#3129,.T.);
#4342=ORIENTED_EDGE('',*,*,#3207,.T.);
#4343=ORIENTED_EDGE('',*,*,#3208,.F.);
#4344=ORIENTED_EDGE('',*,*,#3195,.F.);
#4345=ORIENTED_EDGE('',*,*,#3205,.F.);
#4346=ORIENTED_EDGE('',*,*,#3141,.T.);
#4347=ORIENTED_EDGE('',*,*,#3209,.T.);
#4348=ORIENTED_EDGE('',*,*,#3210,.F.);
#4349=ORIENTED_EDGE('',*,*,#3209,.F.);
#4350=ORIENTED_EDGE('',*,*,#3128,.T.);
#4351=ORIENTED_EDGE('',*,*,#3211,.T.);
#4352=ORIENTED_EDGE('',*,*,#3212,.F.);
#4353=ORIENTED_EDGE('',*,*,#3207,.F.);
#4354=ORIENTED_EDGE('',*,*,#3213,.T.);
#4355=ORIENTED_EDGE('',*,*,#3202,.T.);
#4356=ORIENTED_EDGE('',*,*,#3198,.T.);
#4357=ORIENTED_EDGE('',*,*,#3187,.T.);
#4358=ORIENTED_EDGE('',*,*,#3183,.T.);
#4359=ORIENTED_EDGE('',*,*,#3193,.T.);
#4360=ORIENTED_EDGE('',*,*,#3196,.T.);
#4361=ORIENTED_EDGE('',*,*,#3208,.T.);
#4362=ORIENTED_EDGE('',*,*,#3212,.T.);
#4363=ORIENTED_EDGE('',*,*,#3210,.T.);
#4364=ORIENTED_EDGE('',*,*,#3142,.T.);
#4365=ORIENTED_EDGE('',*,*,#3203,.F.);
#4366=ORIENTED_EDGE('',*,*,#3213,.F.);
#4367=ORIENTED_EDGE('',*,*,#3211,.F.);
#4368=ORIENTED_EDGE('',*,*,#3127,.T.);
#4369=ORIENTED_EDGE('',*,*,#3119,.T.);
#4370=ORIENTED_EDGE('',*,*,#3206,.F.);
#4371=ORIENTED_EDGE('',*,*,#3113,.T.);
#4372=ORIENTED_EDGE('',*,*,#3214,.F.);
#4373=ORIENTED_EDGE('',*,*,#3215,.T.);
#4374=ORIENTED_EDGE('',*,*,#3216,.T.);
#4375=ORIENTED_EDGE('',*,*,#3217,.F.);
#4376=ORIENTED_EDGE('',*,*,#3218,.F.);
#4377=ORIENTED_EDGE('',*,*,#3219,.F.);
#4378=ORIENTED_EDGE('',*,*,#3220,.F.);
#4379=ORIENTED_EDGE('',*,*,#3221,.F.);
#4380=ORIENTED_EDGE('',*,*,#3222,.F.);
#4381=ORIENTED_EDGE('',*,*,#3223,.T.);
#4382=ORIENTED_EDGE('',*,*,#3224,.T.);
#4383=ORIENTED_EDGE('',*,*,#3225,.T.);
#4384=ORIENTED_EDGE('',*,*,#3226,.T.);
#4385=ORIENTED_EDGE('',*,*,#3227,.T.);
#4386=ORIENTED_EDGE('',*,*,#3228,.T.);
#4387=ORIENTED_EDGE('',*,*,#3229,.F.);
#4388=ORIENTED_EDGE('',*,*,#3230,.F.);
#4389=ORIENTED_EDGE('',*,*,#3231,.F.);
#4390=ORIENTED_EDGE('',*,*,#3232,.F.);
#4391=ORIENTED_EDGE('',*,*,#3233,.F.);
#4392=ORIENTED_EDGE('',*,*,#3234,.F.);
#4393=ORIENTED_EDGE('',*,*,#3235,.F.);
#4394=ORIENTED_EDGE('',*,*,#3236,.F.);
#4395=ORIENTED_EDGE('',*,*,#3237,.F.);
#4396=ORIENTED_EDGE('',*,*,#3215,.F.);
#4397=ORIENTED_EDGE('',*,*,#3238,.F.);
#4398=ORIENTED_EDGE('',*,*,#3239,.F.);
#4399=ORIENTED_EDGE('',*,*,#3240,.F.);
#4400=ORIENTED_EDGE('',*,*,#3241,.F.);
#4401=ORIENTED_EDGE('',*,*,#3242,.F.);
#4402=ORIENTED_EDGE('',*,*,#3243,.F.);
#4403=ORIENTED_EDGE('',*,*,#3239,.T.);
#4404=ORIENTED_EDGE('',*,*,#3237,.T.);
#4405=ORIENTED_EDGE('',*,*,#3244,.F.);
#4406=ORIENTED_EDGE('',*,*,#3245,.F.);
#4407=ORIENTED_EDGE('',*,*,#3216,.F.);
#4408=ORIENTED_EDGE('',*,*,#3234,.T.);
#4409=ORIENTED_EDGE('',*,*,#3246,.F.);
#4410=ORIENTED_EDGE('',*,*,#3247,.F.);
#4411=ORIENTED_EDGE('',*,*,#3248,.F.);
#4412=ORIENTED_EDGE('',*,*,#3231,.T.);
#4413=ORIENTED_EDGE('',*,*,#3249,.F.);
#4414=ORIENTED_EDGE('',*,*,#3250,.F.);
#4415=ORIENTED_EDGE('',*,*,#3251,.F.);
#4416=ORIENTED_EDGE('',*,*,#3228,.F.);
#4417=ORIENTED_EDGE('',*,*,#3252,.T.);
#4418=ORIENTED_EDGE('',*,*,#3253,.F.);
#4419=ORIENTED_EDGE('',*,*,#3254,.F.);
#4420=ORIENTED_EDGE('',*,*,#3227,.F.);
#4421=ORIENTED_EDGE('',*,*,#3255,.T.);
#4422=ORIENTED_EDGE('',*,*,#3256,.F.);
#4423=ORIENTED_EDGE('',*,*,#3252,.F.);
#4424=ORIENTED_EDGE('',*,*,#3226,.F.);
#4425=ORIENTED_EDGE('',*,*,#3257,.T.);
#4426=ORIENTED_EDGE('',*,*,#3258,.F.);
#4427=ORIENTED_EDGE('',*,*,#3255,.F.);
#4428=ORIENTED_EDGE('',*,*,#3225,.F.);
#4429=ORIENTED_EDGE('',*,*,#3259,.T.);
#4430=ORIENTED_EDGE('',*,*,#3260,.F.);
#4431=ORIENTED_EDGE('',*,*,#3257,.F.);
#4432=ORIENTED_EDGE('',*,*,#3224,.F.);
#4433=ORIENTED_EDGE('',*,*,#3261,.T.);
#4434=ORIENTED_EDGE('',*,*,#3262,.F.);
#4435=ORIENTED_EDGE('',*,*,#3259,.F.);
#4436=ORIENTED_EDGE('',*,*,#3223,.F.);
#4437=ORIENTED_EDGE('',*,*,#3263,.F.);
#4438=ORIENTED_EDGE('',*,*,#3264,.F.);
#4439=ORIENTED_EDGE('',*,*,#3261,.F.);
#4440=ORIENTED_EDGE('',*,*,#3240,.T.);
#4441=ORIENTED_EDGE('',*,*,#3243,.T.);
#4442=ORIENTED_EDGE('',*,*,#3265,.F.);
#4443=ORIENTED_EDGE('',*,*,#3266,.F.);
#4444=ORIENTED_EDGE('',*,*,#3267,.F.);
#4445=ORIENTED_EDGE('',*,*,#3268,.T.);
#4446=ORIENTED_EDGE('',*,*,#3249,.T.);
#4447=ORIENTED_EDGE('',*,*,#3230,.T.);
#4448=ORIENTED_EDGE('',*,*,#3269,.T.);
#4449=ORIENTED_EDGE('',*,*,#3270,.F.);
#4450=ORIENTED_EDGE('',*,*,#3271,.F.);
#4451=ORIENTED_EDGE('',*,*,#3235,.T.);
#4452=ORIENTED_EDGE('',*,*,#3248,.T.);
#4453=ORIENTED_EDGE('',*,*,#3272,.T.);
#4454=ORIENTED_EDGE('',*,*,#3253,.T.);
#4455=ORIENTED_EDGE('',*,*,#3256,.T.);
#4456=ORIENTED_EDGE('',*,*,#3258,.T.);
#4457=ORIENTED_EDGE('',*,*,#3260,.T.);
#4458=ORIENTED_EDGE('',*,*,#3262,.T.);
#4459=ORIENTED_EDGE('',*,*,#3264,.T.);
#4460=ORIENTED_EDGE('',*,*,#3273,.T.);
#4461=ORIENTED_EDGE('',*,*,#3250,.T.);
#4462=ORIENTED_EDGE('',*,*,#3272,.F.);
#4463=ORIENTED_EDGE('',*,*,#3247,.T.);
#4464=ORIENTED_EDGE('',*,*,#3274,.T.);
#4465=ORIENTED_EDGE('',*,*,#3229,.T.);
#4466=ORIENTED_EDGE('',*,*,#3254,.T.);
#4467=ORIENTED_EDGE('',*,*,#3273,.F.);
#4468=ORIENTED_EDGE('',*,*,#3263,.T.);
#4469=ORIENTED_EDGE('',*,*,#3222,.T.);
#4470=ORIENTED_EDGE('',*,*,#3275,.T.);
#4471=ORIENTED_EDGE('',*,*,#3276,.F.);
#4472=ORIENTED_EDGE('',*,*,#3269,.F.);
#4473=ORIENTED_EDGE('',*,*,#3236,.T.);
#4474=ORIENTED_EDGE('',*,*,#3271,.T.);
#4475=ORIENTED_EDGE('',*,*,#3277,.F.);
#4476=ORIENTED_EDGE('',*,*,#3266,.T.);
#4477=ORIENTED_EDGE('',*,*,#3278,.T.);
#4478=ORIENTED_EDGE('',*,*,#3244,.T.);
#4479=ORIENTED_EDGE('',*,*,#3221,.T.);
#4480=ORIENTED_EDGE('',*,*,#3279,.T.);
#4481=ORIENTED_EDGE('',*,*,#3280,.F.);
#4482=ORIENTED_EDGE('',*,*,#3275,.F.);
#4483=ORIENTED_EDGE('',*,*,#3251,.T.);
#4484=ORIENTED_EDGE('',*,*,#3274,.F.);
#4485=ORIENTED_EDGE('',*,*,#3246,.T.);
#4486=ORIENTED_EDGE('',*,*,#3233,.T.);
#4487=ORIENTED_EDGE('',*,*,#3281,.T.);
#4488=ORIENTED_EDGE('',*,*,#3282,.F.);
#4489=ORIENTED_EDGE('',*,*,#3281,.F.);
#4490=ORIENTED_EDGE('',*,*,#3232,.T.);
#4491=ORIENTED_EDGE('',*,*,#3242,.T.);
#4492=ORIENTED_EDGE('',*,*,#3283,.T.);
#4493=ORIENTED_EDGE('',*,*,#3284,.T.);
#4494=ORIENTED_EDGE('',*,*,#3217,.T.);
#4495=ORIENTED_EDGE('',*,*,#3245,.T.);
#4496=ORIENTED_EDGE('',*,*,#3278,.F.);
#4497=ORIENTED_EDGE('',*,*,#3265,.T.);
#4498=ORIENTED_EDGE('',*,*,#3285,.T.);
#4499=ORIENTED_EDGE('',*,*,#3286,.T.);
#4500=ORIENTED_EDGE('',*,*,#3287,.T.);
#4501=ORIENTED_EDGE('',*,*,#3288,.T.);
#4502=ORIENTED_EDGE('',*,*,#3267,.T.);
#4503=ORIENTED_EDGE('',*,*,#3277,.T.);
#4504=ORIENTED_EDGE('',*,*,#3270,.T.);
#4505=ORIENTED_EDGE('',*,*,#3276,.T.);
#4506=ORIENTED_EDGE('',*,*,#3280,.T.);
#4507=ORIENTED_EDGE('',*,*,#3282,.T.);
#4508=ORIENTED_EDGE('',*,*,#3220,.T.);
#4509=ORIENTED_EDGE('',*,*,#3289,.F.);
#4510=ORIENTED_EDGE('',*,*,#3285,.F.);
#4511=ORIENTED_EDGE('',*,*,#3279,.F.);
#4512=ORIENTED_EDGE('',*,*,#3219,.T.);
#4513=ORIENTED_EDGE('',*,*,#3290,.F.);
#4514=ORIENTED_EDGE('',*,*,#3286,.F.);
#4515=ORIENTED_EDGE('',*,*,#3289,.T.);
#4516=ORIENTED_EDGE('',*,*,#3214,.T.);
#4517=ORIENTED_EDGE('',*,*,#3284,.F.);
#4518=ORIENTED_EDGE('',*,*,#3291,.F.);
#4519=ORIENTED_EDGE('',*,*,#3287,.F.);
#4520=ORIENTED_EDGE('',*,*,#3290,.T.);
#4521=ORIENTED_EDGE('',*,*,#3218,.T.);
#4522=ORIENTED_EDGE('',*,*,#3238,.T.);
#4523=ORIENTED_EDGE('',*,*,#3268,.F.);
#4524=ORIENTED_EDGE('',*,*,#3288,.F.);
#4525=ORIENTED_EDGE('',*,*,#3291,.T.);
#4526=ORIENTED_EDGE('',*,*,#3283,.F.);
#4527=ORIENTED_EDGE('',*,*,#3241,.T.);
#4528=ORIENTED_EDGE('',*,*,#3292,.F.);
#4529=ORIENTED_EDGE('',*,*,#3293,.F.);
#4530=ORIENTED_EDGE('',*,*,#3294,.F.);
#4531=ORIENTED_EDGE('',*,*,#3295,.F.);
#4532=ORIENTED_EDGE('',*,*,#3296,.F.);
#4533=ORIENTED_EDGE('',*,*,#3297,.T.);
#4534=ORIENTED_EDGE('',*,*,#3298,.T.);
#4535=ORIENTED_EDGE('',*,*,#3299,.F.);
#4536=ORIENTED_EDGE('',*,*,#3300,.F.);
#4537=ORIENTED_EDGE('',*,*,#3293,.T.);
#4538=ORIENTED_EDGE('',*,*,#3301,.F.);
#4539=ORIENTED_EDGE('',*,*,#3302,.F.);
#4540=ORIENTED_EDGE('',*,*,#3303,.T.);
#4541=ORIENTED_EDGE('',*,*,#3304,.F.);
#4542=ORIENTED_EDGE('',*,*,#3305,.F.);
#4543=ORIENTED_EDGE('',*,*,#3298,.F.);
#4544=ORIENTED_EDGE('',*,*,#3306,.T.);
#4545=ORIENTED_EDGE('',*,*,#3307,.F.);
#4546=ORIENTED_EDGE('',*,*,#3308,.F.);
#4547=ORIENTED_EDGE('',*,*,#3309,.F.);
#4548=ORIENTED_EDGE('',*,*,#3306,.F.);
#4549=ORIENTED_EDGE('',*,*,#3297,.F.);
#4550=ORIENTED_EDGE('',*,*,#3310,.F.);
#4551=ORIENTED_EDGE('',*,*,#3311,.T.);
#4552=ORIENTED_EDGE('',*,*,#3312,.F.);
#4553=ORIENTED_EDGE('',*,*,#3313,.F.);
#4554=ORIENTED_EDGE('',*,*,#3314,.F.);
#4555=ORIENTED_EDGE('',*,*,#3315,.F.);
#4556=ORIENTED_EDGE('',*,*,#3316,.F.);
#4557=ORIENTED_EDGE('',*,*,#3311,.F.);
#4558=ORIENTED_EDGE('',*,*,#3317,.F.);
#4559=ORIENTED_EDGE('',*,*,#3318,.T.);
#4560=ORIENTED_EDGE('',*,*,#3319,.F.);
#4561=ORIENTED_EDGE('',*,*,#3320,.F.);
#4562=ORIENTED_EDGE('',*,*,#3321,.F.);
#4563=ORIENTED_EDGE('',*,*,#3322,.F.);
#4564=ORIENTED_EDGE('',*,*,#3323,.F.);
#4565=ORIENTED_EDGE('',*,*,#3318,.F.);
#4566=ORIENTED_EDGE('',*,*,#3324,.F.);
#4567=ORIENTED_EDGE('',*,*,#3325,.T.);
#4568=ORIENTED_EDGE('',*,*,#3326,.F.);
#4569=ORIENTED_EDGE('',*,*,#3327,.F.);
#4570=ORIENTED_EDGE('',*,*,#3328,.F.);
#4571=ORIENTED_EDGE('',*,*,#3329,.T.);
#4572=ORIENTED_EDGE('',*,*,#3330,.F.);
#4573=ORIENTED_EDGE('',*,*,#3325,.F.);
#4574=ORIENTED_EDGE('',*,*,#3331,.F.);
#4575=ORIENTED_EDGE('',*,*,#3332,.F.);
#4576=ORIENTED_EDGE('',*,*,#3329,.F.);
#4577=ORIENTED_EDGE('',*,*,#3333,.F.);
#4578=ORIENTED_EDGE('',*,*,#3334,.F.);
#4579=ORIENTED_EDGE('',*,*,#3335,.F.);
#4580=ORIENTED_EDGE('',*,*,#3336,.F.);
#4581=ORIENTED_EDGE('',*,*,#3303,.F.);
#4582=ORIENTED_EDGE('',*,*,#3337,.T.);
#4583=ORIENTED_EDGE('',*,*,#3320,.T.);
#4584=ORIENTED_EDGE('',*,*,#3338,.T.);
#4585=ORIENTED_EDGE('',*,*,#3339,.T.);
#4586=ORIENTED_EDGE('',*,*,#3340,.F.);
#4587=ORIENTED_EDGE('',*,*,#3341,.F.);
#4588=ORIENTED_EDGE('',*,*,#3334,.T.);
#4589=ORIENTED_EDGE('',*,*,#3302,.T.);
#4590=ORIENTED_EDGE('',*,*,#3342,.F.);
#4591=ORIENTED_EDGE('',*,*,#3343,.F.);
#4592=ORIENTED_EDGE('',*,*,#3344,.T.);
#4593=ORIENTED_EDGE('',*,*,#3345,.F.);
#4594=ORIENTED_EDGE('',*,*,#3301,.T.);
#4595=ORIENTED_EDGE('',*,*,#3292,.T.);
#4596=ORIENTED_EDGE('',*,*,#3346,.F.);
#4597=ORIENTED_EDGE('',*,*,#3344,.F.);
#4598=ORIENTED_EDGE('',*,*,#3347,.F.);
#4599=ORIENTED_EDGE('',*,*,#3348,.T.);
#4600=ORIENTED_EDGE('',*,*,#3309,.T.);
#4601=ORIENTED_EDGE('',*,*,#3349,.T.);
#4602=ORIENTED_EDGE('',*,*,#3350,.T.);
#4603=ORIENTED_EDGE('',*,*,#3307,.T.);
#4604=ORIENTED_EDGE('',*,*,#3326,.T.);
#4605=ORIENTED_EDGE('',*,*,#3330,.T.);
#4606=ORIENTED_EDGE('',*,*,#3332,.T.);
#4607=ORIENTED_EDGE('',*,*,#3351,.T.);
#4608=ORIENTED_EDGE('',*,*,#3335,.T.);
#4609=ORIENTED_EDGE('',*,*,#3345,.T.);
#4610=ORIENTED_EDGE('',*,*,#3346,.T.);
#4611=ORIENTED_EDGE('',*,*,#3295,.T.);
#4612=ORIENTED_EDGE('',*,*,#3352,.T.);
#4613=ORIENTED_EDGE('',*,*,#3316,.T.);
#4614=ORIENTED_EDGE('',*,*,#3353,.F.);
#4615=ORIENTED_EDGE('',*,*,#3312,.T.);
#4616=ORIENTED_EDGE('',*,*,#3319,.T.);
#4617=ORIENTED_EDGE('',*,*,#3323,.T.);
#4618=ORIENTED_EDGE('',*,*,#3354,.T.);
#4619=ORIENTED_EDGE('',*,*,#3338,.F.);
#4620=ORIENTED_EDGE('',*,*,#3322,.T.);
#4621=ORIENTED_EDGE('',*,*,#3355,.T.);
#4622=ORIENTED_EDGE('',*,*,#3327,.T.);
#4623=ORIENTED_EDGE('',*,*,#3352,.F.);
#4624=ORIENTED_EDGE('',*,*,#3294,.T.);
#4625=ORIENTED_EDGE('',*,*,#3300,.T.);
#4626=ORIENTED_EDGE('',*,*,#3356,.T.);
#4627=ORIENTED_EDGE('',*,*,#3357,.F.);
#4628=ORIENTED_EDGE('',*,*,#3339,.F.);
#4629=ORIENTED_EDGE('',*,*,#3354,.F.);
#4630=ORIENTED_EDGE('',*,*,#3296,.T.);
#4631=ORIENTED_EDGE('',*,*,#3348,.F.);
#4632=ORIENTED_EDGE('',*,*,#3358,.F.);
#4633=ORIENTED_EDGE('',*,*,#3359,.T.);
#4634=ORIENTED_EDGE('',*,*,#3349,.F.);
#4635=ORIENTED_EDGE('',*,*,#3308,.T.);
#4636=ORIENTED_EDGE('',*,*,#3305,.T.);
#4637=ORIENTED_EDGE('',*,*,#3350,.F.);
#4638=ORIENTED_EDGE('',*,*,#3359,.F.);
#4639=ORIENTED_EDGE('',*,*,#3360,.F.);
#4640=ORIENTED_EDGE('',*,*,#3356,.F.);
#4641=ORIENTED_EDGE('',*,*,#3299,.T.);
#4642=ORIENTED_EDGE('',*,*,#3361,.T.);
#4643=ORIENTED_EDGE('',*,*,#3362,.F.);
#4644=ORIENTED_EDGE('',*,*,#3363,.F.);
#4645=ORIENTED_EDGE('',*,*,#3342,.T.);
#4646=ORIENTED_EDGE('',*,*,#3304,.T.);
#4647=ORIENTED_EDGE('',*,*,#3336,.T.);
#4648=ORIENTED_EDGE('',*,*,#3351,.F.);
#4649=ORIENTED_EDGE('',*,*,#3331,.T.);
#4650=ORIENTED_EDGE('',*,*,#3364,.T.);
#4651=ORIENTED_EDGE('',*,*,#3365,.T.);
#4652=ORIENTED_EDGE('',*,*,#3366,.F.);
#4653=ORIENTED_EDGE('',*,*,#3362,.T.);
#4654=ORIENTED_EDGE('',*,*,#3363,.T.);
#4655=ORIENTED_EDGE('',*,*,#3366,.T.);
#4656=ORIENTED_EDGE('',*,*,#3367,.T.);
#4657=ORIENTED_EDGE('',*,*,#3340,.T.);
#4658=ORIENTED_EDGE('',*,*,#3357,.T.);
#4659=ORIENTED_EDGE('',*,*,#3360,.T.);
#4660=ORIENTED_EDGE('',*,*,#3358,.T.);
#4661=ORIENTED_EDGE('',*,*,#3347,.T.);
#4662=ORIENTED_EDGE('',*,*,#3343,.T.);
#4663=ORIENTED_EDGE('',*,*,#3368,.T.);
#4664=ORIENTED_EDGE('',*,*,#3369,.T.);
#4665=ORIENTED_EDGE('',*,*,#3370,.T.);
#4666=ORIENTED_EDGE('',*,*,#3368,.F.);
#4667=ORIENTED_EDGE('',*,*,#3370,.F.);
#4668=ORIENTED_EDGE('',*,*,#3371,.T.);
#4669=ORIENTED_EDGE('',*,*,#3341,.T.);
#4670=ORIENTED_EDGE('',*,*,#3367,.F.);
#4671=ORIENTED_EDGE('',*,*,#3365,.F.);
#4672=ORIENTED_EDGE('',*,*,#3372,.T.);
#4673=ORIENTED_EDGE('',*,*,#3313,.T.);
#4674=ORIENTED_EDGE('',*,*,#3353,.T.);
#4675=ORIENTED_EDGE('',*,*,#3315,.T.);
#4676=ORIENTED_EDGE('',*,*,#3337,.F.);
#4677=ORIENTED_EDGE('',*,*,#3371,.F.);
#4678=ORIENTED_EDGE('',*,*,#3314,.T.);
#4679=ORIENTED_EDGE('',*,*,#3310,.T.);
#4680=ORIENTED_EDGE('',*,*,#3372,.F.);
#4681=ORIENTED_EDGE('',*,*,#3364,.F.);
#4682=ORIENTED_EDGE('',*,*,#3361,.F.);
#4683=ORIENTED_EDGE('',*,*,#3333,.T.);
#4684=ORIENTED_EDGE('',*,*,#3328,.T.);
#4685=ORIENTED_EDGE('',*,*,#3324,.T.);
#4686=ORIENTED_EDGE('',*,*,#3355,.F.);
#4687=ORIENTED_EDGE('',*,*,#3321,.T.);
#4688=ORIENTED_EDGE('',*,*,#3317,.T.);
#4689=ORIENTED_EDGE('',*,*,#3369,.F.);
#4690=ORIENTED_EDGE('',*,*,#3373,.F.);
#4691=ORIENTED_EDGE('',*,*,#3374,.F.);
#4692=ORIENTED_EDGE('',*,*,#3375,.T.);
#4693=ORIENTED_EDGE('',*,*,#3376,.F.);
#4694=ORIENTED_EDGE('',*,*,#3377,.F.);
#4695=ORIENTED_EDGE('',*,*,#3378,.F.);
#4696=ORIENTED_EDGE('',*,*,#3379,.T.);
#4697=ORIENTED_EDGE('',*,*,#3380,.F.);
#4698=ORIENTED_EDGE('',*,*,#3381,.F.);
#4699=ORIENTED_EDGE('',*,*,#3382,.F.);
#4700=ORIENTED_EDGE('',*,*,#3383,.T.);
#4701=ORIENTED_EDGE('',*,*,#3384,.F.);
#4702=ORIENTED_EDGE('',*,*,#3385,.F.);
#4703=ORIENTED_EDGE('',*,*,#3386,.T.);
#4704=ORIENTED_EDGE('',*,*,#3387,.F.);
#4705=ORIENTED_EDGE('',*,*,#3388,.F.);
#4706=ORIENTED_EDGE('',*,*,#3389,.F.);
#4707=ORIENTED_EDGE('',*,*,#3390,.F.);
#4708=ORIENTED_EDGE('',*,*,#3391,.F.);
#4709=ORIENTED_EDGE('',*,*,#3392,.T.);
#4710=ORIENTED_EDGE('',*,*,#3393,.F.);
#4711=ORIENTED_EDGE('',*,*,#3394,.F.);
#4712=ORIENTED_EDGE('',*,*,#3395,.F.);
#4713=ORIENTED_EDGE('',*,*,#3396,.T.);
#4714=ORIENTED_EDGE('',*,*,#3397,.F.);
#4715=ORIENTED_EDGE('',*,*,#3398,.T.);
#4716=ORIENTED_EDGE('',*,*,#3391,.T.);
#4717=ORIENTED_EDGE('',*,*,#3399,.F.);
#4718=ORIENTED_EDGE('',*,*,#3400,.F.);
#4719=ORIENTED_EDGE('',*,*,#3401,.F.);
#4720=ORIENTED_EDGE('',*,*,#3402,.T.);
#4721=ORIENTED_EDGE('',*,*,#3403,.F.);
#4722=ORIENTED_EDGE('',*,*,#3404,.F.);
#4723=ORIENTED_EDGE('',*,*,#3405,.F.);
#4724=ORIENTED_EDGE('',*,*,#3406,.T.);
#4725=ORIENTED_EDGE('',*,*,#3407,.T.);
#4726=ORIENTED_EDGE('',*,*,#3408,.T.);
#4727=ORIENTED_EDGE('',*,*,#3409,.T.);
#4728=ORIENTED_EDGE('',*,*,#3410,.F.);
#4729=ORIENTED_EDGE('',*,*,#3411,.F.);
#4730=ORIENTED_EDGE('',*,*,#3412,.F.);
#4731=ORIENTED_EDGE('',*,*,#3413,.F.);
#4732=ORIENTED_EDGE('',*,*,#3414,.T.);
#4733=ORIENTED_EDGE('',*,*,#3415,.T.);
#4734=ORIENTED_EDGE('',*,*,#3416,.T.);
#4735=ORIENTED_EDGE('',*,*,#3417,.F.);
#4736=ORIENTED_EDGE('',*,*,#3418,.F.);
#4737=ORIENTED_EDGE('',*,*,#3419,.F.);
#4738=ORIENTED_EDGE('',*,*,#3420,.F.);
#4739=ORIENTED_EDGE('',*,*,#3421,.F.);
#4740=ORIENTED_EDGE('',*,*,#3422,.F.);
#4741=ORIENTED_EDGE('',*,*,#3423,.F.);
#4742=ORIENTED_EDGE('',*,*,#3424,.F.);
#4743=ORIENTED_EDGE('',*,*,#3425,.F.);
#4744=ORIENTED_EDGE('',*,*,#3426,.F.);
#4745=ORIENTED_EDGE('',*,*,#3427,.F.);
#4746=ORIENTED_EDGE('',*,*,#3428,.F.);
#4747=ORIENTED_EDGE('',*,*,#3429,.F.);
#4748=ORIENTED_EDGE('',*,*,#3430,.F.);
#4749=ORIENTED_EDGE('',*,*,#3431,.F.);
#4750=ORIENTED_EDGE('',*,*,#3432,.F.);
#4751=ORIENTED_EDGE('',*,*,#3433,.F.);
#4752=ORIENTED_EDGE('',*,*,#3434,.F.);
#4753=ORIENTED_EDGE('',*,*,#3435,.F.);
#4754=ORIENTED_EDGE('',*,*,#3436,.F.);
#4755=ORIENTED_EDGE('',*,*,#3437,.F.);
#4756=ORIENTED_EDGE('',*,*,#3438,.F.);
#4757=ORIENTED_EDGE('',*,*,#3439,.F.);
#4758=ORIENTED_EDGE('',*,*,#3440,.F.);
#4759=ORIENTED_EDGE('',*,*,#3441,.F.);
#4760=ORIENTED_EDGE('',*,*,#3442,.F.);
#4761=ORIENTED_EDGE('',*,*,#3443,.F.);
#4762=ORIENTED_EDGE('',*,*,#3444,.F.);
#4763=ORIENTED_EDGE('',*,*,#3445,.T.);
#4764=ORIENTED_EDGE('',*,*,#3446,.T.);
#4765=ORIENTED_EDGE('',*,*,#3447,.F.);
#4766=ORIENTED_EDGE('',*,*,#3448,.F.);
#4767=ORIENTED_EDGE('',*,*,#3449,.F.);
#4768=ORIENTED_EDGE('',*,*,#3450,.F.);
#4769=ORIENTED_EDGE('',*,*,#3451,.F.);
#4770=ORIENTED_EDGE('',*,*,#3452,.F.);
#4771=ORIENTED_EDGE('',*,*,#3453,.F.);
#4772=ORIENTED_EDGE('',*,*,#3454,.F.);
#4773=ORIENTED_EDGE('',*,*,#3455,.F.);
#4774=ORIENTED_EDGE('',*,*,#3456,.F.);
#4775=ORIENTED_EDGE('',*,*,#3457,.F.);
#4776=ORIENTED_EDGE('',*,*,#3458,.F.);
#4777=ORIENTED_EDGE('',*,*,#3459,.F.);
#4778=ORIENTED_EDGE('',*,*,#3460,.F.);
#4779=ORIENTED_EDGE('',*,*,#3461,.F.);
#4780=ORIENTED_EDGE('',*,*,#3462,.F.);
#4781=ORIENTED_EDGE('',*,*,#3463,.F.);
#4782=ORIENTED_EDGE('',*,*,#3464,.F.);
#4783=ORIENTED_EDGE('',*,*,#3465,.T.);
#4784=ORIENTED_EDGE('',*,*,#3466,.T.);
#4785=ORIENTED_EDGE('',*,*,#3467,.T.);
#4786=ORIENTED_EDGE('',*,*,#3468,.T.);
#4787=ORIENTED_EDGE('',*,*,#3469,.T.);
#4788=ORIENTED_EDGE('',*,*,#3470,.T.);
#4789=ORIENTED_EDGE('',*,*,#3471,.T.);
#4790=ORIENTED_EDGE('',*,*,#3472,.T.);
#4791=ORIENTED_EDGE('',*,*,#3473,.T.);
#4792=ORIENTED_EDGE('',*,*,#3474,.T.);
#4793=ORIENTED_EDGE('',*,*,#3475,.T.);
#4794=ORIENTED_EDGE('',*,*,#3476,.F.);
#4795=ORIENTED_EDGE('',*,*,#3477,.T.);
#4796=ORIENTED_EDGE('',*,*,#3478,.T.);
#4797=ORIENTED_EDGE('',*,*,#3479,.T.);
#4798=ORIENTED_EDGE('',*,*,#3480,.T.);
#4799=ORIENTED_EDGE('',*,*,#3481,.T.);
#4800=ORIENTED_EDGE('',*,*,#3482,.T.);
#4801=ORIENTED_EDGE('',*,*,#3483,.T.);
#4802=ORIENTED_EDGE('',*,*,#3484,.T.);
#4803=ORIENTED_EDGE('',*,*,#3485,.T.);
#4804=ORIENTED_EDGE('',*,*,#3486,.T.);
#4805=ORIENTED_EDGE('',*,*,#3487,.T.);
#4806=ORIENTED_EDGE('',*,*,#3488,.T.);
#4807=ORIENTED_EDGE('',*,*,#3489,.F.);
#4808=ORIENTED_EDGE('',*,*,#3490,.F.);
#4809=ORIENTED_EDGE('',*,*,#3392,.F.);
#4810=ORIENTED_EDGE('',*,*,#3398,.F.);
#4811=ORIENTED_EDGE('',*,*,#3491,.F.);
#4812=ORIENTED_EDGE('',*,*,#3492,.F.);
#4813=ORIENTED_EDGE('',*,*,#3396,.F.);
#4814=ORIENTED_EDGE('',*,*,#3493,.F.);
#4815=ORIENTED_EDGE('',*,*,#3494,.F.);
#4816=ORIENTED_EDGE('',*,*,#3495,.T.);
#4817=ORIENTED_EDGE('',*,*,#3401,.T.);
#4818=ORIENTED_EDGE('',*,*,#3496,.F.);
#4819=ORIENTED_EDGE('',*,*,#3497,.F.);
#4820=ORIENTED_EDGE('',*,*,#3498,.F.);
#4821=ORIENTED_EDGE('',*,*,#3499,.F.);
#4822=ORIENTED_EDGE('',*,*,#3500,.T.);
#4823=ORIENTED_EDGE('',*,*,#3501,.T.);
#4824=ORIENTED_EDGE('',*,*,#3502,.F.);
#4825=ORIENTED_EDGE('',*,*,#3503,.F.);
#4826=ORIENTED_EDGE('',*,*,#3504,.F.);
#4827=ORIENTED_EDGE('',*,*,#3505,.F.);
#4828=ORIENTED_EDGE('',*,*,#3506,.F.);
#4829=ORIENTED_EDGE('',*,*,#3507,.F.);
#4830=ORIENTED_EDGE('',*,*,#3508,.T.);
#4831=ORIENTED_EDGE('',*,*,#3509,.T.);
#4832=ORIENTED_EDGE('',*,*,#3510,.T.);
#4833=ORIENTED_EDGE('',*,*,#3511,.T.);
#4834=ORIENTED_EDGE('',*,*,#3512,.F.);
#4835=ORIENTED_EDGE('',*,*,#3513,.F.);
#4836=ORIENTED_EDGE('',*,*,#3514,.T.);
#4837=ORIENTED_EDGE('',*,*,#3515,.F.);
#4838=ORIENTED_EDGE('',*,*,#3516,.F.);
#4839=ORIENTED_EDGE('',*,*,#3517,.F.);
#4840=ORIENTED_EDGE('',*,*,#3518,.T.);
#4841=ORIENTED_EDGE('',*,*,#3519,.F.);
#4842=ORIENTED_EDGE('',*,*,#3520,.F.);
#4843=ORIENTED_EDGE('',*,*,#3521,.T.);
#4844=ORIENTED_EDGE('',*,*,#3522,.T.);
#4845=ORIENTED_EDGE('',*,*,#3523,.T.);
#4846=ORIENTED_EDGE('',*,*,#3524,.T.);
#4847=ORIENTED_EDGE('',*,*,#3525,.T.);
#4848=ORIENTED_EDGE('',*,*,#3526,.F.);
#4849=ORIENTED_EDGE('',*,*,#3527,.T.);
#4850=ORIENTED_EDGE('',*,*,#3528,.T.);
#4851=ORIENTED_EDGE('',*,*,#3529,.T.);
#4852=ORIENTED_EDGE('',*,*,#3530,.T.);
#4853=ORIENTED_EDGE('',*,*,#3531,.T.);
#4854=ORIENTED_EDGE('',*,*,#3532,.T.);
#4855=ORIENTED_EDGE('',*,*,#3533,.T.);
#4856=ORIENTED_EDGE('',*,*,#3534,.F.);
#4857=ORIENTED_EDGE('',*,*,#3535,.T.);
#4858=ORIENTED_EDGE('',*,*,#3536,.F.);
#4859=ORIENTED_EDGE('',*,*,#3537,.F.);
#4860=ORIENTED_EDGE('',*,*,#3538,.F.);
#4861=ORIENTED_EDGE('',*,*,#3539,.F.);
#4862=ORIENTED_EDGE('',*,*,#3386,.F.);
#4863=ORIENTED_EDGE('',*,*,#3540,.F.);
#4864=ORIENTED_EDGE('',*,*,#3541,.F.);
#4865=ORIENTED_EDGE('',*,*,#3542,.F.);
#4866=ORIENTED_EDGE('',*,*,#3543,.F.);
#4867=ORIENTED_EDGE('',*,*,#3544,.F.);
#4868=ORIENTED_EDGE('',*,*,#3545,.F.);
#4869=ORIENTED_EDGE('',*,*,#3546,.F.);
#4870=ORIENTED_EDGE('',*,*,#3547,.T.);
#4871=ORIENTED_EDGE('',*,*,#3548,.T.);
#4872=ORIENTED_EDGE('',*,*,#3549,.T.);
#4873=ORIENTED_EDGE('',*,*,#3550,.T.);
#4874=ORIENTED_EDGE('',*,*,#3551,.F.);
#4875=ORIENTED_EDGE('',*,*,#3552,.F.);
#4876=ORIENTED_EDGE('',*,*,#3553,.T.);
#4877=ORIENTED_EDGE('',*,*,#3554,.T.);
#4878=ORIENTED_EDGE('',*,*,#3555,.F.);
#4879=ORIENTED_EDGE('',*,*,#3556,.F.);
#4880=ORIENTED_EDGE('',*,*,#3557,.F.);
#4881=ORIENTED_EDGE('',*,*,#3558,.T.);
#4882=ORIENTED_EDGE('',*,*,#3559,.T.);
#4883=ORIENTED_EDGE('',*,*,#3382,.T.);
#4884=ORIENTED_EDGE('',*,*,#3560,.F.);
#4885=ORIENTED_EDGE('',*,*,#3561,.F.);
#4886=ORIENTED_EDGE('',*,*,#3562,.T.);
#4887=ORIENTED_EDGE('',*,*,#3563,.T.);
#4888=ORIENTED_EDGE('',*,*,#3378,.T.);
#4889=ORIENTED_EDGE('',*,*,#3564,.F.);
#4890=ORIENTED_EDGE('',*,*,#3565,.F.);
#4891=ORIENTED_EDGE('',*,*,#3566,.T.);
#4892=ORIENTED_EDGE('',*,*,#3374,.T.);
#4893=ORIENTED_EDGE('',*,*,#3567,.F.);
#4894=ORIENTED_EDGE('',*,*,#3568,.T.);
#4895=ORIENTED_EDGE('',*,*,#3569,.T.);
#4896=ORIENTED_EDGE('',*,*,#3570,.T.);
#4897=ORIENTED_EDGE('',*,*,#3571,.F.);
#4898=ORIENTED_EDGE('',*,*,#3572,.F.);
#4899=ORIENTED_EDGE('',*,*,#3573,.T.);
#4900=ORIENTED_EDGE('',*,*,#3574,.T.);
#4901=ORIENTED_EDGE('',*,*,#3575,.T.);
#4902=ORIENTED_EDGE('',*,*,#3576,.F.);
#4903=ORIENTED_EDGE('',*,*,#3577,.F.);
#4904=ORIENTED_EDGE('',*,*,#3578,.F.);
#4905=ORIENTED_EDGE('',*,*,#3579,.F.);
#4906=ORIENTED_EDGE('',*,*,#3511,.F.);
#4907=ORIENTED_EDGE('',*,*,#3580,.T.);
#4908=ORIENTED_EDGE('',*,*,#3581,.F.);
#4909=ORIENTED_EDGE('',*,*,#3582,.F.);
#4910=ORIENTED_EDGE('',*,*,#3514,.F.);
#4911=ORIENTED_EDGE('',*,*,#3583,.F.);
#4912=ORIENTED_EDGE('',*,*,#3584,.F.);
#4913=ORIENTED_EDGE('',*,*,#3570,.F.);
#4914=ORIENTED_EDGE('',*,*,#3585,.T.);
#4915=ORIENTED_EDGE('',*,*,#3586,.F.);
#4916=ORIENTED_EDGE('',*,*,#3587,.F.);
#4917=ORIENTED_EDGE('',*,*,#3569,.F.);
#4918=ORIENTED_EDGE('',*,*,#3588,.T.);
#4919=ORIENTED_EDGE('',*,*,#3589,.F.);
#4920=ORIENTED_EDGE('',*,*,#3585,.F.);
#4921=ORIENTED_EDGE('',*,*,#3568,.F.);
#4922=ORIENTED_EDGE('',*,*,#3587,.T.);
#4923=ORIENTED_EDGE('',*,*,#3590,.F.);
#4924=ORIENTED_EDGE('',*,*,#3588,.F.);
#4925=ORIENTED_EDGE('',*,*,#3575,.F.);
#4926=ORIENTED_EDGE('',*,*,#3591,.T.);
#4927=ORIENTED_EDGE('',*,*,#3592,.F.);
#4928=ORIENTED_EDGE('',*,*,#3593,.F.);
#4929=ORIENTED_EDGE('',*,*,#3574,.F.);
#4930=ORIENTED_EDGE('',*,*,#3594,.T.);
#4931=ORIENTED_EDGE('',*,*,#3595,.F.);
#4932=ORIENTED_EDGE('',*,*,#3591,.F.);
#4933=ORIENTED_EDGE('',*,*,#3573,.F.);
#4934=ORIENTED_EDGE('',*,*,#3593,.T.);
#4935=ORIENTED_EDGE('',*,*,#3596,.F.);
#4936=ORIENTED_EDGE('',*,*,#3594,.F.);
#4937=ORIENTED_EDGE('',*,*,#3559,.F.);
#4938=ORIENTED_EDGE('',*,*,#3597,.T.);
#4939=ORIENTED_EDGE('',*,*,#3598,.F.);
#4940=ORIENTED_EDGE('',*,*,#3383,.F.);
#4941=ORIENTED_EDGE('',*,*,#3599,.F.);
#4942=ORIENTED_EDGE('',*,*,#3600,.F.);
#4943=ORIENTED_EDGE('',*,*,#3597,.F.);
#4944=ORIENTED_EDGE('',*,*,#3558,.F.);
#4945=ORIENTED_EDGE('',*,*,#3505,.T.);
#4946=ORIENTED_EDGE('',*,*,#3601,.T.);
#4947=ORIENTED_EDGE('',*,*,#3602,.F.);
#4948=ORIENTED_EDGE('',*,*,#3603,.F.);
#4949=ORIENTED_EDGE('',*,*,#3504,.T.);
#4950=ORIENTED_EDGE('',*,*,#3604,.T.);
#4951=ORIENTED_EDGE('',*,*,#3605,.F.);
#4952=ORIENTED_EDGE('',*,*,#3601,.F.);
#4953=ORIENTED_EDGE('',*,*,#3503,.T.);
#4954=ORIENTED_EDGE('',*,*,#3606,.T.);
#4955=ORIENTED_EDGE('',*,*,#3607,.F.);
#4956=ORIENTED_EDGE('',*,*,#3604,.F.);
#4957=ORIENTED_EDGE('',*,*,#3502,.T.);
#4958=ORIENTED_EDGE('',*,*,#3608,.T.);
#4959=ORIENTED_EDGE('',*,*,#3609,.F.);
#4960=ORIENTED_EDGE('',*,*,#3606,.F.);
#4961=ORIENTED_EDGE('',*,*,#3501,.F.);
#4962=ORIENTED_EDGE('',*,*,#3610,.T.);
#4963=ORIENTED_EDGE('',*,*,#3611,.F.);
#4964=ORIENTED_EDGE('',*,*,#3612,.F.);
#4965=ORIENTED_EDGE('',*,*,#3500,.F.);
#4966=ORIENTED_EDGE('',*,*,#3612,.T.);
#4967=ORIENTED_EDGE('',*,*,#3613,.F.);
#4968=ORIENTED_EDGE('',*,*,#3610,.F.);
#4969=ORIENTED_EDGE('',*,*,#3499,.T.);
#4970=ORIENTED_EDGE('',*,*,#3614,.T.);
#4971=ORIENTED_EDGE('',*,*,#3615,.F.);
#4972=ORIENTED_EDGE('',*,*,#3608,.F.);
#4973=ORIENTED_EDGE('',*,*,#3498,.T.);
#4974=ORIENTED_EDGE('',*,*,#3616,.F.);
#4975=ORIENTED_EDGE('',*,*,#3617,.F.);
#4976=ORIENTED_EDGE('',*,*,#3614,.F.);
#4977=ORIENTED_EDGE('',*,*,#3618,.F.);
#4978=ORIENTED_EDGE('',*,*,#3619,.F.);
#4979=ORIENTED_EDGE('',*,*,#3402,.F.);
#4980=ORIENTED_EDGE('',*,*,#3495,.F.);
#4981=ORIENTED_EDGE('',*,*,#3620,.F.);
#4982=ORIENTED_EDGE('',*,*,#3621,.F.);
#4983=ORIENTED_EDGE('',*,*,#3622,.F.);
#4984=ORIENTED_EDGE('',*,*,#3577,.T.);
#4985=ORIENTED_EDGE('',*,*,#3488,.F.);
#4986=ORIENTED_EDGE('',*,*,#3623,.T.);
#4987=ORIENTED_EDGE('',*,*,#3624,.F.);
#4988=ORIENTED_EDGE('',*,*,#3625,.F.);
#4989=ORIENTED_EDGE('',*,*,#3487,.F.);
#4990=ORIENTED_EDGE('',*,*,#3626,.T.);
#4991=ORIENTED_EDGE('',*,*,#3627,.F.);
#4992=ORIENTED_EDGE('',*,*,#3623,.F.);
#4993=ORIENTED_EDGE('',*,*,#3486,.F.);
#4994=ORIENTED_EDGE('',*,*,#3628,.T.);
#4995=ORIENTED_EDGE('',*,*,#3629,.F.);
#4996=ORIENTED_EDGE('',*,*,#3626,.F.);
#4997=ORIENTED_EDGE('',*,*,#3485,.F.);
#4998=ORIENTED_EDGE('',*,*,#3630,.T.);
#4999=ORIENTED_EDGE('',*,*,#3631,.F.);
#5000=ORIENTED_EDGE('',*,*,#3628,.F.);
#5001=ORIENTED_EDGE('',*,*,#3484,.F.);
#5002=ORIENTED_EDGE('',*,*,#3632,.T.);
#5003=ORIENTED_EDGE('',*,*,#3633,.F.);
#5004=ORIENTED_EDGE('',*,*,#3630,.F.);
#5005=ORIENTED_EDGE('',*,*,#3483,.F.);
#5006=ORIENTED_EDGE('',*,*,#3634,.T.);
#5007=ORIENTED_EDGE('',*,*,#3635,.F.);
#5008=ORIENTED_EDGE('',*,*,#3632,.F.);
#5009=ORIENTED_EDGE('',*,*,#3482,.F.);
#5010=ORIENTED_EDGE('',*,*,#3636,.T.);
#5011=ORIENTED_EDGE('',*,*,#3637,.F.);
#5012=ORIENTED_EDGE('',*,*,#3634,.F.);
#5013=ORIENTED_EDGE('',*,*,#3481,.F.);
#5014=ORIENTED_EDGE('',*,*,#3638,.T.);
#5015=ORIENTED_EDGE('',*,*,#3639,.F.);
#5016=ORIENTED_EDGE('',*,*,#3636,.F.);
#5017=ORIENTED_EDGE('',*,*,#3480,.F.);
#5018=ORIENTED_EDGE('',*,*,#3640,.T.);
#5019=ORIENTED_EDGE('',*,*,#3641,.F.);
#5020=ORIENTED_EDGE('',*,*,#3638,.F.);
#5021=ORIENTED_EDGE('',*,*,#3479,.F.);
#5022=ORIENTED_EDGE('',*,*,#3642,.T.);
#5023=ORIENTED_EDGE('',*,*,#3643,.F.);
#5024=ORIENTED_EDGE('',*,*,#3640,.F.);
#5025=ORIENTED_EDGE('',*,*,#3478,.F.);
#5026=ORIENTED_EDGE('',*,*,#3644,.T.);
#5027=ORIENTED_EDGE('',*,*,#3645,.F.);
#5028=ORIENTED_EDGE('',*,*,#3642,.F.);
#5029=ORIENTED_EDGE('',*,*,#3477,.F.);
#5030=ORIENTED_EDGE('',*,*,#3646,.F.);
#5031=ORIENTED_EDGE('',*,*,#3647,.F.);
#5032=ORIENTED_EDGE('',*,*,#3644,.F.);
#5033=ORIENTED_EDGE('',*,*,#3475,.F.);
#5034=ORIENTED_EDGE('',*,*,#3648,.T.);
#5035=ORIENTED_EDGE('',*,*,#3649,.F.);
#5036=ORIENTED_EDGE('',*,*,#3650,.F.);
#5037=ORIENTED_EDGE('',*,*,#3474,.F.);
#5038=ORIENTED_EDGE('',*,*,#3651,.T.);
#5039=ORIENTED_EDGE('',*,*,#3652,.F.);
#5040=ORIENTED_EDGE('',*,*,#3648,.F.);
#5041=ORIENTED_EDGE('',*,*,#3473,.F.);
#5042=ORIENTED_EDGE('',*,*,#3653,.T.);
#5043=ORIENTED_EDGE('',*,*,#3654,.F.);
#5044=ORIENTED_EDGE('',*,*,#3651,.F.);
#5045=ORIENTED_EDGE('',*,*,#3472,.F.);
#5046=ORIENTED_EDGE('',*,*,#3655,.T.);
#5047=ORIENTED_EDGE('',*,*,#3656,.F.);
#5048=ORIENTED_EDGE('',*,*,#3653,.F.);
#5049=ORIENTED_EDGE('',*,*,#3471,.F.);
#5050=ORIENTED_EDGE('',*,*,#3657,.T.);
#5051=ORIENTED_EDGE('',*,*,#3658,.F.);
#5052=ORIENTED_EDGE('',*,*,#3655,.F.);
#5053=ORIENTED_EDGE('',*,*,#3470,.F.);
#5054=ORIENTED_EDGE('',*,*,#3659,.T.);
#5055=ORIENTED_EDGE('',*,*,#3660,.F.);
#5056=ORIENTED_EDGE('',*,*,#3657,.F.);
#5057=ORIENTED_EDGE('',*,*,#3469,.F.);
#5058=ORIENTED_EDGE('',*,*,#3661,.T.);
#5059=ORIENTED_EDGE('',*,*,#3662,.F.);
#5060=ORIENTED_EDGE('',*,*,#3659,.F.);
#5061=ORIENTED_EDGE('',*,*,#3468,.F.);
#5062=ORIENTED_EDGE('',*,*,#3663,.T.);
#5063=ORIENTED_EDGE('',*,*,#3664,.F.);
#5064=ORIENTED_EDGE('',*,*,#3661,.F.);
#5065=ORIENTED_EDGE('',*,*,#3467,.F.);
#5066=ORIENTED_EDGE('',*,*,#3665,.T.);
#5067=ORIENTED_EDGE('',*,*,#3666,.F.);
#5068=ORIENTED_EDGE('',*,*,#3663,.F.);
#5069=ORIENTED_EDGE('',*,*,#3466,.F.);
#5070=ORIENTED_EDGE('',*,*,#3667,.T.);
#5071=ORIENTED_EDGE('',*,*,#3668,.F.);
#5072=ORIENTED_EDGE('',*,*,#3665,.F.);
#5073=ORIENTED_EDGE('',*,*,#3465,.F.);
#5074=ORIENTED_EDGE('',*,*,#3669,.F.);
#5075=ORIENTED_EDGE('',*,*,#3670,.F.);
#5076=ORIENTED_EDGE('',*,*,#3667,.F.);
#5077=ORIENTED_EDGE('',*,*,#3461,.T.);
#5078=ORIENTED_EDGE('',*,*,#3671,.T.);
#5079=ORIENTED_EDGE('',*,*,#3672,.F.);
#5080=ORIENTED_EDGE('',*,*,#3673,.F.);
#5081=ORIENTED_EDGE('',*,*,#3460,.T.);
#5082=ORIENTED_EDGE('',*,*,#3674,.T.);
#5083=ORIENTED_EDGE('',*,*,#3675,.F.);
#5084=ORIENTED_EDGE('',*,*,#3671,.F.);
#5085=ORIENTED_EDGE('',*,*,#3459,.T.);
#5086=ORIENTED_EDGE('',*,*,#3676,.T.);
#5087=ORIENTED_EDGE('',*,*,#3677,.F.);
#5088=ORIENTED_EDGE('',*,*,#3674,.F.);
#5089=ORIENTED_EDGE('',*,*,#3458,.T.);
#5090=ORIENTED_EDGE('',*,*,#3678,.T.);
#5091=ORIENTED_EDGE('',*,*,#3679,.F.);
#5092=ORIENTED_EDGE('',*,*,#3676,.F.);
#5093=ORIENTED_EDGE('',*,*,#3457,.T.);
#5094=ORIENTED_EDGE('',*,*,#3680,.T.);
#5095=ORIENTED_EDGE('',*,*,#3681,.F.);
#5096=ORIENTED_EDGE('',*,*,#3678,.F.);
#5097=ORIENTED_EDGE('',*,*,#3456,.T.);
#5098=ORIENTED_EDGE('',*,*,#3682,.F.);
#5099=ORIENTED_EDGE('',*,*,#3683,.F.);
#5100=ORIENTED_EDGE('',*,*,#3680,.F.);
#5101=ORIENTED_EDGE('',*,*,#3454,.T.);
#5102=ORIENTED_EDGE('',*,*,#3684,.T.);
#5103=ORIENTED_EDGE('',*,*,#3685,.F.);
#5104=ORIENTED_EDGE('',*,*,#3686,.F.);
#5105=ORIENTED_EDGE('',*,*,#3453,.T.);
#5106=ORIENTED_EDGE('',*,*,#3687,.T.);
#5107=ORIENTED_EDGE('',*,*,#3688,.F.);
#5108=ORIENTED_EDGE('',*,*,#3684,.F.);
#5109=ORIENTED_EDGE('',*,*,#3452,.T.);
#5110=ORIENTED_EDGE('',*,*,#3689,.F.);
#5111=ORIENTED_EDGE('',*,*,#3690,.F.);
#5112=ORIENTED_EDGE('',*,*,#3687,.F.);
#5113=ORIENTED_EDGE('',*,*,#3449,.T.);
#5114=ORIENTED_EDGE('',*,*,#3691,.F.);
#5115=ORIENTED_EDGE('',*,*,#3692,.F.);
#5116=ORIENTED_EDGE('',*,*,#3693,.F.);
#5117=ORIENTED_EDGE('',*,*,#3446,.F.);
#5118=ORIENTED_EDGE('',*,*,#3694,.T.);
#5119=ORIENTED_EDGE('',*,*,#3695,.F.);
#5120=ORIENTED_EDGE('',*,*,#3696,.F.);
#5121=ORIENTED_EDGE('',*,*,#3445,.F.);
#5122=ORIENTED_EDGE('',*,*,#3697,.F.);
#5123=ORIENTED_EDGE('',*,*,#3698,.F.);
#5124=ORIENTED_EDGE('',*,*,#3694,.F.);
#5125=ORIENTED_EDGE('',*,*,#3443,.T.);
#5126=ORIENTED_EDGE('',*,*,#3699,.T.);
#5127=ORIENTED_EDGE('',*,*,#3700,.F.);
#5128=ORIENTED_EDGE('',*,*,#3701,.F.);
#5129=ORIENTED_EDGE('',*,*,#3442,.T.);
#5130=ORIENTED_EDGE('',*,*,#3702,.T.);
#5131=ORIENTED_EDGE('',*,*,#3703,.F.);
#5132=ORIENTED_EDGE('',*,*,#3699,.F.);
#5133=ORIENTED_EDGE('',*,*,#3441,.T.);
#5134=ORIENTED_EDGE('',*,*,#3704,.T.);
#5135=ORIENTED_EDGE('',*,*,#3705,.F.);
#5136=ORIENTED_EDGE('',*,*,#3702,.F.);
#5137=ORIENTED_EDGE('',*,*,#3440,.T.);
#5138=ORIENTED_EDGE('',*,*,#3706,.T.);
#5139=ORIENTED_EDGE('',*,*,#3707,.F.);
#5140=ORIENTED_EDGE('',*,*,#3704,.F.);
#5141=ORIENTED_EDGE('',*,*,#3439,.T.);
#5142=ORIENTED_EDGE('',*,*,#3708,.T.);
#5143=ORIENTED_EDGE('',*,*,#3709,.F.);
#5144=ORIENTED_EDGE('',*,*,#3706,.F.);
#5145=ORIENTED_EDGE('',*,*,#3438,.T.);
#5146=ORIENTED_EDGE('',*,*,#3710,.T.);
#5147=ORIENTED_EDGE('',*,*,#3711,.F.);
#5148=ORIENTED_EDGE('',*,*,#3708,.F.);
#5149=ORIENTED_EDGE('',*,*,#3437,.T.);
#5150=ORIENTED_EDGE('',*,*,#3712,.T.);
#5151=ORIENTED_EDGE('',*,*,#3713,.F.);
#5152=ORIENTED_EDGE('',*,*,#3710,.F.);
#5153=ORIENTED_EDGE('',*,*,#3436,.T.);
#5154=ORIENTED_EDGE('',*,*,#3714,.T.);
#5155=ORIENTED_EDGE('',*,*,#3715,.F.);
#5156=ORIENTED_EDGE('',*,*,#3712,.F.);
#5157=ORIENTED_EDGE('',*,*,#3435,.T.);
#5158=ORIENTED_EDGE('',*,*,#3716,.T.);
#5159=ORIENTED_EDGE('',*,*,#3717,.F.);
#5160=ORIENTED_EDGE('',*,*,#3714,.F.);
#5161=ORIENTED_EDGE('',*,*,#3434,.T.);
#5162=ORIENTED_EDGE('',*,*,#3718,.T.);
#5163=ORIENTED_EDGE('',*,*,#3719,.F.);
#5164=ORIENTED_EDGE('',*,*,#3716,.F.);
#5165=ORIENTED_EDGE('',*,*,#3433,.T.);
#5166=ORIENTED_EDGE('',*,*,#3720,.T.);
#5167=ORIENTED_EDGE('',*,*,#3721,.F.);
#5168=ORIENTED_EDGE('',*,*,#3718,.F.);
#5169=ORIENTED_EDGE('',*,*,#3432,.T.);
#5170=ORIENTED_EDGE('',*,*,#3722,.T.);
#5171=ORIENTED_EDGE('',*,*,#3723,.F.);
#5172=ORIENTED_EDGE('',*,*,#3720,.F.);
#5173=ORIENTED_EDGE('',*,*,#3431,.T.);
#5174=ORIENTED_EDGE('',*,*,#3724,.F.);
#5175=ORIENTED_EDGE('',*,*,#3725,.F.);
#5176=ORIENTED_EDGE('',*,*,#3722,.F.);
#5177=ORIENTED_EDGE('',*,*,#3428,.T.);
#5178=ORIENTED_EDGE('',*,*,#3726,.T.);
#5179=ORIENTED_EDGE('',*,*,#3727,.F.);
#5180=ORIENTED_EDGE('',*,*,#3728,.F.);
#5181=ORIENTED_EDGE('',*,*,#3427,.T.);
#5182=ORIENTED_EDGE('',*,*,#3729,.T.);
#5183=ORIENTED_EDGE('',*,*,#3730,.F.);
#5184=ORIENTED_EDGE('',*,*,#3726,.F.);
#5185=ORIENTED_EDGE('',*,*,#3426,.T.);
#5186=ORIENTED_EDGE('',*,*,#3731,.T.);
#5187=ORIENTED_EDGE('',*,*,#3732,.F.);
#5188=ORIENTED_EDGE('',*,*,#3729,.F.);
#5189=ORIENTED_EDGE('',*,*,#3425,.T.);
#5190=ORIENTED_EDGE('',*,*,#3733,.T.);
#5191=ORIENTED_EDGE('',*,*,#3734,.F.);
#5192=ORIENTED_EDGE('',*,*,#3731,.F.);
#5193=ORIENTED_EDGE('',*,*,#3424,.T.);
#5194=ORIENTED_EDGE('',*,*,#3735,.T.);
#5195=ORIENTED_EDGE('',*,*,#3736,.F.);
#5196=ORIENTED_EDGE('',*,*,#3733,.F.);
#5197=ORIENTED_EDGE('',*,*,#3423,.T.);
#5198=ORIENTED_EDGE('',*,*,#3737,.T.);
#5199=ORIENTED_EDGE('',*,*,#3738,.F.);
#5200=ORIENTED_EDGE('',*,*,#3735,.F.);
#5201=ORIENTED_EDGE('',*,*,#3422,.T.);
#5202=ORIENTED_EDGE('',*,*,#3739,.T.);
#5203=ORIENTED_EDGE('',*,*,#3740,.F.);
#5204=ORIENTED_EDGE('',*,*,#3737,.F.);
#5205=ORIENTED_EDGE('',*,*,#3421,.T.);
#5206=ORIENTED_EDGE('',*,*,#3741,.T.);
#5207=ORIENTED_EDGE('',*,*,#3742,.F.);
#5208=ORIENTED_EDGE('',*,*,#3739,.F.);
#5209=ORIENTED_EDGE('',*,*,#3420,.T.);
#5210=ORIENTED_EDGE('',*,*,#3743,.T.);
#5211=ORIENTED_EDGE('',*,*,#3744,.F.);
#5212=ORIENTED_EDGE('',*,*,#3741,.F.);
#5213=ORIENTED_EDGE('',*,*,#3419,.T.);
#5214=ORIENTED_EDGE('',*,*,#3745,.T.);
#5215=ORIENTED_EDGE('',*,*,#3746,.F.);
#5216=ORIENTED_EDGE('',*,*,#3743,.F.);
#5217=ORIENTED_EDGE('',*,*,#3418,.T.);
#5218=ORIENTED_EDGE('',*,*,#3747,.F.);
#5219=ORIENTED_EDGE('',*,*,#3748,.F.);
#5220=ORIENTED_EDGE('',*,*,#3745,.F.);
#5221=ORIENTED_EDGE('',*,*,#3416,.F.);
#5222=ORIENTED_EDGE('',*,*,#3749,.T.);
#5223=ORIENTED_EDGE('',*,*,#3750,.F.);
#5224=ORIENTED_EDGE('',*,*,#3751,.F.);
#5225=ORIENTED_EDGE('',*,*,#3415,.F.);
#5226=ORIENTED_EDGE('',*,*,#3752,.T.);
#5227=ORIENTED_EDGE('',*,*,#3753,.F.);
#5228=ORIENTED_EDGE('',*,*,#3749,.F.);
#5229=ORIENTED_EDGE('',*,*,#3414,.F.);
#5230=ORIENTED_EDGE('',*,*,#3754,.F.);
#5231=ORIENTED_EDGE('',*,*,#3755,.F.);
#5232=ORIENTED_EDGE('',*,*,#3752,.F.);
#5233=ORIENTED_EDGE('',*,*,#3409,.F.);
#5234=ORIENTED_EDGE('',*,*,#3756,.T.);
#5235=ORIENTED_EDGE('',*,*,#3757,.F.);
#5236=ORIENTED_EDGE('',*,*,#3758,.F.);
#5237=ORIENTED_EDGE('',*,*,#3408,.F.);
#5238=ORIENTED_EDGE('',*,*,#3759,.T.);
#5239=ORIENTED_EDGE('',*,*,#3760,.F.);
#5240=ORIENTED_EDGE('',*,*,#3756,.F.);
#5241=ORIENTED_EDGE('',*,*,#3407,.F.);
#5242=ORIENTED_EDGE('',*,*,#3761,.T.);
#5243=ORIENTED_EDGE('',*,*,#3762,.F.);
#5244=ORIENTED_EDGE('',*,*,#3759,.F.);
#5245=ORIENTED_EDGE('',*,*,#3406,.F.);
#5246=ORIENTED_EDGE('',*,*,#3763,.F.);
#5247=ORIENTED_EDGE('',*,*,#3764,.F.);
#5248=ORIENTED_EDGE('',*,*,#3761,.F.);
#5249=ORIENTED_EDGE('',*,*,#3765,.F.);
#5250=ORIENTED_EDGE('',*,*,#3766,.F.);
#5251=ORIENTED_EDGE('',*,*,#3375,.F.);
#5252=ORIENTED_EDGE('',*,*,#3566,.F.);
#5253=ORIENTED_EDGE('',*,*,#3563,.F.);
#5254=ORIENTED_EDGE('',*,*,#3767,.T.);
#5255=ORIENTED_EDGE('',*,*,#3768,.F.);
#5256=ORIENTED_EDGE('',*,*,#3379,.F.);
#5257=ORIENTED_EDGE('',*,*,#3769,.F.);
#5258=ORIENTED_EDGE('',*,*,#3770,.F.);
#5259=ORIENTED_EDGE('',*,*,#3767,.F.);
#5260=ORIENTED_EDGE('',*,*,#3562,.F.);
#5261=ORIENTED_EDGE('',*,*,#3554,.F.);
#5262=ORIENTED_EDGE('',*,*,#3771,.T.);
#5263=ORIENTED_EDGE('',*,*,#3772,.F.);
#5264=ORIENTED_EDGE('',*,*,#3773,.F.);
#5265=ORIENTED_EDGE('',*,*,#3553,.F.);
#5266=ORIENTED_EDGE('',*,*,#3774,.T.);
#5267=ORIENTED_EDGE('',*,*,#3775,.F.);
#5268=ORIENTED_EDGE('',*,*,#3771,.F.);
#5269=ORIENTED_EDGE('',*,*,#3552,.T.);
#5270=ORIENTED_EDGE('',*,*,#3776,.T.);
#5271=ORIENTED_EDGE('',*,*,#3777,.F.);
#5272=ORIENTED_EDGE('',*,*,#3778,.F.);
#5273=ORIENTED_EDGE('',*,*,#3551,.T.);
#5274=ORIENTED_EDGE('',*,*,#3778,.T.);
#5275=ORIENTED_EDGE('',*,*,#3779,.F.);
#5276=ORIENTED_EDGE('',*,*,#3776,.F.);
#5277=ORIENTED_EDGE('',*,*,#3550,.F.);
#5278=ORIENTED_EDGE('',*,*,#3780,.T.);
#5279=ORIENTED_EDGE('',*,*,#3781,.F.);
#5280=ORIENTED_EDGE('',*,*,#3774,.F.);
#5281=ORIENTED_EDGE('',*,*,#3549,.F.);
#5282=ORIENTED_EDGE('',*,*,#3782,.T.);
#5283=ORIENTED_EDGE('',*,*,#3783,.F.);
#5284=ORIENTED_EDGE('',*,*,#3780,.F.);
#5285=ORIENTED_EDGE('',*,*,#3548,.F.);
#5286=ORIENTED_EDGE('',*,*,#3784,.T.);
#5287=ORIENTED_EDGE('',*,*,#3785,.F.);
#5288=ORIENTED_EDGE('',*,*,#3782,.F.);
#5289=ORIENTED_EDGE('',*,*,#3547,.F.);
#5290=ORIENTED_EDGE('',*,*,#3786,.F.);
#5291=ORIENTED_EDGE('',*,*,#3787,.F.);
#5292=ORIENTED_EDGE('',*,*,#3784,.F.);
#5293=ORIENTED_EDGE('',*,*,#3545,.T.);
#5294=ORIENTED_EDGE('',*,*,#3788,.T.);
#5295=ORIENTED_EDGE('',*,*,#3789,.F.);
#5296=ORIENTED_EDGE('',*,*,#3790,.F.);
#5297=ORIENTED_EDGE('',*,*,#3544,.T.);
#5298=ORIENTED_EDGE('',*,*,#3791,.T.);
#5299=ORIENTED_EDGE('',*,*,#3792,.F.);
#5300=ORIENTED_EDGE('',*,*,#3788,.F.);
#5301=ORIENTED_EDGE('',*,*,#3543,.T.);
#5302=ORIENTED_EDGE('',*,*,#3793,.T.);
#5303=ORIENTED_EDGE('',*,*,#3794,.F.);
#5304=ORIENTED_EDGE('',*,*,#3791,.F.);
#5305=ORIENTED_EDGE('',*,*,#3795,.F.);
#5306=ORIENTED_EDGE('',*,*,#3796,.F.);
#5307=ORIENTED_EDGE('',*,*,#3793,.F.);
#5308=ORIENTED_EDGE('',*,*,#3542,.T.);
#5309=ORIENTED_EDGE('',*,*,#3535,.F.);
#5310=ORIENTED_EDGE('',*,*,#3797,.F.);
#5311=ORIENTED_EDGE('',*,*,#3798,.F.);
#5312=ORIENTED_EDGE('',*,*,#3799,.F.);
#5313=ORIENTED_EDGE('',*,*,#3533,.F.);
#5314=ORIENTED_EDGE('',*,*,#3800,.T.);
#5315=ORIENTED_EDGE('',*,*,#3801,.F.);
#5316=ORIENTED_EDGE('',*,*,#3802,.F.);
#5317=ORIENTED_EDGE('',*,*,#3532,.F.);
#5318=ORIENTED_EDGE('',*,*,#3803,.T.);
#5319=ORIENTED_EDGE('',*,*,#3804,.F.);
#5320=ORIENTED_EDGE('',*,*,#3800,.F.);
#5321=ORIENTED_EDGE('',*,*,#3531,.F.);
#5322=ORIENTED_EDGE('',*,*,#3805,.T.);
#5323=ORIENTED_EDGE('',*,*,#3806,.F.);
#5324=ORIENTED_EDGE('',*,*,#3803,.F.);
#5325=ORIENTED_EDGE('',*,*,#3530,.F.);
#5326=ORIENTED_EDGE('',*,*,#3807,.T.);
#5327=ORIENTED_EDGE('',*,*,#3808,.F.);
#5328=ORIENTED_EDGE('',*,*,#3805,.F.);
#5329=ORIENTED_EDGE('',*,*,#3529,.F.);
#5330=ORIENTED_EDGE('',*,*,#3809,.T.);
#5331=ORIENTED_EDGE('',*,*,#3810,.F.);
#5332=ORIENTED_EDGE('',*,*,#3807,.F.);
#5333=ORIENTED_EDGE('',*,*,#3528,.F.);
#5334=ORIENTED_EDGE('',*,*,#3811,.T.);
#5335=ORIENTED_EDGE('',*,*,#3812,.F.);
#5336=ORIENTED_EDGE('',*,*,#3809,.F.);
#5337=ORIENTED_EDGE('',*,*,#3527,.F.);
#5338=ORIENTED_EDGE('',*,*,#3813,.F.);
#5339=ORIENTED_EDGE('',*,*,#3814,.F.);
#5340=ORIENTED_EDGE('',*,*,#3811,.F.);
#5341=ORIENTED_EDGE('',*,*,#3525,.F.);
#5342=ORIENTED_EDGE('',*,*,#3815,.T.);
#5343=ORIENTED_EDGE('',*,*,#3816,.F.);
#5344=ORIENTED_EDGE('',*,*,#3817,.F.);
#5345=ORIENTED_EDGE('',*,*,#3524,.F.);
#5346=ORIENTED_EDGE('',*,*,#3818,.T.);
#5347=ORIENTED_EDGE('',*,*,#3819,.F.);
#5348=ORIENTED_EDGE('',*,*,#3815,.F.);
#5349=ORIENTED_EDGE('',*,*,#3523,.F.);
#5350=ORIENTED_EDGE('',*,*,#3820,.T.);
#5351=ORIENTED_EDGE('',*,*,#3821,.F.);
#5352=ORIENTED_EDGE('',*,*,#3818,.F.);
#5353=ORIENTED_EDGE('',*,*,#3522,.F.);
#5354=ORIENTED_EDGE('',*,*,#3822,.T.);
#5355=ORIENTED_EDGE('',*,*,#3823,.F.);
#5356=ORIENTED_EDGE('',*,*,#3820,.F.);
#5357=ORIENTED_EDGE('',*,*,#3521,.F.);
#5358=ORIENTED_EDGE('',*,*,#3824,.F.);
#5359=ORIENTED_EDGE('',*,*,#3825,.F.);
#5360=ORIENTED_EDGE('',*,*,#3822,.F.);
#5361=ORIENTED_EDGE('',*,*,#3826,.F.);
#5362=ORIENTED_EDGE('',*,*,#3827,.F.);
#5363=ORIENTED_EDGE('',*,*,#3828,.F.);
#5364=ORIENTED_EDGE('',*,*,#3518,.F.);
#5365=ORIENTED_EDGE('',*,*,#3510,.F.);
#5366=ORIENTED_EDGE('',*,*,#3829,.T.);
#5367=ORIENTED_EDGE('',*,*,#3830,.F.);
#5368=ORIENTED_EDGE('',*,*,#3580,.F.);
#5369=ORIENTED_EDGE('',*,*,#3509,.F.);
#5370=ORIENTED_EDGE('',*,*,#3831,.T.);
#5371=ORIENTED_EDGE('',*,*,#3832,.F.);
#5372=ORIENTED_EDGE('',*,*,#3829,.F.);
#5373=ORIENTED_EDGE('',*,*,#3508,.F.);
#5374=ORIENTED_EDGE('',*,*,#3833,.F.);
#5375=ORIENTED_EDGE('',*,*,#3834,.F.);
#5376=ORIENTED_EDGE('',*,*,#3831,.F.);
#5377=ORIENTED_EDGE('',*,*,#3429,.T.);
#5378=ORIENTED_EDGE('',*,*,#3728,.T.);
#5379=ORIENTED_EDGE('',*,*,#3835,.T.);
#5380=ORIENTED_EDGE('',*,*,#3836,.T.);
#5381=ORIENTED_EDGE('',*,*,#3837,.F.);
#5382=ORIENTED_EDGE('',*,*,#3838,.F.);
#5383=ORIENTED_EDGE('',*,*,#3754,.T.);
#5384=ORIENTED_EDGE('',*,*,#3413,.T.);
#5385=ORIENTED_EDGE('',*,*,#3839,.T.);
#5386=ORIENTED_EDGE('',*,*,#3840,.F.);
#5387=ORIENTED_EDGE('',*,*,#3841,.F.);
#5388=ORIENTED_EDGE('',*,*,#3842,.F.);
#5389=ORIENTED_EDGE('',*,*,#3412,.T.);
#5390=ORIENTED_EDGE('',*,*,#3843,.T.);
#5391=ORIENTED_EDGE('',*,*,#3844,.F.);
#5392=ORIENTED_EDGE('',*,*,#3839,.F.);
#5393=ORIENTED_EDGE('',*,*,#3411,.T.);
#5394=ORIENTED_EDGE('',*,*,#3845,.T.);
#5395=ORIENTED_EDGE('',*,*,#3846,.F.);
#5396=ORIENTED_EDGE('',*,*,#3843,.F.);
#5397=ORIENTED_EDGE('',*,*,#3410,.T.);
#5398=ORIENTED_EDGE('',*,*,#3758,.T.);
#5399=ORIENTED_EDGE('',*,*,#3847,.F.);
#5400=ORIENTED_EDGE('',*,*,#3841,.T.);
#5401=ORIENTED_EDGE('',*,*,#3848,.F.);
#5402=ORIENTED_EDGE('',*,*,#3845,.F.);
#5403=ORIENTED_EDGE('',*,*,#3747,.T.);
#5404=ORIENTED_EDGE('',*,*,#3417,.T.);
#5405=ORIENTED_EDGE('',*,*,#3751,.T.);
#5406=ORIENTED_EDGE('',*,*,#3849,.F.);
#5407=ORIENTED_EDGE('',*,*,#3763,.T.);
#5408=ORIENTED_EDGE('',*,*,#3405,.T.);
#5409=ORIENTED_EDGE('',*,*,#3850,.T.);
#5410=ORIENTED_EDGE('',*,*,#3851,.F.);
#5411=ORIENTED_EDGE('',*,*,#3836,.F.);
#5412=ORIENTED_EDGE('',*,*,#3852,.F.);
#5413=ORIENTED_EDGE('',*,*,#3404,.T.);
#5414=ORIENTED_EDGE('',*,*,#3373,.T.);
#5415=ORIENTED_EDGE('',*,*,#3853,.F.);
#5416=ORIENTED_EDGE('',*,*,#3765,.T.);
#5417=ORIENTED_EDGE('',*,*,#3565,.T.);
#5418=ORIENTED_EDGE('',*,*,#3854,.F.);
#5419=ORIENTED_EDGE('',*,*,#3855,.F.);
#5420=ORIENTED_EDGE('',*,*,#3850,.F.);
#5421=ORIENTED_EDGE('',*,*,#3564,.T.);
#5422=ORIENTED_EDGE('',*,*,#3377,.T.);
#5423=ORIENTED_EDGE('',*,*,#3856,.F.);
#5424=ORIENTED_EDGE('',*,*,#3857,.F.);
#5425=ORIENTED_EDGE('',*,*,#3858,.F.);
#5426=ORIENTED_EDGE('',*,*,#3854,.T.);
#5427=ORIENTED_EDGE('',*,*,#3769,.T.);
#5428=ORIENTED_EDGE('',*,*,#3561,.T.);
#5429=ORIENTED_EDGE('',*,*,#3859,.F.);
#5430=ORIENTED_EDGE('',*,*,#3860,.F.);
#5431=ORIENTED_EDGE('',*,*,#3857,.T.);
#5432=ORIENTED_EDGE('',*,*,#3861,.F.);
#5433=ORIENTED_EDGE('',*,*,#3560,.T.);
#5434=ORIENTED_EDGE('',*,*,#3381,.T.);
#5435=ORIENTED_EDGE('',*,*,#3862,.F.);
#5436=ORIENTED_EDGE('',*,*,#3863,.F.);
#5437=ORIENTED_EDGE('',*,*,#3864,.F.);
#5438=ORIENTED_EDGE('',*,*,#3859,.T.);
#5439=ORIENTED_EDGE('',*,*,#3599,.T.);
#5440=ORIENTED_EDGE('',*,*,#3557,.T.);
#5441=ORIENTED_EDGE('',*,*,#3865,.F.);
#5442=ORIENTED_EDGE('',*,*,#3866,.F.);
#5443=ORIENTED_EDGE('',*,*,#3863,.T.);
#5444=ORIENTED_EDGE('',*,*,#3867,.F.);
#5445=ORIENTED_EDGE('',*,*,#3556,.T.);
#5446=ORIENTED_EDGE('',*,*,#3868,.T.);
#5447=ORIENTED_EDGE('',*,*,#3869,.F.);
#5448=ORIENTED_EDGE('',*,*,#3865,.T.);
#5449=ORIENTED_EDGE('',*,*,#3555,.T.);
#5450=ORIENTED_EDGE('',*,*,#3773,.T.);
#5451=ORIENTED_EDGE('',*,*,#3870,.F.);
#5452=ORIENTED_EDGE('',*,*,#3786,.T.);
#5453=ORIENTED_EDGE('',*,*,#3546,.T.);
#5454=ORIENTED_EDGE('',*,*,#3790,.T.);
#5455=ORIENTED_EDGE('',*,*,#3871,.F.);
#5456=ORIENTED_EDGE('',*,*,#3872,.T.);
#5457=ORIENTED_EDGE('',*,*,#3873,.F.);
#5458=ORIENTED_EDGE('',*,*,#3868,.F.);
#5459=ORIENTED_EDGE('',*,*,#3540,.T.);
#5460=ORIENTED_EDGE('',*,*,#3385,.T.);
#5461=ORIENTED_EDGE('',*,*,#3874,.F.);
#5462=ORIENTED_EDGE('',*,*,#3875,.F.);
#5463=ORIENTED_EDGE('',*,*,#3876,.F.);
#5464=ORIENTED_EDGE('',*,*,#3877,.T.);
#5465=ORIENTED_EDGE('',*,*,#3538,.T.);
#5466=ORIENTED_EDGE('',*,*,#3878,.F.);
#5467=ORIENTED_EDGE('',*,*,#3879,.F.);
#5468=ORIENTED_EDGE('',*,*,#3880,.T.);
#5469=ORIENTED_EDGE('',*,*,#3537,.T.);
#5470=ORIENTED_EDGE('',*,*,#3881,.F.);
#5471=ORIENTED_EDGE('',*,*,#3882,.F.);
#5472=ORIENTED_EDGE('',*,*,#3878,.T.);
#5473=ORIENTED_EDGE('',*,*,#3489,.T.);
#5474=ORIENTED_EDGE('',*,*,#3625,.T.);
#5475=ORIENTED_EDGE('',*,*,#3883,.F.);
#5476=ORIENTED_EDGE('',*,*,#3884,.T.);
#5477=ORIENTED_EDGE('',*,*,#3885,.F.);
#5478=ORIENTED_EDGE('',*,*,#3886,.T.);
#5479=ORIENTED_EDGE('',*,*,#3536,.T.);
#5480=ORIENTED_EDGE('',*,*,#3799,.T.);
#5481=ORIENTED_EDGE('',*,*,#3887,.F.);
#5482=ORIENTED_EDGE('',*,*,#3797,.T.);
#5483=ORIENTED_EDGE('',*,*,#3534,.T.);
#5484=ORIENTED_EDGE('',*,*,#3802,.T.);
#5485=ORIENTED_EDGE('',*,*,#3888,.F.);
#5486=ORIENTED_EDGE('',*,*,#3889,.T.);
#5487=ORIENTED_EDGE('',*,*,#3890,.F.);
#5488=ORIENTED_EDGE('',*,*,#3881,.T.);
#5489=ORIENTED_EDGE('',*,*,#3578,.T.);
#5490=ORIENTED_EDGE('',*,*,#3622,.T.);
#5491=ORIENTED_EDGE('',*,*,#3891,.F.);
#5492=ORIENTED_EDGE('',*,*,#3393,.T.);
#5493=ORIENTED_EDGE('',*,*,#3492,.T.);
#5494=ORIENTED_EDGE('',*,*,#3892,.F.);
#5495=ORIENTED_EDGE('',*,*,#3893,.F.);
#5496=ORIENTED_EDGE('',*,*,#3894,.T.);
#5497=ORIENTED_EDGE('',*,*,#3813,.T.);
#5498=ORIENTED_EDGE('',*,*,#3526,.T.);
#5499=ORIENTED_EDGE('',*,*,#3817,.T.);
#5500=ORIENTED_EDGE('',*,*,#3895,.F.);
#5501=ORIENTED_EDGE('',*,*,#3896,.T.);
#5502=ORIENTED_EDGE('',*,*,#3897,.F.);
#5503=ORIENTED_EDGE('',*,*,#3898,.F.);
#5504=ORIENTED_EDGE('',*,*,#3899,.F.);
#5505=ORIENTED_EDGE('',*,*,#3496,.T.);
#5506=ORIENTED_EDGE('',*,*,#3400,.T.);
#5507=ORIENTED_EDGE('',*,*,#3900,.F.);
#5508=ORIENTED_EDGE('',*,*,#3901,.F.);
#5509=ORIENTED_EDGE('',*,*,#3902,.F.);
#5510=ORIENTED_EDGE('',*,*,#3903,.F.);
#5511=ORIENTED_EDGE('',*,*,#3824,.T.);
#5512=ORIENTED_EDGE('',*,*,#3520,.T.);
#5513=ORIENTED_EDGE('',*,*,#3904,.T.);
#5514=ORIENTED_EDGE('',*,*,#3905,.F.);
#5515=ORIENTED_EDGE('',*,*,#3896,.F.);
#5516=ORIENTED_EDGE('',*,*,#3906,.T.);
#5517=ORIENTED_EDGE('',*,*,#3519,.T.);
#5518=ORIENTED_EDGE('',*,*,#3828,.T.);
#5519=ORIENTED_EDGE('',*,*,#3907,.F.);
#5520=ORIENTED_EDGE('',*,*,#3908,.T.);
#5521=ORIENTED_EDGE('',*,*,#3909,.F.);
#5522=ORIENTED_EDGE('',*,*,#3904,.F.);
#5523=ORIENTED_EDGE('',*,*,#3826,.T.);
#5524=ORIENTED_EDGE('',*,*,#3517,.T.);
#5525=ORIENTED_EDGE('',*,*,#3910,.F.);
#5526=ORIENTED_EDGE('',*,*,#3911,.F.);
#5527=ORIENTED_EDGE('',*,*,#3908,.F.);
#5528=ORIENTED_EDGE('',*,*,#3912,.F.);
#5529=ORIENTED_EDGE('',*,*,#3516,.T.);
#5530=ORIENTED_EDGE('',*,*,#3913,.F.);
#5531=ORIENTED_EDGE('',*,*,#3914,.F.);
#5532=ORIENTED_EDGE('',*,*,#3910,.T.);
#5533=ORIENTED_EDGE('',*,*,#3515,.T.);
#5534=ORIENTED_EDGE('',*,*,#3582,.T.);
#5535=ORIENTED_EDGE('',*,*,#3915,.F.);
#5536=ORIENTED_EDGE('',*,*,#3916,.F.);
#5537=ORIENTED_EDGE('',*,*,#3917,.F.);
#5538=ORIENTED_EDGE('',*,*,#3913,.T.);
#5539=ORIENTED_EDGE('',*,*,#3583,.T.);
#5540=ORIENTED_EDGE('',*,*,#3513,.T.);
#5541=ORIENTED_EDGE('',*,*,#3918,.F.);
#5542=ORIENTED_EDGE('',*,*,#3919,.F.);
#5543=ORIENTED_EDGE('',*,*,#3916,.T.);
#5544=ORIENTED_EDGE('',*,*,#3920,.F.);
#5545=ORIENTED_EDGE('',*,*,#3512,.T.);
#5546=ORIENTED_EDGE('',*,*,#3579,.T.);
#5547=ORIENTED_EDGE('',*,*,#3921,.F.);
#5548=ORIENTED_EDGE('',*,*,#3922,.F.);
#5549=ORIENTED_EDGE('',*,*,#3923,.F.);
#5550=ORIENTED_EDGE('',*,*,#3918,.T.);
#5551=ORIENTED_EDGE('',*,*,#3584,.T.);
#5552=ORIENTED_EDGE('',*,*,#3920,.T.);
#5553=ORIENTED_EDGE('',*,*,#3915,.T.);
#5554=ORIENTED_EDGE('',*,*,#3592,.T.);
#5555=ORIENTED_EDGE('',*,*,#3595,.T.);
#5556=ORIENTED_EDGE('',*,*,#3596,.T.);
#5557=ORIENTED_EDGE('',*,*,#3586,.T.);
#5558=ORIENTED_EDGE('',*,*,#3589,.T.);
#5559=ORIENTED_EDGE('',*,*,#3590,.T.);
#5560=ORIENTED_EDGE('',*,*,#3834,.T.);
#5561=ORIENTED_EDGE('',*,*,#3924,.T.);
#5562=ORIENTED_EDGE('',*,*,#3921,.T.);
#5563=ORIENTED_EDGE('',*,*,#3581,.T.);
#5564=ORIENTED_EDGE('',*,*,#3830,.T.);
#5565=ORIENTED_EDGE('',*,*,#3832,.T.);
#5566=ORIENTED_EDGE('',*,*,#3816,.T.);
#5567=ORIENTED_EDGE('',*,*,#3819,.T.);
#5568=ORIENTED_EDGE('',*,*,#3821,.T.);
#5569=ORIENTED_EDGE('',*,*,#3823,.T.);
#5570=ORIENTED_EDGE('',*,*,#3825,.T.);
#5571=ORIENTED_EDGE('',*,*,#3906,.F.);
#5572=ORIENTED_EDGE('',*,*,#3895,.T.);
#5573=ORIENTED_EDGE('',*,*,#3827,.T.);
#5574=ORIENTED_EDGE('',*,*,#3912,.T.);
#5575=ORIENTED_EDGE('',*,*,#3907,.T.);
#5576=ORIENTED_EDGE('',*,*,#3617,.T.);
#5577=ORIENTED_EDGE('',*,*,#3925,.F.);
#5578=ORIENTED_EDGE('',*,*,#3926,.T.);
#5579=ORIENTED_EDGE('',*,*,#3602,.T.);
#5580=ORIENTED_EDGE('',*,*,#3605,.T.);
#5581=ORIENTED_EDGE('',*,*,#3607,.T.);
#5582=ORIENTED_EDGE('',*,*,#3609,.T.);
#5583=ORIENTED_EDGE('',*,*,#3615,.T.);
#5584=ORIENTED_EDGE('',*,*,#3619,.T.);
#5585=ORIENTED_EDGE('',*,*,#3927,.T.);
#5586=ORIENTED_EDGE('',*,*,#3900,.T.);
#5587=ORIENTED_EDGE('',*,*,#3403,.T.);
#5588=ORIENTED_EDGE('',*,*,#3390,.T.);
#5589=ORIENTED_EDGE('',*,*,#3928,.T.);
#5590=ORIENTED_EDGE('',*,*,#3399,.T.);
#5591=ORIENTED_EDGE('',*,*,#3801,.T.);
#5592=ORIENTED_EDGE('',*,*,#3804,.T.);
#5593=ORIENTED_EDGE('',*,*,#3806,.T.);
#5594=ORIENTED_EDGE('',*,*,#3808,.T.);
#5595=ORIENTED_EDGE('',*,*,#3810,.T.);
#5596=ORIENTED_EDGE('',*,*,#3812,.T.);
#5597=ORIENTED_EDGE('',*,*,#3814,.T.);
#5598=ORIENTED_EDGE('',*,*,#3899,.T.);
#5599=ORIENTED_EDGE('',*,*,#3929,.F.);
#5600=ORIENTED_EDGE('',*,*,#3888,.T.);
#5601=ORIENTED_EDGE('',*,*,#3798,.T.);
#5602=ORIENTED_EDGE('',*,*,#3887,.T.);
#5603=ORIENTED_EDGE('',*,*,#3772,.T.);
#5604=ORIENTED_EDGE('',*,*,#3775,.T.);
#5605=ORIENTED_EDGE('',*,*,#3781,.T.);
#5606=ORIENTED_EDGE('',*,*,#3783,.T.);
#5607=ORIENTED_EDGE('',*,*,#3785,.T.);
#5608=ORIENTED_EDGE('',*,*,#3787,.T.);
#5609=ORIENTED_EDGE('',*,*,#3870,.T.);
#5610=ORIENTED_EDGE('',*,*,#3388,.T.);
#5611=ORIENTED_EDGE('',*,*,#3930,.T.);
#5612=ORIENTED_EDGE('',*,*,#3874,.T.);
#5613=ORIENTED_EDGE('',*,*,#3789,.T.);
#5614=ORIENTED_EDGE('',*,*,#3792,.T.);
#5615=ORIENTED_EDGE('',*,*,#3794,.T.);
#5616=ORIENTED_EDGE('',*,*,#3796,.T.);
#5617=ORIENTED_EDGE('',*,*,#3931,.T.);
#5618=ORIENTED_EDGE('',*,*,#3932,.F.);
#5619=ORIENTED_EDGE('',*,*,#3871,.T.);
#5620=ORIENTED_EDGE('',*,*,#3647,.T.);
#5621=ORIENTED_EDGE('',*,*,#3933,.T.);
#5622=ORIENTED_EDGE('',*,*,#3934,.F.);
#5623=ORIENTED_EDGE('',*,*,#3883,.T.);
#5624=ORIENTED_EDGE('',*,*,#3624,.T.);
#5625=ORIENTED_EDGE('',*,*,#3627,.T.);
#5626=ORIENTED_EDGE('',*,*,#3629,.T.);
#5627=ORIENTED_EDGE('',*,*,#3631,.T.);
#5628=ORIENTED_EDGE('',*,*,#3633,.T.);
#5629=ORIENTED_EDGE('',*,*,#3635,.T.);
#5630=ORIENTED_EDGE('',*,*,#3637,.T.);
#5631=ORIENTED_EDGE('',*,*,#3639,.T.);
#5632=ORIENTED_EDGE('',*,*,#3641,.T.);
#5633=ORIENTED_EDGE('',*,*,#3643,.T.);
#5634=ORIENTED_EDGE('',*,*,#3645,.T.);
#5635=ORIENTED_EDGE('',*,*,#3384,.T.);
#5636=ORIENTED_EDGE('',*,*,#3598,.T.);
#5637=ORIENTED_EDGE('',*,*,#3600,.T.);
#5638=ORIENTED_EDGE('',*,*,#3867,.T.);
#5639=ORIENTED_EDGE('',*,*,#3862,.T.);
#5640=ORIENTED_EDGE('',*,*,#3380,.T.);
#5641=ORIENTED_EDGE('',*,*,#3768,.T.);
#5642=ORIENTED_EDGE('',*,*,#3770,.T.);
#5643=ORIENTED_EDGE('',*,*,#3861,.T.);
#5644=ORIENTED_EDGE('',*,*,#3856,.T.);
#5645=ORIENTED_EDGE('',*,*,#3376,.T.);
#5646=ORIENTED_EDGE('',*,*,#3766,.T.);
#5647=ORIENTED_EDGE('',*,*,#3853,.T.);
#5648=ORIENTED_EDGE('',*,*,#3750,.T.);
#5649=ORIENTED_EDGE('',*,*,#3753,.T.);
#5650=ORIENTED_EDGE('',*,*,#3755,.T.);
#5651=ORIENTED_EDGE('',*,*,#3842,.T.);
#5652=ORIENTED_EDGE('',*,*,#3847,.T.);
#5653=ORIENTED_EDGE('',*,*,#3757,.T.);
#5654=ORIENTED_EDGE('',*,*,#3760,.T.);
#5655=ORIENTED_EDGE('',*,*,#3762,.T.);
#5656=ORIENTED_EDGE('',*,*,#3764,.T.);
#5657=ORIENTED_EDGE('',*,*,#3849,.T.);
#5658=ORIENTED_EDGE('',*,*,#3690,.T.);
#5659=ORIENTED_EDGE('',*,*,#3935,.T.);
#5660=ORIENTED_EDGE('',*,*,#3685,.T.);
#5661=ORIENTED_EDGE('',*,*,#3688,.T.);
#5662=ORIENTED_EDGE('',*,*,#3692,.T.);
#5663=ORIENTED_EDGE('',*,*,#3936,.T.);
#5664=ORIENTED_EDGE('',*,*,#3937,.T.);
#5665=ORIENTED_EDGE('',*,*,#3672,.T.);
#5666=ORIENTED_EDGE('',*,*,#3675,.T.);
#5667=ORIENTED_EDGE('',*,*,#3677,.T.);
#5668=ORIENTED_EDGE('',*,*,#3679,.T.);
#5669=ORIENTED_EDGE('',*,*,#3681,.T.);
#5670=ORIENTED_EDGE('',*,*,#3683,.T.);
#5671=ORIENTED_EDGE('',*,*,#3938,.T.);
#5672=ORIENTED_EDGE('',*,*,#3698,.T.);
#5673=ORIENTED_EDGE('',*,*,#3939,.T.);
#5674=ORIENTED_EDGE('',*,*,#3649,.T.);
#5675=ORIENTED_EDGE('',*,*,#3652,.T.);
#5676=ORIENTED_EDGE('',*,*,#3654,.T.);
#5677=ORIENTED_EDGE('',*,*,#3656,.T.);
#5678=ORIENTED_EDGE('',*,*,#3658,.T.);
#5679=ORIENTED_EDGE('',*,*,#3660,.T.);
#5680=ORIENTED_EDGE('',*,*,#3662,.T.);
#5681=ORIENTED_EDGE('',*,*,#3664,.T.);
#5682=ORIENTED_EDGE('',*,*,#3666,.T.);
#5683=ORIENTED_EDGE('',*,*,#3668,.T.);
#5684=ORIENTED_EDGE('',*,*,#3670,.T.);
#5685=ORIENTED_EDGE('',*,*,#3940,.T.);
#5686=ORIENTED_EDGE('',*,*,#3695,.T.);
#5687=ORIENTED_EDGE('',*,*,#3727,.T.);
#5688=ORIENTED_EDGE('',*,*,#3730,.T.);
#5689=ORIENTED_EDGE('',*,*,#3732,.T.);
#5690=ORIENTED_EDGE('',*,*,#3734,.T.);
#5691=ORIENTED_EDGE('',*,*,#3736,.T.);
#5692=ORIENTED_EDGE('',*,*,#3738,.T.);
#5693=ORIENTED_EDGE('',*,*,#3740,.T.);
#5694=ORIENTED_EDGE('',*,*,#3742,.T.);
#5695=ORIENTED_EDGE('',*,*,#3744,.T.);
#5696=ORIENTED_EDGE('',*,*,#3746,.T.);
#5697=ORIENTED_EDGE('',*,*,#3748,.T.);
#5698=ORIENTED_EDGE('',*,*,#3852,.T.);
#5699=ORIENTED_EDGE('',*,*,#3835,.F.);
#5700=ORIENTED_EDGE('',*,*,#3725,.T.);
#5701=ORIENTED_EDGE('',*,*,#3941,.T.);
#5702=ORIENTED_EDGE('',*,*,#3700,.T.);
#5703=ORIENTED_EDGE('',*,*,#3703,.T.);
#5704=ORIENTED_EDGE('',*,*,#3705,.T.);
#5705=ORIENTED_EDGE('',*,*,#3707,.T.);
#5706=ORIENTED_EDGE('',*,*,#3709,.T.);
#5707=ORIENTED_EDGE('',*,*,#3711,.T.);
#5708=ORIENTED_EDGE('',*,*,#3713,.T.);
#5709=ORIENTED_EDGE('',*,*,#3715,.T.);
#5710=ORIENTED_EDGE('',*,*,#3717,.T.);
#5711=ORIENTED_EDGE('',*,*,#3719,.T.);
#5712=ORIENTED_EDGE('',*,*,#3721,.T.);
#5713=ORIENTED_EDGE('',*,*,#3723,.T.);
#5714=ORIENTED_EDGE('',*,*,#3621,.T.);
#5715=ORIENTED_EDGE('',*,*,#3942,.T.);
#5716=ORIENTED_EDGE('',*,*,#3394,.T.);
#5717=ORIENTED_EDGE('',*,*,#3891,.T.);
#5718=ORIENTED_EDGE('',*,*,#3611,.T.);
#5719=ORIENTED_EDGE('',*,*,#3613,.T.);
#5720=ORIENTED_EDGE('',*,*,#3777,.T.);
#5721=ORIENTED_EDGE('',*,*,#3779,.T.);
#5722=ORIENTED_EDGE('',*,*,#3539,.T.);
#5723=ORIENTED_EDGE('',*,*,#3880,.F.);
#5724=ORIENTED_EDGE('',*,*,#3943,.F.);
#5725=ORIENTED_EDGE('',*,*,#3875,.T.);
#5726=ORIENTED_EDGE('',*,*,#3930,.F.);
#5727=ORIENTED_EDGE('',*,*,#3387,.T.);
#5728=ORIENTED_EDGE('',*,*,#3541,.T.);
#5729=ORIENTED_EDGE('',*,*,#3877,.F.);
#5730=ORIENTED_EDGE('',*,*,#3944,.F.);
#5731=ORIENTED_EDGE('',*,*,#3945,.F.);
#5732=ORIENTED_EDGE('',*,*,#3931,.F.);
#5733=ORIENTED_EDGE('',*,*,#3795,.T.);
#5734=ORIENTED_EDGE('',*,*,#3882,.T.);
#5735=ORIENTED_EDGE('',*,*,#3890,.T.);
#5736=ORIENTED_EDGE('',*,*,#3946,.T.);
#5737=ORIENTED_EDGE('',*,*,#3897,.T.);
#5738=ORIENTED_EDGE('',*,*,#3905,.T.);
#5739=ORIENTED_EDGE('',*,*,#3909,.T.);
#5740=ORIENTED_EDGE('',*,*,#3911,.T.);
#5741=ORIENTED_EDGE('',*,*,#3914,.T.);
#5742=ORIENTED_EDGE('',*,*,#3917,.T.);
#5743=ORIENTED_EDGE('',*,*,#3919,.T.);
#5744=ORIENTED_EDGE('',*,*,#3923,.T.);
#5745=ORIENTED_EDGE('',*,*,#3947,.T.);
#5746=ORIENTED_EDGE('',*,*,#3948,.T.);
#5747=ORIENTED_EDGE('',*,*,#3949,.T.);
#5748=ORIENTED_EDGE('',*,*,#3902,.T.);
#5749=ORIENTED_EDGE('',*,*,#3950,.T.);
#5750=ORIENTED_EDGE('',*,*,#3951,.T.);
#5751=ORIENTED_EDGE('',*,*,#3893,.T.);
#5752=ORIENTED_EDGE('',*,*,#3952,.T.);
#5753=ORIENTED_EDGE('',*,*,#3885,.T.);
#5754=ORIENTED_EDGE('',*,*,#3953,.T.);
#5755=ORIENTED_EDGE('',*,*,#3954,.T.);
#5756=ORIENTED_EDGE('',*,*,#3837,.T.);
#5757=ORIENTED_EDGE('',*,*,#3851,.T.);
#5758=ORIENTED_EDGE('',*,*,#3855,.T.);
#5759=ORIENTED_EDGE('',*,*,#3858,.T.);
#5760=ORIENTED_EDGE('',*,*,#3860,.T.);
#5761=ORIENTED_EDGE('',*,*,#3864,.T.);
#5762=ORIENTED_EDGE('',*,*,#3866,.T.);
#5763=ORIENTED_EDGE('',*,*,#3869,.T.);
#5764=ORIENTED_EDGE('',*,*,#3873,.T.);
#5765=ORIENTED_EDGE('',*,*,#3955,.T.);
#5766=ORIENTED_EDGE('',*,*,#3944,.T.);
#5767=ORIENTED_EDGE('',*,*,#3876,.T.);
#5768=ORIENTED_EDGE('',*,*,#3943,.T.);
#5769=ORIENTED_EDGE('',*,*,#3879,.T.);
#5770=ORIENTED_EDGE('',*,*,#3846,.T.);
#5771=ORIENTED_EDGE('',*,*,#3848,.T.);
#5772=ORIENTED_EDGE('',*,*,#3840,.T.);
#5773=ORIENTED_EDGE('',*,*,#3844,.T.);
#5774=ORIENTED_EDGE('',*,*,#3956,.T.);
#5775=ORIENTED_EDGE('',*,*,#3957,.T.);
#5776=ORIENTED_EDGE('',*,*,#3958,.T.);
#5777=ORIENTED_EDGE('',*,*,#3959,.T.);
#5778=ORIENTED_EDGE('',*,*,#3960,.T.);
#5779=ORIENTED_EDGE('',*,*,#3961,.T.);
#5780=ORIENTED_EDGE('',*,*,#3962,.T.);
#5781=ORIENTED_EDGE('',*,*,#3963,.T.);
#5782=ORIENTED_EDGE('',*,*,#3945,.T.);
#5783=ORIENTED_EDGE('',*,*,#3955,.F.);
#5784=ORIENTED_EDGE('',*,*,#3872,.F.);
#5785=ORIENTED_EDGE('',*,*,#3932,.T.);
#5786=ORIENTED_EDGE('',*,*,#3673,.T.);
#5787=ORIENTED_EDGE('',*,*,#3937,.F.);
#5788=ORIENTED_EDGE('',*,*,#3964,.T.);
#5789=ORIENTED_EDGE('',*,*,#3962,.F.);
#5790=ORIENTED_EDGE('',*,*,#3965,.F.);
#5791=ORIENTED_EDGE('',*,*,#3462,.T.);
#5792=ORIENTED_EDGE('',*,*,#3448,.T.);
#5793=ORIENTED_EDGE('',*,*,#3966,.T.);
#5794=ORIENTED_EDGE('',*,*,#3963,.F.);
#5795=ORIENTED_EDGE('',*,*,#3964,.F.);
#5796=ORIENTED_EDGE('',*,*,#3936,.F.);
#5797=ORIENTED_EDGE('',*,*,#3691,.T.);
#5798=ORIENTED_EDGE('',*,*,#3696,.T.);
#5799=ORIENTED_EDGE('',*,*,#3940,.F.);
#5800=ORIENTED_EDGE('',*,*,#3669,.T.);
#5801=ORIENTED_EDGE('',*,*,#3464,.T.);
#5802=ORIENTED_EDGE('',*,*,#3967,.T.);
#5803=ORIENTED_EDGE('',*,*,#3960,.F.);
#5804=ORIENTED_EDGE('',*,*,#3966,.F.);
#5805=ORIENTED_EDGE('',*,*,#3447,.T.);
#5806=ORIENTED_EDGE('',*,*,#3463,.T.);
#5807=ORIENTED_EDGE('',*,*,#3965,.T.);
#5808=ORIENTED_EDGE('',*,*,#3961,.F.);
#5809=ORIENTED_EDGE('',*,*,#3967,.F.);
#5810=ORIENTED_EDGE('',*,*,#3959,.F.);
#5811=ORIENTED_EDGE('',*,*,#3968,.T.);
#5812=ORIENTED_EDGE('',*,*,#3969,.T.);
#5813=ORIENTED_EDGE('',*,*,#3968,.F.);
#5814=ORIENTED_EDGE('',*,*,#3969,.F.);
#5815=ORIENTED_EDGE('',*,*,#3970,.F.);
#5816=ORIENTED_EDGE('',*,*,#3958,.F.);
#5817=ORIENTED_EDGE('',*,*,#3971,.T.);
#5818=ORIENTED_EDGE('',*,*,#3972,.T.);
#5819=ORIENTED_EDGE('',*,*,#3971,.F.);
#5820=ORIENTED_EDGE('',*,*,#3972,.F.);
#5821=ORIENTED_EDGE('',*,*,#3973,.F.);
#5822=ORIENTED_EDGE('',*,*,#3957,.F.);
#5823=ORIENTED_EDGE('',*,*,#3974,.T.);
#5824=ORIENTED_EDGE('',*,*,#3975,.T.);
#5825=ORIENTED_EDGE('',*,*,#3974,.F.);
#5826=ORIENTED_EDGE('',*,*,#3975,.F.);
#5827=ORIENTED_EDGE('',*,*,#3976,.F.);
#5828=ORIENTED_EDGE('',*,*,#3956,.F.);
#5829=ORIENTED_EDGE('',*,*,#3977,.T.);
#5830=ORIENTED_EDGE('',*,*,#3978,.T.);
#5831=ORIENTED_EDGE('',*,*,#3977,.F.);
#5832=ORIENTED_EDGE('',*,*,#3978,.F.);
#5833=ORIENTED_EDGE('',*,*,#3979,.F.);
#5834=ORIENTED_EDGE('',*,*,#3693,.T.);
#5835=ORIENTED_EDGE('',*,*,#3938,.F.);
#5836=ORIENTED_EDGE('',*,*,#3682,.T.);
#5837=ORIENTED_EDGE('',*,*,#3455,.T.);
#5838=ORIENTED_EDGE('',*,*,#3686,.T.);
#5839=ORIENTED_EDGE('',*,*,#3935,.F.);
#5840=ORIENTED_EDGE('',*,*,#3689,.T.);
#5841=ORIENTED_EDGE('',*,*,#3451,.T.);
#5842=ORIENTED_EDGE('',*,*,#3980,.T.);
#5843=ORIENTED_EDGE('',*,*,#3976,.T.);
#5844=ORIENTED_EDGE('',*,*,#3980,.F.);
#5845=ORIENTED_EDGE('',*,*,#3450,.T.);
#5846=ORIENTED_EDGE('',*,*,#3571,.T.);
#5847=ORIENTED_EDGE('',*,*,#3981,.T.);
#5848=ORIENTED_EDGE('',*,*,#3973,.T.);
#5849=ORIENTED_EDGE('',*,*,#3981,.F.);
#5850=ORIENTED_EDGE('',*,*,#3567,.T.);
#5851=ORIENTED_EDGE('',*,*,#3982,.T.);
#5852=ORIENTED_EDGE('',*,*,#3970,.T.);
#5853=ORIENTED_EDGE('',*,*,#3982,.F.);
#5854=ORIENTED_EDGE('',*,*,#3572,.T.);
#5855=ORIENTED_EDGE('',*,*,#3983,.T.);
#5856=ORIENTED_EDGE('',*,*,#3979,.T.);
#5857=ORIENTED_EDGE('',*,*,#3983,.F.);
#5858=ORIENTED_EDGE('',*,*,#3929,.T.);
#5859=ORIENTED_EDGE('',*,*,#3898,.T.);
#5860=ORIENTED_EDGE('',*,*,#3946,.F.);
#5861=ORIENTED_EDGE('',*,*,#3889,.F.);
#5862=ORIENTED_EDGE('',*,*,#3430,.T.);
#5863=ORIENTED_EDGE('',*,*,#3838,.T.);
#5864=ORIENTED_EDGE('',*,*,#3954,.F.);
#5865=ORIENTED_EDGE('',*,*,#3984,.F.);
#5866=ORIENTED_EDGE('',*,*,#3933,.F.);
#5867=ORIENTED_EDGE('',*,*,#3646,.T.);
#5868=ORIENTED_EDGE('',*,*,#3476,.T.);
#5869=ORIENTED_EDGE('',*,*,#3650,.T.);
#5870=ORIENTED_EDGE('',*,*,#3939,.F.);
#5871=ORIENTED_EDGE('',*,*,#3697,.T.);
#5872=ORIENTED_EDGE('',*,*,#3444,.T.);
#5873=ORIENTED_EDGE('',*,*,#3701,.T.);
#5874=ORIENTED_EDGE('',*,*,#3941,.F.);
#5875=ORIENTED_EDGE('',*,*,#3724,.T.);
#5876=ORIENTED_EDGE('',*,*,#3934,.T.);
#5877=ORIENTED_EDGE('',*,*,#3984,.T.);
#5878=ORIENTED_EDGE('',*,*,#3953,.F.);
#5879=ORIENTED_EDGE('',*,*,#3884,.F.);
#5880=ORIENTED_EDGE('',*,*,#3603,.T.);
#5881=ORIENTED_EDGE('',*,*,#3926,.F.);
#5882=ORIENTED_EDGE('',*,*,#3985,.T.);
#5883=ORIENTED_EDGE('',*,*,#3948,.F.);
#5884=ORIENTED_EDGE('',*,*,#3986,.F.);
#5885=ORIENTED_EDGE('',*,*,#3506,.T.);
#5886=ORIENTED_EDGE('',*,*,#3507,.T.);
#5887=ORIENTED_EDGE('',*,*,#3986,.T.);
#5888=ORIENTED_EDGE('',*,*,#3947,.F.);
#5889=ORIENTED_EDGE('',*,*,#3922,.T.);
#5890=ORIENTED_EDGE('',*,*,#3924,.F.);
#5891=ORIENTED_EDGE('',*,*,#3833,.T.);
#5892=ORIENTED_EDGE('',*,*,#3497,.T.);
#5893=ORIENTED_EDGE('',*,*,#3903,.T.);
#5894=ORIENTED_EDGE('',*,*,#3949,.F.);
#5895=ORIENTED_EDGE('',*,*,#3985,.F.);
#5896=ORIENTED_EDGE('',*,*,#3925,.T.);
#5897=ORIENTED_EDGE('',*,*,#3616,.T.);
#5898=ORIENTED_EDGE('',*,*,#3494,.T.);
#5899=ORIENTED_EDGE('',*,*,#3987,.F.);
#5900=ORIENTED_EDGE('',*,*,#3950,.F.);
#5901=ORIENTED_EDGE('',*,*,#3901,.T.);
#5902=ORIENTED_EDGE('',*,*,#3927,.F.);
#5903=ORIENTED_EDGE('',*,*,#3618,.T.);
#5904=ORIENTED_EDGE('',*,*,#3576,.T.);
#5905=ORIENTED_EDGE('',*,*,#3894,.F.);
#5906=ORIENTED_EDGE('',*,*,#3951,.F.);
#5907=ORIENTED_EDGE('',*,*,#3987,.T.);
#5908=ORIENTED_EDGE('',*,*,#3493,.T.);
#5909=ORIENTED_EDGE('',*,*,#3395,.T.);
#5910=ORIENTED_EDGE('',*,*,#3942,.F.);
#5911=ORIENTED_EDGE('',*,*,#3620,.T.);
#5912=ORIENTED_EDGE('',*,*,#3490,.T.);
#5913=ORIENTED_EDGE('',*,*,#3886,.F.);
#5914=ORIENTED_EDGE('',*,*,#3952,.F.);
#5915=ORIENTED_EDGE('',*,*,#3892,.T.);
#5916=ORIENTED_EDGE('',*,*,#3491,.T.);
#5917=ORIENTED_EDGE('',*,*,#3397,.T.);
#5918=ORIENTED_EDGE('',*,*,#3928,.F.);
#5919=ORIENTED_EDGE('',*,*,#3389,.T.);
#5920=PLANE('',#6400);
#5921=PLANE('',#6401);
#5922=PLANE('',#6410);
#5923=PLANE('',#6411);
#5924=PLANE('',#6412);
#5925=PLANE('',#6413);
#5926=PLANE('',#6415);
#5927=PLANE('',#6417);
#5928=PLANE('',#6418);
#5929=PLANE('',#6419);
#5930=PLANE('',#6420);
#5931=PLANE('',#6423);
#5932=PLANE('',#6425);
#5933=PLANE('',#6427);
#5934=PLANE('',#6428);
#5935=PLANE('',#6432);
#5936=PLANE('',#6433);
#5937=PLANE('',#6434);
#5938=PLANE('',#6435);
#5939=PLANE('',#6436);
#5940=PLANE('',#6437);
#5941=PLANE('',#6442);
#5942=PLANE('',#6443);
#5943=PLANE('',#6444);
#5944=PLANE('',#6445);
#5945=PLANE('',#6446);
#5946=PLANE('',#6447);
#5947=PLANE('',#6448);
#5948=PLANE('',#6449);
#5949=PLANE('',#6450);
#5950=PLANE('',#6455);
#5951=PLANE('',#6456);
#5952=PLANE('',#6457);
#5953=PLANE('',#6463);
#5954=PLANE('',#6464);
#5955=PLANE('',#6468);
#5956=PLANE('',#6469);
#5957=PLANE('',#6471);
#5958=PLANE('',#6472);
#5959=PLANE('',#6477);
#5960=PLANE('',#6478);
#5961=PLANE('',#6479);
#5962=PLANE('',#6480);
#5963=PLANE('',#6481);
#5964=PLANE('',#6482);
#5965=PLANE('',#6483);
#5966=PLANE('',#6484);
#5967=PLANE('',#6489);
#5968=PLANE('',#6490);
#5969=PLANE('',#6491);
#5970=PLANE('',#6492);
#5971=PLANE('',#6493);
#5972=PLANE('',#6494);
#5973=PLANE('',#6495);
#5974=PLANE('',#6496);
#5975=PLANE('',#6497);
#5976=PLANE('',#6498);
#5977=PLANE('',#6502);
#5978=PLANE('',#6506);
#5979=PLANE('',#6507);
#5980=PLANE('',#6508);
#5981=PLANE('',#6530);
#5982=PLANE('',#6534);
#5983=PLANE('',#6535);
#5984=PLANE('',#6536);
#5985=PLANE('',#6537);
#5986=PLANE('',#6542);
#5987=PLANE('',#6543);
#5988=PLANE('',#6544);
#5989=PLANE('',#6545);
#5990=PLANE('',#6546);
#5991=PLANE('',#6547);
#5992=PLANE('',#6552);
#5993=PLANE('',#6553);
#5994=PLANE('',#6554);
#5995=PLANE('',#6562);
#5996=PLANE('',#6567);
#5997=PLANE('',#6574);
#5998=PLANE('',#6575);
#5999=PLANE('',#6576);
#6000=PLANE('',#6577);
#6001=PLANE('',#6578);
#6002=PLANE('',#6579);
#6003=PLANE('',#6580);
#6004=PLANE('',#6581);
#6005=PLANE('',#6582);
#6006=PLANE('',#6583);
#6007=PLANE('',#6584);
#6008=PLANE('',#6585);
#6009=PLANE('',#6587);
#6010=PLANE('',#6588);
#6011=PLANE('',#6589);
#6012=PLANE('',#6591);
#6013=PLANE('',#6592);
#6014=PLANE('',#6593);
#6015=PLANE('',#6594);
#6016=PLANE('',#6595);
#6017=PLANE('',#6598);
#6018=PLANE('',#6599);
#6019=PLANE('',#6600);
#6020=PLANE('',#6601);
#6021=PLANE('',#6602);
#6022=PLANE('',#6604);
#6023=PLANE('',#6606);
#6024=PLANE('',#6608);
#6025=PLANE('',#6609);
#6026=PLANE('',#6611);
#6027=PLANE('',#6612);
#6028=PLANE('',#6613);
#6029=PLANE('',#6614);
#6030=PLANE('',#6615);
#6031=PLANE('',#6616);
#6032=PLANE('',#6625);
#6033=PLANE('',#6626);
#6034=PLANE('',#6627);
#6035=PLANE('',#6628);
#6036=PLANE('',#6629);
#6037=PLANE('',#6632);
#6038=PLANE('',#6636);
#6039=PLANE('',#6640);
#6040=PLANE('',#6644);
#6041=PLANE('',#6654);
#6042=PLANE('',#6655);
#6043=PLANE('',#6656);
#6044=PLANE('',#6657);
#6045=PLANE('',#6658);
#6046=ADVANCED_FACE('',(#402),#5920,.T.);
#6047=ADVANCED_FACE('',(#403,#279),#5921,.T.);
#6048=ADVANCED_FACE('',(#404),#103,.F.);
#6049=ADVANCED_FACE('',(#405),#104,.F.);
#6050=ADVANCED_FACE('',(#406),#105,.F.);
#6051=ADVANCED_FACE('',(#407),#106,.F.);
#6052=ADVANCED_FACE('',(#408),#107,.F.);
#6053=ADVANCED_FACE('',(#409),#108,.F.);
#6054=ADVANCED_FACE('',(#410),#109,.F.);
#6055=ADVANCED_FACE('',(#411),#110,.F.);
#6056=ADVANCED_FACE('',(#412),#111,.F.);
#6057=ADVANCED_FACE('',(#413),#112,.F.);
#6058=ADVANCED_FACE('',(#414),#113,.F.);
#6059=ADVANCED_FACE('',(#415),#114,.F.);
#6060=ADVANCED_FACE('',(#416),#115,.F.);
#6061=ADVANCED_FACE('',(#417),#116,.F.);
#6062=ADVANCED_FACE('',(#418),#25,.F.);
#6063=ADVANCED_FACE('',(#419),#5922,.T.);
#6064=ADVANCED_FACE('',(#420),#5923,.F.);
#6065=ADVANCED_FACE('',(#421),#5924,.F.);
#6066=ADVANCED_FACE('',(#422),#5925,.F.);
#6067=ADVANCED_FACE('',(#423),#5926,.F.);
#6068=ADVANCED_FACE('',(#424),#5927,.F.);
#6069=ADVANCED_FACE('',(#425),#5928,.F.);
#6070=ADVANCED_FACE('',(#426),#5929,.F.);
#6071=ADVANCED_FACE('',(#427),#5930,.F.);
#6072=ADVANCED_FACE('',(#428),#26,.F.);
#6073=ADVANCED_FACE('',(#429,#280),#5931,.T.);
#6074=ADVANCED_FACE('',(#430),#5932,.F.);
#6075=ADVANCED_FACE('',(#431),#27,.T.);
#6076=ADVANCED_FACE('',(#432),#5933,.T.);
#6077=ADVANCED_FACE('',(#433),#117,.F.);
#6078=ADVANCED_FACE('',(#434),#118,.F.);
#6079=ADVANCED_FACE('',(#435),#119,.F.);
#6080=ADVANCED_FACE('',(#436),#120,.F.);
#6081=ADVANCED_FACE('',(#437,#281),#5934,.T.);
#6082=ADVANCED_FACE('',(#438),#5935,.T.);
#6083=ADVANCED_FACE('',(#439),#5936,.T.);
#6084=ADVANCED_FACE('',(#440),#5937,.T.);
#6085=ADVANCED_FACE('',(#441),#121,.F.);
#6086=ADVANCED_FACE('',(#442),#122,.F.);
#6087=ADVANCED_FACE('',(#443),#123,.F.);
#6088=ADVANCED_FACE('',(#444),#124,.F.);
#6089=ADVANCED_FACE('',(#445),#125,.F.);
#6090=ADVANCED_FACE('',(#446),#126,.F.);
#6091=ADVANCED_FACE('',(#447),#127,.F.);
#6092=ADVANCED_FACE('',(#448),#128,.F.);
#6093=ADVANCED_FACE('',(#449),#129,.F.);
#6094=ADVANCED_FACE('',(#450),#130,.F.);
#6095=ADVANCED_FACE('',(#451),#131,.F.);
#6096=ADVANCED_FACE('',(#452),#132,.F.);
#6097=ADVANCED_FACE('',(#453),#5938,.F.);
#6098=ADVANCED_FACE('',(#454),#5939,.F.);
#6099=ADVANCED_FACE('',(#455),#5940,.T.);
#6100=ADVANCED_FACE('',(#456),#28,.T.);
#6101=ADVANCED_FACE('',(#457),#5941,.F.);
#6102=ADVANCED_FACE('',(#458),#5942,.F.);
#6103=ADVANCED_FACE('',(#459),#5943,.F.);
#6104=ADVANCED_FACE('',(#460),#5944,.F.);
#6105=ADVANCED_FACE('',(#461),#5945,.F.);
#6106=ADVANCED_FACE('',(#462),#5946,.F.);
#6107=ADVANCED_FACE('',(#463),#5947,.F.);
#6108=ADVANCED_FACE('',(#464),#5948,.F.);
#6109=ADVANCED_FACE('',(#465),#5949,.T.);
#6110=ADVANCED_FACE('',(#466),#29,.F.);
#6111=ADVANCED_FACE('',(#467),#30,.F.);
#6112=ADVANCED_FACE('',(#468,#282),#5950,.T.);
#6113=ADVANCED_FACE('',(#469),#5951,.F.);
#6114=ADVANCED_FACE('',(#470),#133,.F.);
#6115=ADVANCED_FACE('',(#471),#5952,.T.);
#6116=ADVANCED_FACE('',(#472),#5953,.T.);
#6117=ADVANCED_FACE('',(#473),#134,.F.);
#6118=ADVANCED_FACE('',(#474),#135,.F.);
#6119=ADVANCED_FACE('',(#475),#136,.F.);
#6120=ADVANCED_FACE('',(#476),#137,.F.);
#6121=ADVANCED_FACE('',(#477),#138,.F.);
#6122=ADVANCED_FACE('',(#478),#139,.F.);
#6123=ADVANCED_FACE('',(#479),#140,.F.);
#6124=ADVANCED_FACE('',(#480),#141,.F.);
#6125=ADVANCED_FACE('',(#481),#142,.F.);
#6126=ADVANCED_FACE('',(#482),#143,.F.);
#6127=ADVANCED_FACE('',(#483),#5954,.F.);
#6128=ADVANCED_FACE('',(#484),#31,.T.);
#6129=ADVANCED_FACE('',(#485),#5955,.F.);
#6130=ADVANCED_FACE('',(#486),#5956,.F.);
#6131=ADVANCED_FACE('',(#487),#5957,.T.);
#6132=ADVANCED_FACE('',(#488),#5958,.T.);
#6133=ADVANCED_FACE('',(#489),#32,.F.);
#6134=ADVANCED_FACE('',(#490),#33,.F.);
#6135=ADVANCED_FACE('',(#491),#5959,.F.);
#6136=ADVANCED_FACE('',(#492,#283),#5960,.T.);
#6137=ADVANCED_FACE('',(#493),#5961,.F.);
#6138=ADVANCED_FACE('',(#494),#5962,.F.);
#6139=ADVANCED_FACE('',(#495),#5963,.F.);
#6140=ADVANCED_FACE('',(#496),#5964,.F.);
#6141=ADVANCED_FACE('',(#497),#144,.F.);
#6142=ADVANCED_FACE('',(#498),#5965,.T.);
#6143=ADVANCED_FACE('',(#499),#5966,.T.);
#6144=ADVANCED_FACE('',(#500),#145,.F.);
#6145=ADVANCED_FACE('',(#501),#146,.F.);
#6146=ADVANCED_FACE('',(#502),#147,.F.);
#6147=ADVANCED_FACE('',(#503),#148,.F.);
#6148=ADVANCED_FACE('',(#504),#149,.F.);
#6149=ADVANCED_FACE('',(#505),#150,.F.);
#6150=ADVANCED_FACE('',(#506),#151,.F.);
#6151=ADVANCED_FACE('',(#507),#152,.F.);
#6152=ADVANCED_FACE('',(#508),#153,.F.);
#6153=ADVANCED_FACE('',(#509),#154,.F.);
#6154=ADVANCED_FACE('',(#510),#34,.T.);
#6155=ADVANCED_FACE('',(#511),#5967,.F.);
#6156=ADVANCED_FACE('',(#512),#5968,.F.);
#6157=ADVANCED_FACE('',(#513),#5969,.F.);
#6158=ADVANCED_FACE('',(#514),#5970,.F.);
#6159=ADVANCED_FACE('',(#515),#5971,.F.);
#6160=ADVANCED_FACE('',(#516),#5972,.F.);
#6161=ADVANCED_FACE('',(#517),#5973,.T.);
#6162=ADVANCED_FACE('',(#518),#5974,.F.);
#6163=ADVANCED_FACE('',(#519),#5975,.F.);
#6164=ADVANCED_FACE('',(#520),#5976,.F.);
#6165=ADVANCED_FACE('',(#521),#35,.F.);
#6166=ADVANCED_FACE('',(#522,#284),#5977,.T.);
#6167=ADVANCED_FACE('',(#523),#36,.F.);
#6168=ADVANCED_FACE('',(#524),#5978,.T.);
#6169=ADVANCED_FACE('',(#525,#285),#5979,.T.);
#6170=ADVANCED_FACE('',(#526),#155,.F.);
#6171=ADVANCED_FACE('',(#527),#156,.F.);
#6172=ADVANCED_FACE('',(#528),#157,.F.);
#6173=ADVANCED_FACE('',(#529),#158,.F.);
#6174=ADVANCED_FACE('',(#530),#159,.F.);
#6175=ADVANCED_FACE('',(#531),#160,.F.);
#6176=ADVANCED_FACE('',(#532),#161,.F.);
#6177=ADVANCED_FACE('',(#533),#162,.F.);
#6178=ADVANCED_FACE('',(#534,#286,#287,#288,#289,#290),#5980,.T.);
#6179=ADVANCED_FACE('',(#535),#5981,.T.);
#6180=ADVANCED_FACE('',(#536),#163,.F.);
#6181=ADVANCED_FACE('',(#537),#164,.F.);
#6182=ADVANCED_FACE('',(#538),#165,.F.);
#6183=ADVANCED_FACE('',(#539),#166,.F.);
#6184=ADVANCED_FACE('',(#540),#167,.F.);
#6185=ADVANCED_FACE('',(#541),#168,.F.);
#6186=ADVANCED_FACE('',(#542),#169,.F.);
#6187=ADVANCED_FACE('',(#543),#170,.F.);
#6188=ADVANCED_FACE('',(#544),#171,.F.);
#6189=ADVANCED_FACE('',(#545),#172,.F.);
#6190=ADVANCED_FACE('',(#546),#173,.F.);
#6191=ADVANCED_FACE('',(#547),#174,.F.);
#6192=ADVANCED_FACE('',(#548),#175,.F.);
#6193=ADVANCED_FACE('',(#549),#176,.F.);
#6194=ADVANCED_FACE('',(#550),#177,.F.);
#6195=ADVANCED_FACE('',(#551),#178,.F.);
#6196=ADVANCED_FACE('',(#552),#179,.F.);
#6197=ADVANCED_FACE('',(#553),#180,.F.);
#6198=ADVANCED_FACE('',(#554),#181,.F.);
#6199=ADVANCED_FACE('',(#555),#182,.F.);
#6200=ADVANCED_FACE('',(#556),#183,.F.);
#6201=ADVANCED_FACE('',(#557),#184,.F.);
#6202=ADVANCED_FACE('',(#558),#185,.F.);
#6203=ADVANCED_FACE('',(#559),#186,.F.);
#6204=ADVANCED_FACE('',(#560),#187,.F.);
#6205=ADVANCED_FACE('',(#561),#188,.F.);
#6206=ADVANCED_FACE('',(#562),#189,.F.);
#6207=ADVANCED_FACE('',(#563),#190,.F.);
#6208=ADVANCED_FACE('',(#564),#191,.F.);
#6209=ADVANCED_FACE('',(#565),#192,.F.);
#6210=ADVANCED_FACE('',(#566),#193,.F.);
#6211=ADVANCED_FACE('',(#567),#194,.F.);
#6212=ADVANCED_FACE('',(#568),#195,.F.);
#6213=ADVANCED_FACE('',(#569),#196,.F.);
#6214=ADVANCED_FACE('',(#570),#197,.F.);
#6215=ADVANCED_FACE('',(#571),#198,.F.);
#6216=ADVANCED_FACE('',(#572),#199,.F.);
#6217=ADVANCED_FACE('',(#573),#200,.F.);
#6218=ADVANCED_FACE('',(#574),#201,.F.);
#6219=ADVANCED_FACE('',(#575),#202,.F.);
#6220=ADVANCED_FACE('',(#576),#203,.F.);
#6221=ADVANCED_FACE('',(#577),#204,.F.);
#6222=ADVANCED_FACE('',(#578),#205,.F.);
#6223=ADVANCED_FACE('',(#579),#206,.F.);
#6224=ADVANCED_FACE('',(#580),#207,.F.);
#6225=ADVANCED_FACE('',(#581),#208,.F.);
#6226=ADVANCED_FACE('',(#582),#209,.F.);
#6227=ADVANCED_FACE('',(#583),#210,.F.);
#6228=ADVANCED_FACE('',(#584),#211,.F.);
#6229=ADVANCED_FACE('',(#585),#212,.F.);
#6230=ADVANCED_FACE('',(#586),#213,.F.);
#6231=ADVANCED_FACE('',(#587),#214,.F.);
#6232=ADVANCED_FACE('',(#588),#215,.F.);
#6233=ADVANCED_FACE('',(#589),#216,.F.);
#6234=ADVANCED_FACE('',(#590),#217,.F.);
#6235=ADVANCED_FACE('',(#591),#218,.F.);
#6236=ADVANCED_FACE('',(#592),#219,.F.);
#6237=ADVANCED_FACE('',(#593),#220,.F.);
#6238=ADVANCED_FACE('',(#594),#221,.F.);
#6239=ADVANCED_FACE('',(#595),#222,.F.);
#6240=ADVANCED_FACE('',(#596),#223,.F.);
#6241=ADVANCED_FACE('',(#597),#224,.F.);
#6242=ADVANCED_FACE('',(#598),#225,.F.);
#6243=ADVANCED_FACE('',(#599),#226,.F.);
#6244=ADVANCED_FACE('',(#600),#227,.F.);
#6245=ADVANCED_FACE('',(#601),#228,.F.);
#6246=ADVANCED_FACE('',(#602),#229,.F.);
#6247=ADVANCED_FACE('',(#603),#230,.F.);
#6248=ADVANCED_FACE('',(#604),#231,.F.);
#6249=ADVANCED_FACE('',(#605),#232,.F.);
#6250=ADVANCED_FACE('',(#606),#233,.F.);
#6251=ADVANCED_FACE('',(#607),#234,.F.);
#6252=ADVANCED_FACE('',(#608),#235,.F.);
#6253=ADVANCED_FACE('',(#609),#236,.F.);
#6254=ADVANCED_FACE('',(#610),#237,.F.);
#6255=ADVANCED_FACE('',(#611),#238,.F.);
#6256=ADVANCED_FACE('',(#612),#239,.F.);
#6257=ADVANCED_FACE('',(#613),#240,.F.);
#6258=ADVANCED_FACE('',(#614),#241,.F.);
#6259=ADVANCED_FACE('',(#615),#242,.F.);
#6260=ADVANCED_FACE('',(#616),#243,.F.);
#6261=ADVANCED_FACE('',(#617),#244,.F.);
#6262=ADVANCED_FACE('',(#618),#245,.F.);
#6263=ADVANCED_FACE('',(#619),#246,.F.);
#6264=ADVANCED_FACE('',(#620),#247,.F.);
#6265=ADVANCED_FACE('',(#621),#248,.F.);
#6266=ADVANCED_FACE('',(#622),#249,.F.);
#6267=ADVANCED_FACE('',(#623),#250,.F.);
#6268=ADVANCED_FACE('',(#624),#251,.F.);
#6269=ADVANCED_FACE('',(#625),#252,.F.);
#6270=ADVANCED_FACE('',(#626),#253,.F.);
#6271=ADVANCED_FACE('',(#627),#254,.F.);
#6272=ADVANCED_FACE('',(#628),#255,.F.);
#6273=ADVANCED_FACE('',(#629),#256,.F.);
#6274=ADVANCED_FACE('',(#630),#257,.F.);
#6275=ADVANCED_FACE('',(#631),#258,.F.);
#6276=ADVANCED_FACE('',(#632),#259,.F.);
#6277=ADVANCED_FACE('',(#633),#260,.F.);
#6278=ADVANCED_FACE('',(#634),#261,.F.);
#6279=ADVANCED_FACE('',(#635),#262,.F.);
#6280=ADVANCED_FACE('',(#636),#263,.F.);
#6281=ADVANCED_FACE('',(#637),#264,.F.);
#6282=ADVANCED_FACE('',(#638),#265,.F.);
#6283=ADVANCED_FACE('',(#639),#266,.F.);
#6284=ADVANCED_FACE('',(#640),#267,.F.);
#6285=ADVANCED_FACE('',(#641),#13,.F.);
#6286=ADVANCED_FACE('',(#642),#268,.F.);
#6287=ADVANCED_FACE('',(#643),#269,.F.);
#6288=ADVANCED_FACE('',(#644),#270,.F.);
#6289=ADVANCED_FACE('',(#645),#271,.F.);
#6290=ADVANCED_FACE('',(#646),#272,.F.);
#6291=ADVANCED_FACE('',(#647),#273,.F.);
#6292=ADVANCED_FACE('',(#648),#14,.F.);
#6293=ADVANCED_FACE('',(#649),#274,.F.);
#6294=ADVANCED_FACE('',(#650),#275,.F.);
#6295=ADVANCED_FACE('',(#651),#276,.F.);
#6296=ADVANCED_FACE('',(#652),#277,.F.);
#6297=ADVANCED_FACE('',(#653),#278,.F.);
#6298=ADVANCED_FACE('',(#654),#37,.T.);
#6299=ADVANCED_FACE('',(#655),#5982,.F.);
#6300=ADVANCED_FACE('',(#656),#5983,.F.);
#6301=ADVANCED_FACE('',(#657),#5984,.F.);
#6302=ADVANCED_FACE('',(#658),#5985,.F.);
#6303=ADVANCED_FACE('',(#659),#38,.F.);
#6304=ADVANCED_FACE('',(#660),#5986,.F.);
#6305=ADVANCED_FACE('',(#661),#5987,.F.);
#6306=ADVANCED_FACE('',(#662),#5988,.F.);
#6307=ADVANCED_FACE('',(#663),#5989,.F.);
#6308=ADVANCED_FACE('',(#664),#5990,.F.);
#6309=ADVANCED_FACE('',(#665),#5991,.T.);
#6310=ADVANCED_FACE('',(#666),#39,.F.);
#6311=ADVANCED_FACE('',(#667),#5992,.F.);
#6312=ADVANCED_FACE('',(#668),#5993,.F.);
#6313=ADVANCED_FACE('',(#669),#5994,.F.);
#6314=ADVANCED_FACE('',(#670),#40,.F.);
#6315=ADVANCED_FACE('',(#671),#41,.F.);
#6316=ADVANCED_FACE('',(#672),#5995,.F.);
#6317=ADVANCED_FACE('',(#673),#42,.F.);
#6318=ADVANCED_FACE('',(#674),#5996,.F.);
#6319=ADVANCED_FACE('',(#675),#43,.T.);
#6320=ADVANCED_FACE('',(#676),#44,.F.);
#6321=ADVANCED_FACE('',(#677),#5997,.F.);
#6322=ADVANCED_FACE('',(#678),#5998,.F.);
#6323=ADVANCED_FACE('',(#679),#5999,.F.);
#6324=ADVANCED_FACE('',(#680),#6000,.F.);
#6325=ADVANCED_FACE('',(#681),#6001,.F.);
#6326=ADVANCED_FACE('',(#682),#6002,.F.);
#6327=ADVANCED_FACE('',(#683),#6003,.F.);
#6328=ADVANCED_FACE('',(#684),#6004,.F.);
#6329=ADVANCED_FACE('',(#685),#6005,.F.);
#6330=ADVANCED_FACE('',(#686),#6006,.F.);
#6331=ADVANCED_FACE('',(#687),#6007,.F.);
#6332=ADVANCED_FACE('',(#688),#6008,.F.);
#6333=ADVANCED_FACE('',(#689),#6009,.F.);
#6334=ADVANCED_FACE('',(#690),#6010,.F.);
#6335=ADVANCED_FACE('',(#691),#6011,.F.);
#6336=ADVANCED_FACE('',(#692),#6012,.F.);
#6337=ADVANCED_FACE('',(#693),#6013,.F.);
#6338=ADVANCED_FACE('',(#694),#6014,.F.);
#6339=ADVANCED_FACE('',(#695),#6015,.F.);
#6340=ADVANCED_FACE('',(#696),#6016,.F.);
#6341=ADVANCED_FACE('',(#697),#6017,.F.);
#6342=ADVANCED_FACE('',(#698),#6018,.F.);
#6343=ADVANCED_FACE('',(#699),#6019,.F.);
#6344=ADVANCED_FACE('',(#700),#6020,.F.);
#6345=ADVANCED_FACE('',(#701),#6021,.F.);
#6346=ADVANCED_FACE('',(#702),#6022,.F.);
#6347=ADVANCED_FACE('',(#703),#6023,.F.);
#6348=ADVANCED_FACE('',(#704),#6024,.F.);
#6349=ADVANCED_FACE('',(#705),#6025,.F.);
#6350=ADVANCED_FACE('',(#706),#6026,.F.);
#6351=ADVANCED_FACE('',(#707),#6027,.F.);
#6352=ADVANCED_FACE('',(#708),#6028,.F.);
#6353=ADVANCED_FACE('',(#709),#6029,.F.);
#6354=ADVANCED_FACE('',(#710),#6030,.F.);
#6355=ADVANCED_FACE('',(#711,#291,#292,#293,#294,#295,#296),#6031,.T.);
#6356=ADVANCED_FACE('',(#712),#6032,.T.);
#6357=ADVANCED_FACE('',(#713),#6033,.F.);
#6358=ADVANCED_FACE('',(#714),#6034,.F.);
#6359=ADVANCED_FACE('',(#715),#6035,.F.);
#6360=ADVANCED_FACE('',(#716),#6036,.F.);
#6361=ADVANCED_FACE('',(#717),#45,.F.);
#6362=ADVANCED_FACE('',(#718,#297),#6037,.T.);
#6363=ADVANCED_FACE('',(#719),#46,.F.);
#6364=ADVANCED_FACE('',(#720,#298),#6038,.T.);
#6365=ADVANCED_FACE('',(#721),#47,.F.);
#6366=ADVANCED_FACE('',(#722,#299),#6039,.T.);
#6367=ADVANCED_FACE('',(#723),#48,.F.);
#6368=ADVANCED_FACE('',(#724,#300),#6040,.T.);
#6369=ADVANCED_FACE('',(#725),#49,.F.);
#6370=ADVANCED_FACE('',(#726),#50,.F.);
#6371=ADVANCED_FACE('',(#727),#51,.F.);
#6372=ADVANCED_FACE('',(#728),#52,.F.);
#6373=ADVANCED_FACE('',(#729),#53,.T.);
#6374=ADVANCED_FACE('',(#730),#54,.F.);
#6375=ADVANCED_FACE('',(#731),#55,.T.);
#6376=ADVANCED_FACE('',(#732),#56,.F.);
#6377=ADVANCED_FACE('',(#733),#6041,.T.);
#6378=ADVANCED_FACE('',(#734),#6042,.T.);
#6379=ADVANCED_FACE('',(#735),#6043,.F.);
#6380=ADVANCED_FACE('',(#736),#6044,.F.);
#6381=ADVANCED_FACE('',(#737),#6045,.F.);
#6382=CLOSED_SHELL('',(#6046,#6047,#6048,#6049,#6050,#6051,#6052,#6053,
#6054,#6055,#6056,#6057,#6058,#6059,#6060,#6061,#6062,#6063,#6064,#6065,
#6066,#6067,#6068,#6069,#6070,#6071,#6072,#6073,#6074,#6075,#6076));
#6383=CLOSED_SHELL('',(#6077,#6078,#6079,#6080,#6081,#6082,#6083,#6084,
#6085,#6086,#6087,#6088,#6089,#6090,#6091,#6092,#6093,#6094,#6095,#6096,
#6097,#6098,#6099,#6100,#6101,#6102,#6103,#6104,#6105,#6106,#6107,#6108,
#6109,#6110,#6111,#6112,#6113));
#6384=CLOSED_SHELL('',(#6114,#6115,#6116,#6117,#6118,#6119,#6120,#6121,
#6122,#6123,#6124,#6125,#6126,#6127,#6128,#6129,#6130,#6131,#6132,#6133,
#6134,#6135,#6136,#6137,#6138,#6139,#6140));
#6385=CLOSED_SHELL('',(#6141,#6142,#6143,#6144,#6145,#6146,#6147,#6148,
#6149,#6150,#6151,#6152,#6153,#6154,#6155,#6156,#6157,#6158,#6159,#6160,
#6161,#6162,#6163,#6164,#6165,#6166,#6167,#6168,#6169));
#6386=CLOSED_SHELL('',(#6170,#6171,#6172,#6173,#6174,#6175,#6176,#6177,
#6178,#6179,#6180,#6181,#6182,#6183,#6184,#6185,#6186,#6187,#6188,#6189,
#6190,#6191,#6192,#6193,#6194,#6195,#6196,#6197,#6198,#6199,#6200,#6201,
#6202,#6203,#6204,#6205,#6206,#6207,#6208,#6209,#6210,#6211,#6212,#6213,
#6214,#6215,#6216,#6217,#6218,#6219,#6220,#6221,#6222,#6223,#6224,#6225,
#6226,#6227,#6228,#6229,#6230,#6231,#6232,#6233,#6234,#6235,#6236,#6237,
#6238,#6239,#6240,#6241,#6242,#6243,#6244,#6245,#6246,#6247,#6248,#6249,
#6250,#6251,#6252,#6253,#6254,#6255,#6256,#6257,#6258,#6259,#6260,#6261,
#6262,#6263,#6264,#6265,#6266,#6267,#6268,#6269,#6270,#6271,#6272,#6273,
#6274,#6275,#6276,#6277,#6278,#6279,#6280,#6281,#6282,#6283,#6284,#6285,
#6286,#6287,#6288,#6289,#6290,#6291,#6292,#6293,#6294,#6295,#6296,#6297,
#6298,#6299,#6300,#6301,#6302,#6303,#6304,#6305,#6306,#6307,#6308,#6309,
#6310,#6311,#6312,#6313,#6314,#6315,#6316,#6317,#6318,#6319,#6320,#6321,
#6322,#6323,#6324,#6325,#6326,#6327,#6328,#6329,#6330,#6331,#6332,#6333,
#6334,#6335,#6336,#6337,#6338,#6339,#6340,#6341,#6342,#6343,#6344,#6345,
#6346,#6347,#6348,#6349,#6350,#6351,#6352,#6353,#6354,#6355,#6356,#6357,
#6358,#6359,#6360,#6361,#6362,#6363,#6364,#6365,#6366,#6367,#6368,#6369,
#6370,#6371,#6372,#6373,#6374,#6375,#6376,#6377,#6378,#6379,#6380,#6381));
#6387=DERIVED_UNIT_ELEMENT(#6389,1.);
#6388=DERIVED_UNIT_ELEMENT(#12110,-3.);
#6389=(
MASS_UNIT()
NAMED_UNIT(*)
SI_UNIT(.KILO.,.GRAM.)
);
#6390=DERIVED_UNIT((#6387,#6388));
#6391=MEASURE_REPRESENTATION_ITEM('density measure',
POSITIVE_RATIO_MEASURE(7850.),#6390);
#6392=PROPERTY_DEFINITION_REPRESENTATION(#6397,#6394);
#6393=PROPERTY_DEFINITION_REPRESENTATION(#6398,#6395);
#6394=REPRESENTATION('material name',(#6396),#12107);
#6395=REPRESENTATION('density',(#6391),#12107);
#6396=DESCRIPTIVE_REPRESENTATION_ITEM('Steel','Steel');
#6397=PROPERTY_DEFINITION('material property','material name',#12117);
#6398=PROPERTY_DEFINITION('material property','density of part',#12117);
#6399=AXIS2_PLACEMENT_3D('',#7646,#6659,#6660);
#6400=AXIS2_PLACEMENT_3D('',#7647,#6661,#6662);
#6401=AXIS2_PLACEMENT_3D('',#7657,#6665,#6666);
#6402=AXIS2_PLACEMENT_3D('',#7678,#6671,#6672);
#6403=AXIS2_PLACEMENT_3D('',#7685,#6673,#6674);
#6404=AXIS2_PLACEMENT_3D('',#7687,#6675,#6676);
#6405=AXIS2_PLACEMENT_3D('',#7699,#6677,#6678);
#6406=AXIS2_PLACEMENT_3D('',#7703,#6680,#6681);
#6407=AXIS2_PLACEMENT_3D('',#7969,#6697,#6698);
#6408=AXIS2_PLACEMENT_3D('',#7972,#6700,#6701);
#6409=AXIS2_PLACEMENT_3D('',#7973,#6702,#6703);
#6410=AXIS2_PLACEMENT_3D('',#7974,#6704,#6705);
#6411=AXIS2_PLACEMENT_3D('',#7982,#6710,#6711);
#6412=AXIS2_PLACEMENT_3D('',#7990,#6716,#6717);
#6413=AXIS2_PLACEMENT_3D('',#7993,#6720,#6721);
#6414=AXIS2_PLACEMENT_3D('',#7995,#6722,#6723);
#6415=AXIS2_PLACEMENT_3D('',#7997,#6725,#6726);
#6416=AXIS2_PLACEMENT_3D('',#7998,#6727,#6728);
#6417=AXIS2_PLACEMENT_3D('',#7999,#6729,#6730);
#6418=AXIS2_PLACEMENT_3D('',#8005,#6734,#6735);
#6419=AXIS2_PLACEMENT_3D('',#8009,#6738,#6739);
#6420=AXIS2_PLACEMENT_3D('',#8011,#6741,#6742);
#6421=AXIS2_PLACEMENT_3D('',#8013,#6744,#6745);
#6422=AXIS2_PLACEMENT_3D('',#8016,#6747,#6748);
#6423=AXIS2_PLACEMENT_3D('',#8017,#6749,#6750);
#6424=AXIS2_PLACEMENT_3D('',#8020,#6752,#6753);
#6425=AXIS2_PLACEMENT_3D('',#8021,#6754,#6755);
#6426=AXIS2_PLACEMENT_3D('',#8022,#6756,#6757);
#6427=AXIS2_PLACEMENT_3D('',#8024,#6759,#6760);
#6428=AXIS2_PLACEMENT_3D('',#8143,#6763,#6764);
#6429=AXIS2_PLACEMENT_3D('',#8150,#6768,#6769);
#6430=AXIS2_PLACEMENT_3D('',#8176,#6772,#6773);
#6431=AXIS2_PLACEMENT_3D('',#8199,#6775,#6776);
#6432=AXIS2_PLACEMENT_3D('',#8200,#6777,#6778);
#6433=AXIS2_PLACEMENT_3D('',#8204,#6781,#6782);
#6434=AXIS2_PLACEMENT_3D('',#8225,#6786,#6787);
#6435=AXIS2_PLACEMENT_3D('',#8423,#6805,#6806);
#6436=AXIS2_PLACEMENT_3D('',#8431,#6811,#6812);
#6437=AXIS2_PLACEMENT_3D('',#8436,#6816,#6817);
#6438=AXIS2_PLACEMENT_3D('',#8444,#6823,#6824);
#6439=AXIS2_PLACEMENT_3D('',#8446,#6825,#6826);
#6440=AXIS2_PLACEMENT_3D('',#8449,#6828,#6829);
#6441=AXIS2_PLACEMENT_3D('',#8450,#6830,#6831);
#6442=AXIS2_PLACEMENT_3D('',#8451,#6832,#6833);
#6443=AXIS2_PLACEMENT_3D('',#8456,#6837,#6838);
#6444=AXIS2_PLACEMENT_3D('',#8461,#6842,#6843);
#6445=AXIS2_PLACEMENT_3D('',#8463,#6845,#6846);
#6446=AXIS2_PLACEMENT_3D('',#8465,#6848,#6849);
#6447=AXIS2_PLACEMENT_3D('',#8466,#6850,#6851);
#6448=AXIS2_PLACEMENT_3D('',#8468,#6853,#6854);
#6449=AXIS2_PLACEMENT_3D('',#8469,#6855,#6856);
#6450=AXIS2_PLACEMENT_3D('',#8470,#6857,#6858);
#6451=AXIS2_PLACEMENT_3D('',#8474,#6861,#6862);
#6452=AXIS2_PLACEMENT_3D('',#8477,#6864,#6865);
#6453=AXIS2_PLACEMENT_3D('',#8478,#6866,#6867);
#6454=AXIS2_PLACEMENT_3D('',#8481,#6869,#6870);
#6455=AXIS2_PLACEMENT_3D('',#8482,#6871,#6872);
#6456=AXIS2_PLACEMENT_3D('',#8484,#6874,#6875);
#6457=AXIS2_PLACEMENT_3D('',#8512,#6877,#6878);
#6458=AXIS2_PLACEMENT_3D('',#8520,#6882,#6883);
#6459=AXIS2_PLACEMENT_3D('',#8556,#6886,#6887);
#6460=AXIS2_PLACEMENT_3D('',#8563,#6888,#6889);
#6461=AXIS2_PLACEMENT_3D('',#8565,#6890,#6891);
#6462=AXIS2_PLACEMENT_3D('',#8572,#6892,#6893);
#6463=AXIS2_PLACEMENT_3D('',#8579,#6895,#6896);
#6464=AXIS2_PLACEMENT_3D('',#8747,#6911,#6912);
#6465=AXIS2_PLACEMENT_3D('',#8755,#6917,#6918);
#6466=AXIS2_PLACEMENT_3D('',#8759,#6920,#6921);
#6467=AXIS2_PLACEMENT_3D('',#8761,#6923,#6924);
#6468=AXIS2_PLACEMENT_3D('',#8762,#6925,#6926);
#6469=AXIS2_PLACEMENT_3D('',#8764,#6928,#6929);
#6470=AXIS2_PLACEMENT_3D('',#8765,#6930,#6931);
#6471=AXIS2_PLACEMENT_3D('',#8766,#6932,#6933);
#6472=AXIS2_PLACEMENT_3D('',#8770,#6936,#6937);
#6473=AXIS2_PLACEMENT_3D('',#8773,#6940,#6941);
#6474=AXIS2_PLACEMENT_3D('',#8776,#6943,#6944);
#6475=AXIS2_PLACEMENT_3D('',#8777,#6945,#6946);
#6476=AXIS2_PLACEMENT_3D('',#8780,#6948,#6949);
#6477=AXIS2_PLACEMENT_3D('',#8781,#6950,#6951);
#6478=AXIS2_PLACEMENT_3D('',#8785,#6954,#6955);
#6479=AXIS2_PLACEMENT_3D('',#8793,#6960,#6961);
#6480=AXIS2_PLACEMENT_3D('',#8795,#6963,#6964);
#6481=AXIS2_PLACEMENT_3D('',#8797,#6966,#6967);
#6482=AXIS2_PLACEMENT_3D('',#8799,#6969,#6970);
#6483=AXIS2_PLACEMENT_3D('',#8827,#6972,#6973);
#6484=AXIS2_PLACEMENT_3D('',#8845,#6978,#6979);
#6485=AXIS2_PLACEMENT_3D('',#9068,#6992,#6993);
#6486=AXIS2_PLACEMENT_3D('',#9070,#6994,#6995);
#6487=AXIS2_PLACEMENT_3D('',#9072,#6996,#6997);
#6488=AXIS2_PLACEMENT_3D('',#9076,#6999,#7000);
#6489=AXIS2_PLACEMENT_3D('',#9078,#7002,#7003);
#6490=AXIS2_PLACEMENT_3D('',#9086,#7008,#7009);
#6491=AXIS2_PLACEMENT_3D('',#9091,#7013,#7014);
#6492=AXIS2_PLACEMENT_3D('',#9095,#7017,#7018);
#6493=AXIS2_PLACEMENT_3D('',#9098,#7021,#7022);
#6494=AXIS2_PLACEMENT_3D('',#9100,#7024,#7025);
#6495=AXIS2_PLACEMENT_3D('',#9102,#7027,#7028);
#6496=AXIS2_PLACEMENT_3D('',#9107,#7032,#7033);
#6497=AXIS2_PLACEMENT_3D('',#9111,#7036,#7037);
#6498=AXIS2_PLACEMENT_3D('',#9113,#7039,#7040);
#6499=AXIS2_PLACEMENT_3D('',#9119,#7044,#7045);
#6500=AXIS2_PLACEMENT_3D('',#9121,#7046,#7047);
#6501=AXIS2_PLACEMENT_3D('',#9124,#7049,#7050);
#6502=AXIS2_PLACEMENT_3D('',#9125,#7051,#7052);
#6503=AXIS2_PLACEMENT_3D('',#9128,#7054,#7055);
#6504=AXIS2_PLACEMENT_3D('',#9129,#7056,#7057);
#6505=AXIS2_PLACEMENT_3D('',#9131,#7058,#7059);
#6506=AXIS2_PLACEMENT_3D('',#9133,#7061,#7062);
#6507=AXIS2_PLACEMENT_3D('',#9136,#7065,#7066);
#6508=AXIS2_PLACEMENT_3D('',#9360,#7072,#7073);
#6509=AXIS2_PLACEMENT_3D('',#9364,#7075,#7076);
#6510=AXIS2_PLACEMENT_3D('',#9409,#7081,#7082);
#6511=AXIS2_PLACEMENT_3D('',#9466,#7083,#7084);
#6512=AXIS2_PLACEMENT_3D('',#9468,#7085,#7086);
#6513=AXIS2_PLACEMENT_3D('',#9535,#7087,#7088);
#6514=AXIS2_PLACEMENT_3D('',#9556,#7091,#7092);
#6515=AXIS2_PLACEMENT_3D('',#9558,#7093,#7094);
#6516=AXIS2_PLACEMENT_3D('',#9575,#7095,#7096);
#6517=AXIS2_PLACEMENT_3D('',#9668,#7100,#7101);
#6518=AXIS2_PLACEMENT_3D('',#9730,#7102,#7103);
#6519=AXIS2_PLACEMENT_3D('',#9787,#7111,#7112);
#6520=AXIS2_PLACEMENT_3D('',#9831,#7119,#7120);
#6521=AXIS2_PLACEMENT_3D('',#9833,#7121,#7122);
#6522=AXIS2_PLACEMENT_3D('',#9859,#7123,#7124);
#6523=AXIS2_PLACEMENT_3D('',#9895,#7125,#7126);
#6524=AXIS2_PLACEMENT_3D('',#9902,#7127,#7128);
#6525=AXIS2_PLACEMENT_3D('',#9933,#7134,#7135);
#6526=AXIS2_PLACEMENT_3D('',#9974,#7136,#7137);
#6527=AXIS2_PLACEMENT_3D('',#10010,#7144,#7145);
#6528=AXIS2_PLACEMENT_3D('',#10027,#7146,#7147);
#6529=AXIS2_PLACEMENT_3D('',#10029,#7148,#7149);
#6530=AXIS2_PLACEMENT_3D('',#10045,#7150,#7151);
#6531=AXIS2_PLACEMENT_3D('',#11794,#7281,#7282);
#6532=AXIS2_PLACEMENT_3D('',#11796,#7283,#7284);
#6533=AXIS2_PLACEMENT_3D('',#11800,#7286,#7287);
#6534=AXIS2_PLACEMENT_3D('',#11802,#7289,#7290);
#6535=AXIS2_PLACEMENT_3D('',#11810,#7295,#7296);
#6536=AXIS2_PLACEMENT_3D('',#11814,#7299,#7300);
#6537=AXIS2_PLACEMENT_3D('',#11818,#7303,#7304);
#6538=AXIS2_PLACEMENT_3D('',#11821,#7307,#7308);
#6539=AXIS2_PLACEMENT_3D('',#11822,#7309,#7310);
#6540=AXIS2_PLACEMENT_3D('',#11825,#7312,#7313);
#6541=AXIS2_PLACEMENT_3D('',#11826,#7314,#7315);
#6542=AXIS2_PLACEMENT_3D('',#11827,#7316,#7317);
#6543=AXIS2_PLACEMENT_3D('',#11832,#7321,#7322);
#6544=AXIS2_PLACEMENT_3D('',#11838,#7326,#7327);
#6545=AXIS2_PLACEMENT_3D('',#11843,#7331,#7332);
#6546=AXIS2_PLACEMENT_3D('',#11849,#7336,#7337);
#6547=AXIS2_PLACEMENT_3D('',#11854,#7341,#7342);
#6548=AXIS2_PLACEMENT_3D('',#11858,#7345,#7346);
#6549=AXIS2_PLACEMENT_3D('',#11859,#7347,#7348);
#6550=AXIS2_PLACEMENT_3D('',#11861,#7349,#7350);
#6551=AXIS2_PLACEMENT_3D('',#11864,#7352,#7353);
#6552=AXIS2_PLACEMENT_3D('',#11865,#7354,#7355);
#6553=AXIS2_PLACEMENT_3D('',#11873,#7360,#7361);
#6554=AXIS2_PLACEMENT_3D('',#11879,#7365,#7366);
#6555=AXIS2_PLACEMENT_3D('',#11883,#7369,#7370);
#6556=AXIS2_PLACEMENT_3D('',#11885,#7371,#7372);
#6557=AXIS2_PLACEMENT_3D('',#11889,#7374,#7375);
#6558=AXIS2_PLACEMENT_3D('',#11891,#7377,#7378);
#6559=AXIS2_PLACEMENT_3D('',#11892,#7379,#7380);
#6560=AXIS2_PLACEMENT_3D('',#11894,#7381,#7382);
#6561=AXIS2_PLACEMENT_3D('',#11897,#7384,#7385);
#6562=AXIS2_PLACEMENT_3D('',#11898,#7386,#7387);
#6563=AXIS2_PLACEMENT_3D('',#11905,#7392,#7393);
#6564=AXIS2_PLACEMENT_3D('',#11907,#7394,#7395);
#6565=AXIS2_PLACEMENT_3D('',#11911,#7397,#7398);
#6566=AXIS2_PLACEMENT_3D('',#11914,#7400,#7401);
#6567=AXIS2_PLACEMENT_3D('',#11915,#7402,#7403);
#6568=AXIS2_PLACEMENT_3D('',#11923,#7408,#7409);
#6569=AXIS2_PLACEMENT_3D('',#11926,#7411,#7412);
#6570=AXIS2_PLACEMENT_3D('',#11927,#7413,#7414);
#6571=AXIS2_PLACEMENT_3D('',#11928,#7415,#7416);
#6572=AXIS2_PLACEMENT_3D('',#11930,#7417,#7418);
#6573=AXIS2_PLACEMENT_3D('',#11933,#7420,#7421);
#6574=AXIS2_PLACEMENT_3D('',#11934,#7422,#7423);
#6575=AXIS2_PLACEMENT_3D('',#11939,#7427,#7428);
#6576=AXIS2_PLACEMENT_3D('',#11943,#7431,#7432);
#6577=AXIS2_PLACEMENT_3D('',#11949,#7436,#7437);
#6578=AXIS2_PLACEMENT_3D('',#11954,#7441,#7442);
#6579=AXIS2_PLACEMENT_3D('',#11960,#7446,#7447);
#6580=AXIS2_PLACEMENT_3D('',#11961,#7448,#7449);
#6581=AXIS2_PLACEMENT_3D('',#11962,#7450,#7451);
#6582=AXIS2_PLACEMENT_3D('',#11963,#7452,#7453);
#6583=AXIS2_PLACEMENT_3D('',#11965,#7455,#7456);
#6584=AXIS2_PLACEMENT_3D('',#11966,#7457,#7458);
#6585=AXIS2_PLACEMENT_3D('',#11967,#7459,#7460);
#6586=AXIS2_PLACEMENT_3D('',#11970,#7462,#7463);
#6587=AXIS2_PLACEMENT_3D('',#11971,#7464,#7465);
#6588=AXIS2_PLACEMENT_3D('',#11973,#7467,#7468);
#6589=AXIS2_PLACEMENT_3D('',#11975,#7470,#7471);
#6590=AXIS2_PLACEMENT_3D('',#11976,#7472,#7473);
#6591=AXIS2_PLACEMENT_3D('',#11977,#7474,#7475);
#6592=AXIS2_PLACEMENT_3D('',#11978,#7476,#7477);
#6593=AXIS2_PLACEMENT_3D('',#11979,#7478,#7479);
#6594=AXIS2_PLACEMENT_3D('',#11981,#7481,#7482);
#6595=AXIS2_PLACEMENT_3D('',#11985,#7485,#7486);
#6596=AXIS2_PLACEMENT_3D('',#11987,#7487,#7488);
#6597=AXIS2_PLACEMENT_3D('',#11988,#7489,#7490);
#6598=AXIS2_PLACEMENT_3D('',#11989,#7491,#7492);
#6599=AXIS2_PLACEMENT_3D('',#11990,#7493,#7494);
#6600=AXIS2_PLACEMENT_3D('',#11991,#7495,#7496);
#6601=AXIS2_PLACEMENT_3D('',#11992,#7497,#7498);
#6602=AXIS2_PLACEMENT_3D('',#11993,#7499,#7500);
#6603=AXIS2_PLACEMENT_3D('',#11994,#7501,#7502);
#6604=AXIS2_PLACEMENT_3D('',#11995,#7503,#7504);
#6605=AXIS2_PLACEMENT_3D('',#11999,#7507,#7508);
#6606=AXIS2_PLACEMENT_3D('',#12000,#7509,#7510);
#6607=AXIS2_PLACEMENT_3D('',#12001,#7511,#7512);
#6608=AXIS2_PLACEMENT_3D('',#12003,#7514,#7515);
#6609=AXIS2_PLACEMENT_3D('',#12004,#7516,#7517);
#6610=AXIS2_PLACEMENT_3D('',#12005,#7518,#7519);
#6611=AXIS2_PLACEMENT_3D('',#12006,#7520,#7521);
#6612=AXIS2_PLACEMENT_3D('',#12008,#7523,#7524);
#6613=AXIS2_PLACEMENT_3D('',#12009,#7525,#7526);
#6614=AXIS2_PLACEMENT_3D('',#12010,#7527,#7528);
#6615=AXIS2_PLACEMENT_3D('',#12012,#7530,#7531);
#6616=AXIS2_PLACEMENT_3D('',#12016,#7534,#7535);
#6617=AXIS2_PLACEMENT_3D('',#12017,#7536,#7537);
#6618=AXIS2_PLACEMENT_3D('',#12021,#7539,#7540);
#6619=AXIS2_PLACEMENT_3D('',#12028,#7545,#7546);
#6620=AXIS2_PLACEMENT_3D('',#12029,#7547,#7548);
#6621=AXIS2_PLACEMENT_3D('',#12032,#7550,#7551);
#6622=AXIS2_PLACEMENT_3D('',#12034,#7552,#7553);
#6623=AXIS2_PLACEMENT_3D('',#12036,#7554,#7555);
#6624=AXIS2_PLACEMENT_3D('',#12038,#7556,#7557);
#6625=AXIS2_PLACEMENT_3D('',#12047,#7562,#7563);
#6626=AXIS2_PLACEMENT_3D('',#12048,#7564,#7565);
#6627=AXIS2_PLACEMENT_3D('',#12051,#7568,#7569);
#6628=AXIS2_PLACEMENT_3D('',#12053,#7571,#7572);
#6629=AXIS2_PLACEMENT_3D('',#12055,#7574,#7575);
#6630=AXIS2_PLACEMENT_3D('',#12056,#7576,#7577);
#6631=AXIS2_PLACEMENT_3D('',#12059,#7579,#7580);
#6632=AXIS2_PLACEMENT_3D('',#12060,#7581,#7582);
#6633=AXIS2_PLACEMENT_3D('',#12062,#7583,#7584);
#6634=AXIS2_PLACEMENT_3D('',#12063,#7585,#7586);
#6635=AXIS2_PLACEMENT_3D('',#12066,#7588,#7589);
#6636=AXIS2_PLACEMENT_3D('',#12067,#7590,#7591);
#6637=AXIS2_PLACEMENT_3D('',#12069,#7592,#7593);
#6638=AXIS2_PLACEMENT_3D('',#12070,#7594,#7595);
#6639=AXIS2_PLACEMENT_3D('',#12073,#7597,#7598);
#6640=AXIS2_PLACEMENT_3D('',#12074,#7599,#7600);
#6641=AXIS2_PLACEMENT_3D('',#12076,#7601,#7602);
#6642=AXIS2_PLACEMENT_3D('',#12077,#7603,#7604);
#6643=AXIS2_PLACEMENT_3D('',#12080,#7606,#7607);
#6644=AXIS2_PLACEMENT_3D('',#12081,#7608,#7609);
#6645=AXIS2_PLACEMENT_3D('',#12083,#7610,#7611);
#6646=AXIS2_PLACEMENT_3D('',#12084,#7612,#7613);
#6647=AXIS2_PLACEMENT_3D('',#12086,#7615,#7616);
#6648=AXIS2_PLACEMENT_3D('',#12088,#7618,#7619);
#6649=AXIS2_PLACEMENT_3D('',#12090,#7621,#7622);
#6650=AXIS2_PLACEMENT_3D('',#12092,#7624,#7625);
#6651=AXIS2_PLACEMENT_3D('',#12093,#7626,#7627);
#6652=AXIS2_PLACEMENT_3D('',#12095,#7629,#7630);
#6653=AXIS2_PLACEMENT_3D('',#12096,#7631,#7632);
#6654=AXIS2_PLACEMENT_3D('',#12099,#7635,#7636);
#6655=AXIS2_PLACEMENT_3D('',#12100,#7637,#7638);
#6656=AXIS2_PLACEMENT_3D('',#12101,#7639,#7640);
#6657=AXIS2_PLACEMENT_3D('',#12103,#7642,#7643);
#6658=AXIS2_PLACEMENT_3D('',#12104,#7644,#7645);
#6659=DIRECTION('axis',(0.,0.,1.));
#6660=DIRECTION('refdir',(1.,0.,0.));
#6661=DIRECTION('center_axis',(0.,0.,-1.));
#6662=DIRECTION('ref_axis',(1.,0.,0.));
#6663=DIRECTION('',(0.91910816958045,-0.394005295155376,0.));
#6664=DIRECTION('',(-0.745521964111652,-0.666481058265803,0.));
#6665=DIRECTION('center_axis',(0.,0.,-1.));
#6666=DIRECTION('ref_axis',(1.,0.,0.));
#6667=DIRECTION('',(-0.745521964111648,-0.666481058265808,0.));
#6668=DIRECTION('',(-0.288965776456359,0.95733942780864,0.));
#6669=DIRECTION('',(-0.745521964111648,-0.666481058265808,0.));
#6670=DIRECTION('',(-0.6664810582658,0.745521964111655,0.));
#6671=DIRECTION('center_axis',(0.,0.,1.));
#6672=DIRECTION('ref_axis',(-0.745521964111651,-0.666481058265805,0.));
#6673=DIRECTION('center_axis',(0.,0.,-1.));
#6674=DIRECTION('ref_axis',(1.,0.,0.));
#6675=DIRECTION('center_axis',(0.,0.,-1.));
#6676=DIRECTION('ref_axis',(1.,0.,0.));
#6677=DIRECTION('center_axis',(0.,0.,1.));
#6678=DIRECTION('ref_axis',(-0.745521964111651,-0.666481058265805,0.));
#6679=DIRECTION('',(0.666481058265805,-0.74552196411165,0.));
#6680=DIRECTION('center_axis',(0.,0.,-1.));
#6681=DIRECTION('ref_axis',(0.745521964111651,0.666481058265804,0.));
#6682=DIRECTION('',(0.,0.,-1.));
#6683=DIRECTION('',(0.,0.,-1.));
#6684=DIRECTION('',(0.,0.,-1.));
#6685=DIRECTION('',(0.,0.,-1.));
#6686=DIRECTION('',(0.,0.,-1.));
#6687=DIRECTION('',(0.,0.,-1.));
#6688=DIRECTION('',(0.,0.,-1.));
#6689=DIRECTION('',(0.,0.,1.));
#6690=DIRECTION('',(0.,0.,-1.));
#6691=DIRECTION('',(0.,0.,-1.));
#6692=DIRECTION('',(0.,0.,1.));
#6693=DIRECTION('',(0.,0.,1.));
#6694=DIRECTION('',(0.,0.,-1.));
#6695=DIRECTION('',(0.,0.,-1.));
#6696=DIRECTION('',(0.,0.,-1.));
#6697=DIRECTION('center_axis',(0.,0.,1.));
#6698=DIRECTION('ref_axis',(1.,0.,0.));
#6699=DIRECTION('',(0.,0.,1.));
#6700=DIRECTION('center_axis',(0.,0.,-1.));
#6701=DIRECTION('ref_axis',(1.,0.,0.));
#6702=DIRECTION('center_axis',(0.,0.,1.));
#6703=DIRECTION('ref_axis',(1.,0.,0.));
#6704=DIRECTION('center_axis',(0.745521964111655,0.6664810582658,0.));
#6705=DIRECTION('ref_axis',(-0.6664810582658,0.745521964111655,0.));
#6706=DIRECTION('',(0.6664810582658,-0.745521964111655,0.));
#6707=DIRECTION('',(0.,0.,1.));
#6708=DIRECTION('',(-0.6664810582658,0.745521964111655,0.));
#6709=DIRECTION('',(0.,0.,1.));
#6710=DIRECTION('center_axis',(0.394005295155376,0.91910816958045,0.));
#6711=DIRECTION('ref_axis',(0.91910816958045,-0.394005295155376,0.));
#6712=DIRECTION('',(-0.91910816958045,0.394005295155376,0.));
#6713=DIRECTION('',(0.,0.,-1.));
#6714=DIRECTION('',(0.91910816958045,-0.394005295155376,0.));
#6715=DIRECTION('',(0.,0.,-1.));
#6716=DIRECTION('center_axis',(0.,0.,1.));
#6717=DIRECTION('ref_axis',(-1.,0.,0.));
#6718=DIRECTION('',(0.745521964111648,0.666481058265808,0.));
#6719=DIRECTION('',(0.745521964111652,0.666481058265803,0.));
#6720=DIRECTION('center_axis',(0.,0.,1.));
#6721=DIRECTION('ref_axis',(-1.,0.,0.));
#6722=DIRECTION('center_axis',(0.,0.,1.));
#6723=DIRECTION('ref_axis',(0.745521964111651,0.666481058265804,0.));
#6724=DIRECTION('',(0.745521964111648,0.666481058265808,0.));
#6725=DIRECTION('center_axis',(0.,0.,1.));
#6726=DIRECTION('ref_axis',(-1.,0.,0.));
#6727=DIRECTION('center_axis',(0.,0.,1.));
#6728=DIRECTION('ref_axis',(-0.745521964111651,-0.666481058265805,0.));
#6729=DIRECTION('center_axis',(0.666481058265808,-0.745521964111648,0.));
#6730=DIRECTION('ref_axis',(-0.745521964111648,-0.666481058265808,0.));
#6731=DIRECTION('',(0.,0.,-1.));
#6732=DIRECTION('',(-0.745521964111648,-0.666481058265808,0.));
#6733=DIRECTION('',(0.,0.,-1.));
#6734=DIRECTION('center_axis',(-0.95733942780864,-0.288965776456359,0.));
#6735=DIRECTION('ref_axis',(-0.288965776456359,0.95733942780864,0.));
#6736=DIRECTION('',(-0.288965776456359,0.95733942780864,0.));
#6737=DIRECTION('',(0.,0.,-1.));
#6738=DIRECTION('center_axis',(0.666481058265808,-0.745521964111648,0.));
#6739=DIRECTION('ref_axis',(-0.745521964111648,-0.666481058265808,0.));
#6740=DIRECTION('',(-0.745521964111648,-0.666481058265808,0.));
#6741=DIRECTION('center_axis',(0.666481058265803,-0.745521964111652,0.));
#6742=DIRECTION('ref_axis',(-0.745521964111652,-0.666481058265803,0.));
#6743=DIRECTION('',(-0.745521964111652,-0.666481058265803,0.));
#6744=DIRECTION('center_axis',(0.,0.,1.));
#6745=DIRECTION('ref_axis',(0.745521964111651,0.666481058265804,0.));
#6746=DIRECTION('',(0.,0.,1.));
#6747=DIRECTION('center_axis',(0.,0.,-1.));
#6748=DIRECTION('ref_axis',(0.745521964111651,0.666481058265804,0.));
#6749=DIRECTION('center_axis',(0.,0.,1.));
#6750=DIRECTION('ref_axis',(-1.,0.,0.));
#6751=DIRECTION('',(0.666481058265805,-0.74552196411165,0.));
#6752=DIRECTION('center_axis',(0.,0.,1.));
#6753=DIRECTION('ref_axis',(-0.745521964111651,-0.666481058265805,0.));
#6754=DIRECTION('center_axis',(0.,0.,1.));
#6755=DIRECTION('ref_axis',(-1.,0.,0.));
#6756=DIRECTION('center_axis',(0.,0.,1.));
#6757=DIRECTION('ref_axis',(-0.745521964111651,-0.666481058265805,0.));
#6758=DIRECTION('',(0.,0.,1.));
#6759=DIRECTION('center_axis',(-0.74552196411165,-0.666481058265805,0.));
#6760=DIRECTION('ref_axis',(0.666481058265805,-0.74552196411165,0.));
#6761=DIRECTION('',(0.,0.,1.));
#6762=DIRECTION('',(0.,0.,-1.));
#6763=DIRECTION('center_axis',(0.,0.,-1.));
#6764=DIRECTION('ref_axis',(1.,0.,0.));
#6765=DIRECTION('',(0.745521964111647,-0.666481058265808,0.));
#6766=DIRECTION('',(0.288965776456359,0.95733942780864,0.));
#6767=DIRECTION('',(0.745521964111648,-0.666481058265808,0.));
#6768=DIRECTION('center_axis',(0.,0.,-1.));
#6769=DIRECTION('ref_axis',(-0.624654598939344,-0.780901166617087,0.));
#6770=DIRECTION('',(-0.666481058265805,-0.74552196411165,0.));
#6771=DIRECTION('',(-0.666481058265805,-0.74552196411165,0.));
#6772=DIRECTION('center_axis',(0.,0.,1.));
#6773=DIRECTION('ref_axis',(0.745521964111651,-0.666481058265805,0.));
#6774=DIRECTION('',(0.666481058265804,0.745521964111651,0.));
#6775=DIRECTION('center_axis',(0.,0.,-1.));
#6776=DIRECTION('ref_axis',(1.,0.,0.));
#6777=DIRECTION('center_axis',(0.,0.,-1.));
#6778=DIRECTION('ref_axis',(1.,0.,0.));
#6779=DIRECTION('',(0.745521964111648,-0.666481058265808,0.));
#6780=DIRECTION('',(0.288965776456359,0.95733942780864,0.));
#6781=DIRECTION('center_axis',(0.,0.,-1.));
#6782=DIRECTION('ref_axis',(1.,0.,0.));
#6783=DIRECTION('',(0.745521964111647,-0.666481058265808,0.));
#6784=DIRECTION('',(0.666481058265804,0.745521964111651,0.));
#6785=DIRECTION('',(-0.919108169580451,-0.394005295155374,0.));
#6786=DIRECTION('center_axis',(0.,0.,-1.));
#6787=DIRECTION('ref_axis',(1.,0.,0.));
#6788=DIRECTION('',(0.745521964111652,-0.666481058265803,0.));
#6789=DIRECTION('',(0.666481058265804,0.745521964111651,0.));
#6790=DIRECTION('',(0.,0.,-1.));
#6791=DIRECTION('',(0.,0.,-1.));
#6792=DIRECTION('',(0.,0.,-1.));
#6793=DIRECTION('',(0.,0.,-1.));
#6794=DIRECTION('',(0.,0.,-1.));
#6795=DIRECTION('',(0.,0.,1.));
#6796=DIRECTION('',(0.,0.,-1.));
#6797=DIRECTION('',(0.,0.,-1.));
#6798=DIRECTION('',(0.,0.,1.));
#6799=DIRECTION('',(0.,0.,1.));
#6800=DIRECTION('',(0.,0.,-1.));
#6801=DIRECTION('',(0.,0.,-1.));
#6802=DIRECTION('',(0.,0.,-1.));
#6803=DIRECTION('',(0.,0.,-1.));
#6804=DIRECTION('',(0.,0.,1.));
#6805=DIRECTION('center_axis',(0.666481058265803,0.745521964111652,0.));
#6806=DIRECTION('ref_axis',(0.745521964111652,-0.666481058265803,0.));
#6807=DIRECTION('',(0.,0.,-1.));
#6808=DIRECTION('',(0.745521964111652,-0.666481058265803,0.));
#6809=DIRECTION('',(0.,0.,-1.));
#6810=DIRECTION('',(-0.745521964111652,0.666481058265803,0.));
#6811=DIRECTION('center_axis',(0.394005295155374,-0.919108169580451,0.));
#6812=DIRECTION('ref_axis',(-0.919108169580451,-0.394005295155374,0.));
#6813=DIRECTION('',(0.919108169580451,0.394005295155374,0.));
#6814=DIRECTION('',(-0.919108169580451,-0.394005295155374,0.));
#6815=DIRECTION('',(0.,0.,-1.));
#6816=DIRECTION('center_axis',(0.745521964111651,-0.666481058265804,0.));
#6817=DIRECTION('ref_axis',(0.666481058265804,0.745521964111651,0.));
#6818=DIRECTION('',(0.666481058265804,0.745521964111651,0.));
#6819=DIRECTION('',(0.666481058265804,0.745521964111651,0.));
#6820=DIRECTION('',(0.666481058265804,0.745521964111651,0.));
#6821=DIRECTION('',(0.,0.,1.));
#6822=DIRECTION('',(0.666481058265804,0.745521964111651,0.));
#6823=DIRECTION('center_axis',(0.,0.,1.));
#6824=DIRECTION('ref_axis',(0.745521964111651,-0.666481058265805,0.));
#6825=DIRECTION('center_axis',(0.,0.,1.));
#6826=DIRECTION('ref_axis',(0.745521964111651,-0.666481058265805,0.));
#6827=DIRECTION('',(0.,0.,1.));
#6828=DIRECTION('center_axis',(0.,0.,1.));
#6829=DIRECTION('ref_axis',(0.745521964111651,-0.666481058265805,0.));
#6830=DIRECTION('center_axis',(0.,0.,1.));
#6831=DIRECTION('ref_axis',(0.745521964111651,-0.666481058265805,0.));
#6832=DIRECTION('center_axis',(0.666481058265808,0.745521964111647,0.));
#6833=DIRECTION('ref_axis',(0.745521964111647,-0.666481058265808,0.));
#6834=DIRECTION('',(0.745521964111647,-0.666481058265808,0.));
#6835=DIRECTION('',(0.,0.,-1.));
#6836=DIRECTION('',(-0.745521964111647,0.666481058265808,0.));
#6837=DIRECTION('center_axis',(-0.95733942780864,0.288965776456359,0.));
#6838=DIRECTION('ref_axis',(0.288965776456359,0.95733942780864,0.));
#6839=DIRECTION('',(-0.288965776456359,-0.95733942780864,0.));
#6840=DIRECTION('',(0.288965776456359,0.95733942780864,0.));
#6841=DIRECTION('',(0.,0.,-1.));
#6842=DIRECTION('center_axis',(0.,0.,1.));
#6843=DIRECTION('ref_axis',(-1.,0.,0.));
#6844=DIRECTION('',(0.666481058265805,0.74552196411165,0.));
#6845=DIRECTION('center_axis',(0.,0.,1.));
#6846=DIRECTION('ref_axis',(-1.,0.,0.));
#6847=DIRECTION('',(0.666481058265805,0.74552196411165,0.));
#6848=DIRECTION('center_axis',(0.,0.,1.));
#6849=DIRECTION('ref_axis',(-1.,0.,0.));
#6850=DIRECTION('center_axis',(0.,0.,1.));
#6851=DIRECTION('ref_axis',(-1.,0.,0.));
#6852=DIRECTION('',(-0.745521964111648,0.666481058265808,0.));
#6853=DIRECTION('center_axis',(0.,0.,1.));
#6854=DIRECTION('ref_axis',(-1.,0.,0.));
#6855=DIRECTION('center_axis',(0.,0.,1.));
#6856=DIRECTION('ref_axis',(-1.,0.,0.));
#6857=DIRECTION('center_axis',(-0.74552196411165,0.666481058265805,0.));
#6858=DIRECTION('ref_axis',(-0.666481058265805,-0.74552196411165,0.));
#6859=DIRECTION('',(0.,0.,1.));
#6860=DIRECTION('',(-0.666481058265805,-0.74552196411165,0.));
#6861=DIRECTION('center_axis',(0.,0.,1.));
#6862=DIRECTION('ref_axis',(1.,0.,0.));
#6863=DIRECTION('',(0.,0.,1.));
#6864=DIRECTION('center_axis',(0.,0.,-1.));
#6865=DIRECTION('ref_axis',(1.,0.,0.));
#6866=DIRECTION('center_axis',(0.,0.,1.));
#6867=DIRECTION('ref_axis',(-0.624654598939344,-0.780901166617087,0.));
#6868=DIRECTION('',(0.,0.,1.));
#6869=DIRECTION('center_axis',(0.,0.,-1.));
#6870=DIRECTION('ref_axis',(-0.624654598939344,-0.780901166617087,0.));
#6871=DIRECTION('center_axis',(0.,0.,1.));
#6872=DIRECTION('ref_axis',(-1.,0.,0.));
#6873=DIRECTION('',(0.745521964111648,-0.666481058265808,0.));
#6874=DIRECTION('center_axis',(0.666481058265808,0.745521964111648,0.));
#6875=DIRECTION('ref_axis',(0.745521964111648,-0.666481058265808,0.));
#6876=DIRECTION('',(0.,0.,-1.));
#6877=DIRECTION('center_axis',(0.,0.,-1.));
#6878=DIRECTION('ref_axis',(1.,0.,0.));
#6879=DIRECTION('',(-0.745521964111648,0.666481058265808,0.));
#6880=DIRECTION('',(-0.288965776456359,-0.95733942780864,0.));
#6881=DIRECTION('',(-0.745521964111648,0.666481058265808,0.));
#6882=DIRECTION('center_axis',(0.,0.,-1.));
#6883=DIRECTION('ref_axis',(0.624654598939342,0.780901166617089,0.));
#6884=DIRECTION('',(0.666481058265804,0.745521964111652,0.));
#6885=DIRECTION('',(0.666481058265804,0.745521964111652,0.));
#6886=DIRECTION('center_axis',(0.,0.,1.));
#6887=DIRECTION('ref_axis',(-0.745521964111653,0.666481058265802,0.));
#6888=DIRECTION('center_axis',(0.,0.,-1.));
#6889=DIRECTION('ref_axis',(1.,0.,0.));
#6890=DIRECTION('center_axis',(0.,0.,-1.));
#6891=DIRECTION('ref_axis',(1.,0.,0.));
#6892=DIRECTION('center_axis',(0.,0.,1.));
#6893=DIRECTION('ref_axis',(-0.745521964111653,0.666481058265802,0.));
#6894=DIRECTION('',(-0.666481058265802,-0.745521964111653,0.));
#6895=DIRECTION('center_axis',(0.,0.,-1.));
#6896=DIRECTION('ref_axis',(1.,0.,0.));
#6897=DIRECTION('',(0.919108169580449,0.394005295155377,0.));
#6898=DIRECTION('',(-0.745521964111652,0.666481058265803,0.));
#6899=DIRECTION('',(0.,0.,1.));
#6900=DIRECTION('',(0.,0.,1.));
#6901=DIRECTION('',(0.,0.,-1.));
#6902=DIRECTION('',(0.,0.,1.));
#6903=DIRECTION('',(0.,0.,-1.));
#6904=DIRECTION('',(0.,0.,-1.));
#6905=DIRECTION('',(0.,0.,-1.));
#6906=DIRECTION('',(0.,0.,-1.));
#6907=DIRECTION('',(0.,0.,-1.));
#6908=DIRECTION('',(0.,0.,-1.));
#6909=DIRECTION('',(0.,0.,-1.));
#6910=DIRECTION('',(0.,0.,1.));
#6911=DIRECTION('center_axis',(-0.666481058265803,-0.745521964111652,0.));
#6912=DIRECTION('ref_axis',(-0.745521964111652,0.666481058265803,0.));
#6913=DIRECTION('',(0.745521964111652,-0.666481058265803,0.));
#6914=DIRECTION('',(0.,0.,-1.));
#6915=DIRECTION('',(-0.745521964111652,0.666481058265803,0.));
#6916=DIRECTION('',(0.,0.,-1.));
#6917=DIRECTION('center_axis',(0.,0.,1.));
#6918=DIRECTION('ref_axis',(-0.745521964111653,0.666481058265802,0.));
#6919=DIRECTION('',(0.,0.,1.));
#6920=DIRECTION('center_axis',(0.,0.,1.));
#6921=DIRECTION('ref_axis',(-0.745521964111653,0.666481058265802,0.));
#6922=DIRECTION('',(0.,0.,1.));
#6923=DIRECTION('center_axis',(0.,0.,1.));
#6924=DIRECTION('ref_axis',(-0.745521964111653,0.666481058265802,0.));
#6925=DIRECTION('center_axis',(0.,0.,1.));
#6926=DIRECTION('ref_axis',(-1.,0.,0.));
#6927=DIRECTION('',(-0.666481058265804,-0.745521964111652,0.));
#6928=DIRECTION('center_axis',(0.,0.,1.));
#6929=DIRECTION('ref_axis',(-1.,0.,0.));
#6930=DIRECTION('center_axis',(0.,0.,1.));
#6931=DIRECTION('ref_axis',(1.,0.,0.));
#6932=DIRECTION('center_axis',(0.745521964111652,-0.666481058265804,0.));
#6933=DIRECTION('ref_axis',(0.666481058265804,0.745521964111652,0.));
#6934=DIRECTION('',(0.,0.,1.));
#6935=DIRECTION('',(0.666481058265804,0.745521964111652,0.));
#6936=DIRECTION('center_axis',(-0.745521964111653,0.666481058265802,0.));
#6937=DIRECTION('ref_axis',(-0.666481058265802,-0.745521964111653,0.));
#6938=DIRECTION('',(-0.666481058265802,-0.745521964111653,0.));
#6939=DIRECTION('',(-0.666481058265802,-0.745521964111653,0.));
#6940=DIRECTION('center_axis',(0.,0.,1.));
#6941=DIRECTION('ref_axis',(0.624654598939342,0.780901166617089,0.));
#6942=DIRECTION('',(0.,0.,1.));
#6943=DIRECTION('center_axis',(0.,0.,-1.));
#6944=DIRECTION('ref_axis',(0.624654598939342,0.780901166617089,0.));
#6945=DIRECTION('center_axis',(0.,0.,1.));
#6946=DIRECTION('ref_axis',(1.,0.,0.));
#6947=DIRECTION('',(0.,0.,1.));
#6948=DIRECTION('center_axis',(0.,0.,-1.));
#6949=DIRECTION('ref_axis',(1.,0.,0.));
#6950=DIRECTION('center_axis',(0.,0.,1.));
#6951=DIRECTION('ref_axis',(-1.,0.,0.));
#6952=DIRECTION('',(-0.919108169580449,-0.394005295155377,0.));
#6953=DIRECTION('',(0.745521964111648,-0.666481058265808,0.));
#6954=DIRECTION('center_axis',(0.,0.,1.));
#6955=DIRECTION('ref_axis',(-1.,0.,0.));
#6956=DIRECTION('',(-0.745521964111648,0.666481058265808,0.));
#6957=DIRECTION('',(-0.288965776456359,-0.95733942780864,0.));
#6958=DIRECTION('',(-0.745521964111648,0.666481058265808,0.));
#6959=DIRECTION('',(0.919108169580449,0.394005295155377,0.));
#6960=DIRECTION('center_axis',(-0.666481058265808,-0.745521964111648,0.));
#6961=DIRECTION('ref_axis',(-0.745521964111648,0.666481058265808,0.));
#6962=DIRECTION('',(0.,0.,-1.));
#6963=DIRECTION('center_axis',(0.95733942780864,-0.288965776456359,0.));
#6964=DIRECTION('ref_axis',(-0.288965776456359,-0.95733942780864,0.));
#6965=DIRECTION('',(0.,0.,-1.));
#6966=DIRECTION('center_axis',(-0.666481058265808,-0.745521964111648,0.));
#6967=DIRECTION('ref_axis',(-0.745521964111648,0.666481058265808,0.));
#6968=DIRECTION('',(0.,0.,-1.));
#6969=DIRECTION('center_axis',(-0.394005295155377,0.91910816958045,0.));
#6970=DIRECTION('ref_axis',(0.919108169580449,0.394005295155377,0.));
#6971=DIRECTION('',(0.,0.,1.));
#6972=DIRECTION('center_axis',(0.,0.,-1.));
#6973=DIRECTION('ref_axis',(1.,0.,0.));
#6974=DIRECTION('',(-0.919108169580452,0.394005295155372,0.));
#6975=DIRECTION('',(0.745521964111652,0.666481058265803,0.));
#6976=DIRECTION('',(0.6664810582658,-0.745521964111655,0.));
#6977=DIRECTION('',(0.745521964111648,0.666481058265808,0.));
#6978=DIRECTION('center_axis',(0.,0.,-1.));
#6979=DIRECTION('ref_axis',(1.,0.,0.));
#6980=DIRECTION('',(0.28896577645636,-0.957339427808639,0.));
#6981=DIRECTION('',(0.745521964111648,0.666481058265808,0.));
#6982=DIRECTION('',(0.,0.,-1.));
#6983=DIRECTION('',(0.,0.,-1.));
#6984=DIRECTION('',(0.,0.,-1.));
#6985=DIRECTION('',(0.,0.,1.));
#6986=DIRECTION('',(0.,0.,-1.));
#6987=DIRECTION('',(0.,0.,-1.));
#6988=DIRECTION('',(0.,0.,1.));
#6989=DIRECTION('',(0.,0.,-1.));
#6990=DIRECTION('',(0.,0.,-1.));
#6991=DIRECTION('',(0.,0.,-1.));
#6992=DIRECTION('center_axis',(0.,0.,1.));
#6993=DIRECTION('ref_axis',(-0.666481064355705,0.745521958667407,0.));
#6994=DIRECTION('center_axis',(0.,0.,1.));
#6995=DIRECTION('ref_axis',(0.745521964111651,0.666481058265805,0.));
#6996=DIRECTION('center_axis',(0.,0.,1.));
#6997=DIRECTION('ref_axis',(0.745521964111651,0.666481058265805,0.));
#6998=DIRECTION('',(0.,0.,1.));
#6999=DIRECTION('center_axis',(0.,0.,1.));
#7000=DIRECTION('ref_axis',(0.745521964111651,0.666481058265805,0.));
#7001=DIRECTION('',(0.,0.,1.));
#7002=DIRECTION('center_axis',(0.957339427808639,0.28896577645636,0.));
#7003=DIRECTION('ref_axis',(0.28896577645636,-0.957339427808639,0.));
#7004=DIRECTION('',(0.,0.,-1.));
#7005=DIRECTION('',(0.28896577645636,-0.957339427808639,0.));
#7006=DIRECTION('',(0.,0.,-1.));
#7007=DIRECTION('',(-0.28896577645636,0.957339427808639,0.));
#7008=DIRECTION('center_axis',(-0.666481058265808,0.745521964111648,0.));
#7009=DIRECTION('ref_axis',(0.745521964111648,0.666481058265808,0.));
#7010=DIRECTION('',(-0.745521964111648,-0.666481058265808,0.));
#7011=DIRECTION('',(0.745521964111648,0.666481058265808,0.));
#7012=DIRECTION('',(0.,0.,-1.));
#7013=DIRECTION('center_axis',(0.,0.,1.));
#7014=DIRECTION('ref_axis',(-1.,0.,0.));
#7015=DIRECTION('',(0.919108169580452,-0.394005295155372,0.));
#7016=DIRECTION('',(-0.745521964111652,-0.666481058265803,0.));
#7017=DIRECTION('center_axis',(0.,0.,1.));
#7018=DIRECTION('ref_axis',(-1.,0.,0.));
#7019=DIRECTION('',(-0.745521964111648,-0.666481058265808,0.));
#7020=DIRECTION('',(-0.6664810582658,0.745521964111655,0.));
#7021=DIRECTION('center_axis',(0.,0.,1.));
#7022=DIRECTION('ref_axis',(-1.,0.,0.));
#7023=DIRECTION('',(-0.666481058265804,0.745521964111651,0.));
#7024=DIRECTION('center_axis',(0.,0.,1.));
#7025=DIRECTION('ref_axis',(-1.,0.,0.));
#7026=DIRECTION('',(-0.6664810582658,0.745521964111655,0.));
#7027=DIRECTION('center_axis',(-0.745521964111655,-0.6664810582658,0.));
#7028=DIRECTION('ref_axis',(0.6664810582658,-0.745521964111655,0.));
#7029=DIRECTION('',(0.6664810582658,-0.745521964111655,0.));
#7030=DIRECTION('',(0.,0.,1.));
#7031=DIRECTION('',(0.6664810582658,-0.745521964111655,0.));
#7032=DIRECTION('center_axis',(-0.394005295155372,-0.919108169580452,0.));
#7033=DIRECTION('ref_axis',(-0.919108169580452,0.394005295155372,0.));
#7034=DIRECTION('',(-0.919108169580452,0.394005295155372,0.));
#7035=DIRECTION('',(0.,0.,-1.));
#7036=DIRECTION('center_axis',(-0.666481058265803,0.745521964111652,0.));
#7037=DIRECTION('ref_axis',(0.745521964111652,0.666481058265803,0.));
#7038=DIRECTION('',(0.745521964111652,0.666481058265803,0.));
#7039=DIRECTION('center_axis',(-0.666481058265808,0.745521964111648,0.));
#7040=DIRECTION('ref_axis',(0.745521964111648,0.666481058265808,0.));
#7041=DIRECTION('',(0.745521964111648,0.666481058265808,0.));
#7042=DIRECTION('',(0.,0.,-1.));
#7043=DIRECTION('',(0.745521964111648,0.666481058265808,0.));
#7044=DIRECTION('center_axis',(0.,0.,1.));
#7045=DIRECTION('ref_axis',(-0.745521964111651,-0.666481058265804,0.));
#7046=DIRECTION('center_axis',(0.,0.,-1.));
#7047=DIRECTION('ref_axis',(-0.745521964111651,-0.666481058265804,0.));
#7048=DIRECTION('',(0.,0.,1.));
#7049=DIRECTION('center_axis',(0.,0.,-1.));
#7050=DIRECTION('ref_axis',(-0.745521964111651,-0.666481058265804,0.));
#7051=DIRECTION('center_axis',(0.,0.,1.));
#7052=DIRECTION('ref_axis',(-1.,0.,0.));
#7053=DIRECTION('',(-0.666481058265804,0.745521964111651,0.));
#7054=DIRECTION('center_axis',(0.,0.,-1.));
#7055=DIRECTION('ref_axis',(1.,0.,0.));
#7056=DIRECTION('center_axis',(0.,0.,1.));
#7057=DIRECTION('ref_axis',(1.,0.,0.));
#7058=DIRECTION('center_axis',(0.,0.,-1.));
#7059=DIRECTION('ref_axis',(1.,0.,0.));
#7060=DIRECTION('',(0.,0.,1.));
#7061=DIRECTION('center_axis',(0.745521964111651,0.666481058265804,0.));
#7062=DIRECTION('ref_axis',(-0.666481058265804,0.745521964111651,0.));
#7063=DIRECTION('',(-0.666481058265804,0.745521964111651,0.));
#7064=DIRECTION('',(-0.666481058265804,0.745521964111651,0.));
#7065=DIRECTION('center_axis',(0.,0.,-1.));
#7066=DIRECTION('ref_axis',(1.,0.,0.));
#7067=DIRECTION('',(0.,0.,-1.));
#7068=DIRECTION('',(0.,0.,-1.));
#7069=DIRECTION('',(0.,0.,-1.));
#7070=DIRECTION('',(0.,0.,-1.));
#7071=DIRECTION('',(0.,0.,-1.));
#7072=DIRECTION('center_axis',(0.,0.,-1.));
#7073=DIRECTION('ref_axis',(1.,0.,0.));
#7074=DIRECTION('',(-0.745521964111648,-0.666481058265807,0.));
#7075=DIRECTION('center_axis',(0.,0.,-1.));
#7076=DIRECTION('ref_axis',(-0.745521964111651,-0.666481058265804,0.));
#7077=DIRECTION('',(-1.,0.,0.));
#7078=DIRECTION('',(0.,-1.,0.));
#7079=DIRECTION('',(1.,0.,0.));
#7080=DIRECTION('',(0.,1.,0.));
#7081=DIRECTION('center_axis',(0.,0.,-1.));
#7082=DIRECTION('ref_axis',(-0.745521964111651,-0.666481058265804,0.));
#7083=DIRECTION('center_axis',(0.,0.,1.));
#7084=DIRECTION('ref_axis',(-1.,0.,0.));
#7085=DIRECTION('center_axis',(0.,0.,-1.));
#7086=DIRECTION('ref_axis',(-0.703703703703704,-0.710493559009291,0.));
#7087=DIRECTION('center_axis',(0.,0.,-1.));
#7088=DIRECTION('ref_axis',(-0.703703703703704,-0.710493559009291,0.));
#7089=DIRECTION('',(0.,1.,0.));
#7090=DIRECTION('',(-1.,0.,0.));
#7091=DIRECTION('center_axis',(0.,0.,-1.));
#7092=DIRECTION('ref_axis',(1.,0.,0.));
#7093=DIRECTION('center_axis',(0.,0.,-1.));
#7094=DIRECTION('ref_axis',(1.,0.,0.));
#7095=DIRECTION('center_axis',(0.,0.,-1.));
#7096=DIRECTION('ref_axis',(1.,0.,0.));
#7097=DIRECTION('',(0.,-1.,0.));
#7098=DIRECTION('',(1.,0.,0.));
#7099=DIRECTION('',(0.,1.,0.));
#7100=DIRECTION('center_axis',(0.,0.,-1.));
#7101=DIRECTION('ref_axis',(-0.703703703703704,-0.710493559009291,0.));
#7102=DIRECTION('center_axis',(0.,0.,-1.));
#7103=DIRECTION('ref_axis',(-0.624654598939344,-0.780901166617087,0.));
#7104=DIRECTION('',(-0.745521964111648,0.666481058265807,0.));
#7105=DIRECTION('',(-0.745521964111648,0.666481058265807,0.));
#7106=DIRECTION('',(-0.288965776456359,-0.95733942780864,0.));
#7107=DIRECTION('',(-0.745521964111649,0.666481058265807,0.));
#7108=DIRECTION('',(0.919108169581103,0.394005295153852,0.));
#7109=DIRECTION('',(-0.745521964111652,0.666481058265803,0.));
#7110=DIRECTION('',(0.666481058265804,0.745521964111651,0.));
#7111=DIRECTION('center_axis',(0.,0.,-1.));
#7112=DIRECTION('ref_axis',(-0.745521964111649,0.666481058265807,0.));
#7113=DIRECTION('',(-0.6664810582658,0.745521964111655,0.));
#7114=DIRECTION('',(0.745521964111652,0.666481058265803,0.));
#7115=DIRECTION('',(-0.919108169581103,0.394005295153853,0.));
#7116=DIRECTION('',(0.745521964111649,0.666481058265807,0.));
#7117=DIRECTION('',(0.288965776456359,-0.95733942780864,0.));
#7118=DIRECTION('',(0.745521964111648,0.666481058265807,0.));
#7119=DIRECTION('center_axis',(0.,0.,-1.));
#7120=DIRECTION('ref_axis',(0.745521964111651,0.666481058265804,0.));
#7121=DIRECTION('center_axis',(0.,0.,1.));
#7122=DIRECTION('ref_axis',(-1.,0.,0.));
#7123=DIRECTION('center_axis',(0.,0.,-1.));
#7124=DIRECTION('ref_axis',(0.703703703703703,0.710493559009292,0.));
#7125=DIRECTION('center_axis',(0.,0.,-1.));
#7126=DIRECTION('ref_axis',(0.624654598939342,0.780901166617089,0.));
#7127=DIRECTION('center_axis',(0.,0.,-1.));
#7128=DIRECTION('ref_axis',(0.624654598939342,0.780901166617089,0.));
#7129=DIRECTION('',(0.745521964111648,-0.666481058265807,0.));
#7130=DIRECTION('',(0.288965776456358,0.95733942780864,0.));
#7131=DIRECTION('',(0.745521964111649,-0.666481058265806,0.));
#7132=DIRECTION('',(-0.919108169581102,-0.394005295153854,0.));
#7133=DIRECTION('',(0.745521964111652,-0.666481058265803,0.));
#7134=DIRECTION('center_axis',(0.,0.,-1.));
#7135=DIRECTION('ref_axis',(0.745521964111651,-0.666481058265804,0.));
#7136=DIRECTION('center_axis',(0.,0.,-1.));
#7137=DIRECTION('ref_axis',(0.745521964111651,-0.666481058265804,0.));
#7138=DIRECTION('',(0.6664810582658,-0.745521964111655,0.));
#7139=DIRECTION('',(-0.745521964111652,-0.666481058265803,0.));
#7140=DIRECTION('',(0.919108169581105,-0.394005295153849,0.));
#7141=DIRECTION('',(-0.745521964111649,-0.666481058265807,0.));
#7142=DIRECTION('',(-0.28896577645636,0.957339427808639,0.));
#7143=DIRECTION('',(-0.745521964111648,-0.666481058265807,0.));
#7144=DIRECTION('center_axis',(0.,0.,-1.));
#7145=DIRECTION('ref_axis',(1.,0.,0.));
#7146=DIRECTION('center_axis',(0.,0.,-1.));
#7147=DIRECTION('ref_axis',(1.,0.,0.));
#7148=DIRECTION('center_axis',(0.,0.,-1.));
#7149=DIRECTION('ref_axis',(1.,0.,0.));
#7150=DIRECTION('center_axis',(0.,0.,-1.));
#7151=DIRECTION('ref_axis',(1.,0.,0.));
#7152=DIRECTION('',(-0.745521964111649,0.666481058265807,0.));
#7153=DIRECTION('',(-0.288965776456359,-0.95733942780864,0.));
#7154=DIRECTION('',(0.,0.,-1.));
#7155=DIRECTION('',(0.,0.,-1.));
#7156=DIRECTION('',(0.,0.,-1.));
#7157=DIRECTION('',(0.,0.,-1.));
#7158=DIRECTION('',(0.,0.,-1.));
#7159=DIRECTION('',(0.,0.,-1.));
#7160=DIRECTION('',(0.,0.,-1.));
#7161=DIRECTION('',(0.,0.,-1.));
#7162=DIRECTION('',(0.,0.,-1.));
#7163=DIRECTION('',(0.,0.,-1.));
#7164=DIRECTION('',(0.,0.,-1.));
#7165=DIRECTION('',(0.,0.,-1.));
#7166=DIRECTION('',(0.,0.,-1.));
#7167=DIRECTION('',(0.,0.,-1.));
#7168=DIRECTION('',(0.,0.,-1.));
#7169=DIRECTION('',(0.,0.,-1.));
#7170=DIRECTION('',(0.,0.,1.));
#7171=DIRECTION('',(0.,0.,-1.));
#7172=DIRECTION('',(0.,0.,-1.));
#7173=DIRECTION('',(0.,0.,-1.));
#7174=DIRECTION('',(0.,0.,-1.));
#7175=DIRECTION('',(0.,0.,-1.));
#7176=DIRECTION('',(0.,0.,-1.));
#7177=DIRECTION('',(0.,0.,-1.));
#7178=DIRECTION('',(0.,0.,-1.));
#7179=DIRECTION('',(0.,0.,-1.));
#7180=DIRECTION('',(0.,0.,-1.));
#7181=DIRECTION('',(0.,0.,-1.));
#7182=DIRECTION('',(0.,0.,-1.));
#7183=DIRECTION('',(0.,0.,1.));
#7184=DIRECTION('',(0.,0.,-1.));
#7185=DIRECTION('',(0.,0.,-1.));
#7186=DIRECTION('',(0.,0.,-1.));
#7187=DIRECTION('',(0.,0.,-1.));
#7188=DIRECTION('',(0.,0.,-1.));
#7189=DIRECTION('',(0.,0.,-1.));
#7190=DIRECTION('',(0.,0.,-1.));
#7191=DIRECTION('',(0.,0.,-1.));
#7192=DIRECTION('',(0.,0.,-1.));
#7193=DIRECTION('',(0.,0.,-1.));
#7194=DIRECTION('',(0.,0.,-1.));
#7195=DIRECTION('',(0.,0.,1.));
#7196=DIRECTION('',(0.,0.,-1.));
#7197=DIRECTION('',(0.,0.,-1.));
#7198=DIRECTION('',(0.,0.,-1.));
#7199=DIRECTION('',(0.,0.,-1.));
#7200=DIRECTION('',(0.,0.,-1.));
#7201=DIRECTION('',(0.,0.,-1.));
#7202=DIRECTION('',(0.,0.,1.));
#7203=DIRECTION('',(0.,0.,-1.));
#7204=DIRECTION('',(0.,0.,-1.));
#7205=DIRECTION('',(0.,0.,-1.));
#7206=DIRECTION('',(0.,0.,1.));
#7207=DIRECTION('',(0.,0.,1.));
#7208=DIRECTION('',(0.,0.,-1.));
#7209=DIRECTION('',(0.,0.,-1.));
#7210=DIRECTION('',(0.,0.,-1.));
#7211=DIRECTION('',(0.,0.,1.));
#7212=DIRECTION('',(0.,0.,-1.));
#7213=DIRECTION('',(0.,0.,-1.));
#7214=DIRECTION('',(0.,0.,-1.));
#7215=DIRECTION('',(0.,0.,-1.));
#7216=DIRECTION('',(0.,0.,-1.));
#7217=DIRECTION('',(0.,0.,-1.));
#7218=DIRECTION('',(0.,0.,-1.));
#7219=DIRECTION('',(0.,0.,-1.));
#7220=DIRECTION('',(0.,0.,-1.));
#7221=DIRECTION('',(0.,0.,-1.));
#7222=DIRECTION('',(0.,0.,-1.));
#7223=DIRECTION('',(0.,0.,-1.));
#7224=DIRECTION('',(0.,0.,-1.));
#7225=DIRECTION('',(0.,0.,1.));
#7226=DIRECTION('',(0.,0.,-1.));
#7227=DIRECTION('',(0.,0.,-1.));
#7228=DIRECTION('',(0.,0.,-1.));
#7229=DIRECTION('',(0.,0.,-1.));
#7230=DIRECTION('',(0.,0.,-1.));
#7231=DIRECTION('',(0.,0.,-1.));
#7232=DIRECTION('',(0.,0.,-1.));
#7233=DIRECTION('',(0.,0.,-1.));
#7234=DIRECTION('',(0.,0.,-1.));
#7235=DIRECTION('',(0.,0.,-1.));
#7236=DIRECTION('',(0.,0.,-1.));
#7237=DIRECTION('',(0.,0.,1.));
#7238=DIRECTION('',(0.,0.,-1.));
#7239=DIRECTION('',(0.,0.,-1.));
#7240=DIRECTION('',(0.,0.,-1.));
#7241=DIRECTION('',(0.,0.,1.));
#7242=DIRECTION('',(0.,0.,-1.));
#7243=DIRECTION('',(0.,0.,-1.));
#7244=DIRECTION('',(0.,0.,-1.));
#7245=DIRECTION('',(0.,0.,-1.));
#7246=DIRECTION('',(0.,0.,1.));
#7247=DIRECTION('',(0.,0.,-1.));
#7248=DIRECTION('',(0.,0.,-1.));
#7249=DIRECTION('',(0.,0.,-1.));
#7250=DIRECTION('',(0.,0.,-1.));
#7251=DIRECTION('',(0.,0.,-1.));
#7252=DIRECTION('',(0.,0.,-1.));
#7253=DIRECTION('',(0.,0.,-1.));
#7254=DIRECTION('',(0.,0.,-1.));
#7255=DIRECTION('',(0.,0.,-1.));
#7256=DIRECTION('',(0.,0.,1.));
#7257=DIRECTION('',(0.,0.,-1.));
#7258=DIRECTION('',(0.,0.,-1.));
#7259=DIRECTION('',(0.,0.,-1.));
#7260=DIRECTION('',(0.,0.,-1.));
#7261=DIRECTION('',(0.,0.,1.));
#7262=DIRECTION('',(0.,0.,-1.));
#7263=DIRECTION('',(0.,0.,-1.));
#7264=DIRECTION('',(0.,0.,-1.));
#7265=DIRECTION('',(0.,0.,-1.));
#7266=DIRECTION('',(0.,0.,-1.));
#7267=DIRECTION('',(0.,0.,-1.));
#7268=DIRECTION('',(0.,0.,-1.));
#7269=DIRECTION('',(0.,0.,-1.));
#7270=DIRECTION('',(0.,0.,1.));
#7271=DIRECTION('',(0.,0.,-1.));
#7272=DIRECTION('',(0.,0.,-1.));
#7273=DIRECTION('',(0.,0.,-1.));
#7274=DIRECTION('',(0.,0.,-1.));
#7275=DIRECTION('',(0.,0.,-1.));
#7276=DIRECTION('',(0.,0.,1.));
#7277=DIRECTION('',(0.,0.,-1.));
#7278=DIRECTION('',(0.,0.,-1.));
#7279=DIRECTION('',(0.,0.,-1.));
#7280=DIRECTION('',(0.,0.,1.));
#7281=DIRECTION('center_axis',(0.,0.,1.));
#7282=DIRECTION('ref_axis',(-1.,0.,0.));
#7283=DIRECTION('center_axis',(0.,0.,1.));
#7284=DIRECTION('ref_axis',(-1.,0.,0.));
#7285=DIRECTION('',(0.,0.,1.));
#7286=DIRECTION('center_axis',(0.,0.,1.));
#7287=DIRECTION('ref_axis',(-1.,0.,0.));
#7288=DIRECTION('',(0.,0.,1.));
#7289=DIRECTION('center_axis',(-1.,0.,0.));
#7290=DIRECTION('ref_axis',(0.,-1.,0.));
#7291=DIRECTION('',(0.,0.,1.));
#7292=DIRECTION('',(0.,1.,0.));
#7293=DIRECTION('',(0.,0.,1.));
#7294=DIRECTION('',(0.,-1.,0.));
#7295=DIRECTION('center_axis',(0.,1.,0.));
#7296=DIRECTION('ref_axis',(-1.,0.,0.));
#7297=DIRECTION('',(0.,0.,1.));
#7298=DIRECTION('',(1.,0.,0.));
#7299=DIRECTION('center_axis',(1.,0.,0.));
#7300=DIRECTION('ref_axis',(0.,1.,0.));
#7301=DIRECTION('',(0.,0.,1.));
#7302=DIRECTION('',(0.,-1.,0.));
#7303=DIRECTION('center_axis',(0.,-1.,0.));
#7304=DIRECTION('ref_axis',(1.,0.,0.));
#7305=DIRECTION('',(1.,0.,0.));
#7306=DIRECTION('',(-1.,0.,0.));
#7307=DIRECTION('center_axis',(0.,0.,1.));
#7308=DIRECTION('ref_axis',(-0.745521964111651,-0.666481058265804,0.));
#7309=DIRECTION('center_axis',(0.,0.,1.));
#7310=DIRECTION('ref_axis',(-0.745521964111651,-0.666481058265804,0.));
#7311=DIRECTION('',(0.,0.,1.));
#7312=DIRECTION('center_axis',(0.,0.,-1.));
#7313=DIRECTION('ref_axis',(-0.745521964111651,-0.666481058265804,0.));
#7314=DIRECTION('center_axis',(0.,0.,1.));
#7315=DIRECTION('ref_axis',(-0.745521964111651,-0.666481058265804,0.));
#7316=DIRECTION('center_axis',(0.666481058265807,-0.745521964111648,0.));
#7317=DIRECTION('ref_axis',(-0.745521964111648,-0.666481058265807,0.));
#7318=DIRECTION('',(0.745521964111648,0.666481058265807,0.));
#7319=DIRECTION('',(0.,0.,-1.));
#7320=DIRECTION('',(-0.745521964111648,-0.666481058265807,0.));
#7321=DIRECTION('center_axis',(-0.957339427808639,-0.28896577645636,0.));
#7322=DIRECTION('ref_axis',(-0.28896577645636,0.957339427808639,0.));
#7323=DIRECTION('',(0.28896577645636,-0.957339427808639,0.));
#7324=DIRECTION('',(0.,0.,-1.));
#7325=DIRECTION('',(-0.28896577645636,0.957339427808639,0.));
#7326=DIRECTION('center_axis',(0.666481058265807,-0.745521964111649,0.));
#7327=DIRECTION('ref_axis',(-0.745521964111649,-0.666481058265807,0.));
#7328=DIRECTION('',(0.,0.,-1.));
#7329=DIRECTION('',(-0.745521964111649,-0.666481058265807,0.));
#7330=DIRECTION('',(0.745521964111649,0.666481058265807,0.));
#7331=DIRECTION('center_axis',(0.394005295153849,0.919108169581105,0.));
#7332=DIRECTION('ref_axis',(0.919108169581105,-0.394005295153849,0.));
#7333=DIRECTION('',(-0.919108169581105,0.394005295153849,0.));
#7334=DIRECTION('',(0.,0.,-1.));
#7335=DIRECTION('',(0.919108169581105,-0.394005295153849,0.));
#7336=DIRECTION('center_axis',(0.666481058265803,-0.745521964111652,0.));
#7337=DIRECTION('ref_axis',(-0.745521964111652,-0.666481058265803,0.));
#7338=DIRECTION('',(0.,0.,-1.));
#7339=DIRECTION('',(-0.745521964111652,-0.666481058265803,0.));
#7340=DIRECTION('',(0.745521964111652,0.666481058265803,0.));
#7341=DIRECTION('center_axis',(-0.745521964111655,-0.6664810582658,0.));
#7342=DIRECTION('ref_axis',(0.6664810582658,-0.745521964111655,0.));
#7343=DIRECTION('',(0.,0.,1.));
#7344=DIRECTION('',(0.6664810582658,-0.745521964111655,0.));
#7345=DIRECTION('center_axis',(0.,0.,1.));
#7346=DIRECTION('ref_axis',(0.745521964111651,-0.666481058265804,0.));
#7347=DIRECTION('center_axis',(0.,0.,1.));
#7348=DIRECTION('ref_axis',(0.745521964111651,-0.666481058265804,0.));
#7349=DIRECTION('center_axis',(0.,0.,1.));
#7350=DIRECTION('ref_axis',(0.745521964111651,-0.666481058265804,0.));
#7351=DIRECTION('',(0.,0.,1.));
#7352=DIRECTION('center_axis',(0.,0.,-1.));
#7353=DIRECTION('ref_axis',(0.745521964111651,-0.666481058265804,0.));
#7354=DIRECTION('center_axis',(0.394005295153854,-0.919108169581102,0.));
#7355=DIRECTION('ref_axis',(-0.919108169581102,-0.394005295153854,0.));
#7356=DIRECTION('',(0.919108169581102,0.394005295153854,0.));
#7357=DIRECTION('',(0.,0.,-1.));
#7358=DIRECTION('',(-0.919108169581102,-0.394005295153854,0.));
#7359=DIRECTION('',(0.,0.,-1.));
#7360=DIRECTION('center_axis',(-0.95733942780864,0.288965776456358,0.));
#7361=DIRECTION('ref_axis',(0.288965776456358,0.95733942780864,0.));
#7362=DIRECTION('',(0.,0.,-1.));
#7363=DIRECTION('',(0.288965776456358,0.95733942780864,0.));
#7364=DIRECTION('',(0.,0.,-1.));
#7365=DIRECTION('center_axis',(0.666481058265807,0.745521964111648,0.));
#7366=DIRECTION('ref_axis',(0.745521964111648,-0.666481058265807,0.));
#7367=DIRECTION('',(0.,0.,-1.));
#7368=DIRECTION('',(0.745521964111648,-0.666481058265807,0.));
#7369=DIRECTION('center_axis',(0.,0.,1.));
#7370=DIRECTION('ref_axis',(-0.624654598939344,-0.780901166617087,0.));
#7371=DIRECTION('center_axis',(0.,0.,1.));
#7372=DIRECTION('ref_axis',(-0.624654598939344,-0.780901166617087,0.));
#7373=DIRECTION('',(0.,0.,1.));
#7374=DIRECTION('center_axis',(0.,0.,-1.));
#7375=DIRECTION('ref_axis',(-0.624654598939344,-0.780901166617087,0.));
#7376=DIRECTION('',(0.,0.,-1.));
#7377=DIRECTION('center_axis',(0.,0.,1.));
#7378=DIRECTION('ref_axis',(0.624654598939342,0.780901166617089,0.));
#7379=DIRECTION('center_axis',(0.,0.,1.));
#7380=DIRECTION('ref_axis',(0.624654598939342,0.780901166617089,0.));
#7381=DIRECTION('center_axis',(0.,0.,1.));
#7382=DIRECTION('ref_axis',(0.624654598939342,0.780901166617089,0.));
#7383=DIRECTION('',(0.,0.,1.));
#7384=DIRECTION('center_axis',(0.,0.,-1.));
#7385=DIRECTION('ref_axis',(0.624654598939342,0.780901166617089,0.));
#7386=DIRECTION('center_axis',(0.95733942780864,-0.288965776456359,0.));
#7387=DIRECTION('ref_axis',(-0.288965776456359,-0.95733942780864,0.));
#7388=DIRECTION('',(0.288965776456359,0.95733942780864,0.));
#7389=DIRECTION('',(0.,0.,-1.));
#7390=DIRECTION('',(-0.288965776456359,-0.95733942780864,0.));
#7391=DIRECTION('',(0.,0.,-1.));
#7392=DIRECTION('center_axis',(0.,0.,1.));
#7393=DIRECTION('ref_axis',(0.703703703703703,0.710493559009292,0.));
#7394=DIRECTION('center_axis',(0.,0.,1.));
#7395=DIRECTION('ref_axis',(0.703703703703703,0.710493559009292,0.));
#7396=DIRECTION('',(0.,0.,1.));
#7397=DIRECTION('center_axis',(0.,0.,-1.));
#7398=DIRECTION('ref_axis',(0.703703703703703,0.710493559009292,0.));
#7399=DIRECTION('',(0.,0.,1.));
#7400=DIRECTION('center_axis',(0.,0.,1.));
#7401=DIRECTION('ref_axis',(0.703703703703703,0.710493559009292,0.));
#7402=DIRECTION('center_axis',(-0.666481058265803,-0.745521964111652,0.));
#7403=DIRECTION('ref_axis',(-0.745521964111652,0.666481058265803,0.));
#7404=DIRECTION('',(0.745521964111652,-0.666481058265803,0.));
#7405=DIRECTION('',(0.,0.,-1.));
#7406=DIRECTION('',(-0.745521964111652,0.666481058265803,0.));
#7407=DIRECTION('',(0.,0.,1.));
#7408=DIRECTION('center_axis',(0.,0.,1.));
#7409=DIRECTION('ref_axis',(-1.,0.,0.));
#7410=DIRECTION('',(0.,0.,1.));
#7411=DIRECTION('center_axis',(0.,0.,1.));
#7412=DIRECTION('ref_axis',(-1.,0.,0.));
#7413=DIRECTION('center_axis',(0.,0.,1.));
#7414=DIRECTION('ref_axis',(-1.,0.,0.));
#7415=DIRECTION('center_axis',(0.,0.,1.));
#7416=DIRECTION('ref_axis',(0.745521964111651,0.666481058265804,0.));
#7417=DIRECTION('center_axis',(0.,0.,1.));
#7418=DIRECTION('ref_axis',(0.745521964111651,0.666481058265804,0.));
#7419=DIRECTION('',(0.,0.,1.));
#7420=DIRECTION('center_axis',(0.,0.,-1.));
#7421=DIRECTION('ref_axis',(0.745521964111651,0.666481058265804,0.));
#7422=DIRECTION('center_axis',(-0.666481058265807,0.745521964111648,0.));
#7423=DIRECTION('ref_axis',(0.745521964111648,0.666481058265807,0.));
#7424=DIRECTION('',(0.,0.,-1.));
#7425=DIRECTION('',(0.745521964111648,0.666481058265807,0.));
#7426=DIRECTION('',(-0.745521964111648,-0.666481058265807,0.));
#7427=DIRECTION('center_axis',(0.95733942780864,0.288965776456359,0.));
#7428=DIRECTION('ref_axis',(0.288965776456359,-0.95733942780864,0.));
#7429=DIRECTION('',(0.,0.,-1.));
#7430=DIRECTION('',(0.288965776456359,-0.95733942780864,0.));
#7431=DIRECTION('center_axis',(-0.666481058265807,0.745521964111649,0.));
#7432=DIRECTION('ref_axis',(0.745521964111649,0.666481058265807,0.));
#7433=DIRECTION('',(-0.745521964111649,-0.666481058265807,0.));
#7434=DIRECTION('',(0.,0.,-1.));
#7435=DIRECTION('',(0.745521964111649,0.666481058265807,0.));
#7436=DIRECTION('center_axis',(-0.394005295153853,-0.919108169581103,0.));
#7437=DIRECTION('ref_axis',(-0.919108169581103,0.394005295153853,0.));
#7438=DIRECTION('',(0.,0.,-1.));
#7439=DIRECTION('',(-0.919108169581103,0.394005295153853,0.));
#7440=DIRECTION('',(0.919108169581103,-0.394005295153853,0.));
#7441=DIRECTION('center_axis',(-0.666481058265803,0.745521964111652,0.));
#7442=DIRECTION('ref_axis',(0.745521964111652,0.666481058265803,0.));
#7443=DIRECTION('',(-0.745521964111652,-0.666481058265803,0.));
#7444=DIRECTION('',(0.,0.,-1.));
#7445=DIRECTION('',(0.745521964111652,0.666481058265803,0.));
#7446=DIRECTION('center_axis',(0.,0.,1.));
#7447=DIRECTION('ref_axis',(-1.,0.,0.));
#7448=DIRECTION('center_axis',(0.,0.,1.));
#7449=DIRECTION('ref_axis',(-1.,0.,0.));
#7450=DIRECTION('center_axis',(0.,0.,1.));
#7451=DIRECTION('ref_axis',(-1.,0.,0.));
#7452=DIRECTION('center_axis',(0.,0.,1.));
#7453=DIRECTION('ref_axis',(-1.,0.,0.));
#7454=DIRECTION('',(0.6664810582658,-0.745521964111655,0.));
#7455=DIRECTION('center_axis',(0.,0.,1.));
#7456=DIRECTION('ref_axis',(-1.,0.,0.));
#7457=DIRECTION('center_axis',(0.,0.,1.));
#7458=DIRECTION('ref_axis',(-1.,0.,0.));
#7459=DIRECTION('center_axis',(0.,0.,1.));
#7460=DIRECTION('ref_axis',(-1.,0.,0.));
#7461=DIRECTION('',(0.666481058265804,0.745521964111651,0.));
#7462=DIRECTION('center_axis',(0.,0.,1.));
#7463=DIRECTION('ref_axis',(-0.745521964111649,0.666481058265807,0.));
#7464=DIRECTION('center_axis',(0.,0.,1.));
#7465=DIRECTION('ref_axis',(-1.,0.,0.));
#7466=DIRECTION('',(-0.919108169581103,-0.394005295153852,0.));
#7467=DIRECTION('center_axis',(0.,0.,1.));
#7468=DIRECTION('ref_axis',(-1.,0.,0.));
#7469=DIRECTION('',(0.745521964111648,-0.666481058265807,0.));
#7470=DIRECTION('center_axis',(0.,0.,1.));
#7471=DIRECTION('ref_axis',(-1.,0.,0.));
#7472=DIRECTION('center_axis',(0.,0.,1.));
#7473=DIRECTION('ref_axis',(-1.,0.,0.));
#7474=DIRECTION('center_axis',(0.,0.,1.));
#7475=DIRECTION('ref_axis',(-1.,0.,0.));
#7476=DIRECTION('center_axis',(0.,0.,1.));
#7477=DIRECTION('ref_axis',(-1.,0.,0.));
#7478=DIRECTION('center_axis',(0.,0.,1.));
#7479=DIRECTION('ref_axis',(-1.,0.,0.));
#7480=DIRECTION('',(-0.745521964111649,0.666481058265806,0.));
#7481=DIRECTION('center_axis',(0.,0.,1.));
#7482=DIRECTION('ref_axis',(-1.,0.,0.));
#7483=DIRECTION('',(-0.745521964111652,0.666481058265803,0.));
#7484=DIRECTION('',(-0.666481058265802,-0.745521964111653,0.));
#7485=DIRECTION('center_axis',(0.,0.,1.));
#7486=DIRECTION('ref_axis',(-1.,0.,0.));
#7487=DIRECTION('center_axis',(0.,0.,1.));
#7488=DIRECTION('ref_axis',(-0.703703703703704,-0.710493559009291,0.));
#7489=DIRECTION('center_axis',(0.,0.,1.));
#7490=DIRECTION('ref_axis',(-1.,0.,0.));
#7491=DIRECTION('center_axis',(0.,0.,1.));
#7492=DIRECTION('ref_axis',(-1.,0.,0.));
#7493=DIRECTION('center_axis',(0.,0.,1.));
#7494=DIRECTION('ref_axis',(-1.,0.,0.));
#7495=DIRECTION('center_axis',(0.,0.,1.));
#7496=DIRECTION('ref_axis',(-1.,0.,0.));
#7497=DIRECTION('center_axis',(0.,0.,1.));
#7498=DIRECTION('ref_axis',(-1.,0.,0.));
#7499=DIRECTION('center_axis',(0.,0.,1.));
#7500=DIRECTION('ref_axis',(-1.,0.,0.));
#7501=DIRECTION('center_axis',(0.,0.,1.));
#7502=DIRECTION('ref_axis',(1.,0.,0.));
#7503=DIRECTION('center_axis',(0.,0.,1.));
#7504=DIRECTION('ref_axis',(-1.,0.,0.));
#7505=DIRECTION('',(1.,0.,0.));
#7506=DIRECTION('',(0.,1.,0.));
#7507=DIRECTION('center_axis',(0.,0.,1.));
#7508=DIRECTION('ref_axis',(1.,0.,0.));
#7509=DIRECTION('center_axis',(0.,0.,1.));
#7510=DIRECTION('ref_axis',(-1.,0.,0.));
#7511=DIRECTION('center_axis',(0.,0.,1.));
#7512=DIRECTION('ref_axis',(-0.703703703703704,-0.710493559009291,0.));
#7513=DIRECTION('',(0.,-1.,0.));
#7514=DIRECTION('center_axis',(0.,0.,1.));
#7515=DIRECTION('ref_axis',(-1.,0.,0.));
#7516=DIRECTION('center_axis',(0.,0.,1.));
#7517=DIRECTION('ref_axis',(-1.,0.,0.));
#7518=DIRECTION('center_axis',(0.,0.,1.));
#7519=DIRECTION('ref_axis',(-0.703703703703704,-0.710493559009291,0.));
#7520=DIRECTION('center_axis',(0.,0.,1.));
#7521=DIRECTION('ref_axis',(-1.,0.,0.));
#7522=DIRECTION('',(0.745521964111649,-0.666481058265807,0.));
#7523=DIRECTION('center_axis',(0.,0.,1.));
#7524=DIRECTION('ref_axis',(-1.,0.,0.));
#7525=DIRECTION('center_axis',(0.,0.,1.));
#7526=DIRECTION('ref_axis',(-1.,0.,0.));
#7527=DIRECTION('center_axis',(0.666481058265806,0.745521964111649,0.));
#7528=DIRECTION('ref_axis',(0.745521964111649,-0.666481058265806,0.));
#7529=DIRECTION('',(0.745521964111649,-0.666481058265806,0.));
#7530=DIRECTION('center_axis',(0.666481058265803,0.745521964111652,0.));
#7531=DIRECTION('ref_axis',(0.745521964111652,-0.666481058265803,0.));
#7532=DIRECTION('',(0.745521964111652,-0.666481058265803,0.));
#7533=DIRECTION('',(0.,0.,1.));
#7534=DIRECTION('center_axis',(0.,0.,1.));
#7535=DIRECTION('ref_axis',(-1.,0.,0.));
#7536=DIRECTION('center_axis',(0.,0.,1.));
#7537=DIRECTION('ref_axis',(-1.,0.,0.));
#7538=DIRECTION('',(-0.6664810582658,0.745521964111655,0.));
#7539=DIRECTION('center_axis',(0.,0.,-1.));
#7540=DIRECTION('ref_axis',(-0.745521964111649,0.666481058265807,0.));
#7541=DIRECTION('',(0.666481058265804,0.745521964111651,0.));
#7542=DIRECTION('',(0.919108169581103,0.394005295153852,0.));
#7543=DIRECTION('',(-0.745521964111649,0.666481058265807,0.));
#7544=DIRECTION('',(-0.745521964111648,0.666481058265807,0.));
#7545=DIRECTION('center_axis',(0.,0.,1.));
#7546=DIRECTION('ref_axis',(-1.,0.,0.));
#7547=DIRECTION('center_axis',(0.,0.,-1.));
#7548=DIRECTION('ref_axis',(-0.703703703703704,-0.710493559009291,0.));
#7549=DIRECTION('',(-0.666481058265802,-0.745521964111653,0.));
#7550=DIRECTION('center_axis',(0.,0.,-1.));
#7551=DIRECTION('ref_axis',(-1.,0.,0.));
#7552=DIRECTION('center_axis',(0.,0.,-1.));
#7553=DIRECTION('ref_axis',(-1.,0.,0.));
#7554=DIRECTION('center_axis',(0.,0.,-1.));
#7555=DIRECTION('ref_axis',(-1.,0.,0.));
#7556=DIRECTION('center_axis',(0.,0.,-1.));
#7557=DIRECTION('ref_axis',(-1.,0.,0.));
#7558=DIRECTION('',(0.,1.,0.));
#7559=DIRECTION('',(1.,0.,0.));
#7560=DIRECTION('',(0.,-1.,0.));
#7561=DIRECTION('',(-1.,0.,0.));
#7562=DIRECTION('center_axis',(-0.745521964111653,0.666481058265802,0.));
#7563=DIRECTION('ref_axis',(-0.666481058265802,-0.745521964111653,0.));
#7564=DIRECTION('center_axis',(1.,0.,0.));
#7565=DIRECTION('ref_axis',(0.,1.,0.));
#7566=DIRECTION('',(0.,0.,1.));
#7567=DIRECTION('',(0.,0.,1.));
#7568=DIRECTION('center_axis',(0.,-1.,0.));
#7569=DIRECTION('ref_axis',(1.,0.,0.));
#7570=DIRECTION('',(0.,0.,1.));
#7571=DIRECTION('center_axis',(-1.,0.,0.));
#7572=DIRECTION('ref_axis',(0.,-1.,0.));
#7573=DIRECTION('',(0.,0.,1.));
#7574=DIRECTION('center_axis',(0.,1.,0.));
#7575=DIRECTION('ref_axis',(-1.,0.,0.));
#7576=DIRECTION('center_axis',(0.,0.,-1.));
#7577=DIRECTION('ref_axis',(-1.,0.,0.));
#7578=DIRECTION('',(0.,0.,-1.));
#7579=DIRECTION('center_axis',(0.,0.,-1.));
#7580=DIRECTION('ref_axis',(-1.,0.,0.));
#7581=DIRECTION('center_axis',(0.,0.,1.));
#7582=DIRECTION('ref_axis',(-1.,0.,0.));
#7583=DIRECTION('center_axis',(0.,0.,1.));
#7584=DIRECTION('ref_axis',(1.,0.,0.));
#7585=DIRECTION('center_axis',(0.,0.,-1.));
#7586=DIRECTION('ref_axis',(-1.,0.,0.));
#7587=DIRECTION('',(0.,0.,-1.));
#7588=DIRECTION('center_axis',(0.,0.,-1.));
#7589=DIRECTION('ref_axis',(-1.,0.,0.));
#7590=DIRECTION('center_axis',(0.,0.,1.));
#7591=DIRECTION('ref_axis',(-1.,0.,0.));
#7592=DIRECTION('center_axis',(0.,0.,1.));
#7593=DIRECTION('ref_axis',(1.,0.,0.));
#7594=DIRECTION('center_axis',(0.,0.,-1.));
#7595=DIRECTION('ref_axis',(-1.,0.,0.));
#7596=DIRECTION('',(0.,0.,-1.));
#7597=DIRECTION('center_axis',(0.,0.,-1.));
#7598=DIRECTION('ref_axis',(-1.,0.,0.));
#7599=DIRECTION('center_axis',(0.,0.,1.));
#7600=DIRECTION('ref_axis',(-1.,0.,0.));
#7601=DIRECTION('center_axis',(0.,0.,1.));
#7602=DIRECTION('ref_axis',(1.,0.,0.));
#7603=DIRECTION('center_axis',(0.,0.,-1.));
#7604=DIRECTION('ref_axis',(-1.,0.,0.));
#7605=DIRECTION('',(0.,0.,-1.));
#7606=DIRECTION('center_axis',(0.,0.,-1.));
#7607=DIRECTION('ref_axis',(-1.,0.,0.));
#7608=DIRECTION('center_axis',(0.,0.,1.));
#7609=DIRECTION('ref_axis',(-1.,0.,0.));
#7610=DIRECTION('center_axis',(0.,0.,1.));
#7611=DIRECTION('ref_axis',(1.,0.,0.));
#7612=DIRECTION('center_axis',(0.,0.,1.));
#7613=DIRECTION('ref_axis',(1.,0.,0.));
#7614=DIRECTION('',(0.,0.,1.));
#7615=DIRECTION('center_axis',(0.,0.,1.));
#7616=DIRECTION('ref_axis',(1.,0.,0.));
#7617=DIRECTION('',(0.,0.,1.));
#7618=DIRECTION('center_axis',(0.,0.,1.));
#7619=DIRECTION('ref_axis',(1.,0.,0.));
#7620=DIRECTION('',(0.,0.,1.));
#7621=DIRECTION('center_axis',(0.,0.,1.));
#7622=DIRECTION('ref_axis',(1.,0.,0.));
#7623=DIRECTION('',(0.,0.,1.));
#7624=DIRECTION('center_axis',(0.,0.,1.));
#7625=DIRECTION('ref_axis',(-1.,0.,0.));
#7626=DIRECTION('center_axis',(0.,0.,1.));
#7627=DIRECTION('ref_axis',(-0.703703703703704,-0.710493559009291,0.));
#7628=DIRECTION('',(0.,0.,1.));
#7629=DIRECTION('center_axis',(0.,0.,1.));
#7630=DIRECTION('ref_axis',(-1.,0.,0.));
#7631=DIRECTION('center_axis',(0.,0.,1.));
#7632=DIRECTION('ref_axis',(-0.745521964111649,0.666481058265807,0.));
#7633=DIRECTION('',(0.,0.,1.));
#7634=DIRECTION('',(0.,0.,1.));
#7635=DIRECTION('center_axis',(0.745521964111655,0.6664810582658,0.));
#7636=DIRECTION('ref_axis',(-0.6664810582658,0.745521964111655,0.));
#7637=DIRECTION('center_axis',(0.745521964111651,-0.666481058265804,0.));
#7638=DIRECTION('ref_axis',(0.666481058265804,0.745521964111651,0.));
#7639=DIRECTION('center_axis',(-0.394005295153852,0.919108169581103,0.));
#7640=DIRECTION('ref_axis',(0.919108169581103,0.394005295153852,0.));
#7641=DIRECTION('',(0.,0.,-1.));
#7642=DIRECTION('center_axis',(-0.666481058265807,-0.745521964111649,0.));
#7643=DIRECTION('ref_axis',(-0.745521964111649,0.666481058265807,0.));
#7644=DIRECTION('center_axis',(-0.666481058265807,-0.745521964111648,0.));
#7645=DIRECTION('ref_axis',(-0.745521964111648,0.666481058265807,0.));
#7646=CARTESIAN_POINT('',(0.,0.,0.));
#7647=CARTESIAN_POINT('Origin',(18.4370497025956,63.0466774510599,72.1035162724936));
#7648=CARTESIAN_POINT('',(132.764912659889,33.5682924529954,72.1035162724936));
#7649=CARTESIAN_POINT('',(143.849466677655,28.8165416558837,72.1035162724936));
#7650=CARTESIAN_POINT('',(79.137564615957,56.5573809996618,72.1035162724936));
#7651=CARTESIAN_POINT('',(140.774116397118,40.7283532421035,72.1035162724936));
#7652=CARTESIAN_POINT('',(113.400342050235,16.2567709498518,72.1035162724936));
#7653=CARTESIAN_POINT('Ctrl Pts',(140.774116397118,40.7283532421035,72.1035162724936));
#7654=CARTESIAN_POINT('Ctrl Pts',(139.837356482874,35.4609934823535,72.1035162724936));
#7655=CARTESIAN_POINT('Ctrl Pts',(141.346070868565,31.5951372340777,72.1035162724936));
#7656=CARTESIAN_POINT('Ctrl Pts',(143.849466677655,28.8165416558837,72.1035162724936));
#7657=CARTESIAN_POINT('Origin',(18.4370497025956,63.0466774510599,72.1035162724936));
#7658=CARTESIAN_POINT('',(129.197376376673,30.0650532564894,72.1035162724936));
#7659=CARTESIAN_POINT('',(119.64580143804,21.5261448411075,72.1035162724936));
#7660=CARTESIAN_POINT('',(106.610808674956,9.87313367653408,72.1035162724936));
#7661=CARTESIAN_POINT('',(133.690932549203,15.1779668070464,72.1035162724936));
#7662=CARTESIAN_POINT('',(122.257852525648,53.0555951617439,72.1035162724936));
#7663=CARTESIAN_POINT('',(146.407519522726,26.546329848827,72.1035162724936));
#7664=CARTESIAN_POINT('',(120.356070920091,3.25687914199202,72.1035162724936));
#7665=CARTESIAN_POINT('',(155.846290432076,22.7364482575286,72.1035162724936));
#7666=CARTESIAN_POINT('Ctrl Pts',(146.407519522726,26.546329848827,72.1035162724936));
#7667=CARTESIAN_POINT('Ctrl Pts',(149.506005137163,24.3228779700649,72.1035162724936));
#7668=CARTESIAN_POINT('Ctrl Pts',(153.196410051184,23.1707802985562,72.1035162724936));
#7669=CARTESIAN_POINT('Ctrl Pts',(155.846290432076,22.7364482575286,72.1035162724936));
#7670=CARTESIAN_POINT('',(160.979121092166,22.4709145863414,72.1035162724936));
#7671=CARTESIAN_POINT('Ctrl Pts',(155.846290432076,22.7364482575286,72.1035162724936));
#7672=CARTESIAN_POINT('Ctrl Pts',(157.695481957201,22.5317654077637,72.1035162724936));
#7673=CARTESIAN_POINT('Ctrl Pts',(159.400025888785,22.4486149229235,72.1035162724936));
#7674=CARTESIAN_POINT('Ctrl Pts',(160.979121092166,22.4709145863414,72.1035162724936));
#7675=CARTESIAN_POINT('',(186.760942716851,-6.36848611024387,72.1035162724936));
#7676=CARTESIAN_POINT('',(132.131084785137,54.7401657850813,72.1035162724936));
#7677=CARTESIAN_POINT('',(189.782855017215,-21.1849666038384,72.1035162724936));
#7678=CARTESIAN_POINT('Origin',(175.578113255177,-16.3657019842309,72.1035162724936));
#7679=CARTESIAN_POINT('',(180.623704861135,-16.5766648859172,72.1035162724936));
#7680=CARTESIAN_POINT('Ctrl Pts',(189.782855017215,-21.1849666038384,72.1035162724936));
#7681=CARTESIAN_POINT('Ctrl Pts',(186.784944938297,-20.2419668984845,72.1035162724936));
#7682=CARTESIAN_POINT('Ctrl Pts',(183.700858171168,-18.7357981162025,72.1035162724936));
#7683=CARTESIAN_POINT('Ctrl Pts',(180.623704861135,-16.5766648859172,72.1035162724936));
#7684=CARTESIAN_POINT('',(170.528113255177,-16.3657019842309,72.1035162724936));
#7685=CARTESIAN_POINT('Origin',(175.578113255177,-16.3657019842309,72.1035162724936));
#7686=CARTESIAN_POINT('',(180.589022352934,-16.9928303714177,72.1035162724936));
#7687=CARTESIAN_POINT('Origin',(175.578113255177,-16.3657019842309,72.1035162724936));
#7688=CARTESIAN_POINT('',(169.240628089242,-26.9522449629914,72.1035162724936));
#7689=CARTESIAN_POINT('Ctrl Pts',(180.589022352934,-16.9928303714177,72.1035162724936));
#7690=CARTESIAN_POINT('Ctrl Pts',(183.640036052995,-24.4143617985435,72.1035162724936));
#7691=CARTESIAN_POINT('Ctrl Pts',(175.263296803892,-30.0777491178418,72.1035162724936));
#7692=CARTESIAN_POINT('Ctrl Pts',(169.240628089242,-26.9522449629914,72.1035162724936));
#7693=CARTESIAN_POINT('',(169.195480869094,-29.9400161040715,72.1035162724936));
#7694=CARTESIAN_POINT('Ctrl Pts',(169.240628089242,-26.9522449629914,72.1035162724936));
#7695=CARTESIAN_POINT('Ctrl Pts',(169.120934835565,-27.9577740062193,72.1035162724936));
#7696=CARTESIAN_POINT('Ctrl Pts',(169.108615850224,-28.9551751716161,72.1035162724936));
#7697=CARTESIAN_POINT('Ctrl Pts',(169.195480869094,-29.9400161040715,72.1035162724936));
#7698=CARTESIAN_POINT('',(164.395283793503,-26.362917858218,72.1035162724936));
#7699=CARTESIAN_POINT('Origin',(175.578113255177,-16.3657019842309,72.1035162724936));
#7700=CARTESIAN_POINT('',(131.071230880212,10.9131803473645,72.1035162724936));
#7701=CARTESIAN_POINT('',(93.1033994051419,53.3837831398983,72.1035162724936));
#7702=CARTESIAN_POINT('',(127.811214294957,14.1126056881892,72.1035162724936));
#7703=CARTESIAN_POINT('Origin',(104.977962136305,-12.4136566919386,72.1035162724936));
#7704=CARTESIAN_POINT('',(131.140086697869,14.0554774075378,72.1035162724936));
#7705=CARTESIAN_POINT('Ctrl Pts',(127.811214294957,14.1126056881892,72.1035162724936));
#7706=CARTESIAN_POINT('Ctrl Pts',(128.786837994584,14.1151352567284,72.1035162724936));
#7707=CARTESIAN_POINT('Ctrl Pts',(129.803056180901,14.0790156136688,72.1035162724936));
#7708=CARTESIAN_POINT('Ctrl Pts',(131.140086697869,14.0554774075378,72.1035162724936));
#7709=CARTESIAN_POINT('Ctrl Pts',(131.140086697869,14.0554774075378,72.1035162724936));
#7710=CARTESIAN_POINT('Ctrl Pts',(129.164273563952,16.5609044134912,72.1035162724936));
#7711=CARTESIAN_POINT('Ctrl Pts',(124.707890277875,19.5541574961932,72.1035162724936));
#7712=CARTESIAN_POINT('Ctrl Pts',(119.64580143804,21.5261448411075,72.1035162724936));
#7713=CARTESIAN_POINT('',(176.269378277306,-11.127620037378,72.1035162724936));
#7714=CARTESIAN_POINT('',(170.546296648507,0.145651738439838,72.1035162724936));
#7715=CARTESIAN_POINT('Ctrl Pts',(176.269378277306,-11.127620037378,72.1035162724936));
#7716=CARTESIAN_POINT('Ctrl Pts',(172.330149973397,-7.06752701789256,72.1035162724936));
#7717=CARTESIAN_POINT('Ctrl Pts',(170.914302238183,-3.45356214515085,72.1035162724936));
#7718=CARTESIAN_POINT('Ctrl Pts',(170.546296648507,0.145651738439838,72.1035162724936));
#7719=CARTESIAN_POINT('',(164.431778156762,-1.13111916610116,72.1035162724936));
#7720=CARTESIAN_POINT('Ctrl Pts',(170.546296648507,0.145651738439838,72.1035162724936));
#7721=CARTESIAN_POINT('Ctrl Pts',(168.779776422601,-0.795829457391406,72.1035162724936));
#7722=CARTESIAN_POINT('Ctrl Pts',(166.030777139955,-1.63424601394048,72.1035162724936));
#7723=CARTESIAN_POINT('Ctrl Pts',(164.431778156762,-1.13111916610116,72.1035162724936));
#7724=CARTESIAN_POINT('',(162.234965808778,11.3866196720947,72.1035162724936));
#7725=CARTESIAN_POINT('Ctrl Pts',(164.431778156762,-1.13111916610116,72.1035162724936));
#7726=CARTESIAN_POINT('Ctrl Pts',(163.401791026025,-0.558687391580293,72.1035162724936));
#7727=CARTESIAN_POINT('Ctrl Pts',(161.876588192468,4.14564203117976,72.1035162724936));
#7728=CARTESIAN_POINT('Ctrl Pts',(162.234965808778,11.3866196720947,72.1035162724936));
#7729=CARTESIAN_POINT('',(140.239482952409,9.60595278061518,72.1035162724936));
#7730=CARTESIAN_POINT('Ctrl Pts',(162.234965808778,11.3866196720947,72.1035162724936));
#7731=CARTESIAN_POINT('Ctrl Pts',(157.312049800973,7.33347637375481,72.1035162724936));
#7732=CARTESIAN_POINT('Ctrl Pts',(148.361303411965,7.83978965500481,72.1035162724936));
#7733=CARTESIAN_POINT('Ctrl Pts',(140.239482952409,9.60595278061518,72.1035162724936));
#7734=CARTESIAN_POINT('',(157.597867384057,-13.3499925257814,72.1035162724936));
#7735=CARTESIAN_POINT('Ctrl Pts',(140.239482952409,9.60595278061518,72.1035162724936));
#7736=CARTESIAN_POINT('Ctrl Pts',(149.475593681817,2.86799211052546,72.1035162724936));
#7737=CARTESIAN_POINT('Ctrl Pts',(154.818748064904,-4.53137324630134,72.1035162724936));
#7738=CARTESIAN_POINT('Ctrl Pts',(157.597867384057,-13.3499925257814,72.1035162724936));
#7739=CARTESIAN_POINT('Ctrl Pts',(157.597867384057,-13.3499925257814,72.1035162724936));
#7740=CARTESIAN_POINT('Ctrl Pts',(161.213054638581,-8.65733753577587,72.1035162724936));
#7741=CARTESIAN_POINT('Ctrl Pts',(170.312025119691,-5.31877939902657,72.1035162724936));
#7742=CARTESIAN_POINT('Ctrl Pts',(176.269378277306,-11.127620037378,72.1035162724936));
#7743=CARTESIAN_POINT('Ctrl Pts',(140.830442738442,41.0315205002654,72.1035162724936));
#7744=CARTESIAN_POINT('Ctrl Pts',(140.830442738442,41.0315205002654,70.1035162724936));
#7745=CARTESIAN_POINT('Ctrl Pts',(138.390211600213,28.4332143414367,72.1035162724936));
#7746=CARTESIAN_POINT('Ctrl Pts',(138.390211600213,28.4332143414367,70.1035162724936));
#7747=CARTESIAN_POINT('Ctrl Pts',(149.814179700952,23.7251491001952,72.1035162724936));
#7748=CARTESIAN_POINT('Ctrl Pts',(149.814179700952,23.7251491001952,70.1035162724936));
#7749=CARTESIAN_POINT('Ctrl Pts',(155.846290432076,22.7364482575286,72.1035162724936));
#7750=CARTESIAN_POINT('Ctrl Pts',(155.846290432076,22.7364482575286,70.1035162724936));
#7751=CARTESIAN_POINT('',(143.849466677655,28.8165416558837,70.1035162724936));
#7752=CARTESIAN_POINT('Ctrl Pts',(143.849466677655,28.8165416558837,72.1035162724936));
#7753=CARTESIAN_POINT('Ctrl Pts',(143.849466677655,28.8165416558837,71.7701829391603));
#7754=CARTESIAN_POINT('Ctrl Pts',(143.849466677655,28.8165416558837,71.4368496058269));
#7755=CARTESIAN_POINT('Ctrl Pts',(143.849466677655,28.8165416558837,70.7701829391603));
#7756=CARTESIAN_POINT('Ctrl Pts',(143.849466677655,28.8165416558837,70.4368496058269));
#7757=CARTESIAN_POINT('Ctrl Pts',(143.849466677655,28.8165416558837,70.1035162724936));
#7758=CARTESIAN_POINT('',(140.774116397118,40.7283532421035,70.1035162724936));
#7759=CARTESIAN_POINT('Ctrl Pts',(140.774116397118,40.7283532421035,70.1035162724936));
#7760=CARTESIAN_POINT('Ctrl Pts',(140.774116397118,40.7283532421035,70.4368496058269));
#7761=CARTESIAN_POINT('Ctrl Pts',(140.774116397118,40.7283532421035,70.7701829391603));
#7762=CARTESIAN_POINT('Ctrl Pts',(140.774116397118,40.7283532421035,71.4368496058269));
#7763=CARTESIAN_POINT('Ctrl Pts',(140.774116397118,40.7283532421035,71.7701829391603));
#7764=CARTESIAN_POINT('Ctrl Pts',(140.774116397118,40.7283532421035,72.1035162724936));
#7765=CARTESIAN_POINT('Ctrl Pts',(143.849466677655,28.8165416558837,70.1035162724936));
#7766=CARTESIAN_POINT('Ctrl Pts',(141.346070868576,31.5951372340696,70.1035162724936));
#7767=CARTESIAN_POINT('Ctrl Pts',(139.837356482875,35.460993482353,70.1035162724936));
#7768=CARTESIAN_POINT('Ctrl Pts',(140.774116397118,40.7283532421035,70.1035162724936));
#7769=CARTESIAN_POINT('Ctrl Pts',(157.597867384057,-13.3499925257814,72.1035162724936));
#7770=CARTESIAN_POINT('Ctrl Pts',(157.597867384057,-13.3499925257814,70.1035162724936));
#7771=CARTESIAN_POINT('Ctrl Pts',(161.213054638581,-8.65733753577587,72.1035162724936));
#7772=CARTESIAN_POINT('Ctrl Pts',(161.213054638581,-8.65733753577587,70.1035162724936));
#7773=CARTESIAN_POINT('Ctrl Pts',(170.312025119691,-5.31877939902657,72.1035162724936));
#7774=CARTESIAN_POINT('Ctrl Pts',(170.312025119691,-5.31877939902657,70.1035162724936));
#7775=CARTESIAN_POINT('Ctrl Pts',(176.269378277306,-11.127620037378,72.1035162724936));
#7776=CARTESIAN_POINT('Ctrl Pts',(176.269378277306,-11.127620037378,70.1035162724936));
#7777=CARTESIAN_POINT('',(157.597867384057,-13.3499925257814,70.1035162724936));
#7778=CARTESIAN_POINT('',(157.597867384057,-13.3499925257814,72.1035162724936));
#7779=CARTESIAN_POINT('',(176.269378277306,-11.127620037378,70.1035162724936));
#7780=CARTESIAN_POINT('Ctrl Pts',(176.269378277306,-11.127620037378,70.1035162724936));
#7781=CARTESIAN_POINT('Ctrl Pts',(170.312025119691,-5.31877939902657,70.1035162724936));
#7782=CARTESIAN_POINT('Ctrl Pts',(161.213054638581,-8.65733753577587,70.1035162724936));
#7783=CARTESIAN_POINT('Ctrl Pts',(157.597867384057,-13.3499925257814,70.1035162724936));
#7784=CARTESIAN_POINT('',(176.269378277306,-11.127620037378,72.1035162724936));
#7785=CARTESIAN_POINT('Ctrl Pts',(140.239482952409,9.60595278061518,72.1035162724936));
#7786=CARTESIAN_POINT('Ctrl Pts',(140.239482952409,9.60595278061518,70.1035162724936));
#7787=CARTESIAN_POINT('Ctrl Pts',(149.475593681817,2.86799211052546,72.1035162724936));
#7788=CARTESIAN_POINT('Ctrl Pts',(149.475593681817,2.86799211052546,70.1035162724936));
#7789=CARTESIAN_POINT('Ctrl Pts',(154.818748064904,-4.53137324630134,72.1035162724936));
#7790=CARTESIAN_POINT('Ctrl Pts',(154.818748064904,-4.53137324630134,70.1035162724936));
#7791=CARTESIAN_POINT('Ctrl Pts',(157.597867384057,-13.3499925257814,72.1035162724936));
#7792=CARTESIAN_POINT('Ctrl Pts',(157.597867384057,-13.3499925257814,70.1035162724936));
#7793=CARTESIAN_POINT('',(140.239482952409,9.60595278061518,70.1035162724936));
#7794=CARTESIAN_POINT('',(140.239482952409,9.60595278061518,72.1035162724936));
#7795=CARTESIAN_POINT('Ctrl Pts',(157.597867384057,-13.3499925257814,70.1035162724936));
#7796=CARTESIAN_POINT('Ctrl Pts',(154.818748064904,-4.53137324630134,70.1035162724936));
#7797=CARTESIAN_POINT('Ctrl Pts',(149.475593681817,2.86799211052546,70.1035162724936));
#7798=CARTESIAN_POINT('Ctrl Pts',(140.239482952409,9.60595278061518,70.1035162724936));
#7799=CARTESIAN_POINT('Ctrl Pts',(162.234965808778,11.3866196720947,72.1035162724936));
#7800=CARTESIAN_POINT('Ctrl Pts',(162.234965808778,11.3866196720947,70.1035162724936));
#7801=CARTESIAN_POINT('Ctrl Pts',(157.312049800973,7.33347637375481,72.1035162724936));
#7802=CARTESIAN_POINT('Ctrl Pts',(157.312049800973,7.33347637375481,70.1035162724936));
#7803=CARTESIAN_POINT('Ctrl Pts',(148.361303411965,7.83978965500481,72.1035162724936));
#7804=CARTESIAN_POINT('Ctrl Pts',(148.361303411965,7.83978965500481,70.1035162724936));
#7805=CARTESIAN_POINT('Ctrl Pts',(140.239482952409,9.60595278061518,72.1035162724936));
#7806=CARTESIAN_POINT('Ctrl Pts',(140.239482952409,9.60595278061518,70.1035162724936));
#7807=CARTESIAN_POINT('',(162.234965808778,11.3866196720947,70.1035162724936));
#7808=CARTESIAN_POINT('',(162.234965808778,11.3866196720947,72.1035162724936));
#7809=CARTESIAN_POINT('Ctrl Pts',(140.239482952409,9.60595278061518,70.1035162724936));
#7810=CARTESIAN_POINT('Ctrl Pts',(148.361303411965,7.83978965500481,70.1035162724936));
#7811=CARTESIAN_POINT('Ctrl Pts',(157.312049800973,7.33347637375481,70.1035162724936));
#7812=CARTESIAN_POINT('Ctrl Pts',(162.234965808778,11.3866196720947,70.1035162724936));
#7813=CARTESIAN_POINT('Ctrl Pts',(164.431778156762,-1.13111916610116,72.1035162724936));
#7814=CARTESIAN_POINT('Ctrl Pts',(164.431778156762,-1.13111916610116,70.1035162724936));
#7815=CARTESIAN_POINT('Ctrl Pts',(163.401791026025,-0.558687391580293,72.1035162724936));
#7816=CARTESIAN_POINT('Ctrl Pts',(163.401791026025,-0.558687391580293,70.1035162724936));
#7817=CARTESIAN_POINT('Ctrl Pts',(161.876588192468,4.14564203117976,72.1035162724936));
#7818=CARTESIAN_POINT('Ctrl Pts',(161.876588192468,4.14564203117976,70.1035162724936));
#7819=CARTESIAN_POINT('Ctrl Pts',(162.234965808778,11.3866196720947,72.1035162724936));
#7820=CARTESIAN_POINT('Ctrl Pts',(162.234965808778,11.3866196720947,70.1035162724936));
#7821=CARTESIAN_POINT('',(164.431778156762,-1.13111916610116,70.1035162724936));
#7822=CARTESIAN_POINT('',(164.431778156762,-1.13111916610116,72.1035162724936));
#7823=CARTESIAN_POINT('Ctrl Pts',(162.234965808778,11.3866196720947,70.1035162724936));
#7824=CARTESIAN_POINT('Ctrl Pts',(161.876588192468,4.14564203117976,70.1035162724936));
#7825=CARTESIAN_POINT('Ctrl Pts',(163.401791026025,-0.558687391580293,70.1035162724936));
#7826=CARTESIAN_POINT('Ctrl Pts',(164.431778156762,-1.13111916610116,70.1035162724936));
#7827=CARTESIAN_POINT('Ctrl Pts',(170.546296648507,0.145651738439838,72.1035162724936));
#7828=CARTESIAN_POINT('Ctrl Pts',(170.546296648507,0.145651738439838,70.1035162724936));
#7829=CARTESIAN_POINT('Ctrl Pts',(168.779776422601,-0.795829457391406,72.1035162724936));
#7830=CARTESIAN_POINT('Ctrl Pts',(168.779776422601,-0.795829457391406,70.1035162724936));
#7831=CARTESIAN_POINT('Ctrl Pts',(166.030777139955,-1.63424601394048,72.1035162724936));
#7832=CARTESIAN_POINT('Ctrl Pts',(166.030777139955,-1.63424601394048,70.1035162724936));
#7833=CARTESIAN_POINT('Ctrl Pts',(164.431778156762,-1.13111916610116,72.1035162724936));
#7834=CARTESIAN_POINT('Ctrl Pts',(164.431778156762,-1.13111916610116,70.1035162724936));
#7835=CARTESIAN_POINT('',(170.546296648507,0.145651738439838,70.1035162724936));
#7836=CARTESIAN_POINT('',(170.546296648507,0.145651738439838,72.1035162724936));
#7837=CARTESIAN_POINT('Ctrl Pts',(164.431778156762,-1.13111916610116,70.1035162724936));
#7838=CARTESIAN_POINT('Ctrl Pts',(166.030777139955,-1.63424601394048,70.1035162724936));
#7839=CARTESIAN_POINT('Ctrl Pts',(168.779776422601,-0.795829457391406,70.1035162724936));
#7840=CARTESIAN_POINT('Ctrl Pts',(170.546296648507,0.145651738439838,70.1035162724936));
#7841=CARTESIAN_POINT('Ctrl Pts',(176.269378277306,-11.127620037378,72.1035162724936));
#7842=CARTESIAN_POINT('Ctrl Pts',(176.269378277306,-11.127620037378,70.1035162724936));
#7843=CARTESIAN_POINT('Ctrl Pts',(172.330149973397,-7.06752701789256,72.1035162724936));
#7844=CARTESIAN_POINT('Ctrl Pts',(172.330149973397,-7.06752701789256,70.1035162724936));
#7845=CARTESIAN_POINT('Ctrl Pts',(170.914302238183,-3.45356214515085,72.1035162724936));
#7846=CARTESIAN_POINT('Ctrl Pts',(170.914302238183,-3.45356214515085,70.1035162724936));
#7847=CARTESIAN_POINT('Ctrl Pts',(170.546296648507,0.145651738439838,72.1035162724936));
#7848=CARTESIAN_POINT('Ctrl Pts',(170.546296648507,0.145651738439838,70.1035162724936));
#7849=CARTESIAN_POINT('Ctrl Pts',(170.546296648507,0.145651738439838,70.1035162724936));
#7850=CARTESIAN_POINT('Ctrl Pts',(170.914302238183,-3.45356214515085,70.1035162724936));
#7851=CARTESIAN_POINT('Ctrl Pts',(172.330149973397,-7.06752701789256,70.1035162724936));
#7852=CARTESIAN_POINT('Ctrl Pts',(176.269378277306,-11.127620037378,70.1035162724936));
#7853=CARTESIAN_POINT('Ctrl Pts',(131.140086697869,14.0554774075378,72.1035162724936));
#7854=CARTESIAN_POINT('Ctrl Pts',(131.140086697869,14.0554774075378,70.1035162724936));
#7855=CARTESIAN_POINT('Ctrl Pts',(127.072643414357,19.2131930197883,72.1035162724936));
#7856=CARTESIAN_POINT('Ctrl Pts',(127.072643414357,19.2131930197883,70.1035162724936));
#7857=CARTESIAN_POINT('Ctrl Pts',(112.492778060664,26.4382694809781,72.1035162724936));
#7858=CARTESIAN_POINT('Ctrl Pts',(112.492778060664,26.4382694809781,70.1035162724936));
#7859=CARTESIAN_POINT('Ctrl Pts',(103.757233342196,22.5650485615639,72.1035162724936));
#7860=CARTESIAN_POINT('Ctrl Pts',(103.757233342196,22.5650485615639,70.1035162724936));
#7861=CARTESIAN_POINT('',(119.64580143804,21.5261448411075,70.1035162724936));
#7862=CARTESIAN_POINT('Ctrl Pts',(119.64580143804,21.5261448411075,72.1035162724936));
#7863=CARTESIAN_POINT('Ctrl Pts',(119.64580143804,21.5261448411075,71.7701829391603));
#7864=CARTESIAN_POINT('Ctrl Pts',(119.64580143804,21.5261448411075,71.4368496058269));
#7865=CARTESIAN_POINT('Ctrl Pts',(119.64580143804,21.5261448411075,70.7701829391603));
#7866=CARTESIAN_POINT('Ctrl Pts',(119.64580143804,21.5261448411075,70.4368496058269));
#7867=CARTESIAN_POINT('Ctrl Pts',(119.64580143804,21.5261448411075,70.1035162724936));
#7868=CARTESIAN_POINT('',(131.140086697869,14.0554774075378,70.1035162724936));
#7869=CARTESIAN_POINT('',(131.140086697869,14.0554774075378,72.1035162724936));
#7870=CARTESIAN_POINT('Ctrl Pts',(119.64580143804,21.5261448411075,70.1035162724936));
#7871=CARTESIAN_POINT('Ctrl Pts',(124.707890277875,19.5541574961932,70.1035162724936));
#7872=CARTESIAN_POINT('Ctrl Pts',(129.164273563952,16.5609044134912,70.1035162724936));
#7873=CARTESIAN_POINT('Ctrl Pts',(131.140086697869,14.0554774075378,70.1035162724936));
#7874=CARTESIAN_POINT('Ctrl Pts',(127.811214294957,14.1126056881892,72.1035162724936));
#7875=CARTESIAN_POINT('Ctrl Pts',(127.811214294957,14.1126056881892,70.1035162724936));
#7876=CARTESIAN_POINT('Ctrl Pts',(128.786837994584,14.1151352567284,72.1035162724936));
#7877=CARTESIAN_POINT('Ctrl Pts',(128.786837994584,14.1151352567284,70.1035162724936));
#7878=CARTESIAN_POINT('Ctrl Pts',(129.803056180901,14.0790156136688,72.1035162724936));
#7879=CARTESIAN_POINT('Ctrl Pts',(129.803056180901,14.0790156136688,70.1035162724936));
#7880=CARTESIAN_POINT('Ctrl Pts',(131.140086697869,14.0554774075378,72.1035162724936));
#7881=CARTESIAN_POINT('Ctrl Pts',(131.140086697869,14.0554774075378,70.1035162724936));
#7882=CARTESIAN_POINT('',(127.811214294957,14.1126056881892,70.1035162724936));
#7883=CARTESIAN_POINT('',(127.811214294957,14.1126056881892,72.1035162724936));
#7884=CARTESIAN_POINT('Ctrl Pts',(131.140086697869,14.0554774075378,70.1035162724936));
#7885=CARTESIAN_POINT('Ctrl Pts',(129.803056180901,14.0790156136688,70.1035162724936));
#7886=CARTESIAN_POINT('Ctrl Pts',(128.786837994584,14.1151352567284,70.1035162724936));
#7887=CARTESIAN_POINT('Ctrl Pts',(127.811214294957,14.1126056881892,70.1035162724936));
#7888=CARTESIAN_POINT('Ctrl Pts',(169.240628089242,-26.9522449629914,72.1035162724936));
#7889=CARTESIAN_POINT('Ctrl Pts',(169.240628089242,-26.9522449629914,70.1035162724936));
#7890=CARTESIAN_POINT('Ctrl Pts',(169.120934835565,-27.9577740062193,72.1035162724936));
#7891=CARTESIAN_POINT('Ctrl Pts',(169.120934835565,-27.9577740062193,70.1035162724936));
#7892=CARTESIAN_POINT('Ctrl Pts',(169.108615850224,-28.9551751716161,72.1035162724936));
#7893=CARTESIAN_POINT('Ctrl Pts',(169.108615850224,-28.9551751716161,70.1035162724936));
#7894=CARTESIAN_POINT('Ctrl Pts',(169.195480869094,-29.9400161040715,72.1035162724936));
#7895=CARTESIAN_POINT('Ctrl Pts',(169.195480869094,-29.9400161040715,70.1035162724936));
#7896=CARTESIAN_POINT('',(169.240628089242,-26.9522449629914,70.1035162724936));
#7897=CARTESIAN_POINT('',(169.240628089242,-26.9522449629914,72.1035162724936));
#7898=CARTESIAN_POINT('',(169.195480869094,-29.9400161040715,70.1035162724936));
#7899=CARTESIAN_POINT('Ctrl Pts',(169.195480869094,-29.9400161040715,70.1035162724936));
#7900=CARTESIAN_POINT('Ctrl Pts',(169.108615850224,-28.9551751716161,70.1035162724936));
#7901=CARTESIAN_POINT('Ctrl Pts',(169.120934835565,-27.9577740062193,70.1035162724936));
#7902=CARTESIAN_POINT('Ctrl Pts',(169.240628089242,-26.9522449629914,70.1035162724936));
#7903=CARTESIAN_POINT('',(169.195480869094,-29.9400161040715,72.1035162724936));
#7904=CARTESIAN_POINT('Ctrl Pts',(180.589022352934,-16.9928303714177,72.1035162724936));
#7905=CARTESIAN_POINT('Ctrl Pts',(180.589022352934,-16.9928303714177,70.1035162724936));
#7906=CARTESIAN_POINT('Ctrl Pts',(183.640036052995,-24.4143617985435,72.1035162724936));
#7907=CARTESIAN_POINT('Ctrl Pts',(183.640036052995,-24.4143617985435,70.1035162724936));
#7908=CARTESIAN_POINT('Ctrl Pts',(175.263296803892,-30.0777491178418,72.1035162724936));
#7909=CARTESIAN_POINT('Ctrl Pts',(175.263296803892,-30.0777491178418,70.1035162724936));
#7910=CARTESIAN_POINT('Ctrl Pts',(169.240628089242,-26.9522449629914,72.1035162724936));
#7911=CARTESIAN_POINT('Ctrl Pts',(169.240628089242,-26.9522449629914,70.1035162724936));
#7912=CARTESIAN_POINT('',(180.589022352934,-16.9928303714177,70.1035162724936));
#7913=CARTESIAN_POINT('',(180.589022352934,-16.9928303714177,72.1035162724936));
#7914=CARTESIAN_POINT('Ctrl Pts',(169.240628089242,-26.9522449629914,70.1035162724936));
#7915=CARTESIAN_POINT('Ctrl Pts',(175.263296803892,-30.0777491178418,70.1035162724936));
#7916=CARTESIAN_POINT('Ctrl Pts',(183.640036052995,-24.4143617985435,70.1035162724936));
#7917=CARTESIAN_POINT('Ctrl Pts',(180.589022352934,-16.9928303714178,70.1035162724936));
#7918=CARTESIAN_POINT('Ctrl Pts',(189.782855017049,-21.1849666037861,72.1035162724936));
#7919=CARTESIAN_POINT('Ctrl Pts',(189.782855017049,-21.1849666037861,70.1035162724936));
#7920=CARTESIAN_POINT('Ctrl Pts',(186.784944938183,-20.2419668984288,72.1035162724936));
#7921=CARTESIAN_POINT('Ctrl Pts',(186.784944938183,-20.2419668984288,70.1035162724936));
#7922=CARTESIAN_POINT('Ctrl Pts',(183.700858171111,-18.7357981161626,72.1035162724936));
#7923=CARTESIAN_POINT('Ctrl Pts',(183.700858171111,-18.7357981161626,70.1035162724936));
#7924=CARTESIAN_POINT('Ctrl Pts',(180.623704861135,-16.5766648859172,72.1035162724936));
#7925=CARTESIAN_POINT('Ctrl Pts',(180.623704861135,-16.5766648859172,70.1035162724936));
#7926=CARTESIAN_POINT('',(189.782855017215,-21.1849666038384,70.1035162724936));
#7927=CARTESIAN_POINT('',(189.782855017049,-21.1849666037861,72.1035162724936));
#7928=CARTESIAN_POINT('',(180.623704861135,-16.5766648859172,70.1035162724936));
#7929=CARTESIAN_POINT('Ctrl Pts',(180.623704861135,-16.5766648859172,70.1035162724936));
#7930=CARTESIAN_POINT('Ctrl Pts',(183.700858171111,-18.7357981161626,70.1035162724936));
#7931=CARTESIAN_POINT('Ctrl Pts',(186.784944938183,-20.2419668984288,70.1035162724936));
#7932=CARTESIAN_POINT('Ctrl Pts',(189.782855017049,-21.1849666037861,70.1035162724936));
#7933=CARTESIAN_POINT('',(180.623704861135,-16.5766648859172,72.1035162724936));
#7934=CARTESIAN_POINT('Ctrl Pts',(155.846290432076,22.7364482575286,72.1035162724936));
#7935=CARTESIAN_POINT('Ctrl Pts',(155.846290432076,22.7364482575286,70.1035162724936));
#7936=CARTESIAN_POINT('Ctrl Pts',(157.695481957201,22.5317654077637,72.1035162724936));
#7937=CARTESIAN_POINT('Ctrl Pts',(157.695481957201,22.5317654077637,70.1035162724936));
#7938=CARTESIAN_POINT('Ctrl Pts',(159.400025888785,22.4486149229235,72.1035162724936));
#7939=CARTESIAN_POINT('Ctrl Pts',(159.400025888785,22.4486149229235,70.1035162724936));
#7940=CARTESIAN_POINT('Ctrl Pts',(160.979121092166,22.4709145863414,72.1035162724936));
#7941=CARTESIAN_POINT('Ctrl Pts',(160.979121092166,22.4709145863414,70.1035162724936));
#7942=CARTESIAN_POINT('',(155.846290432076,22.7364482575286,70.1035162724936));
#7943=CARTESIAN_POINT('',(155.846290432076,22.7364482575286,72.1035162724936));
#7944=CARTESIAN_POINT('',(160.979121092166,22.4709145863415,70.1035162724936));
#7945=CARTESIAN_POINT('Ctrl Pts',(160.979121092166,22.4709145863414,70.1035162724936));
#7946=CARTESIAN_POINT('Ctrl Pts',(159.400025888785,22.4486149229235,70.1035162724936));
#7947=CARTESIAN_POINT('Ctrl Pts',(157.695481957201,22.5317654077637,70.1035162724936));
#7948=CARTESIAN_POINT('Ctrl Pts',(155.846290432076,22.7364482575286,70.1035162724936));
#7949=CARTESIAN_POINT('',(160.979121092166,22.4709145863414,72.1035162724936));
#7950=CARTESIAN_POINT('Ctrl Pts',(140.830442738442,41.0315205002654,72.1035162724936));
#7951=CARTESIAN_POINT('Ctrl Pts',(140.830442738442,41.0315205002654,70.1035162724936));
#7952=CARTESIAN_POINT('Ctrl Pts',(138.390211600213,28.4332143414367,72.1035162724936));
#7953=CARTESIAN_POINT('Ctrl Pts',(138.390211600213,28.4332143414367,70.1035162724936));
#7954=CARTESIAN_POINT('Ctrl Pts',(149.814179700952,23.7251491001952,72.1035162724936));
#7955=CARTESIAN_POINT('Ctrl Pts',(149.814179700952,23.7251491001952,70.1035162724936));
#7956=CARTESIAN_POINT('Ctrl Pts',(155.846290432076,22.7364482575286,72.1035162724936));
#7957=CARTESIAN_POINT('Ctrl Pts',(155.846290432076,22.7364482575286,70.1035162724936));
#7958=CARTESIAN_POINT('',(146.407519522726,26.546329848827,70.1035162724936));
#7959=CARTESIAN_POINT('Ctrl Pts',(146.407519522726,26.546329848827,70.1035162724936));
#7960=CARTESIAN_POINT('Ctrl Pts',(146.407519522726,26.546329848827,70.4368496058269));
#7961=CARTESIAN_POINT('Ctrl Pts',(146.407519522726,26.546329848827,70.7701829391603));
#7962=CARTESIAN_POINT('Ctrl Pts',(146.407519522726,26.546329848827,71.4368496058269));
#7963=CARTESIAN_POINT('Ctrl Pts',(146.407519522726,26.546329848827,71.7701829391603));
#7964=CARTESIAN_POINT('Ctrl Pts',(146.407519522726,26.546329848827,72.1035162724936));
#7965=CARTESIAN_POINT('Ctrl Pts',(155.846290432076,22.7364482575286,70.1035162724936));
#7966=CARTESIAN_POINT('Ctrl Pts',(153.196410051196,23.1707802985542,70.1035162724936));
#7967=CARTESIAN_POINT('Ctrl Pts',(149.506005137154,24.3228779700846,70.1035162724936));
#7968=CARTESIAN_POINT('Ctrl Pts',(146.407519522726,26.546329848827,70.1035162724936));
#7969=CARTESIAN_POINT('Origin',(175.578113255177,-16.3657019842309,70.1035162724936));
#7970=CARTESIAN_POINT('',(170.528113255177,-16.3657019842309,78.1035162724936));
#7971=CARTESIAN_POINT('',(170.528113255177,-16.3657019842309,70.1035162724936));
#7972=CARTESIAN_POINT('Origin',(175.578113255177,-16.3657019842309,78.1035162724936));
#7973=CARTESIAN_POINT('Origin',(175.578113255177,-16.3657019842309,70.1035162724936));
#7974=CARTESIAN_POINT('Origin',(186.760942716851,-6.36848611024387,70.1035162724936));
#7975=CARTESIAN_POINT('',(142.932430625648,42.657841064525,70.1035162724936));
#7976=CARTESIAN_POINT('',(136.620024735932,49.7188627977107,70.1035162724936));
#7977=CARTESIAN_POINT('',(142.932430625648,42.657841064525,78.1035162724936));
#7978=CARTESIAN_POINT('',(142.932430625648,42.657841064525,74.1035162724936));
#7979=CARTESIAN_POINT('',(186.760942716851,-6.36848611024387,78.1035162724936));
#7980=CARTESIAN_POINT('',(136.620024735932,49.7188627977107,78.1035162724936));
#7981=CARTESIAN_POINT('',(186.760942716851,-6.36848611024387,70.1035162724936));
#7982=CARTESIAN_POINT('Origin',(132.764912659889,33.5682924529954,78.1035162724936));
#7983=CARTESIAN_POINT('',(147.294836740699,27.3395729012391,70.1035162724936));
#7984=CARTESIAN_POINT('',(99.275489120759,47.9246115923862,70.1035162724936));
#7985=CARTESIAN_POINT('',(147.294836740699,27.3395729012391,78.1035162724936));
#7986=CARTESIAN_POINT('',(147.294836740699,27.3395729012391,78.1035162724936));
#7987=CARTESIAN_POINT('',(132.764912659889,33.5682924529954,78.1035162724936));
#7988=CARTESIAN_POINT('',(99.275489120759,47.9246115923862,78.1035162724936));
#7989=CARTESIAN_POINT('',(132.764912659889,33.5682924529954,78.1035162724936));
#7990=CARTESIAN_POINT('Origin',(65.9370497025956,62.6331359959283,70.1035162724936));
#7991=CARTESIAN_POINT('',(133.453652678335,14.9658435604435,70.1035162724936));
#7992=CARTESIAN_POINT('',(126.497923808479,27.9657353683033,70.1035162724936));
#7993=CARTESIAN_POINT('Origin',(65.9370497025956,62.6331359959283,70.1035162724936));
#7994=CARTESIAN_POINT('',(118.014546914998,20.0678373825023,70.1035162724936));
#7995=CARTESIAN_POINT('Origin',(104.977962136305,-12.4136566919386,70.1035162724936));
#7996=CARTESIAN_POINT('',(119.708390433199,21.5820980949856,70.1035162724936));
#7997=CARTESIAN_POINT('Origin',(65.9370497025956,62.6331359959283,70.1035162724936));
#7998=CARTESIAN_POINT('Origin',(175.578113255177,-16.3657019842309,70.1035162724936));
#7999=CARTESIAN_POINT('Origin',(129.197376376673,30.0650532564894,78.1035162724936));
#8000=CARTESIAN_POINT('',(118.014546914998,20.0678373825023,78.1035162724936));
#8001=CARTESIAN_POINT('',(118.014546914998,20.0678373825023,70.1035162724936));
#8002=CARTESIAN_POINT('',(129.197376376673,30.0650532564894,78.1035162724936));
#8003=CARTESIAN_POINT('',(119.708390433199,21.5820980949856,78.1035162724936));
#8004=CARTESIAN_POINT('',(129.197376376673,30.0650532564894,78.1035162724936));
#8005=CARTESIAN_POINT('Origin',(133.690932549203,15.1779668070464,78.1035162724936));
#8006=CARTESIAN_POINT('',(133.690932549203,15.1779668070464,78.1035162724936));
#8007=CARTESIAN_POINT('',(124.298207208762,46.2959296788185,78.1035162724936));
#8008=CARTESIAN_POINT('',(133.690932549203,15.1779668070464,78.1035162724936));
#8009=CARTESIAN_POINT('Origin',(147.294836740699,27.3395729012391,78.1035162724936));
#8010=CARTESIAN_POINT('',(133.453652678335,14.9658435604435,78.1035162724936));
#8011=CARTESIAN_POINT('Origin',(142.932430625648,42.657841064525,78.1035162724936));
#8012=CARTESIAN_POINT('',(126.497923808479,27.9657353683033,78.1035162724936));
#8013=CARTESIAN_POINT('Origin',(104.977962136305,-12.4136566919386,70.1035162724936));
#8014=CARTESIAN_POINT('',(131.071230880212,10.9131803473645,78.1035162724936));
#8015=CARTESIAN_POINT('',(131.071230880212,10.9131803473645,70.1035162724936));
#8016=CARTESIAN_POINT('Origin',(104.977962136305,-12.4136566919386,78.1035162724936));
#8017=CARTESIAN_POINT('Origin',(65.9370497025956,62.6331359959283,78.1035162724936));
#8018=CARTESIAN_POINT('',(164.395283793503,-26.362917858218,78.1035162724936));
#8019=CARTESIAN_POINT('',(131.071230880212,10.9131803473645,78.1035162724936));
#8020=CARTESIAN_POINT('Origin',(175.578113255177,-16.3657019842309,78.1035162724936));
#8021=CARTESIAN_POINT('Origin',(65.9370497025956,62.6331359959283,70.1035162724936));
#8022=CARTESIAN_POINT('Origin',(175.578113255177,-16.3657019842309,70.1035162724936));
#8023=CARTESIAN_POINT('',(164.395283793503,-26.362917858218,70.1035162724936));
#8024=CARTESIAN_POINT('Origin',(131.071230880212,10.9131803473645,70.1035162724936));
#8025=CARTESIAN_POINT('Ctrl Pts',(150.078350010747,90.6018161695533,72.1035162724936));
#8026=CARTESIAN_POINT('Ctrl Pts',(150.078350010747,90.6018161695533,70.1035162724936));
#8027=CARTESIAN_POINT('Ctrl Pts',(143.029330242758,95.9639475954005,72.1035162724936));
#8028=CARTESIAN_POINT('Ctrl Pts',(143.029330242758,95.9639475954005,70.1035162724936));
#8029=CARTESIAN_POINT('Ctrl Pts',(128.489713716509,94.2376036259661,72.1035162724936));
#8030=CARTESIAN_POINT('Ctrl Pts',(128.489713716509,94.2376036259661,70.1035162724936));
#8031=CARTESIAN_POINT('Ctrl Pts',(121.041743569093,82.2529261940826,72.1035162724936));
#8032=CARTESIAN_POINT('Ctrl Pts',(121.041743569093,82.2529261940826,70.1035162724936));
#8033=CARTESIAN_POINT('',(135.565759778535,92.898652791685,72.1035162724936));
#8034=CARTESIAN_POINT('',(135.565759778535,92.898652791685,70.1035162724936));
#8035=CARTESIAN_POINT('Ctrl Pts',(135.565759778534,92.898652791685,72.1035162724936));
#8036=CARTESIAN_POINT('Ctrl Pts',(135.565759778534,92.898652791685,71.7701829391603));
#8037=CARTESIAN_POINT('Ctrl Pts',(135.565759778534,92.898652791685,71.4368496058269));
#8038=CARTESIAN_POINT('Ctrl Pts',(135.565759778534,92.898652791685,70.7701829391603));
#8039=CARTESIAN_POINT('Ctrl Pts',(135.565759778534,92.898652791685,70.4368496058269));
#8040=CARTESIAN_POINT('Ctrl Pts',(135.565759778534,92.898652791685,70.1035162724936));
#8041=CARTESIAN_POINT('',(150.078350010747,90.6018161695533,72.1035162724936));
#8042=CARTESIAN_POINT('Ctrl Pts',(150.078350010747,90.6018161695533,72.1035162724936));
#8043=CARTESIAN_POINT('Ctrl Pts',(146.522806858616,93.3064886345925,72.1035162724936));
#8044=CARTESIAN_POINT('Ctrl Pts',(141.061492026271,94.2076978909995,72.1035162724936));
#8045=CARTESIAN_POINT('Ctrl Pts',(135.565759778535,92.898652791685,72.1035162724936));
#8046=CARTESIAN_POINT('',(150.078350010747,90.6018161695533,70.1035162724936));
#8047=CARTESIAN_POINT('',(150.078350010747,90.6018161695533,72.1035162724936));
#8048=CARTESIAN_POINT('Ctrl Pts',(135.565759778535,92.898652791685,70.1035162724936));
#8049=CARTESIAN_POINT('Ctrl Pts',(141.061492026271,94.2076978909995,70.1035162724936));
#8050=CARTESIAN_POINT('Ctrl Pts',(146.522806858616,93.3064886345925,70.1035162724936));
#8051=CARTESIAN_POINT('Ctrl Pts',(150.078350010747,90.6018161695533,70.1035162724936));
#8052=CARTESIAN_POINT('Ctrl Pts',(124.83938160563,92.1143332764495,72.1035162724936));
#8053=CARTESIAN_POINT('Ctrl Pts',(124.83938160563,92.1143332764495,70.1035162724936));
#8054=CARTESIAN_POINT('Ctrl Pts',(129.703046433549,97.5342367539275,72.1035162724936));
#8055=CARTESIAN_POINT('Ctrl Pts',(129.703046433549,97.5342367539275,70.1035162724936));
#8056=CARTESIAN_POINT('Ctrl Pts',(140.155440771203,103.684588886915,72.1035162724936));
#8057=CARTESIAN_POINT('Ctrl Pts',(140.155440771203,103.684588886915,70.1035162724936));
#8058=CARTESIAN_POINT('Ctrl Pts',(148.809038510041,101.612363338362,72.1035162724936));
#8059=CARTESIAN_POINT('Ctrl Pts',(148.809038510041,101.612363338362,70.1035162724936));
#8060=CARTESIAN_POINT('',(128.703926811454,95.6423523360651,70.1035162724936));
#8061=CARTESIAN_POINT('',(128.703926811454,95.6423523360651,72.1035162724936));
#8062=CARTESIAN_POINT('Ctrl Pts',(128.703926811454,95.6423523360651,70.1035162724936));
#8063=CARTESIAN_POINT('Ctrl Pts',(128.703926811454,95.6423523360651,70.4368496058269));
#8064=CARTESIAN_POINT('Ctrl Pts',(128.703926811454,95.6423523360651,70.7701829391603));
#8065=CARTESIAN_POINT('Ctrl Pts',(128.703926811454,95.6423523360651,71.4368496058269));
#8066=CARTESIAN_POINT('Ctrl Pts',(128.703926811454,95.6423523360651,71.7701829391603));
#8067=CARTESIAN_POINT('Ctrl Pts',(128.703926811454,95.6423523360651,72.1035162724936));
#8068=CARTESIAN_POINT('',(129.511861307188,96.2431027505806,70.1035162724936));
#8069=CARTESIAN_POINT('Ctrl Pts',(129.511861307188,96.2431027505806,70.1035162724936));
#8070=CARTESIAN_POINT('Ctrl Pts',(129.237051172932,96.0449233299729,70.1035162724936));
#8071=CARTESIAN_POINT('Ctrl Pts',(128.967604340915,95.8445091796598,70.1035162724936));
#8072=CARTESIAN_POINT('Ctrl Pts',(128.703926811454,95.6423523360651,70.1035162724936));
#8073=CARTESIAN_POINT('',(129.511861307188,96.2431027505806,72.1035162724936));
#8074=CARTESIAN_POINT('Ctrl Pts',(129.511861307188,96.2431027505805,72.1035162724936));
#8075=CARTESIAN_POINT('Ctrl Pts',(129.511861307188,96.2431027505805,71.7701829391603));
#8076=CARTESIAN_POINT('Ctrl Pts',(129.511861307188,96.2431027505805,71.4368496058269));
#8077=CARTESIAN_POINT('Ctrl Pts',(129.511861307188,96.2431027505805,70.7701829391603));
#8078=CARTESIAN_POINT('Ctrl Pts',(129.511861307188,96.2431027505805,70.4368496058269));
#8079=CARTESIAN_POINT('Ctrl Pts',(129.511861307188,96.2431027505805,70.1035162724936));
#8080=CARTESIAN_POINT('Ctrl Pts',(129.511861307188,96.2431027505806,72.1035162724936));
#8081=CARTESIAN_POINT('Ctrl Pts',(129.237051172951,96.0449233299848,72.1035162724936));
#8082=CARTESIAN_POINT('Ctrl Pts',(128.967604340902,95.8445091796507,72.1035162724936));
#8083=CARTESIAN_POINT('Ctrl Pts',(128.703926811454,95.6423523360651,72.1035162724936));
#8084=CARTESIAN_POINT('Ctrl Pts',(142.958334729295,112.302449126898,72.1035162724936));
#8085=CARTESIAN_POINT('Ctrl Pts',(142.958334729295,112.302449126898,70.1035162724936));
#8086=CARTESIAN_POINT('Ctrl Pts',(138.180923357491,109.930218125807,72.1035162724936));
#8087=CARTESIAN_POINT('Ctrl Pts',(138.180923357491,109.930218125807,70.1035162724936));
#8088=CARTESIAN_POINT('Ctrl Pts',(125.322579510026,95.8330384129394,72.1035162724936));
#8089=CARTESIAN_POINT('Ctrl Pts',(125.322579510026,95.8330384129394,70.1035162724936));
#8090=CARTESIAN_POINT('Ctrl Pts',(124.83938160563,92.1143332764495,72.1035162724936));
#8091=CARTESIAN_POINT('Ctrl Pts',(124.83938160563,92.1143332764495,70.1035162724936));
#8092=CARTESIAN_POINT('',(131.03915935483,101.303019038778,70.1035162724936));
#8093=CARTESIAN_POINT('',(131.03915935483,101.303019038778,72.1035162724936));
#8094=CARTESIAN_POINT('Ctrl Pts',(131.03915935483,101.303019038778,70.1035162724936));
#8095=CARTESIAN_POINT('Ctrl Pts',(131.03915935483,101.303019038778,70.4368496058269));
#8096=CARTESIAN_POINT('Ctrl Pts',(131.03915935483,101.303019038778,70.7701829391603));
#8097=CARTESIAN_POINT('Ctrl Pts',(131.03915935483,101.303019038778,71.4368496058269));
#8098=CARTESIAN_POINT('Ctrl Pts',(131.03915935483,101.303019038778,71.7701829391603));
#8099=CARTESIAN_POINT('Ctrl Pts',(131.03915935483,101.303019038778,72.1035162724936));
#8100=CARTESIAN_POINT('',(127.413534839309,96.7959357964763,70.1035162724936));
#8101=CARTESIAN_POINT('Ctrl Pts',(127.413534839309,96.7959357964763,70.1035162724936));
#8102=CARTESIAN_POINT('Ctrl Pts',(128.430568084359,98.1909747466215,70.1035162724936));
#8103=CARTESIAN_POINT('Ctrl Pts',(129.680502926996,99.7380626044644,70.1035162724936));
#8104=CARTESIAN_POINT('Ctrl Pts',(131.03915935483,101.303019038778,70.1035162724936));
#8105=CARTESIAN_POINT('',(127.413534839309,96.7959357964763,72.1035162724936));
#8106=CARTESIAN_POINT('Ctrl Pts',(127.413534839309,96.7959357964763,72.1035162724936));
#8107=CARTESIAN_POINT('Ctrl Pts',(127.413534839309,96.7959357964763,71.7701829391603));
#8108=CARTESIAN_POINT('Ctrl Pts',(127.413534839309,96.7959357964763,71.4368496058269));
#8109=CARTESIAN_POINT('Ctrl Pts',(127.413534839309,96.7959357964763,70.7701829391603));
#8110=CARTESIAN_POINT('Ctrl Pts',(127.413534839309,96.7959357964763,70.4368496058269));
#8111=CARTESIAN_POINT('Ctrl Pts',(127.413534839309,96.7959357964763,70.1035162724936));
#8112=CARTESIAN_POINT('Ctrl Pts',(127.413534839309,96.7959357964763,72.1035162724936));
#8113=CARTESIAN_POINT('Ctrl Pts',(128.430568084359,98.1909747466215,72.1035162724936));
#8114=CARTESIAN_POINT('Ctrl Pts',(129.680502926996,99.7380626044644,72.1035162724936));
#8115=CARTESIAN_POINT('Ctrl Pts',(131.03915935483,101.303019038778,72.1035162724936));
#8116=CARTESIAN_POINT('Ctrl Pts',(142.958334729295,112.302449126898,72.1035162724936));
#8117=CARTESIAN_POINT('Ctrl Pts',(142.958334729295,112.302449126898,70.1035162724936));
#8118=CARTESIAN_POINT('Ctrl Pts',(138.180923357491,109.930218125807,72.1035162724936));
#8119=CARTESIAN_POINT('Ctrl Pts',(138.180923357491,109.930218125807,70.1035162724936));
#8120=CARTESIAN_POINT('Ctrl Pts',(125.322579510026,95.8330384129394,72.1035162724936));
#8121=CARTESIAN_POINT('Ctrl Pts',(125.322579510026,95.8330384129394,70.1035162724936));
#8122=CARTESIAN_POINT('Ctrl Pts',(124.83938160563,92.1143332764495,72.1035162724936));
#8123=CARTESIAN_POINT('Ctrl Pts',(124.83938160563,92.1143332764495,70.1035162724936));
#8124=CARTESIAN_POINT('',(136.762070938007,107.342771636527,72.1035162724936));
#8125=CARTESIAN_POINT('',(136.762070938007,107.342771636527,70.1035162724936));
#8126=CARTESIAN_POINT('Ctrl Pts',(136.762070938007,107.342771636527,72.1035162724936));
#8127=CARTESIAN_POINT('Ctrl Pts',(136.762070938007,107.342771636527,71.7701829391603));
#8128=CARTESIAN_POINT('Ctrl Pts',(136.762070938007,107.342771636527,71.4368496058269));
#8129=CARTESIAN_POINT('Ctrl Pts',(136.762070938007,107.342771636527,70.7701829391603));
#8130=CARTESIAN_POINT('Ctrl Pts',(136.762070938007,107.342771636527,70.4368496058269));
#8131=CARTESIAN_POINT('Ctrl Pts',(136.762070938007,107.342771636527,70.1035162724936));
#8132=CARTESIAN_POINT('',(142.958334729295,112.302449126898,72.1035162724936));
#8133=CARTESIAN_POINT('Ctrl Pts',(136.762070938007,107.342771636527,72.1035162724936));
#8134=CARTESIAN_POINT('Ctrl Pts',(139.199303133843,109.688012831348,72.1035162724936));
#8135=CARTESIAN_POINT('Ctrl Pts',(141.470631767441,111.563727921654,72.1035162724936));
#8136=CARTESIAN_POINT('Ctrl Pts',(142.958334729295,112.302449126898,72.1035162724936));
#8137=CARTESIAN_POINT('',(142.958334729295,112.302449126898,70.1035162724936));
#8138=CARTESIAN_POINT('',(142.958334729295,112.302449126898,72.1035162724936));
#8139=CARTESIAN_POINT('Ctrl Pts',(136.762070938007,107.342771636527,70.1035162724936));
#8140=CARTESIAN_POINT('Ctrl Pts',(139.199303133843,109.688012831348,70.1035162724936));
#8141=CARTESIAN_POINT('Ctrl Pts',(141.470631767441,111.563727921654,70.1035162724936));
#8142=CARTESIAN_POINT('Ctrl Pts',(142.958334729295,112.302449126898,70.1035162724936));
#8143=CARTESIAN_POINT('Origin',(18.4370497025956,63.0466774510599,72.1035162724936));
#8144=CARTESIAN_POINT('',(133.690932549203,110.08830518481,72.1035162724936));
#8145=CARTESIAN_POINT('',(113.348639889619,128.273889771131,72.1035162724936));
#8146=CARTESIAN_POINT('',(120.125475857367,65.146143844514,72.1035162724936));
#8147=CARTESIAN_POINT('',(118.014546914998,105.198434609354,72.1035162724936));
#8148=CARTESIAN_POINT('',(100.813915009394,120.575440126486,72.1035162724936));
#8149=CARTESIAN_POINT('',(131.071230880212,114.353091644492,72.1035162724936));
#8150=CARTESIAN_POINT('Origin',(104.977962136305,137.679928683795,72.1035162724936));
#8151=CARTESIAN_POINT('',(137.849478740025,121.935201585968,72.1035162724936));
#8152=CARTESIAN_POINT('',(109.970904796511,90.7503855357113,72.1035162724936));
#8153=CARTESIAN_POINT('',(138.69196135035,120.109774102675,72.1035162724936));
#8154=CARTESIAN_POINT('Ctrl Pts',(137.849478740025,121.935201585968,72.1035162724936));
#8155=CARTESIAN_POINT('Ctrl Pts',(138.136697934106,121.375766380508,72.1035162724936));
#8156=CARTESIAN_POINT('Ctrl Pts',(138.407029305469,120.780590149559,72.1035162724936));
#8157=CARTESIAN_POINT('Ctrl Pts',(138.69196135035,120.109774102675,72.1035162724936));
#8158=CARTESIAN_POINT('',(161.943929067521,130.055855159079,72.1035162724936));
#8159=CARTESIAN_POINT('Ctrl Pts',(138.69196135035,120.109774102675,72.1035162724936));
#8160=CARTESIAN_POINT('Ctrl Pts',(145.184374363046,124.598112784849,72.1035162724936));
#8161=CARTESIAN_POINT('Ctrl Pts',(153.262724728875,128.328492354094,72.1035162724936));
#8162=CARTESIAN_POINT('Ctrl Pts',(161.943929067521,130.055855159079,72.1035162724936));
#8163=CARTESIAN_POINT('',(148.875483281739,134.268828266421,72.1035162724936));
#8164=CARTESIAN_POINT('Ctrl Pts',(161.943929067521,130.055855159079,72.1035162724936));
#8165=CARTESIAN_POINT('Ctrl Pts',(157.372791434563,130.965415123168,72.1035162724936));
#8166=CARTESIAN_POINT('Ctrl Pts',(152.96880164022,132.430329521732,72.1035162724936));
#8167=CARTESIAN_POINT('Ctrl Pts',(148.875483281739,134.268828266421,72.1035162724936));
#8168=CARTESIAN_POINT('',(157.922228393776,144.388466478334,72.1035162724936));
#8169=CARTESIAN_POINT('',(109.970904796511,90.7503855357113,72.1035162724936));
#8170=CARTESIAN_POINT('',(184.166639119015,153.929828402214,72.1035162724936));
#8171=CARTESIAN_POINT('Ctrl Pts',(157.922228393776,144.388466478334,72.1035162724936));
#8172=CARTESIAN_POINT('Ctrl Pts',(167.660474942216,142.881500643058,72.1035162724936));
#8173=CARTESIAN_POINT('Ctrl Pts',(178.177395061589,147.177332473211,72.1035162724936));
#8174=CARTESIAN_POINT('Ctrl Pts',(184.166639119015,153.929828402214,72.1035162724936));
#8175=CARTESIAN_POINT('',(189.638077138594,136.405367467365,72.1035162724936));
#8176=CARTESIAN_POINT('Origin',(175.578113255177,141.631973976087,72.1035162724936));
#8177=CARTESIAN_POINT('',(170.492731604104,130.055868893706,72.1035162724936));
#8178=CARTESIAN_POINT('Ctrl Pts',(170.492731604104,130.055868893706,72.1035162724936));
#8179=CARTESIAN_POINT('Ctrl Pts',(178.026387046897,131.510333966268,72.1035162724936));
#8180=CARTESIAN_POINT('Ctrl Pts',(184.391440428289,133.731874360982,72.1035162724936));
#8181=CARTESIAN_POINT('Ctrl Pts',(189.638077138594,136.405367467365,72.1035162724936));
#8182=CARTESIAN_POINT('',(182.445463236837,126.807487021965,72.1035162724936));
#8183=CARTESIAN_POINT('Ctrl Pts',(182.445463236837,126.807487021965,72.1035162724936));
#8184=CARTESIAN_POINT('Ctrl Pts',(178.848786464062,128.107837087203,72.1035162724936));
#8185=CARTESIAN_POINT('Ctrl Pts',(174.867818940065,129.211204339043,72.1035162724936));
#8186=CARTESIAN_POINT('Ctrl Pts',(170.492731604104,130.055868893706,72.1035162724936));
#8187=CARTESIAN_POINT('',(171.38096175651,114.430797882452,72.1035162724936));
#8188=CARTESIAN_POINT('',(107.266104729401,42.7122793337598,72.1035162724936));
#8189=CARTESIAN_POINT('',(147.184671671205,111.102866824805,72.1035162724936));
#8190=CARTESIAN_POINT('Ctrl Pts',(147.184671671205,111.102866824805,72.1035162724936));
#8191=CARTESIAN_POINT('Ctrl Pts',(154.27435337002,116.683875025418,72.1035162724936));
#8192=CARTESIAN_POINT('Ctrl Pts',(163.433962439111,117.103206743791,72.1035162724936));
#8193=CARTESIAN_POINT('Ctrl Pts',(171.38096175651,114.430797882452,72.1035162724936));
#8194=CARTESIAN_POINT('Ctrl Pts',(142.958334729295,112.302449126898,72.1035162724936));
#8195=CARTESIAN_POINT('Ctrl Pts',(143.896464676194,109.991831661497,72.1035162724936));
#8196=CARTESIAN_POINT('Ctrl Pts',(146.122861410241,109.86017152928,72.1035162724936));
#8197=CARTESIAN_POINT('Ctrl Pts',(147.184671671205,111.102866824805,72.1035162724936));
#8198=CARTESIAN_POINT('',(170.528113255177,141.631973976087,72.1035162724936));
#8199=CARTESIAN_POINT('Origin',(175.578113255177,141.631973976087,72.1035162724936));
#8200=CARTESIAN_POINT('Origin',(18.4370497025956,63.0466774510599,72.1035162724936));
#8201=CARTESIAN_POINT('',(129.197376376673,95.2012187353672,72.1035162724936));
#8202=CARTESIAN_POINT('',(100.813915009394,120.575440126486,72.1035162724936));
#8203=CARTESIAN_POINT('',(120.125475857367,65.146143844514,72.1035162724936));
#8204=CARTESIAN_POINT('Origin',(18.4370497025956,63.0466774510599,72.1035162724936));
#8205=CARTESIAN_POINT('',(142.876422987255,101.876668663627,72.1035162724936));
#8206=CARTESIAN_POINT('',(147.294836740699,97.9266990906174,72.1035162724936));
#8207=CARTESIAN_POINT('',(113.348639889619,128.273889771131,72.1035162724936));
#8208=CARTESIAN_POINT('',(148.809038510041,101.612363338362,72.1035162724936));
#8209=CARTESIAN_POINT('Ctrl Pts',(148.809038510041,101.612363338362,72.1035162724936));
#8210=CARTESIAN_POINT('Ctrl Pts',(146.892957534727,102.071195845947,72.1035162724936));
#8211=CARTESIAN_POINT('Ctrl Pts',(144.888687163264,102.126900973264,72.1035162724936));
#8212=CARTESIAN_POINT('Ctrl Pts',(142.876422987255,101.876668663627,72.1035162724936));
#8213=CARTESIAN_POINT('',(148.965489643578,98.9480242951263,72.1035162724936));
#8214=CARTESIAN_POINT('Ctrl Pts',(148.965489643578,98.9480242951263,72.1035162724936));
#8215=CARTESIAN_POINT('Ctrl Pts',(149.325460476594,99.7601527760375,72.1035162724936));
#8216=CARTESIAN_POINT('Ctrl Pts',(149.319073875146,100.830602117239,72.1035162724936));
#8217=CARTESIAN_POINT('Ctrl Pts',(148.809038510041,101.612363338362,72.1035162724936));
#8218=CARTESIAN_POINT('',(155.771484700708,96.9701246208934,72.1035162724936));
#8219=CARTESIAN_POINT('Ctrl Pts',(155.771484700708,96.9701246208934,72.1035162724936));
#8220=CARTESIAN_POINT('Ctrl Pts',(153.149853408396,98.681783034247,72.1035162724936));
#8221=CARTESIAN_POINT('Ctrl Pts',(150.351571415566,99.0122570297574,72.1035162724936));
#8222=CARTESIAN_POINT('Ctrl Pts',(148.965489643578,98.9480242951263,72.1035162724936));
#8223=CARTESIAN_POINT('',(107.266104729401,42.7122793337598,72.1035162724936));
#8224=CARTESIAN_POINT('',(86.5522838649634,71.8874490149492,72.1035162724936));
#8225=CARTESIAN_POINT('Origin',(18.4370497025956,63.0466774510599,72.1035162724936));
#8226=CARTESIAN_POINT('',(139.690858771846,85.5063284321236,72.1035162724936));
#8227=CARTESIAN_POINT('',(142.932430625648,82.6084309273315,72.1035162724936));
#8228=CARTESIAN_POINT('',(108.111104132631,113.737969221939,72.1035162724936));
#8229=CARTESIAN_POINT('',(143.345550816456,83.070544849769,72.1035162724936));
#8230=CARTESIAN_POINT('Ctrl Pts',(139.690858771846,85.5063284321236,72.1035162724936));
#8231=CARTESIAN_POINT('Ctrl Pts',(141.17343787136,84.965507915471,72.1035162724936));
#8232=CARTESIAN_POINT('Ctrl Pts',(142.437066549517,84.1637153880206,72.1035162724936));
#8233=CARTESIAN_POINT('Ctrl Pts',(143.345550816456,83.070544849769,72.1035162724936));
#8234=CARTESIAN_POINT('',(107.266104729401,42.7122793337598,72.1035162724936));
#8235=CARTESIAN_POINT('Ctrl Pts',(121.041743569093,82.2529261940826,72.1035162724936));
#8236=CARTESIAN_POINT('Ctrl Pts',(121.041743569093,82.2529261940826,70.1035162724936));
#8237=CARTESIAN_POINT('Ctrl Pts',(126.82240506607,86.8948063973815,72.1035162724936));
#8238=CARTESIAN_POINT('Ctrl Pts',(126.82240506607,86.8948063973815,70.1035162724936));
#8239=CARTESIAN_POINT('Ctrl Pts',(139.051356216045,88.2377086560305,72.1035162724936));
#8240=CARTESIAN_POINT('Ctrl Pts',(139.051356216045,88.2377086560305,70.1035162724936));
#8241=CARTESIAN_POINT('Ctrl Pts',(143.345550816456,83.070544849769,72.1035162724936));
#8242=CARTESIAN_POINT('Ctrl Pts',(143.345550816456,83.070544849769,70.1035162724936));
#8243=CARTESIAN_POINT('',(139.690858771846,85.5063284321236,70.1035162724936));
#8244=CARTESIAN_POINT('Ctrl Pts',(139.690858771846,85.5063284321236,70.1035162724936));
#8245=CARTESIAN_POINT('Ctrl Pts',(139.690858771846,85.5063284321236,70.4368496058269));
#8246=CARTESIAN_POINT('Ctrl Pts',(139.690858771846,85.5063284321236,70.7701829391603));
#8247=CARTESIAN_POINT('Ctrl Pts',(139.690858771846,85.5063284321236,71.4368496058269));
#8248=CARTESIAN_POINT('Ctrl Pts',(139.690858771846,85.5063284321236,71.7701829391603));
#8249=CARTESIAN_POINT('Ctrl Pts',(139.690858771846,85.5063284321236,72.1035162724936));
#8250=CARTESIAN_POINT('',(143.345550816456,83.070544849769,70.1035162724936));
#8251=CARTESIAN_POINT('Ctrl Pts',(143.345550816456,83.070544849769,70.1035162724936));
#8252=CARTESIAN_POINT('Ctrl Pts',(142.437066549517,84.1637153880206,70.1035162724936));
#8253=CARTESIAN_POINT('Ctrl Pts',(141.17343787136,84.965507915471,70.1035162724936));
#8254=CARTESIAN_POINT('Ctrl Pts',(139.690858771846,85.5063284321236,70.1035162724936));
#8255=CARTESIAN_POINT('',(143.345550816456,83.070544849769,72.1035162724936));
#8256=CARTESIAN_POINT('Ctrl Pts',(148.965489643578,98.9480242951263,72.1035162724936));
#8257=CARTESIAN_POINT('Ctrl Pts',(148.965489643578,98.9480242951263,70.1035162724936));
#8258=CARTESIAN_POINT('Ctrl Pts',(150.351571415566,99.0122570297575,72.1035162724936));
#8259=CARTESIAN_POINT('Ctrl Pts',(150.351571415566,99.0122570297575,70.1035162724936));
#8260=CARTESIAN_POINT('Ctrl Pts',(153.149853408396,98.6817830342471,72.1035162724936));
#8261=CARTESIAN_POINT('Ctrl Pts',(153.149853408396,98.6817830342471,70.1035162724936));
#8262=CARTESIAN_POINT('Ctrl Pts',(155.771484700708,96.9701246208934,72.1035162724936));
#8263=CARTESIAN_POINT('Ctrl Pts',(155.771484700708,96.9701246208934,70.1035162724936));
#8264=CARTESIAN_POINT('',(148.965489643578,98.9480242951263,70.1035162724936));
#8265=CARTESIAN_POINT('',(148.965489643578,98.9480242951263,72.1035162724936));
#8266=CARTESIAN_POINT('',(155.771484700708,96.9701246208934,70.1035162724936));
#8267=CARTESIAN_POINT('Ctrl Pts',(155.771484700708,96.9701246208934,70.1035162724936));
#8268=CARTESIAN_POINT('Ctrl Pts',(153.149853408396,98.681783034247,70.1035162724936));
#8269=CARTESIAN_POINT('Ctrl Pts',(150.351571415566,99.0122570297574,70.1035162724936));
#8270=CARTESIAN_POINT('Ctrl Pts',(148.965489643578,98.9480242951263,70.1035162724936));
#8271=CARTESIAN_POINT('',(155.771484700708,96.9701246208934,72.1035162724936));
#8272=CARTESIAN_POINT('Ctrl Pts',(148.809038510041,101.612363338362,72.1035162724936));
#8273=CARTESIAN_POINT('Ctrl Pts',(148.809038510041,101.612363338362,70.1035162724936));
#8274=CARTESIAN_POINT('Ctrl Pts',(149.319073875146,100.830602117239,72.1035162724936));
#8275=CARTESIAN_POINT('Ctrl Pts',(149.319073875146,100.830602117239,70.1035162724936));
#8276=CARTESIAN_POINT('Ctrl Pts',(149.325460476594,99.7601527760375,72.1035162724936));
#8277=CARTESIAN_POINT('Ctrl Pts',(149.325460476594,99.7601527760375,70.1035162724936));
#8278=CARTESIAN_POINT('Ctrl Pts',(148.965489643578,98.9480242951263,72.1035162724936));
#8279=CARTESIAN_POINT('Ctrl Pts',(148.965489643578,98.9480242951263,70.1035162724936));
#8280=CARTESIAN_POINT('',(148.809038510041,101.612363338362,70.1035162724936));
#8281=CARTESIAN_POINT('',(148.809038510041,101.612363338362,72.1035162724936));
#8282=CARTESIAN_POINT('Ctrl Pts',(148.965489643578,98.9480242951263,70.1035162724936));
#8283=CARTESIAN_POINT('Ctrl Pts',(149.325460476594,99.7601527760375,70.1035162724936));
#8284=CARTESIAN_POINT('Ctrl Pts',(149.319073875146,100.830602117239,70.1035162724936));
#8285=CARTESIAN_POINT('Ctrl Pts',(148.809038510041,101.612363338362,70.1035162724936));
#8286=CARTESIAN_POINT('Ctrl Pts',(124.83938160563,92.1143332764495,72.1035162724936));
#8287=CARTESIAN_POINT('Ctrl Pts',(124.83938160563,92.1143332764495,70.1035162724936));
#8288=CARTESIAN_POINT('Ctrl Pts',(129.703046433549,97.5342367539275,72.1035162724936));
#8289=CARTESIAN_POINT('Ctrl Pts',(129.703046433549,97.5342367539275,70.1035162724936));
#8290=CARTESIAN_POINT('Ctrl Pts',(140.155440771203,103.684588886915,72.1035162724936));
#8291=CARTESIAN_POINT('Ctrl Pts',(140.155440771203,103.684588886915,70.1035162724936));
#8292=CARTESIAN_POINT('Ctrl Pts',(148.809038510041,101.612363338362,72.1035162724936));
#8293=CARTESIAN_POINT('Ctrl Pts',(148.809038510041,101.612363338362,70.1035162724936));
#8294=CARTESIAN_POINT('',(142.876422987255,101.876668663627,70.1035162724936));
#8295=CARTESIAN_POINT('Ctrl Pts',(142.876422987255,101.876668663627,70.1035162724936));
#8296=CARTESIAN_POINT('Ctrl Pts',(142.876422987255,101.876668663627,70.4368496058269));
#8297=CARTESIAN_POINT('Ctrl Pts',(142.876422987255,101.876668663627,70.7701829391603));
#8298=CARTESIAN_POINT('Ctrl Pts',(142.876422987255,101.876668663627,71.4368496058269));
#8299=CARTESIAN_POINT('Ctrl Pts',(142.876422987255,101.876668663627,71.7701829391603));
#8300=CARTESIAN_POINT('Ctrl Pts',(142.876422987255,101.876668663627,72.1035162724936));
#8301=CARTESIAN_POINT('Ctrl Pts',(148.809038510041,101.612363338362,70.1035162724936));
#8302=CARTESIAN_POINT('Ctrl Pts',(146.892957534727,102.071195845947,70.1035162724936));
#8303=CARTESIAN_POINT('Ctrl Pts',(144.888687163264,102.126900973264,70.1035162724936));
#8304=CARTESIAN_POINT('Ctrl Pts',(142.876422987255,101.876668663627,70.1035162724936));
#8305=CARTESIAN_POINT('Ctrl Pts',(147.184671671205,111.102866824805,72.1035162724936));
#8306=CARTESIAN_POINT('Ctrl Pts',(147.184671671205,111.102866824805,70.1035162724936));
#8307=CARTESIAN_POINT('Ctrl Pts',(146.122861410241,109.86017152928,72.1035162724936));
#8308=CARTESIAN_POINT('Ctrl Pts',(146.122861410241,109.86017152928,70.1035162724936));
#8309=CARTESIAN_POINT('Ctrl Pts',(143.896464676194,109.991831661497,72.1035162724936));
#8310=CARTESIAN_POINT('Ctrl Pts',(143.896464676194,109.991831661497,70.1035162724936));
#8311=CARTESIAN_POINT('Ctrl Pts',(142.958334729295,112.302449126898,72.1035162724936));
#8312=CARTESIAN_POINT('Ctrl Pts',(142.958334729295,112.302449126898,70.1035162724936));
#8313=CARTESIAN_POINT('',(147.184671671205,111.102866824805,70.1035162724936));
#8314=CARTESIAN_POINT('',(147.184671671205,111.102866824805,72.1035162724936));
#8315=CARTESIAN_POINT('Ctrl Pts',(142.958334729295,112.302449126898,70.1035162724936));
#8316=CARTESIAN_POINT('Ctrl Pts',(143.896464676194,109.991831661497,70.1035162724936));
#8317=CARTESIAN_POINT('Ctrl Pts',(146.122861410241,109.86017152928,70.1035162724936));
#8318=CARTESIAN_POINT('Ctrl Pts',(147.184671671205,111.102866824805,70.1035162724936));
#8319=CARTESIAN_POINT('Ctrl Pts',(171.38096175651,114.430797882452,72.1035162724936));
#8320=CARTESIAN_POINT('Ctrl Pts',(171.38096175651,114.430797882452,70.1035162724936));
#8321=CARTESIAN_POINT('Ctrl Pts',(163.433962439111,117.103206743791,72.1035162724936));
#8322=CARTESIAN_POINT('Ctrl Pts',(163.433962439111,117.103206743791,70.1035162724936));
#8323=CARTESIAN_POINT('Ctrl Pts',(154.27435337002,116.683875025418,72.1035162724936));
#8324=CARTESIAN_POINT('Ctrl Pts',(154.27435337002,116.683875025418,70.1035162724936));
#8325=CARTESIAN_POINT('Ctrl Pts',(147.184671671205,111.102866824805,72.1035162724936));
#8326=CARTESIAN_POINT('Ctrl Pts',(147.184671671205,111.102866824805,70.1035162724936));
#8327=CARTESIAN_POINT('',(171.38096175651,114.430797882452,70.1035162724936));
#8328=CARTESIAN_POINT('',(171.38096175651,114.430797882452,72.1035162724936));
#8329=CARTESIAN_POINT('Ctrl Pts',(147.184671671205,111.102866824805,70.1035162724936));
#8330=CARTESIAN_POINT('Ctrl Pts',(154.27435337002,116.683875025418,70.1035162724936));
#8331=CARTESIAN_POINT('Ctrl Pts',(163.433962439111,117.103206743791,70.1035162724936));
#8332=CARTESIAN_POINT('Ctrl Pts',(171.38096175651,114.430797882452,70.1035162724936));
#8333=CARTESIAN_POINT('Ctrl Pts',(170.492731604104,130.055868893706,72.1035162724936));
#8334=CARTESIAN_POINT('Ctrl Pts',(170.492731604104,130.055868893706,70.1035162724936));
#8335=CARTESIAN_POINT('Ctrl Pts',(174.86781894003,129.21120433905,72.1035162724936));
#8336=CARTESIAN_POINT('Ctrl Pts',(174.86781894003,129.21120433905,70.1035162724936));
#8337=CARTESIAN_POINT('Ctrl Pts',(178.848786463999,128.107837087221,72.1035162724936));
#8338=CARTESIAN_POINT('Ctrl Pts',(178.848786463999,128.107837087221,70.1035162724936));
#8339=CARTESIAN_POINT('Ctrl Pts',(182.445463236751,126.807487021996,72.1035162724936));
#8340=CARTESIAN_POINT('Ctrl Pts',(182.445463236751,126.807487021996,70.1035162724936));
#8341=CARTESIAN_POINT('',(170.492731604104,130.055868893706,70.1035162724936));
#8342=CARTESIAN_POINT('',(170.492731604104,130.055868893706,72.1035162724936));
#8343=CARTESIAN_POINT('',(182.445463236837,126.807487021965,70.1035162724936));
#8344=CARTESIAN_POINT('Ctrl Pts',(182.445463236751,126.807487021996,70.1035162724936));
#8345=CARTESIAN_POINT('Ctrl Pts',(178.848786463999,128.107837087221,70.1035162724936));
#8346=CARTESIAN_POINT('Ctrl Pts',(174.86781894003,129.21120433905,70.1035162724936));
#8347=CARTESIAN_POINT('Ctrl Pts',(170.492731604104,130.055868893706,70.1035162724936));
#8348=CARTESIAN_POINT('',(182.445463236751,126.807487021996,72.1035162724936));
#8349=CARTESIAN_POINT('Ctrl Pts',(189.638077138594,136.405367467365,72.1035162724936));
#8350=CARTESIAN_POINT('Ctrl Pts',(189.638077138594,136.405367467365,70.1035162724936));
#8351=CARTESIAN_POINT('Ctrl Pts',(184.391440428289,133.731874360982,72.1035162724936));
#8352=CARTESIAN_POINT('Ctrl Pts',(184.391440428289,133.731874360982,70.1035162724936));
#8353=CARTESIAN_POINT('Ctrl Pts',(178.026387046897,131.510333966268,72.1035162724936));
#8354=CARTESIAN_POINT('Ctrl Pts',(178.026387046897,131.510333966268,70.1035162724936));
#8355=CARTESIAN_POINT('Ctrl Pts',(170.492731604104,130.055868893706,72.1035162724936));
#8356=CARTESIAN_POINT('Ctrl Pts',(170.492731604104,130.055868893706,70.1035162724936));
#8357=CARTESIAN_POINT('',(189.638077138594,136.405367467365,70.1035162724936));
#8358=CARTESIAN_POINT('',(189.638077138594,136.405367467365,72.1035162724936));
#8359=CARTESIAN_POINT('Ctrl Pts',(170.492731604104,130.055868893706,70.1035162724936));
#8360=CARTESIAN_POINT('Ctrl Pts',(178.026387046897,131.510333966268,70.1035162724936));
#8361=CARTESIAN_POINT('Ctrl Pts',(184.391440428289,133.731874360982,70.1035162724936));
#8362=CARTESIAN_POINT('Ctrl Pts',(189.638077138594,136.405367467365,70.1035162724936));
#8363=CARTESIAN_POINT('Ctrl Pts',(157.922228393778,144.388466478334,72.1035162724936));
#8364=CARTESIAN_POINT('Ctrl Pts',(157.922228393778,144.388466478334,70.1035162724936));
#8365=CARTESIAN_POINT('Ctrl Pts',(167.660474942217,142.881500643059,72.1035162724936));
#8366=CARTESIAN_POINT('Ctrl Pts',(167.660474942217,142.881500643059,70.1035162724936));
#8367=CARTESIAN_POINT('Ctrl Pts',(178.177395061589,147.177332473211,72.1035162724936));
#8368=CARTESIAN_POINT('Ctrl Pts',(178.177395061589,147.177332473211,70.1035162724936));
#8369=CARTESIAN_POINT('Ctrl Pts',(184.166639119014,153.929828402214,72.1035162724936));
#8370=CARTESIAN_POINT('Ctrl Pts',(184.166639119014,153.929828402214,70.1035162724936));
#8371=CARTESIAN_POINT('',(157.922228393776,144.388466478334,70.1035162724936));
#8372=CARTESIAN_POINT('',(157.922228393778,144.388466478334,72.1035162724936));
#8373=CARTESIAN_POINT('',(184.166639119015,153.929828402214,70.1035162724936));
#8374=CARTESIAN_POINT('Ctrl Pts',(184.166639119014,153.929828402214,70.1035162724936));
#8375=CARTESIAN_POINT('Ctrl Pts',(178.177395061589,147.177332473211,70.1035162724936));
#8376=CARTESIAN_POINT('Ctrl Pts',(167.660474942217,142.881500643059,70.1035162724936));
#8377=CARTESIAN_POINT('Ctrl Pts',(157.922228393778,144.388466478334,70.1035162724936));
#8378=CARTESIAN_POINT('',(184.166639119014,153.929828402214,72.1035162724936));
#8379=CARTESIAN_POINT('Ctrl Pts',(161.943929067521,130.055855159079,72.1035162724936));
#8380=CARTESIAN_POINT('Ctrl Pts',(161.943929067521,130.055855159079,70.1035162724936));
#8381=CARTESIAN_POINT('Ctrl Pts',(157.372791434563,130.965415123168,72.1035162724936));
#8382=CARTESIAN_POINT('Ctrl Pts',(157.372791434563,130.965415123168,70.1035162724936));
#8383=CARTESIAN_POINT('Ctrl Pts',(152.96880164022,132.430329521732,72.1035162724936));
#8384=CARTESIAN_POINT('Ctrl Pts',(152.96880164022,132.430329521732,70.1035162724936));
#8385=CARTESIAN_POINT('Ctrl Pts',(148.875483281739,134.268828266421,72.1035162724936));
#8386=CARTESIAN_POINT('Ctrl Pts',(148.875483281739,134.268828266421,70.1035162724936));
#8387=CARTESIAN_POINT('',(161.943929067521,130.055855159079,70.1035162724936));
#8388=CARTESIAN_POINT('',(161.943929067521,130.055855159079,72.1035162724936));
#8389=CARTESIAN_POINT('',(148.875483281739,134.268828266421,70.1035162724936));
#8390=CARTESIAN_POINT('Ctrl Pts',(148.875483281739,134.268828266421,70.1035162724936));
#8391=CARTESIAN_POINT('Ctrl Pts',(152.96880164022,132.430329521732,70.1035162724936));
#8392=CARTESIAN_POINT('Ctrl Pts',(157.372791434563,130.965415123168,70.1035162724936));
#8393=CARTESIAN_POINT('Ctrl Pts',(161.943929067521,130.055855159079,70.1035162724936));
#8394=CARTESIAN_POINT('',(148.875483281739,134.268828266421,72.1035162724936));
#8395=CARTESIAN_POINT('Ctrl Pts',(138.69196135035,120.109774102675,72.1035162724936));
#8396=CARTESIAN_POINT('Ctrl Pts',(138.69196135035,120.109774102675,70.1035162724936));
#8397=CARTESIAN_POINT('Ctrl Pts',(145.184374363046,124.598112784849,72.1035162724936));
#8398=CARTESIAN_POINT('Ctrl Pts',(145.184374363046,124.598112784849,70.1035162724936));
#8399=CARTESIAN_POINT('Ctrl Pts',(153.262724728875,128.328492354094,72.1035162724936));
#8400=CARTESIAN_POINT('Ctrl Pts',(153.262724728875,128.328492354094,70.1035162724936));
#8401=CARTESIAN_POINT('Ctrl Pts',(161.943929067521,130.055855159079,72.1035162724936));
#8402=CARTESIAN_POINT('Ctrl Pts',(161.943929067521,130.055855159079,70.1035162724936));
#8403=CARTESIAN_POINT('',(138.69196135035,120.109774102675,70.1035162724936));
#8404=CARTESIAN_POINT('',(138.69196135035,120.109774102675,72.1035162724936));
#8405=CARTESIAN_POINT('Ctrl Pts',(161.943929067521,130.055855159079,70.1035162724936));
#8406=CARTESIAN_POINT('Ctrl Pts',(153.262724728875,128.328492354094,70.1035162724936));
#8407=CARTESIAN_POINT('Ctrl Pts',(145.184374363046,124.598112784849,70.1035162724936));
#8408=CARTESIAN_POINT('Ctrl Pts',(138.69196135035,120.109774102675,70.1035162724936));
#8409=CARTESIAN_POINT('Ctrl Pts',(137.849478740025,121.935201585968,72.1035162724936));
#8410=CARTESIAN_POINT('Ctrl Pts',(137.849478740025,121.935201585968,70.1035162724936));
#8411=CARTESIAN_POINT('Ctrl Pts',(138.136697934106,121.375766380508,72.1035162724936));
#8412=CARTESIAN_POINT('Ctrl Pts',(138.136697934106,121.375766380508,70.1035162724936));
#8413=CARTESIAN_POINT('Ctrl Pts',(138.407029305469,120.780590149559,72.1035162724936));
#8414=CARTESIAN_POINT('Ctrl Pts',(138.407029305469,120.780590149559,70.1035162724936));
#8415=CARTESIAN_POINT('Ctrl Pts',(138.69196135035,120.109774102675,72.1035162724936));
#8416=CARTESIAN_POINT('Ctrl Pts',(138.69196135035,120.109774102675,70.1035162724936));
#8417=CARTESIAN_POINT('',(137.849478740025,121.935201585968,70.1035162724936));
#8418=CARTESIAN_POINT('',(137.849478740025,121.935201585968,72.1035162724936));
#8419=CARTESIAN_POINT('Ctrl Pts',(138.69196135035,120.109774102675,70.1035162724936));
#8420=CARTESIAN_POINT('Ctrl Pts',(138.407029305469,120.780590149559,70.1035162724936));
#8421=CARTESIAN_POINT('Ctrl Pts',(138.136697934106,121.375766380508,70.1035162724936));
#8422=CARTESIAN_POINT('Ctrl Pts',(137.849478740025,121.935201585968,70.1035162724936));
#8423=CARTESIAN_POINT('Origin',(132.764912659889,91.6979795388611,78.1035162724936));
#8424=CARTESIAN_POINT('',(142.932430625648,82.6084309273315,78.1035162724936));
#8425=CARTESIAN_POINT('',(142.932430625648,82.6084309273315,74.1035162724936));
#8426=CARTESIAN_POINT('',(132.764912659889,91.6979795388611,78.1035162724936));
#8427=CARTESIAN_POINT('',(121.4141648256,101.845310929318,78.1035162724936));
#8428=CARTESIAN_POINT('',(132.764912659889,91.6979795388611,70.1035162724936));
#8429=CARTESIAN_POINT('',(132.764912659889,91.6979795388611,78.1035162724936));
#8430=CARTESIAN_POINT('',(121.4141648256,101.845310929318,70.1035162724936));
#8431=CARTESIAN_POINT('Origin',(147.294836740699,97.9266990906174,78.1035162724936));
#8432=CARTESIAN_POINT('',(106.540451161164,80.4560201753486,70.1035162724936));
#8433=CARTESIAN_POINT('',(147.294836740699,97.9266990906174,78.1035162724936));
#8434=CARTESIAN_POINT('',(106.540451161164,80.4560201753486,78.1035162724936));
#8435=CARTESIAN_POINT('',(147.294836740699,97.9266990906174,78.1035162724936));
#8436=CARTESIAN_POINT('Origin',(136.620024735932,75.5474091941458,70.1035162724936));
#8437=CARTESIAN_POINT('',(136.620024735932,75.5474091941458,70.1035162724936));
#8438=CARTESIAN_POINT('',(136.620024735932,75.5474091941458,70.1035162724936));
#8439=CARTESIAN_POINT('',(186.760942716852,131.6347581021,70.1035162724936));
#8440=CARTESIAN_POINT('',(136.620024735932,75.5474091941458,70.1035162724936));
#8441=CARTESIAN_POINT('',(186.760942716852,131.6347581021,78.1035162724936));
#8442=CARTESIAN_POINT('',(186.760942716852,131.6347581021,70.1035162724936));
#8443=CARTESIAN_POINT('',(136.620024735932,75.5474091941458,78.1035162724936));
#8444=CARTESIAN_POINT('Origin',(175.578113255177,141.631973976087,70.1035162724936));
#8445=CARTESIAN_POINT('',(164.395284004178,151.629190085735,70.1035162724936));
#8446=CARTESIAN_POINT('Origin',(175.578113255177,141.631973976087,70.1035162724936));
#8447=CARTESIAN_POINT('',(164.395284004178,151.629190085735,78.1035162724936));
#8448=CARTESIAN_POINT('',(164.395284004178,151.629190085735,70.1035162724936));
#8449=CARTESIAN_POINT('Origin',(175.578113255177,141.631973976087,78.1035162724936));
#8450=CARTESIAN_POINT('Origin',(175.578113255177,141.631973976087,70.1035162724936));
#8451=CARTESIAN_POINT('Origin',(133.690932549203,110.08830518481,78.1035162724936));
#8452=CARTESIAN_POINT('',(133.690932549203,110.08830518481,78.1035162724936));
#8453=CARTESIAN_POINT('',(126.651700582587,116.381231478509,78.1035162724936));
#8454=CARTESIAN_POINT('',(133.690932549203,110.08830518481,78.1035162724936));
#8455=CARTESIAN_POINT('',(126.651700582587,116.381231478509,70.1035162724936));
#8456=CARTESIAN_POINT('Origin',(129.197376376673,95.2012187353672,78.1035162724936));
#8457=CARTESIAN_POINT('',(122.051429122497,71.5267990883166,70.1035162724936));
#8458=CARTESIAN_POINT('',(129.197376376673,95.2012187353672,78.1035162724936));
#8459=CARTESIAN_POINT('',(122.051429122497,71.5267990883166,78.1035162724936));
#8460=CARTESIAN_POINT('',(129.197376376673,95.2012187353672,78.1035162724936));
#8461=CARTESIAN_POINT('Origin',(65.9370497025956,62.6331359959283,70.1035162724936));
#8462=CARTESIAN_POINT('',(131.071230880212,114.353091644492,70.1035162724936));
#8463=CARTESIAN_POINT('Origin',(65.9370497025956,62.6331359959283,70.1035162724936));
#8464=CARTESIAN_POINT('',(131.071230880212,114.353091644492,70.1035162724936));
#8465=CARTESIAN_POINT('Origin',(65.9370497025956,62.6331359959283,70.1035162724936));
#8466=CARTESIAN_POINT('Origin',(65.9370497025956,62.6331359959283,70.1035162724936));
#8467=CARTESIAN_POINT('',(114.116975702362,108.682781833865,70.1035162724936));
#8468=CARTESIAN_POINT('Origin',(65.9370497025956,62.6331359959283,70.1035162724936));
#8469=CARTESIAN_POINT('Origin',(65.9370497025956,62.6331359959283,70.1035162724936));
#8470=CARTESIAN_POINT('Origin',(164.395283793503,151.629189850075,70.1035162724936));
#8471=CARTESIAN_POINT('',(131.071230880212,114.353091644492,78.1035162724936));
#8472=CARTESIAN_POINT('',(131.071230880212,114.353091644492,70.1035162724936));
#8473=CARTESIAN_POINT('',(131.071230880212,114.353091644492,78.1035162724936));
#8474=CARTESIAN_POINT('Origin',(175.578113255177,141.631973976087,70.1035162724936));
#8475=CARTESIAN_POINT('',(170.528113255177,141.631973976087,78.1035162724936));
#8476=CARTESIAN_POINT('',(170.528113255177,141.631973976087,70.1035162724936));
#8477=CARTESIAN_POINT('Origin',(175.578113255177,141.631973976087,78.1035162724936));
#8478=CARTESIAN_POINT('Origin',(104.977962136305,137.679928683795,70.1035162724936));
#8479=CARTESIAN_POINT('',(118.014546914998,105.198434609354,78.1035162724936));
#8480=CARTESIAN_POINT('',(118.014546914998,105.198434609354,70.1035162724936));
#8481=CARTESIAN_POINT('Origin',(104.977962136305,137.679928683795,78.1035162724936));
#8482=CARTESIAN_POINT('Origin',(65.9370497025956,62.6331359959283,78.1035162724936));
#8483=CARTESIAN_POINT('',(114.116975702362,108.682781833865,78.1035162724936));
#8484=CARTESIAN_POINT('Origin',(118.014546914998,105.198434609354,78.1035162724936));
#8485=CARTESIAN_POINT('Ctrl Pts',(-112.317270379157,22.7364482575286,72.1035162724936));
#8486=CARTESIAN_POINT('Ctrl Pts',(-112.317270379157,22.7364482575286,70.1035162724936));
#8487=CARTESIAN_POINT('Ctrl Pts',(-106.285132178779,23.7251491001952,72.1035162724936));
#8488=CARTESIAN_POINT('Ctrl Pts',(-106.285132178779,23.7251491001952,70.1035162724936));
#8489=CARTESIAN_POINT('Ctrl Pts',(-94.8611640780402,28.4332143414367,72.1035162724936));
#8490=CARTESIAN_POINT('Ctrl Pts',(-94.8611640780402,28.4332143414367,70.1035162724936));
#8491=CARTESIAN_POINT('Ctrl Pts',(-97.3013952162695,41.0315205002654,72.1035162724936));
#8492=CARTESIAN_POINT('Ctrl Pts',(-97.3013952162695,41.0315205002654,70.1035162724936));
#8493=CARTESIAN_POINT('',(-106.995066912766,24.277095122547,72.1035162724936));
#8494=CARTESIAN_POINT('',(-106.995066912766,24.277095122547,70.1035162724936));
#8495=CARTESIAN_POINT('Ctrl Pts',(-106.995066912766,24.277095122547,72.1035162724936));
#8496=CARTESIAN_POINT('Ctrl Pts',(-106.995066912766,24.277095122547,71.7701829391603));
#8497=CARTESIAN_POINT('Ctrl Pts',(-106.995066912766,24.277095122547,71.4368496058269));
#8498=CARTESIAN_POINT('Ctrl Pts',(-106.995066912766,24.277095122547,70.7701829391603));
#8499=CARTESIAN_POINT('Ctrl Pts',(-106.995066912766,24.277095122547,70.4368496058269));
#8500=CARTESIAN_POINT('Ctrl Pts',(-106.995066912766,24.277095122547,70.1035162724936));
#8501=CARTESIAN_POINT('',(-112.317270379157,22.7364482575286,72.1035162724936));
#8502=CARTESIAN_POINT('Ctrl Pts',(-106.995066912766,24.277095122547,72.1035162724936));
#8503=CARTESIAN_POINT('Ctrl Pts',(-108.90660140187,23.4782706851938,72.1035162724936));
#8504=CARTESIAN_POINT('Ctrl Pts',(-110.785725261566,22.9874769803534,72.1035162724936));
#8505=CARTESIAN_POINT('Ctrl Pts',(-112.317270379157,22.7364482575286,72.1035162724936));
#8506=CARTESIAN_POINT('',(-112.317270379157,22.7364482575286,70.1035162724936));
#8507=CARTESIAN_POINT('',(-112.317270379157,22.7364482575286,72.1035162724936));
#8508=CARTESIAN_POINT('Ctrl Pts',(-106.995066912766,24.277095122547,70.1035162724936));
#8509=CARTESIAN_POINT('Ctrl Pts',(-108.90660140187,23.4782706851937,70.1035162724936));
#8510=CARTESIAN_POINT('Ctrl Pts',(-110.785725261566,22.9874769803534,70.1035162724936));
#8511=CARTESIAN_POINT('Ctrl Pts',(-112.317270379157,22.7364482575286,70.1035162724936));
#8512=CARTESIAN_POINT('Origin',(18.4370497025956,63.0466774510599,72.1035162724936));
#8513=CARTESIAN_POINT('',(-96.8168331440118,15.1779668070464,72.1035162724936));
#8514=CARTESIAN_POINT('',(-76.6800194191522,-2.82392390510435,72.1035162724936));
#8515=CARTESIAN_POINT('',(-92.3232769714814,30.0650532564894,72.1035162724936));
#8516=CARTESIAN_POINT('',(-83.1369750341916,60.4991383864654,72.1035162724936));
#8517=CARTESIAN_POINT('',(-81.1404475098065,20.0678373825021,72.1035162724936));
#8518=CARTESIAN_POINT('',(-64.145294538927,4.87452573954052,72.1035162724936));
#8519=CARTESIAN_POINT('',(-94.1971314750211,10.9131803473642,72.1035162724936));
#8520=CARTESIAN_POINT('Origin',(-68.1038627311133,-12.4136566919388,72.1035162724936));
#8521=CARTESIAN_POINT('',(-112.831656584891,-9.93129465744171,72.1035162724936));
#8522=CARTESIAN_POINT('',(-72.8913264565959,34.745734037107,72.1035162724936));
#8523=CARTESIAN_POINT('',(-96.7104766341162,9.60595278061518,72.1035162724936));
#8524=CARTESIAN_POINT('Ctrl Pts',(-112.831656584891,-9.93129465744171,72.1035162724936));
#8525=CARTESIAN_POINT('Ctrl Pts',(-109.811780699689,-2.59005946329881,72.1035162724936));
#8526=CARTESIAN_POINT('Ctrl Pts',(-104.727784199903,3.7571290741506,72.1035162724936));
#8527=CARTESIAN_POINT('Ctrl Pts',(-96.7104766341162,9.60595278061518,72.1035162724936));
#8528=CARTESIAN_POINT('',(-118.705959490485,11.3866196720947,72.1035162724936));
#8529=CARTESIAN_POINT('Ctrl Pts',(-96.7104766341162,9.60595278061518,72.1035162724936));
#8530=CARTESIAN_POINT('Ctrl Pts',(-104.8323108283,7.83978965500481,72.1035162724936));
#8531=CARTESIAN_POINT('Ctrl Pts',(-113.783029748054,7.33347637375481,72.1035162724936));
#8532=CARTESIAN_POINT('Ctrl Pts',(-118.705959490485,11.3866196720947,72.1035162724936));
#8533=CARTESIAN_POINT('',(-120.902758103843,-1.13111916610116,72.1035162724936));
#8534=CARTESIAN_POINT('Ctrl Pts',(-118.705959490485,11.3866196720947,72.1035162724936));
#8535=CARTESIAN_POINT('Ctrl Pts',(-118.347568139548,4.14564203117976,72.1035162724936));
#8536=CARTESIAN_POINT('Ctrl Pts',(-119.872770973105,-0.558687391580293,
72.1035162724936));
#8537=CARTESIAN_POINT('Ctrl Pts',(-120.902758103843,-1.13111916610116,72.1035162724936));
#8538=CARTESIAN_POINT('',(-127.017276595588,0.145651738439838,72.1035162724936));
#8539=CARTESIAN_POINT('Ctrl Pts',(-120.902758103843,-1.13111916610116,72.1035162724936));
#8540=CARTESIAN_POINT('Ctrl Pts',(-122.501743352408,-1.63424601394048,72.1035162724936));
#8541=CARTESIAN_POINT('Ctrl Pts',(-125.250756369681,-0.795829457391406,
72.1035162724936));
#8542=CARTESIAN_POINT('Ctrl Pts',(-127.017276595588,0.145651738439838,72.1035162724936));
#8543=CARTESIAN_POINT('',(-132.740358224387,-11.127620037378,72.1035162724936));
#8544=CARTESIAN_POINT('Ctrl Pts',(-127.017276595588,0.145651738439838,72.1035162724936));
#8545=CARTESIAN_POINT('Ctrl Pts',(-127.385282185264,-3.45356214515085,72.1035162724936));
#8546=CARTESIAN_POINT('Ctrl Pts',(-128.801129920478,-7.06752701789256,72.1035162724936));
#8547=CARTESIAN_POINT('Ctrl Pts',(-132.740358224387,-11.127620037378,72.1035162724936));
#8548=CARTESIAN_POINT('',(-114.969168277383,-12.3223032173016,72.1035162724936));
#8549=CARTESIAN_POINT('Ctrl Pts',(-132.740358224387,-11.127620037378,72.1035162724936));
#8550=CARTESIAN_POINT('Ctrl Pts',(-127.228917089617,-5.75356276677995,72.1035162724936));
#8551=CARTESIAN_POINT('Ctrl Pts',(-119.028514136403,-8.20881152355837,72.1035162724936));
#8552=CARTESIAN_POINT('Ctrl Pts',(-114.969168277383,-12.3223032173016,72.1035162724936));
#8553=CARTESIAN_POINT('',(-127.521184388311,-26.3629178582182,72.1035162724936));
#8554=CARTESIAN_POINT('',(-72.8913264565959,34.745734037107,72.1035162724936));
#8555=CARTESIAN_POINT('',(-129.023328220344,-27.823639221799,72.1035162724936));
#8556=CARTESIAN_POINT('Origin',(-138.704013849986,-16.3657019842312,72.1035162724936));
#8557=CARTESIAN_POINT('',(-137.610801706419,-21.2959542302282,72.1035162724936));
#8558=CARTESIAN_POINT('Ctrl Pts',(-137.610801706419,-21.2959542302282,72.1035162724936));
#8559=CARTESIAN_POINT('Ctrl Pts',(-136.946467869408,-25.2533214032534,72.1035162724936));
#8560=CARTESIAN_POINT('Ctrl Pts',(-132.996965224667,-27.9837518811079,72.1035162724936));
#8561=CARTESIAN_POINT('Ctrl Pts',(-129.023328220344,-27.823639221799,72.1035162724936));
#8562=CARTESIAN_POINT('',(-143.754013849986,-16.3657019842312,72.1035162724936));
#8563=CARTESIAN_POINT('Origin',(-138.704013849986,-16.3657019842312,72.1035162724936));
#8564=CARTESIAN_POINT('',(-142.484439999912,-19.7139669266982,72.1035162724936));
#8565=CARTESIAN_POINT('Origin',(-138.704013849986,-16.3657019842312,72.1035162724936));
#8566=CARTESIAN_POINT('',(-152.448897303173,-22.3722133559276,72.1035162724936));
#8567=CARTESIAN_POINT('Ctrl Pts',(-152.448897303173,-22.3722133559276,72.1035162724936));
#8568=CARTESIAN_POINT('Ctrl Pts',(-149.274853698762,-22.1571532957506,72.1035162724936));
#8569=CARTESIAN_POINT('Ctrl Pts',(-145.909559512763,-21.3133197963618,72.1035162724936));
#8570=CARTESIAN_POINT('Ctrl Pts',(-142.484439999912,-19.7139669266982,72.1035162724936));
#8571=CARTESIAN_POINT('',(-149.886843311661,-6.36848611024427,72.1035162724936));
#8572=CARTESIAN_POINT('Origin',(-138.704013849986,-16.3657019842312,72.1035162724936));
#8573=CARTESIAN_POINT('',(-123.487962265123,23.1611537858617,72.1035162724936));
#8574=CARTESIAN_POINT('',(-70.1865263894854,82.7838402390584,72.1035162724936));
#8575=CARTESIAN_POINT('Ctrl Pts',(-112.317270379157,22.7364482575286,72.1035162724936));
#8576=CARTESIAN_POINT('Ctrl Pts',(-116.79955218406,22.2403145683938,72.1035162724936));
#8577=CARTESIAN_POINT('Ctrl Pts',(-120.431976642715,22.4582273472655,72.1035162724936));
#8578=CARTESIAN_POINT('Ctrl Pts',(-123.487962265123,23.1611537858617,72.1035162724936));
#8579=CARTESIAN_POINT('Origin',(18.4370497025956,63.0466774510599,72.1035162724936));
#8580=CARTESIAN_POINT('',(-97.8771184974055,32.7167987884586,72.1035162724936));
#8581=CARTESIAN_POINT('',(-95.8908132546976,33.5682924529954,72.1035162724936));
#8582=CARTESIAN_POINT('',(-49.5284272511708,53.4430212237837,72.1035162724936));
#8583=CARTESIAN_POINT('',(-97.255848630377,34.7886055564962,72.1035162724936));
#8584=CARTESIAN_POINT('Ctrl Pts',(-97.255848630377,34.7886055564962,72.1035162724936));
#8585=CARTESIAN_POINT('Ctrl Pts',(-97.4086960456484,34.0592084295049,72.1035162724936));
#8586=CARTESIAN_POINT('Ctrl Pts',(-97.6184284195314,33.3691785241038,72.1035162724936));
#8587=CARTESIAN_POINT('Ctrl Pts',(-97.8771184974055,32.7167987884586,72.1035162724936));
#8588=CARTESIAN_POINT('',(-71.4424836621644,11.711996644087,72.1035162724936));
#8589=CARTESIAN_POINT('Ctrl Pts',(-112.317270379157,22.7364482575286,72.1035162724936));
#8590=CARTESIAN_POINT('Ctrl Pts',(-112.317270379157,22.7364482575286,70.1035162724936));
#8591=CARTESIAN_POINT('Ctrl Pts',(-106.285132178779,23.7251491001952,72.1035162724936));
#8592=CARTESIAN_POINT('Ctrl Pts',(-106.285132178779,23.7251491001952,70.1035162724936));
#8593=CARTESIAN_POINT('Ctrl Pts',(-94.8611640780402,28.4332143414367,72.1035162724936));
#8594=CARTESIAN_POINT('Ctrl Pts',(-94.8611640780402,28.4332143414367,70.1035162724936));
#8595=CARTESIAN_POINT('Ctrl Pts',(-97.3013952162695,41.0315205002654,72.1035162724936));
#8596=CARTESIAN_POINT('Ctrl Pts',(-97.3013952162695,41.0315205002654,70.1035162724936));
#8597=CARTESIAN_POINT('',(-97.8771184974055,32.7167987884585,70.1035162724936));
#8598=CARTESIAN_POINT('Ctrl Pts',(-97.8771184974055,32.7167987884586,70.1035162724936));
#8599=CARTESIAN_POINT('Ctrl Pts',(-97.8771184974055,32.7167987884586,70.4368496058269));
#8600=CARTESIAN_POINT('Ctrl Pts',(-97.8771184974055,32.7167987884586,70.7701829391603));
#8601=CARTESIAN_POINT('Ctrl Pts',(-97.8771184974055,32.7167987884586,71.4368496058269));
#8602=CARTESIAN_POINT('Ctrl Pts',(-97.8771184974055,32.7167987884586,71.7701829391603));
#8603=CARTESIAN_POINT('Ctrl Pts',(-97.8771184974055,32.7167987884586,72.1035162724936));
#8604=CARTESIAN_POINT('',(-97.255848630377,34.7886055564962,70.1035162724936));
#8605=CARTESIAN_POINT('Ctrl Pts',(-97.255848630377,34.7886055564962,70.1035162724936));
#8606=CARTESIAN_POINT('Ctrl Pts',(-97.4086960456484,34.0592084295046,70.1035162724936));
#8607=CARTESIAN_POINT('Ctrl Pts',(-97.6184284195313,33.369178524104,70.1035162724936));
#8608=CARTESIAN_POINT('Ctrl Pts',(-97.8771184974055,32.7167987884585,70.1035162724936));
#8609=CARTESIAN_POINT('Ctrl Pts',(-97.255848630377,34.7886055564962,72.1035162724936));
#8610=CARTESIAN_POINT('Ctrl Pts',(-97.255848630377,34.7886055564962,71.7701829391603));
#8611=CARTESIAN_POINT('Ctrl Pts',(-97.255848630377,34.7886055564962,71.4368496058269));
#8612=CARTESIAN_POINT('Ctrl Pts',(-97.255848630377,34.7886055564962,70.7701829391603));
#8613=CARTESIAN_POINT('Ctrl Pts',(-97.255848630377,34.7886055564962,70.4368496058269));
#8614=CARTESIAN_POINT('Ctrl Pts',(-97.255848630377,34.7886055564962,70.1035162724936));
#8615=CARTESIAN_POINT('Ctrl Pts',(-123.487962265123,23.1611537858617,72.1035162724936));
#8616=CARTESIAN_POINT('Ctrl Pts',(-123.487962265123,23.1611537858617,70.1035162724936));
#8617=CARTESIAN_POINT('Ctrl Pts',(-120.431976642715,22.4582273472655,72.1035162724936));
#8618=CARTESIAN_POINT('Ctrl Pts',(-120.431976642715,22.4582273472655,70.1035162724936));
#8619=CARTESIAN_POINT('Ctrl Pts',(-116.79955218406,22.2403145683938,72.1035162724936));
#8620=CARTESIAN_POINT('Ctrl Pts',(-116.79955218406,22.2403145683938,70.1035162724936));
#8621=CARTESIAN_POINT('Ctrl Pts',(-112.317270379157,22.7364482575286,72.1035162724936));
#8622=CARTESIAN_POINT('Ctrl Pts',(-112.317270379157,22.7364482575286,70.1035162724936));
#8623=CARTESIAN_POINT('',(-123.487962265123,23.1611537858617,70.1035162724936));
#8624=CARTESIAN_POINT('',(-123.487962265123,23.1611537858617,72.1035162724936));
#8625=CARTESIAN_POINT('Ctrl Pts',(-112.317270379157,22.7364482575286,70.1035162724936));
#8626=CARTESIAN_POINT('Ctrl Pts',(-116.79955218406,22.2403145683938,70.1035162724936));
#8627=CARTESIAN_POINT('Ctrl Pts',(-120.431976642715,22.4582273472655,70.1035162724936));
#8628=CARTESIAN_POINT('Ctrl Pts',(-123.487962265123,23.1611537858617,70.1035162724936));
#8629=CARTESIAN_POINT('Ctrl Pts',(-142.484439999912,-19.7139669266982,72.1035162724936));
#8630=CARTESIAN_POINT('Ctrl Pts',(-142.484439999912,-19.7139669266982,70.1035162724936));
#8631=CARTESIAN_POINT('Ctrl Pts',(-145.909559512763,-21.3133197963618,72.1035162724936));
#8632=CARTESIAN_POINT('Ctrl Pts',(-145.909559512763,-21.3133197963618,70.1035162724936));
#8633=CARTESIAN_POINT('Ctrl Pts',(-149.274853698762,-22.1571532957506,72.1035162724936));
#8634=CARTESIAN_POINT('Ctrl Pts',(-149.274853698762,-22.1571532957506,70.1035162724936));
#8635=CARTESIAN_POINT('Ctrl Pts',(-152.448897303173,-22.3722133559276,72.1035162724936));
#8636=CARTESIAN_POINT('Ctrl Pts',(-152.448897303173,-22.3722133559276,70.1035162724936));
#8637=CARTESIAN_POINT('',(-142.484439999912,-19.7139669266982,70.1035162724936));
#8638=CARTESIAN_POINT('',(-142.484439999912,-19.7139669266982,72.1035162724936));
#8639=CARTESIAN_POINT('',(-152.448897303173,-22.3722133559276,70.1035162724936));
#8640=CARTESIAN_POINT('Ctrl Pts',(-152.448897303173,-22.3722133559276,70.1035162724936));
#8641=CARTESIAN_POINT('Ctrl Pts',(-149.274853698762,-22.1571532957506,70.1035162724936));
#8642=CARTESIAN_POINT('Ctrl Pts',(-145.909559512763,-21.3133197963618,70.1035162724936));
#8643=CARTESIAN_POINT('Ctrl Pts',(-142.484439999912,-19.7139669266982,70.1035162724936));
#8644=CARTESIAN_POINT('',(-152.448897303173,-22.3722133559276,72.1035162724936));
#8645=CARTESIAN_POINT('Ctrl Pts',(-129.023328220344,-27.823639221799,72.1035162724936));
#8646=CARTESIAN_POINT('Ctrl Pts',(-129.023328220344,-27.823639221799,70.1035162724936));
#8647=CARTESIAN_POINT('Ctrl Pts',(-132.996965224667,-27.9837518811079,72.1035162724936));
#8648=CARTESIAN_POINT('Ctrl Pts',(-132.996965224667,-27.9837518811079,70.1035162724936));
#8649=CARTESIAN_POINT('Ctrl Pts',(-136.946467869408,-25.2533214032534,72.1035162724936));
#8650=CARTESIAN_POINT('Ctrl Pts',(-136.946467869408,-25.2533214032534,70.1035162724936));
#8651=CARTESIAN_POINT('Ctrl Pts',(-137.610801706419,-21.2959542302282,72.1035162724936));
#8652=CARTESIAN_POINT('Ctrl Pts',(-137.610801706419,-21.2959542302282,70.1035162724936));
#8653=CARTESIAN_POINT('',(-129.023328220344,-27.823639221799,70.1035162724936));
#8654=CARTESIAN_POINT('',(-129.023328220344,-27.823639221799,72.1035162724936));
#8655=CARTESIAN_POINT('',(-137.610801706419,-21.2959542302282,70.1035162724936));
#8656=CARTESIAN_POINT('Ctrl Pts',(-137.610801706419,-21.2959542302282,70.1035162724936));
#8657=CARTESIAN_POINT('Ctrl Pts',(-136.946467869408,-25.2533214032534,70.1035162724936));
#8658=CARTESIAN_POINT('Ctrl Pts',(-132.996965224667,-27.9837518811079,70.1035162724936));
#8659=CARTESIAN_POINT('Ctrl Pts',(-129.023328220344,-27.823639221799,70.1035162724936));
#8660=CARTESIAN_POINT('',(-137.610801706419,-21.2959542302282,72.1035162724936));
#8661=CARTESIAN_POINT('Ctrl Pts',(-132.740358224387,-11.127620037378,72.1035162724936));
#8662=CARTESIAN_POINT('Ctrl Pts',(-132.740358224387,-11.127620037378,70.1035162724936));
#8663=CARTESIAN_POINT('Ctrl Pts',(-127.228917089617,-5.75356276677996,72.1035162724936));
#8664=CARTESIAN_POINT('Ctrl Pts',(-127.228917089617,-5.75356276677996,70.1035162724936));
#8665=CARTESIAN_POINT('Ctrl Pts',(-119.028514136403,-8.20881152355836,72.1035162724936));
#8666=CARTESIAN_POINT('Ctrl Pts',(-119.028514136403,-8.20881152355836,70.1035162724936));
#8667=CARTESIAN_POINT('Ctrl Pts',(-114.969168277383,-12.3223032173016,72.1035162724936));
#8668=CARTESIAN_POINT('Ctrl Pts',(-114.969168277383,-12.3223032173016,70.1035162724936));
#8669=CARTESIAN_POINT('',(-132.740358224387,-11.127620037378,70.1035162724936));
#8670=CARTESIAN_POINT('',(-132.740358224387,-11.127620037378,72.1035162724936));
#8671=CARTESIAN_POINT('',(-114.969168277383,-12.3223032173016,70.1035162724936));
#8672=CARTESIAN_POINT('Ctrl Pts',(-114.969168277383,-12.3223032173016,70.1035162724936));
#8673=CARTESIAN_POINT('Ctrl Pts',(-119.028514136403,-8.20881152355836,70.1035162724936));
#8674=CARTESIAN_POINT('Ctrl Pts',(-127.228917089617,-5.75356276677996,70.1035162724936));
#8675=CARTESIAN_POINT('Ctrl Pts',(-132.740358224387,-11.127620037378,70.1035162724936));
#8676=CARTESIAN_POINT('',(-114.969168277383,-12.3223032173016,72.1035162724936));
#8677=CARTESIAN_POINT('Ctrl Pts',(-127.017276595588,0.145651738439838,72.1035162724936));
#8678=CARTESIAN_POINT('Ctrl Pts',(-127.017276595588,0.145651738439838,70.1035162724936));
#8679=CARTESIAN_POINT('Ctrl Pts',(-127.385282185264,-3.45356214515085,72.1035162724936));
#8680=CARTESIAN_POINT('Ctrl Pts',(-127.385282185264,-3.45356214515085,70.1035162724936));
#8681=CARTESIAN_POINT('Ctrl Pts',(-128.801129920478,-7.06752701789256,72.1035162724936));
#8682=CARTESIAN_POINT('Ctrl Pts',(-128.801129920478,-7.06752701789256,70.1035162724936));
#8683=CARTESIAN_POINT('Ctrl Pts',(-132.740358224387,-11.127620037378,72.1035162724936));
#8684=CARTESIAN_POINT('Ctrl Pts',(-132.740358224387,-11.127620037378,70.1035162724936));
#8685=CARTESIAN_POINT('',(-127.017276595588,0.145651738439838,70.1035162724936));
#8686=CARTESIAN_POINT('',(-127.017276595588,0.145651738439838,72.1035162724936));
#8687=CARTESIAN_POINT('Ctrl Pts',(-132.740358224387,-11.127620037378,70.1035162724936));
#8688=CARTESIAN_POINT('Ctrl Pts',(-128.801129920478,-7.06752701789256,70.1035162724936));
#8689=CARTESIAN_POINT('Ctrl Pts',(-127.385282185264,-3.45356214515085,70.1035162724936));
#8690=CARTESIAN_POINT('Ctrl Pts',(-127.017276595588,0.145651738439838,70.1035162724936));
#8691=CARTESIAN_POINT('Ctrl Pts',(-120.902758103843,-1.13111916610116,72.1035162724936));
#8692=CARTESIAN_POINT('Ctrl Pts',(-120.902758103843,-1.13111916610116,70.1035162724936));
#8693=CARTESIAN_POINT('Ctrl Pts',(-122.501743352408,-1.63424601394048,72.1035162724936));
#8694=CARTESIAN_POINT('Ctrl Pts',(-122.501743352408,-1.63424601394048,70.1035162724936));
#8695=CARTESIAN_POINT('Ctrl Pts',(-125.250756369681,-0.795829457391406,
72.1035162724936));
#8696=CARTESIAN_POINT('Ctrl Pts',(-125.250756369681,-0.795829457391406,
70.1035162724936));
#8697=CARTESIAN_POINT('Ctrl Pts',(-127.017276595588,0.145651738439838,72.1035162724936));
#8698=CARTESIAN_POINT('Ctrl Pts',(-127.017276595588,0.145651738439838,70.1035162724936));
#8699=CARTESIAN_POINT('',(-120.902758103843,-1.13111916610116,70.1035162724936));
#8700=CARTESIAN_POINT('',(-120.902758103843,-1.13111916610116,72.1035162724936));
#8701=CARTESIAN_POINT('Ctrl Pts',(-127.017276595588,0.145651738439838,70.1035162724936));
#8702=CARTESIAN_POINT('Ctrl Pts',(-125.250756369681,-0.795829457391406,
70.1035162724936));
#8703=CARTESIAN_POINT('Ctrl Pts',(-122.501743352408,-1.63424601394048,70.1035162724936));
#8704=CARTESIAN_POINT('Ctrl Pts',(-120.902758103843,-1.13111916610116,70.1035162724936));
#8705=CARTESIAN_POINT('Ctrl Pts',(-118.705959490485,11.3866196720947,72.1035162724936));
#8706=CARTESIAN_POINT('Ctrl Pts',(-118.705959490485,11.3866196720947,70.1035162724936));
#8707=CARTESIAN_POINT('Ctrl Pts',(-118.347568139548,4.14564203117976,72.1035162724936));
#8708=CARTESIAN_POINT('Ctrl Pts',(-118.347568139548,4.14564203117976,70.1035162724936));
#8709=CARTESIAN_POINT('Ctrl Pts',(-119.872770973105,-0.558687391580293,
72.1035162724936));
#8710=CARTESIAN_POINT('Ctrl Pts',(-119.872770973105,-0.558687391580293,
70.1035162724936));
#8711=CARTESIAN_POINT('Ctrl Pts',(-120.902758103843,-1.13111916610116,72.1035162724936));
#8712=CARTESIAN_POINT('Ctrl Pts',(-120.902758103843,-1.13111916610116,70.1035162724936));
#8713=CARTESIAN_POINT('',(-118.705959490485,11.3866196720947,70.1035162724936));
#8714=CARTESIAN_POINT('',(-118.705959490485,11.3866196720947,72.1035162724936));
#8715=CARTESIAN_POINT('Ctrl Pts',(-120.902758103843,-1.13111916610116,70.1035162724936));
#8716=CARTESIAN_POINT('Ctrl Pts',(-119.872770973105,-0.558687391580293,
70.1035162724936));
#8717=CARTESIAN_POINT('Ctrl Pts',(-118.347568139548,4.14564203117976,70.1035162724936));
#8718=CARTESIAN_POINT('Ctrl Pts',(-118.705959490485,11.3866196720947,70.1035162724936));
#8719=CARTESIAN_POINT('Ctrl Pts',(-96.7104766341162,9.60595278061518,72.1035162724936));
#8720=CARTESIAN_POINT('Ctrl Pts',(-96.7104766341162,9.60595278061518,70.1035162724936));
#8721=CARTESIAN_POINT('Ctrl Pts',(-104.8323108283,7.83978965500481,72.1035162724936));
#8722=CARTESIAN_POINT('Ctrl Pts',(-104.8323108283,7.83978965500481,70.1035162724936));
#8723=CARTESIAN_POINT('Ctrl Pts',(-113.783029748054,7.33347637375481,72.1035162724936));
#8724=CARTESIAN_POINT('Ctrl Pts',(-113.783029748054,7.33347637375481,70.1035162724936));
#8725=CARTESIAN_POINT('Ctrl Pts',(-118.705959490485,11.3866196720947,72.1035162724936));
#8726=CARTESIAN_POINT('Ctrl Pts',(-118.705959490485,11.3866196720947,70.1035162724936));
#8727=CARTESIAN_POINT('',(-96.7104766341162,9.60595278061518,70.1035162724936));
#8728=CARTESIAN_POINT('',(-96.7104766341162,9.60595278061518,72.1035162724936));
#8729=CARTESIAN_POINT('Ctrl Pts',(-118.705959490485,11.3866196720947,70.1035162724936));
#8730=CARTESIAN_POINT('Ctrl Pts',(-113.783029748054,7.33347637375481,70.1035162724936));
#8731=CARTESIAN_POINT('Ctrl Pts',(-104.8323108283,7.83978965500481,70.1035162724936));
#8732=CARTESIAN_POINT('Ctrl Pts',(-96.7104766341162,9.60595278061518,70.1035162724936));
#8733=CARTESIAN_POINT('Ctrl Pts',(-112.831656584891,-9.93129465744171,72.1035162724936));
#8734=CARTESIAN_POINT('Ctrl Pts',(-112.831656584891,-9.93129465744171,70.1035162724936));
#8735=CARTESIAN_POINT('Ctrl Pts',(-109.811780699689,-2.59005946329881,72.1035162724936));
#8736=CARTESIAN_POINT('Ctrl Pts',(-109.811780699689,-2.59005946329881,70.1035162724936));
#8737=CARTESIAN_POINT('Ctrl Pts',(-104.727784199903,3.7571290741506,72.1035162724936));
#8738=CARTESIAN_POINT('Ctrl Pts',(-104.727784199903,3.7571290741506,70.1035162724936));
#8739=CARTESIAN_POINT('Ctrl Pts',(-96.7104766341162,9.60595278061518,72.1035162724936));
#8740=CARTESIAN_POINT('Ctrl Pts',(-96.7104766341162,9.60595278061518,70.1035162724936));
#8741=CARTESIAN_POINT('',(-112.831656584891,-9.93129465744172,70.1035162724936));
#8742=CARTESIAN_POINT('',(-112.831656584891,-9.93129465744171,72.1035162724936));
#8743=CARTESIAN_POINT('Ctrl Pts',(-96.7104766341162,9.60595278061518,70.1035162724936));
#8744=CARTESIAN_POINT('Ctrl Pts',(-104.727784199903,3.7571290741506,70.1035162724936));
#8745=CARTESIAN_POINT('Ctrl Pts',(-109.811780699689,-2.59005946329881,70.1035162724936));
#8746=CARTESIAN_POINT('Ctrl Pts',(-112.831656584891,-9.93129465744171,70.1035162724936));
#8747=CARTESIAN_POINT('Origin',(-95.8908132546976,33.5682924529954,78.1035162724936));
#8748=CARTESIAN_POINT('',(-106.058331220457,42.6578410645249,70.1035162724936));
#8749=CARTESIAN_POINT('',(-58.139422969196,-0.180661648534368,70.1035162724936));
#8750=CARTESIAN_POINT('',(-106.058331220457,42.657841064525,78.1035162724936));
#8751=CARTESIAN_POINT('',(-106.058331220457,42.6578410645249,74.1035162724936));
#8752=CARTESIAN_POINT('',(-95.8908132546976,33.5682924529954,78.1035162724936));
#8753=CARTESIAN_POINT('',(-58.139422969196,-0.180661648534368,78.1035162724936));
#8754=CARTESIAN_POINT('',(-95.8908132546976,33.5682924529954,78.1035162724936));
#8755=CARTESIAN_POINT('Origin',(-138.704013849986,-16.3657019842312,70.1035162724936));
#8756=CARTESIAN_POINT('',(-127.521184388311,-26.3629178582182,78.1035162724936));
#8757=CARTESIAN_POINT('',(-127.521184388311,-26.3629178582182,70.1035162724936));
#8758=CARTESIAN_POINT('',(-149.886843311661,-6.36848611024426,78.1035162724936));
#8759=CARTESIAN_POINT('Origin',(-138.704013849986,-16.3657019842312,78.1035162724936));
#8760=CARTESIAN_POINT('',(-149.886843311661,-6.36848611024427,70.1035162724936));
#8761=CARTESIAN_POINT('Origin',(-138.704013849986,-16.3657019842312,70.1035162724936));
#8762=CARTESIAN_POINT('Origin',(65.9370497025956,62.6331359959283,70.1035162724936));
#8763=CARTESIAN_POINT('',(-94.1971314750212,10.9131803473643,70.1035162724936));
#8764=CARTESIAN_POINT('Origin',(65.9370497025956,62.6331359959283,70.1035162724936));
#8765=CARTESIAN_POINT('Origin',(-138.704013849986,-16.3657019842312,70.1035162724936));
#8766=CARTESIAN_POINT('Origin',(-127.521184388311,-26.3629178582183,70.1035162724936));
#8767=CARTESIAN_POINT('',(-94.1971314750212,10.9131803473643,78.1035162724936));
#8768=CARTESIAN_POINT('',(-94.1971314750212,10.9131803473643,70.1035162724936));
#8769=CARTESIAN_POINT('',(-94.1971314750212,10.9131803473643,78.1035162724936));
#8770=CARTESIAN_POINT('Origin',(-99.7459253307405,49.7188627977105,70.1035162724936));
#8771=CARTESIAN_POINT('',(-99.7459253307405,49.7188627977105,78.1035162724936));
#8772=CARTESIAN_POINT('',(-99.7459253307405,49.7188627977105,70.1035162724936));
#8773=CARTESIAN_POINT('Origin',(-68.1038627311133,-12.4136566919388,70.1035162724936));
#8774=CARTESIAN_POINT('',(-81.1404475098067,20.0678373825023,78.1035162724936));
#8775=CARTESIAN_POINT('',(-81.1404475098065,20.0678373825021,70.1035162724936));
#8776=CARTESIAN_POINT('Origin',(-68.1038627311133,-12.4136566919388,78.1035162724936));
#8777=CARTESIAN_POINT('Origin',(-138.704013849986,-16.3657019842312,70.1035162724936));
#8778=CARTESIAN_POINT('',(-143.754013849986,-16.3657019842312,78.1035162724936));
#8779=CARTESIAN_POINT('',(-143.754013849986,-16.3657019842312,70.1035162724936));
#8780=CARTESIAN_POINT('Origin',(-138.704013849986,-16.3657019842312,78.1035162724936));
#8781=CARTESIAN_POINT('Origin',(65.9370497025956,62.6331359959283,70.1035162724936));
#8782=CARTESIAN_POINT('',(-110.420737335508,27.3395729012391,70.1035162724936));
#8783=CARTESIAN_POINT('',(-29.5402599549703,62.011592384183,70.1035162724936));
#8784=CARTESIAN_POINT('',(-63.376958726184,-14.7165821977257,70.1035162724936));
#8785=CARTESIAN_POINT('Origin',(65.9370497025956,62.6331359959283,78.1035162724936));
#8786=CARTESIAN_POINT('',(-92.3232769714814,30.0650532564894,78.1035162724936));
#8787=CARTESIAN_POINT('',(-50.8422338459587,-7.01813255308086,78.1035162724936));
#8788=CARTESIAN_POINT('',(-96.8168331440118,15.1779668070464,78.1035162724936));
#8789=CARTESIAN_POINT('',(-81.2110217690616,66.879793630268,78.1035162724936));
#8790=CARTESIAN_POINT('',(-110.420737335508,27.3395729012391,78.1035162724936));
#8791=CARTESIAN_POINT('',(-63.376958726184,-14.7165821977257,78.1035162724936));
#8792=CARTESIAN_POINT('',(-29.5402599549703,62.011592384183,78.1035162724936));
#8793=CARTESIAN_POINT('Origin',(-81.1404475098067,20.0678373825023,78.1035162724936));
#8794=CARTESIAN_POINT('',(-92.3232769714814,30.0650532564894,78.1035162724936));
#8795=CARTESIAN_POINT('Origin',(-92.3232769714814,30.0650532564894,78.1035162724936));
#8796=CARTESIAN_POINT('',(-96.8168331440118,15.1779668070464,78.1035162724936));
#8797=CARTESIAN_POINT('Origin',(-96.8168331440118,15.1779668070464,78.1035162724936));
#8798=CARTESIAN_POINT('',(-110.420737335508,27.3395729012391,78.1035162724936));
#8799=CARTESIAN_POINT('Origin',(-110.420737335508,27.3395729012391,78.1035162724936));
#8800=CARTESIAN_POINT('Ctrl Pts',(-115.729432841657,93.4264708196007,72.1035162724936));
#8801=CARTESIAN_POINT('Ctrl Pts',(-115.729432841657,93.4264708196007,70.1035162724936));
#8802=CARTESIAN_POINT('Ctrl Pts',(-112.643271759281,98.271985499438,72.1035162724936));
#8803=CARTESIAN_POINT('Ctrl Pts',(-112.643271759281,98.271985499438,70.1035162724936));
#8804=CARTESIAN_POINT('Ctrl Pts',(-107.490004830402,99.0431876446313,72.1035162724936));
#8805=CARTESIAN_POINT('Ctrl Pts',(-107.490004830402,99.0431876446313,70.1035162724936));
#8806=CARTESIAN_POINT('Ctrl Pts',(-105.436469590659,98.9480242951263,72.1035162724936));
#8807=CARTESIAN_POINT('Ctrl Pts',(-105.436469590659,98.9480242951263,70.1035162724936));
#8808=CARTESIAN_POINT('',(-110.379833833211,97.963265966994,72.1035162724936));
#8809=CARTESIAN_POINT('',(-110.379833833211,97.963265966994,70.1035162724936));
#8810=CARTESIAN_POINT('Ctrl Pts',(-110.37983383321,97.963265966994,72.1035162724936));
#8811=CARTESIAN_POINT('Ctrl Pts',(-110.37983383321,97.963265966994,71.7701829391603));
#8812=CARTESIAN_POINT('Ctrl Pts',(-110.37983383321,97.963265966994,71.4368496058269));
#8813=CARTESIAN_POINT('Ctrl Pts',(-110.37983383321,97.963265966994,70.7701829391603));
#8814=CARTESIAN_POINT('Ctrl Pts',(-110.37983383321,97.963265966994,70.4368496058269));
#8815=CARTESIAN_POINT('Ctrl Pts',(-110.37983383321,97.963265966994,70.1035162724936));
#8816=CARTESIAN_POINT('',(-115.729432841658,93.4264708196001,72.1035162724936));
#8817=CARTESIAN_POINT('Ctrl Pts',(-115.729432841657,93.4264708196007,72.1035162724936));
#8818=CARTESIAN_POINT('Ctrl Pts',(-114.235302900063,95.772371883198,72.1035162724936));
#8819=CARTESIAN_POINT('Ctrl Pts',(-112.256663485812,97.1632937806635,72.1035162724936));
#8820=CARTESIAN_POINT('Ctrl Pts',(-110.379833833211,97.963265966994,72.1035162724936));
#8821=CARTESIAN_POINT('',(-115.729432841658,93.4264708196001,70.1035162724936));
#8822=CARTESIAN_POINT('',(-115.729432841657,93.4264708196007,72.1035162724936));
#8823=CARTESIAN_POINT('Ctrl Pts',(-110.379833833211,97.963265966994,70.1035162724936));
#8824=CARTESIAN_POINT('Ctrl Pts',(-112.256663485812,97.1632937806635,70.1035162724936));
#8825=CARTESIAN_POINT('Ctrl Pts',(-114.235302900063,95.772371883198,70.1035162724936));
#8826=CARTESIAN_POINT('Ctrl Pts',(-115.729432841657,93.4264708196007,70.1035162724936));
#8827=CARTESIAN_POINT('Origin',(18.4370497025956,63.0466774510599,72.1035162724936));
#8828=CARTESIAN_POINT('',(-99.6523043542792,93.3104637490619,72.1035162724936));
#8829=CARTESIAN_POINT('',(-110.420737335508,97.9266990906174,72.1035162724936));
#8830=CARTESIAN_POINT('',(-42.4132224193671,68.7730892390712,72.1035162724936));
#8831=CARTESIAN_POINT('',(-108.659766739554,88.4783380623687,72.1035162724936));
#8832=CARTESIAN_POINT('Ctrl Pts',(-99.6523043542792,93.3104637490619,72.1035162724936));
#8833=CARTESIAN_POINT('Ctrl Pts',(-103.443225306244,92.7831440988121,72.1035162724936));
#8834=CARTESIAN_POINT('Ctrl Pts',(-106.711185433202,91.1147276337925,72.1035162724936));
#8835=CARTESIAN_POINT('Ctrl Pts',(-108.659766739554,88.4783380623687,72.1035162724936));
#8836=CARTESIAN_POINT('',(-104.144187585705,84.3196353408492,72.1035162724936));
#8837=CARTESIAN_POINT('Ctrl Pts',(-108.659766739554,88.4783380623687,72.1035162724936));
#8838=CARTESIAN_POINT('Ctrl Pts',(-107.646989631942,86.8116651739693,72.1035162724936));
#8839=CARTESIAN_POINT('Ctrl Pts',(-105.949574727047,85.3509007544576,72.1035162724936));
#8840=CARTESIAN_POINT('Ctrl Pts',(-104.144187585705,84.3196353408492,72.1035162724936));
#8841=CARTESIAN_POINT('',(-106.058331220457,82.6084309273316,72.1035162724936));
#8842=CARTESIAN_POINT('',(-76.3207637103197,109.193194916175,72.1035162724936));
#8843=CARTESIAN_POINT('',(-95.4624642093322,70.7559536699071,72.1035162724936));
#8844=CARTESIAN_POINT('',(-83.2764925801758,122.193086724034,72.1035162724936));
#8845=CARTESIAN_POINT('Origin',(18.4370497025956,63.0466774510599,72.1035162724936));
#8846=CARTESIAN_POINT('',(-93.9285033815386,100.519310558395,72.1035162724936));
#8847=CARTESIAN_POINT('',(-92.3232769714814,95.2012187353672,72.1035162724936));
#8848=CARTESIAN_POINT('',(-85.4981545384405,72.5896870692354,72.1035162724936));
#8849=CARTESIAN_POINT('',(-88.9857453793373,98.1849022411621,72.1035162724936));
#8850=CARTESIAN_POINT('Ctrl Pts',(-93.9285033815386,100.519310558395,72.1035162724936));
#8851=CARTESIAN_POINT('Ctrl Pts',(-92.2137191604545,99.8862290537193,72.1035162724936));
#8852=CARTESIAN_POINT('Ctrl Pts',(-90.5482633070103,99.0864361105712,72.1035162724936));
#8853=CARTESIAN_POINT('Ctrl Pts',(-88.9857453793373,98.1849022411621,72.1035162724936));
#8854=CARTESIAN_POINT('',(-69.53123033504,115.576832189492,72.1035162724936));
#8855=CARTESIAN_POINT('Ctrl Pts',(-108.659766739554,88.4783380623687,72.1035162724936));
#8856=CARTESIAN_POINT('Ctrl Pts',(-108.659766739554,88.4783380623687,70.1035162724936));
#8857=CARTESIAN_POINT('Ctrl Pts',(-106.863799473853,85.5228111969817,72.1035162724936));
#8858=CARTESIAN_POINT('Ctrl Pts',(-106.863799473853,85.5228111969817,70.1035162724936));
#8859=CARTESIAN_POINT('Ctrl Pts',(-102.914901992698,83.2147895760406,72.1035162724936));
#8860=CARTESIAN_POINT('Ctrl Pts',(-102.914901992698,83.2147895760406,70.1035162724936));
#8861=CARTESIAN_POINT('Ctrl Pts',(-100.028789931006,82.8011026177276,72.1035162724936));
#8862=CARTESIAN_POINT('Ctrl Pts',(-100.028789931006,82.8011026177276,70.1035162724936));
#8863=CARTESIAN_POINT('',(-104.144187585705,84.3196353408492,70.1035162724936));
#8864=CARTESIAN_POINT('Ctrl Pts',(-104.144187585705,84.3196353408492,72.1035162724936));
#8865=CARTESIAN_POINT('Ctrl Pts',(-104.144187585705,84.3196353408492,71.7701829391603));
#8866=CARTESIAN_POINT('Ctrl Pts',(-104.144187585705,84.3196353408492,71.4368496058269));
#8867=CARTESIAN_POINT('Ctrl Pts',(-104.144187585705,84.3196353408492,70.7701829391603));
#8868=CARTESIAN_POINT('Ctrl Pts',(-104.144187585705,84.3196353408492,70.4368496058269));
#8869=CARTESIAN_POINT('Ctrl Pts',(-104.144187585705,84.3196353408492,70.1035162724936));
#8870=CARTESIAN_POINT('',(-108.659766739554,88.4783380623687,70.1035162724936));
#8871=CARTESIAN_POINT('',(-108.659766739554,88.4783380623687,72.1035162724936));
#8872=CARTESIAN_POINT('Ctrl Pts',(-104.144187585705,84.3196353408492,70.1035162724936));
#8873=CARTESIAN_POINT('Ctrl Pts',(-105.949574727047,85.3509007544575,70.1035162724936));
#8874=CARTESIAN_POINT('Ctrl Pts',(-107.646989631942,86.8116651739693,70.1035162724936));
#8875=CARTESIAN_POINT('Ctrl Pts',(-108.659766739554,88.4783380623687,70.1035162724936));
#8876=CARTESIAN_POINT('Ctrl Pts',(-77.5127372508002,82.2529261940826,72.1035162724936));
#8877=CARTESIAN_POINT('Ctrl Pts',(-77.5127372508002,82.2529261940826,70.1035162724936));
#8878=CARTESIAN_POINT('Ctrl Pts',(-85.8161981493903,95.6141908699859,72.1035162724936));
#8879=CARTESIAN_POINT('Ctrl Pts',(-85.8161981493903,95.6141908699859,70.1035162724936));
#8880=CARTESIAN_POINT('Ctrl Pts',(-102.933993123908,96.225189476477,72.1035162724936));
#8881=CARTESIAN_POINT('Ctrl Pts',(-102.933993123908,96.225189476477,70.1035162724936));
#8882=CARTESIAN_POINT('Ctrl Pts',(-108.659766739554,88.4783380623687,72.1035162724936));
#8883=CARTESIAN_POINT('Ctrl Pts',(-108.659766739554,88.4783380623687,70.1035162724936));
#8884=CARTESIAN_POINT('',(-99.6523043542792,93.3104637490619,70.1035162724936));
#8885=CARTESIAN_POINT('Ctrl Pts',(-99.6523043542792,93.3104637490619,70.1035162724936));
#8886=CARTESIAN_POINT('Ctrl Pts',(-99.6523043542792,93.3104637490619,70.4368496058269));
#8887=CARTESIAN_POINT('Ctrl Pts',(-99.6523043542792,93.3104637490619,70.7701829391603));
#8888=CARTESIAN_POINT('Ctrl Pts',(-99.6523043542792,93.3104637490619,71.4368496058269));
#8889=CARTESIAN_POINT('Ctrl Pts',(-99.6523043542792,93.3104637490619,71.7701829391603));
#8890=CARTESIAN_POINT('Ctrl Pts',(-99.6523043542792,93.3104637490619,72.1035162724936));
#8891=CARTESIAN_POINT('Ctrl Pts',(-108.659766739554,88.4783380623687,70.1035162724936));
#8892=CARTESIAN_POINT('Ctrl Pts',(-106.711185433202,91.1147276337925,70.1035162724936));
#8893=CARTESIAN_POINT('Ctrl Pts',(-103.443225306244,92.7831440988121,70.1035162724936));
#8894=CARTESIAN_POINT('Ctrl Pts',(-99.6523043542792,93.3104637490619,70.1035162724936));
#8895=CARTESIAN_POINT('Ctrl Pts',(-118.414922749229,130.055896362959,72.1035162724936));
#8896=CARTESIAN_POINT('Ctrl Pts',(-118.414922749229,130.055896362959,70.1035162724936));
#8897=CARTESIAN_POINT('Ctrl Pts',(-113.279575741292,129.034069018197,72.1035162724936));
#8898=CARTESIAN_POINT('Ctrl Pts',(-113.279575741292,129.034069018197,70.1035162724936));
#8899=CARTESIAN_POINT('Ctrl Pts',(-108.355180535519,127.311331097012,72.1035162724936));
#8900=CARTESIAN_POINT('Ctrl Pts',(-108.355180535519,127.311331097012,70.1035162724936));
#8901=CARTESIAN_POINT('Ctrl Pts',(-103.845238780729,125.145410224749,72.1035162724936));
#8902=CARTESIAN_POINT('Ctrl Pts',(-103.845238780729,125.145410224749,70.1035162724936));
#8903=CARTESIAN_POINT('',(-118.414922749229,130.055896362959,72.1035162724936));
#8904=CARTESIAN_POINT('',(-103.845238780729,125.145410224749,72.1035162724936));
#8905=CARTESIAN_POINT('Ctrl Pts',(-118.414922749229,130.055896362959,72.1035162724936));
#8906=CARTESIAN_POINT('Ctrl Pts',(-113.279575741292,129.034069018197,72.1035162724936));
#8907=CARTESIAN_POINT('Ctrl Pts',(-108.355180535519,127.311331097012,72.1035162724936));
#8908=CARTESIAN_POINT('Ctrl Pts',(-103.845238780729,125.145410224749,72.1035162724936));
#8909=CARTESIAN_POINT('',(-118.414922749229,130.055896362959,70.1035162724936));
#8910=CARTESIAN_POINT('',(-118.414922749229,130.055896362959,72.1035162724936));
#8911=CARTESIAN_POINT('',(-103.845238780729,125.145410224749,70.1035162724936));
#8912=CARTESIAN_POINT('Ctrl Pts',(-103.845238780729,125.145410224749,70.1035162724936));
#8913=CARTESIAN_POINT('Ctrl Pts',(-108.355180535519,127.311331097012,70.1035162724936));
#8914=CARTESIAN_POINT('Ctrl Pts',(-113.279575741292,129.034069018197,70.1035162724936));
#8915=CARTESIAN_POINT('Ctrl Pts',(-118.414922749229,130.055896362959,70.1035162724936));
#8916=CARTESIAN_POINT('',(-103.845238780729,125.145410224749,72.1035162724936));
#8917=CARTESIAN_POINT('Ctrl Pts',(-110.247275383293,132.306692369327,72.1035162724936));
#8918=CARTESIAN_POINT('Ctrl Pts',(-110.247275383293,132.306692369327,70.1035162724936));
#8919=CARTESIAN_POINT('Ctrl Pts',(-112.885391249293,131.376376068401,72.1035162724936));
#8920=CARTESIAN_POINT('Ctrl Pts',(-112.885391249293,131.376376068401,70.1035162724936));
#8921=CARTESIAN_POINT('Ctrl Pts',(-115.618889119368,130.612244531547,72.1035162724936));
#8922=CARTESIAN_POINT('Ctrl Pts',(-115.618889119368,130.612244531547,70.1035162724936));
#8923=CARTESIAN_POINT('Ctrl Pts',(-118.414922749229,130.055896362959,72.1035162724936));
#8924=CARTESIAN_POINT('Ctrl Pts',(-118.414922749229,130.055896362959,70.1035162724936));
#8925=CARTESIAN_POINT('',(-110.247275383293,132.306692369327,72.1035162724936));
#8926=CARTESIAN_POINT('Ctrl Pts',(-110.247275383293,132.306692369327,72.1035162724936));
#8927=CARTESIAN_POINT('Ctrl Pts',(-112.885391249293,131.376376068401,72.1035162724936));
#8928=CARTESIAN_POINT('Ctrl Pts',(-115.618889119368,130.612244531547,72.1035162724936));
#8929=CARTESIAN_POINT('Ctrl Pts',(-118.414922749229,130.055896362959,72.1035162724936));
#8930=CARTESIAN_POINT('',(-110.247275383293,132.306692369327,70.1035162724936));
#8931=CARTESIAN_POINT('',(-110.247275383293,132.306692369327,72.1035162724936));
#8932=CARTESIAN_POINT('Ctrl Pts',(-118.414922749229,130.055896362959,70.1035162724936));
#8933=CARTESIAN_POINT('Ctrl Pts',(-115.618889119368,130.612244531547,70.1035162724936));
#8934=CARTESIAN_POINT('Ctrl Pts',(-112.885391249293,131.376376068401,70.1035162724936));
#8935=CARTESIAN_POINT('Ctrl Pts',(-110.247275383293,132.306692369327,70.1035162724936));
#8936=CARTESIAN_POINT('Ctrl Pts',(-126.963684081931,130.055868893706,72.1035162724936));
#8937=CARTESIAN_POINT('Ctrl Pts',(-126.963684081931,130.055868893706,70.1035162724936));
#8938=CARTESIAN_POINT('Ctrl Pts',(-138.601106538999,132.302615319476,72.1035162724936));
#8939=CARTESIAN_POINT('Ctrl Pts',(-138.601106538999,132.302615319476,70.1035162724936));
#8940=CARTESIAN_POINT('Ctrl Pts',(-147.450040677829,136.379734475721,72.1035162724936));
#8941=CARTESIAN_POINT('Ctrl Pts',(-147.450040677829,136.379734475721,70.1035162724936));
#8942=CARTESIAN_POINT('Ctrl Pts',(-153.695467386068,141.125692556806,72.1035162724936));
#8943=CARTESIAN_POINT('Ctrl Pts',(-153.695467386068,141.125692556806,70.1035162724936));
#8944=CARTESIAN_POINT('',(-126.963684081931,130.055868893706,72.1035162724936));
#8945=CARTESIAN_POINT('',(-153.695467386068,141.125692556806,72.1035162724936));
#8946=CARTESIAN_POINT('Ctrl Pts',(-126.963684081931,130.055868893706,72.1035162724936));
#8947=CARTESIAN_POINT('Ctrl Pts',(-138.601106538999,132.302615319476,72.1035162724936));
#8948=CARTESIAN_POINT('Ctrl Pts',(-147.450040677829,136.379734475721,72.1035162724936));
#8949=CARTESIAN_POINT('Ctrl Pts',(-153.695467386068,141.125692556806,72.1035162724936));
#8950=CARTESIAN_POINT('',(-126.963684081931,130.055868893706,70.1035162724936));
#8951=CARTESIAN_POINT('',(-126.963684081931,130.055868893706,72.1035162724936));
#8952=CARTESIAN_POINT('',(-153.695467386068,141.125692556806,70.1035162724936));
#8953=CARTESIAN_POINT('Ctrl Pts',(-153.695467386068,141.125692556806,70.1035162724936));
#8954=CARTESIAN_POINT('Ctrl Pts',(-147.450040677829,136.379734475721,70.1035162724936));
#8955=CARTESIAN_POINT('Ctrl Pts',(-138.601106538999,132.302615319476,70.1035162724936));
#8956=CARTESIAN_POINT('Ctrl Pts',(-126.963684081931,130.055868893706,70.1035162724936));
#8957=CARTESIAN_POINT('',(-153.695467386068,141.125692556806,72.1035162724936));
#8958=CARTESIAN_POINT('Ctrl Pts',(-143.796058732652,124.821640720882,72.1035162724936));
#8959=CARTESIAN_POINT('Ctrl Pts',(-143.796058732652,124.821640720882,70.1035162724936));
#8960=CARTESIAN_POINT('Ctrl Pts',(-139.023247439056,126.99786799872,72.1035162724936));
#8961=CARTESIAN_POINT('Ctrl Pts',(-139.023247439056,126.99786799872,70.1035162724936));
#8962=CARTESIAN_POINT('Ctrl Pts',(-133.422998869868,128.808817716284,72.1035162724936));
#8963=CARTESIAN_POINT('Ctrl Pts',(-133.422998869868,128.808817716284,70.1035162724936));
#8964=CARTESIAN_POINT('Ctrl Pts',(-126.963684081931,130.055868893706,72.1035162724936));
#8965=CARTESIAN_POINT('Ctrl Pts',(-126.963684081931,130.055868893706,70.1035162724936));
#8966=CARTESIAN_POINT('',(-143.796058732652,124.821640720882,72.1035162724936));
#8967=CARTESIAN_POINT('Ctrl Pts',(-143.796058732652,124.821640720882,72.1035162724936));
#8968=CARTESIAN_POINT('Ctrl Pts',(-139.023247439056,126.99786799872,72.1035162724936));
#8969=CARTESIAN_POINT('Ctrl Pts',(-133.422998869868,128.808817716284,72.1035162724936));
#8970=CARTESIAN_POINT('Ctrl Pts',(-126.963684081931,130.055868893706,72.1035162724936));
#8971=CARTESIAN_POINT('',(-143.796058732652,124.821640720882,70.1035162724936));
#8972=CARTESIAN_POINT('',(-143.796058732652,124.821640720882,72.1035162724936));
#8973=CARTESIAN_POINT('Ctrl Pts',(-126.963684081931,130.055868893706,70.1035162724936));
#8974=CARTESIAN_POINT('Ctrl Pts',(-133.422998869868,128.808817716284,70.1035162724936));
#8975=CARTESIAN_POINT('Ctrl Pts',(-139.023247439056,126.99786799872,70.1035162724936));
#8976=CARTESIAN_POINT('Ctrl Pts',(-143.796058732652,124.821640720882,70.1035162724936));
#8977=CARTESIAN_POINT('Ctrl Pts',(-103.655665352912,111.102866824805,72.1035162724936));
#8978=CARTESIAN_POINT('Ctrl Pts',(-103.655665352912,111.102866824805,70.1035162724936));
#8979=CARTESIAN_POINT('Ctrl Pts',(-112.230993679843,117.853373324769,72.1035162724936));
#8980=CARTESIAN_POINT('Ctrl Pts',(-112.230993679843,117.853373324769,70.1035162724936));
#8981=CARTESIAN_POINT('Ctrl Pts',(-123.834644254245,117.052293713053,72.1035162724936));
#8982=CARTESIAN_POINT('Ctrl Pts',(-123.834644254245,117.052293713053,70.1035162724936));
#8983=CARTESIAN_POINT('Ctrl Pts',(-132.657894394052,112.362552722316,72.1035162724936));
#8984=CARTESIAN_POINT('Ctrl Pts',(-132.657894394052,112.362552722316,70.1035162724936));
#8985=CARTESIAN_POINT('',(-103.655665352912,111.102866824805,72.1035162724936));
#8986=CARTESIAN_POINT('',(-132.657894394052,112.362552722316,72.1035162724936));
#8987=CARTESIAN_POINT('Ctrl Pts',(-103.655665352912,111.102866824805,72.1035162724936));
#8988=CARTESIAN_POINT('Ctrl Pts',(-112.230993679843,117.853373324769,72.1035162724936));
#8989=CARTESIAN_POINT('Ctrl Pts',(-123.834644254245,117.052293713053,72.1035162724936));
#8990=CARTESIAN_POINT('Ctrl Pts',(-132.657894394052,112.362552722316,72.1035162724936));
#8991=CARTESIAN_POINT('',(-103.655665352912,111.102866824805,70.1035162724936));
#8992=CARTESIAN_POINT('',(-103.655665352912,111.102866824805,72.1035162724936));
#8993=CARTESIAN_POINT('',(-132.657894394052,112.362552722316,70.1035162724936));
#8994=CARTESIAN_POINT('Ctrl Pts',(-132.657894394052,112.362552722316,70.1035162724936));
#8995=CARTESIAN_POINT('Ctrl Pts',(-123.834644254245,117.052293713053,70.1035162724936));
#8996=CARTESIAN_POINT('Ctrl Pts',(-112.230993679843,117.853373324769,70.1035162724936));
#8997=CARTESIAN_POINT('Ctrl Pts',(-103.655665352912,111.102866824805,70.1035162724936));
#8998=CARTESIAN_POINT('',(-132.657894394052,112.362552722316,72.1035162724936));
#8999=CARTESIAN_POINT('Ctrl Pts',(-99.4293284110022,112.302449126898,72.1035162724936));
#9000=CARTESIAN_POINT('Ctrl Pts',(-99.4293284110022,112.302449126898,70.1035162724936));
#9001=CARTESIAN_POINT('Ctrl Pts',(-100.367458357902,109.991831661497,72.1035162724936));
#9002=CARTESIAN_POINT('Ctrl Pts',(-100.367458357902,109.991831661497,70.1035162724936));
#9003=CARTESIAN_POINT('Ctrl Pts',(-102.593841357322,109.86017152928,72.1035162724936));
#9004=CARTESIAN_POINT('Ctrl Pts',(-102.593841357322,109.86017152928,70.1035162724936));
#9005=CARTESIAN_POINT('Ctrl Pts',(-103.655665352912,111.102866824805,72.1035162724936));
#9006=CARTESIAN_POINT('Ctrl Pts',(-103.655665352912,111.102866824805,70.1035162724936));
#9007=CARTESIAN_POINT('',(-99.4293284110022,112.302449126898,72.1035162724936));
#9008=CARTESIAN_POINT('Ctrl Pts',(-99.4293284110022,112.302449126898,72.1035162724936));
#9009=CARTESIAN_POINT('Ctrl Pts',(-100.367458357902,109.991831661497,72.1035162724936));
#9010=CARTESIAN_POINT('Ctrl Pts',(-102.593841357322,109.86017152928,72.1035162724936));
#9011=CARTESIAN_POINT('Ctrl Pts',(-103.655665352912,111.102866824805,72.1035162724936));
#9012=CARTESIAN_POINT('',(-99.4293284110022,112.302449126898,70.1035162724936));
#9013=CARTESIAN_POINT('',(-99.4293284110022,112.302449126898,72.1035162724936));
#9014=CARTESIAN_POINT('Ctrl Pts',(-103.655665352912,111.102866824805,70.1035162724936));
#9015=CARTESIAN_POINT('Ctrl Pts',(-102.593841357322,109.86017152928,70.1035162724936));
#9016=CARTESIAN_POINT('Ctrl Pts',(-100.367458357902,109.991831661497,70.1035162724936));
#9017=CARTESIAN_POINT('Ctrl Pts',(-99.4293284110022,112.302449126898,70.1035162724936));
#9018=CARTESIAN_POINT('Ctrl Pts',(-81.3103615527106,92.1143332764495,72.1035162724936));
#9019=CARTESIAN_POINT('Ctrl Pts',(-81.3103615527106,92.1143332764495,70.1035162724936));
#9020=CARTESIAN_POINT('Ctrl Pts',(-81.7935731917334,95.8330384129394,72.1035162724936));
#9021=CARTESIAN_POINT('Ctrl Pts',(-81.7935731917334,95.8330384129394,70.1035162724936));
#9022=CARTESIAN_POINT('Ctrl Pts',(-94.6519033045722,109.930218125807,72.1035162724936));
#9023=CARTESIAN_POINT('Ctrl Pts',(-94.6519033045722,109.930218125807,70.1035162724936));
#9024=CARTESIAN_POINT('Ctrl Pts',(-99.4293284110022,112.302449126898,72.1035162724936));
#9025=CARTESIAN_POINT('Ctrl Pts',(-99.4293284110022,112.302449126898,70.1035162724936));
#9026=CARTESIAN_POINT('',(-86.6383382695478,100.283435148341,70.1035162724936));
#9027=CARTESIAN_POINT('',(-86.6383382695478,100.283435148341,72.1035162724936));
#9028=CARTESIAN_POINT('Ctrl Pts',(-86.6383382695478,100.283435148341,70.1035162724936));
#9029=CARTESIAN_POINT('Ctrl Pts',(-86.6383382695478,100.283435148341,70.4368496058269));
#9030=CARTESIAN_POINT('Ctrl Pts',(-86.6383382695478,100.283435148341,70.7701829391603));
#9031=CARTESIAN_POINT('Ctrl Pts',(-86.6383382695478,100.283435148341,71.4368496058269));
#9032=CARTESIAN_POINT('Ctrl Pts',(-86.6383382695478,100.283435148341,71.7701829391603));
#9033=CARTESIAN_POINT('Ctrl Pts',(-86.6383382695478,100.283435148341,72.1035162724936));
#9034=CARTESIAN_POINT('Ctrl Pts',(-99.4293284110022,112.302449126898,70.1035162724936));
#9035=CARTESIAN_POINT('Ctrl Pts',(-96.5890498516714,110.892108472659,70.1035162724936));
#9036=CARTESIAN_POINT('Ctrl Pts',(-90.8925352359446,105.337526394535,70.1035162724936));
#9037=CARTESIAN_POINT('Ctrl Pts',(-86.6383382695478,100.283435148341,70.1035162724936));
#9038=CARTESIAN_POINT('Ctrl Pts',(-86.6383382695478,100.283435148341,72.1035162724936));
#9039=CARTESIAN_POINT('Ctrl Pts',(-90.8925352359407,105.337526394523,72.1035162724936));
#9040=CARTESIAN_POINT('Ctrl Pts',(-96.5890498516796,110.892108472664,72.1035162724936));
#9041=CARTESIAN_POINT('Ctrl Pts',(-99.4293284110022,112.302449126898,72.1035162724936));
#9042=CARTESIAN_POINT('Ctrl Pts',(-105.280032191749,101.612363338362,72.1035162724936));
#9043=CARTESIAN_POINT('Ctrl Pts',(-105.280032191749,101.612363338362,70.1035162724936));
#9044=CARTESIAN_POINT('Ctrl Pts',(-96.6264207182837,103.684588886915,72.1035162724936));
#9045=CARTESIAN_POINT('Ctrl Pts',(-96.6264207182837,103.684588886915,70.1035162724936));
#9046=CARTESIAN_POINT('Ctrl Pts',(-86.1740401152564,97.5342367539275,72.1035162724936));
#9047=CARTESIAN_POINT('Ctrl Pts',(-86.1740401152564,97.5342367539275,70.1035162724936));
#9048=CARTESIAN_POINT('Ctrl Pts',(-81.3103615527106,92.1143332764495,72.1035162724936));
#9049=CARTESIAN_POINT('Ctrl Pts',(-81.3103615527106,92.1143332764495,70.1035162724936));
#9050=CARTESIAN_POINT('',(-93.9285033815386,100.519310558395,70.1035162724936));
#9051=CARTESIAN_POINT('Ctrl Pts',(-93.9285033815386,100.519310558395,70.1035162724936));
#9052=CARTESIAN_POINT('Ctrl Pts',(-93.9285033815386,100.519310558395,70.4368496058269));
#9053=CARTESIAN_POINT('Ctrl Pts',(-93.9285033815386,100.519310558395,70.7701829391603));
#9054=CARTESIAN_POINT('Ctrl Pts',(-93.9285033815386,100.519310558395,71.4368496058269));
#9055=CARTESIAN_POINT('Ctrl Pts',(-93.9285033815386,100.519310558395,71.7701829391603));
#9056=CARTESIAN_POINT('Ctrl Pts',(-93.9285033815386,100.519310558395,72.1035162724936));
#9057=CARTESIAN_POINT('',(-88.9857453793373,98.1849022411621,70.1035162724936));
#9058=CARTESIAN_POINT('Ctrl Pts',(-88.9857453793373,98.1849022411621,70.1035162724936));
#9059=CARTESIAN_POINT('Ctrl Pts',(-90.5482633069764,99.0864361105435,70.1035162724936));
#9060=CARTESIAN_POINT('Ctrl Pts',(-92.2137191604813,99.886229053726,70.1035162724936));
#9061=CARTESIAN_POINT('Ctrl Pts',(-93.9285033815386,100.519310558395,70.1035162724936));
#9062=CARTESIAN_POINT('Ctrl Pts',(-88.9857453793373,98.1849022411621,72.1035162724936));
#9063=CARTESIAN_POINT('Ctrl Pts',(-88.9857453793373,98.1849022411621,71.7701829391603));
#9064=CARTESIAN_POINT('Ctrl Pts',(-88.9857453793373,98.1849022411621,71.4368496058269));
#9065=CARTESIAN_POINT('Ctrl Pts',(-88.9857453793373,98.1849022411621,70.7701829391603));
#9066=CARTESIAN_POINT('Ctrl Pts',(-88.9857453793373,98.1849022411621,70.4368496058269));
#9067=CARTESIAN_POINT('Ctrl Pts',(-88.9857453793373,98.1849022411621,70.1035162724936));
#9068=CARTESIAN_POINT('Origin',(-138.704013849986,141.631973976088,70.1035162724936));
#9069=CARTESIAN_POINT('',(-127.521184340963,151.629189797111,72.1035162724936));
#9070=CARTESIAN_POINT('Origin',(-138.704013849986,141.631973976088,72.1035162724936));
#9071=CARTESIAN_POINT('',(-149.886843100985,131.63475786644,70.1035162724936));
#9072=CARTESIAN_POINT('Origin',(-138.704013849986,141.631973976088,70.1035162724936));
#9073=CARTESIAN_POINT('',(-149.886843100985,131.63475786644,78.1035162724936));
#9074=CARTESIAN_POINT('',(-149.886843100985,131.63475786644,70.1035162724936));
#9075=CARTESIAN_POINT('',(-127.521184388311,151.629189850075,78.1035162724936));
#9076=CARTESIAN_POINT('Origin',(-138.704013849986,141.631973976088,78.1035162724936));
#9077=CARTESIAN_POINT('',(-127.521184388311,151.629189850075,70.1035162724936));
#9078=CARTESIAN_POINT('Origin',(-96.8168331440118,110.08830518481,78.1035162724936));
#9079=CARTESIAN_POINT('',(-92.3232769714814,95.2012187353672,78.1035162724936));
#9080=CARTESIAN_POINT('',(-92.3232769714814,95.2012187353672,78.1035162724936));
#9081=CARTESIAN_POINT('',(-96.8168331440118,110.08830518481,78.1035162724936));
#9082=CARTESIAN_POINT('',(-83.4577998553267,65.83002158631,78.1035162724936));
#9083=CARTESIAN_POINT('',(-96.8168331440118,110.08830518481,70.1035162724936));
#9084=CARTESIAN_POINT('',(-96.8168331440118,110.08830518481,78.1035162724936));
#9085=CARTESIAN_POINT('',(-83.4577998553267,65.83002158631,70.1035162724936));
#9086=CARTESIAN_POINT('Origin',(-110.420737335508,97.9266990906174,78.1035162724936));
#9087=CARTESIAN_POINT('',(-70.1789108219319,133.902051142486,70.1035162724936));
#9088=CARTESIAN_POINT('',(-110.420737335508,97.9266990906174,78.1035162724936));
#9089=CARTESIAN_POINT('',(-70.1789108219319,133.902051142486,78.1035162724936));
#9090=CARTESIAN_POINT('',(-110.420737335508,97.9266990906174,78.1035162724936));
#9091=CARTESIAN_POINT('Origin',(65.9370497025956,62.6331359959283,70.1035162724936));
#9092=CARTESIAN_POINT('',(-95.8908132546976,91.6979795388611,70.1035162724936));
#9093=CARTESIAN_POINT('',(-22.2752979145651,60.1403198317957,70.1035162724936));
#9094=CARTESIAN_POINT('',(-63.2231819520756,120.902159334626,70.1035162724936));
#9095=CARTESIAN_POINT('Origin',(65.9370497025956,62.6331359959283,70.1035162724936));
#9096=CARTESIAN_POINT('',(-56.433648576796,127.285796607944,70.1035162724936));
#9097=CARTESIAN_POINT('',(-99.7459253307405,75.547409194146,70.1035162724936));
#9098=CARTESIAN_POINT('Origin',(65.9370497025956,62.6331359959283,70.1035162724936));
#9099=CARTESIAN_POINT('',(-94.1971314750212,114.353091644492,70.1035162724936));
#9100=CARTESIAN_POINT('Origin',(65.9370497025956,62.6331359959283,70.1035162724936));
#9101=CARTESIAN_POINT('',(-99.7459253307405,75.547409194146,70.1035162724936));
#9102=CARTESIAN_POINT('Origin',(-149.886843100985,131.63475786644,70.1035162724936));
#9103=CARTESIAN_POINT('',(-95.4624642093322,70.7559536699071,72.1035162724936));
#9104=CARTESIAN_POINT('',(-106.058331220457,82.6084309273315,78.1035162724936));
#9105=CARTESIAN_POINT('',(-106.058331220457,82.6084309273316,74.1035162724936));
#9106=CARTESIAN_POINT('',(-99.7459253307405,75.547409194146,78.1035162724936));
#9107=CARTESIAN_POINT('Origin',(-95.8908132546976,91.6979795388611,78.1035162724936));
#9108=CARTESIAN_POINT('',(-95.8908132546976,91.6979795388611,78.1035162724936));
#9109=CARTESIAN_POINT('',(-22.2752979145651,60.1403198317957,78.1035162724936));
#9110=CARTESIAN_POINT('',(-95.8908132546976,91.6979795388611,78.1035162724936));
#9111=CARTESIAN_POINT('Origin',(-106.058331220457,82.6084309273315,78.1035162724936));
#9112=CARTESIAN_POINT('',(-63.2231819520756,120.902159334626,78.1035162724936));
#9113=CARTESIAN_POINT('Origin',(-92.3232769714814,95.2012187353672,78.1035162724936));
#9114=CARTESIAN_POINT('',(-81.1404475098066,105.198434609354,72.1035162724936));
#9115=CARTESIAN_POINT('',(-69.53123033504,115.576832189492,72.1035162724936));
#9116=CARTESIAN_POINT('',(-81.1404475098067,105.198434609354,78.1035162724936));
#9117=CARTESIAN_POINT('',(-81.1404475098066,105.198434609354,70.1035162724936));
#9118=CARTESIAN_POINT('',(-56.433648576796,127.285796607944,78.1035162724936));
#9119=CARTESIAN_POINT('Origin',(-68.1038627311133,137.679928683795,70.1035162724936));
#9120=CARTESIAN_POINT('',(-94.1971314750212,114.353091644492,72.1035162724936));
#9121=CARTESIAN_POINT('Origin',(-68.1038627311133,137.679928683795,72.1035162724936));
#9122=CARTESIAN_POINT('',(-94.1971314750212,114.353091644492,78.1035162724936));
#9123=CARTESIAN_POINT('',(-94.1971314750212,114.353091644492,70.1035162724936));
#9124=CARTESIAN_POINT('Origin',(-68.1038627311133,137.679928683795,78.1035162724936));
#9125=CARTESIAN_POINT('Origin',(65.9370497025956,62.6331359959283,78.1035162724936));
#9126=CARTESIAN_POINT('',(-94.1971314750212,114.353091644492,78.1035162724936));
#9127=CARTESIAN_POINT('',(-143.754013849986,141.631973976088,78.1035162724936));
#9128=CARTESIAN_POINT('Origin',(-138.704013849986,141.631973976088,78.1035162724936));
#9129=CARTESIAN_POINT('Origin',(-138.704013849986,141.631973976088,70.1035162724936));
#9130=CARTESIAN_POINT('',(-143.754013849986,141.631973976088,72.1035162724936));
#9131=CARTESIAN_POINT('Origin',(-138.704013849986,141.631973976088,72.1035162724936));
#9132=CARTESIAN_POINT('',(-143.754013849986,141.631973976088,70.1035162724936));
#9133=CARTESIAN_POINT('Origin',(-94.1971314750212,114.353091644492,70.1035162724936));
#9134=CARTESIAN_POINT('',(-56.4347789346751,72.1123364329201,72.1035162724936));
#9135=CARTESIAN_POINT('',(-56.4347789346751,72.1123364329201,72.1035162724936));
#9136=CARTESIAN_POINT('Origin',(18.4413229345549,95.0079310030157,72.1035162724936));
#9137=CARTESIAN_POINT('Ctrl Pts',(-81.3103615527106,92.1143332764495,72.1035162724936));
#9138=CARTESIAN_POINT('Ctrl Pts',(-81.3103615527106,92.1143332764495,70.1035162724936));
#9139=CARTESIAN_POINT('Ctrl Pts',(-81.7935731917334,95.8330384129394,72.1035162724936));
#9140=CARTESIAN_POINT('Ctrl Pts',(-81.7935731917334,95.8330384129394,70.1035162724936));
#9141=CARTESIAN_POINT('Ctrl Pts',(-94.6519033045722,109.930218125807,72.1035162724936));
#9142=CARTESIAN_POINT('Ctrl Pts',(-94.6519033045722,109.930218125807,70.1035162724936));
#9143=CARTESIAN_POINT('Ctrl Pts',(-99.4293284110022,112.302449126898,72.1035162724936));
#9144=CARTESIAN_POINT('Ctrl Pts',(-99.4293284110022,112.302449126898,70.1035162724936));
#9145=CARTESIAN_POINT('',(-86.5739573950991,100.206856094452,72.1035162724936));
#9146=CARTESIAN_POINT('',(-86.5739573950992,100.206856094452,70.1035162724936));
#9147=CARTESIAN_POINT('Ctrl Pts',(-86.5739573950991,100.206856094452,72.1035162724936));
#9148=CARTESIAN_POINT('Ctrl Pts',(-86.5739573950991,100.206856094452,71.7701829391603));
#9149=CARTESIAN_POINT('Ctrl Pts',(-86.5739573950991,100.206856094452,71.4368496058269));
#9150=CARTESIAN_POINT('Ctrl Pts',(-86.5739573950991,100.206856094452,70.7701829391603));
#9151=CARTESIAN_POINT('Ctrl Pts',(-86.5739573950991,100.206856094452,70.4368496058269));
#9152=CARTESIAN_POINT('Ctrl Pts',(-86.5739573950991,100.206856094452,70.1035162724936));
#9153=CARTESIAN_POINT('',(-81.3103615527106,92.1143332764495,72.1035162724936));
#9154=CARTESIAN_POINT('Ctrl Pts',(-81.3103615527106,92.1143332764495,72.1035162724936));
#9155=CARTESIAN_POINT('Ctrl Pts',(-81.5048421453321,93.6110190354928,72.1035162724936));
#9156=CARTESIAN_POINT('Ctrl Pts',(-83.7039199905427,96.7888734771545,72.1035162724936));
#9157=CARTESIAN_POINT('Ctrl Pts',(-86.5739573950991,100.206856094452,72.1035162724936));
#9158=CARTESIAN_POINT('',(-81.3103615527106,92.1143332764495,70.1035162724936));
#9159=CARTESIAN_POINT('',(-81.3103615527106,92.1143332764495,72.1035162724936));
#9160=CARTESIAN_POINT('Ctrl Pts',(-86.5739573950992,100.206856094452,70.1035162724936));
#9161=CARTESIAN_POINT('Ctrl Pts',(-83.70391999057,96.7888734771797,70.1035162724936));
#9162=CARTESIAN_POINT('Ctrl Pts',(-81.5048421453309,93.6110190354831,70.1035162724936));
#9163=CARTESIAN_POINT('Ctrl Pts',(-81.3103615527106,92.1143332764495,70.1035162724936));
#9164=CARTESIAN_POINT('Ctrl Pts',(-105.280032191749,101.612363338362,72.1035162724936));
#9165=CARTESIAN_POINT('Ctrl Pts',(-105.280032191749,101.612363338362,70.1035162724936));
#9166=CARTESIAN_POINT('Ctrl Pts',(-96.6264207182837,103.684588886915,72.1035162724936));
#9167=CARTESIAN_POINT('Ctrl Pts',(-96.6264207182837,103.684588886915,70.1035162724936));
#9168=CARTESIAN_POINT('Ctrl Pts',(-86.1740401152564,97.5342367539275,72.1035162724936));
#9169=CARTESIAN_POINT('Ctrl Pts',(-86.1740401152564,97.5342367539275,70.1035162724936));
#9170=CARTESIAN_POINT('Ctrl Pts',(-81.3103615527106,92.1143332764495,72.1035162724936));
#9171=CARTESIAN_POINT('Ctrl Pts',(-81.3103615527106,92.1143332764495,70.1035162724936));
#9172=CARTESIAN_POINT('',(-94.0459614017454,100.562385534294,72.1035162724936));
#9173=CARTESIAN_POINT('',(-94.0459614017455,100.562385534294,70.1035162724936));
#9174=CARTESIAN_POINT('Ctrl Pts',(-94.0459614017454,100.562385534294,72.1035162724936));
#9175=CARTESIAN_POINT('Ctrl Pts',(-94.0459614017454,100.562385534294,71.7701829391603));
#9176=CARTESIAN_POINT('Ctrl Pts',(-94.0459614017454,100.562385534294,71.4368496058269));
#9177=CARTESIAN_POINT('Ctrl Pts',(-94.0459614017454,100.562385534294,70.7701829391603));
#9178=CARTESIAN_POINT('Ctrl Pts',(-94.0459614017454,100.562385534294,70.4368496058269));
#9179=CARTESIAN_POINT('Ctrl Pts',(-94.0459614017454,100.562385534294,70.1035162724936));
#9180=CARTESIAN_POINT('',(-105.280032191749,101.612363338362,72.1035162724936));
#9181=CARTESIAN_POINT('Ctrl Pts',(-105.280032191749,101.612363338362,72.1035162724936));
#9182=CARTESIAN_POINT('Ctrl Pts',(-101.669615003023,102.476927082916,72.1035162724936));
#9183=CARTESIAN_POINT('Ctrl Pts',(-97.7460889111198,101.910199709087,72.1035162724936));
#9184=CARTESIAN_POINT('Ctrl Pts',(-94.0459614017454,100.562385534294,72.1035162724936));
#9185=CARTESIAN_POINT('',(-105.280032191749,101.612363338362,70.1035162724936));
#9186=CARTESIAN_POINT('',(-105.280032191749,101.612363338362,72.1035162724936));
#9187=CARTESIAN_POINT('Ctrl Pts',(-94.0459614017455,100.562385534294,70.1035162724936));
#9188=CARTESIAN_POINT('Ctrl Pts',(-97.7460889111561,101.910199709108,70.1035162724936));
#9189=CARTESIAN_POINT('Ctrl Pts',(-101.669615003023,102.476927082916,70.1035162724936));
#9190=CARTESIAN_POINT('Ctrl Pts',(-105.280032191749,101.612363338362,70.1035162724936));
#9191=CARTESIAN_POINT('Ctrl Pts',(-77.5127372508002,82.2529261940826,72.1035162724936));
#9192=CARTESIAN_POINT('Ctrl Pts',(-77.5127372508002,82.2529261940826,70.1035162724936));
#9193=CARTESIAN_POINT('Ctrl Pts',(-85.8161981493903,95.6141908699859,72.1035162724936));
#9194=CARTESIAN_POINT('Ctrl Pts',(-85.8161981493903,95.6141908699859,70.1035162724936));
#9195=CARTESIAN_POINT('Ctrl Pts',(-102.933993123908,96.225189476477,72.1035162724936));
#9196=CARTESIAN_POINT('Ctrl Pts',(-102.933993123908,96.225189476477,70.1035162724936));
#9197=CARTESIAN_POINT('Ctrl Pts',(-108.659766739554,88.4783380623687,72.1035162724936));
#9198=CARTESIAN_POINT('Ctrl Pts',(-108.659766739554,88.4783380623687,70.1035162724936));
#9199=CARTESIAN_POINT('',(-99.4588317478195,93.3363266119626,72.1035162724936));
#9200=CARTESIAN_POINT('',(-99.4588317478196,93.3363266119626,70.1035162724936));
#9201=CARTESIAN_POINT('Ctrl Pts',(-99.4588317478196,93.3363266119626,72.1035162724936));
#9202=CARTESIAN_POINT('Ctrl Pts',(-99.4588317478196,93.3363266119626,71.7701829391603));
#9203=CARTESIAN_POINT('Ctrl Pts',(-99.4588317478196,93.3363266119626,71.4368496058269));
#9204=CARTESIAN_POINT('Ctrl Pts',(-99.4588317478196,93.3363266119626,70.7701829391603));
#9205=CARTESIAN_POINT('Ctrl Pts',(-99.4588317478196,93.3363266119626,70.4368496058269));
#9206=CARTESIAN_POINT('Ctrl Pts',(-99.4588317478196,93.3363266119626,70.1035162724936));
#9207=CARTESIAN_POINT('',(-77.5127372508002,82.2529261940826,72.1035162724936));
#9208=CARTESIAN_POINT('Ctrl Pts',(-77.5127372508002,82.2529261940826,72.1035162724936));
#9209=CARTESIAN_POINT('Ctrl Pts',(-82.9424233913278,90.9899425438544,72.1035162724936));
#9210=CARTESIAN_POINT('Ctrl Pts',(-92.1410620788344,94.2750271466539,72.1035162724936));
#9211=CARTESIAN_POINT('Ctrl Pts',(-99.4588317478195,93.3363266119626,72.1035162724936));
#9212=CARTESIAN_POINT('',(-77.5127372508002,82.2529261940826,70.1035162724936));
#9213=CARTESIAN_POINT('',(-77.5127372508002,82.2529261940826,72.1035162724936));
#9214=CARTESIAN_POINT('Ctrl Pts',(-99.4588317478196,93.3363266119626,70.1035162724936));
#9215=CARTESIAN_POINT('Ctrl Pts',(-92.1410620788344,94.2750271466539,70.1035162724936));
#9216=CARTESIAN_POINT('Ctrl Pts',(-82.9424233913278,90.9899425438544,70.1035162724936));
#9217=CARTESIAN_POINT('Ctrl Pts',(-77.5127372508002,82.2529261940826,70.1035162724936));
#9218=CARTESIAN_POINT('Ctrl Pts',(-112.317270379157,22.7364482575286,72.1035162724936));
#9219=CARTESIAN_POINT('Ctrl Pts',(-112.317270379157,22.7364482575286,70.1035162724936));
#9220=CARTESIAN_POINT('Ctrl Pts',(-106.285132178779,23.7251491001952,72.1035162724936));
#9221=CARTESIAN_POINT('Ctrl Pts',(-106.285132178779,23.7251491001952,70.1035162724936));
#9222=CARTESIAN_POINT('Ctrl Pts',(-94.8611640780402,28.4332143414367,72.1035162724936));
#9223=CARTESIAN_POINT('Ctrl Pts',(-94.8611640780402,28.4332143414367,70.1035162724936));
#9224=CARTESIAN_POINT('Ctrl Pts',(-97.3013952162695,41.0315205002654,72.1035162724936));
#9225=CARTESIAN_POINT('Ctrl Pts',(-97.3013952162695,41.0315205002654,70.1035162724936));
#9226=CARTESIAN_POINT('',(-97.9301454120089,32.5852659731307,72.1035162724936));
#9227=CARTESIAN_POINT('',(-97.9301454120089,32.5852659731307,70.1035162724936));
#9228=CARTESIAN_POINT('Ctrl Pts',(-97.9301454120089,32.5852659731308,72.1035162724936));
#9229=CARTESIAN_POINT('Ctrl Pts',(-97.9301454120089,32.5852659731308,71.7701829391603));
#9230=CARTESIAN_POINT('Ctrl Pts',(-97.9301454120089,32.5852659731308,71.4368496058269));
#9231=CARTESIAN_POINT('Ctrl Pts',(-97.9301454120089,32.5852659731308,70.7701829391603));
#9232=CARTESIAN_POINT('Ctrl Pts',(-97.9301454120089,32.5852659731308,70.4368496058269));
#9233=CARTESIAN_POINT('Ctrl Pts',(-97.9301454120089,32.5852659731308,70.1035162724936));
#9234=CARTESIAN_POINT('',(-106.893034736859,24.3200146996547,72.1035162724936));
#9235=CARTESIAN_POINT('Ctrl Pts',(-97.9301454120089,32.5852659731307,72.1035162724936));
#9236=CARTESIAN_POINT('Ctrl Pts',(-99.6274597781354,28.4433577371999,72.1035162724936));
#9237=CARTESIAN_POINT('Ctrl Pts',(-103.307353717336,25.8382191381992,72.1035162724936));
#9238=CARTESIAN_POINT('Ctrl Pts',(-106.893034736859,24.3200146996547,72.1035162724936));
#9239=CARTESIAN_POINT('',(-106.893034736859,24.3200146996547,70.1035162724936));
#9240=CARTESIAN_POINT('Ctrl Pts',(-106.893034736859,24.3200146996547,70.1035162724936));
#9241=CARTESIAN_POINT('Ctrl Pts',(-106.893034736859,24.3200146996547,70.4368496058269));
#9242=CARTESIAN_POINT('Ctrl Pts',(-106.893034736859,24.3200146996547,70.7701829391603));
#9243=CARTESIAN_POINT('Ctrl Pts',(-106.893034736859,24.3200146996547,71.4368496058269));
#9244=CARTESIAN_POINT('Ctrl Pts',(-106.893034736859,24.3200146996547,71.7701829391603));
#9245=CARTESIAN_POINT('Ctrl Pts',(-106.893034736859,24.3200146996547,72.1035162724936));
#9246=CARTESIAN_POINT('Ctrl Pts',(-97.9301454120089,32.5852659731307,70.1035162724936));
#9247=CARTESIAN_POINT('Ctrl Pts',(-99.6274597781357,28.4433577372012,70.1035162724936));
#9248=CARTESIAN_POINT('Ctrl Pts',(-103.307353717336,25.8382191381996,70.1035162724936));
#9249=CARTESIAN_POINT('Ctrl Pts',(-106.893034736859,24.3200146996547,70.1035162724936));
#9250=CARTESIAN_POINT('Ctrl Pts',(142.958334729295,112.302449126898,72.1035162724936));
#9251=CARTESIAN_POINT('Ctrl Pts',(142.958334729295,112.302449126898,70.1035162724936));
#9252=CARTESIAN_POINT('Ctrl Pts',(138.180923357491,109.930218125807,72.1035162724936));
#9253=CARTESIAN_POINT('Ctrl Pts',(138.180923357491,109.930218125807,70.1035162724936));
#9254=CARTESIAN_POINT('Ctrl Pts',(125.322579510026,95.8330384129394,72.1035162724936));
#9255=CARTESIAN_POINT('Ctrl Pts',(125.322579510026,95.8330384129394,70.1035162724936));
#9256=CARTESIAN_POINT('Ctrl Pts',(124.83938160563,92.1143332764495,72.1035162724936));
#9257=CARTESIAN_POINT('Ctrl Pts',(124.83938160563,92.1143332764495,70.1035162724936));
#9258=CARTESIAN_POINT('',(127.354415626609,96.7146529269262,70.1035162724936));
#9259=CARTESIAN_POINT('',(127.354415626609,96.7146529269263,72.1035162724936));
#9260=CARTESIAN_POINT('Ctrl Pts',(127.354415626609,96.7146529269262,70.1035162724936));
#9261=CARTESIAN_POINT('Ctrl Pts',(127.354415626609,96.7146529269262,70.4368496058269));
#9262=CARTESIAN_POINT('Ctrl Pts',(127.354415626609,96.7146529269262,70.7701829391603));
#9263=CARTESIAN_POINT('Ctrl Pts',(127.354415626609,96.7146529269262,71.4368496058269));
#9264=CARTESIAN_POINT('Ctrl Pts',(127.354415626609,96.7146529269262,71.7701829391603));
#9265=CARTESIAN_POINT('Ctrl Pts',(127.354415626609,96.7146529269262,72.1035162724936));
#9266=CARTESIAN_POINT('',(124.83938160563,92.1143332764495,70.1035162724936));
#9267=CARTESIAN_POINT('Ctrl Pts',(124.83938160563,92.1143332764495,70.1035162724936));
#9268=CARTESIAN_POINT('Ctrl Pts',(124.964663457828,93.0785060574981,70.1035162724936));
#9269=CARTESIAN_POINT('Ctrl Pts',(125.921855753178,94.7403644596934,70.1035162724936));
#9270=CARTESIAN_POINT('Ctrl Pts',(127.354415626609,96.7146529269262,70.1035162724936));
#9271=CARTESIAN_POINT('',(124.83938160563,92.1143332764495,72.1035162724936));
#9272=CARTESIAN_POINT('',(124.83938160563,92.1143332764495,72.1035162724936));
#9273=CARTESIAN_POINT('Ctrl Pts',(124.83938160563,92.1143332764495,72.1035162724936));
#9274=CARTESIAN_POINT('Ctrl Pts',(124.964663457828,93.0785060574981,72.1035162724936));
#9275=CARTESIAN_POINT('Ctrl Pts',(125.921855753178,94.7403644596934,72.1035162724936));
#9276=CARTESIAN_POINT('Ctrl Pts',(127.354415626609,96.7146529269263,72.1035162724936));
#9277=CARTESIAN_POINT('Ctrl Pts',(124.83938160563,92.1143332764495,72.1035162724936));
#9278=CARTESIAN_POINT('Ctrl Pts',(124.83938160563,92.1143332764495,70.1035162724936));
#9279=CARTESIAN_POINT('Ctrl Pts',(129.703046433549,97.5342367539275,72.1035162724936));
#9280=CARTESIAN_POINT('Ctrl Pts',(129.703046433549,97.5342367539275,70.1035162724936));
#9281=CARTESIAN_POINT('Ctrl Pts',(140.155440771203,103.684588886915,72.1035162724936));
#9282=CARTESIAN_POINT('Ctrl Pts',(140.155440771203,103.684588886915,70.1035162724936));
#9283=CARTESIAN_POINT('Ctrl Pts',(148.809038510041,101.612363338362,72.1035162724936));
#9284=CARTESIAN_POINT('Ctrl Pts',(148.809038510041,101.612363338362,70.1035162724936));
#9285=CARTESIAN_POINT('',(129.645197343502,96.3387813636338,70.1035162724936));
#9286=CARTESIAN_POINT('',(129.645197343502,96.3387813636338,72.1035162724936));
#9287=CARTESIAN_POINT('Ctrl Pts',(129.645197343502,96.3387813636338,70.1035162724936));
#9288=CARTESIAN_POINT('Ctrl Pts',(129.645197343502,96.3387813636338,70.4368496058269));
#9289=CARTESIAN_POINT('Ctrl Pts',(129.645197343502,96.3387813636338,70.7701829391603));
#9290=CARTESIAN_POINT('Ctrl Pts',(129.645197343502,96.3387813636338,71.4368496058269));
#9291=CARTESIAN_POINT('Ctrl Pts',(129.645197343502,96.3387813636338,71.7701829391603));
#9292=CARTESIAN_POINT('Ctrl Pts',(129.645197343502,96.3387813636338,72.1035162724936));
#9293=CARTESIAN_POINT('',(142.745127552096,101.859909828836,70.1035162724936));
#9294=CARTESIAN_POINT('Ctrl Pts',(142.745127552096,101.859909828836,70.1035162724936));
#9295=CARTESIAN_POINT('Ctrl Pts',(138.0789076899,101.248992351318,70.1035162724936));
#9296=CARTESIAN_POINT('Ctrl Pts',(133.379091668687,99.004840536754,70.1035162724936));
#9297=CARTESIAN_POINT('Ctrl Pts',(129.645197343502,96.3387813636338,70.1035162724936));
#9298=CARTESIAN_POINT('',(142.745127552096,101.859909828836,72.1035162724936));
#9299=CARTESIAN_POINT('Ctrl Pts',(142.745127552096,101.859909828836,72.1035162724936));
#9300=CARTESIAN_POINT('Ctrl Pts',(142.745127552096,101.859909828836,71.7701829391603));
#9301=CARTESIAN_POINT('Ctrl Pts',(142.745127552096,101.859909828836,71.4368496058269));
#9302=CARTESIAN_POINT('Ctrl Pts',(142.745127552096,101.859909828836,70.7701829391603));
#9303=CARTESIAN_POINT('Ctrl Pts',(142.745127552096,101.859909828836,70.4368496058269));
#9304=CARTESIAN_POINT('Ctrl Pts',(142.745127552096,101.859909828836,70.1035162724936));
#9305=CARTESIAN_POINT('Ctrl Pts',(142.745127552096,101.859909828836,72.1035162724936));
#9306=CARTESIAN_POINT('Ctrl Pts',(138.078907689845,101.248992351311,72.1035162724936));
#9307=CARTESIAN_POINT('Ctrl Pts',(133.379091668709,99.0048405367958,72.1035162724936));
#9308=CARTESIAN_POINT('Ctrl Pts',(129.645197343502,96.3387813636338,72.1035162724936));
#9309=CARTESIAN_POINT('Ctrl Pts',(124.83938160563,92.1143332764495,72.1035162724936));
#9310=CARTESIAN_POINT('Ctrl Pts',(124.83938160563,92.1143332764495,70.1035162724936));
#9311=CARTESIAN_POINT('Ctrl Pts',(129.703046433549,97.5342367539275,72.1035162724936));
#9312=CARTESIAN_POINT('Ctrl Pts',(129.703046433549,97.5342367539275,70.1035162724936));
#9313=CARTESIAN_POINT('Ctrl Pts',(140.155440771203,103.684588886915,72.1035162724936));
#9314=CARTESIAN_POINT('Ctrl Pts',(140.155440771203,103.684588886915,70.1035162724936));
#9315=CARTESIAN_POINT('Ctrl Pts',(148.809038510041,101.612363338362,72.1035162724936));
#9316=CARTESIAN_POINT('Ctrl Pts',(148.809038510041,101.612363338362,70.1035162724936));
#9317=CARTESIAN_POINT('',(128.623271449684,95.5803223337862,72.1035162724936));
#9318=CARTESIAN_POINT('',(128.623271449684,95.5803223337862,70.1035162724936));
#9319=CARTESIAN_POINT('Ctrl Pts',(128.623271449684,95.5803223337862,72.1035162724936));
#9320=CARTESIAN_POINT('Ctrl Pts',(128.623271449684,95.5803223337862,71.7701829391603));
#9321=CARTESIAN_POINT('Ctrl Pts',(128.623271449684,95.5803223337862,71.4368496058269));
#9322=CARTESIAN_POINT('Ctrl Pts',(128.623271449684,95.5803223337862,70.7701829391603));
#9323=CARTESIAN_POINT('Ctrl Pts',(128.623271449684,95.5803223337862,70.4368496058269));
#9324=CARTESIAN_POINT('Ctrl Pts',(128.623271449684,95.5803223337862,70.1035162724936));
#9325=CARTESIAN_POINT('Ctrl Pts',(128.623271449684,95.5803223337862,72.1035162724936));
#9326=CARTESIAN_POINT('Ctrl Pts',(127.157107359007,94.4492122211552,72.1035162724936));
#9327=CARTESIAN_POINT('Ctrl Pts',(125.872228013768,93.265302357837,72.1035162724936));
#9328=CARTESIAN_POINT('Ctrl Pts',(124.83938160563,92.1143332764495,72.1035162724936));
#9329=CARTESIAN_POINT('Ctrl Pts',(128.623271449684,95.5803223337862,70.1035162724936));
#9330=CARTESIAN_POINT('Ctrl Pts',(127.157107359013,94.4492122211636,70.1035162724936));
#9331=CARTESIAN_POINT('Ctrl Pts',(125.872228013783,93.2653023578538,70.1035162724936));
#9332=CARTESIAN_POINT('Ctrl Pts',(124.83938160563,92.1143332764495,70.1035162724936));
#9333=CARTESIAN_POINT('Ctrl Pts',(121.041743569093,82.2529261940826,72.1035162724936));
#9334=CARTESIAN_POINT('Ctrl Pts',(121.041743569093,82.2529261940826,70.1035162724936));
#9335=CARTESIAN_POINT('Ctrl Pts',(126.82240506607,86.8948063973815,72.1035162724936));
#9336=CARTESIAN_POINT('Ctrl Pts',(126.82240506607,86.8948063973815,70.1035162724936));
#9337=CARTESIAN_POINT('Ctrl Pts',(139.051356216045,88.2377086560305,72.1035162724936));
#9338=CARTESIAN_POINT('Ctrl Pts',(139.051356216045,88.2377086560305,70.1035162724936));
#9339=CARTESIAN_POINT('Ctrl Pts',(143.345550816456,83.070544849769,72.1035162724936));
#9340=CARTESIAN_POINT('Ctrl Pts',(143.345550816456,83.070544849769,70.1035162724936));
#9341=CARTESIAN_POINT('',(139.443257767912,85.5935443456175,72.1035162724936));
#9342=CARTESIAN_POINT('',(139.443257767912,85.5935443456175,70.1035162724936));
#9343=CARTESIAN_POINT('Ctrl Pts',(139.443257767912,85.5935443456175,72.1035162724936));
#9344=CARTESIAN_POINT('Ctrl Pts',(139.443257767912,85.5935443456175,71.7701829391603));
#9345=CARTESIAN_POINT('Ctrl Pts',(139.443257767912,85.5935443456175,71.4368496058269));
#9346=CARTESIAN_POINT('Ctrl Pts',(139.443257767912,85.5935443456175,70.7701829391603));
#9347=CARTESIAN_POINT('Ctrl Pts',(139.443257767912,85.5935443456175,70.4368496058269));
#9348=CARTESIAN_POINT('Ctrl Pts',(139.443257767912,85.5935443456175,70.1035162724936));
#9349=CARTESIAN_POINT('',(121.041743569093,82.2529261940826,72.1035162724936));
#9350=CARTESIAN_POINT('Ctrl Pts',(121.041743569093,82.2529261940826,72.1035162724936));
#9351=CARTESIAN_POINT('Ctrl Pts',(125.531905721527,85.8585334097772,72.1035162724936));
#9352=CARTESIAN_POINT('Ctrl Pts',(133.91264034684,87.4737038630477,72.1035162724936));
#9353=CARTESIAN_POINT('Ctrl Pts',(139.443257767912,85.5935443456175,72.1035162724936));
#9354=CARTESIAN_POINT('',(121.041743569093,82.2529261940826,70.1035162724936));
#9355=CARTESIAN_POINT('',(121.041743569093,82.2529261940826,72.1035162724936));
#9356=CARTESIAN_POINT('Ctrl Pts',(139.443257767912,85.5935443456175,70.1035162724936));
#9357=CARTESIAN_POINT('Ctrl Pts',(133.91264034684,87.4737038630477,70.1035162724936));
#9358=CARTESIAN_POINT('Ctrl Pts',(125.531905721527,85.8585334097772,70.1035162724936));
#9359=CARTESIAN_POINT('Ctrl Pts',(121.041743569093,82.2529261940826,70.1035162724936));
#9360=CARTESIAN_POINT('Origin',(18.4370497025956,63.0466774510599,72.1035162724936));
#9361=CARTESIAN_POINT('',(-81.0367474323834,105.157006101351,72.1035162724936));
#9362=CARTESIAN_POINT('',(-63.8546415125777,120.517449774279,72.1035162724936));
#9363=CARTESIAN_POINT('',(-73.8480321512487,103.154510255154,72.1035162724936));
#9364=CARTESIAN_POINT('Origin',(-68.1038627311133,137.679928683795,72.1035162724936));
#9365=CARTESIAN_POINT('',(-74.9623269366217,103.268800530707,72.1035162724936));
#9366=CARTESIAN_POINT('Ctrl Pts',(-73.8480321512487,103.154510255154,72.1035162724936));
#9367=CARTESIAN_POINT('Ctrl Pts',(-74.2200733435911,103.187957751501,72.1035162724936));
#9368=CARTESIAN_POINT('Ctrl Pts',(-74.5924201019625,103.225940168788,72.1035162724936));
#9369=CARTESIAN_POINT('Ctrl Pts',(-74.9623269366217,103.268800530707,72.1035162724936));
#9370=CARTESIAN_POINT('',(-3.64967251386172,33.3838880299438,72.1035162724936));
#9371=CARTESIAN_POINT('Ctrl Pts',(-74.9623269366217,103.268800530707,72.1035162724936));
#9372=CARTESIAN_POINT('Ctrl Pts',(-63.2292198565436,63.7454067444671,72.1035162724936));
#9373=CARTESIAN_POINT('Ctrl Pts',(-34.1173324240637,41.8473023918975,72.1035162724936));
#9374=CARTESIAN_POINT('Ctrl Pts',(-3.64967251386172,33.3838880299438,72.1035162724936));
#9375=CARTESIAN_POINT('',(-4.38919975766662,39.8650386486877,72.1035162724936));
#9376=CARTESIAN_POINT('Ctrl Pts',(-3.64967251386172,33.3838880299438,72.1035162724936));
#9377=CARTESIAN_POINT('Ctrl Pts',(-3.11556034802919,35.2566867977966,72.1035162724936));
#9378=CARTESIAN_POINT('Ctrl Pts',(-3.44425743588928,38.1154944214691,72.1035162724936));
#9379=CARTESIAN_POINT('Ctrl Pts',(-4.38919975766662,39.8650386486877,72.1035162724936));
#9380=CARTESIAN_POINT('',(-32.1999558868235,52.5657860315376,72.1035162724936));
#9381=CARTESIAN_POINT('Ctrl Pts',(-4.38919975766662,39.8650386486877,72.1035162724936));
#9382=CARTESIAN_POINT('Ctrl Pts',(-16.1147395770652,35.7472212053431,72.1035162724936));
#9383=CARTESIAN_POINT('Ctrl Pts',(-28.8266283336214,42.4791821188146,72.1035162724936));
#9384=CARTESIAN_POINT('Ctrl Pts',(-32.1999558868235,52.5657860315376,72.1035162724936));
#9385=CARTESIAN_POINT('',(-20.0000002980232,52.5657860315376,72.1035162724936));
#9386=CARTESIAN_POINT('',(-9.58477520276159,52.5657860315376,72.1035162724936));
#9387=CARTESIAN_POINT('',(-20.0000002980232,61.1519785574735,72.1035162724936));
#9388=CARTESIAN_POINT('',(-20.0000002980232,57.8062317412988,72.1035162724936));
#9389=CARTESIAN_POINT('',(-37.6066001081188,61.1519785574735,72.1035162724936));
#9390=CARTESIAN_POINT('',(-0.781475297713798,61.1519785574735,72.1035162724936));
#9391=CARTESIAN_POINT('',(-37.6066001081188,58.4364333685899,72.1035162724936));
#9392=CARTESIAN_POINT('',(-37.6066001081188,62.0993280042667,72.1035162724936));
#9393=CARTESIAN_POINT('',(-46.1595235449744,60.4578864807952,72.1035162724936));
#9394=CARTESIAN_POINT('Ctrl Pts',(-37.6066001081188,58.4364333685899,72.1035162724936));
#9395=CARTESIAN_POINT('Ctrl Pts',(-40.2470703338442,58.7587182419063,72.1035162724936));
#9396=CARTESIAN_POINT('Ctrl Pts',(-43.1562206737621,59.3258762390657,72.1035162724936));
#9397=CARTESIAN_POINT('Ctrl Pts',(-46.1595235449744,60.4578864807952,72.1035162724936));
#9398=CARTESIAN_POINT('',(-48.5169898222876,73.5897554203857,72.1035162724936));
#9399=CARTESIAN_POINT('Ctrl Pts',(-46.1595235449744,60.4578864807952,72.1035162724936));
#9400=CARTESIAN_POINT('Ctrl Pts',(-48.0546273467017,65.903363833319,72.1035162724936));
#9401=CARTESIAN_POINT('Ctrl Pts',(-48.2241675795508,69.8698141674865,72.1035162724936));
#9402=CARTESIAN_POINT('Ctrl Pts',(-48.5169898222876,73.5897554203857,72.1035162724936));
#9403=CARTESIAN_POINT('',(-67.754207933189,102.681675277057,72.1035162724936));
#9404=CARTESIAN_POINT('Ctrl Pts',(-48.5169898222876,73.5897554203857,72.1035162724936));
#9405=CARTESIAN_POINT('Ctrl Pts',(-62.3480260366204,74.4223435395185,72.1035162724936));
#9406=CARTESIAN_POINT('Ctrl Pts',(-71.426340861198,85.7353299486053,72.1035162724936));
#9407=CARTESIAN_POINT('Ctrl Pts',(-67.754207933189,102.681675277057,72.1035162724936));
#9408=CARTESIAN_POINT('',(-52.5153826657964,106.343060792233,72.1035162724936));
#9409=CARTESIAN_POINT('Origin',(-68.1038627311133,137.679928683795,72.1035162724936));
#9410=CARTESIAN_POINT('',(-51.6703227824164,90.4596129124511,72.1035162724936));
#9411=CARTESIAN_POINT('Ctrl Pts',(-51.6703227824164,90.4596129124511,72.1035162724936));
#9412=CARTESIAN_POINT('Ctrl Pts',(-58.2081085539005,93.1095195125458,72.1035162724936));
#9413=CARTESIAN_POINT('Ctrl Pts',(-57.3940927086315,100.882144839858,72.1035162724936));
#9414=CARTESIAN_POINT('Ctrl Pts',(-52.5153826657964,106.343060792233,72.1035162724936));
#9415=CARTESIAN_POINT('',(-32.9657938464118,89.9425316838134,72.1035162724936));
#9416=CARTESIAN_POINT('Ctrl Pts',(-32.9657938464118,89.9425316838134,72.1035162724936));
#9417=CARTESIAN_POINT('Ctrl Pts',(-41.7828748476935,105.081839937483,72.1035162724936));
#9418=CARTESIAN_POINT('Ctrl Pts',(-51.111241065116,95.7804347924102,72.1035162724936));
#9419=CARTESIAN_POINT('Ctrl Pts',(-51.6703227824164,90.4596129124511,72.1035162724936));
#9420=CARTESIAN_POINT('',(-32.7597469756079,89.5753776409972,72.1035162724936));
#9421=CARTESIAN_POINT('Ctrl Pts',(-32.7597469756079,89.5753776409972,72.1035162724936));
#9422=CARTESIAN_POINT('Ctrl Pts',(-32.8336117983771,89.6943744473327,72.1035162724936));
#9423=CARTESIAN_POINT('Ctrl Pts',(-32.9023948092414,89.8168598488677,72.1035162724936));
#9424=CARTESIAN_POINT('Ctrl Pts',(-32.9657938464118,89.9425316838134,72.1035162724936));
#9425=CARTESIAN_POINT('',(-28.692457011695,87.3109497254241,72.1035162724936));
#9426=CARTESIAN_POINT('Ctrl Pts',(-28.692457011695,87.3109497254241,72.1035162724936));
#9427=CARTESIAN_POINT('Ctrl Pts',(-30.4099446200324,87.3109497254241,72.1035162724936));
#9428=CARTESIAN_POINT('Ctrl Pts',(-31.9160563223792,88.2160890988219,72.1035162724936));
#9429=CARTESIAN_POINT('Ctrl Pts',(-32.7597469756079,89.5753776409972,72.1035162724936));
#9430=CARTESIAN_POINT('',(-23.9089062617255,92.0945004753936,72.1035162724936));
#9431=CARTESIAN_POINT('Ctrl Pts',(-23.9089062617255,92.0945004753936,72.1035162724936));
#9432=CARTESIAN_POINT('Ctrl Pts',(-23.9089062617255,89.4526175469268,72.1035162724936));
#9433=CARTESIAN_POINT('Ctrl Pts',(-26.0505740832282,87.3109497254241,72.1035162724936));
#9434=CARTESIAN_POINT('Ctrl Pts',(-28.692457011695,87.3109497254241,72.1035162724936));
#9435=CARTESIAN_POINT('',(-28.692457011695,96.8780786946166,72.1035162724936));
#9436=CARTESIAN_POINT('Ctrl Pts',(-28.692457011695,96.8780786946166,72.1035162724936));
#9437=CARTESIAN_POINT('Ctrl Pts',(-26.0505740832282,96.8780786946166,72.1035162724936));
#9438=CARTESIAN_POINT('Ctrl Pts',(-23.9089062617255,94.7364108731139,72.1035162724936));
#9439=CARTESIAN_POINT('Ctrl Pts',(-23.9089062617255,92.0945004753936,72.1035162724936));
#9440=CARTESIAN_POINT('',(-33.0699023173285,92.1257604859221,72.1035162724936));
#9441=CARTESIAN_POINT('Ctrl Pts',(-33.0699023173285,92.1257604859221,72.1035162724936));
#9442=CARTESIAN_POINT('Ctrl Pts',(-33.0699023173285,94.7676434143889,72.1035162724936));
#9443=CARTESIAN_POINT('Ctrl Pts',(-31.3343399401618,96.8780786946166,72.1035162724936));
#9444=CARTESIAN_POINT('Ctrl Pts',(-28.692457011695,96.8780786946166,72.1035162724936));
#9445=CARTESIAN_POINT('',(-26.2770580786658,102.282750471007,72.1035162724936));
#9446=CARTESIAN_POINT('Ctrl Pts',(-26.2770580786658,102.282750471007,72.1035162724936));
#9447=CARTESIAN_POINT('Ctrl Pts',(-30.1971952513648,103.309867064749,72.1035162724936));
#9448=CARTESIAN_POINT('Ctrl Pts',(-37.9837672060919,98.568811250006,72.1035162724936));
#9449=CARTESIAN_POINT('Ctrl Pts',(-33.0699023173285,92.1257604859221,72.1035162724936));
#9450=CARTESIAN_POINT('',(-24.7980035910559,109.010410171019,72.1035162724936));
#9451=CARTESIAN_POINT('Ctrl Pts',(-24.7980035910559,109.010410171019,72.1035162724936));
#9452=CARTESIAN_POINT('Ctrl Pts',(-26.0716155314398,106.726767512595,72.1035162724936));
#9453=CARTESIAN_POINT('Ctrl Pts',(-26.2359640753699,105.182652097975,72.1035162724936));
#9454=CARTESIAN_POINT('Ctrl Pts',(-26.2770580786658,102.282750471007,72.1035162724936));
#9455=CARTESIAN_POINT('',(-14.7453830347968,104.403157090269,72.1035162724936));
#9456=CARTESIAN_POINT('Ctrl Pts',(-14.7453830347968,104.403157090269,72.1035162724936));
#9457=CARTESIAN_POINT('Ctrl Pts',(-18.3016899443579,107.212533792197,72.1035162724936));
#9458=CARTESIAN_POINT('Ctrl Pts',(-20.7487059882117,107.680074222075,72.1035162724936));
#9459=CARTESIAN_POINT('Ctrl Pts',(-24.7980035910559,109.010410171019,72.1035162724936));
#9460=CARTESIAN_POINT('',(-10.8796869185395,109.504139764645,72.1035162724936));
#9461=CARTESIAN_POINT('Ctrl Pts',(-10.8796869185395,109.504139764645,72.1035162724936));
#9462=CARTESIAN_POINT('Ctrl Pts',(-12.977748946922,108.912550035,72.1035162724936));
#9463=CARTESIAN_POINT('Ctrl Pts',(-14.6375036086053,107.11937188218,72.1035162724936));
#9464=CARTESIAN_POINT('Ctrl Pts',(-14.7453830347968,104.403157090269,72.1035162724936));
#9465=CARTESIAN_POINT('',(-9.71109844555252,108.412178642983,72.1035162724936));
#9466=CARTESIAN_POINT('Origin',(-29.0629502974044,88.8736057702273,72.1035162724936));
#9467=CARTESIAN_POINT('',(2.16242996341723,100.292397849034,72.1035162724936));
#9468=CARTESIAN_POINT('Origin',(18.4370497025956,136.831921003354,72.1035162724936));
#9469=CARTESIAN_POINT('',(2.58609526300902,98.3135120076049,72.1035162724936));
#9470=CARTESIAN_POINT('Ctrl Pts',(2.58609526300902,98.3135120076049,72.1035162724936));
#9471=CARTESIAN_POINT('Ctrl Pts',(2.5297837067615,98.9680046810145,72.1035162724936));
#9472=CARTESIAN_POINT('Ctrl Pts',(2.37323374746108,99.6318106128287,72.1035162724936));
#9473=CARTESIAN_POINT('Ctrl Pts',(2.16242996341723,100.292397849034,72.1035162724936));
#9474=CARTESIAN_POINT('',(-2.70717495564941,92.3649352764953,72.1035162724936));
#9475=CARTESIAN_POINT('Ctrl Pts',(-2.70717495564941,92.3649352764953,72.1035162724936));
#9476=CARTESIAN_POINT('Ctrl Pts',(0.866465052895511,92.5068689095367,72.1035162724936));
#9477=CARTESIAN_POINT('Ctrl Pts',(2.84235592928404,95.335048315512,72.1035162724936));
#9478=CARTESIAN_POINT('Ctrl Pts',(2.58609526300902,98.3135120076049,72.1035162724936));
#9479=CARTESIAN_POINT('',(1.90007812510008,82.3123147202361,72.1035162724936));
#9480=CARTESIAN_POINT('Ctrl Pts',(1.90007812510008,82.3123147202361,72.1035162724936));
#9481=CARTESIAN_POINT('Ctrl Pts',(0.56974217615601,86.3616397923339,72.1035162724936));
#9482=CARTESIAN_POINT('Ctrl Pts',(0.102215480904531,88.8086558361877,72.1035162724936));
#9483=CARTESIAN_POINT('Ctrl Pts',(-2.70717495564941,92.3649352764953,72.1035162724936));
#9484=CARTESIAN_POINT('',(-4.82758157491211,80.8332602326263,72.1035162724936));
#9485=CARTESIAN_POINT('Ctrl Pts',(-4.82758157491211,80.8332602326263,72.1035162724936));
#9486=CARTESIAN_POINT('Ctrl Pts',(-1.92767994794373,80.8743542359221,72.1035162724936));
#9487=CARTESIAN_POINT('Ctrl Pts',(-0.383550798697523,81.0386753105987,72.1035162724936));
#9488=CARTESIAN_POINT('Ctrl Pts',(1.90007812510008,82.3123147202361,72.1035162724936));
#9489=CARTESIAN_POINT('',(-14.9845852946234,74.0404159939635,72.1035162724936));
#9490=CARTESIAN_POINT('Ctrl Pts',(-14.9845852946234,74.0404159939635,72.1035162724936));
#9491=CARTESIAN_POINT('Ctrl Pts',(-8.54153453053957,69.1265785744536,72.1035162724936));
#9492=CARTESIAN_POINT('Ctrl Pts',(-3.80047871579652,76.9131230599273,72.1035162724936));
#9493=CARTESIAN_POINT('Ctrl Pts',(-4.82758157491211,80.8332602326263,72.1035162724936));
#9494=CARTESIAN_POINT('',(-10.232267085929,78.4178612995971,72.1035162724936));
#9495=CARTESIAN_POINT('Ctrl Pts',(-10.232267085929,78.4178612995971,72.1035162724936));
#9496=CARTESIAN_POINT('Ctrl Pts',(-10.232267085929,75.7759783711303,72.1035162724936));
#9497=CARTESIAN_POINT('Ctrl Pts',(-12.3427023661566,74.0404159939635,72.1035162724936));
#9498=CARTESIAN_POINT('Ctrl Pts',(-14.9845852946234,74.0404159939635,72.1035162724936));
#9499=CARTESIAN_POINT('',(-15.015845305152,83.2014120495666,72.1035162724936));
#9500=CARTESIAN_POINT('Ctrl Pts',(-15.015845305152,83.2014120495666,72.1035162724936));
#9501=CARTESIAN_POINT('Ctrl Pts',(-12.3739623766852,83.2014120495666,72.1035162724936));
#9502=CARTESIAN_POINT('Ctrl Pts',(-10.232267085929,81.0597442280639,72.1035162724936));
#9503=CARTESIAN_POINT('Ctrl Pts',(-10.232267085929,78.4178612995971,72.1035162724936));
#9504=CARTESIAN_POINT('',(-19.7993960551215,78.4178612995971,72.1035162724936));
#9505=CARTESIAN_POINT('Ctrl Pts',(-19.7993960551215,78.4178612995971,72.1035162724936));
#9506=CARTESIAN_POINT('Ctrl Pts',(-19.7993960551215,81.0597442280639,72.1035162724936));
#9507=CARTESIAN_POINT('Ctrl Pts',(-17.6577282336188,83.2014120495666,72.1035162724936));
#9508=CARTESIAN_POINT('Ctrl Pts',(-15.015845305152,83.2014120495666,72.1035162724936));
#9509=CARTESIAN_POINT('',(-17.5349681395484,74.3505713356841,72.1035162724936));
#9510=CARTESIAN_POINT('Ctrl Pts',(-17.5349681395484,74.3505713356841,72.1035162724936));
#9511=CARTESIAN_POINT('Ctrl Pts',(-18.8942566817236,75.1942619889129,72.1035162724936));
#9512=CARTESIAN_POINT('Ctrl Pts',(-19.7993960551215,76.7003462220061,72.1035162724936));
#9513=CARTESIAN_POINT('Ctrl Pts',(-19.7993960551215,78.4178612995971,72.1035162724936));
#9514=CARTESIAN_POINT('',(-17.1678140967322,74.1445244648803,72.1035162724936));
#9515=CARTESIAN_POINT('Ctrl Pts',(-17.1678140967322,74.1445244648803,72.1035162724936));
#9516=CARTESIAN_POINT('Ctrl Pts',(-17.2934859316779,74.2079235020507,72.1035162724936));
#9517=CARTESIAN_POINT('Ctrl Pts',(-17.4159713332129,74.276706512915,72.1035162724936));
#9518=CARTESIAN_POINT('Ctrl Pts',(-17.5349681395484,74.3505713356841,72.1035162724936));
#9519=CARTESIAN_POINT('',(-16.6507328680945,55.4399955288757,72.1035162724936));
#9520=CARTESIAN_POINT('Ctrl Pts',(-16.6507328680945,55.4399955288757,72.1035162724936));
#9521=CARTESIAN_POINT('Ctrl Pts',(-11.3299109881354,55.999077246176,72.1035162724936));
#9522=CARTESIAN_POINT('Ctrl Pts',(-2.02849210843567,65.3274434635986,72.1035162724936));
#9523=CARTESIAN_POINT('Ctrl Pts',(-17.1678140967322,74.1445244648803,72.1035162724936));
#9524=CARTESIAN_POINT('',(4.40576849451535,62.8887231343139,72.1035162724936));
#9525=CARTESIAN_POINT('Ctrl Pts',(4.40576849451535,62.8887231343139,72.1035162724936));
#9526=CARTESIAN_POINT('Ctrl Pts',(1.40936737986082,51.7779869316924,72.1035162724936));
#9527=CARTESIAN_POINT('Ctrl Pts',(-12.860580203147,46.0890221157897,72.1035162724936));
#9528=CARTESIAN_POINT('Ctrl Pts',(-16.6507328680945,55.4399955288757,72.1035162724936));
#9529=CARTESIAN_POINT('',(5.96634279888788,98.8255864086871,72.1035162724936));
#9530=CARTESIAN_POINT('Ctrl Pts',(5.96634279888788,98.825586408687,72.1035162724936));
#9531=CARTESIAN_POINT('Ctrl Pts',(6.04159010092779,87.4925364196342,72.1035162724936));
#9532=CARTESIAN_POINT('Ctrl Pts',(6.81073451797114,71.806446950187,72.1035162724936));
#9533=CARTESIAN_POINT('Ctrl Pts',(4.40576849451535,62.8887231343139,72.1035162724936));
#9534=CARTESIAN_POINT('',(37.5638413540197,101.701224438626,72.1035162724936));
#9535=CARTESIAN_POINT('Origin',(18.4370497025956,136.831921003354,72.1035162724936));
#9536=CARTESIAN_POINT('',(39.1232515584039,62.8887231343139,72.1035162724936));
#9537=CARTESIAN_POINT('Ctrl Pts',(37.5638413540197,101.701224438626,72.1035162724936));
#9538=CARTESIAN_POINT('Ctrl Pts',(37.6468745118427,90.2978551177574,72.1035162724936));
#9539=CARTESIAN_POINT('Ctrl Pts',(36.5072281130621,72.5890575065579,72.1035162724936));
#9540=CARTESIAN_POINT('Ctrl Pts',(39.1232515584039,62.8887231343139,72.1035162724936));
#9541=CARTESIAN_POINT('',(55.5725428798342,51.0537821463767,72.1035162724936));
#9542=CARTESIAN_POINT('Ctrl Pts',(39.1232515584039,62.8887231343139,72.1035162724936));
#9543=CARTESIAN_POINT('Ctrl Pts',(41.3524548891493,54.6227770202293,72.1035162724936));
#9544=CARTESIAN_POINT('Ctrl Pts',(49.8213052948373,49.3576558966757,72.1035162724936));
#9545=CARTESIAN_POINT('Ctrl Pts',(55.5725428798341,51.0537821463767,72.1035162724936));
#9546=CARTESIAN_POINT('',(55.5725428798342,48.467085396015,72.1035162724936));
#9547=CARTESIAN_POINT('',(55.5725428798342,61.4202039370409,72.1035162724936));
#9548=CARTESIAN_POINT('',(73.7395920798812,48.467085396015,72.1035162724936));
#9549=CARTESIAN_POINT('',(37.0047962912149,48.467085396015,72.1035162724936));
#9550=CARTESIAN_POINT('',(67.413619274459,42.258614873201,72.1035162724936));
#9551=CARTESIAN_POINT('Ctrl Pts',(67.4136192744589,42.258614873201,72.1035162724936));
#9552=CARTESIAN_POINT('Ctrl Pts',(69.9683237938611,43.8964003129818,72.1035162724936));
#9553=CARTESIAN_POINT('Ctrl Pts',(72.1470402361625,46.016748078449,72.1035162724936));
#9554=CARTESIAN_POINT('Ctrl Pts',(73.7395920798812,48.467085396015,72.1035162724936));
#9555=CARTESIAN_POINT('',(64.4370497025956,41.9945271994121,72.1035162724936));
#9556=CARTESIAN_POINT('Origin',(65.9370497025956,41.9945271994121,72.1035162724936));
#9557=CARTESIAN_POINT('',(64.9346209949687,40.8786702703546,72.1035162724936));
#9558=CARTESIAN_POINT('Origin',(65.9370497025956,41.9945271994121,72.1035162724936));
#9559=CARTESIAN_POINT('',(47.9182198105859,39.8650386486877,72.1035162724936));
#9560=CARTESIAN_POINT('Ctrl Pts',(47.9182198105859,39.8650386486877,72.1035162724936));
#9561=CARTESIAN_POINT('Ctrl Pts',(53.772868640365,37.8089819172068,72.1035162724936));
#9562=CARTESIAN_POINT('Ctrl Pts',(59.8734220347386,38.4578604497806,72.1035162724936));
#9563=CARTESIAN_POINT('Ctrl Pts',(64.9346209949687,40.8786702703546,72.1035162724936));
#9564=CARTESIAN_POINT('',(47.178692566781,33.3838880299438,72.1035162724936));
#9565=CARTESIAN_POINT('Ctrl Pts',(47.178692566781,33.3838880299438,72.1035162724936));
#9566=CARTESIAN_POINT('Ctrl Pts',(46.6445804009485,35.2566867977966,72.1035162724936));
#9567=CARTESIAN_POINT('Ctrl Pts',(46.9732774888086,38.1154944214691,72.1035162724936));
#9568=CARTESIAN_POINT('Ctrl Pts',(47.9182198105859,39.8650386486877,72.1035162724936));
#9569=CARTESIAN_POINT('',(65.9695451653783,40.4948792257534,72.1035162724936));
#9570=CARTESIAN_POINT('Ctrl Pts',(65.9695451653783,40.4948792257534,72.1035162724936));
#9571=CARTESIAN_POINT('Ctrl Pts',(59.8629294505547,37.5114130306958,72.1035162724936));
#9572=CARTESIAN_POINT('Ctrl Pts',(53.5504597888265,35.153859273785,72.1035162724936));
#9573=CARTESIAN_POINT('Ctrl Pts',(47.178692566781,33.3838880299438,72.1035162724936));
#9574=CARTESIAN_POINT('',(67.1113615600735,41.0612578591963,72.1035162724936));
#9575=CARTESIAN_POINT('Origin',(65.9370497025956,41.9945271994121,72.1035162724936));
#9576=CARTESIAN_POINT('',(118.491346989541,103.268800530707,72.1035162724936));
#9577=CARTESIAN_POINT('Ctrl Pts',(118.491346989541,103.268800530707,72.1035162724936));
#9578=CARTESIAN_POINT('Ctrl Pts',(109.365271612582,72.5272869329233,72.1035162724936));
#9579=CARTESIAN_POINT('Ctrl Pts',(89.7253653853732,52.448745907817,72.1035162724936));
#9580=CARTESIAN_POINT('Ctrl Pts',(67.1113615600735,41.0612578591963,72.1035162724936));
#9581=CARTESIAN_POINT('',(111.219384030633,102.971020087706,72.1035162724936));
#9582=CARTESIAN_POINT('Ctrl Pts',(111.219384030633,102.971020087706,72.1035162724936));
#9583=CARTESIAN_POINT('Ctrl Pts',(113.109282408814,102.90594542607,72.1035162724936));
#9584=CARTESIAN_POINT('Ctrl Pts',(115.861948836808,102.964139039694,72.1035162724936));
#9585=CARTESIAN_POINT('Ctrl Pts',(118.491346989541,103.268800530707,72.1035162724936));
#9586=CARTESIAN_POINT('',(92.0459686713266,73.5897554203857,72.1035162724936));
#9587=CARTESIAN_POINT('Ctrl Pts',(92.0459686713266,73.5897554203857,72.1035162724936));
#9588=CARTESIAN_POINT('Ctrl Pts',(105.955588321023,74.4270732067932,72.1035162724936));
#9589=CARTESIAN_POINT('Ctrl Pts',(115.058308355241,85.8641990799773,72.1035162724936));
#9590=CARTESIAN_POINT('Ctrl Pts',(111.219384030633,102.971020087706,72.1035162724936));
#9591=CARTESIAN_POINT('',(89.6885161286401,60.4578864807952,72.1035162724936));
#9592=CARTESIAN_POINT('Ctrl Pts',(89.6885161286401,60.4578864807952,72.1035162724936));
#9593=CARTESIAN_POINT('Ctrl Pts',(91.5836199303674,65.903363833319,72.1035162724936));
#9594=CARTESIAN_POINT('Ctrl Pts',(91.7531738978433,69.8698141674865,72.1035162724936));
#9595=CARTESIAN_POINT('Ctrl Pts',(92.0459686713266,73.5897554203857,72.1035162724936));
#9596=CARTESIAN_POINT('',(76.5880582804727,58.0438884796966,72.1035162724936));
#9597=CARTESIAN_POINT('Ctrl Pts',(76.5880582804727,58.0438884796966,72.1035162724936));
#9598=CARTESIAN_POINT('Ctrl Pts',(80.2153594758081,58.2733666237701,72.1035162724936));
#9599=CARTESIAN_POINT('Ctrl Pts',(84.8286832615899,58.6260993084777,72.1035162724936));
#9600=CARTESIAN_POINT('Ctrl Pts',(89.6885161286401,60.4578864807952,72.1035162724936));
#9601=CARTESIAN_POINT('',(76.5624423305852,56.8708426551736,72.1035162724936));
#9602=CARTESIAN_POINT('Ctrl Pts',(76.5624423305852,56.8708426551736,72.1035162724936));
#9603=CARTESIAN_POINT('Ctrl Pts',(76.5848613411654,57.2589972041973,72.1035162724936));
#9604=CARTESIAN_POINT('Ctrl Pts',(76.5935569740075,57.6501264371207,72.1035162724936));
#9605=CARTESIAN_POINT('Ctrl Pts',(76.5880582804727,58.0438884796966,72.1035162724936));
#9606=CARTESIAN_POINT('',(76.5624423305852,59.7937304230219,72.1035162724936));
#9607=CARTESIAN_POINT('',(76.5624423305852,55.7568814235375,72.1035162724936));
#9608=CARTESIAN_POINT('',(55.5725428798342,59.7937304230219,72.1035162724936));
#9609=CARTESIAN_POINT('',(47.4997460165904,59.7937304230219,72.1035162724936));
#9610=CARTESIAN_POINT('',(55.5725428798342,57.6162446540701,72.1035162724936));
#9611=CARTESIAN_POINT('',(55.5725428798342,61.4202039370409,72.1035162724936));
#9612=CARTESIAN_POINT('',(60.6968341496515,74.1445244648803,72.1035162724936));
#9613=CARTESIAN_POINT('Ctrl Pts',(55.5725428798342,57.6162446540701,72.1035162724936));
#9614=CARTESIAN_POINT('Ctrl Pts',(51.6225137038077,60.9834745110794,72.1035162724936));
#9615=CARTESIAN_POINT('Ctrl Pts',(49.6322409997872,67.700549356616,72.1035162724936));
#9616=CARTESIAN_POINT('Ctrl Pts',(60.6968341496515,74.1445244648803,72.1035162724936));
#9617=CARTESIAN_POINT('',(61.0639881924676,74.3505713356841,72.1035162724936));
#9618=CARTESIAN_POINT('Ctrl Pts',(60.6968341496515,74.1445244648803,72.1035162724936));
#9619=CARTESIAN_POINT('Ctrl Pts',(60.8225059845972,74.2079235020507,72.1035162724936));
#9620=CARTESIAN_POINT('Ctrl Pts',(60.9449913861322,74.276706512915,72.1035162724936));
#9621=CARTESIAN_POINT('Ctrl Pts',(61.0639881924676,74.3505713356841,72.1035162724936));
#9622=CARTESIAN_POINT('',(63.3284161080407,78.4178612995971,72.1035162724936));
#9623=CARTESIAN_POINT('Ctrl Pts',(61.0639881924676,74.3505713356841,72.1035162724936));
#9624=CARTESIAN_POINT('Ctrl Pts',(62.4232767346429,75.1942619889129,72.1035162724936));
#9625=CARTESIAN_POINT('Ctrl Pts',(63.3284161080407,76.7003462220061,72.1035162724936));
#9626=CARTESIAN_POINT('Ctrl Pts',(63.3284161080407,78.4178612995971,72.1035162724936));
#9627=CARTESIAN_POINT('',(58.5448653580713,83.2014120495666,72.1035162724936));
#9628=CARTESIAN_POINT('Ctrl Pts',(63.3284161080407,78.4178612995971,72.1035162724936));
#9629=CARTESIAN_POINT('Ctrl Pts',(63.3284161080407,81.0597442280639,72.1035162724936));
#9630=CARTESIAN_POINT('Ctrl Pts',(61.1867482865381,83.2014120495666,72.1035162724936));
#9631=CARTESIAN_POINT('Ctrl Pts',(58.5448653580713,83.2014120495666,72.1035162724936));
#9632=CARTESIAN_POINT('',(53.7612871388482,78.4178612995971,72.1035162724936));
#9633=CARTESIAN_POINT('Ctrl Pts',(58.5448653580713,83.2014120495666,72.1035162724936));
#9634=CARTESIAN_POINT('Ctrl Pts',(55.9029824296045,83.2014120495666,72.1035162724936));
#9635=CARTESIAN_POINT('Ctrl Pts',(53.7612871388482,81.0597442280639,72.1035162724936));
#9636=CARTESIAN_POINT('Ctrl Pts',(53.7612871388482,78.4178612995971,72.1035162724936));
#9637=CARTESIAN_POINT('',(58.5136053475427,74.0404159939635,72.1035162724936));
#9638=CARTESIAN_POINT('Ctrl Pts',(53.7612871388482,78.4178612995971,72.1035162724936));
#9639=CARTESIAN_POINT('Ctrl Pts',(53.7612871388482,75.7759783711303,72.1035162724936));
#9640=CARTESIAN_POINT('Ctrl Pts',(55.8717224190759,74.0404159939635,72.1035162724936));
#9641=CARTESIAN_POINT('Ctrl Pts',(58.5136053475427,74.0404159939635,72.1035162724936));
#9642=CARTESIAN_POINT('',(48.3566016278314,80.8332602326263,72.1035162724936));
#9643=CARTESIAN_POINT('Ctrl Pts',(58.5136053475427,74.0404159939635,72.1035162724936));
#9644=CARTESIAN_POINT('Ctrl Pts',(52.0705545834588,69.1265785744536,72.1035162724936));
#9645=CARTESIAN_POINT('Ctrl Pts',(47.3294987687158,76.9131230599273,72.1035162724936));
#9646=CARTESIAN_POINT('Ctrl Pts',(48.3566016278314,80.8332602326263,72.1035162724936));
#9647=CARTESIAN_POINT('',(41.6289419278192,82.3123147202361,72.1035162724936));
#9648=CARTESIAN_POINT('Ctrl Pts',(48.3566016278314,80.8332602326263,72.1035162724936));
#9649=CARTESIAN_POINT('Ctrl Pts',(45.456700000863,80.8743542359221,72.1035162724936));
#9650=CARTESIAN_POINT('Ctrl Pts',(43.9125708516168,81.0386753105987,72.1035162724936));
#9651=CARTESIAN_POINT('Ctrl Pts',(41.6289419278192,82.3123147202361,72.1035162724936));
#9652=CARTESIAN_POINT('',(46.2361950085687,92.3649352764953,72.1035162724936));
#9653=CARTESIAN_POINT('Ctrl Pts',(41.6289419278192,82.3123147202361,72.1035162724936));
#9654=CARTESIAN_POINT('Ctrl Pts',(42.9592778767633,86.3616397923339,72.1035162724936));
#9655=CARTESIAN_POINT('Ctrl Pts',(43.4268045720147,88.8086558361877,72.1035162724936));
#9656=CARTESIAN_POINT('Ctrl Pts',(46.2361950085687,92.3649352764953,72.1035162724936));
#9657=CARTESIAN_POINT('',(40.9429247899103,98.3135120076049,72.1035162724936));
#9658=CARTESIAN_POINT('Ctrl Pts',(46.2361950085687,92.3649352764953,72.1035162724936));
#9659=CARTESIAN_POINT('Ctrl Pts',(42.6625550000238,92.5068689095367,72.1035162724936));
#9660=CARTESIAN_POINT('Ctrl Pts',(40.6866641236352,95.335048315512,72.1035162724936));
#9661=CARTESIAN_POINT('Ctrl Pts',(40.9429247899103,98.3135120076049,72.1035162724936));
#9662=CARTESIAN_POINT('',(43.4355880861132,105.605760837753,72.1035162724936));
#9663=CARTESIAN_POINT('Ctrl Pts',(40.9429247899103,98.3135120076049,72.1035162724936));
#9664=CARTESIAN_POINT('Ctrl Pts',(41.1609026694662,100.84700485777,72.1035162724936));
#9665=CARTESIAN_POINT('Ctrl Pts',(42.8808597769167,103.520048221926,72.1035162724936));
#9666=CARTESIAN_POINT('Ctrl Pts',(43.4355880861132,105.605760837753,72.1035162724936));
#9667=CARTESIAN_POINT('',(45.4427332703269,107.324412551444,72.1035162724936));
#9668=CARTESIAN_POINT('Origin',(18.4370497025956,136.831921003354,72.1035162724936));
#9669=CARTESIAN_POINT('',(52.3258263566064,109.696413574301,72.1035162724936));
#9670=CARTESIAN_POINT('Ctrl Pts',(45.442733270327,107.324412551444,72.1035162724936));
#9671=CARTESIAN_POINT('Ctrl Pts',(47.462239682197,107.973309208483,72.1035162724936));
#9672=CARTESIAN_POINT('Ctrl Pts',(49.9551292234168,109.492442391146,72.1035162724936));
#9673=CARTESIAN_POINT('Ctrl Pts',(52.3258263566064,109.696413574301,72.1035162724936));
#9674=CARTESIAN_POINT('',(58.2744030877161,104.403157090269,72.1035162724936));
#9675=CARTESIAN_POINT('Ctrl Pts',(52.3258263566064,109.696413574301,72.1035162724936));
#9676=CARTESIAN_POINT('Ctrl Pts',(55.3042625794458,109.952674240576,72.1035162724936));
#9677=CARTESIAN_POINT('Ctrl Pts',(58.1324694546747,107.976797098814,72.1035162724936));
#9678=CARTESIAN_POINT('Ctrl Pts',(58.2744030877161,104.403157090269,72.1035162724936));
#9679=CARTESIAN_POINT('',(68.3270236439752,109.010410171019,72.1035162724936));
#9680=CARTESIAN_POINT('Ctrl Pts',(58.2744030877161,104.403157090269,72.1035162724936));
#9681=CARTESIAN_POINT('Ctrl Pts',(61.8307099972772,107.212533792197,72.1035162724936));
#9682=CARTESIAN_POINT('Ctrl Pts',(64.277726041131,107.680074222075,72.1035162724936));
#9683=CARTESIAN_POINT('Ctrl Pts',(68.3270236439752,109.010410171019,72.1035162724936));
#9684=CARTESIAN_POINT('',(69.8060781315851,102.282750471007,72.1035162724936));
#9685=CARTESIAN_POINT('Ctrl Pts',(68.3270236439752,109.010410171019,72.1035162724936));
#9686=CARTESIAN_POINT('Ctrl Pts',(69.6006355843591,106.726767512595,72.1035162724936));
#9687=CARTESIAN_POINT('Ctrl Pts',(69.7649841282892,105.182652097975,72.1035162724936));
#9688=CARTESIAN_POINT('Ctrl Pts',(69.8060781315851,102.282750471007,72.1035162724936));
#9689=CARTESIAN_POINT('',(76.5989361048746,92.1257604859221,72.1035162724936));
#9690=CARTESIAN_POINT('Ctrl Pts',(69.8060781315851,102.282750471007,72.1035162724936));
#9691=CARTESIAN_POINT('Ctrl Pts',(73.726215304284,103.309867064749,72.1035162724936));
#9692=CARTESIAN_POINT('Ctrl Pts',(81.5127735243844,98.568811250006,72.1035162724936));
#9693=CARTESIAN_POINT('Ctrl Pts',(76.5989361048746,92.1257604859221,72.1035162724936));
#9694=CARTESIAN_POINT('',(72.2214770646143,96.8780786946166,72.1035162724936));
#9695=CARTESIAN_POINT('Ctrl Pts',(76.5989361048746,92.1257604859221,72.1035162724936));
#9696=CARTESIAN_POINT('Ctrl Pts',(76.5989361048746,94.7676434143889,72.1035162724936));
#9697=CARTESIAN_POINT('Ctrl Pts',(74.8633874623346,96.8780786946166,72.1035162724936));
#9698=CARTESIAN_POINT('Ctrl Pts',(72.2214770646143,96.8780786946166,72.1035162724936));
#9699=CARTESIAN_POINT('',(67.4379263146448,92.0945004753936,72.1035162724936));
#9700=CARTESIAN_POINT('Ctrl Pts',(72.2214770646143,96.8780786946166,72.1035162724936));
#9701=CARTESIAN_POINT('Ctrl Pts',(69.5795941361474,96.8780786946166,72.1035162724936));
#9702=CARTESIAN_POINT('Ctrl Pts',(67.4379263146448,94.7364108731139,72.1035162724936));
#9703=CARTESIAN_POINT('Ctrl Pts',(67.4379263146448,92.0945004753936,72.1035162724936));
#9704=CARTESIAN_POINT('',(72.2214770646143,87.3109497254241,72.1035162724936));
#9705=CARTESIAN_POINT('Ctrl Pts',(67.4379263146448,92.0945004753936,72.1035162724936));
#9706=CARTESIAN_POINT('Ctrl Pts',(67.4379263146448,89.4526175469268,72.1035162724936));
#9707=CARTESIAN_POINT('Ctrl Pts',(69.5795941361474,87.3109497254241,72.1035162724936));
#9708=CARTESIAN_POINT('Ctrl Pts',(72.2214770646143,87.3109497254241,72.1035162724936));
#9709=CARTESIAN_POINT('',(76.2887532939004,89.5753776409972,72.1035162724936));
#9710=CARTESIAN_POINT('Ctrl Pts',(72.2214770646143,87.3109497254241,72.1035162724936));
#9711=CARTESIAN_POINT('Ctrl Pts',(73.9389784075784,87.3109497254241,72.1035162724936));
#9712=CARTESIAN_POINT('Ctrl Pts',(75.4450763752985,88.2160890988219,72.1035162724936));
#9713=CARTESIAN_POINT('Ctrl Pts',(76.2887532939004,89.5753776409972,72.1035162724936));
#9714=CARTESIAN_POINT('',(76.494813899331,89.9425316838134,72.1035162724936));
#9715=CARTESIAN_POINT('Ctrl Pts',(76.2887532939004,89.5753776409972,72.1035162724936));
#9716=CARTESIAN_POINT('Ctrl Pts',(76.3626181166696,89.6943744473327,72.1035162724936));
#9717=CARTESIAN_POINT('Ctrl Pts',(76.4314011275339,89.8168598488677,72.1035162724936));
#9718=CARTESIAN_POINT('Ctrl Pts',(76.494813899331,89.9425316838134,72.1035162724936));
#9719=CARTESIAN_POINT('',(95.1993565699625,90.4596129124511,72.1035162724936));
#9720=CARTESIAN_POINT('Ctrl Pts',(76.494813899331,89.9425316838134,72.1035162724936));
#9721=CARTESIAN_POINT('Ctrl Pts',(85.3118949006128,105.081839937483,72.1035162724936));
#9722=CARTESIAN_POINT('Ctrl Pts',(94.6402611180353,95.7804347924102,72.1035162724936));
#9723=CARTESIAN_POINT('Ctrl Pts',(95.1993565699625,90.4596129124511,72.1035162724936));
#9724=CARTESIAN_POINT('',(98.1920980827749,103.344057513152,72.1035162724936));
#9725=CARTESIAN_POINT('Ctrl Pts',(95.1993565699625,90.4596129124511,72.1035162724936));
#9726=CARTESIAN_POINT('Ctrl Pts',(100.607650221393,92.6517118191921,72.1035162724936));
#9727=CARTESIAN_POINT('Ctrl Pts',(100.984959867064,98.3493889945185,72.1035162724936));
#9728=CARTESIAN_POINT('Ctrl Pts',(98.1920980827749,103.344057513152,72.1035162724936));
#9729=CARTESIAN_POINT('',(117.910846837575,105.157006101351,72.1035162724936));
#9730=CARTESIAN_POINT('Origin',(104.977962136305,137.679928683795,72.1035162724936));
#9731=CARTESIAN_POINT('',(106.397193388129,115.449971707852,72.1035162724936));
#9732=CARTESIAN_POINT('',(129.247751778295,95.0220499684978,72.1035162724936));
#9733=CARTESIAN_POINT('',(106.397193388129,115.449971707852,72.1035162724936));
#9734=CARTESIAN_POINT('',(122.445308615833,72.485654396978,72.1035162724936));
#9735=CARTESIAN_POINT('',(147.111165127445,97.9567634646452,72.1035162724936));
#9736=CARTESIAN_POINT('',(120.025432125827,122.170842812843,72.1035162724936));
#9737=CARTESIAN_POINT('',(134.9452366717,92.741446714484,72.1035162724936));
#9738=CARTESIAN_POINT('',(79.1757857531108,68.8340768346561,72.1035162724936));
#9739=CARTESIAN_POINT('Ctrl Pts',(134.9452366717,92.741446714484,72.1035162724936));
#9740=CARTESIAN_POINT('Ctrl Pts',(129.752321563595,91.3467767564804,72.1035162724936));
#9741=CARTESIAN_POINT('Ctrl Pts',(124.591557118576,87.9650020337861,72.1035162724936));
#9742=CARTESIAN_POINT('Ctrl Pts',(121.041743569093,82.2529261940826,72.1035162724936));
#9743=CARTESIAN_POINT('',(142.865782519822,82.5338787309204,72.1035162724936));
#9744=CARTESIAN_POINT('',(113.128215009684,109.118642719763,72.1035162724936));
#9745=CARTESIAN_POINT('',(137.72453293711,76.7829058572659,72.1035162724936));
#9746=CARTESIAN_POINT('',(107.266104729401,42.7122793337598,72.1035162724936));
#9747=CARTESIAN_POINT('',(112.774885450845,69.2472784745086,72.1035162724936));
#9748=CARTESIAN_POINT('Ctrl Pts',(112.774885450845,69.2472784745086,72.1035162724936));
#9749=CARTESIAN_POINT('Ctrl Pts',(116.730224047388,75.6643095266584,72.1035162724936));
#9750=CARTESIAN_POINT('Ctrl Pts',(128.777836966078,81.234610575311,72.1035162724936));
#9751=CARTESIAN_POINT('Ctrl Pts',(137.72453293711,76.7829058572659,72.1035162724936));
#9752=CARTESIAN_POINT('',(82.2522300284407,39.1392613711874,72.1035162724936));
#9753=CARTESIAN_POINT('Ctrl Pts',(82.2522300284407,39.1392613711874,72.1035162724936));
#9754=CARTESIAN_POINT('Ctrl Pts',(100.882240688708,51.3733757541575,72.1035162724936));
#9755=CARTESIAN_POINT('Ctrl Pts',(107.892667367698,63.6404182438052,72.1035162724936));
#9756=CARTESIAN_POINT('Ctrl Pts',(112.774885450845,69.2472784745086,72.1035162724936));
#9757=CARTESIAN_POINT('',(81.9356901518869,38.9321278599608,72.1035162724936));
#9758=CARTESIAN_POINT('Ctrl Pts',(82.252230028441,39.1392613711869,72.1035162724936));
#9759=CARTESIAN_POINT('Ctrl Pts',(82.1466332951058,39.0712369241708,72.1035162724936));
#9760=CARTESIAN_POINT('Ctrl Pts',(82.041118009938,39.002195279931,72.1035162724936));
#9761=CARTESIAN_POINT('Ctrl Pts',(81.9356901518869,38.9321278599608,72.1035162724936));
#9762=CARTESIAN_POINT('Ctrl Pts',(81.9356901518869,38.9321278599608,72.1035162724936));
#9763=CARTESIAN_POINT('Ctrl Pts',(82.0415746839871,39.00117051278,72.1035162724936));
#9764=CARTESIAN_POINT('Ctrl Pts',(82.1470874074433,39.0702154175771,72.1035162724936));
#9765=CARTESIAN_POINT('Ctrl Pts',(82.2522300284407,39.1392613711874,72.1035162724936));
#9766=CARTESIAN_POINT('',(110.33565694037,37.6570325798858,72.1035162724936));
#9767=CARTESIAN_POINT('Ctrl Pts',(110.33565694037,37.6570325798858,72.1035162724936));
#9768=CARTESIAN_POINT('Ctrl Pts',(104.112886772482,42.5937524292145,72.1035162724936));
#9769=CARTESIAN_POINT('Ctrl Pts',(92.7779334905948,45.9198229932592,72.1035162724936));
#9770=CARTESIAN_POINT('Ctrl Pts',(82.252230028441,39.1392613711869,72.1035162724936));
#9771=CARTESIAN_POINT('',(111.796746536164,59.9910190476287,72.1035162724936));
#9772=CARTESIAN_POINT('Ctrl Pts',(111.796746536164,59.9910190476287,72.1035162724936));
#9773=CARTESIAN_POINT('Ctrl Pts',(109.847267347054,56.672431058203,72.1035162724936));
#9774=CARTESIAN_POINT('Ctrl Pts',(107.260995922379,46.1323685978759,72.1035162724936));
#9775=CARTESIAN_POINT('Ctrl Pts',(110.33565694037,37.6570325798858,72.1035162724936));
#9776=CARTESIAN_POINT('',(121.058046571069,57.2652175495971,72.1035162724936));
#9777=CARTESIAN_POINT('Ctrl Pts',(121.058046571069,57.2652175495971,72.1035162724936));
#9778=CARTESIAN_POINT('Ctrl Pts',(119.560175644784,58.4946039917815,72.1035162724936));
#9779=CARTESIAN_POINT('Ctrl Pts',(115.655778354363,59.8671601834167,72.1035162724936));
#9780=CARTESIAN_POINT('Ctrl Pts',(111.796746536164,59.9910190476287,72.1035162724936));
#9781=CARTESIAN_POINT('',(132.370594771109,67.7270227961671,72.1035162724936));
#9782=CARTESIAN_POINT('Ctrl Pts',(132.370594771109,67.727022796167,72.1035162724936));
#9783=CARTESIAN_POINT('Ctrl Pts',(127.327560564001,65.4644478964864,72.1035162724936));
#9784=CARTESIAN_POINT('Ctrl Pts',(123.228497507811,61.6910809887899,72.1035162724936));
#9785=CARTESIAN_POINT('Ctrl Pts',(121.058046571069,57.2652175495971,72.1035162724936));
#9786=CARTESIAN_POINT('',(136.620024735932,49.7188627977107,72.1035162724936));
#9787=CARTESIAN_POINT('Origin',(151.065858117696,62.6331359959283,72.1035162724936));
#9788=CARTESIAN_POINT('',(136.696530811239,49.6332835320704,72.1035162724936));
#9789=CARTESIAN_POINT('',(132.131084785137,54.7401657850813,72.1035162724936));
#9790=CARTESIAN_POINT('',(135.875319030862,48.5681771862853,72.1035162724936));
#9791=CARTESIAN_POINT('Ctrl Pts',(136.696530811239,49.6332835320704,72.1035162724936));
#9792=CARTESIAN_POINT('Ctrl Pts',(136.380734438034,49.2953849178422,72.1035162724936));
#9793=CARTESIAN_POINT('Ctrl Pts',(136.104780346827,48.9374484867508,72.1035162724936));
#9794=CARTESIAN_POINT('Ctrl Pts',(135.875319030862,48.5681771862853,72.1035162724936));
#9795=CARTESIAN_POINT('',(140.697573959069,44.9216337788451,72.1035162724936));
#9796=CARTESIAN_POINT('Ctrl Pts',(135.875319030862,48.5681771862853,72.1035162724936));
#9797=CARTESIAN_POINT('Ctrl Pts',(137.445063259034,48.1531167652953,72.1035162724936));
#9798=CARTESIAN_POINT('Ctrl Pts',(138.95997885714,47.1853474938262,72.1035162724936));
#9799=CARTESIAN_POINT('Ctrl Pts',(140.697573959069,44.9216337788451,72.1035162724936));
#9800=CARTESIAN_POINT('',(140.830442738442,41.0315205002654,72.1035162724936));
#9801=CARTESIAN_POINT('Ctrl Pts',(140.697573959069,44.9216337788451,72.1035162724936));
#9802=CARTESIAN_POINT('Ctrl Pts',(141.354720911508,43.8664848118652,72.1035162724936));
#9803=CARTESIAN_POINT('Ctrl Pts',(141.255213540559,43.1234689728606,72.1035162724936));
#9804=CARTESIAN_POINT('Ctrl Pts',(140.830442738442,41.0315205002654,72.1035162724936));
#9805=CARTESIAN_POINT('',(140.80328338105,40.8885621267072,72.1035162724936));
#9806=CARTESIAN_POINT('Ctrl Pts',(140.830442738442,41.0315205002654,72.1035162724936));
#9807=CARTESIAN_POINT('Ctrl Pts',(140.821190667562,40.9837543605212,72.1035162724936));
#9808=CARTESIAN_POINT('Ctrl Pts',(140.812137898272,40.9361016451108,72.1035162724936));
#9809=CARTESIAN_POINT('Ctrl Pts',(140.80328338105,40.8885621267072,72.1035162724936));
#9810=CARTESIAN_POINT('',(132.581241046613,33.5382280789484,72.1035162724936));
#9811=CARTESIAN_POINT('',(108.191423207805,11.7342405552691,72.1035162724936));
#9812=CARTESIAN_POINT('',(144.013682301934,28.6373442219541,72.1035162724936));
#9813=CARTESIAN_POINT('',(86.2909905849255,53.3820336282077,72.1035162724936));
#9814=CARTESIAN_POINT('',(146.324511165314,26.6062563221676,72.1035162724936));
#9815=CARTESIAN_POINT('Ctrl Pts',(144.013682301934,28.6373442219541,72.1035162724936));
#9816=CARTESIAN_POINT('Ctrl Pts',(144.720123349959,27.8793590768817,72.1035162724936));
#9817=CARTESIAN_POINT('Ctrl Pts',(145.500732390475,27.2045678590579,72.1035162724936));
#9818=CARTESIAN_POINT('Ctrl Pts',(146.324511165314,26.6062563221676,72.1035162724936));
#9819=CARTESIAN_POINT('',(133.741307950825,15.3571355739158,72.1035162724936));
#9820=CARTESIAN_POINT('',(113.545982472241,-2.69706342346406,72.1035162724936));
#9821=CARTESIAN_POINT('',(129.247751778295,30.2442220233587,72.1035162724936));
#9822=CARTESIAN_POINT('',(120.084129111584,60.6031710587229,72.1035162724936));
#9823=CARTESIAN_POINT('',(119.541158538634,21.5667304859586,72.1035162724936));
#9824=CARTESIAN_POINT('',(100.934219852493,4.9325160917477,72.1035162724936));
#9825=CARTESIAN_POINT('',(103.75723334219,22.5650485615612,72.1035162724936));
#9826=CARTESIAN_POINT('Ctrl Pts',(119.541158538634,21.5667304859586,72.1035162724936));
#9827=CARTESIAN_POINT('Ctrl Pts',(114.208517139334,23.625867905574,72.1035162724936));
#9828=CARTESIAN_POINT('Ctrl Pts',(108.220158519255,24.5438484778442,72.1035162724936));
#9829=CARTESIAN_POINT('Ctrl Pts',(103.757233342196,22.5650485615639,72.1035162724936));
#9830=CARTESIAN_POINT('',(83.1150511734275,14.9178841396594,72.1035162724936));
#9831=CARTESIAN_POINT('Origin',(104.977962136305,-12.4136566919386,72.1035162724936));
#9832=CARTESIAN_POINT('',(82.6755646780685,14.5735893297012,72.1035162724936));
#9833=CARTESIAN_POINT('Origin',(65.9370497025956,36.3926662216293,72.1035162724936));
#9834=CARTESIAN_POINT('',(82.0308436461496,17.6203547242034,72.1035162724936));
#9835=CARTESIAN_POINT('Ctrl Pts',(82.6755646780685,14.5735893297012,72.1035162724936));
#9836=CARTESIAN_POINT('Ctrl Pts',(82.2023627330017,15.2949757972227,72.1035162724936));
#9837=CARTESIAN_POINT('Ctrl Pts',(82.0134399092915,16.6549190561672,72.1035162724936));
#9838=CARTESIAN_POINT('Ctrl Pts',(82.0308436461496,17.6203547242034,72.1035162724936));
#9839=CARTESIAN_POINT('',(78.5933961966562,16.5700128765929,72.1035162724936));
#9840=CARTESIAN_POINT('Ctrl Pts',(82.0308436461496,17.6203547242034,72.1035162724936));
#9841=CARTESIAN_POINT('Ctrl Pts',(79.9048745030451,18.2075649571288,72.1035162724936));
#9842=CARTESIAN_POINT('Ctrl Pts',(78.5933961966562,16.5700128765929,72.1035162724936));
#9843=CARTESIAN_POINT('',(72.1500295361566,18.7626361634124,72.1035162724936));
#9844=CARTESIAN_POINT('Ctrl Pts',(78.5933961966562,16.5700128765929,72.1035162724936));
#9845=CARTESIAN_POINT('Ctrl Pts',(76.2149708788919,18.1327936489928,72.1035162724936));
#9846=CARTESIAN_POINT('Ctrl Pts',(74.7003986464548,18.5226372952331,72.1035162724936));
#9847=CARTESIAN_POINT('Ctrl Pts',(72.1500295361566,18.7626361634124,72.1035162724936));
#9848=CARTESIAN_POINT('',(77.390270360856,36.3361460541595,72.1035162724936));
#9849=CARTESIAN_POINT('Ctrl Pts',(72.1500295361566,18.7626361634124,72.1035162724936));
#9850=CARTESIAN_POINT('Ctrl Pts',(69.6106343926477,24.4881625557769,72.1035162724936));
#9851=CARTESIAN_POINT('Ctrl Pts',(74.4859599186945,33.3962491940368,72.1035162724936));
#9852=CARTESIAN_POINT('Ctrl Pts',(77.390270360856,36.3361460541595,72.1035162724936));
#9853=CARTESIAN_POINT('',(39.3278892122393,22.5455342658718,72.1035162724936));
#9854=CARTESIAN_POINT('Ctrl Pts',(77.390270360856,36.3361460541595,72.1035162724936));
#9855=CARTESIAN_POINT('Ctrl Pts',(68.5417024361268,31.5142398338096,72.1035162724936));
#9856=CARTESIAN_POINT('Ctrl Pts',(55.6711238491258,25.2064526617631,72.1035162724936));
#9857=CARTESIAN_POINT('Ctrl Pts',(39.3278892122393,22.5455342658718,72.1035162724936));
#9858=CARTESIAN_POINT('',(-0.817253673958767,23.4953236145375,72.1035162724936));
#9859=CARTESIAN_POINT('Origin',(18.4370497025956,-11.5656490114979,72.1035162724936));
#9860=CARTESIAN_POINT('',(-33.8612640425635,36.3361460541595,72.1035162724936));
#9861=CARTESIAN_POINT('Ctrl Pts',(-0.817253673958768,23.4953236145375,72.1035162724936));
#9862=CARTESIAN_POINT('Ctrl Pts',(-14.7930137713816,26.5109589028648,72.1035162724936));
#9863=CARTESIAN_POINT('Ctrl Pts',(-25.93909167267,32.0190714570622,72.1035162724936));
#9864=CARTESIAN_POINT('Ctrl Pts',(-33.8612640425635,36.3361460541595,72.1035162724936));
#9865=CARTESIAN_POINT('',(-28.6210369524909,18.7626361634124,72.1035162724936));
#9866=CARTESIAN_POINT('Ctrl Pts',(-33.8612640425635,36.3361460541595,72.1035162724936));
#9867=CARTESIAN_POINT('Ctrl Pts',(-30.9569673350287,33.3962491940368,72.1035162724936));
#9868=CARTESIAN_POINT('Ctrl Pts',(-26.081641808982,24.4881625557769,72.1035162724936));
#9869=CARTESIAN_POINT('Ctrl Pts',(-28.6210369524909,18.7626361634124,72.1035162724936));
#9870=CARTESIAN_POINT('',(-35.0643898783636,16.5700128765929,72.1035162724936));
#9871=CARTESIAN_POINT('Ctrl Pts',(-28.6210369524909,18.7626361634124,72.1035162724936));
#9872=CARTESIAN_POINT('Ctrl Pts',(-31.1713923281622,18.5226098259795,72.1035162724936));
#9873=CARTESIAN_POINT('Ctrl Pts',(-32.6859645605994,18.1327936489928,72.1035162724936));
#9874=CARTESIAN_POINT('Ctrl Pts',(-35.0643898783636,16.5700128765929,72.1035162724936));
#9875=CARTESIAN_POINT('',(-38.501837327857,17.6203547242034,72.1035162724936));
#9876=CARTESIAN_POINT('Ctrl Pts',(-35.0643898783636,16.5700128765929,72.1035162724936));
#9877=CARTESIAN_POINT('Ctrl Pts',(-36.3758544501258,18.2075649571288,72.1035162724936));
#9878=CARTESIAN_POINT('Ctrl Pts',(-38.501837327857,17.6203547242034,72.1035162724936));
#9879=CARTESIAN_POINT('',(-39.7892663027716,14.0879460652221,72.1035162724936));
#9880=CARTESIAN_POINT('Ctrl Pts',(-38.501837327857,17.6203547242034,72.1035162724936));
#9881=CARTESIAN_POINT('Ctrl Pts',(-38.4780214850378,16.2992209751952,72.1035162724936));
#9882=CARTESIAN_POINT('Ctrl Pts',(-38.8405881625128,14.2393565907348,72.1035162724936));
#9883=CARTESIAN_POINT('Ctrl Pts',(-39.7892663027716,14.0879460652221,72.1035162724936));
#9884=CARTESIAN_POINT('',(-48.9050204977942,17.0387482190002,72.1035162724936));
#9885=CARTESIAN_POINT('Ctrl Pts',(-39.7892663027716,14.0879460652221,72.1035162724936));
#9886=CARTESIAN_POINT('Ctrl Pts',(-42.5144909464789,13.6530528431762,72.1035162724936));
#9887=CARTESIAN_POINT('Ctrl Pts',(-46.5040429228736,15.6207029435027,72.1035162724936));
#9888=CARTESIAN_POINT('Ctrl Pts',(-48.9050204977942,17.0387482190002,72.1035162724936));
#9889=CARTESIAN_POINT('',(-49.0381806263352,16.9376595626953,72.1035162724936));
#9890=CARTESIAN_POINT('Ctrl Pts',(-48.9050204977942,17.0387482190002,72.1035162724936));
#9891=CARTESIAN_POINT('Ctrl Pts',(-48.9494496658512,17.0051962258317,72.1035162724936));
#9892=CARTESIAN_POINT('Ctrl Pts',(-48.9938365725583,16.9714929091819,72.1035162724936));
#9893=CARTESIAN_POINT('Ctrl Pts',(-49.0381806263352,16.9376595626953,72.1035162724936));
#9894=CARTESIAN_POINT('',(-57.7583312236703,21.0224013566486,72.1035162724936));
#9895=CARTESIAN_POINT('Origin',(-68.1038627311133,-12.4136566919388,72.1035162724936));
#9896=CARTESIAN_POINT('',(-75.2664084325674,21.8456185349917,72.1035162724936));
#9897=CARTESIAN_POINT('Ctrl Pts',(-57.7583312236703,21.0224013566486,72.1035162724936));
#9898=CARTESIAN_POINT('Ctrl Pts',(-62.1028486862387,24.7159900299463,72.1035162724936));
#9899=CARTESIAN_POINT('Ctrl Pts',(-69.0532575614949,24.0934208626777,72.1035162724936));
#9900=CARTESIAN_POINT('Ctrl Pts',(-75.2664084325674,21.8456185349917,72.1035162724936));
#9901=CARTESIAN_POINT('',(-81.0367474323833,20.1092658905053,72.1035162724936));
#9902=CARTESIAN_POINT('Origin',(-68.1038627311133,-12.4136566919388,72.1035162724936));
#9903=CARTESIAN_POINT('',(-92.3736523731039,30.2442220233587,72.1035162724936));
#9904=CARTESIAN_POINT('',(-69.7285729176622,9.99999415817432,72.1035162724936));
#9905=CARTESIAN_POINT('',(-96.8672085456343,15.3571355739158,72.1035162724936));
#9906=CARTESIAN_POINT('',(-85.4568077926584,53.1596278340014,72.1035162724936));
#9907=CARTESIAN_POINT('',(-83.3568116553597,3.27912305318369,72.1035162724936));
#9908=CARTESIAN_POINT('',(-95.707141641422,33.5382280789484,72.1035162724936));
#9909=CARTESIAN_POINT('',(-42.1519291393186,56.4963934040763,72.1035162724936));
#9910=CARTESIAN_POINT('',(-97.2326154887723,34.9019698237679,72.1035162724936));
#9911=CARTESIAN_POINT('',(-76.4595945392175,16.331323146263,72.1035162724936));
#9912=CARTESIAN_POINT('',(-97.3013952162695,41.0315205002654,72.1035162724936));
#9913=CARTESIAN_POINT('Ctrl Pts',(-97.3013952162695,41.0315205002654,72.1035162724936));
#9914=CARTESIAN_POINT('Ctrl Pts',(-96.8564648467348,38.7344557153176,72.1035162724936));
#9915=CARTESIAN_POINT('Ctrl Pts',(-96.8724453597732,36.6996994735722,72.1035162724936));
#9916=CARTESIAN_POINT('Ctrl Pts',(-97.2326154887723,34.9019698237679,72.1035162724936));
#9917=CARTESIAN_POINT('',(-97.1685264368964,44.9216337788451,72.1035162724936));
#9918=CARTESIAN_POINT('Ctrl Pts',(-97.1685264368964,44.9216337788451,72.1035162724936));
#9919=CARTESIAN_POINT('Ctrl Pts',(-97.8256733893347,43.8664848118652,72.1035162724936));
#9920=CARTESIAN_POINT('Ctrl Pts',(-97.7261522837592,43.1234689728606,72.1035162724936));
#9921=CARTESIAN_POINT('Ctrl Pts',(-97.3013952162695,41.0315205002654,72.1035162724936));
#9922=CARTESIAN_POINT('',(-92.346271508689,48.5681771862853,72.1035162724936));
#9923=CARTESIAN_POINT('Ctrl Pts',(-92.346271508689,48.5681771862853,72.1035162724936));
#9924=CARTESIAN_POINT('Ctrl Pts',(-93.9160020022345,48.1531167652953,72.1035162724936));
#9925=CARTESIAN_POINT('Ctrl Pts',(-95.4309313349677,47.1853474938262,72.1035162724936));
#9926=CARTESIAN_POINT('Ctrl Pts',(-97.1685264368964,44.9216337788451,72.1035162724936));
#9927=CARTESIAN_POINT('',(-97.9195766337115,52.1128391975247,72.1035162724936));
#9928=CARTESIAN_POINT('Ctrl Pts',(-97.9195766337115,52.1128391975247,72.1035162724936));
#9929=CARTESIAN_POINT('Ctrl Pts',(-95.4999647904403,51.7675358303902,72.1035162724936));
#9930=CARTESIAN_POINT('Ctrl Pts',(-93.4169730435347,50.2912534552427,72.1035162724936));
#9931=CARTESIAN_POINT('Ctrl Pts',(-92.346271508689,48.5681771862853,72.1035162724936));
#9932=CARTESIAN_POINT('',(-96.1859513232495,69.7921481200233,72.1035162724936));
#9933=CARTESIAN_POINT('Origin',(-114.191758712505,62.6331359959282,72.1035162724936));
#9934=CARTESIAN_POINT('',(-77.5290814566565,57.2652175495971,72.1035162724936));
#9935=CARTESIAN_POINT('Ctrl Pts',(-96.1859513232495,69.7921481200233,72.1035162724936));
#9936=CARTESIAN_POINT('Ctrl Pts',(-87.9088307982475,68.7497282893725,72.1035162724936));
#9937=CARTESIAN_POINT('Ctrl Pts',(-80.6828977140044,63.6963204578273,72.1035162724936));
#9938=CARTESIAN_POINT('Ctrl Pts',(-77.5290814566565,57.2652175495971,72.1035162724936));
#9939=CARTESIAN_POINT('',(-68.2677676871253,59.9910190476287,72.1035162724936));
#9940=CARTESIAN_POINT('Ctrl Pts',(-77.5290814566565,57.2652175495971,72.1035162724936));
#9941=CARTESIAN_POINT('Ctrl Pts',(-76.0312105303717,58.4946039917815,72.1035162724936));
#9942=CARTESIAN_POINT('Ctrl Pts',(-72.1268132399512,59.8671601834167,72.1035162724936));
#9943=CARTESIAN_POINT('Ctrl Pts',(-68.2677676871253,59.9910190476287,72.1035162724936));
#9944=CARTESIAN_POINT('',(-66.8066780913306,37.6570325798858,72.1035162724936));
#9945=CARTESIAN_POINT('Ctrl Pts',(-68.2677676871253,59.9910190476287,72.1035162724936));
#9946=CARTESIAN_POINT('Ctrl Pts',(-66.3183022326422,56.672431058203,72.1035162724936));
#9947=CARTESIAN_POINT('Ctrl Pts',(-63.7320170733405,46.1323685978759,72.1035162724936));
#9948=CARTESIAN_POINT('Ctrl Pts',(-66.8066780913306,37.6570325798858,72.1035162724936));
#9949=CARTESIAN_POINT('',(-38.7232597035972,39.1392671182395,72.1035162724936));
#9950=CARTESIAN_POINT('Ctrl Pts',(-66.8066780913306,37.6570325798858,72.1035162724936));
#9951=CARTESIAN_POINT('Ctrl Pts',(-60.5839232797392,42.5937510344628,72.1035162724936));
#9952=CARTESIAN_POINT('Ctrl Pts',(-49.2489478534002,45.9198211138563,72.1035162724936));
#9953=CARTESIAN_POINT('Ctrl Pts',(-38.7232597035974,39.1392671182392,72.1035162724936));
#9954=CARTESIAN_POINT('',(-38.4067113028479,38.9321278599608,72.1035162724936));
#9955=CARTESIAN_POINT('Ctrl Pts',(-38.4067113028479,38.9321278599608,72.1035162724936));
#9956=CARTESIAN_POINT('Ctrl Pts',(-38.5125986956392,39.0011724283725,72.1035162724936));
#9957=CARTESIAN_POINT('Ctrl Pts',(-38.6181142604521,39.070219248887,72.1035162724936));
#9958=CARTESIAN_POINT('Ctrl Pts',(-38.7232597035972,39.1392671182395,72.1035162724936));
#9959=CARTESIAN_POINT('Ctrl Pts',(-38.7232597035974,39.1392671182392,72.1035162724936));
#9960=CARTESIAN_POINT('Ctrl Pts',(-38.6176601202648,39.0712408128318,72.1035162724936));
#9961=CARTESIAN_POINT('Ctrl Pts',(-38.5121419935033,39.0021972531494,72.1035162724936));
#9962=CARTESIAN_POINT('Ctrl Pts',(-38.4067113028479,38.9321278599608,72.1035162724936));
#9963=CARTESIAN_POINT('',(-69.245892867179,69.2472784745086,72.1035162724936));
#9964=CARTESIAN_POINT('Ctrl Pts',(-38.7232597035972,39.1392671182395,72.1035162724936));
#9965=CARTESIAN_POINT('Ctrl Pts',(-57.3532506070993,51.3733795958375,72.1035162724936));
#9966=CARTESIAN_POINT('Ctrl Pts',(-64.3637028636067,63.6404191217578,72.1035162724936));
#9967=CARTESIAN_POINT('Ctrl Pts',(-69.245892867179,69.2472784745086,72.1035162724936));
#9968=CARTESIAN_POINT('',(-98.3086339473798,73.7320954979435,72.1035162724936));
#9969=CARTESIAN_POINT('Ctrl Pts',(-69.245892867179,69.2472784745086,72.1035162724936));
#9970=CARTESIAN_POINT('Ctrl Pts',(-73.8517822238996,76.7197659510102,72.1035162724936));
#9971=CARTESIAN_POINT('Ctrl Pts',(-89.4308811404765,83.0440811436348,72.1035162724936));
#9972=CARTESIAN_POINT('Ctrl Pts',(-98.3086339473799,73.7320954979435,72.1035162724936));
#9973=CARTESIAN_POINT('',(-99.7459253307405,75.547409194146,72.1035162724936));
#9974=CARTESIAN_POINT('Origin',(-114.191758712505,62.6331359959282,72.1035162724936));
#9975=CARTESIAN_POINT('',(-105.99168311463,82.5338787309204,72.1035162724936));
#9976=CARTESIAN_POINT('',(-95.4624642093322,70.7559536699071,72.1035162724936));
#9977=CARTESIAN_POINT('',(-104.052352354363,84.2675999083654,72.1035162724936));
#9978=CARTESIAN_POINT('',(-71.1118448678889,113.715725310757,72.1035162724936));
#9979=CARTESIAN_POINT('',(-100.028789931006,82.8011026177276,72.1035162724936));
#9980=CARTESIAN_POINT('Ctrl Pts',(-104.052352354363,84.2675999083654,72.1035162724936));
#9981=CARTESIAN_POINT('Ctrl Pts',(-102.684169441192,83.4986355434059,72.1035162724936));
#9982=CARTESIAN_POINT('Ctrl Pts',(-101.259804388193,82.9775526707911,72.1035162724936));
#9983=CARTESIAN_POINT('Ctrl Pts',(-100.028789931006,82.8011026177276,72.1035162724936));
#9984=CARTESIAN_POINT('Ctrl Pts',(-100.028789931006,82.8011026177276,72.1035162724936));
#9985=CARTESIAN_POINT('Ctrl Pts',(-95.9404035803748,88.2824548153747,72.1035162724936));
#9986=CARTESIAN_POINT('Ctrl Pts',(-83.3917618319464,86.9737921074737,72.1035162724936));
#9987=CARTESIAN_POINT('Ctrl Pts',(-77.5127372508002,82.2529261940826,72.1035162724936));
#9988=CARTESIAN_POINT('',(-110.237065722253,97.9567634646451,72.1035162724936));
#9989=CARTESIAN_POINT('',(-49.5666483883351,71.9484366105248,72.1035162724936));
#9990=CARTESIAN_POINT('',(-110.101535441483,98.0779247037543,72.1035162724936));
#9991=CARTESIAN_POINT('',(-76.4664041323257,128.14702928949,72.1035162724936));
#9992=CARTESIAN_POINT('',(-105.436469590659,98.9480242951263,72.1035162724936));
#9993=CARTESIAN_POINT('Ctrl Pts',(-110.101535441483,98.0779247037542,72.1035162724936));
#9994=CARTESIAN_POINT('Ctrl Pts',(-108.206487653429,98.8320410925357,72.1035162724936));
#9995=CARTESIAN_POINT('Ctrl Pts',(-106.44652369585,98.9948314450456,72.1035162724936));
#9996=CARTESIAN_POINT('Ctrl Pts',(-105.436469590659,98.9480242951263,72.1035162724936));
#9997=CARTESIAN_POINT('Ctrl Pts',(-105.436469590659,98.9480242951263,72.1035162724936));
#9998=CARTESIAN_POINT('Ctrl Pts',(-105.796454158301,99.7601527760375,72.1035162724936));
#9999=CARTESIAN_POINT('Ctrl Pts',(-105.790053822227,100.830602117239,72.1035162724936));
#10000=CARTESIAN_POINT('Ctrl Pts',(-105.280032191749,101.612363338362,72.1035162724936));
#10001=CARTESIAN_POINT('',(-92.3736523731039,95.0220499684978,72.1035162724936));
#10002=CARTESIAN_POINT('',(-83.3244311243769,65.0421111722565,72.1035162724936));
#10003=CARTESIAN_POINT('',(-88.8946809819447,98.1321776992335,72.1035162724936));
#10004=CARTESIAN_POINT('',(-63.8546415125777,120.517449774279,72.1035162724936));
#10005=CARTESIAN_POINT('Ctrl Pts',(-88.8946809819448,98.1321776992336,72.1035162724936));
#10006=CARTESIAN_POINT('Ctrl Pts',(-85.8277022385754,96.3502965663645,72.1035162724936));
#10007=CARTESIAN_POINT('Ctrl Pts',(-83.1634077992243,94.1792994674205,72.1035162724936));
#10008=CARTESIAN_POINT('Ctrl Pts',(-81.3103615527106,92.1143332764495,72.1035162724936));
#10009=CARTESIAN_POINT('',(64.4370497025956,77.9945271994121,72.1035162724936));
#10010=CARTESIAN_POINT('Origin',(65.9370497025956,77.9945271994121,72.1035162724936));
#10011=CARTESIAN_POINT('',(114.751792689614,27.6757771443236,72.1035162724936));
#10012=CARTESIAN_POINT('',(84.873650429635,30.2695614098418,72.1035162724936));
#10013=CARTESIAN_POINT('Ctrl Pts',(114.751792689614,27.6757771443236,72.1035162724936));
#10014=CARTESIAN_POINT('Ctrl Pts',(105.310692655663,36.7928498635161,72.1035162724936));
#10015=CARTESIAN_POINT('Ctrl Pts',(91.7808079669046,34.3847577519286,72.1035162724936));
#10016=CARTESIAN_POINT('Ctrl Pts',(84.873650429635,30.2695614098418,72.1035162724936));
#10017=CARTESIAN_POINT('',(94.0296882849741,22.9296120484221,72.1035162724936));
#10018=CARTESIAN_POINT('Ctrl Pts',(84.873650429635,30.2695614098418,72.1035162724936));
#10019=CARTESIAN_POINT('Ctrl Pts',(86.538369601922,24.9512392319549,72.1035162724936));
#10020=CARTESIAN_POINT('Ctrl Pts',(89.8309304736185,22.5994590901244,72.1035162724936));
#10021=CARTESIAN_POINT('Ctrl Pts',(94.0296882849741,22.9296120484221,72.1035162724936));
#10022=CARTESIAN_POINT('Ctrl Pts',(94.0296882849741,22.9296120484221,72.1035162724936));
#10023=CARTESIAN_POINT('Ctrl Pts',(98.1180883702325,28.4109367768157,72.1035162724936));
#10024=CARTESIAN_POINT('Ctrl Pts',(108.478968889718,31.4340380059112,72.1035162724936));
#10025=CARTESIAN_POINT('Ctrl Pts',(114.751792689614,27.6757771443236,72.1035162724936));
#10026=CARTESIAN_POINT('',(-30.381524210802,76.9945271994121,72.1035162724936));
#10027=CARTESIAN_POINT('Origin',(-28.881524210802,76.9945271994121,72.1035162724936));
#10028=CARTESIAN_POINT('',(-30.3815242108277,40.9945271994121,72.1035162724936));
#10029=CARTESIAN_POINT('Origin',(-28.8815242108277,40.9945271994121,72.1035162724936));
#10030=CARTESIAN_POINT('',(-50.5006819666815,22.9296120484221,72.1035162724936));
#10031=CARTESIAN_POINT('',(-41.3446578459693,30.2695614098418,72.1035162724936));
#10032=CARTESIAN_POINT('Ctrl Pts',(-50.5006819666815,22.9296120484221,72.1035162724936));
#10033=CARTESIAN_POINT('Ctrl Pts',(-46.3019241553259,22.5994590901244,72.1035162724936));
#10034=CARTESIAN_POINT('Ctrl Pts',(-43.0093495490027,24.9512392319549,72.1035162724936));
#10035=CARTESIAN_POINT('Ctrl Pts',(-41.3446578459693,30.2695614098418,72.1035162724936));
#10036=CARTESIAN_POINT('',(-71.222772636695,27.6757771443236,72.1035162724936));
#10037=CARTESIAN_POINT('Ctrl Pts',(-41.3446578459693,30.2695614098418,72.1035162724936));
#10038=CARTESIAN_POINT('Ctrl Pts',(-48.2518016486121,34.3847577519286,72.1035162724936));
#10039=CARTESIAN_POINT('Ctrl Pts',(-61.7817000719977,36.7928498635161,72.1035162724936));
#10040=CARTESIAN_POINT('Ctrl Pts',(-71.222772636695,27.6757771443236,72.1035162724936));
#10041=CARTESIAN_POINT('Ctrl Pts',(-71.222772636695,27.6757771443236,72.1035162724936));
#10042=CARTESIAN_POINT('Ctrl Pts',(-64.9499488367987,31.4340380059112,72.1035162724936));
#10043=CARTESIAN_POINT('Ctrl Pts',(-54.5890683173133,28.4109367768157,72.1035162724936));
#10044=CARTESIAN_POINT('Ctrl Pts',(-50.5006819666815,22.9296120484221,72.1035162724936));
#10045=CARTESIAN_POINT('Origin',(18.4370497025956,63.0466774510599,72.1035162724936));
#10046=CARTESIAN_POINT('',(136.689858251306,107.273194059146,72.1035162724936));
#10047=CARTESIAN_POINT('',(133.741307950825,109.909136417941,72.1035162724936));
#10048=CARTESIAN_POINT('',(120.025432125827,122.170842812843,72.1035162724936));
#10049=CARTESIAN_POINT('',(131.199060579739,101.486707736489,72.1035162724936));
#10050=CARTESIAN_POINT('Ctrl Pts',(131.199060579739,101.486707736489,72.1035162724936));
#10051=CARTESIAN_POINT('Ctrl Pts',(132.946085676372,103.488287977298,72.1035162724936));
#10052=CARTESIAN_POINT('Ctrl Pts',(134.862758847949,105.510482482193,72.1035162724936));
#10053=CARTESIAN_POINT('Ctrl Pts',(136.689858251306,107.273194059146,72.1035162724936));
#10054=CARTESIAN_POINT('',(122.445308615833,72.485654396978,72.1035162724936));
#10055=CARTESIAN_POINT('Ctrl Pts',(140.830442738442,41.0315205002654,72.1035162724936));
#10056=CARTESIAN_POINT('Ctrl Pts',(140.830442738442,41.0315205002654,70.1035162724936));
#10057=CARTESIAN_POINT('Ctrl Pts',(138.390211600213,28.4332143414367,72.1035162724936));
#10058=CARTESIAN_POINT('Ctrl Pts',(138.390211600213,28.4332143414367,70.1035162724936));
#10059=CARTESIAN_POINT('Ctrl Pts',(149.814179700952,23.7251491001952,72.1035162724936));
#10060=CARTESIAN_POINT('Ctrl Pts',(149.814179700952,23.7251491001952,70.1035162724936));
#10061=CARTESIAN_POINT('Ctrl Pts',(155.846290432076,22.7364482575286,72.1035162724936));
#10062=CARTESIAN_POINT('Ctrl Pts',(155.846290432076,22.7364482575286,70.1035162724936));
#10063=CARTESIAN_POINT('',(140.80328338105,40.8885621267072,70.1035162724936));
#10064=CARTESIAN_POINT('Ctrl Pts',(140.80328338105,40.8885621267072,72.1035162724936));
#10065=CARTESIAN_POINT('Ctrl Pts',(140.80328338105,40.8885621267072,71.7701829391603));
#10066=CARTESIAN_POINT('Ctrl Pts',(140.80328338105,40.8885621267072,71.4368496058269));
#10067=CARTESIAN_POINT('Ctrl Pts',(140.80328338105,40.8885621267072,70.7701829391603));
#10068=CARTESIAN_POINT('Ctrl Pts',(140.80328338105,40.8885621267072,70.4368496058269));
#10069=CARTESIAN_POINT('Ctrl Pts',(140.80328338105,40.8885621267072,70.1035162724936));
#10070=CARTESIAN_POINT('',(140.830442738442,41.0315205002654,70.1035162724936));
#10071=CARTESIAN_POINT('',(140.830442738442,41.0315205002654,72.1035162724936));
#10072=CARTESIAN_POINT('Ctrl Pts',(140.80328338105,40.8885621267072,70.1035162724936));
#10073=CARTESIAN_POINT('Ctrl Pts',(140.812137898272,40.9361016451108,70.1035162724936));
#10074=CARTESIAN_POINT('Ctrl Pts',(140.821190667562,40.9837543605212,70.1035162724936));
#10075=CARTESIAN_POINT('Ctrl Pts',(140.830442738442,41.0315205002654,70.1035162724936));
#10076=CARTESIAN_POINT('Ctrl Pts',(140.830442738442,41.0315205002654,72.1035162724936));
#10077=CARTESIAN_POINT('Ctrl Pts',(140.830442738442,41.0315205002654,70.1035162724936));
#10078=CARTESIAN_POINT('Ctrl Pts',(138.390211600213,28.4332143414367,72.1035162724936));
#10079=CARTESIAN_POINT('Ctrl Pts',(138.390211600213,28.4332143414367,70.1035162724936));
#10080=CARTESIAN_POINT('Ctrl Pts',(149.814179700952,23.7251491001952,72.1035162724936));
#10081=CARTESIAN_POINT('Ctrl Pts',(149.814179700952,23.7251491001952,70.1035162724936));
#10082=CARTESIAN_POINT('Ctrl Pts',(155.846290432076,22.7364482575286,72.1035162724936));
#10083=CARTESIAN_POINT('Ctrl Pts',(155.846290432076,22.7364482575286,70.1035162724936));
#10084=CARTESIAN_POINT('',(146.324511165314,26.6062563221676,70.1035162724936));
#10085=CARTESIAN_POINT('Ctrl Pts',(146.324511165314,26.6062563221676,72.1035162724936));
#10086=CARTESIAN_POINT('Ctrl Pts',(146.324511165314,26.6062563221676,71.7701829391603));
#10087=CARTESIAN_POINT('Ctrl Pts',(146.324511165314,26.6062563221676,71.4368496058269));
#10088=CARTESIAN_POINT('Ctrl Pts',(146.324511165314,26.6062563221676,70.7701829391603));
#10089=CARTESIAN_POINT('Ctrl Pts',(146.324511165314,26.6062563221676,70.4368496058269));
#10090=CARTESIAN_POINT('Ctrl Pts',(146.324511165314,26.6062563221676,70.1035162724936));
#10091=CARTESIAN_POINT('',(144.013682301934,28.6373442219541,70.1035162724936));
#10092=CARTESIAN_POINT('Ctrl Pts',(144.013682301934,28.6373442219541,70.1035162724936));
#10093=CARTESIAN_POINT('Ctrl Pts',(144.013682301934,28.6373442219541,70.4368496058269));
#10094=CARTESIAN_POINT('Ctrl Pts',(144.013682301934,28.6373442219541,70.7701829391603));
#10095=CARTESIAN_POINT('Ctrl Pts',(144.013682301934,28.6373442219541,71.4368496058269));
#10096=CARTESIAN_POINT('Ctrl Pts',(144.013682301934,28.6373442219541,71.7701829391603));
#10097=CARTESIAN_POINT('Ctrl Pts',(144.013682301934,28.6373442219541,72.1035162724936));
#10098=CARTESIAN_POINT('Ctrl Pts',(146.324511165314,26.6062563221676,70.1035162724936));
#10099=CARTESIAN_POINT('Ctrl Pts',(145.500732390462,27.2045678590642,70.1035162724936));
#10100=CARTESIAN_POINT('Ctrl Pts',(144.720123349966,27.8793590768728,70.1035162724936));
#10101=CARTESIAN_POINT('Ctrl Pts',(144.013682301934,28.6373442219541,70.1035162724936));
#10102=CARTESIAN_POINT('Ctrl Pts',(94.0296882849741,22.9296120484221,72.1035162724936));
#10103=CARTESIAN_POINT('Ctrl Pts',(94.0296882849741,22.9296120484221,70.1035162724936));
#10104=CARTESIAN_POINT('Ctrl Pts',(98.1180883702325,28.4109367768157,72.1035162724936));
#10105=CARTESIAN_POINT('Ctrl Pts',(98.1180883702325,28.4109367768157,70.1035162724936));
#10106=CARTESIAN_POINT('Ctrl Pts',(108.478968889718,31.4340380059112,72.1035162724936));
#10107=CARTESIAN_POINT('Ctrl Pts',(108.478968889718,31.4340380059112,70.1035162724936));
#10108=CARTESIAN_POINT('Ctrl Pts',(114.751792689614,27.6757771443236,72.1035162724936));
#10109=CARTESIAN_POINT('Ctrl Pts',(114.751792689614,27.6757771443236,70.1035162724936));
#10110=CARTESIAN_POINT('',(94.0296882849741,22.9296120484221,70.1035162724936));
#10111=CARTESIAN_POINT('',(94.0296882849741,22.9296120484221,72.1035162724936));
#10112=CARTESIAN_POINT('',(114.751792689614,27.6757771443236,70.1035162724936));
#10113=CARTESIAN_POINT('Ctrl Pts',(114.751792689614,27.6757771443236,70.1035162724936));
#10114=CARTESIAN_POINT('Ctrl Pts',(108.478968889718,31.4340380059112,70.1035162724936));
#10115=CARTESIAN_POINT('Ctrl Pts',(98.1180883702325,28.4109367768157,70.1035162724936));
#10116=CARTESIAN_POINT('Ctrl Pts',(94.0296882849741,22.9296120484221,70.1035162724936));
#10117=CARTESIAN_POINT('',(114.751792689614,27.6757771443236,72.1035162724936));
#10118=CARTESIAN_POINT('Ctrl Pts',(84.873650429635,30.2695614098418,72.1035162724936));
#10119=CARTESIAN_POINT('Ctrl Pts',(84.873650429635,30.2695614098418,70.1035162724936));
#10120=CARTESIAN_POINT('Ctrl Pts',(86.538369601922,24.9512392319549,72.1035162724936));
#10121=CARTESIAN_POINT('Ctrl Pts',(86.538369601922,24.9512392319549,70.1035162724936));
#10122=CARTESIAN_POINT('Ctrl Pts',(89.8309304736185,22.5994590901244,72.1035162724936));
#10123=CARTESIAN_POINT('Ctrl Pts',(89.8309304736185,22.5994590901244,70.1035162724936));
#10124=CARTESIAN_POINT('Ctrl Pts',(94.0296882849741,22.9296120484221,72.1035162724936));
#10125=CARTESIAN_POINT('Ctrl Pts',(94.0296882849741,22.9296120484221,70.1035162724936));
#10126=CARTESIAN_POINT('',(84.873650429635,30.2695614098418,70.1035162724936));
#10127=CARTESIAN_POINT('',(84.873650429635,30.2695614098418,72.1035162724936));
#10128=CARTESIAN_POINT('Ctrl Pts',(94.0296882849741,22.9296120484221,70.1035162724936));
#10129=CARTESIAN_POINT('Ctrl Pts',(89.8309304736185,22.5994590901244,70.1035162724936));
#10130=CARTESIAN_POINT('Ctrl Pts',(86.538369601922,24.9512392319549,70.1035162724936));
#10131=CARTESIAN_POINT('Ctrl Pts',(84.873650429635,30.2695614098418,70.1035162724936));
#10132=CARTESIAN_POINT('Ctrl Pts',(114.751792689614,27.6757771443236,72.1035162724936));
#10133=CARTESIAN_POINT('Ctrl Pts',(114.751792689614,27.6757771443236,70.1035162724936));
#10134=CARTESIAN_POINT('Ctrl Pts',(105.310692655663,36.7928498635161,72.1035162724936));
#10135=CARTESIAN_POINT('Ctrl Pts',(105.310692655663,36.7928498635161,70.1035162724936));
#10136=CARTESIAN_POINT('Ctrl Pts',(91.7808079669046,34.3847577519286,72.1035162724936));
#10137=CARTESIAN_POINT('Ctrl Pts',(91.7808079669046,34.3847577519286,70.1035162724936));
#10138=CARTESIAN_POINT('Ctrl Pts',(84.873650429635,30.2695614098418,72.1035162724936));
#10139=CARTESIAN_POINT('Ctrl Pts',(84.873650429635,30.2695614098418,70.1035162724936));
#10140=CARTESIAN_POINT('Ctrl Pts',(84.873650429635,30.2695614098418,70.1035162724936));
#10141=CARTESIAN_POINT('Ctrl Pts',(91.7808079669046,34.3847577519286,70.1035162724936));
#10142=CARTESIAN_POINT('Ctrl Pts',(105.310692655663,36.7928498635161,70.1035162724936));
#10143=CARTESIAN_POINT('Ctrl Pts',(114.751792689614,27.6757771443236,70.1035162724936));
#10144=CARTESIAN_POINT('Ctrl Pts',(-71.222772636695,27.6757771443236,72.1035162724936));
#10145=CARTESIAN_POINT('Ctrl Pts',(-71.222772636695,27.6757771443236,70.1035162724936));
#10146=CARTESIAN_POINT('Ctrl Pts',(-64.9499488367987,31.4340380059112,72.1035162724936));
#10147=CARTESIAN_POINT('Ctrl Pts',(-64.9499488367987,31.4340380059112,70.1035162724936));
#10148=CARTESIAN_POINT('Ctrl Pts',(-54.5890683173133,28.4109367768157,72.1035162724936));
#10149=CARTESIAN_POINT('Ctrl Pts',(-54.5890683173133,28.4109367768157,70.1035162724936));
#10150=CARTESIAN_POINT('Ctrl Pts',(-50.5006819666815,22.9296120484221,72.1035162724936));
#10151=CARTESIAN_POINT('Ctrl Pts',(-50.5006819666815,22.9296120484221,70.1035162724936));
#10152=CARTESIAN_POINT('',(-71.222772636695,27.6757771443236,70.1035162724936));
#10153=CARTESIAN_POINT('',(-71.222772636695,27.6757771443236,72.1035162724936));
#10154=CARTESIAN_POINT('',(-50.5006819666815,22.9296120484221,70.1035162724936));
#10155=CARTESIAN_POINT('Ctrl Pts',(-50.5006819666815,22.9296120484221,70.1035162724936));
#10156=CARTESIAN_POINT('Ctrl Pts',(-54.5890683173133,28.4109367768157,70.1035162724936));
#10157=CARTESIAN_POINT('Ctrl Pts',(-64.9499488367987,31.4340380059112,70.1035162724936));
#10158=CARTESIAN_POINT('Ctrl Pts',(-71.222772636695,27.6757771443236,70.1035162724936));
#10159=CARTESIAN_POINT('',(-50.5006819666815,22.9296120484221,72.1035162724936));
#10160=CARTESIAN_POINT('Ctrl Pts',(-41.3446578459693,30.2695614098418,72.1035162724936));
#10161=CARTESIAN_POINT('Ctrl Pts',(-41.3446578459693,30.2695614098418,70.1035162724936));
#10162=CARTESIAN_POINT('Ctrl Pts',(-48.2518016486121,34.3847577519286,72.1035162724936));
#10163=CARTESIAN_POINT('Ctrl Pts',(-48.2518016486121,34.3847577519286,70.1035162724936));
#10164=CARTESIAN_POINT('Ctrl Pts',(-61.7817000719977,36.7928498635161,72.1035162724936));
#10165=CARTESIAN_POINT('Ctrl Pts',(-61.7817000719977,36.7928498635161,70.1035162724936));
#10166=CARTESIAN_POINT('Ctrl Pts',(-71.222772636695,27.6757771443236,72.1035162724936));
#10167=CARTESIAN_POINT('Ctrl Pts',(-71.222772636695,27.6757771443236,70.1035162724936));
#10168=CARTESIAN_POINT('',(-41.3446578459693,30.2695614098418,70.1035162724936));
#10169=CARTESIAN_POINT('',(-41.3446578459693,30.2695614098418,72.1035162724936));
#10170=CARTESIAN_POINT('Ctrl Pts',(-71.222772636695,27.6757771443236,70.1035162724936));
#10171=CARTESIAN_POINT('Ctrl Pts',(-61.7817000719977,36.7928498635161,70.1035162724936));
#10172=CARTESIAN_POINT('Ctrl Pts',(-48.2518016486121,34.3847577519286,70.1035162724936));
#10173=CARTESIAN_POINT('Ctrl Pts',(-41.3446578459693,30.2695614098418,70.1035162724936));
#10174=CARTESIAN_POINT('Ctrl Pts',(-50.5006819666815,22.9296120484221,72.1035162724936));
#10175=CARTESIAN_POINT('Ctrl Pts',(-50.5006819666815,22.9296120484221,70.1035162724936));
#10176=CARTESIAN_POINT('Ctrl Pts',(-46.3019241553259,22.5994590901244,72.1035162724936));
#10177=CARTESIAN_POINT('Ctrl Pts',(-46.3019241553259,22.5994590901244,70.1035162724936));
#10178=CARTESIAN_POINT('Ctrl Pts',(-43.0093495490027,24.9512392319549,72.1035162724936));
#10179=CARTESIAN_POINT('Ctrl Pts',(-43.0093495490027,24.9512392319549,70.1035162724936));
#10180=CARTESIAN_POINT('Ctrl Pts',(-41.3446578459693,30.2695614098418,72.1035162724936));
#10181=CARTESIAN_POINT('Ctrl Pts',(-41.3446578459693,30.2695614098418,70.1035162724936));
#10182=CARTESIAN_POINT('Ctrl Pts',(-41.3446578459693,30.2695614098418,70.1035162724936));
#10183=CARTESIAN_POINT('Ctrl Pts',(-43.0093495490027,24.9512392319549,70.1035162724936));
#10184=CARTESIAN_POINT('Ctrl Pts',(-46.3019241553259,22.5994590901244,70.1035162724936));
#10185=CARTESIAN_POINT('Ctrl Pts',(-50.5006819666815,22.9296120484221,70.1035162724936));
#10186=CARTESIAN_POINT('Ctrl Pts',(-100.028789931006,82.8011026177276,72.1035162724936));
#10187=CARTESIAN_POINT('Ctrl Pts',(-100.028789931006,82.8011026177276,70.1035162724936));
#10188=CARTESIAN_POINT('Ctrl Pts',(-95.9404035803748,88.2824548153747,72.1035162724936));
#10189=CARTESIAN_POINT('Ctrl Pts',(-95.9404035803748,88.2824548153747,70.1035162724936));
#10190=CARTESIAN_POINT('Ctrl Pts',(-83.3917618319464,86.9737921074737,72.1035162724936));
#10191=CARTESIAN_POINT('Ctrl Pts',(-83.3917618319464,86.9737921074737,70.1035162724936));
#10192=CARTESIAN_POINT('Ctrl Pts',(-77.5127372508002,82.2529261940826,72.1035162724936));
#10193=CARTESIAN_POINT('Ctrl Pts',(-77.5127372508002,82.2529261940826,70.1035162724936));
#10194=CARTESIAN_POINT('',(-100.028789931006,82.8011026177276,70.1035162724936));
#10195=CARTESIAN_POINT('',(-100.028789931006,82.8011026177276,72.1035162724936));
#10196=CARTESIAN_POINT('Ctrl Pts',(-77.5127372508002,82.2529261940826,70.1035162724936));
#10197=CARTESIAN_POINT('Ctrl Pts',(-83.3917618319464,86.9737921074737,70.1035162724936));
#10198=CARTESIAN_POINT('Ctrl Pts',(-95.9404035803748,88.2824548153747,70.1035162724936));
#10199=CARTESIAN_POINT('Ctrl Pts',(-100.028789931006,82.8011026177276,70.1035162724936));
#10200=CARTESIAN_POINT('Ctrl Pts',(-108.659766739554,88.4783380623687,72.1035162724936));
#10201=CARTESIAN_POINT('Ctrl Pts',(-108.659766739554,88.4783380623687,70.1035162724936));
#10202=CARTESIAN_POINT('Ctrl Pts',(-106.863799473853,85.5228111969817,72.1035162724936));
#10203=CARTESIAN_POINT('Ctrl Pts',(-106.863799473853,85.5228111969817,70.1035162724936));
#10204=CARTESIAN_POINT('Ctrl Pts',(-102.914901992698,83.2147895760406,72.1035162724936));
#10205=CARTESIAN_POINT('Ctrl Pts',(-102.914901992698,83.2147895760406,70.1035162724936));
#10206=CARTESIAN_POINT('Ctrl Pts',(-100.028789931006,82.8011026177276,72.1035162724936));
#10207=CARTESIAN_POINT('Ctrl Pts',(-100.028789931006,82.8011026177276,70.1035162724936));
#10208=CARTESIAN_POINT('',(-104.052352354363,84.2675999083654,70.1035162724936));
#10209=CARTESIAN_POINT('Ctrl Pts',(-104.052352354363,84.2675999083654,70.1035162724936));
#10210=CARTESIAN_POINT('Ctrl Pts',(-104.052352354363,84.2675999083654,70.4368496058269));
#10211=CARTESIAN_POINT('Ctrl Pts',(-104.052352354363,84.2675999083654,70.7701829391603));
#10212=CARTESIAN_POINT('Ctrl Pts',(-104.052352354363,84.2675999083654,71.4368496058269));
#10213=CARTESIAN_POINT('Ctrl Pts',(-104.052352354363,84.2675999083654,71.7701829391603));
#10214=CARTESIAN_POINT('Ctrl Pts',(-104.052352354363,84.2675999083654,72.1035162724936));
#10215=CARTESIAN_POINT('Ctrl Pts',(-100.028789931006,82.8011026177276,70.1035162724936));
#10216=CARTESIAN_POINT('Ctrl Pts',(-101.259804388193,82.9775526707911,70.1035162724936));
#10217=CARTESIAN_POINT('Ctrl Pts',(-102.684169441192,83.4986355434058,70.1035162724936));
#10218=CARTESIAN_POINT('Ctrl Pts',(-104.052352354363,84.2675999083654,70.1035162724936));
#10219=CARTESIAN_POINT('Ctrl Pts',(121.058046571069,57.2652175495971,72.1035162724936));
#10220=CARTESIAN_POINT('Ctrl Pts',(121.058046571069,57.2652175495971,70.1035162724936));
#10221=CARTESIAN_POINT('Ctrl Pts',(123.228497507811,61.6910809887899,72.1035162724936));
#10222=CARTESIAN_POINT('Ctrl Pts',(123.228497507811,61.6910809887899,70.1035162724936));
#10223=CARTESIAN_POINT('Ctrl Pts',(127.327560564001,65.4644478964864,72.1035162724936));
#10224=CARTESIAN_POINT('Ctrl Pts',(127.327560564001,65.4644478964864,70.1035162724936));
#10225=CARTESIAN_POINT('Ctrl Pts',(132.370594771109,67.7270227961671,72.1035162724936));
#10226=CARTESIAN_POINT('Ctrl Pts',(132.370594771109,67.7270227961671,70.1035162724936));
#10227=CARTESIAN_POINT('',(121.058046571069,57.2652175495971,70.1035162724936));
#10228=CARTESIAN_POINT('',(121.058046571069,57.2652175495971,72.1035162724936));
#10229=CARTESIAN_POINT('',(132.370594771109,67.7270227961671,70.1035162724936));
#10230=CARTESIAN_POINT('Ctrl Pts',(132.370594771109,67.727022796167,70.1035162724936));
#10231=CARTESIAN_POINT('Ctrl Pts',(127.327560564001,65.4644478964864,70.1035162724936));
#10232=CARTESIAN_POINT('Ctrl Pts',(123.228497507811,61.6910809887899,70.1035162724936));
#10233=CARTESIAN_POINT('Ctrl Pts',(121.058046571069,57.2652175495971,70.1035162724936));
#10234=CARTESIAN_POINT('',(132.370594771109,67.7270227961671,72.1035162724936));
#10235=CARTESIAN_POINT('Ctrl Pts',(111.796746536164,59.9910190476287,72.1035162724936));
#10236=CARTESIAN_POINT('Ctrl Pts',(111.796746536164,59.9910190476287,70.1035162724936));
#10237=CARTESIAN_POINT('Ctrl Pts',(115.655778354363,59.8671601834167,72.1035162724936));
#10238=CARTESIAN_POINT('Ctrl Pts',(115.655778354363,59.8671601834167,70.1035162724936));
#10239=CARTESIAN_POINT('Ctrl Pts',(119.560175644784,58.4946039917815,72.1035162724936));
#10240=CARTESIAN_POINT('Ctrl Pts',(119.560175644784,58.4946039917815,70.1035162724936));
#10241=CARTESIAN_POINT('Ctrl Pts',(121.058046571069,57.2652175495971,72.1035162724936));
#10242=CARTESIAN_POINT('Ctrl Pts',(121.058046571069,57.2652175495971,70.1035162724936));
#10243=CARTESIAN_POINT('',(111.796746536164,59.9910190476287,70.1035162724936));
#10244=CARTESIAN_POINT('',(111.796746536164,59.9910190476287,72.1035162724936));
#10245=CARTESIAN_POINT('Ctrl Pts',(121.058046571069,57.2652175495971,70.1035162724936));
#10246=CARTESIAN_POINT('Ctrl Pts',(119.560175644784,58.4946039917815,70.1035162724936));
#10247=CARTESIAN_POINT('Ctrl Pts',(115.655778354363,59.8671601834167,70.1035162724936));
#10248=CARTESIAN_POINT('Ctrl Pts',(111.796746536164,59.9910190476287,70.1035162724936));
#10249=CARTESIAN_POINT('Ctrl Pts',(110.33565694037,37.6570325798858,72.1035162724936));
#10250=CARTESIAN_POINT('Ctrl Pts',(110.33565694037,37.6570325798858,70.1035162724936));
#10251=CARTESIAN_POINT('Ctrl Pts',(107.260995922379,46.1323685978759,72.1035162724936));
#10252=CARTESIAN_POINT('Ctrl Pts',(107.260995922379,46.1323685978759,70.1035162724936));
#10253=CARTESIAN_POINT('Ctrl Pts',(109.847267347054,56.672431058203,72.1035162724936));
#10254=CARTESIAN_POINT('Ctrl Pts',(109.847267347054,56.672431058203,70.1035162724936));
#10255=CARTESIAN_POINT('Ctrl Pts',(111.796746536164,59.9910190476287,72.1035162724936));
#10256=CARTESIAN_POINT('Ctrl Pts',(111.796746536164,59.9910190476287,70.1035162724936));
#10257=CARTESIAN_POINT('',(110.33565694037,37.6570325798858,70.1035162724936));
#10258=CARTESIAN_POINT('',(110.33565694037,37.6570325798858,72.1035162724936));
#10259=CARTESIAN_POINT('Ctrl Pts',(111.796746536164,59.9910190476287,70.1035162724936));
#10260=CARTESIAN_POINT('Ctrl Pts',(109.847267347054,56.672431058203,70.1035162724936));
#10261=CARTESIAN_POINT('Ctrl Pts',(107.260995922379,46.1323685978759,70.1035162724936));
#10262=CARTESIAN_POINT('Ctrl Pts',(110.33565694037,37.6570325798858,70.1035162724936));
#10263=CARTESIAN_POINT('Ctrl Pts',(82.252230028441,39.1392613711869,72.1035162724936));
#10264=CARTESIAN_POINT('Ctrl Pts',(82.252230028441,39.1392613711869,70.1035162724936));
#10265=CARTESIAN_POINT('Ctrl Pts',(92.7779334905948,45.9198229932592,72.1035162724936));
#10266=CARTESIAN_POINT('Ctrl Pts',(92.7779334905948,45.9198229932592,70.1035162724936));
#10267=CARTESIAN_POINT('Ctrl Pts',(104.112886772482,42.5937524292145,72.1035162724936));
#10268=CARTESIAN_POINT('Ctrl Pts',(104.112886772482,42.5937524292145,70.1035162724936));
#10269=CARTESIAN_POINT('Ctrl Pts',(110.33565694037,37.6570325798858,72.1035162724936));
#10270=CARTESIAN_POINT('Ctrl Pts',(110.33565694037,37.6570325798858,70.1035162724936));
#10271=CARTESIAN_POINT('',(82.2522300284407,39.1392613711874,70.1035162724936));
#10272=CARTESIAN_POINT('',(82.2522300284407,39.1392613711874,72.1035162724936));
#10273=CARTESIAN_POINT('Ctrl Pts',(110.33565694037,37.6570325798858,70.1035162724936));
#10274=CARTESIAN_POINT('Ctrl Pts',(104.112886772482,42.5937524292145,70.1035162724936));
#10275=CARTESIAN_POINT('Ctrl Pts',(92.7779334905948,45.9198229932592,70.1035162724936));
#10276=CARTESIAN_POINT('Ctrl Pts',(82.252230028441,39.1392613711869,70.1035162724936));
#10277=CARTESIAN_POINT('Ctrl Pts',(81.9356901518869,38.9321278599608,72.1035162724936));
#10278=CARTESIAN_POINT('Ctrl Pts',(81.9356901518869,38.9321278599608,70.1035162724936));
#10279=CARTESIAN_POINT('Ctrl Pts',(82.0415746839871,39.00117051278,72.1035162724936));
#10280=CARTESIAN_POINT('Ctrl Pts',(82.0415746839871,39.00117051278,70.1035162724936));
#10281=CARTESIAN_POINT('Ctrl Pts',(82.1470874074433,39.0702154175771,72.1035162724936));
#10282=CARTESIAN_POINT('Ctrl Pts',(82.1470874074433,39.0702154175771,70.1035162724936));
#10283=CARTESIAN_POINT('Ctrl Pts',(82.2522300284407,39.1392613711874,72.1035162724936));
#10284=CARTESIAN_POINT('Ctrl Pts',(82.2522300284407,39.1392613711874,70.1035162724936));
#10285=CARTESIAN_POINT('',(81.9356901518869,38.9321278599608,70.1035162724936));
#10286=CARTESIAN_POINT('',(81.9356901518869,38.9321278599608,72.1035162724936));
#10287=CARTESIAN_POINT('Ctrl Pts',(82.2522300284407,39.1392613711874,70.1035162724936));
#10288=CARTESIAN_POINT('Ctrl Pts',(82.1470874074433,39.0702154175771,70.1035162724936));
#10289=CARTESIAN_POINT('Ctrl Pts',(82.0415746839871,39.00117051278,70.1035162724936));
#10290=CARTESIAN_POINT('Ctrl Pts',(81.9356901518869,38.9321278599608,70.1035162724936));
#10291=CARTESIAN_POINT('',(82.2522300284407,39.1392613711874,72.1035162724936));
#10292=CARTESIAN_POINT('Ctrl Pts',(82.2522300283483,39.1392613711272,72.1035162724936));
#10293=CARTESIAN_POINT('Ctrl Pts',(82.2522300283483,39.1392613711272,70.1035162724936));
#10294=CARTESIAN_POINT('Ctrl Pts',(82.146633295044,39.0712369241303,72.1035162724936));
#10295=CARTESIAN_POINT('Ctrl Pts',(82.146633295044,39.0712369241303,70.1035162724936));
#10296=CARTESIAN_POINT('Ctrl Pts',(82.0411180099071,39.0021952799104,72.1035162724936));
#10297=CARTESIAN_POINT('Ctrl Pts',(82.0411180099071,39.0021952799104,70.1035162724936));
#10298=CARTESIAN_POINT('Ctrl Pts',(81.9356901518869,38.9321278599608,72.1035162724936));
#10299=CARTESIAN_POINT('Ctrl Pts',(81.9356901518869,38.9321278599608,70.1035162724936));
#10300=CARTESIAN_POINT('Ctrl Pts',(81.9356901518869,38.9321278599608,70.1035162724936));
#10301=CARTESIAN_POINT('Ctrl Pts',(82.0411180099071,39.0021952799104,70.1035162724936));
#10302=CARTESIAN_POINT('Ctrl Pts',(82.146633295044,39.0712369241303,70.1035162724936));
#10303=CARTESIAN_POINT('Ctrl Pts',(82.2522300283483,39.1392613711272,70.1035162724936));
#10304=CARTESIAN_POINT('Ctrl Pts',(112.774885450845,69.2472784745086,72.1035162724936));
#10305=CARTESIAN_POINT('Ctrl Pts',(112.774885450845,69.2472784745086,70.1035162724936));
#10306=CARTESIAN_POINT('Ctrl Pts',(107.892667367698,63.6404182438052,72.1035162724936));
#10307=CARTESIAN_POINT('Ctrl Pts',(107.892667367698,63.6404182438052,70.1035162724936));
#10308=CARTESIAN_POINT('Ctrl Pts',(100.882240688708,51.3733757541575,72.1035162724936));
#10309=CARTESIAN_POINT('Ctrl Pts',(100.882240688708,51.3733757541575,70.1035162724936));
#10310=CARTESIAN_POINT('Ctrl Pts',(82.2522300284407,39.1392613711874,72.1035162724936));
#10311=CARTESIAN_POINT('Ctrl Pts',(82.2522300284407,39.1392613711874,70.1035162724936));
#10312=CARTESIAN_POINT('',(112.774885450845,69.2472784745086,70.1035162724936));
#10313=CARTESIAN_POINT('',(112.774885450845,69.2472784745086,72.1035162724936));
#10314=CARTESIAN_POINT('Ctrl Pts',(82.2522300284407,39.1392613711874,70.1035162724936));
#10315=CARTESIAN_POINT('Ctrl Pts',(100.882240688708,51.3733757541575,70.1035162724936));
#10316=CARTESIAN_POINT('Ctrl Pts',(107.892667367698,63.6404182438052,70.1035162724936));
#10317=CARTESIAN_POINT('Ctrl Pts',(112.774885450845,69.2472784745086,70.1035162724936));
#10318=CARTESIAN_POINT('Ctrl Pts',(137.72453293711,76.7829058572659,72.1035162724936));
#10319=CARTESIAN_POINT('Ctrl Pts',(137.72453293711,76.7829058572659,70.1035162724936));
#10320=CARTESIAN_POINT('Ctrl Pts',(128.777836966078,81.234610575311,72.1035162724936));
#10321=CARTESIAN_POINT('Ctrl Pts',(128.777836966078,81.234610575311,70.1035162724936));
#10322=CARTESIAN_POINT('Ctrl Pts',(116.730224047388,75.6643095266584,72.1035162724936));
#10323=CARTESIAN_POINT('Ctrl Pts',(116.730224047388,75.6643095266584,70.1035162724936));
#10324=CARTESIAN_POINT('Ctrl Pts',(112.774885450845,69.2472784745086,72.1035162724936));
#10325=CARTESIAN_POINT('Ctrl Pts',(112.774885450845,69.2472784745086,70.1035162724936));
#10326=CARTESIAN_POINT('',(137.72453293711,76.7829058572659,70.1035162724936));
#10327=CARTESIAN_POINT('',(137.72453293711,76.7829058572659,72.1035162724936));
#10328=CARTESIAN_POINT('Ctrl Pts',(112.774885450845,69.2472784745086,70.1035162724936));
#10329=CARTESIAN_POINT('Ctrl Pts',(116.730224047388,75.6643095266584,70.1035162724936));
#10330=CARTESIAN_POINT('Ctrl Pts',(128.777836966078,81.234610575311,70.1035162724936));
#10331=CARTESIAN_POINT('Ctrl Pts',(137.72453293711,76.7829058572659,70.1035162724936));
#10332=CARTESIAN_POINT('Ctrl Pts',(150.078350010747,90.6018161695533,72.1035162724936));
#10333=CARTESIAN_POINT('Ctrl Pts',(150.078350010747,90.6018161695533,70.1035162724936));
#10334=CARTESIAN_POINT('Ctrl Pts',(143.029330242758,95.9639475954005,72.1035162724936));
#10335=CARTESIAN_POINT('Ctrl Pts',(143.029330242758,95.9639475954005,70.1035162724936));
#10336=CARTESIAN_POINT('Ctrl Pts',(128.489713716509,94.2376036259661,72.1035162724936));
#10337=CARTESIAN_POINT('Ctrl Pts',(128.489713716509,94.2376036259661,70.1035162724936));
#10338=CARTESIAN_POINT('Ctrl Pts',(121.041743569093,82.2529261940826,72.1035162724936));
#10339=CARTESIAN_POINT('Ctrl Pts',(121.041743569093,82.2529261940826,70.1035162724936));
#10340=CARTESIAN_POINT('',(134.9452366717,92.741446714484,70.1035162724936));
#10341=CARTESIAN_POINT('Ctrl Pts',(134.9452366717,92.741446714484,70.1035162724936));
#10342=CARTESIAN_POINT('Ctrl Pts',(134.9452366717,92.741446714484,70.4368496058269));
#10343=CARTESIAN_POINT('Ctrl Pts',(134.9452366717,92.741446714484,70.7701829391603));
#10344=CARTESIAN_POINT('Ctrl Pts',(134.9452366717,92.741446714484,71.4368496058269));
#10345=CARTESIAN_POINT('Ctrl Pts',(134.9452366717,92.741446714484,71.7701829391603));
#10346=CARTESIAN_POINT('Ctrl Pts',(134.9452366717,92.741446714484,72.1035162724936));
#10347=CARTESIAN_POINT('Ctrl Pts',(121.041743569093,82.2529261940826,70.1035162724936));
#10348=CARTESIAN_POINT('Ctrl Pts',(124.591557118576,87.965002033786,70.1035162724936));
#10349=CARTESIAN_POINT('Ctrl Pts',(129.752321563595,91.3467767564804,70.1035162724936));
#10350=CARTESIAN_POINT('Ctrl Pts',(134.9452366717,92.741446714484,70.1035162724936));
#10351=CARTESIAN_POINT('Ctrl Pts',(142.958334729295,112.302449126898,72.1035162724936));
#10352=CARTESIAN_POINT('Ctrl Pts',(142.958334729295,112.302449126898,70.1035162724936));
#10353=CARTESIAN_POINT('Ctrl Pts',(138.180923357491,109.930218125807,72.1035162724936));
#10354=CARTESIAN_POINT('Ctrl Pts',(138.180923357491,109.930218125807,70.1035162724936));
#10355=CARTESIAN_POINT('Ctrl Pts',(125.322579510026,95.8330384129394,72.1035162724936));
#10356=CARTESIAN_POINT('Ctrl Pts',(125.322579510026,95.8330384129394,70.1035162724936));
#10357=CARTESIAN_POINT('Ctrl Pts',(124.83938160563,92.1143332764495,72.1035162724936));
#10358=CARTESIAN_POINT('Ctrl Pts',(124.83938160563,92.1143332764495,70.1035162724936));
#10359=CARTESIAN_POINT('',(136.689858251306,107.273194059146,70.1035162724936));
#10360=CARTESIAN_POINT('Ctrl Pts',(136.689858251306,107.273194059146,70.1035162724936));
#10361=CARTESIAN_POINT('Ctrl Pts',(136.689858251306,107.273194059146,70.4368496058269));
#10362=CARTESIAN_POINT('Ctrl Pts',(136.689858251306,107.273194059146,70.7701829391603));
#10363=CARTESIAN_POINT('Ctrl Pts',(136.689858251306,107.273194059146,71.4368496058269));
#10364=CARTESIAN_POINT('Ctrl Pts',(136.689858251306,107.273194059146,71.7701829391603));
#10365=CARTESIAN_POINT('Ctrl Pts',(136.689858251306,107.273194059146,72.1035162724936));
#10366=CARTESIAN_POINT('',(131.199060579739,101.486707736489,70.1035162724936));
#10367=CARTESIAN_POINT('Ctrl Pts',(131.199060579739,101.486707736489,70.1035162724936));
#10368=CARTESIAN_POINT('Ctrl Pts',(132.946085676372,103.488287977298,70.1035162724936));
#10369=CARTESIAN_POINT('Ctrl Pts',(134.862758847949,105.510482482193,70.1035162724936));
#10370=CARTESIAN_POINT('Ctrl Pts',(136.689858251306,107.273194059146,70.1035162724936));
#10371=CARTESIAN_POINT('Ctrl Pts',(131.199060579739,101.486707736489,72.1035162724936));
#10372=CARTESIAN_POINT('Ctrl Pts',(131.199060579739,101.486707736489,71.7701829391603));
#10373=CARTESIAN_POINT('Ctrl Pts',(131.199060579739,101.486707736489,71.4368496058269));
#10374=CARTESIAN_POINT('Ctrl Pts',(131.199060579739,101.486707736489,70.7701829391603));
#10375=CARTESIAN_POINT('Ctrl Pts',(131.199060579739,101.486707736489,70.4368496058269));
#10376=CARTESIAN_POINT('Ctrl Pts',(131.199060579739,101.486707736489,70.1035162724936));
#10377=CARTESIAN_POINT('Ctrl Pts',(95.1993565699625,90.4596129124511,72.1035162724936));
#10378=CARTESIAN_POINT('Ctrl Pts',(95.1993565699625,90.4596129124511,70.1035162724936));
#10379=CARTESIAN_POINT('Ctrl Pts',(100.607650221392,92.6517118191916,72.1035162724936));
#10380=CARTESIAN_POINT('Ctrl Pts',(100.607650221392,92.6517118191916,70.1035162724936));
#10381=CARTESIAN_POINT('Ctrl Pts',(100.984959867064,98.3493889945159,72.1035162724936));
#10382=CARTESIAN_POINT('Ctrl Pts',(100.984959867064,98.3493889945159,70.1035162724936));
#10383=CARTESIAN_POINT('Ctrl Pts',(98.1920980827767,103.344057513149,72.1035162724936));
#10384=CARTESIAN_POINT('Ctrl Pts',(98.1920980827767,103.344057513149,70.1035162724936));
#10385=CARTESIAN_POINT('',(95.1993565699625,90.4596129124511,70.1035162724936));
#10386=CARTESIAN_POINT('',(95.1993565699625,90.4596129124511,72.1035162724936));
#10387=CARTESIAN_POINT('',(98.1920980827748,103.344057513152,70.1035162724936));
#10388=CARTESIAN_POINT('Ctrl Pts',(98.1920980827767,103.344057513149,70.1035162724936));
#10389=CARTESIAN_POINT('Ctrl Pts',(100.984959867064,98.3493889945159,70.1035162724936));
#10390=CARTESIAN_POINT('Ctrl Pts',(100.607650221392,92.6517118191916,70.1035162724936));
#10391=CARTESIAN_POINT('Ctrl Pts',(95.1993565699625,90.4596129124511,70.1035162724936));
#10392=CARTESIAN_POINT('',(98.1920980827767,103.344057513149,72.1035162724936));
#10393=CARTESIAN_POINT('Ctrl Pts',(76.494813899331,89.9425316838134,72.1035162724936));
#10394=CARTESIAN_POINT('Ctrl Pts',(76.494813899331,89.9425316838134,70.1035162724936));
#10395=CARTESIAN_POINT('Ctrl Pts',(85.3118949006128,105.081839937483,72.1035162724936));
#10396=CARTESIAN_POINT('Ctrl Pts',(85.3118949006128,105.081839937483,70.1035162724936));
#10397=CARTESIAN_POINT('Ctrl Pts',(94.6402611180353,95.7804347924102,72.1035162724936));
#10398=CARTESIAN_POINT('Ctrl Pts',(94.6402611180353,95.7804347924102,70.1035162724936));
#10399=CARTESIAN_POINT('Ctrl Pts',(95.1993565699625,90.4596129124511,72.1035162724936));
#10400=CARTESIAN_POINT('Ctrl Pts',(95.1993565699625,90.4596129124511,70.1035162724936));
#10401=CARTESIAN_POINT('',(76.494813899331,89.9425316838134,70.1035162724936));
#10402=CARTESIAN_POINT('',(76.494813899331,89.9425316838134,72.1035162724936));
#10403=CARTESIAN_POINT('Ctrl Pts',(95.1993565699625,90.4596129124511,70.1035162724936));
#10404=CARTESIAN_POINT('Ctrl Pts',(94.6402611180353,95.7804347924102,70.1035162724936));
#10405=CARTESIAN_POINT('Ctrl Pts',(85.3118949006128,105.081839937483,70.1035162724936));
#10406=CARTESIAN_POINT('Ctrl Pts',(76.494813899331,89.9425316838134,70.1035162724936));
#10407=CARTESIAN_POINT('Ctrl Pts',(76.2887532939004,89.5753776409972,72.1035162724936));
#10408=CARTESIAN_POINT('Ctrl Pts',(76.2887532939004,89.5753776409972,70.1035162724936));
#10409=CARTESIAN_POINT('Ctrl Pts',(76.3626181166696,89.6943744473327,72.1035162724936));
#10410=CARTESIAN_POINT('Ctrl Pts',(76.3626181166696,89.6943744473327,70.1035162724936));
#10411=CARTESIAN_POINT('Ctrl Pts',(76.4314011275339,89.8168598488677,72.1035162724936));
#10412=CARTESIAN_POINT('Ctrl Pts',(76.4314011275339,89.8168598488677,70.1035162724936));
#10413=CARTESIAN_POINT('Ctrl Pts',(76.494813899331,89.9425316838134,72.1035162724936));
#10414=CARTESIAN_POINT('Ctrl Pts',(76.494813899331,89.9425316838134,70.1035162724936));
#10415=CARTESIAN_POINT('',(76.2887532939004,89.5753776409972,70.1035162724936));
#10416=CARTESIAN_POINT('',(76.2887532939004,89.5753776409972,72.1035162724936));
#10417=CARTESIAN_POINT('Ctrl Pts',(76.494813899331,89.9425316838134,70.1035162724936));
#10418=CARTESIAN_POINT('Ctrl Pts',(76.4314011275339,89.8168598488677,70.1035162724936));
#10419=CARTESIAN_POINT('Ctrl Pts',(76.3626181166696,89.6943744473327,70.1035162724936));
#10420=CARTESIAN_POINT('Ctrl Pts',(76.2887532939004,89.5753776409972,70.1035162724936));
#10421=CARTESIAN_POINT('Ctrl Pts',(72.2214770646143,87.3109497254241,72.1035162724936));
#10422=CARTESIAN_POINT('Ctrl Pts',(72.2214770646143,87.3109497254241,70.1035162724936));
#10423=CARTESIAN_POINT('Ctrl Pts',(73.9389784075784,87.3109497254241,72.1035162724936));
#10424=CARTESIAN_POINT('Ctrl Pts',(73.9389784075784,87.3109497254241,70.1035162724936));
#10425=CARTESIAN_POINT('Ctrl Pts',(75.4450763752985,88.2160890988219,72.1035162724936));
#10426=CARTESIAN_POINT('Ctrl Pts',(75.4450763752985,88.2160890988219,70.1035162724936));
#10427=CARTESIAN_POINT('Ctrl Pts',(76.2887532939004,89.5753776409972,72.1035162724936));
#10428=CARTESIAN_POINT('Ctrl Pts',(76.2887532939004,89.5753776409972,70.1035162724936));
#10429=CARTESIAN_POINT('',(72.2214770646143,87.3109497254241,70.1035162724936));
#10430=CARTESIAN_POINT('',(72.2214770646143,87.3109497254241,72.1035162724936));
#10431=CARTESIAN_POINT('Ctrl Pts',(76.2887532939004,89.5753776409972,70.1035162724936));
#10432=CARTESIAN_POINT('Ctrl Pts',(75.4450763752985,88.2160890988219,70.1035162724936));
#10433=CARTESIAN_POINT('Ctrl Pts',(73.9389784075784,87.3109497254241,70.1035162724936));
#10434=CARTESIAN_POINT('Ctrl Pts',(72.2214770646143,87.3109497254241,70.1035162724936));
#10435=CARTESIAN_POINT('Ctrl Pts',(67.4379263146448,92.0945004753936,72.1035162724936));
#10436=CARTESIAN_POINT('Ctrl Pts',(67.4379263146448,92.0945004753936,70.1035162724936));
#10437=CARTESIAN_POINT('Ctrl Pts',(67.4379263146448,89.4526175469268,72.1035162724936));
#10438=CARTESIAN_POINT('Ctrl Pts',(67.4379263146448,89.4526175469268,70.1035162724936));
#10439=CARTESIAN_POINT('Ctrl Pts',(69.5795941361474,87.3109497254241,72.1035162724936));
#10440=CARTESIAN_POINT('Ctrl Pts',(69.5795941361474,87.3109497254241,70.1035162724936));
#10441=CARTESIAN_POINT('Ctrl Pts',(72.2214770646143,87.3109497254241,72.1035162724936));
#10442=CARTESIAN_POINT('Ctrl Pts',(72.2214770646143,87.3109497254241,70.1035162724936));
#10443=CARTESIAN_POINT('',(67.4379263146448,92.0945004753936,70.1035162724936));
#10444=CARTESIAN_POINT('',(67.4379263146448,92.0945004753936,72.1035162724936));
#10445=CARTESIAN_POINT('Ctrl Pts',(72.2214770646143,87.3109497254241,70.1035162724936));
#10446=CARTESIAN_POINT('Ctrl Pts',(69.5795941361474,87.3109497254241,70.1035162724936));
#10447=CARTESIAN_POINT('Ctrl Pts',(67.4379263146448,89.4526175469268,70.1035162724936));
#10448=CARTESIAN_POINT('Ctrl Pts',(67.4379263146448,92.0945004753936,70.1035162724936));
#10449=CARTESIAN_POINT('Ctrl Pts',(72.2214770646143,96.8780786946166,72.1035162724936));
#10450=CARTESIAN_POINT('Ctrl Pts',(72.2214770646143,96.8780786946166,70.1035162724936));
#10451=CARTESIAN_POINT('Ctrl Pts',(69.5795941361474,96.8780786946166,72.1035162724936));
#10452=CARTESIAN_POINT('Ctrl Pts',(69.5795941361474,96.8780786946166,70.1035162724936));
#10453=CARTESIAN_POINT('Ctrl Pts',(67.4379263146448,94.7364108731139,72.1035162724936));
#10454=CARTESIAN_POINT('Ctrl Pts',(67.4379263146448,94.7364108731139,70.1035162724936));
#10455=CARTESIAN_POINT('Ctrl Pts',(67.4379263146448,92.0945004753936,72.1035162724936));
#10456=CARTESIAN_POINT('Ctrl Pts',(67.4379263146448,92.0945004753936,70.1035162724936));
#10457=CARTESIAN_POINT('',(72.2214770646143,96.8780786946166,70.1035162724936));
#10458=CARTESIAN_POINT('',(72.2214770646143,96.8780786946166,72.1035162724936));
#10459=CARTESIAN_POINT('Ctrl Pts',(67.4379263146448,92.0945004753936,70.1035162724936));
#10460=CARTESIAN_POINT('Ctrl Pts',(67.4379263146448,94.7364108731139,70.1035162724936));
#10461=CARTESIAN_POINT('Ctrl Pts',(69.5795941361474,96.8780786946166,70.1035162724936));
#10462=CARTESIAN_POINT('Ctrl Pts',(72.2214770646143,96.8780786946166,70.1035162724936));
#10463=CARTESIAN_POINT('Ctrl Pts',(76.5989361048746,92.1257604859221,72.1035162724936));
#10464=CARTESIAN_POINT('Ctrl Pts',(76.5989361048746,92.1257604859221,70.1035162724936));
#10465=CARTESIAN_POINT('Ctrl Pts',(76.5989361048746,94.7676434143889,72.1035162724936));
#10466=CARTESIAN_POINT('Ctrl Pts',(76.5989361048746,94.7676434143889,70.1035162724936));
#10467=CARTESIAN_POINT('Ctrl Pts',(74.8633874623346,96.8780786946166,72.1035162724936));
#10468=CARTESIAN_POINT('Ctrl Pts',(74.8633874623346,96.8780786946166,70.1035162724936));
#10469=CARTESIAN_POINT('Ctrl Pts',(72.2214770646143,96.8780786946166,72.1035162724936));
#10470=CARTESIAN_POINT('Ctrl Pts',(72.2214770646143,96.8780786946166,70.1035162724936));
#10471=CARTESIAN_POINT('',(76.5989361048746,92.1257604859221,70.1035162724936));
#10472=CARTESIAN_POINT('',(76.5989361048746,92.1257604859221,72.1035162724936));
#10473=CARTESIAN_POINT('Ctrl Pts',(72.2214770646143,96.8780786946166,70.1035162724936));
#10474=CARTESIAN_POINT('Ctrl Pts',(74.8633874623346,96.8780786946166,70.1035162724936));
#10475=CARTESIAN_POINT('Ctrl Pts',(76.5989361048746,94.7676434143889,70.1035162724936));
#10476=CARTESIAN_POINT('Ctrl Pts',(76.5989361048746,92.1257604859221,70.1035162724936));
#10477=CARTESIAN_POINT('Ctrl Pts',(69.8060781315851,102.282750471007,72.1035162724936));
#10478=CARTESIAN_POINT('Ctrl Pts',(69.8060781315851,102.282750471007,70.1035162724936));
#10479=CARTESIAN_POINT('Ctrl Pts',(73.726215304284,103.309867064749,72.1035162724936));
#10480=CARTESIAN_POINT('Ctrl Pts',(73.726215304284,103.309867064749,70.1035162724936));
#10481=CARTESIAN_POINT('Ctrl Pts',(81.5127735243844,98.568811250006,72.1035162724936));
#10482=CARTESIAN_POINT('Ctrl Pts',(81.5127735243844,98.568811250006,70.1035162724936));
#10483=CARTESIAN_POINT('Ctrl Pts',(76.5989361048746,92.1257604859221,72.1035162724936));
#10484=CARTESIAN_POINT('Ctrl Pts',(76.5989361048746,92.1257604859221,70.1035162724936));
#10485=CARTESIAN_POINT('',(69.8060781315851,102.282750471007,70.1035162724936));
#10486=CARTESIAN_POINT('',(69.8060781315851,102.282750471007,72.1035162724936));
#10487=CARTESIAN_POINT('Ctrl Pts',(76.5989361048746,92.1257604859221,70.1035162724936));
#10488=CARTESIAN_POINT('Ctrl Pts',(81.5127735243844,98.568811250006,70.1035162724936));
#10489=CARTESIAN_POINT('Ctrl Pts',(73.726215304284,103.309867064749,70.1035162724936));
#10490=CARTESIAN_POINT('Ctrl Pts',(69.8060781315851,102.282750471007,70.1035162724936));
#10491=CARTESIAN_POINT('Ctrl Pts',(68.3270236439752,109.010410171019,72.1035162724936));
#10492=CARTESIAN_POINT('Ctrl Pts',(68.3270236439752,109.010410171019,70.1035162724936));
#10493=CARTESIAN_POINT('Ctrl Pts',(69.6006355843591,106.726767512595,72.1035162724936));
#10494=CARTESIAN_POINT('Ctrl Pts',(69.6006355843591,106.726767512595,70.1035162724936));
#10495=CARTESIAN_POINT('Ctrl Pts',(69.7649841282892,105.182652097975,72.1035162724936));
#10496=CARTESIAN_POINT('Ctrl Pts',(69.7649841282892,105.182652097975,70.1035162724936));
#10497=CARTESIAN_POINT('Ctrl Pts',(69.8060781315851,102.282750471007,72.1035162724936));
#10498=CARTESIAN_POINT('Ctrl Pts',(69.8060781315851,102.282750471007,70.1035162724936));
#10499=CARTESIAN_POINT('',(68.3270236439752,109.010410171019,70.1035162724936));
#10500=CARTESIAN_POINT('',(68.3270236439752,109.010410171019,72.1035162724936));
#10501=CARTESIAN_POINT('Ctrl Pts',(69.8060781315851,102.282750471007,70.1035162724936));
#10502=CARTESIAN_POINT('Ctrl Pts',(69.7649841282892,105.182652097975,70.1035162724936));
#10503=CARTESIAN_POINT('Ctrl Pts',(69.6006355843591,106.726767512595,70.1035162724936));
#10504=CARTESIAN_POINT('Ctrl Pts',(68.3270236439752,109.010410171019,70.1035162724936));
#10505=CARTESIAN_POINT('Ctrl Pts',(58.2744030877161,104.403157090269,72.1035162724936));
#10506=CARTESIAN_POINT('Ctrl Pts',(58.2744030877161,104.403157090269,70.1035162724936));
#10507=CARTESIAN_POINT('Ctrl Pts',(61.8307099972772,107.212533792197,72.1035162724936));
#10508=CARTESIAN_POINT('Ctrl Pts',(61.8307099972772,107.212533792197,70.1035162724936));
#10509=CARTESIAN_POINT('Ctrl Pts',(64.277726041131,107.680074222075,72.1035162724936));
#10510=CARTESIAN_POINT('Ctrl Pts',(64.277726041131,107.680074222075,70.1035162724936));
#10511=CARTESIAN_POINT('Ctrl Pts',(68.3270236439752,109.010410171019,72.1035162724936));
#10512=CARTESIAN_POINT('Ctrl Pts',(68.3270236439752,109.010410171019,70.1035162724936));
#10513=CARTESIAN_POINT('',(58.2744030877161,104.403157090269,70.1035162724936));
#10514=CARTESIAN_POINT('',(58.2744030877161,104.403157090269,72.1035162724936));
#10515=CARTESIAN_POINT('Ctrl Pts',(68.3270236439752,109.010410171019,70.1035162724936));
#10516=CARTESIAN_POINT('Ctrl Pts',(64.277726041131,107.680074222075,70.1035162724936));
#10517=CARTESIAN_POINT('Ctrl Pts',(61.8307099972772,107.212533792197,70.1035162724936));
#10518=CARTESIAN_POINT('Ctrl Pts',(58.2744030877161,104.403157090269,70.1035162724936));
#10519=CARTESIAN_POINT('Ctrl Pts',(52.3258263566064,109.696413574301,72.1035162724936));
#10520=CARTESIAN_POINT('Ctrl Pts',(52.3258263566064,109.696413574301,70.1035162724936));
#10521=CARTESIAN_POINT('Ctrl Pts',(55.3042625794458,109.952674240576,72.1035162724936));
#10522=CARTESIAN_POINT('Ctrl Pts',(55.3042625794458,109.952674240576,70.1035162724936));
#10523=CARTESIAN_POINT('Ctrl Pts',(58.1324694546747,107.976797098814,72.1035162724936));
#10524=CARTESIAN_POINT('Ctrl Pts',(58.1324694546747,107.976797098814,70.1035162724936));
#10525=CARTESIAN_POINT('Ctrl Pts',(58.2744030877161,104.403157090269,72.1035162724936));
#10526=CARTESIAN_POINT('Ctrl Pts',(58.2744030877161,104.403157090269,70.1035162724936));
#10527=CARTESIAN_POINT('',(52.3258263566064,109.696413574301,70.1035162724936));
#10528=CARTESIAN_POINT('',(52.3258263566064,109.696413574301,72.1035162724936));
#10529=CARTESIAN_POINT('Ctrl Pts',(58.2744030877161,104.403157090269,70.1035162724936));
#10530=CARTESIAN_POINT('Ctrl Pts',(58.1324694546747,107.976797098814,70.1035162724936));
#10531=CARTESIAN_POINT('Ctrl Pts',(55.3042625794458,109.952674240576,70.1035162724936));
#10532=CARTESIAN_POINT('Ctrl Pts',(52.3258263566064,109.696413574301,70.1035162724936));
#10533=CARTESIAN_POINT('Ctrl Pts',(45.4427332703269,107.324412551444,72.1035162724936));
#10534=CARTESIAN_POINT('Ctrl Pts',(45.4427332703269,107.324412551444,70.1035162724936));
#10535=CARTESIAN_POINT('Ctrl Pts',(47.462239682197,107.973309208483,72.1035162724936));
#10536=CARTESIAN_POINT('Ctrl Pts',(47.462239682197,107.973309208483,70.1035162724936));
#10537=CARTESIAN_POINT('Ctrl Pts',(49.9551292234168,109.492442391146,72.1035162724936));
#10538=CARTESIAN_POINT('Ctrl Pts',(49.9551292234168,109.492442391146,70.1035162724936));
#10539=CARTESIAN_POINT('Ctrl Pts',(52.3258263566064,109.696413574301,72.1035162724936));
#10540=CARTESIAN_POINT('Ctrl Pts',(52.3258263566064,109.696413574301,70.1035162724936));
#10541=CARTESIAN_POINT('',(45.4427332703269,107.324412551444,70.1035162724936));
#10542=CARTESIAN_POINT('',(45.4427332703269,107.324412551444,72.1035162724936));
#10543=CARTESIAN_POINT('Ctrl Pts',(52.3258263566064,109.696413574301,70.1035162724936));
#10544=CARTESIAN_POINT('Ctrl Pts',(49.9551292234168,109.492442391146,70.1035162724936));
#10545=CARTESIAN_POINT('Ctrl Pts',(47.462239682197,107.973309208483,70.1035162724936));
#10546=CARTESIAN_POINT('Ctrl Pts',(45.442733270327,107.324412551444,70.1035162724936));
#10547=CARTESIAN_POINT('Ctrl Pts',(40.9429247899103,98.3135120076049,72.1035162724936));
#10548=CARTESIAN_POINT('Ctrl Pts',(40.9429247899103,98.3135120076049,70.1035162724936));
#10549=CARTESIAN_POINT('Ctrl Pts',(41.1609026694662,100.84700485777,72.1035162724936));
#10550=CARTESIAN_POINT('Ctrl Pts',(41.1609026694662,100.84700485777,70.1035162724936));
#10551=CARTESIAN_POINT('Ctrl Pts',(42.8808597769167,103.520048221926,72.1035162724936));
#10552=CARTESIAN_POINT('Ctrl Pts',(42.8808597769167,103.520048221926,70.1035162724936));
#10553=CARTESIAN_POINT('Ctrl Pts',(43.4355880861132,105.605760837753,72.1035162724936));
#10554=CARTESIAN_POINT('Ctrl Pts',(43.4355880861132,105.605760837753,70.1035162724936));
#10555=CARTESIAN_POINT('',(40.9429247899103,98.3135120076049,70.1035162724936));
#10556=CARTESIAN_POINT('',(40.9429247899103,98.3135120076049,72.1035162724936));
#10557=CARTESIAN_POINT('',(43.4355880861132,105.605760837753,70.1035162724936));
#10558=CARTESIAN_POINT('Ctrl Pts',(43.4355880861132,105.605760837753,70.1035162724936));
#10559=CARTESIAN_POINT('Ctrl Pts',(42.8808597769167,103.520048221926,70.1035162724936));
#10560=CARTESIAN_POINT('Ctrl Pts',(41.1609026694662,100.84700485777,70.1035162724936));
#10561=CARTESIAN_POINT('Ctrl Pts',(40.9429247899103,98.3135120076049,70.1035162724936));
#10562=CARTESIAN_POINT('',(43.4355880861132,105.605760837753,72.1035162724936));
#10563=CARTESIAN_POINT('Ctrl Pts',(46.2361950085687,92.3649352764953,72.1035162724936));
#10564=CARTESIAN_POINT('Ctrl Pts',(46.2361950085687,92.3649352764953,70.1035162724936));
#10565=CARTESIAN_POINT('Ctrl Pts',(42.6625550000238,92.5068689095367,72.1035162724936));
#10566=CARTESIAN_POINT('Ctrl Pts',(42.6625550000238,92.5068689095367,70.1035162724936));
#10567=CARTESIAN_POINT('Ctrl Pts',(40.6866641236352,95.335048315512,72.1035162724936));
#10568=CARTESIAN_POINT('Ctrl Pts',(40.6866641236352,95.335048315512,70.1035162724936));
#10569=CARTESIAN_POINT('Ctrl Pts',(40.9429247899103,98.3135120076049,72.1035162724936));
#10570=CARTESIAN_POINT('Ctrl Pts',(40.9429247899103,98.3135120076049,70.1035162724936));
#10571=CARTESIAN_POINT('',(46.2361950085687,92.3649352764953,70.1035162724936));
#10572=CARTESIAN_POINT('',(46.2361950085687,92.3649352764953,72.1035162724936));
#10573=CARTESIAN_POINT('Ctrl Pts',(40.9429247899103,98.3135120076049,70.1035162724936));
#10574=CARTESIAN_POINT('Ctrl Pts',(40.6866641236352,95.335048315512,70.1035162724936));
#10575=CARTESIAN_POINT('Ctrl Pts',(42.6625550000238,92.5068689095367,70.1035162724936));
#10576=CARTESIAN_POINT('Ctrl Pts',(46.2361950085687,92.3649352764953,70.1035162724936));
#10577=CARTESIAN_POINT('Ctrl Pts',(41.6289419278192,82.3123147202361,72.1035162724936));
#10578=CARTESIAN_POINT('Ctrl Pts',(41.6289419278192,82.3123147202361,70.1035162724936));
#10579=CARTESIAN_POINT('Ctrl Pts',(42.9592778767633,86.3616397923339,72.1035162724936));
#10580=CARTESIAN_POINT('Ctrl Pts',(42.9592778767633,86.3616397923339,70.1035162724936));
#10581=CARTESIAN_POINT('Ctrl Pts',(43.4268045720147,88.8086558361877,72.1035162724936));
#10582=CARTESIAN_POINT('Ctrl Pts',(43.4268045720147,88.8086558361877,70.1035162724936));
#10583=CARTESIAN_POINT('Ctrl Pts',(46.2361950085687,92.3649352764953,72.1035162724936));
#10584=CARTESIAN_POINT('Ctrl Pts',(46.2361950085687,92.3649352764953,70.1035162724936));
#10585=CARTESIAN_POINT('',(41.6289419278192,82.3123147202361,70.1035162724936));
#10586=CARTESIAN_POINT('',(41.6289419278192,82.3123147202361,72.1035162724936));
#10587=CARTESIAN_POINT('Ctrl Pts',(46.2361950085687,92.3649352764953,70.1035162724936));
#10588=CARTESIAN_POINT('Ctrl Pts',(43.4268045720147,88.8086558361877,70.1035162724936));
#10589=CARTESIAN_POINT('Ctrl Pts',(42.9592778767633,86.3616397923339,70.1035162724936));
#10590=CARTESIAN_POINT('Ctrl Pts',(41.6289419278192,82.3123147202361,70.1035162724936));
#10591=CARTESIAN_POINT('Ctrl Pts',(48.3566016278314,80.8332602326263,72.1035162724936));
#10592=CARTESIAN_POINT('Ctrl Pts',(48.3566016278314,80.8332602326263,70.1035162724936));
#10593=CARTESIAN_POINT('Ctrl Pts',(45.456700000863,80.8743542359221,72.1035162724936));
#10594=CARTESIAN_POINT('Ctrl Pts',(45.456700000863,80.8743542359221,70.1035162724936));
#10595=CARTESIAN_POINT('Ctrl Pts',(43.9125708516168,81.0386753105987,72.1035162724936));
#10596=CARTESIAN_POINT('Ctrl Pts',(43.9125708516168,81.0386753105987,70.1035162724936));
#10597=CARTESIAN_POINT('Ctrl Pts',(41.6289419278192,82.3123147202361,72.1035162724936));
#10598=CARTESIAN_POINT('Ctrl Pts',(41.6289419278192,82.3123147202361,70.1035162724936));
#10599=CARTESIAN_POINT('',(48.3566016278314,80.8332602326263,70.1035162724936));
#10600=CARTESIAN_POINT('',(48.3566016278314,80.8332602326263,72.1035162724936));
#10601=CARTESIAN_POINT('Ctrl Pts',(41.6289419278192,82.3123147202361,70.1035162724936));
#10602=CARTESIAN_POINT('Ctrl Pts',(43.9125708516168,81.0386753105987,70.1035162724936));
#10603=CARTESIAN_POINT('Ctrl Pts',(45.456700000863,80.8743542359221,70.1035162724936));
#10604=CARTESIAN_POINT('Ctrl Pts',(48.3566016278314,80.8332602326263,70.1035162724936));
#10605=CARTESIAN_POINT('Ctrl Pts',(58.5136053475427,74.0404159939635,72.1035162724936));
#10606=CARTESIAN_POINT('Ctrl Pts',(58.5136053475427,74.0404159939635,70.1035162724936));
#10607=CARTESIAN_POINT('Ctrl Pts',(52.0705545834588,69.1265785744536,72.1035162724936));
#10608=CARTESIAN_POINT('Ctrl Pts',(52.0705545834588,69.1265785744536,70.1035162724936));
#10609=CARTESIAN_POINT('Ctrl Pts',(47.3294987687158,76.9131230599273,72.1035162724936));
#10610=CARTESIAN_POINT('Ctrl Pts',(47.3294987687158,76.9131230599273,70.1035162724936));
#10611=CARTESIAN_POINT('Ctrl Pts',(48.3566016278314,80.8332602326263,72.1035162724936));
#10612=CARTESIAN_POINT('Ctrl Pts',(48.3566016278314,80.8332602326263,70.1035162724936));
#10613=CARTESIAN_POINT('',(58.5136053475427,74.0404159939635,70.1035162724936));
#10614=CARTESIAN_POINT('',(58.5136053475427,74.0404159939635,72.1035162724936));
#10615=CARTESIAN_POINT('Ctrl Pts',(48.3566016278314,80.8332602326263,70.1035162724936));
#10616=CARTESIAN_POINT('Ctrl Pts',(47.3294987687158,76.9131230599273,70.1035162724936));
#10617=CARTESIAN_POINT('Ctrl Pts',(52.0705545834588,69.1265785744536,70.1035162724936));
#10618=CARTESIAN_POINT('Ctrl Pts',(58.5136053475427,74.0404159939635,70.1035162724936));
#10619=CARTESIAN_POINT('Ctrl Pts',(53.7612871388482,78.4178612995971,72.1035162724936));
#10620=CARTESIAN_POINT('Ctrl Pts',(53.7612871388482,78.4178612995971,70.1035162724936));
#10621=CARTESIAN_POINT('Ctrl Pts',(53.7612871388482,75.7759783711303,72.1035162724936));
#10622=CARTESIAN_POINT('Ctrl Pts',(53.7612871388482,75.7759783711303,70.1035162724936));
#10623=CARTESIAN_POINT('Ctrl Pts',(55.8717224190759,74.0404159939635,72.1035162724936));
#10624=CARTESIAN_POINT('Ctrl Pts',(55.8717224190759,74.0404159939635,70.1035162724936));
#10625=CARTESIAN_POINT('Ctrl Pts',(58.5136053475427,74.0404159939635,72.1035162724936));
#10626=CARTESIAN_POINT('Ctrl Pts',(58.5136053475427,74.0404159939635,70.1035162724936));
#10627=CARTESIAN_POINT('',(53.7612871388482,78.4178612995971,70.1035162724936));
#10628=CARTESIAN_POINT('',(53.7612871388482,78.4178612995971,72.1035162724936));
#10629=CARTESIAN_POINT('Ctrl Pts',(58.5136053475427,74.0404159939635,70.1035162724936));
#10630=CARTESIAN_POINT('Ctrl Pts',(55.8717224190759,74.0404159939635,70.1035162724936));
#10631=CARTESIAN_POINT('Ctrl Pts',(53.7612871388482,75.7759783711303,70.1035162724936));
#10632=CARTESIAN_POINT('Ctrl Pts',(53.7612871388482,78.4178612995971,70.1035162724936));
#10633=CARTESIAN_POINT('Ctrl Pts',(58.5448653580713,83.2014120495666,72.1035162724936));
#10634=CARTESIAN_POINT('Ctrl Pts',(58.5448653580713,83.2014120495666,70.1035162724936));
#10635=CARTESIAN_POINT('Ctrl Pts',(55.9029824296045,83.2014120495666,72.1035162724936));
#10636=CARTESIAN_POINT('Ctrl Pts',(55.9029824296045,83.2014120495666,70.1035162724936));
#10637=CARTESIAN_POINT('Ctrl Pts',(53.7612871388482,81.0597442280639,72.1035162724936));
#10638=CARTESIAN_POINT('Ctrl Pts',(53.7612871388482,81.0597442280639,70.1035162724936));
#10639=CARTESIAN_POINT('Ctrl Pts',(53.7612871388482,78.4178612995971,72.1035162724936));
#10640=CARTESIAN_POINT('Ctrl Pts',(53.7612871388482,78.4178612995971,70.1035162724936));
#10641=CARTESIAN_POINT('',(58.5448653580713,83.2014120495666,70.1035162724936));
#10642=CARTESIAN_POINT('',(58.5448653580713,83.2014120495666,72.1035162724936));
#10643=CARTESIAN_POINT('Ctrl Pts',(53.7612871388482,78.4178612995971,70.1035162724936));
#10644=CARTESIAN_POINT('Ctrl Pts',(53.7612871388482,81.0597442280639,70.1035162724936));
#10645=CARTESIAN_POINT('Ctrl Pts',(55.9029824296045,83.2014120495666,70.1035162724936));
#10646=CARTESIAN_POINT('Ctrl Pts',(58.5448653580713,83.2014120495666,70.1035162724936));
#10647=CARTESIAN_POINT('Ctrl Pts',(63.3284161080407,78.4178612995971,72.1035162724936));
#10648=CARTESIAN_POINT('Ctrl Pts',(63.3284161080407,78.4178612995971,70.1035162724936));
#10649=CARTESIAN_POINT('Ctrl Pts',(63.3284161080407,81.0597442280639,72.1035162724936));
#10650=CARTESIAN_POINT('Ctrl Pts',(63.3284161080407,81.0597442280639,70.1035162724936));
#10651=CARTESIAN_POINT('Ctrl Pts',(61.1867482865381,83.2014120495666,72.1035162724936));
#10652=CARTESIAN_POINT('Ctrl Pts',(61.1867482865381,83.2014120495666,70.1035162724936));
#10653=CARTESIAN_POINT('Ctrl Pts',(58.5448653580713,83.2014120495666,72.1035162724936));
#10654=CARTESIAN_POINT('Ctrl Pts',(58.5448653580713,83.2014120495666,70.1035162724936));
#10655=CARTESIAN_POINT('',(63.3284161080407,78.4178612995971,70.1035162724936));
#10656=CARTESIAN_POINT('',(63.3284161080407,78.4178612995971,72.1035162724936));
#10657=CARTESIAN_POINT('Ctrl Pts',(58.5448653580713,83.2014120495666,70.1035162724936));
#10658=CARTESIAN_POINT('Ctrl Pts',(61.1867482865381,83.2014120495666,70.1035162724936));
#10659=CARTESIAN_POINT('Ctrl Pts',(63.3284161080407,81.0597442280639,70.1035162724936));
#10660=CARTESIAN_POINT('Ctrl Pts',(63.3284161080407,78.4178612995971,70.1035162724936));
#10661=CARTESIAN_POINT('Ctrl Pts',(61.0639881924676,74.3505713356841,72.1035162724936));
#10662=CARTESIAN_POINT('Ctrl Pts',(61.0639881924676,74.3505713356841,70.1035162724936));
#10663=CARTESIAN_POINT('Ctrl Pts',(62.4232767346429,75.1942619889129,72.1035162724936));
#10664=CARTESIAN_POINT('Ctrl Pts',(62.4232767346429,75.1942619889129,70.1035162724936));
#10665=CARTESIAN_POINT('Ctrl Pts',(63.3284161080407,76.7003462220061,72.1035162724936));
#10666=CARTESIAN_POINT('Ctrl Pts',(63.3284161080407,76.7003462220061,70.1035162724936));
#10667=CARTESIAN_POINT('Ctrl Pts',(63.3284161080407,78.4178612995971,72.1035162724936));
#10668=CARTESIAN_POINT('Ctrl Pts',(63.3284161080407,78.4178612995971,70.1035162724936));
#10669=CARTESIAN_POINT('',(61.0639881924676,74.3505713356841,70.1035162724936));
#10670=CARTESIAN_POINT('',(61.0639881924676,74.3505713356841,72.1035162724936));
#10671=CARTESIAN_POINT('Ctrl Pts',(63.3284161080407,78.4178612995971,70.1035162724936));
#10672=CARTESIAN_POINT('Ctrl Pts',(63.3284161080407,76.7003462220061,70.1035162724936));
#10673=CARTESIAN_POINT('Ctrl Pts',(62.4232767346429,75.1942619889129,70.1035162724936));
#10674=CARTESIAN_POINT('Ctrl Pts',(61.0639881924676,74.3505713356841,70.1035162724936));
#10675=CARTESIAN_POINT('Ctrl Pts',(60.6968341496515,74.1445244648803,72.1035162724936));
#10676=CARTESIAN_POINT('Ctrl Pts',(60.6968341496515,74.1445244648803,70.1035162724936));
#10677=CARTESIAN_POINT('Ctrl Pts',(60.8225059845972,74.2079235020507,72.1035162724936));
#10678=CARTESIAN_POINT('Ctrl Pts',(60.8225059845972,74.2079235020507,70.1035162724936));
#10679=CARTESIAN_POINT('Ctrl Pts',(60.9449913861322,74.276706512915,72.1035162724936));
#10680=CARTESIAN_POINT('Ctrl Pts',(60.9449913861322,74.276706512915,70.1035162724936));
#10681=CARTESIAN_POINT('Ctrl Pts',(61.0639881924676,74.3505713356841,72.1035162724936));
#10682=CARTESIAN_POINT('Ctrl Pts',(61.0639881924676,74.3505713356841,70.1035162724936));
#10683=CARTESIAN_POINT('',(60.6968341496515,74.1445244648803,70.1035162724936));
#10684=CARTESIAN_POINT('',(60.6968341496515,74.1445244648803,72.1035162724936));
#10685=CARTESIAN_POINT('Ctrl Pts',(61.0639881924676,74.3505713356841,70.1035162724936));
#10686=CARTESIAN_POINT('Ctrl Pts',(60.9449913861322,74.276706512915,70.1035162724936));
#10687=CARTESIAN_POINT('Ctrl Pts',(60.8225059845972,74.2079235020507,70.1035162724936));
#10688=CARTESIAN_POINT('Ctrl Pts',(60.6968341496515,74.1445244648803,70.1035162724936));
#10689=CARTESIAN_POINT('Ctrl Pts',(55.572542879834,57.6162446540702,72.1035162724936));
#10690=CARTESIAN_POINT('Ctrl Pts',(55.572542879834,57.6162446540702,70.1035162724936));
#10691=CARTESIAN_POINT('Ctrl Pts',(51.6225137038077,60.9834745110796,72.1035162724936));
#10692=CARTESIAN_POINT('Ctrl Pts',(51.6225137038077,60.9834745110796,70.1035162724936));
#10693=CARTESIAN_POINT('Ctrl Pts',(49.6322409997873,67.7005493566161,72.1035162724936));
#10694=CARTESIAN_POINT('Ctrl Pts',(49.6322409997873,67.7005493566161,70.1035162724936));
#10695=CARTESIAN_POINT('Ctrl Pts',(60.6968341496515,74.1445244648803,72.1035162724936));
#10696=CARTESIAN_POINT('Ctrl Pts',(60.6968341496515,74.1445244648803,70.1035162724936));
#10697=CARTESIAN_POINT('',(55.5725428798342,57.6162446540701,70.1035162724936));
#10698=CARTESIAN_POINT('',(55.572542879834,57.6162446540702,72.1035162724936));
#10699=CARTESIAN_POINT('Ctrl Pts',(60.6968341496515,74.1445244648803,70.1035162724936));
#10700=CARTESIAN_POINT('Ctrl Pts',(49.6322409997873,67.7005493566161,70.1035162724936));
#10701=CARTESIAN_POINT('Ctrl Pts',(51.6225137038077,60.9834745110796,70.1035162724936));
#10702=CARTESIAN_POINT('Ctrl Pts',(55.572542879834,57.6162446540703,70.1035162724936));
#10703=CARTESIAN_POINT('Ctrl Pts',(76.5880582804727,58.0438884796966,72.1035162724936));
#10704=CARTESIAN_POINT('Ctrl Pts',(76.5880582804727,58.0438884796966,70.1035162724936));
#10705=CARTESIAN_POINT('Ctrl Pts',(76.5935569740075,57.6501264371207,72.1035162724936));
#10706=CARTESIAN_POINT('Ctrl Pts',(76.5935569740075,57.6501264371207,70.1035162724936));
#10707=CARTESIAN_POINT('Ctrl Pts',(76.5848613411654,57.2589972041973,72.1035162724936));
#10708=CARTESIAN_POINT('Ctrl Pts',(76.5848613411654,57.2589972041973,70.1035162724936));
#10709=CARTESIAN_POINT('Ctrl Pts',(76.5624423305852,56.8708426551736,72.1035162724936));
#10710=CARTESIAN_POINT('Ctrl Pts',(76.5624423305852,56.8708426551736,70.1035162724936));
#10711=CARTESIAN_POINT('',(76.5880582804727,58.0438884796966,70.1035162724936));
#10712=CARTESIAN_POINT('',(76.5880582804727,58.0438884796966,72.1035162724936));
#10713=CARTESIAN_POINT('',(76.5624423305852,56.8708426551736,70.1035162724936));
#10714=CARTESIAN_POINT('Ctrl Pts',(76.5624423305852,56.8708426551736,70.1035162724936));
#10715=CARTESIAN_POINT('Ctrl Pts',(76.5848613411654,57.2589972041973,70.1035162724936));
#10716=CARTESIAN_POINT('Ctrl Pts',(76.5935569740075,57.6501264371207,70.1035162724936));
#10717=CARTESIAN_POINT('Ctrl Pts',(76.5880582804727,58.0438884796966,70.1035162724936));
#10718=CARTESIAN_POINT('',(76.5624423305852,56.8708426551736,72.1035162724936));
#10719=CARTESIAN_POINT('Ctrl Pts',(89.6885161286401,60.4578864807952,72.1035162724936));
#10720=CARTESIAN_POINT('Ctrl Pts',(89.6885161286401,60.4578864807952,70.1035162724936));
#10721=CARTESIAN_POINT('Ctrl Pts',(84.8286832615899,58.6260993084777,72.1035162724936));
#10722=CARTESIAN_POINT('Ctrl Pts',(84.8286832615899,58.6260993084777,70.1035162724936));
#10723=CARTESIAN_POINT('Ctrl Pts',(80.2153594758081,58.2733666237701,72.1035162724936));
#10724=CARTESIAN_POINT('Ctrl Pts',(80.2153594758081,58.2733666237701,70.1035162724936));
#10725=CARTESIAN_POINT('Ctrl Pts',(76.5880582804727,58.0438884796966,72.1035162724936));
#10726=CARTESIAN_POINT('Ctrl Pts',(76.5880582804727,58.0438884796966,70.1035162724936));
#10727=CARTESIAN_POINT('',(89.6885161286401,60.4578864807952,70.1035162724936));
#10728=CARTESIAN_POINT('',(89.6885161286401,60.4578864807952,72.1035162724936));
#10729=CARTESIAN_POINT('Ctrl Pts',(76.5880582804727,58.0438884796966,70.1035162724936));
#10730=CARTESIAN_POINT('Ctrl Pts',(80.2153594758081,58.2733666237701,70.1035162724936));
#10731=CARTESIAN_POINT('Ctrl Pts',(84.8286832615899,58.6260993084777,70.1035162724936));
#10732=CARTESIAN_POINT('Ctrl Pts',(89.6885161286401,60.4578864807952,70.1035162724936));
#10733=CARTESIAN_POINT('Ctrl Pts',(92.0459686713266,73.5897554203857,72.1035162724936));
#10734=CARTESIAN_POINT('Ctrl Pts',(92.0459686713266,73.5897554203857,70.1035162724936));
#10735=CARTESIAN_POINT('Ctrl Pts',(91.7531738978433,69.8698141674865,72.1035162724936));
#10736=CARTESIAN_POINT('Ctrl Pts',(91.7531738978433,69.8698141674865,70.1035162724936));
#10737=CARTESIAN_POINT('Ctrl Pts',(91.5836199303674,65.903363833319,72.1035162724936));
#10738=CARTESIAN_POINT('Ctrl Pts',(91.5836199303674,65.903363833319,70.1035162724936));
#10739=CARTESIAN_POINT('Ctrl Pts',(89.6885161286401,60.4578864807952,72.1035162724936));
#10740=CARTESIAN_POINT('Ctrl Pts',(89.6885161286401,60.4578864807952,70.1035162724936));
#10741=CARTESIAN_POINT('',(92.0459686713266,73.5897554203857,70.1035162724936));
#10742=CARTESIAN_POINT('',(92.0459686713266,73.5897554203857,72.1035162724936));
#10743=CARTESIAN_POINT('Ctrl Pts',(89.6885161286401,60.4578864807952,70.1035162724936));
#10744=CARTESIAN_POINT('Ctrl Pts',(91.5836199303674,65.903363833319,70.1035162724936));
#10745=CARTESIAN_POINT('Ctrl Pts',(91.7531738978433,69.8698141674865,70.1035162724936));
#10746=CARTESIAN_POINT('Ctrl Pts',(92.0459686713266,73.5897554203857,70.1035162724936));
#10747=CARTESIAN_POINT('Ctrl Pts',(111.219384030633,102.971020087706,72.1035162724936));
#10748=CARTESIAN_POINT('Ctrl Pts',(111.219384030633,102.971020087706,70.1035162724936));
#10749=CARTESIAN_POINT('Ctrl Pts',(115.058308355241,85.8641990799773,72.1035162724936));
#10750=CARTESIAN_POINT('Ctrl Pts',(115.058308355241,85.8641990799773,70.1035162724936));
#10751=CARTESIAN_POINT('Ctrl Pts',(105.955588321023,74.4270732067932,72.1035162724936));
#10752=CARTESIAN_POINT('Ctrl Pts',(105.955588321023,74.4270732067932,70.1035162724936));
#10753=CARTESIAN_POINT('Ctrl Pts',(92.0459686713266,73.5897554203857,72.1035162724936));
#10754=CARTESIAN_POINT('Ctrl Pts',(92.0459686713266,73.5897554203857,70.1035162724936));
#10755=CARTESIAN_POINT('',(111.219384030633,102.971020087706,70.1035162724936));
#10756=CARTESIAN_POINT('',(111.219384030633,102.971020087706,72.1035162724936));
#10757=CARTESIAN_POINT('Ctrl Pts',(92.0459686713266,73.5897554203857,70.1035162724936));
#10758=CARTESIAN_POINT('Ctrl Pts',(105.955588321023,74.4270732067932,70.1035162724936));
#10759=CARTESIAN_POINT('Ctrl Pts',(115.058308355241,85.8641990799773,70.1035162724936));
#10760=CARTESIAN_POINT('Ctrl Pts',(111.219384030633,102.971020087706,70.1035162724936));
#10761=CARTESIAN_POINT('Ctrl Pts',(118.491346989541,103.268800530707,72.1035162724936));
#10762=CARTESIAN_POINT('Ctrl Pts',(118.491346989541,103.268800530707,70.1035162724936));
#10763=CARTESIAN_POINT('Ctrl Pts',(115.861948836808,102.964139039694,72.1035162724936));
#10764=CARTESIAN_POINT('Ctrl Pts',(115.861948836808,102.964139039694,70.1035162724936));
#10765=CARTESIAN_POINT('Ctrl Pts',(113.109282408814,102.90594542607,72.1035162724936));
#10766=CARTESIAN_POINT('Ctrl Pts',(113.109282408814,102.90594542607,70.1035162724936));
#10767=CARTESIAN_POINT('Ctrl Pts',(111.219384030633,102.971020087706,72.1035162724936));
#10768=CARTESIAN_POINT('Ctrl Pts',(111.219384030633,102.971020087706,70.1035162724936));
#10769=CARTESIAN_POINT('',(118.491346989541,103.268800530707,70.1035162724936));
#10770=CARTESIAN_POINT('',(118.491346989541,103.268800530707,72.1035162724936));
#10771=CARTESIAN_POINT('Ctrl Pts',(111.219384030633,102.971020087706,70.1035162724936));
#10772=CARTESIAN_POINT('Ctrl Pts',(113.109282408814,102.90594542607,70.1035162724936));
#10773=CARTESIAN_POINT('Ctrl Pts',(115.861948836808,102.964139039694,70.1035162724936));
#10774=CARTESIAN_POINT('Ctrl Pts',(118.491346989541,103.268800530707,70.1035162724936));
#10775=CARTESIAN_POINT('Ctrl Pts',(67.1113615600735,41.0612578591963,72.1035162724936));
#10776=CARTESIAN_POINT('Ctrl Pts',(67.1113615600735,41.0612578591963,70.1035162724936));
#10777=CARTESIAN_POINT('Ctrl Pts',(89.7253653853732,52.448745907817,72.1035162724936));
#10778=CARTESIAN_POINT('Ctrl Pts',(89.7253653853732,52.448745907817,70.1035162724936));
#10779=CARTESIAN_POINT('Ctrl Pts',(109.365271612582,72.5272869329233,72.1035162724936));
#10780=CARTESIAN_POINT('Ctrl Pts',(109.365271612582,72.5272869329233,70.1035162724936));
#10781=CARTESIAN_POINT('Ctrl Pts',(118.491346989541,103.268800530707,72.1035162724936));
#10782=CARTESIAN_POINT('Ctrl Pts',(118.491346989541,103.268800530707,70.1035162724936));
#10783=CARTESIAN_POINT('',(67.1113615600735,41.0612578591963,70.1035162724936));
#10784=CARTESIAN_POINT('',(67.1113615600735,41.0612578591963,72.1035162724936));
#10785=CARTESIAN_POINT('Ctrl Pts',(118.491346989541,103.268800530707,70.1035162724936));
#10786=CARTESIAN_POINT('Ctrl Pts',(109.365271612582,72.5272869329233,70.1035162724936));
#10787=CARTESIAN_POINT('Ctrl Pts',(89.7253653853732,52.448745907817,70.1035162724936));
#10788=CARTESIAN_POINT('Ctrl Pts',(67.1113615600735,41.0612578591963,70.1035162724936));
#10789=CARTESIAN_POINT('Ctrl Pts',(47.178692566781,33.3838880299438,72.1035162724936));
#10790=CARTESIAN_POINT('Ctrl Pts',(47.178692566781,33.3838880299438,70.1035162724936));
#10791=CARTESIAN_POINT('Ctrl Pts',(53.5504597888265,35.153859273785,72.1035162724936));
#10792=CARTESIAN_POINT('Ctrl Pts',(53.5504597888265,35.153859273785,70.1035162724936));
#10793=CARTESIAN_POINT('Ctrl Pts',(59.8629294505547,37.5114130306958,72.1035162724936));
#10794=CARTESIAN_POINT('Ctrl Pts',(59.8629294505547,37.5114130306958,70.1035162724936));
#10795=CARTESIAN_POINT('Ctrl Pts',(65.9695451653783,40.4948792257534,72.1035162724936));
#10796=CARTESIAN_POINT('Ctrl Pts',(65.9695451653783,40.4948792257534,70.1035162724936));
#10797=CARTESIAN_POINT('',(47.178692566781,33.3838880299438,70.1035162724936));
#10798=CARTESIAN_POINT('',(47.178692566781,33.3838880299438,72.1035162724936));
#10799=CARTESIAN_POINT('',(65.9695451653783,40.4948792257534,70.1035162724936));
#10800=CARTESIAN_POINT('Ctrl Pts',(65.9695451653783,40.4948792257534,70.1035162724936));
#10801=CARTESIAN_POINT('Ctrl Pts',(59.8629294505547,37.5114130306958,70.1035162724936));
#10802=CARTESIAN_POINT('Ctrl Pts',(53.5504597888265,35.153859273785,70.1035162724936));
#10803=CARTESIAN_POINT('Ctrl Pts',(47.178692566781,33.3838880299438,70.1035162724936));
#10804=CARTESIAN_POINT('',(65.9695451653783,40.4948792257534,72.1035162724936));
#10805=CARTESIAN_POINT('Ctrl Pts',(47.9182198105859,39.8650386486877,72.1035162724936));
#10806=CARTESIAN_POINT('Ctrl Pts',(47.9182198105859,39.8650386486877,70.1035162724936));
#10807=CARTESIAN_POINT('Ctrl Pts',(46.9732774888086,38.1154944214691,72.1035162724936));
#10808=CARTESIAN_POINT('Ctrl Pts',(46.9732774888086,38.1154944214691,70.1035162724936));
#10809=CARTESIAN_POINT('Ctrl Pts',(46.6445804009485,35.2566867977966,72.1035162724936));
#10810=CARTESIAN_POINT('Ctrl Pts',(46.6445804009485,35.2566867977966,70.1035162724936));
#10811=CARTESIAN_POINT('Ctrl Pts',(47.178692566781,33.3838880299438,72.1035162724936));
#10812=CARTESIAN_POINT('Ctrl Pts',(47.178692566781,33.3838880299438,70.1035162724936));
#10813=CARTESIAN_POINT('',(47.9182198105859,39.8650386486877,70.1035162724936));
#10814=CARTESIAN_POINT('',(47.9182198105859,39.8650386486877,72.1035162724936));
#10815=CARTESIAN_POINT('Ctrl Pts',(47.178692566781,33.3838880299438,70.1035162724936));
#10816=CARTESIAN_POINT('Ctrl Pts',(46.6445804009485,35.2566867977966,70.1035162724936));
#10817=CARTESIAN_POINT('Ctrl Pts',(46.9732774888086,38.1154944214691,70.1035162724936));
#10818=CARTESIAN_POINT('Ctrl Pts',(47.9182198105859,39.8650386486877,70.1035162724936));
#10819=CARTESIAN_POINT('Ctrl Pts',(64.9346209948198,40.8786702702834,72.1035162724936));
#10820=CARTESIAN_POINT('Ctrl Pts',(64.9346209948198,40.8786702702834,70.1035162724936));
#10821=CARTESIAN_POINT('Ctrl Pts',(59.8734220346189,38.4578604497679,72.1035162724936));
#10822=CARTESIAN_POINT('Ctrl Pts',(59.8734220346189,38.4578604497679,70.1035162724936));
#10823=CARTESIAN_POINT('Ctrl Pts',(53.7728686403075,37.808981917227,72.1035162724936));
#10824=CARTESIAN_POINT('Ctrl Pts',(53.7728686403075,37.808981917227,70.1035162724936));
#10825=CARTESIAN_POINT('Ctrl Pts',(47.9182198105859,39.8650386486877,72.1035162724936));
#10826=CARTESIAN_POINT('Ctrl Pts',(47.9182198105859,39.8650386486877,70.1035162724936));
#10827=CARTESIAN_POINT('',(64.9346209949687,40.8786702703546,70.1035162724936));
#10828=CARTESIAN_POINT('',(64.9346209948198,40.8786702702834,72.1035162724936));
#10829=CARTESIAN_POINT('Ctrl Pts',(47.9182198105859,39.8650386486877,70.1035162724936));
#10830=CARTESIAN_POINT('Ctrl Pts',(53.7728686403075,37.808981917227,70.1035162724936));
#10831=CARTESIAN_POINT('Ctrl Pts',(59.8734220346189,38.4578604497679,70.1035162724936));
#10832=CARTESIAN_POINT('Ctrl Pts',(64.9346209948198,40.8786702702834,70.1035162724936));
#10833=CARTESIAN_POINT('Ctrl Pts',(73.7395920798609,48.4670853959837,72.1035162724936));
#10834=CARTESIAN_POINT('Ctrl Pts',(73.7395920798609,48.4670853959837,70.1035162724936));
#10835=CARTESIAN_POINT('Ctrl Pts',(72.1470402361439,46.0167480784309,72.1035162724936));
#10836=CARTESIAN_POINT('Ctrl Pts',(72.1470402361439,46.0167480784309,70.1035162724936));
#10837=CARTESIAN_POINT('Ctrl Pts',(69.9683237938503,43.8964003129748,72.1035162724936));
#10838=CARTESIAN_POINT('Ctrl Pts',(69.9683237938503,43.8964003129748,70.1035162724936));
#10839=CARTESIAN_POINT('Ctrl Pts',(67.413619274459,42.258614873201,72.1035162724936));
#10840=CARTESIAN_POINT('Ctrl Pts',(67.413619274459,42.258614873201,70.1035162724936));
#10841=CARTESIAN_POINT('',(73.7395920798812,48.467085396015,70.1035162724936));
#10842=CARTESIAN_POINT('',(73.7395920798609,48.4670853959837,72.1035162724936));
#10843=CARTESIAN_POINT('',(67.413619274459,42.258614873201,70.1035162724936));
#10844=CARTESIAN_POINT('Ctrl Pts',(67.4136192744589,42.258614873201,70.1035162724936));
#10845=CARTESIAN_POINT('Ctrl Pts',(69.9683237938503,43.8964003129748,70.1035162724936));
#10846=CARTESIAN_POINT('Ctrl Pts',(72.1470402361439,46.0167480784309,70.1035162724936));
#10847=CARTESIAN_POINT('Ctrl Pts',(73.7395920798609,48.4670853959837,70.1035162724936));
#10848=CARTESIAN_POINT('',(67.413619274459,42.258614873201,72.1035162724936));
#10849=CARTESIAN_POINT('Ctrl Pts',(39.1232515584039,62.8887231343139,72.1035162724936));
#10850=CARTESIAN_POINT('Ctrl Pts',(39.1232515584039,62.8887231343139,70.1035162724936));
#10851=CARTESIAN_POINT('Ctrl Pts',(41.3524548891493,54.6227770202293,72.1035162724936));
#10852=CARTESIAN_POINT('Ctrl Pts',(41.3524548891493,54.6227770202293,70.1035162724936));
#10853=CARTESIAN_POINT('Ctrl Pts',(49.8213052948373,49.3576558966757,72.1035162724936));
#10854=CARTESIAN_POINT('Ctrl Pts',(49.8213052948373,49.3576558966757,70.1035162724936));
#10855=CARTESIAN_POINT('Ctrl Pts',(55.5725428798341,51.0537821463767,72.1035162724936));
#10856=CARTESIAN_POINT('Ctrl Pts',(55.5725428798341,51.0537821463767,70.1035162724936));
#10857=CARTESIAN_POINT('',(39.1232515584039,62.8887231343139,70.1035162724936));
#10858=CARTESIAN_POINT('',(39.1232515584039,62.8887231343139,72.1035162724936));
#10859=CARTESIAN_POINT('',(55.5725428798342,51.0537821463767,70.1035162724936));
#10860=CARTESIAN_POINT('Ctrl Pts',(55.5725428798341,51.0537821463767,70.1035162724936));
#10861=CARTESIAN_POINT('Ctrl Pts',(49.8213052948373,49.3576558966757,70.1035162724936));
#10862=CARTESIAN_POINT('Ctrl Pts',(41.3524548891493,54.6227770202293,70.1035162724936));
#10863=CARTESIAN_POINT('Ctrl Pts',(39.1232515584039,62.8887231343139,70.1035162724936));
#10864=CARTESIAN_POINT('',(55.5725428798341,51.0537821463767,72.1035162724936));
#10865=CARTESIAN_POINT('Ctrl Pts',(37.5638413540197,101.701224438626,72.1035162724936));
#10866=CARTESIAN_POINT('Ctrl Pts',(37.5638413540197,101.701224438626,70.1035162724936));
#10867=CARTESIAN_POINT('Ctrl Pts',(37.6468745118427,90.2978551177572,72.1035162724936));
#10868=CARTESIAN_POINT('Ctrl Pts',(37.6468745118427,90.2978551177572,70.1035162724936));
#10869=CARTESIAN_POINT('Ctrl Pts',(36.5072281130622,72.5890575065579,72.1035162724936));
#10870=CARTESIAN_POINT('Ctrl Pts',(36.5072281130622,72.5890575065579,70.1035162724936));
#10871=CARTESIAN_POINT('Ctrl Pts',(39.1232515584039,62.8887231343139,72.1035162724936));
#10872=CARTESIAN_POINT('Ctrl Pts',(39.1232515584039,62.8887231343139,70.1035162724936));
#10873=CARTESIAN_POINT('',(37.5638413540197,101.701224438626,70.1035162724936));
#10874=CARTESIAN_POINT('',(37.5638413540197,101.701224438626,72.1035162724936));
#10875=CARTESIAN_POINT('Ctrl Pts',(39.1232515584039,62.8887231343139,70.1035162724936));
#10876=CARTESIAN_POINT('Ctrl Pts',(36.5072281130622,72.5890575065579,70.1035162724936));
#10877=CARTESIAN_POINT('Ctrl Pts',(37.6468745118427,90.2978551177572,70.1035162724936));
#10878=CARTESIAN_POINT('Ctrl Pts',(37.5638413540197,101.701224438626,70.1035162724936));
#10879=CARTESIAN_POINT('Ctrl Pts',(4.40576849451535,62.8887231343139,72.1035162724936));
#10880=CARTESIAN_POINT('Ctrl Pts',(4.40576849451535,62.8887231343139,70.1035162724936));
#10881=CARTESIAN_POINT('Ctrl Pts',(6.81073451797114,71.806446950187,72.1035162724936));
#10882=CARTESIAN_POINT('Ctrl Pts',(6.81073451797114,71.806446950187,70.1035162724936));
#10883=CARTESIAN_POINT('Ctrl Pts',(6.04159010092779,87.4925364196342,72.1035162724936));
#10884=CARTESIAN_POINT('Ctrl Pts',(6.04159010092779,87.4925364196342,70.1035162724936));
#10885=CARTESIAN_POINT('Ctrl Pts',(5.96634279888788,98.8255864086871,72.1035162724936));
#10886=CARTESIAN_POINT('Ctrl Pts',(5.96634279888788,98.8255864086871,70.1035162724936));
#10887=CARTESIAN_POINT('',(4.40576849451535,62.8887231343139,70.1035162724936));
#10888=CARTESIAN_POINT('',(4.40576849451535,62.8887231343139,72.1035162724936));
#10889=CARTESIAN_POINT('',(5.96634279888788,98.8255864086871,70.1035162724936));
#10890=CARTESIAN_POINT('Ctrl Pts',(5.96634279888788,98.825586408687,70.1035162724936));
#10891=CARTESIAN_POINT('Ctrl Pts',(6.04159010092779,87.4925364196342,70.1035162724936));
#10892=CARTESIAN_POINT('Ctrl Pts',(6.81073451797114,71.806446950187,70.1035162724936));
#10893=CARTESIAN_POINT('Ctrl Pts',(4.40576849451535,62.8887231343139,70.1035162724936));
#10894=CARTESIAN_POINT('',(5.96634279888788,98.8255864086871,72.1035162724936));
#10895=CARTESIAN_POINT('Ctrl Pts',(-16.6507328680945,55.4399955288757,72.1035162724936));
#10896=CARTESIAN_POINT('Ctrl Pts',(-16.6507328680945,55.4399955288757,70.1035162724936));
#10897=CARTESIAN_POINT('Ctrl Pts',(-12.860580203147,46.0890221157897,72.1035162724936));
#10898=CARTESIAN_POINT('Ctrl Pts',(-12.860580203147,46.0890221157897,70.1035162724936));
#10899=CARTESIAN_POINT('Ctrl Pts',(1.40936737986081,51.7779869316924,72.1035162724936));
#10900=CARTESIAN_POINT('Ctrl Pts',(1.40936737986081,51.7779869316924,70.1035162724936));
#10901=CARTESIAN_POINT('Ctrl Pts',(4.40576849451535,62.8887231343139,72.1035162724936));
#10902=CARTESIAN_POINT('Ctrl Pts',(4.40576849451535,62.8887231343139,70.1035162724936));
#10903=CARTESIAN_POINT('',(-16.6507328680945,55.4399955288757,70.1035162724936));
#10904=CARTESIAN_POINT('',(-16.6507328680945,55.4399955288757,72.1035162724936));
#10905=CARTESIAN_POINT('Ctrl Pts',(4.40576849451535,62.8887231343139,70.1035162724936));
#10906=CARTESIAN_POINT('Ctrl Pts',(1.40936737986082,51.7779869316924,70.1035162724936));
#10907=CARTESIAN_POINT('Ctrl Pts',(-12.860580203147,46.0890221157897,70.1035162724936));
#10908=CARTESIAN_POINT('Ctrl Pts',(-16.6507328680945,55.4399955288757,70.1035162724936));
#10909=CARTESIAN_POINT('Ctrl Pts',(-17.1678140967322,74.1445244648803,72.1035162724936));
#10910=CARTESIAN_POINT('Ctrl Pts',(-17.1678140967322,74.1445244648803,70.1035162724936));
#10911=CARTESIAN_POINT('Ctrl Pts',(-2.02849210843567,65.3274434635986,72.1035162724936));
#10912=CARTESIAN_POINT('Ctrl Pts',(-2.02849210843567,65.3274434635986,70.1035162724936));
#10913=CARTESIAN_POINT('Ctrl Pts',(-11.3299109881354,55.999077246176,72.1035162724936));
#10914=CARTESIAN_POINT('Ctrl Pts',(-11.3299109881354,55.999077246176,70.1035162724936));
#10915=CARTESIAN_POINT('Ctrl Pts',(-16.6507328680945,55.4399955288757,72.1035162724936));
#10916=CARTESIAN_POINT('Ctrl Pts',(-16.6507328680945,55.4399955288757,70.1035162724936));
#10917=CARTESIAN_POINT('',(-17.1678140967322,74.1445244648803,70.1035162724936));
#10918=CARTESIAN_POINT('',(-17.1678140967322,74.1445244648803,72.1035162724936));
#10919=CARTESIAN_POINT('Ctrl Pts',(-16.6507328680945,55.4399955288757,70.1035162724936));
#10920=CARTESIAN_POINT('Ctrl Pts',(-11.3299109881354,55.999077246176,70.1035162724936));
#10921=CARTESIAN_POINT('Ctrl Pts',(-2.02849210843567,65.3274434635986,70.1035162724936));
#10922=CARTESIAN_POINT('Ctrl Pts',(-17.1678140967322,74.1445244648803,70.1035162724936));
#10923=CARTESIAN_POINT('Ctrl Pts',(-17.5349681395484,74.3505713356841,72.1035162724936));
#10924=CARTESIAN_POINT('Ctrl Pts',(-17.5349681395484,74.3505713356841,70.1035162724936));
#10925=CARTESIAN_POINT('Ctrl Pts',(-17.4159713332129,74.276706512915,72.1035162724936));
#10926=CARTESIAN_POINT('Ctrl Pts',(-17.4159713332129,74.276706512915,70.1035162724936));
#10927=CARTESIAN_POINT('Ctrl Pts',(-17.2934859316779,74.2079235020507,72.1035162724936));
#10928=CARTESIAN_POINT('Ctrl Pts',(-17.2934859316779,74.2079235020507,70.1035162724936));
#10929=CARTESIAN_POINT('Ctrl Pts',(-17.1678140967322,74.1445244648803,72.1035162724936));
#10930=CARTESIAN_POINT('Ctrl Pts',(-17.1678140967322,74.1445244648803,70.1035162724936));
#10931=CARTESIAN_POINT('',(-17.5349681395484,74.3505713356841,70.1035162724936));
#10932=CARTESIAN_POINT('',(-17.5349681395484,74.3505713356841,72.1035162724936));
#10933=CARTESIAN_POINT('Ctrl Pts',(-17.1678140967322,74.1445244648803,70.1035162724936));
#10934=CARTESIAN_POINT('Ctrl Pts',(-17.2934859316779,74.2079235020507,70.1035162724936));
#10935=CARTESIAN_POINT('Ctrl Pts',(-17.4159713332129,74.276706512915,70.1035162724936));
#10936=CARTESIAN_POINT('Ctrl Pts',(-17.5349681395484,74.3505713356841,70.1035162724936));
#10937=CARTESIAN_POINT('Ctrl Pts',(-19.7993960551215,78.4178612995971,72.1035162724936));
#10938=CARTESIAN_POINT('Ctrl Pts',(-19.7993960551215,78.4178612995971,70.1035162724936));
#10939=CARTESIAN_POINT('Ctrl Pts',(-19.7993960551215,76.7003462220061,72.1035162724936));
#10940=CARTESIAN_POINT('Ctrl Pts',(-19.7993960551215,76.7003462220061,70.1035162724936));
#10941=CARTESIAN_POINT('Ctrl Pts',(-18.8942566817236,75.1942619889129,72.1035162724936));
#10942=CARTESIAN_POINT('Ctrl Pts',(-18.8942566817236,75.1942619889129,70.1035162724936));
#10943=CARTESIAN_POINT('Ctrl Pts',(-17.5349681395484,74.3505713356841,72.1035162724936));
#10944=CARTESIAN_POINT('Ctrl Pts',(-17.5349681395484,74.3505713356841,70.1035162724936));
#10945=CARTESIAN_POINT('',(-19.7993960551215,78.4178612995971,70.1035162724936));
#10946=CARTESIAN_POINT('',(-19.7993960551215,78.4178612995971,72.1035162724936));
#10947=CARTESIAN_POINT('Ctrl Pts',(-17.5349681395484,74.3505713356841,70.1035162724936));
#10948=CARTESIAN_POINT('Ctrl Pts',(-18.8942566817236,75.1942619889129,70.1035162724936));
#10949=CARTESIAN_POINT('Ctrl Pts',(-19.7993960551215,76.7003462220061,70.1035162724936));
#10950=CARTESIAN_POINT('Ctrl Pts',(-19.7993960551215,78.4178612995971,70.1035162724936));
#10951=CARTESIAN_POINT('Ctrl Pts',(-15.015845305152,83.2014120495666,72.1035162724936));
#10952=CARTESIAN_POINT('Ctrl Pts',(-15.015845305152,83.2014120495666,70.1035162724936));
#10953=CARTESIAN_POINT('Ctrl Pts',(-17.6577282336188,83.2014120495666,72.1035162724936));
#10954=CARTESIAN_POINT('Ctrl Pts',(-17.6577282336188,83.2014120495666,70.1035162724936));
#10955=CARTESIAN_POINT('Ctrl Pts',(-19.7993960551215,81.0597442280639,72.1035162724936));
#10956=CARTESIAN_POINT('Ctrl Pts',(-19.7993960551215,81.0597442280639,70.1035162724936));
#10957=CARTESIAN_POINT('Ctrl Pts',(-19.7993960551215,78.4178612995971,72.1035162724936));
#10958=CARTESIAN_POINT('Ctrl Pts',(-19.7993960551215,78.4178612995971,70.1035162724936));
#10959=CARTESIAN_POINT('',(-15.015845305152,83.2014120495666,70.1035162724936));
#10960=CARTESIAN_POINT('',(-15.015845305152,83.2014120495666,72.1035162724936));
#10961=CARTESIAN_POINT('Ctrl Pts',(-19.7993960551215,78.4178612995971,70.1035162724936));
#10962=CARTESIAN_POINT('Ctrl Pts',(-19.7993960551215,81.0597442280639,70.1035162724936));
#10963=CARTESIAN_POINT('Ctrl Pts',(-17.6577282336188,83.2014120495666,70.1035162724936));
#10964=CARTESIAN_POINT('Ctrl Pts',(-15.015845305152,83.2014120495666,70.1035162724936));
#10965=CARTESIAN_POINT('Ctrl Pts',(-10.232267085929,78.4178612995971,72.1035162724936));
#10966=CARTESIAN_POINT('Ctrl Pts',(-10.232267085929,78.4178612995971,70.1035162724936));
#10967=CARTESIAN_POINT('Ctrl Pts',(-10.232267085929,81.0597442280639,72.1035162724936));
#10968=CARTESIAN_POINT('Ctrl Pts',(-10.232267085929,81.0597442280639,70.1035162724936));
#10969=CARTESIAN_POINT('Ctrl Pts',(-12.3739623766852,83.2014120495666,72.1035162724936));
#10970=CARTESIAN_POINT('Ctrl Pts',(-12.3739623766852,83.2014120495666,70.1035162724936));
#10971=CARTESIAN_POINT('Ctrl Pts',(-15.015845305152,83.2014120495666,72.1035162724936));
#10972=CARTESIAN_POINT('Ctrl Pts',(-15.015845305152,83.2014120495666,70.1035162724936));
#10973=CARTESIAN_POINT('',(-10.232267085929,78.4178612995971,70.1035162724936));
#10974=CARTESIAN_POINT('',(-10.232267085929,78.4178612995971,72.1035162724936));
#10975=CARTESIAN_POINT('Ctrl Pts',(-15.015845305152,83.2014120495666,70.1035162724936));
#10976=CARTESIAN_POINT('Ctrl Pts',(-12.3739623766852,83.2014120495666,70.1035162724936));
#10977=CARTESIAN_POINT('Ctrl Pts',(-10.232267085929,81.0597442280639,70.1035162724936));
#10978=CARTESIAN_POINT('Ctrl Pts',(-10.232267085929,78.4178612995971,70.1035162724936));
#10979=CARTESIAN_POINT('Ctrl Pts',(-14.9845852946234,74.0404159939635,72.1035162724936));
#10980=CARTESIAN_POINT('Ctrl Pts',(-14.9845852946234,74.0404159939635,70.1035162724936));
#10981=CARTESIAN_POINT('Ctrl Pts',(-12.3427023661566,74.0404159939635,72.1035162724936));
#10982=CARTESIAN_POINT('Ctrl Pts',(-12.3427023661566,74.0404159939635,70.1035162724936));
#10983=CARTESIAN_POINT('Ctrl Pts',(-10.232267085929,75.7759783711303,72.1035162724936));
#10984=CARTESIAN_POINT('Ctrl Pts',(-10.232267085929,75.7759783711303,70.1035162724936));
#10985=CARTESIAN_POINT('Ctrl Pts',(-10.232267085929,78.4178612995971,72.1035162724936));
#10986=CARTESIAN_POINT('Ctrl Pts',(-10.232267085929,78.4178612995971,70.1035162724936));
#10987=CARTESIAN_POINT('',(-14.9845852946234,74.0404159939635,70.1035162724936));
#10988=CARTESIAN_POINT('',(-14.9845852946234,74.0404159939635,72.1035162724936));
#10989=CARTESIAN_POINT('Ctrl Pts',(-10.232267085929,78.4178612995971,70.1035162724936));
#10990=CARTESIAN_POINT('Ctrl Pts',(-10.232267085929,75.7759783711303,70.1035162724936));
#10991=CARTESIAN_POINT('Ctrl Pts',(-12.3427023661566,74.0404159939635,70.1035162724936));
#10992=CARTESIAN_POINT('Ctrl Pts',(-14.9845852946234,74.0404159939635,70.1035162724936));
#10993=CARTESIAN_POINT('Ctrl Pts',(-4.82758157491211,80.8332602326263,72.1035162724936));
#10994=CARTESIAN_POINT('Ctrl Pts',(-4.82758157491211,80.8332602326263,70.1035162724936));
#10995=CARTESIAN_POINT('Ctrl Pts',(-3.80047871579652,76.9131230599273,72.1035162724936));
#10996=CARTESIAN_POINT('Ctrl Pts',(-3.80047871579652,76.9131230599273,70.1035162724936));
#10997=CARTESIAN_POINT('Ctrl Pts',(-8.54153453053957,69.1265785744536,72.1035162724936));
#10998=CARTESIAN_POINT('Ctrl Pts',(-8.54153453053957,69.1265785744536,70.1035162724936));
#10999=CARTESIAN_POINT('Ctrl Pts',(-14.9845852946234,74.0404159939635,72.1035162724936));
#11000=CARTESIAN_POINT('Ctrl Pts',(-14.9845852946234,74.0404159939635,70.1035162724936));
#11001=CARTESIAN_POINT('',(-4.82758157491212,80.8332602326263,70.1035162724936));
#11002=CARTESIAN_POINT('',(-4.82758157491211,80.8332602326263,72.1035162724936));
#11003=CARTESIAN_POINT('Ctrl Pts',(-14.9845852946234,74.0404159939635,70.1035162724936));
#11004=CARTESIAN_POINT('Ctrl Pts',(-8.54153453053957,69.1265785744536,70.1035162724936));
#11005=CARTESIAN_POINT('Ctrl Pts',(-3.80047871579652,76.9131230599273,70.1035162724936));
#11006=CARTESIAN_POINT('Ctrl Pts',(-4.82758157491211,80.8332602326263,70.1035162724936));
#11007=CARTESIAN_POINT('Ctrl Pts',(1.90007812510008,82.3123147202361,72.1035162724936));
#11008=CARTESIAN_POINT('Ctrl Pts',(1.90007812510008,82.3123147202361,70.1035162724936));
#11009=CARTESIAN_POINT('Ctrl Pts',(-0.383550798697523,81.0386753105987,
72.1035162724936));
#11010=CARTESIAN_POINT('Ctrl Pts',(-0.383550798697523,81.0386753105987,
70.1035162724936));
#11011=CARTESIAN_POINT('Ctrl Pts',(-1.92767994794373,80.8743542359221,72.1035162724936));
#11012=CARTESIAN_POINT('Ctrl Pts',(-1.92767994794373,80.8743542359221,70.1035162724936));
#11013=CARTESIAN_POINT('Ctrl Pts',(-4.82758157491211,80.8332602326263,72.1035162724936));
#11014=CARTESIAN_POINT('Ctrl Pts',(-4.82758157491211,80.8332602326263,70.1035162724936));
#11015=CARTESIAN_POINT('',(1.90007812510007,82.3123147202361,70.1035162724936));
#11016=CARTESIAN_POINT('',(1.90007812510008,82.3123147202361,72.1035162724936));
#11017=CARTESIAN_POINT('Ctrl Pts',(-4.82758157491211,80.8332602326263,70.1035162724936));
#11018=CARTESIAN_POINT('Ctrl Pts',(-1.92767994794373,80.8743542359221,70.1035162724936));
#11019=CARTESIAN_POINT('Ctrl Pts',(-0.383550798697523,81.0386753105987,
70.1035162724936));
#11020=CARTESIAN_POINT('Ctrl Pts',(1.90007812510008,82.3123147202361,70.1035162724936));
#11021=CARTESIAN_POINT('Ctrl Pts',(-2.70717495564941,92.3649352764953,72.1035162724936));
#11022=CARTESIAN_POINT('Ctrl Pts',(-2.70717495564941,92.3649352764953,70.1035162724936));
#11023=CARTESIAN_POINT('Ctrl Pts',(0.102215480904531,88.8086558361877,72.1035162724936));
#11024=CARTESIAN_POINT('Ctrl Pts',(0.102215480904531,88.8086558361877,70.1035162724936));
#11025=CARTESIAN_POINT('Ctrl Pts',(0.56974217615601,86.3616397923339,72.1035162724936));
#11026=CARTESIAN_POINT('Ctrl Pts',(0.56974217615601,86.3616397923339,70.1035162724936));
#11027=CARTESIAN_POINT('Ctrl Pts',(1.90007812510008,82.3123147202361,72.1035162724936));
#11028=CARTESIAN_POINT('Ctrl Pts',(1.90007812510008,82.3123147202361,70.1035162724936));
#11029=CARTESIAN_POINT('',(-2.70717495564941,92.3649352764953,70.1035162724936));
#11030=CARTESIAN_POINT('',(-2.70717495564941,92.3649352764953,72.1035162724936));
#11031=CARTESIAN_POINT('Ctrl Pts',(1.90007812510008,82.3123147202361,70.1035162724936));
#11032=CARTESIAN_POINT('Ctrl Pts',(0.56974217615601,86.3616397923339,70.1035162724936));
#11033=CARTESIAN_POINT('Ctrl Pts',(0.102215480904531,88.8086558361877,70.1035162724936));
#11034=CARTESIAN_POINT('Ctrl Pts',(-2.70717495564941,92.3649352764953,70.1035162724936));
#11035=CARTESIAN_POINT('Ctrl Pts',(2.58609526300902,98.3135120076049,72.1035162724936));
#11036=CARTESIAN_POINT('Ctrl Pts',(2.58609526300902,98.3135120076049,70.1035162724936));
#11037=CARTESIAN_POINT('Ctrl Pts',(2.84235592928404,95.335048315512,72.1035162724936));
#11038=CARTESIAN_POINT('Ctrl Pts',(2.84235592928404,95.335048315512,70.1035162724936));
#11039=CARTESIAN_POINT('Ctrl Pts',(0.866465052895511,92.5068689095367,72.1035162724936));
#11040=CARTESIAN_POINT('Ctrl Pts',(0.866465052895511,92.5068689095367,70.1035162724936));
#11041=CARTESIAN_POINT('Ctrl Pts',(-2.70717495564941,92.3649352764953,72.1035162724936));
#11042=CARTESIAN_POINT('Ctrl Pts',(-2.70717495564941,92.3649352764953,70.1035162724936));
#11043=CARTESIAN_POINT('',(2.58609526300901,98.3135120076049,70.1035162724936));
#11044=CARTESIAN_POINT('',(2.58609526300902,98.3135120076049,72.1035162724936));
#11045=CARTESIAN_POINT('Ctrl Pts',(-2.70717495564941,92.3649352764953,70.1035162724936));
#11046=CARTESIAN_POINT('Ctrl Pts',(0.866465052895511,92.5068689095367,70.1035162724936));
#11047=CARTESIAN_POINT('Ctrl Pts',(2.84235592928404,95.335048315512,70.1035162724936));
#11048=CARTESIAN_POINT('Ctrl Pts',(2.58609526300902,98.3135120076049,70.1035162724936));
#11049=CARTESIAN_POINT('Ctrl Pts',(2.16242996341738,100.292397849033,72.1035162724936));
#11050=CARTESIAN_POINT('Ctrl Pts',(2.16242996341738,100.292397849033,70.1035162724936));
#11051=CARTESIAN_POINT('Ctrl Pts',(2.37323374746116,99.6318106128284,72.1035162724936));
#11052=CARTESIAN_POINT('Ctrl Pts',(2.37323374746116,99.6318106128284,70.1035162724936));
#11053=CARTESIAN_POINT('Ctrl Pts',(2.52978370676151,98.9680046810143,72.1035162724936));
#11054=CARTESIAN_POINT('Ctrl Pts',(2.52978370676151,98.9680046810143,70.1035162724936));
#11055=CARTESIAN_POINT('Ctrl Pts',(2.58609526300902,98.3135120076049,72.1035162724936));
#11056=CARTESIAN_POINT('Ctrl Pts',(2.58609526300902,98.3135120076049,70.1035162724936));
#11057=CARTESIAN_POINT('',(2.16242996341723,100.292397849034,70.1035162724936));
#11058=CARTESIAN_POINT('',(2.16242996341738,100.292397849033,72.1035162724936));
#11059=CARTESIAN_POINT('Ctrl Pts',(2.58609526300902,98.3135120076049,70.1035162724936));
#11060=CARTESIAN_POINT('Ctrl Pts',(2.52978370676151,98.9680046810143,70.1035162724936));
#11061=CARTESIAN_POINT('Ctrl Pts',(2.37323374746116,99.6318106128284,70.1035162724936));
#11062=CARTESIAN_POINT('Ctrl Pts',(2.16242996341738,100.292397849033,70.1035162724936));
#11063=CARTESIAN_POINT('Ctrl Pts',(-14.7453830347968,104.403157090269,72.1035162724936));
#11064=CARTESIAN_POINT('Ctrl Pts',(-14.7453830347968,104.403157090269,70.1035162724936));
#11065=CARTESIAN_POINT('Ctrl Pts',(-14.6375036086056,107.119371882174,72.1035162724936));
#11066=CARTESIAN_POINT('Ctrl Pts',(-14.6375036086056,107.119371882174,70.1035162724936));
#11067=CARTESIAN_POINT('Ctrl Pts',(-12.9777489469296,108.912550034991,72.1035162724936));
#11068=CARTESIAN_POINT('Ctrl Pts',(-12.9777489469296,108.912550034991,70.1035162724936));
#11069=CARTESIAN_POINT('Ctrl Pts',(-10.8796869185539,109.504139764641,72.1035162724936));
#11070=CARTESIAN_POINT('Ctrl Pts',(-10.8796869185539,109.504139764641,70.1035162724936));
#11071=CARTESIAN_POINT('',(-14.7453830347968,104.403157090269,70.1035162724936));
#11072=CARTESIAN_POINT('',(-14.7453830347968,104.403157090269,72.1035162724936));
#11073=CARTESIAN_POINT('',(-10.8796869185395,109.504139764645,70.1035162724936));
#11074=CARTESIAN_POINT('Ctrl Pts',(-10.8796869185539,109.504139764641,70.1035162724936));
#11075=CARTESIAN_POINT('Ctrl Pts',(-12.9777489469296,108.912550034991,70.1035162724936));
#11076=CARTESIAN_POINT('Ctrl Pts',(-14.6375036086056,107.119371882174,70.1035162724936));
#11077=CARTESIAN_POINT('Ctrl Pts',(-14.7453830347968,104.403157090269,70.1035162724936));
#11078=CARTESIAN_POINT('',(-10.8796869185539,109.504139764641,72.1035162724936));
#11079=CARTESIAN_POINT('Ctrl Pts',(-24.7980035910559,109.010410171019,72.1035162724936));
#11080=CARTESIAN_POINT('Ctrl Pts',(-24.7980035910559,109.010410171019,70.1035162724936));
#11081=CARTESIAN_POINT('Ctrl Pts',(-20.7487059882117,107.680074222075,72.1035162724936));
#11082=CARTESIAN_POINT('Ctrl Pts',(-20.7487059882117,107.680074222075,70.1035162724936));
#11083=CARTESIAN_POINT('Ctrl Pts',(-18.3016899443579,107.212533792197,72.1035162724936));
#11084=CARTESIAN_POINT('Ctrl Pts',(-18.3016899443579,107.212533792197,70.1035162724936));
#11085=CARTESIAN_POINT('Ctrl Pts',(-14.7453830347968,104.403157090269,72.1035162724936));
#11086=CARTESIAN_POINT('Ctrl Pts',(-14.7453830347968,104.403157090269,70.1035162724936));
#11087=CARTESIAN_POINT('',(-24.7980035910559,109.010410171019,70.1035162724936));
#11088=CARTESIAN_POINT('',(-24.7980035910559,109.010410171019,72.1035162724936));
#11089=CARTESIAN_POINT('Ctrl Pts',(-14.7453830347968,104.403157090269,70.1035162724936));
#11090=CARTESIAN_POINT('Ctrl Pts',(-18.3016899443579,107.212533792197,70.1035162724936));
#11091=CARTESIAN_POINT('Ctrl Pts',(-20.7487059882117,107.680074222075,70.1035162724936));
#11092=CARTESIAN_POINT('Ctrl Pts',(-24.7980035910559,109.010410171019,70.1035162724936));
#11093=CARTESIAN_POINT('Ctrl Pts',(-26.2770580786658,102.282750471007,72.1035162724936));
#11094=CARTESIAN_POINT('Ctrl Pts',(-26.2770580786658,102.282750471007,70.1035162724936));
#11095=CARTESIAN_POINT('Ctrl Pts',(-26.2359640753699,105.182652097975,72.1035162724936));
#11096=CARTESIAN_POINT('Ctrl Pts',(-26.2359640753699,105.182652097975,70.1035162724936));
#11097=CARTESIAN_POINT('Ctrl Pts',(-26.0716155314398,106.726767512595,72.1035162724936));
#11098=CARTESIAN_POINT('Ctrl Pts',(-26.0716155314398,106.726767512595,70.1035162724936));
#11099=CARTESIAN_POINT('Ctrl Pts',(-24.7980035910559,109.010410171019,72.1035162724936));
#11100=CARTESIAN_POINT('Ctrl Pts',(-24.7980035910559,109.010410171019,70.1035162724936));
#11101=CARTESIAN_POINT('',(-26.2770580786658,102.282750471007,70.1035162724936));
#11102=CARTESIAN_POINT('',(-26.2770580786658,102.282750471007,72.1035162724936));
#11103=CARTESIAN_POINT('Ctrl Pts',(-24.7980035910559,109.010410171019,70.1035162724936));
#11104=CARTESIAN_POINT('Ctrl Pts',(-26.0716155314398,106.726767512595,70.1035162724936));
#11105=CARTESIAN_POINT('Ctrl Pts',(-26.2359640753699,105.182652097975,70.1035162724936));
#11106=CARTESIAN_POINT('Ctrl Pts',(-26.2770580786658,102.282750471007,70.1035162724936));
#11107=CARTESIAN_POINT('Ctrl Pts',(-33.0699023173285,92.1257604859221,72.1035162724936));
#11108=CARTESIAN_POINT('Ctrl Pts',(-33.0699023173285,92.1257604859221,70.1035162724936));
#11109=CARTESIAN_POINT('Ctrl Pts',(-37.9837672060919,98.568811250006,72.1035162724936));
#11110=CARTESIAN_POINT('Ctrl Pts',(-37.9837672060919,98.568811250006,70.1035162724936));
#11111=CARTESIAN_POINT('Ctrl Pts',(-30.1971952513648,103.309867064749,72.1035162724936));
#11112=CARTESIAN_POINT('Ctrl Pts',(-30.1971952513648,103.309867064749,70.1035162724936));
#11113=CARTESIAN_POINT('Ctrl Pts',(-26.2770580786658,102.282750471007,72.1035162724936));
#11114=CARTESIAN_POINT('Ctrl Pts',(-26.2770580786658,102.282750471007,70.1035162724936));
#11115=CARTESIAN_POINT('',(-33.0699023173285,92.1257604859221,70.1035162724936));
#11116=CARTESIAN_POINT('',(-33.0699023173285,92.1257604859221,72.1035162724936));
#11117=CARTESIAN_POINT('Ctrl Pts',(-26.2770580786658,102.282750471007,70.1035162724936));
#11118=CARTESIAN_POINT('Ctrl Pts',(-30.1971952513648,103.309867064749,70.1035162724936));
#11119=CARTESIAN_POINT('Ctrl Pts',(-37.9837672060919,98.568811250006,70.1035162724936));
#11120=CARTESIAN_POINT('Ctrl Pts',(-33.0699023173285,92.1257604859221,70.1035162724936));
#11121=CARTESIAN_POINT('Ctrl Pts',(-28.692457011695,96.8780786946166,72.1035162724936));
#11122=CARTESIAN_POINT('Ctrl Pts',(-28.692457011695,96.8780786946166,70.1035162724936));
#11123=CARTESIAN_POINT('Ctrl Pts',(-31.3343399401618,96.8780786946166,72.1035162724936));
#11124=CARTESIAN_POINT('Ctrl Pts',(-31.3343399401618,96.8780786946166,70.1035162724936));
#11125=CARTESIAN_POINT('Ctrl Pts',(-33.0699023173285,94.7676434143889,72.1035162724936));
#11126=CARTESIAN_POINT('Ctrl Pts',(-33.0699023173285,94.7676434143889,70.1035162724936));
#11127=CARTESIAN_POINT('Ctrl Pts',(-33.0699023173285,92.1257604859221,72.1035162724936));
#11128=CARTESIAN_POINT('Ctrl Pts',(-33.0699023173285,92.1257604859221,70.1035162724936));
#11129=CARTESIAN_POINT('',(-28.692457011695,96.8780786946166,70.1035162724936));
#11130=CARTESIAN_POINT('',(-28.692457011695,96.8780786946166,72.1035162724936));
#11131=CARTESIAN_POINT('Ctrl Pts',(-33.0699023173285,92.1257604859221,70.1035162724936));
#11132=CARTESIAN_POINT('Ctrl Pts',(-33.0699023173285,94.7676434143889,70.1035162724936));
#11133=CARTESIAN_POINT('Ctrl Pts',(-31.3343399401618,96.8780786946166,70.1035162724936));
#11134=CARTESIAN_POINT('Ctrl Pts',(-28.692457011695,96.8780786946166,70.1035162724936));
#11135=CARTESIAN_POINT('Ctrl Pts',(-23.9089062617255,92.0945004753936,72.1035162724936));
#11136=CARTESIAN_POINT('Ctrl Pts',(-23.9089062617255,92.0945004753936,70.1035162724936));
#11137=CARTESIAN_POINT('Ctrl Pts',(-23.9089062617255,94.7364108731139,72.1035162724936));
#11138=CARTESIAN_POINT('Ctrl Pts',(-23.9089062617255,94.7364108731139,70.1035162724936));
#11139=CARTESIAN_POINT('Ctrl Pts',(-26.0505740832282,96.8780786946166,72.1035162724936));
#11140=CARTESIAN_POINT('Ctrl Pts',(-26.0505740832282,96.8780786946166,70.1035162724936));
#11141=CARTESIAN_POINT('Ctrl Pts',(-28.692457011695,96.8780786946166,72.1035162724936));
#11142=CARTESIAN_POINT('Ctrl Pts',(-28.692457011695,96.8780786946166,70.1035162724936));
#11143=CARTESIAN_POINT('',(-23.9089062617255,92.0945004753936,70.1035162724936));
#11144=CARTESIAN_POINT('',(-23.9089062617255,92.0945004753936,72.1035162724936));
#11145=CARTESIAN_POINT('Ctrl Pts',(-28.692457011695,96.8780786946166,70.1035162724936));
#11146=CARTESIAN_POINT('Ctrl Pts',(-26.0505740832282,96.8780786946166,70.1035162724936));
#11147=CARTESIAN_POINT('Ctrl Pts',(-23.9089062617255,94.7364108731139,70.1035162724936));
#11148=CARTESIAN_POINT('Ctrl Pts',(-23.9089062617255,92.0945004753936,70.1035162724936));
#11149=CARTESIAN_POINT('Ctrl Pts',(-28.692457011695,87.3109497254241,72.1035162724936));
#11150=CARTESIAN_POINT('Ctrl Pts',(-28.692457011695,87.3109497254241,70.1035162724936));
#11151=CARTESIAN_POINT('Ctrl Pts',(-26.0505740832282,87.3109497254241,72.1035162724936));
#11152=CARTESIAN_POINT('Ctrl Pts',(-26.0505740832282,87.3109497254241,70.1035162724936));
#11153=CARTESIAN_POINT('Ctrl Pts',(-23.9089062617255,89.4526175469268,72.1035162724936));
#11154=CARTESIAN_POINT('Ctrl Pts',(-23.9089062617255,89.4526175469268,70.1035162724936));
#11155=CARTESIAN_POINT('Ctrl Pts',(-23.9089062617255,92.0945004753936,72.1035162724936));
#11156=CARTESIAN_POINT('Ctrl Pts',(-23.9089062617255,92.0945004753936,70.1035162724936));
#11157=CARTESIAN_POINT('',(-28.692457011695,87.3109497254241,70.1035162724936));
#11158=CARTESIAN_POINT('',(-28.692457011695,87.3109497254241,72.1035162724936));
#11159=CARTESIAN_POINT('Ctrl Pts',(-23.9089062617255,92.0945004753936,70.1035162724936));
#11160=CARTESIAN_POINT('Ctrl Pts',(-23.9089062617255,89.4526175469268,70.1035162724936));
#11161=CARTESIAN_POINT('Ctrl Pts',(-26.0505740832282,87.3109497254241,70.1035162724936));
#11162=CARTESIAN_POINT('Ctrl Pts',(-28.692457011695,87.3109497254241,70.1035162724936));
#11163=CARTESIAN_POINT('Ctrl Pts',(-32.7597469756079,89.5753776409972,72.1035162724936));
#11164=CARTESIAN_POINT('Ctrl Pts',(-32.7597469756079,89.5753776409972,70.1035162724936));
#11165=CARTESIAN_POINT('Ctrl Pts',(-31.9160563223792,88.2160890988219,72.1035162724936));
#11166=CARTESIAN_POINT('Ctrl Pts',(-31.9160563223792,88.2160890988219,70.1035162724936));
#11167=CARTESIAN_POINT('Ctrl Pts',(-30.4099446200324,87.3109497254241,72.1035162724936));
#11168=CARTESIAN_POINT('Ctrl Pts',(-30.4099446200324,87.3109497254241,70.1035162724936));
#11169=CARTESIAN_POINT('Ctrl Pts',(-28.692457011695,87.3109497254241,72.1035162724936));
#11170=CARTESIAN_POINT('Ctrl Pts',(-28.692457011695,87.3109497254241,70.1035162724936));
#11171=CARTESIAN_POINT('',(-32.7597469756079,89.5753776409972,70.1035162724936));
#11172=CARTESIAN_POINT('',(-32.7597469756079,89.5753776409972,72.1035162724936));
#11173=CARTESIAN_POINT('Ctrl Pts',(-28.692457011695,87.3109497254241,70.1035162724936));
#11174=CARTESIAN_POINT('Ctrl Pts',(-30.4099446200324,87.3109497254241,70.1035162724936));
#11175=CARTESIAN_POINT('Ctrl Pts',(-31.9160563223792,88.2160890988219,70.1035162724936));
#11176=CARTESIAN_POINT('Ctrl Pts',(-32.7597469756079,89.5753776409972,70.1035162724936));
#11177=CARTESIAN_POINT('Ctrl Pts',(-32.9657938464118,89.9425316838134,72.1035162724936));
#11178=CARTESIAN_POINT('Ctrl Pts',(-32.9657938464118,89.9425316838134,70.1035162724936));
#11179=CARTESIAN_POINT('Ctrl Pts',(-32.9023948092414,89.8168598488677,72.1035162724936));
#11180=CARTESIAN_POINT('Ctrl Pts',(-32.9023948092414,89.8168598488677,70.1035162724936));
#11181=CARTESIAN_POINT('Ctrl Pts',(-32.8336117983771,89.6943744473327,72.1035162724936));
#11182=CARTESIAN_POINT('Ctrl Pts',(-32.8336117983771,89.6943744473327,70.1035162724936));
#11183=CARTESIAN_POINT('Ctrl Pts',(-32.7597469756079,89.5753776409972,72.1035162724936));
#11184=CARTESIAN_POINT('Ctrl Pts',(-32.7597469756079,89.5753776409972,70.1035162724936));
#11185=CARTESIAN_POINT('',(-32.9657938464118,89.9425316838134,70.1035162724936));
#11186=CARTESIAN_POINT('',(-32.9657938464118,89.9425316838134,72.1035162724936));
#11187=CARTESIAN_POINT('Ctrl Pts',(-32.7597469756079,89.5753776409972,70.1035162724936));
#11188=CARTESIAN_POINT('Ctrl Pts',(-32.8336117983771,89.6943744473327,70.1035162724936));
#11189=CARTESIAN_POINT('Ctrl Pts',(-32.9023948092414,89.8168598488677,70.1035162724936));
#11190=CARTESIAN_POINT('Ctrl Pts',(-32.9657938464118,89.9425316838134,70.1035162724936));
#11191=CARTESIAN_POINT('Ctrl Pts',(-51.6703227824164,90.4596129124511,72.1035162724936));
#11192=CARTESIAN_POINT('Ctrl Pts',(-51.6703227824164,90.4596129124511,70.1035162724936));
#11193=CARTESIAN_POINT('Ctrl Pts',(-51.111241065116,95.7804347924102,72.1035162724936));
#11194=CARTESIAN_POINT('Ctrl Pts',(-51.111241065116,95.7804347924102,70.1035162724936));
#11195=CARTESIAN_POINT('Ctrl Pts',(-41.7828748476935,105.081839937483,72.1035162724936));
#11196=CARTESIAN_POINT('Ctrl Pts',(-41.7828748476935,105.081839937483,70.1035162724936));
#11197=CARTESIAN_POINT('Ctrl Pts',(-32.9657938464118,89.9425316838134,72.1035162724936));
#11198=CARTESIAN_POINT('Ctrl Pts',(-32.9657938464118,89.9425316838134,70.1035162724936));
#11199=CARTESIAN_POINT('',(-51.6703227824164,90.4596129124511,70.1035162724936));
#11200=CARTESIAN_POINT('',(-51.6703227824164,90.4596129124511,72.1035162724936));
#11201=CARTESIAN_POINT('Ctrl Pts',(-32.9657938464118,89.9425316838134,70.1035162724936));
#11202=CARTESIAN_POINT('Ctrl Pts',(-41.7828748476935,105.081839937483,70.1035162724936));
#11203=CARTESIAN_POINT('Ctrl Pts',(-51.111241065116,95.7804347924102,70.1035162724936));
#11204=CARTESIAN_POINT('Ctrl Pts',(-51.6703227824164,90.4596129124511,70.1035162724936));
#11205=CARTESIAN_POINT('Ctrl Pts',(-52.5153826657964,106.343060792233,72.1035162724936));
#11206=CARTESIAN_POINT('Ctrl Pts',(-52.5153826657964,106.343060792233,70.1035162724936));
#11207=CARTESIAN_POINT('Ctrl Pts',(-57.3940927086315,100.882144839858,72.1035162724936));
#11208=CARTESIAN_POINT('Ctrl Pts',(-57.3940927086315,100.882144839858,70.1035162724936));
#11209=CARTESIAN_POINT('Ctrl Pts',(-58.2081085539005,93.1095195125458,72.1035162724936));
#11210=CARTESIAN_POINT('Ctrl Pts',(-58.2081085539005,93.1095195125458,70.1035162724936));
#11211=CARTESIAN_POINT('Ctrl Pts',(-51.6703227824164,90.4596129124511,72.1035162724936));
#11212=CARTESIAN_POINT('Ctrl Pts',(-51.6703227824164,90.4596129124511,70.1035162724936));
#11213=CARTESIAN_POINT('',(-52.5153826657964,106.343060792233,70.1035162724936));
#11214=CARTESIAN_POINT('',(-52.5153826657964,106.343060792233,72.1035162724936));
#11215=CARTESIAN_POINT('Ctrl Pts',(-51.6703227824164,90.4596129124511,70.1035162724936));
#11216=CARTESIAN_POINT('Ctrl Pts',(-58.2081085539005,93.1095195125458,70.1035162724936));
#11217=CARTESIAN_POINT('Ctrl Pts',(-57.3940927086315,100.882144839858,70.1035162724936));
#11218=CARTESIAN_POINT('Ctrl Pts',(-52.5153826657964,106.343060792233,70.1035162724936));
#11219=CARTESIAN_POINT('Ctrl Pts',(-48.5169898222876,73.5897554203857,72.1035162724936));
#11220=CARTESIAN_POINT('Ctrl Pts',(-48.5169898222876,73.5897554203857,70.1035162724936));
#11221=CARTESIAN_POINT('Ctrl Pts',(-62.3480260366204,74.4223435395185,72.1035162724936));
#11222=CARTESIAN_POINT('Ctrl Pts',(-62.3480260366204,74.4223435395185,70.1035162724936));
#11223=CARTESIAN_POINT('Ctrl Pts',(-71.426340861198,85.7353299486053,72.1035162724936));
#11224=CARTESIAN_POINT('Ctrl Pts',(-71.426340861198,85.7353299486053,70.1035162724936));
#11225=CARTESIAN_POINT('Ctrl Pts',(-67.754207933189,102.681675277057,72.1035162724936));
#11226=CARTESIAN_POINT('Ctrl Pts',(-67.754207933189,102.681675277057,70.1035162724936));
#11227=CARTESIAN_POINT('',(-48.5169898222876,73.5897554203857,70.1035162724936));
#11228=CARTESIAN_POINT('',(-48.5169898222876,73.5897554203857,72.1035162724936));
#11229=CARTESIAN_POINT('',(-67.754207933189,102.681675277057,70.1035162724936));
#11230=CARTESIAN_POINT('Ctrl Pts',(-67.754207933189,102.681675277057,70.1035162724936));
#11231=CARTESIAN_POINT('Ctrl Pts',(-71.426340861198,85.7353299486053,70.1035162724936));
#11232=CARTESIAN_POINT('Ctrl Pts',(-62.3480260366204,74.4223435395185,70.1035162724936));
#11233=CARTESIAN_POINT('Ctrl Pts',(-48.5169898222876,73.5897554203857,70.1035162724936));
#11234=CARTESIAN_POINT('',(-67.754207933189,102.681675277057,72.1035162724936));
#11235=CARTESIAN_POINT('Ctrl Pts',(-46.1595235449744,60.4578864807952,72.1035162724936));
#11236=CARTESIAN_POINT('Ctrl Pts',(-46.1595235449744,60.4578864807952,70.1035162724936));
#11237=CARTESIAN_POINT('Ctrl Pts',(-48.0546273467017,65.903363833319,72.1035162724936));
#11238=CARTESIAN_POINT('Ctrl Pts',(-48.0546273467017,65.903363833319,70.1035162724936));
#11239=CARTESIAN_POINT('Ctrl Pts',(-48.2241675795508,69.8698141674865,72.1035162724936));
#11240=CARTESIAN_POINT('Ctrl Pts',(-48.2241675795508,69.8698141674865,70.1035162724936));
#11241=CARTESIAN_POINT('Ctrl Pts',(-48.5169898222876,73.5897554203857,72.1035162724936));
#11242=CARTESIAN_POINT('Ctrl Pts',(-48.5169898222876,73.5897554203857,70.1035162724936));
#11243=CARTESIAN_POINT('',(-46.1595235449744,60.4578864807952,70.1035162724936));
#11244=CARTESIAN_POINT('',(-46.1595235449744,60.4578864807952,72.1035162724936));
#11245=CARTESIAN_POINT('Ctrl Pts',(-48.5169898222876,73.5897554203857,70.1035162724936));
#11246=CARTESIAN_POINT('Ctrl Pts',(-48.2241675795508,69.8698141674865,70.1035162724936));
#11247=CARTESIAN_POINT('Ctrl Pts',(-48.0546273467017,65.903363833319,70.1035162724936));
#11248=CARTESIAN_POINT('Ctrl Pts',(-46.1595235449744,60.4578864807952,70.1035162724936));
#11249=CARTESIAN_POINT('Ctrl Pts',(-37.6066001081188,58.4364333685899,72.1035162724936));
#11250=CARTESIAN_POINT('Ctrl Pts',(-37.6066001081188,58.4364333685899,70.1035162724936));
#11251=CARTESIAN_POINT('Ctrl Pts',(-40.2470703338442,58.7587182419063,72.1035162724936));
#11252=CARTESIAN_POINT('Ctrl Pts',(-40.2470703338442,58.7587182419063,70.1035162724936));
#11253=CARTESIAN_POINT('Ctrl Pts',(-43.1562206737621,59.3258762390657,72.1035162724936));
#11254=CARTESIAN_POINT('Ctrl Pts',(-43.1562206737621,59.3258762390657,70.1035162724936));
#11255=CARTESIAN_POINT('Ctrl Pts',(-46.1595235449744,60.4578864807952,72.1035162724936));
#11256=CARTESIAN_POINT('Ctrl Pts',(-46.1595235449744,60.4578864807952,70.1035162724936));
#11257=CARTESIAN_POINT('',(-37.6066001081188,58.4364333685899,70.1035162724936));
#11258=CARTESIAN_POINT('',(-37.6066001081188,58.4364333685899,72.1035162724936));
#11259=CARTESIAN_POINT('Ctrl Pts',(-46.1595235449744,60.4578864807952,70.1035162724936));
#11260=CARTESIAN_POINT('Ctrl Pts',(-43.1562206737621,59.3258762390657,70.1035162724936));
#11261=CARTESIAN_POINT('Ctrl Pts',(-40.2470703338442,58.7587182419063,70.1035162724936));
#11262=CARTESIAN_POINT('Ctrl Pts',(-37.6066001081188,58.4364333685899,70.1035162724936));
#11263=CARTESIAN_POINT('Ctrl Pts',(-4.38919975766662,39.8650386486877,72.1035162724936));
#11264=CARTESIAN_POINT('Ctrl Pts',(-4.38919975766662,39.8650386486877,70.1035162724936));
#11265=CARTESIAN_POINT('Ctrl Pts',(-16.1147395770652,35.7472212053431,72.1035162724936));
#11266=CARTESIAN_POINT('Ctrl Pts',(-16.1147395770652,35.7472212053431,70.1035162724936));
#11267=CARTESIAN_POINT('Ctrl Pts',(-28.8266283336214,42.4791821188146,72.1035162724936));
#11268=CARTESIAN_POINT('Ctrl Pts',(-28.8266283336214,42.4791821188146,70.1035162724936));
#11269=CARTESIAN_POINT('Ctrl Pts',(-32.1999558868235,52.5657860315376,72.1035162724936));
#11270=CARTESIAN_POINT('Ctrl Pts',(-32.1999558868235,52.5657860315376,70.1035162724936));
#11271=CARTESIAN_POINT('',(-4.38919975766662,39.8650386486877,70.1035162724936));
#11272=CARTESIAN_POINT('',(-4.38919975766662,39.8650386486877,72.1035162724936));
#11273=CARTESIAN_POINT('',(-32.1999558868235,52.5657860315376,70.1035162724936));
#11274=CARTESIAN_POINT('Ctrl Pts',(-32.1999558868235,52.5657860315376,70.1035162724936));
#11275=CARTESIAN_POINT('Ctrl Pts',(-28.8266283336214,42.4791821188146,70.1035162724936));
#11276=CARTESIAN_POINT('Ctrl Pts',(-16.1147395770652,35.7472212053431,70.1035162724936));
#11277=CARTESIAN_POINT('Ctrl Pts',(-4.38919975766662,39.8650386486877,70.1035162724936));
#11278=CARTESIAN_POINT('',(-32.1999558868235,52.5657860315376,72.1035162724936));
#11279=CARTESIAN_POINT('Ctrl Pts',(-3.64967251386172,33.3838880299438,72.1035162724936));
#11280=CARTESIAN_POINT('Ctrl Pts',(-3.64967251386172,33.3838880299438,70.1035162724936));
#11281=CARTESIAN_POINT('Ctrl Pts',(-3.11556034802919,35.2566867977966,72.1035162724936));
#11282=CARTESIAN_POINT('Ctrl Pts',(-3.11556034802919,35.2566867977966,70.1035162724936));
#11283=CARTESIAN_POINT('Ctrl Pts',(-3.44425743588928,38.1154944214691,72.1035162724936));
#11284=CARTESIAN_POINT('Ctrl Pts',(-3.44425743588928,38.1154944214691,70.1035162724936));
#11285=CARTESIAN_POINT('Ctrl Pts',(-4.38919975766662,39.8650386486877,72.1035162724936));
#11286=CARTESIAN_POINT('Ctrl Pts',(-4.38919975766662,39.8650386486877,70.1035162724936));
#11287=CARTESIAN_POINT('',(-3.64967251386172,33.3838880299438,70.1035162724936));
#11288=CARTESIAN_POINT('',(-3.64967251386172,33.3838880299438,72.1035162724936));
#11289=CARTESIAN_POINT('Ctrl Pts',(-4.38919975766662,39.8650386486877,70.1035162724936));
#11290=CARTESIAN_POINT('Ctrl Pts',(-3.44425743588928,38.1154944214691,70.1035162724936));
#11291=CARTESIAN_POINT('Ctrl Pts',(-3.11556034802919,35.2566867977966,70.1035162724936));
#11292=CARTESIAN_POINT('Ctrl Pts',(-3.64967251386172,33.3838880299438,70.1035162724936));
#11293=CARTESIAN_POINT('Ctrl Pts',(-74.9623269366217,103.268800530707,72.1035162724936));
#11294=CARTESIAN_POINT('Ctrl Pts',(-74.9623269366217,103.268800530707,70.1035162724936));
#11295=CARTESIAN_POINT('Ctrl Pts',(-63.2292198565436,63.7454067444671,72.1035162724936));
#11296=CARTESIAN_POINT('Ctrl Pts',(-63.2292198565436,63.7454067444671,70.1035162724936));
#11297=CARTESIAN_POINT('Ctrl Pts',(-34.1173324240637,41.8473023918975,72.1035162724936));
#11298=CARTESIAN_POINT('Ctrl Pts',(-34.1173324240637,41.8473023918975,70.1035162724936));
#11299=CARTESIAN_POINT('Ctrl Pts',(-3.64967251386172,33.3838880299438,72.1035162724936));
#11300=CARTESIAN_POINT('Ctrl Pts',(-3.64967251386172,33.3838880299438,70.1035162724936));
#11301=CARTESIAN_POINT('',(-74.9623269366217,103.268800530707,70.1035162724936));
#11302=CARTESIAN_POINT('',(-74.9623269366217,103.268800530707,72.1035162724936));
#11303=CARTESIAN_POINT('Ctrl Pts',(-3.64967251386172,33.3838880299438,70.1035162724936));
#11304=CARTESIAN_POINT('Ctrl Pts',(-34.1173324240637,41.8473023918975,70.1035162724936));
#11305=CARTESIAN_POINT('Ctrl Pts',(-63.2292198565436,63.7454067444671,70.1035162724936));
#11306=CARTESIAN_POINT('Ctrl Pts',(-74.9623269366217,103.268800530707,70.1035162724936));
#11307=CARTESIAN_POINT('Ctrl Pts',(-73.8480321512487,103.154510255154,72.1035162724936));
#11308=CARTESIAN_POINT('Ctrl Pts',(-73.8480321512487,103.154510255154,70.1035162724936));
#11309=CARTESIAN_POINT('Ctrl Pts',(-74.2200733435911,103.187957751501,72.1035162724936));
#11310=CARTESIAN_POINT('Ctrl Pts',(-74.2200733435911,103.187957751501,70.1035162724936));
#11311=CARTESIAN_POINT('Ctrl Pts',(-74.5924201019625,103.225940168788,72.1035162724936));
#11312=CARTESIAN_POINT('Ctrl Pts',(-74.5924201019625,103.225940168788,70.1035162724936));
#11313=CARTESIAN_POINT('Ctrl Pts',(-74.9623269366217,103.268800530707,72.1035162724936));
#11314=CARTESIAN_POINT('Ctrl Pts',(-74.9623269366217,103.268800530707,70.1035162724936));
#11315=CARTESIAN_POINT('',(-73.8480321512487,103.154510255154,70.1035162724936));
#11316=CARTESIAN_POINT('',(-73.8480321512487,103.154510255154,72.1035162724936));
#11317=CARTESIAN_POINT('Ctrl Pts',(-74.9623269366217,103.268800530707,70.1035162724936));
#11318=CARTESIAN_POINT('Ctrl Pts',(-74.5924201019625,103.225940168788,70.1035162724936));
#11319=CARTESIAN_POINT('Ctrl Pts',(-74.2200733435911,103.187957751501,70.1035162724936));
#11320=CARTESIAN_POINT('Ctrl Pts',(-73.8480321512487,103.154510255154,70.1035162724936));
#11321=CARTESIAN_POINT('Ctrl Pts',(-105.280032191749,101.612363338362,72.1035162724936));
#11322=CARTESIAN_POINT('Ctrl Pts',(-105.280032191749,101.612363338362,70.1035162724936));
#11323=CARTESIAN_POINT('Ctrl Pts',(-96.6264207182837,103.684588886915,72.1035162724936));
#11324=CARTESIAN_POINT('Ctrl Pts',(-96.6264207182837,103.684588886915,70.1035162724936));
#11325=CARTESIAN_POINT('Ctrl Pts',(-86.1740401152564,97.5342367539275,72.1035162724936));
#11326=CARTESIAN_POINT('Ctrl Pts',(-86.1740401152564,97.5342367539275,70.1035162724936));
#11327=CARTESIAN_POINT('Ctrl Pts',(-81.3103615527106,92.1143332764495,72.1035162724936));
#11328=CARTESIAN_POINT('Ctrl Pts',(-81.3103615527106,92.1143332764495,70.1035162724936));
#11329=CARTESIAN_POINT('',(-88.8946809819447,98.1321776992335,70.1035162724936));
#11330=CARTESIAN_POINT('Ctrl Pts',(-88.8946809819447,98.1321776992335,70.1035162724936));
#11331=CARTESIAN_POINT('Ctrl Pts',(-88.8946809819447,98.1321776992335,70.4368496058269));
#11332=CARTESIAN_POINT('Ctrl Pts',(-88.8946809819447,98.1321776992335,70.7701829391603));
#11333=CARTESIAN_POINT('Ctrl Pts',(-88.8946809819447,98.1321776992335,71.4368496058269));
#11334=CARTESIAN_POINT('Ctrl Pts',(-88.8946809819447,98.1321776992335,71.7701829391603));
#11335=CARTESIAN_POINT('Ctrl Pts',(-88.8946809819447,98.1321776992335,72.1035162724936));
#11336=CARTESIAN_POINT('Ctrl Pts',(-81.3103615527106,92.1143332764495,70.1035162724936));
#11337=CARTESIAN_POINT('Ctrl Pts',(-83.1634077992491,94.1792994674481,70.1035162724936));
#11338=CARTESIAN_POINT('Ctrl Pts',(-85.8277022385236,96.350296566351,70.1035162724936));
#11339=CARTESIAN_POINT('Ctrl Pts',(-88.8946809819447,98.1321776992335,70.1035162724936));
#11340=CARTESIAN_POINT('Ctrl Pts',(-105.436469590659,98.9480242951263,72.1035162724936));
#11341=CARTESIAN_POINT('Ctrl Pts',(-105.436469590659,98.9480242951263,70.1035162724936));
#11342=CARTESIAN_POINT('Ctrl Pts',(-105.796454158301,99.7601527760375,72.1035162724936));
#11343=CARTESIAN_POINT('Ctrl Pts',(-105.796454158301,99.7601527760375,70.1035162724936));
#11344=CARTESIAN_POINT('Ctrl Pts',(-105.790053822227,100.830602117239,72.1035162724936));
#11345=CARTESIAN_POINT('Ctrl Pts',(-105.790053822227,100.830602117239,70.1035162724936));
#11346=CARTESIAN_POINT('Ctrl Pts',(-105.280032191749,101.612363338362,72.1035162724936));
#11347=CARTESIAN_POINT('Ctrl Pts',(-105.280032191749,101.612363338362,70.1035162724936));
#11348=CARTESIAN_POINT('',(-105.436469590659,98.9480242951263,70.1035162724936));
#11349=CARTESIAN_POINT('',(-105.436469590659,98.9480242951263,72.1035162724936));
#11350=CARTESIAN_POINT('Ctrl Pts',(-105.280032191749,101.612363338362,70.1035162724936));
#11351=CARTESIAN_POINT('Ctrl Pts',(-105.790053822227,100.830602117239,70.1035162724936));
#11352=CARTESIAN_POINT('Ctrl Pts',(-105.796454158301,99.7601527760375,70.1035162724936));
#11353=CARTESIAN_POINT('Ctrl Pts',(-105.436469590659,98.9480242951263,70.1035162724936));
#11354=CARTESIAN_POINT('Ctrl Pts',(-115.729432841657,93.4264708196007,72.1035162724936));
#11355=CARTESIAN_POINT('Ctrl Pts',(-115.729432841657,93.4264708196007,70.1035162724936));
#11356=CARTESIAN_POINT('Ctrl Pts',(-112.643271759281,98.271985499438,72.1035162724936));
#11357=CARTESIAN_POINT('Ctrl Pts',(-112.643271759281,98.271985499438,70.1035162724936));
#11358=CARTESIAN_POINT('Ctrl Pts',(-107.490004830402,99.0431876446313,72.1035162724936));
#11359=CARTESIAN_POINT('Ctrl Pts',(-107.490004830402,99.0431876446313,70.1035162724936));
#11360=CARTESIAN_POINT('Ctrl Pts',(-105.436469590659,98.9480242951263,72.1035162724936));
#11361=CARTESIAN_POINT('Ctrl Pts',(-105.436469590659,98.9480242951263,70.1035162724936));
#11362=CARTESIAN_POINT('',(-110.101535441484,98.0779247037539,70.1035162724936));
#11363=CARTESIAN_POINT('Ctrl Pts',(-110.101535441484,98.0779247037539,70.1035162724936));
#11364=CARTESIAN_POINT('Ctrl Pts',(-110.101535441484,98.0779247037539,70.4368496058269));
#11365=CARTESIAN_POINT('Ctrl Pts',(-110.101535441484,98.0779247037539,70.7701829391603));
#11366=CARTESIAN_POINT('Ctrl Pts',(-110.101535441484,98.0779247037539,71.4368496058269));
#11367=CARTESIAN_POINT('Ctrl Pts',(-110.101535441484,98.0779247037539,71.7701829391603));
#11368=CARTESIAN_POINT('Ctrl Pts',(-110.101535441484,98.0779247037539,72.1035162724936));
#11369=CARTESIAN_POINT('Ctrl Pts',(-105.436469590659,98.9480242951263,70.1035162724936));
#11370=CARTESIAN_POINT('Ctrl Pts',(-106.44652369585,98.9948314450456,70.1035162724936));
#11371=CARTESIAN_POINT('Ctrl Pts',(-108.20648765343,98.8320410925356,70.1035162724936));
#11372=CARTESIAN_POINT('Ctrl Pts',(-110.101535441484,98.0779247037539,70.1035162724936));
#11373=CARTESIAN_POINT('Ctrl Pts',(-69.245892867179,69.2472784745086,72.1035162724936));
#11374=CARTESIAN_POINT('Ctrl Pts',(-69.245892867179,69.2472784745086,70.1035162724936));
#11375=CARTESIAN_POINT('Ctrl Pts',(-73.8517822238641,76.7197659509526,72.1035162724936));
#11376=CARTESIAN_POINT('Ctrl Pts',(-73.8517822238641,76.7197659509526,70.1035162724936));
#11377=CARTESIAN_POINT('Ctrl Pts',(-89.4308811402362,83.0440811435373,72.1035162724936));
#11378=CARTESIAN_POINT('Ctrl Pts',(-89.4308811402362,83.0440811435373,70.1035162724936));
#11379=CARTESIAN_POINT('Ctrl Pts',(-98.3086339471745,73.732095498159,72.1035162724936));
#11380=CARTESIAN_POINT('Ctrl Pts',(-98.3086339471745,73.732095498159,70.1035162724936));
#11381=CARTESIAN_POINT('',(-69.245892867179,69.2472784745086,70.1035162724936));
#11382=CARTESIAN_POINT('',(-69.245892867179,69.2472784745086,72.1035162724936));
#11383=CARTESIAN_POINT('',(-98.3086339473798,73.7320954979435,70.1035162724936));
#11384=CARTESIAN_POINT('Ctrl Pts',(-98.3086339471745,73.7320954981589,70.1035162724936));
#11385=CARTESIAN_POINT('Ctrl Pts',(-89.4308811402362,83.0440811435373,70.1035162724936));
#11386=CARTESIAN_POINT('Ctrl Pts',(-73.8517822238641,76.7197659509526,70.1035162724936));
#11387=CARTESIAN_POINT('Ctrl Pts',(-69.245892867179,69.2472784745086,70.1035162724936));
#11388=CARTESIAN_POINT('',(-98.3086339471745,73.732095498159,72.1035162724936));
#11389=CARTESIAN_POINT('Ctrl Pts',(-38.7232597035972,39.1392671182395,72.1035162724936));
#11390=CARTESIAN_POINT('Ctrl Pts',(-38.7232597035972,39.1392671182395,70.1035162724936));
#11391=CARTESIAN_POINT('Ctrl Pts',(-57.3532506070993,51.3733795958375,72.1035162724936));
#11392=CARTESIAN_POINT('Ctrl Pts',(-57.3532506070993,51.3733795958375,70.1035162724936));
#11393=CARTESIAN_POINT('Ctrl Pts',(-64.3637028636067,63.6404191217578,72.1035162724936));
#11394=CARTESIAN_POINT('Ctrl Pts',(-64.3637028636067,63.6404191217578,70.1035162724936));
#11395=CARTESIAN_POINT('Ctrl Pts',(-69.245892867179,69.2472784745086,72.1035162724936));
#11396=CARTESIAN_POINT('Ctrl Pts',(-69.245892867179,69.2472784745086,70.1035162724936));
#11397=CARTESIAN_POINT('',(-38.7232597035972,39.1392671182395,70.1035162724936));
#11398=CARTESIAN_POINT('',(-38.7232597035972,39.1392671182395,72.1035162724936));
#11399=CARTESIAN_POINT('Ctrl Pts',(-69.245892867179,69.2472784745086,70.1035162724936));
#11400=CARTESIAN_POINT('Ctrl Pts',(-64.3637028636067,63.6404191217578,70.1035162724936));
#11401=CARTESIAN_POINT('Ctrl Pts',(-57.3532506070993,51.3733795958375,70.1035162724936));
#11402=CARTESIAN_POINT('Ctrl Pts',(-38.7232597035972,39.1392671182395,70.1035162724936));
#11403=CARTESIAN_POINT('Ctrl Pts',(-38.4067113028479,38.9321278599608,72.1035162724936));
#11404=CARTESIAN_POINT('Ctrl Pts',(-38.4067113028479,38.9321278599608,70.1035162724936));
#11405=CARTESIAN_POINT('Ctrl Pts',(-38.5121419934724,39.0021972531289,72.1035162724936));
#11406=CARTESIAN_POINT('Ctrl Pts',(-38.5121419934724,39.0021972531289,70.1035162724936));
#11407=CARTESIAN_POINT('Ctrl Pts',(-38.617660120203,39.0712408127913,72.1035162724936));
#11408=CARTESIAN_POINT('Ctrl Pts',(-38.617660120203,39.0712408127913,70.1035162724936));
#11409=CARTESIAN_POINT('Ctrl Pts',(-38.7232597035047,39.1392671181794,72.1035162724936));
#11410=CARTESIAN_POINT('Ctrl Pts',(-38.7232597035047,39.1392671181794,70.1035162724936));
#11411=CARTESIAN_POINT('',(-38.4067113028479,38.9321278599608,70.1035162724936));
#11412=CARTESIAN_POINT('',(-38.4067113028479,38.9321278599608,72.1035162724936));
#11413=CARTESIAN_POINT('Ctrl Pts',(-38.7232597035047,39.1392671181794,70.1035162724936));
#11414=CARTESIAN_POINT('Ctrl Pts',(-38.617660120203,39.0712408127913,70.1035162724936));
#11415=CARTESIAN_POINT('Ctrl Pts',(-38.5121419934724,39.0021972531289,70.1035162724936));
#11416=CARTESIAN_POINT('Ctrl Pts',(-38.4067113028479,38.9321278599608,70.1035162724936));
#11417=CARTESIAN_POINT('',(-38.7232597035972,39.1392671182395,72.1035162724936));
#11418=CARTESIAN_POINT('Ctrl Pts',(-38.7232597035972,39.1392671182395,72.1035162724936));
#11419=CARTESIAN_POINT('Ctrl Pts',(-38.7232597035972,39.1392671182395,70.1035162724936));
#11420=CARTESIAN_POINT('Ctrl Pts',(-38.6181142604521,39.070219248887,72.1035162724936));
#11421=CARTESIAN_POINT('Ctrl Pts',(-38.6181142604521,39.070219248887,70.1035162724936));
#11422=CARTESIAN_POINT('Ctrl Pts',(-38.5125986956392,39.0011724283725,72.1035162724936));
#11423=CARTESIAN_POINT('Ctrl Pts',(-38.5125986956392,39.0011724283725,70.1035162724936));
#11424=CARTESIAN_POINT('Ctrl Pts',(-38.4067113028479,38.9321278599608,72.1035162724936));
#11425=CARTESIAN_POINT('Ctrl Pts',(-38.4067113028479,38.9321278599608,70.1035162724936));
#11426=CARTESIAN_POINT('Ctrl Pts',(-38.4067113028479,38.9321278599608,70.1035162724936));
#11427=CARTESIAN_POINT('Ctrl Pts',(-38.5125986956392,39.0011724283725,70.1035162724936));
#11428=CARTESIAN_POINT('Ctrl Pts',(-38.6181142604521,39.070219248887,70.1035162724936));
#11429=CARTESIAN_POINT('Ctrl Pts',(-38.7232597035972,39.1392671182395,70.1035162724936));
#11430=CARTESIAN_POINT('Ctrl Pts',(-66.8066780913306,37.6570325798858,72.1035162724936));
#11431=CARTESIAN_POINT('Ctrl Pts',(-66.8066780913306,37.6570325798858,70.1035162724936));
#11432=CARTESIAN_POINT('Ctrl Pts',(-60.5839232797393,42.5937510344629,72.1035162724936));
#11433=CARTESIAN_POINT('Ctrl Pts',(-60.5839232797393,42.5937510344629,70.1035162724936));
#11434=CARTESIAN_POINT('Ctrl Pts',(-49.2489478534002,45.9198211138563,72.1035162724936));
#11435=CARTESIAN_POINT('Ctrl Pts',(-49.2489478534002,45.9198211138563,70.1035162724936));
#11436=CARTESIAN_POINT('Ctrl Pts',(-38.7232597035975,39.1392671182391,72.1035162724936));
#11437=CARTESIAN_POINT('Ctrl Pts',(-38.7232597035975,39.1392671182391,70.1035162724936));
#11438=CARTESIAN_POINT('',(-66.8066780913306,37.6570325798858,70.1035162724936));
#11439=CARTESIAN_POINT('',(-66.8066780913306,37.6570325798858,72.1035162724936));
#11440=CARTESIAN_POINT('Ctrl Pts',(-38.7232597035974,39.1392671182392,70.1035162724936));
#11441=CARTESIAN_POINT('Ctrl Pts',(-49.2489478534002,45.9198211138563,70.1035162724936));
#11442=CARTESIAN_POINT('Ctrl Pts',(-60.5839232797392,42.5937510344628,70.1035162724936));
#11443=CARTESIAN_POINT('Ctrl Pts',(-66.8066780913306,37.6570325798858,70.1035162724936));
#11444=CARTESIAN_POINT('Ctrl Pts',(-68.2677676871253,59.9910190476287,72.1035162724936));
#11445=CARTESIAN_POINT('Ctrl Pts',(-68.2677676871253,59.9910190476287,70.1035162724936));
#11446=CARTESIAN_POINT('Ctrl Pts',(-66.3183022326422,56.672431058203,72.1035162724936));
#11447=CARTESIAN_POINT('Ctrl Pts',(-66.3183022326422,56.672431058203,70.1035162724936));
#11448=CARTESIAN_POINT('Ctrl Pts',(-63.7320170733405,46.1323685978759,72.1035162724936));
#11449=CARTESIAN_POINT('Ctrl Pts',(-63.7320170733405,46.1323685978759,70.1035162724936));
#11450=CARTESIAN_POINT('Ctrl Pts',(-66.8066780913306,37.6570325798858,72.1035162724936));
#11451=CARTESIAN_POINT('Ctrl Pts',(-66.8066780913306,37.6570325798858,70.1035162724936));
#11452=CARTESIAN_POINT('',(-68.2677676871253,59.9910190476287,70.1035162724936));
#11453=CARTESIAN_POINT('',(-68.2677676871253,59.9910190476287,72.1035162724936));
#11454=CARTESIAN_POINT('Ctrl Pts',(-66.8066780913306,37.6570325798858,70.1035162724936));
#11455=CARTESIAN_POINT('Ctrl Pts',(-63.7320170733405,46.1323685978759,70.1035162724936));
#11456=CARTESIAN_POINT('Ctrl Pts',(-66.3183022326422,56.672431058203,70.1035162724936));
#11457=CARTESIAN_POINT('Ctrl Pts',(-68.2677676871253,59.9910190476287,70.1035162724936));
#11458=CARTESIAN_POINT('Ctrl Pts',(-77.5290814566565,57.2652175495971,72.1035162724936));
#11459=CARTESIAN_POINT('Ctrl Pts',(-77.5290814566565,57.2652175495971,70.1035162724936));
#11460=CARTESIAN_POINT('Ctrl Pts',(-76.0312105303717,58.4946039917815,72.1035162724936));
#11461=CARTESIAN_POINT('Ctrl Pts',(-76.0312105303717,58.4946039917815,70.1035162724936));
#11462=CARTESIAN_POINT('Ctrl Pts',(-72.1268132399512,59.8671601834167,72.1035162724936));
#11463=CARTESIAN_POINT('Ctrl Pts',(-72.1268132399512,59.8671601834167,70.1035162724936));
#11464=CARTESIAN_POINT('Ctrl Pts',(-68.2677676871253,59.9910190476287,72.1035162724936));
#11465=CARTESIAN_POINT('Ctrl Pts',(-68.2677676871253,59.9910190476287,70.1035162724936));
#11466=CARTESIAN_POINT('',(-77.5290814566565,57.2652175495971,70.1035162724936));
#11467=CARTESIAN_POINT('',(-77.5290814566565,57.2652175495971,72.1035162724936));
#11468=CARTESIAN_POINT('Ctrl Pts',(-68.2677676871253,59.9910190476287,70.1035162724936));
#11469=CARTESIAN_POINT('Ctrl Pts',(-72.1268132399512,59.8671601834167,70.1035162724936));
#11470=CARTESIAN_POINT('Ctrl Pts',(-76.0312105303717,58.4946039917815,70.1035162724936));
#11471=CARTESIAN_POINT('Ctrl Pts',(-77.5290814566565,57.2652175495971,70.1035162724936));
#11472=CARTESIAN_POINT('Ctrl Pts',(-96.1859513232459,69.7921481200229,72.1035162724936));
#11473=CARTESIAN_POINT('Ctrl Pts',(-96.1859513232459,69.7921481200229,70.1035162724936));
#11474=CARTESIAN_POINT('Ctrl Pts',(-87.9088307982454,68.749728289371,72.1035162724936));
#11475=CARTESIAN_POINT('Ctrl Pts',(-87.9088307982454,68.749728289371,70.1035162724936));
#11476=CARTESIAN_POINT('Ctrl Pts',(-80.6828977140039,63.6963204578263,72.1035162724936));
#11477=CARTESIAN_POINT('Ctrl Pts',(-80.6828977140039,63.6963204578263,70.1035162724936));
#11478=CARTESIAN_POINT('Ctrl Pts',(-77.5290814566565,57.2652175495971,72.1035162724936));
#11479=CARTESIAN_POINT('Ctrl Pts',(-77.5290814566565,57.2652175495971,70.1035162724936));
#11480=CARTESIAN_POINT('',(-96.1859513232495,69.7921481200233,70.1035162724936));
#11481=CARTESIAN_POINT('',(-96.1859513232459,69.7921481200229,72.1035162724936));
#11482=CARTESIAN_POINT('Ctrl Pts',(-77.5290814566565,57.2652175495971,70.1035162724936));
#11483=CARTESIAN_POINT('Ctrl Pts',(-80.6828977140039,63.6963204578263,70.1035162724936));
#11484=CARTESIAN_POINT('Ctrl Pts',(-87.9088307982454,68.749728289371,70.1035162724936));
#11485=CARTESIAN_POINT('Ctrl Pts',(-96.1859513232458,69.7921481200229,70.1035162724936));
#11486=CARTESIAN_POINT('Ctrl Pts',(-92.346271508689,48.5681771862853,72.1035162724936));
#11487=CARTESIAN_POINT('Ctrl Pts',(-92.346271508689,48.5681771862853,70.1035162724936));
#11488=CARTESIAN_POINT('Ctrl Pts',(-93.4169730435343,50.291253455242,72.1035162724936));
#11489=CARTESIAN_POINT('Ctrl Pts',(-93.4169730435343,50.291253455242,70.1035162724936));
#11490=CARTESIAN_POINT('Ctrl Pts',(-95.4999647904386,51.767535830389,72.1035162724936));
#11491=CARTESIAN_POINT('Ctrl Pts',(-95.4999647904386,51.767535830389,70.1035162724936));
#11492=CARTESIAN_POINT('Ctrl Pts',(-97.9195766337085,52.1128391975243,72.1035162724936));
#11493=CARTESIAN_POINT('Ctrl Pts',(-97.9195766337085,52.1128391975243,70.1035162724936));
#11494=CARTESIAN_POINT('',(-92.346271508689,48.5681771862853,70.1035162724936));
#11495=CARTESIAN_POINT('',(-92.346271508689,48.5681771862853,72.1035162724936));
#11496=CARTESIAN_POINT('',(-97.9195766337115,52.1128391975247,70.1035162724936));
#11497=CARTESIAN_POINT('Ctrl Pts',(-97.9195766337085,52.1128391975243,70.1035162724936));
#11498=CARTESIAN_POINT('Ctrl Pts',(-95.4999647904386,51.767535830389,70.1035162724936));
#11499=CARTESIAN_POINT('Ctrl Pts',(-93.4169730435343,50.291253455242,70.1035162724936));
#11500=CARTESIAN_POINT('Ctrl Pts',(-92.346271508689,48.5681771862853,70.1035162724936));
#11501=CARTESIAN_POINT('',(-97.9195766337085,52.1128391975243,72.1035162724936));
#11502=CARTESIAN_POINT('Ctrl Pts',(-97.1685264368964,44.9216337788451,72.1035162724936));
#11503=CARTESIAN_POINT('Ctrl Pts',(-97.1685264368964,44.9216337788451,70.1035162724936));
#11504=CARTESIAN_POINT('Ctrl Pts',(-95.4309313349677,47.1853474938262,72.1035162724936));
#11505=CARTESIAN_POINT('Ctrl Pts',(-95.4309313349677,47.1853474938262,70.1035162724936));
#11506=CARTESIAN_POINT('Ctrl Pts',(-93.9160020022345,48.1531167652953,72.1035162724936));
#11507=CARTESIAN_POINT('Ctrl Pts',(-93.9160020022345,48.1531167652953,70.1035162724936));
#11508=CARTESIAN_POINT('Ctrl Pts',(-92.346271508689,48.5681771862853,72.1035162724936));
#11509=CARTESIAN_POINT('Ctrl Pts',(-92.346271508689,48.5681771862853,70.1035162724936));
#11510=CARTESIAN_POINT('',(-97.1685264368964,44.9216337788451,70.1035162724936));
#11511=CARTESIAN_POINT('',(-97.1685264368964,44.9216337788451,72.1035162724936));
#11512=CARTESIAN_POINT('Ctrl Pts',(-92.346271508689,48.5681771862853,70.1035162724936));
#11513=CARTESIAN_POINT('Ctrl Pts',(-93.9160020022345,48.1531167652953,70.1035162724936));
#11514=CARTESIAN_POINT('Ctrl Pts',(-95.4309313349677,47.1853474938262,70.1035162724936));
#11515=CARTESIAN_POINT('Ctrl Pts',(-97.1685264368964,44.9216337788451,70.1035162724936));
#11516=CARTESIAN_POINT('Ctrl Pts',(-97.3013952162695,41.0315205002654,72.1035162724936));
#11517=CARTESIAN_POINT('Ctrl Pts',(-97.3013952162695,41.0315205002654,70.1035162724936));
#11518=CARTESIAN_POINT('Ctrl Pts',(-97.7261522837592,43.1234689728606,72.1035162724936));
#11519=CARTESIAN_POINT('Ctrl Pts',(-97.7261522837592,43.1234689728606,70.1035162724936));
#11520=CARTESIAN_POINT('Ctrl Pts',(-97.8256733893347,43.8664848118652,72.1035162724936));
#11521=CARTESIAN_POINT('Ctrl Pts',(-97.8256733893347,43.8664848118652,70.1035162724936));
#11522=CARTESIAN_POINT('Ctrl Pts',(-97.1685264368964,44.9216337788451,72.1035162724936));
#11523=CARTESIAN_POINT('Ctrl Pts',(-97.1685264368964,44.9216337788451,70.1035162724936));
#11524=CARTESIAN_POINT('',(-97.3013952162695,41.0315205002654,70.1035162724936));
#11525=CARTESIAN_POINT('',(-97.3013952162695,41.0315205002654,72.1035162724936));
#11526=CARTESIAN_POINT('Ctrl Pts',(-97.1685264368964,44.9216337788451,70.1035162724936));
#11527=CARTESIAN_POINT('Ctrl Pts',(-97.8256733893347,43.8664848118652,70.1035162724936));
#11528=CARTESIAN_POINT('Ctrl Pts',(-97.7261522837592,43.1234689728606,70.1035162724936));
#11529=CARTESIAN_POINT('Ctrl Pts',(-97.3013952162695,41.0315205002654,70.1035162724936));
#11530=CARTESIAN_POINT('Ctrl Pts',(-112.317270379157,22.7364482575286,72.1035162724936));
#11531=CARTESIAN_POINT('Ctrl Pts',(-112.317270379157,22.7364482575286,70.1035162724936));
#11532=CARTESIAN_POINT('Ctrl Pts',(-106.285132178779,23.7251491001952,72.1035162724936));
#11533=CARTESIAN_POINT('Ctrl Pts',(-106.285132178779,23.7251491001952,70.1035162724936));
#11534=CARTESIAN_POINT('Ctrl Pts',(-94.8611640780402,28.4332143414367,72.1035162724936));
#11535=CARTESIAN_POINT('Ctrl Pts',(-94.8611640780402,28.4332143414367,70.1035162724936));
#11536=CARTESIAN_POINT('Ctrl Pts',(-97.3013952162695,41.0315205002654,72.1035162724936));
#11537=CARTESIAN_POINT('Ctrl Pts',(-97.3013952162695,41.0315205002654,70.1035162724936));
#11538=CARTESIAN_POINT('',(-97.2326154887723,34.9019698237679,70.1035162724936));
#11539=CARTESIAN_POINT('Ctrl Pts',(-97.2326154887723,34.9019698237679,70.1035162724936));
#11540=CARTESIAN_POINT('Ctrl Pts',(-97.2326154887723,34.9019698237679,70.4368496058269));
#11541=CARTESIAN_POINT('Ctrl Pts',(-97.2326154887723,34.9019698237679,70.7701829391603));
#11542=CARTESIAN_POINT('Ctrl Pts',(-97.2326154887723,34.9019698237679,71.4368496058269));
#11543=CARTESIAN_POINT('Ctrl Pts',(-97.2326154887723,34.9019698237679,71.7701829391603));
#11544=CARTESIAN_POINT('Ctrl Pts',(-97.2326154887723,34.9019698237679,72.1035162724936));
#11545=CARTESIAN_POINT('Ctrl Pts',(-97.3013952162695,41.0315205002654,70.1035162724936));
#11546=CARTESIAN_POINT('Ctrl Pts',(-96.8564648467349,38.734455715318,70.1035162724936));
#11547=CARTESIAN_POINT('Ctrl Pts',(-96.8724453597734,36.6996994735719,70.1035162724936));
#11548=CARTESIAN_POINT('Ctrl Pts',(-97.2326154887723,34.9019698237679,70.1035162724936));
#11549=CARTESIAN_POINT('Ctrl Pts',(-57.7583312236704,21.0224013566486,72.1035162724936));
#11550=CARTESIAN_POINT('Ctrl Pts',(-57.7583312236704,21.0224013566486,70.1035162724936));
#11551=CARTESIAN_POINT('Ctrl Pts',(-62.1028486862388,24.7159900299463,72.1035162724936));
#11552=CARTESIAN_POINT('Ctrl Pts',(-62.1028486862388,24.7159900299463,70.1035162724936));
#11553=CARTESIAN_POINT('Ctrl Pts',(-69.0532575614949,24.0934208626777,72.1035162724936));
#11554=CARTESIAN_POINT('Ctrl Pts',(-69.0532575614949,24.0934208626777,70.1035162724936));
#11555=CARTESIAN_POINT('Ctrl Pts',(-75.2664084325674,21.8456185349917,72.1035162724936));
#11556=CARTESIAN_POINT('Ctrl Pts',(-75.2664084325674,21.8456185349917,70.1035162724936));
#11557=CARTESIAN_POINT('',(-57.7583312236703,21.0224013566486,70.1035162724936));
#11558=CARTESIAN_POINT('',(-57.7583312236704,21.0224013566486,72.1035162724936));
#11559=CARTESIAN_POINT('',(-75.2664084325674,21.8456185349917,70.1035162724936));
#11560=CARTESIAN_POINT('Ctrl Pts',(-75.2664084325674,21.8456185349917,70.1035162724936));
#11561=CARTESIAN_POINT('Ctrl Pts',(-69.0532575614949,24.0934208626777,70.1035162724936));
#11562=CARTESIAN_POINT('Ctrl Pts',(-62.1028486862388,24.7159900299463,70.1035162724936));
#11563=CARTESIAN_POINT('Ctrl Pts',(-57.7583312236704,21.0224013566486,70.1035162724936));
#11564=CARTESIAN_POINT('',(-75.2664084325674,21.8456185349917,72.1035162724936));
#11565=CARTESIAN_POINT('Ctrl Pts',(-48.9050204977942,17.0387482190002,72.1035162724936));
#11566=CARTESIAN_POINT('Ctrl Pts',(-48.9050204977942,17.0387482190002,70.1035162724936));
#11567=CARTESIAN_POINT('Ctrl Pts',(-48.9494496658512,17.0051962258317,72.1035162724936));
#11568=CARTESIAN_POINT('Ctrl Pts',(-48.9494496658512,17.0051962258317,70.1035162724936));
#11569=CARTESIAN_POINT('Ctrl Pts',(-48.9938365725583,16.9714929091819,72.1035162724936));
#11570=CARTESIAN_POINT('Ctrl Pts',(-48.9938365725583,16.9714929091819,70.1035162724936));
#11571=CARTESIAN_POINT('Ctrl Pts',(-49.0381806263352,16.9376595626953,72.1035162724936));
#11572=CARTESIAN_POINT('Ctrl Pts',(-49.0381806263352,16.9376595626953,70.1035162724936));
#11573=CARTESIAN_POINT('',(-48.9050204977942,17.0387482190002,70.1035162724936));
#11574=CARTESIAN_POINT('',(-48.9050204977942,17.0387482190002,72.1035162724936));
#11575=CARTESIAN_POINT('',(-49.0381806263352,16.9376595626952,70.1035162724936));
#11576=CARTESIAN_POINT('Ctrl Pts',(-49.0381806263352,16.9376595626953,70.1035162724936));
#11577=CARTESIAN_POINT('Ctrl Pts',(-48.9938365725583,16.9714929091819,70.1035162724936));
#11578=CARTESIAN_POINT('Ctrl Pts',(-48.9494496658512,17.0051962258317,70.1035162724936));
#11579=CARTESIAN_POINT('Ctrl Pts',(-48.9050204977942,17.0387482190002,70.1035162724936));
#11580=CARTESIAN_POINT('',(-49.0381806263352,16.9376595626953,72.1035162724936));
#11581=CARTESIAN_POINT('Ctrl Pts',(-39.7892663027716,14.0879460652221,72.1035162724936));
#11582=CARTESIAN_POINT('Ctrl Pts',(-39.7892663027716,14.0879460652221,70.1035162724936));
#11583=CARTESIAN_POINT('Ctrl Pts',(-42.5144909464789,13.6530528431762,72.1035162724936));
#11584=CARTESIAN_POINT('Ctrl Pts',(-42.5144909464789,13.6530528431762,70.1035162724936));
#11585=CARTESIAN_POINT('Ctrl Pts',(-46.5040429228736,15.6207029435027,72.1035162724936));
#11586=CARTESIAN_POINT('Ctrl Pts',(-46.5040429228736,15.6207029435027,70.1035162724936));
#11587=CARTESIAN_POINT('Ctrl Pts',(-48.9050204977942,17.0387482190002,72.1035162724936));
#11588=CARTESIAN_POINT('Ctrl Pts',(-48.9050204977942,17.0387482190002,70.1035162724936));
#11589=CARTESIAN_POINT('',(-39.7892663027716,14.0879460652221,70.1035162724936));
#11590=CARTESIAN_POINT('',(-39.7892663027716,14.0879460652221,72.1035162724936));
#11591=CARTESIAN_POINT('Ctrl Pts',(-48.9050204977942,17.0387482190002,70.1035162724936));
#11592=CARTESIAN_POINT('Ctrl Pts',(-46.5040429228736,15.6207029435027,70.1035162724936));
#11593=CARTESIAN_POINT('Ctrl Pts',(-42.5144909464789,13.6530528431762,70.1035162724936));
#11594=CARTESIAN_POINT('Ctrl Pts',(-39.7892663027716,14.0879460652221,70.1035162724936));
#11595=CARTESIAN_POINT('Ctrl Pts',(-38.501837327857,17.6203547242034,72.1035162724936));
#11596=CARTESIAN_POINT('Ctrl Pts',(-38.501837327857,17.6203547242034,70.1035162724936));
#11597=CARTESIAN_POINT('Ctrl Pts',(-38.4780214850378,16.2992209751952,72.1035162724936));
#11598=CARTESIAN_POINT('Ctrl Pts',(-38.4780214850378,16.2992209751952,70.1035162724936));
#11599=CARTESIAN_POINT('Ctrl Pts',(-38.8405881625128,14.2393565907348,72.1035162724936));
#11600=CARTESIAN_POINT('Ctrl Pts',(-38.8405881625128,14.2393565907348,70.1035162724936));
#11601=CARTESIAN_POINT('Ctrl Pts',(-39.7892663027716,14.0879460652221,72.1035162724936));
#11602=CARTESIAN_POINT('Ctrl Pts',(-39.7892663027716,14.0879460652221,70.1035162724936));
#11603=CARTESIAN_POINT('',(-38.501837327857,17.6203547242034,70.1035162724936));
#11604=CARTESIAN_POINT('',(-38.501837327857,17.6203547242034,72.1035162724936));
#11605=CARTESIAN_POINT('Ctrl Pts',(-39.7892663027716,14.0879460652221,70.1035162724936));
#11606=CARTESIAN_POINT('Ctrl Pts',(-38.8405881625128,14.2393565907348,70.1035162724936));
#11607=CARTESIAN_POINT('Ctrl Pts',(-38.4780214850378,16.2992209751952,70.1035162724936));
#11608=CARTESIAN_POINT('Ctrl Pts',(-38.501837327857,17.6203547242034,70.1035162724936));
#11609=CARTESIAN_POINT('Ctrl Pts',(-35.0643898783636,16.5700128765929,72.1035162724936));
#11610=CARTESIAN_POINT('Ctrl Pts',(-35.0643898783636,16.5700128765929,70.1035162724936));
#11611=CARTESIAN_POINT('Ctrl Pts',(-36.3758544501258,18.2075649571288,72.1035162724936));
#11612=CARTESIAN_POINT('Ctrl Pts',(-36.3758544501258,18.2075649571288,70.1035162724936));
#11613=CARTESIAN_POINT('Ctrl Pts',(-38.501837327857,17.6203547242034,72.1035162724936));
#11614=CARTESIAN_POINT('Ctrl Pts',(-38.501837327857,17.6203547242034,70.1035162724936));
#11615=CARTESIAN_POINT('',(-35.0643898783636,16.5700128765929,70.1035162724936));
#11616=CARTESIAN_POINT('',(-35.0643898783636,16.5700128765929,72.1035162724936));
#11617=CARTESIAN_POINT('Ctrl Pts',(-38.501837327857,17.6203547242034,70.1035162724936));
#11618=CARTESIAN_POINT('Ctrl Pts',(-36.3758544501258,18.2075649571288,70.1035162724936));
#11619=CARTESIAN_POINT('Ctrl Pts',(-35.0643898783636,16.5700128765929,70.1035162724936));
#11620=CARTESIAN_POINT('Ctrl Pts',(-28.6210369524909,18.7626361634124,72.1035162724936));
#11621=CARTESIAN_POINT('Ctrl Pts',(-28.6210369524909,18.7626361634124,70.1035162724936));
#11622=CARTESIAN_POINT('Ctrl Pts',(-31.1713923281622,18.5226098259795,72.1035162724936));
#11623=CARTESIAN_POINT('Ctrl Pts',(-31.1713923281622,18.5226098259795,70.1035162724936));
#11624=CARTESIAN_POINT('Ctrl Pts',(-32.6859645605994,18.1327936489928,72.1035162724936));
#11625=CARTESIAN_POINT('Ctrl Pts',(-32.6859645605994,18.1327936489928,70.1035162724936));
#11626=CARTESIAN_POINT('Ctrl Pts',(-35.0643898783636,16.5700128765929,72.1035162724936));
#11627=CARTESIAN_POINT('Ctrl Pts',(-35.0643898783636,16.5700128765929,70.1035162724936));
#11628=CARTESIAN_POINT('',(-28.6210369524909,18.7626361634124,70.1035162724936));
#11629=CARTESIAN_POINT('',(-28.6210369524909,18.7626361634124,72.1035162724936));
#11630=CARTESIAN_POINT('Ctrl Pts',(-35.0643898783636,16.5700128765929,70.1035162724936));
#11631=CARTESIAN_POINT('Ctrl Pts',(-32.6859645605994,18.1327936489928,70.1035162724936));
#11632=CARTESIAN_POINT('Ctrl Pts',(-31.1713923281622,18.5226098259795,70.1035162724936));
#11633=CARTESIAN_POINT('Ctrl Pts',(-28.6210369524909,18.7626361634124,70.1035162724936));
#11634=CARTESIAN_POINT('Ctrl Pts',(-33.8612640425635,36.3361460541595,72.1035162724936));
#11635=CARTESIAN_POINT('Ctrl Pts',(-33.8612640425635,36.3361460541595,70.1035162724936));
#11636=CARTESIAN_POINT('Ctrl Pts',(-30.9569673350287,33.3962491940368,72.1035162724936));
#11637=CARTESIAN_POINT('Ctrl Pts',(-30.9569673350287,33.3962491940368,70.1035162724936));
#11638=CARTESIAN_POINT('Ctrl Pts',(-26.081641808982,24.4881625557769,72.1035162724936));
#11639=CARTESIAN_POINT('Ctrl Pts',(-26.081641808982,24.4881625557769,70.1035162724936));
#11640=CARTESIAN_POINT('Ctrl Pts',(-28.6210369524909,18.7626361634124,72.1035162724936));
#11641=CARTESIAN_POINT('Ctrl Pts',(-28.6210369524909,18.7626361634124,70.1035162724936));
#11642=CARTESIAN_POINT('',(-33.8612640425635,36.3361460541595,70.1035162724936));
#11643=CARTESIAN_POINT('',(-33.8612640425635,36.3361460541595,72.1035162724936));
#11644=CARTESIAN_POINT('Ctrl Pts',(-28.6210369524909,18.7626361634124,70.1035162724936));
#11645=CARTESIAN_POINT('Ctrl Pts',(-26.081641808982,24.4881625557769,70.1035162724936));
#11646=CARTESIAN_POINT('Ctrl Pts',(-30.9569673350287,33.3962491940368,70.1035162724936));
#11647=CARTESIAN_POINT('Ctrl Pts',(-33.8612640425635,36.3361460541595,70.1035162724936));
#11648=CARTESIAN_POINT('Ctrl Pts',(-0.81725367395991,23.4953236145377,72.1035162724936));
#11649=CARTESIAN_POINT('Ctrl Pts',(-0.81725367395991,23.4953236145377,70.1035162724936));
#11650=CARTESIAN_POINT('Ctrl Pts',(-14.7930137713822,26.5109589028651,72.1035162724936));
#11651=CARTESIAN_POINT('Ctrl Pts',(-14.7930137713822,26.5109589028651,70.1035162724936));
#11652=CARTESIAN_POINT('Ctrl Pts',(-25.9390916726702,32.0190714570623,72.1035162724936));
#11653=CARTESIAN_POINT('Ctrl Pts',(-25.9390916726702,32.0190714570623,70.1035162724936));
#11654=CARTESIAN_POINT('Ctrl Pts',(-33.8612640425635,36.3361460541595,72.1035162724936));
#11655=CARTESIAN_POINT('Ctrl Pts',(-33.8612640425635,36.3361460541595,70.1035162724936));
#11656=CARTESIAN_POINT('',(-0.817253673958769,23.4953236145375,70.1035162724936));
#11657=CARTESIAN_POINT('',(-0.81725367395991,23.4953236145377,72.1035162724936));
#11658=CARTESIAN_POINT('Ctrl Pts',(-33.8612640425635,36.3361460541595,70.1035162724936));
#11659=CARTESIAN_POINT('Ctrl Pts',(-25.9390916726702,32.0190714570623,70.1035162724936));
#11660=CARTESIAN_POINT('Ctrl Pts',(-14.7930137713822,26.5109589028651,70.1035162724936));
#11661=CARTESIAN_POINT('Ctrl Pts',(-0.817253673959907,23.4953236145377,
70.1035162724936));
#11662=CARTESIAN_POINT('Ctrl Pts',(77.390270360856,36.3361460541595,72.1035162724936));
#11663=CARTESIAN_POINT('Ctrl Pts',(77.390270360856,36.3361460541595,70.1035162724936));
#11664=CARTESIAN_POINT('Ctrl Pts',(68.5417024361268,31.5142398338096,72.1035162724936));
#11665=CARTESIAN_POINT('Ctrl Pts',(68.5417024361268,31.5142398338096,70.1035162724936));
#11666=CARTESIAN_POINT('Ctrl Pts',(55.6711238491258,25.2064526617631,72.1035162724936));
#11667=CARTESIAN_POINT('Ctrl Pts',(55.6711238491258,25.2064526617631,70.1035162724936));
#11668=CARTESIAN_POINT('Ctrl Pts',(39.3278892122393,22.5455342658718,72.1035162724936));
#11669=CARTESIAN_POINT('Ctrl Pts',(39.3278892122393,22.5455342658718,70.1035162724936));
#11670=CARTESIAN_POINT('',(77.390270360856,36.3361460541595,70.1035162724936));
#11671=CARTESIAN_POINT('',(77.390270360856,36.3361460541595,72.1035162724936));
#11672=CARTESIAN_POINT('',(39.3278892122393,22.5455342658718,70.1035162724936));
#11673=CARTESIAN_POINT('Ctrl Pts',(39.3278892122393,22.5455342658718,70.1035162724936));
#11674=CARTESIAN_POINT('Ctrl Pts',(55.6711238491258,25.2064526617631,70.1035162724936));
#11675=CARTESIAN_POINT('Ctrl Pts',(68.5417024361268,31.5142398338096,70.1035162724936));
#11676=CARTESIAN_POINT('Ctrl Pts',(77.390270360856,36.3361460541595,70.1035162724936));
#11677=CARTESIAN_POINT('',(39.3278892122393,22.5455342658718,72.1035162724936));
#11678=CARTESIAN_POINT('Ctrl Pts',(72.1500295361566,18.7626361634124,72.1035162724936));
#11679=CARTESIAN_POINT('Ctrl Pts',(72.1500295361566,18.7626361634124,70.1035162724936));
#11680=CARTESIAN_POINT('Ctrl Pts',(69.6106343926477,24.4881625557769,72.1035162724936));
#11681=CARTESIAN_POINT('Ctrl Pts',(69.6106343926477,24.4881625557769,70.1035162724936));
#11682=CARTESIAN_POINT('Ctrl Pts',(74.4859599186945,33.3962491940368,72.1035162724936));
#11683=CARTESIAN_POINT('Ctrl Pts',(74.4859599186945,33.3962491940368,70.1035162724936));
#11684=CARTESIAN_POINT('Ctrl Pts',(77.390270360856,36.3361460541595,72.1035162724936));
#11685=CARTESIAN_POINT('Ctrl Pts',(77.390270360856,36.3361460541595,70.1035162724936));
#11686=CARTESIAN_POINT('',(72.1500295361566,18.7626361634124,70.1035162724936));
#11687=CARTESIAN_POINT('',(72.1500295361566,18.7626361634124,72.1035162724936));
#11688=CARTESIAN_POINT('Ctrl Pts',(77.390270360856,36.3361460541595,70.1035162724936));
#11689=CARTESIAN_POINT('Ctrl Pts',(74.4859599186945,33.3962491940368,70.1035162724936));
#11690=CARTESIAN_POINT('Ctrl Pts',(69.6106343926477,24.4881625557769,70.1035162724936));
#11691=CARTESIAN_POINT('Ctrl Pts',(72.1500295361566,18.7626361634124,70.1035162724936));
#11692=CARTESIAN_POINT('Ctrl Pts',(78.5933961966562,16.5700128765929,72.1035162724936));
#11693=CARTESIAN_POINT('Ctrl Pts',(78.5933961966562,16.5700128765929,70.1035162724936));
#11694=CARTESIAN_POINT('Ctrl Pts',(76.2149708788919,18.1327936489928,72.1035162724936));
#11695=CARTESIAN_POINT('Ctrl Pts',(76.2149708788919,18.1327936489928,70.1035162724936));
#11696=CARTESIAN_POINT('Ctrl Pts',(74.7003986464548,18.5226372952331,72.1035162724936));
#11697=CARTESIAN_POINT('Ctrl Pts',(74.7003986464548,18.5226372952331,70.1035162724936));
#11698=CARTESIAN_POINT('Ctrl Pts',(72.1500295361566,18.7626361634124,72.1035162724936));
#11699=CARTESIAN_POINT('Ctrl Pts',(72.1500295361566,18.7626361634124,70.1035162724936));
#11700=CARTESIAN_POINT('',(78.5933961966562,16.5700128765929,70.1035162724936));
#11701=CARTESIAN_POINT('',(78.5933961966562,16.5700128765929,72.1035162724936));
#11702=CARTESIAN_POINT('Ctrl Pts',(72.1500295361566,18.7626361634124,70.1035162724936));
#11703=CARTESIAN_POINT('Ctrl Pts',(74.7003986464548,18.5226372952331,70.1035162724936));
#11704=CARTESIAN_POINT('Ctrl Pts',(76.2149708788919,18.1327936489928,70.1035162724936));
#11705=CARTESIAN_POINT('Ctrl Pts',(78.5933961966562,16.5700128765929,70.1035162724936));
#11706=CARTESIAN_POINT('Ctrl Pts',(82.0308436461496,17.6203547242034,72.1035162724936));
#11707=CARTESIAN_POINT('Ctrl Pts',(82.0308436461496,17.6203547242034,70.1035162724936));
#11708=CARTESIAN_POINT('Ctrl Pts',(79.9048745030451,18.2075649571288,72.1035162724936));
#11709=CARTESIAN_POINT('Ctrl Pts',(79.9048745030451,18.2075649571288,70.1035162724936));
#11710=CARTESIAN_POINT('Ctrl Pts',(78.5933961966562,16.5700128765929,72.1035162724936));
#11711=CARTESIAN_POINT('Ctrl Pts',(78.5933961966562,16.5700128765929,70.1035162724936));
#11712=CARTESIAN_POINT('',(82.0308436461496,17.6203547242034,70.1035162724936));
#11713=CARTESIAN_POINT('',(82.0308436461496,17.6203547242034,72.1035162724936));
#11714=CARTESIAN_POINT('Ctrl Pts',(78.5933961966562,16.5700128765929,70.1035162724936));
#11715=CARTESIAN_POINT('Ctrl Pts',(79.9048745030451,18.2075649571288,70.1035162724936));
#11716=CARTESIAN_POINT('Ctrl Pts',(82.0308436461496,17.6203547242034,70.1035162724936));
#11717=CARTESIAN_POINT('Ctrl Pts',(82.6755646780685,14.5735893297012,72.1035162724936));
#11718=CARTESIAN_POINT('Ctrl Pts',(82.6755646780685,14.5735893297012,70.1035162724936));
#11719=CARTESIAN_POINT('Ctrl Pts',(82.2023627330017,15.2949757972227,72.1035162724936));
#11720=CARTESIAN_POINT('Ctrl Pts',(82.2023627330017,15.2949757972227,70.1035162724936));
#11721=CARTESIAN_POINT('Ctrl Pts',(82.0134399092915,16.6549190561672,72.1035162724936));
#11722=CARTESIAN_POINT('Ctrl Pts',(82.0134399092915,16.6549190561672,70.1035162724936));
#11723=CARTESIAN_POINT('Ctrl Pts',(82.0308436461496,17.6203547242034,72.1035162724936));
#11724=CARTESIAN_POINT('Ctrl Pts',(82.0308436461496,17.6203547242034,70.1035162724936));
#11725=CARTESIAN_POINT('',(82.6755646780685,14.5735893297012,70.1035162724936));
#11726=CARTESIAN_POINT('',(82.6755646780685,14.5735893297012,72.1035162724936));
#11727=CARTESIAN_POINT('Ctrl Pts',(82.0308436461496,17.6203547242034,70.1035162724936));
#11728=CARTESIAN_POINT('Ctrl Pts',(82.0134399092915,16.6549190561672,70.1035162724936));
#11729=CARTESIAN_POINT('Ctrl Pts',(82.2023627330017,15.2949757972227,70.1035162724936));
#11730=CARTESIAN_POINT('Ctrl Pts',(82.6755646780685,14.5735893297012,70.1035162724936));
#11731=CARTESIAN_POINT('Ctrl Pts',(131.140086697869,14.0554774075378,72.1035162724936));
#11732=CARTESIAN_POINT('Ctrl Pts',(131.140086697869,14.0554774075378,70.1035162724936));
#11733=CARTESIAN_POINT('Ctrl Pts',(127.072643414357,19.2131930197883,72.1035162724936));
#11734=CARTESIAN_POINT('Ctrl Pts',(127.072643414357,19.2131930197883,70.1035162724936));
#11735=CARTESIAN_POINT('Ctrl Pts',(112.492778060664,26.4382694809781,72.1035162724936));
#11736=CARTESIAN_POINT('Ctrl Pts',(112.492778060664,26.4382694809781,70.1035162724936));
#11737=CARTESIAN_POINT('Ctrl Pts',(103.757233342196,22.5650485615639,72.1035162724936));
#11738=CARTESIAN_POINT('Ctrl Pts',(103.757233342196,22.5650485615639,70.1035162724936));
#11739=CARTESIAN_POINT('',(119.541158538634,21.5667304859586,70.1035162724936));
#11740=CARTESIAN_POINT('Ctrl Pts',(119.541158538634,21.5667304859586,70.1035162724936));
#11741=CARTESIAN_POINT('Ctrl Pts',(119.541158538634,21.5667304859586,70.4368496058269));
#11742=CARTESIAN_POINT('Ctrl Pts',(119.541158538634,21.5667304859586,70.7701829391603));
#11743=CARTESIAN_POINT('Ctrl Pts',(119.541158538634,21.5667304859586,71.4368496058269));
#11744=CARTESIAN_POINT('Ctrl Pts',(119.541158538634,21.5667304859586,71.7701829391603));
#11745=CARTESIAN_POINT('Ctrl Pts',(119.541158538634,21.5667304859586,72.1035162724936));
#11746=CARTESIAN_POINT('',(103.75723334219,22.5650485615612,70.1035162724936));
#11747=CARTESIAN_POINT('Ctrl Pts',(103.757233342196,22.5650485615639,70.1035162724936));
#11748=CARTESIAN_POINT('Ctrl Pts',(108.220158519255,24.5438484778442,70.1035162724936));
#11749=CARTESIAN_POINT('Ctrl Pts',(114.208517139334,23.625867905574,70.1035162724936));
#11750=CARTESIAN_POINT('Ctrl Pts',(119.541158538634,21.5667304859586,70.1035162724936));
#11751=CARTESIAN_POINT('',(103.757233342196,22.5650485615639,72.1035162724936));
#11752=CARTESIAN_POINT('Ctrl Pts',(140.697573959069,44.9216337788451,72.1035162724936));
#11753=CARTESIAN_POINT('Ctrl Pts',(140.697573959069,44.9216337788451,70.1035162724936));
#11754=CARTESIAN_POINT('Ctrl Pts',(141.354720911508,43.8664848118652,72.1035162724936));
#11755=CARTESIAN_POINT('Ctrl Pts',(141.354720911508,43.8664848118652,70.1035162724936));
#11756=CARTESIAN_POINT('Ctrl Pts',(141.255213540559,43.1234689728606,72.1035162724936));
#11757=CARTESIAN_POINT('Ctrl Pts',(141.255213540559,43.1234689728606,70.1035162724936));
#11758=CARTESIAN_POINT('Ctrl Pts',(140.830442738442,41.0315205002654,72.1035162724936));
#11759=CARTESIAN_POINT('Ctrl Pts',(140.830442738442,41.0315205002654,70.1035162724936));
#11760=CARTESIAN_POINT('',(140.697573959069,44.9216337788451,70.1035162724936));
#11761=CARTESIAN_POINT('',(140.697573959069,44.9216337788451,72.1035162724936));
#11762=CARTESIAN_POINT('Ctrl Pts',(140.830442738442,41.0315205002654,70.1035162724936));
#11763=CARTESIAN_POINT('Ctrl Pts',(141.255213540559,43.1234689728606,70.1035162724936));
#11764=CARTESIAN_POINT('Ctrl Pts',(141.354720911508,43.8664848118652,70.1035162724936));
#11765=CARTESIAN_POINT('Ctrl Pts',(140.697573959069,44.9216337788451,70.1035162724936));
#11766=CARTESIAN_POINT('Ctrl Pts',(135.875319030862,48.5681771862853,72.1035162724936));
#11767=CARTESIAN_POINT('Ctrl Pts',(135.875319030862,48.5681771862853,70.1035162724936));
#11768=CARTESIAN_POINT('Ctrl Pts',(137.445063259034,48.1531167652953,72.1035162724936));
#11769=CARTESIAN_POINT('Ctrl Pts',(137.445063259034,48.1531167652953,70.1035162724936));
#11770=CARTESIAN_POINT('Ctrl Pts',(138.95997885714,47.1853474938262,72.1035162724936));
#11771=CARTESIAN_POINT('Ctrl Pts',(138.95997885714,47.1853474938262,70.1035162724936));
#11772=CARTESIAN_POINT('Ctrl Pts',(140.697573959069,44.9216337788451,72.1035162724936));
#11773=CARTESIAN_POINT('Ctrl Pts',(140.697573959069,44.9216337788451,70.1035162724936));
#11774=CARTESIAN_POINT('',(135.875319030862,48.5681771862853,70.1035162724936));
#11775=CARTESIAN_POINT('',(135.875319030862,48.5681771862853,72.1035162724936));
#11776=CARTESIAN_POINT('Ctrl Pts',(140.697573959069,44.9216337788451,70.1035162724936));
#11777=CARTESIAN_POINT('Ctrl Pts',(138.95997885714,47.1853474938262,70.1035162724936));
#11778=CARTESIAN_POINT('Ctrl Pts',(137.445063259034,48.1531167652953,70.1035162724936));
#11779=CARTESIAN_POINT('Ctrl Pts',(135.875319030862,48.5681771862853,70.1035162724936));
#11780=CARTESIAN_POINT('Ctrl Pts',(136.696530811239,49.6332835320704,72.1035162724936));
#11781=CARTESIAN_POINT('Ctrl Pts',(136.696530811239,49.6332835320704,70.1035162724936));
#11782=CARTESIAN_POINT('Ctrl Pts',(136.380734438034,49.2953849178422,72.1035162724936));
#11783=CARTESIAN_POINT('Ctrl Pts',(136.380734438034,49.2953849178422,70.1035162724936));
#11784=CARTESIAN_POINT('Ctrl Pts',(136.104780346827,48.9374484867508,72.1035162724936));
#11785=CARTESIAN_POINT('Ctrl Pts',(136.104780346827,48.9374484867508,70.1035162724936));
#11786=CARTESIAN_POINT('Ctrl Pts',(135.875319030862,48.5681771862853,72.1035162724936));
#11787=CARTESIAN_POINT('Ctrl Pts',(135.875319030862,48.5681771862853,70.1035162724936));
#11788=CARTESIAN_POINT('',(136.696530811239,49.6332835320704,70.1035162724936));
#11789=CARTESIAN_POINT('',(136.696530811239,49.6332835320704,72.1035162724936));
#11790=CARTESIAN_POINT('Ctrl Pts',(135.875319030862,48.5681771862853,70.1035162724936));
#11791=CARTESIAN_POINT('Ctrl Pts',(136.104780346827,48.9374484867508,70.1035162724936));
#11792=CARTESIAN_POINT('Ctrl Pts',(136.380734438034,49.2953849178422,70.1035162724936));
#11793=CARTESIAN_POINT('Ctrl Pts',(136.696530811239,49.6332835320704,70.1035162724936));
#11794=CARTESIAN_POINT('Origin',(-29.0629502974044,88.8736057702273,70.1035162724936));
#11795=CARTESIAN_POINT('',(-46.2409517682363,110.348387852197,70.1035162724936));
#11796=CARTESIAN_POINT('Origin',(-29.0629502974044,88.8736057702273,70.1035162724936));
#11797=CARTESIAN_POINT('',(-46.2409517682363,110.348387852197,78.1035162724936));
#11798=CARTESIAN_POINT('',(-46.2409517682363,110.348387852197,70.1035162724936));
#11799=CARTESIAN_POINT('',(-9.71109844555253,108.412178642983,78.1035162724936));
#11800=CARTESIAN_POINT('Origin',(-29.0629502974044,88.8736057702273,78.1035162724936));
#11801=CARTESIAN_POINT('',(-9.71109844555253,108.412178642983,70.1035162724936));
#11802=CARTESIAN_POINT('Origin',(-37.6066001081188,61.1519785574735,66.1035162724936));
#11803=CARTESIAN_POINT('',(-37.6066001081188,61.1519785574735,78.1035162724936));
#11804=CARTESIAN_POINT('',(-37.6066001081188,61.1519785574735,66.1035162724936));
#11805=CARTESIAN_POINT('',(-37.6066001081188,52.5657860315376,78.1035162724936));
#11806=CARTESIAN_POINT('',(-37.6066001081188,61.8925572767009,78.1035162724936));
#11807=CARTESIAN_POINT('',(-37.6066001081188,52.5657860315376,70.1035162724936));
#11808=CARTESIAN_POINT('',(-37.6066001081188,52.5657860315376,66.1035162724936));
#11809=CARTESIAN_POINT('',(-37.6066001081188,61.8925572767009,70.1035162724936));
#11810=CARTESIAN_POINT('Origin',(-20.0000002980232,61.1519785574735,66.1035162724936));
#11811=CARTESIAN_POINT('',(-20.0000002980232,61.1519785574735,78.1035162724936));
#11812=CARTESIAN_POINT('',(-20.0000002980232,61.1519785574735,66.1035162724936));
#11813=CARTESIAN_POINT('',(22.9685247022862,61.1519785574735,78.1035162724936));
#11814=CARTESIAN_POINT('Origin',(-20.0000002980232,52.5657860315376,66.1035162724936));
#11815=CARTESIAN_POINT('',(-20.0000002980232,52.5657860315376,78.1035162724936));
#11816=CARTESIAN_POINT('',(-20.0000002980232,52.5657860315376,66.1035162724936));
#11817=CARTESIAN_POINT('',(-20.0000002980232,57.5994610137329,78.1035162724936));
#11818=CARTESIAN_POINT('Origin',(-37.6066001081188,52.5657860315376,66.1035162724936));
#11819=CARTESIAN_POINT('',(14.1652247972384,52.5657860315376,70.1035162724936));
#11820=CARTESIAN_POINT('',(14.1652247972384,52.5657860315376,78.1035162724936));
#11821=CARTESIAN_POINT('Origin',(-68.1038627311133,137.679928683795,70.1035162724936));
#11822=CARTESIAN_POINT('Origin',(-68.1038627311133,137.679928683795,70.1035162724936));
#11823=CARTESIAN_POINT('',(-81.0367474323835,105.157006101351,78.1035162724936));
#11824=CARTESIAN_POINT('',(-81.0367474323834,105.157006101351,70.1035162724936));
#11825=CARTESIAN_POINT('Origin',(-68.1038627311133,137.679928683795,78.1035162724936));
#11826=CARTESIAN_POINT('Origin',(-68.1038627311133,137.679928683795,70.1035162724936));
#11827=CARTESIAN_POINT('Origin',(-81.0367474323835,105.157006101351,78.1035162724936));
#11828=CARTESIAN_POINT('',(-50.7570597543337,132.22641419273,70.1035162724936));
#11829=CARTESIAN_POINT('',(-92.3736523731039,95.0220499684978,78.1035162724936));
#11830=CARTESIAN_POINT('',(-92.3736523731039,95.0220499684978,78.1035162724936));
#11831=CARTESIAN_POINT('',(-50.7570597543337,132.22641419273,78.1035162724936));
#11832=CARTESIAN_POINT('Origin',(-92.3736523731039,95.0220499684978,78.1035162724936));
#11833=CARTESIAN_POINT('',(-96.8672085456343,109.909136417941,70.1035162724936));
#11834=CARTESIAN_POINT('',(-81.2840764412632,58.282445689331,70.1035162724936));
#11835=CARTESIAN_POINT('',(-96.8672085456343,109.909136417941,78.1035162724936));
#11836=CARTESIAN_POINT('',(-96.8672085456343,109.909136417941,78.1035162724936));
#11837=CARTESIAN_POINT('',(-81.2840764412632,58.282445689331,78.1035162724936));
#11838=CARTESIAN_POINT('Origin',(-96.8672085456343,109.909136417941,78.1035162724936));
#11839=CARTESIAN_POINT('',(-110.237065722253,97.9567634646451,78.1035162724936));
#11840=CARTESIAN_POINT('',(-110.237065722253,97.9567634646451,78.1035162724936));
#11841=CARTESIAN_POINT('',(-63.3688223740818,139.855993707942,78.1035162724936));
#11842=CARTESIAN_POINT('',(-63.3688223740818,139.855993707942,70.1035162724936));
#11843=CARTESIAN_POINT('Origin',(-110.237065722253,97.9567634646451,78.1035162724936));
#11844=CARTESIAN_POINT('',(-95.707141641422,91.7280439129081,70.1035162724936));
#11845=CARTESIAN_POINT('',(-29.4287238835048,63.3156672032766,70.1035162724936));
#11846=CARTESIAN_POINT('',(-95.707141641422,91.7280439129081,78.1035162724936));
#11847=CARTESIAN_POINT('',(-95.707141641422,91.7280439129081,78.1035162724936));
#11848=CARTESIAN_POINT('',(-29.4287238835048,63.3156672032766,78.1035162724936));
#11849=CARTESIAN_POINT('Origin',(-95.707141641422,91.7280439129081,78.1035162724936));
#11850=CARTESIAN_POINT('',(-105.99168311463,82.5338787309204,78.1035162724936));
#11851=CARTESIAN_POINT('',(-105.99168311463,82.5338787309204,74.1035162724936));
#11852=CARTESIAN_POINT('',(-58.0142631096448,125.424689729209,78.1035162724936));
#11853=CARTESIAN_POINT('',(-58.0142631096448,125.424689729209,70.1035162724936));
#11854=CARTESIAN_POINT('Origin',(-149.886843100985,131.63475786644,70.1035162724936));
#11855=CARTESIAN_POINT('',(-99.7459253307405,75.547409194146,78.1035162724936));
#11856=CARTESIAN_POINT('',(-99.7459253307405,75.547409194146,70.1035162724936));
#11857=CARTESIAN_POINT('',(-99.7459253307405,75.547409194146,78.1035162724936));
#11858=CARTESIAN_POINT('Origin',(-114.191758712505,62.6331359959282,70.1035162724936));
#11859=CARTESIAN_POINT('Origin',(-114.191758712505,62.6331359959282,70.1035162724936));
#11860=CARTESIAN_POINT('',(-99.7459253307405,49.7188627977105,70.1035162724936));
#11861=CARTESIAN_POINT('Origin',(-114.191758712505,62.6331359959282,70.1035162724936));
#11862=CARTESIAN_POINT('',(-99.7459253307405,49.7188627977105,78.1035162724936));
#11863=CARTESIAN_POINT('',(-99.7459253307405,49.7188627977105,70.1035162724936));
#11864=CARTESIAN_POINT('Origin',(-114.191758712505,62.6331359959282,78.1035162724936));
#11865=CARTESIAN_POINT('Origin',(-95.707141641422,33.5382280789484,78.1035162724936));
#11866=CARTESIAN_POINT('',(-110.237065722253,27.3095085272113,70.1035162724936));
#11867=CARTESIAN_POINT('',(-22.1637618430894,65.0649645644488,70.1035162724936));
#11868=CARTESIAN_POINT('',(-110.237065722253,27.3095085272113,78.1035162724936));
#11869=CARTESIAN_POINT('',(-110.237065722253,27.3095085272113,78.1035162724936));
#11870=CARTESIAN_POINT('',(-95.707141641422,33.5382280789484,78.1035162724936));
#11871=CARTESIAN_POINT('',(-22.1637618430894,65.0649645644488,78.1035162724936));
#11872=CARTESIAN_POINT('',(-95.707141641422,33.5382280789484,78.1035162724936));
#11873=CARTESIAN_POINT('Origin',(-96.8672085456343,15.3571355739158,78.1035162724936));
#11874=CARTESIAN_POINT('',(-92.3736523731039,30.2442220233587,78.1035162724936));
#11875=CARTESIAN_POINT('',(-92.3736523731039,30.2442220233587,78.1035162724936));
#11876=CARTESIAN_POINT('',(-96.8672085456343,15.3571355739158,78.1035162724936));
#11877=CARTESIAN_POINT('',(-83.5308545275285,59.5402830778039,78.1035162724936));
#11878=CARTESIAN_POINT('',(-96.8672085456343,15.3571355739158,78.1035162724936));
#11879=CARTESIAN_POINT('Origin',(-92.3736523731039,30.2442220233587,78.1035162724936));
#11880=CARTESIAN_POINT('',(-81.0367474323835,20.1092658905055,78.1035162724936));
#11881=CARTESIAN_POINT('',(-81.0367474323833,20.1092658905053,70.1035162724936));
#11882=CARTESIAN_POINT('',(-56.4255122246939,-1.89266413444706,78.1035162724936));
#11883=CARTESIAN_POINT('Origin',(104.977962136305,137.679928683795,70.1035162724936));
#11884=CARTESIAN_POINT('',(83.1150511734275,110.348387852197,70.1035162724936));
#11885=CARTESIAN_POINT('Origin',(104.977962136305,137.679928683795,70.1035162724936));
#11886=CARTESIAN_POINT('',(83.1150511734275,110.348387852197,78.1035162724936));
#11887=CARTESIAN_POINT('',(83.1150511734275,110.348387852197,70.1035162724936));
#11888=CARTESIAN_POINT('',(117.910846837575,105.157006101351,78.1035162724936));
#11889=CARTESIAN_POINT('Origin',(104.977962136305,137.679928683795,78.1035162724936));
#11890=CARTESIAN_POINT('',(117.910846837575,105.157006101351,70.1035162724936));
#11891=CARTESIAN_POINT('Origin',(-68.1038627311133,-12.4136566919388,70.1035162724936));
#11892=CARTESIAN_POINT('Origin',(-68.1038627311133,-12.4136566919388,70.1035162724936));
#11893=CARTESIAN_POINT('',(-46.2409517682363,14.9178841396593,70.1035162724936));
#11894=CARTESIAN_POINT('Origin',(-68.1038627311133,-12.4136566919388,70.1035162724936));
#11895=CARTESIAN_POINT('',(-46.2409517682363,14.9178841396593,78.1035162724936));
#11896=CARTESIAN_POINT('',(-46.2409517682363,14.9178841396593,70.1035162724936));
#11897=CARTESIAN_POINT('Origin',(-68.1038627311133,-12.4136566919388,78.1035162724936));
#11898=CARTESIAN_POINT('Origin',(133.741307950825,109.909136417941,78.1035162724936));
#11899=CARTESIAN_POINT('',(124.371261880963,78.8663096407805,70.1035162724936));
#11900=CARTESIAN_POINT('',(129.247751778295,95.0220499684978,78.1035162724936));
#11901=CARTESIAN_POINT('',(129.247751778295,95.0220499684978,78.1035162724936));
#11902=CARTESIAN_POINT('',(133.741307950825,109.909136417941,78.1035162724936));
#11903=CARTESIAN_POINT('',(124.371261880963,78.8663096407805,78.1035162724936));
#11904=CARTESIAN_POINT('',(133.741307950825,109.909136417941,78.1035162724936));
#11905=CARTESIAN_POINT('Origin',(18.4370497025956,-11.5656490114979,70.1035162724936));
#11906=CARTESIAN_POINT('',(46.5851978507437,16.8540933488737,70.1035162724936));
#11907=CARTESIAN_POINT('Origin',(18.4370497025956,-11.5656490114979,70.1035162724936));
#11908=CARTESIAN_POINT('',(46.5851978507437,16.8540933488737,78.1035162724936));
#11909=CARTESIAN_POINT('',(46.5851978507437,16.8540933488737,70.1035162724936));
#11910=CARTESIAN_POINT('',(-9.71109844555251,16.8540933488737,78.1035162724936));
#11911=CARTESIAN_POINT('Origin',(18.4370497025956,-11.5656490114979,78.1035162724936));
#11912=CARTESIAN_POINT('',(-9.71109844555251,16.8540933488737,70.1035162724936));
#11913=CARTESIAN_POINT('',(-9.71109844555251,16.8540933488737,70.1035162724936));
#11914=CARTESIAN_POINT('Origin',(18.4370497025956,-11.5656490114979,70.1035162724936));
#11915=CARTESIAN_POINT('Origin',(142.865782519822,82.5338787309204,78.1035162724936));
#11916=CARTESIAN_POINT('',(132.581241046613,91.7280439129081,70.1035162724936));
#11917=CARTESIAN_POINT('',(126.431275702653,97.2259844271421,70.1035162724936));
#11918=CARTESIAN_POINT('',(132.581241046613,91.7280439129081,78.1035162724936));
#11919=CARTESIAN_POINT('',(132.581241046613,91.7280439129081,78.1035162724936));
#11920=CARTESIAN_POINT('',(142.865782519822,82.5338787309204,78.1035162724936));
#11921=CARTESIAN_POINT('',(126.431275702653,97.2259844271421,78.1035162724936));
#11922=CARTESIAN_POINT('',(142.865782519822,82.5338787309204,74.1035162724936));
#11923=CARTESIAN_POINT('Origin',(65.9370497025956,36.3926662216293,70.1035162724936));
#11924=CARTESIAN_POINT('',(83.1150511734275,14.9178841396594,78.1035162724936));
#11925=CARTESIAN_POINT('',(83.1150511734275,14.9178841396594,70.1035162724936));
#11926=CARTESIAN_POINT('Origin',(65.9370497025956,36.3926662216293,78.1035162724936));
#11927=CARTESIAN_POINT('Origin',(65.9370497025956,36.3926662216293,70.1035162724936));
#11928=CARTESIAN_POINT('Origin',(104.977962136305,-12.4136566919386,70.1035162724936));
#11929=CARTESIAN_POINT('',(117.910846837575,20.1092658905055,70.1035162724936));
#11930=CARTESIAN_POINT('Origin',(104.977962136305,-12.4136566919386,70.1035162724936));
#11931=CARTESIAN_POINT('',(117.910846837575,20.1092658905055,78.1035162724936));
#11932=CARTESIAN_POINT('',(117.910846837575,20.1092658905055,70.1035162724936));
#11933=CARTESIAN_POINT('Origin',(104.977962136305,-12.4136566919386,78.1035162724936));
#11934=CARTESIAN_POINT('Origin',(117.910846837575,20.1092658905055,78.1035162724936));
#11935=CARTESIAN_POINT('',(129.247751778295,30.2442220233587,78.1035162724936));
#11936=CARTESIAN_POINT('',(129.247751778295,30.2442220233587,78.1035162724936));
#11937=CARTESIAN_POINT('',(114.031801610737,16.6414805101992,78.1035162724936));
#11938=CARTESIAN_POINT('',(114.031801610737,16.6414805101992,70.1035162724936));
#11939=CARTESIAN_POINT('Origin',(129.247751778295,30.2442220233587,78.1035162724936));
#11940=CARTESIAN_POINT('',(133.741307950825,15.3571355739158,78.1035162724936));
#11941=CARTESIAN_POINT('',(133.741307950825,15.3571355739158,78.1035162724936));
#11942=CARTESIAN_POINT('',(122.124483794698,53.8435055757975,78.1035162724936));
#11943=CARTESIAN_POINT('Origin',(133.741307950825,15.3571355739158,78.1035162724936));
#11944=CARTESIAN_POINT('',(147.111165127445,27.3095085272114,70.1035162724936));
#11945=CARTESIAN_POINT('',(126.643564230485,9.01190099498743,70.1035162724936));
#11946=CARTESIAN_POINT('',(147.111165127445,27.3095085272114,78.1035162724936));
#11947=CARTESIAN_POINT('',(147.111165127445,27.3095085272114,78.1035162724936));
#11948=CARTESIAN_POINT('',(126.643564230485,9.01190099498743,78.1035162724936));
#11949=CARTESIAN_POINT('Origin',(147.111165127445,27.3095085272114,78.1035162724936));
#11950=CARTESIAN_POINT('',(132.581241046613,33.5382280789484,78.1035162724936));
#11951=CARTESIAN_POINT('',(132.581241046613,33.5382280789484,78.1035162724936));
#11952=CARTESIAN_POINT('',(106.428915089756,44.7492642209595,78.1035162724936));
#11953=CARTESIAN_POINT('',(106.428915089756,44.7492642209595,70.1035162724936));
#11954=CARTESIAN_POINT('Origin',(132.581241046613,33.5382280789484,78.1035162724936));
#11955=CARTESIAN_POINT('',(142.865782519822,42.7323932609362,70.1035162724936));
#11956=CARTESIAN_POINT('',(121.289004966049,23.4432049737206,70.1035162724936));
#11957=CARTESIAN_POINT('',(142.865782519822,42.7323932609362,78.1035162724936));
#11958=CARTESIAN_POINT('',(142.865782519822,42.7323932609362,74.1035162724936));
#11959=CARTESIAN_POINT('',(121.289004966049,23.4432049737206,78.1035162724936));
#11960=CARTESIAN_POINT('Origin',(65.9370497025956,62.6331359959283,70.1035162724936));
#11961=CARTESIAN_POINT('Origin',(65.9370497025956,62.6331359959283,70.1035162724936));
#11962=CARTESIAN_POINT('Origin',(65.9370497025956,62.6331359959283,70.1035162724936));
#11963=CARTESIAN_POINT('Origin',(65.9370497025956,62.6331359959283,70.1035162724936));
#11964=CARTESIAN_POINT('',(136.620024735932,49.7188627977107,70.1035162724936));
#11965=CARTESIAN_POINT('Origin',(65.9370497025956,62.6331359959283,70.1035162724936));
#11966=CARTESIAN_POINT('Origin',(65.9370497025956,62.6331359959283,70.1035162724936));
#11967=CARTESIAN_POINT('Origin',(65.9370497025956,62.6331359959283,70.1035162724936));
#11968=CARTESIAN_POINT('',(136.620024735932,75.5474091941458,70.1035162724936));
#11969=CARTESIAN_POINT('',(136.620024735932,75.5474091941458,70.1035162724936));
#11970=CARTESIAN_POINT('Origin',(151.065858117696,62.6331359959283,70.1035162724936));
#11971=CARTESIAN_POINT('Origin',(65.9370497025956,62.6331359959283,70.1035162724936));
#11972=CARTESIAN_POINT('',(99.16395304934,77.4026479950285,70.1035162724936));
#11973=CARTESIAN_POINT('Origin',(65.9370497025956,62.6331359959283,70.1035162724936));
#11974=CARTESIAN_POINT('',(119.700254081097,103.557313415231,70.1035162724936));
#11975=CARTESIAN_POINT('Origin',(65.9370497025956,62.6331359959283,70.1035162724936));
#11976=CARTESIAN_POINT('Origin',(-29.0629502974044,36.3926662216292,70.1035162724936));
#11977=CARTESIAN_POINT('Origin',(65.9370497025956,62.6331359959283,70.1035162724936));
#11978=CARTESIAN_POINT('Origin',(65.9370497025956,62.6331359959283,70.1035162724936));
#11979=CARTESIAN_POINT('Origin',(65.9370497025956,62.6331359959283,70.1035162724936));
#11980=CARTESIAN_POINT('',(-70.0537509623914,-8.6135352394377,70.1035162724936));
#11981=CARTESIAN_POINT('Origin',(65.9370497025956,62.6331359959283,70.1035162724936));
#11982=CARTESIAN_POINT('',(-105.99168311463,42.7323932609361,70.1035162724936));
#11983=CARTESIAN_POINT('',(-63.1565338462491,4.4386648536416,70.1035162724936));
#11984=CARTESIAN_POINT('',(-99.7459253307405,49.7188627977105,70.1035162724936));
#11985=CARTESIAN_POINT('Origin',(65.9370497025956,62.6331359959283,70.1035162724936));
#11986=CARTESIAN_POINT('',(46.5851978507437,108.412178642983,70.1035162724936));
#11987=CARTESIAN_POINT('Origin',(18.4370497025956,136.831921003354,70.1035162724936));
#11988=CARTESIAN_POINT('Origin',(65.9370497025956,88.8736057702273,70.1035162724936));
#11989=CARTESIAN_POINT('Origin',(65.9370497025956,62.6331359959283,70.1035162724936));
#11990=CARTESIAN_POINT('Origin',(65.9370497025956,62.6331359959283,70.1035162724936));
#11991=CARTESIAN_POINT('Origin',(65.9370497025956,62.6331359959283,70.1035162724936));
#11992=CARTESIAN_POINT('Origin',(65.9370497025956,62.6331359959283,70.1035162724936));
#11993=CARTESIAN_POINT('Origin',(65.9370497025956,62.6331359959283,70.1035162724936));
#11994=CARTESIAN_POINT('Origin',(65.9370497025956,41.9945271994121,70.1035162724936));
#11995=CARTESIAN_POINT('Origin',(65.9370497025956,62.6331359959283,70.1035162724936));
#11996=CARTESIAN_POINT('',(76.5624423305852,48.467085396015,70.1035162724936));
#11997=CARTESIAN_POINT('',(60.7547962912149,48.467085396015,70.1035162724936));
#11998=CARTESIAN_POINT('',(76.5624423305852,55.5501106959716,70.1035162724936));
#11999=CARTESIAN_POINT('Origin',(65.9370497025956,41.9945271994121,70.1035162724936));
#12000=CARTESIAN_POINT('Origin',(65.9370497025956,62.6331359959283,70.1035162724936));
#12001=CARTESIAN_POINT('Origin',(18.4370497025956,136.831921003354,70.1035162724936));
#12002=CARTESIAN_POINT('',(55.5725428798342,61.2134332094751,70.1035162724936));
#12003=CARTESIAN_POINT('Origin',(65.9370497025956,62.6331359959283,70.1035162724936));
#12004=CARTESIAN_POINT('Origin',(65.9370497025956,62.6331359959283,70.1035162724936));
#12005=CARTESIAN_POINT('Origin',(18.4370497025956,136.831921003354,70.1035162724936));
#12006=CARTESIAN_POINT('Origin',(65.9370497025956,62.6331359959283,70.1035162724936));
#12007=CARTESIAN_POINT('',(133.328492818795,110.278184520221,70.1035162724936));
#12008=CARTESIAN_POINT('Origin',(65.9370497025956,62.6331359959283,70.1035162724936));
#12009=CARTESIAN_POINT('Origin',(65.9370497025956,62.6331359959283,70.1035162724936));
#12010=CARTESIAN_POINT('Origin',(-110.237065722253,27.3095085272113,78.1035162724936));
#12011=CARTESIAN_POINT('',(-70.0537509623914,-8.6135352394377,78.1035162724936));
#12012=CARTESIAN_POINT('Origin',(-105.99168311463,42.7323932609362,78.1035162724936));
#12013=CARTESIAN_POINT('',(-105.99168311463,42.7323932609362,78.1035162724936));
#12014=CARTESIAN_POINT('',(-63.1565338462491,4.4386648536416,78.1035162724936));
#12015=CARTESIAN_POINT('',(-105.99168311463,42.7323932609361,74.1035162724936));
#12016=CARTESIAN_POINT('Origin',(65.9370497025956,62.6331359959283,78.1035162724936));
#12017=CARTESIAN_POINT('Origin',(-29.0629502974044,36.3926662216292,78.1035162724936));
#12018=CARTESIAN_POINT('',(136.620024735932,49.7188627977107,78.1035162724936));
#12019=CARTESIAN_POINT('',(136.620024735932,49.7188627977107,78.1035162724936));
#12020=CARTESIAN_POINT('',(136.620024735932,75.5474091941458,78.1035162724936));
#12021=CARTESIAN_POINT('Origin',(151.065858117696,62.6331359959283,78.1035162724936));
#12022=CARTESIAN_POINT('',(136.620024735932,75.5474091941458,78.1035162724936));
#12023=CARTESIAN_POINT('',(147.111165127445,97.9567634646452,78.1035162724936));
#12024=CARTESIAN_POINT('',(99.16395304934,77.4026479950285,78.1035162724936));
#12025=CARTESIAN_POINT('',(133.328492818795,110.278184520221,78.1035162724936));
#12026=CARTESIAN_POINT('',(119.700254081097,103.557313415231,78.1035162724936));
#12027=CARTESIAN_POINT('',(46.5851978507437,108.412178642983,78.1035162724936));
#12028=CARTESIAN_POINT('Origin',(65.9370497025956,88.8736057702273,78.1035162724936));
#12029=CARTESIAN_POINT('Origin',(18.4370497025956,136.831921003354,78.1035162724936));
#12030=CARTESIAN_POINT('',(-99.7459253307405,49.7188627977105,78.1035162724936));
#12031=CARTESIAN_POINT('',(-26.1815242108277,40.9945271994121,78.1035162724936));
#12032=CARTESIAN_POINT('Origin',(-28.8815242108277,40.9945271994121,78.1035162724936));
#12033=CARTESIAN_POINT('',(68.6370497025956,41.9945271994121,78.1035162724936));
#12034=CARTESIAN_POINT('Origin',(65.9370497025956,41.9945271994121,78.1035162724936));
#12035=CARTESIAN_POINT('',(-26.181524210802,76.9945271994121,78.1035162724936));
#12036=CARTESIAN_POINT('Origin',(-28.881524210802,76.9945271994121,78.1035162724936));
#12037=CARTESIAN_POINT('',(68.6370497025956,77.9945271994121,78.1035162724936));
#12038=CARTESIAN_POINT('Origin',(65.9370497025956,77.9945271994121,78.1035162724936));
#12039=CARTESIAN_POINT('',(55.5725428798342,48.467085396015,78.1035162724936));
#12040=CARTESIAN_POINT('',(55.5725428798342,59.7937304230219,78.1035162724936));
#12041=CARTESIAN_POINT('',(55.5725428798342,61.2134332094751,78.1035162724936));
#12042=CARTESIAN_POINT('',(76.5624423305852,59.7937304230219,78.1035162724936));
#12043=CARTESIAN_POINT('',(71.2497460165904,59.7937304230219,78.1035162724936));
#12044=CARTESIAN_POINT('',(76.5624423305852,48.467085396015,78.1035162724936));
#12045=CARTESIAN_POINT('',(76.5624423305852,55.5501106959716,78.1035162724936));
#12046=CARTESIAN_POINT('',(60.7547962912149,48.467085396015,78.1035162724936));
#12047=CARTESIAN_POINT('Origin',(-99.7459253307405,49.7188627977105,70.1035162724936));
#12048=CARTESIAN_POINT('Origin',(76.5624423305852,48.467085396015,66.1035162724936));
#12049=CARTESIAN_POINT('',(76.5624423305852,48.467085396015,66.1035162724936));
#12050=CARTESIAN_POINT('',(76.5624423305852,59.7937304230219,66.1035162724936));
#12051=CARTESIAN_POINT('Origin',(55.5725428798342,48.467085396015,66.1035162724936));
#12052=CARTESIAN_POINT('',(55.5725428798342,48.467085396015,66.1035162724936));
#12053=CARTESIAN_POINT('Origin',(55.5725428798342,59.7937304230219,66.1035162724936));
#12054=CARTESIAN_POINT('',(55.5725428798342,59.7937304230219,66.1035162724936));
#12055=CARTESIAN_POINT('Origin',(76.5624423305852,59.7937304230219,66.1035162724936));
#12056=CARTESIAN_POINT('Origin',(65.9370497025956,77.9945271994121,78.1035162724936));
#12057=CARTESIAN_POINT('',(68.6370497025956,77.9945271994121,75.1035162724936));
#12058=CARTESIAN_POINT('',(68.6370497025956,77.9945271994121,78.1035162724936));
#12059=CARTESIAN_POINT('Origin',(65.9370497025956,77.9945271994121,75.1035162724936));
#12060=CARTESIAN_POINT('Origin',(65.9370497025956,77.9945271994121,75.1035162724936));
#12061=CARTESIAN_POINT('',(64.4370497025956,77.9945271994121,75.1035162724936));
#12062=CARTESIAN_POINT('Origin',(65.9370497025956,77.9945271994121,75.1035162724936));
#12063=CARTESIAN_POINT('Origin',(-28.881524210802,76.9945271994121,78.1035162724936));
#12064=CARTESIAN_POINT('',(-26.181524210802,76.9945271994121,75.1035162724936));
#12065=CARTESIAN_POINT('',(-26.181524210802,76.9945271994121,78.1035162724936));
#12066=CARTESIAN_POINT('Origin',(-28.881524210802,76.9945271994121,75.1035162724936));
#12067=CARTESIAN_POINT('Origin',(-28.881524210802,76.9945271994121,75.1035162724936));
#12068=CARTESIAN_POINT('',(-30.381524210802,76.9945271994121,75.1035162724936));
#12069=CARTESIAN_POINT('Origin',(-28.881524210802,76.9945271994121,75.1035162724936));
#12070=CARTESIAN_POINT('Origin',(65.9370497025956,41.9945271994121,78.1035162724936));
#12071=CARTESIAN_POINT('',(68.6370497025956,41.9945271994121,75.1035162724936));
#12072=CARTESIAN_POINT('',(68.6370497025956,41.9945271994121,78.1035162724936));
#12073=CARTESIAN_POINT('Origin',(65.9370497025956,41.9945271994121,75.1035162724936));
#12074=CARTESIAN_POINT('Origin',(65.9370497025956,41.9945271994121,75.1035162724936));
#12075=CARTESIAN_POINT('',(64.4370497025956,41.9945271994121,75.1035162724936));
#12076=CARTESIAN_POINT('Origin',(65.9370497025956,41.9945271994121,75.1035162724936));
#12077=CARTESIAN_POINT('Origin',(-28.8815242108277,40.9945271994121,78.1035162724936));
#12078=CARTESIAN_POINT('',(-26.1815242108277,40.9945271994121,75.1035162724936));
#12079=CARTESIAN_POINT('',(-26.1815242108277,40.9945271994121,78.1035162724936));
#12080=CARTESIAN_POINT('Origin',(-28.8815242108277,40.9945271994121,75.1035162724936));
#12081=CARTESIAN_POINT('Origin',(-28.8815242108277,40.9945271994121,75.1035162724936));
#12082=CARTESIAN_POINT('',(-30.3815242108277,40.9945271994121,75.1035162724936));
#12083=CARTESIAN_POINT('Origin',(-28.8815242108277,40.9945271994121,75.1035162724936));
#12084=CARTESIAN_POINT('Origin',(65.9370497025956,41.9945271994121,69.1035162724936));
#12085=CARTESIAN_POINT('',(64.4370497025956,41.9945271994121,69.1035162724936));
#12086=CARTESIAN_POINT('Origin',(-28.881524210802,76.9945271994121,69.1035162724936));
#12087=CARTESIAN_POINT('',(-30.381524210802,76.9945271994121,69.1035162724936));
#12088=CARTESIAN_POINT('Origin',(65.9370497025956,77.9945271994121,69.1035162724936));
#12089=CARTESIAN_POINT('',(64.4370497025956,77.9945271994121,69.1035162724936));
#12090=CARTESIAN_POINT('Origin',(-28.8815242108277,40.9945271994121,69.1035162724936));
#12091=CARTESIAN_POINT('',(-30.3815242108277,40.9945271994121,69.1035162724936));
#12092=CARTESIAN_POINT('Origin',(-29.0629502974044,36.3926662216292,70.1035162724936));
#12093=CARTESIAN_POINT('Origin',(18.4370497025956,136.831921003354,70.1035162724936));
#12094=CARTESIAN_POINT('',(46.5851978507437,108.412178642983,70.1035162724936));
#12095=CARTESIAN_POINT('Origin',(65.9370497025956,88.8736057702273,70.1035162724936));
#12096=CARTESIAN_POINT('Origin',(151.065858117696,62.6331359959283,70.1035162724936));
#12097=CARTESIAN_POINT('',(136.620024735932,75.5474091941458,70.1035162724936));
#12098=CARTESIAN_POINT('',(136.620024735932,49.7188627977107,70.1035162724936));
#12099=CARTESIAN_POINT('Origin',(186.760942716851,-6.36848611024387,70.1035162724936));
#12100=CARTESIAN_POINT('Origin',(136.620024735932,75.5474091941458,70.1035162724936));
#12101=CARTESIAN_POINT('Origin',(132.581241046613,91.7280439129081,78.1035162724936));
#12102=CARTESIAN_POINT('',(147.111165127445,97.9567634646452,78.1035162724936));
#12103=CARTESIAN_POINT('Origin',(147.111165127445,97.9567634646452,78.1035162724936));
#12104=CARTESIAN_POINT('Origin',(129.247751778295,95.0220499684978,78.1035162724936));
#12105=UNCERTAINTY_MEASURE_WITH_UNIT(LENGTH_MEASURE(0.01),#12109,
'DISTANCE_ACCURACY_VALUE',
'Maximum model space distance between geometric entities at asserted c
onnectivities');
#12106=UNCERTAINTY_MEASURE_WITH_UNIT(LENGTH_MEASURE(0.01),#12109,
'DISTANCE_ACCURACY_VALUE',
'Maximum model space distance between geometric entities at asserted c
onnectivities');
#12107=(
GEOMETRIC_REPRESENTATION_CONTEXT(3)
GLOBAL_UNCERTAINTY_ASSIGNED_CONTEXT((#12105))
GLOBAL_UNIT_ASSIGNED_CONTEXT((#12109,#12111,#12112))
REPRESENTATION_CONTEXT('','3D')
);
#12108=(
GEOMETRIC_REPRESENTATION_CONTEXT(3)
GLOBAL_UNCERTAINTY_ASSIGNED_CONTEXT((#12106))
GLOBAL_UNIT_ASSIGNED_CONTEXT((#12109,#12111,#12112))
REPRESENTATION_CONTEXT('','3D')
);
#12109=(
LENGTH_UNIT()
NAMED_UNIT(*)
SI_UNIT(.MILLI.,.METRE.)
);
#12110=(
LENGTH_UNIT()
NAMED_UNIT(*)
SI_UNIT($,.METRE.)
);
#12111=(
NAMED_UNIT(*)
PLANE_ANGLE_UNIT()
SI_UNIT($,.RADIAN.)
);
#12112=(
NAMED_UNIT(*)
SI_UNIT($,.STERADIAN.)
SOLID_ANGLE_UNIT()
);
#12113=SHAPE_DEFINITION_REPRESENTATION(#12114,#12115);
#12114=PRODUCT_DEFINITION_SHAPE('',$,#12117);
#12115=SHAPE_REPRESENTATION('',(#6399),#12107);
#12116=PRODUCT_DEFINITION_CONTEXT('part definition',#12121,'design');
#12117=PRODUCT_DEFINITION('FusionComponent','FusionComponent',#12118,#12116);
#12118=PRODUCT_DEFINITION_FORMATION('',$,#12123);
#12119=PRODUCT_RELATED_PRODUCT_CATEGORY('FusionComponent',
'FusionComponent',(#12123));
#12120=APPLICATION_PROTOCOL_DEFINITION('international standard',
'automotive_design',2009,#12121);
#12121=APPLICATION_CONTEXT(
'Core Data for Automotive Mechanical Design Process');
#12122=PRODUCT_CONTEXT('part definition',#12121,'mechanical');
#12123=PRODUCT('FusionComponent','FusionComponent',$,(#12122));
#12124=PRESENTATION_STYLE_ASSIGNMENT((#12126));
#12125=PRESENTATION_STYLE_ASSIGNMENT((#12127));
#12126=SURFACE_STYLE_USAGE(.BOTH.,#12128);
#12127=SURFACE_STYLE_USAGE(.BOTH.,#12129);
#12128=SURFACE_SIDE_STYLE('',(#12130));
#12129=SURFACE_SIDE_STYLE('',(#12131));
#12130=SURFACE_STYLE_FILL_AREA(#12132);
#12131=SURFACE_STYLE_FILL_AREA(#12133);
#12132=FILL_AREA_STYLE('Steel - Satin',(#12134));
#12133=FILL_AREA_STYLE('Brass - Polished',(#12135));
#12134=FILL_AREA_STYLE_COLOUR('Steel - Satin',#12136);
#12135=FILL_AREA_STYLE_COLOUR('Brass - Polished',#12137);
#12136=COLOUR_RGB('Steel - Satin',0.627450980392157,0.627450980392157,0.627450980392157);
#12137=COLOUR_RGB('Brass - Polished',0.952941176470588,0.796078431372549,
0.486274509803922);
ENDSEC;
END-ISO-10303-21;
