ISO-10303-21;
HEADER;
/* Generated by software containing ST-Developer
 * from STEP Tools, Inc. (www.steptools.com) 
 */

FILE_DESCRIPTION(
/* description */ (''),
/* implementation_level */ '2;1');

FILE_NAME(
/* name */ 'orumceksonhal.step',
/* time_stamp */ '2026-08-11T14:24:46+03:00',
/* author */ (''),
/* organization */ (''),
/* preprocessor_version */ 'ST-DEVELOPER v20.1',
/* originating_system */ 'Autodesk Translation Framework v15.8.0.0',
/* authorisation */ '');

FILE_SCHEMA (('AUTOMOTIVE_DESIGN { 1 0 10303 214 3 1 1 }'));
ENDSEC;

DATA;
#10=MECHANICAL_DESIGN_GEOMETRIC_PRESENTATION_REPRESENTATION('',(#17,#18,
#19),#7707);
#11=ITEM_DEFINED_TRANSFORMATION($,$,#4087,#4265);
#12=(
REPRESENTATION_RELATIONSHIP($,$,#7718,#7717)
REPRESENTATION_RELATIONSHIP_WITH_TRANSFORMATION(#11)
SHAPE_REPRESENTATION_RELATIONSHIP()
);
#13=CONTEXT_DEPENDENT_SHAPE_REPRESENTATION(#12,#7716);
#14=NEXT_ASSEMBLY_USAGE_OCCURRENCE('Component4:1','Component4:1',
'Component4:1',#7720,#7721,'Component4:1');
#15=SHAPE_REPRESENTATION_RELATIONSHIP('SRR','None',#7718,#16);
#16=ADVANCED_BREP_SHAPE_REPRESENTATION('',(#20,#21,#22),#7706);
#17=STYLED_ITEM('',(#7732),#20);
#18=STYLED_ITEM('',(#7732),#21);
#19=STYLED_ITEM('',(#7732),#22);
#20=MANIFOLD_SOLID_BREP('Body1',#4071);
#21=MANIFOLD_SOLID_BREP('Body1',#4072);
#22=MANIFOLD_SOLID_BREP('Body1',#4073);
#23=CYLINDRICAL_SURFACE('',#4123,4.77521516011365);
#24=CYLINDRICAL_SURFACE('',#4125,4.76820701578938);
#25=CYLINDRICAL_SURFACE('',#4127,4.77135178553689);
#26=CYLINDRICAL_SURFACE('',#4129,4.76820701577972);
#27=CYLINDRICAL_SURFACE('',#4134,27.5);
#28=CYLINDRICAL_SURFACE('',#4141,35.0000000000001);
#29=CYLINDRICAL_SURFACE('',#4151,19.3768045438844);
#30=CYLINDRICAL_SURFACE('',#4158,35.);
#31=CYLINDRICAL_SURFACE('',#4161,35.);
#32=CYLINDRICAL_SURFACE('',#4166,40.);
#33=CYLINDRICAL_SURFACE('',#4171,27.5);
#34=CYLINDRICAL_SURFACE('',#4174,35.);
#35=CYLINDRICAL_SURFACE('',#4231,2.7);
#36=CYLINDRICAL_SURFACE('',#4235,2.7);
#37=CYLINDRICAL_SURFACE('',#4239,2.7);
#38=CYLINDRICAL_SURFACE('',#4243,2.7);
#39=CYLINDRICAL_SURFACE('',#4247,1.5);
#40=CYLINDRICAL_SURFACE('',#4248,1.5);
#41=CYLINDRICAL_SURFACE('',#4249,1.49999999999999);
#42=CYLINDRICAL_SURFACE('',#4250,1.5);
#43=CYLINDRICAL_SURFACE('',#4251,27.5);
#44=CYLINDRICAL_SURFACE('',#4252,40.);
#45=CYLINDRICAL_SURFACE('',#4253,27.5);
#46=CYLINDRICAL_SURFACE('',#4254,19.3768045438841);
#47=FACE_BOUND('',#436,.T.);
#48=FACE_BOUND('',#437,.T.);
#49=FACE_BOUND('',#438,.T.);
#50=FACE_BOUND('',#439,.T.);
#51=FACE_BOUND('',#440,.T.);
#52=FACE_BOUND('',#612,.T.);
#53=FACE_BOUND('',#613,.T.);
#54=FACE_BOUND('',#614,.T.);
#55=FACE_BOUND('',#615,.T.);
#56=FACE_BOUND('',#616,.T.);
#57=FACE_BOUND('',#617,.T.);
#58=FACE_BOUND('',#625,.T.);
#59=FACE_BOUND('',#628,.T.);
#60=FACE_BOUND('',#631,.T.);
#61=FACE_BOUND('',#634,.T.);
#62=ELLIPSE('',#4090,12.9010777501474,2.75094817064068);
#63=ELLIPSE('',#4106,5.59810211244119,3.81239248943339);
#64=ELLIPSE('',#4107,228.001982353839,53.5327043090446);
#65=ELLIPSE('',#4108,36.7399729919219,20.9595567828192);
#66=ELLIPSE('',#4114,174.258938349821,46.6306691762189);
#67=ELLIPSE('',#4121,228.436401224981,53.5853727038514);
#68=ELLIPSE('',#4122,36.7399733208437,20.9595568931678);
#69=ELLIPSE('',#4131,12.9010777502824,2.75094817068382);
#70=ELLIPSE('',#4132,174.258938314988,46.6306691714946);
#71=ELLIPSE('',#4133,5.5981021124421,3.81239248943447);
#72=CIRCLE('',#4089,35.0000000000001);
#73=CIRCLE('',#4091,35.0000000000001);
#74=CIRCLE('',#4092,4.76820701577972);
#75=CIRCLE('',#4093,27.5);
#76=CIRCLE('',#4094,40.);
#77=CIRCLE('',#4095,4.77135178553689);
#78=CIRCLE('',#4096,40.);
#79=CIRCLE('',#4097,1.5);
#80=CIRCLE('',#4098,1.5);
#81=CIRCLE('',#4099,1.5);
#82=CIRCLE('',#4100,4.76820701578938);
#83=CIRCLE('',#4101,40.);
#84=CIRCLE('',#4102,4.77453593916745);
#85=CIRCLE('',#4103,35.);
#86=CIRCLE('',#4104,26.4716530528676);
#87=CIRCLE('',#4105,19.3768045438841);
#88=CIRCLE('',#4109,35.);
#89=CIRCLE('',#4110,27.5);
#90=CIRCLE('',#4111,40.);
#91=CIRCLE('',#4112,35.);
#92=CIRCLE('',#4113,35.);
#93=CIRCLE('',#4115,19.3768045438844);
#94=CIRCLE('',#4116,19.3768045438844);
#95=CIRCLE('',#4117,1.49999999999999);
#96=CIRCLE('',#4118,1.5);
#97=CIRCLE('',#4119,1.5);
#98=CIRCLE('',#4124,4.77453593916748);
#99=CIRCLE('',#4126,4.76820701578938);
#100=CIRCLE('',#4128,4.77135178553689);
#101=CIRCLE('',#4130,4.76820701577972);
#102=CIRCLE('',#4135,27.5);
#103=CIRCLE('',#4136,27.5);
#104=CIRCLE('',#4142,35.0000000000001);
#105=CIRCLE('',#4143,35.0000000000001);
#106=CIRCLE('',#4144,35.0000000000001);
#107=CIRCLE('',#4152,19.3768045438844);
#108=CIRCLE('',#4153,19.3768045438844);
#109=CIRCLE('',#4154,19.3768045438844);
#110=CIRCLE('',#4159,35.);
#111=CIRCLE('',#4160,35.);
#112=CIRCLE('',#4162,35.);
#113=CIRCLE('',#4163,35.);
#114=CIRCLE('',#4164,35.);
#115=CIRCLE('',#4167,40.);
#116=CIRCLE('',#4168,40.);
#117=CIRCLE('',#4169,40.);
#118=CIRCLE('',#4172,27.5);
#119=CIRCLE('',#4173,27.5);
#120=CIRCLE('',#4175,35.);
#121=CIRCLE('',#4176,35.);
#122=CIRCLE('',#4189,19.3768045438841);
#123=CIRCLE('',#4193,27.5);
#124=CIRCLE('',#4199,40.);
#125=CIRCLE('',#4200,27.5);
#126=CIRCLE('',#4206,1.5);
#127=CIRCLE('',#4208,1.5);
#128=CIRCLE('',#4210,40.);
#129=CIRCLE('',#4213,40.);
#130=CIRCLE('',#4218,27.5);
#131=CIRCLE('',#4219,19.3768045438841);
#132=CIRCLE('',#4220,27.5);
#133=CIRCLE('',#4221,40.);
#134=CIRCLE('',#4222,2.7);
#135=CIRCLE('',#4223,2.7);
#136=CIRCLE('',#4224,2.7);
#137=CIRCLE('',#4225,2.7);
#138=CIRCLE('',#4232,2.7);
#139=CIRCLE('',#4234,1.49999999999999);
#140=CIRCLE('',#4236,2.7);
#141=CIRCLE('',#4238,1.5);
#142=CIRCLE('',#4240,2.7);
#143=CIRCLE('',#4242,1.5);
#144=CIRCLE('',#4244,2.7);
#145=CIRCLE('',#4246,1.5);
#146=CIRCLE('',#4260,26.4716530528676);
#147=CIRCLE('',#4261,26.4716530526331);
#148=CIRCLE('',#4264,26.4715457273827);
#149=PLANE('',#4088);
#150=PLANE('',#4120);
#151=PLANE('',#4137);
#152=PLANE('',#4138);
#153=PLANE('',#4139);
#154=PLANE('',#4140);
#155=PLANE('',#4145);
#156=PLANE('',#4146);
#157=PLANE('',#4147);
#158=PLANE('',#4148);
#159=PLANE('',#4149);
#160=PLANE('',#4150);
#161=PLANE('',#4155);
#162=PLANE('',#4156);
#163=PLANE('',#4157);
#164=PLANE('',#4165);
#165=PLANE('',#4170);
#166=PLANE('',#4177);
#167=PLANE('',#4178);
#168=PLANE('',#4179);
#169=PLANE('',#4180);
#170=PLANE('',#4181);
#171=PLANE('',#4182);
#172=PLANE('',#4183);
#173=PLANE('',#4184);
#174=PLANE('',#4185);
#175=PLANE('',#4186);
#176=PLANE('',#4187);
#177=PLANE('',#4188);
#178=PLANE('',#4190);
#179=PLANE('',#4191);
#180=PLANE('',#4192);
#181=PLANE('',#4194);
#182=PLANE('',#4195);
#183=PLANE('',#4196);
#184=PLANE('',#4197);
#185=PLANE('',#4198);
#186=PLANE('',#4201);
#187=PLANE('',#4202);
#188=PLANE('',#4203);
#189=PLANE('',#4204);
#190=PLANE('',#4205);
#191=PLANE('',#4207);
#192=PLANE('',#4209);
#193=PLANE('',#4211);
#194=PLANE('',#4212);
#195=PLANE('',#4214);
#196=PLANE('',#4215);
#197=PLANE('',#4216);
#198=PLANE('',#4217);
#199=PLANE('',#4226);
#200=PLANE('',#4227);
#201=PLANE('',#4228);
#202=PLANE('',#4229);
#203=PLANE('',#4230);
#204=PLANE('',#4233);
#205=PLANE('',#4237);
#206=PLANE('',#4241);
#207=PLANE('',#4245);
#208=PLANE('',#4255);
#209=PLANE('',#4256);
#210=PLANE('',#4257);
#211=PLANE('',#4258);
#212=PLANE('',#4259);
#213=PLANE('',#4262);
#214=PLANE('',#4263);
#215=FACE_OUTER_BOUND('',#427,.T.);
#216=FACE_OUTER_BOUND('',#428,.T.);
#217=FACE_OUTER_BOUND('',#429,.T.);
#218=FACE_OUTER_BOUND('',#430,.T.);
#219=FACE_OUTER_BOUND('',#431,.T.);
#220=FACE_OUTER_BOUND('',#432,.T.);
#221=FACE_OUTER_BOUND('',#433,.T.);
#222=FACE_OUTER_BOUND('',#434,.T.);
#223=FACE_OUTER_BOUND('',#435,.T.);
#224=FACE_OUTER_BOUND('',#441,.T.);
#225=FACE_OUTER_BOUND('',#442,.T.);
#226=FACE_OUTER_BOUND('',#443,.T.);
#227=FACE_OUTER_BOUND('',#444,.T.);
#228=FACE_OUTER_BOUND('',#445,.T.);
#229=FACE_OUTER_BOUND('',#446,.T.);
#230=FACE_OUTER_BOUND('',#447,.T.);
#231=FACE_OUTER_BOUND('',#448,.T.);
#232=FACE_OUTER_BOUND('',#449,.T.);
#233=FACE_OUTER_BOUND('',#450,.T.);
#234=FACE_OUTER_BOUND('',#451,.T.);
#235=FACE_OUTER_BOUND('',#452,.T.);
#236=FACE_OUTER_BOUND('',#453,.T.);
#237=FACE_OUTER_BOUND('',#454,.T.);
#238=FACE_OUTER_BOUND('',#455,.T.);
#239=FACE_OUTER_BOUND('',#456,.T.);
#240=FACE_OUTER_BOUND('',#457,.T.);
#241=FACE_OUTER_BOUND('',#458,.T.);
#242=FACE_OUTER_BOUND('',#459,.T.);
#243=FACE_OUTER_BOUND('',#460,.T.);
#244=FACE_OUTER_BOUND('',#461,.T.);
#245=FACE_OUTER_BOUND('',#462,.T.);
#246=FACE_OUTER_BOUND('',#463,.T.);
#247=FACE_OUTER_BOUND('',#464,.T.);
#248=FACE_OUTER_BOUND('',#465,.T.);
#249=FACE_OUTER_BOUND('',#466,.T.);
#250=FACE_OUTER_BOUND('',#467,.T.);
#251=FACE_OUTER_BOUND('',#468,.T.);
#252=FACE_OUTER_BOUND('',#469,.T.);
#253=FACE_OUTER_BOUND('',#470,.T.);
#254=FACE_OUTER_BOUND('',#471,.T.);
#255=FACE_OUTER_BOUND('',#472,.T.);
#256=FACE_OUTER_BOUND('',#473,.T.);
#257=FACE_OUTER_BOUND('',#474,.T.);
#258=FACE_OUTER_BOUND('',#475,.T.);
#259=FACE_OUTER_BOUND('',#476,.T.);
#260=FACE_OUTER_BOUND('',#477,.T.);
#261=FACE_OUTER_BOUND('',#478,.T.);
#262=FACE_OUTER_BOUND('',#479,.T.);
#263=FACE_OUTER_BOUND('',#480,.T.);
#264=FACE_OUTER_BOUND('',#481,.T.);
#265=FACE_OUTER_BOUND('',#482,.T.);
#266=FACE_OUTER_BOUND('',#483,.T.);
#267=FACE_OUTER_BOUND('',#484,.T.);
#268=FACE_OUTER_BOUND('',#485,.T.);
#269=FACE_OUTER_BOUND('',#486,.T.);
#270=FACE_OUTER_BOUND('',#487,.T.);
#271=FACE_OUTER_BOUND('',#488,.T.);
#272=FACE_OUTER_BOUND('',#489,.T.);
#273=FACE_OUTER_BOUND('',#490,.T.);
#274=FACE_OUTER_BOUND('',#491,.T.);
#275=FACE_OUTER_BOUND('',#492,.T.);
#276=FACE_OUTER_BOUND('',#493,.T.);
#277=FACE_OUTER_BOUND('',#494,.T.);
#278=FACE_OUTER_BOUND('',#495,.T.);
#279=FACE_OUTER_BOUND('',#496,.T.);
#280=FACE_OUTER_BOUND('',#497,.T.);
#281=FACE_OUTER_BOUND('',#498,.T.);
#282=FACE_OUTER_BOUND('',#499,.T.);
#283=FACE_OUTER_BOUND('',#500,.T.);
#284=FACE_OUTER_BOUND('',#501,.T.);
#285=FACE_OUTER_BOUND('',#502,.T.);
#286=FACE_OUTER_BOUND('',#503,.T.);
#287=FACE_OUTER_BOUND('',#504,.T.);
#288=FACE_OUTER_BOUND('',#505,.T.);
#289=FACE_OUTER_BOUND('',#506,.T.);
#290=FACE_OUTER_BOUND('',#507,.T.);
#291=FACE_OUTER_BOUND('',#508,.T.);
#292=FACE_OUTER_BOUND('',#509,.T.);
#293=FACE_OUTER_BOUND('',#510,.T.);
#294=FACE_OUTER_BOUND('',#511,.T.);
#295=FACE_OUTER_BOUND('',#512,.T.);
#296=FACE_OUTER_BOUND('',#513,.T.);
#297=FACE_OUTER_BOUND('',#514,.T.);
#298=FACE_OUTER_BOUND('',#515,.T.);
#299=FACE_OUTER_BOUND('',#516,.T.);
#300=FACE_OUTER_BOUND('',#517,.T.);
#301=FACE_OUTER_BOUND('',#518,.T.);
#302=FACE_OUTER_BOUND('',#519,.T.);
#303=FACE_OUTER_BOUND('',#520,.T.);
#304=FACE_OUTER_BOUND('',#521,.T.);
#305=FACE_OUTER_BOUND('',#522,.T.);
#306=FACE_OUTER_BOUND('',#523,.T.);
#307=FACE_OUTER_BOUND('',#524,.T.);
#308=FACE_OUTER_BOUND('',#525,.T.);
#309=FACE_OUTER_BOUND('',#526,.T.);
#310=FACE_OUTER_BOUND('',#527,.T.);
#311=FACE_OUTER_BOUND('',#528,.T.);
#312=FACE_OUTER_BOUND('',#529,.T.);
#313=FACE_OUTER_BOUND('',#530,.T.);
#314=FACE_OUTER_BOUND('',#531,.T.);
#315=FACE_OUTER_BOUND('',#532,.T.);
#316=FACE_OUTER_BOUND('',#533,.T.);
#317=FACE_OUTER_BOUND('',#534,.T.);
#318=FACE_OUTER_BOUND('',#535,.T.);
#319=FACE_OUTER_BOUND('',#536,.T.);
#320=FACE_OUTER_BOUND('',#537,.T.);
#321=FACE_OUTER_BOUND('',#538,.T.);
#322=FACE_OUTER_BOUND('',#539,.T.);
#323=FACE_OUTER_BOUND('',#540,.T.);
#324=FACE_OUTER_BOUND('',#541,.T.);
#325=FACE_OUTER_BOUND('',#542,.T.);
#326=FACE_OUTER_BOUND('',#543,.T.);
#327=FACE_OUTER_BOUND('',#544,.T.);
#328=FACE_OUTER_BOUND('',#545,.T.);
#329=FACE_OUTER_BOUND('',#546,.T.);
#330=FACE_OUTER_BOUND('',#547,.T.);
#331=FACE_OUTER_BOUND('',#548,.T.);
#332=FACE_OUTER_BOUND('',#549,.T.);
#333=FACE_OUTER_BOUND('',#550,.T.);
#334=FACE_OUTER_BOUND('',#551,.T.);
#335=FACE_OUTER_BOUND('',#552,.T.);
#336=FACE_OUTER_BOUND('',#553,.T.);
#337=FACE_OUTER_BOUND('',#554,.T.);
#338=FACE_OUTER_BOUND('',#555,.T.);
#339=FACE_OUTER_BOUND('',#556,.T.);
#340=FACE_OUTER_BOUND('',#557,.T.);
#341=FACE_OUTER_BOUND('',#558,.T.);
#342=FACE_OUTER_BOUND('',#559,.T.);
#343=FACE_OUTER_BOUND('',#560,.T.);
#344=FACE_OUTER_BOUND('',#561,.T.);
#345=FACE_OUTER_BOUND('',#562,.T.);
#346=FACE_OUTER_BOUND('',#563,.T.);
#347=FACE_OUTER_BOUND('',#564,.T.);
#348=FACE_OUTER_BOUND('',#565,.T.);
#349=FACE_OUTER_BOUND('',#566,.T.);
#350=FACE_OUTER_BOUND('',#567,.T.);
#351=FACE_OUTER_BOUND('',#568,.T.);
#352=FACE_OUTER_BOUND('',#569,.T.);
#353=FACE_OUTER_BOUND('',#570,.T.);
#354=FACE_OUTER_BOUND('',#571,.T.);
#355=FACE_OUTER_BOUND('',#572,.T.);
#356=FACE_OUTER_BOUND('',#573,.T.);
#357=FACE_OUTER_BOUND('',#574,.T.);
#358=FACE_OUTER_BOUND('',#575,.T.);
#359=FACE_OUTER_BOUND('',#576,.T.);
#360=FACE_OUTER_BOUND('',#577,.T.);
#361=FACE_OUTER_BOUND('',#578,.T.);
#362=FACE_OUTER_BOUND('',#579,.T.);
#363=FACE_OUTER_BOUND('',#580,.T.);
#364=FACE_OUTER_BOUND('',#581,.T.);
#365=FACE_OUTER_BOUND('',#582,.T.);
#366=FACE_OUTER_BOUND('',#583,.T.);
#367=FACE_OUTER_BOUND('',#584,.T.);
#368=FACE_OUTER_BOUND('',#585,.T.);
#369=FACE_OUTER_BOUND('',#586,.T.);
#370=FACE_OUTER_BOUND('',#587,.T.);
#371=FACE_OUTER_BOUND('',#588,.T.);
#372=FACE_OUTER_BOUND('',#589,.T.);
#373=FACE_OUTER_BOUND('',#590,.T.);
#374=FACE_OUTER_BOUND('',#591,.T.);
#375=FACE_OUTER_BOUND('',#592,.T.);
#376=FACE_OUTER_BOUND('',#593,.T.);
#377=FACE_OUTER_BOUND('',#594,.T.);
#378=FACE_OUTER_BOUND('',#595,.T.);
#379=FACE_OUTER_BOUND('',#596,.T.);
#380=FACE_OUTER_BOUND('',#597,.T.);
#381=FACE_OUTER_BOUND('',#598,.T.);
#382=FACE_OUTER_BOUND('',#599,.T.);
#383=FACE_OUTER_BOUND('',#600,.T.);
#384=FACE_OUTER_BOUND('',#601,.T.);
#385=FACE_OUTER_BOUND('',#602,.T.);
#386=FACE_OUTER_BOUND('',#603,.T.);
#387=FACE_OUTER_BOUND('',#604,.T.);
#388=FACE_OUTER_BOUND('',#605,.T.);
#389=FACE_OUTER_BOUND('',#606,.T.);
#390=FACE_OUTER_BOUND('',#607,.T.);
#391=FACE_OUTER_BOUND('',#608,.T.);
#392=FACE_OUTER_BOUND('',#609,.T.);
#393=FACE_OUTER_BOUND('',#610,.T.);
#394=FACE_OUTER_BOUND('',#611,.T.);
#395=FACE_OUTER_BOUND('',#618,.T.);
#396=FACE_OUTER_BOUND('',#619,.T.);
#397=FACE_OUTER_BOUND('',#620,.T.);
#398=FACE_OUTER_BOUND('',#621,.T.);
#399=FACE_OUTER_BOUND('',#622,.T.);
#400=FACE_OUTER_BOUND('',#623,.T.);
#401=FACE_OUTER_BOUND('',#624,.T.);
#402=FACE_OUTER_BOUND('',#626,.T.);
#403=FACE_OUTER_BOUND('',#627,.T.);
#404=FACE_OUTER_BOUND('',#629,.T.);
#405=FACE_OUTER_BOUND('',#630,.T.);
#406=FACE_OUTER_BOUND('',#632,.T.);
#407=FACE_OUTER_BOUND('',#633,.T.);
#408=FACE_OUTER_BOUND('',#635,.T.);
#409=FACE_OUTER_BOUND('',#636,.T.);
#410=FACE_OUTER_BOUND('',#637,.T.);
#411=FACE_OUTER_BOUND('',#638,.T.);
#412=FACE_OUTER_BOUND('',#639,.T.);
#413=FACE_OUTER_BOUND('',#640,.T.);
#414=FACE_OUTER_BOUND('',#641,.T.);
#415=FACE_OUTER_BOUND('',#642,.T.);
#416=FACE_OUTER_BOUND('',#643,.T.);
#417=FACE_OUTER_BOUND('',#644,.T.);
#418=FACE_OUTER_BOUND('',#645,.T.);
#419=FACE_OUTER_BOUND('',#646,.T.);
#420=FACE_OUTER_BOUND('',#647,.T.);
#421=FACE_OUTER_BOUND('',#648,.T.);
#422=FACE_OUTER_BOUND('',#649,.T.);
#423=FACE_OUTER_BOUND('',#650,.T.);
#424=FACE_OUTER_BOUND('',#651,.T.);
#425=FACE_OUTER_BOUND('',#652,.T.);
#426=FACE_OUTER_BOUND('',#653,.T.);
#427=EDGE_LOOP('',(#2507,#2508,#2509,#2510));
#428=EDGE_LOOP('',(#2511,#2512,#2513,#2514));
#429=EDGE_LOOP('',(#2515,#2516,#2517,#2518));
#430=EDGE_LOOP('',(#2519,#2520,#2521,#2522));
#431=EDGE_LOOP('',(#2523,#2524,#2525,#2526));
#432=EDGE_LOOP('',(#2527,#2528,#2529,#2530));
#433=EDGE_LOOP('',(#2531,#2532,#2533,#2534));
#434=EDGE_LOOP('',(#2535,#2536,#2537,#2538));
#435=EDGE_LOOP('',(#2539,#2540,#2541,#2542,#2543,#2544,#2545,#2546,#2547,
#2548,#2549,#2550,#2551,#2552,#2553,#2554,#2555,#2556,#2557,#2558,#2559,
#2560,#2561,#2562,#2563,#2564,#2565,#2566,#2567,#2568,#2569,#2570,#2571,
#2572,#2573,#2574,#2575,#2576,#2577,#2578,#2579,#2580,#2581,#2582,#2583,
#2584,#2585,#2586,#2587,#2588,#2589,#2590,#2591,#2592,#2593,#2594,#2595,
#2596,#2597,#2598,#2599,#2600,#2601,#2602,#2603,#2604,#2605,#2606,#2607,
#2608,#2609,#2610,#2611,#2612,#2613,#2614,#2615,#2616,#2617,#2618,#2619,
#2620,#2621,#2622,#2623,#2624,#2625,#2626,#2627,#2628,#2629,#2630,#2631,
#2632,#2633,#2634,#2635,#2636,#2637,#2638,#2639,#2640,#2641,#2642,#2643,
#2644,#2645,#2646,#2647,#2648,#2649,#2650,#2651,#2652,#2653,#2654,#2655,
#2656,#2657,#2658,#2659,#2660,#2661,#2662,#2663,#2664,#2665,#2666,#2667,
#2668,#2669,#2670,#2671,#2672,#2673,#2674,#2675,#2676,#2677,#2678,#2679,
#2680,#2681,#2682,#2683,#2684,#2685,#2686,#2687,#2688,#2689,#2690,#2691,
#2692,#2693,#2694,#2695,#2696,#2697,#2698,#2699,#2700,#2701,#2702,#2703,
#2704,#2705,#2706,#2707,#2708,#2709));
#436=EDGE_LOOP('',(#2710));
#437=EDGE_LOOP('',(#2711,#2712,#2713));
#438=EDGE_LOOP('',(#2714));
#439=EDGE_LOOP('',(#2715));
#440=EDGE_LOOP('',(#2716,#2717,#2718));
#441=EDGE_LOOP('',(#2719,#2720,#2721));
#442=EDGE_LOOP('',(#2722,#2723,#2724,#2725));
#443=EDGE_LOOP('',(#2726,#2727,#2728,#2729));
#444=EDGE_LOOP('',(#2730,#2731,#2732,#2733));
#445=EDGE_LOOP('',(#2734,#2735,#2736,#2737));
#446=EDGE_LOOP('',(#2738,#2739,#2740,#2741));
#447=EDGE_LOOP('',(#2742,#2743,#2744,#2745));
#448=EDGE_LOOP('',(#2746,#2747,#2748,#2749));
#449=EDGE_LOOP('',(#2750,#2751,#2752,#2753));
#450=EDGE_LOOP('',(#2754,#2755,#2756,#2757));
#451=EDGE_LOOP('',(#2758,#2759,#2760,#2761));
#452=EDGE_LOOP('',(#2762,#2763,#2764,#2765));
#453=EDGE_LOOP('',(#2766,#2767,#2768,#2769));
#454=EDGE_LOOP('',(#2770,#2771,#2772,#2773));
#455=EDGE_LOOP('',(#2774,#2775,#2776,#2777));
#456=EDGE_LOOP('',(#2778,#2779,#2780,#2781));
#457=EDGE_LOOP('',(#2782,#2783,#2784,#2785));
#458=EDGE_LOOP('',(#2786,#2787,#2788,#2789));
#459=EDGE_LOOP('',(#2790,#2791,#2792,#2793));
#460=EDGE_LOOP('',(#2794,#2795,#2796,#2797));
#461=EDGE_LOOP('',(#2798,#2799,#2800,#2801));
#462=EDGE_LOOP('',(#2802,#2803,#2804,#2805));
#463=EDGE_LOOP('',(#2806,#2807,#2808,#2809));
#464=EDGE_LOOP('',(#2810,#2811,#2812,#2813));
#465=EDGE_LOOP('',(#2814,#2815,#2816,#2817));
#466=EDGE_LOOP('',(#2818,#2819,#2820,#2821));
#467=EDGE_LOOP('',(#2822,#2823,#2824,#2825));
#468=EDGE_LOOP('',(#2826,#2827,#2828,#2829));
#469=EDGE_LOOP('',(#2830,#2831,#2832,#2833));
#470=EDGE_LOOP('',(#2834,#2835,#2836,#2837));
#471=EDGE_LOOP('',(#2838,#2839,#2840,#2841));
#472=EDGE_LOOP('',(#2842,#2843,#2844,#2845));
#473=EDGE_LOOP('',(#2846,#2847,#2848,#2849));
#474=EDGE_LOOP('',(#2850,#2851,#2852,#2853));
#475=EDGE_LOOP('',(#2854,#2855,#2856,#2857));
#476=EDGE_LOOP('',(#2858,#2859,#2860,#2861));
#477=EDGE_LOOP('',(#2862,#2863,#2864,#2865));
#478=EDGE_LOOP('',(#2866,#2867,#2868,#2869));
#479=EDGE_LOOP('',(#2870,#2871,#2872,#2873));
#480=EDGE_LOOP('',(#2874,#2875,#2876,#2877));
#481=EDGE_LOOP('',(#2878,#2879,#2880,#2881));
#482=EDGE_LOOP('',(#2882,#2883,#2884,#2885));
#483=EDGE_LOOP('',(#2886,#2887,#2888,#2889));
#484=EDGE_LOOP('',(#2890,#2891,#2892,#2893));
#485=EDGE_LOOP('',(#2894,#2895,#2896,#2897));
#486=EDGE_LOOP('',(#2898,#2899,#2900,#2901));
#487=EDGE_LOOP('',(#2902,#2903,#2904,#2905));
#488=EDGE_LOOP('',(#2906,#2907,#2908,#2909));
#489=EDGE_LOOP('',(#2910,#2911,#2912,#2913));
#490=EDGE_LOOP('',(#2914,#2915,#2916,#2917));
#491=EDGE_LOOP('',(#2918,#2919,#2920,#2921));
#492=EDGE_LOOP('',(#2922,#2923,#2924,#2925));
#493=EDGE_LOOP('',(#2926,#2927,#2928,#2929));
#494=EDGE_LOOP('',(#2930,#2931,#2932,#2933));
#495=EDGE_LOOP('',(#2934,#2935,#2936,#2937));
#496=EDGE_LOOP('',(#2938,#2939,#2940,#2941));
#497=EDGE_LOOP('',(#2942,#2943,#2944,#2945));
#498=EDGE_LOOP('',(#2946,#2947,#2948,#2949));
#499=EDGE_LOOP('',(#2950,#2951,#2952,#2953));
#500=EDGE_LOOP('',(#2954,#2955,#2956,#2957));
#501=EDGE_LOOP('',(#2958,#2959,#2960,#2961));
#502=EDGE_LOOP('',(#2962,#2963,#2964,#2965));
#503=EDGE_LOOP('',(#2966,#2967,#2968,#2969));
#504=EDGE_LOOP('',(#2970,#2971,#2972,#2973));
#505=EDGE_LOOP('',(#2974,#2975,#2976,#2977));
#506=EDGE_LOOP('',(#2978,#2979,#2980,#2981));
#507=EDGE_LOOP('',(#2982,#2983,#2984,#2985));
#508=EDGE_LOOP('',(#2986,#2987,#2988,#2989));
#509=EDGE_LOOP('',(#2990,#2991,#2992,#2993));
#510=EDGE_LOOP('',(#2994,#2995,#2996,#2997));
#511=EDGE_LOOP('',(#2998,#2999,#3000,#3001));
#512=EDGE_LOOP('',(#3002,#3003,#3004,#3005));
#513=EDGE_LOOP('',(#3006,#3007,#3008,#3009));
#514=EDGE_LOOP('',(#3010,#3011,#3012,#3013));
#515=EDGE_LOOP('',(#3014,#3015,#3016,#3017));
#516=EDGE_LOOP('',(#3018,#3019,#3020,#3021));
#517=EDGE_LOOP('',(#3022,#3023,#3024,#3025));
#518=EDGE_LOOP('',(#3026,#3027,#3028,#3029));
#519=EDGE_LOOP('',(#3030,#3031,#3032,#3033));
#520=EDGE_LOOP('',(#3034,#3035,#3036,#3037));
#521=EDGE_LOOP('',(#3038,#3039,#3040,#3041));
#522=EDGE_LOOP('',(#3042,#3043,#3044,#3045));
#523=EDGE_LOOP('',(#3046,#3047,#3048,#3049));
#524=EDGE_LOOP('',(#3050,#3051,#3052,#3053));
#525=EDGE_LOOP('',(#3054,#3055,#3056,#3057));
#526=EDGE_LOOP('',(#3058,#3059,#3060,#3061));
#527=EDGE_LOOP('',(#3062,#3063,#3064,#3065));
#528=EDGE_LOOP('',(#3066,#3067,#3068,#3069));
#529=EDGE_LOOP('',(#3070,#3071,#3072,#3073));
#530=EDGE_LOOP('',(#3074,#3075,#3076,#3077));
#531=EDGE_LOOP('',(#3078,#3079,#3080,#3081));
#532=EDGE_LOOP('',(#3082,#3083,#3084,#3085));
#533=EDGE_LOOP('',(#3086,#3087,#3088,#3089));
#534=EDGE_LOOP('',(#3090,#3091,#3092,#3093));
#535=EDGE_LOOP('',(#3094,#3095,#3096,#3097));
#536=EDGE_LOOP('',(#3098,#3099,#3100,#3101));
#537=EDGE_LOOP('',(#3102,#3103,#3104,#3105));
#538=EDGE_LOOP('',(#3106,#3107,#3108,#3109));
#539=EDGE_LOOP('',(#3110,#3111,#3112,#3113));
#540=EDGE_LOOP('',(#3114,#3115,#3116,#3117));
#541=EDGE_LOOP('',(#3118,#3119,#3120,#3121));
#542=EDGE_LOOP('',(#3122,#3123,#3124,#3125));
#543=EDGE_LOOP('',(#3126,#3127,#3128,#3129));
#544=EDGE_LOOP('',(#3130,#3131,#3132,#3133));
#545=EDGE_LOOP('',(#3134,#3135,#3136,#3137));
#546=EDGE_LOOP('',(#3138,#3139,#3140,#3141));
#547=EDGE_LOOP('',(#3142,#3143,#3144,#3145));
#548=EDGE_LOOP('',(#3146,#3147,#3148,#3149));
#549=EDGE_LOOP('',(#3150,#3151,#3152,#3153));
#550=EDGE_LOOP('',(#3154,#3155,#3156,#3157));
#551=EDGE_LOOP('',(#3158,#3159,#3160,#3161));
#552=EDGE_LOOP('',(#3162,#3163,#3164,#3165));
#553=EDGE_LOOP('',(#3166,#3167,#3168,#3169));
#554=EDGE_LOOP('',(#3170,#3171,#3172,#3173));
#555=EDGE_LOOP('',(#3174,#3175,#3176,#3177));
#556=EDGE_LOOP('',(#3178,#3179,#3180,#3181,#3182,#3183));
#557=EDGE_LOOP('',(#3184,#3185,#3186,#3187,#3188,#3189));
#558=EDGE_LOOP('',(#3190,#3191,#3192,#3193));
#559=EDGE_LOOP('',(#3194,#3195,#3196,#3197));
#560=EDGE_LOOP('',(#3198,#3199,#3200,#3201,#3202,#3203));
#561=EDGE_LOOP('',(#3204,#3205,#3206,#3207,#3208,#3209,#3210,#3211,#3212,
#3213));
#562=EDGE_LOOP('',(#3214,#3215,#3216,#3217,#3218,#3219,#3220,#3221));
#563=EDGE_LOOP('',(#3222,#3223,#3224,#3225,#3226,#3227));
#564=EDGE_LOOP('',(#3228,#3229,#3230,#3231,#3232,#3233));
#565=EDGE_LOOP('',(#3234,#3235,#3236,#3237,#3238,#3239));
#566=EDGE_LOOP('',(#3240,#3241,#3242,#3243,#3244,#3245));
#567=EDGE_LOOP('',(#3246,#3247,#3248,#3249));
#568=EDGE_LOOP('',(#3250,#3251,#3252,#3253,#3254,#3255,#3256,#3257,#3258,
#3259));
#569=EDGE_LOOP('',(#3260,#3261,#3262,#3263,#3264,#3265));
#570=EDGE_LOOP('',(#3266,#3267,#3268,#3269));
#571=EDGE_LOOP('',(#3270,#3271,#3272,#3273));
#572=EDGE_LOOP('',(#3274,#3275,#3276,#3277,#3278,#3279));
#573=EDGE_LOOP('',(#3280,#3281,#3282,#3283,#3284,#3285,#3286,#3287,#3288,
#3289));
#574=EDGE_LOOP('',(#3290,#3291,#3292,#3293,#3294,#3295,#3296,#3297));
#575=EDGE_LOOP('',(#3298,#3299,#3300,#3301,#3302,#3303,#3304,#3305));
#576=EDGE_LOOP('',(#3306,#3307,#3308,#3309,#3310,#3311));
#577=EDGE_LOOP('',(#3312,#3313,#3314,#3315,#3316,#3317));
#578=EDGE_LOOP('',(#3318,#3319,#3320,#3321,#3322,#3323));
#579=EDGE_LOOP('',(#3324,#3325,#3326,#3327,#3328,#3329));
#580=EDGE_LOOP('',(#3330,#3331,#3332,#3333));
#581=EDGE_LOOP('',(#3334,#3335,#3336,#3337,#3338,#3339));
#582=EDGE_LOOP('',(#3340,#3341,#3342,#3343,#3344,#3345));
#583=EDGE_LOOP('',(#3346,#3347,#3348,#3349,#3350,#3351));
#584=EDGE_LOOP('',(#3352,#3353,#3354));
#585=EDGE_LOOP('',(#3355,#3356,#3357));
#586=EDGE_LOOP('',(#3358,#3359,#3360));
#587=EDGE_LOOP('',(#3361,#3362,#3363,#3364,#3365,#3366));
#588=EDGE_LOOP('',(#3367,#3368,#3369,#3370,#3371,#3372,#3373));
#589=EDGE_LOOP('',(#3374,#3375,#3376));
#590=EDGE_LOOP('',(#3377,#3378,#3379,#3380,#3381,#3382,#3383,#3384));
#591=EDGE_LOOP('',(#3385,#3386,#3387,#3388));
#592=EDGE_LOOP('',(#3389,#3390,#3391));
#593=EDGE_LOOP('',(#3392,#3393,#3394,#3395,#3396,#3397,#3398,#3399,#3400,
#3401));
#594=EDGE_LOOP('',(#3402,#3403));
#595=EDGE_LOOP('',(#3404,#3405,#3406,#3407,#3408,#3409,#3410));
#596=EDGE_LOOP('',(#3411,#3412,#3413));
#597=EDGE_LOOP('',(#3414,#3415,#3416,#3417,#3418,#3419,#3420));
#598=EDGE_LOOP('',(#3421,#3422,#3423,#3424,#3425,#3426,#3427,#3428,#3429,
#3430,#3431,#3432,#3433,#3434,#3435));
#599=EDGE_LOOP('',(#3436,#3437,#3438,#3439,#3440));
#600=EDGE_LOOP('',(#3441,#3442,#3443,#3444,#3445));
#601=EDGE_LOOP('',(#3446,#3447,#3448));
#602=EDGE_LOOP('',(#3449,#3450,#3451,#3452,#3453,#3454,#3455,#3456,#3457,
#3458));
#603=EDGE_LOOP('',(#3459,#3460,#3461,#3462));
#604=EDGE_LOOP('',(#3463,#3464,#3465,#3466,#3467,#3468,#3469,#3470,#3471,
#3472));
#605=EDGE_LOOP('',(#3473,#3474,#3475,#3476,#3477,#3478,#3479,#3480,#3481,
#3482,#3483,#3484,#3485,#3486,#3487));
#606=EDGE_LOOP('',(#3488,#3489,#3490,#3491,#3492,#3493,#3494,#3495,#3496,
#3497,#3498,#3499,#3500));
#607=EDGE_LOOP('',(#3501,#3502,#3503,#3504,#3505,#3506,#3507,#3508,#3509,
#3510,#3511,#3512,#3513,#3514));
#608=EDGE_LOOP('',(#3515,#3516,#3517,#3518));
#609=EDGE_LOOP('',(#3519,#3520,#3521,#3522,#3523,#3524));
#610=EDGE_LOOP('',(#3525,#3526,#3527,#3528,#3529,#3530));
#611=EDGE_LOOP('',(#3531,#3532,#3533,#3534,#3535,#3536,#3537,#3538,#3539,
#3540,#3541,#3542,#3543,#3544,#3545,#3546,#3547,#3548,#3549,#3550,#3551,
#3552,#3553,#3554,#3555,#3556,#3557,#3558,#3559,#3560,#3561,#3562,#3563,
#3564,#3565,#3566));
#612=EDGE_LOOP('',(#3567,#3568,#3569,#3570));
#613=EDGE_LOOP('',(#3571));
#614=EDGE_LOOP('',(#3572));
#615=EDGE_LOOP('',(#3573));
#616=EDGE_LOOP('',(#3574));
#617=EDGE_LOOP('',(#3575,#3576,#3577,#3578));
#618=EDGE_LOOP('',(#3579,#3580,#3581,#3582));
#619=EDGE_LOOP('',(#3583,#3584,#3585,#3586,#3587,#3588));
#620=EDGE_LOOP('',(#3589,#3590,#3591,#3592,#3593,#3594));
#621=EDGE_LOOP('',(#3595,#3596,#3597,#3598,#3599,#3600,#3601,#3602));
#622=EDGE_LOOP('',(#3603,#3604,#3605,#3606));
#623=EDGE_LOOP('',(#3607,#3608,#3609,#3610));
#624=EDGE_LOOP('',(#3611));
#625=EDGE_LOOP('',(#3612));
#626=EDGE_LOOP('',(#3613,#3614,#3615,#3616));
#627=EDGE_LOOP('',(#3617));
#628=EDGE_LOOP('',(#3618));
#629=EDGE_LOOP('',(#3619,#3620,#3621,#3622));
#630=EDGE_LOOP('',(#3623));
#631=EDGE_LOOP('',(#3624));
#632=EDGE_LOOP('',(#3625,#3626,#3627,#3628));
#633=EDGE_LOOP('',(#3629));
#634=EDGE_LOOP('',(#3630));
#635=EDGE_LOOP('',(#3631,#3632,#3633,#3634,#3635,#3636,#3637,#3638,#3639,
#3640,#3641,#3642));
#636=EDGE_LOOP('',(#3643,#3644,#3645,#3646));
#637=EDGE_LOOP('',(#3647,#3648,#3649,#3650));
#638=EDGE_LOOP('',(#3651,#3652,#3653,#3654));
#639=EDGE_LOOP('',(#3655,#3656,#3657,#3658));
#640=EDGE_LOOP('',(#3659,#3660,#3661,#3662,#3663,#3664,#3665,#3666,#3667,
#3668,#3669,#3670,#3671,#3672));
#641=EDGE_LOOP('',(#3673,#3674,#3675,#3676));
#642=EDGE_LOOP('',(#3677,#3678,#3679,#3680,#3681,#3682));
#643=EDGE_LOOP('',(#3683,#3684,#3685,#3686,#3687,#3688));
#644=EDGE_LOOP('',(#3689,#3690,#3691,#3692,#3693,#3694));
#645=EDGE_LOOP('',(#3695,#3696,#3697,#3698,#3699,#3700));
#646=EDGE_LOOP('',(#3701,#3702,#3703,#3704,#3705,#3706,#3707,#3708));
#647=EDGE_LOOP('',(#3709,#3710,#3711,#3712,#3713,#3714,#3715,#3716));
#648=EDGE_LOOP('',(#3717,#3718,#3719,#3720));
#649=EDGE_LOOP('',(#3721,#3722,#3723,#3724));
#650=EDGE_LOOP('',(#3725,#3726));
#651=EDGE_LOOP('',(#3727,#3728));
#652=EDGE_LOOP('',(#3729,#3730,#3731,#3732));
#653=EDGE_LOOP('',(#3733,#3734,#3735,#3736));
#654=B_SPLINE_CURVE_WITH_KNOTS('',3,(#4938,#4939,#4940,#4941),
 .UNSPECIFIED.,.F.,.F.,(4,4),(0.,0.402474975592183),.UNSPECIFIED.);
#655=B_SPLINE_CURVE_WITH_KNOTS('',3,(#4944,#4945,#4946,#4947),
 .UNSPECIFIED.,.F.,.F.,(4,4),(-0.402474975589569,0.),.UNSPECIFIED.);
#656=B_SPLINE_CURVE_WITH_KNOTS('',3,(#4960,#4961,#4962,#4963),
 .UNSPECIFIED.,.F.,.F.,(4,4),(0.,0.417215078328424),.UNSPECIFIED.);
#657=B_SPLINE_CURVE_WITH_KNOTS('',3,(#4966,#4967,#4968,#4969),
 .UNSPECIFIED.,.F.,.F.,(4,4),(-0.417215078328395,0.),.UNSPECIFIED.);
#658=B_SPLINE_CURVE_WITH_KNOTS('',3,(#4982,#4983,#4984,#4985),
 .UNSPECIFIED.,.F.,.F.,(4,4),(-1.,-0.34609361002115),.UNSPECIFIED.);
#659=B_SPLINE_CURVE_WITH_KNOTS('',3,(#4988,#4989,#4990,#4991),
 .UNSPECIFIED.,.F.,.F.,(4,4),(0.34609361002115,1.),.UNSPECIFIED.);
#660=B_SPLINE_CURVE_WITH_KNOTS('',3,(#5004,#5005,#5006,#5007),
 .UNSPECIFIED.,.F.,.F.,(4,4),(0.265584279601602,0.741586293596641),
 .UNSPECIFIED.);
#661=B_SPLINE_CURVE_WITH_KNOTS('',3,(#5010,#5011,#5012,#5013),
 .UNSPECIFIED.,.F.,.F.,(4,4),(0.265584279601679,0.741586293596641),
 .UNSPECIFIED.);
#662=B_SPLINE_CURVE_WITH_KNOTS('',3,(#5026,#5027,#5028,#5029),
 .UNSPECIFIED.,.F.,.F.,(4,4),(0.,0.259276480834041),.UNSPECIFIED.);
#663=B_SPLINE_CURVE_WITH_KNOTS('',3,(#5032,#5033,#5034,#5035),
 .UNSPECIFIED.,.F.,.F.,(4,4),(0.,0.259276480834041),.UNSPECIFIED.);
#664=B_SPLINE_CURVE_WITH_KNOTS('',3,(#5048,#5049,#5050,#5051),
 .UNSPECIFIED.,.F.,.F.,(4,4),(0.226235484151641,0.739605511582023),
 .UNSPECIFIED.);
#665=B_SPLINE_CURVE_WITH_KNOTS('',3,(#5054,#5055,#5056,#5057),
 .UNSPECIFIED.,.F.,.F.,(4,4),(0.226235484151645,0.739605511588128),
 .UNSPECIFIED.);
#666=B_SPLINE_CURVE_WITH_KNOTS('',3,(#5069,#5070,#5071,#5072),
 .UNSPECIFIED.,.F.,.F.,(4,4),(9.99999967643258E-7,0.512362482603509),
 .UNSPECIFIED.);
#667=B_SPLINE_CURVE_WITH_KNOTS('',3,(#5073,#5074,#5075,#5076),
 .UNSPECIFIED.,.F.,.F.,(4,4),(-0.511225241918829,0.),.UNSPECIFIED.);
#668=B_SPLINE_CURVE_WITH_KNOTS('',3,(#5089,#5090,#5091,#5092),
 .UNSPECIFIED.,.F.,.F.,(4,4),(0.,0.763759717357576),.UNSPECIFIED.);
#669=B_SPLINE_CURVE_WITH_KNOTS('',3,(#5095,#5096,#5097,#5098),
 .UNSPECIFIED.,.F.,.F.,(4,4),(-0.763759717357579,0.),.UNSPECIFIED.);
#670=B_SPLINE_CURVE_WITH_KNOTS('',3,(#5107,#5108,#5109,#5110),
 .UNSPECIFIED.,.F.,.F.,(4,4),(0.,1.),.UNSPECIFIED.);
#671=B_SPLINE_CURVE_WITH_KNOTS('',3,(#5112,#5113,#5114,#5115),
 .UNSPECIFIED.,.F.,.F.,(4,4),(0.,1.),.UNSPECIFIED.);
#672=B_SPLINE_CURVE_WITH_KNOTS('',3,(#5117,#5118,#5119,#5120),
 .UNSPECIFIED.,.F.,.F.,(4,4),(0.,0.85293804064242),.UNSPECIFIED.);
#673=B_SPLINE_CURVE_WITH_KNOTS('',3,(#5130,#5131,#5132,#5133),
 .UNSPECIFIED.,.F.,.F.,(4,4),(0.38201868708504,1.),.UNSPECIFIED.);
#674=B_SPLINE_CURVE_WITH_KNOTS('',3,(#5135,#5136,#5137,#5138),
 .UNSPECIFIED.,.F.,.F.,(4,4),(0.,1.),.UNSPECIFIED.);
#675=B_SPLINE_CURVE_WITH_KNOTS('',3,(#5140,#5141,#5142,#5143),
 .UNSPECIFIED.,.F.,.F.,(4,4),(0.,0.994351407134282),.UNSPECIFIED.);
#676=B_SPLINE_CURVE_WITH_KNOTS('',3,(#5147,#5148,#5149,#5150),
 .UNSPECIFIED.,.F.,.F.,(4,4),(0.,0.699155636816914),.UNSPECIFIED.);
#677=B_SPLINE_CURVE_WITH_KNOTS('',3,(#5152,#5153,#5154,#5155),
 .UNSPECIFIED.,.F.,.F.,(4,4),(2.42989042230658E-9,1.),.UNSPECIFIED.);
#678=B_SPLINE_CURVE_WITH_KNOTS('',3,(#5159,#5160,#5161,#5162),
 .UNSPECIFIED.,.F.,.F.,(4,4),(0.,1.),.UNSPECIFIED.);
#679=B_SPLINE_CURVE_WITH_KNOTS('',3,(#5164,#5165,#5166,#5167),
 .UNSPECIFIED.,.F.,.F.,(4,4),(0.,1.),.UNSPECIFIED.);
#680=B_SPLINE_CURVE_WITH_KNOTS('',3,(#5169,#5170,#5171,#5172),
 .UNSPECIFIED.,.F.,.F.,(4,4),(0.,1.),.UNSPECIFIED.);
#681=B_SPLINE_CURVE_WITH_KNOTS('',3,(#5174,#5175,#5176,#5177),
 .UNSPECIFIED.,.F.,.F.,(4,4),(0.,1.),.UNSPECIFIED.);
#682=B_SPLINE_CURVE_WITH_KNOTS('',3,(#5179,#5180,#5181,#5182),
 .UNSPECIFIED.,.F.,.F.,(4,4),(0.,1.),.UNSPECIFIED.);
#683=B_SPLINE_CURVE_WITH_KNOTS('',3,(#5184,#5185,#5186,#5187),
 .UNSPECIFIED.,.F.,.F.,(4,4),(0.,1.),.UNSPECIFIED.);
#684=B_SPLINE_CURVE_WITH_KNOTS('',3,(#5189,#5190,#5191,#5192),
 .UNSPECIFIED.,.F.,.F.,(4,4),(0.,1.),.UNSPECIFIED.);
#685=B_SPLINE_CURVE_WITH_KNOTS('',3,(#5194,#5195,#5196,#5197),
 .UNSPECIFIED.,.F.,.F.,(4,4),(0.239930495120944,1.),.UNSPECIFIED.);
#686=B_SPLINE_CURVE_WITH_KNOTS('',3,(#5203,#5204,#5205,#5206),
 .UNSPECIFIED.,.F.,.F.,(4,4),(0.,0.206693380364793),.UNSPECIFIED.);
#687=B_SPLINE_CURVE_WITH_KNOTS('',3,(#5208,#5209,#5210,#5211),
 .UNSPECIFIED.,.F.,.F.,(4,4),(0.,1.),.UNSPECIFIED.);
#688=B_SPLINE_CURVE_WITH_KNOTS('',3,(#5213,#5214,#5215,#5216),
 .UNSPECIFIED.,.F.,.F.,(4,4),(0.,1.),.UNSPECIFIED.);
#689=B_SPLINE_CURVE_WITH_KNOTS('',3,(#5218,#5219,#5220,#5221),
 .UNSPECIFIED.,.F.,.F.,(4,4),(0.,1.),.UNSPECIFIED.);
#690=B_SPLINE_CURVE_WITH_KNOTS('',3,(#5223,#5224,#5225,#5226),
 .UNSPECIFIED.,.F.,.F.,(4,4),(0.,1.),.UNSPECIFIED.);
#691=B_SPLINE_CURVE_WITH_KNOTS('',3,(#5228,#5229,#5230,#5231),
 .UNSPECIFIED.,.F.,.F.,(4,4),(0.,1.),.UNSPECIFIED.);
#692=B_SPLINE_CURVE_WITH_KNOTS('',3,(#5233,#5234,#5235,#5236),
 .UNSPECIFIED.,.F.,.F.,(4,4),(0.,1.),.UNSPECIFIED.);
#693=B_SPLINE_CURVE_WITH_KNOTS('',3,(#5238,#5239,#5240,#5241),
 .UNSPECIFIED.,.F.,.F.,(4,4),(0.,1.),.UNSPECIFIED.);
#694=B_SPLINE_CURVE_WITH_KNOTS('',3,(#5243,#5244,#5245,#5246),
 .UNSPECIFIED.,.F.,.F.,(4,4),(0.,1.),.UNSPECIFIED.);
#695=B_SPLINE_CURVE_WITH_KNOTS('',3,(#5250,#5251,#5252,#5253),
 .UNSPECIFIED.,.F.,.F.,(4,4),(0.,0.999999982011204),.UNSPECIFIED.);
#696=B_SPLINE_CURVE_WITH_KNOTS('',3,(#5255,#5256,#5257,#5258),
 .UNSPECIFIED.,.F.,.F.,(4,4),(0.,1.),.UNSPECIFIED.);
#697=B_SPLINE_CURVE_WITH_KNOTS('',3,(#5260,#5261,#5262,#5263),
 .UNSPECIFIED.,.F.,.F.,(4,4),(0.126479658080079,1.),.UNSPECIFIED.);
#698=B_SPLINE_CURVE_WITH_KNOTS('',3,(#5267,#5268,#5269,#5270),
 .UNSPECIFIED.,.F.,.F.,(4,4),(0.0498203832576816,1.),.UNSPECIFIED.);
#699=B_SPLINE_CURVE_WITH_KNOTS('',3,(#5272,#5273,#5274,#5275),
 .UNSPECIFIED.,.F.,.F.,(4,4),(0.,0.743960252798938),.UNSPECIFIED.);
#700=B_SPLINE_CURVE_WITH_KNOTS('',3,(#5281,#5282,#5283,#5284),
 .UNSPECIFIED.,.F.,.F.,(4,4),(0.,0.893314789878897),.UNSPECIFIED.);
#701=B_SPLINE_CURVE_WITH_KNOTS('',3,(#5290,#5291,#5292,#5293),
 .UNSPECIFIED.,.F.,.F.,(4,4),(0.,0.425878277540771),.UNSPECIFIED.);
#702=B_SPLINE_CURVE_WITH_KNOTS('',3,(#5295,#5296,#5297,#5298),
 .UNSPECIFIED.,.F.,.F.,(4,4),(0.,1.),.UNSPECIFIED.);
#703=B_SPLINE_CURVE_WITH_KNOTS('',3,(#5300,#5301,#5302,#5303),
 .UNSPECIFIED.,.F.,.F.,(4,4),(0.,2.0120084051894),.UNSPECIFIED.);
#704=B_SPLINE_CURVE_WITH_KNOTS('',3,(#5307,#5308,#5309,#5310),
 .UNSPECIFIED.,.F.,.F.,(4,4),(0.,0.777805513464946),.UNSPECIFIED.);
#705=B_SPLINE_CURVE_WITH_KNOTS('',3,(#5312,#5313,#5314,#5315),
 .UNSPECIFIED.,.F.,.F.,(4,4),(0.,1.),.UNSPECIFIED.);
#706=B_SPLINE_CURVE_WITH_KNOTS('',3,(#5317,#5318,#5319,#5320),
 .UNSPECIFIED.,.F.,.F.,(4,4),(0.,1.),.UNSPECIFIED.);
#707=B_SPLINE_CURVE_WITH_KNOTS('',3,(#5322,#5323,#5324,#5325),
 .UNSPECIFIED.,.F.,.F.,(4,4),(0.,1.),.UNSPECIFIED.);
#708=B_SPLINE_CURVE_WITH_KNOTS('',3,(#5327,#5328,#5329,#5330),
 .UNSPECIFIED.,.F.,.F.,(4,4),(0.,1.),.UNSPECIFIED.);
#709=B_SPLINE_CURVE_WITH_KNOTS('',3,(#5332,#5333,#5334,#5335),
 .UNSPECIFIED.,.F.,.F.,(4,4),(0.,0.117365763337903),.UNSPECIFIED.);
#710=B_SPLINE_CURVE_WITH_KNOTS('',3,(#5343,#5344,#5345,#5346),
 .UNSPECIFIED.,.F.,.F.,(4,4),(0.269148700422794,0.999999997570127),
 .UNSPECIFIED.);
#711=B_SPLINE_CURVE_WITH_KNOTS('',3,(#5350,#5351,#5352,#5353),
 .UNSPECIFIED.,.F.,.F.,(4,4),(0.,1.),.UNSPECIFIED.);
#712=B_SPLINE_CURVE_WITH_KNOTS('',3,(#5355,#5356,#5357,#5358),
 .UNSPECIFIED.,.F.,.F.,(4,4),(0.,1.),.UNSPECIFIED.);
#713=B_SPLINE_CURVE_WITH_KNOTS('',3,(#5360,#5361,#5362,#5363),
 .UNSPECIFIED.,.F.,.F.,(4,4),(0.,1.),.UNSPECIFIED.);
#714=B_SPLINE_CURVE_WITH_KNOTS('',3,(#5365,#5366,#5367,#5368),
 .UNSPECIFIED.,.F.,.F.,(4,4),(0.,1.),.UNSPECIFIED.);
#715=B_SPLINE_CURVE_WITH_KNOTS('',3,(#5370,#5371,#5372,#5373),
 .UNSPECIFIED.,.F.,.F.,(4,4),(0.,1.),.UNSPECIFIED.);
#716=B_SPLINE_CURVE_WITH_KNOTS('',3,(#5375,#5376,#5377,#5378),
 .UNSPECIFIED.,.F.,.F.,(4,4),(0.,1.),.UNSPECIFIED.);
#717=B_SPLINE_CURVE_WITH_KNOTS('',3,(#5380,#5381,#5382,#5383),
 .UNSPECIFIED.,.F.,.F.,(4,4),(0.,1.),.UNSPECIFIED.);
#718=B_SPLINE_CURVE_WITH_KNOTS('',3,(#5385,#5386,#5387,#5388),
 .UNSPECIFIED.,.F.,.F.,(4,4),(0.,1.),.UNSPECIFIED.);
#719=B_SPLINE_CURVE_WITH_KNOTS('',3,(#5390,#5391,#5392,#5393),
 .UNSPECIFIED.,.F.,.F.,(4,4),(0.,0.800094825512115),.UNSPECIFIED.);
#720=B_SPLINE_CURVE_WITH_KNOTS('',3,(#5397,#5398,#5399,#5400),
 .UNSPECIFIED.,.F.,.F.,(4,4),(0.251317204626015,1.),.UNSPECIFIED.);
#721=B_SPLINE_CURVE_WITH_KNOTS('',3,(#5402,#5403,#5404,#5405),
 .UNSPECIFIED.,.F.,.F.,(4,4),(0.,1.),.UNSPECIFIED.);
#722=B_SPLINE_CURVE_WITH_KNOTS('',3,(#5407,#5408,#5409,#5410),
 .UNSPECIFIED.,.F.,.F.,(4,4),(0.,1.),.UNSPECIFIED.);
#723=B_SPLINE_CURVE_WITH_KNOTS('',3,(#5412,#5413,#5414,#5415),
 .UNSPECIFIED.,.F.,.F.,(4,4),(0.,1.),.UNSPECIFIED.);
#724=B_SPLINE_CURVE_WITH_KNOTS('',3,(#5417,#5418,#5419,#5420),
 .UNSPECIFIED.,.F.,.F.,(4,4),(0.,1.),.UNSPECIFIED.);
#725=B_SPLINE_CURVE_WITH_KNOTS('',3,(#5422,#5423,#5424,#5425),
 .UNSPECIFIED.,.F.,.F.,(4,4),(0.,1.),.UNSPECIFIED.);
#726=B_SPLINE_CURVE_WITH_KNOTS('',3,(#5427,#5428,#5429,#5430),
 .UNSPECIFIED.,.F.,.F.,(4,4),(0.,1.),.UNSPECIFIED.);
#727=B_SPLINE_CURVE_WITH_KNOTS('',3,(#5432,#5433,#5434,#5435),
 .UNSPECIFIED.,.F.,.F.,(4,4),(0.,1.),.UNSPECIFIED.);
#728=B_SPLINE_CURVE_WITH_KNOTS('',3,(#5437,#5438,#5439,#5440),
 .UNSPECIFIED.,.F.,.F.,(4,4),(0.,1.),.UNSPECIFIED.);
#729=B_SPLINE_CURVE_WITH_KNOTS('',3,(#5444,#5445,#5446,#5447),
 .UNSPECIFIED.,.F.,.F.,(4,4),(0.,1.),.UNSPECIFIED.);
#730=B_SPLINE_CURVE_WITH_KNOTS('',3,(#5449,#5450,#5451,#5452),
 .UNSPECIFIED.,.F.,.F.,(4,4),(0.,0.57836691566917),.UNSPECIFIED.);
#731=B_SPLINE_CURVE_WITH_KNOTS('',3,(#5463,#5464,#5465,#5466),
 .UNSPECIFIED.,.F.,.F.,(4,4),(0.57248988188932,1.),.UNSPECIFIED.);
#732=B_SPLINE_CURVE_WITH_KNOTS('',3,(#5472,#5473,#5474,#5475),
 .UNSPECIFIED.,.F.,.F.,(4,4),(0.,0.809721077014783),.UNSPECIFIED.);
#733=B_SPLINE_CURVE_WITH_KNOTS('',3,(#5477,#5478,#5479,#5480),
 .UNSPECIFIED.,.F.,.F.,(4,4),(0.00561205021485525,1.),.UNSPECIFIED.);
#734=B_SPLINE_CURVE_WITH_KNOTS('',3,(#5484,#5485,#5486,#5487),
 .UNSPECIFIED.,.F.,.F.,(4,4),(0.,0.990067373567344),.UNSPECIFIED.);
#735=B_SPLINE_CURVE_WITH_KNOTS('',3,(#5489,#5490,#5491,#5492),
 .UNSPECIFIED.,.F.,.F.,(4,4),(0.,1.),.UNSPECIFIED.);
#736=B_SPLINE_CURVE_WITH_KNOTS('',3,(#5494,#5495,#5496,#5497),
 .UNSPECIFIED.,.F.,.F.,(4,4),(0.,1.),.UNSPECIFIED.);
#737=B_SPLINE_CURVE_WITH_KNOTS('',3,(#5499,#5500,#5501,#5502),
 .UNSPECIFIED.,.F.,.F.,(4,4),(0.623405627118332,1.),.UNSPECIFIED.);
#738=B_SPLINE_CURVE_WITH_KNOTS('',3,(#5510,#5511,#5512,#5513),
 .UNSPECIFIED.,.F.,.F.,(4,4),(0.,1.),.UNSPECIFIED.);
#739=B_SPLINE_CURVE_WITH_KNOTS('',3,(#5515,#5516,#5517,#5518),
 .UNSPECIFIED.,.F.,.F.,(4,4),(0.,1.),.UNSPECIFIED.);
#740=B_SPLINE_CURVE_WITH_KNOTS('',3,(#5534,#5535,#5536,#5537),
 .UNSPECIFIED.,.F.,.F.,(4,4),(0.36117521039381,0.738437431889152),
 .UNSPECIFIED.);
#741=B_SPLINE_CURVE_WITH_KNOTS('',3,(#5543,#5544,#5545,#5546),
 .UNSPECIFIED.,.F.,.F.,(4,4),(0.26923699529967,1.),.UNSPECIFIED.);
#742=B_SPLINE_CURVE_WITH_KNOTS('',2,(#5548,#5549,#5550),.UNSPECIFIED.,.F.,
 .F.,(3,3),(0.,1.),.UNSPECIFIED.);
#743=B_SPLINE_CURVE_WITH_KNOTS('',3,(#5552,#5553,#5554,#5555),
 .UNSPECIFIED.,.F.,.F.,(4,4),(0.,1.),.UNSPECIFIED.);
#744=B_SPLINE_CURVE_WITH_KNOTS('',3,(#5557,#5558,#5559,#5560),
 .UNSPECIFIED.,.F.,.F.,(4,4),(0.,1.),.UNSPECIFIED.);
#745=B_SPLINE_CURVE_WITH_KNOTS('',3,(#5562,#5563,#5564,#5565),
 .UNSPECIFIED.,.F.,.F.,(4,4),(0.,0.749164812391899),.UNSPECIFIED.);
#746=B_SPLINE_CURVE_WITH_KNOTS('',3,(#5569,#5570,#5571,#5572),
 .UNSPECIFIED.,.F.,.F.,(4,4),(0.32926933191547,1.),.UNSPECIFIED.);
#747=B_SPLINE_CURVE_WITH_KNOTS('',3,(#5574,#5575,#5576,#5577),
 .UNSPECIFIED.,.F.,.F.,(4,4),(0.,1.),.UNSPECIFIED.);
#748=B_SPLINE_CURVE_WITH_KNOTS('',3,(#5579,#5580,#5581,#5582),
 .UNSPECIFIED.,.F.,.F.,(4,4),(0.,1.),.UNSPECIFIED.);
#749=B_SPLINE_CURVE_WITH_KNOTS('',2,(#5584,#5585,#5586),.UNSPECIFIED.,.F.,
 .F.,(3,3),(0.,1.),.UNSPECIFIED.);
#750=B_SPLINE_CURVE_WITH_KNOTS('',3,(#5588,#5589,#5590,#5591),
 .UNSPECIFIED.,.F.,.F.,(4,4),(0.,1.),.UNSPECIFIED.);
#751=B_SPLINE_CURVE_WITH_KNOTS('',3,(#5593,#5594,#5595,#5596),
 .UNSPECIFIED.,.F.,.F.,(4,4),(0.,1.),.UNSPECIFIED.);
#752=B_SPLINE_CURVE_WITH_KNOTS('',3,(#5598,#5599,#5600,#5601),
 .UNSPECIFIED.,.F.,.F.,(4,4),(0.,0.0256577693836247),.UNSPECIFIED.);
#753=B_SPLINE_CURVE_WITH_KNOTS('',3,(#5605,#5606,#5607,#5608),
 .UNSPECIFIED.,.F.,.F.,(4,4),(0.186356440505873,0.62133383904944),
 .UNSPECIFIED.);
#754=B_SPLINE_CURVE_WITH_KNOTS('',3,(#5623,#5624,#5625,#5626),
 .UNSPECIFIED.,.F.,.F.,(4,4),(0.,1.),.UNSPECIFIED.);
#755=B_SPLINE_CURVE_WITH_KNOTS('',3,(#5628,#5629,#5630,#5631),
 .UNSPECIFIED.,.F.,.F.,(4,4),(0.,1.),.UNSPECIFIED.);
#756=B_SPLINE_CURVE_WITH_KNOTS('',3,(#5633,#5634,#5635,#5636),
 .UNSPECIFIED.,.F.,.F.,(4,4),(0.466644121690409,1.),.UNSPECIFIED.);
#757=B_SPLINE_CURVE_WITH_KNOTS('',3,(#5640,#5641,#5642,#5643),
 .UNSPECIFIED.,.F.,.F.,(4,4),(0.452780864132551,1.),.UNSPECIFIED.);
#758=B_SPLINE_CURVE_WITH_KNOTS('',3,(#5645,#5646,#5647,#5648),
 .UNSPECIFIED.,.F.,.F.,(4,4),(0.,1.),.UNSPECIFIED.);
#759=B_SPLINE_CURVE_WITH_KNOTS('',3,(#5650,#5651,#5652,#5653),
 .UNSPECIFIED.,.F.,.F.,(4,4),(0.,1.),.UNSPECIFIED.);
#760=B_SPLINE_CURVE_WITH_KNOTS('',3,(#5655,#5656,#5657,#5658),
 .UNSPECIFIED.,.F.,.F.,(4,4),(0.,0.99006709384758),.UNSPECIFIED.);
#761=B_SPLINE_CURVE_WITH_KNOTS('',3,(#5660,#5661,#5662,#5663),
 .UNSPECIFIED.,.F.,.F.,(4,4),(0.,0.00561220592151754),.UNSPECIFIED.);
#762=B_SPLINE_CURVE_WITH_KNOTS('',3,(#5665,#5666,#5667,#5668),
 .UNSPECIFIED.,.F.,.F.,(4,4),(0.00561220592151754,1.),.UNSPECIFIED.);
#763=B_SPLINE_CURVE_WITH_KNOTS('',3,(#5670,#5671,#5672,#5673),
 .UNSPECIFIED.,.F.,.F.,(4,4),(0.,0.942901874446329),.UNSPECIFIED.);
#764=B_SPLINE_CURVE_WITH_KNOTS('',3,(#5681,#5682,#5683,#5684),
 .UNSPECIFIED.,.F.,.F.,(4,4),(-0.425036363253689,0.),.UNSPECIFIED.);
#765=B_SPLINE_CURVE_WITH_KNOTS('',3,(#5685,#5686,#5687,#5688),
 .UNSPECIFIED.,.F.,.F.,(4,4),(-1.,0.),.UNSPECIFIED.);
#766=B_SPLINE_CURVE_WITH_KNOTS('',3,(#5694,#5695,#5696,#5697),
 .UNSPECIFIED.,.F.,.F.,(4,4),(0.609536360517183,1.),.UNSPECIFIED.);
#767=B_SPLINE_CURVE_WITH_KNOTS('',3,(#5698,#5699,#5700,#5701),
 .UNSPECIFIED.,.F.,.F.,(4,4),(0.,1.),.UNSPECIFIED.);
#768=B_SPLINE_CURVE_WITH_KNOTS('',3,(#5706,#5707,#5708,#5709),
 .UNSPECIFIED.,.F.,.F.,(4,4),(0.619003142850835,1.),.UNSPECIFIED.);
#769=B_SPLINE_CURVE_WITH_KNOTS('',3,(#5714,#5715,#5716,#5717),
 .UNSPECIFIED.,.F.,.F.,(4,4),(-1.,0.),.UNSPECIFIED.);
#770=B_SPLINE_CURVE_WITH_KNOTS('',3,(#5719,#5720,#5721,#5722),
 .UNSPECIFIED.,.F.,.F.,(4,4),(-1.,0.),.UNSPECIFIED.);
#771=B_SPLINE_CURVE_WITH_KNOTS('',3,(#5723,#5724,#5725,#5726),
 .UNSPECIFIED.,.F.,.F.,(4,4),(-1.,0.),.UNSPECIFIED.);
#772=B_SPLINE_CURVE_WITH_KNOTS('',3,(#5733,#5734,#5735,#5736),
 .UNSPECIFIED.,.F.,.F.,(4,4),(0.,1.),.UNSPECIFIED.);
#773=B_SPLINE_CURVE_WITH_KNOTS('',3,(#5738,#5739,#5740,#5741),
 .UNSPECIFIED.,.F.,.F.,(4,4),(0.,1.),.UNSPECIFIED.);
#774=B_SPLINE_CURVE_WITH_KNOTS('',3,(#5742,#5743,#5744,#5745),
 .UNSPECIFIED.,.F.,.F.,(4,4),(0.,1.),.UNSPECIFIED.);
#775=B_SPLINE_CURVE_WITH_KNOTS('',3,(#5751,#5752,#5753,#5754),
 .UNSPECIFIED.,.F.,.F.,(4,4),(9.99999955541286E-7,0.79289184468516),
 .UNSPECIFIED.);
#776=B_SPLINE_CURVE_WITH_KNOTS('',3,(#5793,#5794,#5795,#5796),
 .UNSPECIFIED.,.F.,.F.,(4,4),(0.,1.),.UNSPECIFIED.);
#777=B_SPLINE_CURVE_WITH_KNOTS('',3,(#5808,#5809,#5810,#5811),
 .UNSPECIFIED.,.F.,.F.,(4,4),(0.,1.),.UNSPECIFIED.);
#778=B_SPLINE_CURVE_WITH_KNOTS('',3,(#5820,#5821,#5822,#5823),
 .UNSPECIFIED.,.F.,.F.,(4,4),(0.,1.),.UNSPECIFIED.);
#779=B_SPLINE_CURVE_WITH_KNOTS('',3,(#5835,#5836,#5837,#5838),
 .UNSPECIFIED.,.F.,.F.,(4,4),(-1.,0.),.UNSPECIFIED.);
#780=B_SPLINE_CURVE_WITH_KNOTS('',3,(#5850,#5851,#5852,#5853),
 .UNSPECIFIED.,.F.,.F.,(4,4),(-1.,0.),.UNSPECIFIED.);
#781=B_SPLINE_CURVE_WITH_KNOTS('',3,(#5862,#5863,#5864,#5865),
 .UNSPECIFIED.,.F.,.F.,(4,4),(-1.,0.),.UNSPECIFIED.);
#782=B_SPLINE_CURVE_WITH_KNOTS('',3,(#5876,#5877,#5878,#5879),
 .UNSPECIFIED.,.F.,.F.,(4,4),(0.,1.),.UNSPECIFIED.);
#783=B_SPLINE_CURVE_WITH_KNOTS('',3,(#5890,#5891,#5892,#5893),
 .UNSPECIFIED.,.F.,.F.,(4,4),(-0.427944443027208,-9.99999912876248E-7),
 .UNSPECIFIED.);
#784=B_SPLINE_CURVE_WITH_KNOTS('',3,(#5905,#5906,#5907,#5908),
 .UNSPECIFIED.,.F.,.F.,(4,4),(0.623405627118332,1.),.UNSPECIFIED.);
#785=B_SPLINE_CURVE_WITH_KNOTS('',3,(#5920,#5921,#5922,#5923),
 .UNSPECIFIED.,.F.,.F.,(4,4),(0.,1.),.UNSPECIFIED.);
#786=B_SPLINE_CURVE_WITH_KNOTS('',3,(#5934,#5935,#5936,#5937),
 .UNSPECIFIED.,.F.,.F.,(4,4),(0.,1.),.UNSPECIFIED.);
#787=B_SPLINE_CURVE_WITH_KNOTS('',3,(#5948,#5949,#5950,#5951),
 .UNSPECIFIED.,.F.,.F.,(4,4),(0.,0.990067373567344),.UNSPECIFIED.);
#788=B_SPLINE_CURVE_WITH_KNOTS('',3,(#5962,#5963,#5964,#5965),
 .UNSPECIFIED.,.F.,.F.,(4,4),(0.00561205021485525,1.),.UNSPECIFIED.);
#789=B_SPLINE_CURVE_WITH_KNOTS('',3,(#5976,#5977,#5978,#5979),
 .UNSPECIFIED.,.F.,.F.,(4,4),(0.,0.809721077014782),.UNSPECIFIED.);
#790=B_SPLINE_CURVE_WITH_KNOTS('',3,(#5990,#5991,#5992,#5993),
 .UNSPECIFIED.,.F.,.F.,(4,4),(-1.,-0.572489881889321),.UNSPECIFIED.);
#791=B_SPLINE_CURVE_WITH_KNOTS('',3,(#6005,#6006,#6007,#6008),
 .UNSPECIFIED.,.F.,.F.,(4,4),(-0.792073277032895,-9.99999948514407E-7),
 .UNSPECIFIED.);
#792=B_SPLINE_CURVE_WITH_KNOTS('',3,(#6021,#6022,#6023,#6024),
 .UNSPECIFIED.,.F.,.F.,(4,4),(-0.578366915669042,0.),.UNSPECIFIED.);
#793=B_SPLINE_CURVE_WITH_KNOTS('',3,(#6036,#6037,#6038,#6039),
 .UNSPECIFIED.,.F.,.F.,(4,4),(-1.,0.),.UNSPECIFIED.);
#794=B_SPLINE_CURVE_WITH_KNOTS('',3,(#6054,#6055,#6056,#6057),
 .UNSPECIFIED.,.F.,.F.,(4,4),(-1.,0.),.UNSPECIFIED.);
#795=B_SPLINE_CURVE_WITH_KNOTS('',3,(#6068,#6069,#6070,#6071),
 .UNSPECIFIED.,.F.,.F.,(4,4),(-1.,0.),.UNSPECIFIED.);
#796=B_SPLINE_CURVE_WITH_KNOTS('',3,(#6082,#6083,#6084,#6085),
 .UNSPECIFIED.,.F.,.F.,(4,4),(-1.,0.),.UNSPECIFIED.);
#797=B_SPLINE_CURVE_WITH_KNOTS('',3,(#6096,#6097,#6098,#6099),
 .UNSPECIFIED.,.F.,.F.,(4,4),(-1.,0.),.UNSPECIFIED.);
#798=B_SPLINE_CURVE_WITH_KNOTS('',3,(#6110,#6111,#6112,#6113),
 .UNSPECIFIED.,.F.,.F.,(4,4),(-1.,0.),.UNSPECIFIED.);
#799=B_SPLINE_CURVE_WITH_KNOTS('',3,(#6124,#6125,#6126,#6127),
 .UNSPECIFIED.,.F.,.F.,(4,4),(-1.,0.),.UNSPECIFIED.);
#800=B_SPLINE_CURVE_WITH_KNOTS('',3,(#6138,#6139,#6140,#6141),
 .UNSPECIFIED.,.F.,.F.,(4,4),(-1.,0.),.UNSPECIFIED.);
#801=B_SPLINE_CURVE_WITH_KNOTS('',3,(#6152,#6153,#6154,#6155),
 .UNSPECIFIED.,.F.,.F.,(4,4),(-1.,0.),.UNSPECIFIED.);
#802=B_SPLINE_CURVE_WITH_KNOTS('',3,(#6166,#6167,#6168,#6169),
 .UNSPECIFIED.,.F.,.F.,(4,4),(-1.,-0.251317204626015),.UNSPECIFIED.);
#803=B_SPLINE_CURVE_WITH_KNOTS('',3,(#6181,#6182,#6183,#6184),
 .UNSPECIFIED.,.F.,.F.,(4,4),(-0.800094825512113,0.),.UNSPECIFIED.);
#804=B_SPLINE_CURVE_WITH_KNOTS('',3,(#6196,#6197,#6198,#6199),
 .UNSPECIFIED.,.F.,.F.,(4,4),(-1.,0.),.UNSPECIFIED.);
#805=B_SPLINE_CURVE_WITH_KNOTS('',3,(#6210,#6211,#6212,#6213),
 .UNSPECIFIED.,.F.,.F.,(4,4),(-1.,0.),.UNSPECIFIED.);
#806=B_SPLINE_CURVE_WITH_KNOTS('',3,(#6224,#6225,#6226,#6227),
 .UNSPECIFIED.,.F.,.F.,(4,4),(-1.,0.),.UNSPECIFIED.);
#807=B_SPLINE_CURVE_WITH_KNOTS('',3,(#6238,#6239,#6240,#6241),
 .UNSPECIFIED.,.F.,.F.,(4,4),(-1.,0.),.UNSPECIFIED.);
#808=B_SPLINE_CURVE_WITH_KNOTS('',3,(#6252,#6253,#6254,#6255),
 .UNSPECIFIED.,.F.,.F.,(4,4),(-1.,0.),.UNSPECIFIED.);
#809=B_SPLINE_CURVE_WITH_KNOTS('',3,(#6266,#6267,#6268,#6269),
 .UNSPECIFIED.,.F.,.F.,(4,4),(-1.,0.),.UNSPECIFIED.);
#810=B_SPLINE_CURVE_WITH_KNOTS('',3,(#6280,#6281,#6282,#6283),
 .UNSPECIFIED.,.F.,.F.,(4,4),(-1.,0.),.UNSPECIFIED.);
#811=B_SPLINE_CURVE_WITH_KNOTS('',3,(#6294,#6295,#6296,#6297),
 .UNSPECIFIED.,.F.,.F.,(4,4),(-1.,0.),.UNSPECIFIED.);
#812=B_SPLINE_CURVE_WITH_KNOTS('',3,(#6312,#6313,#6314,#6315),
 .UNSPECIFIED.,.F.,.F.,(4,4),(-0.999999997570127,-0.269148700422802),
 .UNSPECIFIED.);
#813=B_SPLINE_CURVE_WITH_KNOTS('',3,(#6327,#6328,#6329,#6330),
 .UNSPECIFIED.,.F.,.F.,(4,4),(-0.117366007651643,0.),.UNSPECIFIED.);
#814=B_SPLINE_CURVE_WITH_KNOTS('',3,(#6342,#6343,#6344,#6345),
 .UNSPECIFIED.,.F.,.F.,(4,4),(0.,1.),.UNSPECIFIED.);
#815=B_SPLINE_CURVE_WITH_KNOTS('',3,(#6356,#6357,#6358,#6359),
 .UNSPECIFIED.,.F.,.F.,(4,4),(0.,1.),.UNSPECIFIED.);
#816=B_SPLINE_CURVE_WITH_KNOTS('',3,(#6370,#6371,#6372,#6373),
 .UNSPECIFIED.,.F.,.F.,(4,4),(0.,1.),.UNSPECIFIED.);
#817=B_SPLINE_CURVE_WITH_KNOTS('',3,(#6384,#6385,#6386,#6387),
 .UNSPECIFIED.,.F.,.F.,(4,4),(0.,1.),.UNSPECIFIED.);
#818=B_SPLINE_CURVE_WITH_KNOTS('',3,(#6398,#6399,#6400,#6401),
 .UNSPECIFIED.,.F.,.F.,(4,4),(0.,0.777805513464946),.UNSPECIFIED.);
#819=B_SPLINE_CURVE_WITH_KNOTS('',3,(#6413,#6414,#6415,#6416),
 .UNSPECIFIED.,.F.,.F.,(4,4),(-2.01184675401193,0.),.UNSPECIFIED.);
#820=B_SPLINE_CURVE_WITH_KNOTS('',3,(#6428,#6429,#6430,#6431),
 .UNSPECIFIED.,.F.,.F.,(4,4),(0.,1.),.UNSPECIFIED.);
#821=B_SPLINE_CURVE_WITH_KNOTS('',3,(#6442,#6443,#6444,#6445),
 .UNSPECIFIED.,.F.,.F.,(4,4),(0.,0.425878277536592),.UNSPECIFIED.);
#822=B_SPLINE_CURVE_WITH_KNOTS('',3,(#6457,#6458,#6459,#6460),
 .UNSPECIFIED.,.F.,.F.,(4,4),(-0.892801961020402,0.),.UNSPECIFIED.);
#823=B_SPLINE_CURVE_WITH_KNOTS('',3,(#6473,#6474,#6475,#6476),
 .UNSPECIFIED.,.F.,.F.,(4,4),(-0.743960252798938,0.),.UNSPECIFIED.);
#824=B_SPLINE_CURVE_WITH_KNOTS('',3,(#6488,#6489,#6490,#6491),
 .UNSPECIFIED.,.F.,.F.,(4,4),(-1.,-0.0498203832576866),.UNSPECIFIED.);
#825=B_SPLINE_CURVE_WITH_KNOTS('',3,(#6503,#6504,#6505,#6506),
 .UNSPECIFIED.,.F.,.F.,(4,4),(0.126479658080079,1.),.UNSPECIFIED.);
#826=B_SPLINE_CURVE_WITH_KNOTS('',3,(#6518,#6519,#6520,#6521),
 .UNSPECIFIED.,.F.,.F.,(4,4),(0.,1.),.UNSPECIFIED.);
#827=B_SPLINE_CURVE_WITH_KNOTS('',3,(#6532,#6533,#6534,#6535),
 .UNSPECIFIED.,.F.,.F.,(4,4),(0.,0.999999982011203),.UNSPECIFIED.);
#828=B_SPLINE_CURVE_WITH_KNOTS('',3,(#6550,#6551,#6552,#6553),
 .UNSPECIFIED.,.F.,.F.,(4,4),(0.,1.),.UNSPECIFIED.);
#829=B_SPLINE_CURVE_WITH_KNOTS('',3,(#6564,#6565,#6566,#6567),
 .UNSPECIFIED.,.F.,.F.,(4,4),(0.,1.),.UNSPECIFIED.);
#830=B_SPLINE_CURVE_WITH_KNOTS('',3,(#6578,#6579,#6580,#6581),
 .UNSPECIFIED.,.F.,.F.,(4,4),(0.,1.),.UNSPECIFIED.);
#831=B_SPLINE_CURVE_WITH_KNOTS('',3,(#6592,#6593,#6594,#6595),
 .UNSPECIFIED.,.F.,.F.,(4,4),(0.,1.),.UNSPECIFIED.);
#832=B_SPLINE_CURVE_WITH_KNOTS('',3,(#6606,#6607,#6608,#6609),
 .UNSPECIFIED.,.F.,.F.,(4,4),(0.,1.),.UNSPECIFIED.);
#833=B_SPLINE_CURVE_WITH_KNOTS('',3,(#6620,#6621,#6622,#6623),
 .UNSPECIFIED.,.F.,.F.,(4,4),(0.,1.),.UNSPECIFIED.);
#834=B_SPLINE_CURVE_WITH_KNOTS('',3,(#6634,#6635,#6636,#6637),
 .UNSPECIFIED.,.F.,.F.,(4,4),(0.,1.),.UNSPECIFIED.);
#835=B_SPLINE_CURVE_WITH_KNOTS('',3,(#6648,#6649,#6650,#6651),
 .UNSPECIFIED.,.F.,.F.,(4,4),(0.,1.),.UNSPECIFIED.);
#836=B_SPLINE_CURVE_WITH_KNOTS('',3,(#6662,#6663,#6664,#6665),
 .UNSPECIFIED.,.F.,.F.,(4,4),(0.,0.206693380364743),.UNSPECIFIED.);
#837=B_SPLINE_CURVE_WITH_KNOTS('',3,(#6677,#6678,#6679,#6680),
 .UNSPECIFIED.,.F.,.F.,(4,4),(0.239930495122691,1.),.UNSPECIFIED.);
#838=B_SPLINE_CURVE_WITH_KNOTS('',3,(#6692,#6693,#6694,#6695),
 .UNSPECIFIED.,.F.,.F.,(4,4),(0.,1.),.UNSPECIFIED.);
#839=B_SPLINE_CURVE_WITH_KNOTS('',3,(#6706,#6707,#6708,#6709),
 .UNSPECIFIED.,.F.,.F.,(4,4),(0.,1.),.UNSPECIFIED.);
#840=B_SPLINE_CURVE_WITH_KNOTS('',3,(#6720,#6721,#6722,#6723),
 .UNSPECIFIED.,.F.,.F.,(4,4),(0.,1.),.UNSPECIFIED.);
#841=B_SPLINE_CURVE_WITH_KNOTS('',3,(#6734,#6735,#6736,#6737),
 .UNSPECIFIED.,.F.,.F.,(4,4),(0.,1.),.UNSPECIFIED.);
#842=B_SPLINE_CURVE_WITH_KNOTS('',3,(#6748,#6749,#6750,#6751),
 .UNSPECIFIED.,.F.,.F.,(4,4),(0.,1.),.UNSPECIFIED.);
#843=B_SPLINE_CURVE_WITH_KNOTS('',3,(#6762,#6763,#6764,#6765),
 .UNSPECIFIED.,.F.,.F.,(4,4),(0.,1.),.UNSPECIFIED.);
#844=B_SPLINE_CURVE_WITH_KNOTS('',3,(#6776,#6777,#6778,#6779),
 .UNSPECIFIED.,.F.,.F.,(4,4),(0.,1.),.UNSPECIFIED.);
#845=B_SPLINE_CURVE_WITH_KNOTS('',3,(#6794,#6795,#6796,#6797),
 .UNSPECIFIED.,.F.,.F.,(4,4),(2.42989050735199E-9,1.),.UNSPECIFIED.);
#846=B_SPLINE_CURVE_WITH_KNOTS('',3,(#6808,#6809,#6810,#6811),
 .UNSPECIFIED.,.F.,.F.,(4,4),(0.,0.699155636816914),.UNSPECIFIED.);
#847=B_SPLINE_CURVE_WITH_KNOTS('',3,(#6823,#6824,#6825,#6826),
 .UNSPECIFIED.,.F.,.F.,(4,4),(-0.994351407134282,0.),.UNSPECIFIED.);
#848=B_SPLINE_CURVE_WITH_KNOTS('',3,(#6838,#6839,#6840,#6841),
 .UNSPECIFIED.,.F.,.F.,(4,4),(-1.,0.),.UNSPECIFIED.);
#849=B_SPLINE_CURVE_WITH_KNOTS('',3,(#6852,#6853,#6854,#6855),
 .UNSPECIFIED.,.F.,.F.,(4,4),(-1.,-0.38201868708504),.UNSPECIFIED.);
#850=B_SPLINE_CURVE_WITH_KNOTS('',3,(#6867,#6868,#6869,#6870),
 .UNSPECIFIED.,.F.,.F.,(4,4),(-0.852938040642419,0.),.UNSPECIFIED.);
#851=B_SPLINE_CURVE_WITH_KNOTS('',3,(#6882,#6883,#6884,#6885),
 .UNSPECIFIED.,.F.,.F.,(4,4),(-1.,0.),.UNSPECIFIED.);
#852=B_SPLINE_CURVE_WITH_KNOTS('',3,(#6896,#6897,#6898,#6899),
 .UNSPECIFIED.,.F.,.F.,(4,4),(-1.,0.),.UNSPECIFIED.);
#853=B_SPLINE_CURVE_WITH_KNOTS('',3,(#6921,#6922,#6923,#6924),
 .UNSPECIFIED.,.F.,.F.,(4,4),(-1.,-0.619003142845737),.UNSPECIFIED.);
#854=B_SPLINE_CURVE_WITH_KNOTS('',3,(#6935,#6936,#6937,#6938),
 .UNSPECIFIED.,.F.,.F.,(4,4),(-1.,0.),.UNSPECIFIED.);
#855=B_SPLINE_CURVE_WITH_KNOTS('',3,(#6949,#6950,#6951,#6952),
 .UNSPECIFIED.,.F.,.F.,(4,4),(-1.,-0.609536360517143),.UNSPECIFIED.);
#856=B_SPLINE_CURVE_WITH_KNOTS('',3,(#6964,#6965,#6966,#6967),
 .UNSPECIFIED.,.F.,.F.,(4,4),(-0.942901874439058,0.),.UNSPECIFIED.);
#857=B_SPLINE_CURVE_WITH_KNOTS('',3,(#6979,#6980,#6981,#6982),
 .UNSPECIFIED.,.F.,.F.,(4,4),(-1.,-0.00561220592151754),.UNSPECIFIED.);
#858=B_SPLINE_CURVE_WITH_KNOTS('',3,(#6993,#6994,#6995,#6996),
 .UNSPECIFIED.,.F.,.F.,(4,4),(-0.99006709384758,0.),.UNSPECIFIED.);
#859=B_SPLINE_CURVE_WITH_KNOTS('',3,(#7007,#7008,#7009,#7010),
 .UNSPECIFIED.,.F.,.F.,(4,4),(-1.,0.),.UNSPECIFIED.);
#860=B_SPLINE_CURVE_WITH_KNOTS('',3,(#7021,#7022,#7023,#7024),
 .UNSPECIFIED.,.F.,.F.,(4,4),(-1.,0.),.UNSPECIFIED.);
#861=B_SPLINE_CURVE_WITH_KNOTS('',3,(#7035,#7036,#7037,#7038),
 .UNSPECIFIED.,.F.,.F.,(4,4),(-1.,-0.452780864132631),.UNSPECIFIED.);
#862=B_SPLINE_CURVE_WITH_KNOTS('',3,(#7050,#7051,#7052,#7053),
 .UNSPECIFIED.,.F.,.F.,(4,4),(0.466644121690627,1.),.UNSPECIFIED.);
#863=B_SPLINE_CURVE_WITH_KNOTS('',3,(#7065,#7066,#7067,#7068),
 .UNSPECIFIED.,.F.,.F.,(4,4),(0.,1.),.UNSPECIFIED.);
#864=B_SPLINE_CURVE_WITH_KNOTS('',3,(#7079,#7080,#7081,#7082),
 .UNSPECIFIED.,.F.,.F.,(4,4),(0.,1.),.UNSPECIFIED.);
#865=B_SPLINE_CURVE_WITH_KNOTS('',3,(#7105,#7106,#7107,#7108),
 .UNSPECIFIED.,.F.,.F.,(4,4),(-0.62133383904944,-0.186356440505876),
 .UNSPECIFIED.);
#866=B_SPLINE_CURVE_WITH_KNOTS('',3,(#7121,#7122,#7123,#7124),
 .UNSPECIFIED.,.F.,.F.,(4,4),(-0.0256577693836247,0.),.UNSPECIFIED.);
#867=B_SPLINE_CURVE_WITH_KNOTS('',3,(#7136,#7137,#7138,#7139),
 .UNSPECIFIED.,.F.,.F.,(4,4),(-1.,0.),.UNSPECIFIED.);
#868=B_SPLINE_CURVE_WITH_KNOTS('',3,(#7150,#7151,#7152,#7153),
 .UNSPECIFIED.,.F.,.F.,(4,4),(-1.,0.),.UNSPECIFIED.);
#869=B_SPLINE_CURVE_WITH_KNOTS('',2,(#7162,#7163,#7164),.UNSPECIFIED.,.F.,
 .F.,(3,3),(-1.,0.),.UNSPECIFIED.);
#870=B_SPLINE_CURVE_WITH_KNOTS('',3,(#7175,#7176,#7177,#7178),
 .UNSPECIFIED.,.F.,.F.,(4,4),(-1.,0.),.UNSPECIFIED.);
#871=B_SPLINE_CURVE_WITH_KNOTS('',3,(#7189,#7190,#7191,#7192),
 .UNSPECIFIED.,.F.,.F.,(4,4),(-1.,0.),.UNSPECIFIED.);
#872=B_SPLINE_CURVE_WITH_KNOTS('',3,(#7203,#7204,#7205,#7206),
 .UNSPECIFIED.,.F.,.F.,(4,4),(-1.,-0.329269331915488),.UNSPECIFIED.);
#873=B_SPLINE_CURVE_WITH_KNOTS('',3,(#7218,#7219,#7220,#7221),
 .UNSPECIFIED.,.F.,.F.,(4,4),(-0.749164812391899,0.),.UNSPECIFIED.);
#874=B_SPLINE_CURVE_WITH_KNOTS('',3,(#7233,#7234,#7235,#7236),
 .UNSPECIFIED.,.F.,.F.,(4,4),(-1.,0.),.UNSPECIFIED.);
#875=B_SPLINE_CURVE_WITH_KNOTS('',3,(#7247,#7248,#7249,#7250),
 .UNSPECIFIED.,.F.,.F.,(4,4),(-1.,0.),.UNSPECIFIED.);
#876=B_SPLINE_CURVE_WITH_KNOTS('',2,(#7259,#7260,#7261),.UNSPECIFIED.,.F.,
 .F.,(3,3),(-1.,0.),.UNSPECIFIED.);
#877=B_SPLINE_CURVE_WITH_KNOTS('',3,(#7272,#7273,#7274,#7275),
 .UNSPECIFIED.,.F.,.F.,(4,4),(-1.,-0.26923699529967),.UNSPECIFIED.);
#878=B_SPLINE_CURVE_WITH_KNOTS('',3,(#7287,#7288,#7289,#7290),
 .UNSPECIFIED.,.F.,.F.,(4,4),(-0.738437431889152,-0.36117521039381),
 .UNSPECIFIED.);
#879=B_SPLINE_CURVE_WITH_KNOTS('',3,(#7302,#7303,#7304,#7305),
 .UNSPECIFIED.,.F.,.F.,(4,4),(-1.,0.),.UNSPECIFIED.);
#880=B_SPLINE_CURVE_WITH_KNOTS('',3,(#7316,#7317,#7318,#7319),
 .UNSPECIFIED.,.F.,.F.,(4,4),(-1.,0.),.UNSPECIFIED.);
#881=B_SPLINE_CURVE_WITH_KNOTS('',3,(#7654,#7655,#7656,#7657),
 .UNSPECIFIED.,.F.,.F.,(4,4),(-0.00561205021485525,0.),.UNSPECIFIED.);
#882=B_SPLINE_CURVE_WITH_KNOTS('',3,(#7673,#7674,#7675,#7676),
 .UNSPECIFIED.,.F.,.F.,(4,4),(0.,0.0056122059215174),.UNSPECIFIED.);
#883=B_SPLINE_CURVE_WITH_KNOTS('',3,(#7687,#7688,#7689,#7690),
 .UNSPECIFIED.,.F.,.F.,(4,4),(0.,0.00561220592151754),.UNSPECIFIED.);
#884=LINE('',#4936,#1182);
#885=LINE('',#4943,#1183);
#886=LINE('',#4958,#1184);
#887=LINE('',#4965,#1185);
#888=LINE('',#4980,#1186);
#889=LINE('',#4987,#1187);
#890=LINE('',#5002,#1188);
#891=LINE('',#5009,#1189);
#892=LINE('',#5024,#1190);
#893=LINE('',#5031,#1191);
#894=LINE('',#5046,#1192);
#895=LINE('',#5053,#1193);
#896=LINE('',#5068,#1194);
#897=LINE('',#5087,#1195);
#898=LINE('',#5094,#1196);
#899=LINE('',#5101,#1197);
#900=LINE('',#5122,#1198);
#901=LINE('',#5124,#1199);
#902=LINE('',#5126,#1200);
#903=LINE('',#5128,#1201);
#904=LINE('',#5277,#1202);
#905=LINE('',#5279,#1203);
#906=LINE('',#5337,#1204);
#907=LINE('',#5339,#1205);
#908=LINE('',#5341,#1206);
#909=LINE('',#5455,#1207);
#910=LINE('',#5457,#1208);
#911=LINE('',#5458,#1209);
#912=LINE('',#5460,#1210);
#913=LINE('',#5462,#1211);
#914=LINE('',#5468,#1212);
#915=LINE('',#5470,#1213);
#916=LINE('',#5506,#1214);
#917=LINE('',#5522,#1215);
#918=LINE('',#5524,#1216);
#919=LINE('',#5528,#1217);
#920=LINE('',#5530,#1218);
#921=LINE('',#5532,#1219);
#922=LINE('',#5612,#1220);
#923=LINE('',#5614,#1221);
#924=LINE('',#5615,#1222);
#925=LINE('',#5617,#1223);
#926=LINE('',#5619,#1224);
#927=LINE('',#5677,#1225);
#928=LINE('',#5679,#1226);
#929=LINE('',#5690,#1227);
#930=LINE('',#5692,#1228);
#931=LINE('',#5703,#1229);
#932=LINE('',#5705,#1230);
#933=LINE('',#5749,#1231);
#934=LINE('',#5755,#1232);
#935=LINE('',#5765,#1233);
#936=LINE('',#5767,#1234);
#937=LINE('',#5778,#1235);
#938=LINE('',#5780,#1236);
#939=LINE('',#5791,#1237);
#940=LINE('',#5797,#1238);
#941=LINE('',#5807,#1239);
#942=LINE('',#5833,#1240);
#943=LINE('',#5839,#1241);
#944=LINE('',#5849,#1242);
#945=LINE('',#5875,#1243);
#946=LINE('',#5889,#1244);
#947=LINE('',#5903,#1245);
#948=LINE('',#5909,#1246);
#949=LINE('',#5919,#1247);
#950=LINE('',#5933,#1248);
#951=LINE('',#5947,#1249);
#952=LINE('',#5961,#1250);
#953=LINE('',#5975,#1251);
#954=LINE('',#5989,#1252);
#955=LINE('',#6003,#1253);
#956=LINE('',#6009,#1254);
#957=LINE('',#6019,#1255);
#958=LINE('',#6025,#1256);
#959=LINE('',#6035,#1257);
#960=LINE('',#6042,#1258);
#961=LINE('',#6053,#1259);
#962=LINE('',#6067,#1260);
#963=LINE('',#6081,#1261);
#964=LINE('',#6095,#1262);
#965=LINE('',#6109,#1263);
#966=LINE('',#6123,#1264);
#967=LINE('',#6137,#1265);
#968=LINE('',#6151,#1266);
#969=LINE('',#6165,#1267);
#970=LINE('',#6179,#1268);
#971=LINE('',#6185,#1269);
#972=LINE('',#6195,#1270);
#973=LINE('',#6209,#1271);
#974=LINE('',#6223,#1272);
#975=LINE('',#6237,#1273);
#976=LINE('',#6251,#1274);
#977=LINE('',#6265,#1275);
#978=LINE('',#6279,#1276);
#979=LINE('',#6293,#1277);
#980=LINE('',#6300,#1278);
#981=LINE('',#6311,#1279);
#982=LINE('',#6325,#1280);
#983=LINE('',#6331,#1281);
#984=LINE('',#6341,#1282);
#985=LINE('',#6355,#1283);
#986=LINE('',#6369,#1284);
#987=LINE('',#6383,#1285);
#988=LINE('',#6397,#1286);
#989=LINE('',#6411,#1287);
#990=LINE('',#6417,#1288);
#991=LINE('',#6427,#1289);
#992=LINE('',#6441,#1290);
#993=LINE('',#6455,#1291);
#994=LINE('',#6461,#1292);
#995=LINE('',#6471,#1293);
#996=LINE('',#6477,#1294);
#997=LINE('',#6487,#1295);
#998=LINE('',#6501,#1296);
#999=LINE('',#6507,#1297);
#1000=LINE('',#6517,#1298);
#1001=LINE('',#6531,#1299);
#1002=LINE('',#6538,#1300);
#1003=LINE('',#6549,#1301);
#1004=LINE('',#6563,#1302);
#1005=LINE('',#6577,#1303);
#1006=LINE('',#6591,#1304);
#1007=LINE('',#6605,#1305);
#1008=LINE('',#6619,#1306);
#1009=LINE('',#6633,#1307);
#1010=LINE('',#6647,#1308);
#1011=LINE('',#6661,#1309);
#1012=LINE('',#6675,#1310);
#1013=LINE('',#6681,#1311);
#1014=LINE('',#6691,#1312);
#1015=LINE('',#6705,#1313);
#1016=LINE('',#6719,#1314);
#1017=LINE('',#6733,#1315);
#1018=LINE('',#6747,#1316);
#1019=LINE('',#6761,#1317);
#1020=LINE('',#6775,#1318);
#1021=LINE('',#6782,#1319);
#1022=LINE('',#6793,#1320);
#1023=LINE('',#6807,#1321);
#1024=LINE('',#6821,#1322);
#1025=LINE('',#6827,#1323);
#1026=LINE('',#6837,#1324);
#1027=LINE('',#6851,#1325);
#1028=LINE('',#6865,#1326);
#1029=LINE('',#6871,#1327);
#1030=LINE('',#6881,#1328);
#1031=LINE('',#6895,#1329);
#1032=LINE('',#6909,#1330);
#1033=LINE('',#6920,#1331);
#1034=LINE('',#6934,#1332);
#1035=LINE('',#6948,#1333);
#1036=LINE('',#6962,#1334);
#1037=LINE('',#6968,#1335);
#1038=LINE('',#6978,#1336);
#1039=LINE('',#6992,#1337);
#1040=LINE('',#7006,#1338);
#1041=LINE('',#7020,#1339);
#1042=LINE('',#7034,#1340);
#1043=LINE('',#7048,#1341);
#1044=LINE('',#7054,#1342);
#1045=LINE('',#7064,#1343);
#1046=LINE('',#7078,#1344);
#1047=LINE('',#7092,#1345);
#1048=LINE('',#7103,#1346);
#1049=LINE('',#7109,#1347);
#1050=LINE('',#7119,#1348);
#1051=LINE('',#7125,#1349);
#1052=LINE('',#7135,#1350);
#1053=LINE('',#7149,#1351);
#1054=LINE('',#7161,#1352);
#1055=LINE('',#7174,#1353);
#1056=LINE('',#7188,#1354);
#1057=LINE('',#7202,#1355);
#1058=LINE('',#7216,#1356);
#1059=LINE('',#7222,#1357);
#1060=LINE('',#7232,#1358);
#1061=LINE('',#7246,#1359);
#1062=LINE('',#7258,#1360);
#1063=LINE('',#7271,#1361);
#1064=LINE('',#7285,#1362);
#1065=LINE('',#7291,#1363);
#1066=LINE('',#7301,#1364);
#1067=LINE('',#7315,#1365);
#1068=LINE('',#7329,#1366);
#1069=LINE('',#7335,#1367);
#1070=LINE('',#7338,#1368);
#1071=LINE('',#7341,#1369);
#1072=LINE('',#7343,#1370);
#1073=LINE('',#7345,#1371);
#1074=LINE('',#7346,#1372);
#1075=LINE('',#7349,#1373);
#1076=LINE('',#7350,#1374);
#1077=LINE('',#7353,#1375);
#1078=LINE('',#7354,#1376);
#1079=LINE('',#7356,#1377);
#1080=LINE('',#7357,#1378);
#1081=LINE('',#7361,#1379);
#1082=LINE('',#7365,#1380);
#1083=LINE('',#7367,#1381);
#1084=LINE('',#7368,#1382);
#1085=LINE('',#7371,#1383);
#1086=LINE('',#7373,#1384);
#1087=LINE('',#7374,#1385);
#1088=LINE('',#7377,#1386);
#1089=LINE('',#7378,#1387);
#1090=LINE('',#7379,#1388);
#1091=LINE('',#7382,#1389);
#1092=LINE('',#7384,#1390);
#1093=LINE('',#7385,#1391);
#1094=LINE('',#7388,#1392);
#1095=LINE('',#7389,#1393);
#1096=LINE('',#7390,#1394);
#1097=LINE('',#7393,#1395);
#1098=LINE('',#7394,#1396);
#1099=LINE('',#7400,#1397);
#1100=LINE('',#7404,#1398);
#1101=LINE('',#7406,#1399);
#1102=LINE('',#7408,#1400);
#1103=LINE('',#7409,#1401);
#1104=LINE('',#7412,#1402);
#1105=LINE('',#7414,#1403);
#1106=LINE('',#7415,#1404);
#1107=LINE('',#7418,#1405);
#1108=LINE('',#7419,#1406);
#1109=LINE('',#7424,#1407);
#1110=LINE('',#7427,#1408);
#1111=LINE('',#7433,#1409);
#1112=LINE('',#7436,#1410);
#1113=LINE('',#7438,#1411);
#1114=LINE('',#7440,#1412);
#1115=LINE('',#7441,#1413);
#1116=LINE('',#7446,#1414);
#1117=LINE('',#7450,#1415);
#1118=LINE('',#7454,#1416);
#1119=LINE('',#7456,#1417);
#1120=LINE('',#7458,#1418);
#1121=LINE('',#7459,#1419);
#1122=LINE('',#7462,#1420);
#1123=LINE('',#7469,#1421);
#1124=LINE('',#7473,#1422);
#1125=LINE('',#7474,#1423);
#1126=LINE('',#7475,#1424);
#1127=LINE('',#7478,#1425);
#1128=LINE('',#7479,#1426);
#1129=LINE('',#7482,#1427);
#1130=LINE('',#7484,#1428);
#1131=LINE('',#7485,#1429);
#1132=LINE('',#7488,#1430);
#1133=LINE('',#7489,#1431);
#1134=LINE('',#7490,#1432);
#1135=LINE('',#7493,#1433);
#1136=LINE('',#7495,#1434);
#1137=LINE('',#7496,#1435);
#1138=LINE('',#7501,#1436);
#1139=LINE('',#7506,#1437);
#1140=LINE('',#7509,#1438);
#1141=LINE('',#7511,#1439);
#1142=LINE('',#7517,#1440);
#1143=LINE('',#7520,#1441);
#1144=LINE('',#7521,#1442);
#1145=LINE('',#7534,#1443);
#1146=LINE('',#7535,#1444);
#1147=LINE('',#7539,#1445);
#1148=LINE('',#7544,#1446);
#1149=LINE('',#7546,#1447);
#1150=LINE('',#7549,#1448);
#1151=LINE('',#7550,#1449);
#1152=LINE('',#7554,#1450);
#1153=LINE('',#7557,#1451);
#1154=LINE('',#7559,#1452);
#1155=LINE('',#7560,#1453);
#1156=LINE('',#7561,#1454);
#1157=LINE('',#7565,#1455);
#1158=LINE('',#7576,#1456);
#1159=LINE('',#7578,#1457);
#1160=LINE('',#7580,#1458);
#1161=LINE('',#7581,#1459);
#1162=LINE('',#7584,#1460);
#1163=LINE('',#7585,#1461);
#1164=LINE('',#7587,#1462);
#1165=LINE('',#7589,#1463);
#1166=LINE('',#7593,#1464);
#1167=LINE('',#7600,#1465);
#1168=LINE('',#7607,#1466);
#1169=LINE('',#7614,#1467);
#1170=LINE('',#7620,#1468);
#1171=LINE('',#7622,#1469);
#1172=LINE('',#7624,#1470);
#1173=LINE('',#7626,#1471);
#1174=LINE('',#7629,#1472);
#1175=LINE('',#7632,#1473);
#1176=LINE('',#7633,#1474);
#1177=LINE('',#7637,#1475);
#1178=LINE('',#7652,#1476);
#1179=LINE('',#7658,#1477);
#1180=LINE('',#7691,#1478);
#1181=LINE('',#7692,#1479);
#1182=VECTOR('',#4270,10.);
#1183=VECTOR('',#4271,10.);
#1184=VECTOR('',#4272,10.);
#1185=VECTOR('',#4273,10.);
#1186=VECTOR('',#4274,10.);
#1187=VECTOR('',#4275,10.);
#1188=VECTOR('',#4276,10.);
#1189=VECTOR('',#4277,10.);
#1190=VECTOR('',#4278,10.);
#1191=VECTOR('',#4279,10.);
#1192=VECTOR('',#4280,10.);
#1193=VECTOR('',#4281,10.);
#1194=VECTOR('',#4282,10.);
#1195=VECTOR('',#4283,10.);
#1196=VECTOR('',#4284,10.);
#1197=VECTOR('',#4287,10.);
#1198=VECTOR('',#4292,10.);
#1199=VECTOR('',#4293,10.);
#1200=VECTOR('',#4294,10.);
#1201=VECTOR('',#4295,10.);
#1202=VECTOR('',#4308,10.);
#1203=VECTOR('',#4309,10.);
#1204=VECTOR('',#4316,10.);
#1205=VECTOR('',#4317,10.);
#1206=VECTOR('',#4318,10.);
#1207=VECTOR('',#4327,10.);
#1208=VECTOR('',#4328,10.);
#1209=VECTOR('',#4329,10.);
#1210=VECTOR('',#4330,10.);
#1211=VECTOR('',#4331,10.);
#1212=VECTOR('',#4332,10.);
#1213=VECTOR('',#4333,10.);
#1214=VECTOR('',#4338,10.);
#1215=VECTOR('',#4343,10.);
#1216=VECTOR('',#4344,10.);
#1217=VECTOR('',#4347,10.);
#1218=VECTOR('',#4348,10.);
#1219=VECTOR('',#4349,10.);
#1220=VECTOR('',#4360,10.);
#1221=VECTOR('',#4361,10.);
#1222=VECTOR('',#4362,10.);
#1223=VECTOR('',#4363,10.);
#1224=VECTOR('',#4364,10.);
#1225=VECTOR('',#4371,10.);
#1226=VECTOR('',#4372,10.);
#1227=VECTOR('',#4373,10.);
#1228=VECTOR('',#4374,10.);
#1229=VECTOR('',#4375,10.);
#1230=VECTOR('',#4376,10.);
#1231=VECTOR('',#4385,10.);
#1232=VECTOR('',#4386,10.);
#1233=VECTOR('',#4387,10.);
#1234=VECTOR('',#4388,10.);
#1235=VECTOR('',#4391,10.);
#1236=VECTOR('',#4392,10.);
#1237=VECTOR('',#4395,10.);
#1238=VECTOR('',#4396,10.);
#1239=VECTOR('',#4397,10.);
#1240=VECTOR('',#4398,10.);
#1241=VECTOR('',#4399,10.);
#1242=VECTOR('',#4400,10.);
#1243=VECTOR('',#4401,10.);
#1244=VECTOR('',#4402,10.);
#1245=VECTOR('',#4403,10.);
#1246=VECTOR('',#4404,10.);
#1247=VECTOR('',#4405,10.);
#1248=VECTOR('',#4406,10.);
#1249=VECTOR('',#4407,10.);
#1250=VECTOR('',#4408,10.);
#1251=VECTOR('',#4409,10.);
#1252=VECTOR('',#4410,10.);
#1253=VECTOR('',#4411,10.);
#1254=VECTOR('',#4412,10.);
#1255=VECTOR('',#4413,10.);
#1256=VECTOR('',#4414,10.);
#1257=VECTOR('',#4415,10.);
#1258=VECTOR('',#4418,10.);
#1259=VECTOR('',#4421,10.);
#1260=VECTOR('',#4422,10.);
#1261=VECTOR('',#4423,10.);
#1262=VECTOR('',#4424,10.);
#1263=VECTOR('',#4425,10.);
#1264=VECTOR('',#4426,10.);
#1265=VECTOR('',#4427,10.);
#1266=VECTOR('',#4428,10.);
#1267=VECTOR('',#4429,10.);
#1268=VECTOR('',#4430,10.);
#1269=VECTOR('',#4431,10.);
#1270=VECTOR('',#4432,10.);
#1271=VECTOR('',#4433,10.);
#1272=VECTOR('',#4434,10.);
#1273=VECTOR('',#4435,10.);
#1274=VECTOR('',#4436,10.);
#1275=VECTOR('',#4437,10.);
#1276=VECTOR('',#4438,10.);
#1277=VECTOR('',#4439,10.);
#1278=VECTOR('',#4442,10.);
#1279=VECTOR('',#4445,10.);
#1280=VECTOR('',#4446,10.);
#1281=VECTOR('',#4447,10.);
#1282=VECTOR('',#4448,10.);
#1283=VECTOR('',#4449,10.);
#1284=VECTOR('',#4450,10.);
#1285=VECTOR('',#4451,10.);
#1286=VECTOR('',#4452,10.);
#1287=VECTOR('',#4453,10.);
#1288=VECTOR('',#4454,10.);
#1289=VECTOR('',#4455,10.);
#1290=VECTOR('',#4456,10.);
#1291=VECTOR('',#4457,10.);
#1292=VECTOR('',#4458,10.);
#1293=VECTOR('',#4459,10.);
#1294=VECTOR('',#4460,10.);
#1295=VECTOR('',#4461,10.);
#1296=VECTOR('',#4462,10.);
#1297=VECTOR('',#4463,10.);
#1298=VECTOR('',#4464,10.);
#1299=VECTOR('',#4465,10.);
#1300=VECTOR('',#4468,10.);
#1301=VECTOR('',#4471,10.);
#1302=VECTOR('',#4472,10.);
#1303=VECTOR('',#4473,10.);
#1304=VECTOR('',#4474,10.);
#1305=VECTOR('',#4475,10.);
#1306=VECTOR('',#4476,10.);
#1307=VECTOR('',#4477,10.);
#1308=VECTOR('',#4478,10.);
#1309=VECTOR('',#4479,10.);
#1310=VECTOR('',#4480,10.);
#1311=VECTOR('',#4481,10.);
#1312=VECTOR('',#4482,10.);
#1313=VECTOR('',#4483,10.);
#1314=VECTOR('',#4484,10.);
#1315=VECTOR('',#4485,10.);
#1316=VECTOR('',#4486,10.);
#1317=VECTOR('',#4487,10.);
#1318=VECTOR('',#4488,10.);
#1319=VECTOR('',#4491,10.);
#1320=VECTOR('',#4494,10.);
#1321=VECTOR('',#4495,10.);
#1322=VECTOR('',#4496,10.);
#1323=VECTOR('',#4497,10.);
#1324=VECTOR('',#4498,10.);
#1325=VECTOR('',#4499,10.);
#1326=VECTOR('',#4500,10.);
#1327=VECTOR('',#4501,10.);
#1328=VECTOR('',#4502,10.);
#1329=VECTOR('',#4503,10.);
#1330=VECTOR('',#4504,10.);
#1331=VECTOR('',#4507,10.);
#1332=VECTOR('',#4508,10.);
#1333=VECTOR('',#4509,10.);
#1334=VECTOR('',#4510,10.);
#1335=VECTOR('',#4511,10.);
#1336=VECTOR('',#4512,10.);
#1337=VECTOR('',#4513,10.);
#1338=VECTOR('',#4514,10.);
#1339=VECTOR('',#4515,10.);
#1340=VECTOR('',#4516,10.);
#1341=VECTOR('',#4517,10.);
#1342=VECTOR('',#4518,10.);
#1343=VECTOR('',#4519,10.);
#1344=VECTOR('',#4520,10.);
#1345=VECTOR('',#4521,10.);
#1346=VECTOR('',#4524,10.);
#1347=VECTOR('',#4525,10.);
#1348=VECTOR('',#4526,10.);
#1349=VECTOR('',#4527,10.);
#1350=VECTOR('',#4528,10.);
#1351=VECTOR('',#4529,10.);
#1352=VECTOR('',#4530,10.);
#1353=VECTOR('',#4531,10.);
#1354=VECTOR('',#4532,10.);
#1355=VECTOR('',#4533,10.);
#1356=VECTOR('',#4534,10.);
#1357=VECTOR('',#4535,10.);
#1358=VECTOR('',#4536,10.);
#1359=VECTOR('',#4537,10.);
#1360=VECTOR('',#4538,10.);
#1361=VECTOR('',#4539,10.);
#1362=VECTOR('',#4540,10.);
#1363=VECTOR('',#4541,10.);
#1364=VECTOR('',#4542,10.);
#1365=VECTOR('',#4543,10.);
#1366=VECTOR('',#4544,10.);
#1367=VECTOR('',#4551,10.);
#1368=VECTOR('',#4554,10.);
#1369=VECTOR('',#4557,10.);
#1370=VECTOR('',#4558,10.);
#1371=VECTOR('',#4559,10.);
#1372=VECTOR('',#4560,10.);
#1373=VECTOR('',#4563,10.);
#1374=VECTOR('',#4564,10.);
#1375=VECTOR('',#4567,10.);
#1376=VECTOR('',#4568,10.);
#1377=VECTOR('',#4571,10.);
#1378=VECTOR('',#4572,10.);
#1379=VECTOR('',#4577,10.);
#1380=VECTOR('',#4584,10.);
#1381=VECTOR('',#4585,10.);
#1382=VECTOR('',#4586,10.);
#1383=VECTOR('',#4589,10.);
#1384=VECTOR('',#4590,10.);
#1385=VECTOR('',#4591,10.);
#1386=VECTOR('',#4594,10.);
#1387=VECTOR('',#4595,10.);
#1388=VECTOR('',#4596,10.);
#1389=VECTOR('',#4599,10.);
#1390=VECTOR('',#4600,10.);
#1391=VECTOR('',#4601,10.);
#1392=VECTOR('',#4604,10.);
#1393=VECTOR('',#4605,10.);
#1394=VECTOR('',#4606,10.);
#1395=VECTOR('',#4609,10.);
#1396=VECTOR('',#4610,10.);
#1397=VECTOR('',#4617,10.);
#1398=VECTOR('',#4622,10.);
#1399=VECTOR('',#4623,10.);
#1400=VECTOR('',#4624,10.);
#1401=VECTOR('',#4625,10.);
#1402=VECTOR('',#4628,10.);
#1403=VECTOR('',#4629,10.);
#1404=VECTOR('',#4630,10.);
#1405=VECTOR('',#4633,10.);
#1406=VECTOR('',#4634,10.);
#1407=VECTOR('',#4639,10.);
#1408=VECTOR('',#4642,10.);
#1409=VECTOR('',#4649,10.);
#1410=VECTOR('',#4654,10.);
#1411=VECTOR('',#4655,10.);
#1412=VECTOR('',#4656,10.);
#1413=VECTOR('',#4657,10.);
#1414=VECTOR('',#4662,10.);
#1415=VECTOR('',#4665,10.);
#1416=VECTOR('',#4670,10.);
#1417=VECTOR('',#4671,10.);
#1418=VECTOR('',#4672,10.);
#1419=VECTOR('',#4673,10.);
#1420=VECTOR('',#4676,10.);
#1421=VECTOR('',#4685,10.);
#1422=VECTOR('',#4690,10.);
#1423=VECTOR('',#4691,10.);
#1424=VECTOR('',#4692,10.);
#1425=VECTOR('',#4695,10.);
#1426=VECTOR('',#4696,10.);
#1427=VECTOR('',#4699,10.);
#1428=VECTOR('',#4700,10.);
#1429=VECTOR('',#4701,10.);
#1430=VECTOR('',#4704,10.);
#1431=VECTOR('',#4705,10.);
#1432=VECTOR('',#4706,10.);
#1433=VECTOR('',#4709,10.);
#1434=VECTOR('',#4710,10.);
#1435=VECTOR('',#4711,10.);
#1436=VECTOR('',#4720,10.);
#1437=VECTOR('',#4727,10.);
#1438=VECTOR('',#4732,10.);
#1439=VECTOR('',#4735,10.);
#1440=VECTOR('',#4746,10.);
#1441=VECTOR('',#4749,10.);
#1442=VECTOR('',#4750,10.);
#1443=VECTOR('',#4771,10.);
#1444=VECTOR('',#4772,10.);
#1445=VECTOR('',#4779,10.);
#1446=VECTOR('',#4788,10.);
#1447=VECTOR('',#4791,10.);
#1448=VECTOR('',#4794,10.);
#1449=VECTOR('',#4795,10.);
#1450=VECTOR('',#4800,10.);
#1451=VECTOR('',#4803,10.);
#1452=VECTOR('',#4804,10.);
#1453=VECTOR('',#4805,10.);
#1454=VECTOR('',#4806,10.);
#1455=VECTOR('',#4811,10.);
#1456=VECTOR('',#4820,10.);
#1457=VECTOR('',#4821,10.);
#1458=VECTOR('',#4822,10.);
#1459=VECTOR('',#4823,10.);
#1460=VECTOR('',#4828,10.);
#1461=VECTOR('',#4829,10.);
#1462=VECTOR('',#4832,10.);
#1463=VECTOR('',#4835,10.);
#1464=VECTOR('',#4840,2.7);
#1465=VECTOR('',#4849,2.7);
#1466=VECTOR('',#4858,2.7);
#1467=VECTOR('',#4867,2.7);
#1468=VECTOR('',#4876,1.5);
#1469=VECTOR('',#4879,1.5);
#1470=VECTOR('',#4882,1.49999999999999);
#1471=VECTOR('',#4885,1.5);
#1472=VECTOR('',#4890,10.);
#1473=VECTOR('',#4895,10.);
#1474=VECTOR('',#4896,10.);
#1475=VECTOR('',#4903,10.);
#1476=VECTOR('',#4910,10.);
#1477=VECTOR('',#4911,10.);
#1478=VECTOR('',#4920,10.);
#1479=VECTOR('',#4921,10.);
#1480=VERTEX_POINT('',#4934);
#1481=VERTEX_POINT('',#4935);
#1482=VERTEX_POINT('',#4937);
#1483=VERTEX_POINT('',#4942);
#1484=VERTEX_POINT('',#4956);
#1485=VERTEX_POINT('',#4957);
#1486=VERTEX_POINT('',#4959);
#1487=VERTEX_POINT('',#4964);
#1488=VERTEX_POINT('',#4978);
#1489=VERTEX_POINT('',#4979);
#1490=VERTEX_POINT('',#4981);
#1491=VERTEX_POINT('',#4986);
#1492=VERTEX_POINT('',#5000);
#1493=VERTEX_POINT('',#5001);
#1494=VERTEX_POINT('',#5003);
#1495=VERTEX_POINT('',#5008);
#1496=VERTEX_POINT('',#5022);
#1497=VERTEX_POINT('',#5023);
#1498=VERTEX_POINT('',#5025);
#1499=VERTEX_POINT('',#5030);
#1500=VERTEX_POINT('',#5044);
#1501=VERTEX_POINT('',#5045);
#1502=VERTEX_POINT('',#5047);
#1503=VERTEX_POINT('',#5052);
#1504=VERTEX_POINT('',#5066);
#1505=VERTEX_POINT('',#5067);
#1506=VERTEX_POINT('',#5085);
#1507=VERTEX_POINT('',#5086);
#1508=VERTEX_POINT('',#5088);
#1509=VERTEX_POINT('',#5093);
#1510=VERTEX_POINT('',#5100);
#1511=VERTEX_POINT('',#5102);
#1512=VERTEX_POINT('',#5104);
#1513=VERTEX_POINT('',#5106);
#1514=VERTEX_POINT('',#5111);
#1515=VERTEX_POINT('',#5116);
#1516=VERTEX_POINT('',#5121);
#1517=VERTEX_POINT('',#5123);
#1518=VERTEX_POINT('',#5125);
#1519=VERTEX_POINT('',#5127);
#1520=VERTEX_POINT('',#5129);
#1521=VERTEX_POINT('',#5134);
#1522=VERTEX_POINT('',#5139);
#1523=VERTEX_POINT('',#5144);
#1524=VERTEX_POINT('',#5146);
#1525=VERTEX_POINT('',#5151);
#1526=VERTEX_POINT('',#5156);
#1527=VERTEX_POINT('',#5158);
#1528=VERTEX_POINT('',#5163);
#1529=VERTEX_POINT('',#5168);
#1530=VERTEX_POINT('',#5173);
#1531=VERTEX_POINT('',#5178);
#1532=VERTEX_POINT('',#5183);
#1533=VERTEX_POINT('',#5188);
#1534=VERTEX_POINT('',#5193);
#1535=VERTEX_POINT('',#5198);
#1536=VERTEX_POINT('',#5200);
#1537=VERTEX_POINT('',#5202);
#1538=VERTEX_POINT('',#5207);
#1539=VERTEX_POINT('',#5212);
#1540=VERTEX_POINT('',#5217);
#1541=VERTEX_POINT('',#5222);
#1542=VERTEX_POINT('',#5227);
#1543=VERTEX_POINT('',#5232);
#1544=VERTEX_POINT('',#5237);
#1545=VERTEX_POINT('',#5242);
#1546=VERTEX_POINT('',#5247);
#1547=VERTEX_POINT('',#5249);
#1548=VERTEX_POINT('',#5254);
#1549=VERTEX_POINT('',#5259);
#1550=VERTEX_POINT('',#5264);
#1551=VERTEX_POINT('',#5266);
#1552=VERTEX_POINT('',#5271);
#1553=VERTEX_POINT('',#5276);
#1554=VERTEX_POINT('',#5278);
#1555=VERTEX_POINT('',#5280);
#1556=VERTEX_POINT('',#5285);
#1557=VERTEX_POINT('',#5287);
#1558=VERTEX_POINT('',#5289);
#1559=VERTEX_POINT('',#5294);
#1560=VERTEX_POINT('',#5299);
#1561=VERTEX_POINT('',#5304);
#1562=VERTEX_POINT('',#5306);
#1563=VERTEX_POINT('',#5311);
#1564=VERTEX_POINT('',#5316);
#1565=VERTEX_POINT('',#5321);
#1566=VERTEX_POINT('',#5326);
#1567=VERTEX_POINT('',#5331);
#1568=VERTEX_POINT('',#5336);
#1569=VERTEX_POINT('',#5338);
#1570=VERTEX_POINT('',#5340);
#1571=VERTEX_POINT('',#5342);
#1572=VERTEX_POINT('',#5347);
#1573=VERTEX_POINT('',#5349);
#1574=VERTEX_POINT('',#5354);
#1575=VERTEX_POINT('',#5359);
#1576=VERTEX_POINT('',#5364);
#1577=VERTEX_POINT('',#5369);
#1578=VERTEX_POINT('',#5374);
#1579=VERTEX_POINT('',#5379);
#1580=VERTEX_POINT('',#5384);
#1581=VERTEX_POINT('',#5389);
#1582=VERTEX_POINT('',#5394);
#1583=VERTEX_POINT('',#5396);
#1584=VERTEX_POINT('',#5401);
#1585=VERTEX_POINT('',#5406);
#1586=VERTEX_POINT('',#5411);
#1587=VERTEX_POINT('',#5416);
#1588=VERTEX_POINT('',#5421);
#1589=VERTEX_POINT('',#5426);
#1590=VERTEX_POINT('',#5431);
#1591=VERTEX_POINT('',#5436);
#1592=VERTEX_POINT('',#5441);
#1593=VERTEX_POINT('',#5443);
#1594=VERTEX_POINT('',#5448);
#1595=VERTEX_POINT('',#5453);
#1596=VERTEX_POINT('',#5456);
#1597=VERTEX_POINT('',#5459);
#1598=VERTEX_POINT('',#5461);
#1599=VERTEX_POINT('',#5467);
#1600=VERTEX_POINT('',#5469);
#1601=VERTEX_POINT('',#5471);
#1602=VERTEX_POINT('',#5476);
#1603=VERTEX_POINT('',#5481);
#1604=VERTEX_POINT('',#5483);
#1605=VERTEX_POINT('',#5488);
#1606=VERTEX_POINT('',#5493);
#1607=VERTEX_POINT('',#5498);
#1608=VERTEX_POINT('',#5503);
#1609=VERTEX_POINT('',#5505);
#1610=VERTEX_POINT('',#5507);
#1611=VERTEX_POINT('',#5509);
#1612=VERTEX_POINT('',#5514);
#1613=VERTEX_POINT('',#5519);
#1614=VERTEX_POINT('',#5521);
#1615=VERTEX_POINT('',#5523);
#1616=VERTEX_POINT('',#5525);
#1617=VERTEX_POINT('',#5527);
#1618=VERTEX_POINT('',#5529);
#1619=VERTEX_POINT('',#5531);
#1620=VERTEX_POINT('',#5533);
#1621=VERTEX_POINT('',#5538);
#1622=VERTEX_POINT('',#5540);
#1623=VERTEX_POINT('',#5542);
#1624=VERTEX_POINT('',#5547);
#1625=VERTEX_POINT('',#5551);
#1626=VERTEX_POINT('',#5556);
#1627=VERTEX_POINT('',#5561);
#1628=VERTEX_POINT('',#5566);
#1629=VERTEX_POINT('',#5568);
#1630=VERTEX_POINT('',#5573);
#1631=VERTEX_POINT('',#5578);
#1632=VERTEX_POINT('',#5583);
#1633=VERTEX_POINT('',#5587);
#1634=VERTEX_POINT('',#5592);
#1635=VERTEX_POINT('',#5597);
#1636=VERTEX_POINT('',#5602);
#1637=VERTEX_POINT('',#5604);
#1638=VERTEX_POINT('',#5609);
#1639=VERTEX_POINT('',#5611);
#1640=VERTEX_POINT('',#5613);
#1641=VERTEX_POINT('',#5616);
#1642=VERTEX_POINT('',#5618);
#1643=VERTEX_POINT('',#5620);
#1644=VERTEX_POINT('',#5622);
#1645=VERTEX_POINT('',#5627);
#1646=VERTEX_POINT('',#5632);
#1647=VERTEX_POINT('',#5637);
#1648=VERTEX_POINT('',#5639);
#1649=VERTEX_POINT('',#5644);
#1650=VERTEX_POINT('',#5649);
#1651=VERTEX_POINT('',#5654);
#1652=VERTEX_POINT('',#5659);
#1653=VERTEX_POINT('',#5664);
#1654=VERTEX_POINT('',#5669);
#1655=VERTEX_POINT('',#5674);
#1656=VERTEX_POINT('',#5676);
#1657=VERTEX_POINT('',#5678);
#1658=VERTEX_POINT('',#5680);
#1659=VERTEX_POINT('',#5689);
#1660=VERTEX_POINT('',#5691);
#1661=VERTEX_POINT('',#5693);
#1662=VERTEX_POINT('',#5702);
#1663=VERTEX_POINT('',#5704);
#1664=VERTEX_POINT('',#5710);
#1665=VERTEX_POINT('',#5712);
#1666=VERTEX_POINT('',#5713);
#1667=VERTEX_POINT('',#5718);
#1668=VERTEX_POINT('',#5727);
#1669=VERTEX_POINT('',#5729);
#1670=VERTEX_POINT('',#5731);
#1671=VERTEX_POINT('',#5732);
#1672=VERTEX_POINT('',#5737);
#1673=VERTEX_POINT('',#5747);
#1674=VERTEX_POINT('',#5748);
#1675=VERTEX_POINT('',#5750);
#1676=VERTEX_POINT('',#5764);
#1677=VERTEX_POINT('',#5766);
#1678=VERTEX_POINT('',#5777);
#1679=VERTEX_POINT('',#5779);
#1680=VERTEX_POINT('',#5790);
#1681=VERTEX_POINT('',#5792);
#1682=VERTEX_POINT('',#5806);
#1683=VERTEX_POINT('',#5832);
#1684=VERTEX_POINT('',#5834);
#1685=VERTEX_POINT('',#5848);
#1686=VERTEX_POINT('',#5874);
#1687=VERTEX_POINT('',#5888);
#1688=VERTEX_POINT('',#5902);
#1689=VERTEX_POINT('',#5904);
#1690=VERTEX_POINT('',#5918);
#1691=VERTEX_POINT('',#5932);
#1692=VERTEX_POINT('',#5946);
#1693=VERTEX_POINT('',#5960);
#1694=VERTEX_POINT('',#5974);
#1695=VERTEX_POINT('',#5988);
#1696=VERTEX_POINT('',#6002);
#1697=VERTEX_POINT('',#6004);
#1698=VERTEX_POINT('',#6018);
#1699=VERTEX_POINT('',#6020);
#1700=VERTEX_POINT('',#6034);
#1701=VERTEX_POINT('',#6041);
#1702=VERTEX_POINT('',#6052);
#1703=VERTEX_POINT('',#6066);
#1704=VERTEX_POINT('',#6080);
#1705=VERTEX_POINT('',#6094);
#1706=VERTEX_POINT('',#6108);
#1707=VERTEX_POINT('',#6122);
#1708=VERTEX_POINT('',#6136);
#1709=VERTEX_POINT('',#6150);
#1710=VERTEX_POINT('',#6164);
#1711=VERTEX_POINT('',#6178);
#1712=VERTEX_POINT('',#6180);
#1713=VERTEX_POINT('',#6194);
#1714=VERTEX_POINT('',#6208);
#1715=VERTEX_POINT('',#6222);
#1716=VERTEX_POINT('',#6236);
#1717=VERTEX_POINT('',#6250);
#1718=VERTEX_POINT('',#6264);
#1719=VERTEX_POINT('',#6278);
#1720=VERTEX_POINT('',#6292);
#1721=VERTEX_POINT('',#6299);
#1722=VERTEX_POINT('',#6310);
#1723=VERTEX_POINT('',#6324);
#1724=VERTEX_POINT('',#6326);
#1725=VERTEX_POINT('',#6340);
#1726=VERTEX_POINT('',#6354);
#1727=VERTEX_POINT('',#6368);
#1728=VERTEX_POINT('',#6382);
#1729=VERTEX_POINT('',#6396);
#1730=VERTEX_POINT('',#6410);
#1731=VERTEX_POINT('',#6412);
#1732=VERTEX_POINT('',#6426);
#1733=VERTEX_POINT('',#6440);
#1734=VERTEX_POINT('',#6454);
#1735=VERTEX_POINT('',#6456);
#1736=VERTEX_POINT('',#6470);
#1737=VERTEX_POINT('',#6472);
#1738=VERTEX_POINT('',#6486);
#1739=VERTEX_POINT('',#6500);
#1740=VERTEX_POINT('',#6502);
#1741=VERTEX_POINT('',#6516);
#1742=VERTEX_POINT('',#6530);
#1743=VERTEX_POINT('',#6537);
#1744=VERTEX_POINT('',#6548);
#1745=VERTEX_POINT('',#6562);
#1746=VERTEX_POINT('',#6576);
#1747=VERTEX_POINT('',#6590);
#1748=VERTEX_POINT('',#6604);
#1749=VERTEX_POINT('',#6618);
#1750=VERTEX_POINT('',#6632);
#1751=VERTEX_POINT('',#6646);
#1752=VERTEX_POINT('',#6660);
#1753=VERTEX_POINT('',#6674);
#1754=VERTEX_POINT('',#6676);
#1755=VERTEX_POINT('',#6690);
#1756=VERTEX_POINT('',#6704);
#1757=VERTEX_POINT('',#6718);
#1758=VERTEX_POINT('',#6732);
#1759=VERTEX_POINT('',#6746);
#1760=VERTEX_POINT('',#6760);
#1761=VERTEX_POINT('',#6774);
#1762=VERTEX_POINT('',#6781);
#1763=VERTEX_POINT('',#6792);
#1764=VERTEX_POINT('',#6806);
#1765=VERTEX_POINT('',#6820);
#1766=VERTEX_POINT('',#6822);
#1767=VERTEX_POINT('',#6836);
#1768=VERTEX_POINT('',#6850);
#1769=VERTEX_POINT('',#6864);
#1770=VERTEX_POINT('',#6866);
#1771=VERTEX_POINT('',#6880);
#1772=VERTEX_POINT('',#6894);
#1773=VERTEX_POINT('',#6908);
#1774=VERTEX_POINT('',#6919);
#1775=VERTEX_POINT('',#6933);
#1776=VERTEX_POINT('',#6947);
#1777=VERTEX_POINT('',#6961);
#1778=VERTEX_POINT('',#6963);
#1779=VERTEX_POINT('',#6977);
#1780=VERTEX_POINT('',#6991);
#1781=VERTEX_POINT('',#7005);
#1782=VERTEX_POINT('',#7019);
#1783=VERTEX_POINT('',#7033);
#1784=VERTEX_POINT('',#7047);
#1785=VERTEX_POINT('',#7049);
#1786=VERTEX_POINT('',#7063);
#1787=VERTEX_POINT('',#7077);
#1788=VERTEX_POINT('',#7091);
#1789=VERTEX_POINT('',#7102);
#1790=VERTEX_POINT('',#7104);
#1791=VERTEX_POINT('',#7118);
#1792=VERTEX_POINT('',#7120);
#1793=VERTEX_POINT('',#7134);
#1794=VERTEX_POINT('',#7148);
#1795=VERTEX_POINT('',#7160);
#1796=VERTEX_POINT('',#7173);
#1797=VERTEX_POINT('',#7187);
#1798=VERTEX_POINT('',#7201);
#1799=VERTEX_POINT('',#7215);
#1800=VERTEX_POINT('',#7217);
#1801=VERTEX_POINT('',#7231);
#1802=VERTEX_POINT('',#7245);
#1803=VERTEX_POINT('',#7257);
#1804=VERTEX_POINT('',#7270);
#1805=VERTEX_POINT('',#7284);
#1806=VERTEX_POINT('',#7286);
#1807=VERTEX_POINT('',#7300);
#1808=VERTEX_POINT('',#7314);
#1809=VERTEX_POINT('',#7328);
#1810=VERTEX_POINT('',#7332);
#1811=VERTEX_POINT('',#7334);
#1812=VERTEX_POINT('',#7336);
#1813=VERTEX_POINT('',#7340);
#1814=VERTEX_POINT('',#7342);
#1815=VERTEX_POINT('',#7344);
#1816=VERTEX_POINT('',#7348);
#1817=VERTEX_POINT('',#7352);
#1818=VERTEX_POINT('',#7360);
#1819=VERTEX_POINT('',#7366);
#1820=VERTEX_POINT('',#7370);
#1821=VERTEX_POINT('',#7372);
#1822=VERTEX_POINT('',#7376);
#1823=VERTEX_POINT('',#7381);
#1824=VERTEX_POINT('',#7383);
#1825=VERTEX_POINT('',#7387);
#1826=VERTEX_POINT('',#7392);
#1827=VERTEX_POINT('',#7397);
#1828=VERTEX_POINT('',#7399);
#1829=VERTEX_POINT('',#7403);
#1830=VERTEX_POINT('',#7405);
#1831=VERTEX_POINT('',#7407);
#1832=VERTEX_POINT('',#7411);
#1833=VERTEX_POINT('',#7413);
#1834=VERTEX_POINT('',#7417);
#1835=VERTEX_POINT('',#7421);
#1836=VERTEX_POINT('',#7423);
#1837=VERTEX_POINT('',#7425);
#1838=VERTEX_POINT('',#7430);
#1839=VERTEX_POINT('',#7432);
#1840=VERTEX_POINT('',#7437);
#1841=VERTEX_POINT('',#7439);
#1842=VERTEX_POINT('',#7443);
#1843=VERTEX_POINT('',#7445);
#1844=VERTEX_POINT('',#7447);
#1845=VERTEX_POINT('',#7449);
#1846=VERTEX_POINT('',#7453);
#1847=VERTEX_POINT('',#7455);
#1848=VERTEX_POINT('',#7457);
#1849=VERTEX_POINT('',#7461);
#1850=VERTEX_POINT('',#7466);
#1851=VERTEX_POINT('',#7468);
#1852=VERTEX_POINT('',#7472);
#1853=VERTEX_POINT('',#7477);
#1854=VERTEX_POINT('',#7481);
#1855=VERTEX_POINT('',#7483);
#1856=VERTEX_POINT('',#7487);
#1857=VERTEX_POINT('',#7492);
#1858=VERTEX_POINT('',#7494);
#1859=VERTEX_POINT('',#7505);
#1860=VERTEX_POINT('',#7519);
#1861=VERTEX_POINT('',#7523);
#1862=VERTEX_POINT('',#7533);
#1863=VERTEX_POINT('',#7548);
#1864=VERTEX_POINT('',#7553);
#1865=VERTEX_POINT('',#7555);
#1866=VERTEX_POINT('',#7558);
#1867=VERTEX_POINT('',#7562);
#1868=VERTEX_POINT('',#7566);
#1869=VERTEX_POINT('',#7568);
#1870=VERTEX_POINT('',#7570);
#1871=VERTEX_POINT('',#7572);
#1872=VERTEX_POINT('',#7574);
#1873=VERTEX_POINT('',#7575);
#1874=VERTEX_POINT('',#7577);
#1875=VERTEX_POINT('',#7579);
#1876=VERTEX_POINT('',#7592);
#1877=VERTEX_POINT('',#7596);
#1878=VERTEX_POINT('',#7599);
#1879=VERTEX_POINT('',#7603);
#1880=VERTEX_POINT('',#7606);
#1881=VERTEX_POINT('',#7610);
#1882=VERTEX_POINT('',#7613);
#1883=VERTEX_POINT('',#7617);
#1884=VERTEX_POINT('',#7648);
#1885=VERTEX_POINT('',#7649);
#1886=VERTEX_POINT('',#7651);
#1887=VERTEX_POINT('',#7653);
#1888=VERTEX_POINT('',#7670);
#1889=VERTEX_POINT('',#7671);
#1890=VERTEX_POINT('',#7685);
#1891=VERTEX_POINT('',#7686);
#1892=EDGE_CURVE('',#1480,#1481,#884,.T.);
#1893=EDGE_CURVE('',#1482,#1480,#654,.T.);
#1894=EDGE_CURVE('',#1482,#1483,#885,.T.);
#1895=EDGE_CURVE('',#1481,#1483,#655,.T.);
#1896=EDGE_CURVE('',#1484,#1485,#886,.T.);
#1897=EDGE_CURVE('',#1486,#1484,#656,.T.);
#1898=EDGE_CURVE('',#1486,#1487,#887,.T.);
#1899=EDGE_CURVE('',#1485,#1487,#657,.T.);
#1900=EDGE_CURVE('',#1488,#1489,#888,.T.);
#1901=EDGE_CURVE('',#1490,#1488,#658,.T.);
#1902=EDGE_CURVE('',#1490,#1491,#889,.T.);
#1903=EDGE_CURVE('',#1489,#1491,#659,.T.);
#1904=EDGE_CURVE('',#1492,#1493,#890,.T.);
#1905=EDGE_CURVE('',#1492,#1494,#660,.T.);
#1906=EDGE_CURVE('',#1495,#1494,#891,.T.);
#1907=EDGE_CURVE('',#1493,#1495,#661,.T.);
#1908=EDGE_CURVE('',#1496,#1497,#892,.T.);
#1909=EDGE_CURVE('',#1498,#1496,#662,.T.);
#1910=EDGE_CURVE('',#1499,#1498,#893,.T.);
#1911=EDGE_CURVE('',#1499,#1497,#663,.T.);
#1912=EDGE_CURVE('',#1500,#1501,#894,.T.);
#1913=EDGE_CURVE('',#1502,#1500,#664,.T.);
#1914=EDGE_CURVE('',#1503,#1502,#895,.T.);
#1915=EDGE_CURVE('',#1503,#1501,#665,.T.);
#1916=EDGE_CURVE('',#1504,#1505,#896,.T.);
#1917=EDGE_CURVE('',#1504,#1499,#666,.T.);
#1918=EDGE_CURVE('',#1505,#1498,#667,.T.);
#1919=EDGE_CURVE('',#1506,#1507,#897,.T.);
#1920=EDGE_CURVE('',#1508,#1506,#668,.T.);
#1921=EDGE_CURVE('',#1508,#1509,#898,.T.);
#1922=EDGE_CURVE('',#1507,#1509,#669,.T.);
#1923=EDGE_CURVE('',#1510,#1480,#899,.T.);
#1924=EDGE_CURVE('',#1511,#1510,#72,.T.);
#1925=EDGE_CURVE('',#1511,#1512,#62,.T.);
#1926=EDGE_CURVE('',#1512,#1513,#670,.T.);
#1927=EDGE_CURVE('',#1513,#1514,#671,.T.);
#1928=EDGE_CURVE('',#1514,#1515,#672,.T.);
#1929=EDGE_CURVE('',#1516,#1515,#900,.T.);
#1930=EDGE_CURVE('',#1517,#1516,#901,.T.);
#1931=EDGE_CURVE('',#1518,#1517,#902,.T.);
#1932=EDGE_CURVE('',#1519,#1518,#903,.T.);
#1933=EDGE_CURVE('',#1519,#1520,#673,.T.);
#1934=EDGE_CURVE('',#1520,#1521,#674,.T.);
#1935=EDGE_CURVE('',#1521,#1522,#675,.T.);
#1936=EDGE_CURVE('',#1523,#1522,#73,.T.);
#1937=EDGE_CURVE('',#1524,#1523,#676,.T.);
#1938=EDGE_CURVE('',#1525,#1524,#677,.T.);
#1939=EDGE_CURVE('',#1526,#1525,#74,.T.);
#1940=EDGE_CURVE('',#1527,#1526,#678,.T.);
#1941=EDGE_CURVE('',#1528,#1527,#679,.T.);
#1942=EDGE_CURVE('',#1529,#1528,#680,.T.);
#1943=EDGE_CURVE('',#1530,#1529,#681,.T.);
#1944=EDGE_CURVE('',#1531,#1530,#682,.T.);
#1945=EDGE_CURVE('',#1532,#1531,#683,.T.);
#1946=EDGE_CURVE('',#1533,#1532,#684,.T.);
#1947=EDGE_CURVE('',#1534,#1533,#685,.T.);
#1948=EDGE_CURVE('',#1535,#1534,#75,.T.);
#1949=EDGE_CURVE('',#1536,#1535,#76,.T.);
#1950=EDGE_CURVE('',#1537,#1536,#686,.T.);
#1951=EDGE_CURVE('',#1538,#1537,#687,.T.);
#1952=EDGE_CURVE('',#1539,#1538,#688,.T.);
#1953=EDGE_CURVE('',#1540,#1539,#689,.T.);
#1954=EDGE_CURVE('',#1541,#1540,#690,.T.);
#1955=EDGE_CURVE('',#1542,#1541,#691,.T.);
#1956=EDGE_CURVE('',#1543,#1542,#692,.T.);
#1957=EDGE_CURVE('',#1544,#1543,#693,.T.);
#1958=EDGE_CURVE('',#1545,#1544,#694,.T.);
#1959=EDGE_CURVE('',#1546,#1545,#77,.T.);
#1960=EDGE_CURVE('',#1547,#1546,#695,.T.);
#1961=EDGE_CURVE('',#1548,#1547,#696,.T.);
#1962=EDGE_CURVE('',#1549,#1548,#697,.T.);
#1963=EDGE_CURVE('',#1550,#1549,#78,.T.);
#1964=EDGE_CURVE('',#1550,#1551,#698,.T.);
#1965=EDGE_CURVE('',#1551,#1552,#699,.T.);
#1966=EDGE_CURVE('',#1553,#1552,#904,.T.);
#1967=EDGE_CURVE('',#1554,#1553,#905,.T.);
#1968=EDGE_CURVE('',#1555,#1554,#700,.T.);
#1969=EDGE_CURVE('',#1556,#1555,#79,.T.);
#1970=EDGE_CURVE('',#1557,#1556,#80,.T.);
#1971=EDGE_CURVE('',#1558,#1557,#701,.T.);
#1972=EDGE_CURVE('',#1559,#1558,#702,.T.);
#1973=EDGE_CURVE('',#1560,#1559,#703,.T.);
#1974=EDGE_CURVE('',#1561,#1560,#81,.T.);
#1975=EDGE_CURVE('',#1562,#1561,#704,.T.);
#1976=EDGE_CURVE('',#1563,#1562,#705,.T.);
#1977=EDGE_CURVE('',#1564,#1563,#706,.T.);
#1978=EDGE_CURVE('',#1565,#1564,#707,.T.);
#1979=EDGE_CURVE('',#1566,#1565,#708,.T.);
#1980=EDGE_CURVE('',#1567,#1566,#709,.T.);
#1981=EDGE_CURVE('',#1568,#1567,#906,.T.);
#1982=EDGE_CURVE('',#1569,#1568,#907,.T.);
#1983=EDGE_CURVE('',#1570,#1569,#908,.T.);
#1984=EDGE_CURVE('',#1570,#1571,#710,.T.);
#1985=EDGE_CURVE('',#1571,#1572,#82,.T.);
#1986=EDGE_CURVE('',#1572,#1573,#711,.T.);
#1987=EDGE_CURVE('',#1573,#1574,#712,.T.);
#1988=EDGE_CURVE('',#1574,#1575,#713,.T.);
#1989=EDGE_CURVE('',#1575,#1576,#714,.T.);
#1990=EDGE_CURVE('',#1576,#1577,#715,.T.);
#1991=EDGE_CURVE('',#1577,#1578,#716,.T.);
#1992=EDGE_CURVE('',#1578,#1579,#717,.T.);
#1993=EDGE_CURVE('',#1579,#1580,#718,.T.);
#1994=EDGE_CURVE('',#1580,#1581,#719,.T.);
#1995=EDGE_CURVE('',#1582,#1581,#83,.T.);
#1996=EDGE_CURVE('',#1582,#1583,#720,.T.);
#1997=EDGE_CURVE('',#1583,#1584,#721,.T.);
#1998=EDGE_CURVE('',#1584,#1585,#722,.T.);
#1999=EDGE_CURVE('',#1585,#1586,#723,.T.);
#2000=EDGE_CURVE('',#1586,#1587,#724,.T.);
#2001=EDGE_CURVE('',#1587,#1588,#725,.T.);
#2002=EDGE_CURVE('',#1588,#1589,#726,.T.);
#2003=EDGE_CURVE('',#1589,#1590,#727,.T.);
#2004=EDGE_CURVE('',#1590,#1591,#728,.T.);
#2005=EDGE_CURVE('',#1591,#1592,#84,.T.);
#2006=EDGE_CURVE('',#1592,#1593,#729,.T.);
#2007=EDGE_CURVE('',#1593,#1594,#730,.T.);
#2008=EDGE_CURVE('',#1595,#1594,#85,.T.);
#2009=EDGE_CURVE('',#1497,#1595,#909,.T.);
#2010=EDGE_CURVE('',#1596,#1504,#910,.T.);
#2011=EDGE_CURVE('',#1501,#1596,#911,.T.);
#2012=EDGE_CURVE('',#1597,#1503,#912,.T.);
#2013=EDGE_CURVE('',#1598,#1597,#913,.T.);
#2014=EDGE_CURVE('',#1598,#1508,#731,.T.);
#2015=EDGE_CURVE('',#1599,#1506,#914,.T.);
#2016=EDGE_CURVE('',#1600,#1599,#915,.T.);
#2017=EDGE_CURVE('',#1601,#1600,#732,.T.);
#2018=EDGE_CURVE('',#1602,#1601,#733,.T.);
#2019=EDGE_CURVE('',#1602,#1603,#86,.T.);
#2020=EDGE_CURVE('',#1604,#1602,#734,.T.);
#2021=EDGE_CURVE('',#1605,#1604,#735,.T.);
#2022=EDGE_CURVE('',#1606,#1605,#736,.T.);
#2023=EDGE_CURVE('',#1607,#1606,#737,.T.);
#2024=EDGE_CURVE('',#1608,#1607,#87,.T.);
#2025=EDGE_CURVE('',#1609,#1608,#916,.T.);
#2026=EDGE_CURVE('',#1609,#1610,#63,.T.);
#2027=EDGE_CURVE('',#1610,#1611,#738,.T.);
#2028=EDGE_CURVE('',#1611,#1612,#739,.T.);
#2029=EDGE_CURVE('',#1612,#1613,#64,.T.);
#2030=EDGE_CURVE('',#1614,#1613,#917,.T.);
#2031=EDGE_CURVE('',#1615,#1614,#918,.T.);
#2032=EDGE_CURVE('',#1615,#1616,#65,.T.);
#2033=EDGE_CURVE('',#1617,#1616,#919,.T.);
#2034=EDGE_CURVE('',#1618,#1617,#920,.T.);
#2035=EDGE_CURVE('',#1619,#1618,#921,.T.);
#2036=EDGE_CURVE('',#1619,#1620,#740,.T.);
#2037=EDGE_CURVE('',#1621,#1620,#88,.T.);
#2038=EDGE_CURVE('',#1622,#1621,#89,.T.);
#2039=EDGE_CURVE('',#1622,#1623,#741,.T.);
#2040=EDGE_CURVE('',#1623,#1624,#742,.T.);
#2041=EDGE_CURVE('',#1624,#1625,#743,.T.);
#2042=EDGE_CURVE('',#1625,#1626,#744,.T.);
#2043=EDGE_CURVE('',#1626,#1627,#745,.T.);
#2044=EDGE_CURVE('',#1628,#1627,#90,.T.);
#2045=EDGE_CURVE('',#1628,#1629,#746,.T.);
#2046=EDGE_CURVE('',#1629,#1630,#747,.T.);
#2047=EDGE_CURVE('',#1630,#1631,#748,.T.);
#2048=EDGE_CURVE('',#1631,#1632,#749,.T.);
#2049=EDGE_CURVE('',#1632,#1633,#750,.T.);
#2050=EDGE_CURVE('',#1633,#1634,#751,.T.);
#2051=EDGE_CURVE('',#1634,#1635,#752,.T.);
#2052=EDGE_CURVE('',#1636,#1635,#91,.T.);
#2053=EDGE_CURVE('',#1636,#1637,#753,.T.);
#2054=EDGE_CURVE('',#1638,#1637,#92,.T.);
#2055=EDGE_CURVE('',#1639,#1638,#922,.T.);
#2056=EDGE_CURVE('',#1640,#1639,#923,.T.);
#2057=EDGE_CURVE('',#1494,#1640,#924,.T.);
#2058=EDGE_CURVE('',#1641,#1492,#925,.T.);
#2059=EDGE_CURVE('',#1642,#1641,#926,.T.);
#2060=EDGE_CURVE('',#1643,#1642,#66,.T.);
#2061=EDGE_CURVE('',#1644,#1643,#754,.T.);
#2062=EDGE_CURVE('',#1645,#1644,#755,.T.);
#2063=EDGE_CURVE('',#1646,#1645,#756,.T.);
#2064=EDGE_CURVE('',#1647,#1646,#93,.T.);
#2065=EDGE_CURVE('',#1647,#1648,#757,.T.);
#2066=EDGE_CURVE('',#1648,#1649,#758,.T.);
#2067=EDGE_CURVE('',#1649,#1650,#759,.T.);
#2068=EDGE_CURVE('',#1650,#1651,#760,.T.);
#2069=EDGE_CURVE('',#1652,#1651,#761,.T.);
#2070=EDGE_CURVE('',#1651,#1653,#762,.T.);
#2071=EDGE_CURVE('',#1653,#1654,#763,.T.);
#2072=EDGE_CURVE('',#1655,#1654,#94,.T.);
#2073=EDGE_CURVE('',#1656,#1655,#927,.T.);
#2074=EDGE_CURVE('',#1657,#1656,#928,.T.);
#2075=EDGE_CURVE('',#1657,#1658,#764,.T.);
#2076=EDGE_CURVE('',#1658,#1490,#765,.T.);
#2077=EDGE_CURVE('',#1659,#1488,#929,.T.);
#2078=EDGE_CURVE('',#1660,#1659,#930,.T.);
#2079=EDGE_CURVE('',#1660,#1661,#766,.T.);
#2080=EDGE_CURVE('',#1661,#1486,#767,.T.);
#2081=EDGE_CURVE('',#1662,#1484,#931,.T.);
#2082=EDGE_CURVE('',#1663,#1662,#932,.T.);
#2083=EDGE_CURVE('',#1663,#1482,#768,.T.);
#2084=EDGE_CURVE('',#1664,#1664,#95,.T.);
#2085=EDGE_CURVE('',#1665,#1666,#769,.T.);
#2086=EDGE_CURVE('',#1666,#1667,#770,.T.);
#2087=EDGE_CURVE('',#1667,#1665,#771,.T.);
#2088=EDGE_CURVE('',#1668,#1668,#96,.T.);
#2089=EDGE_CURVE('',#1669,#1669,#97,.T.);
#2090=EDGE_CURVE('',#1670,#1671,#772,.T.);
#2091=EDGE_CURVE('',#1671,#1672,#773,.T.);
#2092=EDGE_CURVE('',#1672,#1670,#774,.T.);
#2093=EDGE_CURVE('',#1673,#1674,#933,.T.);
#2094=EDGE_CURVE('',#1675,#1673,#775,.T.);
#2095=EDGE_CURVE('',#1674,#1675,#934,.T.);
#2096=EDGE_CURVE('',#1613,#1676,#935,.T.);
#2097=EDGE_CURVE('',#1612,#1677,#936,.T.);
#2098=EDGE_CURVE('',#1676,#1677,#67,.T.);
#2099=EDGE_CURVE('',#1616,#1678,#937,.T.);
#2100=EDGE_CURVE('',#1679,#1615,#938,.T.);
#2101=EDGE_CURVE('',#1678,#1679,#68,.T.);
#2102=EDGE_CURVE('',#1667,#1680,#939,.T.);
#2103=EDGE_CURVE('',#1681,#1680,#776,.T.);
#2104=EDGE_CURVE('',#1665,#1681,#940,.T.);
#2105=EDGE_CURVE('',#1666,#1682,#941,.T.);
#2106=EDGE_CURVE('',#1680,#1682,#777,.T.);
#2107=EDGE_CURVE('',#1682,#1681,#778,.T.);
#2108=EDGE_CURVE('',#1672,#1683,#942,.T.);
#2109=EDGE_CURVE('',#1684,#1683,#779,.T.);
#2110=EDGE_CURVE('',#1670,#1684,#943,.T.);
#2111=EDGE_CURVE('',#1671,#1685,#944,.T.);
#2112=EDGE_CURVE('',#1683,#1685,#780,.T.);
#2113=EDGE_CURVE('',#1685,#1684,#781,.T.);
#2114=EDGE_CURVE('',#1658,#1686,#945,.T.);
#2115=EDGE_CURVE('',#1491,#1686,#782,.T.);
#2116=EDGE_CURVE('',#1687,#1657,#946,.T.);
#2117=EDGE_CURVE('',#1686,#1687,#783,.T.);
#2118=EDGE_CURVE('',#1606,#1688,#947,.T.);
#2119=EDGE_CURVE('',#1689,#1688,#784,.T.);
#2120=EDGE_CURVE('',#1607,#1689,#948,.T.);
#2121=EDGE_CURVE('',#1605,#1690,#949,.T.);
#2122=EDGE_CURVE('',#1688,#1690,#785,.T.);
#2123=EDGE_CURVE('',#1604,#1691,#950,.T.);
#2124=EDGE_CURVE('',#1690,#1691,#786,.T.);
#2125=EDGE_CURVE('',#1602,#1692,#951,.T.);
#2126=EDGE_CURVE('',#1691,#1692,#787,.T.);
#2127=EDGE_CURVE('',#1601,#1693,#952,.T.);
#2128=EDGE_CURVE('',#1692,#1693,#788,.T.);
#2129=EDGE_CURVE('',#1694,#1600,#953,.T.);
#2130=EDGE_CURVE('',#1693,#1694,#789,.T.);
#2131=EDGE_CURVE('',#1695,#1598,#954,.T.);
#2132=EDGE_CURVE('',#1509,#1695,#790,.T.);
#2133=EDGE_CURVE('',#1696,#1673,#955,.T.);
#2134=EDGE_CURVE('',#1697,#1696,#791,.T.);
#2135=EDGE_CURVE('',#1675,#1697,#956,.T.);
#2136=EDGE_CURVE('',#1593,#1698,#957,.T.);
#2137=EDGE_CURVE('',#1699,#1698,#792,.T.);
#2138=EDGE_CURVE('',#1594,#1699,#958,.T.);
#2139=EDGE_CURVE('',#1592,#1700,#959,.T.);
#2140=EDGE_CURVE('',#1698,#1700,#793,.T.);
#2141=EDGE_CURVE('',#1591,#1701,#960,.T.);
#2142=EDGE_CURVE('',#1700,#1701,#98,.T.);
#2143=EDGE_CURVE('',#1590,#1702,#961,.T.);
#2144=EDGE_CURVE('',#1701,#1702,#794,.T.);
#2145=EDGE_CURVE('',#1589,#1703,#962,.T.);
#2146=EDGE_CURVE('',#1702,#1703,#795,.T.);
#2147=EDGE_CURVE('',#1588,#1704,#963,.T.);
#2148=EDGE_CURVE('',#1703,#1704,#796,.T.);
#2149=EDGE_CURVE('',#1587,#1705,#964,.T.);
#2150=EDGE_CURVE('',#1704,#1705,#797,.T.);
#2151=EDGE_CURVE('',#1586,#1706,#965,.T.);
#2152=EDGE_CURVE('',#1705,#1706,#798,.T.);
#2153=EDGE_CURVE('',#1585,#1707,#966,.T.);
#2154=EDGE_CURVE('',#1706,#1707,#799,.T.);
#2155=EDGE_CURVE('',#1584,#1708,#967,.T.);
#2156=EDGE_CURVE('',#1707,#1708,#800,.T.);
#2157=EDGE_CURVE('',#1583,#1709,#968,.T.);
#2158=EDGE_CURVE('',#1708,#1709,#801,.T.);
#2159=EDGE_CURVE('',#1710,#1582,#969,.T.);
#2160=EDGE_CURVE('',#1709,#1710,#802,.T.);
#2161=EDGE_CURVE('',#1580,#1711,#970,.T.);
#2162=EDGE_CURVE('',#1712,#1711,#803,.T.);
#2163=EDGE_CURVE('',#1581,#1712,#971,.T.);
#2164=EDGE_CURVE('',#1579,#1713,#972,.T.);
#2165=EDGE_CURVE('',#1711,#1713,#804,.T.);
#2166=EDGE_CURVE('',#1578,#1714,#973,.T.);
#2167=EDGE_CURVE('',#1713,#1714,#805,.T.);
#2168=EDGE_CURVE('',#1577,#1715,#974,.T.);
#2169=EDGE_CURVE('',#1714,#1715,#806,.T.);
#2170=EDGE_CURVE('',#1576,#1716,#975,.T.);
#2171=EDGE_CURVE('',#1715,#1716,#807,.T.);
#2172=EDGE_CURVE('',#1575,#1717,#976,.T.);
#2173=EDGE_CURVE('',#1716,#1717,#808,.T.);
#2174=EDGE_CURVE('',#1574,#1718,#977,.T.);
#2175=EDGE_CURVE('',#1717,#1718,#809,.T.);
#2176=EDGE_CURVE('',#1573,#1719,#978,.T.);
#2177=EDGE_CURVE('',#1718,#1719,#810,.T.);
#2178=EDGE_CURVE('',#1572,#1720,#979,.T.);
#2179=EDGE_CURVE('',#1719,#1720,#811,.T.);
#2180=EDGE_CURVE('',#1571,#1721,#980,.T.);
#2181=EDGE_CURVE('',#1720,#1721,#99,.T.);
#2182=EDGE_CURVE('',#1722,#1570,#981,.T.);
#2183=EDGE_CURVE('',#1721,#1722,#812,.T.);
#2184=EDGE_CURVE('',#1566,#1723,#982,.T.);
#2185=EDGE_CURVE('',#1724,#1723,#813,.T.);
#2186=EDGE_CURVE('',#1567,#1724,#983,.T.);
#2187=EDGE_CURVE('',#1565,#1725,#984,.T.);
#2188=EDGE_CURVE('',#1723,#1725,#814,.T.);
#2189=EDGE_CURVE('',#1564,#1726,#985,.T.);
#2190=EDGE_CURVE('',#1725,#1726,#815,.T.);
#2191=EDGE_CURVE('',#1563,#1727,#986,.T.);
#2192=EDGE_CURVE('',#1726,#1727,#816,.T.);
#2193=EDGE_CURVE('',#1562,#1728,#987,.T.);
#2194=EDGE_CURVE('',#1727,#1728,#817,.T.);
#2195=EDGE_CURVE('',#1729,#1561,#988,.T.);
#2196=EDGE_CURVE('',#1728,#1729,#818,.T.);
#2197=EDGE_CURVE('',#1559,#1730,#989,.T.);
#2198=EDGE_CURVE('',#1731,#1730,#819,.T.);
#2199=EDGE_CURVE('',#1560,#1731,#990,.T.);
#2200=EDGE_CURVE('',#1558,#1732,#991,.T.);
#2201=EDGE_CURVE('',#1730,#1732,#820,.T.);
#2202=EDGE_CURVE('',#1733,#1557,#992,.T.);
#2203=EDGE_CURVE('',#1732,#1733,#821,.T.);
#2204=EDGE_CURVE('',#1734,#1554,#993,.T.);
#2205=EDGE_CURVE('',#1735,#1734,#822,.T.);
#2206=EDGE_CURVE('',#1555,#1735,#994,.T.);
#2207=EDGE_CURVE('',#1551,#1736,#995,.T.);
#2208=EDGE_CURVE('',#1737,#1736,#823,.T.);
#2209=EDGE_CURVE('',#1552,#1737,#996,.T.);
#2210=EDGE_CURVE('',#1738,#1550,#997,.T.);
#2211=EDGE_CURVE('',#1736,#1738,#824,.T.);
#2212=EDGE_CURVE('',#1548,#1739,#998,.T.);
#2213=EDGE_CURVE('',#1740,#1739,#825,.T.);
#2214=EDGE_CURVE('',#1549,#1740,#999,.T.);
#2215=EDGE_CURVE('',#1547,#1741,#1000,.T.);
#2216=EDGE_CURVE('',#1739,#1741,#826,.T.);
#2217=EDGE_CURVE('',#1546,#1742,#1001,.T.);
#2218=EDGE_CURVE('',#1741,#1742,#827,.T.);
#2219=EDGE_CURVE('',#1545,#1743,#1002,.T.);
#2220=EDGE_CURVE('',#1742,#1743,#100,.T.);
#2221=EDGE_CURVE('',#1544,#1744,#1003,.T.);
#2222=EDGE_CURVE('',#1743,#1744,#828,.T.);
#2223=EDGE_CURVE('',#1543,#1745,#1004,.T.);
#2224=EDGE_CURVE('',#1744,#1745,#829,.T.);
#2225=EDGE_CURVE('',#1542,#1746,#1005,.T.);
#2226=EDGE_CURVE('',#1745,#1746,#830,.T.);
#2227=EDGE_CURVE('',#1541,#1747,#1006,.T.);
#2228=EDGE_CURVE('',#1746,#1747,#831,.T.);
#2229=EDGE_CURVE('',#1540,#1748,#1007,.T.);
#2230=EDGE_CURVE('',#1747,#1748,#832,.T.);
#2231=EDGE_CURVE('',#1539,#1749,#1008,.T.);
#2232=EDGE_CURVE('',#1748,#1749,#833,.T.);
#2233=EDGE_CURVE('',#1538,#1750,#1009,.T.);
#2234=EDGE_CURVE('',#1749,#1750,#834,.T.);
#2235=EDGE_CURVE('',#1537,#1751,#1010,.T.);
#2236=EDGE_CURVE('',#1750,#1751,#835,.T.);
#2237=EDGE_CURVE('',#1752,#1536,#1011,.T.);
#2238=EDGE_CURVE('',#1751,#1752,#836,.T.);
#2239=EDGE_CURVE('',#1533,#1753,#1012,.T.);
#2240=EDGE_CURVE('',#1754,#1753,#837,.T.);
#2241=EDGE_CURVE('',#1534,#1754,#1013,.T.);
#2242=EDGE_CURVE('',#1532,#1755,#1014,.T.);
#2243=EDGE_CURVE('',#1753,#1755,#838,.T.);
#2244=EDGE_CURVE('',#1531,#1756,#1015,.T.);
#2245=EDGE_CURVE('',#1755,#1756,#839,.T.);
#2246=EDGE_CURVE('',#1530,#1757,#1016,.T.);
#2247=EDGE_CURVE('',#1756,#1757,#840,.T.);
#2248=EDGE_CURVE('',#1529,#1758,#1017,.T.);
#2249=EDGE_CURVE('',#1757,#1758,#841,.T.);
#2250=EDGE_CURVE('',#1528,#1759,#1018,.T.);
#2251=EDGE_CURVE('',#1758,#1759,#842,.T.);
#2252=EDGE_CURVE('',#1527,#1760,#1019,.T.);
#2253=EDGE_CURVE('',#1759,#1760,#843,.T.);
#2254=EDGE_CURVE('',#1526,#1761,#1020,.T.);
#2255=EDGE_CURVE('',#1760,#1761,#844,.T.);
#2256=EDGE_CURVE('',#1525,#1762,#1021,.T.);
#2257=EDGE_CURVE('',#1761,#1762,#101,.T.);
#2258=EDGE_CURVE('',#1524,#1763,#1022,.T.);
#2259=EDGE_CURVE('',#1762,#1763,#845,.T.);
#2260=EDGE_CURVE('',#1764,#1523,#1023,.T.);
#2261=EDGE_CURVE('',#1763,#1764,#846,.T.);
#2262=EDGE_CURVE('',#1521,#1765,#1024,.T.);
#2263=EDGE_CURVE('',#1766,#1765,#847,.T.);
#2264=EDGE_CURVE('',#1522,#1766,#1025,.T.);
#2265=EDGE_CURVE('',#1520,#1767,#1026,.T.);
#2266=EDGE_CURVE('',#1765,#1767,#848,.T.);
#2267=EDGE_CURVE('',#1768,#1519,#1027,.T.);
#2268=EDGE_CURVE('',#1767,#1768,#849,.T.);
#2269=EDGE_CURVE('',#1514,#1769,#1028,.T.);
#2270=EDGE_CURVE('',#1770,#1769,#850,.T.);
#2271=EDGE_CURVE('',#1515,#1770,#1029,.T.);
#2272=EDGE_CURVE('',#1513,#1771,#1030,.T.);
#2273=EDGE_CURVE('',#1769,#1771,#851,.T.);
#2274=EDGE_CURVE('',#1512,#1772,#1031,.T.);
#2275=EDGE_CURVE('',#1771,#1772,#852,.T.);
#2276=EDGE_CURVE('',#1773,#1511,#1032,.T.);
#2277=EDGE_CURVE('',#1772,#1773,#69,.T.);
#2278=EDGE_CURVE('',#1774,#1663,#1033,.T.);
#2279=EDGE_CURVE('',#1483,#1774,#853,.T.);
#2280=EDGE_CURVE('',#1661,#1775,#1034,.T.);
#2281=EDGE_CURVE('',#1487,#1775,#854,.T.);
#2282=EDGE_CURVE('',#1776,#1660,#1035,.T.);
#2283=EDGE_CURVE('',#1775,#1776,#855,.T.);
#2284=EDGE_CURVE('',#1653,#1777,#1036,.T.);
#2285=EDGE_CURVE('',#1778,#1777,#856,.T.);
#2286=EDGE_CURVE('',#1654,#1778,#1037,.T.);
#2287=EDGE_CURVE('',#1651,#1779,#1038,.T.);
#2288=EDGE_CURVE('',#1777,#1779,#857,.T.);
#2289=EDGE_CURVE('',#1650,#1780,#1039,.T.);
#2290=EDGE_CURVE('',#1779,#1780,#858,.T.);
#2291=EDGE_CURVE('',#1649,#1781,#1040,.T.);
#2292=EDGE_CURVE('',#1780,#1781,#859,.T.);
#2293=EDGE_CURVE('',#1648,#1782,#1041,.T.);
#2294=EDGE_CURVE('',#1781,#1782,#860,.T.);
#2295=EDGE_CURVE('',#1783,#1647,#1042,.T.);
#2296=EDGE_CURVE('',#1782,#1783,#861,.T.);
#2297=EDGE_CURVE('',#1645,#1784,#1043,.T.);
#2298=EDGE_CURVE('',#1785,#1784,#862,.T.);
#2299=EDGE_CURVE('',#1646,#1785,#1044,.T.);
#2300=EDGE_CURVE('',#1644,#1786,#1045,.T.);
#2301=EDGE_CURVE('',#1784,#1786,#863,.T.);
#2302=EDGE_CURVE('',#1643,#1787,#1046,.T.);
#2303=EDGE_CURVE('',#1786,#1787,#864,.T.);
#2304=EDGE_CURVE('',#1788,#1642,#1047,.T.);
#2305=EDGE_CURVE('',#1787,#1788,#70,.T.);
#2306=EDGE_CURVE('',#1789,#1636,#1048,.T.);
#2307=EDGE_CURVE('',#1790,#1789,#865,.T.);
#2308=EDGE_CURVE('',#1637,#1790,#1049,.T.);
#2309=EDGE_CURVE('',#1634,#1791,#1050,.T.);
#2310=EDGE_CURVE('',#1792,#1791,#866,.T.);
#2311=EDGE_CURVE('',#1635,#1792,#1051,.T.);
#2312=EDGE_CURVE('',#1633,#1793,#1052,.T.);
#2313=EDGE_CURVE('',#1791,#1793,#867,.T.);
#2314=EDGE_CURVE('',#1632,#1794,#1053,.T.);
#2315=EDGE_CURVE('',#1793,#1794,#868,.T.);
#2316=EDGE_CURVE('',#1631,#1795,#1054,.T.);
#2317=EDGE_CURVE('',#1794,#1795,#869,.T.);
#2318=EDGE_CURVE('',#1630,#1796,#1055,.T.);
#2319=EDGE_CURVE('',#1795,#1796,#870,.T.);
#2320=EDGE_CURVE('',#1629,#1797,#1056,.T.);
#2321=EDGE_CURVE('',#1796,#1797,#871,.T.);
#2322=EDGE_CURVE('',#1798,#1628,#1057,.T.);
#2323=EDGE_CURVE('',#1797,#1798,#872,.T.);
#2324=EDGE_CURVE('',#1626,#1799,#1058,.T.);
#2325=EDGE_CURVE('',#1800,#1799,#873,.T.);
#2326=EDGE_CURVE('',#1627,#1800,#1059,.T.);
#2327=EDGE_CURVE('',#1625,#1801,#1060,.T.);
#2328=EDGE_CURVE('',#1799,#1801,#874,.T.);
#2329=EDGE_CURVE('',#1624,#1802,#1061,.T.);
#2330=EDGE_CURVE('',#1801,#1802,#875,.T.);
#2331=EDGE_CURVE('',#1623,#1803,#1062,.T.);
#2332=EDGE_CURVE('',#1802,#1803,#876,.T.);
#2333=EDGE_CURVE('',#1804,#1622,#1063,.T.);
#2334=EDGE_CURVE('',#1803,#1804,#877,.T.);
#2335=EDGE_CURVE('',#1805,#1619,#1064,.T.);
#2336=EDGE_CURVE('',#1806,#1805,#878,.T.);
#2337=EDGE_CURVE('',#1620,#1806,#1065,.T.);
#2338=EDGE_CURVE('',#1611,#1807,#1066,.T.);
#2339=EDGE_CURVE('',#1677,#1807,#879,.T.);
#2340=EDGE_CURVE('',#1610,#1808,#1067,.T.);
#2341=EDGE_CURVE('',#1807,#1808,#880,.T.);
#2342=EDGE_CURVE('',#1809,#1609,#1068,.T.);
#2343=EDGE_CURVE('',#1808,#1809,#71,.T.);
#2344=EDGE_CURVE('',#1754,#1810,#102,.T.);
#2345=EDGE_CURVE('',#1810,#1811,#1069,.T.);
#2346=EDGE_CURVE('',#1812,#1811,#103,.T.);
#2347=EDGE_CURVE('',#1535,#1812,#1070,.T.);
#2348=EDGE_CURVE('',#1518,#1813,#1071,.T.);
#2349=EDGE_CURVE('',#1814,#1813,#1072,.T.);
#2350=EDGE_CURVE('',#1815,#1814,#1073,.T.);
#2351=EDGE_CURVE('',#1768,#1815,#1074,.T.);
#2352=EDGE_CURVE('',#1517,#1816,#1075,.T.);
#2353=EDGE_CURVE('',#1813,#1816,#1076,.T.);
#2354=EDGE_CURVE('',#1516,#1817,#1077,.T.);
#2355=EDGE_CURVE('',#1816,#1817,#1078,.T.);
#2356=EDGE_CURVE('',#1815,#1770,#1079,.T.);
#2357=EDGE_CURVE('',#1817,#1814,#1080,.T.);
#2358=EDGE_CURVE('',#1773,#1766,#104,.T.);
#2359=EDGE_CURVE('',#1510,#1818,#1081,.T.);
#2360=EDGE_CURVE('',#1811,#1818,#105,.T.);
#2361=EDGE_CURVE('',#1764,#1810,#106,.T.);
#2362=EDGE_CURVE('',#1774,#1481,#1082,.T.);
#2363=EDGE_CURVE('',#1819,#1662,#1083,.T.);
#2364=EDGE_CURVE('',#1818,#1819,#1084,.T.);
#2365=EDGE_CURVE('',#1820,#1485,#1085,.T.);
#2366=EDGE_CURVE('',#1821,#1820,#1086,.T.);
#2367=EDGE_CURVE('',#1819,#1821,#1087,.T.);
#2368=EDGE_CURVE('',#1822,#1659,#1088,.T.);
#2369=EDGE_CURVE('',#1821,#1822,#1089,.T.);
#2370=EDGE_CURVE('',#1776,#1820,#1090,.T.);
#2371=EDGE_CURVE('',#1823,#1489,#1091,.T.);
#2372=EDGE_CURVE('',#1824,#1823,#1092,.T.);
#2373=EDGE_CURVE('',#1822,#1824,#1093,.T.);
#2374=EDGE_CURVE('',#1825,#1656,#1094,.T.);
#2375=EDGE_CURVE('',#1824,#1825,#1095,.T.);
#2376=EDGE_CURVE('',#1687,#1823,#1096,.T.);
#2377=EDGE_CURVE('',#1655,#1826,#1097,.T.);
#2378=EDGE_CURVE('',#1825,#1826,#1098,.T.);
#2379=EDGE_CURVE('',#1783,#1778,#107,.T.);
#2380=EDGE_CURVE('',#1827,#1785,#108,.T.);
#2381=EDGE_CURVE('',#1827,#1828,#1099,.T.);
#2382=EDGE_CURVE('',#1826,#1828,#109,.T.);
#2383=EDGE_CURVE('',#1829,#1493,#1100,.T.);
#2384=EDGE_CURVE('',#1830,#1829,#1101,.T.);
#2385=EDGE_CURVE('',#1831,#1830,#1102,.T.);
#2386=EDGE_CURVE('',#1831,#1641,#1103,.T.);
#2387=EDGE_CURVE('',#1832,#1639,#1104,.T.);
#2388=EDGE_CURVE('',#1833,#1832,#1105,.T.);
#2389=EDGE_CURVE('',#1833,#1640,#1106,.T.);
#2390=EDGE_CURVE('',#1834,#1638,#1107,.T.);
#2391=EDGE_CURVE('',#1832,#1834,#1108,.T.);
#2392=EDGE_CURVE('',#1835,#1699,#110,.T.);
#2393=EDGE_CURVE('',#1835,#1836,#1109,.T.);
#2394=EDGE_CURVE('',#1837,#1836,#111,.T.);
#2395=EDGE_CURVE('',#1837,#1595,#1110,.T.);
#2396=EDGE_CURVE('',#1789,#1790,#112,.T.);
#2397=EDGE_CURVE('',#1838,#1792,#113,.T.);
#2398=EDGE_CURVE('',#1838,#1839,#1111,.T.);
#2399=EDGE_CURVE('',#1834,#1839,#114,.T.);
#2400=EDGE_CURVE('',#1500,#1697,#1112,.T.);
#2401=EDGE_CURVE('',#1840,#1596,#1113,.T.);
#2402=EDGE_CURVE('',#1841,#1840,#1114,.T.);
#2403=EDGE_CURVE('',#1841,#1674,#1115,.T.);
#2404=EDGE_CURVE('',#1842,#1800,#115,.T.);
#2405=EDGE_CURVE('',#1842,#1843,#1116,.T.);
#2406=EDGE_CURVE('',#1844,#1843,#116,.T.);
#2407=EDGE_CURVE('',#1845,#1844,#1117,.T.);
#2408=EDGE_CURVE('',#1798,#1845,#117,.T.);
#2409=EDGE_CURVE('',#1846,#1507,#1118,.T.);
#2410=EDGE_CURVE('',#1847,#1846,#1119,.T.);
#2411=EDGE_CURVE('',#1848,#1847,#1120,.T.);
#2412=EDGE_CURVE('',#1599,#1848,#1121,.T.);
#2413=EDGE_CURVE('',#1621,#1849,#1122,.T.);
#2414=EDGE_CURVE('',#1843,#1849,#118,.T.);
#2415=EDGE_CURVE('',#1842,#1804,#119,.T.);
#2416=EDGE_CURVE('',#1850,#1806,#120,.T.);
#2417=EDGE_CURVE('',#1850,#1851,#1123,.T.);
#2418=EDGE_CURVE('',#1849,#1851,#121,.T.);
#2419=EDGE_CURVE('',#1852,#1618,#1124,.T.);
#2420=EDGE_CURVE('',#1851,#1852,#1125,.T.);
#2421=EDGE_CURVE('',#1805,#1850,#1126,.T.);
#2422=EDGE_CURVE('',#1853,#1617,#1127,.T.);
#2423=EDGE_CURVE('',#1852,#1853,#1128,.T.);
#2424=EDGE_CURVE('',#1854,#1678,#1129,.T.);
#2425=EDGE_CURVE('',#1855,#1854,#1130,.T.);
#2426=EDGE_CURVE('',#1853,#1855,#1131,.T.);
#2427=EDGE_CURVE('',#1856,#1614,#1132,.T.);
#2428=EDGE_CURVE('',#1855,#1856,#1133,.T.);
#2429=EDGE_CURVE('',#1679,#1854,#1134,.T.);
#2430=EDGE_CURVE('',#1857,#1676,#1135,.T.);
#2431=EDGE_CURVE('',#1858,#1857,#1136,.T.);
#2432=EDGE_CURVE('',#1856,#1858,#1137,.T.);
#2433=EDGE_CURVE('',#1809,#1857,#1138,.T.);
#2434=EDGE_CURVE('',#1859,#1694,#1139,.T.);
#2435=EDGE_CURVE('',#1859,#1689,#122,.T.);
#2436=EDGE_CURVE('',#1695,#1846,#1140,.T.);
#2437=EDGE_CURVE('',#1496,#1505,#1141,.T.);
#2438=EDGE_CURVE('',#1838,#1845,#123,.T.);
#2439=EDGE_CURVE('',#1495,#1829,#1142,.T.);
#2440=EDGE_CURVE('',#1788,#1860,#1143,.T.);
#2441=EDGE_CURVE('',#1827,#1860,#1144,.T.);
#2442=EDGE_CURVE('',#1710,#1861,#124,.T.);
#2443=EDGE_CURVE('',#1835,#1861,#125,.T.);
#2444=EDGE_CURVE('',#1733,#1731,#126,.T.);
#2445=EDGE_CURVE('',#1734,#1862,#1145,.T.);
#2446=EDGE_CURVE('',#1862,#1724,#1146,.T.);
#2447=EDGE_CURVE('',#1729,#1735,#127,.T.);
#2448=EDGE_CURVE('',#1738,#1712,#128,.T.);
#2449=EDGE_CURVE('',#1722,#1737,#1147,.T.);
#2450=EDGE_CURVE('',#1752,#1740,#129,.T.);
#2451=EDGE_CURVE('',#1696,#1502,#1148,.T.);
#2452=EDGE_CURVE('',#1830,#1833,#1149,.T.);
#2453=EDGE_CURVE('',#1863,#1831,#1150,.T.);
#2454=EDGE_CURVE('',#1860,#1863,#1151,.T.);
#2455=EDGE_CURVE('',#1839,#1844,#130,.T.);
#2456=EDGE_CURVE('',#1858,#1864,#1152,.T.);
#2457=EDGE_CURVE('',#1864,#1865,#131,.T.);
#2458=EDGE_CURVE('',#1865,#1848,#1153,.T.);
#2459=EDGE_CURVE('',#1847,#1866,#1154,.T.);
#2460=EDGE_CURVE('',#1866,#1841,#1155,.T.);
#2461=EDGE_CURVE('',#1840,#1837,#1156,.T.);
#2462=EDGE_CURVE('',#1836,#1867,#132,.T.);
#2463=EDGE_CURVE('',#1867,#1812,#133,.T.);
#2464=EDGE_CURVE('',#1828,#1863,#1157,.T.);
#2465=EDGE_CURVE('',#1868,#1868,#134,.T.);
#2466=EDGE_CURVE('',#1869,#1869,#135,.T.);
#2467=EDGE_CURVE('',#1870,#1870,#136,.T.);
#2468=EDGE_CURVE('',#1871,#1871,#137,.T.);
#2469=EDGE_CURVE('',#1872,#1873,#1158,.T.);
#2470=EDGE_CURVE('',#1873,#1874,#1159,.T.);
#2471=EDGE_CURVE('',#1874,#1875,#1160,.T.);
#2472=EDGE_CURVE('',#1875,#1872,#1161,.T.);
#2473=EDGE_CURVE('',#1862,#1875,#1162,.T.);
#2474=EDGE_CURVE('',#1568,#1874,#1163,.T.);
#2475=EDGE_CURVE('',#1553,#1872,#1164,.T.);
#2476=EDGE_CURVE('',#1569,#1873,#1165,.T.);
#2477=EDGE_CURVE('',#1871,#1876,#1166,.T.);
#2478=EDGE_CURVE('',#1876,#1876,#138,.T.);
#2479=EDGE_CURVE('',#1877,#1877,#139,.T.);
#2480=EDGE_CURVE('',#1870,#1878,#1167,.T.);
#2481=EDGE_CURVE('',#1878,#1878,#140,.T.);
#2482=EDGE_CURVE('',#1879,#1879,#141,.T.);
#2483=EDGE_CURVE('',#1869,#1880,#1168,.T.);
#2484=EDGE_CURVE('',#1880,#1880,#142,.T.);
#2485=EDGE_CURVE('',#1881,#1881,#143,.T.);
#2486=EDGE_CURVE('',#1868,#1882,#1169,.T.);
#2487=EDGE_CURVE('',#1882,#1882,#144,.T.);
#2488=EDGE_CURVE('',#1883,#1883,#145,.T.);
#2489=EDGE_CURVE('',#1556,#1881,#1170,.T.);
#2490=EDGE_CURVE('',#1668,#1879,#1171,.T.);
#2491=EDGE_CURVE('',#1664,#1877,#1172,.T.);
#2492=EDGE_CURVE('',#1669,#1883,#1173,.T.);
#2493=EDGE_CURVE('',#1861,#1867,#1174,.T.);
#2494=EDGE_CURVE('',#1859,#1865,#1175,.T.);
#2495=EDGE_CURVE('',#1608,#1864,#1176,.T.);
#2496=EDGE_CURVE('',#1866,#1597,#1177,.T.);
#2497=EDGE_CURVE('',#1884,#1885,#146,.T.);
#2498=EDGE_CURVE('',#1885,#1886,#1178,.T.);
#2499=EDGE_CURVE('',#1887,#1886,#881,.T.);
#2500=EDGE_CURVE('',#1884,#1887,#1179,.T.);
#2501=EDGE_CURVE('',#1886,#1887,#147,.T.);
#2502=EDGE_CURVE('',#1888,#1889,#148,.T.);
#2503=EDGE_CURVE('',#1889,#1888,#882,.T.);
#2504=EDGE_CURVE('',#1890,#1891,#883,.T.);
#2505=EDGE_CURVE('',#1891,#1888,#1180,.T.);
#2506=EDGE_CURVE('',#1890,#1889,#1181,.T.);
#2507=ORIENTED_EDGE('',*,*,#1892,.F.);
#2508=ORIENTED_EDGE('',*,*,#1893,.F.);
#2509=ORIENTED_EDGE('',*,*,#1894,.T.);
#2510=ORIENTED_EDGE('',*,*,#1895,.F.);
#2511=ORIENTED_EDGE('',*,*,#1896,.F.);
#2512=ORIENTED_EDGE('',*,*,#1897,.F.);
#2513=ORIENTED_EDGE('',*,*,#1898,.T.);
#2514=ORIENTED_EDGE('',*,*,#1899,.F.);
#2515=ORIENTED_EDGE('',*,*,#1900,.F.);
#2516=ORIENTED_EDGE('',*,*,#1901,.F.);
#2517=ORIENTED_EDGE('',*,*,#1902,.T.);
#2518=ORIENTED_EDGE('',*,*,#1903,.F.);
#2519=ORIENTED_EDGE('',*,*,#1904,.F.);
#2520=ORIENTED_EDGE('',*,*,#1905,.T.);
#2521=ORIENTED_EDGE('',*,*,#1906,.F.);
#2522=ORIENTED_EDGE('',*,*,#1907,.F.);
#2523=ORIENTED_EDGE('',*,*,#1908,.F.);
#2524=ORIENTED_EDGE('',*,*,#1909,.F.);
#2525=ORIENTED_EDGE('',*,*,#1910,.F.);
#2526=ORIENTED_EDGE('',*,*,#1911,.T.);
#2527=ORIENTED_EDGE('',*,*,#1912,.F.);
#2528=ORIENTED_EDGE('',*,*,#1913,.F.);
#2529=ORIENTED_EDGE('',*,*,#1914,.F.);
#2530=ORIENTED_EDGE('',*,*,#1915,.T.);
#2531=ORIENTED_EDGE('',*,*,#1916,.F.);
#2532=ORIENTED_EDGE('',*,*,#1917,.T.);
#2533=ORIENTED_EDGE('',*,*,#1910,.T.);
#2534=ORIENTED_EDGE('',*,*,#1918,.F.);
#2535=ORIENTED_EDGE('',*,*,#1919,.F.);
#2536=ORIENTED_EDGE('',*,*,#1920,.F.);
#2537=ORIENTED_EDGE('',*,*,#1921,.T.);
#2538=ORIENTED_EDGE('',*,*,#1922,.F.);
#2539=ORIENTED_EDGE('',*,*,#1923,.F.);
#2540=ORIENTED_EDGE('',*,*,#1924,.F.);
#2541=ORIENTED_EDGE('',*,*,#1925,.T.);
#2542=ORIENTED_EDGE('',*,*,#1926,.T.);
#2543=ORIENTED_EDGE('',*,*,#1927,.T.);
#2544=ORIENTED_EDGE('',*,*,#1928,.T.);
#2545=ORIENTED_EDGE('',*,*,#1929,.F.);
#2546=ORIENTED_EDGE('',*,*,#1930,.F.);
#2547=ORIENTED_EDGE('',*,*,#1931,.F.);
#2548=ORIENTED_EDGE('',*,*,#1932,.F.);
#2549=ORIENTED_EDGE('',*,*,#1933,.T.);
#2550=ORIENTED_EDGE('',*,*,#1934,.T.);
#2551=ORIENTED_EDGE('',*,*,#1935,.T.);
#2552=ORIENTED_EDGE('',*,*,#1936,.F.);
#2553=ORIENTED_EDGE('',*,*,#1937,.F.);
#2554=ORIENTED_EDGE('',*,*,#1938,.F.);
#2555=ORIENTED_EDGE('',*,*,#1939,.F.);
#2556=ORIENTED_EDGE('',*,*,#1940,.F.);
#2557=ORIENTED_EDGE('',*,*,#1941,.F.);
#2558=ORIENTED_EDGE('',*,*,#1942,.F.);
#2559=ORIENTED_EDGE('',*,*,#1943,.F.);
#2560=ORIENTED_EDGE('',*,*,#1944,.F.);
#2561=ORIENTED_EDGE('',*,*,#1945,.F.);
#2562=ORIENTED_EDGE('',*,*,#1946,.F.);
#2563=ORIENTED_EDGE('',*,*,#1947,.F.);
#2564=ORIENTED_EDGE('',*,*,#1948,.F.);
#2565=ORIENTED_EDGE('',*,*,#1949,.F.);
#2566=ORIENTED_EDGE('',*,*,#1950,.F.);
#2567=ORIENTED_EDGE('',*,*,#1951,.F.);
#2568=ORIENTED_EDGE('',*,*,#1952,.F.);
#2569=ORIENTED_EDGE('',*,*,#1953,.F.);
#2570=ORIENTED_EDGE('',*,*,#1954,.F.);
#2571=ORIENTED_EDGE('',*,*,#1955,.F.);
#2572=ORIENTED_EDGE('',*,*,#1956,.F.);
#2573=ORIENTED_EDGE('',*,*,#1957,.F.);
#2574=ORIENTED_EDGE('',*,*,#1958,.F.);
#2575=ORIENTED_EDGE('',*,*,#1959,.F.);
#2576=ORIENTED_EDGE('',*,*,#1960,.F.);
#2577=ORIENTED_EDGE('',*,*,#1961,.F.);
#2578=ORIENTED_EDGE('',*,*,#1962,.F.);
#2579=ORIENTED_EDGE('',*,*,#1963,.F.);
#2580=ORIENTED_EDGE('',*,*,#1964,.T.);
#2581=ORIENTED_EDGE('',*,*,#1965,.T.);
#2582=ORIENTED_EDGE('',*,*,#1966,.F.);
#2583=ORIENTED_EDGE('',*,*,#1967,.F.);
#2584=ORIENTED_EDGE('',*,*,#1968,.F.);
#2585=ORIENTED_EDGE('',*,*,#1969,.F.);
#2586=ORIENTED_EDGE('',*,*,#1970,.F.);
#2587=ORIENTED_EDGE('',*,*,#1971,.F.);
#2588=ORIENTED_EDGE('',*,*,#1972,.F.);
#2589=ORIENTED_EDGE('',*,*,#1973,.F.);
#2590=ORIENTED_EDGE('',*,*,#1974,.F.);
#2591=ORIENTED_EDGE('',*,*,#1975,.F.);
#2592=ORIENTED_EDGE('',*,*,#1976,.F.);
#2593=ORIENTED_EDGE('',*,*,#1977,.F.);
#2594=ORIENTED_EDGE('',*,*,#1978,.F.);
#2595=ORIENTED_EDGE('',*,*,#1979,.F.);
#2596=ORIENTED_EDGE('',*,*,#1980,.F.);
#2597=ORIENTED_EDGE('',*,*,#1981,.F.);
#2598=ORIENTED_EDGE('',*,*,#1982,.F.);
#2599=ORIENTED_EDGE('',*,*,#1983,.F.);
#2600=ORIENTED_EDGE('',*,*,#1984,.T.);
#2601=ORIENTED_EDGE('',*,*,#1985,.T.);
#2602=ORIENTED_EDGE('',*,*,#1986,.T.);
#2603=ORIENTED_EDGE('',*,*,#1987,.T.);
#2604=ORIENTED_EDGE('',*,*,#1988,.T.);
#2605=ORIENTED_EDGE('',*,*,#1989,.T.);
#2606=ORIENTED_EDGE('',*,*,#1990,.T.);
#2607=ORIENTED_EDGE('',*,*,#1991,.T.);
#2608=ORIENTED_EDGE('',*,*,#1992,.T.);
#2609=ORIENTED_EDGE('',*,*,#1993,.T.);
#2610=ORIENTED_EDGE('',*,*,#1994,.T.);
#2611=ORIENTED_EDGE('',*,*,#1995,.F.);
#2612=ORIENTED_EDGE('',*,*,#1996,.T.);
#2613=ORIENTED_EDGE('',*,*,#1997,.T.);
#2614=ORIENTED_EDGE('',*,*,#1998,.T.);
#2615=ORIENTED_EDGE('',*,*,#1999,.T.);
#2616=ORIENTED_EDGE('',*,*,#2000,.T.);
#2617=ORIENTED_EDGE('',*,*,#2001,.T.);
#2618=ORIENTED_EDGE('',*,*,#2002,.T.);
#2619=ORIENTED_EDGE('',*,*,#2003,.T.);
#2620=ORIENTED_EDGE('',*,*,#2004,.T.);
#2621=ORIENTED_EDGE('',*,*,#2005,.T.);
#2622=ORIENTED_EDGE('',*,*,#2006,.T.);
#2623=ORIENTED_EDGE('',*,*,#2007,.T.);
#2624=ORIENTED_EDGE('',*,*,#2008,.F.);
#2625=ORIENTED_EDGE('',*,*,#2009,.F.);
#2626=ORIENTED_EDGE('',*,*,#1911,.F.);
#2627=ORIENTED_EDGE('',*,*,#1917,.F.);
#2628=ORIENTED_EDGE('',*,*,#2010,.F.);
#2629=ORIENTED_EDGE('',*,*,#2011,.F.);
#2630=ORIENTED_EDGE('',*,*,#1915,.F.);
#2631=ORIENTED_EDGE('',*,*,#2012,.F.);
#2632=ORIENTED_EDGE('',*,*,#2013,.F.);
#2633=ORIENTED_EDGE('',*,*,#2014,.T.);
#2634=ORIENTED_EDGE('',*,*,#1920,.T.);
#2635=ORIENTED_EDGE('',*,*,#2015,.F.);
#2636=ORIENTED_EDGE('',*,*,#2016,.F.);
#2637=ORIENTED_EDGE('',*,*,#2017,.F.);
#2638=ORIENTED_EDGE('',*,*,#2018,.F.);
#2639=ORIENTED_EDGE('',*,*,#2019,.T.);
#2640=ORIENTED_EDGE('',*,*,#2019,.F.);
#2641=ORIENTED_EDGE('',*,*,#2020,.F.);
#2642=ORIENTED_EDGE('',*,*,#2021,.F.);
#2643=ORIENTED_EDGE('',*,*,#2022,.F.);
#2644=ORIENTED_EDGE('',*,*,#2023,.F.);
#2645=ORIENTED_EDGE('',*,*,#2024,.F.);
#2646=ORIENTED_EDGE('',*,*,#2025,.F.);
#2647=ORIENTED_EDGE('',*,*,#2026,.T.);
#2648=ORIENTED_EDGE('',*,*,#2027,.T.);
#2649=ORIENTED_EDGE('',*,*,#2028,.T.);
#2650=ORIENTED_EDGE('',*,*,#2029,.T.);
#2651=ORIENTED_EDGE('',*,*,#2030,.F.);
#2652=ORIENTED_EDGE('',*,*,#2031,.F.);
#2653=ORIENTED_EDGE('',*,*,#2032,.T.);
#2654=ORIENTED_EDGE('',*,*,#2033,.F.);
#2655=ORIENTED_EDGE('',*,*,#2034,.F.);
#2656=ORIENTED_EDGE('',*,*,#2035,.F.);
#2657=ORIENTED_EDGE('',*,*,#2036,.T.);
#2658=ORIENTED_EDGE('',*,*,#2037,.F.);
#2659=ORIENTED_EDGE('',*,*,#2038,.F.);
#2660=ORIENTED_EDGE('',*,*,#2039,.T.);
#2661=ORIENTED_EDGE('',*,*,#2040,.T.);
#2662=ORIENTED_EDGE('',*,*,#2041,.T.);
#2663=ORIENTED_EDGE('',*,*,#2042,.T.);
#2664=ORIENTED_EDGE('',*,*,#2043,.T.);
#2665=ORIENTED_EDGE('',*,*,#2044,.F.);
#2666=ORIENTED_EDGE('',*,*,#2045,.T.);
#2667=ORIENTED_EDGE('',*,*,#2046,.T.);
#2668=ORIENTED_EDGE('',*,*,#2047,.T.);
#2669=ORIENTED_EDGE('',*,*,#2048,.T.);
#2670=ORIENTED_EDGE('',*,*,#2049,.T.);
#2671=ORIENTED_EDGE('',*,*,#2050,.T.);
#2672=ORIENTED_EDGE('',*,*,#2051,.T.);
#2673=ORIENTED_EDGE('',*,*,#2052,.F.);
#2674=ORIENTED_EDGE('',*,*,#2053,.T.);
#2675=ORIENTED_EDGE('',*,*,#2054,.F.);
#2676=ORIENTED_EDGE('',*,*,#2055,.F.);
#2677=ORIENTED_EDGE('',*,*,#2056,.F.);
#2678=ORIENTED_EDGE('',*,*,#2057,.F.);
#2679=ORIENTED_EDGE('',*,*,#1905,.F.);
#2680=ORIENTED_EDGE('',*,*,#2058,.F.);
#2681=ORIENTED_EDGE('',*,*,#2059,.F.);
#2682=ORIENTED_EDGE('',*,*,#2060,.F.);
#2683=ORIENTED_EDGE('',*,*,#2061,.F.);
#2684=ORIENTED_EDGE('',*,*,#2062,.F.);
#2685=ORIENTED_EDGE('',*,*,#2063,.F.);
#2686=ORIENTED_EDGE('',*,*,#2064,.F.);
#2687=ORIENTED_EDGE('',*,*,#2065,.T.);
#2688=ORIENTED_EDGE('',*,*,#2066,.T.);
#2689=ORIENTED_EDGE('',*,*,#2067,.T.);
#2690=ORIENTED_EDGE('',*,*,#2068,.T.);
#2691=ORIENTED_EDGE('',*,*,#2069,.F.);
#2692=ORIENTED_EDGE('',*,*,#2069,.T.);
#2693=ORIENTED_EDGE('',*,*,#2070,.T.);
#2694=ORIENTED_EDGE('',*,*,#2071,.T.);
#2695=ORIENTED_EDGE('',*,*,#2072,.F.);
#2696=ORIENTED_EDGE('',*,*,#2073,.F.);
#2697=ORIENTED_EDGE('',*,*,#2074,.F.);
#2698=ORIENTED_EDGE('',*,*,#2075,.T.);
#2699=ORIENTED_EDGE('',*,*,#2076,.T.);
#2700=ORIENTED_EDGE('',*,*,#1901,.T.);
#2701=ORIENTED_EDGE('',*,*,#2077,.F.);
#2702=ORIENTED_EDGE('',*,*,#2078,.F.);
#2703=ORIENTED_EDGE('',*,*,#2079,.T.);
#2704=ORIENTED_EDGE('',*,*,#2080,.T.);
#2705=ORIENTED_EDGE('',*,*,#1897,.T.);
#2706=ORIENTED_EDGE('',*,*,#2081,.F.);
#2707=ORIENTED_EDGE('',*,*,#2082,.F.);
#2708=ORIENTED_EDGE('',*,*,#2083,.T.);
#2709=ORIENTED_EDGE('',*,*,#1893,.T.);
#2710=ORIENTED_EDGE('',*,*,#2084,.F.);
#2711=ORIENTED_EDGE('',*,*,#2085,.T.);
#2712=ORIENTED_EDGE('',*,*,#2086,.T.);
#2713=ORIENTED_EDGE('',*,*,#2087,.T.);
#2714=ORIENTED_EDGE('',*,*,#2088,.F.);
#2715=ORIENTED_EDGE('',*,*,#2089,.F.);
#2716=ORIENTED_EDGE('',*,*,#2090,.T.);
#2717=ORIENTED_EDGE('',*,*,#2091,.T.);
#2718=ORIENTED_EDGE('',*,*,#2092,.T.);
#2719=ORIENTED_EDGE('',*,*,#2093,.F.);
#2720=ORIENTED_EDGE('',*,*,#2094,.F.);
#2721=ORIENTED_EDGE('',*,*,#2095,.F.);
#2722=ORIENTED_EDGE('',*,*,#2096,.F.);
#2723=ORIENTED_EDGE('',*,*,#2029,.F.);
#2724=ORIENTED_EDGE('',*,*,#2097,.T.);
#2725=ORIENTED_EDGE('',*,*,#2098,.F.);
#2726=ORIENTED_EDGE('',*,*,#2099,.F.);
#2727=ORIENTED_EDGE('',*,*,#2032,.F.);
#2728=ORIENTED_EDGE('',*,*,#2100,.F.);
#2729=ORIENTED_EDGE('',*,*,#2101,.F.);
#2730=ORIENTED_EDGE('',*,*,#2087,.F.);
#2731=ORIENTED_EDGE('',*,*,#2102,.T.);
#2732=ORIENTED_EDGE('',*,*,#2103,.F.);
#2733=ORIENTED_EDGE('',*,*,#2104,.F.);
#2734=ORIENTED_EDGE('',*,*,#2086,.F.);
#2735=ORIENTED_EDGE('',*,*,#2105,.T.);
#2736=ORIENTED_EDGE('',*,*,#2106,.F.);
#2737=ORIENTED_EDGE('',*,*,#2102,.F.);
#2738=ORIENTED_EDGE('',*,*,#2085,.F.);
#2739=ORIENTED_EDGE('',*,*,#2104,.T.);
#2740=ORIENTED_EDGE('',*,*,#2107,.F.);
#2741=ORIENTED_EDGE('',*,*,#2105,.F.);
#2742=ORIENTED_EDGE('',*,*,#2092,.F.);
#2743=ORIENTED_EDGE('',*,*,#2108,.T.);
#2744=ORIENTED_EDGE('',*,*,#2109,.F.);
#2745=ORIENTED_EDGE('',*,*,#2110,.F.);
#2746=ORIENTED_EDGE('',*,*,#2091,.F.);
#2747=ORIENTED_EDGE('',*,*,#2111,.T.);
#2748=ORIENTED_EDGE('',*,*,#2112,.F.);
#2749=ORIENTED_EDGE('',*,*,#2108,.F.);
#2750=ORIENTED_EDGE('',*,*,#2090,.F.);
#2751=ORIENTED_EDGE('',*,*,#2110,.T.);
#2752=ORIENTED_EDGE('',*,*,#2113,.F.);
#2753=ORIENTED_EDGE('',*,*,#2111,.F.);
#2754=ORIENTED_EDGE('',*,*,#2076,.F.);
#2755=ORIENTED_EDGE('',*,*,#2114,.T.);
#2756=ORIENTED_EDGE('',*,*,#2115,.F.);
#2757=ORIENTED_EDGE('',*,*,#1902,.F.);
#2758=ORIENTED_EDGE('',*,*,#2116,.F.);
#2759=ORIENTED_EDGE('',*,*,#2117,.F.);
#2760=ORIENTED_EDGE('',*,*,#2114,.F.);
#2761=ORIENTED_EDGE('',*,*,#2075,.F.);
#2762=ORIENTED_EDGE('',*,*,#2023,.T.);
#2763=ORIENTED_EDGE('',*,*,#2118,.T.);
#2764=ORIENTED_EDGE('',*,*,#2119,.F.);
#2765=ORIENTED_EDGE('',*,*,#2120,.F.);
#2766=ORIENTED_EDGE('',*,*,#2022,.T.);
#2767=ORIENTED_EDGE('',*,*,#2121,.T.);
#2768=ORIENTED_EDGE('',*,*,#2122,.F.);
#2769=ORIENTED_EDGE('',*,*,#2118,.F.);
#2770=ORIENTED_EDGE('',*,*,#2021,.T.);
#2771=ORIENTED_EDGE('',*,*,#2123,.T.);
#2772=ORIENTED_EDGE('',*,*,#2124,.F.);
#2773=ORIENTED_EDGE('',*,*,#2121,.F.);
#2774=ORIENTED_EDGE('',*,*,#2020,.T.);
#2775=ORIENTED_EDGE('',*,*,#2125,.T.);
#2776=ORIENTED_EDGE('',*,*,#2126,.F.);
#2777=ORIENTED_EDGE('',*,*,#2123,.F.);
#2778=ORIENTED_EDGE('',*,*,#2018,.T.);
#2779=ORIENTED_EDGE('',*,*,#2127,.T.);
#2780=ORIENTED_EDGE('',*,*,#2128,.F.);
#2781=ORIENTED_EDGE('',*,*,#2125,.F.);
#2782=ORIENTED_EDGE('',*,*,#2017,.T.);
#2783=ORIENTED_EDGE('',*,*,#2129,.F.);
#2784=ORIENTED_EDGE('',*,*,#2130,.F.);
#2785=ORIENTED_EDGE('',*,*,#2127,.F.);
#2786=ORIENTED_EDGE('',*,*,#2131,.F.);
#2787=ORIENTED_EDGE('',*,*,#2132,.F.);
#2788=ORIENTED_EDGE('',*,*,#1921,.F.);
#2789=ORIENTED_EDGE('',*,*,#2014,.F.);
#2790=ORIENTED_EDGE('',*,*,#2133,.F.);
#2791=ORIENTED_EDGE('',*,*,#2134,.F.);
#2792=ORIENTED_EDGE('',*,*,#2135,.F.);
#2793=ORIENTED_EDGE('',*,*,#2094,.T.);
#2794=ORIENTED_EDGE('',*,*,#2007,.F.);
#2795=ORIENTED_EDGE('',*,*,#2136,.T.);
#2796=ORIENTED_EDGE('',*,*,#2137,.F.);
#2797=ORIENTED_EDGE('',*,*,#2138,.F.);
#2798=ORIENTED_EDGE('',*,*,#2006,.F.);
#2799=ORIENTED_EDGE('',*,*,#2139,.T.);
#2800=ORIENTED_EDGE('',*,*,#2140,.F.);
#2801=ORIENTED_EDGE('',*,*,#2136,.F.);
#2802=ORIENTED_EDGE('',*,*,#2005,.F.);
#2803=ORIENTED_EDGE('',*,*,#2141,.T.);
#2804=ORIENTED_EDGE('',*,*,#2142,.F.);
#2805=ORIENTED_EDGE('',*,*,#2139,.F.);
#2806=ORIENTED_EDGE('',*,*,#2004,.F.);
#2807=ORIENTED_EDGE('',*,*,#2143,.T.);
#2808=ORIENTED_EDGE('',*,*,#2144,.F.);
#2809=ORIENTED_EDGE('',*,*,#2141,.F.);
#2810=ORIENTED_EDGE('',*,*,#2003,.F.);
#2811=ORIENTED_EDGE('',*,*,#2145,.T.);
#2812=ORIENTED_EDGE('',*,*,#2146,.F.);
#2813=ORIENTED_EDGE('',*,*,#2143,.F.);
#2814=ORIENTED_EDGE('',*,*,#2002,.F.);
#2815=ORIENTED_EDGE('',*,*,#2147,.T.);
#2816=ORIENTED_EDGE('',*,*,#2148,.F.);
#2817=ORIENTED_EDGE('',*,*,#2145,.F.);
#2818=ORIENTED_EDGE('',*,*,#2001,.F.);
#2819=ORIENTED_EDGE('',*,*,#2149,.T.);
#2820=ORIENTED_EDGE('',*,*,#2150,.F.);
#2821=ORIENTED_EDGE('',*,*,#2147,.F.);
#2822=ORIENTED_EDGE('',*,*,#2000,.F.);
#2823=ORIENTED_EDGE('',*,*,#2151,.T.);
#2824=ORIENTED_EDGE('',*,*,#2152,.F.);
#2825=ORIENTED_EDGE('',*,*,#2149,.F.);
#2826=ORIENTED_EDGE('',*,*,#1999,.F.);
#2827=ORIENTED_EDGE('',*,*,#2153,.T.);
#2828=ORIENTED_EDGE('',*,*,#2154,.F.);
#2829=ORIENTED_EDGE('',*,*,#2151,.F.);
#2830=ORIENTED_EDGE('',*,*,#1998,.F.);
#2831=ORIENTED_EDGE('',*,*,#2155,.T.);
#2832=ORIENTED_EDGE('',*,*,#2156,.F.);
#2833=ORIENTED_EDGE('',*,*,#2153,.F.);
#2834=ORIENTED_EDGE('',*,*,#1997,.F.);
#2835=ORIENTED_EDGE('',*,*,#2157,.T.);
#2836=ORIENTED_EDGE('',*,*,#2158,.F.);
#2837=ORIENTED_EDGE('',*,*,#2155,.F.);
#2838=ORIENTED_EDGE('',*,*,#1996,.F.);
#2839=ORIENTED_EDGE('',*,*,#2159,.F.);
#2840=ORIENTED_EDGE('',*,*,#2160,.F.);
#2841=ORIENTED_EDGE('',*,*,#2157,.F.);
#2842=ORIENTED_EDGE('',*,*,#1994,.F.);
#2843=ORIENTED_EDGE('',*,*,#2161,.T.);
#2844=ORIENTED_EDGE('',*,*,#2162,.F.);
#2845=ORIENTED_EDGE('',*,*,#2163,.F.);
#2846=ORIENTED_EDGE('',*,*,#1993,.F.);
#2847=ORIENTED_EDGE('',*,*,#2164,.T.);
#2848=ORIENTED_EDGE('',*,*,#2165,.F.);
#2849=ORIENTED_EDGE('',*,*,#2161,.F.);
#2850=ORIENTED_EDGE('',*,*,#1992,.F.);
#2851=ORIENTED_EDGE('',*,*,#2166,.T.);
#2852=ORIENTED_EDGE('',*,*,#2167,.F.);
#2853=ORIENTED_EDGE('',*,*,#2164,.F.);
#2854=ORIENTED_EDGE('',*,*,#1991,.F.);
#2855=ORIENTED_EDGE('',*,*,#2168,.T.);
#2856=ORIENTED_EDGE('',*,*,#2169,.F.);
#2857=ORIENTED_EDGE('',*,*,#2166,.F.);
#2858=ORIENTED_EDGE('',*,*,#1990,.F.);
#2859=ORIENTED_EDGE('',*,*,#2170,.T.);
#2860=ORIENTED_EDGE('',*,*,#2171,.F.);
#2861=ORIENTED_EDGE('',*,*,#2168,.F.);
#2862=ORIENTED_EDGE('',*,*,#1989,.F.);
#2863=ORIENTED_EDGE('',*,*,#2172,.T.);
#2864=ORIENTED_EDGE('',*,*,#2173,.F.);
#2865=ORIENTED_EDGE('',*,*,#2170,.F.);
#2866=ORIENTED_EDGE('',*,*,#1988,.F.);
#2867=ORIENTED_EDGE('',*,*,#2174,.T.);
#2868=ORIENTED_EDGE('',*,*,#2175,.F.);
#2869=ORIENTED_EDGE('',*,*,#2172,.F.);
#2870=ORIENTED_EDGE('',*,*,#1987,.F.);
#2871=ORIENTED_EDGE('',*,*,#2176,.T.);
#2872=ORIENTED_EDGE('',*,*,#2177,.F.);
#2873=ORIENTED_EDGE('',*,*,#2174,.F.);
#2874=ORIENTED_EDGE('',*,*,#1986,.F.);
#2875=ORIENTED_EDGE('',*,*,#2178,.T.);
#2876=ORIENTED_EDGE('',*,*,#2179,.F.);
#2877=ORIENTED_EDGE('',*,*,#2176,.F.);
#2878=ORIENTED_EDGE('',*,*,#1985,.F.);
#2879=ORIENTED_EDGE('',*,*,#2180,.T.);
#2880=ORIENTED_EDGE('',*,*,#2181,.F.);
#2881=ORIENTED_EDGE('',*,*,#2178,.F.);
#2882=ORIENTED_EDGE('',*,*,#1984,.F.);
#2883=ORIENTED_EDGE('',*,*,#2182,.F.);
#2884=ORIENTED_EDGE('',*,*,#2183,.F.);
#2885=ORIENTED_EDGE('',*,*,#2180,.F.);
#2886=ORIENTED_EDGE('',*,*,#1980,.T.);
#2887=ORIENTED_EDGE('',*,*,#2184,.T.);
#2888=ORIENTED_EDGE('',*,*,#2185,.F.);
#2889=ORIENTED_EDGE('',*,*,#2186,.F.);
#2890=ORIENTED_EDGE('',*,*,#1979,.T.);
#2891=ORIENTED_EDGE('',*,*,#2187,.T.);
#2892=ORIENTED_EDGE('',*,*,#2188,.F.);
#2893=ORIENTED_EDGE('',*,*,#2184,.F.);
#2894=ORIENTED_EDGE('',*,*,#1978,.T.);
#2895=ORIENTED_EDGE('',*,*,#2189,.T.);
#2896=ORIENTED_EDGE('',*,*,#2190,.F.);
#2897=ORIENTED_EDGE('',*,*,#2187,.F.);
#2898=ORIENTED_EDGE('',*,*,#1977,.T.);
#2899=ORIENTED_EDGE('',*,*,#2191,.T.);
#2900=ORIENTED_EDGE('',*,*,#2192,.F.);
#2901=ORIENTED_EDGE('',*,*,#2189,.F.);
#2902=ORIENTED_EDGE('',*,*,#1976,.T.);
#2903=ORIENTED_EDGE('',*,*,#2193,.T.);
#2904=ORIENTED_EDGE('',*,*,#2194,.F.);
#2905=ORIENTED_EDGE('',*,*,#2191,.F.);
#2906=ORIENTED_EDGE('',*,*,#1975,.T.);
#2907=ORIENTED_EDGE('',*,*,#2195,.F.);
#2908=ORIENTED_EDGE('',*,*,#2196,.F.);
#2909=ORIENTED_EDGE('',*,*,#2193,.F.);
#2910=ORIENTED_EDGE('',*,*,#1973,.T.);
#2911=ORIENTED_EDGE('',*,*,#2197,.T.);
#2912=ORIENTED_EDGE('',*,*,#2198,.F.);
#2913=ORIENTED_EDGE('',*,*,#2199,.F.);
#2914=ORIENTED_EDGE('',*,*,#1972,.T.);
#2915=ORIENTED_EDGE('',*,*,#2200,.T.);
#2916=ORIENTED_EDGE('',*,*,#2201,.F.);
#2917=ORIENTED_EDGE('',*,*,#2197,.F.);
#2918=ORIENTED_EDGE('',*,*,#1971,.T.);
#2919=ORIENTED_EDGE('',*,*,#2202,.F.);
#2920=ORIENTED_EDGE('',*,*,#2203,.F.);
#2921=ORIENTED_EDGE('',*,*,#2200,.F.);
#2922=ORIENTED_EDGE('',*,*,#1968,.T.);
#2923=ORIENTED_EDGE('',*,*,#2204,.F.);
#2924=ORIENTED_EDGE('',*,*,#2205,.F.);
#2925=ORIENTED_EDGE('',*,*,#2206,.F.);
#2926=ORIENTED_EDGE('',*,*,#1965,.F.);
#2927=ORIENTED_EDGE('',*,*,#2207,.T.);
#2928=ORIENTED_EDGE('',*,*,#2208,.F.);
#2929=ORIENTED_EDGE('',*,*,#2209,.F.);
#2930=ORIENTED_EDGE('',*,*,#1964,.F.);
#2931=ORIENTED_EDGE('',*,*,#2210,.F.);
#2932=ORIENTED_EDGE('',*,*,#2211,.F.);
#2933=ORIENTED_EDGE('',*,*,#2207,.F.);
#2934=ORIENTED_EDGE('',*,*,#1962,.T.);
#2935=ORIENTED_EDGE('',*,*,#2212,.T.);
#2936=ORIENTED_EDGE('',*,*,#2213,.F.);
#2937=ORIENTED_EDGE('',*,*,#2214,.F.);
#2938=ORIENTED_EDGE('',*,*,#1961,.T.);
#2939=ORIENTED_EDGE('',*,*,#2215,.T.);
#2940=ORIENTED_EDGE('',*,*,#2216,.F.);
#2941=ORIENTED_EDGE('',*,*,#2212,.F.);
#2942=ORIENTED_EDGE('',*,*,#1960,.T.);
#2943=ORIENTED_EDGE('',*,*,#2217,.T.);
#2944=ORIENTED_EDGE('',*,*,#2218,.F.);
#2945=ORIENTED_EDGE('',*,*,#2215,.F.);
#2946=ORIENTED_EDGE('',*,*,#1959,.T.);
#2947=ORIENTED_EDGE('',*,*,#2219,.T.);
#2948=ORIENTED_EDGE('',*,*,#2220,.F.);
#2949=ORIENTED_EDGE('',*,*,#2217,.F.);
#2950=ORIENTED_EDGE('',*,*,#1958,.T.);
#2951=ORIENTED_EDGE('',*,*,#2221,.T.);
#2952=ORIENTED_EDGE('',*,*,#2222,.F.);
#2953=ORIENTED_EDGE('',*,*,#2219,.F.);
#2954=ORIENTED_EDGE('',*,*,#1957,.T.);
#2955=ORIENTED_EDGE('',*,*,#2223,.T.);
#2956=ORIENTED_EDGE('',*,*,#2224,.F.);
#2957=ORIENTED_EDGE('',*,*,#2221,.F.);
#2958=ORIENTED_EDGE('',*,*,#1956,.T.);
#2959=ORIENTED_EDGE('',*,*,#2225,.T.);
#2960=ORIENTED_EDGE('',*,*,#2226,.F.);
#2961=ORIENTED_EDGE('',*,*,#2223,.F.);
#2962=ORIENTED_EDGE('',*,*,#1955,.T.);
#2963=ORIENTED_EDGE('',*,*,#2227,.T.);
#2964=ORIENTED_EDGE('',*,*,#2228,.F.);
#2965=ORIENTED_EDGE('',*,*,#2225,.F.);
#2966=ORIENTED_EDGE('',*,*,#1954,.T.);
#2967=ORIENTED_EDGE('',*,*,#2229,.T.);
#2968=ORIENTED_EDGE('',*,*,#2230,.F.);
#2969=ORIENTED_EDGE('',*,*,#2227,.F.);
#2970=ORIENTED_EDGE('',*,*,#1953,.T.);
#2971=ORIENTED_EDGE('',*,*,#2231,.T.);
#2972=ORIENTED_EDGE('',*,*,#2232,.F.);
#2973=ORIENTED_EDGE('',*,*,#2229,.F.);
#2974=ORIENTED_EDGE('',*,*,#1952,.T.);
#2975=ORIENTED_EDGE('',*,*,#2233,.T.);
#2976=ORIENTED_EDGE('',*,*,#2234,.F.);
#2977=ORIENTED_EDGE('',*,*,#2231,.F.);
#2978=ORIENTED_EDGE('',*,*,#1951,.T.);
#2979=ORIENTED_EDGE('',*,*,#2235,.T.);
#2980=ORIENTED_EDGE('',*,*,#2236,.F.);
#2981=ORIENTED_EDGE('',*,*,#2233,.F.);
#2982=ORIENTED_EDGE('',*,*,#1950,.T.);
#2983=ORIENTED_EDGE('',*,*,#2237,.F.);
#2984=ORIENTED_EDGE('',*,*,#2238,.F.);
#2985=ORIENTED_EDGE('',*,*,#2235,.F.);
#2986=ORIENTED_EDGE('',*,*,#1947,.T.);
#2987=ORIENTED_EDGE('',*,*,#2239,.T.);
#2988=ORIENTED_EDGE('',*,*,#2240,.F.);
#2989=ORIENTED_EDGE('',*,*,#2241,.F.);
#2990=ORIENTED_EDGE('',*,*,#1946,.T.);
#2991=ORIENTED_EDGE('',*,*,#2242,.T.);
#2992=ORIENTED_EDGE('',*,*,#2243,.F.);
#2993=ORIENTED_EDGE('',*,*,#2239,.F.);
#2994=ORIENTED_EDGE('',*,*,#1945,.T.);
#2995=ORIENTED_EDGE('',*,*,#2244,.T.);
#2996=ORIENTED_EDGE('',*,*,#2245,.F.);
#2997=ORIENTED_EDGE('',*,*,#2242,.F.);
#2998=ORIENTED_EDGE('',*,*,#1944,.T.);
#2999=ORIENTED_EDGE('',*,*,#2246,.T.);
#3000=ORIENTED_EDGE('',*,*,#2247,.F.);
#3001=ORIENTED_EDGE('',*,*,#2244,.F.);
#3002=ORIENTED_EDGE('',*,*,#1943,.T.);
#3003=ORIENTED_EDGE('',*,*,#2248,.T.);
#3004=ORIENTED_EDGE('',*,*,#2249,.F.);
#3005=ORIENTED_EDGE('',*,*,#2246,.F.);
#3006=ORIENTED_EDGE('',*,*,#1942,.T.);
#3007=ORIENTED_EDGE('',*,*,#2250,.T.);
#3008=ORIENTED_EDGE('',*,*,#2251,.F.);
#3009=ORIENTED_EDGE('',*,*,#2248,.F.);
#3010=ORIENTED_EDGE('',*,*,#1941,.T.);
#3011=ORIENTED_EDGE('',*,*,#2252,.T.);
#3012=ORIENTED_EDGE('',*,*,#2253,.F.);
#3013=ORIENTED_EDGE('',*,*,#2250,.F.);
#3014=ORIENTED_EDGE('',*,*,#1940,.T.);
#3015=ORIENTED_EDGE('',*,*,#2254,.T.);
#3016=ORIENTED_EDGE('',*,*,#2255,.F.);
#3017=ORIENTED_EDGE('',*,*,#2252,.F.);
#3018=ORIENTED_EDGE('',*,*,#1939,.T.);
#3019=ORIENTED_EDGE('',*,*,#2256,.T.);
#3020=ORIENTED_EDGE('',*,*,#2257,.F.);
#3021=ORIENTED_EDGE('',*,*,#2254,.F.);
#3022=ORIENTED_EDGE('',*,*,#1938,.T.);
#3023=ORIENTED_EDGE('',*,*,#2258,.T.);
#3024=ORIENTED_EDGE('',*,*,#2259,.F.);
#3025=ORIENTED_EDGE('',*,*,#2256,.F.);
#3026=ORIENTED_EDGE('',*,*,#1937,.T.);
#3027=ORIENTED_EDGE('',*,*,#2260,.F.);
#3028=ORIENTED_EDGE('',*,*,#2261,.F.);
#3029=ORIENTED_EDGE('',*,*,#2258,.F.);
#3030=ORIENTED_EDGE('',*,*,#1935,.F.);
#3031=ORIENTED_EDGE('',*,*,#2262,.T.);
#3032=ORIENTED_EDGE('',*,*,#2263,.F.);
#3033=ORIENTED_EDGE('',*,*,#2264,.F.);
#3034=ORIENTED_EDGE('',*,*,#1934,.F.);
#3035=ORIENTED_EDGE('',*,*,#2265,.T.);
#3036=ORIENTED_EDGE('',*,*,#2266,.F.);
#3037=ORIENTED_EDGE('',*,*,#2262,.F.);
#3038=ORIENTED_EDGE('',*,*,#1933,.F.);
#3039=ORIENTED_EDGE('',*,*,#2267,.F.);
#3040=ORIENTED_EDGE('',*,*,#2268,.F.);
#3041=ORIENTED_EDGE('',*,*,#2265,.F.);
#3042=ORIENTED_EDGE('',*,*,#1928,.F.);
#3043=ORIENTED_EDGE('',*,*,#2269,.T.);
#3044=ORIENTED_EDGE('',*,*,#2270,.F.);
#3045=ORIENTED_EDGE('',*,*,#2271,.F.);
#3046=ORIENTED_EDGE('',*,*,#1927,.F.);
#3047=ORIENTED_EDGE('',*,*,#2272,.T.);
#3048=ORIENTED_EDGE('',*,*,#2273,.F.);
#3049=ORIENTED_EDGE('',*,*,#2269,.F.);
#3050=ORIENTED_EDGE('',*,*,#1926,.F.);
#3051=ORIENTED_EDGE('',*,*,#2274,.T.);
#3052=ORIENTED_EDGE('',*,*,#2275,.F.);
#3053=ORIENTED_EDGE('',*,*,#2272,.F.);
#3054=ORIENTED_EDGE('',*,*,#1925,.F.);
#3055=ORIENTED_EDGE('',*,*,#2276,.F.);
#3056=ORIENTED_EDGE('',*,*,#2277,.F.);
#3057=ORIENTED_EDGE('',*,*,#2274,.F.);
#3058=ORIENTED_EDGE('',*,*,#2278,.F.);
#3059=ORIENTED_EDGE('',*,*,#2279,.F.);
#3060=ORIENTED_EDGE('',*,*,#1894,.F.);
#3061=ORIENTED_EDGE('',*,*,#2083,.F.);
#3062=ORIENTED_EDGE('',*,*,#2080,.F.);
#3063=ORIENTED_EDGE('',*,*,#2280,.T.);
#3064=ORIENTED_EDGE('',*,*,#2281,.F.);
#3065=ORIENTED_EDGE('',*,*,#1898,.F.);
#3066=ORIENTED_EDGE('',*,*,#2282,.F.);
#3067=ORIENTED_EDGE('',*,*,#2283,.F.);
#3068=ORIENTED_EDGE('',*,*,#2280,.F.);
#3069=ORIENTED_EDGE('',*,*,#2079,.F.);
#3070=ORIENTED_EDGE('',*,*,#2071,.F.);
#3071=ORIENTED_EDGE('',*,*,#2284,.T.);
#3072=ORIENTED_EDGE('',*,*,#2285,.F.);
#3073=ORIENTED_EDGE('',*,*,#2286,.F.);
#3074=ORIENTED_EDGE('',*,*,#2070,.F.);
#3075=ORIENTED_EDGE('',*,*,#2287,.T.);
#3076=ORIENTED_EDGE('',*,*,#2288,.F.);
#3077=ORIENTED_EDGE('',*,*,#2284,.F.);
#3078=ORIENTED_EDGE('',*,*,#2068,.F.);
#3079=ORIENTED_EDGE('',*,*,#2289,.T.);
#3080=ORIENTED_EDGE('',*,*,#2290,.F.);
#3081=ORIENTED_EDGE('',*,*,#2287,.F.);
#3082=ORIENTED_EDGE('',*,*,#2067,.F.);
#3083=ORIENTED_EDGE('',*,*,#2291,.T.);
#3084=ORIENTED_EDGE('',*,*,#2292,.F.);
#3085=ORIENTED_EDGE('',*,*,#2289,.F.);
#3086=ORIENTED_EDGE('',*,*,#2066,.F.);
#3087=ORIENTED_EDGE('',*,*,#2293,.T.);
#3088=ORIENTED_EDGE('',*,*,#2294,.F.);
#3089=ORIENTED_EDGE('',*,*,#2291,.F.);
#3090=ORIENTED_EDGE('',*,*,#2065,.F.);
#3091=ORIENTED_EDGE('',*,*,#2295,.F.);
#3092=ORIENTED_EDGE('',*,*,#2296,.F.);
#3093=ORIENTED_EDGE('',*,*,#2293,.F.);
#3094=ORIENTED_EDGE('',*,*,#2063,.T.);
#3095=ORIENTED_EDGE('',*,*,#2297,.T.);
#3096=ORIENTED_EDGE('',*,*,#2298,.F.);
#3097=ORIENTED_EDGE('',*,*,#2299,.F.);
#3098=ORIENTED_EDGE('',*,*,#2062,.T.);
#3099=ORIENTED_EDGE('',*,*,#2300,.T.);
#3100=ORIENTED_EDGE('',*,*,#2301,.F.);
#3101=ORIENTED_EDGE('',*,*,#2297,.F.);
#3102=ORIENTED_EDGE('',*,*,#2061,.T.);
#3103=ORIENTED_EDGE('',*,*,#2302,.T.);
#3104=ORIENTED_EDGE('',*,*,#2303,.F.);
#3105=ORIENTED_EDGE('',*,*,#2300,.F.);
#3106=ORIENTED_EDGE('',*,*,#2304,.F.);
#3107=ORIENTED_EDGE('',*,*,#2305,.F.);
#3108=ORIENTED_EDGE('',*,*,#2302,.F.);
#3109=ORIENTED_EDGE('',*,*,#2060,.T.);
#3110=ORIENTED_EDGE('',*,*,#2053,.F.);
#3111=ORIENTED_EDGE('',*,*,#2306,.F.);
#3112=ORIENTED_EDGE('',*,*,#2307,.F.);
#3113=ORIENTED_EDGE('',*,*,#2308,.F.);
#3114=ORIENTED_EDGE('',*,*,#2051,.F.);
#3115=ORIENTED_EDGE('',*,*,#2309,.T.);
#3116=ORIENTED_EDGE('',*,*,#2310,.F.);
#3117=ORIENTED_EDGE('',*,*,#2311,.F.);
#3118=ORIENTED_EDGE('',*,*,#2050,.F.);
#3119=ORIENTED_EDGE('',*,*,#2312,.T.);
#3120=ORIENTED_EDGE('',*,*,#2313,.F.);
#3121=ORIENTED_EDGE('',*,*,#2309,.F.);
#3122=ORIENTED_EDGE('',*,*,#2049,.F.);
#3123=ORIENTED_EDGE('',*,*,#2314,.T.);
#3124=ORIENTED_EDGE('',*,*,#2315,.F.);
#3125=ORIENTED_EDGE('',*,*,#2312,.F.);
#3126=ORIENTED_EDGE('',*,*,#2048,.F.);
#3127=ORIENTED_EDGE('',*,*,#2316,.T.);
#3128=ORIENTED_EDGE('',*,*,#2317,.F.);
#3129=ORIENTED_EDGE('',*,*,#2314,.F.);
#3130=ORIENTED_EDGE('',*,*,#2047,.F.);
#3131=ORIENTED_EDGE('',*,*,#2318,.T.);
#3132=ORIENTED_EDGE('',*,*,#2319,.F.);
#3133=ORIENTED_EDGE('',*,*,#2316,.F.);
#3134=ORIENTED_EDGE('',*,*,#2046,.F.);
#3135=ORIENTED_EDGE('',*,*,#2320,.T.);
#3136=ORIENTED_EDGE('',*,*,#2321,.F.);
#3137=ORIENTED_EDGE('',*,*,#2318,.F.);
#3138=ORIENTED_EDGE('',*,*,#2045,.F.);
#3139=ORIENTED_EDGE('',*,*,#2322,.F.);
#3140=ORIENTED_EDGE('',*,*,#2323,.F.);
#3141=ORIENTED_EDGE('',*,*,#2320,.F.);
#3142=ORIENTED_EDGE('',*,*,#2043,.F.);
#3143=ORIENTED_EDGE('',*,*,#2324,.T.);
#3144=ORIENTED_EDGE('',*,*,#2325,.F.);
#3145=ORIENTED_EDGE('',*,*,#2326,.F.);
#3146=ORIENTED_EDGE('',*,*,#2042,.F.);
#3147=ORIENTED_EDGE('',*,*,#2327,.T.);
#3148=ORIENTED_EDGE('',*,*,#2328,.F.);
#3149=ORIENTED_EDGE('',*,*,#2324,.F.);
#3150=ORIENTED_EDGE('',*,*,#2041,.F.);
#3151=ORIENTED_EDGE('',*,*,#2329,.T.);
#3152=ORIENTED_EDGE('',*,*,#2330,.F.);
#3153=ORIENTED_EDGE('',*,*,#2327,.F.);
#3154=ORIENTED_EDGE('',*,*,#2040,.F.);
#3155=ORIENTED_EDGE('',*,*,#2331,.T.);
#3156=ORIENTED_EDGE('',*,*,#2332,.F.);
#3157=ORIENTED_EDGE('',*,*,#2329,.F.);
#3158=ORIENTED_EDGE('',*,*,#2039,.F.);
#3159=ORIENTED_EDGE('',*,*,#2333,.F.);
#3160=ORIENTED_EDGE('',*,*,#2334,.F.);
#3161=ORIENTED_EDGE('',*,*,#2331,.F.);
#3162=ORIENTED_EDGE('',*,*,#2335,.F.);
#3163=ORIENTED_EDGE('',*,*,#2336,.F.);
#3164=ORIENTED_EDGE('',*,*,#2337,.F.);
#3165=ORIENTED_EDGE('',*,*,#2036,.F.);
#3166=ORIENTED_EDGE('',*,*,#2028,.F.);
#3167=ORIENTED_EDGE('',*,*,#2338,.T.);
#3168=ORIENTED_EDGE('',*,*,#2339,.F.);
#3169=ORIENTED_EDGE('',*,*,#2097,.F.);
#3170=ORIENTED_EDGE('',*,*,#2027,.F.);
#3171=ORIENTED_EDGE('',*,*,#2340,.T.);
#3172=ORIENTED_EDGE('',*,*,#2341,.F.);
#3173=ORIENTED_EDGE('',*,*,#2338,.F.);
#3174=ORIENTED_EDGE('',*,*,#2026,.F.);
#3175=ORIENTED_EDGE('',*,*,#2342,.F.);
#3176=ORIENTED_EDGE('',*,*,#2343,.F.);
#3177=ORIENTED_EDGE('',*,*,#2340,.F.);
#3178=ORIENTED_EDGE('',*,*,#1948,.T.);
#3179=ORIENTED_EDGE('',*,*,#2241,.T.);
#3180=ORIENTED_EDGE('',*,*,#2344,.T.);
#3181=ORIENTED_EDGE('',*,*,#2345,.T.);
#3182=ORIENTED_EDGE('',*,*,#2346,.F.);
#3183=ORIENTED_EDGE('',*,*,#2347,.F.);
#3184=ORIENTED_EDGE('',*,*,#2267,.T.);
#3185=ORIENTED_EDGE('',*,*,#1932,.T.);
#3186=ORIENTED_EDGE('',*,*,#2348,.T.);
#3187=ORIENTED_EDGE('',*,*,#2349,.F.);
#3188=ORIENTED_EDGE('',*,*,#2350,.F.);
#3189=ORIENTED_EDGE('',*,*,#2351,.F.);
#3190=ORIENTED_EDGE('',*,*,#1931,.T.);
#3191=ORIENTED_EDGE('',*,*,#2352,.T.);
#3192=ORIENTED_EDGE('',*,*,#2353,.F.);
#3193=ORIENTED_EDGE('',*,*,#2348,.F.);
#3194=ORIENTED_EDGE('',*,*,#1930,.T.);
#3195=ORIENTED_EDGE('',*,*,#2354,.T.);
#3196=ORIENTED_EDGE('',*,*,#2355,.F.);
#3197=ORIENTED_EDGE('',*,*,#2352,.F.);
#3198=ORIENTED_EDGE('',*,*,#1929,.T.);
#3199=ORIENTED_EDGE('',*,*,#2271,.T.);
#3200=ORIENTED_EDGE('',*,*,#2356,.F.);
#3201=ORIENTED_EDGE('',*,*,#2350,.T.);
#3202=ORIENTED_EDGE('',*,*,#2357,.F.);
#3203=ORIENTED_EDGE('',*,*,#2354,.F.);
#3204=ORIENTED_EDGE('',*,*,#2260,.T.);
#3205=ORIENTED_EDGE('',*,*,#1936,.T.);
#3206=ORIENTED_EDGE('',*,*,#2264,.T.);
#3207=ORIENTED_EDGE('',*,*,#2358,.F.);
#3208=ORIENTED_EDGE('',*,*,#2276,.T.);
#3209=ORIENTED_EDGE('',*,*,#1924,.T.);
#3210=ORIENTED_EDGE('',*,*,#2359,.T.);
#3211=ORIENTED_EDGE('',*,*,#2360,.F.);
#3212=ORIENTED_EDGE('',*,*,#2345,.F.);
#3213=ORIENTED_EDGE('',*,*,#2361,.F.);
#3214=ORIENTED_EDGE('',*,*,#1923,.T.);
#3215=ORIENTED_EDGE('',*,*,#1892,.T.);
#3216=ORIENTED_EDGE('',*,*,#2362,.F.);
#3217=ORIENTED_EDGE('',*,*,#2278,.T.);
#3218=ORIENTED_EDGE('',*,*,#2082,.T.);
#3219=ORIENTED_EDGE('',*,*,#2363,.F.);
#3220=ORIENTED_EDGE('',*,*,#2364,.F.);
#3221=ORIENTED_EDGE('',*,*,#2359,.F.);
#3222=ORIENTED_EDGE('',*,*,#2081,.T.);
#3223=ORIENTED_EDGE('',*,*,#1896,.T.);
#3224=ORIENTED_EDGE('',*,*,#2365,.F.);
#3225=ORIENTED_EDGE('',*,*,#2366,.F.);
#3226=ORIENTED_EDGE('',*,*,#2367,.F.);
#3227=ORIENTED_EDGE('',*,*,#2363,.T.);
#3228=ORIENTED_EDGE('',*,*,#2282,.T.);
#3229=ORIENTED_EDGE('',*,*,#2078,.T.);
#3230=ORIENTED_EDGE('',*,*,#2368,.F.);
#3231=ORIENTED_EDGE('',*,*,#2369,.F.);
#3232=ORIENTED_EDGE('',*,*,#2366,.T.);
#3233=ORIENTED_EDGE('',*,*,#2370,.F.);
#3234=ORIENTED_EDGE('',*,*,#2077,.T.);
#3235=ORIENTED_EDGE('',*,*,#1900,.T.);
#3236=ORIENTED_EDGE('',*,*,#2371,.F.);
#3237=ORIENTED_EDGE('',*,*,#2372,.F.);
#3238=ORIENTED_EDGE('',*,*,#2373,.F.);
#3239=ORIENTED_EDGE('',*,*,#2368,.T.);
#3240=ORIENTED_EDGE('',*,*,#2116,.T.);
#3241=ORIENTED_EDGE('',*,*,#2074,.T.);
#3242=ORIENTED_EDGE('',*,*,#2374,.F.);
#3243=ORIENTED_EDGE('',*,*,#2375,.F.);
#3244=ORIENTED_EDGE('',*,*,#2372,.T.);
#3245=ORIENTED_EDGE('',*,*,#2376,.F.);
#3246=ORIENTED_EDGE('',*,*,#2073,.T.);
#3247=ORIENTED_EDGE('',*,*,#2377,.T.);
#3248=ORIENTED_EDGE('',*,*,#2378,.F.);
#3249=ORIENTED_EDGE('',*,*,#2374,.T.);
#3250=ORIENTED_EDGE('',*,*,#2072,.T.);
#3251=ORIENTED_EDGE('',*,*,#2286,.T.);
#3252=ORIENTED_EDGE('',*,*,#2379,.F.);
#3253=ORIENTED_EDGE('',*,*,#2295,.T.);
#3254=ORIENTED_EDGE('',*,*,#2064,.T.);
#3255=ORIENTED_EDGE('',*,*,#2299,.T.);
#3256=ORIENTED_EDGE('',*,*,#2380,.F.);
#3257=ORIENTED_EDGE('',*,*,#2381,.T.);
#3258=ORIENTED_EDGE('',*,*,#2382,.F.);
#3259=ORIENTED_EDGE('',*,*,#2377,.F.);
#3260=ORIENTED_EDGE('',*,*,#2058,.T.);
#3261=ORIENTED_EDGE('',*,*,#1904,.T.);
#3262=ORIENTED_EDGE('',*,*,#2383,.F.);
#3263=ORIENTED_EDGE('',*,*,#2384,.F.);
#3264=ORIENTED_EDGE('',*,*,#2385,.F.);
#3265=ORIENTED_EDGE('',*,*,#2386,.T.);
#3266=ORIENTED_EDGE('',*,*,#2056,.T.);
#3267=ORIENTED_EDGE('',*,*,#2387,.F.);
#3268=ORIENTED_EDGE('',*,*,#2388,.F.);
#3269=ORIENTED_EDGE('',*,*,#2389,.T.);
#3270=ORIENTED_EDGE('',*,*,#2055,.T.);
#3271=ORIENTED_EDGE('',*,*,#2390,.F.);
#3272=ORIENTED_EDGE('',*,*,#2391,.F.);
#3273=ORIENTED_EDGE('',*,*,#2387,.T.);
#3274=ORIENTED_EDGE('',*,*,#2008,.T.);
#3275=ORIENTED_EDGE('',*,*,#2138,.T.);
#3276=ORIENTED_EDGE('',*,*,#2392,.F.);
#3277=ORIENTED_EDGE('',*,*,#2393,.T.);
#3278=ORIENTED_EDGE('',*,*,#2394,.F.);
#3279=ORIENTED_EDGE('',*,*,#2395,.T.);
#3280=ORIENTED_EDGE('',*,*,#2054,.T.);
#3281=ORIENTED_EDGE('',*,*,#2308,.T.);
#3282=ORIENTED_EDGE('',*,*,#2396,.F.);
#3283=ORIENTED_EDGE('',*,*,#2306,.T.);
#3284=ORIENTED_EDGE('',*,*,#2052,.T.);
#3285=ORIENTED_EDGE('',*,*,#2311,.T.);
#3286=ORIENTED_EDGE('',*,*,#2397,.F.);
#3287=ORIENTED_EDGE('',*,*,#2398,.T.);
#3288=ORIENTED_EDGE('',*,*,#2399,.F.);
#3289=ORIENTED_EDGE('',*,*,#2390,.T.);
#3290=ORIENTED_EDGE('',*,*,#2095,.T.);
#3291=ORIENTED_EDGE('',*,*,#2135,.T.);
#3292=ORIENTED_EDGE('',*,*,#2400,.F.);
#3293=ORIENTED_EDGE('',*,*,#1912,.T.);
#3294=ORIENTED_EDGE('',*,*,#2011,.T.);
#3295=ORIENTED_EDGE('',*,*,#2401,.F.);
#3296=ORIENTED_EDGE('',*,*,#2402,.F.);
#3297=ORIENTED_EDGE('',*,*,#2403,.T.);
#3298=ORIENTED_EDGE('',*,*,#2322,.T.);
#3299=ORIENTED_EDGE('',*,*,#2044,.T.);
#3300=ORIENTED_EDGE('',*,*,#2326,.T.);
#3301=ORIENTED_EDGE('',*,*,#2404,.F.);
#3302=ORIENTED_EDGE('',*,*,#2405,.T.);
#3303=ORIENTED_EDGE('',*,*,#2406,.F.);
#3304=ORIENTED_EDGE('',*,*,#2407,.F.);
#3305=ORIENTED_EDGE('',*,*,#2408,.F.);
#3306=ORIENTED_EDGE('',*,*,#2015,.T.);
#3307=ORIENTED_EDGE('',*,*,#1919,.T.);
#3308=ORIENTED_EDGE('',*,*,#2409,.F.);
#3309=ORIENTED_EDGE('',*,*,#2410,.F.);
#3310=ORIENTED_EDGE('',*,*,#2411,.F.);
#3311=ORIENTED_EDGE('',*,*,#2412,.F.);
#3312=ORIENTED_EDGE('',*,*,#2333,.T.);
#3313=ORIENTED_EDGE('',*,*,#2038,.T.);
#3314=ORIENTED_EDGE('',*,*,#2413,.T.);
#3315=ORIENTED_EDGE('',*,*,#2414,.F.);
#3316=ORIENTED_EDGE('',*,*,#2405,.F.);
#3317=ORIENTED_EDGE('',*,*,#2415,.T.);
#3318=ORIENTED_EDGE('',*,*,#2037,.T.);
#3319=ORIENTED_EDGE('',*,*,#2337,.T.);
#3320=ORIENTED_EDGE('',*,*,#2416,.F.);
#3321=ORIENTED_EDGE('',*,*,#2417,.T.);
#3322=ORIENTED_EDGE('',*,*,#2418,.F.);
#3323=ORIENTED_EDGE('',*,*,#2413,.F.);
#3324=ORIENTED_EDGE('',*,*,#2335,.T.);
#3325=ORIENTED_EDGE('',*,*,#2035,.T.);
#3326=ORIENTED_EDGE('',*,*,#2419,.F.);
#3327=ORIENTED_EDGE('',*,*,#2420,.F.);
#3328=ORIENTED_EDGE('',*,*,#2417,.F.);
#3329=ORIENTED_EDGE('',*,*,#2421,.F.);
#3330=ORIENTED_EDGE('',*,*,#2034,.T.);
#3331=ORIENTED_EDGE('',*,*,#2422,.F.);
#3332=ORIENTED_EDGE('',*,*,#2423,.F.);
#3333=ORIENTED_EDGE('',*,*,#2419,.T.);
#3334=ORIENTED_EDGE('',*,*,#2033,.T.);
#3335=ORIENTED_EDGE('',*,*,#2099,.T.);
#3336=ORIENTED_EDGE('',*,*,#2424,.F.);
#3337=ORIENTED_EDGE('',*,*,#2425,.F.);
#3338=ORIENTED_EDGE('',*,*,#2426,.F.);
#3339=ORIENTED_EDGE('',*,*,#2422,.T.);
#3340=ORIENTED_EDGE('',*,*,#2100,.T.);
#3341=ORIENTED_EDGE('',*,*,#2031,.T.);
#3342=ORIENTED_EDGE('',*,*,#2427,.F.);
#3343=ORIENTED_EDGE('',*,*,#2428,.F.);
#3344=ORIENTED_EDGE('',*,*,#2425,.T.);
#3345=ORIENTED_EDGE('',*,*,#2429,.F.);
#3346=ORIENTED_EDGE('',*,*,#2030,.T.);
#3347=ORIENTED_EDGE('',*,*,#2096,.T.);
#3348=ORIENTED_EDGE('',*,*,#2430,.F.);
#3349=ORIENTED_EDGE('',*,*,#2431,.F.);
#3350=ORIENTED_EDGE('',*,*,#2432,.F.);
#3351=ORIENTED_EDGE('',*,*,#2427,.T.);
#3352=ORIENTED_EDGE('',*,*,#2101,.T.);
#3353=ORIENTED_EDGE('',*,*,#2429,.T.);
#3354=ORIENTED_EDGE('',*,*,#2424,.T.);
#3355=ORIENTED_EDGE('',*,*,#2109,.T.);
#3356=ORIENTED_EDGE('',*,*,#2112,.T.);
#3357=ORIENTED_EDGE('',*,*,#2113,.T.);
#3358=ORIENTED_EDGE('',*,*,#2103,.T.);
#3359=ORIENTED_EDGE('',*,*,#2106,.T.);
#3360=ORIENTED_EDGE('',*,*,#2107,.T.);
#3361=ORIENTED_EDGE('',*,*,#2343,.T.);
#3362=ORIENTED_EDGE('',*,*,#2433,.T.);
#3363=ORIENTED_EDGE('',*,*,#2430,.T.);
#3364=ORIENTED_EDGE('',*,*,#2098,.T.);
#3365=ORIENTED_EDGE('',*,*,#2339,.T.);
#3366=ORIENTED_EDGE('',*,*,#2341,.T.);
#3367=ORIENTED_EDGE('',*,*,#2325,.T.);
#3368=ORIENTED_EDGE('',*,*,#2328,.T.);
#3369=ORIENTED_EDGE('',*,*,#2330,.T.);
#3370=ORIENTED_EDGE('',*,*,#2332,.T.);
#3371=ORIENTED_EDGE('',*,*,#2334,.T.);
#3372=ORIENTED_EDGE('',*,*,#2415,.F.);
#3373=ORIENTED_EDGE('',*,*,#2404,.T.);
#3374=ORIENTED_EDGE('',*,*,#2336,.T.);
#3375=ORIENTED_EDGE('',*,*,#2421,.T.);
#3376=ORIENTED_EDGE('',*,*,#2416,.T.);
#3377=ORIENTED_EDGE('',*,*,#2130,.T.);
#3378=ORIENTED_EDGE('',*,*,#2434,.F.);
#3379=ORIENTED_EDGE('',*,*,#2435,.T.);
#3380=ORIENTED_EDGE('',*,*,#2119,.T.);
#3381=ORIENTED_EDGE('',*,*,#2122,.T.);
#3382=ORIENTED_EDGE('',*,*,#2124,.T.);
#3383=ORIENTED_EDGE('',*,*,#2126,.T.);
#3384=ORIENTED_EDGE('',*,*,#2128,.T.);
#3385=ORIENTED_EDGE('',*,*,#2132,.T.);
#3386=ORIENTED_EDGE('',*,*,#2436,.T.);
#3387=ORIENTED_EDGE('',*,*,#2409,.T.);
#3388=ORIENTED_EDGE('',*,*,#1922,.T.);
#3389=ORIENTED_EDGE('',*,*,#1909,.T.);
#3390=ORIENTED_EDGE('',*,*,#2437,.T.);
#3391=ORIENTED_EDGE('',*,*,#1918,.T.);
#3392=ORIENTED_EDGE('',*,*,#2310,.T.);
#3393=ORIENTED_EDGE('',*,*,#2313,.T.);
#3394=ORIENTED_EDGE('',*,*,#2315,.T.);
#3395=ORIENTED_EDGE('',*,*,#2317,.T.);
#3396=ORIENTED_EDGE('',*,*,#2319,.T.);
#3397=ORIENTED_EDGE('',*,*,#2321,.T.);
#3398=ORIENTED_EDGE('',*,*,#2323,.T.);
#3399=ORIENTED_EDGE('',*,*,#2408,.T.);
#3400=ORIENTED_EDGE('',*,*,#2438,.F.);
#3401=ORIENTED_EDGE('',*,*,#2397,.T.);
#3402=ORIENTED_EDGE('',*,*,#2307,.T.);
#3403=ORIENTED_EDGE('',*,*,#2396,.T.);
#3404=ORIENTED_EDGE('',*,*,#2285,.T.);
#3405=ORIENTED_EDGE('',*,*,#2288,.T.);
#3406=ORIENTED_EDGE('',*,*,#2290,.T.);
#3407=ORIENTED_EDGE('',*,*,#2292,.T.);
#3408=ORIENTED_EDGE('',*,*,#2294,.T.);
#3409=ORIENTED_EDGE('',*,*,#2296,.T.);
#3410=ORIENTED_EDGE('',*,*,#2379,.T.);
#3411=ORIENTED_EDGE('',*,*,#1907,.T.);
#3412=ORIENTED_EDGE('',*,*,#2439,.T.);
#3413=ORIENTED_EDGE('',*,*,#2383,.T.);
#3414=ORIENTED_EDGE('',*,*,#2298,.T.);
#3415=ORIENTED_EDGE('',*,*,#2301,.T.);
#3416=ORIENTED_EDGE('',*,*,#2303,.T.);
#3417=ORIENTED_EDGE('',*,*,#2305,.T.);
#3418=ORIENTED_EDGE('',*,*,#2440,.T.);
#3419=ORIENTED_EDGE('',*,*,#2441,.F.);
#3420=ORIENTED_EDGE('',*,*,#2380,.T.);
#3421=ORIENTED_EDGE('',*,*,#2160,.T.);
#3422=ORIENTED_EDGE('',*,*,#2442,.T.);
#3423=ORIENTED_EDGE('',*,*,#2443,.F.);
#3424=ORIENTED_EDGE('',*,*,#2392,.T.);
#3425=ORIENTED_EDGE('',*,*,#2137,.T.);
#3426=ORIENTED_EDGE('',*,*,#2140,.T.);
#3427=ORIENTED_EDGE('',*,*,#2142,.T.);
#3428=ORIENTED_EDGE('',*,*,#2144,.T.);
#3429=ORIENTED_EDGE('',*,*,#2146,.T.);
#3430=ORIENTED_EDGE('',*,*,#2148,.T.);
#3431=ORIENTED_EDGE('',*,*,#2150,.T.);
#3432=ORIENTED_EDGE('',*,*,#2152,.T.);
#3433=ORIENTED_EDGE('',*,*,#2154,.T.);
#3434=ORIENTED_EDGE('',*,*,#2156,.T.);
#3435=ORIENTED_EDGE('',*,*,#2158,.T.);
#3436=ORIENTED_EDGE('',*,*,#1903,.T.);
#3437=ORIENTED_EDGE('',*,*,#2115,.T.);
#3438=ORIENTED_EDGE('',*,*,#2117,.T.);
#3439=ORIENTED_EDGE('',*,*,#2376,.T.);
#3440=ORIENTED_EDGE('',*,*,#2371,.T.);
#3441=ORIENTED_EDGE('',*,*,#1899,.T.);
#3442=ORIENTED_EDGE('',*,*,#2281,.T.);
#3443=ORIENTED_EDGE('',*,*,#2283,.T.);
#3444=ORIENTED_EDGE('',*,*,#2370,.T.);
#3445=ORIENTED_EDGE('',*,*,#2365,.T.);
#3446=ORIENTED_EDGE('',*,*,#1895,.T.);
#3447=ORIENTED_EDGE('',*,*,#2279,.T.);
#3448=ORIENTED_EDGE('',*,*,#2362,.T.);
#3449=ORIENTED_EDGE('',*,*,#2263,.T.);
#3450=ORIENTED_EDGE('',*,*,#2266,.T.);
#3451=ORIENTED_EDGE('',*,*,#2268,.T.);
#3452=ORIENTED_EDGE('',*,*,#2351,.T.);
#3453=ORIENTED_EDGE('',*,*,#2356,.T.);
#3454=ORIENTED_EDGE('',*,*,#2270,.T.);
#3455=ORIENTED_EDGE('',*,*,#2273,.T.);
#3456=ORIENTED_EDGE('',*,*,#2275,.T.);
#3457=ORIENTED_EDGE('',*,*,#2277,.T.);
#3458=ORIENTED_EDGE('',*,*,#2358,.T.);
#3459=ORIENTED_EDGE('',*,*,#2203,.T.);
#3460=ORIENTED_EDGE('',*,*,#2444,.T.);
#3461=ORIENTED_EDGE('',*,*,#2198,.T.);
#3462=ORIENTED_EDGE('',*,*,#2201,.T.);
#3463=ORIENTED_EDGE('',*,*,#2205,.T.);
#3464=ORIENTED_EDGE('',*,*,#2445,.T.);
#3465=ORIENTED_EDGE('',*,*,#2446,.T.);
#3466=ORIENTED_EDGE('',*,*,#2185,.T.);
#3467=ORIENTED_EDGE('',*,*,#2188,.T.);
#3468=ORIENTED_EDGE('',*,*,#2190,.T.);
#3469=ORIENTED_EDGE('',*,*,#2192,.T.);
#3470=ORIENTED_EDGE('',*,*,#2194,.T.);
#3471=ORIENTED_EDGE('',*,*,#2196,.T.);
#3472=ORIENTED_EDGE('',*,*,#2447,.T.);
#3473=ORIENTED_EDGE('',*,*,#2211,.T.);
#3474=ORIENTED_EDGE('',*,*,#2448,.T.);
#3475=ORIENTED_EDGE('',*,*,#2162,.T.);
#3476=ORIENTED_EDGE('',*,*,#2165,.T.);
#3477=ORIENTED_EDGE('',*,*,#2167,.T.);
#3478=ORIENTED_EDGE('',*,*,#2169,.T.);
#3479=ORIENTED_EDGE('',*,*,#2171,.T.);
#3480=ORIENTED_EDGE('',*,*,#2173,.T.);
#3481=ORIENTED_EDGE('',*,*,#2175,.T.);
#3482=ORIENTED_EDGE('',*,*,#2177,.T.);
#3483=ORIENTED_EDGE('',*,*,#2179,.T.);
#3484=ORIENTED_EDGE('',*,*,#2181,.T.);
#3485=ORIENTED_EDGE('',*,*,#2183,.T.);
#3486=ORIENTED_EDGE('',*,*,#2449,.T.);
#3487=ORIENTED_EDGE('',*,*,#2208,.T.);
#3488=ORIENTED_EDGE('',*,*,#2240,.T.);
#3489=ORIENTED_EDGE('',*,*,#2243,.T.);
#3490=ORIENTED_EDGE('',*,*,#2245,.T.);
#3491=ORIENTED_EDGE('',*,*,#2247,.T.);
#3492=ORIENTED_EDGE('',*,*,#2249,.T.);
#3493=ORIENTED_EDGE('',*,*,#2251,.T.);
#3494=ORIENTED_EDGE('',*,*,#2253,.T.);
#3495=ORIENTED_EDGE('',*,*,#2255,.T.);
#3496=ORIENTED_EDGE('',*,*,#2257,.T.);
#3497=ORIENTED_EDGE('',*,*,#2259,.T.);
#3498=ORIENTED_EDGE('',*,*,#2261,.T.);
#3499=ORIENTED_EDGE('',*,*,#2361,.T.);
#3500=ORIENTED_EDGE('',*,*,#2344,.F.);
#3501=ORIENTED_EDGE('',*,*,#2238,.T.);
#3502=ORIENTED_EDGE('',*,*,#2450,.T.);
#3503=ORIENTED_EDGE('',*,*,#2213,.T.);
#3504=ORIENTED_EDGE('',*,*,#2216,.T.);
#3505=ORIENTED_EDGE('',*,*,#2218,.T.);
#3506=ORIENTED_EDGE('',*,*,#2220,.T.);
#3507=ORIENTED_EDGE('',*,*,#2222,.T.);
#3508=ORIENTED_EDGE('',*,*,#2224,.T.);
#3509=ORIENTED_EDGE('',*,*,#2226,.T.);
#3510=ORIENTED_EDGE('',*,*,#2228,.T.);
#3511=ORIENTED_EDGE('',*,*,#2230,.T.);
#3512=ORIENTED_EDGE('',*,*,#2232,.T.);
#3513=ORIENTED_EDGE('',*,*,#2234,.T.);
#3514=ORIENTED_EDGE('',*,*,#2236,.T.);
#3515=ORIENTED_EDGE('',*,*,#2134,.T.);
#3516=ORIENTED_EDGE('',*,*,#2451,.T.);
#3517=ORIENTED_EDGE('',*,*,#1913,.T.);
#3518=ORIENTED_EDGE('',*,*,#2400,.T.);
#3519=ORIENTED_EDGE('',*,*,#2057,.T.);
#3520=ORIENTED_EDGE('',*,*,#2389,.F.);
#3521=ORIENTED_EDGE('',*,*,#2452,.F.);
#3522=ORIENTED_EDGE('',*,*,#2384,.T.);
#3523=ORIENTED_EDGE('',*,*,#2439,.F.);
#3524=ORIENTED_EDGE('',*,*,#1906,.T.);
#3525=ORIENTED_EDGE('',*,*,#2059,.T.);
#3526=ORIENTED_EDGE('',*,*,#2386,.F.);
#3527=ORIENTED_EDGE('',*,*,#2453,.F.);
#3528=ORIENTED_EDGE('',*,*,#2454,.F.);
#3529=ORIENTED_EDGE('',*,*,#2440,.F.);
#3530=ORIENTED_EDGE('',*,*,#2304,.T.);
#3531=ORIENTED_EDGE('',*,*,#2391,.T.);
#3532=ORIENTED_EDGE('',*,*,#2399,.T.);
#3533=ORIENTED_EDGE('',*,*,#2455,.T.);
#3534=ORIENTED_EDGE('',*,*,#2406,.T.);
#3535=ORIENTED_EDGE('',*,*,#2414,.T.);
#3536=ORIENTED_EDGE('',*,*,#2418,.T.);
#3537=ORIENTED_EDGE('',*,*,#2420,.T.);
#3538=ORIENTED_EDGE('',*,*,#2423,.T.);
#3539=ORIENTED_EDGE('',*,*,#2426,.T.);
#3540=ORIENTED_EDGE('',*,*,#2428,.T.);
#3541=ORIENTED_EDGE('',*,*,#2432,.T.);
#3542=ORIENTED_EDGE('',*,*,#2456,.T.);
#3543=ORIENTED_EDGE('',*,*,#2457,.T.);
#3544=ORIENTED_EDGE('',*,*,#2458,.T.);
#3545=ORIENTED_EDGE('',*,*,#2411,.T.);
#3546=ORIENTED_EDGE('',*,*,#2459,.T.);
#3547=ORIENTED_EDGE('',*,*,#2460,.T.);
#3548=ORIENTED_EDGE('',*,*,#2402,.T.);
#3549=ORIENTED_EDGE('',*,*,#2461,.T.);
#3550=ORIENTED_EDGE('',*,*,#2394,.T.);
#3551=ORIENTED_EDGE('',*,*,#2462,.T.);
#3552=ORIENTED_EDGE('',*,*,#2463,.T.);
#3553=ORIENTED_EDGE('',*,*,#2346,.T.);
#3554=ORIENTED_EDGE('',*,*,#2360,.T.);
#3555=ORIENTED_EDGE('',*,*,#2364,.T.);
#3556=ORIENTED_EDGE('',*,*,#2367,.T.);
#3557=ORIENTED_EDGE('',*,*,#2369,.T.);
#3558=ORIENTED_EDGE('',*,*,#2373,.T.);
#3559=ORIENTED_EDGE('',*,*,#2375,.T.);
#3560=ORIENTED_EDGE('',*,*,#2378,.T.);
#3561=ORIENTED_EDGE('',*,*,#2382,.T.);
#3562=ORIENTED_EDGE('',*,*,#2464,.T.);
#3563=ORIENTED_EDGE('',*,*,#2453,.T.);
#3564=ORIENTED_EDGE('',*,*,#2385,.T.);
#3565=ORIENTED_EDGE('',*,*,#2452,.T.);
#3566=ORIENTED_EDGE('',*,*,#2388,.T.);
#3567=ORIENTED_EDGE('',*,*,#2355,.T.);
#3568=ORIENTED_EDGE('',*,*,#2357,.T.);
#3569=ORIENTED_EDGE('',*,*,#2349,.T.);
#3570=ORIENTED_EDGE('',*,*,#2353,.T.);
#3571=ORIENTED_EDGE('',*,*,#2465,.T.);
#3572=ORIENTED_EDGE('',*,*,#2466,.T.);
#3573=ORIENTED_EDGE('',*,*,#2467,.T.);
#3574=ORIENTED_EDGE('',*,*,#2468,.T.);
#3575=ORIENTED_EDGE('',*,*,#2469,.T.);
#3576=ORIENTED_EDGE('',*,*,#2470,.T.);
#3577=ORIENTED_EDGE('',*,*,#2471,.T.);
#3578=ORIENTED_EDGE('',*,*,#2472,.T.);
#3579=ORIENTED_EDGE('',*,*,#2454,.T.);
#3580=ORIENTED_EDGE('',*,*,#2464,.F.);
#3581=ORIENTED_EDGE('',*,*,#2381,.F.);
#3582=ORIENTED_EDGE('',*,*,#2441,.T.);
#3583=ORIENTED_EDGE('',*,*,#2186,.T.);
#3584=ORIENTED_EDGE('',*,*,#2446,.F.);
#3585=ORIENTED_EDGE('',*,*,#2473,.T.);
#3586=ORIENTED_EDGE('',*,*,#2471,.F.);
#3587=ORIENTED_EDGE('',*,*,#2474,.F.);
#3588=ORIENTED_EDGE('',*,*,#1981,.T.);
#3589=ORIENTED_EDGE('',*,*,#1967,.T.);
#3590=ORIENTED_EDGE('',*,*,#2475,.T.);
#3591=ORIENTED_EDGE('',*,*,#2472,.F.);
#3592=ORIENTED_EDGE('',*,*,#2473,.F.);
#3593=ORIENTED_EDGE('',*,*,#2445,.F.);
#3594=ORIENTED_EDGE('',*,*,#2204,.T.);
#3595=ORIENTED_EDGE('',*,*,#2209,.T.);
#3596=ORIENTED_EDGE('',*,*,#2449,.F.);
#3597=ORIENTED_EDGE('',*,*,#2182,.T.);
#3598=ORIENTED_EDGE('',*,*,#1983,.T.);
#3599=ORIENTED_EDGE('',*,*,#2476,.T.);
#3600=ORIENTED_EDGE('',*,*,#2469,.F.);
#3601=ORIENTED_EDGE('',*,*,#2475,.F.);
#3602=ORIENTED_EDGE('',*,*,#1966,.T.);
#3603=ORIENTED_EDGE('',*,*,#1982,.T.);
#3604=ORIENTED_EDGE('',*,*,#2474,.T.);
#3605=ORIENTED_EDGE('',*,*,#2470,.F.);
#3606=ORIENTED_EDGE('',*,*,#2476,.F.);
#3607=ORIENTED_EDGE('',*,*,#2468,.F.);
#3608=ORIENTED_EDGE('',*,*,#2477,.T.);
#3609=ORIENTED_EDGE('',*,*,#2478,.T.);
#3610=ORIENTED_EDGE('',*,*,#2477,.F.);
#3611=ORIENTED_EDGE('',*,*,#2478,.F.);
#3612=ORIENTED_EDGE('',*,*,#2479,.F.);
#3613=ORIENTED_EDGE('',*,*,#2467,.F.);
#3614=ORIENTED_EDGE('',*,*,#2480,.T.);
#3615=ORIENTED_EDGE('',*,*,#2481,.T.);
#3616=ORIENTED_EDGE('',*,*,#2480,.F.);
#3617=ORIENTED_EDGE('',*,*,#2481,.F.);
#3618=ORIENTED_EDGE('',*,*,#2482,.F.);
#3619=ORIENTED_EDGE('',*,*,#2466,.F.);
#3620=ORIENTED_EDGE('',*,*,#2483,.T.);
#3621=ORIENTED_EDGE('',*,*,#2484,.T.);
#3622=ORIENTED_EDGE('',*,*,#2483,.F.);
#3623=ORIENTED_EDGE('',*,*,#2484,.F.);
#3624=ORIENTED_EDGE('',*,*,#2485,.F.);
#3625=ORIENTED_EDGE('',*,*,#2465,.F.);
#3626=ORIENTED_EDGE('',*,*,#2486,.T.);
#3627=ORIENTED_EDGE('',*,*,#2487,.T.);
#3628=ORIENTED_EDGE('',*,*,#2486,.F.);
#3629=ORIENTED_EDGE('',*,*,#2487,.F.);
#3630=ORIENTED_EDGE('',*,*,#2488,.F.);
#3631=ORIENTED_EDGE('',*,*,#1970,.T.);
#3632=ORIENTED_EDGE('',*,*,#2489,.T.);
#3633=ORIENTED_EDGE('',*,*,#2485,.T.);
#3634=ORIENTED_EDGE('',*,*,#2489,.F.);
#3635=ORIENTED_EDGE('',*,*,#1969,.T.);
#3636=ORIENTED_EDGE('',*,*,#2206,.T.);
#3637=ORIENTED_EDGE('',*,*,#2447,.F.);
#3638=ORIENTED_EDGE('',*,*,#2195,.T.);
#3639=ORIENTED_EDGE('',*,*,#1974,.T.);
#3640=ORIENTED_EDGE('',*,*,#2199,.T.);
#3641=ORIENTED_EDGE('',*,*,#2444,.F.);
#3642=ORIENTED_EDGE('',*,*,#2202,.T.);
#3643=ORIENTED_EDGE('',*,*,#2088,.T.);
#3644=ORIENTED_EDGE('',*,*,#2490,.T.);
#3645=ORIENTED_EDGE('',*,*,#2482,.T.);
#3646=ORIENTED_EDGE('',*,*,#2490,.F.);
#3647=ORIENTED_EDGE('',*,*,#2084,.T.);
#3648=ORIENTED_EDGE('',*,*,#2491,.T.);
#3649=ORIENTED_EDGE('',*,*,#2479,.T.);
#3650=ORIENTED_EDGE('',*,*,#2491,.F.);
#3651=ORIENTED_EDGE('',*,*,#2089,.T.);
#3652=ORIENTED_EDGE('',*,*,#2492,.T.);
#3653=ORIENTED_EDGE('',*,*,#2488,.T.);
#3654=ORIENTED_EDGE('',*,*,#2492,.F.);
#3655=ORIENTED_EDGE('',*,*,#2438,.T.);
#3656=ORIENTED_EDGE('',*,*,#2407,.T.);
#3657=ORIENTED_EDGE('',*,*,#2455,.F.);
#3658=ORIENTED_EDGE('',*,*,#2398,.F.);
#3659=ORIENTED_EDGE('',*,*,#1949,.T.);
#3660=ORIENTED_EDGE('',*,*,#2347,.T.);
#3661=ORIENTED_EDGE('',*,*,#2463,.F.);
#3662=ORIENTED_EDGE('',*,*,#2493,.F.);
#3663=ORIENTED_EDGE('',*,*,#2442,.F.);
#3664=ORIENTED_EDGE('',*,*,#2159,.T.);
#3665=ORIENTED_EDGE('',*,*,#1995,.T.);
#3666=ORIENTED_EDGE('',*,*,#2163,.T.);
#3667=ORIENTED_EDGE('',*,*,#2448,.F.);
#3668=ORIENTED_EDGE('',*,*,#2210,.T.);
#3669=ORIENTED_EDGE('',*,*,#1963,.T.);
#3670=ORIENTED_EDGE('',*,*,#2214,.T.);
#3671=ORIENTED_EDGE('',*,*,#2450,.F.);
#3672=ORIENTED_EDGE('',*,*,#2237,.T.);
#3673=ORIENTED_EDGE('',*,*,#2443,.T.);
#3674=ORIENTED_EDGE('',*,*,#2493,.T.);
#3675=ORIENTED_EDGE('',*,*,#2462,.F.);
#3676=ORIENTED_EDGE('',*,*,#2393,.F.);
#3677=ORIENTED_EDGE('',*,*,#2120,.T.);
#3678=ORIENTED_EDGE('',*,*,#2435,.F.);
#3679=ORIENTED_EDGE('',*,*,#2494,.T.);
#3680=ORIENTED_EDGE('',*,*,#2457,.F.);
#3681=ORIENTED_EDGE('',*,*,#2495,.F.);
#3682=ORIENTED_EDGE('',*,*,#2024,.T.);
#3683=ORIENTED_EDGE('',*,*,#2025,.T.);
#3684=ORIENTED_EDGE('',*,*,#2495,.T.);
#3685=ORIENTED_EDGE('',*,*,#2456,.F.);
#3686=ORIENTED_EDGE('',*,*,#2431,.T.);
#3687=ORIENTED_EDGE('',*,*,#2433,.F.);
#3688=ORIENTED_EDGE('',*,*,#2342,.T.);
#3689=ORIENTED_EDGE('',*,*,#2016,.T.);
#3690=ORIENTED_EDGE('',*,*,#2412,.T.);
#3691=ORIENTED_EDGE('',*,*,#2458,.F.);
#3692=ORIENTED_EDGE('',*,*,#2494,.F.);
#3693=ORIENTED_EDGE('',*,*,#2434,.T.);
#3694=ORIENTED_EDGE('',*,*,#2129,.T.);
#3695=ORIENTED_EDGE('',*,*,#2013,.T.);
#3696=ORIENTED_EDGE('',*,*,#2496,.F.);
#3697=ORIENTED_EDGE('',*,*,#2459,.F.);
#3698=ORIENTED_EDGE('',*,*,#2410,.T.);
#3699=ORIENTED_EDGE('',*,*,#2436,.F.);
#3700=ORIENTED_EDGE('',*,*,#2131,.T.);
#3701=ORIENTED_EDGE('',*,*,#2093,.T.);
#3702=ORIENTED_EDGE('',*,*,#2403,.F.);
#3703=ORIENTED_EDGE('',*,*,#2460,.F.);
#3704=ORIENTED_EDGE('',*,*,#2496,.T.);
#3705=ORIENTED_EDGE('',*,*,#2012,.T.);
#3706=ORIENTED_EDGE('',*,*,#1914,.T.);
#3707=ORIENTED_EDGE('',*,*,#2451,.F.);
#3708=ORIENTED_EDGE('',*,*,#2133,.T.);
#3709=ORIENTED_EDGE('',*,*,#2009,.T.);
#3710=ORIENTED_EDGE('',*,*,#2395,.F.);
#3711=ORIENTED_EDGE('',*,*,#2461,.F.);
#3712=ORIENTED_EDGE('',*,*,#2401,.T.);
#3713=ORIENTED_EDGE('',*,*,#2010,.T.);
#3714=ORIENTED_EDGE('',*,*,#1916,.T.);
#3715=ORIENTED_EDGE('',*,*,#2437,.F.);
#3716=ORIENTED_EDGE('',*,*,#1908,.T.);
#3717=ORIENTED_EDGE('',*,*,#2497,.T.);
#3718=ORIENTED_EDGE('',*,*,#2498,.T.);
#3719=ORIENTED_EDGE('',*,*,#2499,.F.);
#3720=ORIENTED_EDGE('',*,*,#2500,.F.);
#3721=ORIENTED_EDGE('',*,*,#2497,.F.);
#3722=ORIENTED_EDGE('',*,*,#2500,.T.);
#3723=ORIENTED_EDGE('',*,*,#2501,.F.);
#3724=ORIENTED_EDGE('',*,*,#2498,.F.);
#3725=ORIENTED_EDGE('',*,*,#2499,.T.);
#3726=ORIENTED_EDGE('',*,*,#2501,.T.);
#3727=ORIENTED_EDGE('',*,*,#2502,.T.);
#3728=ORIENTED_EDGE('',*,*,#2503,.T.);
#3729=ORIENTED_EDGE('',*,*,#2504,.T.);
#3730=ORIENTED_EDGE('',*,*,#2505,.T.);
#3731=ORIENTED_EDGE('',*,*,#2503,.F.);
#3732=ORIENTED_EDGE('',*,*,#2506,.F.);
#3733=ORIENTED_EDGE('',*,*,#2504,.F.);
#3734=ORIENTED_EDGE('',*,*,#2506,.T.);
#3735=ORIENTED_EDGE('',*,*,#2502,.F.);
#3736=ORIENTED_EDGE('',*,*,#2505,.F.);
#3737=B_SPLINE_SURFACE_WITH_KNOTS('',3,1,((#4926,#4927),(#4928,#4929),(#4930,
#4931),(#4932,#4933)),.UNSPECIFIED.,.F.,.F.,.F.,(4,4),(2,2),(0.,1.),(0.,
0.239999999999999),.UNSPECIFIED.);
#3738=B_SPLINE_SURFACE_WITH_KNOTS('',3,1,((#4948,#4949),(#4950,#4951),(#4952,
#4953),(#4954,#4955)),.UNSPECIFIED.,.F.,.F.,.F.,(4,4),(2,2),(0.,1.),(0.,
0.239999999999999),.UNSPECIFIED.);
#3739=B_SPLINE_SURFACE_WITH_KNOTS('',3,1,((#4970,#4971),(#4972,#4973),(#4974,
#4975),(#4976,#4977)),.UNSPECIFIED.,.F.,.F.,.F.,(4,4),(2,2),(-1.,0.),(0.,
0.239999999999999),.UNSPECIFIED.);
#3740=B_SPLINE_SURFACE_WITH_KNOTS('',3,1,((#4992,#4993),(#4994,#4995),(#4996,
#4997),(#4998,#4999)),.UNSPECIFIED.,.F.,.F.,.F.,(4,4),(2,2),(-1.,0.),(0.,
0.239999999999999),.UNSPECIFIED.);
#3741=B_SPLINE_SURFACE_WITH_KNOTS('',3,1,((#5014,#5015),(#5016,#5017),(#5018,
#5019),(#5020,#5021)),.UNSPECIFIED.,.F.,.F.,.F.,(4,4),(2,2),(-1.,0.),(0.,
0.239999999999999),.UNSPECIFIED.);
#3742=B_SPLINE_SURFACE_WITH_KNOTS('',3,1,((#5036,#5037),(#5038,#5039),(#5040,
#5041),(#5042,#5043)),.UNSPECIFIED.,.F.,.F.,.F.,(4,4),(2,2),(-1.,0.),(0.,
0.239999999999999),.UNSPECIFIED.);
#3743=B_SPLINE_SURFACE_WITH_KNOTS('',3,1,((#5058,#5059),(#5060,#5061),(#5062,
#5063),(#5064,#5065)),.UNSPECIFIED.,.F.,.F.,.F.,(4,4),(2,2),(-1.,0.),(0.,
0.239999999999999),.UNSPECIFIED.);
#3744=B_SPLINE_SURFACE_WITH_KNOTS('',3,1,((#5077,#5078),(#5079,#5080),(#5081,
#5082),(#5083,#5084)),.UNSPECIFIED.,.F.,.F.,.F.,(4,4),(2,2),(0.,0.983268808828449),
(0.,0.239999999999999),.UNSPECIFIED.);
#3745=B_SPLINE_SURFACE_WITH_KNOTS('',3,1,((#5756,#5757),(#5758,#5759),(#5760,
#5761),(#5762,#5763)),.UNSPECIFIED.,.F.,.F.,.F.,(4,4),(2,2),(0.,1.),(0.,
0.239999999999999),.UNSPECIFIED.);
#3746=B_SPLINE_SURFACE_WITH_KNOTS('',3,1,((#5769,#5770),(#5771,#5772),(#5773,
#5774),(#5775,#5776)),.UNSPECIFIED.,.F.,.F.,.F.,(4,4),(2,2),(0.,1.),(0.,
0.239999999999999),.UNSPECIFIED.);
#3747=B_SPLINE_SURFACE_WITH_KNOTS('',3,1,((#5782,#5783),(#5784,#5785),(#5786,
#5787),(#5788,#5789)),.UNSPECIFIED.,.F.,.F.,.F.,(4,4),(2,2),(-1.,0.),(0.,
0.239999999999999),.UNSPECIFIED.);
#3748=B_SPLINE_SURFACE_WITH_KNOTS('',3,1,((#5798,#5799),(#5800,#5801),(#5802,
#5803),(#5804,#5805)),.UNSPECIFIED.,.F.,.F.,.F.,(4,4),(2,2),(-1.,0.),(0.,
0.239999999999999),.UNSPECIFIED.);
#3749=B_SPLINE_SURFACE_WITH_KNOTS('',3,1,((#5812,#5813),(#5814,#5815),(#5816,
#5817),(#5818,#5819)),.UNSPECIFIED.,.F.,.F.,.F.,(4,4),(2,2),(-1.,0.),(0.,
0.239999999999999),.UNSPECIFIED.);
#3750=B_SPLINE_SURFACE_WITH_KNOTS('',3,1,((#5824,#5825),(#5826,#5827),(#5828,
#5829),(#5830,#5831)),.UNSPECIFIED.,.F.,.F.,.F.,(4,4),(2,2),(0.,1.),(0.,
0.239999999999999),.UNSPECIFIED.);
#3751=B_SPLINE_SURFACE_WITH_KNOTS('',3,1,((#5840,#5841),(#5842,#5843),(#5844,
#5845),(#5846,#5847)),.UNSPECIFIED.,.F.,.F.,.F.,(4,4),(2,2),(0.,1.),(0.,
0.239999999999999),.UNSPECIFIED.);
#3752=B_SPLINE_SURFACE_WITH_KNOTS('',3,1,((#5854,#5855),(#5856,#5857),(#5858,
#5859),(#5860,#5861)),.UNSPECIFIED.,.F.,.F.,.F.,(4,4),(2,2),(0.,1.),(0.,
0.239999999999999),.UNSPECIFIED.);
#3753=B_SPLINE_SURFACE_WITH_KNOTS('',3,1,((#5866,#5867),(#5868,#5869),(#5870,
#5871),(#5872,#5873)),.UNSPECIFIED.,.F.,.F.,.F.,(4,4),(2,2),(-1.,0.),(0.,
0.239999999999999),.UNSPECIFIED.);
#3754=B_SPLINE_SURFACE_WITH_KNOTS('',3,1,((#5880,#5881),(#5882,#5883),(#5884,
#5885),(#5886,#5887)),.UNSPECIFIED.,.F.,.F.,.F.,(4,4),(2,2),(-1.,0.),(0.,
0.239999999999999),.UNSPECIFIED.);
#3755=B_SPLINE_SURFACE_WITH_KNOTS('',3,1,((#5894,#5895),(#5896,#5897),(#5898,
#5899),(#5900,#5901)),.UNSPECIFIED.,.F.,.F.,.F.,(4,4),(2,2),(-1.,-0.623405627118332),
(0.,0.239999999999999),.UNSPECIFIED.);
#3756=B_SPLINE_SURFACE_WITH_KNOTS('',3,1,((#5910,#5911),(#5912,#5913),(#5914,
#5915),(#5916,#5917)),.UNSPECIFIED.,.F.,.F.,.F.,(4,4),(2,2),(-1.,0.),(0.,
0.239999999999999),.UNSPECIFIED.);
#3757=B_SPLINE_SURFACE_WITH_KNOTS('',3,1,((#5924,#5925),(#5926,#5927),(#5928,
#5929),(#5930,#5931)),.UNSPECIFIED.,.F.,.F.,.F.,(4,4),(2,2),(-1.,0.),(0.,
0.239999999999999),.UNSPECIFIED.);
#3758=B_SPLINE_SURFACE_WITH_KNOTS('',3,1,((#5938,#5939),(#5940,#5941),(#5942,
#5943),(#5944,#5945)),.UNSPECIFIED.,.F.,.F.,.F.,(4,4),(2,2),(-0.990067373567344,
0.),(0.,0.239999999999999),.UNSPECIFIED.);
#3759=B_SPLINE_SURFACE_WITH_KNOTS('',3,1,((#5952,#5953),(#5954,#5955),(#5956,
#5957),(#5958,#5959)),.UNSPECIFIED.,.F.,.F.,.F.,(4,4),(2,2),(-1.,-0.00561205021485525),
(0.,0.239999999999999),.UNSPECIFIED.);
#3760=B_SPLINE_SURFACE_WITH_KNOTS('',3,1,((#5966,#5967),(#5968,#5969),(#5970,
#5971),(#5972,#5973)),.UNSPECIFIED.,.F.,.F.,.F.,(4,4),(2,2),(-0.809721077014782,
0.),(0.,0.239999999999999),.UNSPECIFIED.);
#3761=B_SPLINE_SURFACE_WITH_KNOTS('',3,1,((#5980,#5981),(#5982,#5983),(#5984,
#5985),(#5986,#5987)),.UNSPECIFIED.,.F.,.F.,.F.,(4,4),(2,2),(0.103028214574807,
1.),(0.,0.239999999999999),.UNSPECIFIED.);
#3762=B_SPLINE_SURFACE_WITH_KNOTS('',3,1,((#5994,#5995),(#5996,#5997),(#5998,
#5999),(#6000,#6001)),.UNSPECIFIED.,.F.,.F.,.F.,(4,4),(2,2),(-1.,0.),(0.,
0.239999999999999),.UNSPECIFIED.);
#3763=B_SPLINE_SURFACE_WITH_KNOTS('',3,1,((#6010,#6011),(#6012,#6013),(#6014,
#6015),(#6016,#6017)),.UNSPECIFIED.,.F.,.F.,.F.,(4,4),(2,2),(0.,0.578366915669042),
(0.,0.239999999999999),.UNSPECIFIED.);
#3764=B_SPLINE_SURFACE_WITH_KNOTS('',3,1,((#6026,#6027),(#6028,#6029),(#6030,
#6031),(#6032,#6033)),.UNSPECIFIED.,.F.,.F.,.F.,(4,4),(2,2),(0.,1.),(0.,
0.239999999999999),.UNSPECIFIED.);
#3765=B_SPLINE_SURFACE_WITH_KNOTS('',3,1,((#6044,#6045),(#6046,#6047),(#6048,
#6049),(#6050,#6051)),.UNSPECIFIED.,.F.,.F.,.F.,(4,4),(2,2),(0.,1.),(0.,
0.239999999999999),.UNSPECIFIED.);
#3766=B_SPLINE_SURFACE_WITH_KNOTS('',3,1,((#6058,#6059),(#6060,#6061),(#6062,
#6063),(#6064,#6065)),.UNSPECIFIED.,.F.,.F.,.F.,(4,4),(2,2),(0.,1.),(0.,
0.239999999999999),.UNSPECIFIED.);
#3767=B_SPLINE_SURFACE_WITH_KNOTS('',3,1,((#6072,#6073),(#6074,#6075),(#6076,
#6077),(#6078,#6079)),.UNSPECIFIED.,.F.,.F.,.F.,(4,4),(2,2),(0.,1.),(0.,
0.239999999999999),.UNSPECIFIED.);
#3768=B_SPLINE_SURFACE_WITH_KNOTS('',3,1,((#6086,#6087),(#6088,#6089),(#6090,
#6091),(#6092,#6093)),.UNSPECIFIED.,.F.,.F.,.F.,(4,4),(2,2),(0.,1.),(0.,
0.239999999999999),.UNSPECIFIED.);
#3769=B_SPLINE_SURFACE_WITH_KNOTS('',3,1,((#6100,#6101),(#6102,#6103),(#6104,
#6105),(#6106,#6107)),.UNSPECIFIED.,.F.,.F.,.F.,(4,4),(2,2),(0.,1.),(0.,
0.239999999999999),.UNSPECIFIED.);
#3770=B_SPLINE_SURFACE_WITH_KNOTS('',3,1,((#6114,#6115),(#6116,#6117),(#6118,
#6119),(#6120,#6121)),.UNSPECIFIED.,.F.,.F.,.F.,(4,4),(2,2),(0.,1.),(0.,
0.239999999999999),.UNSPECIFIED.);
#3771=B_SPLINE_SURFACE_WITH_KNOTS('',3,1,((#6128,#6129),(#6130,#6131),(#6132,
#6133),(#6134,#6135)),.UNSPECIFIED.,.F.,.F.,.F.,(4,4),(2,2),(0.,1.),(0.,
0.239999999999999),.UNSPECIFIED.);
#3772=B_SPLINE_SURFACE_WITH_KNOTS('',3,1,((#6142,#6143),(#6144,#6145),(#6146,
#6147),(#6148,#6149)),.UNSPECIFIED.,.F.,.F.,.F.,(4,4),(2,2),(0.,1.),(0.,
0.239999999999999),.UNSPECIFIED.);
#3773=B_SPLINE_SURFACE_WITH_KNOTS('',3,1,((#6156,#6157),(#6158,#6159),(#6160,
#6161),(#6162,#6163)),.UNSPECIFIED.,.F.,.F.,.F.,(4,4),(2,2),(0.251317204626015,
1.),(0.,0.239999999999999),.UNSPECIFIED.);
#3774=B_SPLINE_SURFACE_WITH_KNOTS('',3,1,((#6170,#6171),(#6172,#6173),(#6174,
#6175),(#6176,#6177)),.UNSPECIFIED.,.F.,.F.,.F.,(4,4),(2,2),(0.,0.800094825512113),
(0.,0.239999999999999),.UNSPECIFIED.);
#3775=B_SPLINE_SURFACE_WITH_KNOTS('',3,1,((#6186,#6187),(#6188,#6189),(#6190,
#6191),(#6192,#6193)),.UNSPECIFIED.,.F.,.F.,.F.,(4,4),(2,2),(0.,1.),(0.,
0.239999999999999),.UNSPECIFIED.);
#3776=B_SPLINE_SURFACE_WITH_KNOTS('',3,1,((#6200,#6201),(#6202,#6203),(#6204,
#6205),(#6206,#6207)),.UNSPECIFIED.,.F.,.F.,.F.,(4,4),(2,2),(0.,1.),(0.,
0.239999999999999),.UNSPECIFIED.);
#3777=B_SPLINE_SURFACE_WITH_KNOTS('',3,1,((#6214,#6215),(#6216,#6217),(#6218,
#6219),(#6220,#6221)),.UNSPECIFIED.,.F.,.F.,.F.,(4,4),(2,2),(0.,1.),(0.,
0.239999999999999),.UNSPECIFIED.);
#3778=B_SPLINE_SURFACE_WITH_KNOTS('',3,1,((#6228,#6229),(#6230,#6231),(#6232,
#6233),(#6234,#6235)),.UNSPECIFIED.,.F.,.F.,.F.,(4,4),(2,2),(0.,1.),(0.,
0.239999999999999),.UNSPECIFIED.);
#3779=B_SPLINE_SURFACE_WITH_KNOTS('',3,1,((#6242,#6243),(#6244,#6245),(#6246,
#6247),(#6248,#6249)),.UNSPECIFIED.,.F.,.F.,.F.,(4,4),(2,2),(0.,1.),(0.,
0.239999999999999),.UNSPECIFIED.);
#3780=B_SPLINE_SURFACE_WITH_KNOTS('',3,1,((#6256,#6257),(#6258,#6259),(#6260,
#6261),(#6262,#6263)),.UNSPECIFIED.,.F.,.F.,.F.,(4,4),(2,2),(0.,1.),(0.,
0.239999999999999),.UNSPECIFIED.);
#3781=B_SPLINE_SURFACE_WITH_KNOTS('',3,1,((#6270,#6271),(#6272,#6273),(#6274,
#6275),(#6276,#6277)),.UNSPECIFIED.,.F.,.F.,.F.,(4,4),(2,2),(0.,1.),(0.,
0.239999999999999),.UNSPECIFIED.);
#3782=B_SPLINE_SURFACE_WITH_KNOTS('',3,1,((#6284,#6285),(#6286,#6287),(#6288,
#6289),(#6290,#6291)),.UNSPECIFIED.,.F.,.F.,.F.,(4,4),(2,2),(0.,1.),(0.,
0.239999999999999),.UNSPECIFIED.);
#3783=B_SPLINE_SURFACE_WITH_KNOTS('',3,1,((#6302,#6303),(#6304,#6305),(#6306,
#6307),(#6308,#6309)),.UNSPECIFIED.,.F.,.F.,.F.,(4,4),(2,2),(0.269148700422802,
1.),(0.,0.239999999999999),.UNSPECIFIED.);
#3784=B_SPLINE_SURFACE_WITH_KNOTS('',3,1,((#6316,#6317),(#6318,#6319),(#6320,
#6321),(#6322,#6323)),.UNSPECIFIED.,.F.,.F.,.F.,(4,4),(2,2),(-1.,-0.9695248078092),
(0.,0.239999999999999),.UNSPECIFIED.);
#3785=B_SPLINE_SURFACE_WITH_KNOTS('',3,1,((#6332,#6333),(#6334,#6335),(#6336,
#6337),(#6338,#6339)),.UNSPECIFIED.,.F.,.F.,.F.,(4,4),(2,2),(-1.,0.),(0.,
0.239999999999999),.UNSPECIFIED.);
#3786=B_SPLINE_SURFACE_WITH_KNOTS('',3,1,((#6346,#6347),(#6348,#6349),(#6350,
#6351),(#6352,#6353)),.UNSPECIFIED.,.F.,.F.,.F.,(4,4),(2,2),(-1.,0.),(0.,
0.239999999999999),.UNSPECIFIED.);
#3787=B_SPLINE_SURFACE_WITH_KNOTS('',3,1,((#6360,#6361),(#6362,#6363),(#6364,
#6365),(#6366,#6367)),.UNSPECIFIED.,.F.,.F.,.F.,(4,4),(2,2),(-1.,0.),(0.,
0.239999999999999),.UNSPECIFIED.);
#3788=B_SPLINE_SURFACE_WITH_KNOTS('',3,1,((#6374,#6375),(#6376,#6377),(#6378,
#6379),(#6380,#6381)),.UNSPECIFIED.,.F.,.F.,.F.,(4,4),(2,2),(-1.,0.),(0.,
0.239999999999999),.UNSPECIFIED.);
#3789=B_SPLINE_SURFACE_WITH_KNOTS('',3,1,((#6388,#6389),(#6390,#6391),(#6392,
#6393),(#6394,#6395)),.UNSPECIFIED.,.F.,.F.,.F.,(4,4),(2,2),(-0.777805513464946,
0.),(0.,0.239999999999999),.UNSPECIFIED.);
#3790=B_SPLINE_SURFACE_WITH_KNOTS('',3,1,((#6402,#6403),(#6404,#6405),(#6406,
#6407),(#6408,#6409)),.UNSPECIFIED.,.F.,.F.,.F.,(4,4),(2,2),(-1.,-0.790867944289965),
(0.,0.239999999999999),.UNSPECIFIED.);
#3791=B_SPLINE_SURFACE_WITH_KNOTS('',3,1,((#6418,#6419),(#6420,#6421),(#6422,
#6423),(#6424,#6425)),.UNSPECIFIED.,.F.,.F.,.F.,(4,4),(2,2),(-1.,0.),(0.,
0.239999999999999),.UNSPECIFIED.);
#3792=B_SPLINE_SURFACE_WITH_KNOTS('',3,1,((#6432,#6433),(#6434,#6435),(#6436,
#6437),(#6438,#6439)),.UNSPECIFIED.,.F.,.F.,.F.,(4,4),(2,2),(-0.425878277536592,
0.),(0.,0.239999999999999),.UNSPECIFIED.);
#3793=B_SPLINE_SURFACE_WITH_KNOTS('',3,1,((#6446,#6447),(#6448,#6449),(#6450,
#6451),(#6452,#6453)),.UNSPECIFIED.,.F.,.F.,.F.,(4,4),(2,2),(-0.730991276606036,
-0.498101725129372),(0.,0.239999999999999),.UNSPECIFIED.);
#3794=B_SPLINE_SURFACE_WITH_KNOTS('',3,1,((#6462,#6463),(#6464,#6465),(#6466,
#6467),(#6468,#6469)),.UNSPECIFIED.,.F.,.F.,.F.,(4,4),(2,2),(0.,0.743960252798938),
(0.,0.239999999999999),.UNSPECIFIED.);
#3795=B_SPLINE_SURFACE_WITH_KNOTS('',3,1,((#6478,#6479),(#6480,#6481),(#6482,
#6483),(#6484,#6485)),.UNSPECIFIED.,.F.,.F.,.F.,(4,4),(2,2),(0.0498203832576866,
1.),(0.,0.239999999999999),.UNSPECIFIED.);
#3796=B_SPLINE_SURFACE_WITH_KNOTS('',3,1,((#6492,#6493),(#6494,#6495),(#6496,
#6497),(#6498,#6499)),.UNSPECIFIED.,.F.,.F.,.F.,(4,4),(2,2),(-1.,-0.126479658080079),
(0.,0.239999999999999),.UNSPECIFIED.);
#3797=B_SPLINE_SURFACE_WITH_KNOTS('',3,1,((#6508,#6509),(#6510,#6511),(#6512,
#6513),(#6514,#6515)),.UNSPECIFIED.,.F.,.F.,.F.,(4,4),(2,2),(-1.,0.),(0.,
0.239999999999999),.UNSPECIFIED.);
#3798=B_SPLINE_SURFACE_WITH_KNOTS('',3,1,((#6522,#6523),(#6524,#6525),(#6526,
#6527),(#6528,#6529)),.UNSPECIFIED.,.F.,.F.,.F.,(4,4),(2,2),(-1.,0.),(0.,
0.239999999999999),.UNSPECIFIED.);
#3799=B_SPLINE_SURFACE_WITH_KNOTS('',3,1,((#6540,#6541),(#6542,#6543),(#6544,
#6545),(#6546,#6547)),.UNSPECIFIED.,.F.,.F.,.F.,(4,4),(2,2),(-1.,0.),(0.,
0.239999999999999),.UNSPECIFIED.);
#3800=B_SPLINE_SURFACE_WITH_KNOTS('',3,1,((#6554,#6555),(#6556,#6557),(#6558,
#6559),(#6560,#6561)),.UNSPECIFIED.,.F.,.F.,.F.,(4,4),(2,2),(-1.,0.),(0.,
0.239999999999999),.UNSPECIFIED.);
#3801=B_SPLINE_SURFACE_WITH_KNOTS('',3,1,((#6568,#6569),(#6570,#6571),(#6572,
#6573),(#6574,#6575)),.UNSPECIFIED.,.F.,.F.,.F.,(4,4),(2,2),(-1.,0.),(0.,
0.239999999999999),.UNSPECIFIED.);
#3802=B_SPLINE_SURFACE_WITH_KNOTS('',3,1,((#6582,#6583),(#6584,#6585),(#6586,
#6587),(#6588,#6589)),.UNSPECIFIED.,.F.,.F.,.F.,(4,4),(2,2),(-1.,0.),(0.,
0.239999999999999),.UNSPECIFIED.);
#3803=B_SPLINE_SURFACE_WITH_KNOTS('',3,1,((#6596,#6597),(#6598,#6599),(#6600,
#6601),(#6602,#6603)),.UNSPECIFIED.,.F.,.F.,.F.,(4,4),(2,2),(-1.,0.),(0.,
0.239999999999999),.UNSPECIFIED.);
#3804=B_SPLINE_SURFACE_WITH_KNOTS('',3,1,((#6610,#6611),(#6612,#6613),(#6614,
#6615),(#6616,#6617)),.UNSPECIFIED.,.F.,.F.,.F.,(4,4),(2,2),(-1.,0.),(0.,
0.239999999999999),.UNSPECIFIED.);
#3805=B_SPLINE_SURFACE_WITH_KNOTS('',3,1,((#6624,#6625),(#6626,#6627),(#6628,
#6629),(#6630,#6631)),.UNSPECIFIED.,.F.,.F.,.F.,(4,4),(2,2),(-1.,0.),(0.,
0.239999999999999),.UNSPECIFIED.);
#3806=B_SPLINE_SURFACE_WITH_KNOTS('',3,1,((#6638,#6639),(#6640,#6641),(#6642,
#6643),(#6644,#6645)),.UNSPECIFIED.,.F.,.F.,.F.,(4,4),(2,2),(-1.,0.),(0.,
0.239999999999999),.UNSPECIFIED.);
#3807=B_SPLINE_SURFACE_WITH_KNOTS('',3,1,((#6652,#6653),(#6654,#6655),(#6656,
#6657),(#6658,#6659)),.UNSPECIFIED.,.F.,.F.,.F.,(4,4),(2,2),(-0.206693380364743,
0.),(0.,0.239999999999999),.UNSPECIFIED.);
#3808=B_SPLINE_SURFACE_WITH_KNOTS('',3,1,((#6666,#6667),(#6668,#6669),(#6670,
#6671),(#6672,#6673)),.UNSPECIFIED.,.F.,.F.,.F.,(4,4),(2,2),(-1.,-0.239930495122691),
(0.,0.239999999999999),.UNSPECIFIED.);
#3809=B_SPLINE_SURFACE_WITH_KNOTS('',3,1,((#6682,#6683),(#6684,#6685),(#6686,
#6687),(#6688,#6689)),.UNSPECIFIED.,.F.,.F.,.F.,(4,4),(2,2),(-1.,0.),(0.,
0.239999999999999),.UNSPECIFIED.);
#3810=B_SPLINE_SURFACE_WITH_KNOTS('',3,1,((#6696,#6697),(#6698,#6699),(#6700,
#6701),(#6702,#6703)),.UNSPECIFIED.,.F.,.F.,.F.,(4,4),(2,2),(-1.,0.),(0.,
0.239999999999999),.UNSPECIFIED.);
#3811=B_SPLINE_SURFACE_WITH_KNOTS('',3,1,((#6710,#6711),(#6712,#6713),(#6714,
#6715),(#6716,#6717)),.UNSPECIFIED.,.F.,.F.,.F.,(4,4),(2,2),(-1.,0.),(0.,
0.239999999999999),.UNSPECIFIED.);
#3812=B_SPLINE_SURFACE_WITH_KNOTS('',3,1,((#6724,#6725),(#6726,#6727),(#6728,
#6729),(#6730,#6731)),.UNSPECIFIED.,.F.,.F.,.F.,(4,4),(2,2),(-1.,0.),(0.,
0.239999999999999),.UNSPECIFIED.);
#3813=B_SPLINE_SURFACE_WITH_KNOTS('',3,1,((#6738,#6739),(#6740,#6741),(#6742,
#6743),(#6744,#6745)),.UNSPECIFIED.,.F.,.F.,.F.,(4,4),(2,2),(-1.,0.),(0.,
0.239999999999999),.UNSPECIFIED.);
#3814=B_SPLINE_SURFACE_WITH_KNOTS('',3,1,((#6752,#6753),(#6754,#6755),(#6756,
#6757),(#6758,#6759)),.UNSPECIFIED.,.F.,.F.,.F.,(4,4),(2,2),(-1.,0.),(0.,
0.239999999999999),.UNSPECIFIED.);
#3815=B_SPLINE_SURFACE_WITH_KNOTS('',3,1,((#6766,#6767),(#6768,#6769),(#6770,
#6771),(#6772,#6773)),.UNSPECIFIED.,.F.,.F.,.F.,(4,4),(2,2),(-1.,0.),(0.,
0.239999999999999),.UNSPECIFIED.);
#3816=B_SPLINE_SURFACE_WITH_KNOTS('',3,1,((#6784,#6785),(#6786,#6787),(#6788,
#6789),(#6790,#6791)),.UNSPECIFIED.,.F.,.F.,.F.,(4,4),(2,2),(-1.,0.),(0.,
0.239999999999999),.UNSPECIFIED.);
#3817=B_SPLINE_SURFACE_WITH_KNOTS('',3,1,((#6798,#6799),(#6800,#6801),(#6802,
#6803),(#6804,#6805)),.UNSPECIFIED.,.F.,.F.,.F.,(4,4),(2,2),(-0.699155636816914,
0.),(0.,0.239999999999999),.UNSPECIFIED.);
#3818=B_SPLINE_SURFACE_WITH_KNOTS('',3,1,((#6812,#6813),(#6814,#6815),(#6816,
#6817),(#6818,#6819)),.UNSPECIFIED.,.F.,.F.,.F.,(4,4),(2,2),(0.,0.994351407134282),
(0.,0.239999999999999),.UNSPECIFIED.);
#3819=B_SPLINE_SURFACE_WITH_KNOTS('',3,1,((#6828,#6829),(#6830,#6831),(#6832,
#6833),(#6834,#6835)),.UNSPECIFIED.,.F.,.F.,.F.,(4,4),(2,2),(0.,1.),(0.,
0.239999999999999),.UNSPECIFIED.);
#3820=B_SPLINE_SURFACE_WITH_KNOTS('',3,1,((#6842,#6843),(#6844,#6845),(#6846,
#6847),(#6848,#6849)),.UNSPECIFIED.,.F.,.F.,.F.,(4,4),(2,2),(0.38201868708504,
1.),(0.,0.239999999999999),.UNSPECIFIED.);
#3821=B_SPLINE_SURFACE_WITH_KNOTS('',3,1,((#6856,#6857),(#6858,#6859),(#6860,
#6861),(#6862,#6863)),.UNSPECIFIED.,.F.,.F.,.F.,(4,4),(2,2),(0.,0.852938040642419),
(0.,0.239999999999999),.UNSPECIFIED.);
#3822=B_SPLINE_SURFACE_WITH_KNOTS('',3,1,((#6872,#6873),(#6874,#6875),(#6876,
#6877),(#6878,#6879)),.UNSPECIFIED.,.F.,.F.,.F.,(4,4),(2,2),(0.,1.),(0.,
0.239999999999999),.UNSPECIFIED.);
#3823=B_SPLINE_SURFACE_WITH_KNOTS('',3,1,((#6886,#6887),(#6888,#6889),(#6890,
#6891),(#6892,#6893)),.UNSPECIFIED.,.F.,.F.,.F.,(4,4),(2,2),(0.,1.),(0.,
0.239999999999999),.UNSPECIFIED.);
#3824=B_SPLINE_SURFACE_WITH_KNOTS('',3,1,((#6900,#6901),(#6902,#6903),(#6904,
#6905),(#6906,#6907)),.UNSPECIFIED.,.F.,.F.,.F.,(4,4),(2,2),(0.859318085209594,
1.),(0.,0.239999999999999),.UNSPECIFIED.);
#3825=B_SPLINE_SURFACE_WITH_KNOTS('',3,1,((#6911,#6912),(#6913,#6914),(#6915,
#6916),(#6917,#6918)),.UNSPECIFIED.,.F.,.F.,.F.,(4,4),(2,2),(0.,1.),(0.,
0.239999999999999),.UNSPECIFIED.);
#3826=B_SPLINE_SURFACE_WITH_KNOTS('',3,1,((#6925,#6926),(#6927,#6928),(#6929,
#6930),(#6931,#6932)),.UNSPECIFIED.,.F.,.F.,.F.,(4,4),(2,2),(0.,1.),(0.,
0.239999999999999),.UNSPECIFIED.);
#3827=B_SPLINE_SURFACE_WITH_KNOTS('',3,1,((#6939,#6940),(#6941,#6942),(#6943,
#6944),(#6945,#6946)),.UNSPECIFIED.,.F.,.F.,.F.,(4,4),(2,2),(0.206150601838535,
1.),(0.,0.239999999999999),.UNSPECIFIED.);
#3828=B_SPLINE_SURFACE_WITH_KNOTS('',3,1,((#6953,#6954),(#6955,#6956),(#6957,
#6958),(#6959,#6960)),.UNSPECIFIED.,.F.,.F.,.F.,(4,4),(2,2),(0.,0.942901874439058),
(0.,0.239999999999999),.UNSPECIFIED.);
#3829=B_SPLINE_SURFACE_WITH_KNOTS('',3,1,((#6969,#6970),(#6971,#6972),(#6973,
#6974),(#6975,#6976)),.UNSPECIFIED.,.F.,.F.,.F.,(4,4),(2,2),(0.00561220592151754,
1.),(0.,0.239999999999999),.UNSPECIFIED.);
#3830=B_SPLINE_SURFACE_WITH_KNOTS('',3,1,((#6983,#6984),(#6985,#6986),(#6987,
#6988),(#6989,#6990)),.UNSPECIFIED.,.F.,.F.,.F.,(4,4),(2,2),(0.,0.99006709384758),
(0.,0.239999999999999),.UNSPECIFIED.);
#3831=B_SPLINE_SURFACE_WITH_KNOTS('',3,1,((#6997,#6998),(#6999,#7000),(#7001,
#7002),(#7003,#7004)),.UNSPECIFIED.,.F.,.F.,.F.,(4,4),(2,2),(0.,1.),(0.,
0.239999999999999),.UNSPECIFIED.);
#3832=B_SPLINE_SURFACE_WITH_KNOTS('',3,1,((#7011,#7012),(#7013,#7014),(#7015,
#7016),(#7017,#7018)),.UNSPECIFIED.,.F.,.F.,.F.,(4,4),(2,2),(0.,1.),(0.,
0.239999999999999),.UNSPECIFIED.);
#3833=B_SPLINE_SURFACE_WITH_KNOTS('',3,1,((#7025,#7026),(#7027,#7028),(#7029,
#7030),(#7031,#7032)),.UNSPECIFIED.,.F.,.F.,.F.,(4,4),(2,2),(0.452780864132631,
1.),(0.,0.239999999999999),.UNSPECIFIED.);
#3834=B_SPLINE_SURFACE_WITH_KNOTS('',3,1,((#7039,#7040),(#7041,#7042),(#7043,
#7044),(#7045,#7046)),.UNSPECIFIED.,.F.,.F.,.F.,(4,4),(2,2),(-1.,-0.466644121690627),
(0.,0.239999999999999),.UNSPECIFIED.);
#3835=B_SPLINE_SURFACE_WITH_KNOTS('',3,1,((#7055,#7056),(#7057,#7058),(#7059,
#7060),(#7061,#7062)),.UNSPECIFIED.,.F.,.F.,.F.,(4,4),(2,2),(-1.,0.),(0.,
0.239999999999999),.UNSPECIFIED.);
#3836=B_SPLINE_SURFACE_WITH_KNOTS('',3,1,((#7069,#7070),(#7071,#7072),(#7073,
#7074),(#7075,#7076)),.UNSPECIFIED.,.F.,.F.,.F.,(4,4),(2,2),(-1.,0.),(0.,
0.239999999999999),.UNSPECIFIED.);
#3837=B_SPLINE_SURFACE_WITH_KNOTS('',3,1,((#7083,#7084),(#7085,#7086),(#7087,
#7088),(#7089,#7090)),.UNSPECIFIED.,.F.,.F.,.F.,(4,4),(2,2),(-1.,0.),(0.,
0.239999999999999),.UNSPECIFIED.);
#3838=B_SPLINE_SURFACE_WITH_KNOTS('',3,1,((#7094,#7095),(#7096,#7097),(#7098,
#7099),(#7100,#7101)),.UNSPECIFIED.,.F.,.F.,.F.,(4,4),(2,2),(0.186356440505876,
0.62133383904944),(0.,0.239999999999999),.UNSPECIFIED.);
#3839=B_SPLINE_SURFACE_WITH_KNOTS('',3,1,((#7110,#7111),(#7112,#7113),(#7114,
#7115),(#7116,#7117)),.UNSPECIFIED.,.F.,.F.,.F.,(4,4),(2,2),(0.,0.0256577693836247),
(0.,0.239999999999999),.UNSPECIFIED.);
#3840=B_SPLINE_SURFACE_WITH_KNOTS('',3,1,((#7126,#7127),(#7128,#7129),(#7130,
#7131),(#7132,#7133)),.UNSPECIFIED.,.F.,.F.,.F.,(4,4),(2,2),(0.,1.),(0.,
0.239999999999999),.UNSPECIFIED.);
#3841=B_SPLINE_SURFACE_WITH_KNOTS('',3,1,((#7140,#7141),(#7142,#7143),(#7144,
#7145),(#7146,#7147)),.UNSPECIFIED.,.F.,.F.,.F.,(4,4),(2,2),(0.,1.),(0.,
0.239999999999999),.UNSPECIFIED.);
#3842=B_SPLINE_SURFACE_WITH_KNOTS('',2,1,((#7154,#7155),(#7156,#7157),(#7158,
#7159)),.UNSPECIFIED.,.F.,.F.,.F.,(3,3),(2,2),(0.,1.),(0.,0.239999999999999),
 .UNSPECIFIED.);
#3843=B_SPLINE_SURFACE_WITH_KNOTS('',3,1,((#7165,#7166),(#7167,#7168),(#7169,
#7170),(#7171,#7172)),.UNSPECIFIED.,.F.,.F.,.F.,(4,4),(2,2),(0.,1.),(0.,
0.239999999999999),.UNSPECIFIED.);
#3844=B_SPLINE_SURFACE_WITH_KNOTS('',3,1,((#7179,#7180),(#7181,#7182),(#7183,
#7184),(#7185,#7186)),.UNSPECIFIED.,.F.,.F.,.F.,(4,4),(2,2),(0.,1.),(0.,
0.239999999999999),.UNSPECIFIED.);
#3845=B_SPLINE_SURFACE_WITH_KNOTS('',3,1,((#7193,#7194),(#7195,#7196),(#7197,
#7198),(#7199,#7200)),.UNSPECIFIED.,.F.,.F.,.F.,(4,4),(2,2),(0.329269331915488,
1.),(0.,0.239999999999999),.UNSPECIFIED.);
#3846=B_SPLINE_SURFACE_WITH_KNOTS('',3,1,((#7207,#7208),(#7209,#7210),(#7211,
#7212),(#7213,#7214)),.UNSPECIFIED.,.F.,.F.,.F.,(4,4),(2,2),(0.,0.749164812391899),
(0.,0.239999999999999),.UNSPECIFIED.);
#3847=B_SPLINE_SURFACE_WITH_KNOTS('',3,1,((#7223,#7224),(#7225,#7226),(#7227,
#7228),(#7229,#7230)),.UNSPECIFIED.,.F.,.F.,.F.,(4,4),(2,2),(0.,1.),(0.,
0.239999999999999),.UNSPECIFIED.);
#3848=B_SPLINE_SURFACE_WITH_KNOTS('',3,1,((#7237,#7238),(#7239,#7240),(#7241,
#7242),(#7243,#7244)),.UNSPECIFIED.,.F.,.F.,.F.,(4,4),(2,2),(0.,1.),(0.,
0.239999999999999),.UNSPECIFIED.);
#3849=B_SPLINE_SURFACE_WITH_KNOTS('',2,1,((#7251,#7252),(#7253,#7254),(#7255,
#7256)),.UNSPECIFIED.,.F.,.F.,.F.,(3,3),(2,2),(0.,1.),(0.,0.239999999999999),
 .UNSPECIFIED.);
#3850=B_SPLINE_SURFACE_WITH_KNOTS('',3,1,((#7262,#7263),(#7264,#7265),(#7266,
#7267),(#7268,#7269)),.UNSPECIFIED.,.F.,.F.,.F.,(4,4),(2,2),(0.26923699529967,
1.),(0.,0.239999999999999),.UNSPECIFIED.);
#3851=B_SPLINE_SURFACE_WITH_KNOTS('',3,1,((#7276,#7277),(#7278,#7279),(#7280,
#7281),(#7282,#7283)),.UNSPECIFIED.,.F.,.F.,.F.,(4,4),(2,2),(0.,0.738437431889152),
(0.,0.239999999999999),.UNSPECIFIED.);
#3852=B_SPLINE_SURFACE_WITH_KNOTS('',3,1,((#7292,#7293),(#7294,#7295),(#7296,
#7297),(#7298,#7299)),.UNSPECIFIED.,.F.,.F.,.F.,(4,4),(2,2),(0.,1.),(0.,
0.239999999999999),.UNSPECIFIED.);
#3853=B_SPLINE_SURFACE_WITH_KNOTS('',3,1,((#7306,#7307),(#7308,#7309),(#7310,
#7311),(#7312,#7313)),.UNSPECIFIED.,.F.,.F.,.F.,(4,4),(2,2),(0.,1.),(0.,
0.239999999999999),.UNSPECIFIED.);
#3854=B_SPLINE_SURFACE_WITH_KNOTS('',3,1,((#7320,#7321),(#7322,#7323),(#7324,
#7325),(#7326,#7327)),.UNSPECIFIED.,.F.,.F.,.F.,(4,4),(2,2),(0.885696865343369,
1.),(0.,0.239999999999999),.UNSPECIFIED.);
#3855=B_SPLINE_SURFACE_WITH_KNOTS('',3,1,((#7640,#7641),(#7642,#7643),(#7644,
#7645),(#7646,#7647)),.UNSPECIFIED.,.F.,.F.,.F.,(4,4),(2,2),(0.,0.00561205021485525),
(0.,0.239999999999999),.UNSPECIFIED.);
#3856=B_SPLINE_SURFACE_WITH_KNOTS('',3,1,((#7659,#7660),(#7661,#7662),(#7663,
#7664),(#7665,#7666)),.UNSPECIFIED.,.F.,.F.,.F.,(4,4),(2,2),(0.990067373570253,
1.),(0.,0.239999999999999),.UNSPECIFIED.);
#3857=B_SPLINE_SURFACE_WITH_KNOTS('',3,1,((#7677,#7678),(#7679,#7680),(#7681,
#7682),(#7683,#7684)),.UNSPECIFIED.,.F.,.F.,.F.,(4,4),(2,2),(-0.0056122059215174,
0.),(0.,0.239999999999999),.UNSPECIFIED.);
#3858=B_SPLINE_SURFACE_WITH_KNOTS('',3,1,((#7693,#7694),(#7695,#7696),(#7697,
#7698),(#7699,#7700)),.UNSPECIFIED.,.F.,.F.,.F.,(4,4),(2,2),(-1.,-0.99006709385049),
(0.,0.239999999999999),.UNSPECIFIED.);
#3859=ADVANCED_FACE('',(#215),#3737,.F.);
#3860=ADVANCED_FACE('',(#216),#3738,.F.);
#3861=ADVANCED_FACE('',(#217),#3739,.F.);
#3862=ADVANCED_FACE('',(#218),#3740,.F.);
#3863=ADVANCED_FACE('',(#219),#3741,.F.);
#3864=ADVANCED_FACE('',(#220),#3742,.F.);
#3865=ADVANCED_FACE('',(#221),#3743,.F.);
#3866=ADVANCED_FACE('',(#222),#3744,.F.);
#3867=ADVANCED_FACE('',(#223,#47,#48,#49,#50,#51),#149,.T.);
#3868=ADVANCED_FACE('',(#224),#150,.T.);
#3869=ADVANCED_FACE('',(#225),#3745,.F.);
#3870=ADVANCED_FACE('',(#226),#3746,.F.);
#3871=ADVANCED_FACE('',(#227),#3747,.F.);
#3872=ADVANCED_FACE('',(#228),#3748,.F.);
#3873=ADVANCED_FACE('',(#229),#3749,.F.);
#3874=ADVANCED_FACE('',(#230),#3750,.F.);
#3875=ADVANCED_FACE('',(#231),#3751,.F.);
#3876=ADVANCED_FACE('',(#232),#3752,.F.);
#3877=ADVANCED_FACE('',(#233),#3753,.F.);
#3878=ADVANCED_FACE('',(#234),#3754,.F.);
#3879=ADVANCED_FACE('',(#235),#3755,.F.);
#3880=ADVANCED_FACE('',(#236),#3756,.F.);
#3881=ADVANCED_FACE('',(#237),#3757,.F.);
#3882=ADVANCED_FACE('',(#238),#3758,.F.);
#3883=ADVANCED_FACE('',(#239),#3759,.F.);
#3884=ADVANCED_FACE('',(#240),#3760,.F.);
#3885=ADVANCED_FACE('',(#241),#3761,.F.);
#3886=ADVANCED_FACE('',(#242),#3762,.F.);
#3887=ADVANCED_FACE('',(#243),#3763,.F.);
#3888=ADVANCED_FACE('',(#244),#3764,.F.);
#3889=ADVANCED_FACE('',(#245),#23,.T.);
#3890=ADVANCED_FACE('',(#246),#3765,.F.);
#3891=ADVANCED_FACE('',(#247),#3766,.F.);
#3892=ADVANCED_FACE('',(#248),#3767,.F.);
#3893=ADVANCED_FACE('',(#249),#3768,.F.);
#3894=ADVANCED_FACE('',(#250),#3769,.F.);
#3895=ADVANCED_FACE('',(#251),#3770,.F.);
#3896=ADVANCED_FACE('',(#252),#3771,.F.);
#3897=ADVANCED_FACE('',(#253),#3772,.F.);
#3898=ADVANCED_FACE('',(#254),#3773,.F.);
#3899=ADVANCED_FACE('',(#255),#3774,.F.);
#3900=ADVANCED_FACE('',(#256),#3775,.F.);
#3901=ADVANCED_FACE('',(#257),#3776,.F.);
#3902=ADVANCED_FACE('',(#258),#3777,.F.);
#3903=ADVANCED_FACE('',(#259),#3778,.F.);
#3904=ADVANCED_FACE('',(#260),#3779,.F.);
#3905=ADVANCED_FACE('',(#261),#3780,.F.);
#3906=ADVANCED_FACE('',(#262),#3781,.F.);
#3907=ADVANCED_FACE('',(#263),#3782,.F.);
#3908=ADVANCED_FACE('',(#264),#24,.T.);
#3909=ADVANCED_FACE('',(#265),#3783,.F.);
#3910=ADVANCED_FACE('',(#266),#3784,.F.);
#3911=ADVANCED_FACE('',(#267),#3785,.F.);
#3912=ADVANCED_FACE('',(#268),#3786,.F.);
#3913=ADVANCED_FACE('',(#269),#3787,.F.);
#3914=ADVANCED_FACE('',(#270),#3788,.F.);
#3915=ADVANCED_FACE('',(#271),#3789,.F.);
#3916=ADVANCED_FACE('',(#272),#3790,.F.);
#3917=ADVANCED_FACE('',(#273),#3791,.F.);
#3918=ADVANCED_FACE('',(#274),#3792,.F.);
#3919=ADVANCED_FACE('',(#275),#3793,.F.);
#3920=ADVANCED_FACE('',(#276),#3794,.F.);
#3921=ADVANCED_FACE('',(#277),#3795,.F.);
#3922=ADVANCED_FACE('',(#278),#3796,.F.);
#3923=ADVANCED_FACE('',(#279),#3797,.F.);
#3924=ADVANCED_FACE('',(#280),#3798,.F.);
#3925=ADVANCED_FACE('',(#281),#25,.T.);
#3926=ADVANCED_FACE('',(#282),#3799,.F.);
#3927=ADVANCED_FACE('',(#283),#3800,.F.);
#3928=ADVANCED_FACE('',(#284),#3801,.F.);
#3929=ADVANCED_FACE('',(#285),#3802,.F.);
#3930=ADVANCED_FACE('',(#286),#3803,.F.);
#3931=ADVANCED_FACE('',(#287),#3804,.F.);
#3932=ADVANCED_FACE('',(#288),#3805,.F.);
#3933=ADVANCED_FACE('',(#289),#3806,.F.);
#3934=ADVANCED_FACE('',(#290),#3807,.F.);
#3935=ADVANCED_FACE('',(#291),#3808,.F.);
#3936=ADVANCED_FACE('',(#292),#3809,.F.);
#3937=ADVANCED_FACE('',(#293),#3810,.F.);
#3938=ADVANCED_FACE('',(#294),#3811,.F.);
#3939=ADVANCED_FACE('',(#295),#3812,.F.);
#3940=ADVANCED_FACE('',(#296),#3813,.F.);
#3941=ADVANCED_FACE('',(#297),#3814,.F.);
#3942=ADVANCED_FACE('',(#298),#3815,.F.);
#3943=ADVANCED_FACE('',(#299),#26,.T.);
#3944=ADVANCED_FACE('',(#300),#3816,.F.);
#3945=ADVANCED_FACE('',(#301),#3817,.F.);
#3946=ADVANCED_FACE('',(#302),#3818,.F.);
#3947=ADVANCED_FACE('',(#303),#3819,.F.);
#3948=ADVANCED_FACE('',(#304),#3820,.F.);
#3949=ADVANCED_FACE('',(#305),#3821,.F.);
#3950=ADVANCED_FACE('',(#306),#3822,.F.);
#3951=ADVANCED_FACE('',(#307),#3823,.F.);
#3952=ADVANCED_FACE('',(#308),#3824,.F.);
#3953=ADVANCED_FACE('',(#309),#3825,.F.);
#3954=ADVANCED_FACE('',(#310),#3826,.F.);
#3955=ADVANCED_FACE('',(#311),#3827,.F.);
#3956=ADVANCED_FACE('',(#312),#3828,.F.);
#3957=ADVANCED_FACE('',(#313),#3829,.F.);
#3958=ADVANCED_FACE('',(#314),#3830,.F.);
#3959=ADVANCED_FACE('',(#315),#3831,.F.);
#3960=ADVANCED_FACE('',(#316),#3832,.F.);
#3961=ADVANCED_FACE('',(#317),#3833,.F.);
#3962=ADVANCED_FACE('',(#318),#3834,.F.);
#3963=ADVANCED_FACE('',(#319),#3835,.F.);
#3964=ADVANCED_FACE('',(#320),#3836,.F.);
#3965=ADVANCED_FACE('',(#321),#3837,.F.);
#3966=ADVANCED_FACE('',(#322),#3838,.F.);
#3967=ADVANCED_FACE('',(#323),#3839,.F.);
#3968=ADVANCED_FACE('',(#324),#3840,.F.);
#3969=ADVANCED_FACE('',(#325),#3841,.F.);
#3970=ADVANCED_FACE('',(#326),#3842,.F.);
#3971=ADVANCED_FACE('',(#327),#3843,.F.);
#3972=ADVANCED_FACE('',(#328),#3844,.F.);
#3973=ADVANCED_FACE('',(#329),#3845,.F.);
#3974=ADVANCED_FACE('',(#330),#3846,.F.);
#3975=ADVANCED_FACE('',(#331),#3847,.F.);
#3976=ADVANCED_FACE('',(#332),#3848,.F.);
#3977=ADVANCED_FACE('',(#333),#3849,.F.);
#3978=ADVANCED_FACE('',(#334),#3850,.F.);
#3979=ADVANCED_FACE('',(#335),#3851,.F.);
#3980=ADVANCED_FACE('',(#336),#3852,.F.);
#3981=ADVANCED_FACE('',(#337),#3853,.F.);
#3982=ADVANCED_FACE('',(#338),#3854,.F.);
#3983=ADVANCED_FACE('',(#339),#27,.T.);
#3984=ADVANCED_FACE('',(#340),#151,.F.);
#3985=ADVANCED_FACE('',(#341),#152,.F.);
#3986=ADVANCED_FACE('',(#342),#153,.F.);
#3987=ADVANCED_FACE('',(#343),#154,.F.);
#3988=ADVANCED_FACE('',(#344),#28,.F.);
#3989=ADVANCED_FACE('',(#345),#155,.F.);
#3990=ADVANCED_FACE('',(#346),#156,.F.);
#3991=ADVANCED_FACE('',(#347),#157,.F.);
#3992=ADVANCED_FACE('',(#348),#158,.F.);
#3993=ADVANCED_FACE('',(#349),#159,.F.);
#3994=ADVANCED_FACE('',(#350),#160,.T.);
#3995=ADVANCED_FACE('',(#351),#29,.F.);
#3996=ADVANCED_FACE('',(#352),#161,.F.);
#3997=ADVANCED_FACE('',(#353),#162,.F.);
#3998=ADVANCED_FACE('',(#354),#163,.F.);
#3999=ADVANCED_FACE('',(#355),#30,.F.);
#4000=ADVANCED_FACE('',(#356),#31,.F.);
#4001=ADVANCED_FACE('',(#357),#164,.F.);
#4002=ADVANCED_FACE('',(#358),#32,.F.);
#4003=ADVANCED_FACE('',(#359),#165,.F.);
#4004=ADVANCED_FACE('',(#360),#33,.T.);
#4005=ADVANCED_FACE('',(#361),#34,.F.);
#4006=ADVANCED_FACE('',(#362),#166,.F.);
#4007=ADVANCED_FACE('',(#363),#167,.F.);
#4008=ADVANCED_FACE('',(#364),#168,.F.);
#4009=ADVANCED_FACE('',(#365),#169,.F.);
#4010=ADVANCED_FACE('',(#366),#170,.F.);
#4011=ADVANCED_FACE('',(#367),#171,.F.);
#4012=ADVANCED_FACE('',(#368),#172,.F.);
#4013=ADVANCED_FACE('',(#369),#173,.F.);
#4014=ADVANCED_FACE('',(#370),#174,.F.);
#4015=ADVANCED_FACE('',(#371),#175,.F.);
#4016=ADVANCED_FACE('',(#372),#176,.F.);
#4017=ADVANCED_FACE('',(#373),#177,.F.);
#4018=ADVANCED_FACE('',(#374),#178,.F.);
#4019=ADVANCED_FACE('',(#375),#179,.F.);
#4020=ADVANCED_FACE('',(#376),#180,.F.);
#4021=ADVANCED_FACE('',(#377),#181,.F.);
#4022=ADVANCED_FACE('',(#378),#182,.F.);
#4023=ADVANCED_FACE('',(#379),#183,.F.);
#4024=ADVANCED_FACE('',(#380),#184,.F.);
#4025=ADVANCED_FACE('',(#381),#185,.F.);
#4026=ADVANCED_FACE('',(#382),#186,.F.);
#4027=ADVANCED_FACE('',(#383),#187,.F.);
#4028=ADVANCED_FACE('',(#384),#188,.F.);
#4029=ADVANCED_FACE('',(#385),#189,.F.);
#4030=ADVANCED_FACE('',(#386),#190,.F.);
#4031=ADVANCED_FACE('',(#387),#191,.F.);
#4032=ADVANCED_FACE('',(#388),#192,.F.);
#4033=ADVANCED_FACE('',(#389),#193,.F.);
#4034=ADVANCED_FACE('',(#390),#194,.F.);
#4035=ADVANCED_FACE('',(#391),#195,.F.);
#4036=ADVANCED_FACE('',(#392),#196,.F.);
#4037=ADVANCED_FACE('',(#393),#197,.F.);
#4038=ADVANCED_FACE('',(#394,#52,#53,#54,#55,#56,#57),#198,.T.);
#4039=ADVANCED_FACE('',(#395),#199,.T.);
#4040=ADVANCED_FACE('',(#396),#200,.F.);
#4041=ADVANCED_FACE('',(#397),#201,.F.);
#4042=ADVANCED_FACE('',(#398),#202,.F.);
#4043=ADVANCED_FACE('',(#399),#203,.F.);
#4044=ADVANCED_FACE('',(#400),#35,.F.);
#4045=ADVANCED_FACE('',(#401,#58),#204,.T.);
#4046=ADVANCED_FACE('',(#402),#36,.F.);
#4047=ADVANCED_FACE('',(#403,#59),#205,.T.);
#4048=ADVANCED_FACE('',(#404),#37,.F.);
#4049=ADVANCED_FACE('',(#405,#60),#206,.T.);
#4050=ADVANCED_FACE('',(#406),#38,.F.);
#4051=ADVANCED_FACE('',(#407,#61),#207,.T.);
#4052=ADVANCED_FACE('',(#408),#39,.F.);
#4053=ADVANCED_FACE('',(#409),#40,.F.);
#4054=ADVANCED_FACE('',(#410),#41,.F.);
#4055=ADVANCED_FACE('',(#411),#42,.F.);
#4056=ADVANCED_FACE('',(#412),#43,.T.);
#4057=ADVANCED_FACE('',(#413),#44,.F.);
#4058=ADVANCED_FACE('',(#414),#45,.T.);
#4059=ADVANCED_FACE('',(#415),#46,.F.);
#4060=ADVANCED_FACE('',(#416),#208,.T.);
#4061=ADVANCED_FACE('',(#417),#209,.T.);
#4062=ADVANCED_FACE('',(#418),#210,.F.);
#4063=ADVANCED_FACE('',(#419),#211,.F.);
#4064=ADVANCED_FACE('',(#420),#212,.F.);
#4065=ADVANCED_FACE('',(#421),#3855,.F.);
#4066=ADVANCED_FACE('',(#422),#3856,.F.);
#4067=ADVANCED_FACE('',(#423),#213,.F.);
#4068=ADVANCED_FACE('',(#424),#214,.F.);
#4069=ADVANCED_FACE('',(#425),#3857,.F.);
#4070=ADVANCED_FACE('',(#426),#3858,.F.);
#4071=CLOSED_SHELL('',(#3859,#3860,#3861,#3862,#3863,#3864,#3865,#3866,
#3867,#3868,#3869,#3870,#3871,#3872,#3873,#3874,#3875,#3876,#3877,#3878,
#3879,#3880,#3881,#3882,#3883,#3884,#3885,#3886,#3887,#3888,#3889,#3890,
#3891,#3892,#3893,#3894,#3895,#3896,#3897,#3898,#3899,#3900,#3901,#3902,
#3903,#3904,#3905,#3906,#3907,#3908,#3909,#3910,#3911,#3912,#3913,#3914,
#3915,#3916,#3917,#3918,#3919,#3920,#3921,#3922,#3923,#3924,#3925,#3926,
#3927,#3928,#3929,#3930,#3931,#3932,#3933,#3934,#3935,#3936,#3937,#3938,
#3939,#3940,#3941,#3942,#3943,#3944,#3945,#3946,#3947,#3948,#3949,#3950,
#3951,#3952,#3953,#3954,#3955,#3956,#3957,#3958,#3959,#3960,#3961,#3962,
#3963,#3964,#3965,#3966,#3967,#3968,#3969,#3970,#3971,#3972,#3973,#3974,
#3975,#3976,#3977,#3978,#3979,#3980,#3981,#3982,#3983,#3984,#3985,#3986,
#3987,#3988,#3989,#3990,#3991,#3992,#3993,#3994,#3995,#3996,#3997,#3998,
#3999,#4000,#4001,#4002,#4003,#4004,#4005,#4006,#4007,#4008,#4009,#4010,
#4011,#4012,#4013,#4014,#4015,#4016,#4017,#4018,#4019,#4020,#4021,#4022,
#4023,#4024,#4025,#4026,#4027,#4028,#4029,#4030,#4031,#4032,#4033,#4034,
#4035,#4036,#4037,#4038,#4039,#4040,#4041,#4042,#4043,#4044,#4045,#4046,
#4047,#4048,#4049,#4050,#4051,#4052,#4053,#4054,#4055,#4056,#4057,#4058,
#4059,#4060,#4061,#4062,#4063,#4064));
#4072=CLOSED_SHELL('',(#4065,#4066,#4067));
#4073=CLOSED_SHELL('',(#4068,#4069,#4070));
#4074=DERIVED_UNIT_ELEMENT(#4076,1.);
#4075=DERIVED_UNIT_ELEMENT(#7709,-3.);
#4076=(
MASS_UNIT()
NAMED_UNIT(*)
SI_UNIT(.KILO.,.GRAM.)
);
#4077=DERIVED_UNIT((#4074,#4075));
#4078=MEASURE_REPRESENTATION_ITEM('density measure',
POSITIVE_RATIO_MEASURE(7850.),#4077);
#4079=PROPERTY_DEFINITION_REPRESENTATION(#4084,#4081);
#4080=PROPERTY_DEFINITION_REPRESENTATION(#4085,#4082);
#4081=REPRESENTATION('material name',(#4083),#7706);
#4082=REPRESENTATION('density',(#4078),#7706);
#4083=DESCRIPTIVE_REPRESENTATION_ITEM('Steel','Steel');
#4084=PROPERTY_DEFINITION('material property','material name',#7721);
#4085=PROPERTY_DEFINITION('material property','density of part',#7721);
#4086=AXIS2_PLACEMENT_3D('',#4924,#4266,#4267);
#4087=AXIS2_PLACEMENT_3D('',#4925,#4268,#4269);
#4088=AXIS2_PLACEMENT_3D('',#5099,#4285,#4286);
#4089=AXIS2_PLACEMENT_3D('',#5103,#4288,#4289);
#4090=AXIS2_PLACEMENT_3D('',#5105,#4290,#4291);
#4091=AXIS2_PLACEMENT_3D('',#5145,#4296,#4297);
#4092=AXIS2_PLACEMENT_3D('',#5157,#4298,#4299);
#4093=AXIS2_PLACEMENT_3D('',#5199,#4300,#4301);
#4094=AXIS2_PLACEMENT_3D('',#5201,#4302,#4303);
#4095=AXIS2_PLACEMENT_3D('',#5248,#4304,#4305);
#4096=AXIS2_PLACEMENT_3D('',#5265,#4306,#4307);
#4097=AXIS2_PLACEMENT_3D('',#5286,#4310,#4311);
#4098=AXIS2_PLACEMENT_3D('',#5288,#4312,#4313);
#4099=AXIS2_PLACEMENT_3D('',#5305,#4314,#4315);
#4100=AXIS2_PLACEMENT_3D('',#5348,#4319,#4320);
#4101=AXIS2_PLACEMENT_3D('',#5395,#4321,#4322);
#4102=AXIS2_PLACEMENT_3D('',#5442,#4323,#4324);
#4103=AXIS2_PLACEMENT_3D('',#5454,#4325,#4326);
#4104=AXIS2_PLACEMENT_3D('',#5482,#4334,#4335);
#4105=AXIS2_PLACEMENT_3D('',#5504,#4336,#4337);
#4106=AXIS2_PLACEMENT_3D('',#5508,#4339,#4340);
#4107=AXIS2_PLACEMENT_3D('',#5520,#4341,#4342);
#4108=AXIS2_PLACEMENT_3D('',#5526,#4345,#4346);
#4109=AXIS2_PLACEMENT_3D('',#5539,#4350,#4351);
#4110=AXIS2_PLACEMENT_3D('',#5541,#4352,#4353);
#4111=AXIS2_PLACEMENT_3D('',#5567,#4354,#4355);
#4112=AXIS2_PLACEMENT_3D('',#5603,#4356,#4357);
#4113=AXIS2_PLACEMENT_3D('',#5610,#4358,#4359);
#4114=AXIS2_PLACEMENT_3D('',#5621,#4365,#4366);
#4115=AXIS2_PLACEMENT_3D('',#5638,#4367,#4368);
#4116=AXIS2_PLACEMENT_3D('',#5675,#4369,#4370);
#4117=AXIS2_PLACEMENT_3D('',#5711,#4377,#4378);
#4118=AXIS2_PLACEMENT_3D('',#5728,#4379,#4380);
#4119=AXIS2_PLACEMENT_3D('',#5730,#4381,#4382);
#4120=AXIS2_PLACEMENT_3D('',#5746,#4383,#4384);
#4121=AXIS2_PLACEMENT_3D('',#5768,#4389,#4390);
#4122=AXIS2_PLACEMENT_3D('',#5781,#4393,#4394);
#4123=AXIS2_PLACEMENT_3D('',#6040,#4416,#4417);
#4124=AXIS2_PLACEMENT_3D('',#6043,#4419,#4420);
#4125=AXIS2_PLACEMENT_3D('',#6298,#4440,#4441);
#4126=AXIS2_PLACEMENT_3D('',#6301,#4443,#4444);
#4127=AXIS2_PLACEMENT_3D('',#6536,#4466,#4467);
#4128=AXIS2_PLACEMENT_3D('',#6539,#4469,#4470);
#4129=AXIS2_PLACEMENT_3D('',#6780,#4489,#4490);
#4130=AXIS2_PLACEMENT_3D('',#6783,#4492,#4493);
#4131=AXIS2_PLACEMENT_3D('',#6910,#4505,#4506);
#4132=AXIS2_PLACEMENT_3D('',#7093,#4522,#4523);
#4133=AXIS2_PLACEMENT_3D('',#7330,#4545,#4546);
#4134=AXIS2_PLACEMENT_3D('',#7331,#4547,#4548);
#4135=AXIS2_PLACEMENT_3D('',#7333,#4549,#4550);
#4136=AXIS2_PLACEMENT_3D('',#7337,#4552,#4553);
#4137=AXIS2_PLACEMENT_3D('',#7339,#4555,#4556);
#4138=AXIS2_PLACEMENT_3D('',#7347,#4561,#4562);
#4139=AXIS2_PLACEMENT_3D('',#7351,#4565,#4566);
#4140=AXIS2_PLACEMENT_3D('',#7355,#4569,#4570);
#4141=AXIS2_PLACEMENT_3D('',#7358,#4573,#4574);
#4142=AXIS2_PLACEMENT_3D('',#7359,#4575,#4576);
#4143=AXIS2_PLACEMENT_3D('',#7362,#4578,#4579);
#4144=AXIS2_PLACEMENT_3D('',#7363,#4580,#4581);
#4145=AXIS2_PLACEMENT_3D('',#7364,#4582,#4583);
#4146=AXIS2_PLACEMENT_3D('',#7369,#4587,#4588);
#4147=AXIS2_PLACEMENT_3D('',#7375,#4592,#4593);
#4148=AXIS2_PLACEMENT_3D('',#7380,#4597,#4598);
#4149=AXIS2_PLACEMENT_3D('',#7386,#4602,#4603);
#4150=AXIS2_PLACEMENT_3D('',#7391,#4607,#4608);
#4151=AXIS2_PLACEMENT_3D('',#7395,#4611,#4612);
#4152=AXIS2_PLACEMENT_3D('',#7396,#4613,#4614);
#4153=AXIS2_PLACEMENT_3D('',#7398,#4615,#4616);
#4154=AXIS2_PLACEMENT_3D('',#7401,#4618,#4619);
#4155=AXIS2_PLACEMENT_3D('',#7402,#4620,#4621);
#4156=AXIS2_PLACEMENT_3D('',#7410,#4626,#4627);
#4157=AXIS2_PLACEMENT_3D('',#7416,#4631,#4632);
#4158=AXIS2_PLACEMENT_3D('',#7420,#4635,#4636);
#4159=AXIS2_PLACEMENT_3D('',#7422,#4637,#4638);
#4160=AXIS2_PLACEMENT_3D('',#7426,#4640,#4641);
#4161=AXIS2_PLACEMENT_3D('',#7428,#4643,#4644);
#4162=AXIS2_PLACEMENT_3D('',#7429,#4645,#4646);
#4163=AXIS2_PLACEMENT_3D('',#7431,#4647,#4648);
#4164=AXIS2_PLACEMENT_3D('',#7434,#4650,#4651);
#4165=AXIS2_PLACEMENT_3D('',#7435,#4652,#4653);
#4166=AXIS2_PLACEMENT_3D('',#7442,#4658,#4659);
#4167=AXIS2_PLACEMENT_3D('',#7444,#4660,#4661);
#4168=AXIS2_PLACEMENT_3D('',#7448,#4663,#4664);
#4169=AXIS2_PLACEMENT_3D('',#7451,#4666,#4667);
#4170=AXIS2_PLACEMENT_3D('',#7452,#4668,#4669);
#4171=AXIS2_PLACEMENT_3D('',#7460,#4674,#4675);
#4172=AXIS2_PLACEMENT_3D('',#7463,#4677,#4678);
#4173=AXIS2_PLACEMENT_3D('',#7464,#4679,#4680);
#4174=AXIS2_PLACEMENT_3D('',#7465,#4681,#4682);
#4175=AXIS2_PLACEMENT_3D('',#7467,#4683,#4684);
#4176=AXIS2_PLACEMENT_3D('',#7470,#4686,#4687);
#4177=AXIS2_PLACEMENT_3D('',#7471,#4688,#4689);
#4178=AXIS2_PLACEMENT_3D('',#7476,#4693,#4694);
#4179=AXIS2_PLACEMENT_3D('',#7480,#4697,#4698);
#4180=AXIS2_PLACEMENT_3D('',#7486,#4702,#4703);
#4181=AXIS2_PLACEMENT_3D('',#7491,#4707,#4708);
#4182=AXIS2_PLACEMENT_3D('',#7497,#4712,#4713);
#4183=AXIS2_PLACEMENT_3D('',#7498,#4714,#4715);
#4184=AXIS2_PLACEMENT_3D('',#7499,#4716,#4717);
#4185=AXIS2_PLACEMENT_3D('',#7500,#4718,#4719);
#4186=AXIS2_PLACEMENT_3D('',#7502,#4721,#4722);
#4187=AXIS2_PLACEMENT_3D('',#7503,#4723,#4724);
#4188=AXIS2_PLACEMENT_3D('',#7504,#4725,#4726);
#4189=AXIS2_PLACEMENT_3D('',#7507,#4728,#4729);
#4190=AXIS2_PLACEMENT_3D('',#7508,#4730,#4731);
#4191=AXIS2_PLACEMENT_3D('',#7510,#4733,#4734);
#4192=AXIS2_PLACEMENT_3D('',#7512,#4736,#4737);
#4193=AXIS2_PLACEMENT_3D('',#7513,#4738,#4739);
#4194=AXIS2_PLACEMENT_3D('',#7514,#4740,#4741);
#4195=AXIS2_PLACEMENT_3D('',#7515,#4742,#4743);
#4196=AXIS2_PLACEMENT_3D('',#7516,#4744,#4745);
#4197=AXIS2_PLACEMENT_3D('',#7518,#4747,#4748);
#4198=AXIS2_PLACEMENT_3D('',#7522,#4751,#4752);
#4199=AXIS2_PLACEMENT_3D('',#7524,#4753,#4754);
#4200=AXIS2_PLACEMENT_3D('',#7525,#4755,#4756);
#4201=AXIS2_PLACEMENT_3D('',#7526,#4757,#4758);
#4202=AXIS2_PLACEMENT_3D('',#7527,#4759,#4760);
#4203=AXIS2_PLACEMENT_3D('',#7528,#4761,#4762);
#4204=AXIS2_PLACEMENT_3D('',#7529,#4763,#4764);
#4205=AXIS2_PLACEMENT_3D('',#7530,#4765,#4766);
#4206=AXIS2_PLACEMENT_3D('',#7531,#4767,#4768);
#4207=AXIS2_PLACEMENT_3D('',#7532,#4769,#4770);
#4208=AXIS2_PLACEMENT_3D('',#7536,#4773,#4774);
#4209=AXIS2_PLACEMENT_3D('',#7537,#4775,#4776);
#4210=AXIS2_PLACEMENT_3D('',#7538,#4777,#4778);
#4211=AXIS2_PLACEMENT_3D('',#7540,#4780,#4781);
#4212=AXIS2_PLACEMENT_3D('',#7541,#4782,#4783);
#4213=AXIS2_PLACEMENT_3D('',#7542,#4784,#4785);
#4214=AXIS2_PLACEMENT_3D('',#7543,#4786,#4787);
#4215=AXIS2_PLACEMENT_3D('',#7545,#4789,#4790);
#4216=AXIS2_PLACEMENT_3D('',#7547,#4792,#4793);
#4217=AXIS2_PLACEMENT_3D('',#7551,#4796,#4797);
#4218=AXIS2_PLACEMENT_3D('',#7552,#4798,#4799);
#4219=AXIS2_PLACEMENT_3D('',#7556,#4801,#4802);
#4220=AXIS2_PLACEMENT_3D('',#7563,#4807,#4808);
#4221=AXIS2_PLACEMENT_3D('',#7564,#4809,#4810);
#4222=AXIS2_PLACEMENT_3D('',#7567,#4812,#4813);
#4223=AXIS2_PLACEMENT_3D('',#7569,#4814,#4815);
#4224=AXIS2_PLACEMENT_3D('',#7571,#4816,#4817);
#4225=AXIS2_PLACEMENT_3D('',#7573,#4818,#4819);
#4226=AXIS2_PLACEMENT_3D('',#7582,#4824,#4825);
#4227=AXIS2_PLACEMENT_3D('',#7583,#4826,#4827);
#4228=AXIS2_PLACEMENT_3D('',#7586,#4830,#4831);
#4229=AXIS2_PLACEMENT_3D('',#7588,#4833,#4834);
#4230=AXIS2_PLACEMENT_3D('',#7590,#4836,#4837);
#4231=AXIS2_PLACEMENT_3D('',#7591,#4838,#4839);
#4232=AXIS2_PLACEMENT_3D('',#7594,#4841,#4842);
#4233=AXIS2_PLACEMENT_3D('',#7595,#4843,#4844);
#4234=AXIS2_PLACEMENT_3D('',#7597,#4845,#4846);
#4235=AXIS2_PLACEMENT_3D('',#7598,#4847,#4848);
#4236=AXIS2_PLACEMENT_3D('',#7601,#4850,#4851);
#4237=AXIS2_PLACEMENT_3D('',#7602,#4852,#4853);
#4238=AXIS2_PLACEMENT_3D('',#7604,#4854,#4855);
#4239=AXIS2_PLACEMENT_3D('',#7605,#4856,#4857);
#4240=AXIS2_PLACEMENT_3D('',#7608,#4859,#4860);
#4241=AXIS2_PLACEMENT_3D('',#7609,#4861,#4862);
#4242=AXIS2_PLACEMENT_3D('',#7611,#4863,#4864);
#4243=AXIS2_PLACEMENT_3D('',#7612,#4865,#4866);
#4244=AXIS2_PLACEMENT_3D('',#7615,#4868,#4869);
#4245=AXIS2_PLACEMENT_3D('',#7616,#4870,#4871);
#4246=AXIS2_PLACEMENT_3D('',#7618,#4872,#4873);
#4247=AXIS2_PLACEMENT_3D('',#7619,#4874,#4875);
#4248=AXIS2_PLACEMENT_3D('',#7621,#4877,#4878);
#4249=AXIS2_PLACEMENT_3D('',#7623,#4880,#4881);
#4250=AXIS2_PLACEMENT_3D('',#7625,#4883,#4884);
#4251=AXIS2_PLACEMENT_3D('',#7627,#4886,#4887);
#4252=AXIS2_PLACEMENT_3D('',#7628,#4888,#4889);
#4253=AXIS2_PLACEMENT_3D('',#7630,#4891,#4892);
#4254=AXIS2_PLACEMENT_3D('',#7631,#4893,#4894);
#4255=AXIS2_PLACEMENT_3D('',#7634,#4897,#4898);
#4256=AXIS2_PLACEMENT_3D('',#7635,#4899,#4900);
#4257=AXIS2_PLACEMENT_3D('',#7636,#4901,#4902);
#4258=AXIS2_PLACEMENT_3D('',#7638,#4904,#4905);
#4259=AXIS2_PLACEMENT_3D('',#7639,#4906,#4907);
#4260=AXIS2_PLACEMENT_3D('',#7650,#4908,#4909);
#4261=AXIS2_PLACEMENT_3D('',#7667,#4912,#4913);
#4262=AXIS2_PLACEMENT_3D('',#7668,#4914,#4915);
#4263=AXIS2_PLACEMENT_3D('',#7669,#4916,#4917);
#4264=AXIS2_PLACEMENT_3D('',#7672,#4918,#4919);
#4265=AXIS2_PLACEMENT_3D('',#7701,#4922,#4923);
#4266=DIRECTION('axis',(0.,0.,1.));
#4267=DIRECTION('refdir',(1.,0.,0.));
#4268=DIRECTION('axis',(0.,0.,1.));
#4269=DIRECTION('refdir',(1.,0.,0.));
#4270=DIRECTION('',(0.,0.,-1.));
#4271=DIRECTION('',(0.,0.,-1.));
#4272=DIRECTION('',(0.,0.,-1.));
#4273=DIRECTION('',(0.,0.,-1.));
#4274=DIRECTION('',(0.,0.,-1.));
#4275=DIRECTION('',(0.,0.,-1.));
#4276=DIRECTION('',(0.,0.,-1.));
#4277=DIRECTION('',(0.,0.,1.));
#4278=DIRECTION('',(0.,0.,1.));
#4279=DIRECTION('',(0.,0.,-1.));
#4280=DIRECTION('',(0.,0.,1.));
#4281=DIRECTION('',(0.,0.,-1.));
#4282=DIRECTION('',(0.,0.,-1.));
#4283=DIRECTION('',(0.,0.,-1.));
#4284=DIRECTION('',(0.,0.,-1.));
#4285=DIRECTION('center_axis',(0.,0.,-1.));
#4286=DIRECTION('ref_axis',(1.,0.,0.));
#4287=DIRECTION('',(-0.745521964111648,-0.666481058265807,0.));
#4288=DIRECTION('center_axis',(0.,0.,-1.));
#4289=DIRECTION('ref_axis',(-0.745521964111651,-0.666481058265804,0.));
#4290=DIRECTION('center_axis',(0.,0.,-1.));
#4291=DIRECTION('ref_axis',(0.999984702240229,0.00553130052705503,0.));
#4292=DIRECTION('',(-1.,0.,0.));
#4293=DIRECTION('',(0.,-1.,0.));
#4294=DIRECTION('',(1.,0.,0.));
#4295=DIRECTION('',(0.,1.,0.));
#4296=DIRECTION('center_axis',(0.,0.,-1.));
#4297=DIRECTION('ref_axis',(-0.745521964111651,-0.666481058265804,0.));
#4298=DIRECTION('center_axis',(0.,0.,-1.));
#4299=DIRECTION('ref_axis',(-0.872025914418077,-0.48945970680263,0.));
#4300=DIRECTION('center_axis',(0.,0.,1.));
#4301=DIRECTION('ref_axis',(-1.,0.,0.));
#4302=DIRECTION('center_axis',(0.,0.,-1.));
#4303=DIRECTION('ref_axis',(-0.703703703703704,-0.710493559009291,0.));
#4304=DIRECTION('center_axis',(0.,0.,-1.));
#4305=DIRECTION('ref_axis',(-0.489459706802439,-0.872025914418185,0.));
#4306=DIRECTION('center_axis',(0.,0.,-1.));
#4307=DIRECTION('ref_axis',(-0.703703703703704,-0.710493559009291,0.));
#4308=DIRECTION('',(0.,1.,0.));
#4309=DIRECTION('',(-1.,0.,0.));
#4310=DIRECTION('center_axis',(0.,0.,-1.));
#4311=DIRECTION('ref_axis',(1.,0.,0.));
#4312=DIRECTION('center_axis',(0.,0.,-1.));
#4313=DIRECTION('ref_axis',(1.,0.,0.));
#4314=DIRECTION('center_axis',(0.,0.,-1.));
#4315=DIRECTION('ref_axis',(1.,0.,0.));
#4316=DIRECTION('',(0.,-1.,0.));
#4317=DIRECTION('',(1.,0.,0.));
#4318=DIRECTION('',(0.,1.,0.));
#4319=DIRECTION('center_axis',(0.,0.,1.));
#4320=DIRECTION('ref_axis',(0.489459706802521,-0.872025914418138,0.));
#4321=DIRECTION('center_axis',(0.,0.,-1.));
#4322=DIRECTION('ref_axis',(-0.703703703703704,-0.710493559009291,0.));
#4323=DIRECTION('center_axis',(0.,0.,1.));
#4324=DIRECTION('ref_axis',(0.89277667044493,-0.450499519099927,0.));
#4325=DIRECTION('center_axis',(0.,0.,-1.));
#4326=DIRECTION('ref_axis',(-0.624654598939344,-0.780901166617087,0.));
#4327=DIRECTION('',(-0.745521964111648,0.666481058265807,0.));
#4328=DIRECTION('',(-0.745521964111648,0.666481058265807,0.));
#4329=DIRECTION('',(-0.288965776456359,-0.95733942780864,0.));
#4330=DIRECTION('',(-0.745521964111649,0.666481058265807,0.));
#4331=DIRECTION('',(0.919108169581103,0.394005295153852,0.));
#4332=DIRECTION('',(-0.745521964111652,0.666481058265803,0.));
#4333=DIRECTION('',(0.666481058265804,0.745521964111651,0.));
#4334=DIRECTION('center_axis',(0.,0.,1.));
#4335=DIRECTION('ref_axis',(-0.553519985544579,0.832835893560507,0.));
#4336=DIRECTION('center_axis',(0.,0.,-1.));
#4337=DIRECTION('ref_axis',(-0.745521964111649,0.666481058265807,0.));
#4338=DIRECTION('',(-0.6664810582658,0.745521964111655,0.));
#4339=DIRECTION('center_axis',(0.,0.,1.));
#4340=DIRECTION('ref_axis',(0.834731417744798,0.550657298353304,0.));
#4341=DIRECTION('center_axis',(0.,0.,1.));
#4342=DIRECTION('ref_axis',(0.928862906917637,0.370423676554992,0.));
#4343=DIRECTION('',(0.745521964111652,0.666481058265803,0.));
#4344=DIRECTION('',(-0.919108169581103,0.394005295153853,0.));
#4345=DIRECTION('center_axis',(0.,0.,1.));
#4346=DIRECTION('ref_axis',(0.951366155462156,0.308062393422432,0.));
#4347=DIRECTION('',(0.745521964111649,0.666481058265807,0.));
#4348=DIRECTION('',(0.288965776456359,-0.95733942780864,0.));
#4349=DIRECTION('',(0.745521964111648,0.666481058265807,0.));
#4350=DIRECTION('center_axis',(0.,0.,-1.));
#4351=DIRECTION('ref_axis',(0.745521964111651,0.666481058265804,0.));
#4352=DIRECTION('center_axis',(0.,0.,1.));
#4353=DIRECTION('ref_axis',(-1.,0.,0.));
#4354=DIRECTION('center_axis',(0.,0.,-1.));
#4355=DIRECTION('ref_axis',(0.703703703703703,0.710493559009292,0.));
#4356=DIRECTION('center_axis',(0.,0.,-1.));
#4357=DIRECTION('ref_axis',(0.624654598939342,0.780901166617089,0.));
#4358=DIRECTION('center_axis',(0.,0.,-1.));
#4359=DIRECTION('ref_axis',(0.624654598939342,0.780901166617089,0.));
#4360=DIRECTION('',(0.745521964111648,-0.666481058265807,0.));
#4361=DIRECTION('',(0.288965776456358,0.95733942780864,0.));
#4362=DIRECTION('',(0.745521964111649,-0.666481058265806,0.));
#4363=DIRECTION('',(-0.919108169581102,-0.394005295153854,0.));
#4364=DIRECTION('',(0.745521964111652,-0.666481058265803,0.));
#4365=DIRECTION('center_axis',(0.,0.,-1.));
#4366=DIRECTION('ref_axis',(0.925258637541365,-0.379336860396003,0.));
#4367=DIRECTION('center_axis',(0.,0.,-1.));
#4368=DIRECTION('ref_axis',(0.745521964111651,-0.666481058265804,0.));
#4369=DIRECTION('center_axis',(0.,0.,-1.));
#4370=DIRECTION('ref_axis',(0.745521964111651,-0.666481058265804,0.));
#4371=DIRECTION('',(0.6664810582658,-0.745521964111655,0.));
#4372=DIRECTION('',(-0.745521964111652,-0.666481058265803,0.));
#4373=DIRECTION('',(0.919108169581105,-0.394005295153849,0.));
#4374=DIRECTION('',(-0.745521964111649,-0.666481058265807,0.));
#4375=DIRECTION('',(-0.28896577645636,0.957339427808639,0.));
#4376=DIRECTION('',(-0.745521964111648,-0.666481058265807,0.));
#4377=DIRECTION('center_axis',(0.,0.,-1.));
#4378=DIRECTION('ref_axis',(1.,0.,0.));
#4379=DIRECTION('center_axis',(0.,0.,-1.));
#4380=DIRECTION('ref_axis',(1.,0.,0.));
#4381=DIRECTION('center_axis',(0.,0.,-1.));
#4382=DIRECTION('ref_axis',(1.,0.,0.));
#4383=DIRECTION('center_axis',(0.,0.,-1.));
#4384=DIRECTION('ref_axis',(1.,0.,0.));
#4385=DIRECTION('',(-0.745521964111649,0.666481058265807,0.));
#4386=DIRECTION('',(-0.288965776456359,-0.95733942780864,0.));
#4387=DIRECTION('',(0.,0.,-1.));
#4388=DIRECTION('',(0.,0.,-1.));
#4389=DIRECTION('center_axis',(0.,0.,-1.));
#4390=DIRECTION('ref_axis',(0.928888819300921,0.370358692861043,0.));
#4391=DIRECTION('',(0.,0.,-1.));
#4392=DIRECTION('',(0.,0.,1.));
#4393=DIRECTION('center_axis',(0.,0.,-1.));
#4394=DIRECTION('ref_axis',(0.951366154674538,0.308062395854774,0.));
#4395=DIRECTION('',(0.,0.,-1.));
#4396=DIRECTION('',(0.,0.,-1.));
#4397=DIRECTION('',(0.,0.,-1.));
#4398=DIRECTION('',(0.,0.,-1.));
#4399=DIRECTION('',(0.,0.,-1.));
#4400=DIRECTION('',(0.,0.,-1.));
#4401=DIRECTION('',(0.,0.,-1.));
#4402=DIRECTION('',(0.,0.,1.));
#4403=DIRECTION('',(0.,0.,-1.));
#4404=DIRECTION('',(0.,0.,-1.));
#4405=DIRECTION('',(0.,0.,-1.));
#4406=DIRECTION('',(0.,0.,-1.));
#4407=DIRECTION('',(0.,0.,-1.));
#4408=DIRECTION('',(0.,0.,-1.));
#4409=DIRECTION('',(0.,0.,1.));
#4410=DIRECTION('',(0.,0.,1.));
#4411=DIRECTION('',(0.,0.,1.));
#4412=DIRECTION('',(0.,0.,-1.));
#4413=DIRECTION('',(0.,0.,-1.));
#4414=DIRECTION('',(0.,0.,-1.));
#4415=DIRECTION('',(0.,0.,-1.));
#4416=DIRECTION('center_axis',(0.,0.,-1.));
#4417=DIRECTION('ref_axis',(0.872015473967442,-0.489478307140713,0.));
#4418=DIRECTION('',(0.,0.,-1.));
#4419=DIRECTION('center_axis',(0.,0.,-1.));
#4420=DIRECTION('ref_axis',(0.849618422595078,-0.52739789152693,0.));
#4421=DIRECTION('',(0.,0.,-1.));
#4422=DIRECTION('',(0.,0.,-1.));
#4423=DIRECTION('',(0.,0.,-1.));
#4424=DIRECTION('',(0.,0.,-1.));
#4425=DIRECTION('',(0.,0.,-1.));
#4426=DIRECTION('',(0.,0.,-1.));
#4427=DIRECTION('',(0.,0.,-1.));
#4428=DIRECTION('',(0.,0.,-1.));
#4429=DIRECTION('',(0.,0.,1.));
#4430=DIRECTION('',(0.,0.,-1.));
#4431=DIRECTION('',(0.,0.,-1.));
#4432=DIRECTION('',(0.,0.,-1.));
#4433=DIRECTION('',(0.,0.,-1.));
#4434=DIRECTION('',(0.,0.,-1.));
#4435=DIRECTION('',(0.,0.,-1.));
#4436=DIRECTION('',(0.,0.,-1.));
#4437=DIRECTION('',(0.,0.,-1.));
#4438=DIRECTION('',(0.,0.,-1.));
#4439=DIRECTION('',(0.,0.,-1.));
#4440=DIRECTION('center_axis',(0.,0.,-1.));
#4441=DIRECTION('ref_axis',(0.489459706802521,-0.872025914418138,0.));
#4442=DIRECTION('',(0.,0.,-1.));
#4443=DIRECTION('center_axis',(0.,0.,-1.));
#4444=DIRECTION('ref_axis',(0.489459706802521,-0.872025914418138,0.));
#4445=DIRECTION('',(0.,0.,1.));
#4446=DIRECTION('',(0.,0.,-1.));
#4447=DIRECTION('',(0.,0.,-1.));
#4448=DIRECTION('',(0.,0.,-1.));
#4449=DIRECTION('',(0.,0.,-1.));
#4450=DIRECTION('',(0.,0.,-1.));
#4451=DIRECTION('',(0.,0.,-1.));
#4452=DIRECTION('',(0.,0.,1.));
#4453=DIRECTION('',(0.,0.,-1.));
#4454=DIRECTION('',(0.,0.,-1.));
#4455=DIRECTION('',(0.,0.,-1.));
#4456=DIRECTION('',(0.,0.,1.));
#4457=DIRECTION('',(0.,0.,1.));
#4458=DIRECTION('',(0.,0.,-1.));
#4459=DIRECTION('',(0.,0.,-1.));
#4460=DIRECTION('',(0.,0.,-1.));
#4461=DIRECTION('',(0.,0.,1.));
#4462=DIRECTION('',(0.,0.,-1.));
#4463=DIRECTION('',(0.,0.,-1.));
#4464=DIRECTION('',(0.,0.,-1.));
#4465=DIRECTION('',(0.,0.,-1.));
#4466=DIRECTION('center_axis',(0.,0.,-1.));
#4467=DIRECTION('ref_axis',(-0.489459706802439,-0.872025914418185,0.));
#4468=DIRECTION('',(0.,0.,-1.));
#4469=DIRECTION('center_axis',(0.,0.,-1.));
#4470=DIRECTION('ref_axis',(-0.489459706802439,-0.872025914418185,0.));
#4471=DIRECTION('',(0.,0.,-1.));
#4472=DIRECTION('',(0.,0.,-1.));
#4473=DIRECTION('',(0.,0.,-1.));
#4474=DIRECTION('',(0.,0.,-1.));
#4475=DIRECTION('',(0.,0.,-1.));
#4476=DIRECTION('',(0.,0.,-1.));
#4477=DIRECTION('',(0.,0.,-1.));
#4478=DIRECTION('',(0.,0.,-1.));
#4479=DIRECTION('',(0.,0.,1.));
#4480=DIRECTION('',(0.,0.,-1.));
#4481=DIRECTION('',(0.,0.,-1.));
#4482=DIRECTION('',(0.,0.,-1.));
#4483=DIRECTION('',(0.,0.,-1.));
#4484=DIRECTION('',(0.,0.,-1.));
#4485=DIRECTION('',(0.,0.,-1.));
#4486=DIRECTION('',(0.,0.,-1.));
#4487=DIRECTION('',(0.,0.,-1.));
#4488=DIRECTION('',(0.,0.,-1.));
#4489=DIRECTION('center_axis',(0.,0.,-1.));
#4490=DIRECTION('ref_axis',(-0.872025914418077,-0.48945970680263,0.));
#4491=DIRECTION('',(0.,0.,-1.));
#4492=DIRECTION('center_axis',(0.,0.,-1.));
#4493=DIRECTION('ref_axis',(-0.872025914418077,-0.48945970680263,0.));
#4494=DIRECTION('',(0.,0.,-1.));
#4495=DIRECTION('',(0.,0.,1.));
#4496=DIRECTION('',(0.,0.,-1.));
#4497=DIRECTION('',(0.,0.,-1.));
#4498=DIRECTION('',(0.,0.,-1.));
#4499=DIRECTION('',(0.,0.,1.));
#4500=DIRECTION('',(0.,0.,-1.));
#4501=DIRECTION('',(0.,0.,-1.));
#4502=DIRECTION('',(0.,0.,-1.));
#4503=DIRECTION('',(0.,0.,-1.));
#4504=DIRECTION('',(0.,0.,1.));
#4505=DIRECTION('center_axis',(0.,0.,1.));
#4506=DIRECTION('ref_axis',(0.99998470224022,0.00553130052861614,0.));
#4507=DIRECTION('',(0.,0.,1.));
#4508=DIRECTION('',(0.,0.,-1.));
#4509=DIRECTION('',(0.,0.,1.));
#4510=DIRECTION('',(0.,0.,-1.));
#4511=DIRECTION('',(0.,0.,-1.));
#4512=DIRECTION('',(0.,0.,-1.));
#4513=DIRECTION('',(0.,0.,-1.));
#4514=DIRECTION('',(0.,0.,-1.));
#4515=DIRECTION('',(0.,0.,-1.));
#4516=DIRECTION('',(0.,0.,1.));
#4517=DIRECTION('',(0.,0.,-1.));
#4518=DIRECTION('',(0.,0.,-1.));
#4519=DIRECTION('',(0.,0.,-1.));
#4520=DIRECTION('',(0.,0.,-1.));
#4521=DIRECTION('',(0.,0.,1.));
#4522=DIRECTION('center_axis',(0.,0.,-1.));
#4523=DIRECTION('ref_axis',(0.925258637539078,-0.379336860401581,0.));
#4524=DIRECTION('',(0.,0.,1.));
#4525=DIRECTION('',(0.,0.,-1.));
#4526=DIRECTION('',(0.,0.,-1.));
#4527=DIRECTION('',(0.,0.,-1.));
#4528=DIRECTION('',(0.,0.,-1.));
#4529=DIRECTION('',(0.,0.,-1.));
#4530=DIRECTION('',(0.,0.,-1.));
#4531=DIRECTION('',(0.,0.,-1.));
#4532=DIRECTION('',(0.,0.,-1.));
#4533=DIRECTION('',(0.,0.,1.));
#4534=DIRECTION('',(0.,0.,-1.));
#4535=DIRECTION('',(0.,0.,-1.));
#4536=DIRECTION('',(0.,0.,-1.));
#4537=DIRECTION('',(0.,0.,-1.));
#4538=DIRECTION('',(0.,0.,-1.));
#4539=DIRECTION('',(0.,0.,1.));
#4540=DIRECTION('',(0.,0.,1.));
#4541=DIRECTION('',(0.,0.,-1.));
#4542=DIRECTION('',(0.,0.,-1.));
#4543=DIRECTION('',(0.,0.,-1.));
#4544=DIRECTION('',(0.,0.,1.));
#4545=DIRECTION('center_axis',(0.,0.,-1.));
#4546=DIRECTION('ref_axis',(0.834731417744866,0.5506572983532,0.));
#4547=DIRECTION('center_axis',(0.,0.,1.));
#4548=DIRECTION('ref_axis',(-1.,0.,0.));
#4549=DIRECTION('center_axis',(0.,0.,1.));
#4550=DIRECTION('ref_axis',(-1.,0.,0.));
#4551=DIRECTION('',(0.,0.,1.));
#4552=DIRECTION('center_axis',(0.,0.,1.));
#4553=DIRECTION('ref_axis',(-1.,0.,0.));
#4554=DIRECTION('',(0.,0.,1.));
#4555=DIRECTION('center_axis',(-1.,0.,0.));
#4556=DIRECTION('ref_axis',(0.,-1.,0.));
#4557=DIRECTION('',(0.,0.,1.));
#4558=DIRECTION('',(0.,1.,0.));
#4559=DIRECTION('',(0.,0.,1.));
#4560=DIRECTION('',(0.,-1.,0.));
#4561=DIRECTION('center_axis',(0.,1.,0.));
#4562=DIRECTION('ref_axis',(-1.,0.,0.));
#4563=DIRECTION('',(0.,0.,1.));
#4564=DIRECTION('',(1.,0.,0.));
#4565=DIRECTION('center_axis',(1.,0.,0.));
#4566=DIRECTION('ref_axis',(0.,1.,0.));
#4567=DIRECTION('',(0.,0.,1.));
#4568=DIRECTION('',(0.,-1.,0.));
#4569=DIRECTION('center_axis',(0.,-1.,0.));
#4570=DIRECTION('ref_axis',(1.,0.,0.));
#4571=DIRECTION('',(1.,0.,0.));
#4572=DIRECTION('',(-1.,0.,0.));
#4573=DIRECTION('center_axis',(0.,0.,1.));
#4574=DIRECTION('ref_axis',(-0.745521964111651,-0.666481058265804,0.));
#4575=DIRECTION('center_axis',(0.,0.,1.));
#4576=DIRECTION('ref_axis',(-0.745521964111651,-0.666481058265804,0.));
#4577=DIRECTION('',(0.,0.,1.));
#4578=DIRECTION('center_axis',(0.,0.,-1.));
#4579=DIRECTION('ref_axis',(-0.745521964111651,-0.666481058265804,0.));
#4580=DIRECTION('center_axis',(0.,0.,1.));
#4581=DIRECTION('ref_axis',(-0.745521964111651,-0.666481058265804,0.));
#4582=DIRECTION('center_axis',(0.666481058265807,-0.745521964111648,0.));
#4583=DIRECTION('ref_axis',(-0.745521964111648,-0.666481058265807,0.));
#4584=DIRECTION('',(0.745521964111648,0.666481058265807,0.));
#4585=DIRECTION('',(0.,0.,-1.));
#4586=DIRECTION('',(-0.745521964111648,-0.666481058265807,0.));
#4587=DIRECTION('center_axis',(-0.957339427808639,-0.28896577645636,0.));
#4588=DIRECTION('ref_axis',(-0.28896577645636,0.957339427808639,0.));
#4589=DIRECTION('',(0.28896577645636,-0.957339427808639,0.));
#4590=DIRECTION('',(0.,0.,-1.));
#4591=DIRECTION('',(-0.28896577645636,0.957339427808639,0.));
#4592=DIRECTION('center_axis',(0.666481058265807,-0.745521964111649,0.));
#4593=DIRECTION('ref_axis',(-0.745521964111649,-0.666481058265807,0.));
#4594=DIRECTION('',(0.,0.,-1.));
#4595=DIRECTION('',(-0.745521964111649,-0.666481058265807,0.));
#4596=DIRECTION('',(0.745521964111649,0.666481058265807,0.));
#4597=DIRECTION('center_axis',(0.394005295153849,0.919108169581105,0.));
#4598=DIRECTION('ref_axis',(0.919108169581105,-0.394005295153849,0.));
#4599=DIRECTION('',(-0.919108169581105,0.394005295153849,0.));
#4600=DIRECTION('',(0.,0.,-1.));
#4601=DIRECTION('',(0.919108169581105,-0.394005295153849,0.));
#4602=DIRECTION('center_axis',(0.666481058265803,-0.745521964111652,0.));
#4603=DIRECTION('ref_axis',(-0.745521964111652,-0.666481058265803,0.));
#4604=DIRECTION('',(0.,0.,-1.));
#4605=DIRECTION('',(-0.745521964111652,-0.666481058265803,0.));
#4606=DIRECTION('',(0.745521964111652,0.666481058265803,0.));
#4607=DIRECTION('center_axis',(-0.745521964111655,-0.6664810582658,0.));
#4608=DIRECTION('ref_axis',(0.6664810582658,-0.745521964111655,0.));
#4609=DIRECTION('',(0.,0.,1.));
#4610=DIRECTION('',(0.6664810582658,-0.745521964111655,0.));
#4611=DIRECTION('center_axis',(0.,0.,1.));
#4612=DIRECTION('ref_axis',(0.745521964111651,-0.666481058265804,0.));
#4613=DIRECTION('center_axis',(0.,0.,1.));
#4614=DIRECTION('ref_axis',(0.745521964111651,-0.666481058265804,0.));
#4615=DIRECTION('center_axis',(0.,0.,1.));
#4616=DIRECTION('ref_axis',(0.745521964111651,-0.666481058265804,0.));
#4617=DIRECTION('',(0.,0.,1.));
#4618=DIRECTION('center_axis',(0.,0.,-1.));
#4619=DIRECTION('ref_axis',(0.745521964111651,-0.666481058265804,0.));
#4620=DIRECTION('center_axis',(0.394005295153854,-0.919108169581102,0.));
#4621=DIRECTION('ref_axis',(-0.919108169581102,-0.394005295153854,0.));
#4622=DIRECTION('',(0.919108169581102,0.394005295153854,0.));
#4623=DIRECTION('',(0.,0.,-1.));
#4624=DIRECTION('',(-0.919108169581102,-0.394005295153854,0.));
#4625=DIRECTION('',(0.,0.,-1.));
#4626=DIRECTION('center_axis',(-0.95733942780864,0.288965776456358,0.));
#4627=DIRECTION('ref_axis',(0.288965776456358,0.95733942780864,0.));
#4628=DIRECTION('',(0.,0.,-1.));
#4629=DIRECTION('',(0.288965776456358,0.95733942780864,0.));
#4630=DIRECTION('',(0.,0.,-1.));
#4631=DIRECTION('center_axis',(0.666481058265807,0.745521964111648,0.));
#4632=DIRECTION('ref_axis',(0.745521964111648,-0.666481058265807,0.));
#4633=DIRECTION('',(0.,0.,-1.));
#4634=DIRECTION('',(0.745521964111648,-0.666481058265807,0.));
#4635=DIRECTION('center_axis',(0.,0.,1.));
#4636=DIRECTION('ref_axis',(-0.624654598939344,-0.780901166617087,0.));
#4637=DIRECTION('center_axis',(0.,0.,1.));
#4638=DIRECTION('ref_axis',(-0.624654598939344,-0.780901166617087,0.));
#4639=DIRECTION('',(0.,0.,1.));
#4640=DIRECTION('center_axis',(0.,0.,-1.));
#4641=DIRECTION('ref_axis',(-0.624654598939344,-0.780901166617087,0.));
#4642=DIRECTION('',(0.,0.,-1.));
#4643=DIRECTION('center_axis',(0.,0.,1.));
#4644=DIRECTION('ref_axis',(0.624654598939342,0.780901166617089,0.));
#4645=DIRECTION('center_axis',(0.,0.,1.));
#4646=DIRECTION('ref_axis',(0.624654598939342,0.780901166617089,0.));
#4647=DIRECTION('center_axis',(0.,0.,1.));
#4648=DIRECTION('ref_axis',(0.624654598939342,0.780901166617089,0.));
#4649=DIRECTION('',(0.,0.,1.));
#4650=DIRECTION('center_axis',(0.,0.,-1.));
#4651=DIRECTION('ref_axis',(0.624654598939342,0.780901166617089,0.));
#4652=DIRECTION('center_axis',(0.95733942780864,-0.288965776456359,0.));
#4653=DIRECTION('ref_axis',(-0.288965776456359,-0.95733942780864,0.));
#4654=DIRECTION('',(0.288965776456359,0.95733942780864,0.));
#4655=DIRECTION('',(0.,0.,-1.));
#4656=DIRECTION('',(-0.288965776456359,-0.95733942780864,0.));
#4657=DIRECTION('',(0.,0.,-1.));
#4658=DIRECTION('center_axis',(0.,0.,1.));
#4659=DIRECTION('ref_axis',(0.703703703703703,0.710493559009292,0.));
#4660=DIRECTION('center_axis',(0.,0.,1.));
#4661=DIRECTION('ref_axis',(0.703703703703703,0.710493559009292,0.));
#4662=DIRECTION('',(0.,0.,1.));
#4663=DIRECTION('center_axis',(0.,0.,-1.));
#4664=DIRECTION('ref_axis',(0.703703703703703,0.710493559009292,0.));
#4665=DIRECTION('',(0.,0.,1.));
#4666=DIRECTION('center_axis',(0.,0.,1.));
#4667=DIRECTION('ref_axis',(0.703703703703703,0.710493559009292,0.));
#4668=DIRECTION('center_axis',(-0.666481058265803,-0.745521964111652,0.));
#4669=DIRECTION('ref_axis',(-0.745521964111652,0.666481058265803,0.));
#4670=DIRECTION('',(0.745521964111652,-0.666481058265803,0.));
#4671=DIRECTION('',(0.,0.,-1.));
#4672=DIRECTION('',(-0.745521964111652,0.666481058265803,0.));
#4673=DIRECTION('',(0.,0.,1.));
#4674=DIRECTION('center_axis',(0.,0.,1.));
#4675=DIRECTION('ref_axis',(-1.,0.,0.));
#4676=DIRECTION('',(0.,0.,1.));
#4677=DIRECTION('center_axis',(0.,0.,1.));
#4678=DIRECTION('ref_axis',(-1.,0.,0.));
#4679=DIRECTION('center_axis',(0.,0.,1.));
#4680=DIRECTION('ref_axis',(-1.,0.,0.));
#4681=DIRECTION('center_axis',(0.,0.,1.));
#4682=DIRECTION('ref_axis',(0.745521964111651,0.666481058265804,0.));
#4683=DIRECTION('center_axis',(0.,0.,1.));
#4684=DIRECTION('ref_axis',(0.745521964111651,0.666481058265804,0.));
#4685=DIRECTION('',(0.,0.,1.));
#4686=DIRECTION('center_axis',(0.,0.,-1.));
#4687=DIRECTION('ref_axis',(0.745521964111651,0.666481058265804,0.));
#4688=DIRECTION('center_axis',(-0.666481058265807,0.745521964111648,0.));
#4689=DIRECTION('ref_axis',(0.745521964111648,0.666481058265807,0.));
#4690=DIRECTION('',(0.,0.,-1.));
#4691=DIRECTION('',(0.745521964111648,0.666481058265807,0.));
#4692=DIRECTION('',(-0.745521964111648,-0.666481058265807,0.));
#4693=DIRECTION('center_axis',(0.95733942780864,0.288965776456359,0.));
#4694=DIRECTION('ref_axis',(0.288965776456359,-0.95733942780864,0.));
#4695=DIRECTION('',(0.,0.,-1.));
#4696=DIRECTION('',(0.288965776456359,-0.95733942780864,0.));
#4697=DIRECTION('center_axis',(-0.666481058265807,0.745521964111649,0.));
#4698=DIRECTION('ref_axis',(0.745521964111649,0.666481058265807,0.));
#4699=DIRECTION('',(-0.745521964111649,-0.666481058265807,0.));
#4700=DIRECTION('',(0.,0.,-1.));
#4701=DIRECTION('',(0.745521964111649,0.666481058265807,0.));
#4702=DIRECTION('center_axis',(-0.394005295153853,-0.919108169581103,0.));
#4703=DIRECTION('ref_axis',(-0.919108169581103,0.394005295153853,0.));
#4704=DIRECTION('',(0.,0.,-1.));
#4705=DIRECTION('',(-0.919108169581103,0.394005295153853,0.));
#4706=DIRECTION('',(0.919108169581103,-0.394005295153853,0.));
#4707=DIRECTION('center_axis',(-0.666481058265803,0.745521964111652,0.));
#4708=DIRECTION('ref_axis',(0.745521964111652,0.666481058265803,0.));
#4709=DIRECTION('',(-0.745521964111652,-0.666481058265803,0.));
#4710=DIRECTION('',(0.,0.,-1.));
#4711=DIRECTION('',(0.745521964111652,0.666481058265803,0.));
#4712=DIRECTION('center_axis',(0.,0.,1.));
#4713=DIRECTION('ref_axis',(-1.,0.,0.));
#4714=DIRECTION('center_axis',(0.,0.,1.));
#4715=DIRECTION('ref_axis',(-1.,0.,0.));
#4716=DIRECTION('center_axis',(0.,0.,1.));
#4717=DIRECTION('ref_axis',(-1.,0.,0.));
#4718=DIRECTION('center_axis',(0.,0.,1.));
#4719=DIRECTION('ref_axis',(-1.,0.,0.));
#4720=DIRECTION('',(0.6664810582658,-0.745521964111655,0.));
#4721=DIRECTION('center_axis',(0.,0.,1.));
#4722=DIRECTION('ref_axis',(-1.,0.,0.));
#4723=DIRECTION('center_axis',(0.,0.,1.));
#4724=DIRECTION('ref_axis',(-1.,0.,0.));
#4725=DIRECTION('center_axis',(0.,0.,1.));
#4726=DIRECTION('ref_axis',(-1.,0.,0.));
#4727=DIRECTION('',(0.666481058265804,0.745521964111651,0.));
#4728=DIRECTION('center_axis',(0.,0.,1.));
#4729=DIRECTION('ref_axis',(-0.745521964111649,0.666481058265807,0.));
#4730=DIRECTION('center_axis',(0.,0.,1.));
#4731=DIRECTION('ref_axis',(-1.,0.,0.));
#4732=DIRECTION('',(-0.919108169581103,-0.394005295153852,0.));
#4733=DIRECTION('center_axis',(0.,0.,1.));
#4734=DIRECTION('ref_axis',(-1.,0.,0.));
#4735=DIRECTION('',(0.745521964111648,-0.666481058265807,0.));
#4736=DIRECTION('center_axis',(0.,0.,1.));
#4737=DIRECTION('ref_axis',(-1.,0.,0.));
#4738=DIRECTION('center_axis',(0.,0.,1.));
#4739=DIRECTION('ref_axis',(-1.,0.,0.));
#4740=DIRECTION('center_axis',(0.,0.,1.));
#4741=DIRECTION('ref_axis',(-1.,0.,0.));
#4742=DIRECTION('center_axis',(0.,0.,1.));
#4743=DIRECTION('ref_axis',(-1.,0.,0.));
#4744=DIRECTION('center_axis',(0.,0.,1.));
#4745=DIRECTION('ref_axis',(-1.,0.,0.));
#4746=DIRECTION('',(-0.745521964111649,0.666481058265806,0.));
#4747=DIRECTION('center_axis',(0.,0.,1.));
#4748=DIRECTION('ref_axis',(-1.,0.,0.));
#4749=DIRECTION('',(-0.745521964111652,0.666481058265803,0.));
#4750=DIRECTION('',(-0.666481058265802,-0.745521964111653,0.));
#4751=DIRECTION('center_axis',(0.,0.,1.));
#4752=DIRECTION('ref_axis',(-1.,0.,0.));
#4753=DIRECTION('center_axis',(0.,0.,1.));
#4754=DIRECTION('ref_axis',(-0.703703703703704,-0.710493559009291,0.));
#4755=DIRECTION('center_axis',(0.,0.,1.));
#4756=DIRECTION('ref_axis',(-1.,0.,0.));
#4757=DIRECTION('center_axis',(0.,0.,1.));
#4758=DIRECTION('ref_axis',(-1.,0.,0.));
#4759=DIRECTION('center_axis',(0.,0.,1.));
#4760=DIRECTION('ref_axis',(-1.,0.,0.));
#4761=DIRECTION('center_axis',(0.,0.,1.));
#4762=DIRECTION('ref_axis',(-1.,0.,0.));
#4763=DIRECTION('center_axis',(0.,0.,1.));
#4764=DIRECTION('ref_axis',(-1.,0.,0.));
#4765=DIRECTION('center_axis',(0.,0.,1.));
#4766=DIRECTION('ref_axis',(-1.,0.,0.));
#4767=DIRECTION('center_axis',(0.,0.,1.));
#4768=DIRECTION('ref_axis',(1.,0.,0.));
#4769=DIRECTION('center_axis',(0.,0.,1.));
#4770=DIRECTION('ref_axis',(-1.,0.,0.));
#4771=DIRECTION('',(1.,0.,0.));
#4772=DIRECTION('',(0.,1.,0.));
#4773=DIRECTION('center_axis',(0.,0.,1.));
#4774=DIRECTION('ref_axis',(1.,0.,0.));
#4775=DIRECTION('center_axis',(0.,0.,1.));
#4776=DIRECTION('ref_axis',(-1.,0.,0.));
#4777=DIRECTION('center_axis',(0.,0.,1.));
#4778=DIRECTION('ref_axis',(-0.703703703703704,-0.710493559009291,0.));
#4779=DIRECTION('',(0.,-1.,0.));
#4780=DIRECTION('center_axis',(0.,0.,1.));
#4781=DIRECTION('ref_axis',(-1.,0.,0.));
#4782=DIRECTION('center_axis',(0.,0.,1.));
#4783=DIRECTION('ref_axis',(-1.,0.,0.));
#4784=DIRECTION('center_axis',(0.,0.,1.));
#4785=DIRECTION('ref_axis',(-0.703703703703704,-0.710493559009291,0.));
#4786=DIRECTION('center_axis',(0.,0.,1.));
#4787=DIRECTION('ref_axis',(-1.,0.,0.));
#4788=DIRECTION('',(0.745521964111649,-0.666481058265807,0.));
#4789=DIRECTION('center_axis',(0.666481058265806,0.745521964111649,0.));
#4790=DIRECTION('ref_axis',(0.745521964111649,-0.666481058265806,0.));
#4791=DIRECTION('',(0.745521964111649,-0.666481058265806,0.));
#4792=DIRECTION('center_axis',(0.666481058265803,0.745521964111652,0.));
#4793=DIRECTION('ref_axis',(0.745521964111652,-0.666481058265803,0.));
#4794=DIRECTION('',(0.745521964111652,-0.666481058265803,0.));
#4795=DIRECTION('',(0.,0.,1.));
#4796=DIRECTION('center_axis',(0.,0.,1.));
#4797=DIRECTION('ref_axis',(-1.,0.,0.));
#4798=DIRECTION('center_axis',(0.,0.,1.));
#4799=DIRECTION('ref_axis',(-1.,0.,0.));
#4800=DIRECTION('',(-0.6664810582658,0.745521964111655,0.));
#4801=DIRECTION('center_axis',(0.,0.,-1.));
#4802=DIRECTION('ref_axis',(-0.745521964111649,0.666481058265807,0.));
#4803=DIRECTION('',(0.666481058265804,0.745521964111651,0.));
#4804=DIRECTION('',(0.919108169581103,0.394005295153852,0.));
#4805=DIRECTION('',(-0.745521964111649,0.666481058265807,0.));
#4806=DIRECTION('',(-0.745521964111648,0.666481058265807,0.));
#4807=DIRECTION('center_axis',(0.,0.,1.));
#4808=DIRECTION('ref_axis',(-1.,0.,0.));
#4809=DIRECTION('center_axis',(0.,0.,-1.));
#4810=DIRECTION('ref_axis',(-0.703703703703704,-0.710493559009291,0.));
#4811=DIRECTION('',(-0.666481058265802,-0.745521964111653,0.));
#4812=DIRECTION('center_axis',(0.,0.,-1.));
#4813=DIRECTION('ref_axis',(-1.,0.,0.));
#4814=DIRECTION('center_axis',(0.,0.,-1.));
#4815=DIRECTION('ref_axis',(-1.,0.,0.));
#4816=DIRECTION('center_axis',(0.,0.,-1.));
#4817=DIRECTION('ref_axis',(-1.,0.,0.));
#4818=DIRECTION('center_axis',(0.,0.,-1.));
#4819=DIRECTION('ref_axis',(-1.,0.,0.));
#4820=DIRECTION('',(0.,1.,0.));
#4821=DIRECTION('',(1.,0.,0.));
#4822=DIRECTION('',(0.,-1.,0.));
#4823=DIRECTION('',(-1.,0.,0.));
#4824=DIRECTION('center_axis',(-0.745521964111653,0.666481058265802,0.));
#4825=DIRECTION('ref_axis',(-0.666481058265802,-0.745521964111653,0.));
#4826=DIRECTION('center_axis',(1.,0.,0.));
#4827=DIRECTION('ref_axis',(0.,1.,0.));
#4828=DIRECTION('',(0.,0.,1.));
#4829=DIRECTION('',(0.,0.,1.));
#4830=DIRECTION('center_axis',(0.,-1.,0.));
#4831=DIRECTION('ref_axis',(1.,0.,0.));
#4832=DIRECTION('',(0.,0.,1.));
#4833=DIRECTION('center_axis',(-1.,0.,0.));
#4834=DIRECTION('ref_axis',(0.,-1.,0.));
#4835=DIRECTION('',(0.,0.,1.));
#4836=DIRECTION('center_axis',(0.,1.,0.));
#4837=DIRECTION('ref_axis',(-1.,0.,0.));
#4838=DIRECTION('center_axis',(0.,0.,-1.));
#4839=DIRECTION('ref_axis',(-1.,0.,0.));
#4840=DIRECTION('',(0.,0.,-1.));
#4841=DIRECTION('center_axis',(0.,0.,-1.));
#4842=DIRECTION('ref_axis',(-1.,0.,0.));
#4843=DIRECTION('center_axis',(0.,0.,1.));
#4844=DIRECTION('ref_axis',(-1.,0.,0.));
#4845=DIRECTION('center_axis',(0.,0.,1.));
#4846=DIRECTION('ref_axis',(1.,0.,0.));
#4847=DIRECTION('center_axis',(0.,0.,-1.));
#4848=DIRECTION('ref_axis',(-1.,0.,0.));
#4849=DIRECTION('',(0.,0.,-1.));
#4850=DIRECTION('center_axis',(0.,0.,-1.));
#4851=DIRECTION('ref_axis',(-1.,0.,0.));
#4852=DIRECTION('center_axis',(0.,0.,1.));
#4853=DIRECTION('ref_axis',(-1.,0.,0.));
#4854=DIRECTION('center_axis',(0.,0.,1.));
#4855=DIRECTION('ref_axis',(1.,0.,0.));
#4856=DIRECTION('center_axis',(0.,0.,-1.));
#4857=DIRECTION('ref_axis',(-1.,0.,0.));
#4858=DIRECTION('',(0.,0.,-1.));
#4859=DIRECTION('center_axis',(0.,0.,-1.));
#4860=DIRECTION('ref_axis',(-1.,0.,0.));
#4861=DIRECTION('center_axis',(0.,0.,1.));
#4862=DIRECTION('ref_axis',(-1.,0.,0.));
#4863=DIRECTION('center_axis',(0.,0.,1.));
#4864=DIRECTION('ref_axis',(1.,0.,0.));
#4865=DIRECTION('center_axis',(0.,0.,-1.));
#4866=DIRECTION('ref_axis',(-1.,0.,0.));
#4867=DIRECTION('',(0.,0.,-1.));
#4868=DIRECTION('center_axis',(0.,0.,-1.));
#4869=DIRECTION('ref_axis',(-1.,0.,0.));
#4870=DIRECTION('center_axis',(0.,0.,1.));
#4871=DIRECTION('ref_axis',(-1.,0.,0.));
#4872=DIRECTION('center_axis',(0.,0.,1.));
#4873=DIRECTION('ref_axis',(1.,0.,0.));
#4874=DIRECTION('center_axis',(0.,0.,1.));
#4875=DIRECTION('ref_axis',(1.,0.,0.));
#4876=DIRECTION('',(0.,0.,1.));
#4877=DIRECTION('center_axis',(0.,0.,1.));
#4878=DIRECTION('ref_axis',(1.,0.,0.));
#4879=DIRECTION('',(0.,0.,1.));
#4880=DIRECTION('center_axis',(0.,0.,1.));
#4881=DIRECTION('ref_axis',(1.,0.,0.));
#4882=DIRECTION('',(0.,0.,1.));
#4883=DIRECTION('center_axis',(0.,0.,1.));
#4884=DIRECTION('ref_axis',(1.,0.,0.));
#4885=DIRECTION('',(0.,0.,1.));
#4886=DIRECTION('center_axis',(0.,0.,1.));
#4887=DIRECTION('ref_axis',(-1.,0.,0.));
#4888=DIRECTION('center_axis',(0.,0.,1.));
#4889=DIRECTION('ref_axis',(-0.703703703703704,-0.710493559009291,0.));
#4890=DIRECTION('',(0.,0.,1.));
#4891=DIRECTION('center_axis',(0.,0.,1.));
#4892=DIRECTION('ref_axis',(-1.,0.,0.));
#4893=DIRECTION('center_axis',(0.,0.,1.));
#4894=DIRECTION('ref_axis',(-0.745521964111649,0.666481058265807,0.));
#4895=DIRECTION('',(0.,0.,1.));
#4896=DIRECTION('',(0.,0.,1.));
#4897=DIRECTION('center_axis',(0.745521964111655,0.6664810582658,0.));
#4898=DIRECTION('ref_axis',(-0.6664810582658,0.745521964111655,0.));
#4899=DIRECTION('center_axis',(0.745521964111651,-0.666481058265804,0.));
#4900=DIRECTION('ref_axis',(0.666481058265804,0.745521964111651,0.));
#4901=DIRECTION('center_axis',(-0.394005295153852,0.919108169581103,0.));
#4902=DIRECTION('ref_axis',(0.919108169581103,0.394005295153852,0.));
#4903=DIRECTION('',(0.,0.,-1.));
#4904=DIRECTION('center_axis',(-0.666481058265807,-0.745521964111649,0.));
#4905=DIRECTION('ref_axis',(-0.745521964111649,0.666481058265807,0.));
#4906=DIRECTION('center_axis',(-0.666481058265807,-0.745521964111648,0.));
#4907=DIRECTION('ref_axis',(-0.745521964111648,0.666481058265807,0.));
#4908=DIRECTION('center_axis',(0.,0.,1.));
#4909=DIRECTION('ref_axis',(-0.553519985544579,0.832835893560507,0.));
#4910=DIRECTION('',(0.,0.,-1.));
#4911=DIRECTION('',(0.,0.,-1.));
#4912=DIRECTION('center_axis',(0.,0.,-1.));
#4913=DIRECTION('ref_axis',(-0.54156229344903,0.840660622554802,0.));
#4914=DIRECTION('center_axis',(0.,0.,1.));
#4915=DIRECTION('ref_axis',(-1.,0.,0.));
#4916=DIRECTION('center_axis',(0.,0.,1.));
#4917=DIRECTION('ref_axis',(-1.,0.,0.));
#4918=DIRECTION('center_axis',(0.,0.,-1.));
#4919=DIRECTION('ref_axis',(0.553520482880967,0.832835563020229,0.));
#4920=DIRECTION('',(0.,0.,-1.));
#4921=DIRECTION('',(0.,0.,-1.));
#4922=DIRECTION('',(-2.66412797854961E-16,4.48471172921425E-16,1.));
#4923=DIRECTION('',(0.999999999999999,7.77156117237609E-16,2.22044604925032E-16));
#4924=CARTESIAN_POINT('',(0.,0.,0.));
#4925=CARTESIAN_POINT('',(0.,0.,0.));
#4926=CARTESIAN_POINT('Ctrl Pts',(-81.3103615527106,92.1143332764495,72.1035162724936));
#4927=CARTESIAN_POINT('Ctrl Pts',(-81.3103615527106,92.1143332764495,69.7035162724936));
#4928=CARTESIAN_POINT('Ctrl Pts',(-81.7935731917334,95.8330384129394,72.1035162724936));
#4929=CARTESIAN_POINT('Ctrl Pts',(-81.7935731917334,95.8330384129394,69.7035162724936));
#4930=CARTESIAN_POINT('Ctrl Pts',(-94.6519033045722,109.930218125807,72.1035162724936));
#4931=CARTESIAN_POINT('Ctrl Pts',(-94.6519033045722,109.930218125807,69.7035162724936));
#4932=CARTESIAN_POINT('Ctrl Pts',(-99.4293284110022,112.302449126898,72.1035162724936));
#4933=CARTESIAN_POINT('Ctrl Pts',(-99.4293284110022,112.302449126898,69.7035162724936));
#4934=CARTESIAN_POINT('',(-86.5739573950991,100.206856094452,72.1035162724936));
#4935=CARTESIAN_POINT('',(-86.5739573950992,100.206856094452,70.1035162724936));
#4936=CARTESIAN_POINT('',(-86.5739573950991,100.206856094452,72.1035162724936));
#4937=CARTESIAN_POINT('',(-81.3103615527106,92.1143332764495,72.1035162724936));
#4938=CARTESIAN_POINT('Ctrl Pts',(-81.3103615527106,92.1143332764495,72.1035162724936));
#4939=CARTESIAN_POINT('Ctrl Pts',(-81.5048421453321,93.6110190354928,72.1035162724936));
#4940=CARTESIAN_POINT('Ctrl Pts',(-83.7039199905427,96.7888734771545,72.1035162724936));
#4941=CARTESIAN_POINT('Ctrl Pts',(-86.5739573950991,100.206856094452,72.1035162724936));
#4942=CARTESIAN_POINT('',(-81.3103615527106,92.1143332764495,70.1035162724936));
#4943=CARTESIAN_POINT('',(-81.3103615527106,92.1143332764495,72.1035162724936));
#4944=CARTESIAN_POINT('Ctrl Pts',(-86.5739573950992,100.206856094452,70.1035162724936));
#4945=CARTESIAN_POINT('Ctrl Pts',(-83.70391999057,96.7888734771797,70.1035162724936));
#4946=CARTESIAN_POINT('Ctrl Pts',(-81.5048421453309,93.6110190354831,70.1035162724936));
#4947=CARTESIAN_POINT('Ctrl Pts',(-81.3103615527106,92.1143332764495,70.1035162724936));
#4948=CARTESIAN_POINT('Ctrl Pts',(-105.280032191749,101.612363338362,72.1035162724936));
#4949=CARTESIAN_POINT('Ctrl Pts',(-105.280032191749,101.612363338362,69.7035162724936));
#4950=CARTESIAN_POINT('Ctrl Pts',(-96.6264207182837,103.684588886915,72.1035162724936));
#4951=CARTESIAN_POINT('Ctrl Pts',(-96.6264207182837,103.684588886915,69.7035162724936));
#4952=CARTESIAN_POINT('Ctrl Pts',(-86.1740401152564,97.5342367539275,72.1035162724936));
#4953=CARTESIAN_POINT('Ctrl Pts',(-86.1740401152564,97.5342367539275,69.7035162724936));
#4954=CARTESIAN_POINT('Ctrl Pts',(-81.3103615527106,92.1143332764495,72.1035162724936));
#4955=CARTESIAN_POINT('Ctrl Pts',(-81.3103615527106,92.1143332764495,69.7035162724936));
#4956=CARTESIAN_POINT('',(-94.0459614017454,100.562385534294,72.1035162724936));
#4957=CARTESIAN_POINT('',(-94.0459614017455,100.562385534294,70.1035162724936));
#4958=CARTESIAN_POINT('',(-94.0459614017454,100.562385534294,72.1035162724936));
#4959=CARTESIAN_POINT('',(-105.280032191749,101.612363338362,72.1035162724936));
#4960=CARTESIAN_POINT('Ctrl Pts',(-105.280032191749,101.612363338362,72.1035162724936));
#4961=CARTESIAN_POINT('Ctrl Pts',(-101.669615003023,102.476927082916,72.1035162724936));
#4962=CARTESIAN_POINT('Ctrl Pts',(-97.7460889111198,101.910199709087,72.1035162724936));
#4963=CARTESIAN_POINT('Ctrl Pts',(-94.0459614017454,100.562385534294,72.1035162724936));
#4964=CARTESIAN_POINT('',(-105.280032191749,101.612363338362,70.1035162724936));
#4965=CARTESIAN_POINT('',(-105.280032191749,101.612363338362,72.1035162724936));
#4966=CARTESIAN_POINT('Ctrl Pts',(-94.0459614017455,100.562385534294,70.1035162724936));
#4967=CARTESIAN_POINT('Ctrl Pts',(-97.7460889111561,101.910199709108,70.1035162724936));
#4968=CARTESIAN_POINT('Ctrl Pts',(-101.669615003023,102.476927082916,70.1035162724936));
#4969=CARTESIAN_POINT('Ctrl Pts',(-105.280032191749,101.612363338362,70.1035162724936));
#4970=CARTESIAN_POINT('Ctrl Pts',(-77.5127372508002,82.2529261940826,72.1035162724936));
#4971=CARTESIAN_POINT('Ctrl Pts',(-77.5127372508002,82.2529261940826,69.7035162724936));
#4972=CARTESIAN_POINT('Ctrl Pts',(-85.8161981493903,95.6141908699859,72.1035162724936));
#4973=CARTESIAN_POINT('Ctrl Pts',(-85.8161981493903,95.6141908699859,69.7035162724936));
#4974=CARTESIAN_POINT('Ctrl Pts',(-102.933993123908,96.225189476477,72.1035162724936));
#4975=CARTESIAN_POINT('Ctrl Pts',(-102.933993123908,96.225189476477,69.7035162724936));
#4976=CARTESIAN_POINT('Ctrl Pts',(-108.659766739554,88.4783380623687,72.1035162724936));
#4977=CARTESIAN_POINT('Ctrl Pts',(-108.659766739554,88.4783380623687,69.7035162724936));
#4978=CARTESIAN_POINT('',(-99.4588317478195,93.3363266119626,72.1035162724936));
#4979=CARTESIAN_POINT('',(-99.4588317478196,93.3363266119626,70.1035162724936));
#4980=CARTESIAN_POINT('',(-99.4588317478196,93.3363266119626,72.1035162724936));
#4981=CARTESIAN_POINT('',(-77.5127372508002,82.2529261940826,72.1035162724936));
#4982=CARTESIAN_POINT('Ctrl Pts',(-77.5127372508002,82.2529261940826,72.1035162724936));
#4983=CARTESIAN_POINT('Ctrl Pts',(-82.9424233913278,90.9899425438544,72.1035162724936));
#4984=CARTESIAN_POINT('Ctrl Pts',(-92.1410620788344,94.2750271466539,72.1035162724936));
#4985=CARTESIAN_POINT('Ctrl Pts',(-99.4588317478195,93.3363266119626,72.1035162724936));
#4986=CARTESIAN_POINT('',(-77.5127372508002,82.2529261940826,70.1035162724936));
#4987=CARTESIAN_POINT('',(-77.5127372508002,82.2529261940826,72.1035162724936));
#4988=CARTESIAN_POINT('Ctrl Pts',(-99.4588317478196,93.3363266119626,70.1035162724936));
#4989=CARTESIAN_POINT('Ctrl Pts',(-92.1410620788344,94.2750271466539,70.1035162724936));
#4990=CARTESIAN_POINT('Ctrl Pts',(-82.9424233913278,90.9899425438544,70.1035162724936));
#4991=CARTESIAN_POINT('Ctrl Pts',(-77.5127372508002,82.2529261940826,70.1035162724936));
#4992=CARTESIAN_POINT('Ctrl Pts',(-112.317270379157,22.7364482575286,72.1035162724936));
#4993=CARTESIAN_POINT('Ctrl Pts',(-112.317270379157,22.7364482575286,69.7035162724936));
#4994=CARTESIAN_POINT('Ctrl Pts',(-106.285132178779,23.7251491001952,72.1035162724936));
#4995=CARTESIAN_POINT('Ctrl Pts',(-106.285132178779,23.7251491001952,69.7035162724936));
#4996=CARTESIAN_POINT('Ctrl Pts',(-94.8611640780402,28.4332143414367,72.1035162724936));
#4997=CARTESIAN_POINT('Ctrl Pts',(-94.8611640780402,28.4332143414367,69.7035162724936));
#4998=CARTESIAN_POINT('Ctrl Pts',(-97.3013952162695,41.0315205002654,72.1035162724936));
#4999=CARTESIAN_POINT('Ctrl Pts',(-97.3013952162695,41.0315205002654,69.7035162724936));
#5000=CARTESIAN_POINT('',(-97.9301454120089,32.5852659731307,72.1035162724936));
#5001=CARTESIAN_POINT('',(-97.9301454120089,32.5852659731307,70.1035162724936));
#5002=CARTESIAN_POINT('',(-97.9301454120089,32.5852659731308,72.1035162724936));
#5003=CARTESIAN_POINT('',(-106.893034736859,24.3200146996547,72.1035162724936));
#5004=CARTESIAN_POINT('Ctrl Pts',(-97.9301454120089,32.5852659731307,72.1035162724936));
#5005=CARTESIAN_POINT('Ctrl Pts',(-99.6274597781354,28.4433577371999,72.1035162724936));
#5006=CARTESIAN_POINT('Ctrl Pts',(-103.307353717336,25.8382191381992,72.1035162724936));
#5007=CARTESIAN_POINT('Ctrl Pts',(-106.893034736859,24.3200146996547,72.1035162724936));
#5008=CARTESIAN_POINT('',(-106.893034736859,24.3200146996547,70.1035162724936));
#5009=CARTESIAN_POINT('',(-106.893034736859,24.3200146996547,70.1035162724936));
#5010=CARTESIAN_POINT('Ctrl Pts',(-97.9301454120089,32.5852659731307,70.1035162724936));
#5011=CARTESIAN_POINT('Ctrl Pts',(-99.6274597781357,28.4433577372012,70.1035162724936));
#5012=CARTESIAN_POINT('Ctrl Pts',(-103.307353717336,25.8382191381996,70.1035162724936));
#5013=CARTESIAN_POINT('Ctrl Pts',(-106.893034736859,24.3200146996547,70.1035162724936));
#5014=CARTESIAN_POINT('Ctrl Pts',(142.958334729295,112.302449126898,72.1035162724936));
#5015=CARTESIAN_POINT('Ctrl Pts',(142.958334729295,112.302449126898,69.7035162724936));
#5016=CARTESIAN_POINT('Ctrl Pts',(138.180923357491,109.930218125807,72.1035162724936));
#5017=CARTESIAN_POINT('Ctrl Pts',(138.180923357491,109.930218125807,69.7035162724936));
#5018=CARTESIAN_POINT('Ctrl Pts',(125.322579510026,95.8330384129394,72.1035162724936));
#5019=CARTESIAN_POINT('Ctrl Pts',(125.322579510026,95.8330384129394,69.7035162724936));
#5020=CARTESIAN_POINT('Ctrl Pts',(124.83938160563,92.1143332764495,72.1035162724936));
#5021=CARTESIAN_POINT('Ctrl Pts',(124.83938160563,92.1143332764495,69.7035162724936));
#5022=CARTESIAN_POINT('',(127.354415626609,96.7146529269262,70.1035162724936));
#5023=CARTESIAN_POINT('',(127.354415626609,96.7146529269263,72.1035162724936));
#5024=CARTESIAN_POINT('',(127.354415626609,96.7146529269262,70.1035162724936));
#5025=CARTESIAN_POINT('',(124.83938160563,92.1143332764495,70.1035162724936));
#5026=CARTESIAN_POINT('Ctrl Pts',(124.83938160563,92.1143332764495,70.1035162724936));
#5027=CARTESIAN_POINT('Ctrl Pts',(124.964663457828,93.0785060574981,70.1035162724936));
#5028=CARTESIAN_POINT('Ctrl Pts',(125.921855753178,94.7403644596934,70.1035162724936));
#5029=CARTESIAN_POINT('Ctrl Pts',(127.354415626609,96.7146529269262,70.1035162724936));
#5030=CARTESIAN_POINT('',(124.83938160563,92.1143332764495,72.1035162724936));
#5031=CARTESIAN_POINT('',(124.83938160563,92.1143332764495,72.1035162724936));
#5032=CARTESIAN_POINT('Ctrl Pts',(124.83938160563,92.1143332764495,72.1035162724936));
#5033=CARTESIAN_POINT('Ctrl Pts',(124.964663457828,93.0785060574981,72.1035162724936));
#5034=CARTESIAN_POINT('Ctrl Pts',(125.921855753178,94.7403644596934,72.1035162724936));
#5035=CARTESIAN_POINT('Ctrl Pts',(127.354415626609,96.7146529269263,72.1035162724936));
#5036=CARTESIAN_POINT('Ctrl Pts',(124.83938160563,92.1143332764495,72.1035162724936));
#5037=CARTESIAN_POINT('Ctrl Pts',(124.83938160563,92.1143332764495,69.7035162724936));
#5038=CARTESIAN_POINT('Ctrl Pts',(129.703046433549,97.5342367539275,72.1035162724936));
#5039=CARTESIAN_POINT('Ctrl Pts',(129.703046433549,97.5342367539275,69.7035162724936));
#5040=CARTESIAN_POINT('Ctrl Pts',(140.155440771203,103.684588886915,72.1035162724936));
#5041=CARTESIAN_POINT('Ctrl Pts',(140.155440771203,103.684588886915,69.7035162724936));
#5042=CARTESIAN_POINT('Ctrl Pts',(148.809038510041,101.612363338362,72.1035162724936));
#5043=CARTESIAN_POINT('Ctrl Pts',(148.809038510041,101.612363338362,69.7035162724936));
#5044=CARTESIAN_POINT('',(129.645197343502,96.3387813636338,70.1035162724936));
#5045=CARTESIAN_POINT('',(129.645197343502,96.3387813636338,72.1035162724936));
#5046=CARTESIAN_POINT('',(129.645197343502,96.3387813636338,70.1035162724936));
#5047=CARTESIAN_POINT('',(142.745127552096,101.859909828836,70.1035162724936));
#5048=CARTESIAN_POINT('Ctrl Pts',(142.745127552096,101.859909828836,70.1035162724936));
#5049=CARTESIAN_POINT('Ctrl Pts',(138.0789076899,101.248992351318,70.1035162724936));
#5050=CARTESIAN_POINT('Ctrl Pts',(133.379091668687,99.004840536754,70.1035162724936));
#5051=CARTESIAN_POINT('Ctrl Pts',(129.645197343502,96.3387813636338,70.1035162724936));
#5052=CARTESIAN_POINT('',(142.745127552096,101.859909828836,72.1035162724936));
#5053=CARTESIAN_POINT('',(142.745127552096,101.859909828836,72.1035162724936));
#5054=CARTESIAN_POINT('Ctrl Pts',(142.745127552096,101.859909828836,72.1035162724936));
#5055=CARTESIAN_POINT('Ctrl Pts',(138.078907689845,101.248992351311,72.1035162724936));
#5056=CARTESIAN_POINT('Ctrl Pts',(133.379091668709,99.0048405367958,72.1035162724936));
#5057=CARTESIAN_POINT('Ctrl Pts',(129.645197343502,96.3387813636338,72.1035162724936));
#5058=CARTESIAN_POINT('Ctrl Pts',(124.83938160563,92.1143332764495,72.1035162724936));
#5059=CARTESIAN_POINT('Ctrl Pts',(124.83938160563,92.1143332764495,69.7035162724936));
#5060=CARTESIAN_POINT('Ctrl Pts',(129.703046433549,97.5342367539275,72.1035162724936));
#5061=CARTESIAN_POINT('Ctrl Pts',(129.703046433549,97.5342367539275,69.7035162724936));
#5062=CARTESIAN_POINT('Ctrl Pts',(140.155440771203,103.684588886915,72.1035162724936));
#5063=CARTESIAN_POINT('Ctrl Pts',(140.155440771203,103.684588886915,69.7035162724936));
#5064=CARTESIAN_POINT('Ctrl Pts',(148.809038510041,101.612363338362,72.1035162724936));
#5065=CARTESIAN_POINT('Ctrl Pts',(148.809038510041,101.612363338362,69.7035162724936));
#5066=CARTESIAN_POINT('',(128.623271449684,95.5803223337862,72.1035162724936));
#5067=CARTESIAN_POINT('',(128.623271449684,95.5803223337862,70.1035162724936));
#5068=CARTESIAN_POINT('',(128.623271449684,95.5803223337862,72.1035162724936));
#5069=CARTESIAN_POINT('Ctrl Pts',(128.623271449684,95.5803223337862,72.1035162724936));
#5070=CARTESIAN_POINT('Ctrl Pts',(127.157107359008,94.4492122211553,72.1035162724936));
#5071=CARTESIAN_POINT('Ctrl Pts',(125.872228013768,93.265302357837,72.1035162724936));
#5072=CARTESIAN_POINT('Ctrl Pts',(124.83938160563,92.1143332764495,72.1035162724936));
#5073=CARTESIAN_POINT('Ctrl Pts',(128.623271449684,95.5803223337863,70.1035162724936));
#5074=CARTESIAN_POINT('Ctrl Pts',(127.157107359008,94.4492122211553,70.1035162724936));
#5075=CARTESIAN_POINT('Ctrl Pts',(125.872228013768,93.265302357837,70.1035162724936));
#5076=CARTESIAN_POINT('Ctrl Pts',(124.83938160563,92.1143332764495,70.1035162724936));
#5077=CARTESIAN_POINT('Ctrl Pts',(121.041743569093,82.2529261940826,72.1035162724936));
#5078=CARTESIAN_POINT('Ctrl Pts',(121.041743569093,82.2529261940826,69.7035162724936));
#5079=CARTESIAN_POINT('Ctrl Pts',(126.82240506607,86.8948063973815,72.1035162724936));
#5080=CARTESIAN_POINT('Ctrl Pts',(126.82240506607,86.8948063973815,69.7035162724936));
#5081=CARTESIAN_POINT('Ctrl Pts',(139.051356216045,88.2377086560305,72.1035162724936));
#5082=CARTESIAN_POINT('Ctrl Pts',(139.051356216045,88.2377086560305,69.7035162724936));
#5083=CARTESIAN_POINT('Ctrl Pts',(143.345550816456,83.070544849769,72.1035162724936));
#5084=CARTESIAN_POINT('Ctrl Pts',(143.345550816456,83.070544849769,69.7035162724936));
#5085=CARTESIAN_POINT('',(139.443257767912,85.5935443456175,72.1035162724936));
#5086=CARTESIAN_POINT('',(139.443257767912,85.5935443456175,70.1035162724936));
#5087=CARTESIAN_POINT('',(139.443257767912,85.5935443456175,72.1035162724936));
#5088=CARTESIAN_POINT('',(121.041743569093,82.2529261940826,72.1035162724936));
#5089=CARTESIAN_POINT('Ctrl Pts',(121.041743569093,82.2529261940826,72.1035162724936));
#5090=CARTESIAN_POINT('Ctrl Pts',(125.531905721527,85.8585334097772,72.1035162724936));
#5091=CARTESIAN_POINT('Ctrl Pts',(133.91264034684,87.4737038630477,72.1035162724936));
#5092=CARTESIAN_POINT('Ctrl Pts',(139.443257767912,85.5935443456175,72.1035162724936));
#5093=CARTESIAN_POINT('',(121.041743569093,82.2529261940826,70.1035162724936));
#5094=CARTESIAN_POINT('',(121.041743569093,82.2529261940826,72.1035162724936));
#5095=CARTESIAN_POINT('Ctrl Pts',(139.443257767912,85.5935443456175,70.1035162724936));
#5096=CARTESIAN_POINT('Ctrl Pts',(133.91264034684,87.4737038630477,70.1035162724936));
#5097=CARTESIAN_POINT('Ctrl Pts',(125.531905721527,85.8585334097772,70.1035162724936));
#5098=CARTESIAN_POINT('Ctrl Pts',(121.041743569093,82.2529261940826,70.1035162724936));
#5099=CARTESIAN_POINT('Origin',(18.4370497025956,63.0466774510599,72.1035162724936));
#5100=CARTESIAN_POINT('',(-81.0367474323834,105.157006101351,72.1035162724936));
#5101=CARTESIAN_POINT('',(-63.8546415125777,120.517449774279,72.1035162724936));
#5102=CARTESIAN_POINT('',(-73.8480321512487,103.154510255154,72.1035162724936));
#5103=CARTESIAN_POINT('Origin',(-68.1038627311133,137.679928683795,72.1035162724936));
#5104=CARTESIAN_POINT('',(-74.9623269366217,103.268800530707,72.1035162724936));
#5105=CARTESIAN_POINT('Origin',(-68.5896101548734,105.694366300709,72.1035162724936));
#5106=CARTESIAN_POINT('',(-3.64967251386172,33.3838880299438,72.1035162724936));
#5107=CARTESIAN_POINT('Ctrl Pts',(-74.9623269366217,103.268800530707,72.1035162724936));
#5108=CARTESIAN_POINT('Ctrl Pts',(-63.2292198565436,63.7454067444671,72.1035162724936));
#5109=CARTESIAN_POINT('Ctrl Pts',(-34.1173324240637,41.8473023918975,72.1035162724936));
#5110=CARTESIAN_POINT('Ctrl Pts',(-3.64967251386172,33.3838880299438,72.1035162724936));
#5111=CARTESIAN_POINT('',(-4.38919975766662,39.8650386486877,72.1035162724936));
#5112=CARTESIAN_POINT('Ctrl Pts',(-3.64967251386172,33.3838880299438,72.1035162724936));
#5113=CARTESIAN_POINT('Ctrl Pts',(-3.11556034802919,35.2566867977966,72.1035162724936));
#5114=CARTESIAN_POINT('Ctrl Pts',(-3.44425743588928,38.1154944214691,72.1035162724936));
#5115=CARTESIAN_POINT('Ctrl Pts',(-4.38919975766662,39.8650386486877,72.1035162724936));
#5116=CARTESIAN_POINT('',(-32.1999558868235,52.5657860315376,72.1035162724936));
#5117=CARTESIAN_POINT('Ctrl Pts',(-4.38919975766662,39.8650386486877,72.1035162724936));
#5118=CARTESIAN_POINT('Ctrl Pts',(-16.1147395770652,35.7472212053431,72.1035162724936));
#5119=CARTESIAN_POINT('Ctrl Pts',(-28.8266283336214,42.4791821188146,72.1035162724936));
#5120=CARTESIAN_POINT('Ctrl Pts',(-32.1999558868235,52.5657860315376,72.1035162724936));
#5121=CARTESIAN_POINT('',(-20.0000002980232,52.5657860315376,72.1035162724936));
#5122=CARTESIAN_POINT('',(-9.58477520276159,52.5657860315376,72.1035162724936));
#5123=CARTESIAN_POINT('',(-20.0000002980232,61.1519785574735,72.1035162724936));
#5124=CARTESIAN_POINT('',(-20.0000002980232,57.8062317412988,72.1035162724936));
#5125=CARTESIAN_POINT('',(-37.6066001081188,61.1519785574735,72.1035162724936));
#5126=CARTESIAN_POINT('',(-0.781475297713798,61.1519785574735,72.1035162724936));
#5127=CARTESIAN_POINT('',(-37.6066001081188,58.4364333685899,72.1035162724936));
#5128=CARTESIAN_POINT('',(-37.6066001081188,62.0993280042667,72.1035162724936));
#5129=CARTESIAN_POINT('',(-46.1595235449744,60.4578864807952,72.1035162724936));
#5130=CARTESIAN_POINT('Ctrl Pts',(-37.6066001081188,58.4364333685899,72.1035162724936));
#5131=CARTESIAN_POINT('Ctrl Pts',(-40.2470703338442,58.7587182419063,72.1035162724936));
#5132=CARTESIAN_POINT('Ctrl Pts',(-43.1562206737621,59.3258762390657,72.1035162724936));
#5133=CARTESIAN_POINT('Ctrl Pts',(-46.1595235449744,60.4578864807952,72.1035162724936));
#5134=CARTESIAN_POINT('',(-48.5169898222876,73.5897554203857,72.1035162724936));
#5135=CARTESIAN_POINT('Ctrl Pts',(-46.1595235449744,60.4578864807952,72.1035162724936));
#5136=CARTESIAN_POINT('Ctrl Pts',(-48.0546273467017,65.903363833319,72.1035162724936));
#5137=CARTESIAN_POINT('Ctrl Pts',(-48.2241675795508,69.8698141674865,72.1035162724936));
#5138=CARTESIAN_POINT('Ctrl Pts',(-48.5169898222876,73.5897554203857,72.1035162724936));
#5139=CARTESIAN_POINT('',(-67.754207933189,102.681675277057,72.1035162724936));
#5140=CARTESIAN_POINT('Ctrl Pts',(-48.5169898222876,73.5897554203857,72.1035162724936));
#5141=CARTESIAN_POINT('Ctrl Pts',(-62.3480260366204,74.4223435395185,72.1035162724936));
#5142=CARTESIAN_POINT('Ctrl Pts',(-71.426340861198,85.7353299486053,72.1035162724936));
#5143=CARTESIAN_POINT('Ctrl Pts',(-67.754207933189,102.681675277057,72.1035162724936));
#5144=CARTESIAN_POINT('',(-52.5153826657964,106.343060792233,72.1035162724936));
#5145=CARTESIAN_POINT('Origin',(-68.1038627311133,137.679928683795,72.1035162724936));
#5146=CARTESIAN_POINT('',(-51.6703227824164,90.4596129124511,72.1035162724936));
#5147=CARTESIAN_POINT('Ctrl Pts',(-51.6703227824164,90.4596129124511,72.1035162724936));
#5148=CARTESIAN_POINT('Ctrl Pts',(-58.2081085539005,93.1095195125458,72.1035162724936));
#5149=CARTESIAN_POINT('Ctrl Pts',(-57.3940927086315,100.882144839858,72.1035162724936));
#5150=CARTESIAN_POINT('Ctrl Pts',(-52.5153826657964,106.343060792233,72.1035162724936));
#5151=CARTESIAN_POINT('',(-32.9657944887686,89.9425314575004,72.1035162724936));
#5152=CARTESIAN_POINT('Ctrl Pts',(-32.9657939106854,89.942531794174,72.1035162724936));
#5153=CARTESIAN_POINT('Ctrl Pts',(-41.7828748930273,105.08183989228,72.1035162724936));
#5154=CARTESIAN_POINT('Ctrl Pts',(-51.1112410664745,95.7804347794812,72.1035162724936));
#5155=CARTESIAN_POINT('Ctrl Pts',(-51.6703227824164,90.4596129124511,72.1035162724936));
#5156=CARTESIAN_POINT('',(-32.7597451036298,89.5753788031332,72.1035162724936));
#5157=CARTESIAN_POINT('Origin',(-28.7086949975394,92.0902967345943,72.1035162724936));
#5158=CARTESIAN_POINT('',(-28.692457011695,87.3109497254241,72.1035162724936));
#5159=CARTESIAN_POINT('Ctrl Pts',(-28.692457011695,87.3109497254241,72.1035162724936));
#5160=CARTESIAN_POINT('Ctrl Pts',(-30.4099446200324,87.3109497254241,72.1035162724936));
#5161=CARTESIAN_POINT('Ctrl Pts',(-31.9160563223792,88.2160890988219,72.1035162724936));
#5162=CARTESIAN_POINT('Ctrl Pts',(-32.7597469756079,89.5753776409972,72.1035162724936));
#5163=CARTESIAN_POINT('',(-23.9089062617255,92.0945004753936,72.1035162724936));
#5164=CARTESIAN_POINT('Ctrl Pts',(-23.9089062617255,92.0945004753936,72.1035162724936));
#5165=CARTESIAN_POINT('Ctrl Pts',(-23.9089062617255,89.4526175469268,72.1035162724936));
#5166=CARTESIAN_POINT('Ctrl Pts',(-26.0505740832282,87.3109497254241,72.1035162724936));
#5167=CARTESIAN_POINT('Ctrl Pts',(-28.692457011695,87.3109497254241,72.1035162724936));
#5168=CARTESIAN_POINT('',(-28.692457011695,96.8780786946166,72.1035162724936));
#5169=CARTESIAN_POINT('Ctrl Pts',(-28.692457011695,96.8780786946166,72.1035162724936));
#5170=CARTESIAN_POINT('Ctrl Pts',(-26.0505740832282,96.8780786946166,72.1035162724936));
#5171=CARTESIAN_POINT('Ctrl Pts',(-23.9089062617255,94.7364108731139,72.1035162724936));
#5172=CARTESIAN_POINT('Ctrl Pts',(-23.9089062617255,92.0945004753936,72.1035162724936));
#5173=CARTESIAN_POINT('',(-33.0699023173285,92.1257604859221,72.1035162724936));
#5174=CARTESIAN_POINT('Ctrl Pts',(-33.0699023173285,92.1257604859221,72.1035162724936));
#5175=CARTESIAN_POINT('Ctrl Pts',(-33.0699023173285,94.7676434143889,72.1035162724936));
#5176=CARTESIAN_POINT('Ctrl Pts',(-31.3343399401618,96.8780786946166,72.1035162724936));
#5177=CARTESIAN_POINT('Ctrl Pts',(-28.692457011695,96.8780786946166,72.1035162724936));
#5178=CARTESIAN_POINT('',(-26.2770580786658,102.282750471007,72.1035162724936));
#5179=CARTESIAN_POINT('Ctrl Pts',(-26.2770580786658,102.282750471007,72.1035162724936));
#5180=CARTESIAN_POINT('Ctrl Pts',(-30.1971952513648,103.309867064749,72.1035162724936));
#5181=CARTESIAN_POINT('Ctrl Pts',(-37.9837672060919,98.568811250006,72.1035162724936));
#5182=CARTESIAN_POINT('Ctrl Pts',(-33.0699023173285,92.1257604859221,72.1035162724936));
#5183=CARTESIAN_POINT('',(-24.7980035910559,109.010410171019,72.1035162724936));
#5184=CARTESIAN_POINT('Ctrl Pts',(-24.7980035910559,109.010410171019,72.1035162724936));
#5185=CARTESIAN_POINT('Ctrl Pts',(-26.0716155314398,106.726767512595,72.1035162724936));
#5186=CARTESIAN_POINT('Ctrl Pts',(-26.2359640753699,105.182652097975,72.1035162724936));
#5187=CARTESIAN_POINT('Ctrl Pts',(-26.2770580786658,102.282750471007,72.1035162724936));
#5188=CARTESIAN_POINT('',(-14.7453830347968,104.403157090269,72.1035162724936));
#5189=CARTESIAN_POINT('Ctrl Pts',(-14.7453830347968,104.403157090269,72.1035162724936));
#5190=CARTESIAN_POINT('Ctrl Pts',(-18.3016899443579,107.212533792197,72.1035162724936));
#5191=CARTESIAN_POINT('Ctrl Pts',(-20.7487059882117,107.680074222075,72.1035162724936));
#5192=CARTESIAN_POINT('Ctrl Pts',(-24.7980035910559,109.010410171019,72.1035162724936));
#5193=CARTESIAN_POINT('',(-10.8796869185395,109.504139764645,72.1035162724936));
#5194=CARTESIAN_POINT('Ctrl Pts',(-10.8796869185395,109.504139764645,72.1035162724936));
#5195=CARTESIAN_POINT('Ctrl Pts',(-12.977748946922,108.912550035,72.1035162724936));
#5196=CARTESIAN_POINT('Ctrl Pts',(-14.6375036086053,107.11937188218,72.1035162724936));
#5197=CARTESIAN_POINT('Ctrl Pts',(-14.7453830347968,104.403157090269,72.1035162724936));
#5198=CARTESIAN_POINT('',(-9.71109844555252,108.412178642983,72.1035162724936));
#5199=CARTESIAN_POINT('Origin',(-29.0629502974044,88.8736057702273,72.1035162724936));
#5200=CARTESIAN_POINT('',(2.16242996341723,100.292397849034,72.1035162724936));
#5201=CARTESIAN_POINT('Origin',(18.4370497025956,136.831921003354,72.1035162724936));
#5202=CARTESIAN_POINT('',(2.58609526300902,98.3135120076049,72.1035162724936));
#5203=CARTESIAN_POINT('Ctrl Pts',(2.58609526300902,98.3135120076049,72.1035162724936));
#5204=CARTESIAN_POINT('Ctrl Pts',(2.5297837067615,98.9680046810145,72.1035162724936));
#5205=CARTESIAN_POINT('Ctrl Pts',(2.37323374746108,99.6318106128287,72.1035162724936));
#5206=CARTESIAN_POINT('Ctrl Pts',(2.16242996341723,100.292397849034,72.1035162724936));
#5207=CARTESIAN_POINT('',(-2.70717495564941,92.3649352764953,72.1035162724936));
#5208=CARTESIAN_POINT('Ctrl Pts',(-2.70717495564941,92.3649352764953,72.1035162724936));
#5209=CARTESIAN_POINT('Ctrl Pts',(0.866465052895511,92.5068689095367,72.1035162724936));
#5210=CARTESIAN_POINT('Ctrl Pts',(2.84235592928404,95.335048315512,72.1035162724936));
#5211=CARTESIAN_POINT('Ctrl Pts',(2.58609526300902,98.3135120076049,72.1035162724936));
#5212=CARTESIAN_POINT('',(1.90007812510008,82.3123147202361,72.1035162724936));
#5213=CARTESIAN_POINT('Ctrl Pts',(1.90007812510008,82.3123147202361,72.1035162724936));
#5214=CARTESIAN_POINT('Ctrl Pts',(0.56974217615601,86.3616397923339,72.1035162724936));
#5215=CARTESIAN_POINT('Ctrl Pts',(0.102215480904531,88.8086558361877,72.1035162724936));
#5216=CARTESIAN_POINT('Ctrl Pts',(-2.70717495564941,92.3649352764953,72.1035162724936));
#5217=CARTESIAN_POINT('',(-4.82758157491211,80.8332602326263,72.1035162724936));
#5218=CARTESIAN_POINT('Ctrl Pts',(-4.82758157491211,80.8332602326263,72.1035162724936));
#5219=CARTESIAN_POINT('Ctrl Pts',(-1.92767994794373,80.8743542359221,72.1035162724936));
#5220=CARTESIAN_POINT('Ctrl Pts',(-0.383550798697523,81.0386753105987,72.1035162724936));
#5221=CARTESIAN_POINT('Ctrl Pts',(1.90007812510008,82.3123147202361,72.1035162724936));
#5222=CARTESIAN_POINT('',(-14.9845852946234,74.0404159939635,72.1035162724936));
#5223=CARTESIAN_POINT('Ctrl Pts',(-14.9845852946234,74.0404159939635,72.1035162724936));
#5224=CARTESIAN_POINT('Ctrl Pts',(-8.54153453053957,69.1265785744536,72.1035162724936));
#5225=CARTESIAN_POINT('Ctrl Pts',(-3.80047871579652,76.9131230599273,72.1035162724936));
#5226=CARTESIAN_POINT('Ctrl Pts',(-4.82758157491211,80.8332602326263,72.1035162724936));
#5227=CARTESIAN_POINT('',(-10.232267085929,78.4178612995971,72.1035162724936));
#5228=CARTESIAN_POINT('Ctrl Pts',(-10.232267085929,78.4178612995971,72.1035162724936));
#5229=CARTESIAN_POINT('Ctrl Pts',(-10.232267085929,75.7759783711303,72.1035162724936));
#5230=CARTESIAN_POINT('Ctrl Pts',(-12.3427023661566,74.0404159939635,72.1035162724936));
#5231=CARTESIAN_POINT('Ctrl Pts',(-14.9845852946234,74.0404159939635,72.1035162724936));
#5232=CARTESIAN_POINT('',(-15.015845305152,83.2014120495666,72.1035162724936));
#5233=CARTESIAN_POINT('Ctrl Pts',(-15.015845305152,83.2014120495666,72.1035162724936));
#5234=CARTESIAN_POINT('Ctrl Pts',(-12.3739623766852,83.2014120495666,72.1035162724936));
#5235=CARTESIAN_POINT('Ctrl Pts',(-10.232267085929,81.0597442280639,72.1035162724936));
#5236=CARTESIAN_POINT('Ctrl Pts',(-10.232267085929,78.4178612995971,72.1035162724936));
#5237=CARTESIAN_POINT('',(-19.7993960551215,78.4178612995971,72.1035162724936));
#5238=CARTESIAN_POINT('Ctrl Pts',(-19.7993960551215,78.4178612995971,72.1035162724936));
#5239=CARTESIAN_POINT('Ctrl Pts',(-19.7993960551215,81.0597442280639,72.1035162724936));
#5240=CARTESIAN_POINT('Ctrl Pts',(-17.6577282336188,83.2014120495666,72.1035162724936));
#5241=CARTESIAN_POINT('Ctrl Pts',(-15.015845305152,83.2014120495666,72.1035162724936));
#5242=CARTESIAN_POINT('',(-17.5349677834886,74.3505719092654,72.1035162724936));
#5243=CARTESIAN_POINT('Ctrl Pts',(-17.5349681395484,74.3505713356841,72.1035162724936));
#5244=CARTESIAN_POINT('Ctrl Pts',(-18.8942566817236,75.1942619889129,72.1035162724936));
#5245=CARTESIAN_POINT('Ctrl Pts',(-19.7993960551215,76.7003462220061,72.1035162724936));
#5246=CARTESIAN_POINT('Ctrl Pts',(-19.7993960551215,78.4178612995971,72.1035162724936));
#5247=CARTESIAN_POINT('',(-17.1678143777509,74.1445221036823,72.1035162724936));
#5248=CARTESIAN_POINT('Origin',(-15.0185098078689,78.4043656344763,72.1035162724936));
#5249=CARTESIAN_POINT('',(-16.6507328680945,55.4399955288757,72.1035162724936));
#5250=CARTESIAN_POINT('Ctrl Pts',(-16.6507328680945,55.4399955288757,72.1035162724936));
#5251=CARTESIAN_POINT('Ctrl Pts',(-11.3299110838506,55.9990772361188,72.1035162724936));
#5252=CARTESIAN_POINT('Ctrl Pts',(-2.02849244307833,65.3274431279864,72.1035162724936));
#5253=CARTESIAN_POINT('Ctrl Pts',(-17.1678132797177,74.1445239890543,72.1035162724936));
#5254=CARTESIAN_POINT('',(4.40576849451535,62.8887231343139,72.1035162724936));
#5255=CARTESIAN_POINT('Ctrl Pts',(4.40576849451535,62.8887231343139,72.1035162724936));
#5256=CARTESIAN_POINT('Ctrl Pts',(1.40936737986082,51.7779869316924,72.1035162724936));
#5257=CARTESIAN_POINT('Ctrl Pts',(-12.860580203147,46.0890221157897,72.1035162724936));
#5258=CARTESIAN_POINT('Ctrl Pts',(-16.6507328680945,55.4399955288757,72.1035162724936));
#5259=CARTESIAN_POINT('',(5.96634279888788,98.8255864086871,72.1035162724936));
#5260=CARTESIAN_POINT('Ctrl Pts',(5.96634279888788,98.825586408687,72.1035162724936));
#5261=CARTESIAN_POINT('Ctrl Pts',(6.04159010092779,87.4925364196342,72.1035162724936));
#5262=CARTESIAN_POINT('Ctrl Pts',(6.81073451797114,71.806446950187,72.1035162724936));
#5263=CARTESIAN_POINT('Ctrl Pts',(4.40576849451535,62.8887231343139,72.1035162724936));
#5264=CARTESIAN_POINT('',(37.5638413540197,101.701224438626,72.1035162724936));
#5265=CARTESIAN_POINT('Origin',(18.4370497025956,136.831921003354,72.1035162724936));
#5266=CARTESIAN_POINT('',(39.1232515584039,62.8887231343139,72.1035162724936));
#5267=CARTESIAN_POINT('Ctrl Pts',(37.5638413540197,101.701224438626,72.1035162724936));
#5268=CARTESIAN_POINT('Ctrl Pts',(37.6468745118427,90.2978551177574,72.1035162724936));
#5269=CARTESIAN_POINT('Ctrl Pts',(36.5072281130621,72.5890575065579,72.1035162724936));
#5270=CARTESIAN_POINT('Ctrl Pts',(39.1232515584039,62.8887231343139,72.1035162724936));
#5271=CARTESIAN_POINT('',(55.5725428798342,51.0537821463767,72.1035162724936));
#5272=CARTESIAN_POINT('Ctrl Pts',(39.1232515584039,62.8887231343139,72.1035162724936));
#5273=CARTESIAN_POINT('Ctrl Pts',(41.3524548891493,54.6227770202293,72.1035162724936));
#5274=CARTESIAN_POINT('Ctrl Pts',(49.8213052948373,49.3576558966757,72.1035162724936));
#5275=CARTESIAN_POINT('Ctrl Pts',(55.5725428798341,51.0537821463767,72.1035162724936));
#5276=CARTESIAN_POINT('',(55.5725428798342,48.467085396015,72.1035162724936));
#5277=CARTESIAN_POINT('',(55.5725428798342,61.4202039370409,72.1035162724936));
#5278=CARTESIAN_POINT('',(73.7395920798812,48.467085396015,72.1035162724936));
#5279=CARTESIAN_POINT('',(37.0047962912149,48.467085396015,72.1035162724936));
#5280=CARTESIAN_POINT('',(67.413619274459,42.258614873201,72.1035162724936));
#5281=CARTESIAN_POINT('Ctrl Pts',(67.413619274459,42.258614873201,72.1035162724936));
#5282=CARTESIAN_POINT('Ctrl Pts',(69.9683237938503,43.8964003129748,72.1035162724936));
#5283=CARTESIAN_POINT('Ctrl Pts',(72.1470402361439,46.0167480784309,72.1035162724936));
#5284=CARTESIAN_POINT('Ctrl Pts',(73.7395920798609,48.4670853959837,72.1035162724936));
#5285=CARTESIAN_POINT('',(64.4370497025956,41.9945271994121,72.1035162724936));
#5286=CARTESIAN_POINT('Origin',(65.9370497025956,41.9945271994121,72.1035162724936));
#5287=CARTESIAN_POINT('',(64.9346209949687,40.8786702703546,72.1035162724936));
#5288=CARTESIAN_POINT('Origin',(65.9370497025956,41.9945271994121,72.1035162724936));
#5289=CARTESIAN_POINT('',(47.9182198105859,39.8650386486877,72.1035162724936));
#5290=CARTESIAN_POINT('Ctrl Pts',(47.9182198105859,39.8650386486877,72.1035162724936));
#5291=CARTESIAN_POINT('Ctrl Pts',(53.7728686403075,37.808981917227,72.1035162724936));
#5292=CARTESIAN_POINT('Ctrl Pts',(59.8734220346189,38.4578604497679,72.1035162724936));
#5293=CARTESIAN_POINT('Ctrl Pts',(64.9346209948198,40.8786702702834,72.1035162724936));
#5294=CARTESIAN_POINT('',(47.178692566781,33.3838880299438,72.1035162724936));
#5295=CARTESIAN_POINT('Ctrl Pts',(47.178692566781,33.3838880299438,72.1035162724936));
#5296=CARTESIAN_POINT('Ctrl Pts',(46.6445804009485,35.2566867977966,72.1035162724936));
#5297=CARTESIAN_POINT('Ctrl Pts',(46.9732774888086,38.1154944214691,72.1035162724936));
#5298=CARTESIAN_POINT('Ctrl Pts',(47.9182198105859,39.8650386486877,72.1035162724936));
#5299=CARTESIAN_POINT('',(65.9695451653783,40.4948792257534,72.1035162724936));
#5300=CARTESIAN_POINT('Ctrl Pts',(65.9695451653783,40.4948792257534,72.1035162724936));
#5301=CARTESIAN_POINT('Ctrl Pts',(59.8629294505547,37.5114130306958,72.1035162724936));
#5302=CARTESIAN_POINT('Ctrl Pts',(53.5504597888265,35.153859273785,72.1035162724936));
#5303=CARTESIAN_POINT('Ctrl Pts',(47.178692566781,33.3838880299438,72.1035162724936));
#5304=CARTESIAN_POINT('',(67.1113615600735,41.0612578591963,72.1035162724936));
#5305=CARTESIAN_POINT('Origin',(65.9370497025956,41.9945271994121,72.1035162724936));
#5306=CARTESIAN_POINT('',(118.491346989541,103.268800530707,72.1035162724936));
#5307=CARTESIAN_POINT('Ctrl Pts',(118.491346989541,103.268800530707,72.1035162724936));
#5308=CARTESIAN_POINT('Ctrl Pts',(109.365271612582,72.5272869329233,72.1035162724936));
#5309=CARTESIAN_POINT('Ctrl Pts',(89.7253653853732,52.448745907817,72.1035162724936));
#5310=CARTESIAN_POINT('Ctrl Pts',(67.1113615600735,41.0612578591963,72.1035162724936));
#5311=CARTESIAN_POINT('',(111.219384030633,102.971020087706,72.1035162724936));
#5312=CARTESIAN_POINT('Ctrl Pts',(111.219384030633,102.971020087706,72.1035162724936));
#5313=CARTESIAN_POINT('Ctrl Pts',(113.109282408814,102.90594542607,72.1035162724936));
#5314=CARTESIAN_POINT('Ctrl Pts',(115.861948836808,102.964139039694,72.1035162724936));
#5315=CARTESIAN_POINT('Ctrl Pts',(118.491346989541,103.268800530707,72.1035162724936));
#5316=CARTESIAN_POINT('',(92.0459686713266,73.5897554203857,72.1035162724936));
#5317=CARTESIAN_POINT('Ctrl Pts',(92.0459686713266,73.5897554203857,72.1035162724936));
#5318=CARTESIAN_POINT('Ctrl Pts',(105.955588321023,74.4270732067932,72.1035162724936));
#5319=CARTESIAN_POINT('Ctrl Pts',(115.058308355241,85.8641990799773,72.1035162724936));
#5320=CARTESIAN_POINT('Ctrl Pts',(111.219384030633,102.971020087706,72.1035162724936));
#5321=CARTESIAN_POINT('',(89.6885161286401,60.4578864807952,72.1035162724936));
#5322=CARTESIAN_POINT('Ctrl Pts',(89.6885161286401,60.4578864807952,72.1035162724936));
#5323=CARTESIAN_POINT('Ctrl Pts',(91.5836199303674,65.903363833319,72.1035162724936));
#5324=CARTESIAN_POINT('Ctrl Pts',(91.7531738978433,69.8698141674865,72.1035162724936));
#5325=CARTESIAN_POINT('Ctrl Pts',(92.0459686713266,73.5897554203857,72.1035162724936));
#5326=CARTESIAN_POINT('',(76.5880582804727,58.0438884796966,72.1035162724936));
#5327=CARTESIAN_POINT('Ctrl Pts',(76.5880582804727,58.0438884796966,72.1035162724936));
#5328=CARTESIAN_POINT('Ctrl Pts',(80.2153594758081,58.2733666237701,72.1035162724936));
#5329=CARTESIAN_POINT('Ctrl Pts',(84.8286832615899,58.6260993084777,72.1035162724936));
#5330=CARTESIAN_POINT('Ctrl Pts',(89.6885161286401,60.4578864807952,72.1035162724936));
#5331=CARTESIAN_POINT('',(76.5624423305852,56.8708426551736,72.1035162724936));
#5332=CARTESIAN_POINT('Ctrl Pts',(76.5624423305852,56.8708426551736,72.1035162724936));
#5333=CARTESIAN_POINT('Ctrl Pts',(76.5848613411654,57.2589972041973,72.1035162724936));
#5334=CARTESIAN_POINT('Ctrl Pts',(76.5935569740075,57.6501264371207,72.1035162724936));
#5335=CARTESIAN_POINT('Ctrl Pts',(76.5880582804727,58.0438884796966,72.1035162724936));
#5336=CARTESIAN_POINT('',(76.5624423305852,59.7937304230219,72.1035162724936));
#5337=CARTESIAN_POINT('',(76.5624423305852,55.7568814235375,72.1035162724936));
#5338=CARTESIAN_POINT('',(55.5725428798342,59.7937304230219,72.1035162724936));
#5339=CARTESIAN_POINT('',(47.4997460165904,59.7937304230219,72.1035162724936));
#5340=CARTESIAN_POINT('',(55.5725428798342,57.6162446540701,72.1035162724936));
#5341=CARTESIAN_POINT('',(55.5725428798342,61.4202039370409,72.1035162724936));
#5342=CARTESIAN_POINT('',(60.6968343759651,74.1445238225239,72.1035162724936));
#5343=CARTESIAN_POINT('Ctrl Pts',(55.5725428798342,57.6162446540701,72.1035162724936));
#5344=CARTESIAN_POINT('Ctrl Pts',(51.6225137169404,60.9834744998843,72.1035162724936));
#5345=CARTESIAN_POINT('Ctrl Pts',(49.6322410130214,67.7005493119513,72.1035162724936));
#5346=CARTESIAN_POINT('Ctrl Pts',(60.6968340392916,74.1445244006072,72.1035162724936));
#5347=CARTESIAN_POINT('',(61.0639870303316,74.3505732076622,72.1035162724936));
#5348=CARTESIAN_POINT('Origin',(58.5490690988664,78.4016233137614,72.1035162724936));
#5349=CARTESIAN_POINT('',(63.3284161080407,78.4178612995971,72.1035162724936));
#5350=CARTESIAN_POINT('Ctrl Pts',(61.0639881924676,74.3505713356841,72.1035162724936));
#5351=CARTESIAN_POINT('Ctrl Pts',(62.4232767346429,75.1942619889129,72.1035162724936));
#5352=CARTESIAN_POINT('Ctrl Pts',(63.3284161080407,76.7003462220061,72.1035162724936));
#5353=CARTESIAN_POINT('Ctrl Pts',(63.3284161080407,78.4178612995971,72.1035162724936));
#5354=CARTESIAN_POINT('',(58.5448653580713,83.2014120495666,72.1035162724936));
#5355=CARTESIAN_POINT('Ctrl Pts',(63.3284161080407,78.4178612995971,72.1035162724936));
#5356=CARTESIAN_POINT('Ctrl Pts',(63.3284161080407,81.0597442280639,72.1035162724936));
#5357=CARTESIAN_POINT('Ctrl Pts',(61.1867482865381,83.2014120495666,72.1035162724936));
#5358=CARTESIAN_POINT('Ctrl Pts',(58.5448653580713,83.2014120495666,72.1035162724936));
#5359=CARTESIAN_POINT('',(53.7612871388482,78.4178612995971,72.1035162724936));
#5360=CARTESIAN_POINT('Ctrl Pts',(58.5448653580713,83.2014120495666,72.1035162724936));
#5361=CARTESIAN_POINT('Ctrl Pts',(55.9029824296045,83.2014120495666,72.1035162724936));
#5362=CARTESIAN_POINT('Ctrl Pts',(53.7612871388482,81.0597442280639,72.1035162724936));
#5363=CARTESIAN_POINT('Ctrl Pts',(53.7612871388482,78.4178612995971,72.1035162724936));
#5364=CARTESIAN_POINT('',(58.5136053475427,74.0404159939635,72.1035162724936));
#5365=CARTESIAN_POINT('Ctrl Pts',(53.7612871388482,78.4178612995971,72.1035162724936));
#5366=CARTESIAN_POINT('Ctrl Pts',(53.7612871388482,75.7759783711303,72.1035162724936));
#5367=CARTESIAN_POINT('Ctrl Pts',(55.8717224190759,74.0404159939635,72.1035162724936));
#5368=CARTESIAN_POINT('Ctrl Pts',(58.5136053475427,74.0404159939635,72.1035162724936));
#5369=CARTESIAN_POINT('',(48.3566016278314,80.8332602326263,72.1035162724936));
#5370=CARTESIAN_POINT('Ctrl Pts',(58.5136053475427,74.0404159939635,72.1035162724936));
#5371=CARTESIAN_POINT('Ctrl Pts',(52.0705545834588,69.1265785744536,72.1035162724936));
#5372=CARTESIAN_POINT('Ctrl Pts',(47.3294987687158,76.9131230599273,72.1035162724936));
#5373=CARTESIAN_POINT('Ctrl Pts',(48.3566016278314,80.8332602326263,72.1035162724936));
#5374=CARTESIAN_POINT('',(41.6289419278192,82.3123147202361,72.1035162724936));
#5375=CARTESIAN_POINT('Ctrl Pts',(48.3566016278314,80.8332602326263,72.1035162724936));
#5376=CARTESIAN_POINT('Ctrl Pts',(45.456700000863,80.8743542359221,72.1035162724936));
#5377=CARTESIAN_POINT('Ctrl Pts',(43.9125708516168,81.0386753105987,72.1035162724936));
#5378=CARTESIAN_POINT('Ctrl Pts',(41.6289419278192,82.3123147202361,72.1035162724936));
#5379=CARTESIAN_POINT('',(46.2361950085687,92.3649352764953,72.1035162724936));
#5380=CARTESIAN_POINT('Ctrl Pts',(41.6289419278192,82.3123147202361,72.1035162724936));
#5381=CARTESIAN_POINT('Ctrl Pts',(42.9592778767633,86.3616397923339,72.1035162724936));
#5382=CARTESIAN_POINT('Ctrl Pts',(43.4268045720147,88.8086558361877,72.1035162724936));
#5383=CARTESIAN_POINT('Ctrl Pts',(46.2361950085687,92.3649352764953,72.1035162724936));
#5384=CARTESIAN_POINT('',(40.9429247899103,98.3135120076049,72.1035162724936));
#5385=CARTESIAN_POINT('Ctrl Pts',(46.2361950085687,92.3649352764953,72.1035162724936));
#5386=CARTESIAN_POINT('Ctrl Pts',(42.6625550000238,92.5068689095367,72.1035162724936));
#5387=CARTESIAN_POINT('Ctrl Pts',(40.6866641236352,95.335048315512,72.1035162724936));
#5388=CARTESIAN_POINT('Ctrl Pts',(40.9429247899103,98.3135120076049,72.1035162724936));
#5389=CARTESIAN_POINT('',(43.4355880861132,105.605760837753,72.1035162724936));
#5390=CARTESIAN_POINT('Ctrl Pts',(40.9429247899103,98.3135120076049,72.1035162724936));
#5391=CARTESIAN_POINT('Ctrl Pts',(41.1609026694662,100.84700485777,72.1035162724936));
#5392=CARTESIAN_POINT('Ctrl Pts',(42.8808597769167,103.520048221926,72.1035162724936));
#5393=CARTESIAN_POINT('Ctrl Pts',(43.4355880861132,105.605760837753,72.1035162724936));
#5394=CARTESIAN_POINT('',(45.4427332703269,107.324412551444,72.1035162724936));
#5395=CARTESIAN_POINT('Origin',(18.4370497025956,136.831921003354,72.1035162724936));
#5396=CARTESIAN_POINT('',(52.3258263566064,109.696413574301,72.1035162724936));
#5397=CARTESIAN_POINT('Ctrl Pts',(45.442733270327,107.324412551444,72.1035162724936));
#5398=CARTESIAN_POINT('Ctrl Pts',(47.462239682197,107.973309208483,72.1035162724936));
#5399=CARTESIAN_POINT('Ctrl Pts',(49.9551292234168,109.492442391146,72.1035162724936));
#5400=CARTESIAN_POINT('Ctrl Pts',(52.3258263566064,109.696413574301,72.1035162724936));
#5401=CARTESIAN_POINT('',(58.2744030877161,104.403157090269,72.1035162724936));
#5402=CARTESIAN_POINT('Ctrl Pts',(52.3258263566064,109.696413574301,72.1035162724936));
#5403=CARTESIAN_POINT('Ctrl Pts',(55.3042625794458,109.952674240576,72.1035162724936));
#5404=CARTESIAN_POINT('Ctrl Pts',(58.1324694546747,107.976797098814,72.1035162724936));
#5405=CARTESIAN_POINT('Ctrl Pts',(58.2744030877161,104.403157090269,72.1035162724936));
#5406=CARTESIAN_POINT('',(68.3270236439752,109.010410171019,72.1035162724936));
#5407=CARTESIAN_POINT('Ctrl Pts',(58.2744030877161,104.403157090269,72.1035162724936));
#5408=CARTESIAN_POINT('Ctrl Pts',(61.8307099972772,107.212533792197,72.1035162724936));
#5409=CARTESIAN_POINT('Ctrl Pts',(64.277726041131,107.680074222075,72.1035162724936));
#5410=CARTESIAN_POINT('Ctrl Pts',(68.3270236439752,109.010410171019,72.1035162724936));
#5411=CARTESIAN_POINT('',(69.8060781315851,102.282750471007,72.1035162724936));
#5412=CARTESIAN_POINT('Ctrl Pts',(68.3270236439752,109.010410171019,72.1035162724936));
#5413=CARTESIAN_POINT('Ctrl Pts',(69.6006355843591,106.726767512595,72.1035162724936));
#5414=CARTESIAN_POINT('Ctrl Pts',(69.7649841282892,105.182652097975,72.1035162724936));
#5415=CARTESIAN_POINT('Ctrl Pts',(69.8060781315851,102.282750471007,72.1035162724936));
#5416=CARTESIAN_POINT('',(76.5989361048746,92.1257604859221,72.1035162724936));
#5417=CARTESIAN_POINT('Ctrl Pts',(69.8060781315851,102.282750471007,72.1035162724936));
#5418=CARTESIAN_POINT('Ctrl Pts',(73.726215304284,103.309867064749,72.1035162724936));
#5419=CARTESIAN_POINT('Ctrl Pts',(81.5127735243844,98.568811250006,72.1035162724936));
#5420=CARTESIAN_POINT('Ctrl Pts',(76.5989361048746,92.1257604859221,72.1035162724936));
#5421=CARTESIAN_POINT('',(72.2214770646143,96.8780786946166,72.1035162724936));
#5422=CARTESIAN_POINT('Ctrl Pts',(76.5989361048746,92.1257604859221,72.1035162724936));
#5423=CARTESIAN_POINT('Ctrl Pts',(76.5989361048746,94.7676434143889,72.1035162724936));
#5424=CARTESIAN_POINT('Ctrl Pts',(74.8633874623346,96.8780786946166,72.1035162724936));
#5425=CARTESIAN_POINT('Ctrl Pts',(72.2214770646143,96.8780786946166,72.1035162724936));
#5426=CARTESIAN_POINT('',(67.4379263146448,92.0945004753936,72.1035162724936));
#5427=CARTESIAN_POINT('Ctrl Pts',(72.2214770646143,96.8780786946166,72.1035162724936));
#5428=CARTESIAN_POINT('Ctrl Pts',(69.5795941361474,96.8780786946166,72.1035162724936));
#5429=CARTESIAN_POINT('Ctrl Pts',(67.4379263146448,94.7364108731139,72.1035162724936));
#5430=CARTESIAN_POINT('Ctrl Pts',(67.4379263146448,92.0945004753936,72.1035162724936));
#5431=CARTESIAN_POINT('',(72.2214770646143,87.3109497254241,72.1035162724936));
#5432=CARTESIAN_POINT('Ctrl Pts',(67.4379263146448,92.0945004753936,72.1035162724936));
#5433=CARTESIAN_POINT('Ctrl Pts',(67.4379263146448,89.4526175469268,72.1035162724936));
#5434=CARTESIAN_POINT('Ctrl Pts',(69.5795941361474,87.3109497254241,72.1035162724936));
#5435=CARTESIAN_POINT('Ctrl Pts',(72.2214770646143,87.3109497254241,72.1035162724936));
#5436=CARTESIAN_POINT('',(76.2887532939004,89.5753776409972,72.1035162724936));
#5437=CARTESIAN_POINT('Ctrl Pts',(72.2214770646143,87.3109497254241,72.1035162724936));
#5438=CARTESIAN_POINT('Ctrl Pts',(73.9389784075784,87.3109497254241,72.1035162724936));
#5439=CARTESIAN_POINT('Ctrl Pts',(75.4450763752985,88.2160890988219,72.1035162724936));
#5440=CARTESIAN_POINT('Ctrl Pts',(76.2887532939004,89.5753776409972,72.1035162724936));
#5441=CARTESIAN_POINT('',(76.494813899331,89.9425316838134,72.1035162724936));
#5442=CARTESIAN_POINT('Origin',(72.2322196006414,92.0934578283337,72.1035162724936));
#5443=CARTESIAN_POINT('',(95.1993565699625,90.4596129124511,72.1035162724936));
#5444=CARTESIAN_POINT('Ctrl Pts',(76.494813899331,89.9425316838134,72.1035162724936));
#5445=CARTESIAN_POINT('Ctrl Pts',(85.3118949006128,105.081839937483,72.1035162724936));
#5446=CARTESIAN_POINT('Ctrl Pts',(94.6402611180353,95.7804347924102,72.1035162724936));
#5447=CARTESIAN_POINT('Ctrl Pts',(95.1993565699625,90.4596129124511,72.1035162724936));
#5448=CARTESIAN_POINT('',(98.1920980827749,103.344057513152,72.1035162724936));
#5449=CARTESIAN_POINT('Ctrl Pts',(95.1993565699625,90.4596129124511,72.1035162724936));
#5450=CARTESIAN_POINT('Ctrl Pts',(100.607650221393,92.6517118191921,72.1035162724936));
#5451=CARTESIAN_POINT('Ctrl Pts',(100.984959867064,98.3493889945185,72.1035162724936));
#5452=CARTESIAN_POINT('Ctrl Pts',(98.1920980827749,103.344057513152,72.1035162724936));
#5453=CARTESIAN_POINT('',(117.910846837575,105.157006101351,72.1035162724936));
#5454=CARTESIAN_POINT('Origin',(104.977962136305,137.679928683795,72.1035162724936));
#5455=CARTESIAN_POINT('',(106.397193388129,115.449971707852,72.1035162724936));
#5456=CARTESIAN_POINT('',(129.247751778295,95.0220499684978,72.1035162724936));
#5457=CARTESIAN_POINT('',(106.397193388129,115.449971707852,72.1035162724936));
#5458=CARTESIAN_POINT('',(122.445308615833,72.485654396978,72.1035162724936));
#5459=CARTESIAN_POINT('',(147.111165127445,97.9567634646452,72.1035162724936));
#5460=CARTESIAN_POINT('',(120.025432125827,122.170842812843,72.1035162724936));
#5461=CARTESIAN_POINT('',(134.9452366717,92.741446714484,72.1035162724936));
#5462=CARTESIAN_POINT('',(79.1757857531108,68.8340768346561,72.1035162724936));
#5463=CARTESIAN_POINT('Ctrl Pts',(134.9452366717,92.741446714484,72.1035162724936));
#5464=CARTESIAN_POINT('Ctrl Pts',(129.752321563595,91.3467767564804,72.1035162724936));
#5465=CARTESIAN_POINT('Ctrl Pts',(124.591557118576,87.9650020337861,72.1035162724936));
#5466=CARTESIAN_POINT('Ctrl Pts',(121.041743569093,82.2529261940826,72.1035162724936));
#5467=CARTESIAN_POINT('',(142.865782519822,82.5338787309204,72.1035162724936));
#5468=CARTESIAN_POINT('',(113.128215009684,109.118642719763,72.1035162724936));
#5469=CARTESIAN_POINT('',(137.72453293711,76.7829058572659,72.1035162724936));
#5470=CARTESIAN_POINT('',(107.266104729401,42.7122793337598,72.1035162724936));
#5471=CARTESIAN_POINT('',(112.774885450845,69.2472784745086,72.1035162724936));
#5472=CARTESIAN_POINT('Ctrl Pts',(112.774885450845,69.2472784745086,72.1035162724936));
#5473=CARTESIAN_POINT('Ctrl Pts',(116.730224047388,75.6643095266584,72.1035162724936));
#5474=CARTESIAN_POINT('Ctrl Pts',(128.777836966078,81.234610575311,72.1035162724936));
#5475=CARTESIAN_POINT('Ctrl Pts',(137.72453293711,76.7829058572659,72.1035162724936));
#5476=CARTESIAN_POINT('',(82.2522300284407,39.1392613711874,72.1035162724936));
#5477=CARTESIAN_POINT('Ctrl Pts',(82.2522300284407,39.1392613711874,72.1035162724936));
#5478=CARTESIAN_POINT('Ctrl Pts',(100.882240688708,51.3733757541575,72.1035162724936));
#5479=CARTESIAN_POINT('Ctrl Pts',(107.892667367698,63.6404182438052,72.1035162724936));
#5480=CARTESIAN_POINT('Ctrl Pts',(112.774885450845,69.2472784745086,72.1035162724936));
#5481=CARTESIAN_POINT('',(81.9356901518869,38.9321278599608,72.1035162724936));
#5482=CARTESIAN_POINT('Origin',(96.5882791670513,16.8855850356521,72.1035162724936));
#5483=CARTESIAN_POINT('',(110.33565694037,37.6570325798858,72.1035162724936));
#5484=CARTESIAN_POINT('Ctrl Pts',(110.33565694037,37.6570325798858,72.1035162724936));
#5485=CARTESIAN_POINT('Ctrl Pts',(104.112886772482,42.5937524292145,72.1035162724936));
#5486=CARTESIAN_POINT('Ctrl Pts',(92.7779334905948,45.9198229932592,72.1035162724936));
#5487=CARTESIAN_POINT('Ctrl Pts',(82.252230028441,39.1392613711869,72.1035162724936));
#5488=CARTESIAN_POINT('',(111.796746536164,59.9910190476287,72.1035162724936));
#5489=CARTESIAN_POINT('Ctrl Pts',(111.796746536164,59.9910190476287,72.1035162724936));
#5490=CARTESIAN_POINT('Ctrl Pts',(109.847267347054,56.672431058203,72.1035162724936));
#5491=CARTESIAN_POINT('Ctrl Pts',(107.260995922379,46.1323685978759,72.1035162724936));
#5492=CARTESIAN_POINT('Ctrl Pts',(110.33565694037,37.6570325798858,72.1035162724936));
#5493=CARTESIAN_POINT('',(121.058046571069,57.2652175495971,72.1035162724936));
#5494=CARTESIAN_POINT('Ctrl Pts',(121.058046571069,57.2652175495971,72.1035162724936));
#5495=CARTESIAN_POINT('Ctrl Pts',(119.560175644784,58.4946039917815,72.1035162724936));
#5496=CARTESIAN_POINT('Ctrl Pts',(115.655778354363,59.8671601834167,72.1035162724936));
#5497=CARTESIAN_POINT('Ctrl Pts',(111.796746536164,59.9910190476287,72.1035162724936));
#5498=CARTESIAN_POINT('',(132.370594771109,67.7270227961671,72.1035162724936));
#5499=CARTESIAN_POINT('Ctrl Pts',(132.370594771109,67.727022796167,72.1035162724936));
#5500=CARTESIAN_POINT('Ctrl Pts',(127.327560564001,65.4644478964864,72.1035162724936));
#5501=CARTESIAN_POINT('Ctrl Pts',(123.228497507811,61.6910809887899,72.1035162724936));
#5502=CARTESIAN_POINT('Ctrl Pts',(121.058046571069,57.2652175495971,72.1035162724936));
#5503=CARTESIAN_POINT('',(136.620024735932,49.7188627977107,72.1035162724936));
#5504=CARTESIAN_POINT('Origin',(151.065858117696,62.6331359959283,72.1035162724936));
#5505=CARTESIAN_POINT('',(136.696530811239,49.6332835320704,72.1035162724936));
#5506=CARTESIAN_POINT('',(132.131084785137,54.7401657850813,72.1035162724936));
#5507=CARTESIAN_POINT('',(135.875319030862,48.5681771862853,72.1035162724936));
#5508=CARTESIAN_POINT('Origin',(140.232234154092,47.6592279093144,72.1035162724936));
#5509=CARTESIAN_POINT('',(140.697573959069,44.9216337788451,72.1035162724936));
#5510=CARTESIAN_POINT('Ctrl Pts',(135.875319030862,48.5681771862853,72.1035162724936));
#5511=CARTESIAN_POINT('Ctrl Pts',(137.445063259034,48.1531167652953,72.1035162724936));
#5512=CARTESIAN_POINT('Ctrl Pts',(138.95997885714,47.1853474938262,72.1035162724936));
#5513=CARTESIAN_POINT('Ctrl Pts',(140.697573959069,44.9216337788451,72.1035162724936));
#5514=CARTESIAN_POINT('',(140.830442738442,41.0315205002654,72.1035162724936));
#5515=CARTESIAN_POINT('Ctrl Pts',(140.697573959069,44.9216337788451,72.1035162724936));
#5516=CARTESIAN_POINT('Ctrl Pts',(141.354720911508,43.8664848118652,72.1035162724936));
#5517=CARTESIAN_POINT('Ctrl Pts',(141.255213540559,43.1234689728606,72.1035162724936));
#5518=CARTESIAN_POINT('Ctrl Pts',(140.830442738442,41.0315205002654,72.1035162724936));
#5519=CARTESIAN_POINT('',(140.80328338105,40.8885621267072,72.1035162724936));
#5520=CARTESIAN_POINT('Origin',(353.202717866193,117.132678646208,72.1035162724936));
#5521=CARTESIAN_POINT('',(132.581241046613,33.5382280789484,72.1035162724936));
#5522=CARTESIAN_POINT('',(108.191423207805,11.7342405552691,72.1035162724936));
#5523=CARTESIAN_POINT('',(144.013682301934,28.6373442219541,72.1035162724936));
#5524=CARTESIAN_POINT('',(86.2909905849255,53.3820336282077,72.1035162724936));
#5525=CARTESIAN_POINT('',(146.324511165314,26.6062563221676,72.1035162724936));
#5526=CARTESIAN_POINT('Origin',(176.12501052346,44.7090410725569,72.1035162724936));
#5527=CARTESIAN_POINT('',(133.741307950825,15.3571355739158,72.1035162724936));
#5528=CARTESIAN_POINT('',(113.545982472241,-2.69706342346406,72.1035162724936));
#5529=CARTESIAN_POINT('',(129.247751778295,30.2442220233587,72.1035162724936));
#5530=CARTESIAN_POINT('',(120.084129111584,60.6031710587229,72.1035162724936));
#5531=CARTESIAN_POINT('',(119.541158538634,21.5667304859586,72.1035162724936));
#5532=CARTESIAN_POINT('',(100.934219852493,4.9325160917477,72.1035162724936));
#5533=CARTESIAN_POINT('',(103.75723334219,22.5650485615612,72.1035162724936));
#5534=CARTESIAN_POINT('Ctrl Pts',(119.541158538634,21.5667304859586,72.1035162724936));
#5535=CARTESIAN_POINT('Ctrl Pts',(114.208517139334,23.625867905574,72.1035162724936));
#5536=CARTESIAN_POINT('Ctrl Pts',(108.220158519255,24.5438484778442,72.1035162724936));
#5537=CARTESIAN_POINT('Ctrl Pts',(103.757233342196,22.5650485615639,72.1035162724936));
#5538=CARTESIAN_POINT('',(83.1150511734275,14.9178841396594,72.1035162724936));
#5539=CARTESIAN_POINT('Origin',(104.977962136305,-12.4136566919386,72.1035162724936));
#5540=CARTESIAN_POINT('',(82.6755646780685,14.5735893297012,72.1035162724936));
#5541=CARTESIAN_POINT('Origin',(65.9370497025956,36.3926662216293,72.1035162724936));
#5542=CARTESIAN_POINT('',(82.0308436461496,17.6203547242034,72.1035162724936));
#5543=CARTESIAN_POINT('Ctrl Pts',(82.6755646780685,14.5735893297012,72.1035162724936));
#5544=CARTESIAN_POINT('Ctrl Pts',(82.2023627330017,15.2949757972227,72.1035162724936));
#5545=CARTESIAN_POINT('Ctrl Pts',(82.0134399092915,16.6549190561672,72.1035162724936));
#5546=CARTESIAN_POINT('Ctrl Pts',(82.0308436461496,17.6203547242034,72.1035162724936));
#5547=CARTESIAN_POINT('',(78.5933961966562,16.5700128765929,72.1035162724936));
#5548=CARTESIAN_POINT('Ctrl Pts',(82.0308436461496,17.6203547242034,72.1035162724936));
#5549=CARTESIAN_POINT('Ctrl Pts',(79.9048745030451,18.2075649571288,72.1035162724936));
#5550=CARTESIAN_POINT('Ctrl Pts',(78.5933961966562,16.5700128765929,72.1035162724936));
#5551=CARTESIAN_POINT('',(72.1500295361566,18.7626361634124,72.1035162724936));
#5552=CARTESIAN_POINT('Ctrl Pts',(78.5933961966562,16.5700128765929,72.1035162724936));
#5553=CARTESIAN_POINT('Ctrl Pts',(76.2149708788919,18.1327936489928,72.1035162724936));
#5554=CARTESIAN_POINT('Ctrl Pts',(74.7003986464548,18.5226372952331,72.1035162724936));
#5555=CARTESIAN_POINT('Ctrl Pts',(72.1500295361566,18.7626361634124,72.1035162724936));
#5556=CARTESIAN_POINT('',(77.390270360856,36.3361460541595,72.1035162724936));
#5557=CARTESIAN_POINT('Ctrl Pts',(72.1500295361566,18.7626361634124,72.1035162724936));
#5558=CARTESIAN_POINT('Ctrl Pts',(69.6106343926477,24.4881625557769,72.1035162724936));
#5559=CARTESIAN_POINT('Ctrl Pts',(74.4859599186945,33.3962491940368,72.1035162724936));
#5560=CARTESIAN_POINT('Ctrl Pts',(77.390270360856,36.3361460541595,72.1035162724936));
#5561=CARTESIAN_POINT('',(39.3278892122393,22.5455342658718,72.1035162724936));
#5562=CARTESIAN_POINT('Ctrl Pts',(77.390270360856,36.3361460541595,72.1035162724936));
#5563=CARTESIAN_POINT('Ctrl Pts',(68.5417024361268,31.5142398338096,72.1035162724936));
#5564=CARTESIAN_POINT('Ctrl Pts',(55.6711238491258,25.2064526617631,72.1035162724936));
#5565=CARTESIAN_POINT('Ctrl Pts',(39.3278892122393,22.5455342658718,72.1035162724936));
#5566=CARTESIAN_POINT('',(-0.817253673958767,23.4953236145375,72.1035162724936));
#5567=CARTESIAN_POINT('Origin',(18.4370497025956,-11.5656490114979,72.1035162724936));
#5568=CARTESIAN_POINT('',(-33.8612640425635,36.3361460541595,72.1035162724936));
#5569=CARTESIAN_POINT('Ctrl Pts',(-0.817253673958768,23.4953236145375,72.1035162724936));
#5570=CARTESIAN_POINT('Ctrl Pts',(-14.7930137713816,26.5109589028648,72.1035162724936));
#5571=CARTESIAN_POINT('Ctrl Pts',(-25.93909167267,32.0190714570622,72.1035162724936));
#5572=CARTESIAN_POINT('Ctrl Pts',(-33.8612640425635,36.3361460541595,72.1035162724936));
#5573=CARTESIAN_POINT('',(-28.6210369524909,18.7626361634124,72.1035162724936));
#5574=CARTESIAN_POINT('Ctrl Pts',(-33.8612640425635,36.3361460541595,72.1035162724936));
#5575=CARTESIAN_POINT('Ctrl Pts',(-30.9569673350287,33.3962491940368,72.1035162724936));
#5576=CARTESIAN_POINT('Ctrl Pts',(-26.081641808982,24.4881625557769,72.1035162724936));
#5577=CARTESIAN_POINT('Ctrl Pts',(-28.6210369524909,18.7626361634124,72.1035162724936));
#5578=CARTESIAN_POINT('',(-35.0643898783636,16.5700128765929,72.1035162724936));
#5579=CARTESIAN_POINT('Ctrl Pts',(-28.6210369524909,18.7626361634124,72.1035162724936));
#5580=CARTESIAN_POINT('Ctrl Pts',(-31.1713923281622,18.5226098259795,72.1035162724936));
#5581=CARTESIAN_POINT('Ctrl Pts',(-32.6859645605994,18.1327936489928,72.1035162724936));
#5582=CARTESIAN_POINT('Ctrl Pts',(-35.0643898783636,16.5700128765929,72.1035162724936));
#5583=CARTESIAN_POINT('',(-38.501837327857,17.6203547242034,72.1035162724936));
#5584=CARTESIAN_POINT('Ctrl Pts',(-35.0643898783636,16.5700128765929,72.1035162724936));
#5585=CARTESIAN_POINT('Ctrl Pts',(-36.3758544501258,18.2075649571288,72.1035162724936));
#5586=CARTESIAN_POINT('Ctrl Pts',(-38.501837327857,17.6203547242034,72.1035162724936));
#5587=CARTESIAN_POINT('',(-39.7892663027716,14.0879460652221,72.1035162724936));
#5588=CARTESIAN_POINT('Ctrl Pts',(-38.501837327857,17.6203547242034,72.1035162724936));
#5589=CARTESIAN_POINT('Ctrl Pts',(-38.4780214850378,16.2992209751952,72.1035162724936));
#5590=CARTESIAN_POINT('Ctrl Pts',(-38.8405881625128,14.2393565907348,72.1035162724936));
#5591=CARTESIAN_POINT('Ctrl Pts',(-39.7892663027716,14.0879460652221,72.1035162724936));
#5592=CARTESIAN_POINT('',(-48.9050204977942,17.0387482190002,72.1035162724936));
#5593=CARTESIAN_POINT('Ctrl Pts',(-39.7892663027716,14.0879460652221,72.1035162724936));
#5594=CARTESIAN_POINT('Ctrl Pts',(-42.5144909464789,13.6530528431762,72.1035162724936));
#5595=CARTESIAN_POINT('Ctrl Pts',(-46.5040429228736,15.6207029435027,72.1035162724936));
#5596=CARTESIAN_POINT('Ctrl Pts',(-48.9050204977942,17.0387482190002,72.1035162724936));
#5597=CARTESIAN_POINT('',(-49.0381806263352,16.9376595626953,72.1035162724936));
#5598=CARTESIAN_POINT('Ctrl Pts',(-48.9050204977942,17.0387482190002,72.1035162724936));
#5599=CARTESIAN_POINT('Ctrl Pts',(-48.9494496658512,17.0051962258317,72.1035162724936));
#5600=CARTESIAN_POINT('Ctrl Pts',(-48.9938365725583,16.9714929091819,72.1035162724936));
#5601=CARTESIAN_POINT('Ctrl Pts',(-49.0381806263352,16.9376595626953,72.1035162724936));
#5602=CARTESIAN_POINT('',(-57.7583312236703,21.0224013566486,72.1035162724936));
#5603=CARTESIAN_POINT('Origin',(-68.1038627311133,-12.4136566919388,72.1035162724936));
#5604=CARTESIAN_POINT('',(-75.2664084325674,21.8456185349917,72.1035162724936));
#5605=CARTESIAN_POINT('Ctrl Pts',(-57.7583312236703,21.0224013566486,72.1035162724936));
#5606=CARTESIAN_POINT('Ctrl Pts',(-62.1028486862387,24.7159900299463,72.1035162724936));
#5607=CARTESIAN_POINT('Ctrl Pts',(-69.0532575614949,24.0934208626777,72.1035162724936));
#5608=CARTESIAN_POINT('Ctrl Pts',(-75.2664084325674,21.8456185349917,72.1035162724936));
#5609=CARTESIAN_POINT('',(-81.0367474323833,20.1092658905053,72.1035162724936));
#5610=CARTESIAN_POINT('Origin',(-68.1038627311133,-12.4136566919388,72.1035162724936));
#5611=CARTESIAN_POINT('',(-92.3736523731039,30.2442220233587,72.1035162724936));
#5612=CARTESIAN_POINT('',(-69.7285729176622,9.99999415817432,72.1035162724936));
#5613=CARTESIAN_POINT('',(-96.8672085456343,15.3571355739158,72.1035162724936));
#5614=CARTESIAN_POINT('',(-85.4568077926584,53.1596278340014,72.1035162724936));
#5615=CARTESIAN_POINT('',(-83.3568116553597,3.27912305318369,72.1035162724936));
#5616=CARTESIAN_POINT('',(-95.707141641422,33.5382280789484,72.1035162724936));
#5617=CARTESIAN_POINT('',(-42.1519291393186,56.4963934040763,72.1035162724936));
#5618=CARTESIAN_POINT('',(-97.2326154887723,34.9019698237679,72.1035162724936));
#5619=CARTESIAN_POINT('',(-76.4595945392175,16.331323146263,72.1035162724936));
#5620=CARTESIAN_POINT('',(-97.3013952162695,41.0315205002654,72.1035162724936));
#5621=CARTESIAN_POINT('Origin',(-259.16675121714,98.6824667813105,72.1035162724936));
#5622=CARTESIAN_POINT('',(-97.1685264368964,44.9216337788451,72.1035162724936));
#5623=CARTESIAN_POINT('Ctrl Pts',(-97.1685264368964,44.9216337788451,72.1035162724936));
#5624=CARTESIAN_POINT('Ctrl Pts',(-97.8256733893347,43.8664848118652,72.1035162724936));
#5625=CARTESIAN_POINT('Ctrl Pts',(-97.7261522837592,43.1234689728606,72.1035162724936));
#5626=CARTESIAN_POINT('Ctrl Pts',(-97.3013952162695,41.0315205002654,72.1035162724936));
#5627=CARTESIAN_POINT('',(-92.346271508689,48.5681771862853,72.1035162724936));
#5628=CARTESIAN_POINT('Ctrl Pts',(-92.346271508689,48.5681771862853,72.1035162724936));
#5629=CARTESIAN_POINT('Ctrl Pts',(-93.9160020022345,48.1531167652953,72.1035162724936));
#5630=CARTESIAN_POINT('Ctrl Pts',(-95.4309313349677,47.1853474938262,72.1035162724936));
#5631=CARTESIAN_POINT('Ctrl Pts',(-97.1685264368964,44.9216337788451,72.1035162724936));
#5632=CARTESIAN_POINT('',(-97.9195766337115,52.1128391975247,72.1035162724936));
#5633=CARTESIAN_POINT('Ctrl Pts',(-97.9195766337115,52.1128391975247,72.1035162724936));
#5634=CARTESIAN_POINT('Ctrl Pts',(-95.4999647904403,51.7675358303902,72.1035162724936));
#5635=CARTESIAN_POINT('Ctrl Pts',(-93.4169730435347,50.2912534552427,72.1035162724936));
#5636=CARTESIAN_POINT('Ctrl Pts',(-92.346271508689,48.5681771862853,72.1035162724936));
#5637=CARTESIAN_POINT('',(-96.1859513232495,69.7921481200233,72.1035162724936));
#5638=CARTESIAN_POINT('Origin',(-114.191758712505,62.6331359959282,72.1035162724936));
#5639=CARTESIAN_POINT('',(-77.5290814566565,57.2652175495971,72.1035162724936));
#5640=CARTESIAN_POINT('Ctrl Pts',(-96.1859513232495,69.7921481200233,72.1035162724936));
#5641=CARTESIAN_POINT('Ctrl Pts',(-87.9088307982475,68.7497282893725,72.1035162724936));
#5642=CARTESIAN_POINT('Ctrl Pts',(-80.6828977140044,63.6963204578273,72.1035162724936));
#5643=CARTESIAN_POINT('Ctrl Pts',(-77.5290814566565,57.2652175495971,72.1035162724936));
#5644=CARTESIAN_POINT('',(-68.2677676871253,59.9910190476287,72.1035162724936));
#5645=CARTESIAN_POINT('Ctrl Pts',(-77.5290814566565,57.2652175495971,72.1035162724936));
#5646=CARTESIAN_POINT('Ctrl Pts',(-76.0312105303717,58.4946039917815,72.1035162724936));
#5647=CARTESIAN_POINT('Ctrl Pts',(-72.1268132399512,59.8671601834167,72.1035162724936));
#5648=CARTESIAN_POINT('Ctrl Pts',(-68.2677676871253,59.9910190476287,72.1035162724936));
#5649=CARTESIAN_POINT('',(-66.8066780913306,37.6570325798858,72.1035162724936));
#5650=CARTESIAN_POINT('Ctrl Pts',(-68.2677676871253,59.9910190476287,72.1035162724936));
#5651=CARTESIAN_POINT('Ctrl Pts',(-66.3183022326422,56.672431058203,72.1035162724936));
#5652=CARTESIAN_POINT('Ctrl Pts',(-63.7320170733405,46.1323685978759,72.1035162724936));
#5653=CARTESIAN_POINT('Ctrl Pts',(-66.8066780913306,37.6570325798858,72.1035162724936));
#5654=CARTESIAN_POINT('',(-38.7232597035972,39.1392671182395,72.1035162724936));
#5655=CARTESIAN_POINT('Ctrl Pts',(-66.8066780913306,37.6570325798858,72.1035162724936));
#5656=CARTESIAN_POINT('Ctrl Pts',(-60.5839232797392,42.5937510344628,72.1035162724936));
#5657=CARTESIAN_POINT('Ctrl Pts',(-49.2489478534002,45.9198211138563,72.1035162724936));
#5658=CARTESIAN_POINT('Ctrl Pts',(-38.7232597035974,39.1392671182392,72.1035162724936));
#5659=CARTESIAN_POINT('',(-38.4067113028479,38.9321278599608,72.1035162724936));
#5660=CARTESIAN_POINT('Ctrl Pts',(-38.4067113028479,38.9321278599608,72.1035162724936));
#5661=CARTESIAN_POINT('Ctrl Pts',(-38.5125986956392,39.0011724283725,72.1035162724936));
#5662=CARTESIAN_POINT('Ctrl Pts',(-38.6181142604521,39.070219248887,72.1035162724936));
#5663=CARTESIAN_POINT('Ctrl Pts',(-38.7232597035972,39.1392671182395,72.1035162724936));
#5664=CARTESIAN_POINT('',(-69.245892867179,69.2472784745086,72.1035162724936));
#5665=CARTESIAN_POINT('Ctrl Pts',(-38.7232597035972,39.1392671182395,72.1035162724936));
#5666=CARTESIAN_POINT('Ctrl Pts',(-57.3532506070993,51.3733795958375,72.1035162724936));
#5667=CARTESIAN_POINT('Ctrl Pts',(-64.3637028636067,63.6404191217578,72.1035162724936));
#5668=CARTESIAN_POINT('Ctrl Pts',(-69.245892867179,69.2472784745086,72.1035162724936));
#5669=CARTESIAN_POINT('',(-98.3086339473798,73.7320954979435,72.1035162724936));
#5670=CARTESIAN_POINT('Ctrl Pts',(-69.245892867179,69.2472784745086,72.1035162724936));
#5671=CARTESIAN_POINT('Ctrl Pts',(-73.8517822238641,76.7197659509526,72.1035162724936));
#5672=CARTESIAN_POINT('Ctrl Pts',(-89.4308811402362,83.0440811435373,72.1035162724936));
#5673=CARTESIAN_POINT('Ctrl Pts',(-98.3086339471745,73.732095498159,72.1035162724936));
#5674=CARTESIAN_POINT('',(-99.7459253307405,75.547409194146,72.1035162724936));
#5675=CARTESIAN_POINT('Origin',(-114.191758712505,62.6331359959282,72.1035162724936));
#5676=CARTESIAN_POINT('',(-105.99168311463,82.5338787309204,72.1035162724936));
#5677=CARTESIAN_POINT('',(-95.4624642093322,70.7559536699071,72.1035162724936));
#5678=CARTESIAN_POINT('',(-104.052352354363,84.2675999083654,72.1035162724936));
#5679=CARTESIAN_POINT('',(-71.1118448678889,113.715725310757,72.1035162724936));
#5680=CARTESIAN_POINT('',(-100.028789931006,82.8011026177276,72.1035162724936));
#5681=CARTESIAN_POINT('Ctrl Pts',(-104.052352354363,84.2675999083656,72.1035162724936));
#5682=CARTESIAN_POINT('Ctrl Pts',(-102.684169441192,83.498635543406,72.1035162724936));
#5683=CARTESIAN_POINT('Ctrl Pts',(-101.259804388193,82.9775526707911,72.1035162724936));
#5684=CARTESIAN_POINT('Ctrl Pts',(-100.028789931006,82.8011026177276,72.1035162724936));
#5685=CARTESIAN_POINT('Ctrl Pts',(-100.028789931006,82.8011026177276,72.1035162724936));
#5686=CARTESIAN_POINT('Ctrl Pts',(-95.9404035803748,88.2824548153747,72.1035162724936));
#5687=CARTESIAN_POINT('Ctrl Pts',(-83.3917618319464,86.9737921074737,72.1035162724936));
#5688=CARTESIAN_POINT('Ctrl Pts',(-77.5127372508002,82.2529261940826,72.1035162724936));
#5689=CARTESIAN_POINT('',(-110.237065722253,97.9567634646451,72.1035162724936));
#5690=CARTESIAN_POINT('',(-49.5666483883351,71.9484366105248,72.1035162724936));
#5691=CARTESIAN_POINT('',(-110.101535441483,98.0779247037543,72.1035162724936));
#5692=CARTESIAN_POINT('',(-76.4664041323257,128.14702928949,72.1035162724936));
#5693=CARTESIAN_POINT('',(-105.436469590659,98.9480242951263,72.1035162724936));
#5694=CARTESIAN_POINT('Ctrl Pts',(-110.101535441483,98.0779247037542,72.1035162724936));
#5695=CARTESIAN_POINT('Ctrl Pts',(-108.206487653429,98.8320410925357,72.1035162724936));
#5696=CARTESIAN_POINT('Ctrl Pts',(-106.44652369585,98.9948314450456,72.1035162724936));
#5697=CARTESIAN_POINT('Ctrl Pts',(-105.436469590659,98.9480242951263,72.1035162724936));
#5698=CARTESIAN_POINT('Ctrl Pts',(-105.436469590659,98.9480242951263,72.1035162724936));
#5699=CARTESIAN_POINT('Ctrl Pts',(-105.796454158301,99.7601527760375,72.1035162724936));
#5700=CARTESIAN_POINT('Ctrl Pts',(-105.790053822227,100.830602117239,72.1035162724936));
#5701=CARTESIAN_POINT('Ctrl Pts',(-105.280032191749,101.612363338362,72.1035162724936));
#5702=CARTESIAN_POINT('',(-92.3736523731039,95.0220499684978,72.1035162724936));
#5703=CARTESIAN_POINT('',(-83.3244311243769,65.0421111722565,72.1035162724936));
#5704=CARTESIAN_POINT('',(-88.8946809819447,98.1321776992335,72.1035162724936));
#5705=CARTESIAN_POINT('',(-63.8546415125777,120.517449774279,72.1035162724936));
#5706=CARTESIAN_POINT('Ctrl Pts',(-88.8946809819448,98.1321776992336,72.1035162724936));
#5707=CARTESIAN_POINT('Ctrl Pts',(-85.8277022385754,96.3502965663645,72.1035162724936));
#5708=CARTESIAN_POINT('Ctrl Pts',(-83.1634077992243,94.1792994674205,72.1035162724936));
#5709=CARTESIAN_POINT('Ctrl Pts',(-81.3103615527106,92.1143332764495,72.1035162724936));
#5710=CARTESIAN_POINT('',(64.4370497025956,77.9945271994121,72.1035162724936));
#5711=CARTESIAN_POINT('Origin',(65.9370497025956,77.9945271994121,72.1035162724936));
#5712=CARTESIAN_POINT('',(114.751792689614,27.6757771443236,72.1035162724936));
#5713=CARTESIAN_POINT('',(84.873650429635,30.2695614098418,72.1035162724936));
#5714=CARTESIAN_POINT('Ctrl Pts',(114.751792689614,27.6757771443236,72.1035162724936));
#5715=CARTESIAN_POINT('Ctrl Pts',(105.310692655663,36.7928498635161,72.1035162724936));
#5716=CARTESIAN_POINT('Ctrl Pts',(91.7808079669046,34.3847577519286,72.1035162724936));
#5717=CARTESIAN_POINT('Ctrl Pts',(84.873650429635,30.2695614098418,72.1035162724936));
#5718=CARTESIAN_POINT('',(94.0296882849741,22.9296120484221,72.1035162724936));
#5719=CARTESIAN_POINT('Ctrl Pts',(84.873650429635,30.2695614098418,72.1035162724936));
#5720=CARTESIAN_POINT('Ctrl Pts',(86.538369601922,24.9512392319549,72.1035162724936));
#5721=CARTESIAN_POINT('Ctrl Pts',(89.8309304736185,22.5994590901244,72.1035162724936));
#5722=CARTESIAN_POINT('Ctrl Pts',(94.0296882849741,22.9296120484221,72.1035162724936));
#5723=CARTESIAN_POINT('Ctrl Pts',(94.0296882849741,22.9296120484221,72.1035162724936));
#5724=CARTESIAN_POINT('Ctrl Pts',(98.1180883702325,28.4109367768157,72.1035162724936));
#5725=CARTESIAN_POINT('Ctrl Pts',(108.478968889718,31.4340380059112,72.1035162724936));
#5726=CARTESIAN_POINT('Ctrl Pts',(114.751792689614,27.6757771443236,72.1035162724936));
#5727=CARTESIAN_POINT('',(-30.381524210802,76.9945271994121,72.1035162724936));
#5728=CARTESIAN_POINT('Origin',(-28.881524210802,76.9945271994121,72.1035162724936));
#5729=CARTESIAN_POINT('',(-30.3815242108277,40.9945271994121,72.1035162724936));
#5730=CARTESIAN_POINT('Origin',(-28.8815242108277,40.9945271994121,72.1035162724936));
#5731=CARTESIAN_POINT('',(-50.5006819666815,22.9296120484221,72.1035162724936));
#5732=CARTESIAN_POINT('',(-41.3446578459693,30.2695614098418,72.1035162724936));
#5733=CARTESIAN_POINT('Ctrl Pts',(-50.5006819666815,22.9296120484221,72.1035162724936));
#5734=CARTESIAN_POINT('Ctrl Pts',(-46.3019241553259,22.5994590901244,72.1035162724936));
#5735=CARTESIAN_POINT('Ctrl Pts',(-43.0093495490027,24.9512392319549,72.1035162724936));
#5736=CARTESIAN_POINT('Ctrl Pts',(-41.3446578459693,30.2695614098418,72.1035162724936));
#5737=CARTESIAN_POINT('',(-71.222772636695,27.6757771443236,72.1035162724936));
#5738=CARTESIAN_POINT('Ctrl Pts',(-41.3446578459693,30.2695614098418,72.1035162724936));
#5739=CARTESIAN_POINT('Ctrl Pts',(-48.2518016486121,34.3847577519286,72.1035162724936));
#5740=CARTESIAN_POINT('Ctrl Pts',(-61.7817000719977,36.7928498635161,72.1035162724936));
#5741=CARTESIAN_POINT('Ctrl Pts',(-71.222772636695,27.6757771443236,72.1035162724936));
#5742=CARTESIAN_POINT('Ctrl Pts',(-71.222772636695,27.6757771443236,72.1035162724936));
#5743=CARTESIAN_POINT('Ctrl Pts',(-64.9499488367987,31.4340380059112,72.1035162724936));
#5744=CARTESIAN_POINT('Ctrl Pts',(-54.5890683173133,28.4109367768157,72.1035162724936));
#5745=CARTESIAN_POINT('Ctrl Pts',(-50.5006819666815,22.9296120484221,72.1035162724936));
#5746=CARTESIAN_POINT('Origin',(18.4370497025956,63.0466774510599,72.1035162724936));
#5747=CARTESIAN_POINT('',(136.689858251306,107.273194059146,72.1035162724936));
#5748=CARTESIAN_POINT('',(133.741307950825,109.909136417941,72.1035162724936));
#5749=CARTESIAN_POINT('',(120.025432125827,122.170842812843,72.1035162724936));
#5750=CARTESIAN_POINT('',(131.199060579739,101.486707736489,72.1035162724936));
#5751=CARTESIAN_POINT('Ctrl Pts',(131.199060579739,101.486707736489,72.1035162724936));
#5752=CARTESIAN_POINT('Ctrl Pts',(132.946085676372,103.488287977298,72.1035162724936));
#5753=CARTESIAN_POINT('Ctrl Pts',(134.862758847949,105.510482482194,72.1035162724936));
#5754=CARTESIAN_POINT('Ctrl Pts',(136.689858251306,107.273194059146,72.1035162724936));
#5755=CARTESIAN_POINT('',(122.445308615833,72.485654396978,72.1035162724936));
#5756=CARTESIAN_POINT('Ctrl Pts',(140.830442738442,41.0315205002654,72.1035162724936));
#5757=CARTESIAN_POINT('Ctrl Pts',(140.830442738442,41.0315205002654,69.7035162724936));
#5758=CARTESIAN_POINT('Ctrl Pts',(138.390211600213,28.4332143414367,72.1035162724936));
#5759=CARTESIAN_POINT('Ctrl Pts',(138.390211600213,28.4332143414367,69.7035162724936));
#5760=CARTESIAN_POINT('Ctrl Pts',(149.814179700952,23.7251491001952,72.1035162724936));
#5761=CARTESIAN_POINT('Ctrl Pts',(149.814179700952,23.7251491001952,69.7035162724936));
#5762=CARTESIAN_POINT('Ctrl Pts',(155.846290432076,22.7364482575286,72.1035162724936));
#5763=CARTESIAN_POINT('Ctrl Pts',(155.846290432076,22.7364482575286,69.7035162724936));
#5764=CARTESIAN_POINT('',(140.80328338105,40.8885621267072,70.1035162724936));
#5765=CARTESIAN_POINT('',(140.80328338105,40.8885621267072,72.1035162724936));
#5766=CARTESIAN_POINT('',(140.830442738442,41.0315205002654,70.1035162724936));
#5767=CARTESIAN_POINT('',(140.830442738442,41.0315205002654,72.1035162724936));
#5768=CARTESIAN_POINT('Origin',(353.61186455247,117.279403962598,70.1035162724936));
#5769=CARTESIAN_POINT('Ctrl Pts',(140.830442738442,41.0315205002654,72.1035162724936));
#5770=CARTESIAN_POINT('Ctrl Pts',(140.830442738442,41.0315205002654,69.7035162724936));
#5771=CARTESIAN_POINT('Ctrl Pts',(138.390211600213,28.4332143414367,72.1035162724936));
#5772=CARTESIAN_POINT('Ctrl Pts',(138.390211600213,28.4332143414367,69.7035162724936));
#5773=CARTESIAN_POINT('Ctrl Pts',(149.814179700952,23.7251491001952,72.1035162724936));
#5774=CARTESIAN_POINT('Ctrl Pts',(149.814179700952,23.7251491001952,69.7035162724936));
#5775=CARTESIAN_POINT('Ctrl Pts',(155.846290432076,22.7364482575286,72.1035162724936));
#5776=CARTESIAN_POINT('Ctrl Pts',(155.846290432076,22.7364482575286,69.7035162724936));
#5777=CARTESIAN_POINT('',(146.324511165314,26.6062563221676,70.1035162724936));
#5778=CARTESIAN_POINT('',(146.324511165314,26.6062563221676,72.1035162724936));
#5779=CARTESIAN_POINT('',(144.013682301934,28.6373442219541,70.1035162724936));
#5780=CARTESIAN_POINT('',(144.013682301934,28.6373442219541,70.1035162724936));
#5781=CARTESIAN_POINT('Origin',(176.125010815266,44.7090412374554,70.1035162724936));
#5782=CARTESIAN_POINT('Ctrl Pts',(94.0296882849741,22.9296120484221,72.1035162724936));
#5783=CARTESIAN_POINT('Ctrl Pts',(94.0296882849741,22.9296120484221,69.7035162724936));
#5784=CARTESIAN_POINT('Ctrl Pts',(98.1180883702325,28.4109367768157,72.1035162724936));
#5785=CARTESIAN_POINT('Ctrl Pts',(98.1180883702325,28.4109367768157,69.7035162724936));
#5786=CARTESIAN_POINT('Ctrl Pts',(108.478968889718,31.4340380059112,72.1035162724936));
#5787=CARTESIAN_POINT('Ctrl Pts',(108.478968889718,31.4340380059112,69.7035162724936));
#5788=CARTESIAN_POINT('Ctrl Pts',(114.751792689614,27.6757771443236,72.1035162724936));
#5789=CARTESIAN_POINT('Ctrl Pts',(114.751792689614,27.6757771443236,69.7035162724936));
#5790=CARTESIAN_POINT('',(94.0296882849741,22.9296120484221,70.1035162724936));
#5791=CARTESIAN_POINT('',(94.0296882849741,22.9296120484221,72.1035162724936));
#5792=CARTESIAN_POINT('',(114.751792689614,27.6757771443236,70.1035162724936));
#5793=CARTESIAN_POINT('Ctrl Pts',(114.751792689614,27.6757771443236,70.1035162724936));
#5794=CARTESIAN_POINT('Ctrl Pts',(108.478968889718,31.4340380059112,70.1035162724936));
#5795=CARTESIAN_POINT('Ctrl Pts',(98.1180883702325,28.4109367768157,70.1035162724936));
#5796=CARTESIAN_POINT('Ctrl Pts',(94.0296882849741,22.9296120484221,70.1035162724936));
#5797=CARTESIAN_POINT('',(114.751792689614,27.6757771443236,72.1035162724936));
#5798=CARTESIAN_POINT('Ctrl Pts',(84.873650429635,30.2695614098418,72.1035162724936));
#5799=CARTESIAN_POINT('Ctrl Pts',(84.873650429635,30.2695614098418,69.7035162724936));
#5800=CARTESIAN_POINT('Ctrl Pts',(86.538369601922,24.9512392319549,72.1035162724936));
#5801=CARTESIAN_POINT('Ctrl Pts',(86.538369601922,24.9512392319549,69.7035162724936));
#5802=CARTESIAN_POINT('Ctrl Pts',(89.8309304736185,22.5994590901244,72.1035162724936));
#5803=CARTESIAN_POINT('Ctrl Pts',(89.8309304736185,22.5994590901244,69.7035162724936));
#5804=CARTESIAN_POINT('Ctrl Pts',(94.0296882849741,22.9296120484221,72.1035162724936));
#5805=CARTESIAN_POINT('Ctrl Pts',(94.0296882849741,22.9296120484221,69.7035162724936));
#5806=CARTESIAN_POINT('',(84.873650429635,30.2695614098418,70.1035162724936));
#5807=CARTESIAN_POINT('',(84.873650429635,30.2695614098418,72.1035162724936));
#5808=CARTESIAN_POINT('Ctrl Pts',(94.0296882849741,22.9296120484221,70.1035162724936));
#5809=CARTESIAN_POINT('Ctrl Pts',(89.8309304736185,22.5994590901244,70.1035162724936));
#5810=CARTESIAN_POINT('Ctrl Pts',(86.538369601922,24.9512392319549,70.1035162724936));
#5811=CARTESIAN_POINT('Ctrl Pts',(84.873650429635,30.2695614098418,70.1035162724936));
#5812=CARTESIAN_POINT('Ctrl Pts',(114.751792689614,27.6757771443236,72.1035162724936));
#5813=CARTESIAN_POINT('Ctrl Pts',(114.751792689614,27.6757771443236,69.7035162724936));
#5814=CARTESIAN_POINT('Ctrl Pts',(105.310692655663,36.7928498635161,72.1035162724936));
#5815=CARTESIAN_POINT('Ctrl Pts',(105.310692655663,36.7928498635161,69.7035162724936));
#5816=CARTESIAN_POINT('Ctrl Pts',(91.7808079669046,34.3847577519286,72.1035162724936));
#5817=CARTESIAN_POINT('Ctrl Pts',(91.7808079669046,34.3847577519286,69.7035162724936));
#5818=CARTESIAN_POINT('Ctrl Pts',(84.873650429635,30.2695614098418,72.1035162724936));
#5819=CARTESIAN_POINT('Ctrl Pts',(84.873650429635,30.2695614098418,69.7035162724936));
#5820=CARTESIAN_POINT('Ctrl Pts',(84.873650429635,30.2695614098418,70.1035162724936));
#5821=CARTESIAN_POINT('Ctrl Pts',(91.7808079669046,34.3847577519286,70.1035162724936));
#5822=CARTESIAN_POINT('Ctrl Pts',(105.310692655663,36.7928498635161,70.1035162724936));
#5823=CARTESIAN_POINT('Ctrl Pts',(114.751792689614,27.6757771443236,70.1035162724936));
#5824=CARTESIAN_POINT('Ctrl Pts',(-71.222772636695,27.6757771443236,72.1035162724936));
#5825=CARTESIAN_POINT('Ctrl Pts',(-71.222772636695,27.6757771443236,69.7035162724936));
#5826=CARTESIAN_POINT('Ctrl Pts',(-64.9499488367987,31.4340380059112,72.1035162724936));
#5827=CARTESIAN_POINT('Ctrl Pts',(-64.9499488367987,31.4340380059112,69.7035162724936));
#5828=CARTESIAN_POINT('Ctrl Pts',(-54.5890683173133,28.4109367768157,72.1035162724936));
#5829=CARTESIAN_POINT('Ctrl Pts',(-54.5890683173133,28.4109367768157,69.7035162724936));
#5830=CARTESIAN_POINT('Ctrl Pts',(-50.5006819666815,22.9296120484221,72.1035162724936));
#5831=CARTESIAN_POINT('Ctrl Pts',(-50.5006819666815,22.9296120484221,69.7035162724936));
#5832=CARTESIAN_POINT('',(-71.222772636695,27.6757771443236,70.1035162724936));
#5833=CARTESIAN_POINT('',(-71.222772636695,27.6757771443236,72.1035162724936));
#5834=CARTESIAN_POINT('',(-50.5006819666815,22.9296120484221,70.1035162724936));
#5835=CARTESIAN_POINT('Ctrl Pts',(-50.5006819666815,22.9296120484221,70.1035162724936));
#5836=CARTESIAN_POINT('Ctrl Pts',(-54.5890683173133,28.4109367768157,70.1035162724936));
#5837=CARTESIAN_POINT('Ctrl Pts',(-64.9499488367987,31.4340380059112,70.1035162724936));
#5838=CARTESIAN_POINT('Ctrl Pts',(-71.222772636695,27.6757771443236,70.1035162724936));
#5839=CARTESIAN_POINT('',(-50.5006819666815,22.9296120484221,72.1035162724936));
#5840=CARTESIAN_POINT('Ctrl Pts',(-41.3446578459693,30.2695614098418,72.1035162724936));
#5841=CARTESIAN_POINT('Ctrl Pts',(-41.3446578459693,30.2695614098418,69.7035162724936));
#5842=CARTESIAN_POINT('Ctrl Pts',(-48.2518016486121,34.3847577519286,72.1035162724936));
#5843=CARTESIAN_POINT('Ctrl Pts',(-48.2518016486121,34.3847577519286,69.7035162724936));
#5844=CARTESIAN_POINT('Ctrl Pts',(-61.7817000719977,36.7928498635161,72.1035162724936));
#5845=CARTESIAN_POINT('Ctrl Pts',(-61.7817000719977,36.7928498635161,69.7035162724936));
#5846=CARTESIAN_POINT('Ctrl Pts',(-71.222772636695,27.6757771443236,72.1035162724936));
#5847=CARTESIAN_POINT('Ctrl Pts',(-71.222772636695,27.6757771443236,69.7035162724936));
#5848=CARTESIAN_POINT('',(-41.3446578459693,30.2695614098418,70.1035162724936));
#5849=CARTESIAN_POINT('',(-41.3446578459693,30.2695614098418,72.1035162724936));
#5850=CARTESIAN_POINT('Ctrl Pts',(-71.222772636695,27.6757771443236,70.1035162724936));
#5851=CARTESIAN_POINT('Ctrl Pts',(-61.7817000719977,36.7928498635161,70.1035162724936));
#5852=CARTESIAN_POINT('Ctrl Pts',(-48.2518016486121,34.3847577519286,70.1035162724936));
#5853=CARTESIAN_POINT('Ctrl Pts',(-41.3446578459693,30.2695614098418,70.1035162724936));
#5854=CARTESIAN_POINT('Ctrl Pts',(-50.5006819666815,22.9296120484221,72.1035162724936));
#5855=CARTESIAN_POINT('Ctrl Pts',(-50.5006819666815,22.9296120484221,69.7035162724936));
#5856=CARTESIAN_POINT('Ctrl Pts',(-46.3019241553259,22.5994590901244,72.1035162724936));
#5857=CARTESIAN_POINT('Ctrl Pts',(-46.3019241553259,22.5994590901244,69.7035162724936));
#5858=CARTESIAN_POINT('Ctrl Pts',(-43.0093495490027,24.9512392319549,72.1035162724936));
#5859=CARTESIAN_POINT('Ctrl Pts',(-43.0093495490027,24.9512392319549,69.7035162724936));
#5860=CARTESIAN_POINT('Ctrl Pts',(-41.3446578459693,30.2695614098418,72.1035162724936));
#5861=CARTESIAN_POINT('Ctrl Pts',(-41.3446578459693,30.2695614098418,69.7035162724936));
#5862=CARTESIAN_POINT('Ctrl Pts',(-41.3446578459693,30.2695614098418,70.1035162724936));
#5863=CARTESIAN_POINT('Ctrl Pts',(-43.0093495490027,24.9512392319549,70.1035162724936));
#5864=CARTESIAN_POINT('Ctrl Pts',(-46.3019241553259,22.5994590901244,70.1035162724936));
#5865=CARTESIAN_POINT('Ctrl Pts',(-50.5006819666815,22.9296120484221,70.1035162724936));
#5866=CARTESIAN_POINT('Ctrl Pts',(-100.028789931006,82.8011026177276,72.1035162724936));
#5867=CARTESIAN_POINT('Ctrl Pts',(-100.028789931006,82.8011026177276,69.7035162724936));
#5868=CARTESIAN_POINT('Ctrl Pts',(-95.9404035803748,88.2824548153747,72.1035162724936));
#5869=CARTESIAN_POINT('Ctrl Pts',(-95.9404035803748,88.2824548153747,69.7035162724936));
#5870=CARTESIAN_POINT('Ctrl Pts',(-83.3917618319464,86.9737921074737,72.1035162724936));
#5871=CARTESIAN_POINT('Ctrl Pts',(-83.3917618319464,86.9737921074737,69.7035162724936));
#5872=CARTESIAN_POINT('Ctrl Pts',(-77.5127372508002,82.2529261940826,72.1035162724936));
#5873=CARTESIAN_POINT('Ctrl Pts',(-77.5127372508002,82.2529261940826,69.7035162724936));
#5874=CARTESIAN_POINT('',(-100.028789931006,82.8011026177276,70.1035162724936));
#5875=CARTESIAN_POINT('',(-100.028789931006,82.8011026177276,72.1035162724936));
#5876=CARTESIAN_POINT('Ctrl Pts',(-77.5127372508002,82.2529261940826,70.1035162724936));
#5877=CARTESIAN_POINT('Ctrl Pts',(-83.3917618319464,86.9737921074737,70.1035162724936));
#5878=CARTESIAN_POINT('Ctrl Pts',(-95.9404035803748,88.2824548153747,70.1035162724936));
#5879=CARTESIAN_POINT('Ctrl Pts',(-100.028789931006,82.8011026177276,70.1035162724936));
#5880=CARTESIAN_POINT('Ctrl Pts',(-108.659766739554,88.4783380623687,72.1035162724936));
#5881=CARTESIAN_POINT('Ctrl Pts',(-108.659766739554,88.4783380623687,69.7035162724936));
#5882=CARTESIAN_POINT('Ctrl Pts',(-106.863799473853,85.5228111969817,72.1035162724936));
#5883=CARTESIAN_POINT('Ctrl Pts',(-106.863799473853,85.5228111969817,69.7035162724936));
#5884=CARTESIAN_POINT('Ctrl Pts',(-102.914901992698,83.2147895760406,72.1035162724936));
#5885=CARTESIAN_POINT('Ctrl Pts',(-102.914901992698,83.2147895760406,69.7035162724936));
#5886=CARTESIAN_POINT('Ctrl Pts',(-100.028789931006,82.8011026177276,72.1035162724936));
#5887=CARTESIAN_POINT('Ctrl Pts',(-100.028789931006,82.8011026177276,69.7035162724936));
#5888=CARTESIAN_POINT('',(-104.052352354363,84.2675999083654,70.1035162724936));
#5889=CARTESIAN_POINT('',(-104.052352354363,84.2675999083654,70.1035162724936));
#5890=CARTESIAN_POINT('Ctrl Pts',(-100.028789931006,82.8011026177276,70.1035162724936));
#5891=CARTESIAN_POINT('Ctrl Pts',(-101.259804388193,82.9775526707912,70.1035162724936));
#5892=CARTESIAN_POINT('Ctrl Pts',(-102.684169441192,83.498635543406,70.1035162724936));
#5893=CARTESIAN_POINT('Ctrl Pts',(-104.052352354363,84.2675999083656,70.1035162724936));
#5894=CARTESIAN_POINT('Ctrl Pts',(121.058046571069,57.2652175495971,72.1035162724936));
#5895=CARTESIAN_POINT('Ctrl Pts',(121.058046571069,57.2652175495971,69.7035162724936));
#5896=CARTESIAN_POINT('Ctrl Pts',(123.228497507811,61.6910809887899,72.1035162724936));
#5897=CARTESIAN_POINT('Ctrl Pts',(123.228497507811,61.6910809887899,69.7035162724936));
#5898=CARTESIAN_POINT('Ctrl Pts',(127.327560564001,65.4644478964864,72.1035162724936));
#5899=CARTESIAN_POINT('Ctrl Pts',(127.327560564001,65.4644478964864,69.7035162724936));
#5900=CARTESIAN_POINT('Ctrl Pts',(132.370594771109,67.7270227961671,72.1035162724936));
#5901=CARTESIAN_POINT('Ctrl Pts',(132.370594771109,67.7270227961671,69.7035162724936));
#5902=CARTESIAN_POINT('',(121.058046571069,57.2652175495971,70.1035162724936));
#5903=CARTESIAN_POINT('',(121.058046571069,57.2652175495971,72.1035162724936));
#5904=CARTESIAN_POINT('',(132.370594771109,67.7270227961671,70.1035162724936));
#5905=CARTESIAN_POINT('Ctrl Pts',(132.370594771109,67.727022796167,70.1035162724936));
#5906=CARTESIAN_POINT('Ctrl Pts',(127.327560564001,65.4644478964864,70.1035162724936));
#5907=CARTESIAN_POINT('Ctrl Pts',(123.228497507811,61.6910809887899,70.1035162724936));
#5908=CARTESIAN_POINT('Ctrl Pts',(121.058046571069,57.2652175495971,70.1035162724936));
#5909=CARTESIAN_POINT('',(132.370594771109,67.7270227961671,72.1035162724936));
#5910=CARTESIAN_POINT('Ctrl Pts',(111.796746536164,59.9910190476287,72.1035162724936));
#5911=CARTESIAN_POINT('Ctrl Pts',(111.796746536164,59.9910190476287,69.7035162724936));
#5912=CARTESIAN_POINT('Ctrl Pts',(115.655778354363,59.8671601834167,72.1035162724936));
#5913=CARTESIAN_POINT('Ctrl Pts',(115.655778354363,59.8671601834167,69.7035162724936));
#5914=CARTESIAN_POINT('Ctrl Pts',(119.560175644784,58.4946039917815,72.1035162724936));
#5915=CARTESIAN_POINT('Ctrl Pts',(119.560175644784,58.4946039917815,69.7035162724936));
#5916=CARTESIAN_POINT('Ctrl Pts',(121.058046571069,57.2652175495971,72.1035162724936));
#5917=CARTESIAN_POINT('Ctrl Pts',(121.058046571069,57.2652175495971,69.7035162724936));
#5918=CARTESIAN_POINT('',(111.796746536164,59.9910190476287,70.1035162724936));
#5919=CARTESIAN_POINT('',(111.796746536164,59.9910190476287,72.1035162724936));
#5920=CARTESIAN_POINT('Ctrl Pts',(121.058046571069,57.2652175495971,70.1035162724936));
#5921=CARTESIAN_POINT('Ctrl Pts',(119.560175644784,58.4946039917815,70.1035162724936));
#5922=CARTESIAN_POINT('Ctrl Pts',(115.655778354363,59.8671601834167,70.1035162724936));
#5923=CARTESIAN_POINT('Ctrl Pts',(111.796746536164,59.9910190476287,70.1035162724936));
#5924=CARTESIAN_POINT('Ctrl Pts',(110.33565694037,37.6570325798858,72.1035162724936));
#5925=CARTESIAN_POINT('Ctrl Pts',(110.33565694037,37.6570325798858,69.7035162724936));
#5926=CARTESIAN_POINT('Ctrl Pts',(107.260995922379,46.1323685978759,72.1035162724936));
#5927=CARTESIAN_POINT('Ctrl Pts',(107.260995922379,46.1323685978759,69.7035162724936));
#5928=CARTESIAN_POINT('Ctrl Pts',(109.847267347054,56.672431058203,72.1035162724936));
#5929=CARTESIAN_POINT('Ctrl Pts',(109.847267347054,56.672431058203,69.7035162724936));
#5930=CARTESIAN_POINT('Ctrl Pts',(111.796746536164,59.9910190476287,72.1035162724936));
#5931=CARTESIAN_POINT('Ctrl Pts',(111.796746536164,59.9910190476287,69.7035162724936));
#5932=CARTESIAN_POINT('',(110.33565694037,37.6570325798858,70.1035162724936));
#5933=CARTESIAN_POINT('',(110.33565694037,37.6570325798858,72.1035162724936));
#5934=CARTESIAN_POINT('Ctrl Pts',(111.796746536164,59.9910190476287,70.1035162724936));
#5935=CARTESIAN_POINT('Ctrl Pts',(109.847267347054,56.672431058203,70.1035162724936));
#5936=CARTESIAN_POINT('Ctrl Pts',(107.260995922379,46.1323685978759,70.1035162724936));
#5937=CARTESIAN_POINT('Ctrl Pts',(110.33565694037,37.6570325798858,70.1035162724936));
#5938=CARTESIAN_POINT('Ctrl Pts',(82.252230028441,39.1392613711869,72.1035162724936));
#5939=CARTESIAN_POINT('Ctrl Pts',(82.252230028441,39.1392613711869,69.7035162724936));
#5940=CARTESIAN_POINT('Ctrl Pts',(92.7779334905948,45.9198229932592,72.1035162724936));
#5941=CARTESIAN_POINT('Ctrl Pts',(92.7779334905948,45.9198229932592,69.7035162724936));
#5942=CARTESIAN_POINT('Ctrl Pts',(104.112886772482,42.5937524292145,72.1035162724936));
#5943=CARTESIAN_POINT('Ctrl Pts',(104.112886772482,42.5937524292145,69.7035162724936));
#5944=CARTESIAN_POINT('Ctrl Pts',(110.33565694037,37.6570325798858,72.1035162724936));
#5945=CARTESIAN_POINT('Ctrl Pts',(110.33565694037,37.6570325798858,69.7035162724936));
#5946=CARTESIAN_POINT('',(82.2522300284407,39.1392613711874,70.1035162724936));
#5947=CARTESIAN_POINT('',(82.2522300284407,39.1392613711874,72.1035162724936));
#5948=CARTESIAN_POINT('Ctrl Pts',(110.33565694037,37.6570325798858,70.1035162724936));
#5949=CARTESIAN_POINT('Ctrl Pts',(104.112886772482,42.5937524292145,70.1035162724936));
#5950=CARTESIAN_POINT('Ctrl Pts',(92.7779334905948,45.9198229932592,70.1035162724936));
#5951=CARTESIAN_POINT('Ctrl Pts',(82.252230028441,39.1392613711869,70.1035162724936));
#5952=CARTESIAN_POINT('Ctrl Pts',(112.774885450845,69.2472784745086,72.1035162724936));
#5953=CARTESIAN_POINT('Ctrl Pts',(112.774885450845,69.2472784745086,69.7035162724936));
#5954=CARTESIAN_POINT('Ctrl Pts',(107.892667367698,63.6404182438052,72.1035162724936));
#5955=CARTESIAN_POINT('Ctrl Pts',(107.892667367698,63.6404182438052,69.7035162724936));
#5956=CARTESIAN_POINT('Ctrl Pts',(100.882240688708,51.3733757541575,72.1035162724936));
#5957=CARTESIAN_POINT('Ctrl Pts',(100.882240688708,51.3733757541575,69.7035162724936));
#5958=CARTESIAN_POINT('Ctrl Pts',(82.2522300284407,39.1392613711874,72.1035162724936));
#5959=CARTESIAN_POINT('Ctrl Pts',(82.2522300284407,39.1392613711874,69.7035162724936));
#5960=CARTESIAN_POINT('',(112.774885450845,69.2472784745086,70.1035162724936));
#5961=CARTESIAN_POINT('',(112.774885450845,69.2472784745086,72.1035162724936));
#5962=CARTESIAN_POINT('Ctrl Pts',(82.2522300284407,39.1392613711874,70.1035162724936));
#5963=CARTESIAN_POINT('Ctrl Pts',(100.882240688708,51.3733757541575,70.1035162724936));
#5964=CARTESIAN_POINT('Ctrl Pts',(107.892667367698,63.6404182438052,70.1035162724936));
#5965=CARTESIAN_POINT('Ctrl Pts',(112.774885450845,69.2472784745086,70.1035162724936));
#5966=CARTESIAN_POINT('Ctrl Pts',(137.72453293711,76.7829058572659,72.1035162724936));
#5967=CARTESIAN_POINT('Ctrl Pts',(137.72453293711,76.7829058572659,69.7035162724936));
#5968=CARTESIAN_POINT('Ctrl Pts',(128.777836966078,81.234610575311,72.1035162724936));
#5969=CARTESIAN_POINT('Ctrl Pts',(128.777836966078,81.234610575311,69.7035162724936));
#5970=CARTESIAN_POINT('Ctrl Pts',(116.730224047388,75.6643095266584,72.1035162724936));
#5971=CARTESIAN_POINT('Ctrl Pts',(116.730224047388,75.6643095266584,69.7035162724936));
#5972=CARTESIAN_POINT('Ctrl Pts',(112.774885450845,69.2472784745086,72.1035162724936));
#5973=CARTESIAN_POINT('Ctrl Pts',(112.774885450845,69.2472784745086,69.7035162724936));
#5974=CARTESIAN_POINT('',(137.72453293711,76.7829058572659,70.1035162724936));
#5975=CARTESIAN_POINT('',(137.72453293711,76.7829058572659,72.1035162724936));
#5976=CARTESIAN_POINT('Ctrl Pts',(112.774885450845,69.2472784745086,70.1035162724936));
#5977=CARTESIAN_POINT('Ctrl Pts',(116.730224047388,75.6643095266584,70.1035162724936));
#5978=CARTESIAN_POINT('Ctrl Pts',(128.777836966078,81.234610575311,70.1035162724936));
#5979=CARTESIAN_POINT('Ctrl Pts',(137.72453293711,76.7829058572659,70.1035162724936));
#5980=CARTESIAN_POINT('Ctrl Pts',(150.078350010747,90.6018161695533,72.1035162724936));
#5981=CARTESIAN_POINT('Ctrl Pts',(150.078350010747,90.6018161695533,69.7035162724936));
#5982=CARTESIAN_POINT('Ctrl Pts',(143.029330242758,95.9639475954005,72.1035162724936));
#5983=CARTESIAN_POINT('Ctrl Pts',(143.029330242758,95.9639475954005,69.7035162724936));
#5984=CARTESIAN_POINT('Ctrl Pts',(128.489713716509,94.2376036259661,72.1035162724936));
#5985=CARTESIAN_POINT('Ctrl Pts',(128.489713716509,94.2376036259661,69.7035162724936));
#5986=CARTESIAN_POINT('Ctrl Pts',(121.041743569093,82.2529261940826,72.1035162724936));
#5987=CARTESIAN_POINT('Ctrl Pts',(121.041743569093,82.2529261940826,69.7035162724936));
#5988=CARTESIAN_POINT('',(134.9452366717,92.741446714484,70.1035162724936));
#5989=CARTESIAN_POINT('',(134.9452366717,92.741446714484,70.1035162724936));
#5990=CARTESIAN_POINT('Ctrl Pts',(121.041743569093,82.2529261940826,70.1035162724936));
#5991=CARTESIAN_POINT('Ctrl Pts',(124.591557118576,87.965002033786,70.1035162724936));
#5992=CARTESIAN_POINT('Ctrl Pts',(129.752321563595,91.3467767564804,70.1035162724936));
#5993=CARTESIAN_POINT('Ctrl Pts',(134.9452366717,92.741446714484,70.1035162724936));
#5994=CARTESIAN_POINT('Ctrl Pts',(142.958334729295,112.302449126898,72.1035162724936));
#5995=CARTESIAN_POINT('Ctrl Pts',(142.958334729295,112.302449126898,69.7035162724936));
#5996=CARTESIAN_POINT('Ctrl Pts',(138.180923357491,109.930218125807,72.1035162724936));
#5997=CARTESIAN_POINT('Ctrl Pts',(138.180923357491,109.930218125807,69.7035162724936));
#5998=CARTESIAN_POINT('Ctrl Pts',(125.322579510026,95.8330384129394,72.1035162724936));
#5999=CARTESIAN_POINT('Ctrl Pts',(125.322579510026,95.8330384129394,69.7035162724936));
#6000=CARTESIAN_POINT('Ctrl Pts',(124.83938160563,92.1143332764495,72.1035162724936));
#6001=CARTESIAN_POINT('Ctrl Pts',(124.83938160563,92.1143332764495,69.7035162724936));
#6002=CARTESIAN_POINT('',(136.689858251306,107.273194059146,70.1035162724936));
#6003=CARTESIAN_POINT('',(136.689858251306,107.273194059146,70.1035162724936));
#6004=CARTESIAN_POINT('',(131.199060579739,101.486707736489,70.1035162724936));
#6005=CARTESIAN_POINT('Ctrl Pts',(131.199060579739,101.486707736489,70.1035162724936));
#6006=CARTESIAN_POINT('Ctrl Pts',(132.946085676372,103.488287977298,70.1035162724936));
#6007=CARTESIAN_POINT('Ctrl Pts',(134.862758847949,105.510482482194,70.1035162724936));
#6008=CARTESIAN_POINT('Ctrl Pts',(136.689858251306,107.273194059146,70.1035162724936));
#6009=CARTESIAN_POINT('',(131.199060579739,101.486707736489,72.1035162724936));
#6010=CARTESIAN_POINT('Ctrl Pts',(95.1993565699625,90.4596129124511,72.1035162724936));
#6011=CARTESIAN_POINT('Ctrl Pts',(95.1993565699625,90.4596129124511,69.7035162724936));
#6012=CARTESIAN_POINT('Ctrl Pts',(100.607650221392,92.6517118191916,72.1035162724936));
#6013=CARTESIAN_POINT('Ctrl Pts',(100.607650221392,92.6517118191916,69.7035162724936));
#6014=CARTESIAN_POINT('Ctrl Pts',(100.984959867064,98.3493889945159,72.1035162724936));
#6015=CARTESIAN_POINT('Ctrl Pts',(100.984959867064,98.3493889945159,69.7035162724936));
#6016=CARTESIAN_POINT('Ctrl Pts',(98.1920980827767,103.344057513149,72.1035162724936));
#6017=CARTESIAN_POINT('Ctrl Pts',(98.1920980827767,103.344057513149,69.7035162724936));
#6018=CARTESIAN_POINT('',(95.1993565699625,90.4596129124511,70.1035162724936));
#6019=CARTESIAN_POINT('',(95.1993565699625,90.4596129124511,72.1035162724936));
#6020=CARTESIAN_POINT('',(98.1920980827748,103.344057513152,70.1035162724936));
#6021=CARTESIAN_POINT('Ctrl Pts',(98.1920980827767,103.344057513149,70.1035162724936));
#6022=CARTESIAN_POINT('Ctrl Pts',(100.984959867064,98.3493889945159,70.1035162724936));
#6023=CARTESIAN_POINT('Ctrl Pts',(100.607650221392,92.6517118191916,70.1035162724936));
#6024=CARTESIAN_POINT('Ctrl Pts',(95.1993565699625,90.4596129124511,70.1035162724936));
#6025=CARTESIAN_POINT('',(98.1920980827767,103.344057513149,72.1035162724936));
#6026=CARTESIAN_POINT('Ctrl Pts',(76.494813899331,89.9425316838134,72.1035162724936));
#6027=CARTESIAN_POINT('Ctrl Pts',(76.494813899331,89.9425316838134,69.7035162724936));
#6028=CARTESIAN_POINT('Ctrl Pts',(85.3118949006128,105.081839937483,72.1035162724936));
#6029=CARTESIAN_POINT('Ctrl Pts',(85.3118949006128,105.081839937483,69.7035162724936));
#6030=CARTESIAN_POINT('Ctrl Pts',(94.6402611180353,95.7804347924102,72.1035162724936));
#6031=CARTESIAN_POINT('Ctrl Pts',(94.6402611180353,95.7804347924102,69.7035162724936));
#6032=CARTESIAN_POINT('Ctrl Pts',(95.1993565699625,90.4596129124511,72.1035162724936));
#6033=CARTESIAN_POINT('Ctrl Pts',(95.1993565699625,90.4596129124511,69.7035162724936));
#6034=CARTESIAN_POINT('',(76.494813899331,89.9425316838134,70.1035162724936));
#6035=CARTESIAN_POINT('',(76.494813899331,89.9425316838134,72.1035162724936));
#6036=CARTESIAN_POINT('Ctrl Pts',(95.1993565699625,90.4596129124511,70.1035162724936));
#6037=CARTESIAN_POINT('Ctrl Pts',(94.6402611180353,95.7804347924102,70.1035162724936));
#6038=CARTESIAN_POINT('Ctrl Pts',(85.3118949006128,105.081839937483,70.1035162724936));
#6039=CARTESIAN_POINT('Ctrl Pts',(76.494813899331,89.9425316838134,70.1035162724936));
#6040=CARTESIAN_POINT('Origin',(72.2316416045872,92.0938157594816,72.1035162724936));
#6041=CARTESIAN_POINT('',(76.2887532939004,89.5753776409972,70.1035162724936));
#6042=CARTESIAN_POINT('',(76.2887532939004,89.5753776409972,72.1035162724936));
#6043=CARTESIAN_POINT('Origin',(72.2322196006414,92.0934578283337,70.1035162724936));
#6044=CARTESIAN_POINT('Ctrl Pts',(72.2214770646143,87.3109497254241,72.1035162724936));
#6045=CARTESIAN_POINT('Ctrl Pts',(72.2214770646143,87.3109497254241,69.7035162724936));
#6046=CARTESIAN_POINT('Ctrl Pts',(73.9389784075784,87.3109497254241,72.1035162724936));
#6047=CARTESIAN_POINT('Ctrl Pts',(73.9389784075784,87.3109497254241,69.7035162724936));
#6048=CARTESIAN_POINT('Ctrl Pts',(75.4450763752985,88.2160890988219,72.1035162724936));
#6049=CARTESIAN_POINT('Ctrl Pts',(75.4450763752985,88.2160890988219,69.7035162724936));
#6050=CARTESIAN_POINT('Ctrl Pts',(76.2887532939004,89.5753776409972,72.1035162724936));
#6051=CARTESIAN_POINT('Ctrl Pts',(76.2887532939004,89.5753776409972,69.7035162724936));
#6052=CARTESIAN_POINT('',(72.2214770646143,87.3109497254241,70.1035162724936));
#6053=CARTESIAN_POINT('',(72.2214770646143,87.3109497254241,72.1035162724936));
#6054=CARTESIAN_POINT('Ctrl Pts',(76.2887532939004,89.5753776409972,70.1035162724936));
#6055=CARTESIAN_POINT('Ctrl Pts',(75.4450763752985,88.2160890988219,70.1035162724936));
#6056=CARTESIAN_POINT('Ctrl Pts',(73.9389784075784,87.3109497254241,70.1035162724936));
#6057=CARTESIAN_POINT('Ctrl Pts',(72.2214770646143,87.3109497254241,70.1035162724936));
#6058=CARTESIAN_POINT('Ctrl Pts',(67.4379263146448,92.0945004753936,72.1035162724936));
#6059=CARTESIAN_POINT('Ctrl Pts',(67.4379263146448,92.0945004753936,69.7035162724936));
#6060=CARTESIAN_POINT('Ctrl Pts',(67.4379263146448,89.4526175469268,72.1035162724936));
#6061=CARTESIAN_POINT('Ctrl Pts',(67.4379263146448,89.4526175469268,69.7035162724936));
#6062=CARTESIAN_POINT('Ctrl Pts',(69.5795941361474,87.3109497254241,72.1035162724936));
#6063=CARTESIAN_POINT('Ctrl Pts',(69.5795941361474,87.3109497254241,69.7035162724936));
#6064=CARTESIAN_POINT('Ctrl Pts',(72.2214770646143,87.3109497254241,72.1035162724936));
#6065=CARTESIAN_POINT('Ctrl Pts',(72.2214770646143,87.3109497254241,69.7035162724936));
#6066=CARTESIAN_POINT('',(67.4379263146448,92.0945004753936,70.1035162724936));
#6067=CARTESIAN_POINT('',(67.4379263146448,92.0945004753936,72.1035162724936));
#6068=CARTESIAN_POINT('Ctrl Pts',(72.2214770646143,87.3109497254241,70.1035162724936));
#6069=CARTESIAN_POINT('Ctrl Pts',(69.5795941361474,87.3109497254241,70.1035162724936));
#6070=CARTESIAN_POINT('Ctrl Pts',(67.4379263146448,89.4526175469268,70.1035162724936));
#6071=CARTESIAN_POINT('Ctrl Pts',(67.4379263146448,92.0945004753936,70.1035162724936));
#6072=CARTESIAN_POINT('Ctrl Pts',(72.2214770646143,96.8780786946166,72.1035162724936));
#6073=CARTESIAN_POINT('Ctrl Pts',(72.2214770646143,96.8780786946166,69.7035162724936));
#6074=CARTESIAN_POINT('Ctrl Pts',(69.5795941361474,96.8780786946166,72.1035162724936));
#6075=CARTESIAN_POINT('Ctrl Pts',(69.5795941361474,96.8780786946166,69.7035162724936));
#6076=CARTESIAN_POINT('Ctrl Pts',(67.4379263146448,94.7364108731139,72.1035162724936));
#6077=CARTESIAN_POINT('Ctrl Pts',(67.4379263146448,94.7364108731139,69.7035162724936));
#6078=CARTESIAN_POINT('Ctrl Pts',(67.4379263146448,92.0945004753936,72.1035162724936));
#6079=CARTESIAN_POINT('Ctrl Pts',(67.4379263146448,92.0945004753936,69.7035162724936));
#6080=CARTESIAN_POINT('',(72.2214770646143,96.8780786946166,70.1035162724936));
#6081=CARTESIAN_POINT('',(72.2214770646143,96.8780786946166,72.1035162724936));
#6082=CARTESIAN_POINT('Ctrl Pts',(67.4379263146448,92.0945004753936,70.1035162724936));
#6083=CARTESIAN_POINT('Ctrl Pts',(67.4379263146448,94.7364108731139,70.1035162724936));
#6084=CARTESIAN_POINT('Ctrl Pts',(69.5795941361474,96.8780786946166,70.1035162724936));
#6085=CARTESIAN_POINT('Ctrl Pts',(72.2214770646143,96.8780786946166,70.1035162724936));
#6086=CARTESIAN_POINT('Ctrl Pts',(76.5989361048746,92.1257604859221,72.1035162724936));
#6087=CARTESIAN_POINT('Ctrl Pts',(76.5989361048746,92.1257604859221,69.7035162724936));
#6088=CARTESIAN_POINT('Ctrl Pts',(76.5989361048746,94.7676434143889,72.1035162724936));
#6089=CARTESIAN_POINT('Ctrl Pts',(76.5989361048746,94.7676434143889,69.7035162724936));
#6090=CARTESIAN_POINT('Ctrl Pts',(74.8633874623346,96.8780786946166,72.1035162724936));
#6091=CARTESIAN_POINT('Ctrl Pts',(74.8633874623346,96.8780786946166,69.7035162724936));
#6092=CARTESIAN_POINT('Ctrl Pts',(72.2214770646143,96.8780786946166,72.1035162724936));
#6093=CARTESIAN_POINT('Ctrl Pts',(72.2214770646143,96.8780786946166,69.7035162724936));
#6094=CARTESIAN_POINT('',(76.5989361048746,92.1257604859221,70.1035162724936));
#6095=CARTESIAN_POINT('',(76.5989361048746,92.1257604859221,72.1035162724936));
#6096=CARTESIAN_POINT('Ctrl Pts',(72.2214770646143,96.8780786946166,70.1035162724936));
#6097=CARTESIAN_POINT('Ctrl Pts',(74.8633874623346,96.8780786946166,70.1035162724936));
#6098=CARTESIAN_POINT('Ctrl Pts',(76.5989361048746,94.7676434143889,70.1035162724936));
#6099=CARTESIAN_POINT('Ctrl Pts',(76.5989361048746,92.1257604859221,70.1035162724936));
#6100=CARTESIAN_POINT('Ctrl Pts',(69.8060781315851,102.282750471007,72.1035162724936));
#6101=CARTESIAN_POINT('Ctrl Pts',(69.8060781315851,102.282750471007,69.7035162724936));
#6102=CARTESIAN_POINT('Ctrl Pts',(73.726215304284,103.309867064749,72.1035162724936));
#6103=CARTESIAN_POINT('Ctrl Pts',(73.726215304284,103.309867064749,69.7035162724936));
#6104=CARTESIAN_POINT('Ctrl Pts',(81.5127735243844,98.568811250006,72.1035162724936));
#6105=CARTESIAN_POINT('Ctrl Pts',(81.5127735243844,98.568811250006,69.7035162724936));
#6106=CARTESIAN_POINT('Ctrl Pts',(76.5989361048746,92.1257604859221,72.1035162724936));
#6107=CARTESIAN_POINT('Ctrl Pts',(76.5989361048746,92.1257604859221,69.7035162724936));
#6108=CARTESIAN_POINT('',(69.8060781315851,102.282750471007,70.1035162724936));
#6109=CARTESIAN_POINT('',(69.8060781315851,102.282750471007,72.1035162724936));
#6110=CARTESIAN_POINT('Ctrl Pts',(76.5989361048746,92.1257604859221,70.1035162724936));
#6111=CARTESIAN_POINT('Ctrl Pts',(81.5127735243844,98.568811250006,70.1035162724936));
#6112=CARTESIAN_POINT('Ctrl Pts',(73.726215304284,103.309867064749,70.1035162724936));
#6113=CARTESIAN_POINT('Ctrl Pts',(69.8060781315851,102.282750471007,70.1035162724936));
#6114=CARTESIAN_POINT('Ctrl Pts',(68.3270236439752,109.010410171019,72.1035162724936));
#6115=CARTESIAN_POINT('Ctrl Pts',(68.3270236439752,109.010410171019,69.7035162724936));
#6116=CARTESIAN_POINT('Ctrl Pts',(69.6006355843591,106.726767512595,72.1035162724936));
#6117=CARTESIAN_POINT('Ctrl Pts',(69.6006355843591,106.726767512595,69.7035162724936));
#6118=CARTESIAN_POINT('Ctrl Pts',(69.7649841282892,105.182652097975,72.1035162724936));
#6119=CARTESIAN_POINT('Ctrl Pts',(69.7649841282892,105.182652097975,69.7035162724936));
#6120=CARTESIAN_POINT('Ctrl Pts',(69.8060781315851,102.282750471007,72.1035162724936));
#6121=CARTESIAN_POINT('Ctrl Pts',(69.8060781315851,102.282750471007,69.7035162724936));
#6122=CARTESIAN_POINT('',(68.3270236439752,109.010410171019,70.1035162724936));
#6123=CARTESIAN_POINT('',(68.3270236439752,109.010410171019,72.1035162724936));
#6124=CARTESIAN_POINT('Ctrl Pts',(69.8060781315851,102.282750471007,70.1035162724936));
#6125=CARTESIAN_POINT('Ctrl Pts',(69.7649841282892,105.182652097975,70.1035162724936));
#6126=CARTESIAN_POINT('Ctrl Pts',(69.6006355843591,106.726767512595,70.1035162724936));
#6127=CARTESIAN_POINT('Ctrl Pts',(68.3270236439752,109.010410171019,70.1035162724936));
#6128=CARTESIAN_POINT('Ctrl Pts',(58.2744030877161,104.403157090269,72.1035162724936));
#6129=CARTESIAN_POINT('Ctrl Pts',(58.2744030877161,104.403157090269,69.7035162724936));
#6130=CARTESIAN_POINT('Ctrl Pts',(61.8307099972772,107.212533792197,72.1035162724936));
#6131=CARTESIAN_POINT('Ctrl Pts',(61.8307099972772,107.212533792197,69.7035162724936));
#6132=CARTESIAN_POINT('Ctrl Pts',(64.277726041131,107.680074222075,72.1035162724936));
#6133=CARTESIAN_POINT('Ctrl Pts',(64.277726041131,107.680074222075,69.7035162724936));
#6134=CARTESIAN_POINT('Ctrl Pts',(68.3270236439752,109.010410171019,72.1035162724936));
#6135=CARTESIAN_POINT('Ctrl Pts',(68.3270236439752,109.010410171019,69.7035162724936));
#6136=CARTESIAN_POINT('',(58.2744030877161,104.403157090269,70.1035162724936));
#6137=CARTESIAN_POINT('',(58.2744030877161,104.403157090269,72.1035162724936));
#6138=CARTESIAN_POINT('Ctrl Pts',(68.3270236439752,109.010410171019,70.1035162724936));
#6139=CARTESIAN_POINT('Ctrl Pts',(64.277726041131,107.680074222075,70.1035162724936));
#6140=CARTESIAN_POINT('Ctrl Pts',(61.8307099972772,107.212533792197,70.1035162724936));
#6141=CARTESIAN_POINT('Ctrl Pts',(58.2744030877161,104.403157090269,70.1035162724936));
#6142=CARTESIAN_POINT('Ctrl Pts',(52.3258263566064,109.696413574301,72.1035162724936));
#6143=CARTESIAN_POINT('Ctrl Pts',(52.3258263566064,109.696413574301,69.7035162724936));
#6144=CARTESIAN_POINT('Ctrl Pts',(55.3042625794458,109.952674240576,72.1035162724936));
#6145=CARTESIAN_POINT('Ctrl Pts',(55.3042625794458,109.952674240576,69.7035162724936));
#6146=CARTESIAN_POINT('Ctrl Pts',(58.1324694546747,107.976797098814,72.1035162724936));
#6147=CARTESIAN_POINT('Ctrl Pts',(58.1324694546747,107.976797098814,69.7035162724936));
#6148=CARTESIAN_POINT('Ctrl Pts',(58.2744030877161,104.403157090269,72.1035162724936));
#6149=CARTESIAN_POINT('Ctrl Pts',(58.2744030877161,104.403157090269,69.7035162724936));
#6150=CARTESIAN_POINT('',(52.3258263566064,109.696413574301,70.1035162724936));
#6151=CARTESIAN_POINT('',(52.3258263566064,109.696413574301,72.1035162724936));
#6152=CARTESIAN_POINT('Ctrl Pts',(58.2744030877161,104.403157090269,70.1035162724936));
#6153=CARTESIAN_POINT('Ctrl Pts',(58.1324694546747,107.976797098814,70.1035162724936));
#6154=CARTESIAN_POINT('Ctrl Pts',(55.3042625794458,109.952674240576,70.1035162724936));
#6155=CARTESIAN_POINT('Ctrl Pts',(52.3258263566064,109.696413574301,70.1035162724936));
#6156=CARTESIAN_POINT('Ctrl Pts',(45.4427332703269,107.324412551444,72.1035162724936));
#6157=CARTESIAN_POINT('Ctrl Pts',(45.4427332703269,107.324412551444,69.7035162724936));
#6158=CARTESIAN_POINT('Ctrl Pts',(47.462239682197,107.973309208483,72.1035162724936));
#6159=CARTESIAN_POINT('Ctrl Pts',(47.462239682197,107.973309208483,69.7035162724936));
#6160=CARTESIAN_POINT('Ctrl Pts',(49.9551292234168,109.492442391146,72.1035162724936));
#6161=CARTESIAN_POINT('Ctrl Pts',(49.9551292234168,109.492442391146,69.7035162724936));
#6162=CARTESIAN_POINT('Ctrl Pts',(52.3258263566064,109.696413574301,72.1035162724936));
#6163=CARTESIAN_POINT('Ctrl Pts',(52.3258263566064,109.696413574301,69.7035162724936));
#6164=CARTESIAN_POINT('',(45.4427332703269,107.324412551444,70.1035162724936));
#6165=CARTESIAN_POINT('',(45.4427332703269,107.324412551444,72.1035162724936));
#6166=CARTESIAN_POINT('Ctrl Pts',(52.3258263566064,109.696413574301,70.1035162724936));
#6167=CARTESIAN_POINT('Ctrl Pts',(49.9551292234168,109.492442391146,70.1035162724936));
#6168=CARTESIAN_POINT('Ctrl Pts',(47.462239682197,107.973309208483,70.1035162724936));
#6169=CARTESIAN_POINT('Ctrl Pts',(45.442733270327,107.324412551444,70.1035162724936));
#6170=CARTESIAN_POINT('Ctrl Pts',(40.9429247899103,98.3135120076049,72.1035162724936));
#6171=CARTESIAN_POINT('Ctrl Pts',(40.9429247899103,98.3135120076049,69.7035162724936));
#6172=CARTESIAN_POINT('Ctrl Pts',(41.1609026694662,100.84700485777,72.1035162724936));
#6173=CARTESIAN_POINT('Ctrl Pts',(41.1609026694662,100.84700485777,69.7035162724936));
#6174=CARTESIAN_POINT('Ctrl Pts',(42.8808597769167,103.520048221926,72.1035162724936));
#6175=CARTESIAN_POINT('Ctrl Pts',(42.8808597769167,103.520048221926,69.7035162724936));
#6176=CARTESIAN_POINT('Ctrl Pts',(43.4355880861132,105.605760837753,72.1035162724936));
#6177=CARTESIAN_POINT('Ctrl Pts',(43.4355880861132,105.605760837753,69.7035162724936));
#6178=CARTESIAN_POINT('',(40.9429247899103,98.3135120076049,70.1035162724936));
#6179=CARTESIAN_POINT('',(40.9429247899103,98.3135120076049,72.1035162724936));
#6180=CARTESIAN_POINT('',(43.4355880861132,105.605760837753,70.1035162724936));
#6181=CARTESIAN_POINT('Ctrl Pts',(43.4355880861132,105.605760837753,70.1035162724936));
#6182=CARTESIAN_POINT('Ctrl Pts',(42.8808597769167,103.520048221926,70.1035162724936));
#6183=CARTESIAN_POINT('Ctrl Pts',(41.1609026694662,100.84700485777,70.1035162724936));
#6184=CARTESIAN_POINT('Ctrl Pts',(40.9429247899103,98.3135120076049,70.1035162724936));
#6185=CARTESIAN_POINT('',(43.4355880861132,105.605760837753,72.1035162724936));
#6186=CARTESIAN_POINT('Ctrl Pts',(46.2361950085687,92.3649352764953,72.1035162724936));
#6187=CARTESIAN_POINT('Ctrl Pts',(46.2361950085687,92.3649352764953,69.7035162724936));
#6188=CARTESIAN_POINT('Ctrl Pts',(42.6625550000238,92.5068689095367,72.1035162724936));
#6189=CARTESIAN_POINT('Ctrl Pts',(42.6625550000238,92.5068689095367,69.7035162724936));
#6190=CARTESIAN_POINT('Ctrl Pts',(40.6866641236352,95.335048315512,72.1035162724936));
#6191=CARTESIAN_POINT('Ctrl Pts',(40.6866641236352,95.335048315512,69.7035162724936));
#6192=CARTESIAN_POINT('Ctrl Pts',(40.9429247899103,98.3135120076049,72.1035162724936));
#6193=CARTESIAN_POINT('Ctrl Pts',(40.9429247899103,98.3135120076049,69.7035162724936));
#6194=CARTESIAN_POINT('',(46.2361950085687,92.3649352764953,70.1035162724936));
#6195=CARTESIAN_POINT('',(46.2361950085687,92.3649352764953,72.1035162724936));
#6196=CARTESIAN_POINT('Ctrl Pts',(40.9429247899103,98.3135120076049,70.1035162724936));
#6197=CARTESIAN_POINT('Ctrl Pts',(40.6866641236352,95.335048315512,70.1035162724936));
#6198=CARTESIAN_POINT('Ctrl Pts',(42.6625550000238,92.5068689095367,70.1035162724936));
#6199=CARTESIAN_POINT('Ctrl Pts',(46.2361950085687,92.3649352764953,70.1035162724936));
#6200=CARTESIAN_POINT('Ctrl Pts',(41.6289419278192,82.3123147202361,72.1035162724936));
#6201=CARTESIAN_POINT('Ctrl Pts',(41.6289419278192,82.3123147202361,69.7035162724936));
#6202=CARTESIAN_POINT('Ctrl Pts',(42.9592778767633,86.3616397923339,72.1035162724936));
#6203=CARTESIAN_POINT('Ctrl Pts',(42.9592778767633,86.3616397923339,69.7035162724936));
#6204=CARTESIAN_POINT('Ctrl Pts',(43.4268045720147,88.8086558361877,72.1035162724936));
#6205=CARTESIAN_POINT('Ctrl Pts',(43.4268045720147,88.8086558361877,69.7035162724936));
#6206=CARTESIAN_POINT('Ctrl Pts',(46.2361950085687,92.3649352764953,72.1035162724936));
#6207=CARTESIAN_POINT('Ctrl Pts',(46.2361950085687,92.3649352764953,69.7035162724936));
#6208=CARTESIAN_POINT('',(41.6289419278192,82.3123147202361,70.1035162724936));
#6209=CARTESIAN_POINT('',(41.6289419278192,82.3123147202361,72.1035162724936));
#6210=CARTESIAN_POINT('Ctrl Pts',(46.2361950085687,92.3649352764953,70.1035162724936));
#6211=CARTESIAN_POINT('Ctrl Pts',(43.4268045720147,88.8086558361877,70.1035162724936));
#6212=CARTESIAN_POINT('Ctrl Pts',(42.9592778767633,86.3616397923339,70.1035162724936));
#6213=CARTESIAN_POINT('Ctrl Pts',(41.6289419278192,82.3123147202361,70.1035162724936));
#6214=CARTESIAN_POINT('Ctrl Pts',(48.3566016278314,80.8332602326263,72.1035162724936));
#6215=CARTESIAN_POINT('Ctrl Pts',(48.3566016278314,80.8332602326263,69.7035162724936));
#6216=CARTESIAN_POINT('Ctrl Pts',(45.456700000863,80.8743542359221,72.1035162724936));
#6217=CARTESIAN_POINT('Ctrl Pts',(45.456700000863,80.8743542359221,69.7035162724936));
#6218=CARTESIAN_POINT('Ctrl Pts',(43.9125708516168,81.0386753105987,72.1035162724936));
#6219=CARTESIAN_POINT('Ctrl Pts',(43.9125708516168,81.0386753105987,69.7035162724936));
#6220=CARTESIAN_POINT('Ctrl Pts',(41.6289419278192,82.3123147202361,72.1035162724936));
#6221=CARTESIAN_POINT('Ctrl Pts',(41.6289419278192,82.3123147202361,69.7035162724936));
#6222=CARTESIAN_POINT('',(48.3566016278314,80.8332602326263,70.1035162724936));
#6223=CARTESIAN_POINT('',(48.3566016278314,80.8332602326263,72.1035162724936));
#6224=CARTESIAN_POINT('Ctrl Pts',(41.6289419278192,82.3123147202361,70.1035162724936));
#6225=CARTESIAN_POINT('Ctrl Pts',(43.9125708516168,81.0386753105987,70.1035162724936));
#6226=CARTESIAN_POINT('Ctrl Pts',(45.456700000863,80.8743542359221,70.1035162724936));
#6227=CARTESIAN_POINT('Ctrl Pts',(48.3566016278314,80.8332602326263,70.1035162724936));
#6228=CARTESIAN_POINT('Ctrl Pts',(58.5136053475427,74.0404159939635,72.1035162724936));
#6229=CARTESIAN_POINT('Ctrl Pts',(58.5136053475427,74.0404159939635,69.7035162724936));
#6230=CARTESIAN_POINT('Ctrl Pts',(52.0705545834588,69.1265785744536,72.1035162724936));
#6231=CARTESIAN_POINT('Ctrl Pts',(52.0705545834588,69.1265785744536,69.7035162724936));
#6232=CARTESIAN_POINT('Ctrl Pts',(47.3294987687158,76.9131230599273,72.1035162724936));
#6233=CARTESIAN_POINT('Ctrl Pts',(47.3294987687158,76.9131230599273,69.7035162724936));
#6234=CARTESIAN_POINT('Ctrl Pts',(48.3566016278314,80.8332602326263,72.1035162724936));
#6235=CARTESIAN_POINT('Ctrl Pts',(48.3566016278314,80.8332602326263,69.7035162724936));
#6236=CARTESIAN_POINT('',(58.5136053475427,74.0404159939635,70.1035162724936));
#6237=CARTESIAN_POINT('',(58.5136053475427,74.0404159939635,72.1035162724936));
#6238=CARTESIAN_POINT('Ctrl Pts',(48.3566016278314,80.8332602326263,70.1035162724936));
#6239=CARTESIAN_POINT('Ctrl Pts',(47.3294987687158,76.9131230599273,70.1035162724936));
#6240=CARTESIAN_POINT('Ctrl Pts',(52.0705545834588,69.1265785744536,70.1035162724936));
#6241=CARTESIAN_POINT('Ctrl Pts',(58.5136053475427,74.0404159939635,70.1035162724936));
#6242=CARTESIAN_POINT('Ctrl Pts',(53.7612871388482,78.4178612995971,72.1035162724936));
#6243=CARTESIAN_POINT('Ctrl Pts',(53.7612871388482,78.4178612995971,69.7035162724936));
#6244=CARTESIAN_POINT('Ctrl Pts',(53.7612871388482,75.7759783711303,72.1035162724936));
#6245=CARTESIAN_POINT('Ctrl Pts',(53.7612871388482,75.7759783711303,69.7035162724936));
#6246=CARTESIAN_POINT('Ctrl Pts',(55.8717224190759,74.0404159939635,72.1035162724936));
#6247=CARTESIAN_POINT('Ctrl Pts',(55.8717224190759,74.0404159939635,69.7035162724936));
#6248=CARTESIAN_POINT('Ctrl Pts',(58.5136053475427,74.0404159939635,72.1035162724936));
#6249=CARTESIAN_POINT('Ctrl Pts',(58.5136053475427,74.0404159939635,69.7035162724936));
#6250=CARTESIAN_POINT('',(53.7612871388482,78.4178612995971,70.1035162724936));
#6251=CARTESIAN_POINT('',(53.7612871388482,78.4178612995971,72.1035162724936));
#6252=CARTESIAN_POINT('Ctrl Pts',(58.5136053475427,74.0404159939635,70.1035162724936));
#6253=CARTESIAN_POINT('Ctrl Pts',(55.8717224190759,74.0404159939635,70.1035162724936));
#6254=CARTESIAN_POINT('Ctrl Pts',(53.7612871388482,75.7759783711303,70.1035162724936));
#6255=CARTESIAN_POINT('Ctrl Pts',(53.7612871388482,78.4178612995971,70.1035162724936));
#6256=CARTESIAN_POINT('Ctrl Pts',(58.5448653580713,83.2014120495666,72.1035162724936));
#6257=CARTESIAN_POINT('Ctrl Pts',(58.5448653580713,83.2014120495666,69.7035162724936));
#6258=CARTESIAN_POINT('Ctrl Pts',(55.9029824296045,83.2014120495666,72.1035162724936));
#6259=CARTESIAN_POINT('Ctrl Pts',(55.9029824296045,83.2014120495666,69.7035162724936));
#6260=CARTESIAN_POINT('Ctrl Pts',(53.7612871388482,81.0597442280639,72.1035162724936));
#6261=CARTESIAN_POINT('Ctrl Pts',(53.7612871388482,81.0597442280639,69.7035162724936));
#6262=CARTESIAN_POINT('Ctrl Pts',(53.7612871388482,78.4178612995971,72.1035162724936));
#6263=CARTESIAN_POINT('Ctrl Pts',(53.7612871388482,78.4178612995971,69.7035162724936));
#6264=CARTESIAN_POINT('',(58.5448653580713,83.2014120495666,70.1035162724936));
#6265=CARTESIAN_POINT('',(58.5448653580713,83.2014120495666,72.1035162724936));
#6266=CARTESIAN_POINT('Ctrl Pts',(53.7612871388482,78.4178612995971,70.1035162724936));
#6267=CARTESIAN_POINT('Ctrl Pts',(53.7612871388482,81.0597442280639,70.1035162724936));
#6268=CARTESIAN_POINT('Ctrl Pts',(55.9029824296045,83.2014120495666,70.1035162724936));
#6269=CARTESIAN_POINT('Ctrl Pts',(58.5448653580713,83.2014120495666,70.1035162724936));
#6270=CARTESIAN_POINT('Ctrl Pts',(63.3284161080407,78.4178612995971,72.1035162724936));
#6271=CARTESIAN_POINT('Ctrl Pts',(63.3284161080407,78.4178612995971,69.7035162724936));
#6272=CARTESIAN_POINT('Ctrl Pts',(63.3284161080407,81.0597442280639,72.1035162724936));
#6273=CARTESIAN_POINT('Ctrl Pts',(63.3284161080407,81.0597442280639,69.7035162724936));
#6274=CARTESIAN_POINT('Ctrl Pts',(61.1867482865381,83.2014120495666,72.1035162724936));
#6275=CARTESIAN_POINT('Ctrl Pts',(61.1867482865381,83.2014120495666,69.7035162724936));
#6276=CARTESIAN_POINT('Ctrl Pts',(58.5448653580713,83.2014120495666,72.1035162724936));
#6277=CARTESIAN_POINT('Ctrl Pts',(58.5448653580713,83.2014120495666,69.7035162724936));
#6278=CARTESIAN_POINT('',(63.3284161080407,78.4178612995971,70.1035162724936));
#6279=CARTESIAN_POINT('',(63.3284161080407,78.4178612995971,72.1035162724936));
#6280=CARTESIAN_POINT('Ctrl Pts',(58.5448653580713,83.2014120495666,70.1035162724936));
#6281=CARTESIAN_POINT('Ctrl Pts',(61.1867482865381,83.2014120495666,70.1035162724936));
#6282=CARTESIAN_POINT('Ctrl Pts',(63.3284161080407,81.0597442280639,70.1035162724936));
#6283=CARTESIAN_POINT('Ctrl Pts',(63.3284161080407,78.4178612995971,70.1035162724936));
#6284=CARTESIAN_POINT('Ctrl Pts',(61.0639881924676,74.3505713356841,72.1035162724936));
#6285=CARTESIAN_POINT('Ctrl Pts',(61.0639881924676,74.3505713356841,69.7035162724936));
#6286=CARTESIAN_POINT('Ctrl Pts',(62.4232767346429,75.1942619889129,72.1035162724936));
#6287=CARTESIAN_POINT('Ctrl Pts',(62.4232767346429,75.1942619889129,69.7035162724936));
#6288=CARTESIAN_POINT('Ctrl Pts',(63.3284161080407,76.7003462220061,72.1035162724936));
#6289=CARTESIAN_POINT('Ctrl Pts',(63.3284161080407,76.7003462220061,69.7035162724936));
#6290=CARTESIAN_POINT('Ctrl Pts',(63.3284161080407,78.4178612995971,72.1035162724936));
#6291=CARTESIAN_POINT('Ctrl Pts',(63.3284161080407,78.4178612995971,69.7035162724936));
#6292=CARTESIAN_POINT('',(61.0639870303316,74.3505732076622,70.1035162724936));
#6293=CARTESIAN_POINT('',(61.0639881924676,74.3505713356841,72.1035162724936));
#6294=CARTESIAN_POINT('Ctrl Pts',(63.3284161080407,78.4178612995971,70.1035162724936));
#6295=CARTESIAN_POINT('Ctrl Pts',(63.3284161080407,76.7003462220061,70.1035162724936));
#6296=CARTESIAN_POINT('Ctrl Pts',(62.4232767346429,75.1942619889129,70.1035162724936));
#6297=CARTESIAN_POINT('Ctrl Pts',(61.0639881924676,74.3505713356841,70.1035162724936));
#6298=CARTESIAN_POINT('Origin',(58.5490690988664,78.4016233137614,72.1035162724936));
#6299=CARTESIAN_POINT('',(60.6968343759651,74.1445238225239,70.1035162724936));
#6300=CARTESIAN_POINT('',(60.6968341496515,74.1445244648803,72.1035162724936));
#6301=CARTESIAN_POINT('Origin',(58.5490690988664,78.4016233137614,70.1035162724936));
#6302=CARTESIAN_POINT('Ctrl Pts',(55.572542879834,57.6162446540702,72.1035162724936));
#6303=CARTESIAN_POINT('Ctrl Pts',(55.572542879834,57.6162446540702,69.7035162724936));
#6304=CARTESIAN_POINT('Ctrl Pts',(51.6225137038077,60.9834745110796,72.1035162724936));
#6305=CARTESIAN_POINT('Ctrl Pts',(51.6225137038077,60.9834745110796,69.7035162724936));
#6306=CARTESIAN_POINT('Ctrl Pts',(49.6322409997873,67.7005493566161,72.1035162724936));
#6307=CARTESIAN_POINT('Ctrl Pts',(49.6322409997873,67.7005493566161,69.7035162724936));
#6308=CARTESIAN_POINT('Ctrl Pts',(60.6968341496515,74.1445244648803,72.1035162724936));
#6309=CARTESIAN_POINT('Ctrl Pts',(60.6968341496515,74.1445244648803,69.7035162724936));
#6310=CARTESIAN_POINT('',(55.5725428798342,57.6162446540701,70.1035162724936));
#6311=CARTESIAN_POINT('',(55.572542879834,57.6162446540702,72.1035162724936));
#6312=CARTESIAN_POINT('Ctrl Pts',(60.6968340392916,74.1445244006072,70.1035162724936));
#6313=CARTESIAN_POINT('Ctrl Pts',(49.6322410130215,67.7005493119514,70.1035162724936));
#6314=CARTESIAN_POINT('Ctrl Pts',(51.6225137169404,60.9834744998845,70.1035162724936));
#6315=CARTESIAN_POINT('Ctrl Pts',(55.572542879834,57.6162446540703,70.1035162724936));
#6316=CARTESIAN_POINT('Ctrl Pts',(76.5880582804727,58.0438884796966,72.1035162724936));
#6317=CARTESIAN_POINT('Ctrl Pts',(76.5880582804727,58.0438884796966,69.7035162724936));
#6318=CARTESIAN_POINT('Ctrl Pts',(76.5935569740075,57.6501264371207,72.1035162724936));
#6319=CARTESIAN_POINT('Ctrl Pts',(76.5935569740075,57.6501264371207,69.7035162724936));
#6320=CARTESIAN_POINT('Ctrl Pts',(76.5848613411654,57.2589972041973,72.1035162724936));
#6321=CARTESIAN_POINT('Ctrl Pts',(76.5848613411654,57.2589972041973,69.7035162724936));
#6322=CARTESIAN_POINT('Ctrl Pts',(76.5624423305852,56.8708426551736,72.1035162724936));
#6323=CARTESIAN_POINT('Ctrl Pts',(76.5624423305852,56.8708426551736,69.7035162724936));
#6324=CARTESIAN_POINT('',(76.5880582804727,58.0438884796966,70.1035162724936));
#6325=CARTESIAN_POINT('',(76.5880582804727,58.0438884796966,72.1035162724936));
#6326=CARTESIAN_POINT('',(76.5624423305852,56.8708426551736,70.1035162724936));
#6327=CARTESIAN_POINT('Ctrl Pts',(76.5624423305852,56.8708426551736,70.1035162724936));
#6328=CARTESIAN_POINT('Ctrl Pts',(76.5848613411654,57.2589972041973,70.1035162724936));
#6329=CARTESIAN_POINT('Ctrl Pts',(76.5935569740075,57.6501264371207,70.1035162724936));
#6330=CARTESIAN_POINT('Ctrl Pts',(76.5880582804727,58.0438884796966,70.1035162724936));
#6331=CARTESIAN_POINT('',(76.5624423305852,56.8708426551736,72.1035162724936));
#6332=CARTESIAN_POINT('Ctrl Pts',(89.6885161286401,60.4578864807952,72.1035162724936));
#6333=CARTESIAN_POINT('Ctrl Pts',(89.6885161286401,60.4578864807952,69.7035162724936));
#6334=CARTESIAN_POINT('Ctrl Pts',(84.8286832615899,58.6260993084777,72.1035162724936));
#6335=CARTESIAN_POINT('Ctrl Pts',(84.8286832615899,58.6260993084777,69.7035162724936));
#6336=CARTESIAN_POINT('Ctrl Pts',(80.2153594758081,58.2733666237701,72.1035162724936));
#6337=CARTESIAN_POINT('Ctrl Pts',(80.2153594758081,58.2733666237701,69.7035162724936));
#6338=CARTESIAN_POINT('Ctrl Pts',(76.5880582804727,58.0438884796966,72.1035162724936));
#6339=CARTESIAN_POINT('Ctrl Pts',(76.5880582804727,58.0438884796966,69.7035162724936));
#6340=CARTESIAN_POINT('',(89.6885161286401,60.4578864807952,70.1035162724936));
#6341=CARTESIAN_POINT('',(89.6885161286401,60.4578864807952,72.1035162724936));
#6342=CARTESIAN_POINT('Ctrl Pts',(76.5880582804727,58.0438884796966,70.1035162724936));
#6343=CARTESIAN_POINT('Ctrl Pts',(80.2153594758081,58.2733666237701,70.1035162724936));
#6344=CARTESIAN_POINT('Ctrl Pts',(84.8286832615899,58.6260993084777,70.1035162724936));
#6345=CARTESIAN_POINT('Ctrl Pts',(89.6885161286401,60.4578864807952,70.1035162724936));
#6346=CARTESIAN_POINT('Ctrl Pts',(92.0459686713266,73.5897554203857,72.1035162724936));
#6347=CARTESIAN_POINT('Ctrl Pts',(92.0459686713266,73.5897554203857,69.7035162724936));
#6348=CARTESIAN_POINT('Ctrl Pts',(91.7531738978433,69.8698141674865,72.1035162724936));
#6349=CARTESIAN_POINT('Ctrl Pts',(91.7531738978433,69.8698141674865,69.7035162724936));
#6350=CARTESIAN_POINT('Ctrl Pts',(91.5836199303674,65.903363833319,72.1035162724936));
#6351=CARTESIAN_POINT('Ctrl Pts',(91.5836199303674,65.903363833319,69.7035162724936));
#6352=CARTESIAN_POINT('Ctrl Pts',(89.6885161286401,60.4578864807952,72.1035162724936));
#6353=CARTESIAN_POINT('Ctrl Pts',(89.6885161286401,60.4578864807952,69.7035162724936));
#6354=CARTESIAN_POINT('',(92.0459686713266,73.5897554203857,70.1035162724936));
#6355=CARTESIAN_POINT('',(92.0459686713266,73.5897554203857,72.1035162724936));
#6356=CARTESIAN_POINT('Ctrl Pts',(89.6885161286401,60.4578864807952,70.1035162724936));
#6357=CARTESIAN_POINT('Ctrl Pts',(91.5836199303674,65.903363833319,70.1035162724936));
#6358=CARTESIAN_POINT('Ctrl Pts',(91.7531738978433,69.8698141674865,70.1035162724936));
#6359=CARTESIAN_POINT('Ctrl Pts',(92.0459686713266,73.5897554203857,70.1035162724936));
#6360=CARTESIAN_POINT('Ctrl Pts',(111.219384030633,102.971020087706,72.1035162724936));
#6361=CARTESIAN_POINT('Ctrl Pts',(111.219384030633,102.971020087706,69.7035162724936));
#6362=CARTESIAN_POINT('Ctrl Pts',(115.058308355241,85.8641990799773,72.1035162724936));
#6363=CARTESIAN_POINT('Ctrl Pts',(115.058308355241,85.8641990799773,69.7035162724936));
#6364=CARTESIAN_POINT('Ctrl Pts',(105.955588321023,74.4270732067932,72.1035162724936));
#6365=CARTESIAN_POINT('Ctrl Pts',(105.955588321023,74.4270732067932,69.7035162724936));
#6366=CARTESIAN_POINT('Ctrl Pts',(92.0459686713266,73.5897554203857,72.1035162724936));
#6367=CARTESIAN_POINT('Ctrl Pts',(92.0459686713266,73.5897554203857,69.7035162724936));
#6368=CARTESIAN_POINT('',(111.219384030633,102.971020087706,70.1035162724936));
#6369=CARTESIAN_POINT('',(111.219384030633,102.971020087706,72.1035162724936));
#6370=CARTESIAN_POINT('Ctrl Pts',(92.0459686713266,73.5897554203857,70.1035162724936));
#6371=CARTESIAN_POINT('Ctrl Pts',(105.955588321023,74.4270732067932,70.1035162724936));
#6372=CARTESIAN_POINT('Ctrl Pts',(115.058308355241,85.8641990799773,70.1035162724936));
#6373=CARTESIAN_POINT('Ctrl Pts',(111.219384030633,102.971020087706,70.1035162724936));
#6374=CARTESIAN_POINT('Ctrl Pts',(118.491346989541,103.268800530707,72.1035162724936));
#6375=CARTESIAN_POINT('Ctrl Pts',(118.491346989541,103.268800530707,69.7035162724936));
#6376=CARTESIAN_POINT('Ctrl Pts',(115.861948836808,102.964139039694,72.1035162724936));
#6377=CARTESIAN_POINT('Ctrl Pts',(115.861948836808,102.964139039694,69.7035162724936));
#6378=CARTESIAN_POINT('Ctrl Pts',(113.109282408814,102.90594542607,72.1035162724936));
#6379=CARTESIAN_POINT('Ctrl Pts',(113.109282408814,102.90594542607,69.7035162724936));
#6380=CARTESIAN_POINT('Ctrl Pts',(111.219384030633,102.971020087706,72.1035162724936));
#6381=CARTESIAN_POINT('Ctrl Pts',(111.219384030633,102.971020087706,69.7035162724936));
#6382=CARTESIAN_POINT('',(118.491346989541,103.268800530707,70.1035162724936));
#6383=CARTESIAN_POINT('',(118.491346989541,103.268800530707,72.1035162724936));
#6384=CARTESIAN_POINT('Ctrl Pts',(111.219384030633,102.971020087706,70.1035162724936));
#6385=CARTESIAN_POINT('Ctrl Pts',(113.109282408814,102.90594542607,70.1035162724936));
#6386=CARTESIAN_POINT('Ctrl Pts',(115.861948836808,102.964139039694,70.1035162724936));
#6387=CARTESIAN_POINT('Ctrl Pts',(118.491346989541,103.268800530707,70.1035162724936));
#6388=CARTESIAN_POINT('Ctrl Pts',(67.1113615600735,41.0612578591963,72.1035162724936));
#6389=CARTESIAN_POINT('Ctrl Pts',(67.1113615600735,41.0612578591963,69.7035162724936));
#6390=CARTESIAN_POINT('Ctrl Pts',(89.7253653853732,52.448745907817,72.1035162724936));
#6391=CARTESIAN_POINT('Ctrl Pts',(89.7253653853732,52.448745907817,69.7035162724936));
#6392=CARTESIAN_POINT('Ctrl Pts',(109.365271612582,72.5272869329233,72.1035162724936));
#6393=CARTESIAN_POINT('Ctrl Pts',(109.365271612582,72.5272869329233,69.7035162724936));
#6394=CARTESIAN_POINT('Ctrl Pts',(118.491346989541,103.268800530707,72.1035162724936));
#6395=CARTESIAN_POINT('Ctrl Pts',(118.491346989541,103.268800530707,69.7035162724936));
#6396=CARTESIAN_POINT('',(67.1113615600735,41.0612578591963,70.1035162724936));
#6397=CARTESIAN_POINT('',(67.1113615600735,41.0612578591963,72.1035162724936));
#6398=CARTESIAN_POINT('Ctrl Pts',(118.491346989541,103.268800530707,70.1035162724936));
#6399=CARTESIAN_POINT('Ctrl Pts',(109.365271612582,72.5272869329233,70.1035162724936));
#6400=CARTESIAN_POINT('Ctrl Pts',(89.7253653853732,52.448745907817,70.1035162724936));
#6401=CARTESIAN_POINT('Ctrl Pts',(67.1113615600735,41.0612578591963,70.1035162724936));
#6402=CARTESIAN_POINT('Ctrl Pts',(47.178692566781,33.3838880299438,72.1035162724936));
#6403=CARTESIAN_POINT('Ctrl Pts',(47.178692566781,33.3838880299438,69.7035162724936));
#6404=CARTESIAN_POINT('Ctrl Pts',(53.5504597888265,35.153859273785,72.1035162724936));
#6405=CARTESIAN_POINT('Ctrl Pts',(53.5504597888265,35.153859273785,69.7035162724936));
#6406=CARTESIAN_POINT('Ctrl Pts',(59.8629294505547,37.5114130306958,72.1035162724936));
#6407=CARTESIAN_POINT('Ctrl Pts',(59.8629294505547,37.5114130306958,69.7035162724936));
#6408=CARTESIAN_POINT('Ctrl Pts',(65.9695451653783,40.4948792257534,72.1035162724936));
#6409=CARTESIAN_POINT('Ctrl Pts',(65.9695451653783,40.4948792257534,69.7035162724936));
#6410=CARTESIAN_POINT('',(47.178692566781,33.3838880299438,70.1035162724936));
#6411=CARTESIAN_POINT('',(47.178692566781,33.3838880299438,72.1035162724936));
#6412=CARTESIAN_POINT('',(65.9695451653783,40.4948792257534,70.1035162724936));
#6413=CARTESIAN_POINT('Ctrl Pts',(65.9695451653783,40.4948792257534,70.1035162724936));
#6414=CARTESIAN_POINT('Ctrl Pts',(59.8629294505547,37.5114130306958,70.1035162724936));
#6415=CARTESIAN_POINT('Ctrl Pts',(53.5504597888265,35.153859273785,70.1035162724936));
#6416=CARTESIAN_POINT('Ctrl Pts',(47.178692566781,33.3838880299438,70.1035162724936));
#6417=CARTESIAN_POINT('',(65.9695451653783,40.4948792257534,72.1035162724936));
#6418=CARTESIAN_POINT('Ctrl Pts',(47.9182198105859,39.8650386486877,72.1035162724936));
#6419=CARTESIAN_POINT('Ctrl Pts',(47.9182198105859,39.8650386486877,69.7035162724936));
#6420=CARTESIAN_POINT('Ctrl Pts',(46.9732774888086,38.1154944214691,72.1035162724936));
#6421=CARTESIAN_POINT('Ctrl Pts',(46.9732774888086,38.1154944214691,69.7035162724936));
#6422=CARTESIAN_POINT('Ctrl Pts',(46.6445804009485,35.2566867977966,72.1035162724936));
#6423=CARTESIAN_POINT('Ctrl Pts',(46.6445804009485,35.2566867977966,69.7035162724936));
#6424=CARTESIAN_POINT('Ctrl Pts',(47.178692566781,33.3838880299438,72.1035162724936));
#6425=CARTESIAN_POINT('Ctrl Pts',(47.178692566781,33.3838880299438,69.7035162724936));
#6426=CARTESIAN_POINT('',(47.9182198105859,39.8650386486877,70.1035162724936));
#6427=CARTESIAN_POINT('',(47.9182198105859,39.8650386486877,72.1035162724936));
#6428=CARTESIAN_POINT('Ctrl Pts',(47.178692566781,33.3838880299438,70.1035162724936));
#6429=CARTESIAN_POINT('Ctrl Pts',(46.6445804009485,35.2566867977966,70.1035162724936));
#6430=CARTESIAN_POINT('Ctrl Pts',(46.9732774888086,38.1154944214691,70.1035162724936));
#6431=CARTESIAN_POINT('Ctrl Pts',(47.9182198105859,39.8650386486877,70.1035162724936));
#6432=CARTESIAN_POINT('Ctrl Pts',(64.9346209948198,40.8786702702834,72.1035162724936));
#6433=CARTESIAN_POINT('Ctrl Pts',(64.9346209948198,40.8786702702834,69.7035162724936));
#6434=CARTESIAN_POINT('Ctrl Pts',(59.8734220346189,38.4578604497679,72.1035162724936));
#6435=CARTESIAN_POINT('Ctrl Pts',(59.8734220346189,38.4578604497679,69.7035162724936));
#6436=CARTESIAN_POINT('Ctrl Pts',(53.7728686403075,37.808981917227,72.1035162724936));
#6437=CARTESIAN_POINT('Ctrl Pts',(53.7728686403075,37.808981917227,69.7035162724936));
#6438=CARTESIAN_POINT('Ctrl Pts',(47.9182198105859,39.8650386486877,72.1035162724936));
#6439=CARTESIAN_POINT('Ctrl Pts',(47.9182198105859,39.8650386486877,69.7035162724936));
#6440=CARTESIAN_POINT('',(64.9346209949687,40.8786702703546,70.1035162724936));
#6441=CARTESIAN_POINT('',(64.9346209948198,40.8786702702834,72.1035162724936));
#6442=CARTESIAN_POINT('Ctrl Pts',(47.9182198105859,39.8650386486877,70.1035162724936));
#6443=CARTESIAN_POINT('Ctrl Pts',(53.7728686403075,37.808981917227,70.1035162724936));
#6444=CARTESIAN_POINT('Ctrl Pts',(59.8734220346189,38.4578604497679,70.1035162724936));
#6445=CARTESIAN_POINT('Ctrl Pts',(64.9346209948198,40.8786702702834,70.1035162724936));
#6446=CARTESIAN_POINT('Ctrl Pts',(73.7395920798609,48.4670853959837,72.1035162724936));
#6447=CARTESIAN_POINT('Ctrl Pts',(73.7395920798609,48.4670853959837,69.7035162724936));
#6448=CARTESIAN_POINT('Ctrl Pts',(72.1470402361439,46.0167480784309,72.1035162724936));
#6449=CARTESIAN_POINT('Ctrl Pts',(72.1470402361439,46.0167480784309,69.7035162724936));
#6450=CARTESIAN_POINT('Ctrl Pts',(69.9683237938503,43.8964003129748,72.1035162724936));
#6451=CARTESIAN_POINT('Ctrl Pts',(69.9683237938503,43.8964003129748,69.7035162724936));
#6452=CARTESIAN_POINT('Ctrl Pts',(67.413619274459,42.258614873201,72.1035162724936));
#6453=CARTESIAN_POINT('Ctrl Pts',(67.413619274459,42.258614873201,69.7035162724936));
#6454=CARTESIAN_POINT('',(73.7395920798812,48.467085396015,70.1035162724936));
#6455=CARTESIAN_POINT('',(73.7395920798609,48.4670853959837,72.1035162724936));
#6456=CARTESIAN_POINT('',(67.413619274459,42.258614873201,70.1035162724936));
#6457=CARTESIAN_POINT('Ctrl Pts',(67.413619274459,42.258614873201,70.1035162724936));
#6458=CARTESIAN_POINT('Ctrl Pts',(69.9683237938503,43.8964003129748,70.1035162724936));
#6459=CARTESIAN_POINT('Ctrl Pts',(72.1470402361439,46.0167480784309,70.1035162724936));
#6460=CARTESIAN_POINT('Ctrl Pts',(73.7395920798609,48.4670853959837,70.1035162724936));
#6461=CARTESIAN_POINT('',(67.413619274459,42.258614873201,72.1035162724936));
#6462=CARTESIAN_POINT('Ctrl Pts',(39.1232515584039,62.8887231343139,72.1035162724936));
#6463=CARTESIAN_POINT('Ctrl Pts',(39.1232515584039,62.8887231343139,69.7035162724936));
#6464=CARTESIAN_POINT('Ctrl Pts',(41.3524548891493,54.6227770202293,72.1035162724936));
#6465=CARTESIAN_POINT('Ctrl Pts',(41.3524548891493,54.6227770202293,69.7035162724936));
#6466=CARTESIAN_POINT('Ctrl Pts',(49.8213052948373,49.3576558966757,72.1035162724936));
#6467=CARTESIAN_POINT('Ctrl Pts',(49.8213052948373,49.3576558966757,69.7035162724936));
#6468=CARTESIAN_POINT('Ctrl Pts',(55.5725428798341,51.0537821463767,72.1035162724936));
#6469=CARTESIAN_POINT('Ctrl Pts',(55.5725428798341,51.0537821463767,69.7035162724936));
#6470=CARTESIAN_POINT('',(39.1232515584039,62.8887231343139,70.1035162724936));
#6471=CARTESIAN_POINT('',(39.1232515584039,62.8887231343139,72.1035162724936));
#6472=CARTESIAN_POINT('',(55.5725428798342,51.0537821463767,70.1035162724936));
#6473=CARTESIAN_POINT('Ctrl Pts',(55.5725428798341,51.0537821463767,70.1035162724936));
#6474=CARTESIAN_POINT('Ctrl Pts',(49.8213052948373,49.3576558966757,70.1035162724936));
#6475=CARTESIAN_POINT('Ctrl Pts',(41.3524548891493,54.6227770202293,70.1035162724936));
#6476=CARTESIAN_POINT('Ctrl Pts',(39.1232515584039,62.8887231343139,70.1035162724936));
#6477=CARTESIAN_POINT('',(55.5725428798341,51.0537821463767,72.1035162724936));
#6478=CARTESIAN_POINT('Ctrl Pts',(37.5638413540197,101.701224438626,72.1035162724936));
#6479=CARTESIAN_POINT('Ctrl Pts',(37.5638413540197,101.701224438626,69.7035162724936));
#6480=CARTESIAN_POINT('Ctrl Pts',(37.6468745118427,90.2978551177572,72.1035162724936));
#6481=CARTESIAN_POINT('Ctrl Pts',(37.6468745118427,90.2978551177572,69.7035162724936));
#6482=CARTESIAN_POINT('Ctrl Pts',(36.5072281130622,72.5890575065579,72.1035162724936));
#6483=CARTESIAN_POINT('Ctrl Pts',(36.5072281130622,72.5890575065579,69.7035162724936));
#6484=CARTESIAN_POINT('Ctrl Pts',(39.1232515584039,62.8887231343139,72.1035162724936));
#6485=CARTESIAN_POINT('Ctrl Pts',(39.1232515584039,62.8887231343139,69.7035162724936));
#6486=CARTESIAN_POINT('',(37.5638413540197,101.701224438626,70.1035162724936));
#6487=CARTESIAN_POINT('',(37.5638413540197,101.701224438626,72.1035162724936));
#6488=CARTESIAN_POINT('Ctrl Pts',(39.1232515584039,62.8887231343139,70.1035162724936));
#6489=CARTESIAN_POINT('Ctrl Pts',(36.5072281130622,72.5890575065579,70.1035162724936));
#6490=CARTESIAN_POINT('Ctrl Pts',(37.6468745118427,90.2978551177572,70.1035162724936));
#6491=CARTESIAN_POINT('Ctrl Pts',(37.5638413540197,101.701224438626,70.1035162724936));
#6492=CARTESIAN_POINT('Ctrl Pts',(4.40576849451535,62.8887231343139,72.1035162724936));
#6493=CARTESIAN_POINT('Ctrl Pts',(4.40576849451535,62.8887231343139,69.7035162724936));
#6494=CARTESIAN_POINT('Ctrl Pts',(6.81073451797114,71.806446950187,72.1035162724936));
#6495=CARTESIAN_POINT('Ctrl Pts',(6.81073451797114,71.806446950187,69.7035162724936));
#6496=CARTESIAN_POINT('Ctrl Pts',(6.04159010092779,87.4925364196342,72.1035162724936));
#6497=CARTESIAN_POINT('Ctrl Pts',(6.04159010092779,87.4925364196342,69.7035162724936));
#6498=CARTESIAN_POINT('Ctrl Pts',(5.96634279888788,98.8255864086871,72.1035162724936));
#6499=CARTESIAN_POINT('Ctrl Pts',(5.96634279888788,98.8255864086871,69.7035162724936));
#6500=CARTESIAN_POINT('',(4.40576849451535,62.8887231343139,70.1035162724936));
#6501=CARTESIAN_POINT('',(4.40576849451535,62.8887231343139,72.1035162724936));
#6502=CARTESIAN_POINT('',(5.96634279888788,98.8255864086871,70.1035162724936));
#6503=CARTESIAN_POINT('Ctrl Pts',(5.96634279888788,98.825586408687,70.1035162724936));
#6504=CARTESIAN_POINT('Ctrl Pts',(6.04159010092779,87.4925364196342,70.1035162724936));
#6505=CARTESIAN_POINT('Ctrl Pts',(6.81073451797114,71.806446950187,70.1035162724936));
#6506=CARTESIAN_POINT('Ctrl Pts',(4.40576849451535,62.8887231343139,70.1035162724936));
#6507=CARTESIAN_POINT('',(5.96634279888788,98.8255864086871,72.1035162724936));
#6508=CARTESIAN_POINT('Ctrl Pts',(-16.6507328680945,55.4399955288757,72.1035162724936));
#6509=CARTESIAN_POINT('Ctrl Pts',(-16.6507328680945,55.4399955288757,69.7035162724936));
#6510=CARTESIAN_POINT('Ctrl Pts',(-12.860580203147,46.0890221157897,72.1035162724936));
#6511=CARTESIAN_POINT('Ctrl Pts',(-12.860580203147,46.0890221157897,69.7035162724936));
#6512=CARTESIAN_POINT('Ctrl Pts',(1.40936737986081,51.7779869316924,72.1035162724936));
#6513=CARTESIAN_POINT('Ctrl Pts',(1.40936737986081,51.7779869316924,69.7035162724936));
#6514=CARTESIAN_POINT('Ctrl Pts',(4.40576849451535,62.8887231343139,72.1035162724936));
#6515=CARTESIAN_POINT('Ctrl Pts',(4.40576849451535,62.8887231343139,69.7035162724936));
#6516=CARTESIAN_POINT('',(-16.6507328680945,55.4399955288757,70.1035162724936));
#6517=CARTESIAN_POINT('',(-16.6507328680945,55.4399955288757,72.1035162724936));
#6518=CARTESIAN_POINT('Ctrl Pts',(4.40576849451535,62.8887231343139,70.1035162724936));
#6519=CARTESIAN_POINT('Ctrl Pts',(1.40936737986082,51.7779869316924,70.1035162724936));
#6520=CARTESIAN_POINT('Ctrl Pts',(-12.860580203147,46.0890221157897,70.1035162724936));
#6521=CARTESIAN_POINT('Ctrl Pts',(-16.6507328680945,55.4399955288757,70.1035162724936));
#6522=CARTESIAN_POINT('Ctrl Pts',(-17.1678140967322,74.1445244648803,72.1035162724936));
#6523=CARTESIAN_POINT('Ctrl Pts',(-17.1678140967322,74.1445244648803,69.7035162724936));
#6524=CARTESIAN_POINT('Ctrl Pts',(-2.02849210843567,65.3274434635986,72.1035162724936));
#6525=CARTESIAN_POINT('Ctrl Pts',(-2.02849210843567,65.3274434635986,69.7035162724936));
#6526=CARTESIAN_POINT('Ctrl Pts',(-11.3299109881354,55.999077246176,72.1035162724936));
#6527=CARTESIAN_POINT('Ctrl Pts',(-11.3299109881354,55.999077246176,69.7035162724936));
#6528=CARTESIAN_POINT('Ctrl Pts',(-16.6507328680945,55.4399955288757,72.1035162724936));
#6529=CARTESIAN_POINT('Ctrl Pts',(-16.6507328680945,55.4399955288757,69.7035162724936));
#6530=CARTESIAN_POINT('',(-17.1678143777509,74.1445221036822,70.1035162724936));
#6531=CARTESIAN_POINT('',(-17.1678140967322,74.1445244648803,72.1035162724936));
#6532=CARTESIAN_POINT('Ctrl Pts',(-16.6507328680945,55.4399955288757,70.1035162724936));
#6533=CARTESIAN_POINT('Ctrl Pts',(-11.3299110838506,55.9990772361188,70.1035162724936));
#6534=CARTESIAN_POINT('Ctrl Pts',(-2.02849244307835,65.3274431279864,70.1035162724936));
#6535=CARTESIAN_POINT('Ctrl Pts',(-17.1678132797176,74.1445239890543,70.1035162724936));
#6536=CARTESIAN_POINT('Origin',(-15.0185098078689,78.4043656344763,72.1035162724936));
#6537=CARTESIAN_POINT('',(-17.5349677834886,74.3505719092654,70.1035162724936));
#6538=CARTESIAN_POINT('',(-17.5349681395484,74.3505713356841,72.1035162724936));
#6539=CARTESIAN_POINT('Origin',(-15.0185098078689,78.4043656344763,70.1035162724936));
#6540=CARTESIAN_POINT('Ctrl Pts',(-19.7993960551215,78.4178612995971,72.1035162724936));
#6541=CARTESIAN_POINT('Ctrl Pts',(-19.7993960551215,78.4178612995971,69.7035162724936));
#6542=CARTESIAN_POINT('Ctrl Pts',(-19.7993960551215,76.7003462220061,72.1035162724936));
#6543=CARTESIAN_POINT('Ctrl Pts',(-19.7993960551215,76.7003462220061,69.7035162724936));
#6544=CARTESIAN_POINT('Ctrl Pts',(-18.8942566817236,75.1942619889129,72.1035162724936));
#6545=CARTESIAN_POINT('Ctrl Pts',(-18.8942566817236,75.1942619889129,69.7035162724936));
#6546=CARTESIAN_POINT('Ctrl Pts',(-17.5349681395484,74.3505713356841,72.1035162724936));
#6547=CARTESIAN_POINT('Ctrl Pts',(-17.5349681395484,74.3505713356841,69.7035162724936));
#6548=CARTESIAN_POINT('',(-19.7993960551215,78.4178612995971,70.1035162724936));
#6549=CARTESIAN_POINT('',(-19.7993960551215,78.4178612995971,72.1035162724936));
#6550=CARTESIAN_POINT('Ctrl Pts',(-17.5349681395484,74.3505713356841,70.1035162724936));
#6551=CARTESIAN_POINT('Ctrl Pts',(-18.8942566817236,75.1942619889129,70.1035162724936));
#6552=CARTESIAN_POINT('Ctrl Pts',(-19.7993960551215,76.7003462220061,70.1035162724936));
#6553=CARTESIAN_POINT('Ctrl Pts',(-19.7993960551215,78.4178612995971,70.1035162724936));
#6554=CARTESIAN_POINT('Ctrl Pts',(-15.015845305152,83.2014120495666,72.1035162724936));
#6555=CARTESIAN_POINT('Ctrl Pts',(-15.015845305152,83.2014120495666,69.7035162724936));
#6556=CARTESIAN_POINT('Ctrl Pts',(-17.6577282336188,83.2014120495666,72.1035162724936));
#6557=CARTESIAN_POINT('Ctrl Pts',(-17.6577282336188,83.2014120495666,69.7035162724936));
#6558=CARTESIAN_POINT('Ctrl Pts',(-19.7993960551215,81.0597442280639,72.1035162724936));
#6559=CARTESIAN_POINT('Ctrl Pts',(-19.7993960551215,81.0597442280639,69.7035162724936));
#6560=CARTESIAN_POINT('Ctrl Pts',(-19.7993960551215,78.4178612995971,72.1035162724936));
#6561=CARTESIAN_POINT('Ctrl Pts',(-19.7993960551215,78.4178612995971,69.7035162724936));
#6562=CARTESIAN_POINT('',(-15.015845305152,83.2014120495666,70.1035162724936));
#6563=CARTESIAN_POINT('',(-15.015845305152,83.2014120495666,72.1035162724936));
#6564=CARTESIAN_POINT('Ctrl Pts',(-19.7993960551215,78.4178612995971,70.1035162724936));
#6565=CARTESIAN_POINT('Ctrl Pts',(-19.7993960551215,81.0597442280639,70.1035162724936));
#6566=CARTESIAN_POINT('Ctrl Pts',(-17.6577282336188,83.2014120495666,70.1035162724936));
#6567=CARTESIAN_POINT('Ctrl Pts',(-15.015845305152,83.2014120495666,70.1035162724936));
#6568=CARTESIAN_POINT('Ctrl Pts',(-10.232267085929,78.4178612995971,72.1035162724936));
#6569=CARTESIAN_POINT('Ctrl Pts',(-10.232267085929,78.4178612995971,69.7035162724936));
#6570=CARTESIAN_POINT('Ctrl Pts',(-10.232267085929,81.0597442280639,72.1035162724936));
#6571=CARTESIAN_POINT('Ctrl Pts',(-10.232267085929,81.0597442280639,69.7035162724936));
#6572=CARTESIAN_POINT('Ctrl Pts',(-12.3739623766852,83.2014120495666,72.1035162724936));
#6573=CARTESIAN_POINT('Ctrl Pts',(-12.3739623766852,83.2014120495666,69.7035162724936));
#6574=CARTESIAN_POINT('Ctrl Pts',(-15.015845305152,83.2014120495666,72.1035162724936));
#6575=CARTESIAN_POINT('Ctrl Pts',(-15.015845305152,83.2014120495666,69.7035162724936));
#6576=CARTESIAN_POINT('',(-10.232267085929,78.4178612995971,70.1035162724936));
#6577=CARTESIAN_POINT('',(-10.232267085929,78.4178612995971,72.1035162724936));
#6578=CARTESIAN_POINT('Ctrl Pts',(-15.015845305152,83.2014120495666,70.1035162724936));
#6579=CARTESIAN_POINT('Ctrl Pts',(-12.3739623766852,83.2014120495666,70.1035162724936));
#6580=CARTESIAN_POINT('Ctrl Pts',(-10.232267085929,81.0597442280639,70.1035162724936));
#6581=CARTESIAN_POINT('Ctrl Pts',(-10.232267085929,78.4178612995971,70.1035162724936));
#6582=CARTESIAN_POINT('Ctrl Pts',(-14.9845852946234,74.0404159939635,72.1035162724936));
#6583=CARTESIAN_POINT('Ctrl Pts',(-14.9845852946234,74.0404159939635,69.7035162724936));
#6584=CARTESIAN_POINT('Ctrl Pts',(-12.3427023661566,74.0404159939635,72.1035162724936));
#6585=CARTESIAN_POINT('Ctrl Pts',(-12.3427023661566,74.0404159939635,69.7035162724936));
#6586=CARTESIAN_POINT('Ctrl Pts',(-10.232267085929,75.7759783711303,72.1035162724936));
#6587=CARTESIAN_POINT('Ctrl Pts',(-10.232267085929,75.7759783711303,69.7035162724936));
#6588=CARTESIAN_POINT('Ctrl Pts',(-10.232267085929,78.4178612995971,72.1035162724936));
#6589=CARTESIAN_POINT('Ctrl Pts',(-10.232267085929,78.4178612995971,69.7035162724936));
#6590=CARTESIAN_POINT('',(-14.9845852946234,74.0404159939635,70.1035162724936));
#6591=CARTESIAN_POINT('',(-14.9845852946234,74.0404159939635,72.1035162724936));
#6592=CARTESIAN_POINT('Ctrl Pts',(-10.232267085929,78.4178612995971,70.1035162724936));
#6593=CARTESIAN_POINT('Ctrl Pts',(-10.232267085929,75.7759783711303,70.1035162724936));
#6594=CARTESIAN_POINT('Ctrl Pts',(-12.3427023661566,74.0404159939635,70.1035162724936));
#6595=CARTESIAN_POINT('Ctrl Pts',(-14.9845852946234,74.0404159939635,70.1035162724936));
#6596=CARTESIAN_POINT('Ctrl Pts',(-4.82758157491211,80.8332602326263,72.1035162724936));
#6597=CARTESIAN_POINT('Ctrl Pts',(-4.82758157491211,80.8332602326263,69.7035162724936));
#6598=CARTESIAN_POINT('Ctrl Pts',(-3.80047871579652,76.9131230599273,72.1035162724936));
#6599=CARTESIAN_POINT('Ctrl Pts',(-3.80047871579652,76.9131230599273,69.7035162724936));
#6600=CARTESIAN_POINT('Ctrl Pts',(-8.54153453053957,69.1265785744536,72.1035162724936));
#6601=CARTESIAN_POINT('Ctrl Pts',(-8.54153453053957,69.1265785744536,69.7035162724936));
#6602=CARTESIAN_POINT('Ctrl Pts',(-14.9845852946234,74.0404159939635,72.1035162724936));
#6603=CARTESIAN_POINT('Ctrl Pts',(-14.9845852946234,74.0404159939635,69.7035162724936));
#6604=CARTESIAN_POINT('',(-4.82758157491212,80.8332602326263,70.1035162724936));
#6605=CARTESIAN_POINT('',(-4.82758157491211,80.8332602326263,72.1035162724936));
#6606=CARTESIAN_POINT('Ctrl Pts',(-14.9845852946234,74.0404159939635,70.1035162724936));
#6607=CARTESIAN_POINT('Ctrl Pts',(-8.54153453053957,69.1265785744536,70.1035162724936));
#6608=CARTESIAN_POINT('Ctrl Pts',(-3.80047871579652,76.9131230599273,70.1035162724936));
#6609=CARTESIAN_POINT('Ctrl Pts',(-4.82758157491211,80.8332602326263,70.1035162724936));
#6610=CARTESIAN_POINT('Ctrl Pts',(1.90007812510008,82.3123147202361,72.1035162724936));
#6611=CARTESIAN_POINT('Ctrl Pts',(1.90007812510008,82.3123147202361,69.7035162724936));
#6612=CARTESIAN_POINT('Ctrl Pts',(-0.383550798697523,81.0386753105987,72.1035162724936));
#6613=CARTESIAN_POINT('Ctrl Pts',(-0.383550798697523,81.0386753105987,69.7035162724936));
#6614=CARTESIAN_POINT('Ctrl Pts',(-1.92767994794373,80.8743542359221,72.1035162724936));
#6615=CARTESIAN_POINT('Ctrl Pts',(-1.92767994794373,80.8743542359221,69.7035162724936));
#6616=CARTESIAN_POINT('Ctrl Pts',(-4.82758157491211,80.8332602326263,72.1035162724936));
#6617=CARTESIAN_POINT('Ctrl Pts',(-4.82758157491211,80.8332602326263,69.7035162724936));
#6618=CARTESIAN_POINT('',(1.90007812510007,82.3123147202361,70.1035162724936));
#6619=CARTESIAN_POINT('',(1.90007812510008,82.3123147202361,72.1035162724936));
#6620=CARTESIAN_POINT('Ctrl Pts',(-4.82758157491211,80.8332602326263,70.1035162724936));
#6621=CARTESIAN_POINT('Ctrl Pts',(-1.92767994794373,80.8743542359221,70.1035162724936));
#6622=CARTESIAN_POINT('Ctrl Pts',(-0.383550798697523,81.0386753105987,70.1035162724936));
#6623=CARTESIAN_POINT('Ctrl Pts',(1.90007812510008,82.3123147202361,70.1035162724936));
#6624=CARTESIAN_POINT('Ctrl Pts',(-2.70717495564941,92.3649352764953,72.1035162724936));
#6625=CARTESIAN_POINT('Ctrl Pts',(-2.70717495564941,92.3649352764953,69.7035162724936));
#6626=CARTESIAN_POINT('Ctrl Pts',(0.102215480904531,88.8086558361877,72.1035162724936));
#6627=CARTESIAN_POINT('Ctrl Pts',(0.102215480904531,88.8086558361877,69.7035162724936));
#6628=CARTESIAN_POINT('Ctrl Pts',(0.56974217615601,86.3616397923339,72.1035162724936));
#6629=CARTESIAN_POINT('Ctrl Pts',(0.56974217615601,86.3616397923339,69.7035162724936));
#6630=CARTESIAN_POINT('Ctrl Pts',(1.90007812510008,82.3123147202361,72.1035162724936));
#6631=CARTESIAN_POINT('Ctrl Pts',(1.90007812510008,82.3123147202361,69.7035162724936));
#6632=CARTESIAN_POINT('',(-2.70717495564941,92.3649352764953,70.1035162724936));
#6633=CARTESIAN_POINT('',(-2.70717495564941,92.3649352764953,72.1035162724936));
#6634=CARTESIAN_POINT('Ctrl Pts',(1.90007812510008,82.3123147202361,70.1035162724936));
#6635=CARTESIAN_POINT('Ctrl Pts',(0.56974217615601,86.3616397923339,70.1035162724936));
#6636=CARTESIAN_POINT('Ctrl Pts',(0.102215480904531,88.8086558361877,70.1035162724936));
#6637=CARTESIAN_POINT('Ctrl Pts',(-2.70717495564941,92.3649352764953,70.1035162724936));
#6638=CARTESIAN_POINT('Ctrl Pts',(2.58609526300902,98.3135120076049,72.1035162724936));
#6639=CARTESIAN_POINT('Ctrl Pts',(2.58609526300902,98.3135120076049,69.7035162724936));
#6640=CARTESIAN_POINT('Ctrl Pts',(2.84235592928404,95.335048315512,72.1035162724936));
#6641=CARTESIAN_POINT('Ctrl Pts',(2.84235592928404,95.335048315512,69.7035162724936));
#6642=CARTESIAN_POINT('Ctrl Pts',(0.866465052895511,92.5068689095367,72.1035162724936));
#6643=CARTESIAN_POINT('Ctrl Pts',(0.866465052895511,92.5068689095367,69.7035162724936));
#6644=CARTESIAN_POINT('Ctrl Pts',(-2.70717495564941,92.3649352764953,72.1035162724936));
#6645=CARTESIAN_POINT('Ctrl Pts',(-2.70717495564941,92.3649352764953,69.7035162724936));
#6646=CARTESIAN_POINT('',(2.58609526300901,98.3135120076049,70.1035162724936));
#6647=CARTESIAN_POINT('',(2.58609526300902,98.3135120076049,72.1035162724936));
#6648=CARTESIAN_POINT('Ctrl Pts',(-2.70717495564941,92.3649352764953,70.1035162724936));
#6649=CARTESIAN_POINT('Ctrl Pts',(0.866465052895511,92.5068689095367,70.1035162724936));
#6650=CARTESIAN_POINT('Ctrl Pts',(2.84235592928404,95.335048315512,70.1035162724936));
#6651=CARTESIAN_POINT('Ctrl Pts',(2.58609526300902,98.3135120076049,70.1035162724936));
#6652=CARTESIAN_POINT('Ctrl Pts',(2.16242996341738,100.292397849033,72.1035162724936));
#6653=CARTESIAN_POINT('Ctrl Pts',(2.16242996341738,100.292397849033,69.7035162724936));
#6654=CARTESIAN_POINT('Ctrl Pts',(2.37323374746116,99.6318106128284,72.1035162724936));
#6655=CARTESIAN_POINT('Ctrl Pts',(2.37323374746116,99.6318106128284,69.7035162724936));
#6656=CARTESIAN_POINT('Ctrl Pts',(2.52978370676151,98.9680046810143,72.1035162724936));
#6657=CARTESIAN_POINT('Ctrl Pts',(2.52978370676151,98.9680046810143,69.7035162724936));
#6658=CARTESIAN_POINT('Ctrl Pts',(2.58609526300902,98.3135120076049,72.1035162724936));
#6659=CARTESIAN_POINT('Ctrl Pts',(2.58609526300902,98.3135120076049,69.7035162724936));
#6660=CARTESIAN_POINT('',(2.16242996341723,100.292397849034,70.1035162724936));
#6661=CARTESIAN_POINT('',(2.16242996341738,100.292397849033,72.1035162724936));
#6662=CARTESIAN_POINT('Ctrl Pts',(2.58609526300902,98.3135120076049,70.1035162724936));
#6663=CARTESIAN_POINT('Ctrl Pts',(2.52978370676151,98.9680046810143,70.1035162724936));
#6664=CARTESIAN_POINT('Ctrl Pts',(2.37323374746116,99.6318106128284,70.1035162724936));
#6665=CARTESIAN_POINT('Ctrl Pts',(2.16242996341738,100.292397849033,70.1035162724936));
#6666=CARTESIAN_POINT('Ctrl Pts',(-14.7453830347968,104.403157090269,72.1035162724936));
#6667=CARTESIAN_POINT('Ctrl Pts',(-14.7453830347968,104.403157090269,69.7035162724936));
#6668=CARTESIAN_POINT('Ctrl Pts',(-14.6375036086056,107.119371882174,72.1035162724936));
#6669=CARTESIAN_POINT('Ctrl Pts',(-14.6375036086056,107.119371882174,69.7035162724936));
#6670=CARTESIAN_POINT('Ctrl Pts',(-12.9777489469296,108.912550034991,72.1035162724936));
#6671=CARTESIAN_POINT('Ctrl Pts',(-12.9777489469296,108.912550034991,69.7035162724936));
#6672=CARTESIAN_POINT('Ctrl Pts',(-10.8796869185539,109.504139764641,72.1035162724936));
#6673=CARTESIAN_POINT('Ctrl Pts',(-10.8796869185539,109.504139764641,69.7035162724936));
#6674=CARTESIAN_POINT('',(-14.7453830347968,104.403157090269,70.1035162724936));
#6675=CARTESIAN_POINT('',(-14.7453830347968,104.403157090269,72.1035162724936));
#6676=CARTESIAN_POINT('',(-10.8796869185395,109.504139764645,70.1035162724936));
#6677=CARTESIAN_POINT('Ctrl Pts',(-10.8796869185539,109.504139764641,70.1035162724936));
#6678=CARTESIAN_POINT('Ctrl Pts',(-12.9777489469296,108.912550034991,70.1035162724936));
#6679=CARTESIAN_POINT('Ctrl Pts',(-14.6375036086056,107.119371882174,70.1035162724936));
#6680=CARTESIAN_POINT('Ctrl Pts',(-14.7453830347968,104.403157090269,70.1035162724936));
#6681=CARTESIAN_POINT('',(-10.8796869185539,109.504139764641,72.1035162724936));
#6682=CARTESIAN_POINT('Ctrl Pts',(-24.7980035910559,109.010410171019,72.1035162724936));
#6683=CARTESIAN_POINT('Ctrl Pts',(-24.7980035910559,109.010410171019,69.7035162724936));
#6684=CARTESIAN_POINT('Ctrl Pts',(-20.7487059882117,107.680074222075,72.1035162724936));
#6685=CARTESIAN_POINT('Ctrl Pts',(-20.7487059882117,107.680074222075,69.7035162724936));
#6686=CARTESIAN_POINT('Ctrl Pts',(-18.3016899443579,107.212533792197,72.1035162724936));
#6687=CARTESIAN_POINT('Ctrl Pts',(-18.3016899443579,107.212533792197,69.7035162724936));
#6688=CARTESIAN_POINT('Ctrl Pts',(-14.7453830347968,104.403157090269,72.1035162724936));
#6689=CARTESIAN_POINT('Ctrl Pts',(-14.7453830347968,104.403157090269,69.7035162724936));
#6690=CARTESIAN_POINT('',(-24.7980035910559,109.010410171019,70.1035162724936));
#6691=CARTESIAN_POINT('',(-24.7980035910559,109.010410171019,72.1035162724936));
#6692=CARTESIAN_POINT('Ctrl Pts',(-14.7453830347968,104.403157090269,70.1035162724936));
#6693=CARTESIAN_POINT('Ctrl Pts',(-18.3016899443579,107.212533792197,70.1035162724936));
#6694=CARTESIAN_POINT('Ctrl Pts',(-20.7487059882117,107.680074222075,70.1035162724936));
#6695=CARTESIAN_POINT('Ctrl Pts',(-24.7980035910559,109.010410171019,70.1035162724936));
#6696=CARTESIAN_POINT('Ctrl Pts',(-26.2770580786658,102.282750471007,72.1035162724936));
#6697=CARTESIAN_POINT('Ctrl Pts',(-26.2770580786658,102.282750471007,69.7035162724936));
#6698=CARTESIAN_POINT('Ctrl Pts',(-26.2359640753699,105.182652097975,72.1035162724936));
#6699=CARTESIAN_POINT('Ctrl Pts',(-26.2359640753699,105.182652097975,69.7035162724936));
#6700=CARTESIAN_POINT('Ctrl Pts',(-26.0716155314398,106.726767512595,72.1035162724936));
#6701=CARTESIAN_POINT('Ctrl Pts',(-26.0716155314398,106.726767512595,69.7035162724936));
#6702=CARTESIAN_POINT('Ctrl Pts',(-24.7980035910559,109.010410171019,72.1035162724936));
#6703=CARTESIAN_POINT('Ctrl Pts',(-24.7980035910559,109.010410171019,69.7035162724936));
#6704=CARTESIAN_POINT('',(-26.2770580786658,102.282750471007,70.1035162724936));
#6705=CARTESIAN_POINT('',(-26.2770580786658,102.282750471007,72.1035162724936));
#6706=CARTESIAN_POINT('Ctrl Pts',(-24.7980035910559,109.010410171019,70.1035162724936));
#6707=CARTESIAN_POINT('Ctrl Pts',(-26.0716155314398,106.726767512595,70.1035162724936));
#6708=CARTESIAN_POINT('Ctrl Pts',(-26.2359640753699,105.182652097975,70.1035162724936));
#6709=CARTESIAN_POINT('Ctrl Pts',(-26.2770580786658,102.282750471007,70.1035162724936));
#6710=CARTESIAN_POINT('Ctrl Pts',(-33.0699023173285,92.1257604859221,72.1035162724936));
#6711=CARTESIAN_POINT('Ctrl Pts',(-33.0699023173285,92.1257604859221,69.7035162724936));
#6712=CARTESIAN_POINT('Ctrl Pts',(-37.9837672060919,98.568811250006,72.1035162724936));
#6713=CARTESIAN_POINT('Ctrl Pts',(-37.9837672060919,98.568811250006,69.7035162724936));
#6714=CARTESIAN_POINT('Ctrl Pts',(-30.1971952513648,103.309867064749,72.1035162724936));
#6715=CARTESIAN_POINT('Ctrl Pts',(-30.1971952513648,103.309867064749,69.7035162724936));
#6716=CARTESIAN_POINT('Ctrl Pts',(-26.2770580786658,102.282750471007,72.1035162724936));
#6717=CARTESIAN_POINT('Ctrl Pts',(-26.2770580786658,102.282750471007,69.7035162724936));
#6718=CARTESIAN_POINT('',(-33.0699023173285,92.1257604859221,70.1035162724936));
#6719=CARTESIAN_POINT('',(-33.0699023173285,92.1257604859221,72.1035162724936));
#6720=CARTESIAN_POINT('Ctrl Pts',(-26.2770580786658,102.282750471007,70.1035162724936));
#6721=CARTESIAN_POINT('Ctrl Pts',(-30.1971952513648,103.309867064749,70.1035162724936));
#6722=CARTESIAN_POINT('Ctrl Pts',(-37.9837672060919,98.568811250006,70.1035162724936));
#6723=CARTESIAN_POINT('Ctrl Pts',(-33.0699023173285,92.1257604859221,70.1035162724936));
#6724=CARTESIAN_POINT('Ctrl Pts',(-28.692457011695,96.8780786946166,72.1035162724936));
#6725=CARTESIAN_POINT('Ctrl Pts',(-28.692457011695,96.8780786946166,69.7035162724936));
#6726=CARTESIAN_POINT('Ctrl Pts',(-31.3343399401618,96.8780786946166,72.1035162724936));
#6727=CARTESIAN_POINT('Ctrl Pts',(-31.3343399401618,96.8780786946166,69.7035162724936));
#6728=CARTESIAN_POINT('Ctrl Pts',(-33.0699023173285,94.7676434143889,72.1035162724936));
#6729=CARTESIAN_POINT('Ctrl Pts',(-33.0699023173285,94.7676434143889,69.7035162724936));
#6730=CARTESIAN_POINT('Ctrl Pts',(-33.0699023173285,92.1257604859221,72.1035162724936));
#6731=CARTESIAN_POINT('Ctrl Pts',(-33.0699023173285,92.1257604859221,69.7035162724936));
#6732=CARTESIAN_POINT('',(-28.692457011695,96.8780786946166,70.1035162724936));
#6733=CARTESIAN_POINT('',(-28.692457011695,96.8780786946166,72.1035162724936));
#6734=CARTESIAN_POINT('Ctrl Pts',(-33.0699023173285,92.1257604859221,70.1035162724936));
#6735=CARTESIAN_POINT('Ctrl Pts',(-33.0699023173285,94.7676434143889,70.1035162724936));
#6736=CARTESIAN_POINT('Ctrl Pts',(-31.3343399401618,96.8780786946166,70.1035162724936));
#6737=CARTESIAN_POINT('Ctrl Pts',(-28.692457011695,96.8780786946166,70.1035162724936));
#6738=CARTESIAN_POINT('Ctrl Pts',(-23.9089062617255,92.0945004753936,72.1035162724936));
#6739=CARTESIAN_POINT('Ctrl Pts',(-23.9089062617255,92.0945004753936,69.7035162724936));
#6740=CARTESIAN_POINT('Ctrl Pts',(-23.9089062617255,94.7364108731139,72.1035162724936));
#6741=CARTESIAN_POINT('Ctrl Pts',(-23.9089062617255,94.7364108731139,69.7035162724936));
#6742=CARTESIAN_POINT('Ctrl Pts',(-26.0505740832282,96.8780786946166,72.1035162724936));
#6743=CARTESIAN_POINT('Ctrl Pts',(-26.0505740832282,96.8780786946166,69.7035162724936));
#6744=CARTESIAN_POINT('Ctrl Pts',(-28.692457011695,96.8780786946166,72.1035162724936));
#6745=CARTESIAN_POINT('Ctrl Pts',(-28.692457011695,96.8780786946166,69.7035162724936));
#6746=CARTESIAN_POINT('',(-23.9089062617255,92.0945004753936,70.1035162724936));
#6747=CARTESIAN_POINT('',(-23.9089062617255,92.0945004753936,72.1035162724936));
#6748=CARTESIAN_POINT('Ctrl Pts',(-28.692457011695,96.8780786946166,70.1035162724936));
#6749=CARTESIAN_POINT('Ctrl Pts',(-26.0505740832282,96.8780786946166,70.1035162724936));
#6750=CARTESIAN_POINT('Ctrl Pts',(-23.9089062617255,94.7364108731139,70.1035162724936));
#6751=CARTESIAN_POINT('Ctrl Pts',(-23.9089062617255,92.0945004753936,70.1035162724936));
#6752=CARTESIAN_POINT('Ctrl Pts',(-28.692457011695,87.3109497254241,72.1035162724936));
#6753=CARTESIAN_POINT('Ctrl Pts',(-28.692457011695,87.3109497254241,69.7035162724936));
#6754=CARTESIAN_POINT('Ctrl Pts',(-26.0505740832282,87.3109497254241,72.1035162724936));
#6755=CARTESIAN_POINT('Ctrl Pts',(-26.0505740832282,87.3109497254241,69.7035162724936));
#6756=CARTESIAN_POINT('Ctrl Pts',(-23.9089062617255,89.4526175469268,72.1035162724936));
#6757=CARTESIAN_POINT('Ctrl Pts',(-23.9089062617255,89.4526175469268,69.7035162724936));
#6758=CARTESIAN_POINT('Ctrl Pts',(-23.9089062617255,92.0945004753936,72.1035162724936));
#6759=CARTESIAN_POINT('Ctrl Pts',(-23.9089062617255,92.0945004753936,69.7035162724936));
#6760=CARTESIAN_POINT('',(-28.692457011695,87.3109497254241,70.1035162724936));
#6761=CARTESIAN_POINT('',(-28.692457011695,87.3109497254241,72.1035162724936));
#6762=CARTESIAN_POINT('Ctrl Pts',(-23.9089062617255,92.0945004753936,70.1035162724936));
#6763=CARTESIAN_POINT('Ctrl Pts',(-23.9089062617255,89.4526175469268,70.1035162724936));
#6764=CARTESIAN_POINT('Ctrl Pts',(-26.0505740832282,87.3109497254241,70.1035162724936));
#6765=CARTESIAN_POINT('Ctrl Pts',(-28.692457011695,87.3109497254241,70.1035162724936));
#6766=CARTESIAN_POINT('Ctrl Pts',(-32.7597469756079,89.5753776409972,72.1035162724936));
#6767=CARTESIAN_POINT('Ctrl Pts',(-32.7597469756079,89.5753776409972,69.7035162724936));
#6768=CARTESIAN_POINT('Ctrl Pts',(-31.9160563223792,88.2160890988219,72.1035162724936));
#6769=CARTESIAN_POINT('Ctrl Pts',(-31.9160563223792,88.2160890988219,69.7035162724936));
#6770=CARTESIAN_POINT('Ctrl Pts',(-30.4099446200324,87.3109497254241,72.1035162724936));
#6771=CARTESIAN_POINT('Ctrl Pts',(-30.4099446200324,87.3109497254241,69.7035162724936));
#6772=CARTESIAN_POINT('Ctrl Pts',(-28.692457011695,87.3109497254241,72.1035162724936));
#6773=CARTESIAN_POINT('Ctrl Pts',(-28.692457011695,87.3109497254241,69.7035162724936));
#6774=CARTESIAN_POINT('',(-32.7597451036298,89.5753788031332,70.1035162724936));
#6775=CARTESIAN_POINT('',(-32.7597469756079,89.5753776409972,72.1035162724936));
#6776=CARTESIAN_POINT('Ctrl Pts',(-28.692457011695,87.3109497254241,70.1035162724936));
#6777=CARTESIAN_POINT('Ctrl Pts',(-30.4099446200324,87.3109497254241,70.1035162724936));
#6778=CARTESIAN_POINT('Ctrl Pts',(-31.9160563223792,88.2160890988219,70.1035162724936));
#6779=CARTESIAN_POINT('Ctrl Pts',(-32.7597469756079,89.5753776409972,70.1035162724936));
#6780=CARTESIAN_POINT('Origin',(-28.7086949975394,92.0902967345943,72.1035162724936));
#6781=CARTESIAN_POINT('',(-32.9657944887686,89.9425314575004,70.1035162724936));
#6782=CARTESIAN_POINT('',(-32.9657938464118,89.9425316838134,72.1035162724936));
#6783=CARTESIAN_POINT('Origin',(-28.7086949975394,92.0902967345943,70.1035162724936));
#6784=CARTESIAN_POINT('Ctrl Pts',(-51.6703227824164,90.4596129124511,72.1035162724936));
#6785=CARTESIAN_POINT('Ctrl Pts',(-51.6703227824164,90.4596129124511,69.7035162724936));
#6786=CARTESIAN_POINT('Ctrl Pts',(-51.111241065116,95.7804347924102,72.1035162724936));
#6787=CARTESIAN_POINT('Ctrl Pts',(-51.111241065116,95.7804347924102,69.7035162724936));
#6788=CARTESIAN_POINT('Ctrl Pts',(-41.7828748476935,105.081839937483,72.1035162724936));
#6789=CARTESIAN_POINT('Ctrl Pts',(-41.7828748476935,105.081839937483,69.7035162724936));
#6790=CARTESIAN_POINT('Ctrl Pts',(-32.9657938464118,89.9425316838134,72.1035162724936));
#6791=CARTESIAN_POINT('Ctrl Pts',(-32.9657938464118,89.9425316838134,69.7035162724936));
#6792=CARTESIAN_POINT('',(-51.6703227824164,90.4596129124511,70.1035162724936));
#6793=CARTESIAN_POINT('',(-51.6703227824164,90.4596129124511,72.1035162724936));
#6794=CARTESIAN_POINT('Ctrl Pts',(-32.9657939106854,89.942531794174,70.1035162724936));
#6795=CARTESIAN_POINT('Ctrl Pts',(-41.7828748930273,105.08183989228,70.1035162724936));
#6796=CARTESIAN_POINT('Ctrl Pts',(-51.1112410664745,95.7804347794812,70.1035162724936));
#6797=CARTESIAN_POINT('Ctrl Pts',(-51.6703227824164,90.4596129124511,70.1035162724936));
#6798=CARTESIAN_POINT('Ctrl Pts',(-52.5153826657964,106.343060792233,72.1035162724936));
#6799=CARTESIAN_POINT('Ctrl Pts',(-52.5153826657964,106.343060792233,69.7035162724936));
#6800=CARTESIAN_POINT('Ctrl Pts',(-57.3940927086315,100.882144839858,72.1035162724936));
#6801=CARTESIAN_POINT('Ctrl Pts',(-57.3940927086315,100.882144839858,69.7035162724936));
#6802=CARTESIAN_POINT('Ctrl Pts',(-58.2081085539005,93.1095195125458,72.1035162724936));
#6803=CARTESIAN_POINT('Ctrl Pts',(-58.2081085539005,93.1095195125458,69.7035162724936));
#6804=CARTESIAN_POINT('Ctrl Pts',(-51.6703227824164,90.4596129124511,72.1035162724936));
#6805=CARTESIAN_POINT('Ctrl Pts',(-51.6703227824164,90.4596129124511,69.7035162724936));
#6806=CARTESIAN_POINT('',(-52.5153826657964,106.343060792233,70.1035162724936));
#6807=CARTESIAN_POINT('',(-52.5153826657964,106.343060792233,72.1035162724936));
#6808=CARTESIAN_POINT('Ctrl Pts',(-51.6703227824164,90.4596129124511,70.1035162724936));
#6809=CARTESIAN_POINT('Ctrl Pts',(-58.2081085539005,93.1095195125458,70.1035162724936));
#6810=CARTESIAN_POINT('Ctrl Pts',(-57.3940927086315,100.882144839858,70.1035162724936));
#6811=CARTESIAN_POINT('Ctrl Pts',(-52.5153826657964,106.343060792233,70.1035162724936));
#6812=CARTESIAN_POINT('Ctrl Pts',(-48.5169898222876,73.5897554203857,72.1035162724936));
#6813=CARTESIAN_POINT('Ctrl Pts',(-48.5169898222876,73.5897554203857,69.7035162724936));
#6814=CARTESIAN_POINT('Ctrl Pts',(-62.3480260366204,74.4223435395185,72.1035162724936));
#6815=CARTESIAN_POINT('Ctrl Pts',(-62.3480260366204,74.4223435395185,69.7035162724936));
#6816=CARTESIAN_POINT('Ctrl Pts',(-71.426340861198,85.7353299486053,72.1035162724936));
#6817=CARTESIAN_POINT('Ctrl Pts',(-71.426340861198,85.7353299486053,69.7035162724936));
#6818=CARTESIAN_POINT('Ctrl Pts',(-67.754207933189,102.681675277057,72.1035162724936));
#6819=CARTESIAN_POINT('Ctrl Pts',(-67.754207933189,102.681675277057,69.7035162724936));
#6820=CARTESIAN_POINT('',(-48.5169898222876,73.5897554203857,70.1035162724936));
#6821=CARTESIAN_POINT('',(-48.5169898222876,73.5897554203857,72.1035162724936));
#6822=CARTESIAN_POINT('',(-67.754207933189,102.681675277057,70.1035162724936));
#6823=CARTESIAN_POINT('Ctrl Pts',(-67.754207933189,102.681675277057,70.1035162724936));
#6824=CARTESIAN_POINT('Ctrl Pts',(-71.426340861198,85.7353299486053,70.1035162724936));
#6825=CARTESIAN_POINT('Ctrl Pts',(-62.3480260366204,74.4223435395185,70.1035162724936));
#6826=CARTESIAN_POINT('Ctrl Pts',(-48.5169898222876,73.5897554203857,70.1035162724936));
#6827=CARTESIAN_POINT('',(-67.754207933189,102.681675277057,72.1035162724936));
#6828=CARTESIAN_POINT('Ctrl Pts',(-46.1595235449744,60.4578864807952,72.1035162724936));
#6829=CARTESIAN_POINT('Ctrl Pts',(-46.1595235449744,60.4578864807952,69.7035162724936));
#6830=CARTESIAN_POINT('Ctrl Pts',(-48.0546273467017,65.903363833319,72.1035162724936));
#6831=CARTESIAN_POINT('Ctrl Pts',(-48.0546273467017,65.903363833319,69.7035162724936));
#6832=CARTESIAN_POINT('Ctrl Pts',(-48.2241675795508,69.8698141674865,72.1035162724936));
#6833=CARTESIAN_POINT('Ctrl Pts',(-48.2241675795508,69.8698141674865,69.7035162724936));
#6834=CARTESIAN_POINT('Ctrl Pts',(-48.5169898222876,73.5897554203857,72.1035162724936));
#6835=CARTESIAN_POINT('Ctrl Pts',(-48.5169898222876,73.5897554203857,69.7035162724936));
#6836=CARTESIAN_POINT('',(-46.1595235449744,60.4578864807952,70.1035162724936));
#6837=CARTESIAN_POINT('',(-46.1595235449744,60.4578864807952,72.1035162724936));
#6838=CARTESIAN_POINT('Ctrl Pts',(-48.5169898222876,73.5897554203857,70.1035162724936));
#6839=CARTESIAN_POINT('Ctrl Pts',(-48.2241675795508,69.8698141674865,70.1035162724936));
#6840=CARTESIAN_POINT('Ctrl Pts',(-48.0546273467017,65.903363833319,70.1035162724936));
#6841=CARTESIAN_POINT('Ctrl Pts',(-46.1595235449744,60.4578864807952,70.1035162724936));
#6842=CARTESIAN_POINT('Ctrl Pts',(-37.6066001081188,58.4364333685899,72.1035162724936));
#6843=CARTESIAN_POINT('Ctrl Pts',(-37.6066001081188,58.4364333685899,69.7035162724936));
#6844=CARTESIAN_POINT('Ctrl Pts',(-40.2470703338442,58.7587182419063,72.1035162724936));
#6845=CARTESIAN_POINT('Ctrl Pts',(-40.2470703338442,58.7587182419063,69.7035162724936));
#6846=CARTESIAN_POINT('Ctrl Pts',(-43.1562206737621,59.3258762390657,72.1035162724936));
#6847=CARTESIAN_POINT('Ctrl Pts',(-43.1562206737621,59.3258762390657,69.7035162724936));
#6848=CARTESIAN_POINT('Ctrl Pts',(-46.1595235449744,60.4578864807952,72.1035162724936));
#6849=CARTESIAN_POINT('Ctrl Pts',(-46.1595235449744,60.4578864807952,69.7035162724936));
#6850=CARTESIAN_POINT('',(-37.6066001081188,58.4364333685899,70.1035162724936));
#6851=CARTESIAN_POINT('',(-37.6066001081188,58.4364333685899,72.1035162724936));
#6852=CARTESIAN_POINT('Ctrl Pts',(-46.1595235449744,60.4578864807952,70.1035162724936));
#6853=CARTESIAN_POINT('Ctrl Pts',(-43.1562206737621,59.3258762390657,70.1035162724936));
#6854=CARTESIAN_POINT('Ctrl Pts',(-40.2470703338442,58.7587182419063,70.1035162724936));
#6855=CARTESIAN_POINT('Ctrl Pts',(-37.6066001081188,58.4364333685899,70.1035162724936));
#6856=CARTESIAN_POINT('Ctrl Pts',(-4.38919975766662,39.8650386486877,72.1035162724936));
#6857=CARTESIAN_POINT('Ctrl Pts',(-4.38919975766662,39.8650386486877,69.7035162724936));
#6858=CARTESIAN_POINT('Ctrl Pts',(-16.1147395770652,35.7472212053431,72.1035162724936));
#6859=CARTESIAN_POINT('Ctrl Pts',(-16.1147395770652,35.7472212053431,69.7035162724936));
#6860=CARTESIAN_POINT('Ctrl Pts',(-28.8266283336214,42.4791821188146,72.1035162724936));
#6861=CARTESIAN_POINT('Ctrl Pts',(-28.8266283336214,42.4791821188146,69.7035162724936));
#6862=CARTESIAN_POINT('Ctrl Pts',(-32.1999558868235,52.5657860315376,72.1035162724936));
#6863=CARTESIAN_POINT('Ctrl Pts',(-32.1999558868235,52.5657860315376,69.7035162724936));
#6864=CARTESIAN_POINT('',(-4.38919975766662,39.8650386486877,70.1035162724936));
#6865=CARTESIAN_POINT('',(-4.38919975766662,39.8650386486877,72.1035162724936));
#6866=CARTESIAN_POINT('',(-32.1999558868235,52.5657860315376,70.1035162724936));
#6867=CARTESIAN_POINT('Ctrl Pts',(-32.1999558868235,52.5657860315376,70.1035162724936));
#6868=CARTESIAN_POINT('Ctrl Pts',(-28.8266283336214,42.4791821188146,70.1035162724936));
#6869=CARTESIAN_POINT('Ctrl Pts',(-16.1147395770652,35.7472212053431,70.1035162724936));
#6870=CARTESIAN_POINT('Ctrl Pts',(-4.38919975766662,39.8650386486877,70.1035162724936));
#6871=CARTESIAN_POINT('',(-32.1999558868235,52.5657860315376,72.1035162724936));
#6872=CARTESIAN_POINT('Ctrl Pts',(-3.64967251386172,33.3838880299438,72.1035162724936));
#6873=CARTESIAN_POINT('Ctrl Pts',(-3.64967251386172,33.3838880299438,69.7035162724936));
#6874=CARTESIAN_POINT('Ctrl Pts',(-3.11556034802919,35.2566867977966,72.1035162724936));
#6875=CARTESIAN_POINT('Ctrl Pts',(-3.11556034802919,35.2566867977966,69.7035162724936));
#6876=CARTESIAN_POINT('Ctrl Pts',(-3.44425743588928,38.1154944214691,72.1035162724936));
#6877=CARTESIAN_POINT('Ctrl Pts',(-3.44425743588928,38.1154944214691,69.7035162724936));
#6878=CARTESIAN_POINT('Ctrl Pts',(-4.38919975766662,39.8650386486877,72.1035162724936));
#6879=CARTESIAN_POINT('Ctrl Pts',(-4.38919975766662,39.8650386486877,69.7035162724936));
#6880=CARTESIAN_POINT('',(-3.64967251386172,33.3838880299438,70.1035162724936));
#6881=CARTESIAN_POINT('',(-3.64967251386172,33.3838880299438,72.1035162724936));
#6882=CARTESIAN_POINT('Ctrl Pts',(-4.38919975766662,39.8650386486877,70.1035162724936));
#6883=CARTESIAN_POINT('Ctrl Pts',(-3.44425743588928,38.1154944214691,70.1035162724936));
#6884=CARTESIAN_POINT('Ctrl Pts',(-3.11556034802919,35.2566867977966,70.1035162724936));
#6885=CARTESIAN_POINT('Ctrl Pts',(-3.64967251386172,33.3838880299438,70.1035162724936));
#6886=CARTESIAN_POINT('Ctrl Pts',(-74.9623269366217,103.268800530707,72.1035162724936));
#6887=CARTESIAN_POINT('Ctrl Pts',(-74.9623269366217,103.268800530707,69.7035162724936));
#6888=CARTESIAN_POINT('Ctrl Pts',(-63.2292198565436,63.7454067444671,72.1035162724936));
#6889=CARTESIAN_POINT('Ctrl Pts',(-63.2292198565436,63.7454067444671,69.7035162724936));
#6890=CARTESIAN_POINT('Ctrl Pts',(-34.1173324240637,41.8473023918975,72.1035162724936));
#6891=CARTESIAN_POINT('Ctrl Pts',(-34.1173324240637,41.8473023918975,69.7035162724936));
#6892=CARTESIAN_POINT('Ctrl Pts',(-3.64967251386172,33.3838880299438,72.1035162724936));
#6893=CARTESIAN_POINT('Ctrl Pts',(-3.64967251386172,33.3838880299438,69.7035162724936));
#6894=CARTESIAN_POINT('',(-74.9623269366217,103.268800530707,70.1035162724936));
#6895=CARTESIAN_POINT('',(-74.9623269366217,103.268800530707,72.1035162724936));
#6896=CARTESIAN_POINT('Ctrl Pts',(-3.64967251386172,33.3838880299438,70.1035162724936));
#6897=CARTESIAN_POINT('Ctrl Pts',(-34.1173324240637,41.8473023918975,70.1035162724936));
#6898=CARTESIAN_POINT('Ctrl Pts',(-63.2292198565436,63.7454067444671,70.1035162724936));
#6899=CARTESIAN_POINT('Ctrl Pts',(-74.9623269366217,103.268800530707,70.1035162724936));
#6900=CARTESIAN_POINT('Ctrl Pts',(-73.8480321512487,103.154510255154,72.1035162724936));
#6901=CARTESIAN_POINT('Ctrl Pts',(-73.8480321512487,103.154510255154,69.7035162724936));
#6902=CARTESIAN_POINT('Ctrl Pts',(-74.2200733435911,103.187957751501,72.1035162724936));
#6903=CARTESIAN_POINT('Ctrl Pts',(-74.2200733435911,103.187957751501,69.7035162724936));
#6904=CARTESIAN_POINT('Ctrl Pts',(-74.5924201019625,103.225940168788,72.1035162724936));
#6905=CARTESIAN_POINT('Ctrl Pts',(-74.5924201019625,103.225940168788,69.7035162724936));
#6906=CARTESIAN_POINT('Ctrl Pts',(-74.9623269366217,103.268800530707,72.1035162724936));
#6907=CARTESIAN_POINT('Ctrl Pts',(-74.9623269366217,103.268800530707,69.7035162724936));
#6908=CARTESIAN_POINT('',(-73.8480321512487,103.154510255154,70.1035162724936));
#6909=CARTESIAN_POINT('',(-73.8480321512487,103.154510255154,72.1035162724936));
#6910=CARTESIAN_POINT('Origin',(-68.5896101547729,105.694366300752,70.1035162724936));
#6911=CARTESIAN_POINT('Ctrl Pts',(-105.280032191749,101.612363338362,72.1035162724936));
#6912=CARTESIAN_POINT('Ctrl Pts',(-105.280032191749,101.612363338362,69.7035162724936));
#6913=CARTESIAN_POINT('Ctrl Pts',(-96.6264207182837,103.684588886915,72.1035162724936));
#6914=CARTESIAN_POINT('Ctrl Pts',(-96.6264207182837,103.684588886915,69.7035162724936));
#6915=CARTESIAN_POINT('Ctrl Pts',(-86.1740401152564,97.5342367539275,72.1035162724936));
#6916=CARTESIAN_POINT('Ctrl Pts',(-86.1740401152564,97.5342367539275,69.7035162724936));
#6917=CARTESIAN_POINT('Ctrl Pts',(-81.3103615527106,92.1143332764495,72.1035162724936));
#6918=CARTESIAN_POINT('Ctrl Pts',(-81.3103615527106,92.1143332764495,69.7035162724936));
#6919=CARTESIAN_POINT('',(-88.8946809819447,98.1321776992335,70.1035162724936));
#6920=CARTESIAN_POINT('',(-88.8946809819447,98.1321776992335,70.1035162724936));
#6921=CARTESIAN_POINT('Ctrl Pts',(-81.3103615527106,92.1143332764495,70.1035162724936));
#6922=CARTESIAN_POINT('Ctrl Pts',(-83.1634077992491,94.1792994674481,70.1035162724936));
#6923=CARTESIAN_POINT('Ctrl Pts',(-85.8277022385236,96.350296566351,70.1035162724936));
#6924=CARTESIAN_POINT('Ctrl Pts',(-88.8946809819447,98.1321776992335,70.1035162724936));
#6925=CARTESIAN_POINT('Ctrl Pts',(-105.436469590659,98.9480242951263,72.1035162724936));
#6926=CARTESIAN_POINT('Ctrl Pts',(-105.436469590659,98.9480242951263,69.7035162724936));
#6927=CARTESIAN_POINT('Ctrl Pts',(-105.796454158301,99.7601527760375,72.1035162724936));
#6928=CARTESIAN_POINT('Ctrl Pts',(-105.796454158301,99.7601527760375,69.7035162724936));
#6929=CARTESIAN_POINT('Ctrl Pts',(-105.790053822227,100.830602117239,72.1035162724936));
#6930=CARTESIAN_POINT('Ctrl Pts',(-105.790053822227,100.830602117239,69.7035162724936));
#6931=CARTESIAN_POINT('Ctrl Pts',(-105.280032191749,101.612363338362,72.1035162724936));
#6932=CARTESIAN_POINT('Ctrl Pts',(-105.280032191749,101.612363338362,69.7035162724936));
#6933=CARTESIAN_POINT('',(-105.436469590659,98.9480242951263,70.1035162724936));
#6934=CARTESIAN_POINT('',(-105.436469590659,98.9480242951263,72.1035162724936));
#6935=CARTESIAN_POINT('Ctrl Pts',(-105.280032191749,101.612363338362,70.1035162724936));
#6936=CARTESIAN_POINT('Ctrl Pts',(-105.790053822227,100.830602117239,70.1035162724936));
#6937=CARTESIAN_POINT('Ctrl Pts',(-105.796454158301,99.7601527760375,70.1035162724936));
#6938=CARTESIAN_POINT('Ctrl Pts',(-105.436469590659,98.9480242951263,70.1035162724936));
#6939=CARTESIAN_POINT('Ctrl Pts',(-115.729432841657,93.4264708196007,72.1035162724936));
#6940=CARTESIAN_POINT('Ctrl Pts',(-115.729432841657,93.4264708196007,69.7035162724936));
#6941=CARTESIAN_POINT('Ctrl Pts',(-112.643271759281,98.271985499438,72.1035162724936));
#6942=CARTESIAN_POINT('Ctrl Pts',(-112.643271759281,98.271985499438,69.7035162724936));
#6943=CARTESIAN_POINT('Ctrl Pts',(-107.490004830402,99.0431876446313,72.1035162724936));
#6944=CARTESIAN_POINT('Ctrl Pts',(-107.490004830402,99.0431876446313,69.7035162724936));
#6945=CARTESIAN_POINT('Ctrl Pts',(-105.436469590659,98.9480242951263,72.1035162724936));
#6946=CARTESIAN_POINT('Ctrl Pts',(-105.436469590659,98.9480242951263,69.7035162724936));
#6947=CARTESIAN_POINT('',(-110.101535441484,98.0779247037539,70.1035162724936));
#6948=CARTESIAN_POINT('',(-110.101535441484,98.0779247037539,70.1035162724936));
#6949=CARTESIAN_POINT('Ctrl Pts',(-105.436469590659,98.9480242951263,70.1035162724936));
#6950=CARTESIAN_POINT('Ctrl Pts',(-106.44652369585,98.9948314450456,70.1035162724936));
#6951=CARTESIAN_POINT('Ctrl Pts',(-108.20648765343,98.8320410925356,70.1035162724936));
#6952=CARTESIAN_POINT('Ctrl Pts',(-110.101535441484,98.0779247037539,70.1035162724936));
#6953=CARTESIAN_POINT('Ctrl Pts',(-69.245892867179,69.2472784745086,72.1035162724936));
#6954=CARTESIAN_POINT('Ctrl Pts',(-69.245892867179,69.2472784745086,69.7035162724936));
#6955=CARTESIAN_POINT('Ctrl Pts',(-73.8517822238641,76.7197659509526,72.1035162724936));
#6956=CARTESIAN_POINT('Ctrl Pts',(-73.8517822238641,76.7197659509526,69.7035162724936));
#6957=CARTESIAN_POINT('Ctrl Pts',(-89.4308811402362,83.0440811435373,72.1035162724936));
#6958=CARTESIAN_POINT('Ctrl Pts',(-89.4308811402362,83.0440811435373,69.7035162724936));
#6959=CARTESIAN_POINT('Ctrl Pts',(-98.3086339471745,73.732095498159,72.1035162724936));
#6960=CARTESIAN_POINT('Ctrl Pts',(-98.3086339471745,73.732095498159,69.7035162724936));
#6961=CARTESIAN_POINT('',(-69.245892867179,69.2472784745086,70.1035162724936));
#6962=CARTESIAN_POINT('',(-69.245892867179,69.2472784745086,72.1035162724936));
#6963=CARTESIAN_POINT('',(-98.3086339473798,73.7320954979435,70.1035162724936));
#6964=CARTESIAN_POINT('Ctrl Pts',(-98.3086339471745,73.7320954981589,70.1035162724936));
#6965=CARTESIAN_POINT('Ctrl Pts',(-89.4308811402362,83.0440811435373,70.1035162724936));
#6966=CARTESIAN_POINT('Ctrl Pts',(-73.8517822238641,76.7197659509526,70.1035162724936));
#6967=CARTESIAN_POINT('Ctrl Pts',(-69.245892867179,69.2472784745086,70.1035162724936));
#6968=CARTESIAN_POINT('',(-98.3086339471745,73.732095498159,72.1035162724936));
#6969=CARTESIAN_POINT('Ctrl Pts',(-38.7232597035972,39.1392671182395,72.1035162724936));
#6970=CARTESIAN_POINT('Ctrl Pts',(-38.7232597035972,39.1392671182395,69.7035162724936));
#6971=CARTESIAN_POINT('Ctrl Pts',(-57.3532506070993,51.3733795958375,72.1035162724936));
#6972=CARTESIAN_POINT('Ctrl Pts',(-57.3532506070993,51.3733795958375,69.7035162724936));
#6973=CARTESIAN_POINT('Ctrl Pts',(-64.3637028636067,63.6404191217578,72.1035162724936));
#6974=CARTESIAN_POINT('Ctrl Pts',(-64.3637028636067,63.6404191217578,69.7035162724936));
#6975=CARTESIAN_POINT('Ctrl Pts',(-69.245892867179,69.2472784745086,72.1035162724936));
#6976=CARTESIAN_POINT('Ctrl Pts',(-69.245892867179,69.2472784745086,69.7035162724936));
#6977=CARTESIAN_POINT('',(-38.7232597035972,39.1392671182395,70.1035162724936));
#6978=CARTESIAN_POINT('',(-38.7232597035972,39.1392671182395,72.1035162724936));
#6979=CARTESIAN_POINT('Ctrl Pts',(-69.245892867179,69.2472784745086,70.1035162724936));
#6980=CARTESIAN_POINT('Ctrl Pts',(-64.3637028636067,63.6404191217578,70.1035162724936));
#6981=CARTESIAN_POINT('Ctrl Pts',(-57.3532506070993,51.3733795958375,70.1035162724936));
#6982=CARTESIAN_POINT('Ctrl Pts',(-38.7232597035972,39.1392671182395,70.1035162724936));
#6983=CARTESIAN_POINT('Ctrl Pts',(-66.8066780913306,37.6570325798858,72.1035162724936));
#6984=CARTESIAN_POINT('Ctrl Pts',(-66.8066780913306,37.6570325798858,69.7035162724936));
#6985=CARTESIAN_POINT('Ctrl Pts',(-60.5839232797393,42.5937510344629,72.1035162724936));
#6986=CARTESIAN_POINT('Ctrl Pts',(-60.5839232797393,42.5937510344629,69.7035162724936));
#6987=CARTESIAN_POINT('Ctrl Pts',(-49.2489478534002,45.9198211138563,72.1035162724936));
#6988=CARTESIAN_POINT('Ctrl Pts',(-49.2489478534002,45.9198211138563,69.7035162724936));
#6989=CARTESIAN_POINT('Ctrl Pts',(-38.7232597035975,39.1392671182391,72.1035162724936));
#6990=CARTESIAN_POINT('Ctrl Pts',(-38.7232597035975,39.1392671182391,69.7035162724936));
#6991=CARTESIAN_POINT('',(-66.8066780913306,37.6570325798858,70.1035162724936));
#6992=CARTESIAN_POINT('',(-66.8066780913306,37.6570325798858,72.1035162724936));
#6993=CARTESIAN_POINT('Ctrl Pts',(-38.7232597035974,39.1392671182392,70.1035162724936));
#6994=CARTESIAN_POINT('Ctrl Pts',(-49.2489478534002,45.9198211138563,70.1035162724936));
#6995=CARTESIAN_POINT('Ctrl Pts',(-60.5839232797392,42.5937510344628,70.1035162724936));
#6996=CARTESIAN_POINT('Ctrl Pts',(-66.8066780913306,37.6570325798858,70.1035162724936));
#6997=CARTESIAN_POINT('Ctrl Pts',(-68.2677676871253,59.9910190476287,72.1035162724936));
#6998=CARTESIAN_POINT('Ctrl Pts',(-68.2677676871253,59.9910190476287,69.7035162724936));
#6999=CARTESIAN_POINT('Ctrl Pts',(-66.3183022326422,56.672431058203,72.1035162724936));
#7000=CARTESIAN_POINT('Ctrl Pts',(-66.3183022326422,56.672431058203,69.7035162724936));
#7001=CARTESIAN_POINT('Ctrl Pts',(-63.7320170733405,46.1323685978759,72.1035162724936));
#7002=CARTESIAN_POINT('Ctrl Pts',(-63.7320170733405,46.1323685978759,69.7035162724936));
#7003=CARTESIAN_POINT('Ctrl Pts',(-66.8066780913306,37.6570325798858,72.1035162724936));
#7004=CARTESIAN_POINT('Ctrl Pts',(-66.8066780913306,37.6570325798858,69.7035162724936));
#7005=CARTESIAN_POINT('',(-68.2677676871253,59.9910190476287,70.1035162724936));
#7006=CARTESIAN_POINT('',(-68.2677676871253,59.9910190476287,72.1035162724936));
#7007=CARTESIAN_POINT('Ctrl Pts',(-66.8066780913306,37.6570325798858,70.1035162724936));
#7008=CARTESIAN_POINT('Ctrl Pts',(-63.7320170733405,46.1323685978759,70.1035162724936));
#7009=CARTESIAN_POINT('Ctrl Pts',(-66.3183022326422,56.672431058203,70.1035162724936));
#7010=CARTESIAN_POINT('Ctrl Pts',(-68.2677676871253,59.9910190476287,70.1035162724936));
#7011=CARTESIAN_POINT('Ctrl Pts',(-77.5290814566565,57.2652175495971,72.1035162724936));
#7012=CARTESIAN_POINT('Ctrl Pts',(-77.5290814566565,57.2652175495971,69.7035162724936));
#7013=CARTESIAN_POINT('Ctrl Pts',(-76.0312105303717,58.4946039917815,72.1035162724936));
#7014=CARTESIAN_POINT('Ctrl Pts',(-76.0312105303717,58.4946039917815,69.7035162724936));
#7015=CARTESIAN_POINT('Ctrl Pts',(-72.1268132399512,59.8671601834167,72.1035162724936));
#7016=CARTESIAN_POINT('Ctrl Pts',(-72.1268132399512,59.8671601834167,69.7035162724936));
#7017=CARTESIAN_POINT('Ctrl Pts',(-68.2677676871253,59.9910190476287,72.1035162724936));
#7018=CARTESIAN_POINT('Ctrl Pts',(-68.2677676871253,59.9910190476287,69.7035162724936));
#7019=CARTESIAN_POINT('',(-77.5290814566565,57.2652175495971,70.1035162724936));
#7020=CARTESIAN_POINT('',(-77.5290814566565,57.2652175495971,72.1035162724936));
#7021=CARTESIAN_POINT('Ctrl Pts',(-68.2677676871253,59.9910190476287,70.1035162724936));
#7022=CARTESIAN_POINT('Ctrl Pts',(-72.1268132399512,59.8671601834167,70.1035162724936));
#7023=CARTESIAN_POINT('Ctrl Pts',(-76.0312105303717,58.4946039917815,70.1035162724936));
#7024=CARTESIAN_POINT('Ctrl Pts',(-77.5290814566565,57.2652175495971,70.1035162724936));
#7025=CARTESIAN_POINT('Ctrl Pts',(-96.1859513232459,69.7921481200229,72.1035162724936));
#7026=CARTESIAN_POINT('Ctrl Pts',(-96.1859513232459,69.7921481200229,69.7035162724936));
#7027=CARTESIAN_POINT('Ctrl Pts',(-87.9088307982454,68.749728289371,72.1035162724936));
#7028=CARTESIAN_POINT('Ctrl Pts',(-87.9088307982454,68.749728289371,69.7035162724936));
#7029=CARTESIAN_POINT('Ctrl Pts',(-80.6828977140039,63.6963204578263,72.1035162724936));
#7030=CARTESIAN_POINT('Ctrl Pts',(-80.6828977140039,63.6963204578263,69.7035162724936));
#7031=CARTESIAN_POINT('Ctrl Pts',(-77.5290814566565,57.2652175495971,72.1035162724936));
#7032=CARTESIAN_POINT('Ctrl Pts',(-77.5290814566565,57.2652175495971,69.7035162724936));
#7033=CARTESIAN_POINT('',(-96.1859513232495,69.7921481200233,70.1035162724936));
#7034=CARTESIAN_POINT('',(-96.1859513232459,69.7921481200229,72.1035162724936));
#7035=CARTESIAN_POINT('Ctrl Pts',(-77.5290814566565,57.2652175495971,70.1035162724936));
#7036=CARTESIAN_POINT('Ctrl Pts',(-80.6828977140039,63.6963204578263,70.1035162724936));
#7037=CARTESIAN_POINT('Ctrl Pts',(-87.9088307982454,68.749728289371,70.1035162724936));
#7038=CARTESIAN_POINT('Ctrl Pts',(-96.1859513232458,69.7921481200229,70.1035162724936));
#7039=CARTESIAN_POINT('Ctrl Pts',(-92.346271508689,48.5681771862853,72.1035162724936));
#7040=CARTESIAN_POINT('Ctrl Pts',(-92.346271508689,48.5681771862853,69.7035162724936));
#7041=CARTESIAN_POINT('Ctrl Pts',(-93.4169730435343,50.291253455242,72.1035162724936));
#7042=CARTESIAN_POINT('Ctrl Pts',(-93.4169730435343,50.291253455242,69.7035162724936));
#7043=CARTESIAN_POINT('Ctrl Pts',(-95.4999647904386,51.767535830389,72.1035162724936));
#7044=CARTESIAN_POINT('Ctrl Pts',(-95.4999647904386,51.767535830389,69.7035162724936));
#7045=CARTESIAN_POINT('Ctrl Pts',(-97.9195766337085,52.1128391975243,72.1035162724936));
#7046=CARTESIAN_POINT('Ctrl Pts',(-97.9195766337085,52.1128391975243,69.7035162724936));
#7047=CARTESIAN_POINT('',(-92.346271508689,48.5681771862853,70.1035162724936));
#7048=CARTESIAN_POINT('',(-92.346271508689,48.5681771862853,72.1035162724936));
#7049=CARTESIAN_POINT('',(-97.9195766337115,52.1128391975247,70.1035162724936));
#7050=CARTESIAN_POINT('Ctrl Pts',(-97.9195766337085,52.1128391975243,70.1035162724936));
#7051=CARTESIAN_POINT('Ctrl Pts',(-95.4999647904386,51.767535830389,70.1035162724936));
#7052=CARTESIAN_POINT('Ctrl Pts',(-93.4169730435343,50.291253455242,70.1035162724936));
#7053=CARTESIAN_POINT('Ctrl Pts',(-92.346271508689,48.5681771862853,70.1035162724936));
#7054=CARTESIAN_POINT('',(-97.9195766337085,52.1128391975243,72.1035162724936));
#7055=CARTESIAN_POINT('Ctrl Pts',(-97.1685264368964,44.9216337788451,72.1035162724936));
#7056=CARTESIAN_POINT('Ctrl Pts',(-97.1685264368964,44.9216337788451,69.7035162724936));
#7057=CARTESIAN_POINT('Ctrl Pts',(-95.4309313349677,47.1853474938262,72.1035162724936));
#7058=CARTESIAN_POINT('Ctrl Pts',(-95.4309313349677,47.1853474938262,69.7035162724936));
#7059=CARTESIAN_POINT('Ctrl Pts',(-93.9160020022345,48.1531167652953,72.1035162724936));
#7060=CARTESIAN_POINT('Ctrl Pts',(-93.9160020022345,48.1531167652953,69.7035162724936));
#7061=CARTESIAN_POINT('Ctrl Pts',(-92.346271508689,48.5681771862853,72.1035162724936));
#7062=CARTESIAN_POINT('Ctrl Pts',(-92.346271508689,48.5681771862853,69.7035162724936));
#7063=CARTESIAN_POINT('',(-97.1685264368964,44.9216337788451,70.1035162724936));
#7064=CARTESIAN_POINT('',(-97.1685264368964,44.9216337788451,72.1035162724936));
#7065=CARTESIAN_POINT('Ctrl Pts',(-92.346271508689,48.5681771862853,70.1035162724936));
#7066=CARTESIAN_POINT('Ctrl Pts',(-93.9160020022345,48.1531167652953,70.1035162724936));
#7067=CARTESIAN_POINT('Ctrl Pts',(-95.4309313349677,47.1853474938262,70.1035162724936));
#7068=CARTESIAN_POINT('Ctrl Pts',(-97.1685264368964,44.9216337788451,70.1035162724936));
#7069=CARTESIAN_POINT('Ctrl Pts',(-97.3013952162695,41.0315205002654,72.1035162724936));
#7070=CARTESIAN_POINT('Ctrl Pts',(-97.3013952162695,41.0315205002654,69.7035162724936));
#7071=CARTESIAN_POINT('Ctrl Pts',(-97.7261522837592,43.1234689728606,72.1035162724936));
#7072=CARTESIAN_POINT('Ctrl Pts',(-97.7261522837592,43.1234689728606,69.7035162724936));
#7073=CARTESIAN_POINT('Ctrl Pts',(-97.8256733893347,43.8664848118652,72.1035162724936));
#7074=CARTESIAN_POINT('Ctrl Pts',(-97.8256733893347,43.8664848118652,69.7035162724936));
#7075=CARTESIAN_POINT('Ctrl Pts',(-97.1685264368964,44.9216337788451,72.1035162724936));
#7076=CARTESIAN_POINT('Ctrl Pts',(-97.1685264368964,44.9216337788451,69.7035162724936));
#7077=CARTESIAN_POINT('',(-97.3013952162695,41.0315205002654,70.1035162724936));
#7078=CARTESIAN_POINT('',(-97.3013952162695,41.0315205002654,72.1035162724936));
#7079=CARTESIAN_POINT('Ctrl Pts',(-97.1685264368964,44.9216337788451,70.1035162724936));
#7080=CARTESIAN_POINT('Ctrl Pts',(-97.8256733893347,43.8664848118652,70.1035162724936));
#7081=CARTESIAN_POINT('Ctrl Pts',(-97.7261522837592,43.1234689728606,70.1035162724936));
#7082=CARTESIAN_POINT('Ctrl Pts',(-97.3013952162695,41.0315205002654,70.1035162724936));
#7083=CARTESIAN_POINT('Ctrl Pts',(-112.317270379157,22.7364482575286,72.1035162724936));
#7084=CARTESIAN_POINT('Ctrl Pts',(-112.317270379157,22.7364482575286,69.7035162724936));
#7085=CARTESIAN_POINT('Ctrl Pts',(-106.285132178779,23.7251491001952,72.1035162724936));
#7086=CARTESIAN_POINT('Ctrl Pts',(-106.285132178779,23.7251491001952,69.7035162724936));
#7087=CARTESIAN_POINT('Ctrl Pts',(-94.8611640780402,28.4332143414367,72.1035162724936));
#7088=CARTESIAN_POINT('Ctrl Pts',(-94.8611640780402,28.4332143414367,69.7035162724936));
#7089=CARTESIAN_POINT('Ctrl Pts',(-97.3013952162695,41.0315205002654,72.1035162724936));
#7090=CARTESIAN_POINT('Ctrl Pts',(-97.3013952162695,41.0315205002654,69.7035162724936));
#7091=CARTESIAN_POINT('',(-97.2326154887723,34.9019698237679,70.1035162724936));
#7092=CARTESIAN_POINT('',(-97.2326154887723,34.9019698237679,70.1035162724936));
#7093=CARTESIAN_POINT('Origin',(-259.16675118454,98.6824667690017,70.1035162724936));
#7094=CARTESIAN_POINT('Ctrl Pts',(-57.7583312236704,21.0224013566486,72.1035162724936));
#7095=CARTESIAN_POINT('Ctrl Pts',(-57.7583312236704,21.0224013566486,69.7035162724936));
#7096=CARTESIAN_POINT('Ctrl Pts',(-62.1028486862388,24.7159900299463,72.1035162724936));
#7097=CARTESIAN_POINT('Ctrl Pts',(-62.1028486862388,24.7159900299463,69.7035162724936));
#7098=CARTESIAN_POINT('Ctrl Pts',(-69.0532575614949,24.0934208626777,72.1035162724936));
#7099=CARTESIAN_POINT('Ctrl Pts',(-69.0532575614949,24.0934208626777,69.7035162724936));
#7100=CARTESIAN_POINT('Ctrl Pts',(-75.2664084325674,21.8456185349917,72.1035162724936));
#7101=CARTESIAN_POINT('Ctrl Pts',(-75.2664084325674,21.8456185349917,69.7035162724936));
#7102=CARTESIAN_POINT('',(-57.7583312236703,21.0224013566486,70.1035162724936));
#7103=CARTESIAN_POINT('',(-57.7583312236704,21.0224013566486,72.1035162724936));
#7104=CARTESIAN_POINT('',(-75.2664084325674,21.8456185349917,70.1035162724936));
#7105=CARTESIAN_POINT('Ctrl Pts',(-75.2664084325674,21.8456185349917,70.1035162724936));
#7106=CARTESIAN_POINT('Ctrl Pts',(-69.0532575614949,24.0934208626777,70.1035162724936));
#7107=CARTESIAN_POINT('Ctrl Pts',(-62.1028486862388,24.7159900299463,70.1035162724936));
#7108=CARTESIAN_POINT('Ctrl Pts',(-57.7583312236704,21.0224013566486,70.1035162724936));
#7109=CARTESIAN_POINT('',(-75.2664084325674,21.8456185349917,72.1035162724936));
#7110=CARTESIAN_POINT('Ctrl Pts',(-48.9050204977942,17.0387482190002,72.1035162724936));
#7111=CARTESIAN_POINT('Ctrl Pts',(-48.9050204977942,17.0387482190002,69.7035162724936));
#7112=CARTESIAN_POINT('Ctrl Pts',(-48.9494496658512,17.0051962258317,72.1035162724936));
#7113=CARTESIAN_POINT('Ctrl Pts',(-48.9494496658512,17.0051962258317,69.7035162724936));
#7114=CARTESIAN_POINT('Ctrl Pts',(-48.9938365725583,16.9714929091819,72.1035162724936));
#7115=CARTESIAN_POINT('Ctrl Pts',(-48.9938365725583,16.9714929091819,69.7035162724936));
#7116=CARTESIAN_POINT('Ctrl Pts',(-49.0381806263352,16.9376595626953,72.1035162724936));
#7117=CARTESIAN_POINT('Ctrl Pts',(-49.0381806263352,16.9376595626953,69.7035162724936));
#7118=CARTESIAN_POINT('',(-48.9050204977942,17.0387482190002,70.1035162724936));
#7119=CARTESIAN_POINT('',(-48.9050204977942,17.0387482190002,72.1035162724936));
#7120=CARTESIAN_POINT('',(-49.0381806263352,16.9376595626952,70.1035162724936));
#7121=CARTESIAN_POINT('Ctrl Pts',(-49.0381806263352,16.9376595626953,70.1035162724936));
#7122=CARTESIAN_POINT('Ctrl Pts',(-48.9938365725583,16.9714929091819,70.1035162724936));
#7123=CARTESIAN_POINT('Ctrl Pts',(-48.9494496658512,17.0051962258317,70.1035162724936));
#7124=CARTESIAN_POINT('Ctrl Pts',(-48.9050204977942,17.0387482190002,70.1035162724936));
#7125=CARTESIAN_POINT('',(-49.0381806263352,16.9376595626953,72.1035162724936));
#7126=CARTESIAN_POINT('Ctrl Pts',(-39.7892663027716,14.0879460652221,72.1035162724936));
#7127=CARTESIAN_POINT('Ctrl Pts',(-39.7892663027716,14.0879460652221,69.7035162724936));
#7128=CARTESIAN_POINT('Ctrl Pts',(-42.5144909464789,13.6530528431762,72.1035162724936));
#7129=CARTESIAN_POINT('Ctrl Pts',(-42.5144909464789,13.6530528431762,69.7035162724936));
#7130=CARTESIAN_POINT('Ctrl Pts',(-46.5040429228736,15.6207029435027,72.1035162724936));
#7131=CARTESIAN_POINT('Ctrl Pts',(-46.5040429228736,15.6207029435027,69.7035162724936));
#7132=CARTESIAN_POINT('Ctrl Pts',(-48.9050204977942,17.0387482190002,72.1035162724936));
#7133=CARTESIAN_POINT('Ctrl Pts',(-48.9050204977942,17.0387482190002,69.7035162724936));
#7134=CARTESIAN_POINT('',(-39.7892663027716,14.0879460652221,70.1035162724936));
#7135=CARTESIAN_POINT('',(-39.7892663027716,14.0879460652221,72.1035162724936));
#7136=CARTESIAN_POINT('Ctrl Pts',(-48.9050204977942,17.0387482190002,70.1035162724936));
#7137=CARTESIAN_POINT('Ctrl Pts',(-46.5040429228736,15.6207029435027,70.1035162724936));
#7138=CARTESIAN_POINT('Ctrl Pts',(-42.5144909464789,13.6530528431762,70.1035162724936));
#7139=CARTESIAN_POINT('Ctrl Pts',(-39.7892663027716,14.0879460652221,70.1035162724936));
#7140=CARTESIAN_POINT('Ctrl Pts',(-38.501837327857,17.6203547242034,72.1035162724936));
#7141=CARTESIAN_POINT('Ctrl Pts',(-38.501837327857,17.6203547242034,69.7035162724936));
#7142=CARTESIAN_POINT('Ctrl Pts',(-38.4780214850378,16.2992209751952,72.1035162724936));
#7143=CARTESIAN_POINT('Ctrl Pts',(-38.4780214850378,16.2992209751952,69.7035162724936));
#7144=CARTESIAN_POINT('Ctrl Pts',(-38.8405881625128,14.2393565907348,72.1035162724936));
#7145=CARTESIAN_POINT('Ctrl Pts',(-38.8405881625128,14.2393565907348,69.7035162724936));
#7146=CARTESIAN_POINT('Ctrl Pts',(-39.7892663027716,14.0879460652221,72.1035162724936));
#7147=CARTESIAN_POINT('Ctrl Pts',(-39.7892663027716,14.0879460652221,69.7035162724936));
#7148=CARTESIAN_POINT('',(-38.501837327857,17.6203547242034,70.1035162724936));
#7149=CARTESIAN_POINT('',(-38.501837327857,17.6203547242034,72.1035162724936));
#7150=CARTESIAN_POINT('Ctrl Pts',(-39.7892663027716,14.0879460652221,70.1035162724936));
#7151=CARTESIAN_POINT('Ctrl Pts',(-38.8405881625128,14.2393565907348,70.1035162724936));
#7152=CARTESIAN_POINT('Ctrl Pts',(-38.4780214850378,16.2992209751952,70.1035162724936));
#7153=CARTESIAN_POINT('Ctrl Pts',(-38.501837327857,17.6203547242034,70.1035162724936));
#7154=CARTESIAN_POINT('Ctrl Pts',(-35.0643898783636,16.5700128765929,72.1035162724936));
#7155=CARTESIAN_POINT('Ctrl Pts',(-35.0643898783636,16.5700128765929,69.7035162724936));
#7156=CARTESIAN_POINT('Ctrl Pts',(-36.3758544501258,18.2075649571288,72.1035162724936));
#7157=CARTESIAN_POINT('Ctrl Pts',(-36.3758544501258,18.2075649571288,69.7035162724936));
#7158=CARTESIAN_POINT('Ctrl Pts',(-38.501837327857,17.6203547242034,72.1035162724936));
#7159=CARTESIAN_POINT('Ctrl Pts',(-38.501837327857,17.6203547242034,69.7035162724936));
#7160=CARTESIAN_POINT('',(-35.0643898783636,16.5700128765929,70.1035162724936));
#7161=CARTESIAN_POINT('',(-35.0643898783636,16.5700128765929,72.1035162724936));
#7162=CARTESIAN_POINT('Ctrl Pts',(-38.501837327857,17.6203547242034,70.1035162724936));
#7163=CARTESIAN_POINT('Ctrl Pts',(-36.3758544501258,18.2075649571288,70.1035162724936));
#7164=CARTESIAN_POINT('Ctrl Pts',(-35.0643898783636,16.5700128765929,70.1035162724936));
#7165=CARTESIAN_POINT('Ctrl Pts',(-28.6210369524909,18.7626361634124,72.1035162724936));
#7166=CARTESIAN_POINT('Ctrl Pts',(-28.6210369524909,18.7626361634124,69.7035162724936));
#7167=CARTESIAN_POINT('Ctrl Pts',(-31.1713923281622,18.5226098259795,72.1035162724936));
#7168=CARTESIAN_POINT('Ctrl Pts',(-31.1713923281622,18.5226098259795,69.7035162724936));
#7169=CARTESIAN_POINT('Ctrl Pts',(-32.6859645605994,18.1327936489928,72.1035162724936));
#7170=CARTESIAN_POINT('Ctrl Pts',(-32.6859645605994,18.1327936489928,69.7035162724936));
#7171=CARTESIAN_POINT('Ctrl Pts',(-35.0643898783636,16.5700128765929,72.1035162724936));
#7172=CARTESIAN_POINT('Ctrl Pts',(-35.0643898783636,16.5700128765929,69.7035162724936));
#7173=CARTESIAN_POINT('',(-28.6210369524909,18.7626361634124,70.1035162724936));
#7174=CARTESIAN_POINT('',(-28.6210369524909,18.7626361634124,72.1035162724936));
#7175=CARTESIAN_POINT('Ctrl Pts',(-35.0643898783636,16.5700128765929,70.1035162724936));
#7176=CARTESIAN_POINT('Ctrl Pts',(-32.6859645605994,18.1327936489928,70.1035162724936));
#7177=CARTESIAN_POINT('Ctrl Pts',(-31.1713923281622,18.5226098259795,70.1035162724936));
#7178=CARTESIAN_POINT('Ctrl Pts',(-28.6210369524909,18.7626361634124,70.1035162724936));
#7179=CARTESIAN_POINT('Ctrl Pts',(-33.8612640425635,36.3361460541595,72.1035162724936));
#7180=CARTESIAN_POINT('Ctrl Pts',(-33.8612640425635,36.3361460541595,69.7035162724936));
#7181=CARTESIAN_POINT('Ctrl Pts',(-30.9569673350287,33.3962491940368,72.1035162724936));
#7182=CARTESIAN_POINT('Ctrl Pts',(-30.9569673350287,33.3962491940368,69.7035162724936));
#7183=CARTESIAN_POINT('Ctrl Pts',(-26.081641808982,24.4881625557769,72.1035162724936));
#7184=CARTESIAN_POINT('Ctrl Pts',(-26.081641808982,24.4881625557769,69.7035162724936));
#7185=CARTESIAN_POINT('Ctrl Pts',(-28.6210369524909,18.7626361634124,72.1035162724936));
#7186=CARTESIAN_POINT('Ctrl Pts',(-28.6210369524909,18.7626361634124,69.7035162724936));
#7187=CARTESIAN_POINT('',(-33.8612640425635,36.3361460541595,70.1035162724936));
#7188=CARTESIAN_POINT('',(-33.8612640425635,36.3361460541595,72.1035162724936));
#7189=CARTESIAN_POINT('Ctrl Pts',(-28.6210369524909,18.7626361634124,70.1035162724936));
#7190=CARTESIAN_POINT('Ctrl Pts',(-26.081641808982,24.4881625557769,70.1035162724936));
#7191=CARTESIAN_POINT('Ctrl Pts',(-30.9569673350287,33.3962491940368,70.1035162724936));
#7192=CARTESIAN_POINT('Ctrl Pts',(-33.8612640425635,36.3361460541595,70.1035162724936));
#7193=CARTESIAN_POINT('Ctrl Pts',(-0.81725367395991,23.4953236145377,72.1035162724936));
#7194=CARTESIAN_POINT('Ctrl Pts',(-0.81725367395991,23.4953236145377,69.7035162724936));
#7195=CARTESIAN_POINT('Ctrl Pts',(-14.7930137713822,26.5109589028651,72.1035162724936));
#7196=CARTESIAN_POINT('Ctrl Pts',(-14.7930137713822,26.5109589028651,69.7035162724936));
#7197=CARTESIAN_POINT('Ctrl Pts',(-25.9390916726702,32.0190714570623,72.1035162724936));
#7198=CARTESIAN_POINT('Ctrl Pts',(-25.9390916726702,32.0190714570623,69.7035162724936));
#7199=CARTESIAN_POINT('Ctrl Pts',(-33.8612640425635,36.3361460541595,72.1035162724936));
#7200=CARTESIAN_POINT('Ctrl Pts',(-33.8612640425635,36.3361460541595,69.7035162724936));
#7201=CARTESIAN_POINT('',(-0.817253673958769,23.4953236145375,70.1035162724936));
#7202=CARTESIAN_POINT('',(-0.81725367395991,23.4953236145377,72.1035162724936));
#7203=CARTESIAN_POINT('Ctrl Pts',(-33.8612640425635,36.3361460541595,70.1035162724936));
#7204=CARTESIAN_POINT('Ctrl Pts',(-25.9390916726702,32.0190714570623,70.1035162724936));
#7205=CARTESIAN_POINT('Ctrl Pts',(-14.7930137713822,26.5109589028651,70.1035162724936));
#7206=CARTESIAN_POINT('Ctrl Pts',(-0.817253673959907,23.4953236145377,70.1035162724936));
#7207=CARTESIAN_POINT('Ctrl Pts',(77.390270360856,36.3361460541595,72.1035162724936));
#7208=CARTESIAN_POINT('Ctrl Pts',(77.390270360856,36.3361460541595,69.7035162724936));
#7209=CARTESIAN_POINT('Ctrl Pts',(68.5417024361268,31.5142398338096,72.1035162724936));
#7210=CARTESIAN_POINT('Ctrl Pts',(68.5417024361268,31.5142398338096,69.7035162724936));
#7211=CARTESIAN_POINT('Ctrl Pts',(55.6711238491258,25.2064526617631,72.1035162724936));
#7212=CARTESIAN_POINT('Ctrl Pts',(55.6711238491258,25.2064526617631,69.7035162724936));
#7213=CARTESIAN_POINT('Ctrl Pts',(39.3278892122393,22.5455342658718,72.1035162724936));
#7214=CARTESIAN_POINT('Ctrl Pts',(39.3278892122393,22.5455342658718,69.7035162724936));
#7215=CARTESIAN_POINT('',(77.390270360856,36.3361460541595,70.1035162724936));
#7216=CARTESIAN_POINT('',(77.390270360856,36.3361460541595,72.1035162724936));
#7217=CARTESIAN_POINT('',(39.3278892122393,22.5455342658718,70.1035162724936));
#7218=CARTESIAN_POINT('Ctrl Pts',(39.3278892122393,22.5455342658718,70.1035162724936));
#7219=CARTESIAN_POINT('Ctrl Pts',(55.6711238491258,25.2064526617631,70.1035162724936));
#7220=CARTESIAN_POINT('Ctrl Pts',(68.5417024361268,31.5142398338096,70.1035162724936));
#7221=CARTESIAN_POINT('Ctrl Pts',(77.390270360856,36.3361460541595,70.1035162724936));
#7222=CARTESIAN_POINT('',(39.3278892122393,22.5455342658718,72.1035162724936));
#7223=CARTESIAN_POINT('Ctrl Pts',(72.1500295361566,18.7626361634124,72.1035162724936));
#7224=CARTESIAN_POINT('Ctrl Pts',(72.1500295361566,18.7626361634124,69.7035162724936));
#7225=CARTESIAN_POINT('Ctrl Pts',(69.6106343926477,24.4881625557769,72.1035162724936));
#7226=CARTESIAN_POINT('Ctrl Pts',(69.6106343926477,24.4881625557769,69.7035162724936));
#7227=CARTESIAN_POINT('Ctrl Pts',(74.4859599186945,33.3962491940368,72.1035162724936));
#7228=CARTESIAN_POINT('Ctrl Pts',(74.4859599186945,33.3962491940368,69.7035162724936));
#7229=CARTESIAN_POINT('Ctrl Pts',(77.390270360856,36.3361460541595,72.1035162724936));
#7230=CARTESIAN_POINT('Ctrl Pts',(77.390270360856,36.3361460541595,69.7035162724936));
#7231=CARTESIAN_POINT('',(72.1500295361566,18.7626361634124,70.1035162724936));
#7232=CARTESIAN_POINT('',(72.1500295361566,18.7626361634124,72.1035162724936));
#7233=CARTESIAN_POINT('Ctrl Pts',(77.390270360856,36.3361460541595,70.1035162724936));
#7234=CARTESIAN_POINT('Ctrl Pts',(74.4859599186945,33.3962491940368,70.1035162724936));
#7235=CARTESIAN_POINT('Ctrl Pts',(69.6106343926477,24.4881625557769,70.1035162724936));
#7236=CARTESIAN_POINT('Ctrl Pts',(72.1500295361566,18.7626361634124,70.1035162724936));
#7237=CARTESIAN_POINT('Ctrl Pts',(78.5933961966562,16.5700128765929,72.1035162724936));
#7238=CARTESIAN_POINT('Ctrl Pts',(78.5933961966562,16.5700128765929,69.7035162724936));
#7239=CARTESIAN_POINT('Ctrl Pts',(76.2149708788919,18.1327936489928,72.1035162724936));
#7240=CARTESIAN_POINT('Ctrl Pts',(76.2149708788919,18.1327936489928,69.7035162724936));
#7241=CARTESIAN_POINT('Ctrl Pts',(74.7003986464548,18.5226372952331,72.1035162724936));
#7242=CARTESIAN_POINT('Ctrl Pts',(74.7003986464548,18.5226372952331,69.7035162724936));
#7243=CARTESIAN_POINT('Ctrl Pts',(72.1500295361566,18.7626361634124,72.1035162724936));
#7244=CARTESIAN_POINT('Ctrl Pts',(72.1500295361566,18.7626361634124,69.7035162724936));
#7245=CARTESIAN_POINT('',(78.5933961966562,16.5700128765929,70.1035162724936));
#7246=CARTESIAN_POINT('',(78.5933961966562,16.5700128765929,72.1035162724936));
#7247=CARTESIAN_POINT('Ctrl Pts',(72.1500295361566,18.7626361634124,70.1035162724936));
#7248=CARTESIAN_POINT('Ctrl Pts',(74.7003986464548,18.5226372952331,70.1035162724936));
#7249=CARTESIAN_POINT('Ctrl Pts',(76.2149708788919,18.1327936489928,70.1035162724936));
#7250=CARTESIAN_POINT('Ctrl Pts',(78.5933961966562,16.5700128765929,70.1035162724936));
#7251=CARTESIAN_POINT('Ctrl Pts',(82.0308436461496,17.6203547242034,72.1035162724936));
#7252=CARTESIAN_POINT('Ctrl Pts',(82.0308436461496,17.6203547242034,69.7035162724936));
#7253=CARTESIAN_POINT('Ctrl Pts',(79.9048745030451,18.2075649571288,72.1035162724936));
#7254=CARTESIAN_POINT('Ctrl Pts',(79.9048745030451,18.2075649571288,69.7035162724936));
#7255=CARTESIAN_POINT('Ctrl Pts',(78.5933961966562,16.5700128765929,72.1035162724936));
#7256=CARTESIAN_POINT('Ctrl Pts',(78.5933961966562,16.5700128765929,69.7035162724936));
#7257=CARTESIAN_POINT('',(82.0308436461496,17.6203547242034,70.1035162724936));
#7258=CARTESIAN_POINT('',(82.0308436461496,17.6203547242034,72.1035162724936));
#7259=CARTESIAN_POINT('Ctrl Pts',(78.5933961966562,16.5700128765929,70.1035162724936));
#7260=CARTESIAN_POINT('Ctrl Pts',(79.9048745030451,18.2075649571288,70.1035162724936));
#7261=CARTESIAN_POINT('Ctrl Pts',(82.0308436461496,17.6203547242034,70.1035162724936));
#7262=CARTESIAN_POINT('Ctrl Pts',(82.6755646780685,14.5735893297012,72.1035162724936));
#7263=CARTESIAN_POINT('Ctrl Pts',(82.6755646780685,14.5735893297012,69.7035162724936));
#7264=CARTESIAN_POINT('Ctrl Pts',(82.2023627330017,15.2949757972227,72.1035162724936));
#7265=CARTESIAN_POINT('Ctrl Pts',(82.2023627330017,15.2949757972227,69.7035162724936));
#7266=CARTESIAN_POINT('Ctrl Pts',(82.0134399092915,16.6549190561672,72.1035162724936));
#7267=CARTESIAN_POINT('Ctrl Pts',(82.0134399092915,16.6549190561672,69.7035162724936));
#7268=CARTESIAN_POINT('Ctrl Pts',(82.0308436461496,17.6203547242034,72.1035162724936));
#7269=CARTESIAN_POINT('Ctrl Pts',(82.0308436461496,17.6203547242034,69.7035162724936));
#7270=CARTESIAN_POINT('',(82.6755646780685,14.5735893297012,70.1035162724936));
#7271=CARTESIAN_POINT('',(82.6755646780685,14.5735893297012,72.1035162724936));
#7272=CARTESIAN_POINT('Ctrl Pts',(82.0308436461496,17.6203547242034,70.1035162724936));
#7273=CARTESIAN_POINT('Ctrl Pts',(82.0134399092915,16.6549190561672,70.1035162724936));
#7274=CARTESIAN_POINT('Ctrl Pts',(82.2023627330017,15.2949757972227,70.1035162724936));
#7275=CARTESIAN_POINT('Ctrl Pts',(82.6755646780685,14.5735893297012,70.1035162724936));
#7276=CARTESIAN_POINT('Ctrl Pts',(131.140086697869,14.0554774075378,72.1035162724936));
#7277=CARTESIAN_POINT('Ctrl Pts',(131.140086697869,14.0554774075378,69.7035162724936));
#7278=CARTESIAN_POINT('Ctrl Pts',(127.072643414357,19.2131930197883,72.1035162724936));
#7279=CARTESIAN_POINT('Ctrl Pts',(127.072643414357,19.2131930197883,69.7035162724936));
#7280=CARTESIAN_POINT('Ctrl Pts',(112.492778060664,26.4382694809781,72.1035162724936));
#7281=CARTESIAN_POINT('Ctrl Pts',(112.492778060664,26.4382694809781,69.7035162724936));
#7282=CARTESIAN_POINT('Ctrl Pts',(103.757233342196,22.5650485615639,72.1035162724936));
#7283=CARTESIAN_POINT('Ctrl Pts',(103.757233342196,22.5650485615639,69.7035162724936));
#7284=CARTESIAN_POINT('',(119.541158538634,21.5667304859586,70.1035162724936));
#7285=CARTESIAN_POINT('',(119.541158538634,21.5667304859586,70.1035162724936));
#7286=CARTESIAN_POINT('',(103.75723334219,22.5650485615612,70.1035162724936));
#7287=CARTESIAN_POINT('Ctrl Pts',(103.757233342196,22.5650485615639,70.1035162724936));
#7288=CARTESIAN_POINT('Ctrl Pts',(108.220158519255,24.5438484778442,70.1035162724936));
#7289=CARTESIAN_POINT('Ctrl Pts',(114.208517139334,23.625867905574,70.1035162724936));
#7290=CARTESIAN_POINT('Ctrl Pts',(119.541158538634,21.5667304859586,70.1035162724936));
#7291=CARTESIAN_POINT('',(103.757233342196,22.5650485615639,72.1035162724936));
#7292=CARTESIAN_POINT('Ctrl Pts',(140.697573959069,44.9216337788451,72.1035162724936));
#7293=CARTESIAN_POINT('Ctrl Pts',(140.697573959069,44.9216337788451,69.7035162724936));
#7294=CARTESIAN_POINT('Ctrl Pts',(141.354720911508,43.8664848118652,72.1035162724936));
#7295=CARTESIAN_POINT('Ctrl Pts',(141.354720911508,43.8664848118652,69.7035162724936));
#7296=CARTESIAN_POINT('Ctrl Pts',(141.255213540559,43.1234689728606,72.1035162724936));
#7297=CARTESIAN_POINT('Ctrl Pts',(141.255213540559,43.1234689728606,69.7035162724936));
#7298=CARTESIAN_POINT('Ctrl Pts',(140.830442738442,41.0315205002654,72.1035162724936));
#7299=CARTESIAN_POINT('Ctrl Pts',(140.830442738442,41.0315205002654,69.7035162724936));
#7300=CARTESIAN_POINT('',(140.697573959069,44.9216337788451,70.1035162724936));
#7301=CARTESIAN_POINT('',(140.697573959069,44.9216337788451,72.1035162724936));
#7302=CARTESIAN_POINT('Ctrl Pts',(140.830442738442,41.0315205002654,70.1035162724936));
#7303=CARTESIAN_POINT('Ctrl Pts',(141.255213540559,43.1234689728606,70.1035162724936));
#7304=CARTESIAN_POINT('Ctrl Pts',(141.354720911508,43.8664848118652,70.1035162724936));
#7305=CARTESIAN_POINT('Ctrl Pts',(140.697573959069,44.9216337788451,70.1035162724936));
#7306=CARTESIAN_POINT('Ctrl Pts',(135.875319030862,48.5681771862853,72.1035162724936));
#7307=CARTESIAN_POINT('Ctrl Pts',(135.875319030862,48.5681771862853,69.7035162724936));
#7308=CARTESIAN_POINT('Ctrl Pts',(137.445063259034,48.1531167652953,72.1035162724936));
#7309=CARTESIAN_POINT('Ctrl Pts',(137.445063259034,48.1531167652953,69.7035162724936));
#7310=CARTESIAN_POINT('Ctrl Pts',(138.95997885714,47.1853474938262,72.1035162724936));
#7311=CARTESIAN_POINT('Ctrl Pts',(138.95997885714,47.1853474938262,69.7035162724936));
#7312=CARTESIAN_POINT('Ctrl Pts',(140.697573959069,44.9216337788451,72.1035162724936));
#7313=CARTESIAN_POINT('Ctrl Pts',(140.697573959069,44.9216337788451,69.7035162724936));
#7314=CARTESIAN_POINT('',(135.875319030862,48.5681771862853,70.1035162724936));
#7315=CARTESIAN_POINT('',(135.875319030862,48.5681771862853,72.1035162724936));
#7316=CARTESIAN_POINT('Ctrl Pts',(140.697573959069,44.9216337788451,70.1035162724936));
#7317=CARTESIAN_POINT('Ctrl Pts',(138.95997885714,47.1853474938262,70.1035162724936));
#7318=CARTESIAN_POINT('Ctrl Pts',(137.445063259034,48.1531167652953,70.1035162724936));
#7319=CARTESIAN_POINT('Ctrl Pts',(135.875319030862,48.5681771862853,70.1035162724936));
#7320=CARTESIAN_POINT('Ctrl Pts',(136.696530811239,49.6332835320704,72.1035162724936));
#7321=CARTESIAN_POINT('Ctrl Pts',(136.696530811239,49.6332835320704,69.7035162724936));
#7322=CARTESIAN_POINT('Ctrl Pts',(136.380734438034,49.2953849178422,72.1035162724936));
#7323=CARTESIAN_POINT('Ctrl Pts',(136.380734438034,49.2953849178422,69.7035162724936));
#7324=CARTESIAN_POINT('Ctrl Pts',(136.104780346827,48.9374484867508,72.1035162724936));
#7325=CARTESIAN_POINT('Ctrl Pts',(136.104780346827,48.9374484867508,69.7035162724936));
#7326=CARTESIAN_POINT('Ctrl Pts',(135.875319030862,48.5681771862853,72.1035162724936));
#7327=CARTESIAN_POINT('Ctrl Pts',(135.875319030862,48.5681771862853,69.7035162724936));
#7328=CARTESIAN_POINT('',(136.696530811239,49.6332835320704,70.1035162724936));
#7329=CARTESIAN_POINT('',(136.696530811239,49.6332835320704,72.1035162724936));
#7330=CARTESIAN_POINT('Origin',(140.232234154093,47.6592279093138,70.1035162724936));
#7331=CARTESIAN_POINT('Origin',(-29.0629502974044,88.8736057702273,70.1035162724936));
#7332=CARTESIAN_POINT('',(-46.2409517682363,110.348387852197,70.1035162724936));
#7333=CARTESIAN_POINT('Origin',(-29.0629502974044,88.8736057702273,70.1035162724936));
#7334=CARTESIAN_POINT('',(-46.2409517682363,110.348387852197,78.1035162724936));
#7335=CARTESIAN_POINT('',(-46.2409517682363,110.348387852197,70.1035162724936));
#7336=CARTESIAN_POINT('',(-9.71109844555253,108.412178642983,78.1035162724936));
#7337=CARTESIAN_POINT('Origin',(-29.0629502974044,88.8736057702273,78.1035162724936));
#7338=CARTESIAN_POINT('',(-9.71109844555253,108.412178642983,70.1035162724936));
#7339=CARTESIAN_POINT('Origin',(-37.6066001081188,61.1519785574735,66.1035162724936));
#7340=CARTESIAN_POINT('',(-37.6066001081188,61.1519785574735,78.1035162724936));
#7341=CARTESIAN_POINT('',(-37.6066001081188,61.1519785574735,66.1035162724936));
#7342=CARTESIAN_POINT('',(-37.6066001081188,52.5657860315376,78.1035162724936));
#7343=CARTESIAN_POINT('',(-37.6066001081188,61.8925572767009,78.1035162724936));
#7344=CARTESIAN_POINT('',(-37.6066001081188,52.5657860315376,70.1035162724936));
#7345=CARTESIAN_POINT('',(-37.6066001081188,52.5657860315376,66.1035162724936));
#7346=CARTESIAN_POINT('',(-37.6066001081188,61.8925572767009,70.1035162724936));
#7347=CARTESIAN_POINT('Origin',(-20.0000002980232,61.1519785574735,66.1035162724936));
#7348=CARTESIAN_POINT('',(-20.0000002980232,61.1519785574735,78.1035162724936));
#7349=CARTESIAN_POINT('',(-20.0000002980232,61.1519785574735,66.1035162724936));
#7350=CARTESIAN_POINT('',(22.9685247022862,61.1519785574735,78.1035162724936));
#7351=CARTESIAN_POINT('Origin',(-20.0000002980232,52.5657860315376,66.1035162724936));
#7352=CARTESIAN_POINT('',(-20.0000002980232,52.5657860315376,78.1035162724936));
#7353=CARTESIAN_POINT('',(-20.0000002980232,52.5657860315376,66.1035162724936));
#7354=CARTESIAN_POINT('',(-20.0000002980232,57.5994610137329,78.1035162724936));
#7355=CARTESIAN_POINT('Origin',(-37.6066001081188,52.5657860315376,66.1035162724936));
#7356=CARTESIAN_POINT('',(14.1652247972384,52.5657860315376,70.1035162724936));
#7357=CARTESIAN_POINT('',(14.1652247972384,52.5657860315376,78.1035162724936));
#7358=CARTESIAN_POINT('Origin',(-68.1038627311133,137.679928683795,70.1035162724936));
#7359=CARTESIAN_POINT('Origin',(-68.1038627311133,137.679928683795,70.1035162724936));
#7360=CARTESIAN_POINT('',(-81.0367474323835,105.157006101351,78.1035162724936));
#7361=CARTESIAN_POINT('',(-81.0367474323834,105.157006101351,70.1035162724936));
#7362=CARTESIAN_POINT('Origin',(-68.1038627311133,137.679928683795,78.1035162724936));
#7363=CARTESIAN_POINT('Origin',(-68.1038627311133,137.679928683795,70.1035162724936));
#7364=CARTESIAN_POINT('Origin',(-81.0367474323835,105.157006101351,78.1035162724936));
#7365=CARTESIAN_POINT('',(-50.7570597543337,132.22641419273,70.1035162724936));
#7366=CARTESIAN_POINT('',(-92.3736523731039,95.0220499684978,78.1035162724936));
#7367=CARTESIAN_POINT('',(-92.3736523731039,95.0220499684978,78.1035162724936));
#7368=CARTESIAN_POINT('',(-50.7570597543337,132.22641419273,78.1035162724936));
#7369=CARTESIAN_POINT('Origin',(-92.3736523731039,95.0220499684978,78.1035162724936));
#7370=CARTESIAN_POINT('',(-96.8672085456343,109.909136417941,70.1035162724936));
#7371=CARTESIAN_POINT('',(-81.2840764412632,58.282445689331,70.1035162724936));
#7372=CARTESIAN_POINT('',(-96.8672085456343,109.909136417941,78.1035162724936));
#7373=CARTESIAN_POINT('',(-96.8672085456343,109.909136417941,78.1035162724936));
#7374=CARTESIAN_POINT('',(-81.2840764412632,58.282445689331,78.1035162724936));
#7375=CARTESIAN_POINT('Origin',(-96.8672085456343,109.909136417941,78.1035162724936));
#7376=CARTESIAN_POINT('',(-110.237065722253,97.9567634646451,78.1035162724936));
#7377=CARTESIAN_POINT('',(-110.237065722253,97.9567634646451,78.1035162724936));
#7378=CARTESIAN_POINT('',(-63.3688223740818,139.855993707942,78.1035162724936));
#7379=CARTESIAN_POINT('',(-63.3688223740818,139.855993707942,70.1035162724936));
#7380=CARTESIAN_POINT('Origin',(-110.237065722253,97.9567634646451,78.1035162724936));
#7381=CARTESIAN_POINT('',(-95.707141641422,91.7280439129081,70.1035162724936));
#7382=CARTESIAN_POINT('',(-29.4287238835048,63.3156672032766,70.1035162724936));
#7383=CARTESIAN_POINT('',(-95.707141641422,91.7280439129081,78.1035162724936));
#7384=CARTESIAN_POINT('',(-95.707141641422,91.7280439129081,78.1035162724936));
#7385=CARTESIAN_POINT('',(-29.4287238835048,63.3156672032766,78.1035162724936));
#7386=CARTESIAN_POINT('Origin',(-95.707141641422,91.7280439129081,78.1035162724936));
#7387=CARTESIAN_POINT('',(-105.99168311463,82.5338787309204,78.1035162724936));
#7388=CARTESIAN_POINT('',(-105.99168311463,82.5338787309204,74.1035162724936));
#7389=CARTESIAN_POINT('',(-58.0142631096448,125.424689729209,78.1035162724936));
#7390=CARTESIAN_POINT('',(-58.0142631096448,125.424689729209,70.1035162724936));
#7391=CARTESIAN_POINT('Origin',(-149.886843100985,131.63475786644,70.1035162724936));
#7392=CARTESIAN_POINT('',(-99.7459253307405,75.547409194146,78.1035162724936));
#7393=CARTESIAN_POINT('',(-99.7459253307405,75.547409194146,70.1035162724936));
#7394=CARTESIAN_POINT('',(-99.7459253307405,75.547409194146,78.1035162724936));
#7395=CARTESIAN_POINT('Origin',(-114.191758712505,62.6331359959282,70.1035162724936));
#7396=CARTESIAN_POINT('Origin',(-114.191758712505,62.6331359959282,70.1035162724936));
#7397=CARTESIAN_POINT('',(-99.7459253307405,49.7188627977105,70.1035162724936));
#7398=CARTESIAN_POINT('Origin',(-114.191758712505,62.6331359959282,70.1035162724936));
#7399=CARTESIAN_POINT('',(-99.7459253307405,49.7188627977105,78.1035162724936));
#7400=CARTESIAN_POINT('',(-99.7459253307405,49.7188627977105,70.1035162724936));
#7401=CARTESIAN_POINT('Origin',(-114.191758712505,62.6331359959282,78.1035162724936));
#7402=CARTESIAN_POINT('Origin',(-95.707141641422,33.5382280789484,78.1035162724936));
#7403=CARTESIAN_POINT('',(-110.237065722253,27.3095085272113,70.1035162724936));
#7404=CARTESIAN_POINT('',(-22.1637618430894,65.0649645644488,70.1035162724936));
#7405=CARTESIAN_POINT('',(-110.237065722253,27.3095085272113,78.1035162724936));
#7406=CARTESIAN_POINT('',(-110.237065722253,27.3095085272113,78.1035162724936));
#7407=CARTESIAN_POINT('',(-95.707141641422,33.5382280789484,78.1035162724936));
#7408=CARTESIAN_POINT('',(-22.1637618430894,65.0649645644488,78.1035162724936));
#7409=CARTESIAN_POINT('',(-95.707141641422,33.5382280789484,78.1035162724936));
#7410=CARTESIAN_POINT('Origin',(-96.8672085456343,15.3571355739158,78.1035162724936));
#7411=CARTESIAN_POINT('',(-92.3736523731039,30.2442220233587,78.1035162724936));
#7412=CARTESIAN_POINT('',(-92.3736523731039,30.2442220233587,78.1035162724936));
#7413=CARTESIAN_POINT('',(-96.8672085456343,15.3571355739158,78.1035162724936));
#7414=CARTESIAN_POINT('',(-83.5308545275285,59.5402830778039,78.1035162724936));
#7415=CARTESIAN_POINT('',(-96.8672085456343,15.3571355739158,78.1035162724936));
#7416=CARTESIAN_POINT('Origin',(-92.3736523731039,30.2442220233587,78.1035162724936));
#7417=CARTESIAN_POINT('',(-81.0367474323835,20.1092658905055,78.1035162724936));
#7418=CARTESIAN_POINT('',(-81.0367474323833,20.1092658905053,70.1035162724936));
#7419=CARTESIAN_POINT('',(-56.4255122246939,-1.89266413444706,78.1035162724936));
#7420=CARTESIAN_POINT('Origin',(104.977962136305,137.679928683795,70.1035162724936));
#7421=CARTESIAN_POINT('',(83.1150511734275,110.348387852197,70.1035162724936));
#7422=CARTESIAN_POINT('Origin',(104.977962136305,137.679928683795,70.1035162724936));
#7423=CARTESIAN_POINT('',(83.1150511734275,110.348387852197,78.1035162724936));
#7424=CARTESIAN_POINT('',(83.1150511734275,110.348387852197,70.1035162724936));
#7425=CARTESIAN_POINT('',(117.910846837575,105.157006101351,78.1035162724936));
#7426=CARTESIAN_POINT('Origin',(104.977962136305,137.679928683795,78.1035162724936));
#7427=CARTESIAN_POINT('',(117.910846837575,105.157006101351,70.1035162724936));
#7428=CARTESIAN_POINT('Origin',(-68.1038627311133,-12.4136566919388,70.1035162724936));
#7429=CARTESIAN_POINT('Origin',(-68.1038627311133,-12.4136566919388,70.1035162724936));
#7430=CARTESIAN_POINT('',(-46.2409517682363,14.9178841396593,70.1035162724936));
#7431=CARTESIAN_POINT('Origin',(-68.1038627311133,-12.4136566919388,70.1035162724936));
#7432=CARTESIAN_POINT('',(-46.2409517682363,14.9178841396593,78.1035162724936));
#7433=CARTESIAN_POINT('',(-46.2409517682363,14.9178841396593,70.1035162724936));
#7434=CARTESIAN_POINT('Origin',(-68.1038627311133,-12.4136566919388,78.1035162724936));
#7435=CARTESIAN_POINT('Origin',(133.741307950825,109.909136417941,78.1035162724936));
#7436=CARTESIAN_POINT('',(124.371261880963,78.8663096407805,70.1035162724936));
#7437=CARTESIAN_POINT('',(129.247751778295,95.0220499684978,78.1035162724936));
#7438=CARTESIAN_POINT('',(129.247751778295,95.0220499684978,78.1035162724936));
#7439=CARTESIAN_POINT('',(133.741307950825,109.909136417941,78.1035162724936));
#7440=CARTESIAN_POINT('',(124.371261880963,78.8663096407805,78.1035162724936));
#7441=CARTESIAN_POINT('',(133.741307950825,109.909136417941,78.1035162724936));
#7442=CARTESIAN_POINT('Origin',(18.4370497025956,-11.5656490114979,70.1035162724936));
#7443=CARTESIAN_POINT('',(46.5851978507437,16.8540933488737,70.1035162724936));
#7444=CARTESIAN_POINT('Origin',(18.4370497025956,-11.5656490114979,70.1035162724936));
#7445=CARTESIAN_POINT('',(46.5851978507437,16.8540933488737,78.1035162724936));
#7446=CARTESIAN_POINT('',(46.5851978507437,16.8540933488737,70.1035162724936));
#7447=CARTESIAN_POINT('',(-9.71109844555251,16.8540933488737,78.1035162724936));
#7448=CARTESIAN_POINT('Origin',(18.4370497025956,-11.5656490114979,78.1035162724936));
#7449=CARTESIAN_POINT('',(-9.71109844555251,16.8540933488737,70.1035162724936));
#7450=CARTESIAN_POINT('',(-9.71109844555251,16.8540933488737,70.1035162724936));
#7451=CARTESIAN_POINT('Origin',(18.4370497025956,-11.5656490114979,70.1035162724936));
#7452=CARTESIAN_POINT('Origin',(142.865782519822,82.5338787309204,78.1035162724936));
#7453=CARTESIAN_POINT('',(132.581241046613,91.7280439129081,70.1035162724936));
#7454=CARTESIAN_POINT('',(126.431275702653,97.2259844271421,70.1035162724936));
#7455=CARTESIAN_POINT('',(132.581241046613,91.7280439129081,78.1035162724936));
#7456=CARTESIAN_POINT('',(132.581241046613,91.7280439129081,78.1035162724936));
#7457=CARTESIAN_POINT('',(142.865782519822,82.5338787309204,78.1035162724936));
#7458=CARTESIAN_POINT('',(126.431275702653,97.2259844271421,78.1035162724936));
#7459=CARTESIAN_POINT('',(142.865782519822,82.5338787309204,74.1035162724936));
#7460=CARTESIAN_POINT('Origin',(65.9370497025956,36.3926662216293,70.1035162724936));
#7461=CARTESIAN_POINT('',(83.1150511734275,14.9178841396594,78.1035162724936));
#7462=CARTESIAN_POINT('',(83.1150511734275,14.9178841396594,70.1035162724936));
#7463=CARTESIAN_POINT('Origin',(65.9370497025956,36.3926662216293,78.1035162724936));
#7464=CARTESIAN_POINT('Origin',(65.9370497025956,36.3926662216293,70.1035162724936));
#7465=CARTESIAN_POINT('Origin',(104.977962136305,-12.4136566919386,70.1035162724936));
#7466=CARTESIAN_POINT('',(117.910846837575,20.1092658905055,70.1035162724936));
#7467=CARTESIAN_POINT('Origin',(104.977962136305,-12.4136566919386,70.1035162724936));
#7468=CARTESIAN_POINT('',(117.910846837575,20.1092658905055,78.1035162724936));
#7469=CARTESIAN_POINT('',(117.910846837575,20.1092658905055,70.1035162724936));
#7470=CARTESIAN_POINT('Origin',(104.977962136305,-12.4136566919386,78.1035162724936));
#7471=CARTESIAN_POINT('Origin',(117.910846837575,20.1092658905055,78.1035162724936));
#7472=CARTESIAN_POINT('',(129.247751778295,30.2442220233587,78.1035162724936));
#7473=CARTESIAN_POINT('',(129.247751778295,30.2442220233587,78.1035162724936));
#7474=CARTESIAN_POINT('',(114.031801610737,16.6414805101992,78.1035162724936));
#7475=CARTESIAN_POINT('',(114.031801610737,16.6414805101992,70.1035162724936));
#7476=CARTESIAN_POINT('Origin',(129.247751778295,30.2442220233587,78.1035162724936));
#7477=CARTESIAN_POINT('',(133.741307950825,15.3571355739158,78.1035162724936));
#7478=CARTESIAN_POINT('',(133.741307950825,15.3571355739158,78.1035162724936));
#7479=CARTESIAN_POINT('',(122.124483794698,53.8435055757975,78.1035162724936));
#7480=CARTESIAN_POINT('Origin',(133.741307950825,15.3571355739158,78.1035162724936));
#7481=CARTESIAN_POINT('',(147.111165127445,27.3095085272114,70.1035162724936));
#7482=CARTESIAN_POINT('',(126.643564230485,9.01190099498743,70.1035162724936));
#7483=CARTESIAN_POINT('',(147.111165127445,27.3095085272114,78.1035162724936));
#7484=CARTESIAN_POINT('',(147.111165127445,27.3095085272114,78.1035162724936));
#7485=CARTESIAN_POINT('',(126.643564230485,9.01190099498743,78.1035162724936));
#7486=CARTESIAN_POINT('Origin',(147.111165127445,27.3095085272114,78.1035162724936));
#7487=CARTESIAN_POINT('',(132.581241046613,33.5382280789484,78.1035162724936));
#7488=CARTESIAN_POINT('',(132.581241046613,33.5382280789484,78.1035162724936));
#7489=CARTESIAN_POINT('',(106.428915089756,44.7492642209595,78.1035162724936));
#7490=CARTESIAN_POINT('',(106.428915089756,44.7492642209595,70.1035162724936));
#7491=CARTESIAN_POINT('Origin',(132.581241046613,33.5382280789484,78.1035162724936));
#7492=CARTESIAN_POINT('',(142.865782519822,42.7323932609362,70.1035162724936));
#7493=CARTESIAN_POINT('',(121.289004966049,23.4432049737206,70.1035162724936));
#7494=CARTESIAN_POINT('',(142.865782519822,42.7323932609362,78.1035162724936));
#7495=CARTESIAN_POINT('',(142.865782519822,42.7323932609362,74.1035162724936));
#7496=CARTESIAN_POINT('',(121.289004966049,23.4432049737206,78.1035162724936));
#7497=CARTESIAN_POINT('Origin',(65.9370497025956,62.6331359959283,70.1035162724936));
#7498=CARTESIAN_POINT('Origin',(65.9370497025956,62.6331359959283,70.1035162724936));
#7499=CARTESIAN_POINT('Origin',(65.9370497025956,62.6331359959283,70.1035162724936));
#7500=CARTESIAN_POINT('Origin',(65.9370497025956,62.6331359959283,70.1035162724936));
#7501=CARTESIAN_POINT('',(136.620024735932,49.7188627977107,70.1035162724936));
#7502=CARTESIAN_POINT('Origin',(65.9370497025956,62.6331359959283,70.1035162724936));
#7503=CARTESIAN_POINT('Origin',(65.9370497025956,62.6331359959283,70.1035162724936));
#7504=CARTESIAN_POINT('Origin',(65.9370497025956,62.6331359959283,70.1035162724936));
#7505=CARTESIAN_POINT('',(136.620024735932,75.5474091941458,70.1035162724936));
#7506=CARTESIAN_POINT('',(136.620024735932,75.5474091941458,70.1035162724936));
#7507=CARTESIAN_POINT('Origin',(151.065858117696,62.6331359959283,70.1035162724936));
#7508=CARTESIAN_POINT('Origin',(65.9370497025956,62.6331359959283,70.1035162724936));
#7509=CARTESIAN_POINT('',(99.16395304934,77.4026479950285,70.1035162724936));
#7510=CARTESIAN_POINT('Origin',(65.9370497025956,62.6331359959283,70.1035162724936));
#7511=CARTESIAN_POINT('',(119.700254081097,103.557313415231,70.1035162724936));
#7512=CARTESIAN_POINT('Origin',(65.9370497025956,62.6331359959283,70.1035162724936));
#7513=CARTESIAN_POINT('Origin',(-29.0629502974044,36.3926662216292,70.1035162724936));
#7514=CARTESIAN_POINT('Origin',(65.9370497025956,62.6331359959283,70.1035162724936));
#7515=CARTESIAN_POINT('Origin',(65.9370497025956,62.6331359959283,70.1035162724936));
#7516=CARTESIAN_POINT('Origin',(65.9370497025956,62.6331359959283,70.1035162724936));
#7517=CARTESIAN_POINT('',(-70.0537509623914,-8.6135352394377,70.1035162724936));
#7518=CARTESIAN_POINT('Origin',(65.9370497025956,62.6331359959283,70.1035162724936));
#7519=CARTESIAN_POINT('',(-105.99168311463,42.7323932609361,70.1035162724936));
#7520=CARTESIAN_POINT('',(-63.1565338462491,4.4386648536416,70.1035162724936));
#7521=CARTESIAN_POINT('',(-99.7459253307405,49.7188627977105,70.1035162724936));
#7522=CARTESIAN_POINT('Origin',(65.9370497025956,62.6331359959283,70.1035162724936));
#7523=CARTESIAN_POINT('',(46.5851978507437,108.412178642983,70.1035162724936));
#7524=CARTESIAN_POINT('Origin',(18.4370497025956,136.831921003354,70.1035162724936));
#7525=CARTESIAN_POINT('Origin',(65.9370497025956,88.8736057702273,70.1035162724936));
#7526=CARTESIAN_POINT('Origin',(65.9370497025956,62.6331359959283,70.1035162724936));
#7527=CARTESIAN_POINT('Origin',(65.9370497025956,62.6331359959283,70.1035162724936));
#7528=CARTESIAN_POINT('Origin',(65.9370497025956,62.6331359959283,70.1035162724936));
#7529=CARTESIAN_POINT('Origin',(65.9370497025956,62.6331359959283,70.1035162724936));
#7530=CARTESIAN_POINT('Origin',(65.9370497025956,62.6331359959283,70.1035162724936));
#7531=CARTESIAN_POINT('Origin',(65.9370497025956,41.9945271994121,70.1035162724936));
#7532=CARTESIAN_POINT('Origin',(65.9370497025956,62.6331359959283,70.1035162724936));
#7533=CARTESIAN_POINT('',(76.5624423305852,48.467085396015,70.1035162724936));
#7534=CARTESIAN_POINT('',(60.7547962912149,48.467085396015,70.1035162724936));
#7535=CARTESIAN_POINT('',(76.5624423305852,55.5501106959716,70.1035162724936));
#7536=CARTESIAN_POINT('Origin',(65.9370497025956,41.9945271994121,70.1035162724936));
#7537=CARTESIAN_POINT('Origin',(65.9370497025956,62.6331359959283,70.1035162724936));
#7538=CARTESIAN_POINT('Origin',(18.4370497025956,136.831921003354,70.1035162724936));
#7539=CARTESIAN_POINT('',(55.5725428798342,61.2134332094751,70.1035162724936));
#7540=CARTESIAN_POINT('Origin',(65.9370497025956,62.6331359959283,70.1035162724936));
#7541=CARTESIAN_POINT('Origin',(65.9370497025956,62.6331359959283,70.1035162724936));
#7542=CARTESIAN_POINT('Origin',(18.4370497025956,136.831921003354,70.1035162724936));
#7543=CARTESIAN_POINT('Origin',(65.9370497025956,62.6331359959283,70.1035162724936));
#7544=CARTESIAN_POINT('',(133.328492818795,110.278184520221,70.1035162724936));
#7545=CARTESIAN_POINT('Origin',(-110.237065722253,27.3095085272113,78.1035162724936));
#7546=CARTESIAN_POINT('',(-70.0537509623914,-8.6135352394377,78.1035162724936));
#7547=CARTESIAN_POINT('Origin',(-105.99168311463,42.7323932609362,78.1035162724936));
#7548=CARTESIAN_POINT('',(-105.99168311463,42.7323932609362,78.1035162724936));
#7549=CARTESIAN_POINT('',(-63.1565338462491,4.4386648536416,78.1035162724936));
#7550=CARTESIAN_POINT('',(-105.99168311463,42.7323932609361,74.1035162724936));
#7551=CARTESIAN_POINT('Origin',(65.9370497025956,62.6331359959283,78.1035162724936));
#7552=CARTESIAN_POINT('Origin',(-29.0629502974044,36.3926662216292,78.1035162724936));
#7553=CARTESIAN_POINT('',(136.620024735932,49.7188627977107,78.1035162724936));
#7554=CARTESIAN_POINT('',(136.620024735932,49.7188627977107,78.1035162724936));
#7555=CARTESIAN_POINT('',(136.620024735932,75.5474091941458,78.1035162724936));
#7556=CARTESIAN_POINT('Origin',(151.065858117696,62.6331359959283,78.1035162724936));
#7557=CARTESIAN_POINT('',(136.620024735932,75.5474091941458,78.1035162724936));
#7558=CARTESIAN_POINT('',(147.111165127445,97.9567634646452,78.1035162724936));
#7559=CARTESIAN_POINT('',(99.16395304934,77.4026479950285,78.1035162724936));
#7560=CARTESIAN_POINT('',(133.328492818795,110.278184520221,78.1035162724936));
#7561=CARTESIAN_POINT('',(119.700254081097,103.557313415231,78.1035162724936));
#7562=CARTESIAN_POINT('',(46.5851978507437,108.412178642983,78.1035162724936));
#7563=CARTESIAN_POINT('Origin',(65.9370497025956,88.8736057702273,78.1035162724936));
#7564=CARTESIAN_POINT('Origin',(18.4370497025956,136.831921003354,78.1035162724936));
#7565=CARTESIAN_POINT('',(-99.7459253307405,49.7188627977105,78.1035162724936));
#7566=CARTESIAN_POINT('',(-26.1815242108277,40.9945271994121,78.1035162724936));
#7567=CARTESIAN_POINT('Origin',(-28.8815242108277,40.9945271994121,78.1035162724936));
#7568=CARTESIAN_POINT('',(68.6370497025956,41.9945271994121,78.1035162724936));
#7569=CARTESIAN_POINT('Origin',(65.9370497025956,41.9945271994121,78.1035162724936));
#7570=CARTESIAN_POINT('',(-26.181524210802,76.9945271994121,78.1035162724936));
#7571=CARTESIAN_POINT('Origin',(-28.881524210802,76.9945271994121,78.1035162724936));
#7572=CARTESIAN_POINT('',(68.6370497025956,77.9945271994121,78.1035162724936));
#7573=CARTESIAN_POINT('Origin',(65.9370497025956,77.9945271994121,78.1035162724936));
#7574=CARTESIAN_POINT('',(55.5725428798342,48.467085396015,78.1035162724936));
#7575=CARTESIAN_POINT('',(55.5725428798342,59.7937304230219,78.1035162724936));
#7576=CARTESIAN_POINT('',(55.5725428798342,61.2134332094751,78.1035162724936));
#7577=CARTESIAN_POINT('',(76.5624423305852,59.7937304230219,78.1035162724936));
#7578=CARTESIAN_POINT('',(71.2497460165904,59.7937304230219,78.1035162724936));
#7579=CARTESIAN_POINT('',(76.5624423305852,48.467085396015,78.1035162724936));
#7580=CARTESIAN_POINT('',(76.5624423305852,55.5501106959716,78.1035162724936));
#7581=CARTESIAN_POINT('',(60.7547962912149,48.467085396015,78.1035162724936));
#7582=CARTESIAN_POINT('Origin',(-99.7459253307405,49.7188627977105,70.1035162724936));
#7583=CARTESIAN_POINT('Origin',(76.5624423305852,48.467085396015,66.1035162724936));
#7584=CARTESIAN_POINT('',(76.5624423305852,48.467085396015,66.1035162724936));
#7585=CARTESIAN_POINT('',(76.5624423305852,59.7937304230219,66.1035162724936));
#7586=CARTESIAN_POINT('Origin',(55.5725428798342,48.467085396015,66.1035162724936));
#7587=CARTESIAN_POINT('',(55.5725428798342,48.467085396015,66.1035162724936));
#7588=CARTESIAN_POINT('Origin',(55.5725428798342,59.7937304230219,66.1035162724936));
#7589=CARTESIAN_POINT('',(55.5725428798342,59.7937304230219,66.1035162724936));
#7590=CARTESIAN_POINT('Origin',(76.5624423305852,59.7937304230219,66.1035162724936));
#7591=CARTESIAN_POINT('Origin',(65.9370497025956,77.9945271994121,78.1035162724936));
#7592=CARTESIAN_POINT('',(68.6370497025956,77.9945271994121,75.1035162724936));
#7593=CARTESIAN_POINT('',(68.6370497025956,77.9945271994121,78.1035162724936));
#7594=CARTESIAN_POINT('Origin',(65.9370497025956,77.9945271994121,75.1035162724936));
#7595=CARTESIAN_POINT('Origin',(65.9370497025956,77.9945271994121,75.1035162724936));
#7596=CARTESIAN_POINT('',(64.4370497025956,77.9945271994121,75.1035162724936));
#7597=CARTESIAN_POINT('Origin',(65.9370497025956,77.9945271994121,75.1035162724936));
#7598=CARTESIAN_POINT('Origin',(-28.881524210802,76.9945271994121,78.1035162724936));
#7599=CARTESIAN_POINT('',(-26.181524210802,76.9945271994121,75.1035162724936));
#7600=CARTESIAN_POINT('',(-26.181524210802,76.9945271994121,78.1035162724936));
#7601=CARTESIAN_POINT('Origin',(-28.881524210802,76.9945271994121,75.1035162724936));
#7602=CARTESIAN_POINT('Origin',(-28.881524210802,76.9945271994121,75.1035162724936));
#7603=CARTESIAN_POINT('',(-30.381524210802,76.9945271994121,75.1035162724936));
#7604=CARTESIAN_POINT('Origin',(-28.881524210802,76.9945271994121,75.1035162724936));
#7605=CARTESIAN_POINT('Origin',(65.9370497025956,41.9945271994121,78.1035162724936));
#7606=CARTESIAN_POINT('',(68.6370497025956,41.9945271994121,75.1035162724936));
#7607=CARTESIAN_POINT('',(68.6370497025956,41.9945271994121,78.1035162724936));
#7608=CARTESIAN_POINT('Origin',(65.9370497025956,41.9945271994121,75.1035162724936));
#7609=CARTESIAN_POINT('Origin',(65.9370497025956,41.9945271994121,75.1035162724936));
#7610=CARTESIAN_POINT('',(64.4370497025956,41.9945271994121,75.1035162724936));
#7611=CARTESIAN_POINT('Origin',(65.9370497025956,41.9945271994121,75.1035162724936));
#7612=CARTESIAN_POINT('Origin',(-28.8815242108277,40.9945271994121,78.1035162724936));
#7613=CARTESIAN_POINT('',(-26.1815242108277,40.9945271994121,75.1035162724936));
#7614=CARTESIAN_POINT('',(-26.1815242108277,40.9945271994121,78.1035162724936));
#7615=CARTESIAN_POINT('Origin',(-28.8815242108277,40.9945271994121,75.1035162724936));
#7616=CARTESIAN_POINT('Origin',(-28.8815242108277,40.9945271994121,75.1035162724936));
#7617=CARTESIAN_POINT('',(-30.3815242108277,40.9945271994121,75.1035162724936));
#7618=CARTESIAN_POINT('Origin',(-28.8815242108277,40.9945271994121,75.1035162724936));
#7619=CARTESIAN_POINT('Origin',(65.9370497025956,41.9945271994121,69.1035162724936));
#7620=CARTESIAN_POINT('',(64.4370497025956,41.9945271994121,69.1035162724936));
#7621=CARTESIAN_POINT('Origin',(-28.881524210802,76.9945271994121,69.1035162724936));
#7622=CARTESIAN_POINT('',(-30.381524210802,76.9945271994121,69.1035162724936));
#7623=CARTESIAN_POINT('Origin',(65.9370497025956,77.9945271994121,69.1035162724936));
#7624=CARTESIAN_POINT('',(64.4370497025956,77.9945271994121,69.1035162724936));
#7625=CARTESIAN_POINT('Origin',(-28.8815242108277,40.9945271994121,69.1035162724936));
#7626=CARTESIAN_POINT('',(-30.3815242108277,40.9945271994121,69.1035162724936));
#7627=CARTESIAN_POINT('Origin',(-29.0629502974044,36.3926662216292,70.1035162724936));
#7628=CARTESIAN_POINT('Origin',(18.4370497025956,136.831921003354,70.1035162724936));
#7629=CARTESIAN_POINT('',(46.5851978507437,108.412178642983,70.1035162724936));
#7630=CARTESIAN_POINT('Origin',(65.9370497025956,88.8736057702273,70.1035162724936));
#7631=CARTESIAN_POINT('Origin',(151.065858117696,62.6331359959283,70.1035162724936));
#7632=CARTESIAN_POINT('',(136.620024735932,75.5474091941458,70.1035162724936));
#7633=CARTESIAN_POINT('',(136.620024735932,49.7188627977107,70.1035162724936));
#7634=CARTESIAN_POINT('Origin',(186.760942716851,-6.36848611024387,70.1035162724936));
#7635=CARTESIAN_POINT('Origin',(136.620024735932,75.5474091941458,70.1035162724936));
#7636=CARTESIAN_POINT('Origin',(132.581241046613,91.7280439129081,78.1035162724936));
#7637=CARTESIAN_POINT('',(147.111165127445,97.9567634646452,78.1035162724936));
#7638=CARTESIAN_POINT('Origin',(147.111165127445,97.9567634646452,78.1035162724936));
#7639=CARTESIAN_POINT('Origin',(129.247751778295,95.0220499684978,78.1035162724936));
#7640=CARTESIAN_POINT('Ctrl Pts',(81.9356901518869,38.9321278599608,72.1035162724936));
#7641=CARTESIAN_POINT('Ctrl Pts',(81.9356901518869,38.9321278599608,69.7035162724936));
#7642=CARTESIAN_POINT('Ctrl Pts',(82.0415746839871,39.00117051278,72.1035162724936));
#7643=CARTESIAN_POINT('Ctrl Pts',(82.0415746839871,39.00117051278,69.7035162724936));
#7644=CARTESIAN_POINT('Ctrl Pts',(82.1470874074433,39.0702154175771,72.1035162724936));
#7645=CARTESIAN_POINT('Ctrl Pts',(82.1470874074433,39.0702154175771,69.7035162724936));
#7646=CARTESIAN_POINT('Ctrl Pts',(82.2522300284407,39.1392613711874,72.1035162724936));
#7647=CARTESIAN_POINT('Ctrl Pts',(82.2522300284407,39.1392613711874,69.7035162724936));
#7648=CARTESIAN_POINT('',(82.2522300284407,39.1392613711874,72.1035162724936));
#7649=CARTESIAN_POINT('',(81.9356901518869,38.9321278599608,72.1035162724936));
#7650=CARTESIAN_POINT('Origin',(96.5882791670513,16.8855850356521,72.1035162724936));
#7651=CARTESIAN_POINT('',(81.9356901518869,38.9321278599608,70.1035162724936));
#7652=CARTESIAN_POINT('',(81.9356901518869,38.9321278599608,72.1035162724936));
#7653=CARTESIAN_POINT('',(82.2522300284407,39.1392613711874,70.1035162724936));
#7654=CARTESIAN_POINT('Ctrl Pts',(82.2522300284407,39.1392613711874,70.1035162724936));
#7655=CARTESIAN_POINT('Ctrl Pts',(82.1470874074433,39.0702154175771,70.1035162724936));
#7656=CARTESIAN_POINT('Ctrl Pts',(82.0415746839871,39.00117051278,70.1035162724936));
#7657=CARTESIAN_POINT('Ctrl Pts',(81.9356901518869,38.9321278599608,70.1035162724936));
#7658=CARTESIAN_POINT('',(82.2522300284407,39.1392613711874,72.1035162724936));
#7659=CARTESIAN_POINT('Ctrl Pts',(82.2522300283483,39.1392613711272,72.1035162724936));
#7660=CARTESIAN_POINT('Ctrl Pts',(82.2522300283483,39.1392613711272,69.7035162724936));
#7661=CARTESIAN_POINT('Ctrl Pts',(82.146633295044,39.0712369241303,72.1035162724936));
#7662=CARTESIAN_POINT('Ctrl Pts',(82.146633295044,39.0712369241303,69.7035162724936));
#7663=CARTESIAN_POINT('Ctrl Pts',(82.0411180099071,39.0021952799104,72.1035162724936));
#7664=CARTESIAN_POINT('Ctrl Pts',(82.0411180099071,39.0021952799104,69.7035162724936));
#7665=CARTESIAN_POINT('Ctrl Pts',(81.9356901518869,38.9321278599608,72.1035162724936));
#7666=CARTESIAN_POINT('Ctrl Pts',(81.9356901518869,38.9321278599608,69.7035162724936));
#7667=CARTESIAN_POINT('Origin',(96.5882791669193,16.8855850358459,70.1035162724936));
#7668=CARTESIAN_POINT('Origin',(65.9370497025956,62.6331359959283,70.1035162724936));
#7669=CARTESIAN_POINT('Origin',(65.9370497025956,62.6331359959283,70.1035162724936));
#7670=CARTESIAN_POINT('',(-38.7232597035972,39.1392671182395,70.1035162724936));
#7671=CARTESIAN_POINT('',(-38.4067113028479,38.9321278599608,70.1035162724936));
#7672=CARTESIAN_POINT('Origin',(-53.0592540764744,16.8856831700803,70.1035162724936));
#7673=CARTESIAN_POINT('Ctrl Pts',(-38.4067113028479,38.9321278599608,70.1035162724936));
#7674=CARTESIAN_POINT('Ctrl Pts',(-38.5125986956392,39.0011724283725,70.1035162724936));
#7675=CARTESIAN_POINT('Ctrl Pts',(-38.6181142604521,39.070219248887,70.1035162724936));
#7676=CARTESIAN_POINT('Ctrl Pts',(-38.7232597035972,39.1392671182395,70.1035162724936));
#7677=CARTESIAN_POINT('Ctrl Pts',(-38.7232597035972,39.1392671182395,72.1035162724936));
#7678=CARTESIAN_POINT('Ctrl Pts',(-38.7232597035972,39.1392671182395,69.7035162724936));
#7679=CARTESIAN_POINT('Ctrl Pts',(-38.6181142604521,39.070219248887,72.1035162724936));
#7680=CARTESIAN_POINT('Ctrl Pts',(-38.6181142604521,39.070219248887,69.7035162724936));
#7681=CARTESIAN_POINT('Ctrl Pts',(-38.5125986956392,39.0011724283725,72.1035162724936));
#7682=CARTESIAN_POINT('Ctrl Pts',(-38.5125986956392,39.0011724283725,69.7035162724936));
#7683=CARTESIAN_POINT('Ctrl Pts',(-38.4067113028479,38.9321278599608,72.1035162724936));
#7684=CARTESIAN_POINT('Ctrl Pts',(-38.4067113028479,38.9321278599608,69.7035162724936));
#7685=CARTESIAN_POINT('',(-38.4067113028479,38.9321278599608,72.1035162724936));
#7686=CARTESIAN_POINT('',(-38.7232597035972,39.1392671182395,72.1035162724936));
#7687=CARTESIAN_POINT('Ctrl Pts',(-38.4067113028479,38.9321278599608,72.1035162724936));
#7688=CARTESIAN_POINT('Ctrl Pts',(-38.5125986956392,39.0011724283725,72.1035162724936));
#7689=CARTESIAN_POINT('Ctrl Pts',(-38.6181142604521,39.070219248887,72.1035162724936));
#7690=CARTESIAN_POINT('Ctrl Pts',(-38.7232597035972,39.1392671182395,72.1035162724936));
#7691=CARTESIAN_POINT('',(-38.7232597035972,39.1392671182395,72.1035162724936));
#7692=CARTESIAN_POINT('',(-38.4067113028479,38.9321278599608,72.1035162724936));
#7693=CARTESIAN_POINT('Ctrl Pts',(-38.4067113028479,38.9321278599608,72.1035162724936));
#7694=CARTESIAN_POINT('Ctrl Pts',(-38.4067113028479,38.9321278599608,69.7035162724936));
#7695=CARTESIAN_POINT('Ctrl Pts',(-38.5121419934724,39.0021972531289,72.1035162724936));
#7696=CARTESIAN_POINT('Ctrl Pts',(-38.5121419934724,39.0021972531289,69.7035162724936));
#7697=CARTESIAN_POINT('Ctrl Pts',(-38.617660120203,39.0712408127913,72.1035162724936));
#7698=CARTESIAN_POINT('Ctrl Pts',(-38.617660120203,39.0712408127913,69.7035162724936));
#7699=CARTESIAN_POINT('Ctrl Pts',(-38.7232597035047,39.1392671181794,72.1035162724936));
#7700=CARTESIAN_POINT('Ctrl Pts',(-38.7232597035047,39.1392671181794,69.7035162724936));
#7701=CARTESIAN_POINT('',(-4.78882908087007,7.95924415928168,15.0658524099207));
#7702=UNCERTAINTY_MEASURE_WITH_UNIT(LENGTH_MEASURE(0.01),#7708,
'DISTANCE_ACCURACY_VALUE',
'Maximum model space distance between geometric entities at asserted c
onnectivities');
#7703=UNCERTAINTY_MEASURE_WITH_UNIT(LENGTH_MEASURE(0.01),#7708,
'DISTANCE_ACCURACY_VALUE',
'Maximum model space distance between geometric entities at asserted c
onnectivities');
#7704=UNCERTAINTY_MEASURE_WITH_UNIT(LENGTH_MEASURE(0.01),#7708,
'DISTANCE_ACCURACY_VALUE',
'Maximum model space distance between geometric entities at asserted c
onnectivities');
#7705=(
GEOMETRIC_REPRESENTATION_CONTEXT(3)
GLOBAL_UNCERTAINTY_ASSIGNED_CONTEXT((#7702))
GLOBAL_UNIT_ASSIGNED_CONTEXT((#7708,#7710,#7711))
REPRESENTATION_CONTEXT('','3D')
);
#7706=(
GEOMETRIC_REPRESENTATION_CONTEXT(3)
GLOBAL_UNCERTAINTY_ASSIGNED_CONTEXT((#7703))
GLOBAL_UNIT_ASSIGNED_CONTEXT((#7708,#7710,#7711))
REPRESENTATION_CONTEXT('','3D')
);
#7707=(
GEOMETRIC_REPRESENTATION_CONTEXT(3)
GLOBAL_UNCERTAINTY_ASSIGNED_CONTEXT((#7704))
GLOBAL_UNIT_ASSIGNED_CONTEXT((#7708,#7710,#7711))
REPRESENTATION_CONTEXT('','3D')
);
#7708=(
LENGTH_UNIT()
NAMED_UNIT(*)
SI_UNIT(.MILLI.,.METRE.)
);
#7709=(
LENGTH_UNIT()
NAMED_UNIT(*)
SI_UNIT($,.METRE.)
);
#7710=(
NAMED_UNIT(*)
PLANE_ANGLE_UNIT()
SI_UNIT($,.RADIAN.)
);
#7711=(
NAMED_UNIT(*)
SI_UNIT($,.STERADIAN.)
SOLID_ANGLE_UNIT()
);
#7712=SHAPE_DEFINITION_REPRESENTATION(#7714,#7717);
#7713=SHAPE_DEFINITION_REPRESENTATION(#7715,#7718);
#7714=PRODUCT_DEFINITION_SHAPE('',$,#7720);
#7715=PRODUCT_DEFINITION_SHAPE('',$,#7721);
#7716=PRODUCT_DEFINITION_SHAPE($,$,#14);
#7717=SHAPE_REPRESENTATION('',(#4086,#4265),#7705);
#7718=SHAPE_REPRESENTATION('',(#4087),#7706);
#7719=PRODUCT_DEFINITION_CONTEXT('part definition',#7727,'design');
#7720=PRODUCT_DEFINITION('FusionComponent','(Unsaved)',#7722,#7719);
#7721=PRODUCT_DEFINITION('Component4','Component4',#7723,#7719);
#7722=PRODUCT_DEFINITION_FORMATION('',$,#7729);
#7723=PRODUCT_DEFINITION_FORMATION('',$,#7730);
#7724=PRODUCT_RELATED_PRODUCT_CATEGORY('(Unsaved)','(Unsaved)',(#7729));
#7725=PRODUCT_RELATED_PRODUCT_CATEGORY('Component4','Component4',(#7730));
#7726=APPLICATION_PROTOCOL_DEFINITION('international standard',
'automotive_design',2009,#7727);
#7727=APPLICATION_CONTEXT(
'Core Data for Automotive Mechanical Design Process');
#7728=PRODUCT_CONTEXT('part definition',#7727,'mechanical');
#7729=PRODUCT('FusionComponent','(Unsaved)',$,(#7728));
#7730=PRODUCT('Component4','Component4',$,(#7728));
#7731=PRESENTATION_STYLE_ASSIGNMENT((#7733));
#7732=PRESENTATION_STYLE_ASSIGNMENT((#7734));
#7733=SURFACE_STYLE_USAGE(.BOTH.,#7735);
#7734=SURFACE_STYLE_USAGE(.BOTH.,#7736);
#7735=SURFACE_SIDE_STYLE('',(#7737));
#7736=SURFACE_SIDE_STYLE('',(#7738));
#7737=SURFACE_STYLE_FILL_AREA(#7739);
#7738=SURFACE_STYLE_FILL_AREA(#7740);
#7739=FILL_AREA_STYLE('Steel - Satin',(#7741));
#7740=FILL_AREA_STYLE('Opaque(243,203,124)',(#7742));
#7741=FILL_AREA_STYLE_COLOUR('Steel - Satin',#7743);
#7742=FILL_AREA_STYLE_COLOUR('Opaque(243,203,124)',#7744);
#7743=COLOUR_RGB('Steel - Satin',0.627450980392157,0.627450980392157,0.627450980392157);
#7744=COLOUR_RGB('Opaque(243,203,124)',0.952941176470588,0.796078431372549,
0.486274509803922);
ENDSEC;
END-ISO-10303-21;
