ISO-10303-21;
HEADER;
/* Generated by software containing ST-Developer
 * from STEP Tools, Inc. (www.steptools.com) 
 */

FILE_DESCRIPTION(
/* description */ ('ZK_122:1__??1'),
/* implementation_level */ '2;1');

FILE_NAME(
/* name */ 'servokutusuromerliavangard.step',
/* time_stamp */ '2026-08-11T17:29:04+03:00',
/* author */ (''),
/* organization */ (''),
/* preprocessor_version */ 'ST-DEVELOPER v20.1',
/* originating_system */ 'Autodesk Translation Framework v15.8.0.0',
/* authorisation */ '');

FILE_SCHEMA (('AUTOMOTIVE_DESIGN { 1 0 10303 214 3 1 1 }'));
ENDSEC;

DATA;
#10=MECHANICAL_DESIGN_GEOMETRIC_PRESENTATION_REPRESENTATION('',(#13),#10009);
#11=SHAPE_REPRESENTATION_RELATIONSHIP('SRR','None',#10016,#12);
#12=ADVANCED_BREP_SHAPE_REPRESENTATION('',(#14),#10008);
#13=STYLED_ITEM('',(#10026),#14);
#14=MANIFOLD_SOLID_BREP('Body1',#5291);
#15=CYLINDRICAL_SURFACE('',#5382,3.25);
#16=CYLINDRICAL_SURFACE('',#5396,1.5);
#17=CYLINDRICAL_SURFACE('',#5398,1.5);
#18=CYLINDRICAL_SURFACE('',#5407,0.996650340585843);
#19=CYLINDRICAL_SURFACE('',#5409,0.920568007874545);
#20=CYLINDRICAL_SURFACE('',#5411,1.0384609270323);
#21=CYLINDRICAL_SURFACE('',#5413,0.987809761627636);
#22=CIRCLE('',#5380,1.5);
#23=CIRCLE('',#5381,1.5);
#24=CIRCLE('',#5383,3.25);
#25=CIRCLE('',#5384,3.25);
#26=CIRCLE('',#5388,1.5);
#27=CIRCLE('',#5389,1.5);
#28=CIRCLE('',#5390,0.996650340585843);
#29=CIRCLE('',#5391,0.920568007874545);
#30=CIRCLE('',#5392,1.0384609270323);
#31=CIRCLE('',#5393,0.987809761627636);
#32=CIRCLE('',#5397,1.5);
#33=CIRCLE('',#5399,1.5);
#34=CIRCLE('',#5408,0.996650340585843);
#35=CIRCLE('',#5410,0.920568007874545);
#36=CIRCLE('',#5412,1.0384609270323);
#37=CIRCLE('',#5414,0.987809761627636);
#38=FACE_BOUND('',#508,.T.);
#39=FACE_BOUND('',#509,.T.);
#40=FACE_BOUND('',#584,.T.);
#41=FACE_BOUND('',#645,.T.);
#42=FACE_BOUND('',#683,.T.);
#43=FACE_BOUND('',#703,.T.);
#44=FACE_BOUND('',#704,.T.);
#45=FACE_BOUND('',#705,.T.);
#46=FACE_BOUND('',#706,.T.);
#47=FACE_BOUND('',#707,.T.);
#48=FACE_BOUND('',#708,.T.);
#49=FACE_BOUND('',#709,.T.);
#50=FACE_BOUND('',#710,.T.);
#51=FACE_BOUND('',#728,.T.);
#52=FACE_BOUND('',#729,.T.);
#53=FACE_BOUND('',#730,.T.);
#54=FACE_BOUND('',#731,.T.);
#55=FACE_BOUND('',#732,.T.);
#56=FACE_BOUND('',#733,.T.);
#57=FACE_BOUND('',#734,.T.);
#58=FACE_BOUND('',#735,.T.);
#59=FACE_BOUND('',#740,.T.);
#60=FACE_BOUND('',#741,.T.);
#61=FACE_BOUND('',#742,.T.);
#62=FACE_BOUND('',#743,.T.);
#63=FACE_BOUND('',#744,.T.);
#64=FACE_BOUND('',#745,.T.);
#65=FACE_BOUND('',#746,.T.);
#66=PLANE('',#5305);
#67=PLANE('',#5306);
#68=PLANE('',#5307);
#69=PLANE('',#5308);
#70=PLANE('',#5309);
#71=PLANE('',#5310);
#72=PLANE('',#5311);
#73=PLANE('',#5312);
#74=PLANE('',#5313);
#75=PLANE('',#5314);
#76=PLANE('',#5315);
#77=PLANE('',#5316);
#78=PLANE('',#5317);
#79=PLANE('',#5318);
#80=PLANE('',#5319);
#81=PLANE('',#5320);
#82=PLANE('',#5321);
#83=PLANE('',#5322);
#84=PLANE('',#5323);
#85=PLANE('',#5324);
#86=PLANE('',#5325);
#87=PLANE('',#5326);
#88=PLANE('',#5327);
#89=PLANE('',#5328);
#90=PLANE('',#5329);
#91=PLANE('',#5330);
#92=PLANE('',#5331);
#93=PLANE('',#5332);
#94=PLANE('',#5333);
#95=PLANE('',#5334);
#96=PLANE('',#5335);
#97=PLANE('',#5336);
#98=PLANE('',#5337);
#99=PLANE('',#5338);
#100=PLANE('',#5339);
#101=PLANE('',#5340);
#102=PLANE('',#5341);
#103=PLANE('',#5342);
#104=PLANE('',#5343);
#105=PLANE('',#5344);
#106=PLANE('',#5345);
#107=PLANE('',#5346);
#108=PLANE('',#5347);
#109=PLANE('',#5348);
#110=PLANE('',#5349);
#111=PLANE('',#5350);
#112=PLANE('',#5351);
#113=PLANE('',#5352);
#114=PLANE('',#5353);
#115=PLANE('',#5354);
#116=PLANE('',#5355);
#117=PLANE('',#5356);
#118=PLANE('',#5357);
#119=PLANE('',#5358);
#120=PLANE('',#5359);
#121=PLANE('',#5360);
#122=PLANE('',#5361);
#123=PLANE('',#5362);
#124=PLANE('',#5363);
#125=PLANE('',#5364);
#126=PLANE('',#5365);
#127=PLANE('',#5366);
#128=PLANE('',#5367);
#129=PLANE('',#5368);
#130=PLANE('',#5369);
#131=PLANE('',#5370);
#132=PLANE('',#5371);
#133=PLANE('',#5372);
#134=PLANE('',#5373);
#135=PLANE('',#5374);
#136=PLANE('',#5375);
#137=PLANE('',#5376);
#138=PLANE('',#5377);
#139=PLANE('',#5378);
#140=PLANE('',#5379);
#141=PLANE('',#5385);
#142=PLANE('',#5386);
#143=PLANE('',#5387);
#144=PLANE('',#5394);
#145=PLANE('',#5395);
#146=PLANE('',#5400);
#147=PLANE('',#5401);
#148=PLANE('',#5402);
#149=PLANE('',#5403);
#150=PLANE('',#5404);
#151=PLANE('',#5405);
#152=PLANE('',#5406);
#153=PLANE('',#5415);
#154=PLANE('',#5416);
#155=PLANE('',#5417);
#156=PLANE('',#5418);
#157=PLANE('',#5419);
#158=PLANE('',#5420);
#159=FACE_OUTER_BOUND('',#439,.T.);
#160=FACE_OUTER_BOUND('',#440,.T.);
#161=FACE_OUTER_BOUND('',#441,.T.);
#162=FACE_OUTER_BOUND('',#442,.T.);
#163=FACE_OUTER_BOUND('',#443,.T.);
#164=FACE_OUTER_BOUND('',#444,.T.);
#165=FACE_OUTER_BOUND('',#445,.T.);
#166=FACE_OUTER_BOUND('',#446,.T.);
#167=FACE_OUTER_BOUND('',#447,.T.);
#168=FACE_OUTER_BOUND('',#448,.T.);
#169=FACE_OUTER_BOUND('',#449,.T.);
#170=FACE_OUTER_BOUND('',#450,.T.);
#171=FACE_OUTER_BOUND('',#451,.T.);
#172=FACE_OUTER_BOUND('',#452,.T.);
#173=FACE_OUTER_BOUND('',#453,.T.);
#174=FACE_OUTER_BOUND('',#454,.T.);
#175=FACE_OUTER_BOUND('',#455,.T.);
#176=FACE_OUTER_BOUND('',#456,.T.);
#177=FACE_OUTER_BOUND('',#457,.T.);
#178=FACE_OUTER_BOUND('',#458,.T.);
#179=FACE_OUTER_BOUND('',#459,.T.);
#180=FACE_OUTER_BOUND('',#460,.T.);
#181=FACE_OUTER_BOUND('',#461,.T.);
#182=FACE_OUTER_BOUND('',#462,.T.);
#183=FACE_OUTER_BOUND('',#463,.T.);
#184=FACE_OUTER_BOUND('',#464,.T.);
#185=FACE_OUTER_BOUND('',#465,.T.);
#186=FACE_OUTER_BOUND('',#466,.T.);
#187=FACE_OUTER_BOUND('',#467,.T.);
#188=FACE_OUTER_BOUND('',#468,.T.);
#189=FACE_OUTER_BOUND('',#469,.T.);
#190=FACE_OUTER_BOUND('',#470,.T.);
#191=FACE_OUTER_BOUND('',#471,.T.);
#192=FACE_OUTER_BOUND('',#472,.T.);
#193=FACE_OUTER_BOUND('',#473,.T.);
#194=FACE_OUTER_BOUND('',#474,.T.);
#195=FACE_OUTER_BOUND('',#475,.T.);
#196=FACE_OUTER_BOUND('',#476,.T.);
#197=FACE_OUTER_BOUND('',#477,.T.);
#198=FACE_OUTER_BOUND('',#478,.T.);
#199=FACE_OUTER_BOUND('',#479,.T.);
#200=FACE_OUTER_BOUND('',#480,.T.);
#201=FACE_OUTER_BOUND('',#481,.T.);
#202=FACE_OUTER_BOUND('',#482,.T.);
#203=FACE_OUTER_BOUND('',#483,.T.);
#204=FACE_OUTER_BOUND('',#484,.T.);
#205=FACE_OUTER_BOUND('',#485,.T.);
#206=FACE_OUTER_BOUND('',#486,.T.);
#207=FACE_OUTER_BOUND('',#487,.T.);
#208=FACE_OUTER_BOUND('',#488,.T.);
#209=FACE_OUTER_BOUND('',#489,.T.);
#210=FACE_OUTER_BOUND('',#490,.T.);
#211=FACE_OUTER_BOUND('',#491,.T.);
#212=FACE_OUTER_BOUND('',#492,.T.);
#213=FACE_OUTER_BOUND('',#493,.T.);
#214=FACE_OUTER_BOUND('',#494,.T.);
#215=FACE_OUTER_BOUND('',#495,.T.);
#216=FACE_OUTER_BOUND('',#496,.T.);
#217=FACE_OUTER_BOUND('',#497,.T.);
#218=FACE_OUTER_BOUND('',#498,.T.);
#219=FACE_OUTER_BOUND('',#499,.T.);
#220=FACE_OUTER_BOUND('',#500,.T.);
#221=FACE_OUTER_BOUND('',#501,.T.);
#222=FACE_OUTER_BOUND('',#502,.T.);
#223=FACE_OUTER_BOUND('',#503,.T.);
#224=FACE_OUTER_BOUND('',#504,.T.);
#225=FACE_OUTER_BOUND('',#505,.T.);
#226=FACE_OUTER_BOUND('',#506,.T.);
#227=FACE_OUTER_BOUND('',#507,.T.);
#228=FACE_OUTER_BOUND('',#510,.T.);
#229=FACE_OUTER_BOUND('',#511,.T.);
#230=FACE_OUTER_BOUND('',#512,.T.);
#231=FACE_OUTER_BOUND('',#513,.T.);
#232=FACE_OUTER_BOUND('',#514,.T.);
#233=FACE_OUTER_BOUND('',#515,.T.);
#234=FACE_OUTER_BOUND('',#516,.T.);
#235=FACE_OUTER_BOUND('',#517,.T.);
#236=FACE_OUTER_BOUND('',#518,.T.);
#237=FACE_OUTER_BOUND('',#519,.T.);
#238=FACE_OUTER_BOUND('',#520,.T.);
#239=FACE_OUTER_BOUND('',#521,.T.);
#240=FACE_OUTER_BOUND('',#522,.T.);
#241=FACE_OUTER_BOUND('',#523,.T.);
#242=FACE_OUTER_BOUND('',#524,.T.);
#243=FACE_OUTER_BOUND('',#525,.T.);
#244=FACE_OUTER_BOUND('',#526,.T.);
#245=FACE_OUTER_BOUND('',#527,.T.);
#246=FACE_OUTER_BOUND('',#528,.T.);
#247=FACE_OUTER_BOUND('',#529,.T.);
#248=FACE_OUTER_BOUND('',#530,.T.);
#249=FACE_OUTER_BOUND('',#531,.T.);
#250=FACE_OUTER_BOUND('',#532,.T.);
#251=FACE_OUTER_BOUND('',#533,.T.);
#252=FACE_OUTER_BOUND('',#534,.T.);
#253=FACE_OUTER_BOUND('',#535,.T.);
#254=FACE_OUTER_BOUND('',#536,.T.);
#255=FACE_OUTER_BOUND('',#537,.T.);
#256=FACE_OUTER_BOUND('',#538,.T.);
#257=FACE_OUTER_BOUND('',#539,.T.);
#258=FACE_OUTER_BOUND('',#540,.T.);
#259=FACE_OUTER_BOUND('',#541,.T.);
#260=FACE_OUTER_BOUND('',#542,.T.);
#261=FACE_OUTER_BOUND('',#543,.T.);
#262=FACE_OUTER_BOUND('',#544,.T.);
#263=FACE_OUTER_BOUND('',#545,.T.);
#264=FACE_OUTER_BOUND('',#546,.T.);
#265=FACE_OUTER_BOUND('',#547,.T.);
#266=FACE_OUTER_BOUND('',#548,.T.);
#267=FACE_OUTER_BOUND('',#549,.T.);
#268=FACE_OUTER_BOUND('',#550,.T.);
#269=FACE_OUTER_BOUND('',#551,.T.);
#270=FACE_OUTER_BOUND('',#552,.T.);
#271=FACE_OUTER_BOUND('',#553,.T.);
#272=FACE_OUTER_BOUND('',#554,.T.);
#273=FACE_OUTER_BOUND('',#555,.T.);
#274=FACE_OUTER_BOUND('',#556,.T.);
#275=FACE_OUTER_BOUND('',#557,.T.);
#276=FACE_OUTER_BOUND('',#558,.T.);
#277=FACE_OUTER_BOUND('',#559,.T.);
#278=FACE_OUTER_BOUND('',#560,.T.);
#279=FACE_OUTER_BOUND('',#561,.T.);
#280=FACE_OUTER_BOUND('',#562,.T.);
#281=FACE_OUTER_BOUND('',#563,.T.);
#282=FACE_OUTER_BOUND('',#564,.T.);
#283=FACE_OUTER_BOUND('',#565,.T.);
#284=FACE_OUTER_BOUND('',#566,.T.);
#285=FACE_OUTER_BOUND('',#567,.T.);
#286=FACE_OUTER_BOUND('',#568,.T.);
#287=FACE_OUTER_BOUND('',#569,.T.);
#288=FACE_OUTER_BOUND('',#570,.T.);
#289=FACE_OUTER_BOUND('',#571,.T.);
#290=FACE_OUTER_BOUND('',#572,.T.);
#291=FACE_OUTER_BOUND('',#573,.T.);
#292=FACE_OUTER_BOUND('',#574,.T.);
#293=FACE_OUTER_BOUND('',#575,.T.);
#294=FACE_OUTER_BOUND('',#576,.T.);
#295=FACE_OUTER_BOUND('',#577,.T.);
#296=FACE_OUTER_BOUND('',#578,.T.);
#297=FACE_OUTER_BOUND('',#579,.T.);
#298=FACE_OUTER_BOUND('',#580,.T.);
#299=FACE_OUTER_BOUND('',#581,.T.);
#300=FACE_OUTER_BOUND('',#582,.T.);
#301=FACE_OUTER_BOUND('',#583,.T.);
#302=FACE_OUTER_BOUND('',#585,.T.);
#303=FACE_OUTER_BOUND('',#586,.T.);
#304=FACE_OUTER_BOUND('',#587,.T.);
#305=FACE_OUTER_BOUND('',#588,.T.);
#306=FACE_OUTER_BOUND('',#589,.T.);
#307=FACE_OUTER_BOUND('',#590,.T.);
#308=FACE_OUTER_BOUND('',#591,.T.);
#309=FACE_OUTER_BOUND('',#592,.T.);
#310=FACE_OUTER_BOUND('',#593,.T.);
#311=FACE_OUTER_BOUND('',#594,.T.);
#312=FACE_OUTER_BOUND('',#595,.T.);
#313=FACE_OUTER_BOUND('',#596,.T.);
#314=FACE_OUTER_BOUND('',#597,.T.);
#315=FACE_OUTER_BOUND('',#598,.T.);
#316=FACE_OUTER_BOUND('',#599,.T.);
#317=FACE_OUTER_BOUND('',#600,.T.);
#318=FACE_OUTER_BOUND('',#601,.T.);
#319=FACE_OUTER_BOUND('',#602,.T.);
#320=FACE_OUTER_BOUND('',#603,.T.);
#321=FACE_OUTER_BOUND('',#604,.T.);
#322=FACE_OUTER_BOUND('',#605,.T.);
#323=FACE_OUTER_BOUND('',#606,.T.);
#324=FACE_OUTER_BOUND('',#607,.T.);
#325=FACE_OUTER_BOUND('',#608,.T.);
#326=FACE_OUTER_BOUND('',#609,.T.);
#327=FACE_OUTER_BOUND('',#610,.T.);
#328=FACE_OUTER_BOUND('',#611,.T.);
#329=FACE_OUTER_BOUND('',#612,.T.);
#330=FACE_OUTER_BOUND('',#613,.T.);
#331=FACE_OUTER_BOUND('',#614,.T.);
#332=FACE_OUTER_BOUND('',#615,.T.);
#333=FACE_OUTER_BOUND('',#616,.T.);
#334=FACE_OUTER_BOUND('',#617,.T.);
#335=FACE_OUTER_BOUND('',#618,.T.);
#336=FACE_OUTER_BOUND('',#619,.T.);
#337=FACE_OUTER_BOUND('',#620,.T.);
#338=FACE_OUTER_BOUND('',#621,.T.);
#339=FACE_OUTER_BOUND('',#622,.T.);
#340=FACE_OUTER_BOUND('',#623,.T.);
#341=FACE_OUTER_BOUND('',#624,.T.);
#342=FACE_OUTER_BOUND('',#625,.T.);
#343=FACE_OUTER_BOUND('',#626,.T.);
#344=FACE_OUTER_BOUND('',#627,.T.);
#345=FACE_OUTER_BOUND('',#628,.T.);
#346=FACE_OUTER_BOUND('',#629,.T.);
#347=FACE_OUTER_BOUND('',#630,.T.);
#348=FACE_OUTER_BOUND('',#631,.T.);
#349=FACE_OUTER_BOUND('',#632,.T.);
#350=FACE_OUTER_BOUND('',#633,.T.);
#351=FACE_OUTER_BOUND('',#634,.T.);
#352=FACE_OUTER_BOUND('',#635,.T.);
#353=FACE_OUTER_BOUND('',#636,.T.);
#354=FACE_OUTER_BOUND('',#637,.T.);
#355=FACE_OUTER_BOUND('',#638,.T.);
#356=FACE_OUTER_BOUND('',#639,.T.);
#357=FACE_OUTER_BOUND('',#640,.T.);
#358=FACE_OUTER_BOUND('',#641,.T.);
#359=FACE_OUTER_BOUND('',#642,.T.);
#360=FACE_OUTER_BOUND('',#643,.T.);
#361=FACE_OUTER_BOUND('',#644,.T.);
#362=FACE_OUTER_BOUND('',#646,.T.);
#363=FACE_OUTER_BOUND('',#647,.T.);
#364=FACE_OUTER_BOUND('',#648,.T.);
#365=FACE_OUTER_BOUND('',#649,.T.);
#366=FACE_OUTER_BOUND('',#650,.T.);
#367=FACE_OUTER_BOUND('',#651,.T.);
#368=FACE_OUTER_BOUND('',#652,.T.);
#369=FACE_OUTER_BOUND('',#653,.T.);
#370=FACE_OUTER_BOUND('',#654,.T.);
#371=FACE_OUTER_BOUND('',#655,.T.);
#372=FACE_OUTER_BOUND('',#656,.T.);
#373=FACE_OUTER_BOUND('',#657,.T.);
#374=FACE_OUTER_BOUND('',#658,.T.);
#375=FACE_OUTER_BOUND('',#659,.T.);
#376=FACE_OUTER_BOUND('',#660,.T.);
#377=FACE_OUTER_BOUND('',#661,.T.);
#378=FACE_OUTER_BOUND('',#662,.T.);
#379=FACE_OUTER_BOUND('',#663,.T.);
#380=FACE_OUTER_BOUND('',#664,.T.);
#381=FACE_OUTER_BOUND('',#665,.T.);
#382=FACE_OUTER_BOUND('',#666,.T.);
#383=FACE_OUTER_BOUND('',#667,.T.);
#384=FACE_OUTER_BOUND('',#668,.T.);
#385=FACE_OUTER_BOUND('',#669,.T.);
#386=FACE_OUTER_BOUND('',#670,.T.);
#387=FACE_OUTER_BOUND('',#671,.T.);
#388=FACE_OUTER_BOUND('',#672,.T.);
#389=FACE_OUTER_BOUND('',#673,.T.);
#390=FACE_OUTER_BOUND('',#674,.T.);
#391=FACE_OUTER_BOUND('',#675,.T.);
#392=FACE_OUTER_BOUND('',#676,.T.);
#393=FACE_OUTER_BOUND('',#677,.T.);
#394=FACE_OUTER_BOUND('',#678,.T.);
#395=FACE_OUTER_BOUND('',#679,.T.);
#396=FACE_OUTER_BOUND('',#680,.T.);
#397=FACE_OUTER_BOUND('',#681,.T.);
#398=FACE_OUTER_BOUND('',#682,.T.);
#399=FACE_OUTER_BOUND('',#684,.T.);
#400=FACE_OUTER_BOUND('',#685,.T.);
#401=FACE_OUTER_BOUND('',#686,.T.);
#402=FACE_OUTER_BOUND('',#687,.T.);
#403=FACE_OUTER_BOUND('',#688,.T.);
#404=FACE_OUTER_BOUND('',#689,.T.);
#405=FACE_OUTER_BOUND('',#690,.T.);
#406=FACE_OUTER_BOUND('',#691,.T.);
#407=FACE_OUTER_BOUND('',#692,.T.);
#408=FACE_OUTER_BOUND('',#693,.T.);
#409=FACE_OUTER_BOUND('',#694,.T.);
#410=FACE_OUTER_BOUND('',#695,.T.);
#411=FACE_OUTER_BOUND('',#696,.T.);
#412=FACE_OUTER_BOUND('',#697,.T.);
#413=FACE_OUTER_BOUND('',#698,.T.);
#414=FACE_OUTER_BOUND('',#699,.T.);
#415=FACE_OUTER_BOUND('',#700,.T.);
#416=FACE_OUTER_BOUND('',#701,.T.);
#417=FACE_OUTER_BOUND('',#702,.T.);
#418=FACE_OUTER_BOUND('',#711,.T.);
#419=FACE_OUTER_BOUND('',#712,.T.);
#420=FACE_OUTER_BOUND('',#713,.T.);
#421=FACE_OUTER_BOUND('',#714,.T.);
#422=FACE_OUTER_BOUND('',#715,.T.);
#423=FACE_OUTER_BOUND('',#716,.T.);
#424=FACE_OUTER_BOUND('',#717,.T.);
#425=FACE_OUTER_BOUND('',#718,.T.);
#426=FACE_OUTER_BOUND('',#719,.T.);
#427=FACE_OUTER_BOUND('',#720,.T.);
#428=FACE_OUTER_BOUND('',#721,.T.);
#429=FACE_OUTER_BOUND('',#722,.T.);
#430=FACE_OUTER_BOUND('',#723,.T.);
#431=FACE_OUTER_BOUND('',#724,.T.);
#432=FACE_OUTER_BOUND('',#725,.T.);
#433=FACE_OUTER_BOUND('',#726,.T.);
#434=FACE_OUTER_BOUND('',#727,.T.);
#435=FACE_OUTER_BOUND('',#736,.T.);
#436=FACE_OUTER_BOUND('',#737,.T.);
#437=FACE_OUTER_BOUND('',#738,.T.);
#438=FACE_OUTER_BOUND('',#739,.T.);
#439=EDGE_LOOP('',(#3251,#3252,#3253,#3254));
#440=EDGE_LOOP('',(#3255,#3256,#3257,#3258));
#441=EDGE_LOOP('',(#3259,#3260,#3261,#3262));
#442=EDGE_LOOP('',(#3263,#3264,#3265,#3266));
#443=EDGE_LOOP('',(#3267,#3268,#3269,#3270));
#444=EDGE_LOOP('',(#3271,#3272,#3273,#3274));
#445=EDGE_LOOP('',(#3275,#3276,#3277,#3278));
#446=EDGE_LOOP('',(#3279,#3280,#3281,#3282));
#447=EDGE_LOOP('',(#3283,#3284,#3285,#3286));
#448=EDGE_LOOP('',(#3287,#3288,#3289,#3290));
#449=EDGE_LOOP('',(#3291,#3292,#3293,#3294));
#450=EDGE_LOOP('',(#3295,#3296,#3297,#3298));
#451=EDGE_LOOP('',(#3299,#3300,#3301,#3302));
#452=EDGE_LOOP('',(#3303,#3304,#3305,#3306));
#453=EDGE_LOOP('',(#3307,#3308,#3309,#3310));
#454=EDGE_LOOP('',(#3311,#3312,#3313,#3314));
#455=EDGE_LOOP('',(#3315,#3316,#3317,#3318));
#456=EDGE_LOOP('',(#3319,#3320,#3321,#3322));
#457=EDGE_LOOP('',(#3323,#3324,#3325,#3326));
#458=EDGE_LOOP('',(#3327,#3328,#3329,#3330));
#459=EDGE_LOOP('',(#3331,#3332,#3333,#3334));
#460=EDGE_LOOP('',(#3335,#3336,#3337,#3338));
#461=EDGE_LOOP('',(#3339,#3340,#3341,#3342));
#462=EDGE_LOOP('',(#3343,#3344,#3345,#3346));
#463=EDGE_LOOP('',(#3347,#3348,#3349,#3350));
#464=EDGE_LOOP('',(#3351,#3352,#3353,#3354));
#465=EDGE_LOOP('',(#3355,#3356,#3357,#3358));
#466=EDGE_LOOP('',(#3359,#3360,#3361,#3362));
#467=EDGE_LOOP('',(#3363,#3364,#3365,#3366));
#468=EDGE_LOOP('',(#3367,#3368,#3369,#3370));
#469=EDGE_LOOP('',(#3371,#3372,#3373,#3374));
#470=EDGE_LOOP('',(#3375,#3376,#3377,#3378));
#471=EDGE_LOOP('',(#3379,#3380,#3381,#3382));
#472=EDGE_LOOP('',(#3383,#3384,#3385,#3386));
#473=EDGE_LOOP('',(#3387,#3388,#3389,#3390));
#474=EDGE_LOOP('',(#3391,#3392,#3393,#3394));
#475=EDGE_LOOP('',(#3395,#3396,#3397,#3398));
#476=EDGE_LOOP('',(#3399,#3400,#3401,#3402));
#477=EDGE_LOOP('',(#3403,#3404,#3405,#3406));
#478=EDGE_LOOP('',(#3407,#3408,#3409,#3410));
#479=EDGE_LOOP('',(#3411,#3412,#3413,#3414));
#480=EDGE_LOOP('',(#3415,#3416,#3417,#3418,#3419,#3420,#3421,#3422,#3423,
#3424,#3425,#3426,#3427,#3428,#3429,#3430,#3431,#3432,#3433,#3434,#3435,
#3436,#3437,#3438,#3439,#3440,#3441,#3442,#3443,#3444,#3445,#3446,#3447,
#3448,#3449,#3450,#3451,#3452,#3453,#3454,#3455));
#481=EDGE_LOOP('',(#3456,#3457,#3458,#3459));
#482=EDGE_LOOP('',(#3460,#3461,#3462,#3463));
#483=EDGE_LOOP('',(#3464,#3465,#3466,#3467));
#484=EDGE_LOOP('',(#3468,#3469,#3470,#3471));
#485=EDGE_LOOP('',(#3472,#3473,#3474,#3475));
#486=EDGE_LOOP('',(#3476,#3477,#3478,#3479));
#487=EDGE_LOOP('',(#3480,#3481,#3482,#3483));
#488=EDGE_LOOP('',(#3484,#3485,#3486,#3487));
#489=EDGE_LOOP('',(#3488,#3489,#3490,#3491));
#490=EDGE_LOOP('',(#3492,#3493,#3494,#3495));
#491=EDGE_LOOP('',(#3496,#3497,#3498,#3499));
#492=EDGE_LOOP('',(#3500,#3501,#3502,#3503));
#493=EDGE_LOOP('',(#3504,#3505,#3506,#3507));
#494=EDGE_LOOP('',(#3508,#3509,#3510,#3511));
#495=EDGE_LOOP('',(#3512,#3513,#3514,#3515));
#496=EDGE_LOOP('',(#3516,#3517,#3518,#3519));
#497=EDGE_LOOP('',(#3520,#3521,#3522,#3523));
#498=EDGE_LOOP('',(#3524,#3525,#3526,#3527));
#499=EDGE_LOOP('',(#3528,#3529,#3530,#3531));
#500=EDGE_LOOP('',(#3532,#3533,#3534,#3535));
#501=EDGE_LOOP('',(#3536,#3537,#3538,#3539));
#502=EDGE_LOOP('',(#3540,#3541,#3542,#3543));
#503=EDGE_LOOP('',(#3544,#3545,#3546,#3547));
#504=EDGE_LOOP('',(#3548,#3549,#3550,#3551));
#505=EDGE_LOOP('',(#3552,#3553,#3554,#3555));
#506=EDGE_LOOP('',(#3556,#3557,#3558,#3559));
#507=EDGE_LOOP('',(#3560,#3561,#3562,#3563,#3564,#3565,#3566,#3567,#3568,
#3569,#3570));
#508=EDGE_LOOP('',(#3571,#3572,#3573,#3574,#3575,#3576));
#509=EDGE_LOOP('',(#3577,#3578,#3579,#3580,#3581,#3582,#3583,#3584,#3585));
#510=EDGE_LOOP('',(#3586,#3587,#3588,#3589));
#511=EDGE_LOOP('',(#3590,#3591,#3592,#3593));
#512=EDGE_LOOP('',(#3594,#3595,#3596,#3597));
#513=EDGE_LOOP('',(#3598,#3599,#3600,#3601));
#514=EDGE_LOOP('',(#3602,#3603,#3604,#3605));
#515=EDGE_LOOP('',(#3606,#3607,#3608,#3609));
#516=EDGE_LOOP('',(#3610,#3611,#3612,#3613));
#517=EDGE_LOOP('',(#3614,#3615,#3616,#3617));
#518=EDGE_LOOP('',(#3618,#3619,#3620,#3621));
#519=EDGE_LOOP('',(#3622,#3623,#3624,#3625));
#520=EDGE_LOOP('',(#3626,#3627,#3628,#3629));
#521=EDGE_LOOP('',(#3630,#3631,#3632,#3633));
#522=EDGE_LOOP('',(#3634,#3635,#3636,#3637));
#523=EDGE_LOOP('',(#3638,#3639,#3640,#3641));
#524=EDGE_LOOP('',(#3642,#3643,#3644,#3645));
#525=EDGE_LOOP('',(#3646,#3647,#3648,#3649));
#526=EDGE_LOOP('',(#3650,#3651,#3652,#3653));
#527=EDGE_LOOP('',(#3654,#3655,#3656,#3657));
#528=EDGE_LOOP('',(#3658,#3659,#3660,#3661,#3662,#3663,#3664,#3665,#3666,
#3667,#3668,#3669,#3670,#3671,#3672,#3673,#3674,#3675));
#529=EDGE_LOOP('',(#3676,#3677,#3678,#3679));
#530=EDGE_LOOP('',(#3680,#3681,#3682,#3683));
#531=EDGE_LOOP('',(#3684,#3685,#3686,#3687));
#532=EDGE_LOOP('',(#3688,#3689,#3690,#3691));
#533=EDGE_LOOP('',(#3692,#3693,#3694,#3695));
#534=EDGE_LOOP('',(#3696,#3697,#3698,#3699));
#535=EDGE_LOOP('',(#3700,#3701,#3702,#3703));
#536=EDGE_LOOP('',(#3704,#3705,#3706,#3707));
#537=EDGE_LOOP('',(#3708,#3709,#3710,#3711));
#538=EDGE_LOOP('',(#3712,#3713,#3714,#3715));
#539=EDGE_LOOP('',(#3716,#3717,#3718,#3719));
#540=EDGE_LOOP('',(#3720,#3721,#3722,#3723));
#541=EDGE_LOOP('',(#3724,#3725,#3726,#3727));
#542=EDGE_LOOP('',(#3728,#3729,#3730,#3731));
#543=EDGE_LOOP('',(#3732,#3733,#3734,#3735));
#544=EDGE_LOOP('',(#3736,#3737,#3738,#3739));
#545=EDGE_LOOP('',(#3740,#3741,#3742,#3743));
#546=EDGE_LOOP('',(#3744,#3745,#3746,#3747));
#547=EDGE_LOOP('',(#3748,#3749,#3750,#3751));
#548=EDGE_LOOP('',(#3752,#3753,#3754,#3755));
#549=EDGE_LOOP('',(#3756,#3757,#3758,#3759));
#550=EDGE_LOOP('',(#3760,#3761,#3762,#3763));
#551=EDGE_LOOP('',(#3764,#3765,#3766,#3767));
#552=EDGE_LOOP('',(#3768,#3769,#3770,#3771));
#553=EDGE_LOOP('',(#3772,#3773,#3774,#3775));
#554=EDGE_LOOP('',(#3776,#3777,#3778,#3779));
#555=EDGE_LOOP('',(#3780,#3781,#3782,#3783));
#556=EDGE_LOOP('',(#3784,#3785,#3786,#3787));
#557=EDGE_LOOP('',(#3788,#3789,#3790,#3791));
#558=EDGE_LOOP('',(#3792,#3793,#3794,#3795));
#559=EDGE_LOOP('',(#3796,#3797,#3798,#3799));
#560=EDGE_LOOP('',(#3800,#3801,#3802,#3803,#3804,#3805,#3806,#3807,#3808,
#3809,#3810,#3811,#3812,#3813,#3814,#3815,#3816,#3817,#3818,#3819,#3820,
#3821,#3822,#3823,#3824,#3825,#3826,#3827,#3828,#3829,#3830));
#561=EDGE_LOOP('',(#3831,#3832,#3833,#3834));
#562=EDGE_LOOP('',(#3835,#3836,#3837,#3838));
#563=EDGE_LOOP('',(#3839,#3840,#3841,#3842));
#564=EDGE_LOOP('',(#3843,#3844,#3845,#3846));
#565=EDGE_LOOP('',(#3847,#3848,#3849,#3850));
#566=EDGE_LOOP('',(#3851,#3852,#3853,#3854));
#567=EDGE_LOOP('',(#3855,#3856,#3857,#3858));
#568=EDGE_LOOP('',(#3859,#3860,#3861,#3862));
#569=EDGE_LOOP('',(#3863,#3864,#3865,#3866));
#570=EDGE_LOOP('',(#3867,#3868,#3869,#3870));
#571=EDGE_LOOP('',(#3871,#3872,#3873,#3874));
#572=EDGE_LOOP('',(#3875,#3876,#3877,#3878));
#573=EDGE_LOOP('',(#3879,#3880,#3881,#3882));
#574=EDGE_LOOP('',(#3883,#3884,#3885,#3886));
#575=EDGE_LOOP('',(#3887,#3888,#3889,#3890));
#576=EDGE_LOOP('',(#3891,#3892,#3893,#3894));
#577=EDGE_LOOP('',(#3895,#3896,#3897,#3898));
#578=EDGE_LOOP('',(#3899,#3900,#3901,#3902));
#579=EDGE_LOOP('',(#3903,#3904,#3905,#3906));
#580=EDGE_LOOP('',(#3907,#3908,#3909,#3910));
#581=EDGE_LOOP('',(#3911,#3912,#3913,#3914));
#582=EDGE_LOOP('',(#3915,#3916,#3917,#3918));
#583=EDGE_LOOP('',(#3919,#3920,#3921,#3922,#3923,#3924,#3925,#3926,#3927,
#3928,#3929,#3930,#3931,#3932));
#584=EDGE_LOOP('',(#3933,#3934,#3935,#3936,#3937,#3938,#3939,#3940));
#585=EDGE_LOOP('',(#3941,#3942,#3943,#3944));
#586=EDGE_LOOP('',(#3945,#3946,#3947,#3948));
#587=EDGE_LOOP('',(#3949,#3950,#3951,#3952));
#588=EDGE_LOOP('',(#3953,#3954,#3955,#3956));
#589=EDGE_LOOP('',(#3957,#3958,#3959,#3960));
#590=EDGE_LOOP('',(#3961,#3962,#3963,#3964));
#591=EDGE_LOOP('',(#3965,#3966,#3967,#3968));
#592=EDGE_LOOP('',(#3969,#3970,#3971,#3972));
#593=EDGE_LOOP('',(#3973,#3974,#3975,#3976));
#594=EDGE_LOOP('',(#3977,#3978,#3979,#3980));
#595=EDGE_LOOP('',(#3981,#3982,#3983,#3984));
#596=EDGE_LOOP('',(#3985,#3986,#3987,#3988));
#597=EDGE_LOOP('',(#3989,#3990,#3991,#3992));
#598=EDGE_LOOP('',(#3993,#3994,#3995,#3996));
#599=EDGE_LOOP('',(#3997,#3998,#3999,#4000));
#600=EDGE_LOOP('',(#4001,#4002,#4003,#4004));
#601=EDGE_LOOP('',(#4005,#4006,#4007,#4008));
#602=EDGE_LOOP('',(#4009,#4010,#4011,#4012));
#603=EDGE_LOOP('',(#4013,#4014,#4015,#4016));
#604=EDGE_LOOP('',(#4017,#4018,#4019,#4020));
#605=EDGE_LOOP('',(#4021,#4022,#4023,#4024));
#606=EDGE_LOOP('',(#4025,#4026,#4027,#4028));
#607=EDGE_LOOP('',(#4029,#4030,#4031,#4032));
#608=EDGE_LOOP('',(#4033,#4034,#4035,#4036,#4037,#4038,#4039,#4040,#4041,
#4042,#4043,#4044,#4045,#4046,#4047,#4048,#4049,#4050,#4051,#4052,#4053,
#4054,#4055));
#609=EDGE_LOOP('',(#4056,#4057,#4058,#4059));
#610=EDGE_LOOP('',(#4060,#4061,#4062,#4063));
#611=EDGE_LOOP('',(#4064,#4065,#4066,#4067));
#612=EDGE_LOOP('',(#4068,#4069,#4070,#4071));
#613=EDGE_LOOP('',(#4072,#4073,#4074,#4075));
#614=EDGE_LOOP('',(#4076,#4077,#4078,#4079));
#615=EDGE_LOOP('',(#4080,#4081,#4082,#4083));
#616=EDGE_LOOP('',(#4084,#4085,#4086,#4087));
#617=EDGE_LOOP('',(#4088,#4089,#4090,#4091));
#618=EDGE_LOOP('',(#4092,#4093,#4094,#4095));
#619=EDGE_LOOP('',(#4096,#4097,#4098,#4099));
#620=EDGE_LOOP('',(#4100,#4101,#4102,#4103));
#621=EDGE_LOOP('',(#4104,#4105,#4106,#4107));
#622=EDGE_LOOP('',(#4108,#4109,#4110,#4111));
#623=EDGE_LOOP('',(#4112,#4113,#4114,#4115));
#624=EDGE_LOOP('',(#4116,#4117,#4118,#4119));
#625=EDGE_LOOP('',(#4120,#4121,#4122,#4123));
#626=EDGE_LOOP('',(#4124,#4125,#4126,#4127));
#627=EDGE_LOOP('',(#4128,#4129,#4130,#4131));
#628=EDGE_LOOP('',(#4132,#4133,#4134,#4135));
#629=EDGE_LOOP('',(#4136,#4137,#4138,#4139));
#630=EDGE_LOOP('',(#4140,#4141,#4142,#4143));
#631=EDGE_LOOP('',(#4144,#4145,#4146,#4147));
#632=EDGE_LOOP('',(#4148,#4149,#4150,#4151));
#633=EDGE_LOOP('',(#4152,#4153,#4154,#4155));
#634=EDGE_LOOP('',(#4156,#4157,#4158,#4159));
#635=EDGE_LOOP('',(#4160,#4161,#4162,#4163));
#636=EDGE_LOOP('',(#4164,#4165,#4166,#4167));
#637=EDGE_LOOP('',(#4168,#4169,#4170,#4171));
#638=EDGE_LOOP('',(#4172,#4173,#4174,#4175));
#639=EDGE_LOOP('',(#4176,#4177,#4178,#4179));
#640=EDGE_LOOP('',(#4180,#4181,#4182,#4183));
#641=EDGE_LOOP('',(#4184,#4185,#4186,#4187));
#642=EDGE_LOOP('',(#4188,#4189,#4190,#4191));
#643=EDGE_LOOP('',(#4192,#4193,#4194,#4195));
#644=EDGE_LOOP('',(#4196,#4197,#4198,#4199,#4200,#4201,#4202,#4203,#4204,
#4205,#4206,#4207,#4208,#4209,#4210,#4211,#4212,#4213,#4214,#4215,#4216,
#4217,#4218,#4219,#4220));
#645=EDGE_LOOP('',(#4221,#4222,#4223,#4224,#4225,#4226,#4227,#4228,#4229,
#4230));
#646=EDGE_LOOP('',(#4231,#4232,#4233,#4234));
#647=EDGE_LOOP('',(#4235,#4236,#4237,#4238));
#648=EDGE_LOOP('',(#4239,#4240,#4241,#4242));
#649=EDGE_LOOP('',(#4243,#4244,#4245,#4246));
#650=EDGE_LOOP('',(#4247,#4248,#4249,#4250));
#651=EDGE_LOOP('',(#4251,#4252,#4253,#4254));
#652=EDGE_LOOP('',(#4255,#4256,#4257,#4258));
#653=EDGE_LOOP('',(#4259,#4260,#4261,#4262));
#654=EDGE_LOOP('',(#4263,#4264,#4265,#4266));
#655=EDGE_LOOP('',(#4267,#4268,#4269,#4270));
#656=EDGE_LOOP('',(#4271,#4272,#4273,#4274));
#657=EDGE_LOOP('',(#4275,#4276,#4277,#4278));
#658=EDGE_LOOP('',(#4279,#4280,#4281,#4282));
#659=EDGE_LOOP('',(#4283,#4284,#4285,#4286));
#660=EDGE_LOOP('',(#4287,#4288,#4289,#4290));
#661=EDGE_LOOP('',(#4291,#4292,#4293,#4294));
#662=EDGE_LOOP('',(#4295,#4296,#4297,#4298));
#663=EDGE_LOOP('',(#4299,#4300,#4301,#4302));
#664=EDGE_LOOP('',(#4303,#4304,#4305,#4306));
#665=EDGE_LOOP('',(#4307,#4308,#4309,#4310));
#666=EDGE_LOOP('',(#4311,#4312,#4313,#4314));
#667=EDGE_LOOP('',(#4315,#4316,#4317,#4318));
#668=EDGE_LOOP('',(#4319,#4320,#4321,#4322));
#669=EDGE_LOOP('',(#4323,#4324,#4325,#4326));
#670=EDGE_LOOP('',(#4327,#4328,#4329,#4330));
#671=EDGE_LOOP('',(#4331,#4332,#4333,#4334));
#672=EDGE_LOOP('',(#4335,#4336,#4337,#4338));
#673=EDGE_LOOP('',(#4339,#4340,#4341,#4342));
#674=EDGE_LOOP('',(#4343,#4344,#4345,#4346));
#675=EDGE_LOOP('',(#4347,#4348,#4349,#4350));
#676=EDGE_LOOP('',(#4351,#4352,#4353,#4354));
#677=EDGE_LOOP('',(#4355,#4356,#4357,#4358));
#678=EDGE_LOOP('',(#4359,#4360,#4361,#4362));
#679=EDGE_LOOP('',(#4363,#4364,#4365,#4366));
#680=EDGE_LOOP('',(#4367,#4368,#4369,#4370));
#681=EDGE_LOOP('',(#4371,#4372,#4373,#4374));
#682=EDGE_LOOP('',(#4375,#4376,#4377,#4378,#4379,#4380,#4381,#4382,#4383,
#4384,#4385,#4386,#4387,#4388,#4389,#4390,#4391,#4392,#4393,#4394,#4395,
#4396,#4397,#4398,#4399));
#683=EDGE_LOOP('',(#4400,#4401,#4402,#4403,#4404,#4405,#4406,#4407,#4408,
#4409,#4410));
#684=EDGE_LOOP('',(#4411,#4412,#4413,#4414,#4415,#4416,#4417,#4418,#4419,
#4420,#4421));
#685=EDGE_LOOP('',(#4422,#4423,#4424,#4425,#4426,#4427,#4428,#4429,#4430,
#4431));
#686=EDGE_LOOP('',(#4432,#4433,#4434,#4435,#4436,#4437,#4438,#4439));
#687=EDGE_LOOP('',(#4440,#4441,#4442,#4443,#4444,#4445));
#688=EDGE_LOOP('',(#4446,#4447,#4448,#4449,#4450,#4451,#4452,#4453,#4454));
#689=EDGE_LOOP('',(#4455,#4456,#4457,#4458));
#690=EDGE_LOOP('',(#4459,#4460,#4461,#4462));
#691=EDGE_LOOP('',(#4463,#4464,#4465,#4466));
#692=EDGE_LOOP('',(#4467,#4468,#4469,#4470));
#693=EDGE_LOOP('',(#4471,#4472,#4473,#4474));
#694=EDGE_LOOP('',(#4475,#4476,#4477,#4478));
#695=EDGE_LOOP('',(#4479,#4480,#4481,#4482));
#696=EDGE_LOOP('',(#4483,#4484,#4485,#4486));
#697=EDGE_LOOP('',(#4487,#4488,#4489,#4490));
#698=EDGE_LOOP('',(#4491,#4492,#4493,#4494,#4495,#4496,#4497));
#699=EDGE_LOOP('',(#4498,#4499,#4500,#4501));
#700=EDGE_LOOP('',(#4502));
#701=EDGE_LOOP('',(#4503,#4504,#4505,#4506,#4507));
#702=EDGE_LOOP('',(#4508,#4509,#4510,#4511,#4512,#4513,#4514));
#703=EDGE_LOOP('',(#4515));
#704=EDGE_LOOP('',(#4516));
#705=EDGE_LOOP('',(#4517,#4518,#4519,#4520,#4521,#4522));
#706=EDGE_LOOP('',(#4523));
#707=EDGE_LOOP('',(#4524));
#708=EDGE_LOOP('',(#4525));
#709=EDGE_LOOP('',(#4526));
#710=EDGE_LOOP('',(#4527,#4528,#4529,#4530));
#711=EDGE_LOOP('',(#4531,#4532,#4533,#4534));
#712=EDGE_LOOP('',(#4535,#4536,#4537,#4538,#4539,#4540));
#713=EDGE_LOOP('',(#4541,#4542,#4543,#4544));
#714=EDGE_LOOP('',(#4545,#4546,#4547,#4548,#4549,#4550,#4551,#4552));
#715=EDGE_LOOP('',(#4553,#4554,#4555,#4556));
#716=EDGE_LOOP('',(#4557,#4558,#4559,#4560));
#717=EDGE_LOOP('',(#4561,#4562,#4563,#4564));
#718=EDGE_LOOP('',(#4565,#4566,#4567,#4568));
#719=EDGE_LOOP('',(#4569,#4570,#4571,#4572));
#720=EDGE_LOOP('',(#4573,#4574,#4575,#4576,#4577,#4578,#4579,#4580,#4581,
#4582,#4583,#4584));
#721=EDGE_LOOP('',(#4585,#4586,#4587));
#722=EDGE_LOOP('',(#4588,#4589,#4590,#4591));
#723=EDGE_LOOP('',(#4592,#4593,#4594,#4595));
#724=EDGE_LOOP('',(#4596,#4597,#4598,#4599));
#725=EDGE_LOOP('',(#4600,#4601,#4602,#4603));
#726=EDGE_LOOP('',(#4604,#4605,#4606,#4607,#4608,#4609));
#727=EDGE_LOOP('',(#4610,#4611,#4612,#4613,#4614));
#728=EDGE_LOOP('',(#4615,#4616,#4617,#4618,#4619,#4620,#4621,#4622,#4623,
#4624,#4625,#4626,#4627,#4628,#4629,#4630,#4631,#4632,#4633,#4634,#4635,
#4636,#4637,#4638,#4639));
#729=EDGE_LOOP('',(#4640,#4641,#4642,#4643,#4644,#4645,#4646,#4647,#4648,
#4649,#4650,#4651,#4652,#4653,#4654,#4655,#4656,#4657,#4658,#4659,#4660,
#4661,#4662,#4663,#4664));
#730=EDGE_LOOP('',(#4665,#4666,#4667,#4668,#4669,#4670,#4671,#4672,#4673,
#4674,#4675,#4676,#4677,#4678,#4679,#4680,#4681,#4682,#4683,#4684,#4685,
#4686,#4687));
#731=EDGE_LOOP('',(#4688,#4689,#4690,#4691,#4692,#4693,#4694,#4695,#4696,
#4697,#4698,#4699,#4700,#4701));
#732=EDGE_LOOP('',(#4702,#4703,#4704,#4705,#4706,#4707,#4708,#4709,#4710,
#4711,#4712,#4713,#4714,#4715,#4716,#4717,#4718,#4719,#4720,#4721,#4722,
#4723,#4724,#4725,#4726,#4727,#4728,#4729,#4730,#4731,#4732));
#733=EDGE_LOOP('',(#4733,#4734,#4735,#4736,#4737,#4738,#4739,#4740,#4741,
#4742,#4743,#4744,#4745,#4746,#4747,#4748,#4749,#4750));
#734=EDGE_LOOP('',(#4751,#4752,#4753,#4754,#4755,#4756,#4757,#4758,#4759,
#4760,#4761));
#735=EDGE_LOOP('',(#4762,#4763,#4764,#4765,#4766,#4767,#4768,#4769,#4770,
#4771,#4772,#4773,#4774,#4775,#4776,#4777,#4778,#4779,#4780,#4781,#4782,
#4783,#4784,#4785,#4786,#4787,#4788,#4789,#4790,#4791,#4792,#4793,#4794,
#4795,#4796,#4797,#4798,#4799,#4800,#4801,#4802));
#736=EDGE_LOOP('',(#4803,#4804,#4805,#4806));
#737=EDGE_LOOP('',(#4807,#4808,#4809,#4810));
#738=EDGE_LOOP('',(#4811,#4812,#4813,#4814));
#739=EDGE_LOOP('',(#4815,#4816,#4817,#4818,#4819,#4820));
#740=EDGE_LOOP('',(#4821,#4822,#4823,#4824));
#741=EDGE_LOOP('',(#4825));
#742=EDGE_LOOP('',(#4826));
#743=EDGE_LOOP('',(#4827));
#744=EDGE_LOOP('',(#4828));
#745=EDGE_LOOP('',(#4829));
#746=EDGE_LOOP('',(#4830));
#747=LINE('',#6085,#1161);
#748=LINE('',#6091,#1162);
#749=LINE('',#6106,#1163);
#750=LINE('',#6125,#1164);
#751=LINE('',#6144,#1165);
#752=LINE('',#6163,#1166);
#753=LINE('',#6182,#1167);
#754=LINE('',#6189,#1168);
#755=LINE('',#6191,#1169);
#756=LINE('',#6192,#1170);
#757=LINE('',#6195,#1171);
#758=LINE('',#6197,#1172);
#759=LINE('',#6198,#1173);
#760=LINE('',#6213,#1174);
#761=LINE('',#6232,#1175);
#762=LINE('',#6251,#1176);
#763=LINE('',#6270,#1177);
#764=LINE('',#6289,#1178);
#765=LINE('',#6308,#1179);
#766=LINE('',#6327,#1180);
#767=LINE('',#6346,#1181);
#768=LINE('',#6365,#1182);
#769=LINE('',#6384,#1183);
#770=LINE('',#6403,#1184);
#771=LINE('',#6422,#1185);
#772=LINE('',#6441,#1186);
#773=LINE('',#6448,#1187);
#774=LINE('',#6450,#1188);
#775=LINE('',#6451,#1189);
#776=LINE('',#6454,#1190);
#777=LINE('',#6456,#1191);
#778=LINE('',#6457,#1192);
#779=LINE('',#6472,#1193);
#780=LINE('',#6491,#1194);
#781=LINE('',#6498,#1195);
#782=LINE('',#6500,#1196);
#783=LINE('',#6501,#1197);
#784=LINE('',#6504,#1198);
#785=LINE('',#6506,#1199);
#786=LINE('',#6507,#1200);
#787=LINE('',#6522,#1201);
#788=LINE('',#6541,#1202);
#789=LINE('',#6560,#1203);
#790=LINE('',#6579,#1204);
#791=LINE('',#6598,#1205);
#792=LINE('',#6617,#1206);
#793=LINE('',#6636,#1207);
#794=LINE('',#6655,#1208);
#795=LINE('',#6674,#1209);
#796=LINE('',#6693,#1210);
#797=LINE('',#6712,#1211);
#798=LINE('',#6731,#1212);
#799=LINE('',#6750,#1213);
#800=LINE('',#6787,#1214);
#801=LINE('',#6793,#1215);
#802=LINE('',#6808,#1216);
#803=LINE('',#6827,#1217);
#804=LINE('',#6846,#1218);
#805=LINE('',#6865,#1219);
#806=LINE('',#6884,#1220);
#807=LINE('',#6903,#1221);
#808=LINE('',#6922,#1222);
#809=LINE('',#6958,#1223);
#810=LINE('',#6964,#1224);
#811=LINE('',#6979,#1225);
#812=LINE('',#6998,#1226);
#813=LINE('',#7017,#1227);
#814=LINE('',#7036,#1228);
#815=LINE('',#7072,#1229);
#816=LINE('',#7078,#1230);
#817=LINE('',#7093,#1231);
#818=LINE('',#7112,#1232);
#819=LINE('',#7131,#1233);
#820=LINE('',#7150,#1234);
#821=LINE('',#7169,#1235);
#822=LINE('',#7188,#1236);
#823=LINE('',#7207,#1237);
#824=LINE('',#7226,#1238);
#825=LINE('',#7245,#1239);
#826=LINE('',#7282,#1240);
#827=LINE('',#7288,#1241);
#828=LINE('',#7303,#1242);
#829=LINE('',#7322,#1243);
#830=LINE('',#7341,#1244);
#831=LINE('',#7360,#1245);
#832=LINE('',#7379,#1246);
#833=LINE('',#7398,#1247);
#834=LINE('',#7417,#1248);
#835=LINE('',#7436,#1249);
#836=LINE('',#7455,#1250);
#837=LINE('',#7462,#1251);
#838=LINE('',#7464,#1252);
#839=LINE('',#7465,#1253);
#840=LINE('',#7468,#1254);
#841=LINE('',#7470,#1255);
#842=LINE('',#7471,#1256);
#843=LINE('',#7486,#1257);
#844=LINE('',#7505,#1258);
#845=LINE('',#7524,#1259);
#846=LINE('',#7543,#1260);
#847=LINE('',#7562,#1261);
#848=LINE('',#7599,#1262);
#849=LINE('',#7605,#1263);
#850=LINE('',#7620,#1264);
#851=LINE('',#7639,#1265);
#852=LINE('',#7658,#1266);
#853=LINE('',#7677,#1267);
#854=LINE('',#7696,#1268);
#855=LINE('',#7715,#1269);
#856=LINE('',#7734,#1270);
#857=LINE('',#7753,#1271);
#858=LINE('',#7772,#1272);
#859=LINE('',#7791,#1273);
#860=LINE('',#7798,#1274);
#861=LINE('',#7800,#1275);
#862=LINE('',#7801,#1276);
#863=LINE('',#7804,#1277);
#864=LINE('',#7806,#1278);
#865=LINE('',#7807,#1279);
#866=LINE('',#7822,#1280);
#867=LINE('',#7841,#1281);
#868=LINE('',#7848,#1282);
#869=LINE('',#7850,#1283);
#870=LINE('',#7851,#1284);
#871=LINE('',#7854,#1285);
#872=LINE('',#7856,#1286);
#873=LINE('',#7857,#1287);
#874=LINE('',#7860,#1288);
#875=LINE('',#7862,#1289);
#876=LINE('',#7863,#1290);
#877=LINE('',#7878,#1291);
#878=LINE('',#7897,#1292);
#879=LINE('',#7916,#1293);
#880=LINE('',#7923,#1294);
#881=LINE('',#7925,#1295);
#882=LINE('',#7926,#1296);
#883=LINE('',#7929,#1297);
#884=LINE('',#7931,#1298);
#885=LINE('',#7932,#1299);
#886=LINE('',#7947,#1300);
#887=LINE('',#7966,#1301);
#888=LINE('',#7985,#1302);
#889=LINE('',#8004,#1303);
#890=LINE('',#8023,#1304);
#891=LINE('',#8030,#1305);
#892=LINE('',#8032,#1306);
#893=LINE('',#8033,#1307);
#894=LINE('',#8036,#1308);
#895=LINE('',#8038,#1309);
#896=LINE('',#8039,#1310);
#897=LINE('',#8072,#1311);
#898=LINE('',#8078,#1312);
#899=LINE('',#8093,#1313);
#900=LINE('',#8112,#1314);
#901=LINE('',#8131,#1315);
#902=LINE('',#8150,#1316);
#903=LINE('',#8169,#1317);
#904=LINE('',#8188,#1318);
#905=LINE('',#8224,#1319);
#906=LINE('',#8230,#1320);
#907=LINE('',#8245,#1321);
#908=LINE('',#8264,#1322);
#909=LINE('',#8283,#1323);
#910=LINE('',#8302,#1324);
#911=LINE('',#8321,#1325);
#912=LINE('',#8340,#1326);
#913=LINE('',#8359,#1327);
#914=LINE('',#8378,#1328);
#915=LINE('',#8397,#1329);
#916=LINE('',#8416,#1330);
#917=LINE('',#8435,#1331);
#918=LINE('',#8454,#1332);
#919=LINE('',#8479,#1333);
#920=LINE('',#8481,#1334);
#921=LINE('',#8483,#1335);
#922=LINE('',#8484,#1336);
#923=LINE('',#8487,#1337);
#924=LINE('',#8489,#1338);
#925=LINE('',#8490,#1339);
#926=LINE('',#8505,#1340);
#927=LINE('',#8524,#1341);
#928=LINE('',#8543,#1342);
#929=LINE('',#8550,#1343);
#930=LINE('',#8552,#1344);
#931=LINE('',#8553,#1345);
#932=LINE('',#8556,#1346);
#933=LINE('',#8558,#1347);
#934=LINE('',#8559,#1348);
#935=LINE('',#8574,#1349);
#936=LINE('',#8593,#1350);
#937=LINE('',#8612,#1351);
#938=LINE('',#8631,#1352);
#939=LINE('',#8650,#1353);
#940=LINE('',#8669,#1354);
#941=LINE('',#8676,#1355);
#942=LINE('',#8678,#1356);
#943=LINE('',#8679,#1357);
#944=LINE('',#8682,#1358);
#945=LINE('',#8684,#1359);
#946=LINE('',#8685,#1360);
#947=LINE('',#8700,#1361);
#948=LINE('',#8719,#1362);
#949=LINE('',#8738,#1363);
#950=LINE('',#8757,#1364);
#951=LINE('',#8776,#1365);
#952=LINE('',#8795,#1366);
#953=LINE('',#8814,#1367);
#954=LINE('',#8839,#1368);
#955=LINE('',#8841,#1369);
#956=LINE('',#8843,#1370);
#957=LINE('',#8844,#1371);
#958=LINE('',#8859,#1372);
#959=LINE('',#8878,#1373);
#960=LINE('',#8897,#1374);
#961=LINE('',#8916,#1375);
#962=LINE('',#8923,#1376);
#963=LINE('',#8925,#1377);
#964=LINE('',#8926,#1378);
#965=LINE('',#8929,#1379);
#966=LINE('',#8931,#1380);
#967=LINE('',#8932,#1381);
#968=LINE('',#8947,#1382);
#969=LINE('',#8966,#1383);
#970=LINE('',#8972,#1384);
#971=LINE('',#8973,#1385);
#972=LINE('',#8989,#1386);
#973=LINE('',#8995,#1387);
#974=LINE('',#8998,#1388);
#975=LINE('',#9000,#1389);
#976=LINE('',#9001,#1390);
#977=LINE('',#9004,#1391);
#978=LINE('',#9006,#1392);
#979=LINE('',#9007,#1393);
#980=LINE('',#9022,#1394);
#981=LINE('',#9029,#1395);
#982=LINE('',#9031,#1396);
#983=LINE('',#9032,#1397);
#984=LINE('',#9035,#1398);
#985=LINE('',#9037,#1399);
#986=LINE('',#9038,#1400);
#987=LINE('',#9041,#1401);
#988=LINE('',#9043,#1402);
#989=LINE('',#9044,#1403);
#990=LINE('',#9047,#1404);
#991=LINE('',#9049,#1405);
#992=LINE('',#9050,#1406);
#993=LINE('',#9053,#1407);
#994=LINE('',#9055,#1408);
#995=LINE('',#9056,#1409);
#996=LINE('',#9059,#1410);
#997=LINE('',#9061,#1411);
#998=LINE('',#9062,#1412);
#999=LINE('',#9065,#1413);
#1000=LINE('',#9067,#1414);
#1001=LINE('',#9068,#1415);
#1002=LINE('',#9083,#1416);
#1003=LINE('',#9102,#1417);
#1004=LINE('',#9109,#1418);
#1005=LINE('',#9111,#1419);
#1006=LINE('',#9112,#1420);
#1007=LINE('',#9115,#1421);
#1008=LINE('',#9117,#1422);
#1009=LINE('',#9118,#1423);
#1010=LINE('',#9133,#1424);
#1011=LINE('',#9152,#1425);
#1012=LINE('',#9171,#1426);
#1013=LINE('',#9190,#1427);
#1014=LINE('',#9209,#1428);
#1015=LINE('',#9228,#1429);
#1016=LINE('',#9247,#1430);
#1017=LINE('',#9266,#1431);
#1018=LINE('',#9285,#1432);
#1019=LINE('',#9310,#1433);
#1020=LINE('',#9312,#1434);
#1021=LINE('',#9314,#1435);
#1022=LINE('',#9315,#1436);
#1023=LINE('',#9330,#1437);
#1024=LINE('',#9349,#1438);
#1025=LINE('',#9368,#1439);
#1026=LINE('',#9387,#1440);
#1027=LINE('',#9406,#1441);
#1028=LINE('',#9413,#1442);
#1029=LINE('',#9415,#1443);
#1030=LINE('',#9416,#1444);
#1031=LINE('',#9419,#1445);
#1032=LINE('',#9421,#1446);
#1033=LINE('',#9422,#1447);
#1034=LINE('',#9437,#1448);
#1035=LINE('',#9456,#1449);
#1036=LINE('',#9462,#1450);
#1037=LINE('',#9463,#1451);
#1038=LINE('',#9479,#1452);
#1039=LINE('',#9485,#1453);
#1040=LINE('',#9488,#1454);
#1041=LINE('',#9490,#1455);
#1042=LINE('',#9491,#1456);
#1043=LINE('',#9494,#1457);
#1044=LINE('',#9496,#1458);
#1045=LINE('',#9497,#1459);
#1046=LINE('',#9512,#1460);
#1047=LINE('',#9519,#1461);
#1048=LINE('',#9521,#1462);
#1049=LINE('',#9522,#1463);
#1050=LINE('',#9525,#1464);
#1051=LINE('',#9527,#1465);
#1052=LINE('',#9528,#1466);
#1053=LINE('',#9543,#1467);
#1054=LINE('',#9550,#1468);
#1055=LINE('',#9552,#1469);
#1056=LINE('',#9553,#1470);
#1057=LINE('',#9556,#1471);
#1058=LINE('',#9558,#1472);
#1059=LINE('',#9559,#1473);
#1060=LINE('',#9562,#1474);
#1061=LINE('',#9564,#1475);
#1062=LINE('',#9565,#1476);
#1063=LINE('',#9568,#1477);
#1064=LINE('',#9570,#1478);
#1065=LINE('',#9571,#1479);
#1066=LINE('',#9586,#1480);
#1067=LINE('',#9605,#1481);
#1068=LINE('',#9612,#1482);
#1069=LINE('',#9614,#1483);
#1070=LINE('',#9615,#1484);
#1071=LINE('',#9618,#1485);
#1072=LINE('',#9620,#1486);
#1073=LINE('',#9621,#1487);
#1074=LINE('',#9636,#1488);
#1075=LINE('',#9655,#1489);
#1076=LINE('',#9674,#1490);
#1077=LINE('',#9693,#1491);
#1078=LINE('',#9712,#1492);
#1079=LINE('',#9731,#1493);
#1080=LINE('',#9750,#1494);
#1081=LINE('',#9769,#1495);
#1082=LINE('',#9788,#1496);
#1083=LINE('',#9818,#1497);
#1084=LINE('',#9820,#1498);
#1085=LINE('',#9822,#1499);
#1086=LINE('',#9823,#1500);
#1087=LINE('',#9826,#1501);
#1088=LINE('',#9828,#1502);
#1089=LINE('',#9829,#1503);
#1090=LINE('',#9832,#1504);
#1091=LINE('',#9834,#1505);
#1092=LINE('',#9835,#1506);
#1093=LINE('',#9837,#1507);
#1094=LINE('',#9838,#1508);
#1095=LINE('',#9842,#1509);
#1096=LINE('',#9844,#1510);
#1097=LINE('',#9846,#1511);
#1098=LINE('',#9847,#1512);
#1099=LINE('',#9851,#1513);
#1100=LINE('',#9853,#1514);
#1101=LINE('',#9855,#1515);
#1102=LINE('',#9856,#1516);
#1103=LINE('',#9859,#1517);
#1104=LINE('',#9861,#1518);
#1105=LINE('',#9862,#1519);
#1106=LINE('',#9865,#1520);
#1107=LINE('',#9867,#1521);
#1108=LINE('',#9868,#1522);
#1109=LINE('',#9870,#1523);
#1110=LINE('',#9871,#1524);
#1111=LINE('',#9880,#1525);
#1112=LINE('',#9886,#1526);
#1113=LINE('',#9888,#1527);
#1114=LINE('',#9890,#1528);
#1115=LINE('',#9892,#1529);
#1116=LINE('',#9893,#1530);
#1117=LINE('',#9897,#1531);
#1118=LINE('',#9899,#1532);
#1119=LINE('',#9901,#1533);
#1120=LINE('',#9903,#1534);
#1121=LINE('',#9905,#1535);
#1122=LINE('',#9907,#1536);
#1123=LINE('',#9908,#1537);
#1124=LINE('',#9922,#1538);
#1125=LINE('',#9924,#1539);
#1126=LINE('',#9925,#1540);
#1127=LINE('',#9928,#1541);
#1128=LINE('',#9930,#1542);
#1129=LINE('',#9932,#1543);
#1130=LINE('',#9933,#1544);
#1131=LINE('',#9936,#1545);
#1132=LINE('',#9940,#1546);
#1133=LINE('',#9944,#1547);
#1134=LINE('',#9945,#1548);
#1135=LINE('',#9948,#1549);
#1136=LINE('',#9949,#1550);
#1137=LINE('',#9952,#1551);
#1138=LINE('',#9953,#1552);
#1139=LINE('',#9956,#1553);
#1140=LINE('',#9957,#1554);
#1141=LINE('',#9959,#1555);
#1142=LINE('',#9960,#1556);
#1143=LINE('',#9963,#1557);
#1144=LINE('',#9965,#1558);
#1145=LINE('',#9967,#1559);
#1146=LINE('',#9968,#1560);
#1147=LINE('',#9970,#1561);
#1148=LINE('',#9974,#1562);
#1149=LINE('',#9978,#1563);
#1150=LINE('',#9982,#1564);
#1151=LINE('',#9986,#1565);
#1152=LINE('',#9989,#1566);
#1153=LINE('',#9990,#1567);
#1154=LINE('',#9993,#1568);
#1155=LINE('',#9994,#1569);
#1156=LINE('',#9997,#1570);
#1157=LINE('',#9998,#1571);
#1158=LINE('',#10001,#1572);
#1159=LINE('',#10002,#1573);
#1160=LINE('',#10004,#1574);
#1161=VECTOR('',#5423,10.);
#1162=VECTOR('',#5424,10.);
#1163=VECTOR('',#5425,10.);
#1164=VECTOR('',#5426,10.);
#1165=VECTOR('',#5427,10.);
#1166=VECTOR('',#5428,10.);
#1167=VECTOR('',#5429,10.);
#1168=VECTOR('',#5432,10.);
#1169=VECTOR('',#5433,10.);
#1170=VECTOR('',#5434,10.);
#1171=VECTOR('',#5437,10.);
#1172=VECTOR('',#5438,10.);
#1173=VECTOR('',#5439,10.);
#1174=VECTOR('',#5440,10.);
#1175=VECTOR('',#5441,10.);
#1176=VECTOR('',#5442,10.);
#1177=VECTOR('',#5443,10.);
#1178=VECTOR('',#5444,10.);
#1179=VECTOR('',#5445,10.);
#1180=VECTOR('',#5446,10.);
#1181=VECTOR('',#5447,10.);
#1182=VECTOR('',#5448,10.);
#1183=VECTOR('',#5449,10.);
#1184=VECTOR('',#5450,10.);
#1185=VECTOR('',#5451,10.);
#1186=VECTOR('',#5452,10.);
#1187=VECTOR('',#5455,10.);
#1188=VECTOR('',#5456,10.);
#1189=VECTOR('',#5457,10.);
#1190=VECTOR('',#5460,10.);
#1191=VECTOR('',#5461,10.);
#1192=VECTOR('',#5462,10.);
#1193=VECTOR('',#5463,10.);
#1194=VECTOR('',#5464,10.);
#1195=VECTOR('',#5467,10.);
#1196=VECTOR('',#5468,10.);
#1197=VECTOR('',#5469,10.);
#1198=VECTOR('',#5472,10.);
#1199=VECTOR('',#5473,10.);
#1200=VECTOR('',#5474,10.);
#1201=VECTOR('',#5475,10.);
#1202=VECTOR('',#5476,10.);
#1203=VECTOR('',#5477,10.);
#1204=VECTOR('',#5478,10.);
#1205=VECTOR('',#5479,10.);
#1206=VECTOR('',#5480,10.);
#1207=VECTOR('',#5481,10.);
#1208=VECTOR('',#5482,10.);
#1209=VECTOR('',#5483,10.);
#1210=VECTOR('',#5484,10.);
#1211=VECTOR('',#5485,10.);
#1212=VECTOR('',#5486,10.);
#1213=VECTOR('',#5487,10.);
#1214=VECTOR('',#5490,10.);
#1215=VECTOR('',#5491,10.);
#1216=VECTOR('',#5492,10.);
#1217=VECTOR('',#5493,10.);
#1218=VECTOR('',#5494,10.);
#1219=VECTOR('',#5495,10.);
#1220=VECTOR('',#5496,10.);
#1221=VECTOR('',#5497,10.);
#1222=VECTOR('',#5498,10.);
#1223=VECTOR('',#5499,10.);
#1224=VECTOR('',#5500,10.);
#1225=VECTOR('',#5501,10.);
#1226=VECTOR('',#5502,10.);
#1227=VECTOR('',#5503,10.);
#1228=VECTOR('',#5504,10.);
#1229=VECTOR('',#5505,10.);
#1230=VECTOR('',#5506,10.);
#1231=VECTOR('',#5507,10.);
#1232=VECTOR('',#5508,10.);
#1233=VECTOR('',#5509,10.);
#1234=VECTOR('',#5510,10.);
#1235=VECTOR('',#5511,10.);
#1236=VECTOR('',#5512,10.);
#1237=VECTOR('',#5513,10.);
#1238=VECTOR('',#5514,10.);
#1239=VECTOR('',#5515,10.);
#1240=VECTOR('',#5518,10.);
#1241=VECTOR('',#5519,10.);
#1242=VECTOR('',#5520,10.);
#1243=VECTOR('',#5521,10.);
#1244=VECTOR('',#5522,10.);
#1245=VECTOR('',#5523,10.);
#1246=VECTOR('',#5524,10.);
#1247=VECTOR('',#5525,10.);
#1248=VECTOR('',#5526,10.);
#1249=VECTOR('',#5527,10.);
#1250=VECTOR('',#5528,10.);
#1251=VECTOR('',#5531,10.);
#1252=VECTOR('',#5532,10.);
#1253=VECTOR('',#5533,10.);
#1254=VECTOR('',#5536,10.);
#1255=VECTOR('',#5537,10.);
#1256=VECTOR('',#5538,10.);
#1257=VECTOR('',#5539,10.);
#1258=VECTOR('',#5540,10.);
#1259=VECTOR('',#5541,10.);
#1260=VECTOR('',#5542,10.);
#1261=VECTOR('',#5543,10.);
#1262=VECTOR('',#5546,10.);
#1263=VECTOR('',#5547,10.);
#1264=VECTOR('',#5548,10.);
#1265=VECTOR('',#5549,10.);
#1266=VECTOR('',#5550,10.);
#1267=VECTOR('',#5551,10.);
#1268=VECTOR('',#5552,10.);
#1269=VECTOR('',#5553,10.);
#1270=VECTOR('',#5554,10.);
#1271=VECTOR('',#5555,10.);
#1272=VECTOR('',#5556,10.);
#1273=VECTOR('',#5557,10.);
#1274=VECTOR('',#5560,10.);
#1275=VECTOR('',#5561,10.);
#1276=VECTOR('',#5562,10.);
#1277=VECTOR('',#5565,10.);
#1278=VECTOR('',#5566,10.);
#1279=VECTOR('',#5567,10.);
#1280=VECTOR('',#5568,10.);
#1281=VECTOR('',#5569,10.);
#1282=VECTOR('',#5572,10.);
#1283=VECTOR('',#5573,10.);
#1284=VECTOR('',#5574,10.);
#1285=VECTOR('',#5577,10.);
#1286=VECTOR('',#5578,10.);
#1287=VECTOR('',#5579,10.);
#1288=VECTOR('',#5582,10.);
#1289=VECTOR('',#5583,10.);
#1290=VECTOR('',#5584,10.);
#1291=VECTOR('',#5585,10.);
#1292=VECTOR('',#5586,10.);
#1293=VECTOR('',#5587,10.);
#1294=VECTOR('',#5590,10.);
#1295=VECTOR('',#5591,10.);
#1296=VECTOR('',#5592,10.);
#1297=VECTOR('',#5595,10.);
#1298=VECTOR('',#5596,10.);
#1299=VECTOR('',#5597,10.);
#1300=VECTOR('',#5598,10.);
#1301=VECTOR('',#5599,10.);
#1302=VECTOR('',#5600,10.);
#1303=VECTOR('',#5601,10.);
#1304=VECTOR('',#5602,10.);
#1305=VECTOR('',#5605,10.);
#1306=VECTOR('',#5606,10.);
#1307=VECTOR('',#5607,10.);
#1308=VECTOR('',#5610,10.);
#1309=VECTOR('',#5611,10.);
#1310=VECTOR('',#5612,10.);
#1311=VECTOR('',#5615,10.);
#1312=VECTOR('',#5616,10.);
#1313=VECTOR('',#5617,10.);
#1314=VECTOR('',#5618,10.);
#1315=VECTOR('',#5619,10.);
#1316=VECTOR('',#5620,10.);
#1317=VECTOR('',#5621,10.);
#1318=VECTOR('',#5622,10.);
#1319=VECTOR('',#5623,10.);
#1320=VECTOR('',#5624,10.);
#1321=VECTOR('',#5625,10.);
#1322=VECTOR('',#5626,10.);
#1323=VECTOR('',#5627,10.);
#1324=VECTOR('',#5628,10.);
#1325=VECTOR('',#5629,10.);
#1326=VECTOR('',#5630,10.);
#1327=VECTOR('',#5631,10.);
#1328=VECTOR('',#5632,10.);
#1329=VECTOR('',#5633,10.);
#1330=VECTOR('',#5634,10.);
#1331=VECTOR('',#5635,10.);
#1332=VECTOR('',#5636,10.);
#1333=VECTOR('',#5641,10.);
#1334=VECTOR('',#5642,10.);
#1335=VECTOR('',#5643,10.);
#1336=VECTOR('',#5644,10.);
#1337=VECTOR('',#5647,10.);
#1338=VECTOR('',#5648,10.);
#1339=VECTOR('',#5649,10.);
#1340=VECTOR('',#5650,10.);
#1341=VECTOR('',#5651,10.);
#1342=VECTOR('',#5652,10.);
#1343=VECTOR('',#5655,10.);
#1344=VECTOR('',#5656,10.);
#1345=VECTOR('',#5657,10.);
#1346=VECTOR('',#5660,10.);
#1347=VECTOR('',#5661,10.);
#1348=VECTOR('',#5662,10.);
#1349=VECTOR('',#5663,10.);
#1350=VECTOR('',#5664,10.);
#1351=VECTOR('',#5665,10.);
#1352=VECTOR('',#5666,10.);
#1353=VECTOR('',#5667,10.);
#1354=VECTOR('',#5668,10.);
#1355=VECTOR('',#5671,10.);
#1356=VECTOR('',#5672,10.);
#1357=VECTOR('',#5673,10.);
#1358=VECTOR('',#5676,10.);
#1359=VECTOR('',#5677,10.);
#1360=VECTOR('',#5678,10.);
#1361=VECTOR('',#5679,10.);
#1362=VECTOR('',#5680,10.);
#1363=VECTOR('',#5681,10.);
#1364=VECTOR('',#5682,10.);
#1365=VECTOR('',#5683,10.);
#1366=VECTOR('',#5684,10.);
#1367=VECTOR('',#5685,10.);
#1368=VECTOR('',#5690,10.);
#1369=VECTOR('',#5691,10.);
#1370=VECTOR('',#5692,10.);
#1371=VECTOR('',#5693,10.);
#1372=VECTOR('',#5694,10.);
#1373=VECTOR('',#5695,10.);
#1374=VECTOR('',#5696,10.);
#1375=VECTOR('',#5697,10.);
#1376=VECTOR('',#5700,10.);
#1377=VECTOR('',#5701,10.);
#1378=VECTOR('',#5702,10.);
#1379=VECTOR('',#5705,10.);
#1380=VECTOR('',#5706,10.);
#1381=VECTOR('',#5707,10.);
#1382=VECTOR('',#5708,10.);
#1383=VECTOR('',#5709,10.);
#1384=VECTOR('',#5712,10.);
#1385=VECTOR('',#5713,10.);
#1386=VECTOR('',#5714,10.);
#1387=VECTOR('',#5715,10.);
#1388=VECTOR('',#5718,10.);
#1389=VECTOR('',#5719,10.);
#1390=VECTOR('',#5720,10.);
#1391=VECTOR('',#5723,10.);
#1392=VECTOR('',#5724,10.);
#1393=VECTOR('',#5725,10.);
#1394=VECTOR('',#5726,10.);
#1395=VECTOR('',#5729,10.);
#1396=VECTOR('',#5730,10.);
#1397=VECTOR('',#5731,10.);
#1398=VECTOR('',#5734,10.);
#1399=VECTOR('',#5735,10.);
#1400=VECTOR('',#5736,10.);
#1401=VECTOR('',#5739,10.);
#1402=VECTOR('',#5740,10.);
#1403=VECTOR('',#5741,10.);
#1404=VECTOR('',#5744,10.);
#1405=VECTOR('',#5745,10.);
#1406=VECTOR('',#5746,10.);
#1407=VECTOR('',#5749,10.);
#1408=VECTOR('',#5750,10.);
#1409=VECTOR('',#5751,10.);
#1410=VECTOR('',#5754,10.);
#1411=VECTOR('',#5755,10.);
#1412=VECTOR('',#5756,10.);
#1413=VECTOR('',#5759,10.);
#1414=VECTOR('',#5760,10.);
#1415=VECTOR('',#5761,10.);
#1416=VECTOR('',#5762,10.);
#1417=VECTOR('',#5763,10.);
#1418=VECTOR('',#5766,10.);
#1419=VECTOR('',#5767,10.);
#1420=VECTOR('',#5768,10.);
#1421=VECTOR('',#5771,10.);
#1422=VECTOR('',#5772,10.);
#1423=VECTOR('',#5773,10.);
#1424=VECTOR('',#5774,10.);
#1425=VECTOR('',#5775,10.);
#1426=VECTOR('',#5776,10.);
#1427=VECTOR('',#5777,10.);
#1428=VECTOR('',#5778,10.);
#1429=VECTOR('',#5779,10.);
#1430=VECTOR('',#5780,10.);
#1431=VECTOR('',#5781,10.);
#1432=VECTOR('',#5782,10.);
#1433=VECTOR('',#5787,10.);
#1434=VECTOR('',#5788,10.);
#1435=VECTOR('',#5789,10.);
#1436=VECTOR('',#5790,10.);
#1437=VECTOR('',#5791,10.);
#1438=VECTOR('',#5792,10.);
#1439=VECTOR('',#5793,10.);
#1440=VECTOR('',#5794,10.);
#1441=VECTOR('',#5795,10.);
#1442=VECTOR('',#5798,10.);
#1443=VECTOR('',#5799,10.);
#1444=VECTOR('',#5800,10.);
#1445=VECTOR('',#5803,10.);
#1446=VECTOR('',#5804,10.);
#1447=VECTOR('',#5805,10.);
#1448=VECTOR('',#5806,10.);
#1449=VECTOR('',#5807,10.);
#1450=VECTOR('',#5810,10.);
#1451=VECTOR('',#5811,10.);
#1452=VECTOR('',#5812,10.);
#1453=VECTOR('',#5813,10.);
#1454=VECTOR('',#5816,10.);
#1455=VECTOR('',#5817,10.);
#1456=VECTOR('',#5818,10.);
#1457=VECTOR('',#5821,10.);
#1458=VECTOR('',#5822,10.);
#1459=VECTOR('',#5823,10.);
#1460=VECTOR('',#5824,10.);
#1461=VECTOR('',#5827,10.);
#1462=VECTOR('',#5828,10.);
#1463=VECTOR('',#5829,10.);
#1464=VECTOR('',#5832,10.);
#1465=VECTOR('',#5833,10.);
#1466=VECTOR('',#5834,10.);
#1467=VECTOR('',#5835,10.);
#1468=VECTOR('',#5838,10.);
#1469=VECTOR('',#5839,10.);
#1470=VECTOR('',#5840,10.);
#1471=VECTOR('',#5843,10.);
#1472=VECTOR('',#5844,10.);
#1473=VECTOR('',#5845,10.);
#1474=VECTOR('',#5848,10.);
#1475=VECTOR('',#5849,10.);
#1476=VECTOR('',#5850,10.);
#1477=VECTOR('',#5853,10.);
#1478=VECTOR('',#5854,10.);
#1479=VECTOR('',#5855,10.);
#1480=VECTOR('',#5856,10.);
#1481=VECTOR('',#5857,10.);
#1482=VECTOR('',#5860,10.);
#1483=VECTOR('',#5861,10.);
#1484=VECTOR('',#5862,10.);
#1485=VECTOR('',#5865,10.);
#1486=VECTOR('',#5866,10.);
#1487=VECTOR('',#5867,10.);
#1488=VECTOR('',#5868,10.);
#1489=VECTOR('',#5869,10.);
#1490=VECTOR('',#5870,10.);
#1491=VECTOR('',#5871,10.);
#1492=VECTOR('',#5872,10.);
#1493=VECTOR('',#5873,10.);
#1494=VECTOR('',#5874,10.);
#1495=VECTOR('',#5875,10.);
#1496=VECTOR('',#5876,10.);
#1497=VECTOR('',#5891,10.);
#1498=VECTOR('',#5892,10.);
#1499=VECTOR('',#5893,10.);
#1500=VECTOR('',#5894,10.);
#1501=VECTOR('',#5897,10.);
#1502=VECTOR('',#5898,10.);
#1503=VECTOR('',#5899,10.);
#1504=VECTOR('',#5902,10.);
#1505=VECTOR('',#5903,10.);
#1506=VECTOR('',#5904,10.);
#1507=VECTOR('',#5907,10.);
#1508=VECTOR('',#5908,10.);
#1509=VECTOR('',#5911,10.);
#1510=VECTOR('',#5912,10.);
#1511=VECTOR('',#5913,10.);
#1512=VECTOR('',#5914,10.);
#1513=VECTOR('',#5917,10.);
#1514=VECTOR('',#5918,10.);
#1515=VECTOR('',#5919,10.);
#1516=VECTOR('',#5920,10.);
#1517=VECTOR('',#5923,10.);
#1518=VECTOR('',#5924,10.);
#1519=VECTOR('',#5925,10.);
#1520=VECTOR('',#5928,10.);
#1521=VECTOR('',#5929,10.);
#1522=VECTOR('',#5930,10.);
#1523=VECTOR('',#5933,10.);
#1524=VECTOR('',#5934,10.);
#1525=VECTOR('',#5945,3.25);
#1526=VECTOR('',#5952,10.);
#1527=VECTOR('',#5953,10.);
#1528=VECTOR('',#5954,10.);
#1529=VECTOR('',#5955,10.);
#1530=VECTOR('',#5956,10.);
#1531=VECTOR('',#5959,10.);
#1532=VECTOR('',#5960,10.);
#1533=VECTOR('',#5961,10.);
#1534=VECTOR('',#5962,10.);
#1535=VECTOR('',#5963,10.);
#1536=VECTOR('',#5964,10.);
#1537=VECTOR('',#5965,10.);
#1538=VECTOR('',#5980,10.);
#1539=VECTOR('',#5981,10.);
#1540=VECTOR('',#5982,10.);
#1541=VECTOR('',#5985,10.);
#1542=VECTOR('',#5986,10.);
#1543=VECTOR('',#5987,10.);
#1544=VECTOR('',#5988,10.);
#1545=VECTOR('',#5991,1.5);
#1546=VECTOR('',#5996,1.5);
#1547=VECTOR('',#6001,10.);
#1548=VECTOR('',#6002,10.);
#1549=VECTOR('',#6005,10.);
#1550=VECTOR('',#6006,10.);
#1551=VECTOR('',#6009,10.);
#1552=VECTOR('',#6010,10.);
#1553=VECTOR('',#6013,10.);
#1554=VECTOR('',#6014,10.);
#1555=VECTOR('',#6017,10.);
#1556=VECTOR('',#6018,10.);
#1557=VECTOR('',#6021,10.);
#1558=VECTOR('',#6022,10.);
#1559=VECTOR('',#6023,10.);
#1560=VECTOR('',#6024,10.);
#1561=VECTOR('',#6027,10.);
#1562=VECTOR('',#6032,0.996650340585843);
#1563=VECTOR('',#6037,0.920568007874545);
#1564=VECTOR('',#6042,1.0384609270323);
#1565=VECTOR('',#6047,0.987809761627636);
#1566=VECTOR('',#6050,10.);
#1567=VECTOR('',#6051,10.);
#1568=VECTOR('',#6054,10.);
#1569=VECTOR('',#6055,10.);
#1570=VECTOR('',#6058,10.);
#1571=VECTOR('',#6059,10.);
#1572=VECTOR('',#6062,10.);
#1573=VECTOR('',#6063,10.);
#1574=VECTOR('',#6066,10.);
#1575=(
BOUNDED_CURVE()
B_SPLINE_CURVE(3,(#6080,#6081,#6082,#6083),.UNSPECIFIED.,.F.,.F.)
B_SPLINE_CURVE_WITH_KNOTS((4,4),(-1.,0.),.UNSPECIFIED.)
CURVE()
GEOMETRIC_REPRESENTATION_ITEM()
RATIONAL_B_SPLINE_CURVE((1.,1.,1.,1.))
REPRESENTATION_ITEM('')
);
#1576=(
BOUNDED_CURVE()
B_SPLINE_CURVE(3,(#6087,#6088,#6089,#6090),.UNSPECIFIED.,.F.,.F.)
B_SPLINE_CURVE_WITH_KNOTS((4,4),(-1.,0.),.UNSPECIFIED.)
CURVE()
GEOMETRIC_REPRESENTATION_ITEM()
RATIONAL_B_SPLINE_CURVE((1.,1.,1.,1.))
REPRESENTATION_ITEM('')
);
#1577=(
BOUNDED_CURVE()
B_SPLINE_CURVE(3,(#6101,#6102,#6103,#6104),.UNSPECIFIED.,.F.,.F.)
B_SPLINE_CURVE_WITH_KNOTS((4,4),(-1.,0.),.UNSPECIFIED.)
CURVE()
GEOMETRIC_REPRESENTATION_ITEM()
RATIONAL_B_SPLINE_CURVE((1.,1.,1.,1.))
REPRESENTATION_ITEM('')
);
#1578=(
BOUNDED_CURVE()
B_SPLINE_CURVE(3,(#6107,#6108,#6109,#6110),.UNSPECIFIED.,.F.,.F.)
B_SPLINE_CURVE_WITH_KNOTS((4,4),(-1.,0.),.UNSPECIFIED.)
CURVE()
GEOMETRIC_REPRESENTATION_ITEM()
RATIONAL_B_SPLINE_CURVE((1.,1.,1.,1.))
REPRESENTATION_ITEM('')
);
#1579=(
BOUNDED_CURVE()
B_SPLINE_CURVE(3,(#6120,#6121,#6122,#6123),.UNSPECIFIED.,.F.,.F.)
B_SPLINE_CURVE_WITH_KNOTS((4,4),(-1.,0.),.UNSPECIFIED.)
CURVE()
GEOMETRIC_REPRESENTATION_ITEM()
RATIONAL_B_SPLINE_CURVE((1.,1.,1.,1.))
REPRESENTATION_ITEM('')
);
#1580=(
BOUNDED_CURVE()
B_SPLINE_CURVE(3,(#6126,#6127,#6128,#6129),.UNSPECIFIED.,.F.,.F.)
B_SPLINE_CURVE_WITH_KNOTS((4,4),(-1.,0.),.UNSPECIFIED.)
CURVE()
GEOMETRIC_REPRESENTATION_ITEM()
RATIONAL_B_SPLINE_CURVE((1.,1.,1.,1.))
REPRESENTATION_ITEM('')
);
#1581=(
BOUNDED_CURVE()
B_SPLINE_CURVE(3,(#6139,#6140,#6141,#6142),.UNSPECIFIED.,.F.,.F.)
B_SPLINE_CURVE_WITH_KNOTS((4,4),(-1.,0.),.UNSPECIFIED.)
CURVE()
GEOMETRIC_REPRESENTATION_ITEM()
RATIONAL_B_SPLINE_CURVE((1.,1.,1.,1.))
REPRESENTATION_ITEM('')
);
#1582=(
BOUNDED_CURVE()
B_SPLINE_CURVE(3,(#6145,#6146,#6147,#6148),.UNSPECIFIED.,.F.,.F.)
B_SPLINE_CURVE_WITH_KNOTS((4,4),(-1.,0.),.UNSPECIFIED.)
CURVE()
GEOMETRIC_REPRESENTATION_ITEM()
RATIONAL_B_SPLINE_CURVE((1.,1.,1.,1.))
REPRESENTATION_ITEM('')
);
#1583=(
BOUNDED_CURVE()
B_SPLINE_CURVE(3,(#6158,#6159,#6160,#6161),.UNSPECIFIED.,.F.,.F.)
B_SPLINE_CURVE_WITH_KNOTS((4,4),(-1.,0.),.UNSPECIFIED.)
CURVE()
GEOMETRIC_REPRESENTATION_ITEM()
RATIONAL_B_SPLINE_CURVE((1.,1.,1.,1.))
REPRESENTATION_ITEM('')
);
#1584=(
BOUNDED_CURVE()
B_SPLINE_CURVE(3,(#6164,#6165,#6166,#6167),.UNSPECIFIED.,.F.,.F.)
B_SPLINE_CURVE_WITH_KNOTS((4,4),(-1.,0.),.UNSPECIFIED.)
CURVE()
GEOMETRIC_REPRESENTATION_ITEM()
RATIONAL_B_SPLINE_CURVE((1.,1.,1.,1.))
REPRESENTATION_ITEM('')
);
#1585=(
BOUNDED_CURVE()
B_SPLINE_CURVE(3,(#6177,#6178,#6179,#6180),.UNSPECIFIED.,.F.,.F.)
B_SPLINE_CURVE_WITH_KNOTS((4,4),(-1.,0.),.UNSPECIFIED.)
CURVE()
GEOMETRIC_REPRESENTATION_ITEM()
RATIONAL_B_SPLINE_CURVE((1.,1.,1.,1.))
REPRESENTATION_ITEM('')
);
#1586=(
BOUNDED_CURVE()
B_SPLINE_CURVE(3,(#6183,#6184,#6185,#6186),.UNSPECIFIED.,.F.,.F.)
B_SPLINE_CURVE_WITH_KNOTS((4,4),(-1.,0.),.UNSPECIFIED.)
CURVE()
GEOMETRIC_REPRESENTATION_ITEM()
RATIONAL_B_SPLINE_CURVE((1.,1.,1.,1.))
REPRESENTATION_ITEM('')
);
#1587=(
BOUNDED_CURVE()
B_SPLINE_CURVE(3,(#6208,#6209,#6210,#6211),.UNSPECIFIED.,.F.,.F.)
B_SPLINE_CURVE_WITH_KNOTS((4,4),(-1.,0.),.UNSPECIFIED.)
CURVE()
GEOMETRIC_REPRESENTATION_ITEM()
RATIONAL_B_SPLINE_CURVE((1.,1.,1.,1.))
REPRESENTATION_ITEM('')
);
#1588=(
BOUNDED_CURVE()
B_SPLINE_CURVE(3,(#6214,#6215,#6216,#6217),.UNSPECIFIED.,.F.,.F.)
B_SPLINE_CURVE_WITH_KNOTS((4,4),(-1.,0.),.UNSPECIFIED.)
CURVE()
GEOMETRIC_REPRESENTATION_ITEM()
RATIONAL_B_SPLINE_CURVE((1.,1.,1.,1.))
REPRESENTATION_ITEM('')
);
#1589=(
BOUNDED_CURVE()
B_SPLINE_CURVE(3,(#6227,#6228,#6229,#6230),.UNSPECIFIED.,.F.,.F.)
B_SPLINE_CURVE_WITH_KNOTS((4,4),(-1.,0.),.UNSPECIFIED.)
CURVE()
GEOMETRIC_REPRESENTATION_ITEM()
RATIONAL_B_SPLINE_CURVE((1.,1.,1.,1.))
REPRESENTATION_ITEM('')
);
#1590=(
BOUNDED_CURVE()
B_SPLINE_CURVE(3,(#6233,#6234,#6235,#6236),.UNSPECIFIED.,.F.,.F.)
B_SPLINE_CURVE_WITH_KNOTS((4,4),(-1.,0.),.UNSPECIFIED.)
CURVE()
GEOMETRIC_REPRESENTATION_ITEM()
RATIONAL_B_SPLINE_CURVE((1.,1.,1.,1.))
REPRESENTATION_ITEM('')
);
#1591=(
BOUNDED_CURVE()
B_SPLINE_CURVE(3,(#6246,#6247,#6248,#6249),.UNSPECIFIED.,.F.,.F.)
B_SPLINE_CURVE_WITH_KNOTS((4,4),(-1.,0.),.UNSPECIFIED.)
CURVE()
GEOMETRIC_REPRESENTATION_ITEM()
RATIONAL_B_SPLINE_CURVE((1.,1.,1.,1.))
REPRESENTATION_ITEM('')
);
#1592=(
BOUNDED_CURVE()
B_SPLINE_CURVE(3,(#6252,#6253,#6254,#6255),.UNSPECIFIED.,.F.,.F.)
B_SPLINE_CURVE_WITH_KNOTS((4,4),(-1.,0.),.UNSPECIFIED.)
CURVE()
GEOMETRIC_REPRESENTATION_ITEM()
RATIONAL_B_SPLINE_CURVE((1.,1.,1.,1.))
REPRESENTATION_ITEM('')
);
#1593=(
BOUNDED_CURVE()
B_SPLINE_CURVE(3,(#6265,#6266,#6267,#6268),.UNSPECIFIED.,.F.,.F.)
B_SPLINE_CURVE_WITH_KNOTS((4,4),(-1.,0.),.UNSPECIFIED.)
CURVE()
GEOMETRIC_REPRESENTATION_ITEM()
RATIONAL_B_SPLINE_CURVE((1.,1.,1.,1.))
REPRESENTATION_ITEM('')
);
#1594=(
BOUNDED_CURVE()
B_SPLINE_CURVE(3,(#6271,#6272,#6273,#6274),.UNSPECIFIED.,.F.,.F.)
B_SPLINE_CURVE_WITH_KNOTS((4,4),(-1.,0.),.UNSPECIFIED.)
CURVE()
GEOMETRIC_REPRESENTATION_ITEM()
RATIONAL_B_SPLINE_CURVE((1.,1.,1.,1.))
REPRESENTATION_ITEM('')
);
#1595=(
BOUNDED_CURVE()
B_SPLINE_CURVE(3,(#6284,#6285,#6286,#6287),.UNSPECIFIED.,.F.,.F.)
B_SPLINE_CURVE_WITH_KNOTS((4,4),(-1.,0.),.UNSPECIFIED.)
CURVE()
GEOMETRIC_REPRESENTATION_ITEM()
RATIONAL_B_SPLINE_CURVE((1.,1.,1.,1.))
REPRESENTATION_ITEM('')
);
#1596=(
BOUNDED_CURVE()
B_SPLINE_CURVE(3,(#6290,#6291,#6292,#6293),.UNSPECIFIED.,.F.,.F.)
B_SPLINE_CURVE_WITH_KNOTS((4,4),(-1.,0.),.UNSPECIFIED.)
CURVE()
GEOMETRIC_REPRESENTATION_ITEM()
RATIONAL_B_SPLINE_CURVE((1.,1.,1.,1.))
REPRESENTATION_ITEM('')
);
#1597=(
BOUNDED_CURVE()
B_SPLINE_CURVE(3,(#6303,#6304,#6305,#6306),.UNSPECIFIED.,.F.,.F.)
B_SPLINE_CURVE_WITH_KNOTS((4,4),(-1.,0.),.UNSPECIFIED.)
CURVE()
GEOMETRIC_REPRESENTATION_ITEM()
RATIONAL_B_SPLINE_CURVE((1.,1.,1.,1.))
REPRESENTATION_ITEM('')
);
#1598=(
BOUNDED_CURVE()
B_SPLINE_CURVE(3,(#6309,#6310,#6311,#6312),.UNSPECIFIED.,.F.,.F.)
B_SPLINE_CURVE_WITH_KNOTS((4,4),(-1.,0.),.UNSPECIFIED.)
CURVE()
GEOMETRIC_REPRESENTATION_ITEM()
RATIONAL_B_SPLINE_CURVE((1.,1.,1.,1.))
REPRESENTATION_ITEM('')
);
#1599=(
BOUNDED_CURVE()
B_SPLINE_CURVE(3,(#6322,#6323,#6324,#6325),.UNSPECIFIED.,.F.,.F.)
B_SPLINE_CURVE_WITH_KNOTS((4,4),(-1.,0.),.UNSPECIFIED.)
CURVE()
GEOMETRIC_REPRESENTATION_ITEM()
RATIONAL_B_SPLINE_CURVE((1.,1.,1.,1.))
REPRESENTATION_ITEM('')
);
#1600=(
BOUNDED_CURVE()
B_SPLINE_CURVE(3,(#6328,#6329,#6330,#6331),.UNSPECIFIED.,.F.,.F.)
B_SPLINE_CURVE_WITH_KNOTS((4,4),(-1.,0.),.UNSPECIFIED.)
CURVE()
GEOMETRIC_REPRESENTATION_ITEM()
RATIONAL_B_SPLINE_CURVE((1.,1.,1.,1.))
REPRESENTATION_ITEM('')
);
#1601=(
BOUNDED_CURVE()
B_SPLINE_CURVE(3,(#6341,#6342,#6343,#6344),.UNSPECIFIED.,.F.,.F.)
B_SPLINE_CURVE_WITH_KNOTS((4,4),(-1.,0.),.UNSPECIFIED.)
CURVE()
GEOMETRIC_REPRESENTATION_ITEM()
RATIONAL_B_SPLINE_CURVE((1.,1.,1.,1.))
REPRESENTATION_ITEM('')
);
#1602=(
BOUNDED_CURVE()
B_SPLINE_CURVE(3,(#6347,#6348,#6349,#6350),.UNSPECIFIED.,.F.,.F.)
B_SPLINE_CURVE_WITH_KNOTS((4,4),(-1.,0.),.UNSPECIFIED.)
CURVE()
GEOMETRIC_REPRESENTATION_ITEM()
RATIONAL_B_SPLINE_CURVE((1.,1.,1.,1.))
REPRESENTATION_ITEM('')
);
#1603=(
BOUNDED_CURVE()
B_SPLINE_CURVE(3,(#6360,#6361,#6362,#6363),.UNSPECIFIED.,.F.,.F.)
B_SPLINE_CURVE_WITH_KNOTS((4,4),(-1.,0.),.UNSPECIFIED.)
CURVE()
GEOMETRIC_REPRESENTATION_ITEM()
RATIONAL_B_SPLINE_CURVE((1.,1.,1.,1.))
REPRESENTATION_ITEM('')
);
#1604=(
BOUNDED_CURVE()
B_SPLINE_CURVE(3,(#6366,#6367,#6368,#6369),.UNSPECIFIED.,.F.,.F.)
B_SPLINE_CURVE_WITH_KNOTS((4,4),(-1.,0.),.UNSPECIFIED.)
CURVE()
GEOMETRIC_REPRESENTATION_ITEM()
RATIONAL_B_SPLINE_CURVE((1.,1.,1.,1.))
REPRESENTATION_ITEM('')
);
#1605=(
BOUNDED_CURVE()
B_SPLINE_CURVE(3,(#6379,#6380,#6381,#6382),.UNSPECIFIED.,.F.,.F.)
B_SPLINE_CURVE_WITH_KNOTS((4,4),(-1.,0.),.UNSPECIFIED.)
CURVE()
GEOMETRIC_REPRESENTATION_ITEM()
RATIONAL_B_SPLINE_CURVE((1.,1.,1.,1.))
REPRESENTATION_ITEM('')
);
#1606=(
BOUNDED_CURVE()
B_SPLINE_CURVE(3,(#6385,#6386,#6387,#6388),.UNSPECIFIED.,.F.,.F.)
B_SPLINE_CURVE_WITH_KNOTS((4,4),(-1.,0.),.UNSPECIFIED.)
CURVE()
GEOMETRIC_REPRESENTATION_ITEM()
RATIONAL_B_SPLINE_CURVE((1.,1.,1.,1.))
REPRESENTATION_ITEM('')
);
#1607=(
BOUNDED_CURVE()
B_SPLINE_CURVE(3,(#6398,#6399,#6400,#6401),.UNSPECIFIED.,.F.,.F.)
B_SPLINE_CURVE_WITH_KNOTS((4,4),(-1.,0.),.UNSPECIFIED.)
CURVE()
GEOMETRIC_REPRESENTATION_ITEM()
RATIONAL_B_SPLINE_CURVE((1.,1.,1.,1.))
REPRESENTATION_ITEM('')
);
#1608=(
BOUNDED_CURVE()
B_SPLINE_CURVE(3,(#6404,#6405,#6406,#6407),.UNSPECIFIED.,.F.,.F.)
B_SPLINE_CURVE_WITH_KNOTS((4,4),(-1.,0.),.UNSPECIFIED.)
CURVE()
GEOMETRIC_REPRESENTATION_ITEM()
RATIONAL_B_SPLINE_CURVE((1.,1.,1.,1.))
REPRESENTATION_ITEM('')
);
#1609=(
BOUNDED_CURVE()
B_SPLINE_CURVE(3,(#6417,#6418,#6419,#6420),.UNSPECIFIED.,.F.,.F.)
B_SPLINE_CURVE_WITH_KNOTS((4,4),(-1.,0.),.UNSPECIFIED.)
CURVE()
GEOMETRIC_REPRESENTATION_ITEM()
RATIONAL_B_SPLINE_CURVE((1.,1.,1.,1.))
REPRESENTATION_ITEM('')
);
#1610=(
BOUNDED_CURVE()
B_SPLINE_CURVE(3,(#6423,#6424,#6425,#6426),.UNSPECIFIED.,.F.,.F.)
B_SPLINE_CURVE_WITH_KNOTS((4,4),(-1.,0.),.UNSPECIFIED.)
CURVE()
GEOMETRIC_REPRESENTATION_ITEM()
RATIONAL_B_SPLINE_CURVE((1.,1.,1.,1.))
REPRESENTATION_ITEM('')
);
#1611=(
BOUNDED_CURVE()
B_SPLINE_CURVE(3,(#6436,#6437,#6438,#6439),.UNSPECIFIED.,.F.,.F.)
B_SPLINE_CURVE_WITH_KNOTS((4,4),(-1.,0.),.UNSPECIFIED.)
CURVE()
GEOMETRIC_REPRESENTATION_ITEM()
RATIONAL_B_SPLINE_CURVE((1.,1.,1.,1.))
REPRESENTATION_ITEM('')
);
#1612=(
BOUNDED_CURVE()
B_SPLINE_CURVE(3,(#6442,#6443,#6444,#6445),.UNSPECIFIED.,.F.,.F.)
B_SPLINE_CURVE_WITH_KNOTS((4,4),(-1.,0.),.UNSPECIFIED.)
CURVE()
GEOMETRIC_REPRESENTATION_ITEM()
RATIONAL_B_SPLINE_CURVE((1.,1.,1.,1.))
REPRESENTATION_ITEM('')
);
#1613=(
BOUNDED_CURVE()
B_SPLINE_CURVE(3,(#6467,#6468,#6469,#6470),.UNSPECIFIED.,.F.,.F.)
B_SPLINE_CURVE_WITH_KNOTS((4,4),(-1.,0.),.UNSPECIFIED.)
CURVE()
GEOMETRIC_REPRESENTATION_ITEM()
RATIONAL_B_SPLINE_CURVE((1.,1.,1.,1.))
REPRESENTATION_ITEM('')
);
#1614=(
BOUNDED_CURVE()
B_SPLINE_CURVE(3,(#6473,#6474,#6475,#6476),.UNSPECIFIED.,.F.,.F.)
B_SPLINE_CURVE_WITH_KNOTS((4,4),(-1.,0.),.UNSPECIFIED.)
CURVE()
GEOMETRIC_REPRESENTATION_ITEM()
RATIONAL_B_SPLINE_CURVE((1.,1.,1.,1.))
REPRESENTATION_ITEM('')
);
#1615=(
BOUNDED_CURVE()
B_SPLINE_CURVE(3,(#6486,#6487,#6488,#6489),.UNSPECIFIED.,.F.,.F.)
B_SPLINE_CURVE_WITH_KNOTS((4,4),(-1.,0.),.UNSPECIFIED.)
CURVE()
GEOMETRIC_REPRESENTATION_ITEM()
RATIONAL_B_SPLINE_CURVE((1.,1.,1.,1.))
REPRESENTATION_ITEM('')
);
#1616=(
BOUNDED_CURVE()
B_SPLINE_CURVE(3,(#6492,#6493,#6494,#6495),.UNSPECIFIED.,.F.,.F.)
B_SPLINE_CURVE_WITH_KNOTS((4,4),(-1.,0.),.UNSPECIFIED.)
CURVE()
GEOMETRIC_REPRESENTATION_ITEM()
RATIONAL_B_SPLINE_CURVE((1.,1.,1.,1.))
REPRESENTATION_ITEM('')
);
#1617=(
BOUNDED_CURVE()
B_SPLINE_CURVE(3,(#6517,#6518,#6519,#6520),.UNSPECIFIED.,.F.,.F.)
B_SPLINE_CURVE_WITH_KNOTS((4,4),(-1.,0.),.UNSPECIFIED.)
CURVE()
GEOMETRIC_REPRESENTATION_ITEM()
RATIONAL_B_SPLINE_CURVE((1.,1.,1.,1.))
REPRESENTATION_ITEM('')
);
#1618=(
BOUNDED_CURVE()
B_SPLINE_CURVE(3,(#6523,#6524,#6525,#6526),.UNSPECIFIED.,.F.,.F.)
B_SPLINE_CURVE_WITH_KNOTS((4,4),(-1.,0.),.UNSPECIFIED.)
CURVE()
GEOMETRIC_REPRESENTATION_ITEM()
RATIONAL_B_SPLINE_CURVE((1.,1.,1.,1.))
REPRESENTATION_ITEM('')
);
#1619=(
BOUNDED_CURVE()
B_SPLINE_CURVE(3,(#6536,#6537,#6538,#6539),.UNSPECIFIED.,.F.,.F.)
B_SPLINE_CURVE_WITH_KNOTS((4,4),(-1.,0.),.UNSPECIFIED.)
CURVE()
GEOMETRIC_REPRESENTATION_ITEM()
RATIONAL_B_SPLINE_CURVE((1.,1.,1.,1.))
REPRESENTATION_ITEM('')
);
#1620=(
BOUNDED_CURVE()
B_SPLINE_CURVE(3,(#6542,#6543,#6544,#6545),.UNSPECIFIED.,.F.,.F.)
B_SPLINE_CURVE_WITH_KNOTS((4,4),(-1.,0.),.UNSPECIFIED.)
CURVE()
GEOMETRIC_REPRESENTATION_ITEM()
RATIONAL_B_SPLINE_CURVE((1.,1.,1.,1.))
REPRESENTATION_ITEM('')
);
#1621=(
BOUNDED_CURVE()
B_SPLINE_CURVE(3,(#6555,#6556,#6557,#6558),.UNSPECIFIED.,.F.,.F.)
B_SPLINE_CURVE_WITH_KNOTS((4,4),(-1.,0.),.UNSPECIFIED.)
CURVE()
GEOMETRIC_REPRESENTATION_ITEM()
RATIONAL_B_SPLINE_CURVE((1.,1.,1.,1.))
REPRESENTATION_ITEM('')
);
#1622=(
BOUNDED_CURVE()
B_SPLINE_CURVE(3,(#6561,#6562,#6563,#6564),.UNSPECIFIED.,.F.,.F.)
B_SPLINE_CURVE_WITH_KNOTS((4,4),(-1.,0.),.UNSPECIFIED.)
CURVE()
GEOMETRIC_REPRESENTATION_ITEM()
RATIONAL_B_SPLINE_CURVE((1.,1.,1.,1.))
REPRESENTATION_ITEM('')
);
#1623=(
BOUNDED_CURVE()
B_SPLINE_CURVE(3,(#6574,#6575,#6576,#6577),.UNSPECIFIED.,.F.,.F.)
B_SPLINE_CURVE_WITH_KNOTS((4,4),(-1.,0.),.UNSPECIFIED.)
CURVE()
GEOMETRIC_REPRESENTATION_ITEM()
RATIONAL_B_SPLINE_CURVE((1.,1.,1.,1.))
REPRESENTATION_ITEM('')
);
#1624=(
BOUNDED_CURVE()
B_SPLINE_CURVE(3,(#6580,#6581,#6582,#6583),.UNSPECIFIED.,.F.,.F.)
B_SPLINE_CURVE_WITH_KNOTS((4,4),(-1.,0.),.UNSPECIFIED.)
CURVE()
GEOMETRIC_REPRESENTATION_ITEM()
RATIONAL_B_SPLINE_CURVE((1.,1.,1.,1.))
REPRESENTATION_ITEM('')
);
#1625=(
BOUNDED_CURVE()
B_SPLINE_CURVE(3,(#6593,#6594,#6595,#6596),.UNSPECIFIED.,.F.,.F.)
B_SPLINE_CURVE_WITH_KNOTS((4,4),(-1.,0.),.UNSPECIFIED.)
CURVE()
GEOMETRIC_REPRESENTATION_ITEM()
RATIONAL_B_SPLINE_CURVE((1.,1.,1.,1.))
REPRESENTATION_ITEM('')
);
#1626=(
BOUNDED_CURVE()
B_SPLINE_CURVE(3,(#6599,#6600,#6601,#6602),.UNSPECIFIED.,.F.,.F.)
B_SPLINE_CURVE_WITH_KNOTS((4,4),(-1.,0.),.UNSPECIFIED.)
CURVE()
GEOMETRIC_REPRESENTATION_ITEM()
RATIONAL_B_SPLINE_CURVE((1.,1.,1.,1.))
REPRESENTATION_ITEM('')
);
#1627=(
BOUNDED_CURVE()
B_SPLINE_CURVE(3,(#6612,#6613,#6614,#6615),.UNSPECIFIED.,.F.,.F.)
B_SPLINE_CURVE_WITH_KNOTS((4,4),(-1.,0.),.UNSPECIFIED.)
CURVE()
GEOMETRIC_REPRESENTATION_ITEM()
RATIONAL_B_SPLINE_CURVE((1.,1.,1.,1.))
REPRESENTATION_ITEM('')
);
#1628=(
BOUNDED_CURVE()
B_SPLINE_CURVE(3,(#6618,#6619,#6620,#6621),.UNSPECIFIED.,.F.,.F.)
B_SPLINE_CURVE_WITH_KNOTS((4,4),(-1.,0.),.UNSPECIFIED.)
CURVE()
GEOMETRIC_REPRESENTATION_ITEM()
RATIONAL_B_SPLINE_CURVE((1.,1.,1.,1.))
REPRESENTATION_ITEM('')
);
#1629=(
BOUNDED_CURVE()
B_SPLINE_CURVE(3,(#6631,#6632,#6633,#6634),.UNSPECIFIED.,.F.,.F.)
B_SPLINE_CURVE_WITH_KNOTS((4,4),(-1.,0.),.UNSPECIFIED.)
CURVE()
GEOMETRIC_REPRESENTATION_ITEM()
RATIONAL_B_SPLINE_CURVE((1.,1.,1.,1.))
REPRESENTATION_ITEM('')
);
#1630=(
BOUNDED_CURVE()
B_SPLINE_CURVE(3,(#6637,#6638,#6639,#6640),.UNSPECIFIED.,.F.,.F.)
B_SPLINE_CURVE_WITH_KNOTS((4,4),(-1.,0.),.UNSPECIFIED.)
CURVE()
GEOMETRIC_REPRESENTATION_ITEM()
RATIONAL_B_SPLINE_CURVE((1.,1.,1.,1.))
REPRESENTATION_ITEM('')
);
#1631=(
BOUNDED_CURVE()
B_SPLINE_CURVE(3,(#6650,#6651,#6652,#6653),.UNSPECIFIED.,.F.,.F.)
B_SPLINE_CURVE_WITH_KNOTS((4,4),(-1.,0.),.UNSPECIFIED.)
CURVE()
GEOMETRIC_REPRESENTATION_ITEM()
RATIONAL_B_SPLINE_CURVE((1.,1.,1.,1.))
REPRESENTATION_ITEM('')
);
#1632=(
BOUNDED_CURVE()
B_SPLINE_CURVE(3,(#6656,#6657,#6658,#6659),.UNSPECIFIED.,.F.,.F.)
B_SPLINE_CURVE_WITH_KNOTS((4,4),(-1.,0.),.UNSPECIFIED.)
CURVE()
GEOMETRIC_REPRESENTATION_ITEM()
RATIONAL_B_SPLINE_CURVE((1.,1.,1.,1.))
REPRESENTATION_ITEM('')
);
#1633=(
BOUNDED_CURVE()
B_SPLINE_CURVE(3,(#6669,#6670,#6671,#6672),.UNSPECIFIED.,.F.,.F.)
B_SPLINE_CURVE_WITH_KNOTS((4,4),(-1.,0.),.UNSPECIFIED.)
CURVE()
GEOMETRIC_REPRESENTATION_ITEM()
RATIONAL_B_SPLINE_CURVE((1.,1.,1.,1.))
REPRESENTATION_ITEM('')
);
#1634=(
BOUNDED_CURVE()
B_SPLINE_CURVE(3,(#6675,#6676,#6677,#6678),.UNSPECIFIED.,.F.,.F.)
B_SPLINE_CURVE_WITH_KNOTS((4,4),(-1.,0.),.UNSPECIFIED.)
CURVE()
GEOMETRIC_REPRESENTATION_ITEM()
RATIONAL_B_SPLINE_CURVE((1.,1.,1.,1.))
REPRESENTATION_ITEM('')
);
#1635=(
BOUNDED_CURVE()
B_SPLINE_CURVE(3,(#6688,#6689,#6690,#6691),.UNSPECIFIED.,.F.,.F.)
B_SPLINE_CURVE_WITH_KNOTS((4,4),(-1.,0.),.UNSPECIFIED.)
CURVE()
GEOMETRIC_REPRESENTATION_ITEM()
RATIONAL_B_SPLINE_CURVE((1.,1.,1.,1.))
REPRESENTATION_ITEM('')
);
#1636=(
BOUNDED_CURVE()
B_SPLINE_CURVE(3,(#6694,#6695,#6696,#6697),.UNSPECIFIED.,.F.,.F.)
B_SPLINE_CURVE_WITH_KNOTS((4,4),(-1.,0.),.UNSPECIFIED.)
CURVE()
GEOMETRIC_REPRESENTATION_ITEM()
RATIONAL_B_SPLINE_CURVE((1.,1.,1.,1.))
REPRESENTATION_ITEM('')
);
#1637=(
BOUNDED_CURVE()
B_SPLINE_CURVE(3,(#6707,#6708,#6709,#6710),.UNSPECIFIED.,.F.,.F.)
B_SPLINE_CURVE_WITH_KNOTS((4,4),(-1.,0.),.UNSPECIFIED.)
CURVE()
GEOMETRIC_REPRESENTATION_ITEM()
RATIONAL_B_SPLINE_CURVE((1.,1.,1.,1.))
REPRESENTATION_ITEM('')
);
#1638=(
BOUNDED_CURVE()
B_SPLINE_CURVE(3,(#6713,#6714,#6715,#6716),.UNSPECIFIED.,.F.,.F.)
B_SPLINE_CURVE_WITH_KNOTS((4,4),(-1.,0.),.UNSPECIFIED.)
CURVE()
GEOMETRIC_REPRESENTATION_ITEM()
RATIONAL_B_SPLINE_CURVE((1.,1.,1.,1.))
REPRESENTATION_ITEM('')
);
#1639=(
BOUNDED_CURVE()
B_SPLINE_CURVE(3,(#6726,#6727,#6728,#6729),.UNSPECIFIED.,.F.,.F.)
B_SPLINE_CURVE_WITH_KNOTS((4,4),(-1.,0.),.UNSPECIFIED.)
CURVE()
GEOMETRIC_REPRESENTATION_ITEM()
RATIONAL_B_SPLINE_CURVE((1.,1.,1.,1.))
REPRESENTATION_ITEM('')
);
#1640=(
BOUNDED_CURVE()
B_SPLINE_CURVE(3,(#6732,#6733,#6734,#6735),.UNSPECIFIED.,.F.,.F.)
B_SPLINE_CURVE_WITH_KNOTS((4,4),(-1.,0.),.UNSPECIFIED.)
CURVE()
GEOMETRIC_REPRESENTATION_ITEM()
RATIONAL_B_SPLINE_CURVE((1.,1.,1.,1.))
REPRESENTATION_ITEM('')
);
#1641=(
BOUNDED_CURVE()
B_SPLINE_CURVE(3,(#6745,#6746,#6747,#6748),.UNSPECIFIED.,.F.,.F.)
B_SPLINE_CURVE_WITH_KNOTS((4,4),(-1.,0.),.UNSPECIFIED.)
CURVE()
GEOMETRIC_REPRESENTATION_ITEM()
RATIONAL_B_SPLINE_CURVE((1.,1.,1.,1.))
REPRESENTATION_ITEM('')
);
#1642=(
BOUNDED_CURVE()
B_SPLINE_CURVE(3,(#6751,#6752,#6753,#6754),.UNSPECIFIED.,.F.,.F.)
B_SPLINE_CURVE_WITH_KNOTS((4,4),(-1.,0.),.UNSPECIFIED.)
CURVE()
GEOMETRIC_REPRESENTATION_ITEM()
RATIONAL_B_SPLINE_CURVE((1.,1.,1.,1.))
REPRESENTATION_ITEM('')
);
#1643=(
BOUNDED_CURVE()
B_SPLINE_CURVE(3,(#6763,#6764,#6765,#6766),.UNSPECIFIED.,.F.,.F.)
B_SPLINE_CURVE_WITH_KNOTS((4,4),(-1.,0.),.UNSPECIFIED.)
CURVE()
GEOMETRIC_REPRESENTATION_ITEM()
RATIONAL_B_SPLINE_CURVE((1.,1.,1.,1.))
REPRESENTATION_ITEM('')
);
#1644=(
BOUNDED_CURVE()
B_SPLINE_CURVE(3,(#6767,#6768,#6769,#6770),.UNSPECIFIED.,.F.,.F.)
B_SPLINE_CURVE_WITH_KNOTS((4,4),(-1.,0.),.UNSPECIFIED.)
CURVE()
GEOMETRIC_REPRESENTATION_ITEM()
RATIONAL_B_SPLINE_CURVE((1.,1.,1.,1.))
REPRESENTATION_ITEM('')
);
#1645=(
BOUNDED_CURVE()
B_SPLINE_CURVE(3,(#6782,#6783,#6784,#6785),.UNSPECIFIED.,.F.,.F.)
B_SPLINE_CURVE_WITH_KNOTS((4,4),(-1.,0.),.UNSPECIFIED.)
CURVE()
GEOMETRIC_REPRESENTATION_ITEM()
RATIONAL_B_SPLINE_CURVE((1.,1.,1.,1.))
REPRESENTATION_ITEM('')
);
#1646=(
BOUNDED_CURVE()
B_SPLINE_CURVE(3,(#6789,#6790,#6791,#6792),.UNSPECIFIED.,.F.,.F.)
B_SPLINE_CURVE_WITH_KNOTS((4,4),(-1.,0.),.UNSPECIFIED.)
CURVE()
GEOMETRIC_REPRESENTATION_ITEM()
RATIONAL_B_SPLINE_CURVE((1.,1.,1.,1.))
REPRESENTATION_ITEM('')
);
#1647=(
BOUNDED_CURVE()
B_SPLINE_CURVE(3,(#6803,#6804,#6805,#6806),.UNSPECIFIED.,.F.,.F.)
B_SPLINE_CURVE_WITH_KNOTS((4,4),(-1.,0.),.UNSPECIFIED.)
CURVE()
GEOMETRIC_REPRESENTATION_ITEM()
RATIONAL_B_SPLINE_CURVE((1.,1.,1.,1.))
REPRESENTATION_ITEM('')
);
#1648=(
BOUNDED_CURVE()
B_SPLINE_CURVE(3,(#6809,#6810,#6811,#6812),.UNSPECIFIED.,.F.,.F.)
B_SPLINE_CURVE_WITH_KNOTS((4,4),(-1.,0.),.UNSPECIFIED.)
CURVE()
GEOMETRIC_REPRESENTATION_ITEM()
RATIONAL_B_SPLINE_CURVE((1.,1.,1.,1.))
REPRESENTATION_ITEM('')
);
#1649=(
BOUNDED_CURVE()
B_SPLINE_CURVE(3,(#6822,#6823,#6824,#6825),.UNSPECIFIED.,.F.,.F.)
B_SPLINE_CURVE_WITH_KNOTS((4,4),(-1.,0.),.UNSPECIFIED.)
CURVE()
GEOMETRIC_REPRESENTATION_ITEM()
RATIONAL_B_SPLINE_CURVE((1.,1.,1.,1.))
REPRESENTATION_ITEM('')
);
#1650=(
BOUNDED_CURVE()
B_SPLINE_CURVE(3,(#6828,#6829,#6830,#6831),.UNSPECIFIED.,.F.,.F.)
B_SPLINE_CURVE_WITH_KNOTS((4,4),(-1.,0.),.UNSPECIFIED.)
CURVE()
GEOMETRIC_REPRESENTATION_ITEM()
RATIONAL_B_SPLINE_CURVE((1.,1.,1.,1.))
REPRESENTATION_ITEM('')
);
#1651=(
BOUNDED_CURVE()
B_SPLINE_CURVE(3,(#6841,#6842,#6843,#6844),.UNSPECIFIED.,.F.,.F.)
B_SPLINE_CURVE_WITH_KNOTS((4,4),(-1.,0.),.UNSPECIFIED.)
CURVE()
GEOMETRIC_REPRESENTATION_ITEM()
RATIONAL_B_SPLINE_CURVE((1.,1.,1.,1.))
REPRESENTATION_ITEM('')
);
#1652=(
BOUNDED_CURVE()
B_SPLINE_CURVE(3,(#6847,#6848,#6849,#6850),.UNSPECIFIED.,.F.,.F.)
B_SPLINE_CURVE_WITH_KNOTS((4,4),(-1.,0.),.UNSPECIFIED.)
CURVE()
GEOMETRIC_REPRESENTATION_ITEM()
RATIONAL_B_SPLINE_CURVE((1.,1.,1.,1.))
REPRESENTATION_ITEM('')
);
#1653=(
BOUNDED_CURVE()
B_SPLINE_CURVE(3,(#6860,#6861,#6862,#6863),.UNSPECIFIED.,.F.,.F.)
B_SPLINE_CURVE_WITH_KNOTS((4,4),(-1.,0.),.UNSPECIFIED.)
CURVE()
GEOMETRIC_REPRESENTATION_ITEM()
RATIONAL_B_SPLINE_CURVE((1.,1.,1.,1.))
REPRESENTATION_ITEM('')
);
#1654=(
BOUNDED_CURVE()
B_SPLINE_CURVE(3,(#6866,#6867,#6868,#6869),.UNSPECIFIED.,.F.,.F.)
B_SPLINE_CURVE_WITH_KNOTS((4,4),(-1.,0.),.UNSPECIFIED.)
CURVE()
GEOMETRIC_REPRESENTATION_ITEM()
RATIONAL_B_SPLINE_CURVE((1.,1.,1.,1.))
REPRESENTATION_ITEM('')
);
#1655=(
BOUNDED_CURVE()
B_SPLINE_CURVE(3,(#6879,#6880,#6881,#6882),.UNSPECIFIED.,.F.,.F.)
B_SPLINE_CURVE_WITH_KNOTS((4,4),(-1.,0.),.UNSPECIFIED.)
CURVE()
GEOMETRIC_REPRESENTATION_ITEM()
RATIONAL_B_SPLINE_CURVE((1.,1.,1.,1.))
REPRESENTATION_ITEM('')
);
#1656=(
BOUNDED_CURVE()
B_SPLINE_CURVE(3,(#6885,#6886,#6887,#6888),.UNSPECIFIED.,.F.,.F.)
B_SPLINE_CURVE_WITH_KNOTS((4,4),(-1.,0.),.UNSPECIFIED.)
CURVE()
GEOMETRIC_REPRESENTATION_ITEM()
RATIONAL_B_SPLINE_CURVE((1.,1.,1.,1.))
REPRESENTATION_ITEM('')
);
#1657=(
BOUNDED_CURVE()
B_SPLINE_CURVE(3,(#6898,#6899,#6900,#6901),.UNSPECIFIED.,.F.,.F.)
B_SPLINE_CURVE_WITH_KNOTS((4,4),(-1.,0.),.UNSPECIFIED.)
CURVE()
GEOMETRIC_REPRESENTATION_ITEM()
RATIONAL_B_SPLINE_CURVE((1.,1.,1.,1.))
REPRESENTATION_ITEM('')
);
#1658=(
BOUNDED_CURVE()
B_SPLINE_CURVE(3,(#6904,#6905,#6906,#6907),.UNSPECIFIED.,.F.,.F.)
B_SPLINE_CURVE_WITH_KNOTS((4,4),(-1.,0.),.UNSPECIFIED.)
CURVE()
GEOMETRIC_REPRESENTATION_ITEM()
RATIONAL_B_SPLINE_CURVE((1.,1.,1.,1.))
REPRESENTATION_ITEM('')
);
#1659=(
BOUNDED_CURVE()
B_SPLINE_CURVE(3,(#6917,#6918,#6919,#6920),.UNSPECIFIED.,.F.,.F.)
B_SPLINE_CURVE_WITH_KNOTS((4,4),(-1.,0.),.UNSPECIFIED.)
CURVE()
GEOMETRIC_REPRESENTATION_ITEM()
RATIONAL_B_SPLINE_CURVE((1.,1.,1.,1.))
REPRESENTATION_ITEM('')
);
#1660=(
BOUNDED_CURVE()
B_SPLINE_CURVE(3,(#6923,#6924,#6925,#6926),.UNSPECIFIED.,.F.,.F.)
B_SPLINE_CURVE_WITH_KNOTS((4,4),(-1.,0.),.UNSPECIFIED.)
CURVE()
GEOMETRIC_REPRESENTATION_ITEM()
RATIONAL_B_SPLINE_CURVE((1.,1.,1.,1.))
REPRESENTATION_ITEM('')
);
#1661=(
BOUNDED_CURVE()
B_SPLINE_CURVE(3,(#6935,#6936,#6937,#6938),.UNSPECIFIED.,.F.,.F.)
B_SPLINE_CURVE_WITH_KNOTS((4,4),(-1.,0.),.UNSPECIFIED.)
CURVE()
GEOMETRIC_REPRESENTATION_ITEM()
RATIONAL_B_SPLINE_CURVE((1.,1.,1.,1.))
REPRESENTATION_ITEM('')
);
#1662=(
BOUNDED_CURVE()
B_SPLINE_CURVE(3,(#6939,#6940,#6941,#6942),.UNSPECIFIED.,.F.,.F.)
B_SPLINE_CURVE_WITH_KNOTS((4,4),(-1.,0.),.UNSPECIFIED.)
CURVE()
GEOMETRIC_REPRESENTATION_ITEM()
RATIONAL_B_SPLINE_CURVE((1.,1.,1.,1.))
REPRESENTATION_ITEM('')
);
#1663=(
BOUNDED_CURVE()
B_SPLINE_CURVE(3,(#6953,#6954,#6955,#6956),.UNSPECIFIED.,.F.,.F.)
B_SPLINE_CURVE_WITH_KNOTS((4,4),(-1.,0.),.UNSPECIFIED.)
CURVE()
GEOMETRIC_REPRESENTATION_ITEM()
RATIONAL_B_SPLINE_CURVE((1.,1.,1.,1.))
REPRESENTATION_ITEM('')
);
#1664=(
BOUNDED_CURVE()
B_SPLINE_CURVE(3,(#6960,#6961,#6962,#6963),.UNSPECIFIED.,.F.,.F.)
B_SPLINE_CURVE_WITH_KNOTS((4,4),(-1.,0.),.UNSPECIFIED.)
CURVE()
GEOMETRIC_REPRESENTATION_ITEM()
RATIONAL_B_SPLINE_CURVE((1.,1.,1.,1.))
REPRESENTATION_ITEM('')
);
#1665=(
BOUNDED_CURVE()
B_SPLINE_CURVE(3,(#6974,#6975,#6976,#6977),.UNSPECIFIED.,.F.,.F.)
B_SPLINE_CURVE_WITH_KNOTS((4,4),(-1.,0.),.UNSPECIFIED.)
CURVE()
GEOMETRIC_REPRESENTATION_ITEM()
RATIONAL_B_SPLINE_CURVE((1.,1.,1.,1.))
REPRESENTATION_ITEM('')
);
#1666=(
BOUNDED_CURVE()
B_SPLINE_CURVE(3,(#6980,#6981,#6982,#6983),.UNSPECIFIED.,.F.,.F.)
B_SPLINE_CURVE_WITH_KNOTS((4,4),(-1.,0.),.UNSPECIFIED.)
CURVE()
GEOMETRIC_REPRESENTATION_ITEM()
RATIONAL_B_SPLINE_CURVE((1.,1.,1.,1.))
REPRESENTATION_ITEM('')
);
#1667=(
BOUNDED_CURVE()
B_SPLINE_CURVE(3,(#6993,#6994,#6995,#6996),.UNSPECIFIED.,.F.,.F.)
B_SPLINE_CURVE_WITH_KNOTS((4,4),(-1.,0.),.UNSPECIFIED.)
CURVE()
GEOMETRIC_REPRESENTATION_ITEM()
RATIONAL_B_SPLINE_CURVE((1.,1.,1.,1.))
REPRESENTATION_ITEM('')
);
#1668=(
BOUNDED_CURVE()
B_SPLINE_CURVE(3,(#6999,#7000,#7001,#7002),.UNSPECIFIED.,.F.,.F.)
B_SPLINE_CURVE_WITH_KNOTS((4,4),(-1.,0.),.UNSPECIFIED.)
CURVE()
GEOMETRIC_REPRESENTATION_ITEM()
RATIONAL_B_SPLINE_CURVE((1.,1.,1.,1.))
REPRESENTATION_ITEM('')
);
#1669=(
BOUNDED_CURVE()
B_SPLINE_CURVE(3,(#7012,#7013,#7014,#7015),.UNSPECIFIED.,.F.,.F.)
B_SPLINE_CURVE_WITH_KNOTS((4,4),(-1.,0.),.UNSPECIFIED.)
CURVE()
GEOMETRIC_REPRESENTATION_ITEM()
RATIONAL_B_SPLINE_CURVE((1.,1.,1.,1.))
REPRESENTATION_ITEM('')
);
#1670=(
BOUNDED_CURVE()
B_SPLINE_CURVE(3,(#7018,#7019,#7020,#7021),.UNSPECIFIED.,.F.,.F.)
B_SPLINE_CURVE_WITH_KNOTS((4,4),(-1.,0.),.UNSPECIFIED.)
CURVE()
GEOMETRIC_REPRESENTATION_ITEM()
RATIONAL_B_SPLINE_CURVE((1.,1.,1.,1.))
REPRESENTATION_ITEM('')
);
#1671=(
BOUNDED_CURVE()
B_SPLINE_CURVE(3,(#7031,#7032,#7033,#7034),.UNSPECIFIED.,.F.,.F.)
B_SPLINE_CURVE_WITH_KNOTS((4,4),(-1.,0.),.UNSPECIFIED.)
CURVE()
GEOMETRIC_REPRESENTATION_ITEM()
RATIONAL_B_SPLINE_CURVE((1.,1.,1.,1.))
REPRESENTATION_ITEM('')
);
#1672=(
BOUNDED_CURVE()
B_SPLINE_CURVE(3,(#7037,#7038,#7039,#7040),.UNSPECIFIED.,.F.,.F.)
B_SPLINE_CURVE_WITH_KNOTS((4,4),(-1.,0.),.UNSPECIFIED.)
CURVE()
GEOMETRIC_REPRESENTATION_ITEM()
RATIONAL_B_SPLINE_CURVE((1.,1.,1.,1.))
REPRESENTATION_ITEM('')
);
#1673=(
BOUNDED_CURVE()
B_SPLINE_CURVE(3,(#7049,#7050,#7051,#7052),.UNSPECIFIED.,.F.,.F.)
B_SPLINE_CURVE_WITH_KNOTS((4,4),(-1.,0.),.UNSPECIFIED.)
CURVE()
GEOMETRIC_REPRESENTATION_ITEM()
RATIONAL_B_SPLINE_CURVE((1.,1.,1.,1.))
REPRESENTATION_ITEM('')
);
#1674=(
BOUNDED_CURVE()
B_SPLINE_CURVE(3,(#7053,#7054,#7055,#7056),.UNSPECIFIED.,.F.,.F.)
B_SPLINE_CURVE_WITH_KNOTS((4,4),(-1.,0.),.UNSPECIFIED.)
CURVE()
GEOMETRIC_REPRESENTATION_ITEM()
RATIONAL_B_SPLINE_CURVE((1.,1.,1.,1.))
REPRESENTATION_ITEM('')
);
#1675=(
BOUNDED_CURVE()
B_SPLINE_CURVE(3,(#7067,#7068,#7069,#7070),.UNSPECIFIED.,.F.,.F.)
B_SPLINE_CURVE_WITH_KNOTS((4,4),(-1.,0.),.UNSPECIFIED.)
CURVE()
GEOMETRIC_REPRESENTATION_ITEM()
RATIONAL_B_SPLINE_CURVE((1.,1.,1.,1.))
REPRESENTATION_ITEM('')
);
#1676=(
BOUNDED_CURVE()
B_SPLINE_CURVE(3,(#7074,#7075,#7076,#7077),.UNSPECIFIED.,.F.,.F.)
B_SPLINE_CURVE_WITH_KNOTS((4,4),(-1.,0.),.UNSPECIFIED.)
CURVE()
GEOMETRIC_REPRESENTATION_ITEM()
RATIONAL_B_SPLINE_CURVE((1.,1.,1.,1.))
REPRESENTATION_ITEM('')
);
#1677=(
BOUNDED_CURVE()
B_SPLINE_CURVE(3,(#7088,#7089,#7090,#7091),.UNSPECIFIED.,.F.,.F.)
B_SPLINE_CURVE_WITH_KNOTS((4,4),(-1.,0.),.UNSPECIFIED.)
CURVE()
GEOMETRIC_REPRESENTATION_ITEM()
RATIONAL_B_SPLINE_CURVE((1.,1.,1.,1.))
REPRESENTATION_ITEM('')
);
#1678=(
BOUNDED_CURVE()
B_SPLINE_CURVE(3,(#7094,#7095,#7096,#7097),.UNSPECIFIED.,.F.,.F.)
B_SPLINE_CURVE_WITH_KNOTS((4,4),(-1.,0.),.UNSPECIFIED.)
CURVE()
GEOMETRIC_REPRESENTATION_ITEM()
RATIONAL_B_SPLINE_CURVE((1.,1.,1.,1.))
REPRESENTATION_ITEM('')
);
#1679=(
BOUNDED_CURVE()
B_SPLINE_CURVE(3,(#7107,#7108,#7109,#7110),.UNSPECIFIED.,.F.,.F.)
B_SPLINE_CURVE_WITH_KNOTS((4,4),(-1.,0.),.UNSPECIFIED.)
CURVE()
GEOMETRIC_REPRESENTATION_ITEM()
RATIONAL_B_SPLINE_CURVE((1.,1.,1.,1.))
REPRESENTATION_ITEM('')
);
#1680=(
BOUNDED_CURVE()
B_SPLINE_CURVE(3,(#7113,#7114,#7115,#7116),.UNSPECIFIED.,.F.,.F.)
B_SPLINE_CURVE_WITH_KNOTS((4,4),(-1.,0.),.UNSPECIFIED.)
CURVE()
GEOMETRIC_REPRESENTATION_ITEM()
RATIONAL_B_SPLINE_CURVE((1.,1.,1.,1.))
REPRESENTATION_ITEM('')
);
#1681=(
BOUNDED_CURVE()
B_SPLINE_CURVE(3,(#7126,#7127,#7128,#7129),.UNSPECIFIED.,.F.,.F.)
B_SPLINE_CURVE_WITH_KNOTS((4,4),(-1.,0.),.UNSPECIFIED.)
CURVE()
GEOMETRIC_REPRESENTATION_ITEM()
RATIONAL_B_SPLINE_CURVE((1.,1.,1.,1.))
REPRESENTATION_ITEM('')
);
#1682=(
BOUNDED_CURVE()
B_SPLINE_CURVE(3,(#7132,#7133,#7134,#7135),.UNSPECIFIED.,.F.,.F.)
B_SPLINE_CURVE_WITH_KNOTS((4,4),(-1.,0.),.UNSPECIFIED.)
CURVE()
GEOMETRIC_REPRESENTATION_ITEM()
RATIONAL_B_SPLINE_CURVE((1.,1.,1.,1.))
REPRESENTATION_ITEM('')
);
#1683=(
BOUNDED_CURVE()
B_SPLINE_CURVE(3,(#7145,#7146,#7147,#7148),.UNSPECIFIED.,.F.,.F.)
B_SPLINE_CURVE_WITH_KNOTS((4,4),(-1.,0.),.UNSPECIFIED.)
CURVE()
GEOMETRIC_REPRESENTATION_ITEM()
RATIONAL_B_SPLINE_CURVE((1.,1.,1.,1.))
REPRESENTATION_ITEM('')
);
#1684=(
BOUNDED_CURVE()
B_SPLINE_CURVE(3,(#7151,#7152,#7153,#7154),.UNSPECIFIED.,.F.,.F.)
B_SPLINE_CURVE_WITH_KNOTS((4,4),(-1.,0.),.UNSPECIFIED.)
CURVE()
GEOMETRIC_REPRESENTATION_ITEM()
RATIONAL_B_SPLINE_CURVE((1.,1.,1.,1.))
REPRESENTATION_ITEM('')
);
#1685=(
BOUNDED_CURVE()
B_SPLINE_CURVE(3,(#7164,#7165,#7166,#7167),.UNSPECIFIED.,.F.,.F.)
B_SPLINE_CURVE_WITH_KNOTS((4,4),(-1.,0.),.UNSPECIFIED.)
CURVE()
GEOMETRIC_REPRESENTATION_ITEM()
RATIONAL_B_SPLINE_CURVE((1.,1.,1.,1.))
REPRESENTATION_ITEM('')
);
#1686=(
BOUNDED_CURVE()
B_SPLINE_CURVE(3,(#7170,#7171,#7172,#7173),.UNSPECIFIED.,.F.,.F.)
B_SPLINE_CURVE_WITH_KNOTS((4,4),(-1.,0.),.UNSPECIFIED.)
CURVE()
GEOMETRIC_REPRESENTATION_ITEM()
RATIONAL_B_SPLINE_CURVE((1.,1.,1.,1.))
REPRESENTATION_ITEM('')
);
#1687=(
BOUNDED_CURVE()
B_SPLINE_CURVE(3,(#7183,#7184,#7185,#7186),.UNSPECIFIED.,.F.,.F.)
B_SPLINE_CURVE_WITH_KNOTS((4,4),(-1.,0.),.UNSPECIFIED.)
CURVE()
GEOMETRIC_REPRESENTATION_ITEM()
RATIONAL_B_SPLINE_CURVE((1.,1.,1.,1.))
REPRESENTATION_ITEM('')
);
#1688=(
BOUNDED_CURVE()
B_SPLINE_CURVE(3,(#7189,#7190,#7191,#7192),.UNSPECIFIED.,.F.,.F.)
B_SPLINE_CURVE_WITH_KNOTS((4,4),(-1.,0.),.UNSPECIFIED.)
CURVE()
GEOMETRIC_REPRESENTATION_ITEM()
RATIONAL_B_SPLINE_CURVE((1.,1.,1.,1.))
REPRESENTATION_ITEM('')
);
#1689=(
BOUNDED_CURVE()
B_SPLINE_CURVE(3,(#7202,#7203,#7204,#7205),.UNSPECIFIED.,.F.,.F.)
B_SPLINE_CURVE_WITH_KNOTS((4,4),(-1.,0.),.UNSPECIFIED.)
CURVE()
GEOMETRIC_REPRESENTATION_ITEM()
RATIONAL_B_SPLINE_CURVE((1.,1.,1.,1.))
REPRESENTATION_ITEM('')
);
#1690=(
BOUNDED_CURVE()
B_SPLINE_CURVE(3,(#7208,#7209,#7210,#7211),.UNSPECIFIED.,.F.,.F.)
B_SPLINE_CURVE_WITH_KNOTS((4,4),(-1.,0.),.UNSPECIFIED.)
CURVE()
GEOMETRIC_REPRESENTATION_ITEM()
RATIONAL_B_SPLINE_CURVE((1.,1.,1.,1.))
REPRESENTATION_ITEM('')
);
#1691=(
BOUNDED_CURVE()
B_SPLINE_CURVE(3,(#7221,#7222,#7223,#7224),.UNSPECIFIED.,.F.,.F.)
B_SPLINE_CURVE_WITH_KNOTS((4,4),(-1.,0.),.UNSPECIFIED.)
CURVE()
GEOMETRIC_REPRESENTATION_ITEM()
RATIONAL_B_SPLINE_CURVE((1.,1.,1.,1.))
REPRESENTATION_ITEM('')
);
#1692=(
BOUNDED_CURVE()
B_SPLINE_CURVE(3,(#7227,#7228,#7229,#7230),.UNSPECIFIED.,.F.,.F.)
B_SPLINE_CURVE_WITH_KNOTS((4,4),(-1.,0.),.UNSPECIFIED.)
CURVE()
GEOMETRIC_REPRESENTATION_ITEM()
RATIONAL_B_SPLINE_CURVE((1.,1.,1.,1.))
REPRESENTATION_ITEM('')
);
#1693=(
BOUNDED_CURVE()
B_SPLINE_CURVE(3,(#7240,#7241,#7242,#7243),.UNSPECIFIED.,.F.,.F.)
B_SPLINE_CURVE_WITH_KNOTS((4,4),(-1.,0.),.UNSPECIFIED.)
CURVE()
GEOMETRIC_REPRESENTATION_ITEM()
RATIONAL_B_SPLINE_CURVE((1.,1.,1.,1.))
REPRESENTATION_ITEM('')
);
#1694=(
BOUNDED_CURVE()
B_SPLINE_CURVE(3,(#7246,#7247,#7248,#7249),.UNSPECIFIED.,.F.,.F.)
B_SPLINE_CURVE_WITH_KNOTS((4,4),(-1.,0.),.UNSPECIFIED.)
CURVE()
GEOMETRIC_REPRESENTATION_ITEM()
RATIONAL_B_SPLINE_CURVE((1.,1.,1.,1.))
REPRESENTATION_ITEM('')
);
#1695=(
BOUNDED_CURVE()
B_SPLINE_CURVE(3,(#7258,#7259,#7260,#7261),.UNSPECIFIED.,.F.,.F.)
B_SPLINE_CURVE_WITH_KNOTS((4,4),(-1.,0.),.UNSPECIFIED.)
CURVE()
GEOMETRIC_REPRESENTATION_ITEM()
RATIONAL_B_SPLINE_CURVE((1.,1.,1.,1.))
REPRESENTATION_ITEM('')
);
#1696=(
BOUNDED_CURVE()
B_SPLINE_CURVE(3,(#7262,#7263,#7264,#7265),.UNSPECIFIED.,.F.,.F.)
B_SPLINE_CURVE_WITH_KNOTS((4,4),(-1.,0.),.UNSPECIFIED.)
CURVE()
GEOMETRIC_REPRESENTATION_ITEM()
RATIONAL_B_SPLINE_CURVE((1.,1.,1.,1.))
REPRESENTATION_ITEM('')
);
#1697=(
BOUNDED_CURVE()
B_SPLINE_CURVE(3,(#7277,#7278,#7279,#7280),.UNSPECIFIED.,.F.,.F.)
B_SPLINE_CURVE_WITH_KNOTS((4,4),(-1.,0.),.UNSPECIFIED.)
CURVE()
GEOMETRIC_REPRESENTATION_ITEM()
RATIONAL_B_SPLINE_CURVE((1.,1.,1.,1.))
REPRESENTATION_ITEM('')
);
#1698=(
BOUNDED_CURVE()
B_SPLINE_CURVE(3,(#7284,#7285,#7286,#7287),.UNSPECIFIED.,.F.,.F.)
B_SPLINE_CURVE_WITH_KNOTS((4,4),(-1.,0.),.UNSPECIFIED.)
CURVE()
GEOMETRIC_REPRESENTATION_ITEM()
RATIONAL_B_SPLINE_CURVE((1.,1.,1.,1.))
REPRESENTATION_ITEM('')
);
#1699=(
BOUNDED_CURVE()
B_SPLINE_CURVE(3,(#7298,#7299,#7300,#7301),.UNSPECIFIED.,.F.,.F.)
B_SPLINE_CURVE_WITH_KNOTS((4,4),(-1.,0.),.UNSPECIFIED.)
CURVE()
GEOMETRIC_REPRESENTATION_ITEM()
RATIONAL_B_SPLINE_CURVE((1.,1.,1.,1.))
REPRESENTATION_ITEM('')
);
#1700=(
BOUNDED_CURVE()
B_SPLINE_CURVE(3,(#7304,#7305,#7306,#7307),.UNSPECIFIED.,.F.,.F.)
B_SPLINE_CURVE_WITH_KNOTS((4,4),(-1.,0.),.UNSPECIFIED.)
CURVE()
GEOMETRIC_REPRESENTATION_ITEM()
RATIONAL_B_SPLINE_CURVE((1.,1.,1.,1.))
REPRESENTATION_ITEM('')
);
#1701=(
BOUNDED_CURVE()
B_SPLINE_CURVE(3,(#7317,#7318,#7319,#7320),.UNSPECIFIED.,.F.,.F.)
B_SPLINE_CURVE_WITH_KNOTS((4,4),(-1.,0.),.UNSPECIFIED.)
CURVE()
GEOMETRIC_REPRESENTATION_ITEM()
RATIONAL_B_SPLINE_CURVE((1.,1.,1.,1.))
REPRESENTATION_ITEM('')
);
#1702=(
BOUNDED_CURVE()
B_SPLINE_CURVE(3,(#7323,#7324,#7325,#7326),.UNSPECIFIED.,.F.,.F.)
B_SPLINE_CURVE_WITH_KNOTS((4,4),(-1.,0.),.UNSPECIFIED.)
CURVE()
GEOMETRIC_REPRESENTATION_ITEM()
RATIONAL_B_SPLINE_CURVE((1.,1.,1.,1.))
REPRESENTATION_ITEM('')
);
#1703=(
BOUNDED_CURVE()
B_SPLINE_CURVE(3,(#7336,#7337,#7338,#7339),.UNSPECIFIED.,.F.,.F.)
B_SPLINE_CURVE_WITH_KNOTS((4,4),(-1.,0.),.UNSPECIFIED.)
CURVE()
GEOMETRIC_REPRESENTATION_ITEM()
RATIONAL_B_SPLINE_CURVE((1.,1.,1.,1.))
REPRESENTATION_ITEM('')
);
#1704=(
BOUNDED_CURVE()
B_SPLINE_CURVE(3,(#7342,#7343,#7344,#7345),.UNSPECIFIED.,.F.,.F.)
B_SPLINE_CURVE_WITH_KNOTS((4,4),(-1.,0.),.UNSPECIFIED.)
CURVE()
GEOMETRIC_REPRESENTATION_ITEM()
RATIONAL_B_SPLINE_CURVE((1.,1.,1.,1.))
REPRESENTATION_ITEM('')
);
#1705=(
BOUNDED_CURVE()
B_SPLINE_CURVE(3,(#7355,#7356,#7357,#7358),.UNSPECIFIED.,.F.,.F.)
B_SPLINE_CURVE_WITH_KNOTS((4,4),(-1.,0.),.UNSPECIFIED.)
CURVE()
GEOMETRIC_REPRESENTATION_ITEM()
RATIONAL_B_SPLINE_CURVE((1.,1.,1.,1.))
REPRESENTATION_ITEM('')
);
#1706=(
BOUNDED_CURVE()
B_SPLINE_CURVE(3,(#7361,#7362,#7363,#7364),.UNSPECIFIED.,.F.,.F.)
B_SPLINE_CURVE_WITH_KNOTS((4,4),(-1.,0.),.UNSPECIFIED.)
CURVE()
GEOMETRIC_REPRESENTATION_ITEM()
RATIONAL_B_SPLINE_CURVE((1.,1.,1.,1.))
REPRESENTATION_ITEM('')
);
#1707=(
BOUNDED_CURVE()
B_SPLINE_CURVE(3,(#7374,#7375,#7376,#7377),.UNSPECIFIED.,.F.,.F.)
B_SPLINE_CURVE_WITH_KNOTS((4,4),(-1.,0.),.UNSPECIFIED.)
CURVE()
GEOMETRIC_REPRESENTATION_ITEM()
RATIONAL_B_SPLINE_CURVE((1.,1.,1.,1.))
REPRESENTATION_ITEM('')
);
#1708=(
BOUNDED_CURVE()
B_SPLINE_CURVE(3,(#7380,#7381,#7382,#7383),.UNSPECIFIED.,.F.,.F.)
B_SPLINE_CURVE_WITH_KNOTS((4,4),(-1.,0.),.UNSPECIFIED.)
CURVE()
GEOMETRIC_REPRESENTATION_ITEM()
RATIONAL_B_SPLINE_CURVE((1.,1.,1.,1.))
REPRESENTATION_ITEM('')
);
#1709=(
BOUNDED_CURVE()
B_SPLINE_CURVE(3,(#7393,#7394,#7395,#7396),.UNSPECIFIED.,.F.,.F.)
B_SPLINE_CURVE_WITH_KNOTS((4,4),(-1.,0.),.UNSPECIFIED.)
CURVE()
GEOMETRIC_REPRESENTATION_ITEM()
RATIONAL_B_SPLINE_CURVE((1.,1.,1.,1.))
REPRESENTATION_ITEM('')
);
#1710=(
BOUNDED_CURVE()
B_SPLINE_CURVE(3,(#7399,#7400,#7401,#7402),.UNSPECIFIED.,.F.,.F.)
B_SPLINE_CURVE_WITH_KNOTS((4,4),(-1.,0.),.UNSPECIFIED.)
CURVE()
GEOMETRIC_REPRESENTATION_ITEM()
RATIONAL_B_SPLINE_CURVE((1.,1.,1.,1.))
REPRESENTATION_ITEM('')
);
#1711=(
BOUNDED_CURVE()
B_SPLINE_CURVE(3,(#7412,#7413,#7414,#7415),.UNSPECIFIED.,.F.,.F.)
B_SPLINE_CURVE_WITH_KNOTS((4,4),(-1.,0.),.UNSPECIFIED.)
CURVE()
GEOMETRIC_REPRESENTATION_ITEM()
RATIONAL_B_SPLINE_CURVE((1.,1.,1.,1.))
REPRESENTATION_ITEM('')
);
#1712=(
BOUNDED_CURVE()
B_SPLINE_CURVE(3,(#7418,#7419,#7420,#7421),.UNSPECIFIED.,.F.,.F.)
B_SPLINE_CURVE_WITH_KNOTS((4,4),(-1.,0.),.UNSPECIFIED.)
CURVE()
GEOMETRIC_REPRESENTATION_ITEM()
RATIONAL_B_SPLINE_CURVE((1.,1.,1.,1.))
REPRESENTATION_ITEM('')
);
#1713=(
BOUNDED_CURVE()
B_SPLINE_CURVE(3,(#7431,#7432,#7433,#7434),.UNSPECIFIED.,.F.,.F.)
B_SPLINE_CURVE_WITH_KNOTS((4,4),(-1.,0.),.UNSPECIFIED.)
CURVE()
GEOMETRIC_REPRESENTATION_ITEM()
RATIONAL_B_SPLINE_CURVE((1.,1.,1.,1.))
REPRESENTATION_ITEM('')
);
#1714=(
BOUNDED_CURVE()
B_SPLINE_CURVE(3,(#7437,#7438,#7439,#7440),.UNSPECIFIED.,.F.,.F.)
B_SPLINE_CURVE_WITH_KNOTS((4,4),(-1.,0.),.UNSPECIFIED.)
CURVE()
GEOMETRIC_REPRESENTATION_ITEM()
RATIONAL_B_SPLINE_CURVE((1.,1.,1.,1.))
REPRESENTATION_ITEM('')
);
#1715=(
BOUNDED_CURVE()
B_SPLINE_CURVE(3,(#7450,#7451,#7452,#7453),.UNSPECIFIED.,.F.,.F.)
B_SPLINE_CURVE_WITH_KNOTS((4,4),(-1.,0.),.UNSPECIFIED.)
CURVE()
GEOMETRIC_REPRESENTATION_ITEM()
RATIONAL_B_SPLINE_CURVE((1.,1.,1.,1.))
REPRESENTATION_ITEM('')
);
#1716=(
BOUNDED_CURVE()
B_SPLINE_CURVE(3,(#7456,#7457,#7458,#7459),.UNSPECIFIED.,.F.,.F.)
B_SPLINE_CURVE_WITH_KNOTS((4,4),(-1.,0.),.UNSPECIFIED.)
CURVE()
GEOMETRIC_REPRESENTATION_ITEM()
RATIONAL_B_SPLINE_CURVE((1.,1.,1.,1.))
REPRESENTATION_ITEM('')
);
#1717=(
BOUNDED_CURVE()
B_SPLINE_CURVE(3,(#7481,#7482,#7483,#7484),.UNSPECIFIED.,.F.,.F.)
B_SPLINE_CURVE_WITH_KNOTS((4,4),(-1.,0.),.UNSPECIFIED.)
CURVE()
GEOMETRIC_REPRESENTATION_ITEM()
RATIONAL_B_SPLINE_CURVE((1.,1.,1.,1.))
REPRESENTATION_ITEM('')
);
#1718=(
BOUNDED_CURVE()
B_SPLINE_CURVE(3,(#7487,#7488,#7489,#7490),.UNSPECIFIED.,.F.,.F.)
B_SPLINE_CURVE_WITH_KNOTS((4,4),(-1.,0.),.UNSPECIFIED.)
CURVE()
GEOMETRIC_REPRESENTATION_ITEM()
RATIONAL_B_SPLINE_CURVE((1.,1.,1.,1.))
REPRESENTATION_ITEM('')
);
#1719=(
BOUNDED_CURVE()
B_SPLINE_CURVE(3,(#7500,#7501,#7502,#7503),.UNSPECIFIED.,.F.,.F.)
B_SPLINE_CURVE_WITH_KNOTS((4,4),(-1.,0.),.UNSPECIFIED.)
CURVE()
GEOMETRIC_REPRESENTATION_ITEM()
RATIONAL_B_SPLINE_CURVE((1.,1.,1.,1.))
REPRESENTATION_ITEM('')
);
#1720=(
BOUNDED_CURVE()
B_SPLINE_CURVE(3,(#7506,#7507,#7508,#7509),.UNSPECIFIED.,.F.,.F.)
B_SPLINE_CURVE_WITH_KNOTS((4,4),(-1.,0.),.UNSPECIFIED.)
CURVE()
GEOMETRIC_REPRESENTATION_ITEM()
RATIONAL_B_SPLINE_CURVE((1.,1.,1.,1.))
REPRESENTATION_ITEM('')
);
#1721=(
BOUNDED_CURVE()
B_SPLINE_CURVE(3,(#7519,#7520,#7521,#7522),.UNSPECIFIED.,.F.,.F.)
B_SPLINE_CURVE_WITH_KNOTS((4,4),(-1.,0.),.UNSPECIFIED.)
CURVE()
GEOMETRIC_REPRESENTATION_ITEM()
RATIONAL_B_SPLINE_CURVE((1.,1.,1.,1.))
REPRESENTATION_ITEM('')
);
#1722=(
BOUNDED_CURVE()
B_SPLINE_CURVE(3,(#7525,#7526,#7527,#7528),.UNSPECIFIED.,.F.,.F.)
B_SPLINE_CURVE_WITH_KNOTS((4,4),(-1.,0.),.UNSPECIFIED.)
CURVE()
GEOMETRIC_REPRESENTATION_ITEM()
RATIONAL_B_SPLINE_CURVE((1.,1.,1.,1.))
REPRESENTATION_ITEM('')
);
#1723=(
BOUNDED_CURVE()
B_SPLINE_CURVE(3,(#7538,#7539,#7540,#7541),.UNSPECIFIED.,.F.,.F.)
B_SPLINE_CURVE_WITH_KNOTS((4,4),(-1.,0.),.UNSPECIFIED.)
CURVE()
GEOMETRIC_REPRESENTATION_ITEM()
RATIONAL_B_SPLINE_CURVE((1.,1.,1.,1.))
REPRESENTATION_ITEM('')
);
#1724=(
BOUNDED_CURVE()
B_SPLINE_CURVE(3,(#7544,#7545,#7546,#7547),.UNSPECIFIED.,.F.,.F.)
B_SPLINE_CURVE_WITH_KNOTS((4,4),(-1.,0.),.UNSPECIFIED.)
CURVE()
GEOMETRIC_REPRESENTATION_ITEM()
RATIONAL_B_SPLINE_CURVE((1.,1.,1.,1.))
REPRESENTATION_ITEM('')
);
#1725=(
BOUNDED_CURVE()
B_SPLINE_CURVE(3,(#7557,#7558,#7559,#7560),.UNSPECIFIED.,.F.,.F.)
B_SPLINE_CURVE_WITH_KNOTS((4,4),(-1.,0.),.UNSPECIFIED.)
CURVE()
GEOMETRIC_REPRESENTATION_ITEM()
RATIONAL_B_SPLINE_CURVE((1.,1.,1.,1.))
REPRESENTATION_ITEM('')
);
#1726=(
BOUNDED_CURVE()
B_SPLINE_CURVE(3,(#7563,#7564,#7565,#7566),.UNSPECIFIED.,.F.,.F.)
B_SPLINE_CURVE_WITH_KNOTS((4,4),(-1.,0.),.UNSPECIFIED.)
CURVE()
GEOMETRIC_REPRESENTATION_ITEM()
RATIONAL_B_SPLINE_CURVE((1.,1.,1.,1.))
REPRESENTATION_ITEM('')
);
#1727=(
BOUNDED_CURVE()
B_SPLINE_CURVE(3,(#7575,#7576,#7577,#7578),.UNSPECIFIED.,.F.,.F.)
B_SPLINE_CURVE_WITH_KNOTS((4,4),(-1.,0.),.UNSPECIFIED.)
CURVE()
GEOMETRIC_REPRESENTATION_ITEM()
RATIONAL_B_SPLINE_CURVE((1.,1.,1.,1.))
REPRESENTATION_ITEM('')
);
#1728=(
BOUNDED_CURVE()
B_SPLINE_CURVE(3,(#7579,#7580,#7581,#7582),.UNSPECIFIED.,.F.,.F.)
B_SPLINE_CURVE_WITH_KNOTS((4,4),(-1.,0.),.UNSPECIFIED.)
CURVE()
GEOMETRIC_REPRESENTATION_ITEM()
RATIONAL_B_SPLINE_CURVE((1.,1.,1.,1.))
REPRESENTATION_ITEM('')
);
#1729=(
BOUNDED_CURVE()
B_SPLINE_CURVE(3,(#7594,#7595,#7596,#7597),.UNSPECIFIED.,.F.,.F.)
B_SPLINE_CURVE_WITH_KNOTS((4,4),(-1.,0.),.UNSPECIFIED.)
CURVE()
GEOMETRIC_REPRESENTATION_ITEM()
RATIONAL_B_SPLINE_CURVE((1.,1.,1.,1.))
REPRESENTATION_ITEM('')
);
#1730=(
BOUNDED_CURVE()
B_SPLINE_CURVE(3,(#7601,#7602,#7603,#7604),.UNSPECIFIED.,.F.,.F.)
B_SPLINE_CURVE_WITH_KNOTS((4,4),(-1.,0.),.UNSPECIFIED.)
CURVE()
GEOMETRIC_REPRESENTATION_ITEM()
RATIONAL_B_SPLINE_CURVE((1.,1.,1.,1.))
REPRESENTATION_ITEM('')
);
#1731=(
BOUNDED_CURVE()
B_SPLINE_CURVE(3,(#7615,#7616,#7617,#7618),.UNSPECIFIED.,.F.,.F.)
B_SPLINE_CURVE_WITH_KNOTS((4,4),(-1.,0.),.UNSPECIFIED.)
CURVE()
GEOMETRIC_REPRESENTATION_ITEM()
RATIONAL_B_SPLINE_CURVE((1.,1.,1.,1.))
REPRESENTATION_ITEM('')
);
#1732=(
BOUNDED_CURVE()
B_SPLINE_CURVE(3,(#7621,#7622,#7623,#7624),.UNSPECIFIED.,.F.,.F.)
B_SPLINE_CURVE_WITH_KNOTS((4,4),(-1.,0.),.UNSPECIFIED.)
CURVE()
GEOMETRIC_REPRESENTATION_ITEM()
RATIONAL_B_SPLINE_CURVE((1.,1.,1.,1.))
REPRESENTATION_ITEM('')
);
#1733=(
BOUNDED_CURVE()
B_SPLINE_CURVE(3,(#7634,#7635,#7636,#7637),.UNSPECIFIED.,.F.,.F.)
B_SPLINE_CURVE_WITH_KNOTS((4,4),(-1.,0.),.UNSPECIFIED.)
CURVE()
GEOMETRIC_REPRESENTATION_ITEM()
RATIONAL_B_SPLINE_CURVE((1.,1.,1.,1.))
REPRESENTATION_ITEM('')
);
#1734=(
BOUNDED_CURVE()
B_SPLINE_CURVE(3,(#7640,#7641,#7642,#7643),.UNSPECIFIED.,.F.,.F.)
B_SPLINE_CURVE_WITH_KNOTS((4,4),(-1.,0.),.UNSPECIFIED.)
CURVE()
GEOMETRIC_REPRESENTATION_ITEM()
RATIONAL_B_SPLINE_CURVE((1.,1.,1.,1.))
REPRESENTATION_ITEM('')
);
#1735=(
BOUNDED_CURVE()
B_SPLINE_CURVE(3,(#7653,#7654,#7655,#7656),.UNSPECIFIED.,.F.,.F.)
B_SPLINE_CURVE_WITH_KNOTS((4,4),(-1.,0.),.UNSPECIFIED.)
CURVE()
GEOMETRIC_REPRESENTATION_ITEM()
RATIONAL_B_SPLINE_CURVE((1.,1.,1.,1.))
REPRESENTATION_ITEM('')
);
#1736=(
BOUNDED_CURVE()
B_SPLINE_CURVE(3,(#7659,#7660,#7661,#7662),.UNSPECIFIED.,.F.,.F.)
B_SPLINE_CURVE_WITH_KNOTS((4,4),(-1.,0.),.UNSPECIFIED.)
CURVE()
GEOMETRIC_REPRESENTATION_ITEM()
RATIONAL_B_SPLINE_CURVE((1.,1.,1.,1.))
REPRESENTATION_ITEM('')
);
#1737=(
BOUNDED_CURVE()
B_SPLINE_CURVE(3,(#7672,#7673,#7674,#7675),.UNSPECIFIED.,.F.,.F.)
B_SPLINE_CURVE_WITH_KNOTS((4,4),(-1.,0.),.UNSPECIFIED.)
CURVE()
GEOMETRIC_REPRESENTATION_ITEM()
RATIONAL_B_SPLINE_CURVE((1.,1.,1.,1.))
REPRESENTATION_ITEM('')
);
#1738=(
BOUNDED_CURVE()
B_SPLINE_CURVE(3,(#7678,#7679,#7680,#7681),.UNSPECIFIED.,.F.,.F.)
B_SPLINE_CURVE_WITH_KNOTS((4,4),(-1.,0.),.UNSPECIFIED.)
CURVE()
GEOMETRIC_REPRESENTATION_ITEM()
RATIONAL_B_SPLINE_CURVE((1.,1.,1.,1.))
REPRESENTATION_ITEM('')
);
#1739=(
BOUNDED_CURVE()
B_SPLINE_CURVE(3,(#7691,#7692,#7693,#7694),.UNSPECIFIED.,.F.,.F.)
B_SPLINE_CURVE_WITH_KNOTS((4,4),(-1.,0.),.UNSPECIFIED.)
CURVE()
GEOMETRIC_REPRESENTATION_ITEM()
RATIONAL_B_SPLINE_CURVE((1.,1.,1.,1.))
REPRESENTATION_ITEM('')
);
#1740=(
BOUNDED_CURVE()
B_SPLINE_CURVE(3,(#7697,#7698,#7699,#7700),.UNSPECIFIED.,.F.,.F.)
B_SPLINE_CURVE_WITH_KNOTS((4,4),(-1.,0.),.UNSPECIFIED.)
CURVE()
GEOMETRIC_REPRESENTATION_ITEM()
RATIONAL_B_SPLINE_CURVE((1.,1.,1.,1.))
REPRESENTATION_ITEM('')
);
#1741=(
BOUNDED_CURVE()
B_SPLINE_CURVE(3,(#7710,#7711,#7712,#7713),.UNSPECIFIED.,.F.,.F.)
B_SPLINE_CURVE_WITH_KNOTS((4,4),(-1.,0.),.UNSPECIFIED.)
CURVE()
GEOMETRIC_REPRESENTATION_ITEM()
RATIONAL_B_SPLINE_CURVE((1.,1.,1.,1.))
REPRESENTATION_ITEM('')
);
#1742=(
BOUNDED_CURVE()
B_SPLINE_CURVE(3,(#7716,#7717,#7718,#7719),.UNSPECIFIED.,.F.,.F.)
B_SPLINE_CURVE_WITH_KNOTS((4,4),(-1.,0.),.UNSPECIFIED.)
CURVE()
GEOMETRIC_REPRESENTATION_ITEM()
RATIONAL_B_SPLINE_CURVE((1.,1.,1.,1.))
REPRESENTATION_ITEM('')
);
#1743=(
BOUNDED_CURVE()
B_SPLINE_CURVE(3,(#7729,#7730,#7731,#7732),.UNSPECIFIED.,.F.,.F.)
B_SPLINE_CURVE_WITH_KNOTS((4,4),(-1.,0.),.UNSPECIFIED.)
CURVE()
GEOMETRIC_REPRESENTATION_ITEM()
RATIONAL_B_SPLINE_CURVE((1.,1.,1.,1.))
REPRESENTATION_ITEM('')
);
#1744=(
BOUNDED_CURVE()
B_SPLINE_CURVE(3,(#7735,#7736,#7737,#7738),.UNSPECIFIED.,.F.,.F.)
B_SPLINE_CURVE_WITH_KNOTS((4,4),(-1.,0.),.UNSPECIFIED.)
CURVE()
GEOMETRIC_REPRESENTATION_ITEM()
RATIONAL_B_SPLINE_CURVE((1.,1.,1.,1.))
REPRESENTATION_ITEM('')
);
#1745=(
BOUNDED_CURVE()
B_SPLINE_CURVE(3,(#7748,#7749,#7750,#7751),.UNSPECIFIED.,.F.,.F.)
B_SPLINE_CURVE_WITH_KNOTS((4,4),(-1.,0.),.UNSPECIFIED.)
CURVE()
GEOMETRIC_REPRESENTATION_ITEM()
RATIONAL_B_SPLINE_CURVE((1.,1.,1.,1.))
REPRESENTATION_ITEM('')
);
#1746=(
BOUNDED_CURVE()
B_SPLINE_CURVE(3,(#7754,#7755,#7756,#7757),.UNSPECIFIED.,.F.,.F.)
B_SPLINE_CURVE_WITH_KNOTS((4,4),(-1.,0.),.UNSPECIFIED.)
CURVE()
GEOMETRIC_REPRESENTATION_ITEM()
RATIONAL_B_SPLINE_CURVE((1.,1.,1.,1.))
REPRESENTATION_ITEM('')
);
#1747=(
BOUNDED_CURVE()
B_SPLINE_CURVE(3,(#7767,#7768,#7769,#7770),.UNSPECIFIED.,.F.,.F.)
B_SPLINE_CURVE_WITH_KNOTS((4,4),(-1.,0.),.UNSPECIFIED.)
CURVE()
GEOMETRIC_REPRESENTATION_ITEM()
RATIONAL_B_SPLINE_CURVE((1.,1.,1.,1.))
REPRESENTATION_ITEM('')
);
#1748=(
BOUNDED_CURVE()
B_SPLINE_CURVE(3,(#7773,#7774,#7775,#7776),.UNSPECIFIED.,.F.,.F.)
B_SPLINE_CURVE_WITH_KNOTS((4,4),(-1.,0.),.UNSPECIFIED.)
CURVE()
GEOMETRIC_REPRESENTATION_ITEM()
RATIONAL_B_SPLINE_CURVE((1.,1.,1.,1.))
REPRESENTATION_ITEM('')
);
#1749=(
BOUNDED_CURVE()
B_SPLINE_CURVE(3,(#7786,#7787,#7788,#7789),.UNSPECIFIED.,.F.,.F.)
B_SPLINE_CURVE_WITH_KNOTS((4,4),(-1.,0.),.UNSPECIFIED.)
CURVE()
GEOMETRIC_REPRESENTATION_ITEM()
RATIONAL_B_SPLINE_CURVE((1.,1.,1.,1.))
REPRESENTATION_ITEM('')
);
#1750=(
BOUNDED_CURVE()
B_SPLINE_CURVE(3,(#7792,#7793,#7794,#7795),.UNSPECIFIED.,.F.,.F.)
B_SPLINE_CURVE_WITH_KNOTS((4,4),(-1.,0.),.UNSPECIFIED.)
CURVE()
GEOMETRIC_REPRESENTATION_ITEM()
RATIONAL_B_SPLINE_CURVE((1.,1.,1.,1.))
REPRESENTATION_ITEM('')
);
#1751=(
BOUNDED_CURVE()
B_SPLINE_CURVE(3,(#7817,#7818,#7819,#7820),.UNSPECIFIED.,.F.,.F.)
B_SPLINE_CURVE_WITH_KNOTS((4,4),(-1.,0.),.UNSPECIFIED.)
CURVE()
GEOMETRIC_REPRESENTATION_ITEM()
RATIONAL_B_SPLINE_CURVE((1.,1.,1.,1.))
REPRESENTATION_ITEM('')
);
#1752=(
BOUNDED_CURVE()
B_SPLINE_CURVE(3,(#7823,#7824,#7825,#7826),.UNSPECIFIED.,.F.,.F.)
B_SPLINE_CURVE_WITH_KNOTS((4,4),(-1.,0.),.UNSPECIFIED.)
CURVE()
GEOMETRIC_REPRESENTATION_ITEM()
RATIONAL_B_SPLINE_CURVE((1.,1.,1.,1.))
REPRESENTATION_ITEM('')
);
#1753=(
BOUNDED_CURVE()
B_SPLINE_CURVE(3,(#7836,#7837,#7838,#7839),.UNSPECIFIED.,.F.,.F.)
B_SPLINE_CURVE_WITH_KNOTS((4,4),(-1.,0.),.UNSPECIFIED.)
CURVE()
GEOMETRIC_REPRESENTATION_ITEM()
RATIONAL_B_SPLINE_CURVE((1.,1.,1.,1.))
REPRESENTATION_ITEM('')
);
#1754=(
BOUNDED_CURVE()
B_SPLINE_CURVE(3,(#7842,#7843,#7844,#7845),.UNSPECIFIED.,.F.,.F.)
B_SPLINE_CURVE_WITH_KNOTS((4,4),(-1.,0.),.UNSPECIFIED.)
CURVE()
GEOMETRIC_REPRESENTATION_ITEM()
RATIONAL_B_SPLINE_CURVE((1.,1.,1.,1.))
REPRESENTATION_ITEM('')
);
#1755=(
BOUNDED_CURVE()
B_SPLINE_CURVE(3,(#7873,#7874,#7875,#7876),.UNSPECIFIED.,.F.,.F.)
B_SPLINE_CURVE_WITH_KNOTS((4,4),(-1.,0.),.UNSPECIFIED.)
CURVE()
GEOMETRIC_REPRESENTATION_ITEM()
RATIONAL_B_SPLINE_CURVE((1.,1.,1.,1.))
REPRESENTATION_ITEM('')
);
#1756=(
BOUNDED_CURVE()
B_SPLINE_CURVE(3,(#7879,#7880,#7881,#7882),.UNSPECIFIED.,.F.,.F.)
B_SPLINE_CURVE_WITH_KNOTS((4,4),(-1.,0.),.UNSPECIFIED.)
CURVE()
GEOMETRIC_REPRESENTATION_ITEM()
RATIONAL_B_SPLINE_CURVE((1.,1.,1.,1.))
REPRESENTATION_ITEM('')
);
#1757=(
BOUNDED_CURVE()
B_SPLINE_CURVE(3,(#7892,#7893,#7894,#7895),.UNSPECIFIED.,.F.,.F.)
B_SPLINE_CURVE_WITH_KNOTS((4,4),(-1.,0.),.UNSPECIFIED.)
CURVE()
GEOMETRIC_REPRESENTATION_ITEM()
RATIONAL_B_SPLINE_CURVE((1.,1.,1.,1.))
REPRESENTATION_ITEM('')
);
#1758=(
BOUNDED_CURVE()
B_SPLINE_CURVE(3,(#7898,#7899,#7900,#7901),.UNSPECIFIED.,.F.,.F.)
B_SPLINE_CURVE_WITH_KNOTS((4,4),(-1.,0.),.UNSPECIFIED.)
CURVE()
GEOMETRIC_REPRESENTATION_ITEM()
RATIONAL_B_SPLINE_CURVE((1.,1.,1.,1.))
REPRESENTATION_ITEM('')
);
#1759=(
BOUNDED_CURVE()
B_SPLINE_CURVE(3,(#7911,#7912,#7913,#7914),.UNSPECIFIED.,.F.,.F.)
B_SPLINE_CURVE_WITH_KNOTS((4,4),(-1.,0.),.UNSPECIFIED.)
CURVE()
GEOMETRIC_REPRESENTATION_ITEM()
RATIONAL_B_SPLINE_CURVE((1.,1.,1.,1.))
REPRESENTATION_ITEM('')
);
#1760=(
BOUNDED_CURVE()
B_SPLINE_CURVE(3,(#7917,#7918,#7919,#7920),.UNSPECIFIED.,.F.,.F.)
B_SPLINE_CURVE_WITH_KNOTS((4,4),(-1.,0.),.UNSPECIFIED.)
CURVE()
GEOMETRIC_REPRESENTATION_ITEM()
RATIONAL_B_SPLINE_CURVE((1.,1.,1.,1.))
REPRESENTATION_ITEM('')
);
#1761=(
BOUNDED_CURVE()
B_SPLINE_CURVE(3,(#7942,#7943,#7944,#7945),.UNSPECIFIED.,.F.,.F.)
B_SPLINE_CURVE_WITH_KNOTS((4,4),(-1.,0.),.UNSPECIFIED.)
CURVE()
GEOMETRIC_REPRESENTATION_ITEM()
RATIONAL_B_SPLINE_CURVE((1.,1.,1.,1.))
REPRESENTATION_ITEM('')
);
#1762=(
BOUNDED_CURVE()
B_SPLINE_CURVE(3,(#7948,#7949,#7950,#7951),.UNSPECIFIED.,.F.,.F.)
B_SPLINE_CURVE_WITH_KNOTS((4,4),(-1.,0.),.UNSPECIFIED.)
CURVE()
GEOMETRIC_REPRESENTATION_ITEM()
RATIONAL_B_SPLINE_CURVE((1.,1.,1.,1.))
REPRESENTATION_ITEM('')
);
#1763=(
BOUNDED_CURVE()
B_SPLINE_CURVE(3,(#7961,#7962,#7963,#7964),.UNSPECIFIED.,.F.,.F.)
B_SPLINE_CURVE_WITH_KNOTS((4,4),(-1.,0.),.UNSPECIFIED.)
CURVE()
GEOMETRIC_REPRESENTATION_ITEM()
RATIONAL_B_SPLINE_CURVE((1.,1.,1.,1.))
REPRESENTATION_ITEM('')
);
#1764=(
BOUNDED_CURVE()
B_SPLINE_CURVE(3,(#7967,#7968,#7969,#7970),.UNSPECIFIED.,.F.,.F.)
B_SPLINE_CURVE_WITH_KNOTS((4,4),(-1.,0.),.UNSPECIFIED.)
CURVE()
GEOMETRIC_REPRESENTATION_ITEM()
RATIONAL_B_SPLINE_CURVE((1.,1.,1.,1.))
REPRESENTATION_ITEM('')
);
#1765=(
BOUNDED_CURVE()
B_SPLINE_CURVE(3,(#7980,#7981,#7982,#7983),.UNSPECIFIED.,.F.,.F.)
B_SPLINE_CURVE_WITH_KNOTS((4,4),(-1.,0.),.UNSPECIFIED.)
CURVE()
GEOMETRIC_REPRESENTATION_ITEM()
RATIONAL_B_SPLINE_CURVE((1.,1.,1.,1.))
REPRESENTATION_ITEM('')
);
#1766=(
BOUNDED_CURVE()
B_SPLINE_CURVE(3,(#7986,#7987,#7988,#7989),.UNSPECIFIED.,.F.,.F.)
B_SPLINE_CURVE_WITH_KNOTS((4,4),(-1.,0.),.UNSPECIFIED.)
CURVE()
GEOMETRIC_REPRESENTATION_ITEM()
RATIONAL_B_SPLINE_CURVE((1.,1.,1.,1.))
REPRESENTATION_ITEM('')
);
#1767=(
BOUNDED_CURVE()
B_SPLINE_CURVE(3,(#7999,#8000,#8001,#8002),.UNSPECIFIED.,.F.,.F.)
B_SPLINE_CURVE_WITH_KNOTS((4,4),(-1.,0.),.UNSPECIFIED.)
CURVE()
GEOMETRIC_REPRESENTATION_ITEM()
RATIONAL_B_SPLINE_CURVE((1.,1.,1.,1.))
REPRESENTATION_ITEM('')
);
#1768=(
BOUNDED_CURVE()
B_SPLINE_CURVE(3,(#8005,#8006,#8007,#8008),.UNSPECIFIED.,.F.,.F.)
B_SPLINE_CURVE_WITH_KNOTS((4,4),(-1.,0.),.UNSPECIFIED.)
CURVE()
GEOMETRIC_REPRESENTATION_ITEM()
RATIONAL_B_SPLINE_CURVE((1.,1.,1.,1.))
REPRESENTATION_ITEM('')
);
#1769=(
BOUNDED_CURVE()
B_SPLINE_CURVE(3,(#8018,#8019,#8020,#8021),.UNSPECIFIED.,.F.,.F.)
B_SPLINE_CURVE_WITH_KNOTS((4,4),(-1.,0.),.UNSPECIFIED.)
CURVE()
GEOMETRIC_REPRESENTATION_ITEM()
RATIONAL_B_SPLINE_CURVE((1.,1.,1.,1.))
REPRESENTATION_ITEM('')
);
#1770=(
BOUNDED_CURVE()
B_SPLINE_CURVE(3,(#8024,#8025,#8026,#8027),.UNSPECIFIED.,.F.,.F.)
B_SPLINE_CURVE_WITH_KNOTS((4,4),(-1.,0.),.UNSPECIFIED.)
CURVE()
GEOMETRIC_REPRESENTATION_ITEM()
RATIONAL_B_SPLINE_CURVE((1.,1.,1.,1.))
REPRESENTATION_ITEM('')
);
#1771=(
BOUNDED_CURVE()
B_SPLINE_CURVE(3,(#8048,#8049,#8050,#8051),.UNSPECIFIED.,.F.,.F.)
B_SPLINE_CURVE_WITH_KNOTS((4,4),(-1.,0.),.UNSPECIFIED.)
CURVE()
GEOMETRIC_REPRESENTATION_ITEM()
RATIONAL_B_SPLINE_CURVE((1.,1.,1.,1.))
REPRESENTATION_ITEM('')
);
#1772=(
BOUNDED_CURVE()
B_SPLINE_CURVE(3,(#8052,#8053,#8054,#8055),.UNSPECIFIED.,.F.,.F.)
B_SPLINE_CURVE_WITH_KNOTS((4,4),(-1.,0.),.UNSPECIFIED.)
CURVE()
GEOMETRIC_REPRESENTATION_ITEM()
RATIONAL_B_SPLINE_CURVE((1.,1.,1.,1.))
REPRESENTATION_ITEM('')
);
#1773=(
BOUNDED_CURVE()
B_SPLINE_CURVE(3,(#8067,#8068,#8069,#8070),.UNSPECIFIED.,.F.,.F.)
B_SPLINE_CURVE_WITH_KNOTS((4,4),(-1.,0.),.UNSPECIFIED.)
CURVE()
GEOMETRIC_REPRESENTATION_ITEM()
RATIONAL_B_SPLINE_CURVE((1.,1.,1.,1.))
REPRESENTATION_ITEM('')
);
#1774=(
BOUNDED_CURVE()
B_SPLINE_CURVE(3,(#8074,#8075,#8076,#8077),.UNSPECIFIED.,.F.,.F.)
B_SPLINE_CURVE_WITH_KNOTS((4,4),(-1.,0.),.UNSPECIFIED.)
CURVE()
GEOMETRIC_REPRESENTATION_ITEM()
RATIONAL_B_SPLINE_CURVE((1.,1.,1.,1.))
REPRESENTATION_ITEM('')
);
#1775=(
BOUNDED_CURVE()
B_SPLINE_CURVE(3,(#8088,#8089,#8090,#8091),.UNSPECIFIED.,.F.,.F.)
B_SPLINE_CURVE_WITH_KNOTS((4,4),(-1.,0.),.UNSPECIFIED.)
CURVE()
GEOMETRIC_REPRESENTATION_ITEM()
RATIONAL_B_SPLINE_CURVE((1.,1.,1.,1.))
REPRESENTATION_ITEM('')
);
#1776=(
BOUNDED_CURVE()
B_SPLINE_CURVE(3,(#8094,#8095,#8096,#8097),.UNSPECIFIED.,.F.,.F.)
B_SPLINE_CURVE_WITH_KNOTS((4,4),(-1.,0.),.UNSPECIFIED.)
CURVE()
GEOMETRIC_REPRESENTATION_ITEM()
RATIONAL_B_SPLINE_CURVE((1.,1.,1.,1.))
REPRESENTATION_ITEM('')
);
#1777=(
BOUNDED_CURVE()
B_SPLINE_CURVE(3,(#8107,#8108,#8109,#8110),.UNSPECIFIED.,.F.,.F.)
B_SPLINE_CURVE_WITH_KNOTS((4,4),(-1.,0.),.UNSPECIFIED.)
CURVE()
GEOMETRIC_REPRESENTATION_ITEM()
RATIONAL_B_SPLINE_CURVE((1.,1.,1.,1.))
REPRESENTATION_ITEM('')
);
#1778=(
BOUNDED_CURVE()
B_SPLINE_CURVE(3,(#8113,#8114,#8115,#8116),.UNSPECIFIED.,.F.,.F.)
B_SPLINE_CURVE_WITH_KNOTS((4,4),(-1.,0.),.UNSPECIFIED.)
CURVE()
GEOMETRIC_REPRESENTATION_ITEM()
RATIONAL_B_SPLINE_CURVE((1.,1.,1.,1.))
REPRESENTATION_ITEM('')
);
#1779=(
BOUNDED_CURVE()
B_SPLINE_CURVE(3,(#8126,#8127,#8128,#8129),.UNSPECIFIED.,.F.,.F.)
B_SPLINE_CURVE_WITH_KNOTS((4,4),(-1.,0.),.UNSPECIFIED.)
CURVE()
GEOMETRIC_REPRESENTATION_ITEM()
RATIONAL_B_SPLINE_CURVE((1.,1.,1.,1.))
REPRESENTATION_ITEM('')
);
#1780=(
BOUNDED_CURVE()
B_SPLINE_CURVE(3,(#8132,#8133,#8134,#8135),.UNSPECIFIED.,.F.,.F.)
B_SPLINE_CURVE_WITH_KNOTS((4,4),(-1.,0.),.UNSPECIFIED.)
CURVE()
GEOMETRIC_REPRESENTATION_ITEM()
RATIONAL_B_SPLINE_CURVE((1.,1.,1.,1.))
REPRESENTATION_ITEM('')
);
#1781=(
BOUNDED_CURVE()
B_SPLINE_CURVE(3,(#8145,#8146,#8147,#8148),.UNSPECIFIED.,.F.,.F.)
B_SPLINE_CURVE_WITH_KNOTS((4,4),(-1.,0.),.UNSPECIFIED.)
CURVE()
GEOMETRIC_REPRESENTATION_ITEM()
RATIONAL_B_SPLINE_CURVE((1.,1.,1.,1.))
REPRESENTATION_ITEM('')
);
#1782=(
BOUNDED_CURVE()
B_SPLINE_CURVE(3,(#8151,#8152,#8153,#8154),.UNSPECIFIED.,.F.,.F.)
B_SPLINE_CURVE_WITH_KNOTS((4,4),(-1.,0.),.UNSPECIFIED.)
CURVE()
GEOMETRIC_REPRESENTATION_ITEM()
RATIONAL_B_SPLINE_CURVE((1.,1.,1.,1.))
REPRESENTATION_ITEM('')
);
#1783=(
BOUNDED_CURVE()
B_SPLINE_CURVE(3,(#8164,#8165,#8166,#8167),.UNSPECIFIED.,.F.,.F.)
B_SPLINE_CURVE_WITH_KNOTS((4,4),(-1.,0.),.UNSPECIFIED.)
CURVE()
GEOMETRIC_REPRESENTATION_ITEM()
RATIONAL_B_SPLINE_CURVE((1.,1.,1.,1.))
REPRESENTATION_ITEM('')
);
#1784=(
BOUNDED_CURVE()
B_SPLINE_CURVE(3,(#8170,#8171,#8172,#8173),.UNSPECIFIED.,.F.,.F.)
B_SPLINE_CURVE_WITH_KNOTS((4,4),(-1.,0.),.UNSPECIFIED.)
CURVE()
GEOMETRIC_REPRESENTATION_ITEM()
RATIONAL_B_SPLINE_CURVE((1.,1.,1.,1.))
REPRESENTATION_ITEM('')
);
#1785=(
BOUNDED_CURVE()
B_SPLINE_CURVE(3,(#8183,#8184,#8185,#8186),.UNSPECIFIED.,.F.,.F.)
B_SPLINE_CURVE_WITH_KNOTS((4,4),(-1.,0.),.UNSPECIFIED.)
CURVE()
GEOMETRIC_REPRESENTATION_ITEM()
RATIONAL_B_SPLINE_CURVE((1.,1.,1.,1.))
REPRESENTATION_ITEM('')
);
#1786=(
BOUNDED_CURVE()
B_SPLINE_CURVE(3,(#8189,#8190,#8191,#8192),.UNSPECIFIED.,.F.,.F.)
B_SPLINE_CURVE_WITH_KNOTS((4,4),(-1.,0.),.UNSPECIFIED.)
CURVE()
GEOMETRIC_REPRESENTATION_ITEM()
RATIONAL_B_SPLINE_CURVE((1.,1.,1.,1.))
REPRESENTATION_ITEM('')
);
#1787=(
BOUNDED_CURVE()
B_SPLINE_CURVE(3,(#8201,#8202,#8203,#8204),.UNSPECIFIED.,.F.,.F.)
B_SPLINE_CURVE_WITH_KNOTS((4,4),(-1.,0.),.UNSPECIFIED.)
CURVE()
GEOMETRIC_REPRESENTATION_ITEM()
RATIONAL_B_SPLINE_CURVE((1.,1.,1.,1.))
REPRESENTATION_ITEM('')
);
#1788=(
BOUNDED_CURVE()
B_SPLINE_CURVE(3,(#8205,#8206,#8207,#8208),.UNSPECIFIED.,.F.,.F.)
B_SPLINE_CURVE_WITH_KNOTS((4,4),(-1.,0.),.UNSPECIFIED.)
CURVE()
GEOMETRIC_REPRESENTATION_ITEM()
RATIONAL_B_SPLINE_CURVE((1.,1.,1.,1.))
REPRESENTATION_ITEM('')
);
#1789=(
BOUNDED_CURVE()
B_SPLINE_CURVE(3,(#8219,#8220,#8221,#8222),.UNSPECIFIED.,.F.,.F.)
B_SPLINE_CURVE_WITH_KNOTS((4,4),(-1.,0.),.UNSPECIFIED.)
CURVE()
GEOMETRIC_REPRESENTATION_ITEM()
RATIONAL_B_SPLINE_CURVE((1.,1.,1.,1.))
REPRESENTATION_ITEM('')
);
#1790=(
BOUNDED_CURVE()
B_SPLINE_CURVE(3,(#8226,#8227,#8228,#8229),.UNSPECIFIED.,.F.,.F.)
B_SPLINE_CURVE_WITH_KNOTS((4,4),(-1.,0.),.UNSPECIFIED.)
CURVE()
GEOMETRIC_REPRESENTATION_ITEM()
RATIONAL_B_SPLINE_CURVE((1.,1.,1.,1.))
REPRESENTATION_ITEM('')
);
#1791=(
BOUNDED_CURVE()
B_SPLINE_CURVE(3,(#8240,#8241,#8242,#8243),.UNSPECIFIED.,.F.,.F.)
B_SPLINE_CURVE_WITH_KNOTS((4,4),(-1.,0.),.UNSPECIFIED.)
CURVE()
GEOMETRIC_REPRESENTATION_ITEM()
RATIONAL_B_SPLINE_CURVE((1.,1.,1.,1.))
REPRESENTATION_ITEM('')
);
#1792=(
BOUNDED_CURVE()
B_SPLINE_CURVE(3,(#8246,#8247,#8248,#8249),.UNSPECIFIED.,.F.,.F.)
B_SPLINE_CURVE_WITH_KNOTS((4,4),(-1.,0.),.UNSPECIFIED.)
CURVE()
GEOMETRIC_REPRESENTATION_ITEM()
RATIONAL_B_SPLINE_CURVE((1.,1.,1.,1.))
REPRESENTATION_ITEM('')
);
#1793=(
BOUNDED_CURVE()
B_SPLINE_CURVE(3,(#8259,#8260,#8261,#8262),.UNSPECIFIED.,.F.,.F.)
B_SPLINE_CURVE_WITH_KNOTS((4,4),(-1.,0.),.UNSPECIFIED.)
CURVE()
GEOMETRIC_REPRESENTATION_ITEM()
RATIONAL_B_SPLINE_CURVE((1.,1.,1.,1.))
REPRESENTATION_ITEM('')
);
#1794=(
BOUNDED_CURVE()
B_SPLINE_CURVE(3,(#8265,#8266,#8267,#8268),.UNSPECIFIED.,.F.,.F.)
B_SPLINE_CURVE_WITH_KNOTS((4,4),(-1.,0.),.UNSPECIFIED.)
CURVE()
GEOMETRIC_REPRESENTATION_ITEM()
RATIONAL_B_SPLINE_CURVE((1.,1.,1.,1.))
REPRESENTATION_ITEM('')
);
#1795=(
BOUNDED_CURVE()
B_SPLINE_CURVE(3,(#8278,#8279,#8280,#8281),.UNSPECIFIED.,.F.,.F.)
B_SPLINE_CURVE_WITH_KNOTS((4,4),(-1.,0.),.UNSPECIFIED.)
CURVE()
GEOMETRIC_REPRESENTATION_ITEM()
RATIONAL_B_SPLINE_CURVE((1.,1.,1.,1.))
REPRESENTATION_ITEM('')
);
#1796=(
BOUNDED_CURVE()
B_SPLINE_CURVE(3,(#8284,#8285,#8286,#8287),.UNSPECIFIED.,.F.,.F.)
B_SPLINE_CURVE_WITH_KNOTS((4,4),(-1.,0.),.UNSPECIFIED.)
CURVE()
GEOMETRIC_REPRESENTATION_ITEM()
RATIONAL_B_SPLINE_CURVE((1.,1.,1.,1.))
REPRESENTATION_ITEM('')
);
#1797=(
BOUNDED_CURVE()
B_SPLINE_CURVE(3,(#8297,#8298,#8299,#8300),.UNSPECIFIED.,.F.,.F.)
B_SPLINE_CURVE_WITH_KNOTS((4,4),(-1.,0.),.UNSPECIFIED.)
CURVE()
GEOMETRIC_REPRESENTATION_ITEM()
RATIONAL_B_SPLINE_CURVE((1.,1.,1.,1.))
REPRESENTATION_ITEM('')
);
#1798=(
BOUNDED_CURVE()
B_SPLINE_CURVE(3,(#8303,#8304,#8305,#8306),.UNSPECIFIED.,.F.,.F.)
B_SPLINE_CURVE_WITH_KNOTS((4,4),(-1.,0.),.UNSPECIFIED.)
CURVE()
GEOMETRIC_REPRESENTATION_ITEM()
RATIONAL_B_SPLINE_CURVE((1.,1.,1.,1.))
REPRESENTATION_ITEM('')
);
#1799=(
BOUNDED_CURVE()
B_SPLINE_CURVE(3,(#8316,#8317,#8318,#8319),.UNSPECIFIED.,.F.,.F.)
B_SPLINE_CURVE_WITH_KNOTS((4,4),(-1.,0.),.UNSPECIFIED.)
CURVE()
GEOMETRIC_REPRESENTATION_ITEM()
RATIONAL_B_SPLINE_CURVE((1.,1.,1.,1.))
REPRESENTATION_ITEM('')
);
#1800=(
BOUNDED_CURVE()
B_SPLINE_CURVE(3,(#8322,#8323,#8324,#8325),.UNSPECIFIED.,.F.,.F.)
B_SPLINE_CURVE_WITH_KNOTS((4,4),(-1.,0.),.UNSPECIFIED.)
CURVE()
GEOMETRIC_REPRESENTATION_ITEM()
RATIONAL_B_SPLINE_CURVE((1.,1.,1.,1.))
REPRESENTATION_ITEM('')
);
#1801=(
BOUNDED_CURVE()
B_SPLINE_CURVE(3,(#8335,#8336,#8337,#8338),.UNSPECIFIED.,.F.,.F.)
B_SPLINE_CURVE_WITH_KNOTS((4,4),(-1.,0.),.UNSPECIFIED.)
CURVE()
GEOMETRIC_REPRESENTATION_ITEM()
RATIONAL_B_SPLINE_CURVE((1.,1.,1.,1.))
REPRESENTATION_ITEM('')
);
#1802=(
BOUNDED_CURVE()
B_SPLINE_CURVE(3,(#8341,#8342,#8343,#8344),.UNSPECIFIED.,.F.,.F.)
B_SPLINE_CURVE_WITH_KNOTS((4,4),(-1.,0.),.UNSPECIFIED.)
CURVE()
GEOMETRIC_REPRESENTATION_ITEM()
RATIONAL_B_SPLINE_CURVE((1.,1.,1.,1.))
REPRESENTATION_ITEM('')
);
#1803=(
BOUNDED_CURVE()
B_SPLINE_CURVE(3,(#8354,#8355,#8356,#8357),.UNSPECIFIED.,.F.,.F.)
B_SPLINE_CURVE_WITH_KNOTS((4,4),(-1.,0.),.UNSPECIFIED.)
CURVE()
GEOMETRIC_REPRESENTATION_ITEM()
RATIONAL_B_SPLINE_CURVE((1.,1.,1.,1.))
REPRESENTATION_ITEM('')
);
#1804=(
BOUNDED_CURVE()
B_SPLINE_CURVE(3,(#8360,#8361,#8362,#8363),.UNSPECIFIED.,.F.,.F.)
B_SPLINE_CURVE_WITH_KNOTS((4,4),(-1.,0.),.UNSPECIFIED.)
CURVE()
GEOMETRIC_REPRESENTATION_ITEM()
RATIONAL_B_SPLINE_CURVE((1.,1.,1.,1.))
REPRESENTATION_ITEM('')
);
#1805=(
BOUNDED_CURVE()
B_SPLINE_CURVE(3,(#8373,#8374,#8375,#8376),.UNSPECIFIED.,.F.,.F.)
B_SPLINE_CURVE_WITH_KNOTS((4,4),(-1.,0.),.UNSPECIFIED.)
CURVE()
GEOMETRIC_REPRESENTATION_ITEM()
RATIONAL_B_SPLINE_CURVE((1.,1.,1.,1.))
REPRESENTATION_ITEM('')
);
#1806=(
BOUNDED_CURVE()
B_SPLINE_CURVE(3,(#8379,#8380,#8381,#8382),.UNSPECIFIED.,.F.,.F.)
B_SPLINE_CURVE_WITH_KNOTS((4,4),(-1.,0.),.UNSPECIFIED.)
CURVE()
GEOMETRIC_REPRESENTATION_ITEM()
RATIONAL_B_SPLINE_CURVE((1.,1.,1.,1.))
REPRESENTATION_ITEM('')
);
#1807=(
BOUNDED_CURVE()
B_SPLINE_CURVE(3,(#8392,#8393,#8394,#8395),.UNSPECIFIED.,.F.,.F.)
B_SPLINE_CURVE_WITH_KNOTS((4,4),(-1.,0.),.UNSPECIFIED.)
CURVE()
GEOMETRIC_REPRESENTATION_ITEM()
RATIONAL_B_SPLINE_CURVE((1.,1.,1.,1.))
REPRESENTATION_ITEM('')
);
#1808=(
BOUNDED_CURVE()
B_SPLINE_CURVE(3,(#8398,#8399,#8400,#8401),.UNSPECIFIED.,.F.,.F.)
B_SPLINE_CURVE_WITH_KNOTS((4,4),(-1.,0.),.UNSPECIFIED.)
CURVE()
GEOMETRIC_REPRESENTATION_ITEM()
RATIONAL_B_SPLINE_CURVE((1.,1.,1.,1.))
REPRESENTATION_ITEM('')
);
#1809=(
BOUNDED_CURVE()
B_SPLINE_CURVE(3,(#8411,#8412,#8413,#8414),.UNSPECIFIED.,.F.,.F.)
B_SPLINE_CURVE_WITH_KNOTS((4,4),(-1.,0.),.UNSPECIFIED.)
CURVE()
GEOMETRIC_REPRESENTATION_ITEM()
RATIONAL_B_SPLINE_CURVE((1.,1.,1.,1.))
REPRESENTATION_ITEM('')
);
#1810=(
BOUNDED_CURVE()
B_SPLINE_CURVE(3,(#8417,#8418,#8419,#8420),.UNSPECIFIED.,.F.,.F.)
B_SPLINE_CURVE_WITH_KNOTS((4,4),(-1.,0.),.UNSPECIFIED.)
CURVE()
GEOMETRIC_REPRESENTATION_ITEM()
RATIONAL_B_SPLINE_CURVE((1.,1.,1.,1.))
REPRESENTATION_ITEM('')
);
#1811=(
BOUNDED_CURVE()
B_SPLINE_CURVE(3,(#8430,#8431,#8432,#8433),.UNSPECIFIED.,.F.,.F.)
B_SPLINE_CURVE_WITH_KNOTS((4,4),(-1.,0.),.UNSPECIFIED.)
CURVE()
GEOMETRIC_REPRESENTATION_ITEM()
RATIONAL_B_SPLINE_CURVE((1.,1.,1.,1.))
REPRESENTATION_ITEM('')
);
#1812=(
BOUNDED_CURVE()
B_SPLINE_CURVE(3,(#8436,#8437,#8438,#8439),.UNSPECIFIED.,.F.,.F.)
B_SPLINE_CURVE_WITH_KNOTS((4,4),(-1.,0.),.UNSPECIFIED.)
CURVE()
GEOMETRIC_REPRESENTATION_ITEM()
RATIONAL_B_SPLINE_CURVE((1.,1.,1.,1.))
REPRESENTATION_ITEM('')
);
#1813=(
BOUNDED_CURVE()
B_SPLINE_CURVE(3,(#8449,#8450,#8451,#8452),.UNSPECIFIED.,.F.,.F.)
B_SPLINE_CURVE_WITH_KNOTS((4,4),(-1.,0.),.UNSPECIFIED.)
CURVE()
GEOMETRIC_REPRESENTATION_ITEM()
RATIONAL_B_SPLINE_CURVE((1.,1.,1.,1.))
REPRESENTATION_ITEM('')
);
#1814=(
BOUNDED_CURVE()
B_SPLINE_CURVE(3,(#8455,#8456,#8457,#8458),.UNSPECIFIED.,.F.,.F.)
B_SPLINE_CURVE_WITH_KNOTS((4,4),(-1.,0.),.UNSPECIFIED.)
CURVE()
GEOMETRIC_REPRESENTATION_ITEM()
RATIONAL_B_SPLINE_CURVE((1.,1.,1.,1.))
REPRESENTATION_ITEM('')
);
#1815=(
BOUNDED_CURVE()
B_SPLINE_CURVE(3,(#8467,#8468,#8469,#8470),.UNSPECIFIED.,.F.,.F.)
B_SPLINE_CURVE_WITH_KNOTS((4,4),(-1.,0.),.UNSPECIFIED.)
CURVE()
GEOMETRIC_REPRESENTATION_ITEM()
RATIONAL_B_SPLINE_CURVE((1.,1.,1.,1.))
REPRESENTATION_ITEM('')
);
#1816=(
BOUNDED_CURVE()
B_SPLINE_CURVE(3,(#8471,#8472,#8473,#8474),.UNSPECIFIED.,.F.,.F.)
B_SPLINE_CURVE_WITH_KNOTS((4,4),(-1.,0.),.UNSPECIFIED.)
CURVE()
GEOMETRIC_REPRESENTATION_ITEM()
RATIONAL_B_SPLINE_CURVE((1.,1.,1.,1.))
REPRESENTATION_ITEM('')
);
#1817=(
BOUNDED_CURVE()
B_SPLINE_CURVE(3,(#8500,#8501,#8502,#8503),.UNSPECIFIED.,.F.,.F.)
B_SPLINE_CURVE_WITH_KNOTS((4,4),(-1.,0.),.UNSPECIFIED.)
CURVE()
GEOMETRIC_REPRESENTATION_ITEM()
RATIONAL_B_SPLINE_CURVE((1.,1.,1.,1.))
REPRESENTATION_ITEM('')
);
#1818=(
BOUNDED_CURVE()
B_SPLINE_CURVE(3,(#8506,#8507,#8508,#8509),.UNSPECIFIED.,.F.,.F.)
B_SPLINE_CURVE_WITH_KNOTS((4,4),(-1.,0.),.UNSPECIFIED.)
CURVE()
GEOMETRIC_REPRESENTATION_ITEM()
RATIONAL_B_SPLINE_CURVE((1.,1.,1.,1.))
REPRESENTATION_ITEM('')
);
#1819=(
BOUNDED_CURVE()
B_SPLINE_CURVE(3,(#8519,#8520,#8521,#8522),.UNSPECIFIED.,.F.,.F.)
B_SPLINE_CURVE_WITH_KNOTS((4,4),(-1.,0.),.UNSPECIFIED.)
CURVE()
GEOMETRIC_REPRESENTATION_ITEM()
RATIONAL_B_SPLINE_CURVE((1.,1.,1.,1.))
REPRESENTATION_ITEM('')
);
#1820=(
BOUNDED_CURVE()
B_SPLINE_CURVE(3,(#8525,#8526,#8527,#8528),.UNSPECIFIED.,.F.,.F.)
B_SPLINE_CURVE_WITH_KNOTS((4,4),(-1.,0.),.UNSPECIFIED.)
CURVE()
GEOMETRIC_REPRESENTATION_ITEM()
RATIONAL_B_SPLINE_CURVE((1.,1.,1.,1.))
REPRESENTATION_ITEM('')
);
#1821=(
BOUNDED_CURVE()
B_SPLINE_CURVE(3,(#8538,#8539,#8540,#8541),.UNSPECIFIED.,.F.,.F.)
B_SPLINE_CURVE_WITH_KNOTS((4,4),(-1.,0.),.UNSPECIFIED.)
CURVE()
GEOMETRIC_REPRESENTATION_ITEM()
RATIONAL_B_SPLINE_CURVE((1.,1.,1.,1.))
REPRESENTATION_ITEM('')
);
#1822=(
BOUNDED_CURVE()
B_SPLINE_CURVE(3,(#8544,#8545,#8546,#8547),.UNSPECIFIED.,.F.,.F.)
B_SPLINE_CURVE_WITH_KNOTS((4,4),(-1.,0.),.UNSPECIFIED.)
CURVE()
GEOMETRIC_REPRESENTATION_ITEM()
RATIONAL_B_SPLINE_CURVE((1.,1.,1.,1.))
REPRESENTATION_ITEM('')
);
#1823=(
BOUNDED_CURVE()
B_SPLINE_CURVE(3,(#8569,#8570,#8571,#8572),.UNSPECIFIED.,.F.,.F.)
B_SPLINE_CURVE_WITH_KNOTS((4,4),(-1.,0.),.UNSPECIFIED.)
CURVE()
GEOMETRIC_REPRESENTATION_ITEM()
RATIONAL_B_SPLINE_CURVE((1.,1.,1.,1.))
REPRESENTATION_ITEM('')
);
#1824=(
BOUNDED_CURVE()
B_SPLINE_CURVE(3,(#8575,#8576,#8577,#8578),.UNSPECIFIED.,.F.,.F.)
B_SPLINE_CURVE_WITH_KNOTS((4,4),(-1.,0.),.UNSPECIFIED.)
CURVE()
GEOMETRIC_REPRESENTATION_ITEM()
RATIONAL_B_SPLINE_CURVE((1.,1.,1.,1.))
REPRESENTATION_ITEM('')
);
#1825=(
BOUNDED_CURVE()
B_SPLINE_CURVE(3,(#8588,#8589,#8590,#8591),.UNSPECIFIED.,.F.,.F.)
B_SPLINE_CURVE_WITH_KNOTS((4,4),(-1.,0.),.UNSPECIFIED.)
CURVE()
GEOMETRIC_REPRESENTATION_ITEM()
RATIONAL_B_SPLINE_CURVE((1.,1.,1.,1.))
REPRESENTATION_ITEM('')
);
#1826=(
BOUNDED_CURVE()
B_SPLINE_CURVE(3,(#8594,#8595,#8596,#8597),.UNSPECIFIED.,.F.,.F.)
B_SPLINE_CURVE_WITH_KNOTS((4,4),(-1.,0.),.UNSPECIFIED.)
CURVE()
GEOMETRIC_REPRESENTATION_ITEM()
RATIONAL_B_SPLINE_CURVE((1.,1.,1.,1.))
REPRESENTATION_ITEM('')
);
#1827=(
BOUNDED_CURVE()
B_SPLINE_CURVE(3,(#8607,#8608,#8609,#8610),.UNSPECIFIED.,.F.,.F.)
B_SPLINE_CURVE_WITH_KNOTS((4,4),(-1.,0.),.UNSPECIFIED.)
CURVE()
GEOMETRIC_REPRESENTATION_ITEM()
RATIONAL_B_SPLINE_CURVE((1.,1.,1.,1.))
REPRESENTATION_ITEM('')
);
#1828=(
BOUNDED_CURVE()
B_SPLINE_CURVE(3,(#8613,#8614,#8615,#8616),.UNSPECIFIED.,.F.,.F.)
B_SPLINE_CURVE_WITH_KNOTS((4,4),(-1.,0.),.UNSPECIFIED.)
CURVE()
GEOMETRIC_REPRESENTATION_ITEM()
RATIONAL_B_SPLINE_CURVE((1.,1.,1.,1.))
REPRESENTATION_ITEM('')
);
#1829=(
BOUNDED_CURVE()
B_SPLINE_CURVE(3,(#8626,#8627,#8628,#8629),.UNSPECIFIED.,.F.,.F.)
B_SPLINE_CURVE_WITH_KNOTS((4,4),(-1.,0.),.UNSPECIFIED.)
CURVE()
GEOMETRIC_REPRESENTATION_ITEM()
RATIONAL_B_SPLINE_CURVE((1.,1.,1.,1.))
REPRESENTATION_ITEM('')
);
#1830=(
BOUNDED_CURVE()
B_SPLINE_CURVE(3,(#8632,#8633,#8634,#8635),.UNSPECIFIED.,.F.,.F.)
B_SPLINE_CURVE_WITH_KNOTS((4,4),(-1.,0.),.UNSPECIFIED.)
CURVE()
GEOMETRIC_REPRESENTATION_ITEM()
RATIONAL_B_SPLINE_CURVE((1.,1.,1.,1.))
REPRESENTATION_ITEM('')
);
#1831=(
BOUNDED_CURVE()
B_SPLINE_CURVE(3,(#8645,#8646,#8647,#8648),.UNSPECIFIED.,.F.,.F.)
B_SPLINE_CURVE_WITH_KNOTS((4,4),(-1.,0.),.UNSPECIFIED.)
CURVE()
GEOMETRIC_REPRESENTATION_ITEM()
RATIONAL_B_SPLINE_CURVE((1.,1.,1.,1.))
REPRESENTATION_ITEM('')
);
#1832=(
BOUNDED_CURVE()
B_SPLINE_CURVE(3,(#8651,#8652,#8653,#8654),.UNSPECIFIED.,.F.,.F.)
B_SPLINE_CURVE_WITH_KNOTS((4,4),(-1.,0.),.UNSPECIFIED.)
CURVE()
GEOMETRIC_REPRESENTATION_ITEM()
RATIONAL_B_SPLINE_CURVE((1.,1.,1.,1.))
REPRESENTATION_ITEM('')
);
#1833=(
BOUNDED_CURVE()
B_SPLINE_CURVE(3,(#8664,#8665,#8666,#8667),.UNSPECIFIED.,.F.,.F.)
B_SPLINE_CURVE_WITH_KNOTS((4,4),(-1.,0.),.UNSPECIFIED.)
CURVE()
GEOMETRIC_REPRESENTATION_ITEM()
RATIONAL_B_SPLINE_CURVE((1.,1.,1.,1.))
REPRESENTATION_ITEM('')
);
#1834=(
BOUNDED_CURVE()
B_SPLINE_CURVE(3,(#8670,#8671,#8672,#8673),.UNSPECIFIED.,.F.,.F.)
B_SPLINE_CURVE_WITH_KNOTS((4,4),(-1.,0.),.UNSPECIFIED.)
CURVE()
GEOMETRIC_REPRESENTATION_ITEM()
RATIONAL_B_SPLINE_CURVE((1.,1.,1.,1.))
REPRESENTATION_ITEM('')
);
#1835=(
BOUNDED_CURVE()
B_SPLINE_CURVE(3,(#8695,#8696,#8697,#8698),.UNSPECIFIED.,.F.,.F.)
B_SPLINE_CURVE_WITH_KNOTS((4,4),(-1.,0.),.UNSPECIFIED.)
CURVE()
GEOMETRIC_REPRESENTATION_ITEM()
RATIONAL_B_SPLINE_CURVE((1.,1.,1.,1.))
REPRESENTATION_ITEM('')
);
#1836=(
BOUNDED_CURVE()
B_SPLINE_CURVE(3,(#8701,#8702,#8703,#8704),.UNSPECIFIED.,.F.,.F.)
B_SPLINE_CURVE_WITH_KNOTS((4,4),(-1.,0.),.UNSPECIFIED.)
CURVE()
GEOMETRIC_REPRESENTATION_ITEM()
RATIONAL_B_SPLINE_CURVE((1.,1.,1.,1.))
REPRESENTATION_ITEM('')
);
#1837=(
BOUNDED_CURVE()
B_SPLINE_CURVE(3,(#8714,#8715,#8716,#8717),.UNSPECIFIED.,.F.,.F.)
B_SPLINE_CURVE_WITH_KNOTS((4,4),(-1.,0.),.UNSPECIFIED.)
CURVE()
GEOMETRIC_REPRESENTATION_ITEM()
RATIONAL_B_SPLINE_CURVE((1.,1.,1.,1.))
REPRESENTATION_ITEM('')
);
#1838=(
BOUNDED_CURVE()
B_SPLINE_CURVE(3,(#8720,#8721,#8722,#8723),.UNSPECIFIED.,.F.,.F.)
B_SPLINE_CURVE_WITH_KNOTS((4,4),(-1.,0.),.UNSPECIFIED.)
CURVE()
GEOMETRIC_REPRESENTATION_ITEM()
RATIONAL_B_SPLINE_CURVE((1.,1.,1.,1.))
REPRESENTATION_ITEM('')
);
#1839=(
BOUNDED_CURVE()
B_SPLINE_CURVE(3,(#8733,#8734,#8735,#8736),.UNSPECIFIED.,.F.,.F.)
B_SPLINE_CURVE_WITH_KNOTS((4,4),(-1.,0.),.UNSPECIFIED.)
CURVE()
GEOMETRIC_REPRESENTATION_ITEM()
RATIONAL_B_SPLINE_CURVE((1.,1.,1.,1.))
REPRESENTATION_ITEM('')
);
#1840=(
BOUNDED_CURVE()
B_SPLINE_CURVE(3,(#8739,#8740,#8741,#8742),.UNSPECIFIED.,.F.,.F.)
B_SPLINE_CURVE_WITH_KNOTS((4,4),(-1.,0.),.UNSPECIFIED.)
CURVE()
GEOMETRIC_REPRESENTATION_ITEM()
RATIONAL_B_SPLINE_CURVE((1.,1.,1.,1.))
REPRESENTATION_ITEM('')
);
#1841=(
BOUNDED_CURVE()
B_SPLINE_CURVE(3,(#8752,#8753,#8754,#8755),.UNSPECIFIED.,.F.,.F.)
B_SPLINE_CURVE_WITH_KNOTS((4,4),(-1.,0.),.UNSPECIFIED.)
CURVE()
GEOMETRIC_REPRESENTATION_ITEM()
RATIONAL_B_SPLINE_CURVE((1.,1.,1.,1.))
REPRESENTATION_ITEM('')
);
#1842=(
BOUNDED_CURVE()
B_SPLINE_CURVE(3,(#8758,#8759,#8760,#8761),.UNSPECIFIED.,.F.,.F.)
B_SPLINE_CURVE_WITH_KNOTS((4,4),(-1.,0.),.UNSPECIFIED.)
CURVE()
GEOMETRIC_REPRESENTATION_ITEM()
RATIONAL_B_SPLINE_CURVE((1.,1.,1.,1.))
REPRESENTATION_ITEM('')
);
#1843=(
BOUNDED_CURVE()
B_SPLINE_CURVE(3,(#8771,#8772,#8773,#8774),.UNSPECIFIED.,.F.,.F.)
B_SPLINE_CURVE_WITH_KNOTS((4,4),(-1.,0.),.UNSPECIFIED.)
CURVE()
GEOMETRIC_REPRESENTATION_ITEM()
RATIONAL_B_SPLINE_CURVE((1.,1.,1.,1.))
REPRESENTATION_ITEM('')
);
#1844=(
BOUNDED_CURVE()
B_SPLINE_CURVE(3,(#8777,#8778,#8779,#8780),.UNSPECIFIED.,.F.,.F.)
B_SPLINE_CURVE_WITH_KNOTS((4,4),(-1.,0.),.UNSPECIFIED.)
CURVE()
GEOMETRIC_REPRESENTATION_ITEM()
RATIONAL_B_SPLINE_CURVE((1.,1.,1.,1.))
REPRESENTATION_ITEM('')
);
#1845=(
BOUNDED_CURVE()
B_SPLINE_CURVE(3,(#8790,#8791,#8792,#8793),.UNSPECIFIED.,.F.,.F.)
B_SPLINE_CURVE_WITH_KNOTS((4,4),(-1.,0.),.UNSPECIFIED.)
CURVE()
GEOMETRIC_REPRESENTATION_ITEM()
RATIONAL_B_SPLINE_CURVE((1.,1.,1.,1.))
REPRESENTATION_ITEM('')
);
#1846=(
BOUNDED_CURVE()
B_SPLINE_CURVE(3,(#8796,#8797,#8798,#8799),.UNSPECIFIED.,.F.,.F.)
B_SPLINE_CURVE_WITH_KNOTS((4,4),(-1.,0.),.UNSPECIFIED.)
CURVE()
GEOMETRIC_REPRESENTATION_ITEM()
RATIONAL_B_SPLINE_CURVE((1.,1.,1.,1.))
REPRESENTATION_ITEM('')
);
#1847=(
BOUNDED_CURVE()
B_SPLINE_CURVE(3,(#8809,#8810,#8811,#8812),.UNSPECIFIED.,.F.,.F.)
B_SPLINE_CURVE_WITH_KNOTS((4,4),(-1.,0.),.UNSPECIFIED.)
CURVE()
GEOMETRIC_REPRESENTATION_ITEM()
RATIONAL_B_SPLINE_CURVE((1.,1.,1.,1.))
REPRESENTATION_ITEM('')
);
#1848=(
BOUNDED_CURVE()
B_SPLINE_CURVE(3,(#8815,#8816,#8817,#8818),.UNSPECIFIED.,.F.,.F.)
B_SPLINE_CURVE_WITH_KNOTS((4,4),(-1.,0.),.UNSPECIFIED.)
CURVE()
GEOMETRIC_REPRESENTATION_ITEM()
RATIONAL_B_SPLINE_CURVE((1.,1.,1.,1.))
REPRESENTATION_ITEM('')
);
#1849=(
BOUNDED_CURVE()
B_SPLINE_CURVE(3,(#8827,#8828,#8829,#8830),.UNSPECIFIED.,.F.,.F.)
B_SPLINE_CURVE_WITH_KNOTS((4,4),(-1.,0.),.UNSPECIFIED.)
CURVE()
GEOMETRIC_REPRESENTATION_ITEM()
RATIONAL_B_SPLINE_CURVE((1.,1.,1.,1.))
REPRESENTATION_ITEM('')
);
#1850=(
BOUNDED_CURVE()
B_SPLINE_CURVE(3,(#8831,#8832,#8833,#8834),.UNSPECIFIED.,.F.,.F.)
B_SPLINE_CURVE_WITH_KNOTS((4,4),(-1.,0.),.UNSPECIFIED.)
CURVE()
GEOMETRIC_REPRESENTATION_ITEM()
RATIONAL_B_SPLINE_CURVE((1.,1.,1.,1.))
REPRESENTATION_ITEM('')
);
#1851=(
BOUNDED_CURVE()
B_SPLINE_CURVE(3,(#8854,#8855,#8856,#8857),.UNSPECIFIED.,.F.,.F.)
B_SPLINE_CURVE_WITH_KNOTS((4,4),(-1.,0.),.UNSPECIFIED.)
CURVE()
GEOMETRIC_REPRESENTATION_ITEM()
RATIONAL_B_SPLINE_CURVE((1.,1.,1.,1.))
REPRESENTATION_ITEM('')
);
#1852=(
BOUNDED_CURVE()
B_SPLINE_CURVE(3,(#8860,#8861,#8862,#8863),.UNSPECIFIED.,.F.,.F.)
B_SPLINE_CURVE_WITH_KNOTS((4,4),(-1.,0.),.UNSPECIFIED.)
CURVE()
GEOMETRIC_REPRESENTATION_ITEM()
RATIONAL_B_SPLINE_CURVE((1.,1.,1.,1.))
REPRESENTATION_ITEM('')
);
#1853=(
BOUNDED_CURVE()
B_SPLINE_CURVE(3,(#8873,#8874,#8875,#8876),.UNSPECIFIED.,.F.,.F.)
B_SPLINE_CURVE_WITH_KNOTS((4,4),(-1.,0.),.UNSPECIFIED.)
CURVE()
GEOMETRIC_REPRESENTATION_ITEM()
RATIONAL_B_SPLINE_CURVE((1.,1.,1.,1.))
REPRESENTATION_ITEM('')
);
#1854=(
BOUNDED_CURVE()
B_SPLINE_CURVE(3,(#8879,#8880,#8881,#8882),.UNSPECIFIED.,.F.,.F.)
B_SPLINE_CURVE_WITH_KNOTS((4,4),(-1.,0.),.UNSPECIFIED.)
CURVE()
GEOMETRIC_REPRESENTATION_ITEM()
RATIONAL_B_SPLINE_CURVE((1.,1.,1.,1.))
REPRESENTATION_ITEM('')
);
#1855=(
BOUNDED_CURVE()
B_SPLINE_CURVE(3,(#8892,#8893,#8894,#8895),.UNSPECIFIED.,.F.,.F.)
B_SPLINE_CURVE_WITH_KNOTS((4,4),(-1.,0.),.UNSPECIFIED.)
CURVE()
GEOMETRIC_REPRESENTATION_ITEM()
RATIONAL_B_SPLINE_CURVE((1.,1.,1.,1.))
REPRESENTATION_ITEM('')
);
#1856=(
BOUNDED_CURVE()
B_SPLINE_CURVE(3,(#8898,#8899,#8900,#8901),.UNSPECIFIED.,.F.,.F.)
B_SPLINE_CURVE_WITH_KNOTS((4,4),(-1.,0.),.UNSPECIFIED.)
CURVE()
GEOMETRIC_REPRESENTATION_ITEM()
RATIONAL_B_SPLINE_CURVE((1.,1.,1.,1.))
REPRESENTATION_ITEM('')
);
#1857=(
BOUNDED_CURVE()
B_SPLINE_CURVE(3,(#8911,#8912,#8913,#8914),.UNSPECIFIED.,.F.,.F.)
B_SPLINE_CURVE_WITH_KNOTS((4,4),(-1.,0.),.UNSPECIFIED.)
CURVE()
GEOMETRIC_REPRESENTATION_ITEM()
RATIONAL_B_SPLINE_CURVE((1.,1.,1.,1.))
REPRESENTATION_ITEM('')
);
#1858=(
BOUNDED_CURVE()
B_SPLINE_CURVE(3,(#8917,#8918,#8919,#8920),.UNSPECIFIED.,.F.,.F.)
B_SPLINE_CURVE_WITH_KNOTS((4,4),(-1.,0.),.UNSPECIFIED.)
CURVE()
GEOMETRIC_REPRESENTATION_ITEM()
RATIONAL_B_SPLINE_CURVE((1.,1.,1.,1.))
REPRESENTATION_ITEM('')
);
#1859=(
BOUNDED_CURVE()
B_SPLINE_CURVE(3,(#8942,#8943,#8944,#8945),.UNSPECIFIED.,.F.,.F.)
B_SPLINE_CURVE_WITH_KNOTS((4,4),(-1.,0.),.UNSPECIFIED.)
CURVE()
GEOMETRIC_REPRESENTATION_ITEM()
RATIONAL_B_SPLINE_CURVE((1.,1.,1.,1.))
REPRESENTATION_ITEM('')
);
#1860=(
BOUNDED_CURVE()
B_SPLINE_CURVE(3,(#8948,#8949,#8950,#8951),.UNSPECIFIED.,.F.,.F.)
B_SPLINE_CURVE_WITH_KNOTS((4,4),(-1.,0.),.UNSPECIFIED.)
CURVE()
GEOMETRIC_REPRESENTATION_ITEM()
RATIONAL_B_SPLINE_CURVE((1.,1.,1.,1.))
REPRESENTATION_ITEM('')
);
#1861=(
BOUNDED_CURVE()
B_SPLINE_CURVE(3,(#8961,#8962,#8963,#8964),.UNSPECIFIED.,.F.,.F.)
B_SPLINE_CURVE_WITH_KNOTS((4,4),(-1.,0.),.UNSPECIFIED.)
CURVE()
GEOMETRIC_REPRESENTATION_ITEM()
RATIONAL_B_SPLINE_CURVE((1.,1.,1.,1.))
REPRESENTATION_ITEM('')
);
#1862=(
BOUNDED_CURVE()
B_SPLINE_CURVE(3,(#8967,#8968,#8969,#8970),.UNSPECIFIED.,.F.,.F.)
B_SPLINE_CURVE_WITH_KNOTS((4,4),(-1.,0.),.UNSPECIFIED.)
CURVE()
GEOMETRIC_REPRESENTATION_ITEM()
RATIONAL_B_SPLINE_CURVE((1.,1.,1.,1.))
REPRESENTATION_ITEM('')
);
#1863=(
BOUNDED_CURVE()
B_SPLINE_CURVE(3,(#8984,#8985,#8986,#8987),.UNSPECIFIED.,.F.,.F.)
B_SPLINE_CURVE_WITH_KNOTS((4,4),(-1.,0.),.UNSPECIFIED.)
CURVE()
GEOMETRIC_REPRESENTATION_ITEM()
RATIONAL_B_SPLINE_CURVE((1.,1.,1.,1.))
REPRESENTATION_ITEM('')
);
#1864=(
BOUNDED_CURVE()
B_SPLINE_CURVE(3,(#8991,#8992,#8993,#8994),.UNSPECIFIED.,.F.,.F.)
B_SPLINE_CURVE_WITH_KNOTS((4,4),(-1.,0.),.UNSPECIFIED.)
CURVE()
GEOMETRIC_REPRESENTATION_ITEM()
RATIONAL_B_SPLINE_CURVE((1.,1.,1.,1.))
REPRESENTATION_ITEM('')
);
#1865=(
BOUNDED_CURVE()
B_SPLINE_CURVE(3,(#9017,#9018,#9019,#9020),.UNSPECIFIED.,.F.,.F.)
B_SPLINE_CURVE_WITH_KNOTS((4,4),(-1.,0.),.UNSPECIFIED.)
CURVE()
GEOMETRIC_REPRESENTATION_ITEM()
RATIONAL_B_SPLINE_CURVE((1.,1.,1.,1.))
REPRESENTATION_ITEM('')
);
#1866=(
BOUNDED_CURVE()
B_SPLINE_CURVE(3,(#9023,#9024,#9025,#9026),.UNSPECIFIED.,.F.,.F.)
B_SPLINE_CURVE_WITH_KNOTS((4,4),(-1.,0.),.UNSPECIFIED.)
CURVE()
GEOMETRIC_REPRESENTATION_ITEM()
RATIONAL_B_SPLINE_CURVE((1.,1.,1.,1.))
REPRESENTATION_ITEM('')
);
#1867=(
BOUNDED_CURVE()
B_SPLINE_CURVE(3,(#9078,#9079,#9080,#9081),.UNSPECIFIED.,.F.,.F.)
B_SPLINE_CURVE_WITH_KNOTS((4,4),(-1.,0.),.UNSPECIFIED.)
CURVE()
GEOMETRIC_REPRESENTATION_ITEM()
RATIONAL_B_SPLINE_CURVE((1.,1.,1.,1.))
REPRESENTATION_ITEM('')
);
#1868=(
BOUNDED_CURVE()
B_SPLINE_CURVE(3,(#9084,#9085,#9086,#9087),.UNSPECIFIED.,.F.,.F.)
B_SPLINE_CURVE_WITH_KNOTS((4,4),(-1.,0.),.UNSPECIFIED.)
CURVE()
GEOMETRIC_REPRESENTATION_ITEM()
RATIONAL_B_SPLINE_CURVE((1.,1.,1.,1.))
REPRESENTATION_ITEM('')
);
#1869=(
BOUNDED_CURVE()
B_SPLINE_CURVE(3,(#9097,#9098,#9099,#9100),.UNSPECIFIED.,.F.,.F.)
B_SPLINE_CURVE_WITH_KNOTS((4,4),(-1.,0.),.UNSPECIFIED.)
CURVE()
GEOMETRIC_REPRESENTATION_ITEM()
RATIONAL_B_SPLINE_CURVE((1.,1.,1.,1.))
REPRESENTATION_ITEM('')
);
#1870=(
BOUNDED_CURVE()
B_SPLINE_CURVE(3,(#9103,#9104,#9105,#9106),.UNSPECIFIED.,.F.,.F.)
B_SPLINE_CURVE_WITH_KNOTS((4,4),(-1.,0.),.UNSPECIFIED.)
CURVE()
GEOMETRIC_REPRESENTATION_ITEM()
RATIONAL_B_SPLINE_CURVE((1.,1.,1.,1.))
REPRESENTATION_ITEM('')
);
#1871=(
BOUNDED_CURVE()
B_SPLINE_CURVE(3,(#9128,#9129,#9130,#9131),.UNSPECIFIED.,.F.,.F.)
B_SPLINE_CURVE_WITH_KNOTS((4,4),(-1.,0.),.UNSPECIFIED.)
CURVE()
GEOMETRIC_REPRESENTATION_ITEM()
RATIONAL_B_SPLINE_CURVE((1.,1.,1.,1.))
REPRESENTATION_ITEM('')
);
#1872=(
BOUNDED_CURVE()
B_SPLINE_CURVE(3,(#9134,#9135,#9136,#9137),.UNSPECIFIED.,.F.,.F.)
B_SPLINE_CURVE_WITH_KNOTS((4,4),(-1.,0.),.UNSPECIFIED.)
CURVE()
GEOMETRIC_REPRESENTATION_ITEM()
RATIONAL_B_SPLINE_CURVE((1.,1.,1.,1.))
REPRESENTATION_ITEM('')
);
#1873=(
BOUNDED_CURVE()
B_SPLINE_CURVE(3,(#9147,#9148,#9149,#9150),.UNSPECIFIED.,.F.,.F.)
B_SPLINE_CURVE_WITH_KNOTS((4,4),(-1.,0.),.UNSPECIFIED.)
CURVE()
GEOMETRIC_REPRESENTATION_ITEM()
RATIONAL_B_SPLINE_CURVE((1.,1.,1.,1.))
REPRESENTATION_ITEM('')
);
#1874=(
BOUNDED_CURVE()
B_SPLINE_CURVE(3,(#9153,#9154,#9155,#9156),.UNSPECIFIED.,.F.,.F.)
B_SPLINE_CURVE_WITH_KNOTS((4,4),(-1.,0.),.UNSPECIFIED.)
CURVE()
GEOMETRIC_REPRESENTATION_ITEM()
RATIONAL_B_SPLINE_CURVE((1.,1.,1.,1.))
REPRESENTATION_ITEM('')
);
#1875=(
BOUNDED_CURVE()
B_SPLINE_CURVE(3,(#9166,#9167,#9168,#9169),.UNSPECIFIED.,.F.,.F.)
B_SPLINE_CURVE_WITH_KNOTS((4,4),(-1.,0.),.UNSPECIFIED.)
CURVE()
GEOMETRIC_REPRESENTATION_ITEM()
RATIONAL_B_SPLINE_CURVE((1.,1.,1.,1.))
REPRESENTATION_ITEM('')
);
#1876=(
BOUNDED_CURVE()
B_SPLINE_CURVE(3,(#9172,#9173,#9174,#9175),.UNSPECIFIED.,.F.,.F.)
B_SPLINE_CURVE_WITH_KNOTS((4,4),(-1.,0.),.UNSPECIFIED.)
CURVE()
GEOMETRIC_REPRESENTATION_ITEM()
RATIONAL_B_SPLINE_CURVE((1.,1.,1.,1.))
REPRESENTATION_ITEM('')
);
#1877=(
BOUNDED_CURVE()
B_SPLINE_CURVE(3,(#9185,#9186,#9187,#9188),.UNSPECIFIED.,.F.,.F.)
B_SPLINE_CURVE_WITH_KNOTS((4,4),(-1.,0.),.UNSPECIFIED.)
CURVE()
GEOMETRIC_REPRESENTATION_ITEM()
RATIONAL_B_SPLINE_CURVE((1.,1.,1.,1.))
REPRESENTATION_ITEM('')
);
#1878=(
BOUNDED_CURVE()
B_SPLINE_CURVE(3,(#9191,#9192,#9193,#9194),.UNSPECIFIED.,.F.,.F.)
B_SPLINE_CURVE_WITH_KNOTS((4,4),(-1.,0.),.UNSPECIFIED.)
CURVE()
GEOMETRIC_REPRESENTATION_ITEM()
RATIONAL_B_SPLINE_CURVE((1.,1.,1.,1.))
REPRESENTATION_ITEM('')
);
#1879=(
BOUNDED_CURVE()
B_SPLINE_CURVE(3,(#9204,#9205,#9206,#9207),.UNSPECIFIED.,.F.,.F.)
B_SPLINE_CURVE_WITH_KNOTS((4,4),(-1.,0.),.UNSPECIFIED.)
CURVE()
GEOMETRIC_REPRESENTATION_ITEM()
RATIONAL_B_SPLINE_CURVE((1.,1.,1.,1.))
REPRESENTATION_ITEM('')
);
#1880=(
BOUNDED_CURVE()
B_SPLINE_CURVE(3,(#9210,#9211,#9212,#9213),.UNSPECIFIED.,.F.,.F.)
B_SPLINE_CURVE_WITH_KNOTS((4,4),(-1.,0.),.UNSPECIFIED.)
CURVE()
GEOMETRIC_REPRESENTATION_ITEM()
RATIONAL_B_SPLINE_CURVE((1.,1.,1.,1.))
REPRESENTATION_ITEM('')
);
#1881=(
BOUNDED_CURVE()
B_SPLINE_CURVE(3,(#9223,#9224,#9225,#9226),.UNSPECIFIED.,.F.,.F.)
B_SPLINE_CURVE_WITH_KNOTS((4,4),(-1.,0.),.UNSPECIFIED.)
CURVE()
GEOMETRIC_REPRESENTATION_ITEM()
RATIONAL_B_SPLINE_CURVE((1.,1.,1.,1.))
REPRESENTATION_ITEM('')
);
#1882=(
BOUNDED_CURVE()
B_SPLINE_CURVE(3,(#9229,#9230,#9231,#9232),.UNSPECIFIED.,.F.,.F.)
B_SPLINE_CURVE_WITH_KNOTS((4,4),(-1.,0.),.UNSPECIFIED.)
CURVE()
GEOMETRIC_REPRESENTATION_ITEM()
RATIONAL_B_SPLINE_CURVE((1.,1.,1.,1.))
REPRESENTATION_ITEM('')
);
#1883=(
BOUNDED_CURVE()
B_SPLINE_CURVE(3,(#9242,#9243,#9244,#9245),.UNSPECIFIED.,.F.,.F.)
B_SPLINE_CURVE_WITH_KNOTS((4,4),(-1.,0.),.UNSPECIFIED.)
CURVE()
GEOMETRIC_REPRESENTATION_ITEM()
RATIONAL_B_SPLINE_CURVE((1.,1.,1.,1.))
REPRESENTATION_ITEM('')
);
#1884=(
BOUNDED_CURVE()
B_SPLINE_CURVE(3,(#9248,#9249,#9250,#9251),.UNSPECIFIED.,.F.,.F.)
B_SPLINE_CURVE_WITH_KNOTS((4,4),(-1.,0.),.UNSPECIFIED.)
CURVE()
GEOMETRIC_REPRESENTATION_ITEM()
RATIONAL_B_SPLINE_CURVE((1.,1.,1.,1.))
REPRESENTATION_ITEM('')
);
#1885=(
BOUNDED_CURVE()
B_SPLINE_CURVE(3,(#9261,#9262,#9263,#9264),.UNSPECIFIED.,.F.,.F.)
B_SPLINE_CURVE_WITH_KNOTS((4,4),(-1.,0.),.UNSPECIFIED.)
CURVE()
GEOMETRIC_REPRESENTATION_ITEM()
RATIONAL_B_SPLINE_CURVE((1.,1.,1.,1.))
REPRESENTATION_ITEM('')
);
#1886=(
BOUNDED_CURVE()
B_SPLINE_CURVE(3,(#9267,#9268,#9269,#9270),.UNSPECIFIED.,.F.,.F.)
B_SPLINE_CURVE_WITH_KNOTS((4,4),(-1.,0.),.UNSPECIFIED.)
CURVE()
GEOMETRIC_REPRESENTATION_ITEM()
RATIONAL_B_SPLINE_CURVE((1.,1.,1.,1.))
REPRESENTATION_ITEM('')
);
#1887=(
BOUNDED_CURVE()
B_SPLINE_CURVE(3,(#9280,#9281,#9282,#9283),.UNSPECIFIED.,.F.,.F.)
B_SPLINE_CURVE_WITH_KNOTS((4,4),(-1.,0.),.UNSPECIFIED.)
CURVE()
GEOMETRIC_REPRESENTATION_ITEM()
RATIONAL_B_SPLINE_CURVE((1.,1.,1.,1.))
REPRESENTATION_ITEM('')
);
#1888=(
BOUNDED_CURVE()
B_SPLINE_CURVE(3,(#9286,#9287,#9288,#9289),.UNSPECIFIED.,.F.,.F.)
B_SPLINE_CURVE_WITH_KNOTS((4,4),(-1.,0.),.UNSPECIFIED.)
CURVE()
GEOMETRIC_REPRESENTATION_ITEM()
RATIONAL_B_SPLINE_CURVE((1.,1.,1.,1.))
REPRESENTATION_ITEM('')
);
#1889=(
BOUNDED_CURVE()
B_SPLINE_CURVE(3,(#9298,#9299,#9300,#9301),.UNSPECIFIED.,.F.,.F.)
B_SPLINE_CURVE_WITH_KNOTS((4,4),(-1.,0.),.UNSPECIFIED.)
CURVE()
GEOMETRIC_REPRESENTATION_ITEM()
RATIONAL_B_SPLINE_CURVE((1.,1.,1.,1.))
REPRESENTATION_ITEM('')
);
#1890=(
BOUNDED_CURVE()
B_SPLINE_CURVE(3,(#9302,#9303,#9304,#9305),.UNSPECIFIED.,.F.,.F.)
B_SPLINE_CURVE_WITH_KNOTS((4,4),(-1.,0.),.UNSPECIFIED.)
CURVE()
GEOMETRIC_REPRESENTATION_ITEM()
RATIONAL_B_SPLINE_CURVE((1.,1.,1.,1.))
REPRESENTATION_ITEM('')
);
#1891=(
BOUNDED_CURVE()
B_SPLINE_CURVE(3,(#9325,#9326,#9327,#9328),.UNSPECIFIED.,.F.,.F.)
B_SPLINE_CURVE_WITH_KNOTS((4,4),(-1.,0.),.UNSPECIFIED.)
CURVE()
GEOMETRIC_REPRESENTATION_ITEM()
RATIONAL_B_SPLINE_CURVE((1.,1.,1.,1.))
REPRESENTATION_ITEM('')
);
#1892=(
BOUNDED_CURVE()
B_SPLINE_CURVE(3,(#9331,#9332,#9333,#9334),.UNSPECIFIED.,.F.,.F.)
B_SPLINE_CURVE_WITH_KNOTS((4,4),(-1.,0.),.UNSPECIFIED.)
CURVE()
GEOMETRIC_REPRESENTATION_ITEM()
RATIONAL_B_SPLINE_CURVE((1.,1.,1.,1.))
REPRESENTATION_ITEM('')
);
#1893=(
BOUNDED_CURVE()
B_SPLINE_CURVE(3,(#9344,#9345,#9346,#9347),.UNSPECIFIED.,.F.,.F.)
B_SPLINE_CURVE_WITH_KNOTS((4,4),(-1.,0.),.UNSPECIFIED.)
CURVE()
GEOMETRIC_REPRESENTATION_ITEM()
RATIONAL_B_SPLINE_CURVE((1.,1.,1.,1.))
REPRESENTATION_ITEM('')
);
#1894=(
BOUNDED_CURVE()
B_SPLINE_CURVE(3,(#9350,#9351,#9352,#9353),.UNSPECIFIED.,.F.,.F.)
B_SPLINE_CURVE_WITH_KNOTS((4,4),(-1.,0.),.UNSPECIFIED.)
CURVE()
GEOMETRIC_REPRESENTATION_ITEM()
RATIONAL_B_SPLINE_CURVE((1.,1.,1.,1.))
REPRESENTATION_ITEM('')
);
#1895=(
BOUNDED_CURVE()
B_SPLINE_CURVE(3,(#9363,#9364,#9365,#9366),.UNSPECIFIED.,.F.,.F.)
B_SPLINE_CURVE_WITH_KNOTS((4,4),(-1.,0.),.UNSPECIFIED.)
CURVE()
GEOMETRIC_REPRESENTATION_ITEM()
RATIONAL_B_SPLINE_CURVE((1.,1.,1.,1.))
REPRESENTATION_ITEM('')
);
#1896=(
BOUNDED_CURVE()
B_SPLINE_CURVE(3,(#9369,#9370,#9371,#9372),.UNSPECIFIED.,.F.,.F.)
B_SPLINE_CURVE_WITH_KNOTS((4,4),(-1.,0.),.UNSPECIFIED.)
CURVE()
GEOMETRIC_REPRESENTATION_ITEM()
RATIONAL_B_SPLINE_CURVE((1.,1.,1.,1.))
REPRESENTATION_ITEM('')
);
#1897=(
BOUNDED_CURVE()
B_SPLINE_CURVE(3,(#9382,#9383,#9384,#9385),.UNSPECIFIED.,.F.,.F.)
B_SPLINE_CURVE_WITH_KNOTS((4,4),(-1.,0.),.UNSPECIFIED.)
CURVE()
GEOMETRIC_REPRESENTATION_ITEM()
RATIONAL_B_SPLINE_CURVE((1.,1.,1.,1.))
REPRESENTATION_ITEM('')
);
#1898=(
BOUNDED_CURVE()
B_SPLINE_CURVE(3,(#9388,#9389,#9390,#9391),.UNSPECIFIED.,.F.,.F.)
B_SPLINE_CURVE_WITH_KNOTS((4,4),(-1.,0.),.UNSPECIFIED.)
CURVE()
GEOMETRIC_REPRESENTATION_ITEM()
RATIONAL_B_SPLINE_CURVE((1.,1.,1.,1.))
REPRESENTATION_ITEM('')
);
#1899=(
BOUNDED_CURVE()
B_SPLINE_CURVE(3,(#9401,#9402,#9403,#9404),.UNSPECIFIED.,.F.,.F.)
B_SPLINE_CURVE_WITH_KNOTS((4,4),(-1.,0.),.UNSPECIFIED.)
CURVE()
GEOMETRIC_REPRESENTATION_ITEM()
RATIONAL_B_SPLINE_CURVE((1.,1.,1.,1.))
REPRESENTATION_ITEM('')
);
#1900=(
BOUNDED_CURVE()
B_SPLINE_CURVE(3,(#9407,#9408,#9409,#9410),.UNSPECIFIED.,.F.,.F.)
B_SPLINE_CURVE_WITH_KNOTS((4,4),(-1.,0.),.UNSPECIFIED.)
CURVE()
GEOMETRIC_REPRESENTATION_ITEM()
RATIONAL_B_SPLINE_CURVE((1.,1.,1.,1.))
REPRESENTATION_ITEM('')
);
#1901=(
BOUNDED_CURVE()
B_SPLINE_CURVE(3,(#9432,#9433,#9434,#9435),.UNSPECIFIED.,.F.,.F.)
B_SPLINE_CURVE_WITH_KNOTS((4,4),(-1.,0.),.UNSPECIFIED.)
CURVE()
GEOMETRIC_REPRESENTATION_ITEM()
RATIONAL_B_SPLINE_CURVE((1.,1.,1.,1.))
REPRESENTATION_ITEM('')
);
#1902=(
BOUNDED_CURVE()
B_SPLINE_CURVE(3,(#9438,#9439,#9440,#9441),.UNSPECIFIED.,.F.,.F.)
B_SPLINE_CURVE_WITH_KNOTS((4,4),(-1.,0.),.UNSPECIFIED.)
CURVE()
GEOMETRIC_REPRESENTATION_ITEM()
RATIONAL_B_SPLINE_CURVE((1.,1.,1.,1.))
REPRESENTATION_ITEM('')
);
#1903=(
BOUNDED_CURVE()
B_SPLINE_CURVE(3,(#9451,#9452,#9453,#9454),.UNSPECIFIED.,.F.,.F.)
B_SPLINE_CURVE_WITH_KNOTS((4,4),(-1.,0.),.UNSPECIFIED.)
CURVE()
GEOMETRIC_REPRESENTATION_ITEM()
RATIONAL_B_SPLINE_CURVE((1.,1.,1.,1.))
REPRESENTATION_ITEM('')
);
#1904=(
BOUNDED_CURVE()
B_SPLINE_CURVE(3,(#9457,#9458,#9459,#9460),.UNSPECIFIED.,.F.,.F.)
B_SPLINE_CURVE_WITH_KNOTS((4,4),(-1.,0.),.UNSPECIFIED.)
CURVE()
GEOMETRIC_REPRESENTATION_ITEM()
RATIONAL_B_SPLINE_CURVE((1.,1.,1.,1.))
REPRESENTATION_ITEM('')
);
#1905=(
BOUNDED_CURVE()
B_SPLINE_CURVE(3,(#9474,#9475,#9476,#9477),.UNSPECIFIED.,.F.,.F.)
B_SPLINE_CURVE_WITH_KNOTS((4,4),(-1.,0.),.UNSPECIFIED.)
CURVE()
GEOMETRIC_REPRESENTATION_ITEM()
RATIONAL_B_SPLINE_CURVE((1.,1.,1.,1.))
REPRESENTATION_ITEM('')
);
#1906=(
BOUNDED_CURVE()
B_SPLINE_CURVE(3,(#9481,#9482,#9483,#9484),.UNSPECIFIED.,.F.,.F.)
B_SPLINE_CURVE_WITH_KNOTS((4,4),(-1.,0.),.UNSPECIFIED.)
CURVE()
GEOMETRIC_REPRESENTATION_ITEM()
RATIONAL_B_SPLINE_CURVE((1.,1.,1.,1.))
REPRESENTATION_ITEM('')
);
#1907=(
BOUNDED_CURVE()
B_SPLINE_CURVE(3,(#9507,#9508,#9509,#9510),.UNSPECIFIED.,.F.,.F.)
B_SPLINE_CURVE_WITH_KNOTS((4,4),(-1.,0.),.UNSPECIFIED.)
CURVE()
GEOMETRIC_REPRESENTATION_ITEM()
RATIONAL_B_SPLINE_CURVE((1.,1.,1.,1.))
REPRESENTATION_ITEM('')
);
#1908=(
BOUNDED_CURVE()
B_SPLINE_CURVE(3,(#9513,#9514,#9515,#9516),.UNSPECIFIED.,.F.,.F.)
B_SPLINE_CURVE_WITH_KNOTS((4,4),(-1.,0.),.UNSPECIFIED.)
CURVE()
GEOMETRIC_REPRESENTATION_ITEM()
RATIONAL_B_SPLINE_CURVE((1.,1.,1.,1.))
REPRESENTATION_ITEM('')
);
#1909=(
BOUNDED_CURVE()
B_SPLINE_CURVE(3,(#9538,#9539,#9540,#9541),.UNSPECIFIED.,.F.,.F.)
B_SPLINE_CURVE_WITH_KNOTS((4,4),(-1.,0.),.UNSPECIFIED.)
CURVE()
GEOMETRIC_REPRESENTATION_ITEM()
RATIONAL_B_SPLINE_CURVE((1.,1.,1.,1.))
REPRESENTATION_ITEM('')
);
#1910=(
BOUNDED_CURVE()
B_SPLINE_CURVE(3,(#9544,#9545,#9546,#9547),.UNSPECIFIED.,.F.,.F.)
B_SPLINE_CURVE_WITH_KNOTS((4,4),(-1.,0.),.UNSPECIFIED.)
CURVE()
GEOMETRIC_REPRESENTATION_ITEM()
RATIONAL_B_SPLINE_CURVE((1.,1.,1.,1.))
REPRESENTATION_ITEM('')
);
#1911=(
BOUNDED_CURVE()
B_SPLINE_CURVE(3,(#9581,#9582,#9583,#9584),.UNSPECIFIED.,.F.,.F.)
B_SPLINE_CURVE_WITH_KNOTS((4,4),(-1.,0.),.UNSPECIFIED.)
CURVE()
GEOMETRIC_REPRESENTATION_ITEM()
RATIONAL_B_SPLINE_CURVE((1.,1.,1.,1.))
REPRESENTATION_ITEM('')
);
#1912=(
BOUNDED_CURVE()
B_SPLINE_CURVE(3,(#9587,#9588,#9589,#9590),.UNSPECIFIED.,.F.,.F.)
B_SPLINE_CURVE_WITH_KNOTS((4,4),(-1.,0.),.UNSPECIFIED.)
CURVE()
GEOMETRIC_REPRESENTATION_ITEM()
RATIONAL_B_SPLINE_CURVE((1.,1.,1.,1.))
REPRESENTATION_ITEM('')
);
#1913=(
BOUNDED_CURVE()
B_SPLINE_CURVE(3,(#9600,#9601,#9602,#9603),.UNSPECIFIED.,.F.,.F.)
B_SPLINE_CURVE_WITH_KNOTS((4,4),(-1.,0.),.UNSPECIFIED.)
CURVE()
GEOMETRIC_REPRESENTATION_ITEM()
RATIONAL_B_SPLINE_CURVE((1.,1.,1.,1.))
REPRESENTATION_ITEM('')
);
#1914=(
BOUNDED_CURVE()
B_SPLINE_CURVE(3,(#9606,#9607,#9608,#9609),.UNSPECIFIED.,.F.,.F.)
B_SPLINE_CURVE_WITH_KNOTS((4,4),(-1.,0.),.UNSPECIFIED.)
CURVE()
GEOMETRIC_REPRESENTATION_ITEM()
RATIONAL_B_SPLINE_CURVE((1.,1.,1.,1.))
REPRESENTATION_ITEM('')
);
#1915=(
BOUNDED_CURVE()
B_SPLINE_CURVE(3,(#9631,#9632,#9633,#9634),.UNSPECIFIED.,.F.,.F.)
B_SPLINE_CURVE_WITH_KNOTS((4,4),(-1.,0.),.UNSPECIFIED.)
CURVE()
GEOMETRIC_REPRESENTATION_ITEM()
RATIONAL_B_SPLINE_CURVE((1.,1.,1.,1.))
REPRESENTATION_ITEM('')
);
#1916=(
BOUNDED_CURVE()
B_SPLINE_CURVE(3,(#9637,#9638,#9639,#9640),.UNSPECIFIED.,.F.,.F.)
B_SPLINE_CURVE_WITH_KNOTS((4,4),(-1.,0.),.UNSPECIFIED.)
CURVE()
GEOMETRIC_REPRESENTATION_ITEM()
RATIONAL_B_SPLINE_CURVE((1.,1.,1.,1.))
REPRESENTATION_ITEM('')
);
#1917=(
BOUNDED_CURVE()
B_SPLINE_CURVE(3,(#9650,#9651,#9652,#9653),.UNSPECIFIED.,.F.,.F.)
B_SPLINE_CURVE_WITH_KNOTS((4,4),(-1.,0.),.UNSPECIFIED.)
CURVE()
GEOMETRIC_REPRESENTATION_ITEM()
RATIONAL_B_SPLINE_CURVE((1.,1.,1.,1.))
REPRESENTATION_ITEM('')
);
#1918=(
BOUNDED_CURVE()
B_SPLINE_CURVE(3,(#9656,#9657,#9658,#9659),.UNSPECIFIED.,.F.,.F.)
B_SPLINE_CURVE_WITH_KNOTS((4,4),(-1.,0.),.UNSPECIFIED.)
CURVE()
GEOMETRIC_REPRESENTATION_ITEM()
RATIONAL_B_SPLINE_CURVE((1.,1.,1.,1.))
REPRESENTATION_ITEM('')
);
#1919=(
BOUNDED_CURVE()
B_SPLINE_CURVE(3,(#9669,#9670,#9671,#9672),.UNSPECIFIED.,.F.,.F.)
B_SPLINE_CURVE_WITH_KNOTS((4,4),(-1.,0.),.UNSPECIFIED.)
CURVE()
GEOMETRIC_REPRESENTATION_ITEM()
RATIONAL_B_SPLINE_CURVE((1.,1.,1.,1.))
REPRESENTATION_ITEM('')
);
#1920=(
BOUNDED_CURVE()
B_SPLINE_CURVE(3,(#9675,#9676,#9677,#9678),.UNSPECIFIED.,.F.,.F.)
B_SPLINE_CURVE_WITH_KNOTS((4,4),(-1.,0.),.UNSPECIFIED.)
CURVE()
GEOMETRIC_REPRESENTATION_ITEM()
RATIONAL_B_SPLINE_CURVE((1.,1.,1.,1.))
REPRESENTATION_ITEM('')
);
#1921=(
BOUNDED_CURVE()
B_SPLINE_CURVE(3,(#9688,#9689,#9690,#9691),.UNSPECIFIED.,.F.,.F.)
B_SPLINE_CURVE_WITH_KNOTS((4,4),(-1.,0.),.UNSPECIFIED.)
CURVE()
GEOMETRIC_REPRESENTATION_ITEM()
RATIONAL_B_SPLINE_CURVE((1.,1.,1.,1.))
REPRESENTATION_ITEM('')
);
#1922=(
BOUNDED_CURVE()
B_SPLINE_CURVE(3,(#9694,#9695,#9696,#9697),.UNSPECIFIED.,.F.,.F.)
B_SPLINE_CURVE_WITH_KNOTS((4,4),(-1.,0.),.UNSPECIFIED.)
CURVE()
GEOMETRIC_REPRESENTATION_ITEM()
RATIONAL_B_SPLINE_CURVE((1.,1.,1.,1.))
REPRESENTATION_ITEM('')
);
#1923=(
BOUNDED_CURVE()
B_SPLINE_CURVE(3,(#9707,#9708,#9709,#9710),.UNSPECIFIED.,.F.,.F.)
B_SPLINE_CURVE_WITH_KNOTS((4,4),(-1.,0.),.UNSPECIFIED.)
CURVE()
GEOMETRIC_REPRESENTATION_ITEM()
RATIONAL_B_SPLINE_CURVE((1.,1.,1.,1.))
REPRESENTATION_ITEM('')
);
#1924=(
BOUNDED_CURVE()
B_SPLINE_CURVE(3,(#9713,#9714,#9715,#9716),.UNSPECIFIED.,.F.,.F.)
B_SPLINE_CURVE_WITH_KNOTS((4,4),(-1.,0.),.UNSPECIFIED.)
CURVE()
GEOMETRIC_REPRESENTATION_ITEM()
RATIONAL_B_SPLINE_CURVE((1.,1.,1.,1.))
REPRESENTATION_ITEM('')
);
#1925=(
BOUNDED_CURVE()
B_SPLINE_CURVE(3,(#9726,#9727,#9728,#9729),.UNSPECIFIED.,.F.,.F.)
B_SPLINE_CURVE_WITH_KNOTS((4,4),(-1.,0.),.UNSPECIFIED.)
CURVE()
GEOMETRIC_REPRESENTATION_ITEM()
RATIONAL_B_SPLINE_CURVE((1.,1.,1.,1.))
REPRESENTATION_ITEM('')
);
#1926=(
BOUNDED_CURVE()
B_SPLINE_CURVE(3,(#9732,#9733,#9734,#9735),.UNSPECIFIED.,.F.,.F.)
B_SPLINE_CURVE_WITH_KNOTS((4,4),(-1.,0.),.UNSPECIFIED.)
CURVE()
GEOMETRIC_REPRESENTATION_ITEM()
RATIONAL_B_SPLINE_CURVE((1.,1.,1.,1.))
REPRESENTATION_ITEM('')
);
#1927=(
BOUNDED_CURVE()
B_SPLINE_CURVE(3,(#9745,#9746,#9747,#9748),.UNSPECIFIED.,.F.,.F.)
B_SPLINE_CURVE_WITH_KNOTS((4,4),(-1.,0.),.UNSPECIFIED.)
CURVE()
GEOMETRIC_REPRESENTATION_ITEM()
RATIONAL_B_SPLINE_CURVE((1.,1.,1.,1.))
REPRESENTATION_ITEM('')
);
#1928=(
BOUNDED_CURVE()
B_SPLINE_CURVE(3,(#9751,#9752,#9753,#9754),.UNSPECIFIED.,.F.,.F.)
B_SPLINE_CURVE_WITH_KNOTS((4,4),(-1.,0.),.UNSPECIFIED.)
CURVE()
GEOMETRIC_REPRESENTATION_ITEM()
RATIONAL_B_SPLINE_CURVE((1.,1.,1.,1.))
REPRESENTATION_ITEM('')
);
#1929=(
BOUNDED_CURVE()
B_SPLINE_CURVE(3,(#9764,#9765,#9766,#9767),.UNSPECIFIED.,.F.,.F.)
B_SPLINE_CURVE_WITH_KNOTS((4,4),(-1.,0.),.UNSPECIFIED.)
CURVE()
GEOMETRIC_REPRESENTATION_ITEM()
RATIONAL_B_SPLINE_CURVE((1.,1.,1.,1.))
REPRESENTATION_ITEM('')
);
#1930=(
BOUNDED_CURVE()
B_SPLINE_CURVE(3,(#9770,#9771,#9772,#9773),.UNSPECIFIED.,.F.,.F.)
B_SPLINE_CURVE_WITH_KNOTS((4,4),(-1.,0.),.UNSPECIFIED.)
CURVE()
GEOMETRIC_REPRESENTATION_ITEM()
RATIONAL_B_SPLINE_CURVE((1.,1.,1.,1.))
REPRESENTATION_ITEM('')
);
#1931=(
BOUNDED_CURVE()
B_SPLINE_CURVE(3,(#9783,#9784,#9785,#9786),.UNSPECIFIED.,.F.,.F.)
B_SPLINE_CURVE_WITH_KNOTS((4,4),(-1.,0.),.UNSPECIFIED.)
CURVE()
GEOMETRIC_REPRESENTATION_ITEM()
RATIONAL_B_SPLINE_CURVE((1.,1.,1.,1.))
REPRESENTATION_ITEM('')
);
#1932=(
BOUNDED_CURVE()
B_SPLINE_CURVE(3,(#9789,#9790,#9791,#9792),.UNSPECIFIED.,.F.,.F.)
B_SPLINE_CURVE_WITH_KNOTS((4,4),(-1.,0.),.UNSPECIFIED.)
CURVE()
GEOMETRIC_REPRESENTATION_ITEM()
RATIONAL_B_SPLINE_CURVE((1.,1.,1.,1.))
REPRESENTATION_ITEM('')
);
#1933=(
BOUNDED_CURVE()
B_SPLINE_CURVE(3,(#9801,#9802,#9803,#9804),.UNSPECIFIED.,.F.,.F.)
B_SPLINE_CURVE_WITH_KNOTS((4,4),(-1.,0.),.UNSPECIFIED.)
CURVE()
GEOMETRIC_REPRESENTATION_ITEM()
RATIONAL_B_SPLINE_CURVE((1.,1.,1.,1.))
REPRESENTATION_ITEM('')
);
#1934=(
BOUNDED_CURVE()
B_SPLINE_CURVE(3,(#9805,#9806,#9807,#9808),.UNSPECIFIED.,.F.,.F.)
B_SPLINE_CURVE_WITH_KNOTS((4,4),(-1.,0.),.UNSPECIFIED.)
CURVE()
GEOMETRIC_REPRESENTATION_ITEM()
RATIONAL_B_SPLINE_CURVE((1.,1.,1.,1.))
REPRESENTATION_ITEM('')
);
#1935=VERTEX_POINT('',#6078);
#1936=VERTEX_POINT('',#6079);
#1937=VERTEX_POINT('',#6084);
#1938=VERTEX_POINT('',#6086);
#1939=VERTEX_POINT('',#6100);
#1940=VERTEX_POINT('',#6105);
#1941=VERTEX_POINT('',#6119);
#1942=VERTEX_POINT('',#6124);
#1943=VERTEX_POINT('',#6138);
#1944=VERTEX_POINT('',#6143);
#1945=VERTEX_POINT('',#6157);
#1946=VERTEX_POINT('',#6162);
#1947=VERTEX_POINT('',#6176);
#1948=VERTEX_POINT('',#6181);
#1949=VERTEX_POINT('',#6188);
#1950=VERTEX_POINT('',#6190);
#1951=VERTEX_POINT('',#6194);
#1952=VERTEX_POINT('',#6196);
#1953=VERTEX_POINT('',#6207);
#1954=VERTEX_POINT('',#6212);
#1955=VERTEX_POINT('',#6226);
#1956=VERTEX_POINT('',#6231);
#1957=VERTEX_POINT('',#6245);
#1958=VERTEX_POINT('',#6250);
#1959=VERTEX_POINT('',#6264);
#1960=VERTEX_POINT('',#6269);
#1961=VERTEX_POINT('',#6283);
#1962=VERTEX_POINT('',#6288);
#1963=VERTEX_POINT('',#6302);
#1964=VERTEX_POINT('',#6307);
#1965=VERTEX_POINT('',#6321);
#1966=VERTEX_POINT('',#6326);
#1967=VERTEX_POINT('',#6340);
#1968=VERTEX_POINT('',#6345);
#1969=VERTEX_POINT('',#6359);
#1970=VERTEX_POINT('',#6364);
#1971=VERTEX_POINT('',#6378);
#1972=VERTEX_POINT('',#6383);
#1973=VERTEX_POINT('',#6397);
#1974=VERTEX_POINT('',#6402);
#1975=VERTEX_POINT('',#6416);
#1976=VERTEX_POINT('',#6421);
#1977=VERTEX_POINT('',#6435);
#1978=VERTEX_POINT('',#6440);
#1979=VERTEX_POINT('',#6447);
#1980=VERTEX_POINT('',#6449);
#1981=VERTEX_POINT('',#6453);
#1982=VERTEX_POINT('',#6455);
#1983=VERTEX_POINT('',#6466);
#1984=VERTEX_POINT('',#6471);
#1985=VERTEX_POINT('',#6485);
#1986=VERTEX_POINT('',#6490);
#1987=VERTEX_POINT('',#6497);
#1988=VERTEX_POINT('',#6499);
#1989=VERTEX_POINT('',#6503);
#1990=VERTEX_POINT('',#6505);
#1991=VERTEX_POINT('',#6516);
#1992=VERTEX_POINT('',#6521);
#1993=VERTEX_POINT('',#6535);
#1994=VERTEX_POINT('',#6540);
#1995=VERTEX_POINT('',#6554);
#1996=VERTEX_POINT('',#6559);
#1997=VERTEX_POINT('',#6573);
#1998=VERTEX_POINT('',#6578);
#1999=VERTEX_POINT('',#6592);
#2000=VERTEX_POINT('',#6597);
#2001=VERTEX_POINT('',#6611);
#2002=VERTEX_POINT('',#6616);
#2003=VERTEX_POINT('',#6630);
#2004=VERTEX_POINT('',#6635);
#2005=VERTEX_POINT('',#6649);
#2006=VERTEX_POINT('',#6654);
#2007=VERTEX_POINT('',#6668);
#2008=VERTEX_POINT('',#6673);
#2009=VERTEX_POINT('',#6687);
#2010=VERTEX_POINT('',#6692);
#2011=VERTEX_POINT('',#6706);
#2012=VERTEX_POINT('',#6711);
#2013=VERTEX_POINT('',#6725);
#2014=VERTEX_POINT('',#6730);
#2015=VERTEX_POINT('',#6744);
#2016=VERTEX_POINT('',#6749);
#2017=VERTEX_POINT('',#6780);
#2018=VERTEX_POINT('',#6781);
#2019=VERTEX_POINT('',#6786);
#2020=VERTEX_POINT('',#6788);
#2021=VERTEX_POINT('',#6802);
#2022=VERTEX_POINT('',#6807);
#2023=VERTEX_POINT('',#6821);
#2024=VERTEX_POINT('',#6826);
#2025=VERTEX_POINT('',#6840);
#2026=VERTEX_POINT('',#6845);
#2027=VERTEX_POINT('',#6859);
#2028=VERTEX_POINT('',#6864);
#2029=VERTEX_POINT('',#6878);
#2030=VERTEX_POINT('',#6883);
#2031=VERTEX_POINT('',#6897);
#2032=VERTEX_POINT('',#6902);
#2033=VERTEX_POINT('',#6916);
#2034=VERTEX_POINT('',#6921);
#2035=VERTEX_POINT('',#6951);
#2036=VERTEX_POINT('',#6952);
#2037=VERTEX_POINT('',#6957);
#2038=VERTEX_POINT('',#6959);
#2039=VERTEX_POINT('',#6973);
#2040=VERTEX_POINT('',#6978);
#2041=VERTEX_POINT('',#6992);
#2042=VERTEX_POINT('',#6997);
#2043=VERTEX_POINT('',#7011);
#2044=VERTEX_POINT('',#7016);
#2045=VERTEX_POINT('',#7030);
#2046=VERTEX_POINT('',#7035);
#2047=VERTEX_POINT('',#7065);
#2048=VERTEX_POINT('',#7066);
#2049=VERTEX_POINT('',#7071);
#2050=VERTEX_POINT('',#7073);
#2051=VERTEX_POINT('',#7087);
#2052=VERTEX_POINT('',#7092);
#2053=VERTEX_POINT('',#7106);
#2054=VERTEX_POINT('',#7111);
#2055=VERTEX_POINT('',#7125);
#2056=VERTEX_POINT('',#7130);
#2057=VERTEX_POINT('',#7144);
#2058=VERTEX_POINT('',#7149);
#2059=VERTEX_POINT('',#7163);
#2060=VERTEX_POINT('',#7168);
#2061=VERTEX_POINT('',#7182);
#2062=VERTEX_POINT('',#7187);
#2063=VERTEX_POINT('',#7201);
#2064=VERTEX_POINT('',#7206);
#2065=VERTEX_POINT('',#7220);
#2066=VERTEX_POINT('',#7225);
#2067=VERTEX_POINT('',#7239);
#2068=VERTEX_POINT('',#7244);
#2069=VERTEX_POINT('',#7275);
#2070=VERTEX_POINT('',#7276);
#2071=VERTEX_POINT('',#7281);
#2072=VERTEX_POINT('',#7283);
#2073=VERTEX_POINT('',#7297);
#2074=VERTEX_POINT('',#7302);
#2075=VERTEX_POINT('',#7316);
#2076=VERTEX_POINT('',#7321);
#2077=VERTEX_POINT('',#7335);
#2078=VERTEX_POINT('',#7340);
#2079=VERTEX_POINT('',#7354);
#2080=VERTEX_POINT('',#7359);
#2081=VERTEX_POINT('',#7373);
#2082=VERTEX_POINT('',#7378);
#2083=VERTEX_POINT('',#7392);
#2084=VERTEX_POINT('',#7397);
#2085=VERTEX_POINT('',#7411);
#2086=VERTEX_POINT('',#7416);
#2087=VERTEX_POINT('',#7430);
#2088=VERTEX_POINT('',#7435);
#2089=VERTEX_POINT('',#7449);
#2090=VERTEX_POINT('',#7454);
#2091=VERTEX_POINT('',#7461);
#2092=VERTEX_POINT('',#7463);
#2093=VERTEX_POINT('',#7467);
#2094=VERTEX_POINT('',#7469);
#2095=VERTEX_POINT('',#7480);
#2096=VERTEX_POINT('',#7485);
#2097=VERTEX_POINT('',#7499);
#2098=VERTEX_POINT('',#7504);
#2099=VERTEX_POINT('',#7518);
#2100=VERTEX_POINT('',#7523);
#2101=VERTEX_POINT('',#7537);
#2102=VERTEX_POINT('',#7542);
#2103=VERTEX_POINT('',#7556);
#2104=VERTEX_POINT('',#7561);
#2105=VERTEX_POINT('',#7592);
#2106=VERTEX_POINT('',#7593);
#2107=VERTEX_POINT('',#7598);
#2108=VERTEX_POINT('',#7600);
#2109=VERTEX_POINT('',#7614);
#2110=VERTEX_POINT('',#7619);
#2111=VERTEX_POINT('',#7633);
#2112=VERTEX_POINT('',#7638);
#2113=VERTEX_POINT('',#7652);
#2114=VERTEX_POINT('',#7657);
#2115=VERTEX_POINT('',#7671);
#2116=VERTEX_POINT('',#7676);
#2117=VERTEX_POINT('',#7690);
#2118=VERTEX_POINT('',#7695);
#2119=VERTEX_POINT('',#7709);
#2120=VERTEX_POINT('',#7714);
#2121=VERTEX_POINT('',#7728);
#2122=VERTEX_POINT('',#7733);
#2123=VERTEX_POINT('',#7747);
#2124=VERTEX_POINT('',#7752);
#2125=VERTEX_POINT('',#7766);
#2126=VERTEX_POINT('',#7771);
#2127=VERTEX_POINT('',#7785);
#2128=VERTEX_POINT('',#7790);
#2129=VERTEX_POINT('',#7797);
#2130=VERTEX_POINT('',#7799);
#2131=VERTEX_POINT('',#7803);
#2132=VERTEX_POINT('',#7805);
#2133=VERTEX_POINT('',#7816);
#2134=VERTEX_POINT('',#7821);
#2135=VERTEX_POINT('',#7835);
#2136=VERTEX_POINT('',#7840);
#2137=VERTEX_POINT('',#7847);
#2138=VERTEX_POINT('',#7849);
#2139=VERTEX_POINT('',#7853);
#2140=VERTEX_POINT('',#7855);
#2141=VERTEX_POINT('',#7859);
#2142=VERTEX_POINT('',#7861);
#2143=VERTEX_POINT('',#7872);
#2144=VERTEX_POINT('',#7877);
#2145=VERTEX_POINT('',#7891);
#2146=VERTEX_POINT('',#7896);
#2147=VERTEX_POINT('',#7910);
#2148=VERTEX_POINT('',#7915);
#2149=VERTEX_POINT('',#7922);
#2150=VERTEX_POINT('',#7924);
#2151=VERTEX_POINT('',#7928);
#2152=VERTEX_POINT('',#7930);
#2153=VERTEX_POINT('',#7941);
#2154=VERTEX_POINT('',#7946);
#2155=VERTEX_POINT('',#7960);
#2156=VERTEX_POINT('',#7965);
#2157=VERTEX_POINT('',#7979);
#2158=VERTEX_POINT('',#7984);
#2159=VERTEX_POINT('',#7998);
#2160=VERTEX_POINT('',#8003);
#2161=VERTEX_POINT('',#8017);
#2162=VERTEX_POINT('',#8022);
#2163=VERTEX_POINT('',#8029);
#2164=VERTEX_POINT('',#8031);
#2165=VERTEX_POINT('',#8035);
#2166=VERTEX_POINT('',#8037);
#2167=VERTEX_POINT('',#8065);
#2168=VERTEX_POINT('',#8066);
#2169=VERTEX_POINT('',#8071);
#2170=VERTEX_POINT('',#8073);
#2171=VERTEX_POINT('',#8087);
#2172=VERTEX_POINT('',#8092);
#2173=VERTEX_POINT('',#8106);
#2174=VERTEX_POINT('',#8111);
#2175=VERTEX_POINT('',#8125);
#2176=VERTEX_POINT('',#8130);
#2177=VERTEX_POINT('',#8144);
#2178=VERTEX_POINT('',#8149);
#2179=VERTEX_POINT('',#8163);
#2180=VERTEX_POINT('',#8168);
#2181=VERTEX_POINT('',#8182);
#2182=VERTEX_POINT('',#8187);
#2183=VERTEX_POINT('',#8217);
#2184=VERTEX_POINT('',#8218);
#2185=VERTEX_POINT('',#8223);
#2186=VERTEX_POINT('',#8225);
#2187=VERTEX_POINT('',#8239);
#2188=VERTEX_POINT('',#8244);
#2189=VERTEX_POINT('',#8258);
#2190=VERTEX_POINT('',#8263);
#2191=VERTEX_POINT('',#8277);
#2192=VERTEX_POINT('',#8282);
#2193=VERTEX_POINT('',#8296);
#2194=VERTEX_POINT('',#8301);
#2195=VERTEX_POINT('',#8315);
#2196=VERTEX_POINT('',#8320);
#2197=VERTEX_POINT('',#8334);
#2198=VERTEX_POINT('',#8339);
#2199=VERTEX_POINT('',#8353);
#2200=VERTEX_POINT('',#8358);
#2201=VERTEX_POINT('',#8372);
#2202=VERTEX_POINT('',#8377);
#2203=VERTEX_POINT('',#8391);
#2204=VERTEX_POINT('',#8396);
#2205=VERTEX_POINT('',#8410);
#2206=VERTEX_POINT('',#8415);
#2207=VERTEX_POINT('',#8429);
#2208=VERTEX_POINT('',#8434);
#2209=VERTEX_POINT('',#8448);
#2210=VERTEX_POINT('',#8453);
#2211=VERTEX_POINT('',#8477);
#2212=VERTEX_POINT('',#8478);
#2213=VERTEX_POINT('',#8480);
#2214=VERTEX_POINT('',#8482);
#2215=VERTEX_POINT('',#8486);
#2216=VERTEX_POINT('',#8488);
#2217=VERTEX_POINT('',#8499);
#2218=VERTEX_POINT('',#8504);
#2219=VERTEX_POINT('',#8518);
#2220=VERTEX_POINT('',#8523);
#2221=VERTEX_POINT('',#8537);
#2222=VERTEX_POINT('',#8542);
#2223=VERTEX_POINT('',#8549);
#2224=VERTEX_POINT('',#8551);
#2225=VERTEX_POINT('',#8555);
#2226=VERTEX_POINT('',#8557);
#2227=VERTEX_POINT('',#8568);
#2228=VERTEX_POINT('',#8573);
#2229=VERTEX_POINT('',#8587);
#2230=VERTEX_POINT('',#8592);
#2231=VERTEX_POINT('',#8606);
#2232=VERTEX_POINT('',#8611);
#2233=VERTEX_POINT('',#8625);
#2234=VERTEX_POINT('',#8630);
#2235=VERTEX_POINT('',#8644);
#2236=VERTEX_POINT('',#8649);
#2237=VERTEX_POINT('',#8663);
#2238=VERTEX_POINT('',#8668);
#2239=VERTEX_POINT('',#8675);
#2240=VERTEX_POINT('',#8677);
#2241=VERTEX_POINT('',#8681);
#2242=VERTEX_POINT('',#8683);
#2243=VERTEX_POINT('',#8694);
#2244=VERTEX_POINT('',#8699);
#2245=VERTEX_POINT('',#8713);
#2246=VERTEX_POINT('',#8718);
#2247=VERTEX_POINT('',#8732);
#2248=VERTEX_POINT('',#8737);
#2249=VERTEX_POINT('',#8751);
#2250=VERTEX_POINT('',#8756);
#2251=VERTEX_POINT('',#8770);
#2252=VERTEX_POINT('',#8775);
#2253=VERTEX_POINT('',#8789);
#2254=VERTEX_POINT('',#8794);
#2255=VERTEX_POINT('',#8808);
#2256=VERTEX_POINT('',#8813);
#2257=VERTEX_POINT('',#8837);
#2258=VERTEX_POINT('',#8838);
#2259=VERTEX_POINT('',#8840);
#2260=VERTEX_POINT('',#8842);
#2261=VERTEX_POINT('',#8853);
#2262=VERTEX_POINT('',#8858);
#2263=VERTEX_POINT('',#8872);
#2264=VERTEX_POINT('',#8877);
#2265=VERTEX_POINT('',#8891);
#2266=VERTEX_POINT('',#8896);
#2267=VERTEX_POINT('',#8910);
#2268=VERTEX_POINT('',#8915);
#2269=VERTEX_POINT('',#8922);
#2270=VERTEX_POINT('',#8924);
#2271=VERTEX_POINT('',#8928);
#2272=VERTEX_POINT('',#8930);
#2273=VERTEX_POINT('',#8941);
#2274=VERTEX_POINT('',#8946);
#2275=VERTEX_POINT('',#8960);
#2276=VERTEX_POINT('',#8965);
#2277=VERTEX_POINT('',#8982);
#2278=VERTEX_POINT('',#8983);
#2279=VERTEX_POINT('',#8988);
#2280=VERTEX_POINT('',#8990);
#2281=VERTEX_POINT('',#8997);
#2282=VERTEX_POINT('',#8999);
#2283=VERTEX_POINT('',#9003);
#2284=VERTEX_POINT('',#9005);
#2285=VERTEX_POINT('',#9016);
#2286=VERTEX_POINT('',#9021);
#2287=VERTEX_POINT('',#9028);
#2288=VERTEX_POINT('',#9030);
#2289=VERTEX_POINT('',#9034);
#2290=VERTEX_POINT('',#9036);
#2291=VERTEX_POINT('',#9040);
#2292=VERTEX_POINT('',#9042);
#2293=VERTEX_POINT('',#9046);
#2294=VERTEX_POINT('',#9048);
#2295=VERTEX_POINT('',#9052);
#2296=VERTEX_POINT('',#9054);
#2297=VERTEX_POINT('',#9058);
#2298=VERTEX_POINT('',#9060);
#2299=VERTEX_POINT('',#9064);
#2300=VERTEX_POINT('',#9066);
#2301=VERTEX_POINT('',#9077);
#2302=VERTEX_POINT('',#9082);
#2303=VERTEX_POINT('',#9096);
#2304=VERTEX_POINT('',#9101);
#2305=VERTEX_POINT('',#9108);
#2306=VERTEX_POINT('',#9110);
#2307=VERTEX_POINT('',#9114);
#2308=VERTEX_POINT('',#9116);
#2309=VERTEX_POINT('',#9127);
#2310=VERTEX_POINT('',#9132);
#2311=VERTEX_POINT('',#9146);
#2312=VERTEX_POINT('',#9151);
#2313=VERTEX_POINT('',#9165);
#2314=VERTEX_POINT('',#9170);
#2315=VERTEX_POINT('',#9184);
#2316=VERTEX_POINT('',#9189);
#2317=VERTEX_POINT('',#9203);
#2318=VERTEX_POINT('',#9208);
#2319=VERTEX_POINT('',#9222);
#2320=VERTEX_POINT('',#9227);
#2321=VERTEX_POINT('',#9241);
#2322=VERTEX_POINT('',#9246);
#2323=VERTEX_POINT('',#9260);
#2324=VERTEX_POINT('',#9265);
#2325=VERTEX_POINT('',#9279);
#2326=VERTEX_POINT('',#9284);
#2327=VERTEX_POINT('',#9308);
#2328=VERTEX_POINT('',#9309);
#2329=VERTEX_POINT('',#9311);
#2330=VERTEX_POINT('',#9313);
#2331=VERTEX_POINT('',#9324);
#2332=VERTEX_POINT('',#9329);
#2333=VERTEX_POINT('',#9343);
#2334=VERTEX_POINT('',#9348);
#2335=VERTEX_POINT('',#9362);
#2336=VERTEX_POINT('',#9367);
#2337=VERTEX_POINT('',#9381);
#2338=VERTEX_POINT('',#9386);
#2339=VERTEX_POINT('',#9400);
#2340=VERTEX_POINT('',#9405);
#2341=VERTEX_POINT('',#9412);
#2342=VERTEX_POINT('',#9414);
#2343=VERTEX_POINT('',#9418);
#2344=VERTEX_POINT('',#9420);
#2345=VERTEX_POINT('',#9431);
#2346=VERTEX_POINT('',#9436);
#2347=VERTEX_POINT('',#9450);
#2348=VERTEX_POINT('',#9455);
#2349=VERTEX_POINT('',#9472);
#2350=VERTEX_POINT('',#9473);
#2351=VERTEX_POINT('',#9478);
#2352=VERTEX_POINT('',#9480);
#2353=VERTEX_POINT('',#9487);
#2354=VERTEX_POINT('',#9489);
#2355=VERTEX_POINT('',#9493);
#2356=VERTEX_POINT('',#9495);
#2357=VERTEX_POINT('',#9506);
#2358=VERTEX_POINT('',#9511);
#2359=VERTEX_POINT('',#9518);
#2360=VERTEX_POINT('',#9520);
#2361=VERTEX_POINT('',#9524);
#2362=VERTEX_POINT('',#9526);
#2363=VERTEX_POINT('',#9537);
#2364=VERTEX_POINT('',#9542);
#2365=VERTEX_POINT('',#9549);
#2366=VERTEX_POINT('',#9551);
#2367=VERTEX_POINT('',#9555);
#2368=VERTEX_POINT('',#9557);
#2369=VERTEX_POINT('',#9561);
#2370=VERTEX_POINT('',#9563);
#2371=VERTEX_POINT('',#9567);
#2372=VERTEX_POINT('',#9569);
#2373=VERTEX_POINT('',#9580);
#2374=VERTEX_POINT('',#9585);
#2375=VERTEX_POINT('',#9599);
#2376=VERTEX_POINT('',#9604);
#2377=VERTEX_POINT('',#9611);
#2378=VERTEX_POINT('',#9613);
#2379=VERTEX_POINT('',#9617);
#2380=VERTEX_POINT('',#9619);
#2381=VERTEX_POINT('',#9630);
#2382=VERTEX_POINT('',#9635);
#2383=VERTEX_POINT('',#9649);
#2384=VERTEX_POINT('',#9654);
#2385=VERTEX_POINT('',#9668);
#2386=VERTEX_POINT('',#9673);
#2387=VERTEX_POINT('',#9687);
#2388=VERTEX_POINT('',#9692);
#2389=VERTEX_POINT('',#9706);
#2390=VERTEX_POINT('',#9711);
#2391=VERTEX_POINT('',#9725);
#2392=VERTEX_POINT('',#9730);
#2393=VERTEX_POINT('',#9744);
#2394=VERTEX_POINT('',#9749);
#2395=VERTEX_POINT('',#9763);
#2396=VERTEX_POINT('',#9768);
#2397=VERTEX_POINT('',#9782);
#2398=VERTEX_POINT('',#9787);
#2399=VERTEX_POINT('',#9816);
#2400=VERTEX_POINT('',#9817);
#2401=VERTEX_POINT('',#9819);
#2402=VERTEX_POINT('',#9821);
#2403=VERTEX_POINT('',#9825);
#2404=VERTEX_POINT('',#9827);
#2405=VERTEX_POINT('',#9831);
#2406=VERTEX_POINT('',#9833);
#2407=VERTEX_POINT('',#9840);
#2408=VERTEX_POINT('',#9841);
#2409=VERTEX_POINT('',#9843);
#2410=VERTEX_POINT('',#9845);
#2411=VERTEX_POINT('',#9849);
#2412=VERTEX_POINT('',#9850);
#2413=VERTEX_POINT('',#9852);
#2414=VERTEX_POINT('',#9854);
#2415=VERTEX_POINT('',#9858);
#2416=VERTEX_POINT('',#9860);
#2417=VERTEX_POINT('',#9864);
#2418=VERTEX_POINT('',#9866);
#2419=VERTEX_POINT('',#9873);
#2420=VERTEX_POINT('',#9877);
#2421=VERTEX_POINT('',#9879);
#2422=VERTEX_POINT('',#9884);
#2423=VERTEX_POINT('',#9885);
#2424=VERTEX_POINT('',#9887);
#2425=VERTEX_POINT('',#9889);
#2426=VERTEX_POINT('',#9891);
#2427=VERTEX_POINT('',#9895);
#2428=VERTEX_POINT('',#9896);
#2429=VERTEX_POINT('',#9898);
#2430=VERTEX_POINT('',#9900);
#2431=VERTEX_POINT('',#9902);
#2432=VERTEX_POINT('',#9904);
#2433=VERTEX_POINT('',#9906);
#2434=VERTEX_POINT('',#9909);
#2435=VERTEX_POINT('',#9912);
#2436=VERTEX_POINT('',#9914);
#2437=VERTEX_POINT('',#9916);
#2438=VERTEX_POINT('',#9918);
#2439=VERTEX_POINT('',#9921);
#2440=VERTEX_POINT('',#9923);
#2441=VERTEX_POINT('',#9927);
#2442=VERTEX_POINT('',#9929);
#2443=VERTEX_POINT('',#9931);
#2444=VERTEX_POINT('',#9935);
#2445=VERTEX_POINT('',#9939);
#2446=VERTEX_POINT('',#9943);
#2447=VERTEX_POINT('',#9947);
#2448=VERTEX_POINT('',#9951);
#2449=VERTEX_POINT('',#9955);
#2450=VERTEX_POINT('',#9962);
#2451=VERTEX_POINT('',#9964);
#2452=VERTEX_POINT('',#9966);
#2453=VERTEX_POINT('',#9972);
#2454=VERTEX_POINT('',#9976);
#2455=VERTEX_POINT('',#9980);
#2456=VERTEX_POINT('',#9984);
#2457=VERTEX_POINT('',#9988);
#2458=VERTEX_POINT('',#9992);
#2459=VERTEX_POINT('',#9996);
#2460=VERTEX_POINT('',#10000);
#2461=EDGE_CURVE('',#1935,#1936,#1575,.T.);
#2462=EDGE_CURVE('',#1935,#1937,#747,.T.);
#2463=EDGE_CURVE('',#1937,#1938,#1576,.T.);
#2464=EDGE_CURVE('',#1936,#1938,#748,.T.);
#2465=EDGE_CURVE('',#1939,#1935,#1577,.T.);
#2466=EDGE_CURVE('',#1939,#1940,#749,.T.);
#2467=EDGE_CURVE('',#1940,#1937,#1578,.T.);
#2468=EDGE_CURVE('',#1941,#1939,#1579,.T.);
#2469=EDGE_CURVE('',#1941,#1942,#750,.T.);
#2470=EDGE_CURVE('',#1942,#1940,#1580,.T.);
#2471=EDGE_CURVE('',#1943,#1941,#1581,.T.);
#2472=EDGE_CURVE('',#1943,#1944,#751,.T.);
#2473=EDGE_CURVE('',#1944,#1942,#1582,.T.);
#2474=EDGE_CURVE('',#1945,#1943,#1583,.T.);
#2475=EDGE_CURVE('',#1945,#1946,#752,.T.);
#2476=EDGE_CURVE('',#1946,#1944,#1584,.T.);
#2477=EDGE_CURVE('',#1947,#1945,#1585,.T.);
#2478=EDGE_CURVE('',#1947,#1948,#753,.T.);
#2479=EDGE_CURVE('',#1948,#1946,#1586,.T.);
#2480=EDGE_CURVE('',#1949,#1947,#754,.T.);
#2481=EDGE_CURVE('',#1949,#1950,#755,.T.);
#2482=EDGE_CURVE('',#1950,#1948,#756,.T.);
#2483=EDGE_CURVE('',#1951,#1949,#757,.T.);
#2484=EDGE_CURVE('',#1951,#1952,#758,.T.);
#2485=EDGE_CURVE('',#1952,#1950,#759,.T.);
#2486=EDGE_CURVE('',#1953,#1951,#1587,.T.);
#2487=EDGE_CURVE('',#1953,#1954,#760,.T.);
#2488=EDGE_CURVE('',#1954,#1952,#1588,.T.);
#2489=EDGE_CURVE('',#1955,#1953,#1589,.T.);
#2490=EDGE_CURVE('',#1955,#1956,#761,.T.);
#2491=EDGE_CURVE('',#1956,#1954,#1590,.T.);
#2492=EDGE_CURVE('',#1957,#1955,#1591,.T.);
#2493=EDGE_CURVE('',#1957,#1958,#762,.T.);
#2494=EDGE_CURVE('',#1958,#1956,#1592,.T.);
#2495=EDGE_CURVE('',#1959,#1957,#1593,.T.);
#2496=EDGE_CURVE('',#1959,#1960,#763,.T.);
#2497=EDGE_CURVE('',#1960,#1958,#1594,.T.);
#2498=EDGE_CURVE('',#1961,#1959,#1595,.T.);
#2499=EDGE_CURVE('',#1961,#1962,#764,.T.);
#2500=EDGE_CURVE('',#1962,#1960,#1596,.T.);
#2501=EDGE_CURVE('',#1963,#1961,#1597,.T.);
#2502=EDGE_CURVE('',#1963,#1964,#765,.T.);
#2503=EDGE_CURVE('',#1964,#1962,#1598,.T.);
#2504=EDGE_CURVE('',#1965,#1963,#1599,.T.);
#2505=EDGE_CURVE('',#1965,#1966,#766,.T.);
#2506=EDGE_CURVE('',#1966,#1964,#1600,.T.);
#2507=EDGE_CURVE('',#1967,#1965,#1601,.T.);
#2508=EDGE_CURVE('',#1967,#1968,#767,.T.);
#2509=EDGE_CURVE('',#1968,#1966,#1602,.T.);
#2510=EDGE_CURVE('',#1969,#1967,#1603,.T.);
#2511=EDGE_CURVE('',#1969,#1970,#768,.T.);
#2512=EDGE_CURVE('',#1970,#1968,#1604,.T.);
#2513=EDGE_CURVE('',#1971,#1969,#1605,.T.);
#2514=EDGE_CURVE('',#1971,#1972,#769,.T.);
#2515=EDGE_CURVE('',#1972,#1970,#1606,.T.);
#2516=EDGE_CURVE('',#1973,#1971,#1607,.T.);
#2517=EDGE_CURVE('',#1973,#1974,#770,.T.);
#2518=EDGE_CURVE('',#1974,#1972,#1608,.T.);
#2519=EDGE_CURVE('',#1975,#1973,#1609,.T.);
#2520=EDGE_CURVE('',#1975,#1976,#771,.T.);
#2521=EDGE_CURVE('',#1976,#1974,#1610,.T.);
#2522=EDGE_CURVE('',#1977,#1975,#1611,.T.);
#2523=EDGE_CURVE('',#1977,#1978,#772,.T.);
#2524=EDGE_CURVE('',#1978,#1976,#1612,.T.);
#2525=EDGE_CURVE('',#1979,#1977,#773,.T.);
#2526=EDGE_CURVE('',#1979,#1980,#774,.T.);
#2527=EDGE_CURVE('',#1980,#1978,#775,.T.);
#2528=EDGE_CURVE('',#1981,#1979,#776,.T.);
#2529=EDGE_CURVE('',#1981,#1982,#777,.T.);
#2530=EDGE_CURVE('',#1982,#1980,#778,.T.);
#2531=EDGE_CURVE('',#1983,#1981,#1613,.T.);
#2532=EDGE_CURVE('',#1983,#1984,#779,.T.);
#2533=EDGE_CURVE('',#1984,#1982,#1614,.T.);
#2534=EDGE_CURVE('',#1985,#1983,#1615,.T.);
#2535=EDGE_CURVE('',#1985,#1986,#780,.T.);
#2536=EDGE_CURVE('',#1986,#1984,#1616,.T.);
#2537=EDGE_CURVE('',#1987,#1985,#781,.T.);
#2538=EDGE_CURVE('',#1987,#1988,#782,.T.);
#2539=EDGE_CURVE('',#1988,#1986,#783,.T.);
#2540=EDGE_CURVE('',#1989,#1987,#784,.T.);
#2541=EDGE_CURVE('',#1989,#1990,#785,.T.);
#2542=EDGE_CURVE('',#1990,#1988,#786,.T.);
#2543=EDGE_CURVE('',#1991,#1989,#1617,.T.);
#2544=EDGE_CURVE('',#1991,#1992,#787,.T.);
#2545=EDGE_CURVE('',#1992,#1990,#1618,.T.);
#2546=EDGE_CURVE('',#1993,#1991,#1619,.T.);
#2547=EDGE_CURVE('',#1993,#1994,#788,.T.);
#2548=EDGE_CURVE('',#1994,#1992,#1620,.T.);
#2549=EDGE_CURVE('',#1995,#1993,#1621,.T.);
#2550=EDGE_CURVE('',#1995,#1996,#789,.T.);
#2551=EDGE_CURVE('',#1996,#1994,#1622,.T.);
#2552=EDGE_CURVE('',#1997,#1995,#1623,.T.);
#2553=EDGE_CURVE('',#1997,#1998,#790,.T.);
#2554=EDGE_CURVE('',#1998,#1996,#1624,.T.);
#2555=EDGE_CURVE('',#1999,#1997,#1625,.T.);
#2556=EDGE_CURVE('',#1999,#2000,#791,.T.);
#2557=EDGE_CURVE('',#2000,#1998,#1626,.T.);
#2558=EDGE_CURVE('',#2001,#1999,#1627,.T.);
#2559=EDGE_CURVE('',#2001,#2002,#792,.T.);
#2560=EDGE_CURVE('',#2002,#2000,#1628,.T.);
#2561=EDGE_CURVE('',#2003,#2001,#1629,.T.);
#2562=EDGE_CURVE('',#2003,#2004,#793,.T.);
#2563=EDGE_CURVE('',#2004,#2002,#1630,.T.);
#2564=EDGE_CURVE('',#2005,#2003,#1631,.T.);
#2565=EDGE_CURVE('',#2005,#2006,#794,.T.);
#2566=EDGE_CURVE('',#2006,#2004,#1632,.T.);
#2567=EDGE_CURVE('',#2007,#2005,#1633,.T.);
#2568=EDGE_CURVE('',#2007,#2008,#795,.T.);
#2569=EDGE_CURVE('',#2008,#2006,#1634,.T.);
#2570=EDGE_CURVE('',#2009,#2007,#1635,.T.);
#2571=EDGE_CURVE('',#2009,#2010,#796,.T.);
#2572=EDGE_CURVE('',#2010,#2008,#1636,.T.);
#2573=EDGE_CURVE('',#2011,#2009,#1637,.T.);
#2574=EDGE_CURVE('',#2011,#2012,#797,.T.);
#2575=EDGE_CURVE('',#2012,#2010,#1638,.T.);
#2576=EDGE_CURVE('',#2013,#2011,#1639,.T.);
#2577=EDGE_CURVE('',#2013,#2014,#798,.T.);
#2578=EDGE_CURVE('',#2014,#2012,#1640,.T.);
#2579=EDGE_CURVE('',#2015,#2013,#1641,.T.);
#2580=EDGE_CURVE('',#2015,#2016,#799,.T.);
#2581=EDGE_CURVE('',#2016,#2014,#1642,.T.);
#2582=EDGE_CURVE('',#1936,#2015,#1643,.T.);
#2583=EDGE_CURVE('',#1938,#2016,#1644,.T.);
#2584=EDGE_CURVE('',#2017,#2018,#1645,.T.);
#2585=EDGE_CURVE('',#2017,#2019,#800,.T.);
#2586=EDGE_CURVE('',#2019,#2020,#1646,.T.);
#2587=EDGE_CURVE('',#2018,#2020,#801,.T.);
#2588=EDGE_CURVE('',#2021,#2017,#1647,.T.);
#2589=EDGE_CURVE('',#2021,#2022,#802,.T.);
#2590=EDGE_CURVE('',#2022,#2019,#1648,.T.);
#2591=EDGE_CURVE('',#2023,#2021,#1649,.T.);
#2592=EDGE_CURVE('',#2023,#2024,#803,.T.);
#2593=EDGE_CURVE('',#2024,#2022,#1650,.T.);
#2594=EDGE_CURVE('',#2025,#2023,#1651,.T.);
#2595=EDGE_CURVE('',#2025,#2026,#804,.T.);
#2596=EDGE_CURVE('',#2026,#2024,#1652,.T.);
#2597=EDGE_CURVE('',#2027,#2025,#1653,.T.);
#2598=EDGE_CURVE('',#2027,#2028,#805,.T.);
#2599=EDGE_CURVE('',#2028,#2026,#1654,.T.);
#2600=EDGE_CURVE('',#2029,#2027,#1655,.T.);
#2601=EDGE_CURVE('',#2029,#2030,#806,.T.);
#2602=EDGE_CURVE('',#2030,#2028,#1656,.T.);
#2603=EDGE_CURVE('',#2031,#2029,#1657,.T.);
#2604=EDGE_CURVE('',#2031,#2032,#807,.T.);
#2605=EDGE_CURVE('',#2032,#2030,#1658,.T.);
#2606=EDGE_CURVE('',#2033,#2031,#1659,.T.);
#2607=EDGE_CURVE('',#2033,#2034,#808,.T.);
#2608=EDGE_CURVE('',#2034,#2032,#1660,.T.);
#2609=EDGE_CURVE('',#2018,#2033,#1661,.T.);
#2610=EDGE_CURVE('',#2020,#2034,#1662,.T.);
#2611=EDGE_CURVE('',#2035,#2036,#1663,.T.);
#2612=EDGE_CURVE('',#2035,#2037,#809,.T.);
#2613=EDGE_CURVE('',#2037,#2038,#1664,.T.);
#2614=EDGE_CURVE('',#2036,#2038,#810,.T.);
#2615=EDGE_CURVE('',#2039,#2035,#1665,.T.);
#2616=EDGE_CURVE('',#2039,#2040,#811,.T.);
#2617=EDGE_CURVE('',#2040,#2037,#1666,.T.);
#2618=EDGE_CURVE('',#2041,#2039,#1667,.T.);
#2619=EDGE_CURVE('',#2041,#2042,#812,.T.);
#2620=EDGE_CURVE('',#2042,#2040,#1668,.T.);
#2621=EDGE_CURVE('',#2043,#2041,#1669,.T.);
#2622=EDGE_CURVE('',#2043,#2044,#813,.T.);
#2623=EDGE_CURVE('',#2044,#2042,#1670,.T.);
#2624=EDGE_CURVE('',#2045,#2043,#1671,.T.);
#2625=EDGE_CURVE('',#2045,#2046,#814,.T.);
#2626=EDGE_CURVE('',#2046,#2044,#1672,.T.);
#2627=EDGE_CURVE('',#2036,#2045,#1673,.T.);
#2628=EDGE_CURVE('',#2038,#2046,#1674,.T.);
#2629=EDGE_CURVE('',#2047,#2048,#1675,.T.);
#2630=EDGE_CURVE('',#2047,#2049,#815,.T.);
#2631=EDGE_CURVE('',#2049,#2050,#1676,.T.);
#2632=EDGE_CURVE('',#2048,#2050,#816,.T.);
#2633=EDGE_CURVE('',#2051,#2047,#1677,.T.);
#2634=EDGE_CURVE('',#2051,#2052,#817,.T.);
#2635=EDGE_CURVE('',#2052,#2049,#1678,.T.);
#2636=EDGE_CURVE('',#2053,#2051,#1679,.T.);
#2637=EDGE_CURVE('',#2053,#2054,#818,.T.);
#2638=EDGE_CURVE('',#2054,#2052,#1680,.T.);
#2639=EDGE_CURVE('',#2055,#2053,#1681,.T.);
#2640=EDGE_CURVE('',#2055,#2056,#819,.T.);
#2641=EDGE_CURVE('',#2056,#2054,#1682,.T.);
#2642=EDGE_CURVE('',#2057,#2055,#1683,.T.);
#2643=EDGE_CURVE('',#2057,#2058,#820,.T.);
#2644=EDGE_CURVE('',#2058,#2056,#1684,.T.);
#2645=EDGE_CURVE('',#2059,#2057,#1685,.T.);
#2646=EDGE_CURVE('',#2059,#2060,#821,.T.);
#2647=EDGE_CURVE('',#2060,#2058,#1686,.T.);
#2648=EDGE_CURVE('',#2061,#2059,#1687,.T.);
#2649=EDGE_CURVE('',#2061,#2062,#822,.T.);
#2650=EDGE_CURVE('',#2062,#2060,#1688,.T.);
#2651=EDGE_CURVE('',#2063,#2061,#1689,.T.);
#2652=EDGE_CURVE('',#2063,#2064,#823,.T.);
#2653=EDGE_CURVE('',#2064,#2062,#1690,.T.);
#2654=EDGE_CURVE('',#2065,#2063,#1691,.T.);
#2655=EDGE_CURVE('',#2065,#2066,#824,.T.);
#2656=EDGE_CURVE('',#2066,#2064,#1692,.T.);
#2657=EDGE_CURVE('',#2067,#2065,#1693,.T.);
#2658=EDGE_CURVE('',#2067,#2068,#825,.T.);
#2659=EDGE_CURVE('',#2068,#2066,#1694,.T.);
#2660=EDGE_CURVE('',#2048,#2067,#1695,.T.);
#2661=EDGE_CURVE('',#2050,#2068,#1696,.T.);
#2662=EDGE_CURVE('',#2069,#2070,#1697,.T.);
#2663=EDGE_CURVE('',#2069,#2071,#826,.T.);
#2664=EDGE_CURVE('',#2071,#2072,#1698,.T.);
#2665=EDGE_CURVE('',#2070,#2072,#827,.T.);
#2666=EDGE_CURVE('',#2073,#2069,#1699,.T.);
#2667=EDGE_CURVE('',#2073,#2074,#828,.T.);
#2668=EDGE_CURVE('',#2074,#2071,#1700,.T.);
#2669=EDGE_CURVE('',#2075,#2073,#1701,.T.);
#2670=EDGE_CURVE('',#2075,#2076,#829,.T.);
#2671=EDGE_CURVE('',#2076,#2074,#1702,.T.);
#2672=EDGE_CURVE('',#2077,#2075,#1703,.T.);
#2673=EDGE_CURVE('',#2077,#2078,#830,.T.);
#2674=EDGE_CURVE('',#2078,#2076,#1704,.T.);
#2675=EDGE_CURVE('',#2079,#2077,#1705,.T.);
#2676=EDGE_CURVE('',#2079,#2080,#831,.T.);
#2677=EDGE_CURVE('',#2080,#2078,#1706,.T.);
#2678=EDGE_CURVE('',#2081,#2079,#1707,.T.);
#2679=EDGE_CURVE('',#2081,#2082,#832,.T.);
#2680=EDGE_CURVE('',#2082,#2080,#1708,.T.);
#2681=EDGE_CURVE('',#2083,#2081,#1709,.T.);
#2682=EDGE_CURVE('',#2083,#2084,#833,.T.);
#2683=EDGE_CURVE('',#2084,#2082,#1710,.T.);
#2684=EDGE_CURVE('',#2085,#2083,#1711,.T.);
#2685=EDGE_CURVE('',#2085,#2086,#834,.T.);
#2686=EDGE_CURVE('',#2086,#2084,#1712,.T.);
#2687=EDGE_CURVE('',#2087,#2085,#1713,.T.);
#2688=EDGE_CURVE('',#2087,#2088,#835,.T.);
#2689=EDGE_CURVE('',#2088,#2086,#1714,.T.);
#2690=EDGE_CURVE('',#2089,#2087,#1715,.T.);
#2691=EDGE_CURVE('',#2089,#2090,#836,.T.);
#2692=EDGE_CURVE('',#2090,#2088,#1716,.T.);
#2693=EDGE_CURVE('',#2091,#2089,#837,.T.);
#2694=EDGE_CURVE('',#2091,#2092,#838,.T.);
#2695=EDGE_CURVE('',#2092,#2090,#839,.T.);
#2696=EDGE_CURVE('',#2093,#2091,#840,.T.);
#2697=EDGE_CURVE('',#2093,#2094,#841,.T.);
#2698=EDGE_CURVE('',#2094,#2092,#842,.T.);
#2699=EDGE_CURVE('',#2095,#2093,#1717,.T.);
#2700=EDGE_CURVE('',#2095,#2096,#843,.T.);
#2701=EDGE_CURVE('',#2096,#2094,#1718,.T.);
#2702=EDGE_CURVE('',#2097,#2095,#1719,.T.);
#2703=EDGE_CURVE('',#2097,#2098,#844,.T.);
#2704=EDGE_CURVE('',#2098,#2096,#1720,.T.);
#2705=EDGE_CURVE('',#2099,#2097,#1721,.T.);
#2706=EDGE_CURVE('',#2099,#2100,#845,.T.);
#2707=EDGE_CURVE('',#2100,#2098,#1722,.T.);
#2708=EDGE_CURVE('',#2101,#2099,#1723,.T.);
#2709=EDGE_CURVE('',#2101,#2102,#846,.T.);
#2710=EDGE_CURVE('',#2102,#2100,#1724,.T.);
#2711=EDGE_CURVE('',#2103,#2101,#1725,.T.);
#2712=EDGE_CURVE('',#2103,#2104,#847,.T.);
#2713=EDGE_CURVE('',#2104,#2102,#1726,.T.);
#2714=EDGE_CURVE('',#2070,#2103,#1727,.T.);
#2715=EDGE_CURVE('',#2072,#2104,#1728,.T.);
#2716=EDGE_CURVE('',#2105,#2106,#1729,.T.);
#2717=EDGE_CURVE('',#2105,#2107,#848,.T.);
#2718=EDGE_CURVE('',#2107,#2108,#1730,.T.);
#2719=EDGE_CURVE('',#2106,#2108,#849,.T.);
#2720=EDGE_CURVE('',#2109,#2105,#1731,.T.);
#2721=EDGE_CURVE('',#2109,#2110,#850,.T.);
#2722=EDGE_CURVE('',#2110,#2107,#1732,.T.);
#2723=EDGE_CURVE('',#2111,#2109,#1733,.T.);
#2724=EDGE_CURVE('',#2111,#2112,#851,.T.);
#2725=EDGE_CURVE('',#2112,#2110,#1734,.T.);
#2726=EDGE_CURVE('',#2113,#2111,#1735,.T.);
#2727=EDGE_CURVE('',#2113,#2114,#852,.T.);
#2728=EDGE_CURVE('',#2114,#2112,#1736,.T.);
#2729=EDGE_CURVE('',#2115,#2113,#1737,.T.);
#2730=EDGE_CURVE('',#2115,#2116,#853,.T.);
#2731=EDGE_CURVE('',#2116,#2114,#1738,.T.);
#2732=EDGE_CURVE('',#2117,#2115,#1739,.T.);
#2733=EDGE_CURVE('',#2117,#2118,#854,.T.);
#2734=EDGE_CURVE('',#2118,#2116,#1740,.T.);
#2735=EDGE_CURVE('',#2119,#2117,#1741,.T.);
#2736=EDGE_CURVE('',#2119,#2120,#855,.T.);
#2737=EDGE_CURVE('',#2120,#2118,#1742,.T.);
#2738=EDGE_CURVE('',#2121,#2119,#1743,.T.);
#2739=EDGE_CURVE('',#2121,#2122,#856,.T.);
#2740=EDGE_CURVE('',#2122,#2120,#1744,.T.);
#2741=EDGE_CURVE('',#2123,#2121,#1745,.T.);
#2742=EDGE_CURVE('',#2123,#2124,#857,.T.);
#2743=EDGE_CURVE('',#2124,#2122,#1746,.T.);
#2744=EDGE_CURVE('',#2125,#2123,#1747,.T.);
#2745=EDGE_CURVE('',#2125,#2126,#858,.T.);
#2746=EDGE_CURVE('',#2126,#2124,#1748,.T.);
#2747=EDGE_CURVE('',#2127,#2125,#1749,.T.);
#2748=EDGE_CURVE('',#2127,#2128,#859,.T.);
#2749=EDGE_CURVE('',#2128,#2126,#1750,.T.);
#2750=EDGE_CURVE('',#2129,#2127,#860,.T.);
#2751=EDGE_CURVE('',#2129,#2130,#861,.T.);
#2752=EDGE_CURVE('',#2130,#2128,#862,.T.);
#2753=EDGE_CURVE('',#2131,#2129,#863,.T.);
#2754=EDGE_CURVE('',#2131,#2132,#864,.T.);
#2755=EDGE_CURVE('',#2132,#2130,#865,.T.);
#2756=EDGE_CURVE('',#2133,#2131,#1751,.T.);
#2757=EDGE_CURVE('',#2133,#2134,#866,.T.);
#2758=EDGE_CURVE('',#2134,#2132,#1752,.T.);
#2759=EDGE_CURVE('',#2135,#2133,#1753,.T.);
#2760=EDGE_CURVE('',#2135,#2136,#867,.T.);
#2761=EDGE_CURVE('',#2136,#2134,#1754,.T.);
#2762=EDGE_CURVE('',#2137,#2135,#868,.T.);
#2763=EDGE_CURVE('',#2137,#2138,#869,.T.);
#2764=EDGE_CURVE('',#2138,#2136,#870,.T.);
#2765=EDGE_CURVE('',#2139,#2137,#871,.T.);
#2766=EDGE_CURVE('',#2139,#2140,#872,.T.);
#2767=EDGE_CURVE('',#2140,#2138,#873,.T.);
#2768=EDGE_CURVE('',#2141,#2139,#874,.T.);
#2769=EDGE_CURVE('',#2141,#2142,#875,.T.);
#2770=EDGE_CURVE('',#2142,#2140,#876,.T.);
#2771=EDGE_CURVE('',#2143,#2141,#1755,.T.);
#2772=EDGE_CURVE('',#2143,#2144,#877,.T.);
#2773=EDGE_CURVE('',#2144,#2142,#1756,.T.);
#2774=EDGE_CURVE('',#2145,#2143,#1757,.T.);
#2775=EDGE_CURVE('',#2145,#2146,#878,.T.);
#2776=EDGE_CURVE('',#2146,#2144,#1758,.T.);
#2777=EDGE_CURVE('',#2147,#2145,#1759,.T.);
#2778=EDGE_CURVE('',#2147,#2148,#879,.T.);
#2779=EDGE_CURVE('',#2148,#2146,#1760,.T.);
#2780=EDGE_CURVE('',#2149,#2147,#880,.T.);
#2781=EDGE_CURVE('',#2149,#2150,#881,.T.);
#2782=EDGE_CURVE('',#2150,#2148,#882,.T.);
#2783=EDGE_CURVE('',#2151,#2149,#883,.T.);
#2784=EDGE_CURVE('',#2151,#2152,#884,.T.);
#2785=EDGE_CURVE('',#2152,#2150,#885,.T.);
#2786=EDGE_CURVE('',#2153,#2151,#1761,.T.);
#2787=EDGE_CURVE('',#2153,#2154,#886,.T.);
#2788=EDGE_CURVE('',#2154,#2152,#1762,.T.);
#2789=EDGE_CURVE('',#2155,#2153,#1763,.T.);
#2790=EDGE_CURVE('',#2155,#2156,#887,.T.);
#2791=EDGE_CURVE('',#2156,#2154,#1764,.T.);
#2792=EDGE_CURVE('',#2157,#2155,#1765,.T.);
#2793=EDGE_CURVE('',#2157,#2158,#888,.T.);
#2794=EDGE_CURVE('',#2158,#2156,#1766,.T.);
#2795=EDGE_CURVE('',#2159,#2157,#1767,.T.);
#2796=EDGE_CURVE('',#2159,#2160,#889,.T.);
#2797=EDGE_CURVE('',#2160,#2158,#1768,.T.);
#2798=EDGE_CURVE('',#2161,#2159,#1769,.T.);
#2799=EDGE_CURVE('',#2161,#2162,#890,.T.);
#2800=EDGE_CURVE('',#2162,#2160,#1770,.T.);
#2801=EDGE_CURVE('',#2163,#2161,#891,.T.);
#2802=EDGE_CURVE('',#2163,#2164,#892,.T.);
#2803=EDGE_CURVE('',#2164,#2162,#893,.T.);
#2804=EDGE_CURVE('',#2165,#2163,#894,.T.);
#2805=EDGE_CURVE('',#2165,#2166,#895,.T.);
#2806=EDGE_CURVE('',#2166,#2164,#896,.T.);
#2807=EDGE_CURVE('',#2106,#2165,#1771,.T.);
#2808=EDGE_CURVE('',#2108,#2166,#1772,.T.);
#2809=EDGE_CURVE('',#2167,#2168,#1773,.T.);
#2810=EDGE_CURVE('',#2167,#2169,#897,.T.);
#2811=EDGE_CURVE('',#2169,#2170,#1774,.T.);
#2812=EDGE_CURVE('',#2168,#2170,#898,.T.);
#2813=EDGE_CURVE('',#2171,#2167,#1775,.T.);
#2814=EDGE_CURVE('',#2171,#2172,#899,.T.);
#2815=EDGE_CURVE('',#2172,#2169,#1776,.T.);
#2816=EDGE_CURVE('',#2173,#2171,#1777,.T.);
#2817=EDGE_CURVE('',#2173,#2174,#900,.T.);
#2818=EDGE_CURVE('',#2174,#2172,#1778,.T.);
#2819=EDGE_CURVE('',#2175,#2173,#1779,.T.);
#2820=EDGE_CURVE('',#2175,#2176,#901,.T.);
#2821=EDGE_CURVE('',#2176,#2174,#1780,.T.);
#2822=EDGE_CURVE('',#2177,#2175,#1781,.T.);
#2823=EDGE_CURVE('',#2177,#2178,#902,.T.);
#2824=EDGE_CURVE('',#2178,#2176,#1782,.T.);
#2825=EDGE_CURVE('',#2179,#2177,#1783,.T.);
#2826=EDGE_CURVE('',#2179,#2180,#903,.T.);
#2827=EDGE_CURVE('',#2180,#2178,#1784,.T.);
#2828=EDGE_CURVE('',#2181,#2179,#1785,.T.);
#2829=EDGE_CURVE('',#2181,#2182,#904,.T.);
#2830=EDGE_CURVE('',#2182,#2180,#1786,.T.);
#2831=EDGE_CURVE('',#2168,#2181,#1787,.T.);
#2832=EDGE_CURVE('',#2170,#2182,#1788,.T.);
#2833=EDGE_CURVE('',#2183,#2184,#1789,.T.);
#2834=EDGE_CURVE('',#2183,#2185,#905,.T.);
#2835=EDGE_CURVE('',#2185,#2186,#1790,.T.);
#2836=EDGE_CURVE('',#2184,#2186,#906,.T.);
#2837=EDGE_CURVE('',#2187,#2183,#1791,.T.);
#2838=EDGE_CURVE('',#2187,#2188,#907,.T.);
#2839=EDGE_CURVE('',#2188,#2185,#1792,.T.);
#2840=EDGE_CURVE('',#2189,#2187,#1793,.T.);
#2841=EDGE_CURVE('',#2189,#2190,#908,.T.);
#2842=EDGE_CURVE('',#2190,#2188,#1794,.T.);
#2843=EDGE_CURVE('',#2191,#2189,#1795,.T.);
#2844=EDGE_CURVE('',#2191,#2192,#909,.T.);
#2845=EDGE_CURVE('',#2192,#2190,#1796,.T.);
#2846=EDGE_CURVE('',#2193,#2191,#1797,.T.);
#2847=EDGE_CURVE('',#2193,#2194,#910,.T.);
#2848=EDGE_CURVE('',#2194,#2192,#1798,.T.);
#2849=EDGE_CURVE('',#2195,#2193,#1799,.T.);
#2850=EDGE_CURVE('',#2195,#2196,#911,.T.);
#2851=EDGE_CURVE('',#2196,#2194,#1800,.T.);
#2852=EDGE_CURVE('',#2197,#2195,#1801,.T.);
#2853=EDGE_CURVE('',#2197,#2198,#912,.T.);
#2854=EDGE_CURVE('',#2198,#2196,#1802,.T.);
#2855=EDGE_CURVE('',#2199,#2197,#1803,.T.);
#2856=EDGE_CURVE('',#2199,#2200,#913,.T.);
#2857=EDGE_CURVE('',#2200,#2198,#1804,.T.);
#2858=EDGE_CURVE('',#2201,#2199,#1805,.T.);
#2859=EDGE_CURVE('',#2201,#2202,#914,.T.);
#2860=EDGE_CURVE('',#2202,#2200,#1806,.T.);
#2861=EDGE_CURVE('',#2203,#2201,#1807,.T.);
#2862=EDGE_CURVE('',#2203,#2204,#915,.T.);
#2863=EDGE_CURVE('',#2204,#2202,#1808,.T.);
#2864=EDGE_CURVE('',#2205,#2203,#1809,.T.);
#2865=EDGE_CURVE('',#2205,#2206,#916,.T.);
#2866=EDGE_CURVE('',#2206,#2204,#1810,.T.);
#2867=EDGE_CURVE('',#2207,#2205,#1811,.T.);
#2868=EDGE_CURVE('',#2207,#2208,#917,.T.);
#2869=EDGE_CURVE('',#2208,#2206,#1812,.T.);
#2870=EDGE_CURVE('',#2209,#2207,#1813,.T.);
#2871=EDGE_CURVE('',#2209,#2210,#918,.T.);
#2872=EDGE_CURVE('',#2210,#2208,#1814,.T.);
#2873=EDGE_CURVE('',#2184,#2209,#1815,.T.);
#2874=EDGE_CURVE('',#2186,#2210,#1816,.T.);
#2875=EDGE_CURVE('',#2211,#2212,#919,.T.);
#2876=EDGE_CURVE('',#2211,#2213,#920,.T.);
#2877=EDGE_CURVE('',#2213,#2214,#921,.T.);
#2878=EDGE_CURVE('',#2212,#2214,#922,.T.);
#2879=EDGE_CURVE('',#2215,#2211,#923,.T.);
#2880=EDGE_CURVE('',#2215,#2216,#924,.T.);
#2881=EDGE_CURVE('',#2216,#2213,#925,.T.);
#2882=EDGE_CURVE('',#2217,#2215,#1817,.T.);
#2883=EDGE_CURVE('',#2217,#2218,#926,.T.);
#2884=EDGE_CURVE('',#2218,#2216,#1818,.T.);
#2885=EDGE_CURVE('',#2219,#2217,#1819,.T.);
#2886=EDGE_CURVE('',#2219,#2220,#927,.T.);
#2887=EDGE_CURVE('',#2220,#2218,#1820,.T.);
#2888=EDGE_CURVE('',#2221,#2219,#1821,.T.);
#2889=EDGE_CURVE('',#2221,#2222,#928,.T.);
#2890=EDGE_CURVE('',#2222,#2220,#1822,.T.);
#2891=EDGE_CURVE('',#2223,#2221,#929,.T.);
#2892=EDGE_CURVE('',#2223,#2224,#930,.T.);
#2893=EDGE_CURVE('',#2224,#2222,#931,.T.);
#2894=EDGE_CURVE('',#2225,#2223,#932,.T.);
#2895=EDGE_CURVE('',#2225,#2226,#933,.T.);
#2896=EDGE_CURVE('',#2226,#2224,#934,.T.);
#2897=EDGE_CURVE('',#2227,#2225,#1823,.T.);
#2898=EDGE_CURVE('',#2227,#2228,#935,.T.);
#2899=EDGE_CURVE('',#2228,#2226,#1824,.T.);
#2900=EDGE_CURVE('',#2229,#2227,#1825,.T.);
#2901=EDGE_CURVE('',#2229,#2230,#936,.T.);
#2902=EDGE_CURVE('',#2230,#2228,#1826,.T.);
#2903=EDGE_CURVE('',#2231,#2229,#1827,.T.);
#2904=EDGE_CURVE('',#2231,#2232,#937,.T.);
#2905=EDGE_CURVE('',#2232,#2230,#1828,.T.);
#2906=EDGE_CURVE('',#2233,#2231,#1829,.T.);
#2907=EDGE_CURVE('',#2233,#2234,#938,.T.);
#2908=EDGE_CURVE('',#2234,#2232,#1830,.T.);
#2909=EDGE_CURVE('',#2235,#2233,#1831,.T.);
#2910=EDGE_CURVE('',#2235,#2236,#939,.T.);
#2911=EDGE_CURVE('',#2236,#2234,#1832,.T.);
#2912=EDGE_CURVE('',#2237,#2235,#1833,.T.);
#2913=EDGE_CURVE('',#2237,#2238,#940,.T.);
#2914=EDGE_CURVE('',#2238,#2236,#1834,.T.);
#2915=EDGE_CURVE('',#2239,#2237,#941,.T.);
#2916=EDGE_CURVE('',#2239,#2240,#942,.T.);
#2917=EDGE_CURVE('',#2240,#2238,#943,.T.);
#2918=EDGE_CURVE('',#2241,#2239,#944,.T.);
#2919=EDGE_CURVE('',#2241,#2242,#945,.T.);
#2920=EDGE_CURVE('',#2242,#2240,#946,.T.);
#2921=EDGE_CURVE('',#2243,#2241,#1835,.T.);
#2922=EDGE_CURVE('',#2243,#2244,#947,.T.);
#2923=EDGE_CURVE('',#2244,#2242,#1836,.T.);
#2924=EDGE_CURVE('',#2245,#2243,#1837,.T.);
#2925=EDGE_CURVE('',#2245,#2246,#948,.T.);
#2926=EDGE_CURVE('',#2246,#2244,#1838,.T.);
#2927=EDGE_CURVE('',#2247,#2245,#1839,.T.);
#2928=EDGE_CURVE('',#2247,#2248,#949,.T.);
#2929=EDGE_CURVE('',#2248,#2246,#1840,.T.);
#2930=EDGE_CURVE('',#2249,#2247,#1841,.T.);
#2931=EDGE_CURVE('',#2249,#2250,#950,.T.);
#2932=EDGE_CURVE('',#2250,#2248,#1842,.T.);
#2933=EDGE_CURVE('',#2251,#2249,#1843,.T.);
#2934=EDGE_CURVE('',#2251,#2252,#951,.T.);
#2935=EDGE_CURVE('',#2252,#2250,#1844,.T.);
#2936=EDGE_CURVE('',#2253,#2251,#1845,.T.);
#2937=EDGE_CURVE('',#2253,#2254,#952,.T.);
#2938=EDGE_CURVE('',#2254,#2252,#1846,.T.);
#2939=EDGE_CURVE('',#2255,#2253,#1847,.T.);
#2940=EDGE_CURVE('',#2255,#2256,#953,.T.);
#2941=EDGE_CURVE('',#2256,#2254,#1848,.T.);
#2942=EDGE_CURVE('',#2212,#2255,#1849,.T.);
#2943=EDGE_CURVE('',#2214,#2256,#1850,.T.);
#2944=EDGE_CURVE('',#2257,#2258,#954,.T.);
#2945=EDGE_CURVE('',#2257,#2259,#955,.T.);
#2946=EDGE_CURVE('',#2259,#2260,#956,.T.);
#2947=EDGE_CURVE('',#2258,#2260,#957,.T.);
#2948=EDGE_CURVE('',#2261,#2257,#1851,.T.);
#2949=EDGE_CURVE('',#2261,#2262,#958,.T.);
#2950=EDGE_CURVE('',#2262,#2259,#1852,.T.);
#2951=EDGE_CURVE('',#2263,#2261,#1853,.T.);
#2952=EDGE_CURVE('',#2263,#2264,#959,.T.);
#2953=EDGE_CURVE('',#2264,#2262,#1854,.T.);
#2954=EDGE_CURVE('',#2265,#2263,#1855,.T.);
#2955=EDGE_CURVE('',#2265,#2266,#960,.T.);
#2956=EDGE_CURVE('',#2266,#2264,#1856,.T.);
#2957=EDGE_CURVE('',#2267,#2265,#1857,.T.);
#2958=EDGE_CURVE('',#2267,#2268,#961,.T.);
#2959=EDGE_CURVE('',#2268,#2266,#1858,.T.);
#2960=EDGE_CURVE('',#2269,#2267,#962,.T.);
#2961=EDGE_CURVE('',#2269,#2270,#963,.T.);
#2962=EDGE_CURVE('',#2270,#2268,#964,.T.);
#2963=EDGE_CURVE('',#2271,#2269,#965,.T.);
#2964=EDGE_CURVE('',#2271,#2272,#966,.T.);
#2965=EDGE_CURVE('',#2272,#2270,#967,.T.);
#2966=EDGE_CURVE('',#2273,#2271,#1859,.T.);
#2967=EDGE_CURVE('',#2273,#2274,#968,.T.);
#2968=EDGE_CURVE('',#2274,#2272,#1860,.T.);
#2969=EDGE_CURVE('',#2275,#2273,#1861,.T.);
#2970=EDGE_CURVE('',#2275,#2276,#969,.T.);
#2971=EDGE_CURVE('',#2276,#2274,#1862,.T.);
#2972=EDGE_CURVE('',#2258,#2275,#970,.T.);
#2973=EDGE_CURVE('',#2260,#2276,#971,.T.);
#2974=EDGE_CURVE('',#2277,#2278,#1863,.T.);
#2975=EDGE_CURVE('',#2277,#2279,#972,.T.);
#2976=EDGE_CURVE('',#2279,#2280,#1864,.T.);
#2977=EDGE_CURVE('',#2278,#2280,#973,.T.);
#2978=EDGE_CURVE('',#2281,#2277,#974,.T.);
#2979=EDGE_CURVE('',#2281,#2282,#975,.T.);
#2980=EDGE_CURVE('',#2282,#2279,#976,.T.);
#2981=EDGE_CURVE('',#2283,#2281,#977,.T.);
#2982=EDGE_CURVE('',#2283,#2284,#978,.T.);
#2983=EDGE_CURVE('',#2284,#2282,#979,.T.);
#2984=EDGE_CURVE('',#2285,#2283,#1865,.T.);
#2985=EDGE_CURVE('',#2285,#2286,#980,.T.);
#2986=EDGE_CURVE('',#2286,#2284,#1866,.T.);
#2987=EDGE_CURVE('',#2287,#2285,#981,.T.);
#2988=EDGE_CURVE('',#2287,#2288,#982,.T.);
#2989=EDGE_CURVE('',#2288,#2286,#983,.T.);
#2990=EDGE_CURVE('',#2289,#2287,#984,.T.);
#2991=EDGE_CURVE('',#2289,#2290,#985,.T.);
#2992=EDGE_CURVE('',#2290,#2288,#986,.T.);
#2993=EDGE_CURVE('',#2291,#2289,#987,.T.);
#2994=EDGE_CURVE('',#2291,#2292,#988,.T.);
#2995=EDGE_CURVE('',#2292,#2290,#989,.T.);
#2996=EDGE_CURVE('',#2293,#2291,#990,.T.);
#2997=EDGE_CURVE('',#2293,#2294,#991,.T.);
#2998=EDGE_CURVE('',#2294,#2292,#992,.T.);
#2999=EDGE_CURVE('',#2295,#2293,#993,.T.);
#3000=EDGE_CURVE('',#2295,#2296,#994,.T.);
#3001=EDGE_CURVE('',#2296,#2294,#995,.T.);
#3002=EDGE_CURVE('',#2297,#2295,#996,.T.);
#3003=EDGE_CURVE('',#2297,#2298,#997,.T.);
#3004=EDGE_CURVE('',#2298,#2296,#998,.T.);
#3005=EDGE_CURVE('',#2299,#2297,#999,.T.);
#3006=EDGE_CURVE('',#2299,#2300,#1000,.T.);
#3007=EDGE_CURVE('',#2300,#2298,#1001,.T.);
#3008=EDGE_CURVE('',#2301,#2299,#1867,.T.);
#3009=EDGE_CURVE('',#2301,#2302,#1002,.T.);
#3010=EDGE_CURVE('',#2302,#2300,#1868,.T.);
#3011=EDGE_CURVE('',#2303,#2301,#1869,.T.);
#3012=EDGE_CURVE('',#2303,#2304,#1003,.T.);
#3013=EDGE_CURVE('',#2304,#2302,#1870,.T.);
#3014=EDGE_CURVE('',#2305,#2303,#1004,.T.);
#3015=EDGE_CURVE('',#2305,#2306,#1005,.T.);
#3016=EDGE_CURVE('',#2306,#2304,#1006,.T.);
#3017=EDGE_CURVE('',#2307,#2305,#1007,.T.);
#3018=EDGE_CURVE('',#2307,#2308,#1008,.T.);
#3019=EDGE_CURVE('',#2308,#2306,#1009,.T.);
#3020=EDGE_CURVE('',#2309,#2307,#1871,.T.);
#3021=EDGE_CURVE('',#2309,#2310,#1010,.T.);
#3022=EDGE_CURVE('',#2310,#2308,#1872,.T.);
#3023=EDGE_CURVE('',#2311,#2309,#1873,.T.);
#3024=EDGE_CURVE('',#2311,#2312,#1011,.T.);
#3025=EDGE_CURVE('',#2312,#2310,#1874,.T.);
#3026=EDGE_CURVE('',#2313,#2311,#1875,.T.);
#3027=EDGE_CURVE('',#2313,#2314,#1012,.T.);
#3028=EDGE_CURVE('',#2314,#2312,#1876,.T.);
#3029=EDGE_CURVE('',#2315,#2313,#1877,.T.);
#3030=EDGE_CURVE('',#2315,#2316,#1013,.T.);
#3031=EDGE_CURVE('',#2316,#2314,#1878,.T.);
#3032=EDGE_CURVE('',#2317,#2315,#1879,.T.);
#3033=EDGE_CURVE('',#2317,#2318,#1014,.T.);
#3034=EDGE_CURVE('',#2318,#2316,#1880,.T.);
#3035=EDGE_CURVE('',#2319,#2317,#1881,.T.);
#3036=EDGE_CURVE('',#2319,#2320,#1015,.T.);
#3037=EDGE_CURVE('',#2320,#2318,#1882,.T.);
#3038=EDGE_CURVE('',#2321,#2319,#1883,.T.);
#3039=EDGE_CURVE('',#2321,#2322,#1016,.T.);
#3040=EDGE_CURVE('',#2322,#2320,#1884,.T.);
#3041=EDGE_CURVE('',#2323,#2321,#1885,.T.);
#3042=EDGE_CURVE('',#2323,#2324,#1017,.T.);
#3043=EDGE_CURVE('',#2324,#2322,#1886,.T.);
#3044=EDGE_CURVE('',#2325,#2323,#1887,.T.);
#3045=EDGE_CURVE('',#2325,#2326,#1018,.T.);
#3046=EDGE_CURVE('',#2326,#2324,#1888,.T.);
#3047=EDGE_CURVE('',#2278,#2325,#1889,.T.);
#3048=EDGE_CURVE('',#2280,#2326,#1890,.T.);
#3049=EDGE_CURVE('',#2327,#2328,#1019,.T.);
#3050=EDGE_CURVE('',#2327,#2329,#1020,.T.);
#3051=EDGE_CURVE('',#2329,#2330,#1021,.T.);
#3052=EDGE_CURVE('',#2328,#2330,#1022,.T.);
#3053=EDGE_CURVE('',#2331,#2327,#1891,.T.);
#3054=EDGE_CURVE('',#2331,#2332,#1023,.T.);
#3055=EDGE_CURVE('',#2332,#2329,#1892,.T.);
#3056=EDGE_CURVE('',#2333,#2331,#1893,.T.);
#3057=EDGE_CURVE('',#2333,#2334,#1024,.T.);
#3058=EDGE_CURVE('',#2334,#2332,#1894,.T.);
#3059=EDGE_CURVE('',#2335,#2333,#1895,.T.);
#3060=EDGE_CURVE('',#2335,#2336,#1025,.T.);
#3061=EDGE_CURVE('',#2336,#2334,#1896,.T.);
#3062=EDGE_CURVE('',#2337,#2335,#1897,.T.);
#3063=EDGE_CURVE('',#2337,#2338,#1026,.T.);
#3064=EDGE_CURVE('',#2338,#2336,#1898,.T.);
#3065=EDGE_CURVE('',#2339,#2337,#1899,.T.);
#3066=EDGE_CURVE('',#2339,#2340,#1027,.T.);
#3067=EDGE_CURVE('',#2340,#2338,#1900,.T.);
#3068=EDGE_CURVE('',#2341,#2339,#1028,.T.);
#3069=EDGE_CURVE('',#2341,#2342,#1029,.T.);
#3070=EDGE_CURVE('',#2342,#2340,#1030,.T.);
#3071=EDGE_CURVE('',#2343,#2341,#1031,.T.);
#3072=EDGE_CURVE('',#2343,#2344,#1032,.T.);
#3073=EDGE_CURVE('',#2344,#2342,#1033,.T.);
#3074=EDGE_CURVE('',#2345,#2343,#1901,.T.);
#3075=EDGE_CURVE('',#2345,#2346,#1034,.T.);
#3076=EDGE_CURVE('',#2346,#2344,#1902,.T.);
#3077=EDGE_CURVE('',#2347,#2345,#1903,.T.);
#3078=EDGE_CURVE('',#2347,#2348,#1035,.T.);
#3079=EDGE_CURVE('',#2348,#2346,#1904,.T.);
#3080=EDGE_CURVE('',#2328,#2347,#1036,.T.);
#3081=EDGE_CURVE('',#2330,#2348,#1037,.T.);
#3082=EDGE_CURVE('',#2349,#2350,#1905,.T.);
#3083=EDGE_CURVE('',#2349,#2351,#1038,.T.);
#3084=EDGE_CURVE('',#2351,#2352,#1906,.T.);
#3085=EDGE_CURVE('',#2350,#2352,#1039,.T.);
#3086=EDGE_CURVE('',#2353,#2349,#1040,.T.);
#3087=EDGE_CURVE('',#2353,#2354,#1041,.T.);
#3088=EDGE_CURVE('',#2354,#2351,#1042,.T.);
#3089=EDGE_CURVE('',#2355,#2353,#1043,.T.);
#3090=EDGE_CURVE('',#2355,#2356,#1044,.T.);
#3091=EDGE_CURVE('',#2356,#2354,#1045,.T.);
#3092=EDGE_CURVE('',#2357,#2355,#1907,.T.);
#3093=EDGE_CURVE('',#2357,#2358,#1046,.T.);
#3094=EDGE_CURVE('',#2358,#2356,#1908,.T.);
#3095=EDGE_CURVE('',#2359,#2357,#1047,.T.);
#3096=EDGE_CURVE('',#2359,#2360,#1048,.T.);
#3097=EDGE_CURVE('',#2360,#2358,#1049,.T.);
#3098=EDGE_CURVE('',#2361,#2359,#1050,.T.);
#3099=EDGE_CURVE('',#2361,#2362,#1051,.T.);
#3100=EDGE_CURVE('',#2362,#2360,#1052,.T.);
#3101=EDGE_CURVE('',#2363,#2361,#1909,.T.);
#3102=EDGE_CURVE('',#2363,#2364,#1053,.T.);
#3103=EDGE_CURVE('',#2364,#2362,#1910,.T.);
#3104=EDGE_CURVE('',#2365,#2363,#1054,.T.);
#3105=EDGE_CURVE('',#2365,#2366,#1055,.T.);
#3106=EDGE_CURVE('',#2366,#2364,#1056,.T.);
#3107=EDGE_CURVE('',#2367,#2365,#1057,.T.);
#3108=EDGE_CURVE('',#2367,#2368,#1058,.T.);
#3109=EDGE_CURVE('',#2368,#2366,#1059,.T.);
#3110=EDGE_CURVE('',#2369,#2367,#1060,.T.);
#3111=EDGE_CURVE('',#2369,#2370,#1061,.T.);
#3112=EDGE_CURVE('',#2370,#2368,#1062,.T.);
#3113=EDGE_CURVE('',#2371,#2369,#1063,.T.);
#3114=EDGE_CURVE('',#2371,#2372,#1064,.T.);
#3115=EDGE_CURVE('',#2372,#2370,#1065,.T.);
#3116=EDGE_CURVE('',#2373,#2371,#1911,.T.);
#3117=EDGE_CURVE('',#2373,#2374,#1066,.T.);
#3118=EDGE_CURVE('',#2374,#2372,#1912,.T.);
#3119=EDGE_CURVE('',#2375,#2373,#1913,.T.);
#3120=EDGE_CURVE('',#2375,#2376,#1067,.T.);
#3121=EDGE_CURVE('',#2376,#2374,#1914,.T.);
#3122=EDGE_CURVE('',#2377,#2375,#1068,.T.);
#3123=EDGE_CURVE('',#2377,#2378,#1069,.T.);
#3124=EDGE_CURVE('',#2378,#2376,#1070,.T.);
#3125=EDGE_CURVE('',#2379,#2377,#1071,.T.);
#3126=EDGE_CURVE('',#2379,#2380,#1072,.T.);
#3127=EDGE_CURVE('',#2380,#2378,#1073,.T.);
#3128=EDGE_CURVE('',#2381,#2379,#1915,.T.);
#3129=EDGE_CURVE('',#2381,#2382,#1074,.T.);
#3130=EDGE_CURVE('',#2382,#2380,#1916,.T.);
#3131=EDGE_CURVE('',#2383,#2381,#1917,.T.);
#3132=EDGE_CURVE('',#2383,#2384,#1075,.T.);
#3133=EDGE_CURVE('',#2384,#2382,#1918,.T.);
#3134=EDGE_CURVE('',#2385,#2383,#1919,.T.);
#3135=EDGE_CURVE('',#2385,#2386,#1076,.T.);
#3136=EDGE_CURVE('',#2386,#2384,#1920,.T.);
#3137=EDGE_CURVE('',#2387,#2385,#1921,.T.);
#3138=EDGE_CURVE('',#2387,#2388,#1077,.T.);
#3139=EDGE_CURVE('',#2388,#2386,#1922,.T.);
#3140=EDGE_CURVE('',#2389,#2387,#1923,.T.);
#3141=EDGE_CURVE('',#2389,#2390,#1078,.T.);
#3142=EDGE_CURVE('',#2390,#2388,#1924,.T.);
#3143=EDGE_CURVE('',#2391,#2389,#1925,.T.);
#3144=EDGE_CURVE('',#2391,#2392,#1079,.T.);
#3145=EDGE_CURVE('',#2392,#2390,#1926,.T.);
#3146=EDGE_CURVE('',#2393,#2391,#1927,.T.);
#3147=EDGE_CURVE('',#2393,#2394,#1080,.T.);
#3148=EDGE_CURVE('',#2394,#2392,#1928,.T.);
#3149=EDGE_CURVE('',#2395,#2393,#1929,.T.);
#3150=EDGE_CURVE('',#2395,#2396,#1081,.T.);
#3151=EDGE_CURVE('',#2396,#2394,#1930,.T.);
#3152=EDGE_CURVE('',#2397,#2395,#1931,.T.);
#3153=EDGE_CURVE('',#2397,#2398,#1082,.T.);
#3154=EDGE_CURVE('',#2398,#2396,#1932,.T.);
#3155=EDGE_CURVE('',#2350,#2397,#1933,.T.);
#3156=EDGE_CURVE('',#2352,#2398,#1934,.T.);
#3157=EDGE_CURVE('',#2399,#2400,#1083,.T.);
#3158=EDGE_CURVE('',#2401,#2399,#1084,.T.);
#3159=EDGE_CURVE('',#2402,#2401,#1085,.T.);
#3160=EDGE_CURVE('',#2402,#2400,#1086,.T.);
#3161=EDGE_CURVE('',#2400,#2403,#1087,.T.);
#3162=EDGE_CURVE('',#2404,#2402,#1088,.T.);
#3163=EDGE_CURVE('',#2404,#2403,#1089,.T.);
#3164=EDGE_CURVE('',#2403,#2405,#1090,.T.);
#3165=EDGE_CURVE('',#2406,#2404,#1091,.T.);
#3166=EDGE_CURVE('',#2406,#2405,#1092,.T.);
#3167=EDGE_CURVE('',#2405,#2399,#1093,.T.);
#3168=EDGE_CURVE('',#2401,#2406,#1094,.T.);
#3169=EDGE_CURVE('',#2407,#2408,#1095,.T.);
#3170=EDGE_CURVE('',#2409,#2407,#1096,.T.);
#3171=EDGE_CURVE('',#2409,#2410,#1097,.T.);
#3172=EDGE_CURVE('',#2410,#2408,#1098,.T.);
#3173=EDGE_CURVE('',#2411,#2412,#1099,.T.);
#3174=EDGE_CURVE('',#2411,#2413,#1100,.T.);
#3175=EDGE_CURVE('',#2414,#2413,#1101,.T.);
#3176=EDGE_CURVE('',#2412,#2414,#1102,.T.);
#3177=EDGE_CURVE('',#2415,#2409,#1103,.T.);
#3178=EDGE_CURVE('',#2415,#2416,#1104,.T.);
#3179=EDGE_CURVE('',#2416,#2410,#1105,.T.);
#3180=EDGE_CURVE('',#2417,#2415,#1106,.T.);
#3181=EDGE_CURVE('',#2417,#2418,#1107,.T.);
#3182=EDGE_CURVE('',#2418,#2416,#1108,.T.);
#3183=EDGE_CURVE('',#2414,#2417,#1109,.T.);
#3184=EDGE_CURVE('',#2413,#2418,#1110,.T.);
#3185=EDGE_CURVE('',#2408,#2419,#22,.T.);
#3186=EDGE_CURVE('',#2419,#2411,#23,.T.);
#3187=EDGE_CURVE('',#2420,#2420,#24,.T.);
#3188=EDGE_CURVE('',#2420,#2421,#1111,.T.);
#3189=EDGE_CURVE('',#2421,#2421,#25,.T.);
#3190=EDGE_CURVE('',#2422,#2423,#1112,.T.);
#3191=EDGE_CURVE('',#2423,#2424,#1113,.T.);
#3192=EDGE_CURVE('',#2425,#2424,#1114,.T.);
#3193=EDGE_CURVE('',#2426,#2425,#1115,.T.);
#3194=EDGE_CURVE('',#2426,#2422,#1116,.T.);
#3195=EDGE_CURVE('',#2427,#2428,#1117,.T.);
#3196=EDGE_CURVE('',#2427,#2429,#1118,.T.);
#3197=EDGE_CURVE('',#2430,#2429,#1119,.T.);
#3198=EDGE_CURVE('',#2431,#2430,#1120,.T.);
#3199=EDGE_CURVE('',#2432,#2431,#1121,.T.);
#3200=EDGE_CURVE('',#2433,#2432,#1122,.T.);
#3201=EDGE_CURVE('',#2428,#2433,#1123,.T.);
#3202=EDGE_CURVE('',#2434,#2434,#26,.T.);
#3203=EDGE_CURVE('',#2407,#2412,#27,.T.);
#3204=EDGE_CURVE('',#2435,#2435,#28,.T.);
#3205=EDGE_CURVE('',#2436,#2436,#29,.T.);
#3206=EDGE_CURVE('',#2437,#2437,#30,.T.);
#3207=EDGE_CURVE('',#2438,#2438,#31,.T.);
#3208=EDGE_CURVE('',#2439,#2430,#1124,.T.);
#3209=EDGE_CURVE('',#2439,#2440,#1125,.T.);
#3210=EDGE_CURVE('',#2440,#2431,#1126,.T.);
#3211=EDGE_CURVE('',#2429,#2441,#1127,.T.);
#3212=EDGE_CURVE('',#2441,#2442,#1128,.T.);
#3213=EDGE_CURVE('',#2443,#2442,#1129,.T.);
#3214=EDGE_CURVE('',#2443,#2439,#1130,.T.);
#3215=EDGE_CURVE('',#2434,#2444,#1131,.T.);
#3216=EDGE_CURVE('',#2444,#2444,#32,.T.);
#3217=EDGE_CURVE('',#2419,#2445,#1132,.T.);
#3218=EDGE_CURVE('',#2445,#2445,#33,.T.);
#3219=EDGE_CURVE('',#2440,#2446,#1133,.T.);
#3220=EDGE_CURVE('',#2446,#2432,#1134,.T.);
#3221=EDGE_CURVE('',#2446,#2447,#1135,.T.);
#3222=EDGE_CURVE('',#2447,#2433,#1136,.T.);
#3223=EDGE_CURVE('',#2447,#2448,#1137,.T.);
#3224=EDGE_CURVE('',#2448,#2428,#1138,.T.);
#3225=EDGE_CURVE('',#2448,#2449,#1139,.T.);
#3226=EDGE_CURVE('',#2449,#2427,#1140,.T.);
#3227=EDGE_CURVE('',#2443,#2426,#1141,.T.);
#3228=EDGE_CURVE('',#2442,#2422,#1142,.T.);
#3229=EDGE_CURVE('',#2425,#2450,#1143,.T.);
#3230=EDGE_CURVE('',#2450,#2451,#1144,.T.);
#3231=EDGE_CURVE('',#2451,#2452,#1145,.T.);
#3232=EDGE_CURVE('',#2452,#2449,#1146,.T.);
#3233=EDGE_CURVE('',#2441,#2422,#1147,.T.);
#3234=EDGE_CURVE('',#2453,#2453,#34,.T.);
#3235=EDGE_CURVE('',#2453,#2435,#1148,.T.);
#3236=EDGE_CURVE('',#2454,#2454,#35,.T.);
#3237=EDGE_CURVE('',#2454,#2436,#1149,.T.);
#3238=EDGE_CURVE('',#2455,#2455,#36,.T.);
#3239=EDGE_CURVE('',#2455,#2437,#1150,.T.);
#3240=EDGE_CURVE('',#2456,#2456,#37,.T.);
#3241=EDGE_CURVE('',#2456,#2438,#1151,.T.);
#3242=EDGE_CURVE('',#2427,#2457,#1152,.T.);
#3243=EDGE_CURVE('',#2457,#2423,#1153,.T.);
#3244=EDGE_CURVE('',#2452,#2458,#1154,.T.);
#3245=EDGE_CURVE('',#2458,#2457,#1155,.T.);
#3246=EDGE_CURVE('',#2451,#2459,#1156,.T.);
#3247=EDGE_CURVE('',#2459,#2458,#1157,.T.);
#3248=EDGE_CURVE('',#2450,#2460,#1158,.T.);
#3249=EDGE_CURVE('',#2460,#2459,#1159,.T.);
#3250=EDGE_CURVE('',#2424,#2460,#1160,.T.);
#3251=ORIENTED_EDGE('',*,*,#2461,.F.);
#3252=ORIENTED_EDGE('',*,*,#2462,.T.);
#3253=ORIENTED_EDGE('',*,*,#2463,.T.);
#3254=ORIENTED_EDGE('',*,*,#2464,.F.);
#3255=ORIENTED_EDGE('',*,*,#2465,.F.);
#3256=ORIENTED_EDGE('',*,*,#2466,.T.);
#3257=ORIENTED_EDGE('',*,*,#2467,.T.);
#3258=ORIENTED_EDGE('',*,*,#2462,.F.);
#3259=ORIENTED_EDGE('',*,*,#2468,.F.);
#3260=ORIENTED_EDGE('',*,*,#2469,.T.);
#3261=ORIENTED_EDGE('',*,*,#2470,.T.);
#3262=ORIENTED_EDGE('',*,*,#2466,.F.);
#3263=ORIENTED_EDGE('',*,*,#2471,.F.);
#3264=ORIENTED_EDGE('',*,*,#2472,.T.);
#3265=ORIENTED_EDGE('',*,*,#2473,.T.);
#3266=ORIENTED_EDGE('',*,*,#2469,.F.);
#3267=ORIENTED_EDGE('',*,*,#2474,.F.);
#3268=ORIENTED_EDGE('',*,*,#2475,.T.);
#3269=ORIENTED_EDGE('',*,*,#2476,.T.);
#3270=ORIENTED_EDGE('',*,*,#2472,.F.);
#3271=ORIENTED_EDGE('',*,*,#2477,.F.);
#3272=ORIENTED_EDGE('',*,*,#2478,.T.);
#3273=ORIENTED_EDGE('',*,*,#2479,.T.);
#3274=ORIENTED_EDGE('',*,*,#2475,.F.);
#3275=ORIENTED_EDGE('',*,*,#2480,.F.);
#3276=ORIENTED_EDGE('',*,*,#2481,.T.);
#3277=ORIENTED_EDGE('',*,*,#2482,.T.);
#3278=ORIENTED_EDGE('',*,*,#2478,.F.);
#3279=ORIENTED_EDGE('',*,*,#2483,.F.);
#3280=ORIENTED_EDGE('',*,*,#2484,.T.);
#3281=ORIENTED_EDGE('',*,*,#2485,.T.);
#3282=ORIENTED_EDGE('',*,*,#2481,.F.);
#3283=ORIENTED_EDGE('',*,*,#2486,.F.);
#3284=ORIENTED_EDGE('',*,*,#2487,.T.);
#3285=ORIENTED_EDGE('',*,*,#2488,.T.);
#3286=ORIENTED_EDGE('',*,*,#2484,.F.);
#3287=ORIENTED_EDGE('',*,*,#2489,.F.);
#3288=ORIENTED_EDGE('',*,*,#2490,.T.);
#3289=ORIENTED_EDGE('',*,*,#2491,.T.);
#3290=ORIENTED_EDGE('',*,*,#2487,.F.);
#3291=ORIENTED_EDGE('',*,*,#2492,.F.);
#3292=ORIENTED_EDGE('',*,*,#2493,.T.);
#3293=ORIENTED_EDGE('',*,*,#2494,.T.);
#3294=ORIENTED_EDGE('',*,*,#2490,.F.);
#3295=ORIENTED_EDGE('',*,*,#2495,.F.);
#3296=ORIENTED_EDGE('',*,*,#2496,.T.);
#3297=ORIENTED_EDGE('',*,*,#2497,.T.);
#3298=ORIENTED_EDGE('',*,*,#2493,.F.);
#3299=ORIENTED_EDGE('',*,*,#2498,.F.);
#3300=ORIENTED_EDGE('',*,*,#2499,.T.);
#3301=ORIENTED_EDGE('',*,*,#2500,.T.);
#3302=ORIENTED_EDGE('',*,*,#2496,.F.);
#3303=ORIENTED_EDGE('',*,*,#2501,.F.);
#3304=ORIENTED_EDGE('',*,*,#2502,.T.);
#3305=ORIENTED_EDGE('',*,*,#2503,.T.);
#3306=ORIENTED_EDGE('',*,*,#2499,.F.);
#3307=ORIENTED_EDGE('',*,*,#2504,.F.);
#3308=ORIENTED_EDGE('',*,*,#2505,.T.);
#3309=ORIENTED_EDGE('',*,*,#2506,.T.);
#3310=ORIENTED_EDGE('',*,*,#2502,.F.);
#3311=ORIENTED_EDGE('',*,*,#2507,.F.);
#3312=ORIENTED_EDGE('',*,*,#2508,.T.);
#3313=ORIENTED_EDGE('',*,*,#2509,.T.);
#3314=ORIENTED_EDGE('',*,*,#2505,.F.);
#3315=ORIENTED_EDGE('',*,*,#2510,.F.);
#3316=ORIENTED_EDGE('',*,*,#2511,.T.);
#3317=ORIENTED_EDGE('',*,*,#2512,.T.);
#3318=ORIENTED_EDGE('',*,*,#2508,.F.);
#3319=ORIENTED_EDGE('',*,*,#2513,.F.);
#3320=ORIENTED_EDGE('',*,*,#2514,.T.);
#3321=ORIENTED_EDGE('',*,*,#2515,.T.);
#3322=ORIENTED_EDGE('',*,*,#2511,.F.);
#3323=ORIENTED_EDGE('',*,*,#2516,.F.);
#3324=ORIENTED_EDGE('',*,*,#2517,.T.);
#3325=ORIENTED_EDGE('',*,*,#2518,.T.);
#3326=ORIENTED_EDGE('',*,*,#2514,.F.);
#3327=ORIENTED_EDGE('',*,*,#2519,.F.);
#3328=ORIENTED_EDGE('',*,*,#2520,.T.);
#3329=ORIENTED_EDGE('',*,*,#2521,.T.);
#3330=ORIENTED_EDGE('',*,*,#2517,.F.);
#3331=ORIENTED_EDGE('',*,*,#2522,.F.);
#3332=ORIENTED_EDGE('',*,*,#2523,.T.);
#3333=ORIENTED_EDGE('',*,*,#2524,.T.);
#3334=ORIENTED_EDGE('',*,*,#2520,.F.);
#3335=ORIENTED_EDGE('',*,*,#2525,.F.);
#3336=ORIENTED_EDGE('',*,*,#2526,.T.);
#3337=ORIENTED_EDGE('',*,*,#2527,.T.);
#3338=ORIENTED_EDGE('',*,*,#2523,.F.);
#3339=ORIENTED_EDGE('',*,*,#2528,.F.);
#3340=ORIENTED_EDGE('',*,*,#2529,.T.);
#3341=ORIENTED_EDGE('',*,*,#2530,.T.);
#3342=ORIENTED_EDGE('',*,*,#2526,.F.);
#3343=ORIENTED_EDGE('',*,*,#2531,.F.);
#3344=ORIENTED_EDGE('',*,*,#2532,.T.);
#3345=ORIENTED_EDGE('',*,*,#2533,.T.);
#3346=ORIENTED_EDGE('',*,*,#2529,.F.);
#3347=ORIENTED_EDGE('',*,*,#2534,.F.);
#3348=ORIENTED_EDGE('',*,*,#2535,.T.);
#3349=ORIENTED_EDGE('',*,*,#2536,.T.);
#3350=ORIENTED_EDGE('',*,*,#2532,.F.);
#3351=ORIENTED_EDGE('',*,*,#2537,.F.);
#3352=ORIENTED_EDGE('',*,*,#2538,.T.);
#3353=ORIENTED_EDGE('',*,*,#2539,.T.);
#3354=ORIENTED_EDGE('',*,*,#2535,.F.);
#3355=ORIENTED_EDGE('',*,*,#2540,.F.);
#3356=ORIENTED_EDGE('',*,*,#2541,.T.);
#3357=ORIENTED_EDGE('',*,*,#2542,.T.);
#3358=ORIENTED_EDGE('',*,*,#2538,.F.);
#3359=ORIENTED_EDGE('',*,*,#2543,.F.);
#3360=ORIENTED_EDGE('',*,*,#2544,.T.);
#3361=ORIENTED_EDGE('',*,*,#2545,.T.);
#3362=ORIENTED_EDGE('',*,*,#2541,.F.);
#3363=ORIENTED_EDGE('',*,*,#2546,.F.);
#3364=ORIENTED_EDGE('',*,*,#2547,.T.);
#3365=ORIENTED_EDGE('',*,*,#2548,.T.);
#3366=ORIENTED_EDGE('',*,*,#2544,.F.);
#3367=ORIENTED_EDGE('',*,*,#2549,.F.);
#3368=ORIENTED_EDGE('',*,*,#2550,.T.);
#3369=ORIENTED_EDGE('',*,*,#2551,.T.);
#3370=ORIENTED_EDGE('',*,*,#2547,.F.);
#3371=ORIENTED_EDGE('',*,*,#2552,.F.);
#3372=ORIENTED_EDGE('',*,*,#2553,.T.);
#3373=ORIENTED_EDGE('',*,*,#2554,.T.);
#3374=ORIENTED_EDGE('',*,*,#2550,.F.);
#3375=ORIENTED_EDGE('',*,*,#2555,.F.);
#3376=ORIENTED_EDGE('',*,*,#2556,.T.);
#3377=ORIENTED_EDGE('',*,*,#2557,.T.);
#3378=ORIENTED_EDGE('',*,*,#2553,.F.);
#3379=ORIENTED_EDGE('',*,*,#2558,.F.);
#3380=ORIENTED_EDGE('',*,*,#2559,.T.);
#3381=ORIENTED_EDGE('',*,*,#2560,.T.);
#3382=ORIENTED_EDGE('',*,*,#2556,.F.);
#3383=ORIENTED_EDGE('',*,*,#2561,.F.);
#3384=ORIENTED_EDGE('',*,*,#2562,.T.);
#3385=ORIENTED_EDGE('',*,*,#2563,.T.);
#3386=ORIENTED_EDGE('',*,*,#2559,.F.);
#3387=ORIENTED_EDGE('',*,*,#2564,.F.);
#3388=ORIENTED_EDGE('',*,*,#2565,.T.);
#3389=ORIENTED_EDGE('',*,*,#2566,.T.);
#3390=ORIENTED_EDGE('',*,*,#2562,.F.);
#3391=ORIENTED_EDGE('',*,*,#2567,.F.);
#3392=ORIENTED_EDGE('',*,*,#2568,.T.);
#3393=ORIENTED_EDGE('',*,*,#2569,.T.);
#3394=ORIENTED_EDGE('',*,*,#2565,.F.);
#3395=ORIENTED_EDGE('',*,*,#2570,.F.);
#3396=ORIENTED_EDGE('',*,*,#2571,.T.);
#3397=ORIENTED_EDGE('',*,*,#2572,.T.);
#3398=ORIENTED_EDGE('',*,*,#2568,.F.);
#3399=ORIENTED_EDGE('',*,*,#2573,.F.);
#3400=ORIENTED_EDGE('',*,*,#2574,.T.);
#3401=ORIENTED_EDGE('',*,*,#2575,.T.);
#3402=ORIENTED_EDGE('',*,*,#2571,.F.);
#3403=ORIENTED_EDGE('',*,*,#2576,.F.);
#3404=ORIENTED_EDGE('',*,*,#2577,.T.);
#3405=ORIENTED_EDGE('',*,*,#2578,.T.);
#3406=ORIENTED_EDGE('',*,*,#2574,.F.);
#3407=ORIENTED_EDGE('',*,*,#2579,.F.);
#3408=ORIENTED_EDGE('',*,*,#2580,.T.);
#3409=ORIENTED_EDGE('',*,*,#2581,.T.);
#3410=ORIENTED_EDGE('',*,*,#2577,.F.);
#3411=ORIENTED_EDGE('',*,*,#2582,.F.);
#3412=ORIENTED_EDGE('',*,*,#2464,.T.);
#3413=ORIENTED_EDGE('',*,*,#2583,.T.);
#3414=ORIENTED_EDGE('',*,*,#2580,.F.);
#3415=ORIENTED_EDGE('',*,*,#2583,.F.);
#3416=ORIENTED_EDGE('',*,*,#2463,.F.);
#3417=ORIENTED_EDGE('',*,*,#2467,.F.);
#3418=ORIENTED_EDGE('',*,*,#2470,.F.);
#3419=ORIENTED_EDGE('',*,*,#2473,.F.);
#3420=ORIENTED_EDGE('',*,*,#2476,.F.);
#3421=ORIENTED_EDGE('',*,*,#2479,.F.);
#3422=ORIENTED_EDGE('',*,*,#2482,.F.);
#3423=ORIENTED_EDGE('',*,*,#2485,.F.);
#3424=ORIENTED_EDGE('',*,*,#2488,.F.);
#3425=ORIENTED_EDGE('',*,*,#2491,.F.);
#3426=ORIENTED_EDGE('',*,*,#2494,.F.);
#3427=ORIENTED_EDGE('',*,*,#2497,.F.);
#3428=ORIENTED_EDGE('',*,*,#2500,.F.);
#3429=ORIENTED_EDGE('',*,*,#2503,.F.);
#3430=ORIENTED_EDGE('',*,*,#2506,.F.);
#3431=ORIENTED_EDGE('',*,*,#2509,.F.);
#3432=ORIENTED_EDGE('',*,*,#2512,.F.);
#3433=ORIENTED_EDGE('',*,*,#2515,.F.);
#3434=ORIENTED_EDGE('',*,*,#2518,.F.);
#3435=ORIENTED_EDGE('',*,*,#2521,.F.);
#3436=ORIENTED_EDGE('',*,*,#2524,.F.);
#3437=ORIENTED_EDGE('',*,*,#2527,.F.);
#3438=ORIENTED_EDGE('',*,*,#2530,.F.);
#3439=ORIENTED_EDGE('',*,*,#2533,.F.);
#3440=ORIENTED_EDGE('',*,*,#2536,.F.);
#3441=ORIENTED_EDGE('',*,*,#2539,.F.);
#3442=ORIENTED_EDGE('',*,*,#2542,.F.);
#3443=ORIENTED_EDGE('',*,*,#2545,.F.);
#3444=ORIENTED_EDGE('',*,*,#2548,.F.);
#3445=ORIENTED_EDGE('',*,*,#2551,.F.);
#3446=ORIENTED_EDGE('',*,*,#2554,.F.);
#3447=ORIENTED_EDGE('',*,*,#2557,.F.);
#3448=ORIENTED_EDGE('',*,*,#2560,.F.);
#3449=ORIENTED_EDGE('',*,*,#2563,.F.);
#3450=ORIENTED_EDGE('',*,*,#2566,.F.);
#3451=ORIENTED_EDGE('',*,*,#2569,.F.);
#3452=ORIENTED_EDGE('',*,*,#2572,.F.);
#3453=ORIENTED_EDGE('',*,*,#2575,.F.);
#3454=ORIENTED_EDGE('',*,*,#2578,.F.);
#3455=ORIENTED_EDGE('',*,*,#2581,.F.);
#3456=ORIENTED_EDGE('',*,*,#2584,.F.);
#3457=ORIENTED_EDGE('',*,*,#2585,.T.);
#3458=ORIENTED_EDGE('',*,*,#2586,.T.);
#3459=ORIENTED_EDGE('',*,*,#2587,.F.);
#3460=ORIENTED_EDGE('',*,*,#2588,.F.);
#3461=ORIENTED_EDGE('',*,*,#2589,.T.);
#3462=ORIENTED_EDGE('',*,*,#2590,.T.);
#3463=ORIENTED_EDGE('',*,*,#2585,.F.);
#3464=ORIENTED_EDGE('',*,*,#2591,.F.);
#3465=ORIENTED_EDGE('',*,*,#2592,.T.);
#3466=ORIENTED_EDGE('',*,*,#2593,.T.);
#3467=ORIENTED_EDGE('',*,*,#2589,.F.);
#3468=ORIENTED_EDGE('',*,*,#2594,.F.);
#3469=ORIENTED_EDGE('',*,*,#2595,.T.);
#3470=ORIENTED_EDGE('',*,*,#2596,.T.);
#3471=ORIENTED_EDGE('',*,*,#2592,.F.);
#3472=ORIENTED_EDGE('',*,*,#2597,.F.);
#3473=ORIENTED_EDGE('',*,*,#2598,.T.);
#3474=ORIENTED_EDGE('',*,*,#2599,.T.);
#3475=ORIENTED_EDGE('',*,*,#2595,.F.);
#3476=ORIENTED_EDGE('',*,*,#2600,.F.);
#3477=ORIENTED_EDGE('',*,*,#2601,.T.);
#3478=ORIENTED_EDGE('',*,*,#2602,.T.);
#3479=ORIENTED_EDGE('',*,*,#2598,.F.);
#3480=ORIENTED_EDGE('',*,*,#2603,.F.);
#3481=ORIENTED_EDGE('',*,*,#2604,.T.);
#3482=ORIENTED_EDGE('',*,*,#2605,.T.);
#3483=ORIENTED_EDGE('',*,*,#2601,.F.);
#3484=ORIENTED_EDGE('',*,*,#2606,.F.);
#3485=ORIENTED_EDGE('',*,*,#2607,.T.);
#3486=ORIENTED_EDGE('',*,*,#2608,.T.);
#3487=ORIENTED_EDGE('',*,*,#2604,.F.);
#3488=ORIENTED_EDGE('',*,*,#2609,.F.);
#3489=ORIENTED_EDGE('',*,*,#2587,.T.);
#3490=ORIENTED_EDGE('',*,*,#2610,.T.);
#3491=ORIENTED_EDGE('',*,*,#2607,.F.);
#3492=ORIENTED_EDGE('',*,*,#2611,.F.);
#3493=ORIENTED_EDGE('',*,*,#2612,.T.);
#3494=ORIENTED_EDGE('',*,*,#2613,.T.);
#3495=ORIENTED_EDGE('',*,*,#2614,.F.);
#3496=ORIENTED_EDGE('',*,*,#2615,.F.);
#3497=ORIENTED_EDGE('',*,*,#2616,.T.);
#3498=ORIENTED_EDGE('',*,*,#2617,.T.);
#3499=ORIENTED_EDGE('',*,*,#2612,.F.);
#3500=ORIENTED_EDGE('',*,*,#2618,.F.);
#3501=ORIENTED_EDGE('',*,*,#2619,.T.);
#3502=ORIENTED_EDGE('',*,*,#2620,.T.);
#3503=ORIENTED_EDGE('',*,*,#2616,.F.);
#3504=ORIENTED_EDGE('',*,*,#2621,.F.);
#3505=ORIENTED_EDGE('',*,*,#2622,.T.);
#3506=ORIENTED_EDGE('',*,*,#2623,.T.);
#3507=ORIENTED_EDGE('',*,*,#2619,.F.);
#3508=ORIENTED_EDGE('',*,*,#2624,.F.);
#3509=ORIENTED_EDGE('',*,*,#2625,.T.);
#3510=ORIENTED_EDGE('',*,*,#2626,.T.);
#3511=ORIENTED_EDGE('',*,*,#2622,.F.);
#3512=ORIENTED_EDGE('',*,*,#2627,.F.);
#3513=ORIENTED_EDGE('',*,*,#2614,.T.);
#3514=ORIENTED_EDGE('',*,*,#2628,.T.);
#3515=ORIENTED_EDGE('',*,*,#2625,.F.);
#3516=ORIENTED_EDGE('',*,*,#2629,.F.);
#3517=ORIENTED_EDGE('',*,*,#2630,.T.);
#3518=ORIENTED_EDGE('',*,*,#2631,.T.);
#3519=ORIENTED_EDGE('',*,*,#2632,.F.);
#3520=ORIENTED_EDGE('',*,*,#2633,.F.);
#3521=ORIENTED_EDGE('',*,*,#2634,.T.);
#3522=ORIENTED_EDGE('',*,*,#2635,.T.);
#3523=ORIENTED_EDGE('',*,*,#2630,.F.);
#3524=ORIENTED_EDGE('',*,*,#2636,.F.);
#3525=ORIENTED_EDGE('',*,*,#2637,.T.);
#3526=ORIENTED_EDGE('',*,*,#2638,.T.);
#3527=ORIENTED_EDGE('',*,*,#2634,.F.);
#3528=ORIENTED_EDGE('',*,*,#2639,.F.);
#3529=ORIENTED_EDGE('',*,*,#2640,.T.);
#3530=ORIENTED_EDGE('',*,*,#2641,.T.);
#3531=ORIENTED_EDGE('',*,*,#2637,.F.);
#3532=ORIENTED_EDGE('',*,*,#2642,.F.);
#3533=ORIENTED_EDGE('',*,*,#2643,.T.);
#3534=ORIENTED_EDGE('',*,*,#2644,.T.);
#3535=ORIENTED_EDGE('',*,*,#2640,.F.);
#3536=ORIENTED_EDGE('',*,*,#2645,.F.);
#3537=ORIENTED_EDGE('',*,*,#2646,.T.);
#3538=ORIENTED_EDGE('',*,*,#2647,.T.);
#3539=ORIENTED_EDGE('',*,*,#2643,.F.);
#3540=ORIENTED_EDGE('',*,*,#2648,.F.);
#3541=ORIENTED_EDGE('',*,*,#2649,.T.);
#3542=ORIENTED_EDGE('',*,*,#2650,.T.);
#3543=ORIENTED_EDGE('',*,*,#2646,.F.);
#3544=ORIENTED_EDGE('',*,*,#2651,.F.);
#3545=ORIENTED_EDGE('',*,*,#2652,.T.);
#3546=ORIENTED_EDGE('',*,*,#2653,.T.);
#3547=ORIENTED_EDGE('',*,*,#2649,.F.);
#3548=ORIENTED_EDGE('',*,*,#2654,.F.);
#3549=ORIENTED_EDGE('',*,*,#2655,.T.);
#3550=ORIENTED_EDGE('',*,*,#2656,.T.);
#3551=ORIENTED_EDGE('',*,*,#2652,.F.);
#3552=ORIENTED_EDGE('',*,*,#2657,.F.);
#3553=ORIENTED_EDGE('',*,*,#2658,.T.);
#3554=ORIENTED_EDGE('',*,*,#2659,.T.);
#3555=ORIENTED_EDGE('',*,*,#2655,.F.);
#3556=ORIENTED_EDGE('',*,*,#2660,.F.);
#3557=ORIENTED_EDGE('',*,*,#2632,.T.);
#3558=ORIENTED_EDGE('',*,*,#2661,.T.);
#3559=ORIENTED_EDGE('',*,*,#2658,.F.);
#3560=ORIENTED_EDGE('',*,*,#2661,.F.);
#3561=ORIENTED_EDGE('',*,*,#2631,.F.);
#3562=ORIENTED_EDGE('',*,*,#2635,.F.);
#3563=ORIENTED_EDGE('',*,*,#2638,.F.);
#3564=ORIENTED_EDGE('',*,*,#2641,.F.);
#3565=ORIENTED_EDGE('',*,*,#2644,.F.);
#3566=ORIENTED_EDGE('',*,*,#2647,.F.);
#3567=ORIENTED_EDGE('',*,*,#2650,.F.);
#3568=ORIENTED_EDGE('',*,*,#2653,.F.);
#3569=ORIENTED_EDGE('',*,*,#2656,.F.);
#3570=ORIENTED_EDGE('',*,*,#2659,.F.);
#3571=ORIENTED_EDGE('',*,*,#2628,.F.);
#3572=ORIENTED_EDGE('',*,*,#2613,.F.);
#3573=ORIENTED_EDGE('',*,*,#2617,.F.);
#3574=ORIENTED_EDGE('',*,*,#2620,.F.);
#3575=ORIENTED_EDGE('',*,*,#2623,.F.);
#3576=ORIENTED_EDGE('',*,*,#2626,.F.);
#3577=ORIENTED_EDGE('',*,*,#2610,.F.);
#3578=ORIENTED_EDGE('',*,*,#2586,.F.);
#3579=ORIENTED_EDGE('',*,*,#2590,.F.);
#3580=ORIENTED_EDGE('',*,*,#2593,.F.);
#3581=ORIENTED_EDGE('',*,*,#2596,.F.);
#3582=ORIENTED_EDGE('',*,*,#2599,.F.);
#3583=ORIENTED_EDGE('',*,*,#2602,.F.);
#3584=ORIENTED_EDGE('',*,*,#2605,.F.);
#3585=ORIENTED_EDGE('',*,*,#2608,.F.);
#3586=ORIENTED_EDGE('',*,*,#2662,.F.);
#3587=ORIENTED_EDGE('',*,*,#2663,.T.);
#3588=ORIENTED_EDGE('',*,*,#2664,.T.);
#3589=ORIENTED_EDGE('',*,*,#2665,.F.);
#3590=ORIENTED_EDGE('',*,*,#2666,.F.);
#3591=ORIENTED_EDGE('',*,*,#2667,.T.);
#3592=ORIENTED_EDGE('',*,*,#2668,.T.);
#3593=ORIENTED_EDGE('',*,*,#2663,.F.);
#3594=ORIENTED_EDGE('',*,*,#2669,.F.);
#3595=ORIENTED_EDGE('',*,*,#2670,.T.);
#3596=ORIENTED_EDGE('',*,*,#2671,.T.);
#3597=ORIENTED_EDGE('',*,*,#2667,.F.);
#3598=ORIENTED_EDGE('',*,*,#2672,.F.);
#3599=ORIENTED_EDGE('',*,*,#2673,.T.);
#3600=ORIENTED_EDGE('',*,*,#2674,.T.);
#3601=ORIENTED_EDGE('',*,*,#2670,.F.);
#3602=ORIENTED_EDGE('',*,*,#2675,.F.);
#3603=ORIENTED_EDGE('',*,*,#2676,.T.);
#3604=ORIENTED_EDGE('',*,*,#2677,.T.);
#3605=ORIENTED_EDGE('',*,*,#2673,.F.);
#3606=ORIENTED_EDGE('',*,*,#2678,.F.);
#3607=ORIENTED_EDGE('',*,*,#2679,.T.);
#3608=ORIENTED_EDGE('',*,*,#2680,.T.);
#3609=ORIENTED_EDGE('',*,*,#2676,.F.);
#3610=ORIENTED_EDGE('',*,*,#2681,.F.);
#3611=ORIENTED_EDGE('',*,*,#2682,.T.);
#3612=ORIENTED_EDGE('',*,*,#2683,.T.);
#3613=ORIENTED_EDGE('',*,*,#2679,.F.);
#3614=ORIENTED_EDGE('',*,*,#2684,.F.);
#3615=ORIENTED_EDGE('',*,*,#2685,.T.);
#3616=ORIENTED_EDGE('',*,*,#2686,.T.);
#3617=ORIENTED_EDGE('',*,*,#2682,.F.);
#3618=ORIENTED_EDGE('',*,*,#2687,.F.);
#3619=ORIENTED_EDGE('',*,*,#2688,.T.);
#3620=ORIENTED_EDGE('',*,*,#2689,.T.);
#3621=ORIENTED_EDGE('',*,*,#2685,.F.);
#3622=ORIENTED_EDGE('',*,*,#2690,.F.);
#3623=ORIENTED_EDGE('',*,*,#2691,.T.);
#3624=ORIENTED_EDGE('',*,*,#2692,.T.);
#3625=ORIENTED_EDGE('',*,*,#2688,.F.);
#3626=ORIENTED_EDGE('',*,*,#2693,.F.);
#3627=ORIENTED_EDGE('',*,*,#2694,.T.);
#3628=ORIENTED_EDGE('',*,*,#2695,.T.);
#3629=ORIENTED_EDGE('',*,*,#2691,.F.);
#3630=ORIENTED_EDGE('',*,*,#2696,.F.);
#3631=ORIENTED_EDGE('',*,*,#2697,.T.);
#3632=ORIENTED_EDGE('',*,*,#2698,.T.);
#3633=ORIENTED_EDGE('',*,*,#2694,.F.);
#3634=ORIENTED_EDGE('',*,*,#2699,.F.);
#3635=ORIENTED_EDGE('',*,*,#2700,.T.);
#3636=ORIENTED_EDGE('',*,*,#2701,.T.);
#3637=ORIENTED_EDGE('',*,*,#2697,.F.);
#3638=ORIENTED_EDGE('',*,*,#2702,.F.);
#3639=ORIENTED_EDGE('',*,*,#2703,.T.);
#3640=ORIENTED_EDGE('',*,*,#2704,.T.);
#3641=ORIENTED_EDGE('',*,*,#2700,.F.);
#3642=ORIENTED_EDGE('',*,*,#2705,.F.);
#3643=ORIENTED_EDGE('',*,*,#2706,.T.);
#3644=ORIENTED_EDGE('',*,*,#2707,.T.);
#3645=ORIENTED_EDGE('',*,*,#2703,.F.);
#3646=ORIENTED_EDGE('',*,*,#2708,.F.);
#3647=ORIENTED_EDGE('',*,*,#2709,.T.);
#3648=ORIENTED_EDGE('',*,*,#2710,.T.);
#3649=ORIENTED_EDGE('',*,*,#2706,.F.);
#3650=ORIENTED_EDGE('',*,*,#2711,.F.);
#3651=ORIENTED_EDGE('',*,*,#2712,.T.);
#3652=ORIENTED_EDGE('',*,*,#2713,.T.);
#3653=ORIENTED_EDGE('',*,*,#2709,.F.);
#3654=ORIENTED_EDGE('',*,*,#2714,.F.);
#3655=ORIENTED_EDGE('',*,*,#2665,.T.);
#3656=ORIENTED_EDGE('',*,*,#2715,.T.);
#3657=ORIENTED_EDGE('',*,*,#2712,.F.);
#3658=ORIENTED_EDGE('',*,*,#2715,.F.);
#3659=ORIENTED_EDGE('',*,*,#2664,.F.);
#3660=ORIENTED_EDGE('',*,*,#2668,.F.);
#3661=ORIENTED_EDGE('',*,*,#2671,.F.);
#3662=ORIENTED_EDGE('',*,*,#2674,.F.);
#3663=ORIENTED_EDGE('',*,*,#2677,.F.);
#3664=ORIENTED_EDGE('',*,*,#2680,.F.);
#3665=ORIENTED_EDGE('',*,*,#2683,.F.);
#3666=ORIENTED_EDGE('',*,*,#2686,.F.);
#3667=ORIENTED_EDGE('',*,*,#2689,.F.);
#3668=ORIENTED_EDGE('',*,*,#2692,.F.);
#3669=ORIENTED_EDGE('',*,*,#2695,.F.);
#3670=ORIENTED_EDGE('',*,*,#2698,.F.);
#3671=ORIENTED_EDGE('',*,*,#2701,.F.);
#3672=ORIENTED_EDGE('',*,*,#2704,.F.);
#3673=ORIENTED_EDGE('',*,*,#2707,.F.);
#3674=ORIENTED_EDGE('',*,*,#2710,.F.);
#3675=ORIENTED_EDGE('',*,*,#2713,.F.);
#3676=ORIENTED_EDGE('',*,*,#2716,.F.);
#3677=ORIENTED_EDGE('',*,*,#2717,.T.);
#3678=ORIENTED_EDGE('',*,*,#2718,.T.);
#3679=ORIENTED_EDGE('',*,*,#2719,.F.);
#3680=ORIENTED_EDGE('',*,*,#2720,.F.);
#3681=ORIENTED_EDGE('',*,*,#2721,.T.);
#3682=ORIENTED_EDGE('',*,*,#2722,.T.);
#3683=ORIENTED_EDGE('',*,*,#2717,.F.);
#3684=ORIENTED_EDGE('',*,*,#2723,.F.);
#3685=ORIENTED_EDGE('',*,*,#2724,.T.);
#3686=ORIENTED_EDGE('',*,*,#2725,.T.);
#3687=ORIENTED_EDGE('',*,*,#2721,.F.);
#3688=ORIENTED_EDGE('',*,*,#2726,.F.);
#3689=ORIENTED_EDGE('',*,*,#2727,.T.);
#3690=ORIENTED_EDGE('',*,*,#2728,.T.);
#3691=ORIENTED_EDGE('',*,*,#2724,.F.);
#3692=ORIENTED_EDGE('',*,*,#2729,.F.);
#3693=ORIENTED_EDGE('',*,*,#2730,.T.);
#3694=ORIENTED_EDGE('',*,*,#2731,.T.);
#3695=ORIENTED_EDGE('',*,*,#2727,.F.);
#3696=ORIENTED_EDGE('',*,*,#2732,.F.);
#3697=ORIENTED_EDGE('',*,*,#2733,.T.);
#3698=ORIENTED_EDGE('',*,*,#2734,.T.);
#3699=ORIENTED_EDGE('',*,*,#2730,.F.);
#3700=ORIENTED_EDGE('',*,*,#2735,.F.);
#3701=ORIENTED_EDGE('',*,*,#2736,.T.);
#3702=ORIENTED_EDGE('',*,*,#2737,.T.);
#3703=ORIENTED_EDGE('',*,*,#2733,.F.);
#3704=ORIENTED_EDGE('',*,*,#2738,.F.);
#3705=ORIENTED_EDGE('',*,*,#2739,.T.);
#3706=ORIENTED_EDGE('',*,*,#2740,.T.);
#3707=ORIENTED_EDGE('',*,*,#2736,.F.);
#3708=ORIENTED_EDGE('',*,*,#2741,.F.);
#3709=ORIENTED_EDGE('',*,*,#2742,.T.);
#3710=ORIENTED_EDGE('',*,*,#2743,.T.);
#3711=ORIENTED_EDGE('',*,*,#2739,.F.);
#3712=ORIENTED_EDGE('',*,*,#2744,.F.);
#3713=ORIENTED_EDGE('',*,*,#2745,.T.);
#3714=ORIENTED_EDGE('',*,*,#2746,.T.);
#3715=ORIENTED_EDGE('',*,*,#2742,.F.);
#3716=ORIENTED_EDGE('',*,*,#2747,.F.);
#3717=ORIENTED_EDGE('',*,*,#2748,.T.);
#3718=ORIENTED_EDGE('',*,*,#2749,.T.);
#3719=ORIENTED_EDGE('',*,*,#2745,.F.);
#3720=ORIENTED_EDGE('',*,*,#2750,.F.);
#3721=ORIENTED_EDGE('',*,*,#2751,.T.);
#3722=ORIENTED_EDGE('',*,*,#2752,.T.);
#3723=ORIENTED_EDGE('',*,*,#2748,.F.);
#3724=ORIENTED_EDGE('',*,*,#2753,.F.);
#3725=ORIENTED_EDGE('',*,*,#2754,.T.);
#3726=ORIENTED_EDGE('',*,*,#2755,.T.);
#3727=ORIENTED_EDGE('',*,*,#2751,.F.);
#3728=ORIENTED_EDGE('',*,*,#2756,.F.);
#3729=ORIENTED_EDGE('',*,*,#2757,.T.);
#3730=ORIENTED_EDGE('',*,*,#2758,.T.);
#3731=ORIENTED_EDGE('',*,*,#2754,.F.);
#3732=ORIENTED_EDGE('',*,*,#2759,.F.);
#3733=ORIENTED_EDGE('',*,*,#2760,.T.);
#3734=ORIENTED_EDGE('',*,*,#2761,.T.);
#3735=ORIENTED_EDGE('',*,*,#2757,.F.);
#3736=ORIENTED_EDGE('',*,*,#2762,.F.);
#3737=ORIENTED_EDGE('',*,*,#2763,.T.);
#3738=ORIENTED_EDGE('',*,*,#2764,.T.);
#3739=ORIENTED_EDGE('',*,*,#2760,.F.);
#3740=ORIENTED_EDGE('',*,*,#2765,.F.);
#3741=ORIENTED_EDGE('',*,*,#2766,.T.);
#3742=ORIENTED_EDGE('',*,*,#2767,.T.);
#3743=ORIENTED_EDGE('',*,*,#2763,.F.);
#3744=ORIENTED_EDGE('',*,*,#2768,.F.);
#3745=ORIENTED_EDGE('',*,*,#2769,.T.);
#3746=ORIENTED_EDGE('',*,*,#2770,.T.);
#3747=ORIENTED_EDGE('',*,*,#2766,.F.);
#3748=ORIENTED_EDGE('',*,*,#2771,.F.);
#3749=ORIENTED_EDGE('',*,*,#2772,.T.);
#3750=ORIENTED_EDGE('',*,*,#2773,.T.);
#3751=ORIENTED_EDGE('',*,*,#2769,.F.);
#3752=ORIENTED_EDGE('',*,*,#2774,.F.);
#3753=ORIENTED_EDGE('',*,*,#2775,.T.);
#3754=ORIENTED_EDGE('',*,*,#2776,.T.);
#3755=ORIENTED_EDGE('',*,*,#2772,.F.);
#3756=ORIENTED_EDGE('',*,*,#2777,.F.);
#3757=ORIENTED_EDGE('',*,*,#2778,.T.);
#3758=ORIENTED_EDGE('',*,*,#2779,.T.);
#3759=ORIENTED_EDGE('',*,*,#2775,.F.);
#3760=ORIENTED_EDGE('',*,*,#2780,.F.);
#3761=ORIENTED_EDGE('',*,*,#2781,.T.);
#3762=ORIENTED_EDGE('',*,*,#2782,.T.);
#3763=ORIENTED_EDGE('',*,*,#2778,.F.);
#3764=ORIENTED_EDGE('',*,*,#2783,.F.);
#3765=ORIENTED_EDGE('',*,*,#2784,.T.);
#3766=ORIENTED_EDGE('',*,*,#2785,.T.);
#3767=ORIENTED_EDGE('',*,*,#2781,.F.);
#3768=ORIENTED_EDGE('',*,*,#2786,.F.);
#3769=ORIENTED_EDGE('',*,*,#2787,.T.);
#3770=ORIENTED_EDGE('',*,*,#2788,.T.);
#3771=ORIENTED_EDGE('',*,*,#2784,.F.);
#3772=ORIENTED_EDGE('',*,*,#2789,.F.);
#3773=ORIENTED_EDGE('',*,*,#2790,.T.);
#3774=ORIENTED_EDGE('',*,*,#2791,.T.);
#3775=ORIENTED_EDGE('',*,*,#2787,.F.);
#3776=ORIENTED_EDGE('',*,*,#2792,.F.);
#3777=ORIENTED_EDGE('',*,*,#2793,.T.);
#3778=ORIENTED_EDGE('',*,*,#2794,.T.);
#3779=ORIENTED_EDGE('',*,*,#2790,.F.);
#3780=ORIENTED_EDGE('',*,*,#2795,.F.);
#3781=ORIENTED_EDGE('',*,*,#2796,.T.);
#3782=ORIENTED_EDGE('',*,*,#2797,.T.);
#3783=ORIENTED_EDGE('',*,*,#2793,.F.);
#3784=ORIENTED_EDGE('',*,*,#2798,.F.);
#3785=ORIENTED_EDGE('',*,*,#2799,.T.);
#3786=ORIENTED_EDGE('',*,*,#2800,.T.);
#3787=ORIENTED_EDGE('',*,*,#2796,.F.);
#3788=ORIENTED_EDGE('',*,*,#2801,.F.);
#3789=ORIENTED_EDGE('',*,*,#2802,.T.);
#3790=ORIENTED_EDGE('',*,*,#2803,.T.);
#3791=ORIENTED_EDGE('',*,*,#2799,.F.);
#3792=ORIENTED_EDGE('',*,*,#2804,.F.);
#3793=ORIENTED_EDGE('',*,*,#2805,.T.);
#3794=ORIENTED_EDGE('',*,*,#2806,.T.);
#3795=ORIENTED_EDGE('',*,*,#2802,.F.);
#3796=ORIENTED_EDGE('',*,*,#2807,.F.);
#3797=ORIENTED_EDGE('',*,*,#2719,.T.);
#3798=ORIENTED_EDGE('',*,*,#2808,.T.);
#3799=ORIENTED_EDGE('',*,*,#2805,.F.);
#3800=ORIENTED_EDGE('',*,*,#2808,.F.);
#3801=ORIENTED_EDGE('',*,*,#2718,.F.);
#3802=ORIENTED_EDGE('',*,*,#2722,.F.);
#3803=ORIENTED_EDGE('',*,*,#2725,.F.);
#3804=ORIENTED_EDGE('',*,*,#2728,.F.);
#3805=ORIENTED_EDGE('',*,*,#2731,.F.);
#3806=ORIENTED_EDGE('',*,*,#2734,.F.);
#3807=ORIENTED_EDGE('',*,*,#2737,.F.);
#3808=ORIENTED_EDGE('',*,*,#2740,.F.);
#3809=ORIENTED_EDGE('',*,*,#2743,.F.);
#3810=ORIENTED_EDGE('',*,*,#2746,.F.);
#3811=ORIENTED_EDGE('',*,*,#2749,.F.);
#3812=ORIENTED_EDGE('',*,*,#2752,.F.);
#3813=ORIENTED_EDGE('',*,*,#2755,.F.);
#3814=ORIENTED_EDGE('',*,*,#2758,.F.);
#3815=ORIENTED_EDGE('',*,*,#2761,.F.);
#3816=ORIENTED_EDGE('',*,*,#2764,.F.);
#3817=ORIENTED_EDGE('',*,*,#2767,.F.);
#3818=ORIENTED_EDGE('',*,*,#2770,.F.);
#3819=ORIENTED_EDGE('',*,*,#2773,.F.);
#3820=ORIENTED_EDGE('',*,*,#2776,.F.);
#3821=ORIENTED_EDGE('',*,*,#2779,.F.);
#3822=ORIENTED_EDGE('',*,*,#2782,.F.);
#3823=ORIENTED_EDGE('',*,*,#2785,.F.);
#3824=ORIENTED_EDGE('',*,*,#2788,.F.);
#3825=ORIENTED_EDGE('',*,*,#2791,.F.);
#3826=ORIENTED_EDGE('',*,*,#2794,.F.);
#3827=ORIENTED_EDGE('',*,*,#2797,.F.);
#3828=ORIENTED_EDGE('',*,*,#2800,.F.);
#3829=ORIENTED_EDGE('',*,*,#2803,.F.);
#3830=ORIENTED_EDGE('',*,*,#2806,.F.);
#3831=ORIENTED_EDGE('',*,*,#2809,.F.);
#3832=ORIENTED_EDGE('',*,*,#2810,.T.);
#3833=ORIENTED_EDGE('',*,*,#2811,.T.);
#3834=ORIENTED_EDGE('',*,*,#2812,.F.);
#3835=ORIENTED_EDGE('',*,*,#2813,.F.);
#3836=ORIENTED_EDGE('',*,*,#2814,.T.);
#3837=ORIENTED_EDGE('',*,*,#2815,.T.);
#3838=ORIENTED_EDGE('',*,*,#2810,.F.);
#3839=ORIENTED_EDGE('',*,*,#2816,.F.);
#3840=ORIENTED_EDGE('',*,*,#2817,.T.);
#3841=ORIENTED_EDGE('',*,*,#2818,.T.);
#3842=ORIENTED_EDGE('',*,*,#2814,.F.);
#3843=ORIENTED_EDGE('',*,*,#2819,.F.);
#3844=ORIENTED_EDGE('',*,*,#2820,.T.);
#3845=ORIENTED_EDGE('',*,*,#2821,.T.);
#3846=ORIENTED_EDGE('',*,*,#2817,.F.);
#3847=ORIENTED_EDGE('',*,*,#2822,.F.);
#3848=ORIENTED_EDGE('',*,*,#2823,.T.);
#3849=ORIENTED_EDGE('',*,*,#2824,.T.);
#3850=ORIENTED_EDGE('',*,*,#2820,.F.);
#3851=ORIENTED_EDGE('',*,*,#2825,.F.);
#3852=ORIENTED_EDGE('',*,*,#2826,.T.);
#3853=ORIENTED_EDGE('',*,*,#2827,.T.);
#3854=ORIENTED_EDGE('',*,*,#2823,.F.);
#3855=ORIENTED_EDGE('',*,*,#2828,.F.);
#3856=ORIENTED_EDGE('',*,*,#2829,.T.);
#3857=ORIENTED_EDGE('',*,*,#2830,.T.);
#3858=ORIENTED_EDGE('',*,*,#2826,.F.);
#3859=ORIENTED_EDGE('',*,*,#2831,.F.);
#3860=ORIENTED_EDGE('',*,*,#2812,.T.);
#3861=ORIENTED_EDGE('',*,*,#2832,.T.);
#3862=ORIENTED_EDGE('',*,*,#2829,.F.);
#3863=ORIENTED_EDGE('',*,*,#2833,.F.);
#3864=ORIENTED_EDGE('',*,*,#2834,.T.);
#3865=ORIENTED_EDGE('',*,*,#2835,.T.);
#3866=ORIENTED_EDGE('',*,*,#2836,.F.);
#3867=ORIENTED_EDGE('',*,*,#2837,.F.);
#3868=ORIENTED_EDGE('',*,*,#2838,.T.);
#3869=ORIENTED_EDGE('',*,*,#2839,.T.);
#3870=ORIENTED_EDGE('',*,*,#2834,.F.);
#3871=ORIENTED_EDGE('',*,*,#2840,.F.);
#3872=ORIENTED_EDGE('',*,*,#2841,.T.);
#3873=ORIENTED_EDGE('',*,*,#2842,.T.);
#3874=ORIENTED_EDGE('',*,*,#2838,.F.);
#3875=ORIENTED_EDGE('',*,*,#2843,.F.);
#3876=ORIENTED_EDGE('',*,*,#2844,.T.);
#3877=ORIENTED_EDGE('',*,*,#2845,.T.);
#3878=ORIENTED_EDGE('',*,*,#2841,.F.);
#3879=ORIENTED_EDGE('',*,*,#2846,.F.);
#3880=ORIENTED_EDGE('',*,*,#2847,.T.);
#3881=ORIENTED_EDGE('',*,*,#2848,.T.);
#3882=ORIENTED_EDGE('',*,*,#2844,.F.);
#3883=ORIENTED_EDGE('',*,*,#2849,.F.);
#3884=ORIENTED_EDGE('',*,*,#2850,.T.);
#3885=ORIENTED_EDGE('',*,*,#2851,.T.);
#3886=ORIENTED_EDGE('',*,*,#2847,.F.);
#3887=ORIENTED_EDGE('',*,*,#2852,.F.);
#3888=ORIENTED_EDGE('',*,*,#2853,.T.);
#3889=ORIENTED_EDGE('',*,*,#2854,.T.);
#3890=ORIENTED_EDGE('',*,*,#2850,.F.);
#3891=ORIENTED_EDGE('',*,*,#2855,.F.);
#3892=ORIENTED_EDGE('',*,*,#2856,.T.);
#3893=ORIENTED_EDGE('',*,*,#2857,.T.);
#3894=ORIENTED_EDGE('',*,*,#2853,.F.);
#3895=ORIENTED_EDGE('',*,*,#2858,.F.);
#3896=ORIENTED_EDGE('',*,*,#2859,.T.);
#3897=ORIENTED_EDGE('',*,*,#2860,.T.);
#3898=ORIENTED_EDGE('',*,*,#2856,.F.);
#3899=ORIENTED_EDGE('',*,*,#2861,.F.);
#3900=ORIENTED_EDGE('',*,*,#2862,.T.);
#3901=ORIENTED_EDGE('',*,*,#2863,.T.);
#3902=ORIENTED_EDGE('',*,*,#2859,.F.);
#3903=ORIENTED_EDGE('',*,*,#2864,.F.);
#3904=ORIENTED_EDGE('',*,*,#2865,.T.);
#3905=ORIENTED_EDGE('',*,*,#2866,.T.);
#3906=ORIENTED_EDGE('',*,*,#2862,.F.);
#3907=ORIENTED_EDGE('',*,*,#2867,.F.);
#3908=ORIENTED_EDGE('',*,*,#2868,.T.);
#3909=ORIENTED_EDGE('',*,*,#2869,.T.);
#3910=ORIENTED_EDGE('',*,*,#2865,.F.);
#3911=ORIENTED_EDGE('',*,*,#2870,.F.);
#3912=ORIENTED_EDGE('',*,*,#2871,.T.);
#3913=ORIENTED_EDGE('',*,*,#2872,.T.);
#3914=ORIENTED_EDGE('',*,*,#2868,.F.);
#3915=ORIENTED_EDGE('',*,*,#2873,.F.);
#3916=ORIENTED_EDGE('',*,*,#2836,.T.);
#3917=ORIENTED_EDGE('',*,*,#2874,.T.);
#3918=ORIENTED_EDGE('',*,*,#2871,.F.);
#3919=ORIENTED_EDGE('',*,*,#2874,.F.);
#3920=ORIENTED_EDGE('',*,*,#2835,.F.);
#3921=ORIENTED_EDGE('',*,*,#2839,.F.);
#3922=ORIENTED_EDGE('',*,*,#2842,.F.);
#3923=ORIENTED_EDGE('',*,*,#2845,.F.);
#3924=ORIENTED_EDGE('',*,*,#2848,.F.);
#3925=ORIENTED_EDGE('',*,*,#2851,.F.);
#3926=ORIENTED_EDGE('',*,*,#2854,.F.);
#3927=ORIENTED_EDGE('',*,*,#2857,.F.);
#3928=ORIENTED_EDGE('',*,*,#2860,.F.);
#3929=ORIENTED_EDGE('',*,*,#2863,.F.);
#3930=ORIENTED_EDGE('',*,*,#2866,.F.);
#3931=ORIENTED_EDGE('',*,*,#2869,.F.);
#3932=ORIENTED_EDGE('',*,*,#2872,.F.);
#3933=ORIENTED_EDGE('',*,*,#2832,.F.);
#3934=ORIENTED_EDGE('',*,*,#2811,.F.);
#3935=ORIENTED_EDGE('',*,*,#2815,.F.);
#3936=ORIENTED_EDGE('',*,*,#2818,.F.);
#3937=ORIENTED_EDGE('',*,*,#2821,.F.);
#3938=ORIENTED_EDGE('',*,*,#2824,.F.);
#3939=ORIENTED_EDGE('',*,*,#2827,.F.);
#3940=ORIENTED_EDGE('',*,*,#2830,.F.);
#3941=ORIENTED_EDGE('',*,*,#2875,.F.);
#3942=ORIENTED_EDGE('',*,*,#2876,.T.);
#3943=ORIENTED_EDGE('',*,*,#2877,.T.);
#3944=ORIENTED_EDGE('',*,*,#2878,.F.);
#3945=ORIENTED_EDGE('',*,*,#2879,.F.);
#3946=ORIENTED_EDGE('',*,*,#2880,.T.);
#3947=ORIENTED_EDGE('',*,*,#2881,.T.);
#3948=ORIENTED_EDGE('',*,*,#2876,.F.);
#3949=ORIENTED_EDGE('',*,*,#2882,.F.);
#3950=ORIENTED_EDGE('',*,*,#2883,.T.);
#3951=ORIENTED_EDGE('',*,*,#2884,.T.);
#3952=ORIENTED_EDGE('',*,*,#2880,.F.);
#3953=ORIENTED_EDGE('',*,*,#2885,.F.);
#3954=ORIENTED_EDGE('',*,*,#2886,.T.);
#3955=ORIENTED_EDGE('',*,*,#2887,.T.);
#3956=ORIENTED_EDGE('',*,*,#2883,.F.);
#3957=ORIENTED_EDGE('',*,*,#2888,.F.);
#3958=ORIENTED_EDGE('',*,*,#2889,.T.);
#3959=ORIENTED_EDGE('',*,*,#2890,.T.);
#3960=ORIENTED_EDGE('',*,*,#2886,.F.);
#3961=ORIENTED_EDGE('',*,*,#2891,.F.);
#3962=ORIENTED_EDGE('',*,*,#2892,.T.);
#3963=ORIENTED_EDGE('',*,*,#2893,.T.);
#3964=ORIENTED_EDGE('',*,*,#2889,.F.);
#3965=ORIENTED_EDGE('',*,*,#2894,.F.);
#3966=ORIENTED_EDGE('',*,*,#2895,.T.);
#3967=ORIENTED_EDGE('',*,*,#2896,.T.);
#3968=ORIENTED_EDGE('',*,*,#2892,.F.);
#3969=ORIENTED_EDGE('',*,*,#2897,.F.);
#3970=ORIENTED_EDGE('',*,*,#2898,.T.);
#3971=ORIENTED_EDGE('',*,*,#2899,.T.);
#3972=ORIENTED_EDGE('',*,*,#2895,.F.);
#3973=ORIENTED_EDGE('',*,*,#2900,.F.);
#3974=ORIENTED_EDGE('',*,*,#2901,.T.);
#3975=ORIENTED_EDGE('',*,*,#2902,.T.);
#3976=ORIENTED_EDGE('',*,*,#2898,.F.);
#3977=ORIENTED_EDGE('',*,*,#2903,.F.);
#3978=ORIENTED_EDGE('',*,*,#2904,.T.);
#3979=ORIENTED_EDGE('',*,*,#2905,.T.);
#3980=ORIENTED_EDGE('',*,*,#2901,.F.);
#3981=ORIENTED_EDGE('',*,*,#2906,.F.);
#3982=ORIENTED_EDGE('',*,*,#2907,.T.);
#3983=ORIENTED_EDGE('',*,*,#2908,.T.);
#3984=ORIENTED_EDGE('',*,*,#2904,.F.);
#3985=ORIENTED_EDGE('',*,*,#2909,.F.);
#3986=ORIENTED_EDGE('',*,*,#2910,.T.);
#3987=ORIENTED_EDGE('',*,*,#2911,.T.);
#3988=ORIENTED_EDGE('',*,*,#2907,.F.);
#3989=ORIENTED_EDGE('',*,*,#2912,.F.);
#3990=ORIENTED_EDGE('',*,*,#2913,.T.);
#3991=ORIENTED_EDGE('',*,*,#2914,.T.);
#3992=ORIENTED_EDGE('',*,*,#2910,.F.);
#3993=ORIENTED_EDGE('',*,*,#2915,.F.);
#3994=ORIENTED_EDGE('',*,*,#2916,.T.);
#3995=ORIENTED_EDGE('',*,*,#2917,.T.);
#3996=ORIENTED_EDGE('',*,*,#2913,.F.);
#3997=ORIENTED_EDGE('',*,*,#2918,.F.);
#3998=ORIENTED_EDGE('',*,*,#2919,.T.);
#3999=ORIENTED_EDGE('',*,*,#2920,.T.);
#4000=ORIENTED_EDGE('',*,*,#2916,.F.);
#4001=ORIENTED_EDGE('',*,*,#2921,.F.);
#4002=ORIENTED_EDGE('',*,*,#2922,.T.);
#4003=ORIENTED_EDGE('',*,*,#2923,.T.);
#4004=ORIENTED_EDGE('',*,*,#2919,.F.);
#4005=ORIENTED_EDGE('',*,*,#2924,.F.);
#4006=ORIENTED_EDGE('',*,*,#2925,.T.);
#4007=ORIENTED_EDGE('',*,*,#2926,.T.);
#4008=ORIENTED_EDGE('',*,*,#2922,.F.);
#4009=ORIENTED_EDGE('',*,*,#2927,.F.);
#4010=ORIENTED_EDGE('',*,*,#2928,.T.);
#4011=ORIENTED_EDGE('',*,*,#2929,.T.);
#4012=ORIENTED_EDGE('',*,*,#2925,.F.);
#4013=ORIENTED_EDGE('',*,*,#2930,.F.);
#4014=ORIENTED_EDGE('',*,*,#2931,.T.);
#4015=ORIENTED_EDGE('',*,*,#2932,.T.);
#4016=ORIENTED_EDGE('',*,*,#2928,.F.);
#4017=ORIENTED_EDGE('',*,*,#2933,.F.);
#4018=ORIENTED_EDGE('',*,*,#2934,.T.);
#4019=ORIENTED_EDGE('',*,*,#2935,.T.);
#4020=ORIENTED_EDGE('',*,*,#2931,.F.);
#4021=ORIENTED_EDGE('',*,*,#2936,.F.);
#4022=ORIENTED_EDGE('',*,*,#2937,.T.);
#4023=ORIENTED_EDGE('',*,*,#2938,.T.);
#4024=ORIENTED_EDGE('',*,*,#2934,.F.);
#4025=ORIENTED_EDGE('',*,*,#2939,.F.);
#4026=ORIENTED_EDGE('',*,*,#2940,.T.);
#4027=ORIENTED_EDGE('',*,*,#2941,.T.);
#4028=ORIENTED_EDGE('',*,*,#2937,.F.);
#4029=ORIENTED_EDGE('',*,*,#2942,.F.);
#4030=ORIENTED_EDGE('',*,*,#2878,.T.);
#4031=ORIENTED_EDGE('',*,*,#2943,.T.);
#4032=ORIENTED_EDGE('',*,*,#2940,.F.);
#4033=ORIENTED_EDGE('',*,*,#2943,.F.);
#4034=ORIENTED_EDGE('',*,*,#2877,.F.);
#4035=ORIENTED_EDGE('',*,*,#2881,.F.);
#4036=ORIENTED_EDGE('',*,*,#2884,.F.);
#4037=ORIENTED_EDGE('',*,*,#2887,.F.);
#4038=ORIENTED_EDGE('',*,*,#2890,.F.);
#4039=ORIENTED_EDGE('',*,*,#2893,.F.);
#4040=ORIENTED_EDGE('',*,*,#2896,.F.);
#4041=ORIENTED_EDGE('',*,*,#2899,.F.);
#4042=ORIENTED_EDGE('',*,*,#2902,.F.);
#4043=ORIENTED_EDGE('',*,*,#2905,.F.);
#4044=ORIENTED_EDGE('',*,*,#2908,.F.);
#4045=ORIENTED_EDGE('',*,*,#2911,.F.);
#4046=ORIENTED_EDGE('',*,*,#2914,.F.);
#4047=ORIENTED_EDGE('',*,*,#2917,.F.);
#4048=ORIENTED_EDGE('',*,*,#2920,.F.);
#4049=ORIENTED_EDGE('',*,*,#2923,.F.);
#4050=ORIENTED_EDGE('',*,*,#2926,.F.);
#4051=ORIENTED_EDGE('',*,*,#2929,.F.);
#4052=ORIENTED_EDGE('',*,*,#2932,.F.);
#4053=ORIENTED_EDGE('',*,*,#2935,.F.);
#4054=ORIENTED_EDGE('',*,*,#2938,.F.);
#4055=ORIENTED_EDGE('',*,*,#2941,.F.);
#4056=ORIENTED_EDGE('',*,*,#2944,.F.);
#4057=ORIENTED_EDGE('',*,*,#2945,.T.);
#4058=ORIENTED_EDGE('',*,*,#2946,.T.);
#4059=ORIENTED_EDGE('',*,*,#2947,.F.);
#4060=ORIENTED_EDGE('',*,*,#2948,.F.);
#4061=ORIENTED_EDGE('',*,*,#2949,.T.);
#4062=ORIENTED_EDGE('',*,*,#2950,.T.);
#4063=ORIENTED_EDGE('',*,*,#2945,.F.);
#4064=ORIENTED_EDGE('',*,*,#2951,.F.);
#4065=ORIENTED_EDGE('',*,*,#2952,.T.);
#4066=ORIENTED_EDGE('',*,*,#2953,.T.);
#4067=ORIENTED_EDGE('',*,*,#2949,.F.);
#4068=ORIENTED_EDGE('',*,*,#2954,.F.);
#4069=ORIENTED_EDGE('',*,*,#2955,.T.);
#4070=ORIENTED_EDGE('',*,*,#2956,.T.);
#4071=ORIENTED_EDGE('',*,*,#2952,.F.);
#4072=ORIENTED_EDGE('',*,*,#2957,.F.);
#4073=ORIENTED_EDGE('',*,*,#2958,.T.);
#4074=ORIENTED_EDGE('',*,*,#2959,.T.);
#4075=ORIENTED_EDGE('',*,*,#2955,.F.);
#4076=ORIENTED_EDGE('',*,*,#2960,.F.);
#4077=ORIENTED_EDGE('',*,*,#2961,.T.);
#4078=ORIENTED_EDGE('',*,*,#2962,.T.);
#4079=ORIENTED_EDGE('',*,*,#2958,.F.);
#4080=ORIENTED_EDGE('',*,*,#2963,.F.);
#4081=ORIENTED_EDGE('',*,*,#2964,.T.);
#4082=ORIENTED_EDGE('',*,*,#2965,.T.);
#4083=ORIENTED_EDGE('',*,*,#2961,.F.);
#4084=ORIENTED_EDGE('',*,*,#2966,.F.);
#4085=ORIENTED_EDGE('',*,*,#2967,.T.);
#4086=ORIENTED_EDGE('',*,*,#2968,.T.);
#4087=ORIENTED_EDGE('',*,*,#2964,.F.);
#4088=ORIENTED_EDGE('',*,*,#2969,.F.);
#4089=ORIENTED_EDGE('',*,*,#2970,.T.);
#4090=ORIENTED_EDGE('',*,*,#2971,.T.);
#4091=ORIENTED_EDGE('',*,*,#2967,.F.);
#4092=ORIENTED_EDGE('',*,*,#2972,.F.);
#4093=ORIENTED_EDGE('',*,*,#2947,.T.);
#4094=ORIENTED_EDGE('',*,*,#2973,.T.);
#4095=ORIENTED_EDGE('',*,*,#2970,.F.);
#4096=ORIENTED_EDGE('',*,*,#2974,.F.);
#4097=ORIENTED_EDGE('',*,*,#2975,.T.);
#4098=ORIENTED_EDGE('',*,*,#2976,.T.);
#4099=ORIENTED_EDGE('',*,*,#2977,.F.);
#4100=ORIENTED_EDGE('',*,*,#2978,.F.);
#4101=ORIENTED_EDGE('',*,*,#2979,.T.);
#4102=ORIENTED_EDGE('',*,*,#2980,.T.);
#4103=ORIENTED_EDGE('',*,*,#2975,.F.);
#4104=ORIENTED_EDGE('',*,*,#2981,.F.);
#4105=ORIENTED_EDGE('',*,*,#2982,.T.);
#4106=ORIENTED_EDGE('',*,*,#2983,.T.);
#4107=ORIENTED_EDGE('',*,*,#2979,.F.);
#4108=ORIENTED_EDGE('',*,*,#2984,.F.);
#4109=ORIENTED_EDGE('',*,*,#2985,.T.);
#4110=ORIENTED_EDGE('',*,*,#2986,.T.);
#4111=ORIENTED_EDGE('',*,*,#2982,.F.);
#4112=ORIENTED_EDGE('',*,*,#2987,.F.);
#4113=ORIENTED_EDGE('',*,*,#2988,.T.);
#4114=ORIENTED_EDGE('',*,*,#2989,.T.);
#4115=ORIENTED_EDGE('',*,*,#2985,.F.);
#4116=ORIENTED_EDGE('',*,*,#2990,.F.);
#4117=ORIENTED_EDGE('',*,*,#2991,.T.);
#4118=ORIENTED_EDGE('',*,*,#2992,.T.);
#4119=ORIENTED_EDGE('',*,*,#2988,.F.);
#4120=ORIENTED_EDGE('',*,*,#2993,.F.);
#4121=ORIENTED_EDGE('',*,*,#2994,.T.);
#4122=ORIENTED_EDGE('',*,*,#2995,.T.);
#4123=ORIENTED_EDGE('',*,*,#2991,.F.);
#4124=ORIENTED_EDGE('',*,*,#2996,.F.);
#4125=ORIENTED_EDGE('',*,*,#2997,.T.);
#4126=ORIENTED_EDGE('',*,*,#2998,.T.);
#4127=ORIENTED_EDGE('',*,*,#2994,.F.);
#4128=ORIENTED_EDGE('',*,*,#2999,.F.);
#4129=ORIENTED_EDGE('',*,*,#3000,.T.);
#4130=ORIENTED_EDGE('',*,*,#3001,.T.);
#4131=ORIENTED_EDGE('',*,*,#2997,.F.);
#4132=ORIENTED_EDGE('',*,*,#3002,.F.);
#4133=ORIENTED_EDGE('',*,*,#3003,.T.);
#4134=ORIENTED_EDGE('',*,*,#3004,.T.);
#4135=ORIENTED_EDGE('',*,*,#3000,.F.);
#4136=ORIENTED_EDGE('',*,*,#3005,.F.);
#4137=ORIENTED_EDGE('',*,*,#3006,.T.);
#4138=ORIENTED_EDGE('',*,*,#3007,.T.);
#4139=ORIENTED_EDGE('',*,*,#3003,.F.);
#4140=ORIENTED_EDGE('',*,*,#3008,.F.);
#4141=ORIENTED_EDGE('',*,*,#3009,.T.);
#4142=ORIENTED_EDGE('',*,*,#3010,.T.);
#4143=ORIENTED_EDGE('',*,*,#3006,.F.);
#4144=ORIENTED_EDGE('',*,*,#3011,.F.);
#4145=ORIENTED_EDGE('',*,*,#3012,.T.);
#4146=ORIENTED_EDGE('',*,*,#3013,.T.);
#4147=ORIENTED_EDGE('',*,*,#3009,.F.);
#4148=ORIENTED_EDGE('',*,*,#3014,.F.);
#4149=ORIENTED_EDGE('',*,*,#3015,.T.);
#4150=ORIENTED_EDGE('',*,*,#3016,.T.);
#4151=ORIENTED_EDGE('',*,*,#3012,.F.);
#4152=ORIENTED_EDGE('',*,*,#3017,.F.);
#4153=ORIENTED_EDGE('',*,*,#3018,.T.);
#4154=ORIENTED_EDGE('',*,*,#3019,.T.);
#4155=ORIENTED_EDGE('',*,*,#3015,.F.);
#4156=ORIENTED_EDGE('',*,*,#3020,.F.);
#4157=ORIENTED_EDGE('',*,*,#3021,.T.);
#4158=ORIENTED_EDGE('',*,*,#3022,.T.);
#4159=ORIENTED_EDGE('',*,*,#3018,.F.);
#4160=ORIENTED_EDGE('',*,*,#3023,.F.);
#4161=ORIENTED_EDGE('',*,*,#3024,.T.);
#4162=ORIENTED_EDGE('',*,*,#3025,.T.);
#4163=ORIENTED_EDGE('',*,*,#3021,.F.);
#4164=ORIENTED_EDGE('',*,*,#3026,.F.);
#4165=ORIENTED_EDGE('',*,*,#3027,.T.);
#4166=ORIENTED_EDGE('',*,*,#3028,.T.);
#4167=ORIENTED_EDGE('',*,*,#3024,.F.);
#4168=ORIENTED_EDGE('',*,*,#3029,.F.);
#4169=ORIENTED_EDGE('',*,*,#3030,.T.);
#4170=ORIENTED_EDGE('',*,*,#3031,.T.);
#4171=ORIENTED_EDGE('',*,*,#3027,.F.);
#4172=ORIENTED_EDGE('',*,*,#3032,.F.);
#4173=ORIENTED_EDGE('',*,*,#3033,.T.);
#4174=ORIENTED_EDGE('',*,*,#3034,.T.);
#4175=ORIENTED_EDGE('',*,*,#3030,.F.);
#4176=ORIENTED_EDGE('',*,*,#3035,.F.);
#4177=ORIENTED_EDGE('',*,*,#3036,.T.);
#4178=ORIENTED_EDGE('',*,*,#3037,.T.);
#4179=ORIENTED_EDGE('',*,*,#3033,.F.);
#4180=ORIENTED_EDGE('',*,*,#3038,.F.);
#4181=ORIENTED_EDGE('',*,*,#3039,.T.);
#4182=ORIENTED_EDGE('',*,*,#3040,.T.);
#4183=ORIENTED_EDGE('',*,*,#3036,.F.);
#4184=ORIENTED_EDGE('',*,*,#3041,.F.);
#4185=ORIENTED_EDGE('',*,*,#3042,.T.);
#4186=ORIENTED_EDGE('',*,*,#3043,.T.);
#4187=ORIENTED_EDGE('',*,*,#3039,.F.);
#4188=ORIENTED_EDGE('',*,*,#3044,.F.);
#4189=ORIENTED_EDGE('',*,*,#3045,.T.);
#4190=ORIENTED_EDGE('',*,*,#3046,.T.);
#4191=ORIENTED_EDGE('',*,*,#3042,.F.);
#4192=ORIENTED_EDGE('',*,*,#3047,.F.);
#4193=ORIENTED_EDGE('',*,*,#2977,.T.);
#4194=ORIENTED_EDGE('',*,*,#3048,.T.);
#4195=ORIENTED_EDGE('',*,*,#3045,.F.);
#4196=ORIENTED_EDGE('',*,*,#3048,.F.);
#4197=ORIENTED_EDGE('',*,*,#2976,.F.);
#4198=ORIENTED_EDGE('',*,*,#2980,.F.);
#4199=ORIENTED_EDGE('',*,*,#2983,.F.);
#4200=ORIENTED_EDGE('',*,*,#2986,.F.);
#4201=ORIENTED_EDGE('',*,*,#2989,.F.);
#4202=ORIENTED_EDGE('',*,*,#2992,.F.);
#4203=ORIENTED_EDGE('',*,*,#2995,.F.);
#4204=ORIENTED_EDGE('',*,*,#2998,.F.);
#4205=ORIENTED_EDGE('',*,*,#3001,.F.);
#4206=ORIENTED_EDGE('',*,*,#3004,.F.);
#4207=ORIENTED_EDGE('',*,*,#3007,.F.);
#4208=ORIENTED_EDGE('',*,*,#3010,.F.);
#4209=ORIENTED_EDGE('',*,*,#3013,.F.);
#4210=ORIENTED_EDGE('',*,*,#3016,.F.);
#4211=ORIENTED_EDGE('',*,*,#3019,.F.);
#4212=ORIENTED_EDGE('',*,*,#3022,.F.);
#4213=ORIENTED_EDGE('',*,*,#3025,.F.);
#4214=ORIENTED_EDGE('',*,*,#3028,.F.);
#4215=ORIENTED_EDGE('',*,*,#3031,.F.);
#4216=ORIENTED_EDGE('',*,*,#3034,.F.);
#4217=ORIENTED_EDGE('',*,*,#3037,.F.);
#4218=ORIENTED_EDGE('',*,*,#3040,.F.);
#4219=ORIENTED_EDGE('',*,*,#3043,.F.);
#4220=ORIENTED_EDGE('',*,*,#3046,.F.);
#4221=ORIENTED_EDGE('',*,*,#2973,.F.);
#4222=ORIENTED_EDGE('',*,*,#2946,.F.);
#4223=ORIENTED_EDGE('',*,*,#2950,.F.);
#4224=ORIENTED_EDGE('',*,*,#2953,.F.);
#4225=ORIENTED_EDGE('',*,*,#2956,.F.);
#4226=ORIENTED_EDGE('',*,*,#2959,.F.);
#4227=ORIENTED_EDGE('',*,*,#2962,.F.);
#4228=ORIENTED_EDGE('',*,*,#2965,.F.);
#4229=ORIENTED_EDGE('',*,*,#2968,.F.);
#4230=ORIENTED_EDGE('',*,*,#2971,.F.);
#4231=ORIENTED_EDGE('',*,*,#3049,.F.);
#4232=ORIENTED_EDGE('',*,*,#3050,.T.);
#4233=ORIENTED_EDGE('',*,*,#3051,.T.);
#4234=ORIENTED_EDGE('',*,*,#3052,.F.);
#4235=ORIENTED_EDGE('',*,*,#3053,.F.);
#4236=ORIENTED_EDGE('',*,*,#3054,.T.);
#4237=ORIENTED_EDGE('',*,*,#3055,.T.);
#4238=ORIENTED_EDGE('',*,*,#3050,.F.);
#4239=ORIENTED_EDGE('',*,*,#3056,.F.);
#4240=ORIENTED_EDGE('',*,*,#3057,.T.);
#4241=ORIENTED_EDGE('',*,*,#3058,.T.);
#4242=ORIENTED_EDGE('',*,*,#3054,.F.);
#4243=ORIENTED_EDGE('',*,*,#3059,.F.);
#4244=ORIENTED_EDGE('',*,*,#3060,.T.);
#4245=ORIENTED_EDGE('',*,*,#3061,.T.);
#4246=ORIENTED_EDGE('',*,*,#3057,.F.);
#4247=ORIENTED_EDGE('',*,*,#3062,.F.);
#4248=ORIENTED_EDGE('',*,*,#3063,.T.);
#4249=ORIENTED_EDGE('',*,*,#3064,.T.);
#4250=ORIENTED_EDGE('',*,*,#3060,.F.);
#4251=ORIENTED_EDGE('',*,*,#3065,.F.);
#4252=ORIENTED_EDGE('',*,*,#3066,.T.);
#4253=ORIENTED_EDGE('',*,*,#3067,.T.);
#4254=ORIENTED_EDGE('',*,*,#3063,.F.);
#4255=ORIENTED_EDGE('',*,*,#3068,.F.);
#4256=ORIENTED_EDGE('',*,*,#3069,.T.);
#4257=ORIENTED_EDGE('',*,*,#3070,.T.);
#4258=ORIENTED_EDGE('',*,*,#3066,.F.);
#4259=ORIENTED_EDGE('',*,*,#3071,.F.);
#4260=ORIENTED_EDGE('',*,*,#3072,.T.);
#4261=ORIENTED_EDGE('',*,*,#3073,.T.);
#4262=ORIENTED_EDGE('',*,*,#3069,.F.);
#4263=ORIENTED_EDGE('',*,*,#3074,.F.);
#4264=ORIENTED_EDGE('',*,*,#3075,.T.);
#4265=ORIENTED_EDGE('',*,*,#3076,.T.);
#4266=ORIENTED_EDGE('',*,*,#3072,.F.);
#4267=ORIENTED_EDGE('',*,*,#3077,.F.);
#4268=ORIENTED_EDGE('',*,*,#3078,.T.);
#4269=ORIENTED_EDGE('',*,*,#3079,.T.);
#4270=ORIENTED_EDGE('',*,*,#3075,.F.);
#4271=ORIENTED_EDGE('',*,*,#3080,.F.);
#4272=ORIENTED_EDGE('',*,*,#3052,.T.);
#4273=ORIENTED_EDGE('',*,*,#3081,.T.);
#4274=ORIENTED_EDGE('',*,*,#3078,.F.);
#4275=ORIENTED_EDGE('',*,*,#3082,.F.);
#4276=ORIENTED_EDGE('',*,*,#3083,.T.);
#4277=ORIENTED_EDGE('',*,*,#3084,.T.);
#4278=ORIENTED_EDGE('',*,*,#3085,.F.);
#4279=ORIENTED_EDGE('',*,*,#3086,.F.);
#4280=ORIENTED_EDGE('',*,*,#3087,.T.);
#4281=ORIENTED_EDGE('',*,*,#3088,.T.);
#4282=ORIENTED_EDGE('',*,*,#3083,.F.);
#4283=ORIENTED_EDGE('',*,*,#3089,.F.);
#4284=ORIENTED_EDGE('',*,*,#3090,.T.);
#4285=ORIENTED_EDGE('',*,*,#3091,.T.);
#4286=ORIENTED_EDGE('',*,*,#3087,.F.);
#4287=ORIENTED_EDGE('',*,*,#3092,.F.);
#4288=ORIENTED_EDGE('',*,*,#3093,.T.);
#4289=ORIENTED_EDGE('',*,*,#3094,.T.);
#4290=ORIENTED_EDGE('',*,*,#3090,.F.);
#4291=ORIENTED_EDGE('',*,*,#3095,.F.);
#4292=ORIENTED_EDGE('',*,*,#3096,.T.);
#4293=ORIENTED_EDGE('',*,*,#3097,.T.);
#4294=ORIENTED_EDGE('',*,*,#3093,.F.);
#4295=ORIENTED_EDGE('',*,*,#3098,.F.);
#4296=ORIENTED_EDGE('',*,*,#3099,.T.);
#4297=ORIENTED_EDGE('',*,*,#3100,.T.);
#4298=ORIENTED_EDGE('',*,*,#3096,.F.);
#4299=ORIENTED_EDGE('',*,*,#3101,.F.);
#4300=ORIENTED_EDGE('',*,*,#3102,.T.);
#4301=ORIENTED_EDGE('',*,*,#3103,.T.);
#4302=ORIENTED_EDGE('',*,*,#3099,.F.);
#4303=ORIENTED_EDGE('',*,*,#3104,.F.);
#4304=ORIENTED_EDGE('',*,*,#3105,.T.);
#4305=ORIENTED_EDGE('',*,*,#3106,.T.);
#4306=ORIENTED_EDGE('',*,*,#3102,.F.);
#4307=ORIENTED_EDGE('',*,*,#3107,.F.);
#4308=ORIENTED_EDGE('',*,*,#3108,.T.);
#4309=ORIENTED_EDGE('',*,*,#3109,.T.);
#4310=ORIENTED_EDGE('',*,*,#3105,.F.);
#4311=ORIENTED_EDGE('',*,*,#3110,.F.);
#4312=ORIENTED_EDGE('',*,*,#3111,.T.);
#4313=ORIENTED_EDGE('',*,*,#3112,.T.);
#4314=ORIENTED_EDGE('',*,*,#3108,.F.);
#4315=ORIENTED_EDGE('',*,*,#3113,.F.);
#4316=ORIENTED_EDGE('',*,*,#3114,.T.);
#4317=ORIENTED_EDGE('',*,*,#3115,.T.);
#4318=ORIENTED_EDGE('',*,*,#3111,.F.);
#4319=ORIENTED_EDGE('',*,*,#3116,.F.);
#4320=ORIENTED_EDGE('',*,*,#3117,.T.);
#4321=ORIENTED_EDGE('',*,*,#3118,.T.);
#4322=ORIENTED_EDGE('',*,*,#3114,.F.);
#4323=ORIENTED_EDGE('',*,*,#3119,.F.);
#4324=ORIENTED_EDGE('',*,*,#3120,.T.);
#4325=ORIENTED_EDGE('',*,*,#3121,.T.);
#4326=ORIENTED_EDGE('',*,*,#3117,.F.);
#4327=ORIENTED_EDGE('',*,*,#3122,.F.);
#4328=ORIENTED_EDGE('',*,*,#3123,.T.);
#4329=ORIENTED_EDGE('',*,*,#3124,.T.);
#4330=ORIENTED_EDGE('',*,*,#3120,.F.);
#4331=ORIENTED_EDGE('',*,*,#3125,.F.);
#4332=ORIENTED_EDGE('',*,*,#3126,.T.);
#4333=ORIENTED_EDGE('',*,*,#3127,.T.);
#4334=ORIENTED_EDGE('',*,*,#3123,.F.);
#4335=ORIENTED_EDGE('',*,*,#3128,.F.);
#4336=ORIENTED_EDGE('',*,*,#3129,.T.);
#4337=ORIENTED_EDGE('',*,*,#3130,.T.);
#4338=ORIENTED_EDGE('',*,*,#3126,.F.);
#4339=ORIENTED_EDGE('',*,*,#3131,.F.);
#4340=ORIENTED_EDGE('',*,*,#3132,.T.);
#4341=ORIENTED_EDGE('',*,*,#3133,.T.);
#4342=ORIENTED_EDGE('',*,*,#3129,.F.);
#4343=ORIENTED_EDGE('',*,*,#3134,.F.);
#4344=ORIENTED_EDGE('',*,*,#3135,.T.);
#4345=ORIENTED_EDGE('',*,*,#3136,.T.);
#4346=ORIENTED_EDGE('',*,*,#3132,.F.);
#4347=ORIENTED_EDGE('',*,*,#3137,.F.);
#4348=ORIENTED_EDGE('',*,*,#3138,.T.);
#4349=ORIENTED_EDGE('',*,*,#3139,.T.);
#4350=ORIENTED_EDGE('',*,*,#3135,.F.);
#4351=ORIENTED_EDGE('',*,*,#3140,.F.);
#4352=ORIENTED_EDGE('',*,*,#3141,.T.);
#4353=ORIENTED_EDGE('',*,*,#3142,.T.);
#4354=ORIENTED_EDGE('',*,*,#3138,.F.);
#4355=ORIENTED_EDGE('',*,*,#3143,.F.);
#4356=ORIENTED_EDGE('',*,*,#3144,.T.);
#4357=ORIENTED_EDGE('',*,*,#3145,.T.);
#4358=ORIENTED_EDGE('',*,*,#3141,.F.);
#4359=ORIENTED_EDGE('',*,*,#3146,.F.);
#4360=ORIENTED_EDGE('',*,*,#3147,.T.);
#4361=ORIENTED_EDGE('',*,*,#3148,.T.);
#4362=ORIENTED_EDGE('',*,*,#3144,.F.);
#4363=ORIENTED_EDGE('',*,*,#3149,.F.);
#4364=ORIENTED_EDGE('',*,*,#3150,.T.);
#4365=ORIENTED_EDGE('',*,*,#3151,.T.);
#4366=ORIENTED_EDGE('',*,*,#3147,.F.);
#4367=ORIENTED_EDGE('',*,*,#3152,.F.);
#4368=ORIENTED_EDGE('',*,*,#3153,.T.);
#4369=ORIENTED_EDGE('',*,*,#3154,.T.);
#4370=ORIENTED_EDGE('',*,*,#3150,.F.);
#4371=ORIENTED_EDGE('',*,*,#3155,.F.);
#4372=ORIENTED_EDGE('',*,*,#3085,.T.);
#4373=ORIENTED_EDGE('',*,*,#3156,.T.);
#4374=ORIENTED_EDGE('',*,*,#3153,.F.);
#4375=ORIENTED_EDGE('',*,*,#3156,.F.);
#4376=ORIENTED_EDGE('',*,*,#3084,.F.);
#4377=ORIENTED_EDGE('',*,*,#3088,.F.);
#4378=ORIENTED_EDGE('',*,*,#3091,.F.);
#4379=ORIENTED_EDGE('',*,*,#3094,.F.);
#4380=ORIENTED_EDGE('',*,*,#3097,.F.);
#4381=ORIENTED_EDGE('',*,*,#3100,.F.);
#4382=ORIENTED_EDGE('',*,*,#3103,.F.);
#4383=ORIENTED_EDGE('',*,*,#3106,.F.);
#4384=ORIENTED_EDGE('',*,*,#3109,.F.);
#4385=ORIENTED_EDGE('',*,*,#3112,.F.);
#4386=ORIENTED_EDGE('',*,*,#3115,.F.);
#4387=ORIENTED_EDGE('',*,*,#3118,.F.);
#4388=ORIENTED_EDGE('',*,*,#3121,.F.);
#4389=ORIENTED_EDGE('',*,*,#3124,.F.);
#4390=ORIENTED_EDGE('',*,*,#3127,.F.);
#4391=ORIENTED_EDGE('',*,*,#3130,.F.);
#4392=ORIENTED_EDGE('',*,*,#3133,.F.);
#4393=ORIENTED_EDGE('',*,*,#3136,.F.);
#4394=ORIENTED_EDGE('',*,*,#3139,.F.);
#4395=ORIENTED_EDGE('',*,*,#3142,.F.);
#4396=ORIENTED_EDGE('',*,*,#3145,.F.);
#4397=ORIENTED_EDGE('',*,*,#3148,.F.);
#4398=ORIENTED_EDGE('',*,*,#3151,.F.);
#4399=ORIENTED_EDGE('',*,*,#3154,.F.);
#4400=ORIENTED_EDGE('',*,*,#3081,.F.);
#4401=ORIENTED_EDGE('',*,*,#3051,.F.);
#4402=ORIENTED_EDGE('',*,*,#3055,.F.);
#4403=ORIENTED_EDGE('',*,*,#3058,.F.);
#4404=ORIENTED_EDGE('',*,*,#3061,.F.);
#4405=ORIENTED_EDGE('',*,*,#3064,.F.);
#4406=ORIENTED_EDGE('',*,*,#3067,.F.);
#4407=ORIENTED_EDGE('',*,*,#3070,.F.);
#4408=ORIENTED_EDGE('',*,*,#3073,.F.);
#4409=ORIENTED_EDGE('',*,*,#3076,.F.);
#4410=ORIENTED_EDGE('',*,*,#3079,.F.);
#4411=ORIENTED_EDGE('',*,*,#3049,.T.);
#4412=ORIENTED_EDGE('',*,*,#3080,.T.);
#4413=ORIENTED_EDGE('',*,*,#3077,.T.);
#4414=ORIENTED_EDGE('',*,*,#3074,.T.);
#4415=ORIENTED_EDGE('',*,*,#3071,.T.);
#4416=ORIENTED_EDGE('',*,*,#3068,.T.);
#4417=ORIENTED_EDGE('',*,*,#3065,.T.);
#4418=ORIENTED_EDGE('',*,*,#3062,.T.);
#4419=ORIENTED_EDGE('',*,*,#3059,.T.);
#4420=ORIENTED_EDGE('',*,*,#3056,.T.);
#4421=ORIENTED_EDGE('',*,*,#3053,.T.);
#4422=ORIENTED_EDGE('',*,*,#2944,.T.);
#4423=ORIENTED_EDGE('',*,*,#2972,.T.);
#4424=ORIENTED_EDGE('',*,*,#2969,.T.);
#4425=ORIENTED_EDGE('',*,*,#2966,.T.);
#4426=ORIENTED_EDGE('',*,*,#2963,.T.);
#4427=ORIENTED_EDGE('',*,*,#2960,.T.);
#4428=ORIENTED_EDGE('',*,*,#2957,.T.);
#4429=ORIENTED_EDGE('',*,*,#2954,.T.);
#4430=ORIENTED_EDGE('',*,*,#2951,.T.);
#4431=ORIENTED_EDGE('',*,*,#2948,.T.);
#4432=ORIENTED_EDGE('',*,*,#2809,.T.);
#4433=ORIENTED_EDGE('',*,*,#2831,.T.);
#4434=ORIENTED_EDGE('',*,*,#2828,.T.);
#4435=ORIENTED_EDGE('',*,*,#2825,.T.);
#4436=ORIENTED_EDGE('',*,*,#2822,.T.);
#4437=ORIENTED_EDGE('',*,*,#2819,.T.);
#4438=ORIENTED_EDGE('',*,*,#2816,.T.);
#4439=ORIENTED_EDGE('',*,*,#2813,.T.);
#4440=ORIENTED_EDGE('',*,*,#2611,.T.);
#4441=ORIENTED_EDGE('',*,*,#2627,.T.);
#4442=ORIENTED_EDGE('',*,*,#2624,.T.);
#4443=ORIENTED_EDGE('',*,*,#2621,.T.);
#4444=ORIENTED_EDGE('',*,*,#2618,.T.);
#4445=ORIENTED_EDGE('',*,*,#2615,.T.);
#4446=ORIENTED_EDGE('',*,*,#2584,.T.);
#4447=ORIENTED_EDGE('',*,*,#2609,.T.);
#4448=ORIENTED_EDGE('',*,*,#2606,.T.);
#4449=ORIENTED_EDGE('',*,*,#2603,.T.);
#4450=ORIENTED_EDGE('',*,*,#2600,.T.);
#4451=ORIENTED_EDGE('',*,*,#2597,.T.);
#4452=ORIENTED_EDGE('',*,*,#2594,.T.);
#4453=ORIENTED_EDGE('',*,*,#2591,.T.);
#4454=ORIENTED_EDGE('',*,*,#2588,.T.);
#4455=ORIENTED_EDGE('',*,*,#3157,.F.);
#4456=ORIENTED_EDGE('',*,*,#3158,.F.);
#4457=ORIENTED_EDGE('',*,*,#3159,.F.);
#4458=ORIENTED_EDGE('',*,*,#3160,.T.);
#4459=ORIENTED_EDGE('',*,*,#3161,.F.);
#4460=ORIENTED_EDGE('',*,*,#3160,.F.);
#4461=ORIENTED_EDGE('',*,*,#3162,.F.);
#4462=ORIENTED_EDGE('',*,*,#3163,.T.);
#4463=ORIENTED_EDGE('',*,*,#3164,.F.);
#4464=ORIENTED_EDGE('',*,*,#3163,.F.);
#4465=ORIENTED_EDGE('',*,*,#3165,.F.);
#4466=ORIENTED_EDGE('',*,*,#3166,.T.);
#4467=ORIENTED_EDGE('',*,*,#3167,.F.);
#4468=ORIENTED_EDGE('',*,*,#3166,.F.);
#4469=ORIENTED_EDGE('',*,*,#3168,.F.);
#4470=ORIENTED_EDGE('',*,*,#3158,.T.);
#4471=ORIENTED_EDGE('',*,*,#3169,.F.);
#4472=ORIENTED_EDGE('',*,*,#3170,.F.);
#4473=ORIENTED_EDGE('',*,*,#3171,.T.);
#4474=ORIENTED_EDGE('',*,*,#3172,.T.);
#4475=ORIENTED_EDGE('',*,*,#3173,.F.);
#4476=ORIENTED_EDGE('',*,*,#3174,.T.);
#4477=ORIENTED_EDGE('',*,*,#3175,.F.);
#4478=ORIENTED_EDGE('',*,*,#3176,.F.);
#4479=ORIENTED_EDGE('',*,*,#3177,.F.);
#4480=ORIENTED_EDGE('',*,*,#3178,.T.);
#4481=ORIENTED_EDGE('',*,*,#3179,.T.);
#4482=ORIENTED_EDGE('',*,*,#3171,.F.);
#4483=ORIENTED_EDGE('',*,*,#3180,.F.);
#4484=ORIENTED_EDGE('',*,*,#3181,.T.);
#4485=ORIENTED_EDGE('',*,*,#3182,.T.);
#4486=ORIENTED_EDGE('',*,*,#3178,.F.);
#4487=ORIENTED_EDGE('',*,*,#3183,.F.);
#4488=ORIENTED_EDGE('',*,*,#3175,.T.);
#4489=ORIENTED_EDGE('',*,*,#3184,.T.);
#4490=ORIENTED_EDGE('',*,*,#3181,.F.);
#4491=ORIENTED_EDGE('',*,*,#3185,.F.);
#4492=ORIENTED_EDGE('',*,*,#3172,.F.);
#4493=ORIENTED_EDGE('',*,*,#3179,.F.);
#4494=ORIENTED_EDGE('',*,*,#3182,.F.);
#4495=ORIENTED_EDGE('',*,*,#3184,.F.);
#4496=ORIENTED_EDGE('',*,*,#3174,.F.);
#4497=ORIENTED_EDGE('',*,*,#3186,.F.);
#4498=ORIENTED_EDGE('',*,*,#3187,.F.);
#4499=ORIENTED_EDGE('',*,*,#3188,.T.);
#4500=ORIENTED_EDGE('',*,*,#3189,.T.);
#4501=ORIENTED_EDGE('',*,*,#3188,.F.);
#4502=ORIENTED_EDGE('',*,*,#3189,.F.);
#4503=ORIENTED_EDGE('',*,*,#3190,.T.);
#4504=ORIENTED_EDGE('',*,*,#3191,.T.);
#4505=ORIENTED_EDGE('',*,*,#3192,.F.);
#4506=ORIENTED_EDGE('',*,*,#3193,.F.);
#4507=ORIENTED_EDGE('',*,*,#3194,.T.);
#4508=ORIENTED_EDGE('',*,*,#3195,.F.);
#4509=ORIENTED_EDGE('',*,*,#3196,.T.);
#4510=ORIENTED_EDGE('',*,*,#3197,.F.);
#4511=ORIENTED_EDGE('',*,*,#3198,.F.);
#4512=ORIENTED_EDGE('',*,*,#3199,.F.);
#4513=ORIENTED_EDGE('',*,*,#3200,.F.);
#4514=ORIENTED_EDGE('',*,*,#3201,.F.);
#4515=ORIENTED_EDGE('',*,*,#3187,.T.);
#4516=ORIENTED_EDGE('',*,*,#3202,.T.);
#4517=ORIENTED_EDGE('',*,*,#3176,.T.);
#4518=ORIENTED_EDGE('',*,*,#3183,.T.);
#4519=ORIENTED_EDGE('',*,*,#3180,.T.);
#4520=ORIENTED_EDGE('',*,*,#3177,.T.);
#4521=ORIENTED_EDGE('',*,*,#3170,.T.);
#4522=ORIENTED_EDGE('',*,*,#3203,.T.);
#4523=ORIENTED_EDGE('',*,*,#3204,.T.);
#4524=ORIENTED_EDGE('',*,*,#3205,.T.);
#4525=ORIENTED_EDGE('',*,*,#3206,.T.);
#4526=ORIENTED_EDGE('',*,*,#3207,.T.);
#4527=ORIENTED_EDGE('',*,*,#3165,.T.);
#4528=ORIENTED_EDGE('',*,*,#3162,.T.);
#4529=ORIENTED_EDGE('',*,*,#3159,.T.);
#4530=ORIENTED_EDGE('',*,*,#3168,.T.);
#4531=ORIENTED_EDGE('',*,*,#3198,.T.);
#4532=ORIENTED_EDGE('',*,*,#3208,.F.);
#4533=ORIENTED_EDGE('',*,*,#3209,.T.);
#4534=ORIENTED_EDGE('',*,*,#3210,.T.);
#4535=ORIENTED_EDGE('',*,*,#3197,.T.);
#4536=ORIENTED_EDGE('',*,*,#3211,.T.);
#4537=ORIENTED_EDGE('',*,*,#3212,.T.);
#4538=ORIENTED_EDGE('',*,*,#3213,.F.);
#4539=ORIENTED_EDGE('',*,*,#3214,.T.);
#4540=ORIENTED_EDGE('',*,*,#3208,.T.);
#4541=ORIENTED_EDGE('',*,*,#3202,.F.);
#4542=ORIENTED_EDGE('',*,*,#3215,.T.);
#4543=ORIENTED_EDGE('',*,*,#3216,.F.);
#4544=ORIENTED_EDGE('',*,*,#3215,.F.);
#4545=ORIENTED_EDGE('',*,*,#3185,.T.);
#4546=ORIENTED_EDGE('',*,*,#3217,.T.);
#4547=ORIENTED_EDGE('',*,*,#3218,.F.);
#4548=ORIENTED_EDGE('',*,*,#3217,.F.);
#4549=ORIENTED_EDGE('',*,*,#3186,.T.);
#4550=ORIENTED_EDGE('',*,*,#3173,.T.);
#4551=ORIENTED_EDGE('',*,*,#3203,.F.);
#4552=ORIENTED_EDGE('',*,*,#3169,.T.);
#4553=ORIENTED_EDGE('',*,*,#3199,.T.);
#4554=ORIENTED_EDGE('',*,*,#3210,.F.);
#4555=ORIENTED_EDGE('',*,*,#3219,.T.);
#4556=ORIENTED_EDGE('',*,*,#3220,.T.);
#4557=ORIENTED_EDGE('',*,*,#3200,.T.);
#4558=ORIENTED_EDGE('',*,*,#3220,.F.);
#4559=ORIENTED_EDGE('',*,*,#3221,.T.);
#4560=ORIENTED_EDGE('',*,*,#3222,.T.);
#4561=ORIENTED_EDGE('',*,*,#3201,.T.);
#4562=ORIENTED_EDGE('',*,*,#3222,.F.);
#4563=ORIENTED_EDGE('',*,*,#3223,.T.);
#4564=ORIENTED_EDGE('',*,*,#3224,.T.);
#4565=ORIENTED_EDGE('',*,*,#3195,.T.);
#4566=ORIENTED_EDGE('',*,*,#3224,.F.);
#4567=ORIENTED_EDGE('',*,*,#3225,.T.);
#4568=ORIENTED_EDGE('',*,*,#3226,.T.);
#4569=ORIENTED_EDGE('',*,*,#3227,.F.);
#4570=ORIENTED_EDGE('',*,*,#3213,.T.);
#4571=ORIENTED_EDGE('',*,*,#3228,.T.);
#4572=ORIENTED_EDGE('',*,*,#3194,.F.);
#4573=ORIENTED_EDGE('',*,*,#3214,.F.);
#4574=ORIENTED_EDGE('',*,*,#3227,.T.);
#4575=ORIENTED_EDGE('',*,*,#3193,.T.);
#4576=ORIENTED_EDGE('',*,*,#3229,.T.);
#4577=ORIENTED_EDGE('',*,*,#3230,.T.);
#4578=ORIENTED_EDGE('',*,*,#3231,.T.);
#4579=ORIENTED_EDGE('',*,*,#3232,.T.);
#4580=ORIENTED_EDGE('',*,*,#3225,.F.);
#4581=ORIENTED_EDGE('',*,*,#3223,.F.);
#4582=ORIENTED_EDGE('',*,*,#3221,.F.);
#4583=ORIENTED_EDGE('',*,*,#3219,.F.);
#4584=ORIENTED_EDGE('',*,*,#3209,.F.);
#4585=ORIENTED_EDGE('',*,*,#3233,.T.);
#4586=ORIENTED_EDGE('',*,*,#3228,.F.);
#4587=ORIENTED_EDGE('',*,*,#3212,.F.);
#4588=ORIENTED_EDGE('',*,*,#3234,.T.);
#4589=ORIENTED_EDGE('',*,*,#3235,.T.);
#4590=ORIENTED_EDGE('',*,*,#3204,.F.);
#4591=ORIENTED_EDGE('',*,*,#3235,.F.);
#4592=ORIENTED_EDGE('',*,*,#3236,.T.);
#4593=ORIENTED_EDGE('',*,*,#3237,.T.);
#4594=ORIENTED_EDGE('',*,*,#3205,.F.);
#4595=ORIENTED_EDGE('',*,*,#3237,.F.);
#4596=ORIENTED_EDGE('',*,*,#3238,.T.);
#4597=ORIENTED_EDGE('',*,*,#3239,.T.);
#4598=ORIENTED_EDGE('',*,*,#3206,.F.);
#4599=ORIENTED_EDGE('',*,*,#3239,.F.);
#4600=ORIENTED_EDGE('',*,*,#3240,.T.);
#4601=ORIENTED_EDGE('',*,*,#3241,.T.);
#4602=ORIENTED_EDGE('',*,*,#3207,.F.);
#4603=ORIENTED_EDGE('',*,*,#3241,.F.);
#4604=ORIENTED_EDGE('',*,*,#3242,.T.);
#4605=ORIENTED_EDGE('',*,*,#3243,.T.);
#4606=ORIENTED_EDGE('',*,*,#3190,.F.);
#4607=ORIENTED_EDGE('',*,*,#3233,.F.);
#4608=ORIENTED_EDGE('',*,*,#3211,.F.);
#4609=ORIENTED_EDGE('',*,*,#3196,.F.);
#4610=ORIENTED_EDGE('',*,*,#3244,.T.);
#4611=ORIENTED_EDGE('',*,*,#3245,.T.);
#4612=ORIENTED_EDGE('',*,*,#3242,.F.);
#4613=ORIENTED_EDGE('',*,*,#3226,.F.);
#4614=ORIENTED_EDGE('',*,*,#3232,.F.);
#4615=ORIENTED_EDGE('',*,*,#3082,.T.);
#4616=ORIENTED_EDGE('',*,*,#3155,.T.);
#4617=ORIENTED_EDGE('',*,*,#3152,.T.);
#4618=ORIENTED_EDGE('',*,*,#3149,.T.);
#4619=ORIENTED_EDGE('',*,*,#3146,.T.);
#4620=ORIENTED_EDGE('',*,*,#3143,.T.);
#4621=ORIENTED_EDGE('',*,*,#3140,.T.);
#4622=ORIENTED_EDGE('',*,*,#3137,.T.);
#4623=ORIENTED_EDGE('',*,*,#3134,.T.);
#4624=ORIENTED_EDGE('',*,*,#3131,.T.);
#4625=ORIENTED_EDGE('',*,*,#3128,.T.);
#4626=ORIENTED_EDGE('',*,*,#3125,.T.);
#4627=ORIENTED_EDGE('',*,*,#3122,.T.);
#4628=ORIENTED_EDGE('',*,*,#3119,.T.);
#4629=ORIENTED_EDGE('',*,*,#3116,.T.);
#4630=ORIENTED_EDGE('',*,*,#3113,.T.);
#4631=ORIENTED_EDGE('',*,*,#3110,.T.);
#4632=ORIENTED_EDGE('',*,*,#3107,.T.);
#4633=ORIENTED_EDGE('',*,*,#3104,.T.);
#4634=ORIENTED_EDGE('',*,*,#3101,.T.);
#4635=ORIENTED_EDGE('',*,*,#3098,.T.);
#4636=ORIENTED_EDGE('',*,*,#3095,.T.);
#4637=ORIENTED_EDGE('',*,*,#3092,.T.);
#4638=ORIENTED_EDGE('',*,*,#3089,.T.);
#4639=ORIENTED_EDGE('',*,*,#3086,.T.);
#4640=ORIENTED_EDGE('',*,*,#2974,.T.);
#4641=ORIENTED_EDGE('',*,*,#3047,.T.);
#4642=ORIENTED_EDGE('',*,*,#3044,.T.);
#4643=ORIENTED_EDGE('',*,*,#3041,.T.);
#4644=ORIENTED_EDGE('',*,*,#3038,.T.);
#4645=ORIENTED_EDGE('',*,*,#3035,.T.);
#4646=ORIENTED_EDGE('',*,*,#3032,.T.);
#4647=ORIENTED_EDGE('',*,*,#3029,.T.);
#4648=ORIENTED_EDGE('',*,*,#3026,.T.);
#4649=ORIENTED_EDGE('',*,*,#3023,.T.);
#4650=ORIENTED_EDGE('',*,*,#3020,.T.);
#4651=ORIENTED_EDGE('',*,*,#3017,.T.);
#4652=ORIENTED_EDGE('',*,*,#3014,.T.);
#4653=ORIENTED_EDGE('',*,*,#3011,.T.);
#4654=ORIENTED_EDGE('',*,*,#3008,.T.);
#4655=ORIENTED_EDGE('',*,*,#3005,.T.);
#4656=ORIENTED_EDGE('',*,*,#3002,.T.);
#4657=ORIENTED_EDGE('',*,*,#2999,.T.);
#4658=ORIENTED_EDGE('',*,*,#2996,.T.);
#4659=ORIENTED_EDGE('',*,*,#2993,.T.);
#4660=ORIENTED_EDGE('',*,*,#2990,.T.);
#4661=ORIENTED_EDGE('',*,*,#2987,.T.);
#4662=ORIENTED_EDGE('',*,*,#2984,.T.);
#4663=ORIENTED_EDGE('',*,*,#2981,.T.);
#4664=ORIENTED_EDGE('',*,*,#2978,.T.);
#4665=ORIENTED_EDGE('',*,*,#2875,.T.);
#4666=ORIENTED_EDGE('',*,*,#2942,.T.);
#4667=ORIENTED_EDGE('',*,*,#2939,.T.);
#4668=ORIENTED_EDGE('',*,*,#2936,.T.);
#4669=ORIENTED_EDGE('',*,*,#2933,.T.);
#4670=ORIENTED_EDGE('',*,*,#2930,.T.);
#4671=ORIENTED_EDGE('',*,*,#2927,.T.);
#4672=ORIENTED_EDGE('',*,*,#2924,.T.);
#4673=ORIENTED_EDGE('',*,*,#2921,.T.);
#4674=ORIENTED_EDGE('',*,*,#2918,.T.);
#4675=ORIENTED_EDGE('',*,*,#2915,.T.);
#4676=ORIENTED_EDGE('',*,*,#2912,.T.);
#4677=ORIENTED_EDGE('',*,*,#2909,.T.);
#4678=ORIENTED_EDGE('',*,*,#2906,.T.);
#4679=ORIENTED_EDGE('',*,*,#2903,.T.);
#4680=ORIENTED_EDGE('',*,*,#2900,.T.);
#4681=ORIENTED_EDGE('',*,*,#2897,.T.);
#4682=ORIENTED_EDGE('',*,*,#2894,.T.);
#4683=ORIENTED_EDGE('',*,*,#2891,.T.);
#4684=ORIENTED_EDGE('',*,*,#2888,.T.);
#4685=ORIENTED_EDGE('',*,*,#2885,.T.);
#4686=ORIENTED_EDGE('',*,*,#2882,.T.);
#4687=ORIENTED_EDGE('',*,*,#2879,.T.);
#4688=ORIENTED_EDGE('',*,*,#2833,.T.);
#4689=ORIENTED_EDGE('',*,*,#2873,.T.);
#4690=ORIENTED_EDGE('',*,*,#2870,.T.);
#4691=ORIENTED_EDGE('',*,*,#2867,.T.);
#4692=ORIENTED_EDGE('',*,*,#2864,.T.);
#4693=ORIENTED_EDGE('',*,*,#2861,.T.);
#4694=ORIENTED_EDGE('',*,*,#2858,.T.);
#4695=ORIENTED_EDGE('',*,*,#2855,.T.);
#4696=ORIENTED_EDGE('',*,*,#2852,.T.);
#4697=ORIENTED_EDGE('',*,*,#2849,.T.);
#4698=ORIENTED_EDGE('',*,*,#2846,.T.);
#4699=ORIENTED_EDGE('',*,*,#2843,.T.);
#4700=ORIENTED_EDGE('',*,*,#2840,.T.);
#4701=ORIENTED_EDGE('',*,*,#2837,.T.);
#4702=ORIENTED_EDGE('',*,*,#2716,.T.);
#4703=ORIENTED_EDGE('',*,*,#2807,.T.);
#4704=ORIENTED_EDGE('',*,*,#2804,.T.);
#4705=ORIENTED_EDGE('',*,*,#2801,.T.);
#4706=ORIENTED_EDGE('',*,*,#2798,.T.);
#4707=ORIENTED_EDGE('',*,*,#2795,.T.);
#4708=ORIENTED_EDGE('',*,*,#2792,.T.);
#4709=ORIENTED_EDGE('',*,*,#2789,.T.);
#4710=ORIENTED_EDGE('',*,*,#2786,.T.);
#4711=ORIENTED_EDGE('',*,*,#2783,.T.);
#4712=ORIENTED_EDGE('',*,*,#2780,.T.);
#4713=ORIENTED_EDGE('',*,*,#2777,.T.);
#4714=ORIENTED_EDGE('',*,*,#2774,.T.);
#4715=ORIENTED_EDGE('',*,*,#2771,.T.);
#4716=ORIENTED_EDGE('',*,*,#2768,.T.);
#4717=ORIENTED_EDGE('',*,*,#2765,.T.);
#4718=ORIENTED_EDGE('',*,*,#2762,.T.);
#4719=ORIENTED_EDGE('',*,*,#2759,.T.);
#4720=ORIENTED_EDGE('',*,*,#2756,.T.);
#4721=ORIENTED_EDGE('',*,*,#2753,.T.);
#4722=ORIENTED_EDGE('',*,*,#2750,.T.);
#4723=ORIENTED_EDGE('',*,*,#2747,.T.);
#4724=ORIENTED_EDGE('',*,*,#2744,.T.);
#4725=ORIENTED_EDGE('',*,*,#2741,.T.);
#4726=ORIENTED_EDGE('',*,*,#2738,.T.);
#4727=ORIENTED_EDGE('',*,*,#2735,.T.);
#4728=ORIENTED_EDGE('',*,*,#2732,.T.);
#4729=ORIENTED_EDGE('',*,*,#2729,.T.);
#4730=ORIENTED_EDGE('',*,*,#2726,.T.);
#4731=ORIENTED_EDGE('',*,*,#2723,.T.);
#4732=ORIENTED_EDGE('',*,*,#2720,.T.);
#4733=ORIENTED_EDGE('',*,*,#2662,.T.);
#4734=ORIENTED_EDGE('',*,*,#2714,.T.);
#4735=ORIENTED_EDGE('',*,*,#2711,.T.);
#4736=ORIENTED_EDGE('',*,*,#2708,.T.);
#4737=ORIENTED_EDGE('',*,*,#2705,.T.);
#4738=ORIENTED_EDGE('',*,*,#2702,.T.);
#4739=ORIENTED_EDGE('',*,*,#2699,.T.);
#4740=ORIENTED_EDGE('',*,*,#2696,.T.);
#4741=ORIENTED_EDGE('',*,*,#2693,.T.);
#4742=ORIENTED_EDGE('',*,*,#2690,.T.);
#4743=ORIENTED_EDGE('',*,*,#2687,.T.);
#4744=ORIENTED_EDGE('',*,*,#2684,.T.);
#4745=ORIENTED_EDGE('',*,*,#2681,.T.);
#4746=ORIENTED_EDGE('',*,*,#2678,.T.);
#4747=ORIENTED_EDGE('',*,*,#2675,.T.);
#4748=ORIENTED_EDGE('',*,*,#2672,.T.);
#4749=ORIENTED_EDGE('',*,*,#2669,.T.);
#4750=ORIENTED_EDGE('',*,*,#2666,.T.);
#4751=ORIENTED_EDGE('',*,*,#2629,.T.);
#4752=ORIENTED_EDGE('',*,*,#2660,.T.);
#4753=ORIENTED_EDGE('',*,*,#2657,.T.);
#4754=ORIENTED_EDGE('',*,*,#2654,.T.);
#4755=ORIENTED_EDGE('',*,*,#2651,.T.);
#4756=ORIENTED_EDGE('',*,*,#2648,.T.);
#4757=ORIENTED_EDGE('',*,*,#2645,.T.);
#4758=ORIENTED_EDGE('',*,*,#2642,.T.);
#4759=ORIENTED_EDGE('',*,*,#2639,.T.);
#4760=ORIENTED_EDGE('',*,*,#2636,.T.);
#4761=ORIENTED_EDGE('',*,*,#2633,.T.);
#4762=ORIENTED_EDGE('',*,*,#2461,.T.);
#4763=ORIENTED_EDGE('',*,*,#2582,.T.);
#4764=ORIENTED_EDGE('',*,*,#2579,.T.);
#4765=ORIENTED_EDGE('',*,*,#2576,.T.);
#4766=ORIENTED_EDGE('',*,*,#2573,.T.);
#4767=ORIENTED_EDGE('',*,*,#2570,.T.);
#4768=ORIENTED_EDGE('',*,*,#2567,.T.);
#4769=ORIENTED_EDGE('',*,*,#2564,.T.);
#4770=ORIENTED_EDGE('',*,*,#2561,.T.);
#4771=ORIENTED_EDGE('',*,*,#2558,.T.);
#4772=ORIENTED_EDGE('',*,*,#2555,.T.);
#4773=ORIENTED_EDGE('',*,*,#2552,.T.);
#4774=ORIENTED_EDGE('',*,*,#2549,.T.);
#4775=ORIENTED_EDGE('',*,*,#2546,.T.);
#4776=ORIENTED_EDGE('',*,*,#2543,.T.);
#4777=ORIENTED_EDGE('',*,*,#2540,.T.);
#4778=ORIENTED_EDGE('',*,*,#2537,.T.);
#4779=ORIENTED_EDGE('',*,*,#2534,.T.);
#4780=ORIENTED_EDGE('',*,*,#2531,.T.);
#4781=ORIENTED_EDGE('',*,*,#2528,.T.);
#4782=ORIENTED_EDGE('',*,*,#2525,.T.);
#4783=ORIENTED_EDGE('',*,*,#2522,.T.);
#4784=ORIENTED_EDGE('',*,*,#2519,.T.);
#4785=ORIENTED_EDGE('',*,*,#2516,.T.);
#4786=ORIENTED_EDGE('',*,*,#2513,.T.);
#4787=ORIENTED_EDGE('',*,*,#2510,.T.);
#4788=ORIENTED_EDGE('',*,*,#2507,.T.);
#4789=ORIENTED_EDGE('',*,*,#2504,.T.);
#4790=ORIENTED_EDGE('',*,*,#2501,.T.);
#4791=ORIENTED_EDGE('',*,*,#2498,.T.);
#4792=ORIENTED_EDGE('',*,*,#2495,.T.);
#4793=ORIENTED_EDGE('',*,*,#2492,.T.);
#4794=ORIENTED_EDGE('',*,*,#2489,.T.);
#4795=ORIENTED_EDGE('',*,*,#2486,.T.);
#4796=ORIENTED_EDGE('',*,*,#2483,.T.);
#4797=ORIENTED_EDGE('',*,*,#2480,.T.);
#4798=ORIENTED_EDGE('',*,*,#2477,.T.);
#4799=ORIENTED_EDGE('',*,*,#2474,.T.);
#4800=ORIENTED_EDGE('',*,*,#2471,.T.);
#4801=ORIENTED_EDGE('',*,*,#2468,.T.);
#4802=ORIENTED_EDGE('',*,*,#2465,.T.);
#4803=ORIENTED_EDGE('',*,*,#3246,.T.);
#4804=ORIENTED_EDGE('',*,*,#3247,.T.);
#4805=ORIENTED_EDGE('',*,*,#3244,.F.);
#4806=ORIENTED_EDGE('',*,*,#3231,.F.);
#4807=ORIENTED_EDGE('',*,*,#3248,.T.);
#4808=ORIENTED_EDGE('',*,*,#3249,.T.);
#4809=ORIENTED_EDGE('',*,*,#3246,.F.);
#4810=ORIENTED_EDGE('',*,*,#3230,.F.);
#4811=ORIENTED_EDGE('',*,*,#3192,.T.);
#4812=ORIENTED_EDGE('',*,*,#3250,.T.);
#4813=ORIENTED_EDGE('',*,*,#3248,.F.);
#4814=ORIENTED_EDGE('',*,*,#3229,.F.);
#4815=ORIENTED_EDGE('',*,*,#3250,.F.);
#4816=ORIENTED_EDGE('',*,*,#3191,.F.);
#4817=ORIENTED_EDGE('',*,*,#3243,.F.);
#4818=ORIENTED_EDGE('',*,*,#3245,.F.);
#4819=ORIENTED_EDGE('',*,*,#3247,.F.);
#4820=ORIENTED_EDGE('',*,*,#3249,.F.);
#4821=ORIENTED_EDGE('',*,*,#3164,.T.);
#4822=ORIENTED_EDGE('',*,*,#3167,.T.);
#4823=ORIENTED_EDGE('',*,*,#3157,.T.);
#4824=ORIENTED_EDGE('',*,*,#3161,.T.);
#4825=ORIENTED_EDGE('',*,*,#3216,.T.);
#4826=ORIENTED_EDGE('',*,*,#3218,.T.);
#4827=ORIENTED_EDGE('',*,*,#3234,.F.);
#4828=ORIENTED_EDGE('',*,*,#3236,.F.);
#4829=ORIENTED_EDGE('',*,*,#3238,.F.);
#4830=ORIENTED_EDGE('',*,*,#3240,.F.);
#4831=(
BOUNDED_SURFACE()
B_SPLINE_SURFACE(3,1,((#6070,#6071),(#6072,#6073),(#6074,#6075),(#6076,
#6077)),.UNSPECIFIED.,.F.,.F.,.F.)
B_SPLINE_SURFACE_WITH_KNOTS((4,4),(2,2),(-1.,0.),(0.,0.0300000000000002),
 .UNSPECIFIED.)
GEOMETRIC_REPRESENTATION_ITEM()
RATIONAL_B_SPLINE_SURFACE(((1.,1.),(1.,1.),(1.,1.),(1.,1.)))
REPRESENTATION_ITEM('')
SURFACE()
);
#4832=(
BOUNDED_SURFACE()
B_SPLINE_SURFACE(3,1,((#6092,#6093),(#6094,#6095),(#6096,#6097),(#6098,
#6099)),.UNSPECIFIED.,.F.,.F.,.F.)
B_SPLINE_SURFACE_WITH_KNOTS((4,4),(2,2),(-1.,0.),(0.,0.0300000000000002),
 .UNSPECIFIED.)
GEOMETRIC_REPRESENTATION_ITEM()
RATIONAL_B_SPLINE_SURFACE(((1.,1.),(1.,1.),(1.,1.),(1.,1.)))
REPRESENTATION_ITEM('')
SURFACE()
);
#4833=(
BOUNDED_SURFACE()
B_SPLINE_SURFACE(3,1,((#6111,#6112),(#6113,#6114),(#6115,#6116),(#6117,
#6118)),.UNSPECIFIED.,.F.,.F.,.F.)
B_SPLINE_SURFACE_WITH_KNOTS((4,4),(2,2),(-1.,0.),(0.,0.0300000000000002),
 .UNSPECIFIED.)
GEOMETRIC_REPRESENTATION_ITEM()
RATIONAL_B_SPLINE_SURFACE(((1.,1.),(1.,1.),(1.,1.),(1.,1.)))
REPRESENTATION_ITEM('')
SURFACE()
);
#4834=(
BOUNDED_SURFACE()
B_SPLINE_SURFACE(3,1,((#6130,#6131),(#6132,#6133),(#6134,#6135),(#6136,
#6137)),.UNSPECIFIED.,.F.,.F.,.F.)
B_SPLINE_SURFACE_WITH_KNOTS((4,4),(2,2),(-1.,0.),(0.,0.0300000000000002),
 .UNSPECIFIED.)
GEOMETRIC_REPRESENTATION_ITEM()
RATIONAL_B_SPLINE_SURFACE(((1.,1.),(1.,1.),(1.,1.),(1.,1.)))
REPRESENTATION_ITEM('')
SURFACE()
);
#4835=(
BOUNDED_SURFACE()
B_SPLINE_SURFACE(3,1,((#6149,#6150),(#6151,#6152),(#6153,#6154),(#6155,
#6156)),.UNSPECIFIED.,.F.,.F.,.F.)
B_SPLINE_SURFACE_WITH_KNOTS((4,4),(2,2),(-1.,0.),(0.,0.0300000000000002),
 .UNSPECIFIED.)
GEOMETRIC_REPRESENTATION_ITEM()
RATIONAL_B_SPLINE_SURFACE(((1.,1.),(1.,1.),(1.,1.),(1.,1.)))
REPRESENTATION_ITEM('')
SURFACE()
);
#4836=(
BOUNDED_SURFACE()
B_SPLINE_SURFACE(3,1,((#6168,#6169),(#6170,#6171),(#6172,#6173),(#6174,
#6175)),.UNSPECIFIED.,.F.,.F.,.F.)
B_SPLINE_SURFACE_WITH_KNOTS((4,4),(2,2),(-1.,0.),(0.,0.0300000000000002),
 .UNSPECIFIED.)
GEOMETRIC_REPRESENTATION_ITEM()
RATIONAL_B_SPLINE_SURFACE(((1.,1.),(1.,1.),(1.,1.),(1.,1.)))
REPRESENTATION_ITEM('')
SURFACE()
);
#4837=(
BOUNDED_SURFACE()
B_SPLINE_SURFACE(3,1,((#6199,#6200),(#6201,#6202),(#6203,#6204),(#6205,
#6206)),.UNSPECIFIED.,.F.,.F.,.F.)
B_SPLINE_SURFACE_WITH_KNOTS((4,4),(2,2),(-1.,0.),(0.,0.0300000000000002),
 .UNSPECIFIED.)
GEOMETRIC_REPRESENTATION_ITEM()
RATIONAL_B_SPLINE_SURFACE(((1.,1.),(1.,1.),(1.,1.),(1.,1.)))
REPRESENTATION_ITEM('')
SURFACE()
);
#4838=(
BOUNDED_SURFACE()
B_SPLINE_SURFACE(3,1,((#6218,#6219),(#6220,#6221),(#6222,#6223),(#6224,
#6225)),.UNSPECIFIED.,.F.,.F.,.F.)
B_SPLINE_SURFACE_WITH_KNOTS((4,4),(2,2),(-1.,0.),(0.,0.0300000000000002),
 .UNSPECIFIED.)
GEOMETRIC_REPRESENTATION_ITEM()
RATIONAL_B_SPLINE_SURFACE(((1.,1.),(1.,1.),(1.,1.),(1.,1.)))
REPRESENTATION_ITEM('')
SURFACE()
);
#4839=(
BOUNDED_SURFACE()
B_SPLINE_SURFACE(3,1,((#6237,#6238),(#6239,#6240),(#6241,#6242),(#6243,
#6244)),.UNSPECIFIED.,.F.,.F.,.F.)
B_SPLINE_SURFACE_WITH_KNOTS((4,4),(2,2),(-1.,0.),(0.,0.0300000000000002),
 .UNSPECIFIED.)
GEOMETRIC_REPRESENTATION_ITEM()
RATIONAL_B_SPLINE_SURFACE(((1.,1.),(1.,1.),(1.,1.),(1.,1.)))
REPRESENTATION_ITEM('')
SURFACE()
);
#4840=(
BOUNDED_SURFACE()
B_SPLINE_SURFACE(3,1,((#6256,#6257),(#6258,#6259),(#6260,#6261),(#6262,
#6263)),.UNSPECIFIED.,.F.,.F.,.F.)
B_SPLINE_SURFACE_WITH_KNOTS((4,4),(2,2),(-1.,0.),(0.,0.0300000000000002),
 .UNSPECIFIED.)
GEOMETRIC_REPRESENTATION_ITEM()
RATIONAL_B_SPLINE_SURFACE(((1.,1.),(1.,1.),(1.,1.),(1.,1.)))
REPRESENTATION_ITEM('')
SURFACE()
);
#4841=(
BOUNDED_SURFACE()
B_SPLINE_SURFACE(3,1,((#6275,#6276),(#6277,#6278),(#6279,#6280),(#6281,
#6282)),.UNSPECIFIED.,.F.,.F.,.F.)
B_SPLINE_SURFACE_WITH_KNOTS((4,4),(2,2),(-1.,0.),(0.,0.0300000000000002),
 .UNSPECIFIED.)
GEOMETRIC_REPRESENTATION_ITEM()
RATIONAL_B_SPLINE_SURFACE(((1.,1.),(1.,1.),(1.,1.),(1.,1.)))
REPRESENTATION_ITEM('')
SURFACE()
);
#4842=(
BOUNDED_SURFACE()
B_SPLINE_SURFACE(3,1,((#6294,#6295),(#6296,#6297),(#6298,#6299),(#6300,
#6301)),.UNSPECIFIED.,.F.,.F.,.F.)
B_SPLINE_SURFACE_WITH_KNOTS((4,4),(2,2),(-1.,0.),(0.,0.0300000000000002),
 .UNSPECIFIED.)
GEOMETRIC_REPRESENTATION_ITEM()
RATIONAL_B_SPLINE_SURFACE(((1.,1.),(1.,1.),(1.,1.),(1.,1.)))
REPRESENTATION_ITEM('')
SURFACE()
);
#4843=(
BOUNDED_SURFACE()
B_SPLINE_SURFACE(3,1,((#6313,#6314),(#6315,#6316),(#6317,#6318),(#6319,
#6320)),.UNSPECIFIED.,.F.,.F.,.F.)
B_SPLINE_SURFACE_WITH_KNOTS((4,4),(2,2),(-1.,0.),(0.,0.0300000000000002),
 .UNSPECIFIED.)
GEOMETRIC_REPRESENTATION_ITEM()
RATIONAL_B_SPLINE_SURFACE(((1.,1.),(1.,1.),(1.,1.),(1.,1.)))
REPRESENTATION_ITEM('')
SURFACE()
);
#4844=(
BOUNDED_SURFACE()
B_SPLINE_SURFACE(3,1,((#6332,#6333),(#6334,#6335),(#6336,#6337),(#6338,
#6339)),.UNSPECIFIED.,.F.,.F.,.F.)
B_SPLINE_SURFACE_WITH_KNOTS((4,4),(2,2),(-1.,0.),(0.,0.0300000000000002),
 .UNSPECIFIED.)
GEOMETRIC_REPRESENTATION_ITEM()
RATIONAL_B_SPLINE_SURFACE(((1.,1.),(1.,1.),(1.,1.),(1.,1.)))
REPRESENTATION_ITEM('')
SURFACE()
);
#4845=(
BOUNDED_SURFACE()
B_SPLINE_SURFACE(3,1,((#6351,#6352),(#6353,#6354),(#6355,#6356),(#6357,
#6358)),.UNSPECIFIED.,.F.,.F.,.F.)
B_SPLINE_SURFACE_WITH_KNOTS((4,4),(2,2),(-1.,0.),(0.,0.0300000000000002),
 .UNSPECIFIED.)
GEOMETRIC_REPRESENTATION_ITEM()
RATIONAL_B_SPLINE_SURFACE(((1.,1.),(1.,1.),(1.,1.),(1.,1.)))
REPRESENTATION_ITEM('')
SURFACE()
);
#4846=(
BOUNDED_SURFACE()
B_SPLINE_SURFACE(3,1,((#6370,#6371),(#6372,#6373),(#6374,#6375),(#6376,
#6377)),.UNSPECIFIED.,.F.,.F.,.F.)
B_SPLINE_SURFACE_WITH_KNOTS((4,4),(2,2),(-1.,0.),(0.,0.0300000000000002),
 .UNSPECIFIED.)
GEOMETRIC_REPRESENTATION_ITEM()
RATIONAL_B_SPLINE_SURFACE(((1.,1.),(1.,1.),(1.,1.),(1.,1.)))
REPRESENTATION_ITEM('')
SURFACE()
);
#4847=(
BOUNDED_SURFACE()
B_SPLINE_SURFACE(3,1,((#6389,#6390),(#6391,#6392),(#6393,#6394),(#6395,
#6396)),.UNSPECIFIED.,.F.,.F.,.F.)
B_SPLINE_SURFACE_WITH_KNOTS((4,4),(2,2),(-1.,0.),(0.,0.0300000000000002),
 .UNSPECIFIED.)
GEOMETRIC_REPRESENTATION_ITEM()
RATIONAL_B_SPLINE_SURFACE(((1.,1.),(1.,1.),(1.,1.),(1.,1.)))
REPRESENTATION_ITEM('')
SURFACE()
);
#4848=(
BOUNDED_SURFACE()
B_SPLINE_SURFACE(3,1,((#6408,#6409),(#6410,#6411),(#6412,#6413),(#6414,
#6415)),.UNSPECIFIED.,.F.,.F.,.F.)
B_SPLINE_SURFACE_WITH_KNOTS((4,4),(2,2),(-1.,0.),(0.,0.0300000000000002),
 .UNSPECIFIED.)
GEOMETRIC_REPRESENTATION_ITEM()
RATIONAL_B_SPLINE_SURFACE(((1.,1.),(1.,1.),(1.,1.),(1.,1.)))
REPRESENTATION_ITEM('')
SURFACE()
);
#4849=(
BOUNDED_SURFACE()
B_SPLINE_SURFACE(3,1,((#6427,#6428),(#6429,#6430),(#6431,#6432),(#6433,
#6434)),.UNSPECIFIED.,.F.,.F.,.F.)
B_SPLINE_SURFACE_WITH_KNOTS((4,4),(2,2),(-1.,0.),(0.,0.0300000000000002),
 .UNSPECIFIED.)
GEOMETRIC_REPRESENTATION_ITEM()
RATIONAL_B_SPLINE_SURFACE(((1.,1.),(1.,1.),(1.,1.),(1.,1.)))
REPRESENTATION_ITEM('')
SURFACE()
);
#4850=(
BOUNDED_SURFACE()
B_SPLINE_SURFACE(3,1,((#6458,#6459),(#6460,#6461),(#6462,#6463),(#6464,
#6465)),.UNSPECIFIED.,.F.,.F.,.F.)
B_SPLINE_SURFACE_WITH_KNOTS((4,4),(2,2),(-1.,0.),(0.,0.0300000000000002),
 .UNSPECIFIED.)
GEOMETRIC_REPRESENTATION_ITEM()
RATIONAL_B_SPLINE_SURFACE(((1.,1.),(1.,1.),(1.,1.),(1.,1.)))
REPRESENTATION_ITEM('')
SURFACE()
);
#4851=(
BOUNDED_SURFACE()
B_SPLINE_SURFACE(3,1,((#6477,#6478),(#6479,#6480),(#6481,#6482),(#6483,
#6484)),.UNSPECIFIED.,.F.,.F.,.F.)
B_SPLINE_SURFACE_WITH_KNOTS((4,4),(2,2),(-1.,0.),(0.,0.0300000000000002),
 .UNSPECIFIED.)
GEOMETRIC_REPRESENTATION_ITEM()
RATIONAL_B_SPLINE_SURFACE(((1.,1.),(1.,1.),(1.,1.),(1.,1.)))
REPRESENTATION_ITEM('')
SURFACE()
);
#4852=(
BOUNDED_SURFACE()
B_SPLINE_SURFACE(3,1,((#6508,#6509),(#6510,#6511),(#6512,#6513),(#6514,
#6515)),.UNSPECIFIED.,.F.,.F.,.F.)
B_SPLINE_SURFACE_WITH_KNOTS((4,4),(2,2),(-1.,0.),(0.,0.0300000000000002),
 .UNSPECIFIED.)
GEOMETRIC_REPRESENTATION_ITEM()
RATIONAL_B_SPLINE_SURFACE(((1.,1.),(1.,1.),(1.,1.),(1.,1.)))
REPRESENTATION_ITEM('')
SURFACE()
);
#4853=(
BOUNDED_SURFACE()
B_SPLINE_SURFACE(3,1,((#6527,#6528),(#6529,#6530),(#6531,#6532),(#6533,
#6534)),.UNSPECIFIED.,.F.,.F.,.F.)
B_SPLINE_SURFACE_WITH_KNOTS((4,4),(2,2),(-1.,0.),(0.,0.0300000000000002),
 .UNSPECIFIED.)
GEOMETRIC_REPRESENTATION_ITEM()
RATIONAL_B_SPLINE_SURFACE(((1.,1.),(1.,1.),(1.,1.),(1.,1.)))
REPRESENTATION_ITEM('')
SURFACE()
);
#4854=(
BOUNDED_SURFACE()
B_SPLINE_SURFACE(3,1,((#6546,#6547),(#6548,#6549),(#6550,#6551),(#6552,
#6553)),.UNSPECIFIED.,.F.,.F.,.F.)
B_SPLINE_SURFACE_WITH_KNOTS((4,4),(2,2),(-1.,0.),(0.,0.0300000000000002),
 .UNSPECIFIED.)
GEOMETRIC_REPRESENTATION_ITEM()
RATIONAL_B_SPLINE_SURFACE(((1.,1.),(1.,1.),(1.,1.),(1.,1.)))
REPRESENTATION_ITEM('')
SURFACE()
);
#4855=(
BOUNDED_SURFACE()
B_SPLINE_SURFACE(3,1,((#6565,#6566),(#6567,#6568),(#6569,#6570),(#6571,
#6572)),.UNSPECIFIED.,.F.,.F.,.F.)
B_SPLINE_SURFACE_WITH_KNOTS((4,4),(2,2),(-1.,0.),(0.,0.0300000000000002),
 .UNSPECIFIED.)
GEOMETRIC_REPRESENTATION_ITEM()
RATIONAL_B_SPLINE_SURFACE(((1.,1.),(1.,1.),(1.,1.),(1.,1.)))
REPRESENTATION_ITEM('')
SURFACE()
);
#4856=(
BOUNDED_SURFACE()
B_SPLINE_SURFACE(3,1,((#6584,#6585),(#6586,#6587),(#6588,#6589),(#6590,
#6591)),.UNSPECIFIED.,.F.,.F.,.F.)
B_SPLINE_SURFACE_WITH_KNOTS((4,4),(2,2),(-1.,0.),(0.,0.0300000000000002),
 .UNSPECIFIED.)
GEOMETRIC_REPRESENTATION_ITEM()
RATIONAL_B_SPLINE_SURFACE(((1.,1.),(1.,1.),(1.,1.),(1.,1.)))
REPRESENTATION_ITEM('')
SURFACE()
);
#4857=(
BOUNDED_SURFACE()
B_SPLINE_SURFACE(3,1,((#6603,#6604),(#6605,#6606),(#6607,#6608),(#6609,
#6610)),.UNSPECIFIED.,.F.,.F.,.F.)
B_SPLINE_SURFACE_WITH_KNOTS((4,4),(2,2),(-1.,0.),(0.,0.0300000000000002),
 .UNSPECIFIED.)
GEOMETRIC_REPRESENTATION_ITEM()
RATIONAL_B_SPLINE_SURFACE(((1.,1.),(1.,1.),(1.,1.),(1.,1.)))
REPRESENTATION_ITEM('')
SURFACE()
);
#4858=(
BOUNDED_SURFACE()
B_SPLINE_SURFACE(3,1,((#6622,#6623),(#6624,#6625),(#6626,#6627),(#6628,
#6629)),.UNSPECIFIED.,.F.,.F.,.F.)
B_SPLINE_SURFACE_WITH_KNOTS((4,4),(2,2),(-1.,0.),(0.,0.0300000000000002),
 .UNSPECIFIED.)
GEOMETRIC_REPRESENTATION_ITEM()
RATIONAL_B_SPLINE_SURFACE(((1.,1.),(1.,1.),(1.,1.),(1.,1.)))
REPRESENTATION_ITEM('')
SURFACE()
);
#4859=(
BOUNDED_SURFACE()
B_SPLINE_SURFACE(3,1,((#6641,#6642),(#6643,#6644),(#6645,#6646),(#6647,
#6648)),.UNSPECIFIED.,.F.,.F.,.F.)
B_SPLINE_SURFACE_WITH_KNOTS((4,4),(2,2),(-1.,0.),(0.,0.0300000000000002),
 .UNSPECIFIED.)
GEOMETRIC_REPRESENTATION_ITEM()
RATIONAL_B_SPLINE_SURFACE(((1.,1.),(1.,1.),(1.,1.),(1.,1.)))
REPRESENTATION_ITEM('')
SURFACE()
);
#4860=(
BOUNDED_SURFACE()
B_SPLINE_SURFACE(3,1,((#6660,#6661),(#6662,#6663),(#6664,#6665),(#6666,
#6667)),.UNSPECIFIED.,.F.,.F.,.F.)
B_SPLINE_SURFACE_WITH_KNOTS((4,4),(2,2),(-1.,0.),(0.,0.0300000000000002),
 .UNSPECIFIED.)
GEOMETRIC_REPRESENTATION_ITEM()
RATIONAL_B_SPLINE_SURFACE(((1.,1.),(1.,1.),(1.,1.),(1.,1.)))
REPRESENTATION_ITEM('')
SURFACE()
);
#4861=(
BOUNDED_SURFACE()
B_SPLINE_SURFACE(3,1,((#6679,#6680),(#6681,#6682),(#6683,#6684),(#6685,
#6686)),.UNSPECIFIED.,.F.,.F.,.F.)
B_SPLINE_SURFACE_WITH_KNOTS((4,4),(2,2),(-1.,0.),(0.,0.0300000000000002),
 .UNSPECIFIED.)
GEOMETRIC_REPRESENTATION_ITEM()
RATIONAL_B_SPLINE_SURFACE(((1.,1.),(1.,1.),(1.,1.),(1.,1.)))
REPRESENTATION_ITEM('')
SURFACE()
);
#4862=(
BOUNDED_SURFACE()
B_SPLINE_SURFACE(3,1,((#6698,#6699),(#6700,#6701),(#6702,#6703),(#6704,
#6705)),.UNSPECIFIED.,.F.,.F.,.F.)
B_SPLINE_SURFACE_WITH_KNOTS((4,4),(2,2),(-1.,0.),(0.,0.0300000000000002),
 .UNSPECIFIED.)
GEOMETRIC_REPRESENTATION_ITEM()
RATIONAL_B_SPLINE_SURFACE(((1.,1.),(1.,1.),(1.,1.),(1.,1.)))
REPRESENTATION_ITEM('')
SURFACE()
);
#4863=(
BOUNDED_SURFACE()
B_SPLINE_SURFACE(3,1,((#6717,#6718),(#6719,#6720),(#6721,#6722),(#6723,
#6724)),.UNSPECIFIED.,.F.,.F.,.F.)
B_SPLINE_SURFACE_WITH_KNOTS((4,4),(2,2),(-1.,0.),(0.,0.0300000000000002),
 .UNSPECIFIED.)
GEOMETRIC_REPRESENTATION_ITEM()
RATIONAL_B_SPLINE_SURFACE(((1.,1.),(1.,1.),(1.,1.),(1.,1.)))
REPRESENTATION_ITEM('')
SURFACE()
);
#4864=(
BOUNDED_SURFACE()
B_SPLINE_SURFACE(3,1,((#6736,#6737),(#6738,#6739),(#6740,#6741),(#6742,
#6743)),.UNSPECIFIED.,.F.,.F.,.F.)
B_SPLINE_SURFACE_WITH_KNOTS((4,4),(2,2),(-1.,0.),(0.,0.0300000000000002),
 .UNSPECIFIED.)
GEOMETRIC_REPRESENTATION_ITEM()
RATIONAL_B_SPLINE_SURFACE(((1.,1.),(1.,1.),(1.,1.),(1.,1.)))
REPRESENTATION_ITEM('')
SURFACE()
);
#4865=(
BOUNDED_SURFACE()
B_SPLINE_SURFACE(3,1,((#6755,#6756),(#6757,#6758),(#6759,#6760),(#6761,
#6762)),.UNSPECIFIED.,.F.,.F.,.F.)
B_SPLINE_SURFACE_WITH_KNOTS((4,4),(2,2),(-1.,0.),(0.,0.0300000000000002),
 .UNSPECIFIED.)
GEOMETRIC_REPRESENTATION_ITEM()
RATIONAL_B_SPLINE_SURFACE(((1.,1.),(1.,1.),(1.,1.),(1.,1.)))
REPRESENTATION_ITEM('')
SURFACE()
);
#4866=(
BOUNDED_SURFACE()
B_SPLINE_SURFACE(3,1,((#6772,#6773),(#6774,#6775),(#6776,#6777),(#6778,
#6779)),.UNSPECIFIED.,.F.,.F.,.F.)
B_SPLINE_SURFACE_WITH_KNOTS((4,4),(2,2),(-1.,0.),(0.,0.0300000000000002),
 .UNSPECIFIED.)
GEOMETRIC_REPRESENTATION_ITEM()
RATIONAL_B_SPLINE_SURFACE(((1.,1.),(1.,1.),(1.,1.),(1.,1.)))
REPRESENTATION_ITEM('')
SURFACE()
);
#4867=(
BOUNDED_SURFACE()
B_SPLINE_SURFACE(3,1,((#6794,#6795),(#6796,#6797),(#6798,#6799),(#6800,
#6801)),.UNSPECIFIED.,.F.,.F.,.F.)
B_SPLINE_SURFACE_WITH_KNOTS((4,4),(2,2),(-1.,0.),(0.,0.0300000000000002),
 .UNSPECIFIED.)
GEOMETRIC_REPRESENTATION_ITEM()
RATIONAL_B_SPLINE_SURFACE(((1.,1.),(1.,1.),(1.,1.),(1.,1.)))
REPRESENTATION_ITEM('')
SURFACE()
);
#4868=(
BOUNDED_SURFACE()
B_SPLINE_SURFACE(3,1,((#6813,#6814),(#6815,#6816),(#6817,#6818),(#6819,
#6820)),.UNSPECIFIED.,.F.,.F.,.F.)
B_SPLINE_SURFACE_WITH_KNOTS((4,4),(2,2),(-1.,0.),(0.,0.0300000000000002),
 .UNSPECIFIED.)
GEOMETRIC_REPRESENTATION_ITEM()
RATIONAL_B_SPLINE_SURFACE(((1.,1.),(1.,1.),(1.,1.),(1.,1.)))
REPRESENTATION_ITEM('')
SURFACE()
);
#4869=(
BOUNDED_SURFACE()
B_SPLINE_SURFACE(3,1,((#6832,#6833),(#6834,#6835),(#6836,#6837),(#6838,
#6839)),.UNSPECIFIED.,.F.,.F.,.F.)
B_SPLINE_SURFACE_WITH_KNOTS((4,4),(2,2),(-1.,0.),(0.,0.0300000000000002),
 .UNSPECIFIED.)
GEOMETRIC_REPRESENTATION_ITEM()
RATIONAL_B_SPLINE_SURFACE(((1.,1.),(1.,1.),(1.,1.),(1.,1.)))
REPRESENTATION_ITEM('')
SURFACE()
);
#4870=(
BOUNDED_SURFACE()
B_SPLINE_SURFACE(3,1,((#6851,#6852),(#6853,#6854),(#6855,#6856),(#6857,
#6858)),.UNSPECIFIED.,.F.,.F.,.F.)
B_SPLINE_SURFACE_WITH_KNOTS((4,4),(2,2),(-1.,0.),(0.,0.0300000000000002),
 .UNSPECIFIED.)
GEOMETRIC_REPRESENTATION_ITEM()
RATIONAL_B_SPLINE_SURFACE(((1.,1.),(1.,1.),(1.,1.),(1.,1.)))
REPRESENTATION_ITEM('')
SURFACE()
);
#4871=(
BOUNDED_SURFACE()
B_SPLINE_SURFACE(3,1,((#6870,#6871),(#6872,#6873),(#6874,#6875),(#6876,
#6877)),.UNSPECIFIED.,.F.,.F.,.F.)
B_SPLINE_SURFACE_WITH_KNOTS((4,4),(2,2),(-1.,0.),(0.,0.0300000000000002),
 .UNSPECIFIED.)
GEOMETRIC_REPRESENTATION_ITEM()
RATIONAL_B_SPLINE_SURFACE(((1.,1.),(1.,1.),(1.,1.),(1.,1.)))
REPRESENTATION_ITEM('')
SURFACE()
);
#4872=(
BOUNDED_SURFACE()
B_SPLINE_SURFACE(3,1,((#6889,#6890),(#6891,#6892),(#6893,#6894),(#6895,
#6896)),.UNSPECIFIED.,.F.,.F.,.F.)
B_SPLINE_SURFACE_WITH_KNOTS((4,4),(2,2),(-1.,0.),(0.,0.0300000000000002),
 .UNSPECIFIED.)
GEOMETRIC_REPRESENTATION_ITEM()
RATIONAL_B_SPLINE_SURFACE(((1.,1.),(1.,1.),(1.,1.),(1.,1.)))
REPRESENTATION_ITEM('')
SURFACE()
);
#4873=(
BOUNDED_SURFACE()
B_SPLINE_SURFACE(3,1,((#6908,#6909),(#6910,#6911),(#6912,#6913),(#6914,
#6915)),.UNSPECIFIED.,.F.,.F.,.F.)
B_SPLINE_SURFACE_WITH_KNOTS((4,4),(2,2),(-1.,0.),(0.,0.0300000000000002),
 .UNSPECIFIED.)
GEOMETRIC_REPRESENTATION_ITEM()
RATIONAL_B_SPLINE_SURFACE(((1.,1.),(1.,1.),(1.,1.),(1.,1.)))
REPRESENTATION_ITEM('')
SURFACE()
);
#4874=(
BOUNDED_SURFACE()
B_SPLINE_SURFACE(3,1,((#6927,#6928),(#6929,#6930),(#6931,#6932),(#6933,
#6934)),.UNSPECIFIED.,.F.,.F.,.F.)
B_SPLINE_SURFACE_WITH_KNOTS((4,4),(2,2),(-1.,0.),(0.,0.0300000000000002),
 .UNSPECIFIED.)
GEOMETRIC_REPRESENTATION_ITEM()
RATIONAL_B_SPLINE_SURFACE(((1.,1.),(1.,1.),(1.,1.),(1.,1.)))
REPRESENTATION_ITEM('')
SURFACE()
);
#4875=(
BOUNDED_SURFACE()
B_SPLINE_SURFACE(3,1,((#6943,#6944),(#6945,#6946),(#6947,#6948),(#6949,
#6950)),.UNSPECIFIED.,.F.,.F.,.F.)
B_SPLINE_SURFACE_WITH_KNOTS((4,4),(2,2),(-1.,0.),(0.,0.0300000000000002),
 .UNSPECIFIED.)
GEOMETRIC_REPRESENTATION_ITEM()
RATIONAL_B_SPLINE_SURFACE(((1.,1.),(1.,1.),(1.,1.),(1.,1.)))
REPRESENTATION_ITEM('')
SURFACE()
);
#4876=(
BOUNDED_SURFACE()
B_SPLINE_SURFACE(3,1,((#6965,#6966),(#6967,#6968),(#6969,#6970),(#6971,
#6972)),.UNSPECIFIED.,.F.,.F.,.F.)
B_SPLINE_SURFACE_WITH_KNOTS((4,4),(2,2),(-1.,0.),(0.,0.0300000000000002),
 .UNSPECIFIED.)
GEOMETRIC_REPRESENTATION_ITEM()
RATIONAL_B_SPLINE_SURFACE(((1.,1.),(1.,1.),(1.,1.),(1.,1.)))
REPRESENTATION_ITEM('')
SURFACE()
);
#4877=(
BOUNDED_SURFACE()
B_SPLINE_SURFACE(3,1,((#6984,#6985),(#6986,#6987),(#6988,#6989),(#6990,
#6991)),.UNSPECIFIED.,.F.,.F.,.F.)
B_SPLINE_SURFACE_WITH_KNOTS((4,4),(2,2),(-1.,0.),(0.,0.0300000000000002),
 .UNSPECIFIED.)
GEOMETRIC_REPRESENTATION_ITEM()
RATIONAL_B_SPLINE_SURFACE(((1.,1.),(1.,1.),(1.,1.),(1.,1.)))
REPRESENTATION_ITEM('')
SURFACE()
);
#4878=(
BOUNDED_SURFACE()
B_SPLINE_SURFACE(3,1,((#7003,#7004),(#7005,#7006),(#7007,#7008),(#7009,
#7010)),.UNSPECIFIED.,.F.,.F.,.F.)
B_SPLINE_SURFACE_WITH_KNOTS((4,4),(2,2),(-1.,0.),(0.,0.0300000000000002),
 .UNSPECIFIED.)
GEOMETRIC_REPRESENTATION_ITEM()
RATIONAL_B_SPLINE_SURFACE(((1.,1.),(1.,1.),(1.,1.),(1.,1.)))
REPRESENTATION_ITEM('')
SURFACE()
);
#4879=(
BOUNDED_SURFACE()
B_SPLINE_SURFACE(3,1,((#7022,#7023),(#7024,#7025),(#7026,#7027),(#7028,
#7029)),.UNSPECIFIED.,.F.,.F.,.F.)
B_SPLINE_SURFACE_WITH_KNOTS((4,4),(2,2),(-1.,0.),(0.,0.0300000000000002),
 .UNSPECIFIED.)
GEOMETRIC_REPRESENTATION_ITEM()
RATIONAL_B_SPLINE_SURFACE(((1.,1.),(1.,1.),(1.,1.),(1.,1.)))
REPRESENTATION_ITEM('')
SURFACE()
);
#4880=(
BOUNDED_SURFACE()
B_SPLINE_SURFACE(3,1,((#7041,#7042),(#7043,#7044),(#7045,#7046),(#7047,
#7048)),.UNSPECIFIED.,.F.,.F.,.F.)
B_SPLINE_SURFACE_WITH_KNOTS((4,4),(2,2),(-1.,0.),(0.,0.0300000000000002),
 .UNSPECIFIED.)
GEOMETRIC_REPRESENTATION_ITEM()
RATIONAL_B_SPLINE_SURFACE(((1.,1.),(1.,1.),(1.,1.),(1.,1.)))
REPRESENTATION_ITEM('')
SURFACE()
);
#4881=(
BOUNDED_SURFACE()
B_SPLINE_SURFACE(3,1,((#7057,#7058),(#7059,#7060),(#7061,#7062),(#7063,
#7064)),.UNSPECIFIED.,.F.,.F.,.F.)
B_SPLINE_SURFACE_WITH_KNOTS((4,4),(2,2),(-1.,0.),(0.,0.0300000000000002),
 .UNSPECIFIED.)
GEOMETRIC_REPRESENTATION_ITEM()
RATIONAL_B_SPLINE_SURFACE(((1.,1.),(1.,1.),(1.,1.),(1.,1.)))
REPRESENTATION_ITEM('')
SURFACE()
);
#4882=(
BOUNDED_SURFACE()
B_SPLINE_SURFACE(3,1,((#7079,#7080),(#7081,#7082),(#7083,#7084),(#7085,
#7086)),.UNSPECIFIED.,.F.,.F.,.F.)
B_SPLINE_SURFACE_WITH_KNOTS((4,4),(2,2),(-1.,0.),(0.,0.0300000000000002),
 .UNSPECIFIED.)
GEOMETRIC_REPRESENTATION_ITEM()
RATIONAL_B_SPLINE_SURFACE(((1.,1.),(1.,1.),(1.,1.),(1.,1.)))
REPRESENTATION_ITEM('')
SURFACE()
);
#4883=(
BOUNDED_SURFACE()
B_SPLINE_SURFACE(3,1,((#7098,#7099),(#7100,#7101),(#7102,#7103),(#7104,
#7105)),.UNSPECIFIED.,.F.,.F.,.F.)
B_SPLINE_SURFACE_WITH_KNOTS((4,4),(2,2),(-1.,0.),(0.,0.0300000000000002),
 .UNSPECIFIED.)
GEOMETRIC_REPRESENTATION_ITEM()
RATIONAL_B_SPLINE_SURFACE(((1.,1.),(1.,1.),(1.,1.),(1.,1.)))
REPRESENTATION_ITEM('')
SURFACE()
);
#4884=(
BOUNDED_SURFACE()
B_SPLINE_SURFACE(3,1,((#7117,#7118),(#7119,#7120),(#7121,#7122),(#7123,
#7124)),.UNSPECIFIED.,.F.,.F.,.F.)
B_SPLINE_SURFACE_WITH_KNOTS((4,4),(2,2),(-1.,0.),(0.,0.0300000000000002),
 .UNSPECIFIED.)
GEOMETRIC_REPRESENTATION_ITEM()
RATIONAL_B_SPLINE_SURFACE(((1.,1.),(1.,1.),(1.,1.),(1.,1.)))
REPRESENTATION_ITEM('')
SURFACE()
);
#4885=(
BOUNDED_SURFACE()
B_SPLINE_SURFACE(3,1,((#7136,#7137),(#7138,#7139),(#7140,#7141),(#7142,
#7143)),.UNSPECIFIED.,.F.,.F.,.F.)
B_SPLINE_SURFACE_WITH_KNOTS((4,4),(2,2),(-1.,0.),(0.,0.0300000000000002),
 .UNSPECIFIED.)
GEOMETRIC_REPRESENTATION_ITEM()
RATIONAL_B_SPLINE_SURFACE(((1.,1.),(1.,1.),(1.,1.),(1.,1.)))
REPRESENTATION_ITEM('')
SURFACE()
);
#4886=(
BOUNDED_SURFACE()
B_SPLINE_SURFACE(3,1,((#7155,#7156),(#7157,#7158),(#7159,#7160),(#7161,
#7162)),.UNSPECIFIED.,.F.,.F.,.F.)
B_SPLINE_SURFACE_WITH_KNOTS((4,4),(2,2),(-1.,0.),(0.,0.0300000000000002),
 .UNSPECIFIED.)
GEOMETRIC_REPRESENTATION_ITEM()
RATIONAL_B_SPLINE_SURFACE(((1.,1.),(1.,1.),(1.,1.),(1.,1.)))
REPRESENTATION_ITEM('')
SURFACE()
);
#4887=(
BOUNDED_SURFACE()
B_SPLINE_SURFACE(3,1,((#7174,#7175),(#7176,#7177),(#7178,#7179),(#7180,
#7181)),.UNSPECIFIED.,.F.,.F.,.F.)
B_SPLINE_SURFACE_WITH_KNOTS((4,4),(2,2),(-1.,0.),(0.,0.0300000000000002),
 .UNSPECIFIED.)
GEOMETRIC_REPRESENTATION_ITEM()
RATIONAL_B_SPLINE_SURFACE(((1.,1.),(1.,1.),(1.,1.),(1.,1.)))
REPRESENTATION_ITEM('')
SURFACE()
);
#4888=(
BOUNDED_SURFACE()
B_SPLINE_SURFACE(3,1,((#7193,#7194),(#7195,#7196),(#7197,#7198),(#7199,
#7200)),.UNSPECIFIED.,.F.,.F.,.F.)
B_SPLINE_SURFACE_WITH_KNOTS((4,4),(2,2),(-1.,0.),(0.,0.0300000000000002),
 .UNSPECIFIED.)
GEOMETRIC_REPRESENTATION_ITEM()
RATIONAL_B_SPLINE_SURFACE(((1.,1.),(1.,1.),(1.,1.),(1.,1.)))
REPRESENTATION_ITEM('')
SURFACE()
);
#4889=(
BOUNDED_SURFACE()
B_SPLINE_SURFACE(3,1,((#7212,#7213),(#7214,#7215),(#7216,#7217),(#7218,
#7219)),.UNSPECIFIED.,.F.,.F.,.F.)
B_SPLINE_SURFACE_WITH_KNOTS((4,4),(2,2),(-1.,0.),(0.,0.0300000000000002),
 .UNSPECIFIED.)
GEOMETRIC_REPRESENTATION_ITEM()
RATIONAL_B_SPLINE_SURFACE(((1.,1.),(1.,1.),(1.,1.),(1.,1.)))
REPRESENTATION_ITEM('')
SURFACE()
);
#4890=(
BOUNDED_SURFACE()
B_SPLINE_SURFACE(3,1,((#7231,#7232),(#7233,#7234),(#7235,#7236),(#7237,
#7238)),.UNSPECIFIED.,.F.,.F.,.F.)
B_SPLINE_SURFACE_WITH_KNOTS((4,4),(2,2),(-1.,0.),(0.,0.0300000000000002),
 .UNSPECIFIED.)
GEOMETRIC_REPRESENTATION_ITEM()
RATIONAL_B_SPLINE_SURFACE(((1.,1.),(1.,1.),(1.,1.),(1.,1.)))
REPRESENTATION_ITEM('')
SURFACE()
);
#4891=(
BOUNDED_SURFACE()
B_SPLINE_SURFACE(3,1,((#7250,#7251),(#7252,#7253),(#7254,#7255),(#7256,
#7257)),.UNSPECIFIED.,.F.,.F.,.F.)
B_SPLINE_SURFACE_WITH_KNOTS((4,4),(2,2),(-1.,0.),(0.,0.0300000000000002),
 .UNSPECIFIED.)
GEOMETRIC_REPRESENTATION_ITEM()
RATIONAL_B_SPLINE_SURFACE(((1.,1.),(1.,1.),(1.,1.),(1.,1.)))
REPRESENTATION_ITEM('')
SURFACE()
);
#4892=(
BOUNDED_SURFACE()
B_SPLINE_SURFACE(3,1,((#7267,#7268),(#7269,#7270),(#7271,#7272),(#7273,
#7274)),.UNSPECIFIED.,.F.,.F.,.F.)
B_SPLINE_SURFACE_WITH_KNOTS((4,4),(2,2),(-1.,0.),(0.,0.0300000000000002),
 .UNSPECIFIED.)
GEOMETRIC_REPRESENTATION_ITEM()
RATIONAL_B_SPLINE_SURFACE(((1.,1.),(1.,1.),(1.,1.),(1.,1.)))
REPRESENTATION_ITEM('')
SURFACE()
);
#4893=(
BOUNDED_SURFACE()
B_SPLINE_SURFACE(3,1,((#7289,#7290),(#7291,#7292),(#7293,#7294),(#7295,
#7296)),.UNSPECIFIED.,.F.,.F.,.F.)
B_SPLINE_SURFACE_WITH_KNOTS((4,4),(2,2),(-1.,0.),(0.,0.0300000000000002),
 .UNSPECIFIED.)
GEOMETRIC_REPRESENTATION_ITEM()
RATIONAL_B_SPLINE_SURFACE(((1.,1.),(1.,1.),(1.,1.),(1.,1.)))
REPRESENTATION_ITEM('')
SURFACE()
);
#4894=(
BOUNDED_SURFACE()
B_SPLINE_SURFACE(3,1,((#7308,#7309),(#7310,#7311),(#7312,#7313),(#7314,
#7315)),.UNSPECIFIED.,.F.,.F.,.F.)
B_SPLINE_SURFACE_WITH_KNOTS((4,4),(2,2),(-1.,0.),(0.,0.0300000000000002),
 .UNSPECIFIED.)
GEOMETRIC_REPRESENTATION_ITEM()
RATIONAL_B_SPLINE_SURFACE(((1.,1.),(1.,1.),(1.,1.),(1.,1.)))
REPRESENTATION_ITEM('')
SURFACE()
);
#4895=(
BOUNDED_SURFACE()
B_SPLINE_SURFACE(3,1,((#7327,#7328),(#7329,#7330),(#7331,#7332),(#7333,
#7334)),.UNSPECIFIED.,.F.,.F.,.F.)
B_SPLINE_SURFACE_WITH_KNOTS((4,4),(2,2),(-1.,0.),(0.,0.0300000000000002),
 .UNSPECIFIED.)
GEOMETRIC_REPRESENTATION_ITEM()
RATIONAL_B_SPLINE_SURFACE(((1.,1.),(1.,1.),(1.,1.),(1.,1.)))
REPRESENTATION_ITEM('')
SURFACE()
);
#4896=(
BOUNDED_SURFACE()
B_SPLINE_SURFACE(3,1,((#7346,#7347),(#7348,#7349),(#7350,#7351),(#7352,
#7353)),.UNSPECIFIED.,.F.,.F.,.F.)
B_SPLINE_SURFACE_WITH_KNOTS((4,4),(2,2),(-1.,0.),(0.,0.0300000000000002),
 .UNSPECIFIED.)
GEOMETRIC_REPRESENTATION_ITEM()
RATIONAL_B_SPLINE_SURFACE(((1.,1.),(1.,1.),(1.,1.),(1.,1.)))
REPRESENTATION_ITEM('')
SURFACE()
);
#4897=(
BOUNDED_SURFACE()
B_SPLINE_SURFACE(3,1,((#7365,#7366),(#7367,#7368),(#7369,#7370),(#7371,
#7372)),.UNSPECIFIED.,.F.,.F.,.F.)
B_SPLINE_SURFACE_WITH_KNOTS((4,4),(2,2),(-1.,0.),(0.,0.0300000000000002),
 .UNSPECIFIED.)
GEOMETRIC_REPRESENTATION_ITEM()
RATIONAL_B_SPLINE_SURFACE(((1.,1.),(1.,1.),(1.,1.),(1.,1.)))
REPRESENTATION_ITEM('')
SURFACE()
);
#4898=(
BOUNDED_SURFACE()
B_SPLINE_SURFACE(3,1,((#7384,#7385),(#7386,#7387),(#7388,#7389),(#7390,
#7391)),.UNSPECIFIED.,.F.,.F.,.F.)
B_SPLINE_SURFACE_WITH_KNOTS((4,4),(2,2),(-1.,0.),(0.,0.0300000000000002),
 .UNSPECIFIED.)
GEOMETRIC_REPRESENTATION_ITEM()
RATIONAL_B_SPLINE_SURFACE(((1.,1.),(1.,1.),(1.,1.),(1.,1.)))
REPRESENTATION_ITEM('')
SURFACE()
);
#4899=(
BOUNDED_SURFACE()
B_SPLINE_SURFACE(3,1,((#7403,#7404),(#7405,#7406),(#7407,#7408),(#7409,
#7410)),.UNSPECIFIED.,.F.,.F.,.F.)
B_SPLINE_SURFACE_WITH_KNOTS((4,4),(2,2),(-1.,0.),(0.,0.0300000000000002),
 .UNSPECIFIED.)
GEOMETRIC_REPRESENTATION_ITEM()
RATIONAL_B_SPLINE_SURFACE(((1.,1.),(1.,1.),(1.,1.),(1.,1.)))
REPRESENTATION_ITEM('')
SURFACE()
);
#4900=(
BOUNDED_SURFACE()
B_SPLINE_SURFACE(3,1,((#7422,#7423),(#7424,#7425),(#7426,#7427),(#7428,
#7429)),.UNSPECIFIED.,.F.,.F.,.F.)
B_SPLINE_SURFACE_WITH_KNOTS((4,4),(2,2),(-1.,0.),(0.,0.0300000000000002),
 .UNSPECIFIED.)
GEOMETRIC_REPRESENTATION_ITEM()
RATIONAL_B_SPLINE_SURFACE(((1.,1.),(1.,1.),(1.,1.),(1.,1.)))
REPRESENTATION_ITEM('')
SURFACE()
);
#4901=(
BOUNDED_SURFACE()
B_SPLINE_SURFACE(3,1,((#7441,#7442),(#7443,#7444),(#7445,#7446),(#7447,
#7448)),.UNSPECIFIED.,.F.,.F.,.F.)
B_SPLINE_SURFACE_WITH_KNOTS((4,4),(2,2),(-1.,0.),(0.,0.0300000000000002),
 .UNSPECIFIED.)
GEOMETRIC_REPRESENTATION_ITEM()
RATIONAL_B_SPLINE_SURFACE(((1.,1.),(1.,1.),(1.,1.),(1.,1.)))
REPRESENTATION_ITEM('')
SURFACE()
);
#4902=(
BOUNDED_SURFACE()
B_SPLINE_SURFACE(3,1,((#7472,#7473),(#7474,#7475),(#7476,#7477),(#7478,
#7479)),.UNSPECIFIED.,.F.,.F.,.F.)
B_SPLINE_SURFACE_WITH_KNOTS((4,4),(2,2),(-1.,0.),(0.,0.0300000000000002),
 .UNSPECIFIED.)
GEOMETRIC_REPRESENTATION_ITEM()
RATIONAL_B_SPLINE_SURFACE(((1.,1.),(1.,1.),(1.,1.),(1.,1.)))
REPRESENTATION_ITEM('')
SURFACE()
);
#4903=(
BOUNDED_SURFACE()
B_SPLINE_SURFACE(3,1,((#7491,#7492),(#7493,#7494),(#7495,#7496),(#7497,
#7498)),.UNSPECIFIED.,.F.,.F.,.F.)
B_SPLINE_SURFACE_WITH_KNOTS((4,4),(2,2),(-1.,0.),(0.,0.0300000000000002),
 .UNSPECIFIED.)
GEOMETRIC_REPRESENTATION_ITEM()
RATIONAL_B_SPLINE_SURFACE(((1.,1.),(1.,1.),(1.,1.),(1.,1.)))
REPRESENTATION_ITEM('')
SURFACE()
);
#4904=(
BOUNDED_SURFACE()
B_SPLINE_SURFACE(3,1,((#7510,#7511),(#7512,#7513),(#7514,#7515),(#7516,
#7517)),.UNSPECIFIED.,.F.,.F.,.F.)
B_SPLINE_SURFACE_WITH_KNOTS((4,4),(2,2),(-1.,0.),(0.,0.0300000000000002),
 .UNSPECIFIED.)
GEOMETRIC_REPRESENTATION_ITEM()
RATIONAL_B_SPLINE_SURFACE(((1.,1.),(1.,1.),(1.,1.),(1.,1.)))
REPRESENTATION_ITEM('')
SURFACE()
);
#4905=(
BOUNDED_SURFACE()
B_SPLINE_SURFACE(3,1,((#7529,#7530),(#7531,#7532),(#7533,#7534),(#7535,
#7536)),.UNSPECIFIED.,.F.,.F.,.F.)
B_SPLINE_SURFACE_WITH_KNOTS((4,4),(2,2),(-1.,0.),(0.,0.0300000000000002),
 .UNSPECIFIED.)
GEOMETRIC_REPRESENTATION_ITEM()
RATIONAL_B_SPLINE_SURFACE(((1.,1.),(1.,1.),(1.,1.),(1.,1.)))
REPRESENTATION_ITEM('')
SURFACE()
);
#4906=(
BOUNDED_SURFACE()
B_SPLINE_SURFACE(3,1,((#7548,#7549),(#7550,#7551),(#7552,#7553),(#7554,
#7555)),.UNSPECIFIED.,.F.,.F.,.F.)
B_SPLINE_SURFACE_WITH_KNOTS((4,4),(2,2),(-1.,0.),(0.,0.0300000000000002),
 .UNSPECIFIED.)
GEOMETRIC_REPRESENTATION_ITEM()
RATIONAL_B_SPLINE_SURFACE(((1.,1.),(1.,1.),(1.,1.),(1.,1.)))
REPRESENTATION_ITEM('')
SURFACE()
);
#4907=(
BOUNDED_SURFACE()
B_SPLINE_SURFACE(3,1,((#7567,#7568),(#7569,#7570),(#7571,#7572),(#7573,
#7574)),.UNSPECIFIED.,.F.,.F.,.F.)
B_SPLINE_SURFACE_WITH_KNOTS((4,4),(2,2),(-1.,0.),(0.,0.0300000000000002),
 .UNSPECIFIED.)
GEOMETRIC_REPRESENTATION_ITEM()
RATIONAL_B_SPLINE_SURFACE(((1.,1.),(1.,1.),(1.,1.),(1.,1.)))
REPRESENTATION_ITEM('')
SURFACE()
);
#4908=(
BOUNDED_SURFACE()
B_SPLINE_SURFACE(3,1,((#7584,#7585),(#7586,#7587),(#7588,#7589),(#7590,
#7591)),.UNSPECIFIED.,.F.,.F.,.F.)
B_SPLINE_SURFACE_WITH_KNOTS((4,4),(2,2),(-1.,0.),(0.,0.0300000000000002),
 .UNSPECIFIED.)
GEOMETRIC_REPRESENTATION_ITEM()
RATIONAL_B_SPLINE_SURFACE(((1.,1.),(1.,1.),(1.,1.),(1.,1.)))
REPRESENTATION_ITEM('')
SURFACE()
);
#4909=(
BOUNDED_SURFACE()
B_SPLINE_SURFACE(3,1,((#7606,#7607),(#7608,#7609),(#7610,#7611),(#7612,
#7613)),.UNSPECIFIED.,.F.,.F.,.F.)
B_SPLINE_SURFACE_WITH_KNOTS((4,4),(2,2),(-1.,0.),(0.,0.0300000000000002),
 .UNSPECIFIED.)
GEOMETRIC_REPRESENTATION_ITEM()
RATIONAL_B_SPLINE_SURFACE(((1.,1.),(1.,1.),(1.,1.),(1.,1.)))
REPRESENTATION_ITEM('')
SURFACE()
);
#4910=(
BOUNDED_SURFACE()
B_SPLINE_SURFACE(3,1,((#7625,#7626),(#7627,#7628),(#7629,#7630),(#7631,
#7632)),.UNSPECIFIED.,.F.,.F.,.F.)
B_SPLINE_SURFACE_WITH_KNOTS((4,4),(2,2),(-1.,0.),(0.,0.0300000000000002),
 .UNSPECIFIED.)
GEOMETRIC_REPRESENTATION_ITEM()
RATIONAL_B_SPLINE_SURFACE(((1.,1.),(1.,1.),(1.,1.),(1.,1.)))
REPRESENTATION_ITEM('')
SURFACE()
);
#4911=(
BOUNDED_SURFACE()
B_SPLINE_SURFACE(3,1,((#7644,#7645),(#7646,#7647),(#7648,#7649),(#7650,
#7651)),.UNSPECIFIED.,.F.,.F.,.F.)
B_SPLINE_SURFACE_WITH_KNOTS((4,4),(2,2),(-1.,0.),(0.,0.0300000000000002),
 .UNSPECIFIED.)
GEOMETRIC_REPRESENTATION_ITEM()
RATIONAL_B_SPLINE_SURFACE(((1.,1.),(1.,1.),(1.,1.),(1.,1.)))
REPRESENTATION_ITEM('')
SURFACE()
);
#4912=(
BOUNDED_SURFACE()
B_SPLINE_SURFACE(3,1,((#7663,#7664),(#7665,#7666),(#7667,#7668),(#7669,
#7670)),.UNSPECIFIED.,.F.,.F.,.F.)
B_SPLINE_SURFACE_WITH_KNOTS((4,4),(2,2),(-1.,0.),(0.,0.0300000000000002),
 .UNSPECIFIED.)
GEOMETRIC_REPRESENTATION_ITEM()
RATIONAL_B_SPLINE_SURFACE(((1.,1.),(1.,1.),(1.,1.),(1.,1.)))
REPRESENTATION_ITEM('')
SURFACE()
);
#4913=(
BOUNDED_SURFACE()
B_SPLINE_SURFACE(3,1,((#7682,#7683),(#7684,#7685),(#7686,#7687),(#7688,
#7689)),.UNSPECIFIED.,.F.,.F.,.F.)
B_SPLINE_SURFACE_WITH_KNOTS((4,4),(2,2),(-1.,0.),(0.,0.0300000000000002),
 .UNSPECIFIED.)
GEOMETRIC_REPRESENTATION_ITEM()
RATIONAL_B_SPLINE_SURFACE(((1.,1.),(1.,1.),(1.,1.),(1.,1.)))
REPRESENTATION_ITEM('')
SURFACE()
);
#4914=(
BOUNDED_SURFACE()
B_SPLINE_SURFACE(3,1,((#7701,#7702),(#7703,#7704),(#7705,#7706),(#7707,
#7708)),.UNSPECIFIED.,.F.,.F.,.F.)
B_SPLINE_SURFACE_WITH_KNOTS((4,4),(2,2),(-1.,0.),(0.,0.0300000000000002),
 .UNSPECIFIED.)
GEOMETRIC_REPRESENTATION_ITEM()
RATIONAL_B_SPLINE_SURFACE(((1.,1.),(1.,1.),(1.,1.),(1.,1.)))
REPRESENTATION_ITEM('')
SURFACE()
);
#4915=(
BOUNDED_SURFACE()
B_SPLINE_SURFACE(3,1,((#7720,#7721),(#7722,#7723),(#7724,#7725),(#7726,
#7727)),.UNSPECIFIED.,.F.,.F.,.F.)
B_SPLINE_SURFACE_WITH_KNOTS((4,4),(2,2),(-1.,0.),(0.,0.0300000000000002),
 .UNSPECIFIED.)
GEOMETRIC_REPRESENTATION_ITEM()
RATIONAL_B_SPLINE_SURFACE(((1.,1.),(1.,1.),(1.,1.),(1.,1.)))
REPRESENTATION_ITEM('')
SURFACE()
);
#4916=(
BOUNDED_SURFACE()
B_SPLINE_SURFACE(3,1,((#7739,#7740),(#7741,#7742),(#7743,#7744),(#7745,
#7746)),.UNSPECIFIED.,.F.,.F.,.F.)
B_SPLINE_SURFACE_WITH_KNOTS((4,4),(2,2),(-1.,0.),(0.,0.0300000000000002),
 .UNSPECIFIED.)
GEOMETRIC_REPRESENTATION_ITEM()
RATIONAL_B_SPLINE_SURFACE(((1.,1.),(1.,1.),(1.,1.),(1.,1.)))
REPRESENTATION_ITEM('')
SURFACE()
);
#4917=(
BOUNDED_SURFACE()
B_SPLINE_SURFACE(3,1,((#7758,#7759),(#7760,#7761),(#7762,#7763),(#7764,
#7765)),.UNSPECIFIED.,.F.,.F.,.F.)
B_SPLINE_SURFACE_WITH_KNOTS((4,4),(2,2),(-1.,0.),(0.,0.0300000000000002),
 .UNSPECIFIED.)
GEOMETRIC_REPRESENTATION_ITEM()
RATIONAL_B_SPLINE_SURFACE(((1.,1.),(1.,1.),(1.,1.),(1.,1.)))
REPRESENTATION_ITEM('')
SURFACE()
);
#4918=(
BOUNDED_SURFACE()
B_SPLINE_SURFACE(3,1,((#7777,#7778),(#7779,#7780),(#7781,#7782),(#7783,
#7784)),.UNSPECIFIED.,.F.,.F.,.F.)
B_SPLINE_SURFACE_WITH_KNOTS((4,4),(2,2),(-1.,0.),(0.,0.0300000000000002),
 .UNSPECIFIED.)
GEOMETRIC_REPRESENTATION_ITEM()
RATIONAL_B_SPLINE_SURFACE(((1.,1.),(1.,1.),(1.,1.),(1.,1.)))
REPRESENTATION_ITEM('')
SURFACE()
);
#4919=(
BOUNDED_SURFACE()
B_SPLINE_SURFACE(3,1,((#7808,#7809),(#7810,#7811),(#7812,#7813),(#7814,
#7815)),.UNSPECIFIED.,.F.,.F.,.F.)
B_SPLINE_SURFACE_WITH_KNOTS((4,4),(2,2),(-1.,0.),(0.,0.0300000000000002),
 .UNSPECIFIED.)
GEOMETRIC_REPRESENTATION_ITEM()
RATIONAL_B_SPLINE_SURFACE(((1.,1.),(1.,1.),(1.,1.),(1.,1.)))
REPRESENTATION_ITEM('')
SURFACE()
);
#4920=(
BOUNDED_SURFACE()
B_SPLINE_SURFACE(3,1,((#7827,#7828),(#7829,#7830),(#7831,#7832),(#7833,
#7834)),.UNSPECIFIED.,.F.,.F.,.F.)
B_SPLINE_SURFACE_WITH_KNOTS((4,4),(2,2),(-1.,0.),(0.,0.0300000000000002),
 .UNSPECIFIED.)
GEOMETRIC_REPRESENTATION_ITEM()
RATIONAL_B_SPLINE_SURFACE(((1.,1.),(1.,1.),(1.,1.),(1.,1.)))
REPRESENTATION_ITEM('')
SURFACE()
);
#4921=(
BOUNDED_SURFACE()
B_SPLINE_SURFACE(3,1,((#7864,#7865),(#7866,#7867),(#7868,#7869),(#7870,
#7871)),.UNSPECIFIED.,.F.,.F.,.F.)
B_SPLINE_SURFACE_WITH_KNOTS((4,4),(2,2),(-1.,0.),(0.,0.0300000000000002),
 .UNSPECIFIED.)
GEOMETRIC_REPRESENTATION_ITEM()
RATIONAL_B_SPLINE_SURFACE(((1.,1.),(1.,1.),(1.,1.),(1.,1.)))
REPRESENTATION_ITEM('')
SURFACE()
);
#4922=(
BOUNDED_SURFACE()
B_SPLINE_SURFACE(3,1,((#7883,#7884),(#7885,#7886),(#7887,#7888),(#7889,
#7890)),.UNSPECIFIED.,.F.,.F.,.F.)
B_SPLINE_SURFACE_WITH_KNOTS((4,4),(2,2),(-1.,0.),(0.,0.0300000000000002),
 .UNSPECIFIED.)
GEOMETRIC_REPRESENTATION_ITEM()
RATIONAL_B_SPLINE_SURFACE(((1.,1.),(1.,1.),(1.,1.),(1.,1.)))
REPRESENTATION_ITEM('')
SURFACE()
);
#4923=(
BOUNDED_SURFACE()
B_SPLINE_SURFACE(3,1,((#7902,#7903),(#7904,#7905),(#7906,#7907),(#7908,
#7909)),.UNSPECIFIED.,.F.,.F.,.F.)
B_SPLINE_SURFACE_WITH_KNOTS((4,4),(2,2),(-1.,0.),(0.,0.0300000000000002),
 .UNSPECIFIED.)
GEOMETRIC_REPRESENTATION_ITEM()
RATIONAL_B_SPLINE_SURFACE(((1.,1.),(1.,1.),(1.,1.),(1.,1.)))
REPRESENTATION_ITEM('')
SURFACE()
);
#4924=(
BOUNDED_SURFACE()
B_SPLINE_SURFACE(3,1,((#7933,#7934),(#7935,#7936),(#7937,#7938),(#7939,
#7940)),.UNSPECIFIED.,.F.,.F.,.F.)
B_SPLINE_SURFACE_WITH_KNOTS((4,4),(2,2),(-1.,0.),(0.,0.0300000000000002),
 .UNSPECIFIED.)
GEOMETRIC_REPRESENTATION_ITEM()
RATIONAL_B_SPLINE_SURFACE(((1.,1.),(1.,1.),(1.,1.),(1.,1.)))
REPRESENTATION_ITEM('')
SURFACE()
);
#4925=(
BOUNDED_SURFACE()
B_SPLINE_SURFACE(3,1,((#7952,#7953),(#7954,#7955),(#7956,#7957),(#7958,
#7959)),.UNSPECIFIED.,.F.,.F.,.F.)
B_SPLINE_SURFACE_WITH_KNOTS((4,4),(2,2),(-1.,0.),(0.,0.0300000000000002),
 .UNSPECIFIED.)
GEOMETRIC_REPRESENTATION_ITEM()
RATIONAL_B_SPLINE_SURFACE(((1.,1.),(1.,1.),(1.,1.),(1.,1.)))
REPRESENTATION_ITEM('')
SURFACE()
);
#4926=(
BOUNDED_SURFACE()
B_SPLINE_SURFACE(3,1,((#7971,#7972),(#7973,#7974),(#7975,#7976),(#7977,
#7978)),.UNSPECIFIED.,.F.,.F.,.F.)
B_SPLINE_SURFACE_WITH_KNOTS((4,4),(2,2),(-1.,0.),(0.,0.0300000000000002),
 .UNSPECIFIED.)
GEOMETRIC_REPRESENTATION_ITEM()
RATIONAL_B_SPLINE_SURFACE(((1.,1.),(1.,1.),(1.,1.),(1.,1.)))
REPRESENTATION_ITEM('')
SURFACE()
);
#4927=(
BOUNDED_SURFACE()
B_SPLINE_SURFACE(3,1,((#7990,#7991),(#7992,#7993),(#7994,#7995),(#7996,
#7997)),.UNSPECIFIED.,.F.,.F.,.F.)
B_SPLINE_SURFACE_WITH_KNOTS((4,4),(2,2),(-1.,0.),(0.,0.0300000000000002),
 .UNSPECIFIED.)
GEOMETRIC_REPRESENTATION_ITEM()
RATIONAL_B_SPLINE_SURFACE(((1.,1.),(1.,1.),(1.,1.),(1.,1.)))
REPRESENTATION_ITEM('')
SURFACE()
);
#4928=(
BOUNDED_SURFACE()
B_SPLINE_SURFACE(3,1,((#8009,#8010),(#8011,#8012),(#8013,#8014),(#8015,
#8016)),.UNSPECIFIED.,.F.,.F.,.F.)
B_SPLINE_SURFACE_WITH_KNOTS((4,4),(2,2),(-1.,0.),(0.,0.0300000000000002),
 .UNSPECIFIED.)
GEOMETRIC_REPRESENTATION_ITEM()
RATIONAL_B_SPLINE_SURFACE(((1.,1.),(1.,1.),(1.,1.),(1.,1.)))
REPRESENTATION_ITEM('')
SURFACE()
);
#4929=(
BOUNDED_SURFACE()
B_SPLINE_SURFACE(3,1,((#8040,#8041),(#8042,#8043),(#8044,#8045),(#8046,
#8047)),.UNSPECIFIED.,.F.,.F.,.F.)
B_SPLINE_SURFACE_WITH_KNOTS((4,4),(2,2),(-1.,0.),(0.,0.0300000000000002),
 .UNSPECIFIED.)
GEOMETRIC_REPRESENTATION_ITEM()
RATIONAL_B_SPLINE_SURFACE(((1.,1.),(1.,1.),(1.,1.),(1.,1.)))
REPRESENTATION_ITEM('')
SURFACE()
);
#4930=(
BOUNDED_SURFACE()
B_SPLINE_SURFACE(3,1,((#8057,#8058),(#8059,#8060),(#8061,#8062),(#8063,
#8064)),.UNSPECIFIED.,.F.,.F.,.F.)
B_SPLINE_SURFACE_WITH_KNOTS((4,4),(2,2),(-1.,0.),(0.,0.0300000000000002),
 .UNSPECIFIED.)
GEOMETRIC_REPRESENTATION_ITEM()
RATIONAL_B_SPLINE_SURFACE(((1.,1.),(1.,1.),(1.,1.),(1.,1.)))
REPRESENTATION_ITEM('')
SURFACE()
);
#4931=(
BOUNDED_SURFACE()
B_SPLINE_SURFACE(3,1,((#8079,#8080),(#8081,#8082),(#8083,#8084),(#8085,
#8086)),.UNSPECIFIED.,.F.,.F.,.F.)
B_SPLINE_SURFACE_WITH_KNOTS((4,4),(2,2),(-1.,0.),(0.,0.0300000000000002),
 .UNSPECIFIED.)
GEOMETRIC_REPRESENTATION_ITEM()
RATIONAL_B_SPLINE_SURFACE(((1.,1.),(1.,1.),(1.,1.),(1.,1.)))
REPRESENTATION_ITEM('')
SURFACE()
);
#4932=(
BOUNDED_SURFACE()
B_SPLINE_SURFACE(3,1,((#8098,#8099),(#8100,#8101),(#8102,#8103),(#8104,
#8105)),.UNSPECIFIED.,.F.,.F.,.F.)
B_SPLINE_SURFACE_WITH_KNOTS((4,4),(2,2),(-1.,0.),(0.,0.0300000000000002),
 .UNSPECIFIED.)
GEOMETRIC_REPRESENTATION_ITEM()
RATIONAL_B_SPLINE_SURFACE(((1.,1.),(1.,1.),(1.,1.),(1.,1.)))
REPRESENTATION_ITEM('')
SURFACE()
);
#4933=(
BOUNDED_SURFACE()
B_SPLINE_SURFACE(3,1,((#8117,#8118),(#8119,#8120),(#8121,#8122),(#8123,
#8124)),.UNSPECIFIED.,.F.,.F.,.F.)
B_SPLINE_SURFACE_WITH_KNOTS((4,4),(2,2),(-1.,0.),(0.,0.0300000000000002),
 .UNSPECIFIED.)
GEOMETRIC_REPRESENTATION_ITEM()
RATIONAL_B_SPLINE_SURFACE(((1.,1.),(1.,1.),(1.,1.),(1.,1.)))
REPRESENTATION_ITEM('')
SURFACE()
);
#4934=(
BOUNDED_SURFACE()
B_SPLINE_SURFACE(3,1,((#8136,#8137),(#8138,#8139),(#8140,#8141),(#8142,
#8143)),.UNSPECIFIED.,.F.,.F.,.F.)
B_SPLINE_SURFACE_WITH_KNOTS((4,4),(2,2),(-1.,0.),(0.,0.0300000000000002),
 .UNSPECIFIED.)
GEOMETRIC_REPRESENTATION_ITEM()
RATIONAL_B_SPLINE_SURFACE(((1.,1.),(1.,1.),(1.,1.),(1.,1.)))
REPRESENTATION_ITEM('')
SURFACE()
);
#4935=(
BOUNDED_SURFACE()
B_SPLINE_SURFACE(3,1,((#8155,#8156),(#8157,#8158),(#8159,#8160),(#8161,
#8162)),.UNSPECIFIED.,.F.,.F.,.F.)
B_SPLINE_SURFACE_WITH_KNOTS((4,4),(2,2),(-1.,0.),(0.,0.0300000000000002),
 .UNSPECIFIED.)
GEOMETRIC_REPRESENTATION_ITEM()
RATIONAL_B_SPLINE_SURFACE(((1.,1.),(1.,1.),(1.,1.),(1.,1.)))
REPRESENTATION_ITEM('')
SURFACE()
);
#4936=(
BOUNDED_SURFACE()
B_SPLINE_SURFACE(3,1,((#8174,#8175),(#8176,#8177),(#8178,#8179),(#8180,
#8181)),.UNSPECIFIED.,.F.,.F.,.F.)
B_SPLINE_SURFACE_WITH_KNOTS((4,4),(2,2),(-1.,0.),(0.,0.0300000000000002),
 .UNSPECIFIED.)
GEOMETRIC_REPRESENTATION_ITEM()
RATIONAL_B_SPLINE_SURFACE(((1.,1.),(1.,1.),(1.,1.),(1.,1.)))
REPRESENTATION_ITEM('')
SURFACE()
);
#4937=(
BOUNDED_SURFACE()
B_SPLINE_SURFACE(3,1,((#8193,#8194),(#8195,#8196),(#8197,#8198),(#8199,
#8200)),.UNSPECIFIED.,.F.,.F.,.F.)
B_SPLINE_SURFACE_WITH_KNOTS((4,4),(2,2),(-1.,0.),(0.,0.0300000000000002),
 .UNSPECIFIED.)
GEOMETRIC_REPRESENTATION_ITEM()
RATIONAL_B_SPLINE_SURFACE(((1.,1.),(1.,1.),(1.,1.),(1.,1.)))
REPRESENTATION_ITEM('')
SURFACE()
);
#4938=(
BOUNDED_SURFACE()
B_SPLINE_SURFACE(3,1,((#8209,#8210),(#8211,#8212),(#8213,#8214),(#8215,
#8216)),.UNSPECIFIED.,.F.,.F.,.F.)
B_SPLINE_SURFACE_WITH_KNOTS((4,4),(2,2),(-1.,0.),(0.,0.0300000000000002),
 .UNSPECIFIED.)
GEOMETRIC_REPRESENTATION_ITEM()
RATIONAL_B_SPLINE_SURFACE(((1.,1.),(1.,1.),(1.,1.),(1.,1.)))
REPRESENTATION_ITEM('')
SURFACE()
);
#4939=(
BOUNDED_SURFACE()
B_SPLINE_SURFACE(3,1,((#8231,#8232),(#8233,#8234),(#8235,#8236),(#8237,
#8238)),.UNSPECIFIED.,.F.,.F.,.F.)
B_SPLINE_SURFACE_WITH_KNOTS((4,4),(2,2),(-1.,0.),(0.,0.0300000000000002),
 .UNSPECIFIED.)
GEOMETRIC_REPRESENTATION_ITEM()
RATIONAL_B_SPLINE_SURFACE(((1.,1.),(1.,1.),(1.,1.),(1.,1.)))
REPRESENTATION_ITEM('')
SURFACE()
);
#4940=(
BOUNDED_SURFACE()
B_SPLINE_SURFACE(3,1,((#8250,#8251),(#8252,#8253),(#8254,#8255),(#8256,
#8257)),.UNSPECIFIED.,.F.,.F.,.F.)
B_SPLINE_SURFACE_WITH_KNOTS((4,4),(2,2),(-1.,0.),(0.,0.0300000000000002),
 .UNSPECIFIED.)
GEOMETRIC_REPRESENTATION_ITEM()
RATIONAL_B_SPLINE_SURFACE(((1.,1.),(1.,1.),(1.,1.),(1.,1.)))
REPRESENTATION_ITEM('')
SURFACE()
);
#4941=(
BOUNDED_SURFACE()
B_SPLINE_SURFACE(3,1,((#8269,#8270),(#8271,#8272),(#8273,#8274),(#8275,
#8276)),.UNSPECIFIED.,.F.,.F.,.F.)
B_SPLINE_SURFACE_WITH_KNOTS((4,4),(2,2),(-1.,0.),(0.,0.0300000000000002),
 .UNSPECIFIED.)
GEOMETRIC_REPRESENTATION_ITEM()
RATIONAL_B_SPLINE_SURFACE(((1.,1.),(1.,1.),(1.,1.),(1.,1.)))
REPRESENTATION_ITEM('')
SURFACE()
);
#4942=(
BOUNDED_SURFACE()
B_SPLINE_SURFACE(3,1,((#8288,#8289),(#8290,#8291),(#8292,#8293),(#8294,
#8295)),.UNSPECIFIED.,.F.,.F.,.F.)
B_SPLINE_SURFACE_WITH_KNOTS((4,4),(2,2),(-1.,0.),(0.,0.0300000000000002),
 .UNSPECIFIED.)
GEOMETRIC_REPRESENTATION_ITEM()
RATIONAL_B_SPLINE_SURFACE(((1.,1.),(1.,1.),(1.,1.),(1.,1.)))
REPRESENTATION_ITEM('')
SURFACE()
);
#4943=(
BOUNDED_SURFACE()
B_SPLINE_SURFACE(3,1,((#8307,#8308),(#8309,#8310),(#8311,#8312),(#8313,
#8314)),.UNSPECIFIED.,.F.,.F.,.F.)
B_SPLINE_SURFACE_WITH_KNOTS((4,4),(2,2),(-1.,0.),(0.,0.0300000000000002),
 .UNSPECIFIED.)
GEOMETRIC_REPRESENTATION_ITEM()
RATIONAL_B_SPLINE_SURFACE(((1.,1.),(1.,1.),(1.,1.),(1.,1.)))
REPRESENTATION_ITEM('')
SURFACE()
);
#4944=(
BOUNDED_SURFACE()
B_SPLINE_SURFACE(3,1,((#8326,#8327),(#8328,#8329),(#8330,#8331),(#8332,
#8333)),.UNSPECIFIED.,.F.,.F.,.F.)
B_SPLINE_SURFACE_WITH_KNOTS((4,4),(2,2),(-1.,0.),(0.,0.0300000000000002),
 .UNSPECIFIED.)
GEOMETRIC_REPRESENTATION_ITEM()
RATIONAL_B_SPLINE_SURFACE(((1.,1.),(1.,1.),(1.,1.),(1.,1.)))
REPRESENTATION_ITEM('')
SURFACE()
);
#4945=(
BOUNDED_SURFACE()
B_SPLINE_SURFACE(3,1,((#8345,#8346),(#8347,#8348),(#8349,#8350),(#8351,
#8352)),.UNSPECIFIED.,.F.,.F.,.F.)
B_SPLINE_SURFACE_WITH_KNOTS((4,4),(2,2),(-1.,0.),(0.,0.0300000000000002),
 .UNSPECIFIED.)
GEOMETRIC_REPRESENTATION_ITEM()
RATIONAL_B_SPLINE_SURFACE(((1.,1.),(1.,1.),(1.,1.),(1.,1.)))
REPRESENTATION_ITEM('')
SURFACE()
);
#4946=(
BOUNDED_SURFACE()
B_SPLINE_SURFACE(3,1,((#8364,#8365),(#8366,#8367),(#8368,#8369),(#8370,
#8371)),.UNSPECIFIED.,.F.,.F.,.F.)
B_SPLINE_SURFACE_WITH_KNOTS((4,4),(2,2),(-1.,0.),(0.,0.0300000000000002),
 .UNSPECIFIED.)
GEOMETRIC_REPRESENTATION_ITEM()
RATIONAL_B_SPLINE_SURFACE(((1.,1.),(1.,1.),(1.,1.),(1.,1.)))
REPRESENTATION_ITEM('')
SURFACE()
);
#4947=(
BOUNDED_SURFACE()
B_SPLINE_SURFACE(3,1,((#8383,#8384),(#8385,#8386),(#8387,#8388),(#8389,
#8390)),.UNSPECIFIED.,.F.,.F.,.F.)
B_SPLINE_SURFACE_WITH_KNOTS((4,4),(2,2),(-1.,0.),(0.,0.0300000000000002),
 .UNSPECIFIED.)
GEOMETRIC_REPRESENTATION_ITEM()
RATIONAL_B_SPLINE_SURFACE(((1.,1.),(1.,1.),(1.,1.),(1.,1.)))
REPRESENTATION_ITEM('')
SURFACE()
);
#4948=(
BOUNDED_SURFACE()
B_SPLINE_SURFACE(3,1,((#8402,#8403),(#8404,#8405),(#8406,#8407),(#8408,
#8409)),.UNSPECIFIED.,.F.,.F.,.F.)
B_SPLINE_SURFACE_WITH_KNOTS((4,4),(2,2),(-1.,0.),(0.,0.0300000000000002),
 .UNSPECIFIED.)
GEOMETRIC_REPRESENTATION_ITEM()
RATIONAL_B_SPLINE_SURFACE(((1.,1.),(1.,1.),(1.,1.),(1.,1.)))
REPRESENTATION_ITEM('')
SURFACE()
);
#4949=(
BOUNDED_SURFACE()
B_SPLINE_SURFACE(3,1,((#8421,#8422),(#8423,#8424),(#8425,#8426),(#8427,
#8428)),.UNSPECIFIED.,.F.,.F.,.F.)
B_SPLINE_SURFACE_WITH_KNOTS((4,4),(2,2),(-1.,0.),(0.,0.0300000000000002),
 .UNSPECIFIED.)
GEOMETRIC_REPRESENTATION_ITEM()
RATIONAL_B_SPLINE_SURFACE(((1.,1.),(1.,1.),(1.,1.),(1.,1.)))
REPRESENTATION_ITEM('')
SURFACE()
);
#4950=(
BOUNDED_SURFACE()
B_SPLINE_SURFACE(3,1,((#8440,#8441),(#8442,#8443),(#8444,#8445),(#8446,
#8447)),.UNSPECIFIED.,.F.,.F.,.F.)
B_SPLINE_SURFACE_WITH_KNOTS((4,4),(2,2),(-1.,0.),(0.,0.0300000000000002),
 .UNSPECIFIED.)
GEOMETRIC_REPRESENTATION_ITEM()
RATIONAL_B_SPLINE_SURFACE(((1.,1.),(1.,1.),(1.,1.),(1.,1.)))
REPRESENTATION_ITEM('')
SURFACE()
);
#4951=(
BOUNDED_SURFACE()
B_SPLINE_SURFACE(3,1,((#8459,#8460),(#8461,#8462),(#8463,#8464),(#8465,
#8466)),.UNSPECIFIED.,.F.,.F.,.F.)
B_SPLINE_SURFACE_WITH_KNOTS((4,4),(2,2),(-1.,0.),(0.,0.0300000000000002),
 .UNSPECIFIED.)
GEOMETRIC_REPRESENTATION_ITEM()
RATIONAL_B_SPLINE_SURFACE(((1.,1.),(1.,1.),(1.,1.),(1.,1.)))
REPRESENTATION_ITEM('')
SURFACE()
);
#4952=(
BOUNDED_SURFACE()
B_SPLINE_SURFACE(3,1,((#8491,#8492),(#8493,#8494),(#8495,#8496),(#8497,
#8498)),.UNSPECIFIED.,.F.,.F.,.F.)
B_SPLINE_SURFACE_WITH_KNOTS((4,4),(2,2),(-1.,0.),(0.,0.0300000000000002),
 .UNSPECIFIED.)
GEOMETRIC_REPRESENTATION_ITEM()
RATIONAL_B_SPLINE_SURFACE(((1.,1.),(1.,1.),(1.,1.),(1.,1.)))
REPRESENTATION_ITEM('')
SURFACE()
);
#4953=(
BOUNDED_SURFACE()
B_SPLINE_SURFACE(3,1,((#8510,#8511),(#8512,#8513),(#8514,#8515),(#8516,
#8517)),.UNSPECIFIED.,.F.,.F.,.F.)
B_SPLINE_SURFACE_WITH_KNOTS((4,4),(2,2),(-1.,0.),(0.,0.0300000000000002),
 .UNSPECIFIED.)
GEOMETRIC_REPRESENTATION_ITEM()
RATIONAL_B_SPLINE_SURFACE(((1.,1.),(1.,1.),(1.,1.),(1.,1.)))
REPRESENTATION_ITEM('')
SURFACE()
);
#4954=(
BOUNDED_SURFACE()
B_SPLINE_SURFACE(3,1,((#8529,#8530),(#8531,#8532),(#8533,#8534),(#8535,
#8536)),.UNSPECIFIED.,.F.,.F.,.F.)
B_SPLINE_SURFACE_WITH_KNOTS((4,4),(2,2),(-1.,0.),(0.,0.0300000000000002),
 .UNSPECIFIED.)
GEOMETRIC_REPRESENTATION_ITEM()
RATIONAL_B_SPLINE_SURFACE(((1.,1.),(1.,1.),(1.,1.),(1.,1.)))
REPRESENTATION_ITEM('')
SURFACE()
);
#4955=(
BOUNDED_SURFACE()
B_SPLINE_SURFACE(3,1,((#8560,#8561),(#8562,#8563),(#8564,#8565),(#8566,
#8567)),.UNSPECIFIED.,.F.,.F.,.F.)
B_SPLINE_SURFACE_WITH_KNOTS((4,4),(2,2),(-1.,0.),(0.,0.0300000000000002),
 .UNSPECIFIED.)
GEOMETRIC_REPRESENTATION_ITEM()
RATIONAL_B_SPLINE_SURFACE(((1.,1.),(1.,1.),(1.,1.),(1.,1.)))
REPRESENTATION_ITEM('')
SURFACE()
);
#4956=(
BOUNDED_SURFACE()
B_SPLINE_SURFACE(3,1,((#8579,#8580),(#8581,#8582),(#8583,#8584),(#8585,
#8586)),.UNSPECIFIED.,.F.,.F.,.F.)
B_SPLINE_SURFACE_WITH_KNOTS((4,4),(2,2),(-1.,0.),(0.,0.0300000000000002),
 .UNSPECIFIED.)
GEOMETRIC_REPRESENTATION_ITEM()
RATIONAL_B_SPLINE_SURFACE(((1.,1.),(1.,1.),(1.,1.),(1.,1.)))
REPRESENTATION_ITEM('')
SURFACE()
);
#4957=(
BOUNDED_SURFACE()
B_SPLINE_SURFACE(3,1,((#8598,#8599),(#8600,#8601),(#8602,#8603),(#8604,
#8605)),.UNSPECIFIED.,.F.,.F.,.F.)
B_SPLINE_SURFACE_WITH_KNOTS((4,4),(2,2),(-1.,0.),(0.,0.0300000000000002),
 .UNSPECIFIED.)
GEOMETRIC_REPRESENTATION_ITEM()
RATIONAL_B_SPLINE_SURFACE(((1.,1.),(1.,1.),(1.,1.),(1.,1.)))
REPRESENTATION_ITEM('')
SURFACE()
);
#4958=(
BOUNDED_SURFACE()
B_SPLINE_SURFACE(3,1,((#8617,#8618),(#8619,#8620),(#8621,#8622),(#8623,
#8624)),.UNSPECIFIED.,.F.,.F.,.F.)
B_SPLINE_SURFACE_WITH_KNOTS((4,4),(2,2),(-1.,0.),(0.,0.0300000000000002),
 .UNSPECIFIED.)
GEOMETRIC_REPRESENTATION_ITEM()
RATIONAL_B_SPLINE_SURFACE(((1.,1.),(1.,1.),(1.,1.),(1.,1.)))
REPRESENTATION_ITEM('')
SURFACE()
);
#4959=(
BOUNDED_SURFACE()
B_SPLINE_SURFACE(3,1,((#8636,#8637),(#8638,#8639),(#8640,#8641),(#8642,
#8643)),.UNSPECIFIED.,.F.,.F.,.F.)
B_SPLINE_SURFACE_WITH_KNOTS((4,4),(2,2),(-1.,0.),(0.,0.0300000000000002),
 .UNSPECIFIED.)
GEOMETRIC_REPRESENTATION_ITEM()
RATIONAL_B_SPLINE_SURFACE(((1.,1.),(1.,1.),(1.,1.),(1.,1.)))
REPRESENTATION_ITEM('')
SURFACE()
);
#4960=(
BOUNDED_SURFACE()
B_SPLINE_SURFACE(3,1,((#8655,#8656),(#8657,#8658),(#8659,#8660),(#8661,
#8662)),.UNSPECIFIED.,.F.,.F.,.F.)
B_SPLINE_SURFACE_WITH_KNOTS((4,4),(2,2),(-1.,0.),(0.,0.0300000000000002),
 .UNSPECIFIED.)
GEOMETRIC_REPRESENTATION_ITEM()
RATIONAL_B_SPLINE_SURFACE(((1.,1.),(1.,1.),(1.,1.),(1.,1.)))
REPRESENTATION_ITEM('')
SURFACE()
);
#4961=(
BOUNDED_SURFACE()
B_SPLINE_SURFACE(3,1,((#8686,#8687),(#8688,#8689),(#8690,#8691),(#8692,
#8693)),.UNSPECIFIED.,.F.,.F.,.F.)
B_SPLINE_SURFACE_WITH_KNOTS((4,4),(2,2),(-1.,0.),(0.,0.0300000000000002),
 .UNSPECIFIED.)
GEOMETRIC_REPRESENTATION_ITEM()
RATIONAL_B_SPLINE_SURFACE(((1.,1.),(1.,1.),(1.,1.),(1.,1.)))
REPRESENTATION_ITEM('')
SURFACE()
);
#4962=(
BOUNDED_SURFACE()
B_SPLINE_SURFACE(3,1,((#8705,#8706),(#8707,#8708),(#8709,#8710),(#8711,
#8712)),.UNSPECIFIED.,.F.,.F.,.F.)
B_SPLINE_SURFACE_WITH_KNOTS((4,4),(2,2),(-1.,0.),(0.,0.0300000000000002),
 .UNSPECIFIED.)
GEOMETRIC_REPRESENTATION_ITEM()
RATIONAL_B_SPLINE_SURFACE(((1.,1.),(1.,1.),(1.,1.),(1.,1.)))
REPRESENTATION_ITEM('')
SURFACE()
);
#4963=(
BOUNDED_SURFACE()
B_SPLINE_SURFACE(3,1,((#8724,#8725),(#8726,#8727),(#8728,#8729),(#8730,
#8731)),.UNSPECIFIED.,.F.,.F.,.F.)
B_SPLINE_SURFACE_WITH_KNOTS((4,4),(2,2),(-1.,0.),(0.,0.0300000000000002),
 .UNSPECIFIED.)
GEOMETRIC_REPRESENTATION_ITEM()
RATIONAL_B_SPLINE_SURFACE(((1.,1.),(1.,1.),(1.,1.),(1.,1.)))
REPRESENTATION_ITEM('')
SURFACE()
);
#4964=(
BOUNDED_SURFACE()
B_SPLINE_SURFACE(3,1,((#8743,#8744),(#8745,#8746),(#8747,#8748),(#8749,
#8750)),.UNSPECIFIED.,.F.,.F.,.F.)
B_SPLINE_SURFACE_WITH_KNOTS((4,4),(2,2),(-1.,0.),(0.,0.0300000000000002),
 .UNSPECIFIED.)
GEOMETRIC_REPRESENTATION_ITEM()
RATIONAL_B_SPLINE_SURFACE(((1.,1.),(1.,1.),(1.,1.),(1.,1.)))
REPRESENTATION_ITEM('')
SURFACE()
);
#4965=(
BOUNDED_SURFACE()
B_SPLINE_SURFACE(3,1,((#8762,#8763),(#8764,#8765),(#8766,#8767),(#8768,
#8769)),.UNSPECIFIED.,.F.,.F.,.F.)
B_SPLINE_SURFACE_WITH_KNOTS((4,4),(2,2),(-1.,0.),(0.,0.0300000000000002),
 .UNSPECIFIED.)
GEOMETRIC_REPRESENTATION_ITEM()
RATIONAL_B_SPLINE_SURFACE(((1.,1.),(1.,1.),(1.,1.),(1.,1.)))
REPRESENTATION_ITEM('')
SURFACE()
);
#4966=(
BOUNDED_SURFACE()
B_SPLINE_SURFACE(3,1,((#8781,#8782),(#8783,#8784),(#8785,#8786),(#8787,
#8788)),.UNSPECIFIED.,.F.,.F.,.F.)
B_SPLINE_SURFACE_WITH_KNOTS((4,4),(2,2),(-1.,0.),(0.,0.0300000000000002),
 .UNSPECIFIED.)
GEOMETRIC_REPRESENTATION_ITEM()
RATIONAL_B_SPLINE_SURFACE(((1.,1.),(1.,1.),(1.,1.),(1.,1.)))
REPRESENTATION_ITEM('')
SURFACE()
);
#4967=(
BOUNDED_SURFACE()
B_SPLINE_SURFACE(3,1,((#8800,#8801),(#8802,#8803),(#8804,#8805),(#8806,
#8807)),.UNSPECIFIED.,.F.,.F.,.F.)
B_SPLINE_SURFACE_WITH_KNOTS((4,4),(2,2),(-1.,0.),(0.,0.0300000000000002),
 .UNSPECIFIED.)
GEOMETRIC_REPRESENTATION_ITEM()
RATIONAL_B_SPLINE_SURFACE(((1.,1.),(1.,1.),(1.,1.),(1.,1.)))
REPRESENTATION_ITEM('')
SURFACE()
);
#4968=(
BOUNDED_SURFACE()
B_SPLINE_SURFACE(3,1,((#8819,#8820),(#8821,#8822),(#8823,#8824),(#8825,
#8826)),.UNSPECIFIED.,.F.,.F.,.F.)
B_SPLINE_SURFACE_WITH_KNOTS((4,4),(2,2),(-1.,0.),(0.,0.0300000000000002),
 .UNSPECIFIED.)
GEOMETRIC_REPRESENTATION_ITEM()
RATIONAL_B_SPLINE_SURFACE(((1.,1.),(1.,1.),(1.,1.),(1.,1.)))
REPRESENTATION_ITEM('')
SURFACE()
);
#4969=(
BOUNDED_SURFACE()
B_SPLINE_SURFACE(3,1,((#8845,#8846),(#8847,#8848),(#8849,#8850),(#8851,
#8852)),.UNSPECIFIED.,.F.,.F.,.F.)
B_SPLINE_SURFACE_WITH_KNOTS((4,4),(2,2),(-1.,0.),(0.,0.0300000000000002),
 .UNSPECIFIED.)
GEOMETRIC_REPRESENTATION_ITEM()
RATIONAL_B_SPLINE_SURFACE(((1.,1.),(1.,1.),(1.,1.),(1.,1.)))
REPRESENTATION_ITEM('')
SURFACE()
);
#4970=(
BOUNDED_SURFACE()
B_SPLINE_SURFACE(3,1,((#8864,#8865),(#8866,#8867),(#8868,#8869),(#8870,
#8871)),.UNSPECIFIED.,.F.,.F.,.F.)
B_SPLINE_SURFACE_WITH_KNOTS((4,4),(2,2),(-1.,0.),(0.,0.0300000000000002),
 .UNSPECIFIED.)
GEOMETRIC_REPRESENTATION_ITEM()
RATIONAL_B_SPLINE_SURFACE(((1.,1.),(1.,1.),(1.,1.),(1.,1.)))
REPRESENTATION_ITEM('')
SURFACE()
);
#4971=(
BOUNDED_SURFACE()
B_SPLINE_SURFACE(3,1,((#8883,#8884),(#8885,#8886),(#8887,#8888),(#8889,
#8890)),.UNSPECIFIED.,.F.,.F.,.F.)
B_SPLINE_SURFACE_WITH_KNOTS((4,4),(2,2),(-1.,0.),(0.,0.0300000000000002),
 .UNSPECIFIED.)
GEOMETRIC_REPRESENTATION_ITEM()
RATIONAL_B_SPLINE_SURFACE(((1.,1.),(1.,1.),(1.,1.),(1.,1.)))
REPRESENTATION_ITEM('')
SURFACE()
);
#4972=(
BOUNDED_SURFACE()
B_SPLINE_SURFACE(3,1,((#8902,#8903),(#8904,#8905),(#8906,#8907),(#8908,
#8909)),.UNSPECIFIED.,.F.,.F.,.F.)
B_SPLINE_SURFACE_WITH_KNOTS((4,4),(2,2),(-1.,0.),(0.,0.0300000000000002),
 .UNSPECIFIED.)
GEOMETRIC_REPRESENTATION_ITEM()
RATIONAL_B_SPLINE_SURFACE(((1.,1.),(1.,1.),(1.,1.),(1.,1.)))
REPRESENTATION_ITEM('')
SURFACE()
);
#4973=(
BOUNDED_SURFACE()
B_SPLINE_SURFACE(3,1,((#8933,#8934),(#8935,#8936),(#8937,#8938),(#8939,
#8940)),.UNSPECIFIED.,.F.,.F.,.F.)
B_SPLINE_SURFACE_WITH_KNOTS((4,4),(2,2),(-1.,0.),(0.,0.0300000000000002),
 .UNSPECIFIED.)
GEOMETRIC_REPRESENTATION_ITEM()
RATIONAL_B_SPLINE_SURFACE(((1.,1.),(1.,1.),(1.,1.),(1.,1.)))
REPRESENTATION_ITEM('')
SURFACE()
);
#4974=(
BOUNDED_SURFACE()
B_SPLINE_SURFACE(3,1,((#8952,#8953),(#8954,#8955),(#8956,#8957),(#8958,
#8959)),.UNSPECIFIED.,.F.,.F.,.F.)
B_SPLINE_SURFACE_WITH_KNOTS((4,4),(2,2),(-1.,0.),(0.,0.0300000000000002),
 .UNSPECIFIED.)
GEOMETRIC_REPRESENTATION_ITEM()
RATIONAL_B_SPLINE_SURFACE(((1.,1.),(1.,1.),(1.,1.),(1.,1.)))
REPRESENTATION_ITEM('')
SURFACE()
);
#4975=(
BOUNDED_SURFACE()
B_SPLINE_SURFACE(3,1,((#8974,#8975),(#8976,#8977),(#8978,#8979),(#8980,
#8981)),.UNSPECIFIED.,.F.,.F.,.F.)
B_SPLINE_SURFACE_WITH_KNOTS((4,4),(2,2),(-1.,0.),(0.,0.0300000000000002),
 .UNSPECIFIED.)
GEOMETRIC_REPRESENTATION_ITEM()
RATIONAL_B_SPLINE_SURFACE(((1.,1.),(1.,1.),(1.,1.),(1.,1.)))
REPRESENTATION_ITEM('')
SURFACE()
);
#4976=(
BOUNDED_SURFACE()
B_SPLINE_SURFACE(3,1,((#9008,#9009),(#9010,#9011),(#9012,#9013),(#9014,
#9015)),.UNSPECIFIED.,.F.,.F.,.F.)
B_SPLINE_SURFACE_WITH_KNOTS((4,4),(2,2),(-1.,0.),(0.,0.0300000000000002),
 .UNSPECIFIED.)
GEOMETRIC_REPRESENTATION_ITEM()
RATIONAL_B_SPLINE_SURFACE(((1.,1.),(1.,1.),(1.,1.),(1.,1.)))
REPRESENTATION_ITEM('')
SURFACE()
);
#4977=(
BOUNDED_SURFACE()
B_SPLINE_SURFACE(3,1,((#9069,#9070),(#9071,#9072),(#9073,#9074),(#9075,
#9076)),.UNSPECIFIED.,.F.,.F.,.F.)
B_SPLINE_SURFACE_WITH_KNOTS((4,4),(2,2),(-1.,0.),(0.,0.0300000000000002),
 .UNSPECIFIED.)
GEOMETRIC_REPRESENTATION_ITEM()
RATIONAL_B_SPLINE_SURFACE(((1.,1.),(1.,1.),(1.,1.),(1.,1.)))
REPRESENTATION_ITEM('')
SURFACE()
);
#4978=(
BOUNDED_SURFACE()
B_SPLINE_SURFACE(3,1,((#9088,#9089),(#9090,#9091),(#9092,#9093),(#9094,
#9095)),.UNSPECIFIED.,.F.,.F.,.F.)
B_SPLINE_SURFACE_WITH_KNOTS((4,4),(2,2),(-1.,0.),(0.,0.0300000000000002),
 .UNSPECIFIED.)
GEOMETRIC_REPRESENTATION_ITEM()
RATIONAL_B_SPLINE_SURFACE(((1.,1.),(1.,1.),(1.,1.),(1.,1.)))
REPRESENTATION_ITEM('')
SURFACE()
);
#4979=(
BOUNDED_SURFACE()
B_SPLINE_SURFACE(3,1,((#9119,#9120),(#9121,#9122),(#9123,#9124),(#9125,
#9126)),.UNSPECIFIED.,.F.,.F.,.F.)
B_SPLINE_SURFACE_WITH_KNOTS((4,4),(2,2),(-1.,0.),(0.,0.0300000000000002),
 .UNSPECIFIED.)
GEOMETRIC_REPRESENTATION_ITEM()
RATIONAL_B_SPLINE_SURFACE(((1.,1.),(1.,1.),(1.,1.),(1.,1.)))
REPRESENTATION_ITEM('')
SURFACE()
);
#4980=(
BOUNDED_SURFACE()
B_SPLINE_SURFACE(3,1,((#9138,#9139),(#9140,#9141),(#9142,#9143),(#9144,
#9145)),.UNSPECIFIED.,.F.,.F.,.F.)
B_SPLINE_SURFACE_WITH_KNOTS((4,4),(2,2),(-1.,0.),(0.,0.0300000000000002),
 .UNSPECIFIED.)
GEOMETRIC_REPRESENTATION_ITEM()
RATIONAL_B_SPLINE_SURFACE(((1.,1.),(1.,1.),(1.,1.),(1.,1.)))
REPRESENTATION_ITEM('')
SURFACE()
);
#4981=(
BOUNDED_SURFACE()
B_SPLINE_SURFACE(3,1,((#9157,#9158),(#9159,#9160),(#9161,#9162),(#9163,
#9164)),.UNSPECIFIED.,.F.,.F.,.F.)
B_SPLINE_SURFACE_WITH_KNOTS((4,4),(2,2),(-1.,0.),(0.,0.0300000000000002),
 .UNSPECIFIED.)
GEOMETRIC_REPRESENTATION_ITEM()
RATIONAL_B_SPLINE_SURFACE(((1.,1.),(1.,1.),(1.,1.),(1.,1.)))
REPRESENTATION_ITEM('')
SURFACE()
);
#4982=(
BOUNDED_SURFACE()
B_SPLINE_SURFACE(3,1,((#9176,#9177),(#9178,#9179),(#9180,#9181),(#9182,
#9183)),.UNSPECIFIED.,.F.,.F.,.F.)
B_SPLINE_SURFACE_WITH_KNOTS((4,4),(2,2),(-1.,0.),(0.,0.0300000000000002),
 .UNSPECIFIED.)
GEOMETRIC_REPRESENTATION_ITEM()
RATIONAL_B_SPLINE_SURFACE(((1.,1.),(1.,1.),(1.,1.),(1.,1.)))
REPRESENTATION_ITEM('')
SURFACE()
);
#4983=(
BOUNDED_SURFACE()
B_SPLINE_SURFACE(3,1,((#9195,#9196),(#9197,#9198),(#9199,#9200),(#9201,
#9202)),.UNSPECIFIED.,.F.,.F.,.F.)
B_SPLINE_SURFACE_WITH_KNOTS((4,4),(2,2),(-1.,0.),(0.,0.0300000000000002),
 .UNSPECIFIED.)
GEOMETRIC_REPRESENTATION_ITEM()
RATIONAL_B_SPLINE_SURFACE(((1.,1.),(1.,1.),(1.,1.),(1.,1.)))
REPRESENTATION_ITEM('')
SURFACE()
);
#4984=(
BOUNDED_SURFACE()
B_SPLINE_SURFACE(3,1,((#9214,#9215),(#9216,#9217),(#9218,#9219),(#9220,
#9221)),.UNSPECIFIED.,.F.,.F.,.F.)
B_SPLINE_SURFACE_WITH_KNOTS((4,4),(2,2),(-1.,0.),(0.,0.0300000000000002),
 .UNSPECIFIED.)
GEOMETRIC_REPRESENTATION_ITEM()
RATIONAL_B_SPLINE_SURFACE(((1.,1.),(1.,1.),(1.,1.),(1.,1.)))
REPRESENTATION_ITEM('')
SURFACE()
);
#4985=(
BOUNDED_SURFACE()
B_SPLINE_SURFACE(3,1,((#9233,#9234),(#9235,#9236),(#9237,#9238),(#9239,
#9240)),.UNSPECIFIED.,.F.,.F.,.F.)
B_SPLINE_SURFACE_WITH_KNOTS((4,4),(2,2),(-1.,0.),(0.,0.0300000000000002),
 .UNSPECIFIED.)
GEOMETRIC_REPRESENTATION_ITEM()
RATIONAL_B_SPLINE_SURFACE(((1.,1.),(1.,1.),(1.,1.),(1.,1.)))
REPRESENTATION_ITEM('')
SURFACE()
);
#4986=(
BOUNDED_SURFACE()
B_SPLINE_SURFACE(3,1,((#9252,#9253),(#9254,#9255),(#9256,#9257),(#9258,
#9259)),.UNSPECIFIED.,.F.,.F.,.F.)
B_SPLINE_SURFACE_WITH_KNOTS((4,4),(2,2),(-1.,0.),(0.,0.0300000000000002),
 .UNSPECIFIED.)
GEOMETRIC_REPRESENTATION_ITEM()
RATIONAL_B_SPLINE_SURFACE(((1.,1.),(1.,1.),(1.,1.),(1.,1.)))
REPRESENTATION_ITEM('')
SURFACE()
);
#4987=(
BOUNDED_SURFACE()
B_SPLINE_SURFACE(3,1,((#9271,#9272),(#9273,#9274),(#9275,#9276),(#9277,
#9278)),.UNSPECIFIED.,.F.,.F.,.F.)
B_SPLINE_SURFACE_WITH_KNOTS((4,4),(2,2),(-1.,0.),(0.,0.0300000000000002),
 .UNSPECIFIED.)
GEOMETRIC_REPRESENTATION_ITEM()
RATIONAL_B_SPLINE_SURFACE(((1.,1.),(1.,1.),(1.,1.),(1.,1.)))
REPRESENTATION_ITEM('')
SURFACE()
);
#4988=(
BOUNDED_SURFACE()
B_SPLINE_SURFACE(3,1,((#9290,#9291),(#9292,#9293),(#9294,#9295),(#9296,
#9297)),.UNSPECIFIED.,.F.,.F.,.F.)
B_SPLINE_SURFACE_WITH_KNOTS((4,4),(2,2),(-1.,0.),(0.,0.0300000000000002),
 .UNSPECIFIED.)
GEOMETRIC_REPRESENTATION_ITEM()
RATIONAL_B_SPLINE_SURFACE(((1.,1.),(1.,1.),(1.,1.),(1.,1.)))
REPRESENTATION_ITEM('')
SURFACE()
);
#4989=(
BOUNDED_SURFACE()
B_SPLINE_SURFACE(3,1,((#9316,#9317),(#9318,#9319),(#9320,#9321),(#9322,
#9323)),.UNSPECIFIED.,.F.,.F.,.F.)
B_SPLINE_SURFACE_WITH_KNOTS((4,4),(2,2),(-1.,0.),(0.,0.0300000000000002),
 .UNSPECIFIED.)
GEOMETRIC_REPRESENTATION_ITEM()
RATIONAL_B_SPLINE_SURFACE(((1.,1.),(1.,1.),(1.,1.),(1.,1.)))
REPRESENTATION_ITEM('')
SURFACE()
);
#4990=(
BOUNDED_SURFACE()
B_SPLINE_SURFACE(3,1,((#9335,#9336),(#9337,#9338),(#9339,#9340),(#9341,
#9342)),.UNSPECIFIED.,.F.,.F.,.F.)
B_SPLINE_SURFACE_WITH_KNOTS((4,4),(2,2),(-1.,0.),(0.,0.0300000000000002),
 .UNSPECIFIED.)
GEOMETRIC_REPRESENTATION_ITEM()
RATIONAL_B_SPLINE_SURFACE(((1.,1.),(1.,1.),(1.,1.),(1.,1.)))
REPRESENTATION_ITEM('')
SURFACE()
);
#4991=(
BOUNDED_SURFACE()
B_SPLINE_SURFACE(3,1,((#9354,#9355),(#9356,#9357),(#9358,#9359),(#9360,
#9361)),.UNSPECIFIED.,.F.,.F.,.F.)
B_SPLINE_SURFACE_WITH_KNOTS((4,4),(2,2),(-1.,0.),(0.,0.0300000000000002),
 .UNSPECIFIED.)
GEOMETRIC_REPRESENTATION_ITEM()
RATIONAL_B_SPLINE_SURFACE(((1.,1.),(1.,1.),(1.,1.),(1.,1.)))
REPRESENTATION_ITEM('')
SURFACE()
);
#4992=(
BOUNDED_SURFACE()
B_SPLINE_SURFACE(3,1,((#9373,#9374),(#9375,#9376),(#9377,#9378),(#9379,
#9380)),.UNSPECIFIED.,.F.,.F.,.F.)
B_SPLINE_SURFACE_WITH_KNOTS((4,4),(2,2),(-1.,0.),(0.,0.0300000000000002),
 .UNSPECIFIED.)
GEOMETRIC_REPRESENTATION_ITEM()
RATIONAL_B_SPLINE_SURFACE(((1.,1.),(1.,1.),(1.,1.),(1.,1.)))
REPRESENTATION_ITEM('')
SURFACE()
);
#4993=(
BOUNDED_SURFACE()
B_SPLINE_SURFACE(3,1,((#9392,#9393),(#9394,#9395),(#9396,#9397),(#9398,
#9399)),.UNSPECIFIED.,.F.,.F.,.F.)
B_SPLINE_SURFACE_WITH_KNOTS((4,4),(2,2),(-1.,0.),(0.,0.0300000000000002),
 .UNSPECIFIED.)
GEOMETRIC_REPRESENTATION_ITEM()
RATIONAL_B_SPLINE_SURFACE(((1.,1.),(1.,1.),(1.,1.),(1.,1.)))
REPRESENTATION_ITEM('')
SURFACE()
);
#4994=(
BOUNDED_SURFACE()
B_SPLINE_SURFACE(3,1,((#9423,#9424),(#9425,#9426),(#9427,#9428),(#9429,
#9430)),.UNSPECIFIED.,.F.,.F.,.F.)
B_SPLINE_SURFACE_WITH_KNOTS((4,4),(2,2),(-1.,0.),(0.,0.0300000000000002),
 .UNSPECIFIED.)
GEOMETRIC_REPRESENTATION_ITEM()
RATIONAL_B_SPLINE_SURFACE(((1.,1.),(1.,1.),(1.,1.),(1.,1.)))
REPRESENTATION_ITEM('')
SURFACE()
);
#4995=(
BOUNDED_SURFACE()
B_SPLINE_SURFACE(3,1,((#9442,#9443),(#9444,#9445),(#9446,#9447),(#9448,
#9449)),.UNSPECIFIED.,.F.,.F.,.F.)
B_SPLINE_SURFACE_WITH_KNOTS((4,4),(2,2),(-1.,0.),(0.,0.0300000000000002),
 .UNSPECIFIED.)
GEOMETRIC_REPRESENTATION_ITEM()
RATIONAL_B_SPLINE_SURFACE(((1.,1.),(1.,1.),(1.,1.),(1.,1.)))
REPRESENTATION_ITEM('')
SURFACE()
);
#4996=(
BOUNDED_SURFACE()
B_SPLINE_SURFACE(3,1,((#9464,#9465),(#9466,#9467),(#9468,#9469),(#9470,
#9471)),.UNSPECIFIED.,.F.,.F.,.F.)
B_SPLINE_SURFACE_WITH_KNOTS((4,4),(2,2),(-1.,0.),(0.,0.0300000000000002),
 .UNSPECIFIED.)
GEOMETRIC_REPRESENTATION_ITEM()
RATIONAL_B_SPLINE_SURFACE(((1.,1.),(1.,1.),(1.,1.),(1.,1.)))
REPRESENTATION_ITEM('')
SURFACE()
);
#4997=(
BOUNDED_SURFACE()
B_SPLINE_SURFACE(3,1,((#9498,#9499),(#9500,#9501),(#9502,#9503),(#9504,
#9505)),.UNSPECIFIED.,.F.,.F.,.F.)
B_SPLINE_SURFACE_WITH_KNOTS((4,4),(2,2),(-1.,0.),(0.,0.0300000000000002),
 .UNSPECIFIED.)
GEOMETRIC_REPRESENTATION_ITEM()
RATIONAL_B_SPLINE_SURFACE(((1.,1.),(1.,1.),(1.,1.),(1.,1.)))
REPRESENTATION_ITEM('')
SURFACE()
);
#4998=(
BOUNDED_SURFACE()
B_SPLINE_SURFACE(3,1,((#9529,#9530),(#9531,#9532),(#9533,#9534),(#9535,
#9536)),.UNSPECIFIED.,.F.,.F.,.F.)
B_SPLINE_SURFACE_WITH_KNOTS((4,4),(2,2),(-1.,0.),(0.,0.0300000000000002),
 .UNSPECIFIED.)
GEOMETRIC_REPRESENTATION_ITEM()
RATIONAL_B_SPLINE_SURFACE(((1.,1.),(1.,1.),(1.,1.),(1.,1.)))
REPRESENTATION_ITEM('')
SURFACE()
);
#4999=(
BOUNDED_SURFACE()
B_SPLINE_SURFACE(3,1,((#9572,#9573),(#9574,#9575),(#9576,#9577),(#9578,
#9579)),.UNSPECIFIED.,.F.,.F.,.F.)
B_SPLINE_SURFACE_WITH_KNOTS((4,4),(2,2),(-1.,0.),(0.,0.0300000000000002),
 .UNSPECIFIED.)
GEOMETRIC_REPRESENTATION_ITEM()
RATIONAL_B_SPLINE_SURFACE(((1.,1.),(1.,1.),(1.,1.),(1.,1.)))
REPRESENTATION_ITEM('')
SURFACE()
);
#5000=(
BOUNDED_SURFACE()
B_SPLINE_SURFACE(3,1,((#9591,#9592),(#9593,#9594),(#9595,#9596),(#9597,
#9598)),.UNSPECIFIED.,.F.,.F.,.F.)
B_SPLINE_SURFACE_WITH_KNOTS((4,4),(2,2),(-1.,0.),(0.,0.0300000000000002),
 .UNSPECIFIED.)
GEOMETRIC_REPRESENTATION_ITEM()
RATIONAL_B_SPLINE_SURFACE(((1.,1.),(1.,1.),(1.,1.),(1.,1.)))
REPRESENTATION_ITEM('')
SURFACE()
);
#5001=(
BOUNDED_SURFACE()
B_SPLINE_SURFACE(3,1,((#9622,#9623),(#9624,#9625),(#9626,#9627),(#9628,
#9629)),.UNSPECIFIED.,.F.,.F.,.F.)
B_SPLINE_SURFACE_WITH_KNOTS((4,4),(2,2),(-1.,0.),(0.,0.0300000000000002),
 .UNSPECIFIED.)
GEOMETRIC_REPRESENTATION_ITEM()
RATIONAL_B_SPLINE_SURFACE(((1.,1.),(1.,1.),(1.,1.),(1.,1.)))
REPRESENTATION_ITEM('')
SURFACE()
);
#5002=(
BOUNDED_SURFACE()
B_SPLINE_SURFACE(3,1,((#9641,#9642),(#9643,#9644),(#9645,#9646),(#9647,
#9648)),.UNSPECIFIED.,.F.,.F.,.F.)
B_SPLINE_SURFACE_WITH_KNOTS((4,4),(2,2),(-1.,0.),(0.,0.0300000000000002),
 .UNSPECIFIED.)
GEOMETRIC_REPRESENTATION_ITEM()
RATIONAL_B_SPLINE_SURFACE(((1.,1.),(1.,1.),(1.,1.),(1.,1.)))
REPRESENTATION_ITEM('')
SURFACE()
);
#5003=(
BOUNDED_SURFACE()
B_SPLINE_SURFACE(3,1,((#9660,#9661),(#9662,#9663),(#9664,#9665),(#9666,
#9667)),.UNSPECIFIED.,.F.,.F.,.F.)
B_SPLINE_SURFACE_WITH_KNOTS((4,4),(2,2),(-1.,0.),(0.,0.0300000000000002),
 .UNSPECIFIED.)
GEOMETRIC_REPRESENTATION_ITEM()
RATIONAL_B_SPLINE_SURFACE(((1.,1.),(1.,1.),(1.,1.),(1.,1.)))
REPRESENTATION_ITEM('')
SURFACE()
);
#5004=(
BOUNDED_SURFACE()
B_SPLINE_SURFACE(3,1,((#9679,#9680),(#9681,#9682),(#9683,#9684),(#9685,
#9686)),.UNSPECIFIED.,.F.,.F.,.F.)
B_SPLINE_SURFACE_WITH_KNOTS((4,4),(2,2),(-1.,0.),(0.,0.0300000000000002),
 .UNSPECIFIED.)
GEOMETRIC_REPRESENTATION_ITEM()
RATIONAL_B_SPLINE_SURFACE(((1.,1.),(1.,1.),(1.,1.),(1.,1.)))
REPRESENTATION_ITEM('')
SURFACE()
);
#5005=(
BOUNDED_SURFACE()
B_SPLINE_SURFACE(3,1,((#9698,#9699),(#9700,#9701),(#9702,#9703),(#9704,
#9705)),.UNSPECIFIED.,.F.,.F.,.F.)
B_SPLINE_SURFACE_WITH_KNOTS((4,4),(2,2),(-1.,0.),(0.,0.0300000000000002),
 .UNSPECIFIED.)
GEOMETRIC_REPRESENTATION_ITEM()
RATIONAL_B_SPLINE_SURFACE(((1.,1.),(1.,1.),(1.,1.),(1.,1.)))
REPRESENTATION_ITEM('')
SURFACE()
);
#5006=(
BOUNDED_SURFACE()
B_SPLINE_SURFACE(3,1,((#9717,#9718),(#9719,#9720),(#9721,#9722),(#9723,
#9724)),.UNSPECIFIED.,.F.,.F.,.F.)
B_SPLINE_SURFACE_WITH_KNOTS((4,4),(2,2),(-1.,0.),(0.,0.0300000000000002),
 .UNSPECIFIED.)
GEOMETRIC_REPRESENTATION_ITEM()
RATIONAL_B_SPLINE_SURFACE(((1.,1.),(1.,1.),(1.,1.),(1.,1.)))
REPRESENTATION_ITEM('')
SURFACE()
);
#5007=(
BOUNDED_SURFACE()
B_SPLINE_SURFACE(3,1,((#9736,#9737),(#9738,#9739),(#9740,#9741),(#9742,
#9743)),.UNSPECIFIED.,.F.,.F.,.F.)
B_SPLINE_SURFACE_WITH_KNOTS((4,4),(2,2),(-1.,0.),(0.,0.0300000000000002),
 .UNSPECIFIED.)
GEOMETRIC_REPRESENTATION_ITEM()
RATIONAL_B_SPLINE_SURFACE(((1.,1.),(1.,1.),(1.,1.),(1.,1.)))
REPRESENTATION_ITEM('')
SURFACE()
);
#5008=(
BOUNDED_SURFACE()
B_SPLINE_SURFACE(3,1,((#9755,#9756),(#9757,#9758),(#9759,#9760),(#9761,
#9762)),.UNSPECIFIED.,.F.,.F.,.F.)
B_SPLINE_SURFACE_WITH_KNOTS((4,4),(2,2),(-1.,0.),(0.,0.0300000000000002),
 .UNSPECIFIED.)
GEOMETRIC_REPRESENTATION_ITEM()
RATIONAL_B_SPLINE_SURFACE(((1.,1.),(1.,1.),(1.,1.),(1.,1.)))
REPRESENTATION_ITEM('')
SURFACE()
);
#5009=(
BOUNDED_SURFACE()
B_SPLINE_SURFACE(3,1,((#9774,#9775),(#9776,#9777),(#9778,#9779),(#9780,
#9781)),.UNSPECIFIED.,.F.,.F.,.F.)
B_SPLINE_SURFACE_WITH_KNOTS((4,4),(2,2),(-1.,0.),(0.,0.0300000000000002),
 .UNSPECIFIED.)
GEOMETRIC_REPRESENTATION_ITEM()
RATIONAL_B_SPLINE_SURFACE(((1.,1.),(1.,1.),(1.,1.),(1.,1.)))
REPRESENTATION_ITEM('')
SURFACE()
);
#5010=(
BOUNDED_SURFACE()
B_SPLINE_SURFACE(3,1,((#9793,#9794),(#9795,#9796),(#9797,#9798),(#9799,
#9800)),.UNSPECIFIED.,.F.,.F.,.F.)
B_SPLINE_SURFACE_WITH_KNOTS((4,4),(2,2),(-1.,0.),(0.,0.0300000000000002),
 .UNSPECIFIED.)
GEOMETRIC_REPRESENTATION_ITEM()
RATIONAL_B_SPLINE_SURFACE(((1.,1.),(1.,1.),(1.,1.),(1.,1.)))
REPRESENTATION_ITEM('')
SURFACE()
);
#5011=ADVANCED_FACE('',(#159),#4831,.F.);
#5012=ADVANCED_FACE('',(#160),#4832,.F.);
#5013=ADVANCED_FACE('',(#161),#4833,.F.);
#5014=ADVANCED_FACE('',(#162),#4834,.F.);
#5015=ADVANCED_FACE('',(#163),#4835,.F.);
#5016=ADVANCED_FACE('',(#164),#4836,.F.);
#5017=ADVANCED_FACE('',(#165),#66,.F.);
#5018=ADVANCED_FACE('',(#166),#67,.F.);
#5019=ADVANCED_FACE('',(#167),#4837,.F.);
#5020=ADVANCED_FACE('',(#168),#4838,.F.);
#5021=ADVANCED_FACE('',(#169),#4839,.F.);
#5022=ADVANCED_FACE('',(#170),#4840,.F.);
#5023=ADVANCED_FACE('',(#171),#4841,.F.);
#5024=ADVANCED_FACE('',(#172),#4842,.F.);
#5025=ADVANCED_FACE('',(#173),#4843,.F.);
#5026=ADVANCED_FACE('',(#174),#4844,.F.);
#5027=ADVANCED_FACE('',(#175),#4845,.F.);
#5028=ADVANCED_FACE('',(#176),#4846,.F.);
#5029=ADVANCED_FACE('',(#177),#4847,.F.);
#5030=ADVANCED_FACE('',(#178),#4848,.F.);
#5031=ADVANCED_FACE('',(#179),#4849,.F.);
#5032=ADVANCED_FACE('',(#180),#68,.F.);
#5033=ADVANCED_FACE('',(#181),#69,.F.);
#5034=ADVANCED_FACE('',(#182),#4850,.F.);
#5035=ADVANCED_FACE('',(#183),#4851,.F.);
#5036=ADVANCED_FACE('',(#184),#70,.F.);
#5037=ADVANCED_FACE('',(#185),#71,.F.);
#5038=ADVANCED_FACE('',(#186),#4852,.F.);
#5039=ADVANCED_FACE('',(#187),#4853,.F.);
#5040=ADVANCED_FACE('',(#188),#4854,.F.);
#5041=ADVANCED_FACE('',(#189),#4855,.F.);
#5042=ADVANCED_FACE('',(#190),#4856,.F.);
#5043=ADVANCED_FACE('',(#191),#4857,.F.);
#5044=ADVANCED_FACE('',(#192),#4858,.F.);
#5045=ADVANCED_FACE('',(#193),#4859,.F.);
#5046=ADVANCED_FACE('',(#194),#4860,.F.);
#5047=ADVANCED_FACE('',(#195),#4861,.F.);
#5048=ADVANCED_FACE('',(#196),#4862,.F.);
#5049=ADVANCED_FACE('',(#197),#4863,.F.);
#5050=ADVANCED_FACE('',(#198),#4864,.F.);
#5051=ADVANCED_FACE('',(#199),#4865,.F.);
#5052=ADVANCED_FACE('',(#200),#72,.T.);
#5053=ADVANCED_FACE('',(#201),#4866,.F.);
#5054=ADVANCED_FACE('',(#202),#4867,.F.);
#5055=ADVANCED_FACE('',(#203),#4868,.F.);
#5056=ADVANCED_FACE('',(#204),#4869,.F.);
#5057=ADVANCED_FACE('',(#205),#4870,.F.);
#5058=ADVANCED_FACE('',(#206),#4871,.F.);
#5059=ADVANCED_FACE('',(#207),#4872,.F.);
#5060=ADVANCED_FACE('',(#208),#4873,.F.);
#5061=ADVANCED_FACE('',(#209),#4874,.F.);
#5062=ADVANCED_FACE('',(#210),#4875,.F.);
#5063=ADVANCED_FACE('',(#211),#4876,.F.);
#5064=ADVANCED_FACE('',(#212),#4877,.F.);
#5065=ADVANCED_FACE('',(#213),#4878,.F.);
#5066=ADVANCED_FACE('',(#214),#4879,.F.);
#5067=ADVANCED_FACE('',(#215),#4880,.F.);
#5068=ADVANCED_FACE('',(#216),#4881,.F.);
#5069=ADVANCED_FACE('',(#217),#4882,.F.);
#5070=ADVANCED_FACE('',(#218),#4883,.F.);
#5071=ADVANCED_FACE('',(#219),#4884,.F.);
#5072=ADVANCED_FACE('',(#220),#4885,.F.);
#5073=ADVANCED_FACE('',(#221),#4886,.F.);
#5074=ADVANCED_FACE('',(#222),#4887,.F.);
#5075=ADVANCED_FACE('',(#223),#4888,.F.);
#5076=ADVANCED_FACE('',(#224),#4889,.F.);
#5077=ADVANCED_FACE('',(#225),#4890,.F.);
#5078=ADVANCED_FACE('',(#226),#4891,.F.);
#5079=ADVANCED_FACE('',(#227,#38,#39),#73,.T.);
#5080=ADVANCED_FACE('',(#228),#4892,.F.);
#5081=ADVANCED_FACE('',(#229),#4893,.F.);
#5082=ADVANCED_FACE('',(#230),#4894,.F.);
#5083=ADVANCED_FACE('',(#231),#4895,.F.);
#5084=ADVANCED_FACE('',(#232),#4896,.F.);
#5085=ADVANCED_FACE('',(#233),#4897,.F.);
#5086=ADVANCED_FACE('',(#234),#4898,.F.);
#5087=ADVANCED_FACE('',(#235),#4899,.F.);
#5088=ADVANCED_FACE('',(#236),#4900,.F.);
#5089=ADVANCED_FACE('',(#237),#4901,.F.);
#5090=ADVANCED_FACE('',(#238),#74,.F.);
#5091=ADVANCED_FACE('',(#239),#75,.F.);
#5092=ADVANCED_FACE('',(#240),#4902,.F.);
#5093=ADVANCED_FACE('',(#241),#4903,.F.);
#5094=ADVANCED_FACE('',(#242),#4904,.F.);
#5095=ADVANCED_FACE('',(#243),#4905,.F.);
#5096=ADVANCED_FACE('',(#244),#4906,.F.);
#5097=ADVANCED_FACE('',(#245),#4907,.F.);
#5098=ADVANCED_FACE('',(#246),#76,.T.);
#5099=ADVANCED_FACE('',(#247),#4908,.F.);
#5100=ADVANCED_FACE('',(#248),#4909,.F.);
#5101=ADVANCED_FACE('',(#249),#4910,.F.);
#5102=ADVANCED_FACE('',(#250),#4911,.F.);
#5103=ADVANCED_FACE('',(#251),#4912,.F.);
#5104=ADVANCED_FACE('',(#252),#4913,.F.);
#5105=ADVANCED_FACE('',(#253),#4914,.F.);
#5106=ADVANCED_FACE('',(#254),#4915,.F.);
#5107=ADVANCED_FACE('',(#255),#4916,.F.);
#5108=ADVANCED_FACE('',(#256),#4917,.F.);
#5109=ADVANCED_FACE('',(#257),#4918,.F.);
#5110=ADVANCED_FACE('',(#258),#77,.F.);
#5111=ADVANCED_FACE('',(#259),#78,.F.);
#5112=ADVANCED_FACE('',(#260),#4919,.F.);
#5113=ADVANCED_FACE('',(#261),#4920,.F.);
#5114=ADVANCED_FACE('',(#262),#79,.F.);
#5115=ADVANCED_FACE('',(#263),#80,.F.);
#5116=ADVANCED_FACE('',(#264),#81,.F.);
#5117=ADVANCED_FACE('',(#265),#4921,.F.);
#5118=ADVANCED_FACE('',(#266),#4922,.F.);
#5119=ADVANCED_FACE('',(#267),#4923,.F.);
#5120=ADVANCED_FACE('',(#268),#82,.F.);
#5121=ADVANCED_FACE('',(#269),#83,.F.);
#5122=ADVANCED_FACE('',(#270),#4924,.F.);
#5123=ADVANCED_FACE('',(#271),#4925,.F.);
#5124=ADVANCED_FACE('',(#272),#4926,.F.);
#5125=ADVANCED_FACE('',(#273),#4927,.F.);
#5126=ADVANCED_FACE('',(#274),#4928,.F.);
#5127=ADVANCED_FACE('',(#275),#84,.F.);
#5128=ADVANCED_FACE('',(#276),#85,.F.);
#5129=ADVANCED_FACE('',(#277),#4929,.F.);
#5130=ADVANCED_FACE('',(#278),#86,.T.);
#5131=ADVANCED_FACE('',(#279),#4930,.F.);
#5132=ADVANCED_FACE('',(#280),#4931,.F.);
#5133=ADVANCED_FACE('',(#281),#4932,.F.);
#5134=ADVANCED_FACE('',(#282),#4933,.F.);
#5135=ADVANCED_FACE('',(#283),#4934,.F.);
#5136=ADVANCED_FACE('',(#284),#4935,.F.);
#5137=ADVANCED_FACE('',(#285),#4936,.F.);
#5138=ADVANCED_FACE('',(#286),#4937,.F.);
#5139=ADVANCED_FACE('',(#287),#4938,.F.);
#5140=ADVANCED_FACE('',(#288),#4939,.F.);
#5141=ADVANCED_FACE('',(#289),#4940,.F.);
#5142=ADVANCED_FACE('',(#290),#4941,.F.);
#5143=ADVANCED_FACE('',(#291),#4942,.F.);
#5144=ADVANCED_FACE('',(#292),#4943,.F.);
#5145=ADVANCED_FACE('',(#293),#4944,.F.);
#5146=ADVANCED_FACE('',(#294),#4945,.F.);
#5147=ADVANCED_FACE('',(#295),#4946,.F.);
#5148=ADVANCED_FACE('',(#296),#4947,.F.);
#5149=ADVANCED_FACE('',(#297),#4948,.F.);
#5150=ADVANCED_FACE('',(#298),#4949,.F.);
#5151=ADVANCED_FACE('',(#299),#4950,.F.);
#5152=ADVANCED_FACE('',(#300),#4951,.F.);
#5153=ADVANCED_FACE('',(#301,#40),#87,.T.);
#5154=ADVANCED_FACE('',(#302),#88,.F.);
#5155=ADVANCED_FACE('',(#303),#89,.F.);
#5156=ADVANCED_FACE('',(#304),#4952,.F.);
#5157=ADVANCED_FACE('',(#305),#4953,.F.);
#5158=ADVANCED_FACE('',(#306),#4954,.F.);
#5159=ADVANCED_FACE('',(#307),#90,.F.);
#5160=ADVANCED_FACE('',(#308),#91,.F.);
#5161=ADVANCED_FACE('',(#309),#4955,.F.);
#5162=ADVANCED_FACE('',(#310),#4956,.F.);
#5163=ADVANCED_FACE('',(#311),#4957,.F.);
#5164=ADVANCED_FACE('',(#312),#4958,.F.);
#5165=ADVANCED_FACE('',(#313),#4959,.F.);
#5166=ADVANCED_FACE('',(#314),#4960,.F.);
#5167=ADVANCED_FACE('',(#315),#92,.F.);
#5168=ADVANCED_FACE('',(#316),#93,.F.);
#5169=ADVANCED_FACE('',(#317),#4961,.F.);
#5170=ADVANCED_FACE('',(#318),#4962,.F.);
#5171=ADVANCED_FACE('',(#319),#4963,.F.);
#5172=ADVANCED_FACE('',(#320),#4964,.F.);
#5173=ADVANCED_FACE('',(#321),#4965,.F.);
#5174=ADVANCED_FACE('',(#322),#4966,.F.);
#5175=ADVANCED_FACE('',(#323),#4967,.F.);
#5176=ADVANCED_FACE('',(#324),#4968,.F.);
#5177=ADVANCED_FACE('',(#325),#94,.T.);
#5178=ADVANCED_FACE('',(#326),#95,.F.);
#5179=ADVANCED_FACE('',(#327),#4969,.F.);
#5180=ADVANCED_FACE('',(#328),#4970,.F.);
#5181=ADVANCED_FACE('',(#329),#4971,.F.);
#5182=ADVANCED_FACE('',(#330),#4972,.F.);
#5183=ADVANCED_FACE('',(#331),#96,.F.);
#5184=ADVANCED_FACE('',(#332),#97,.F.);
#5185=ADVANCED_FACE('',(#333),#4973,.F.);
#5186=ADVANCED_FACE('',(#334),#4974,.F.);
#5187=ADVANCED_FACE('',(#335),#98,.F.);
#5188=ADVANCED_FACE('',(#336),#4975,.F.);
#5189=ADVANCED_FACE('',(#337),#99,.F.);
#5190=ADVANCED_FACE('',(#338),#100,.F.);
#5191=ADVANCED_FACE('',(#339),#4976,.F.);
#5192=ADVANCED_FACE('',(#340),#101,.F.);
#5193=ADVANCED_FACE('',(#341),#102,.F.);
#5194=ADVANCED_FACE('',(#342),#103,.F.);
#5195=ADVANCED_FACE('',(#343),#104,.F.);
#5196=ADVANCED_FACE('',(#344),#105,.F.);
#5197=ADVANCED_FACE('',(#345),#106,.F.);
#5198=ADVANCED_FACE('',(#346),#107,.F.);
#5199=ADVANCED_FACE('',(#347),#4977,.F.);
#5200=ADVANCED_FACE('',(#348),#4978,.F.);
#5201=ADVANCED_FACE('',(#349),#108,.F.);
#5202=ADVANCED_FACE('',(#350),#109,.F.);
#5203=ADVANCED_FACE('',(#351),#4979,.F.);
#5204=ADVANCED_FACE('',(#352),#4980,.F.);
#5205=ADVANCED_FACE('',(#353),#4981,.F.);
#5206=ADVANCED_FACE('',(#354),#4982,.F.);
#5207=ADVANCED_FACE('',(#355),#4983,.F.);
#5208=ADVANCED_FACE('',(#356),#4984,.F.);
#5209=ADVANCED_FACE('',(#357),#4985,.F.);
#5210=ADVANCED_FACE('',(#358),#4986,.F.);
#5211=ADVANCED_FACE('',(#359),#4987,.F.);
#5212=ADVANCED_FACE('',(#360),#4988,.F.);
#5213=ADVANCED_FACE('',(#361,#41),#110,.T.);
#5214=ADVANCED_FACE('',(#362),#111,.F.);
#5215=ADVANCED_FACE('',(#363),#4989,.F.);
#5216=ADVANCED_FACE('',(#364),#4990,.F.);
#5217=ADVANCED_FACE('',(#365),#4991,.F.);
#5218=ADVANCED_FACE('',(#366),#4992,.F.);
#5219=ADVANCED_FACE('',(#367),#4993,.F.);
#5220=ADVANCED_FACE('',(#368),#112,.F.);
#5221=ADVANCED_FACE('',(#369),#113,.F.);
#5222=ADVANCED_FACE('',(#370),#4994,.F.);
#5223=ADVANCED_FACE('',(#371),#4995,.F.);
#5224=ADVANCED_FACE('',(#372),#114,.F.);
#5225=ADVANCED_FACE('',(#373),#4996,.F.);
#5226=ADVANCED_FACE('',(#374),#115,.F.);
#5227=ADVANCED_FACE('',(#375),#116,.F.);
#5228=ADVANCED_FACE('',(#376),#4997,.F.);
#5229=ADVANCED_FACE('',(#377),#117,.F.);
#5230=ADVANCED_FACE('',(#378),#118,.F.);
#5231=ADVANCED_FACE('',(#379),#4998,.F.);
#5232=ADVANCED_FACE('',(#380),#119,.F.);
#5233=ADVANCED_FACE('',(#381),#120,.F.);
#5234=ADVANCED_FACE('',(#382),#121,.F.);
#5235=ADVANCED_FACE('',(#383),#122,.F.);
#5236=ADVANCED_FACE('',(#384),#4999,.F.);
#5237=ADVANCED_FACE('',(#385),#5000,.F.);
#5238=ADVANCED_FACE('',(#386),#123,.F.);
#5239=ADVANCED_FACE('',(#387),#124,.F.);
#5240=ADVANCED_FACE('',(#388),#5001,.F.);
#5241=ADVANCED_FACE('',(#389),#5002,.F.);
#5242=ADVANCED_FACE('',(#390),#5003,.F.);
#5243=ADVANCED_FACE('',(#391),#5004,.F.);
#5244=ADVANCED_FACE('',(#392),#5005,.F.);
#5245=ADVANCED_FACE('',(#393),#5006,.F.);
#5246=ADVANCED_FACE('',(#394),#5007,.F.);
#5247=ADVANCED_FACE('',(#395),#5008,.F.);
#5248=ADVANCED_FACE('',(#396),#5009,.F.);
#5249=ADVANCED_FACE('',(#397),#5010,.F.);
#5250=ADVANCED_FACE('',(#398,#42),#125,.T.);
#5251=ADVANCED_FACE('',(#399),#126,.F.);
#5252=ADVANCED_FACE('',(#400),#127,.F.);
#5253=ADVANCED_FACE('',(#401),#128,.F.);
#5254=ADVANCED_FACE('',(#402),#129,.F.);
#5255=ADVANCED_FACE('',(#403),#130,.F.);
#5256=ADVANCED_FACE('',(#404),#131,.F.);
#5257=ADVANCED_FACE('',(#405),#132,.F.);
#5258=ADVANCED_FACE('',(#406),#133,.F.);
#5259=ADVANCED_FACE('',(#407),#134,.F.);
#5260=ADVANCED_FACE('',(#408),#135,.F.);
#5261=ADVANCED_FACE('',(#409),#136,.F.);
#5262=ADVANCED_FACE('',(#410),#137,.F.);
#5263=ADVANCED_FACE('',(#411),#138,.F.);
#5264=ADVANCED_FACE('',(#412),#139,.F.);
#5265=ADVANCED_FACE('',(#413),#140,.F.);
#5266=ADVANCED_FACE('',(#414),#15,.F.);
#5267=ADVANCED_FACE('',(#415),#141,.T.);
#5268=ADVANCED_FACE('',(#416),#142,.F.);
#5269=ADVANCED_FACE('',(#417,#43,#44,#45,#46,#47,#48,#49,#50),#143,.T.);
#5270=ADVANCED_FACE('',(#418),#144,.F.);
#5271=ADVANCED_FACE('',(#419),#145,.F.);
#5272=ADVANCED_FACE('',(#420),#16,.F.);
#5273=ADVANCED_FACE('',(#421),#17,.F.);
#5274=ADVANCED_FACE('',(#422),#146,.F.);
#5275=ADVANCED_FACE('',(#423),#147,.F.);
#5276=ADVANCED_FACE('',(#424),#148,.F.);
#5277=ADVANCED_FACE('',(#425),#149,.F.);
#5278=ADVANCED_FACE('',(#426),#150,.F.);
#5279=ADVANCED_FACE('',(#427),#151,.F.);
#5280=ADVANCED_FACE('',(#428),#152,.F.);
#5281=ADVANCED_FACE('',(#429),#18,.F.);
#5282=ADVANCED_FACE('',(#430),#19,.F.);
#5283=ADVANCED_FACE('',(#431),#20,.F.);
#5284=ADVANCED_FACE('',(#432),#21,.F.);
#5285=ADVANCED_FACE('',(#433),#153,.F.);
#5286=ADVANCED_FACE('',(#434,#51,#52,#53,#54,#55,#56,#57,#58),#154,.F.);
#5287=ADVANCED_FACE('',(#435),#155,.F.);
#5288=ADVANCED_FACE('',(#436),#156,.F.);
#5289=ADVANCED_FACE('',(#437),#157,.F.);
#5290=ADVANCED_FACE('',(#438,#59,#60,#61,#62,#63,#64,#65),#158,.F.);
#5291=CLOSED_SHELL('',(#5011,#5012,#5013,#5014,#5015,#5016,#5017,#5018,
#5019,#5020,#5021,#5022,#5023,#5024,#5025,#5026,#5027,#5028,#5029,#5030,
#5031,#5032,#5033,#5034,#5035,#5036,#5037,#5038,#5039,#5040,#5041,#5042,
#5043,#5044,#5045,#5046,#5047,#5048,#5049,#5050,#5051,#5052,#5053,#5054,
#5055,#5056,#5057,#5058,#5059,#5060,#5061,#5062,#5063,#5064,#5065,#5066,
#5067,#5068,#5069,#5070,#5071,#5072,#5073,#5074,#5075,#5076,#5077,#5078,
#5079,#5080,#5081,#5082,#5083,#5084,#5085,#5086,#5087,#5088,#5089,#5090,
#5091,#5092,#5093,#5094,#5095,#5096,#5097,#5098,#5099,#5100,#5101,#5102,
#5103,#5104,#5105,#5106,#5107,#5108,#5109,#5110,#5111,#5112,#5113,#5114,
#5115,#5116,#5117,#5118,#5119,#5120,#5121,#5122,#5123,#5124,#5125,#5126,
#5127,#5128,#5129,#5130,#5131,#5132,#5133,#5134,#5135,#5136,#5137,#5138,
#5139,#5140,#5141,#5142,#5143,#5144,#5145,#5146,#5147,#5148,#5149,#5150,
#5151,#5152,#5153,#5154,#5155,#5156,#5157,#5158,#5159,#5160,#5161,#5162,
#5163,#5164,#5165,#5166,#5167,#5168,#5169,#5170,#5171,#5172,#5173,#5174,
#5175,#5176,#5177,#5178,#5179,#5180,#5181,#5182,#5183,#5184,#5185,#5186,
#5187,#5188,#5189,#5190,#5191,#5192,#5193,#5194,#5195,#5196,#5197,#5198,
#5199,#5200,#5201,#5202,#5203,#5204,#5205,#5206,#5207,#5208,#5209,#5210,
#5211,#5212,#5213,#5214,#5215,#5216,#5217,#5218,#5219,#5220,#5221,#5222,
#5223,#5224,#5225,#5226,#5227,#5228,#5229,#5230,#5231,#5232,#5233,#5234,
#5235,#5236,#5237,#5238,#5239,#5240,#5241,#5242,#5243,#5244,#5245,#5246,
#5247,#5248,#5249,#5250,#5251,#5252,#5253,#5254,#5255,#5256,#5257,#5258,
#5259,#5260,#5261,#5262,#5263,#5264,#5265,#5266,#5267,#5268,#5269,#5270,
#5271,#5272,#5273,#5274,#5275,#5276,#5277,#5278,#5279,#5280,#5281,#5282,
#5283,#5284,#5285,#5286,#5287,#5288,#5289,#5290));
#5292=DERIVED_UNIT_ELEMENT(#5294,1.);
#5293=DERIVED_UNIT_ELEMENT(#10011,-3.);
#5294=(
MASS_UNIT()
NAMED_UNIT(*)
SI_UNIT(.KILO.,.GRAM.)
);
#5295=DERIVED_UNIT((#5292,#5293));
#5296=MEASURE_REPRESENTATION_ITEM('density measure',
POSITIVE_RATIO_MEASURE(7850.),#5295);
#5297=PROPERTY_DEFINITION_REPRESENTATION(#5302,#5299);
#5298=PROPERTY_DEFINITION_REPRESENTATION(#5303,#5300);
#5299=REPRESENTATION('material name',(#5301),#10008);
#5300=REPRESENTATION('density',(#5296),#10008);
#5301=DESCRIPTIVE_REPRESENTATION_ITEM('Steel','Steel');
#5302=PROPERTY_DEFINITION('material property','material name',#10018);
#5303=PROPERTY_DEFINITION('material property','density of part',#10018);
#5304=AXIS2_PLACEMENT_3D('',#6069,#5421,#5422);
#5305=AXIS2_PLACEMENT_3D('',#6187,#5430,#5431);
#5306=AXIS2_PLACEMENT_3D('',#6193,#5435,#5436);
#5307=AXIS2_PLACEMENT_3D('',#6446,#5453,#5454);
#5308=AXIS2_PLACEMENT_3D('',#6452,#5458,#5459);
#5309=AXIS2_PLACEMENT_3D('',#6496,#5465,#5466);
#5310=AXIS2_PLACEMENT_3D('',#6502,#5470,#5471);
#5311=AXIS2_PLACEMENT_3D('',#6771,#5488,#5489);
#5312=AXIS2_PLACEMENT_3D('',#7266,#5516,#5517);
#5313=AXIS2_PLACEMENT_3D('',#7460,#5529,#5530);
#5314=AXIS2_PLACEMENT_3D('',#7466,#5534,#5535);
#5315=AXIS2_PLACEMENT_3D('',#7583,#5544,#5545);
#5316=AXIS2_PLACEMENT_3D('',#7796,#5558,#5559);
#5317=AXIS2_PLACEMENT_3D('',#7802,#5563,#5564);
#5318=AXIS2_PLACEMENT_3D('',#7846,#5570,#5571);
#5319=AXIS2_PLACEMENT_3D('',#7852,#5575,#5576);
#5320=AXIS2_PLACEMENT_3D('',#7858,#5580,#5581);
#5321=AXIS2_PLACEMENT_3D('',#7921,#5588,#5589);
#5322=AXIS2_PLACEMENT_3D('',#7927,#5593,#5594);
#5323=AXIS2_PLACEMENT_3D('',#8028,#5603,#5604);
#5324=AXIS2_PLACEMENT_3D('',#8034,#5608,#5609);
#5325=AXIS2_PLACEMENT_3D('',#8056,#5613,#5614);
#5326=AXIS2_PLACEMENT_3D('',#8475,#5637,#5638);
#5327=AXIS2_PLACEMENT_3D('',#8476,#5639,#5640);
#5328=AXIS2_PLACEMENT_3D('',#8485,#5645,#5646);
#5329=AXIS2_PLACEMENT_3D('',#8548,#5653,#5654);
#5330=AXIS2_PLACEMENT_3D('',#8554,#5658,#5659);
#5331=AXIS2_PLACEMENT_3D('',#8674,#5669,#5670);
#5332=AXIS2_PLACEMENT_3D('',#8680,#5674,#5675);
#5333=AXIS2_PLACEMENT_3D('',#8835,#5686,#5687);
#5334=AXIS2_PLACEMENT_3D('',#8836,#5688,#5689);
#5335=AXIS2_PLACEMENT_3D('',#8921,#5698,#5699);
#5336=AXIS2_PLACEMENT_3D('',#8927,#5703,#5704);
#5337=AXIS2_PLACEMENT_3D('',#8971,#5710,#5711);
#5338=AXIS2_PLACEMENT_3D('',#8996,#5716,#5717);
#5339=AXIS2_PLACEMENT_3D('',#9002,#5721,#5722);
#5340=AXIS2_PLACEMENT_3D('',#9027,#5727,#5728);
#5341=AXIS2_PLACEMENT_3D('',#9033,#5732,#5733);
#5342=AXIS2_PLACEMENT_3D('',#9039,#5737,#5738);
#5343=AXIS2_PLACEMENT_3D('',#9045,#5742,#5743);
#5344=AXIS2_PLACEMENT_3D('',#9051,#5747,#5748);
#5345=AXIS2_PLACEMENT_3D('',#9057,#5752,#5753);
#5346=AXIS2_PLACEMENT_3D('',#9063,#5757,#5758);
#5347=AXIS2_PLACEMENT_3D('',#9107,#5764,#5765);
#5348=AXIS2_PLACEMENT_3D('',#9113,#5769,#5770);
#5349=AXIS2_PLACEMENT_3D('',#9306,#5783,#5784);
#5350=AXIS2_PLACEMENT_3D('',#9307,#5785,#5786);
#5351=AXIS2_PLACEMENT_3D('',#9411,#5796,#5797);
#5352=AXIS2_PLACEMENT_3D('',#9417,#5801,#5802);
#5353=AXIS2_PLACEMENT_3D('',#9461,#5808,#5809);
#5354=AXIS2_PLACEMENT_3D('',#9486,#5814,#5815);
#5355=AXIS2_PLACEMENT_3D('',#9492,#5819,#5820);
#5356=AXIS2_PLACEMENT_3D('',#9517,#5825,#5826);
#5357=AXIS2_PLACEMENT_3D('',#9523,#5830,#5831);
#5358=AXIS2_PLACEMENT_3D('',#9548,#5836,#5837);
#5359=AXIS2_PLACEMENT_3D('',#9554,#5841,#5842);
#5360=AXIS2_PLACEMENT_3D('',#9560,#5846,#5847);
#5361=AXIS2_PLACEMENT_3D('',#9566,#5851,#5852);
#5362=AXIS2_PLACEMENT_3D('',#9610,#5858,#5859);
#5363=AXIS2_PLACEMENT_3D('',#9616,#5863,#5864);
#5364=AXIS2_PLACEMENT_3D('',#9809,#5877,#5878);
#5365=AXIS2_PLACEMENT_3D('',#9810,#5879,#5880);
#5366=AXIS2_PLACEMENT_3D('',#9811,#5881,#5882);
#5367=AXIS2_PLACEMENT_3D('',#9812,#5883,#5884);
#5368=AXIS2_PLACEMENT_3D('',#9813,#5885,#5886);
#5369=AXIS2_PLACEMENT_3D('',#9814,#5887,#5888);
#5370=AXIS2_PLACEMENT_3D('',#9815,#5889,#5890);
#5371=AXIS2_PLACEMENT_3D('',#9824,#5895,#5896);
#5372=AXIS2_PLACEMENT_3D('',#9830,#5900,#5901);
#5373=AXIS2_PLACEMENT_3D('',#9836,#5905,#5906);
#5374=AXIS2_PLACEMENT_3D('',#9839,#5909,#5910);
#5375=AXIS2_PLACEMENT_3D('',#9848,#5915,#5916);
#5376=AXIS2_PLACEMENT_3D('',#9857,#5921,#5922);
#5377=AXIS2_PLACEMENT_3D('',#9863,#5926,#5927);
#5378=AXIS2_PLACEMENT_3D('',#9869,#5931,#5932);
#5379=AXIS2_PLACEMENT_3D('',#9872,#5935,#5936);
#5380=AXIS2_PLACEMENT_3D('',#9874,#5937,#5938);
#5381=AXIS2_PLACEMENT_3D('',#9875,#5939,#5940);
#5382=AXIS2_PLACEMENT_3D('',#9876,#5941,#5942);
#5383=AXIS2_PLACEMENT_3D('',#9878,#5943,#5944);
#5384=AXIS2_PLACEMENT_3D('',#9881,#5946,#5947);
#5385=AXIS2_PLACEMENT_3D('',#9882,#5948,#5949);
#5386=AXIS2_PLACEMENT_3D('',#9883,#5950,#5951);
#5387=AXIS2_PLACEMENT_3D('',#9894,#5957,#5958);
#5388=AXIS2_PLACEMENT_3D('',#9910,#5966,#5967);
#5389=AXIS2_PLACEMENT_3D('',#9911,#5968,#5969);
#5390=AXIS2_PLACEMENT_3D('',#9913,#5970,#5971);
#5391=AXIS2_PLACEMENT_3D('',#9915,#5972,#5973);
#5392=AXIS2_PLACEMENT_3D('',#9917,#5974,#5975);
#5393=AXIS2_PLACEMENT_3D('',#9919,#5976,#5977);
#5394=AXIS2_PLACEMENT_3D('',#9920,#5978,#5979);
#5395=AXIS2_PLACEMENT_3D('',#9926,#5983,#5984);
#5396=AXIS2_PLACEMENT_3D('',#9934,#5989,#5990);
#5397=AXIS2_PLACEMENT_3D('',#9937,#5992,#5993);
#5398=AXIS2_PLACEMENT_3D('',#9938,#5994,#5995);
#5399=AXIS2_PLACEMENT_3D('',#9941,#5997,#5998);
#5400=AXIS2_PLACEMENT_3D('',#9942,#5999,#6000);
#5401=AXIS2_PLACEMENT_3D('',#9946,#6003,#6004);
#5402=AXIS2_PLACEMENT_3D('',#9950,#6007,#6008);
#5403=AXIS2_PLACEMENT_3D('',#9954,#6011,#6012);
#5404=AXIS2_PLACEMENT_3D('',#9958,#6015,#6016);
#5405=AXIS2_PLACEMENT_3D('',#9961,#6019,#6020);
#5406=AXIS2_PLACEMENT_3D('',#9969,#6025,#6026);
#5407=AXIS2_PLACEMENT_3D('',#9971,#6028,#6029);
#5408=AXIS2_PLACEMENT_3D('',#9973,#6030,#6031);
#5409=AXIS2_PLACEMENT_3D('',#9975,#6033,#6034);
#5410=AXIS2_PLACEMENT_3D('',#9977,#6035,#6036);
#5411=AXIS2_PLACEMENT_3D('',#9979,#6038,#6039);
#5412=AXIS2_PLACEMENT_3D('',#9981,#6040,#6041);
#5413=AXIS2_PLACEMENT_3D('',#9983,#6043,#6044);
#5414=AXIS2_PLACEMENT_3D('',#9985,#6045,#6046);
#5415=AXIS2_PLACEMENT_3D('',#9987,#6048,#6049);
#5416=AXIS2_PLACEMENT_3D('',#9991,#6052,#6053);
#5417=AXIS2_PLACEMENT_3D('',#9995,#6056,#6057);
#5418=AXIS2_PLACEMENT_3D('',#9999,#6060,#6061);
#5419=AXIS2_PLACEMENT_3D('',#10003,#6064,#6065);
#5420=AXIS2_PLACEMENT_3D('',#10005,#6067,#6068);
#5421=DIRECTION('axis',(0.,0.,1.));
#5422=DIRECTION('refdir',(1.,0.,0.));
#5423=DIRECTION('',(0.,0.,-1.));
#5424=DIRECTION('',(0.,0.,-1.));
#5425=DIRECTION('',(0.,0.,-1.));
#5426=DIRECTION('',(0.,0.,-1.));
#5427=DIRECTION('',(0.,0.,-1.));
#5428=DIRECTION('',(0.,0.,-1.));
#5429=DIRECTION('',(0.,0.,-1.));
#5430=DIRECTION('center_axis',(0.,-1.,0.));
#5431=DIRECTION('ref_axis',(-1.,0.,0.));
#5432=DIRECTION('',(-1.,0.,1.72723371101889E-77));
#5433=DIRECTION('',(0.,0.,-1.));
#5434=DIRECTION('',(-1.,0.,0.));
#5435=DIRECTION('center_axis',(0.792623989104553,-0.609710760849753,0.));
#5436=DIRECTION('ref_axis',(-0.609710760849753,-0.792623989104553,0.));
#5437=DIRECTION('',(-0.609710760849753,-0.792623989104553,1.05311298011067E-77));
#5438=DIRECTION('',(0.,0.,-1.));
#5439=DIRECTION('',(-0.609710760849753,-0.792623989104553,0.));
#5440=DIRECTION('',(0.,0.,-1.));
#5441=DIRECTION('',(0.,0.,-1.));
#5442=DIRECTION('',(0.,0.,-1.));
#5443=DIRECTION('',(0.,0.,-1.));
#5444=DIRECTION('',(0.,0.,-1.));
#5445=DIRECTION('',(0.,0.,-1.));
#5446=DIRECTION('',(0.,0.,-1.));
#5447=DIRECTION('',(0.,0.,-1.));
#5448=DIRECTION('',(0.,0.,-1.));
#5449=DIRECTION('',(0.,0.,-1.));
#5450=DIRECTION('',(0.,0.,-1.));
#5451=DIRECTION('',(0.,0.,-1.));
#5452=DIRECTION('',(0.,0.,-1.));
#5453=DIRECTION('center_axis',(-1.,0.,0.));
#5454=DIRECTION('ref_axis',(0.,1.,0.));
#5455=DIRECTION('',(0.,1.,0.));
#5456=DIRECTION('',(0.,0.,-1.));
#5457=DIRECTION('',(0.,1.,0.));
#5458=DIRECTION('center_axis',(-0.674269364021335,-0.738485493928124,0.));
#5459=DIRECTION('ref_axis',(-0.738485493928124,0.674269364021335,0.));
#5460=DIRECTION('',(-0.738485493928124,0.674269364021335,1.27553704021109E-77));
#5461=DIRECTION('',(0.,0.,-1.));
#5462=DIRECTION('',(-0.738485493928124,0.674269364021335,0.));
#5463=DIRECTION('',(0.,0.,-1.));
#5464=DIRECTION('',(0.,0.,-1.));
#5465=DIRECTION('center_axis',(0.737154140200738,-0.67572462851735,0.));
#5466=DIRECTION('ref_axis',(-0.67572462851735,-0.737154140200738,0.));
#5467=DIRECTION('',(-0.67572462851735,-0.737154140200738,1.16713435774088E-77));
#5468=DIRECTION('',(0.,0.,-1.));
#5469=DIRECTION('',(-0.67572462851735,-0.737154140200738,0.));
#5470=DIRECTION('center_axis',(0.999998832787467,0.00152788209745877,0.));
#5471=DIRECTION('ref_axis',(0.00152788209745877,-0.999998832787467,0.));
#5472=DIRECTION('',(0.00152788209745877,-0.999998832787467,-2.63900946519304E-80));
#5473=DIRECTION('',(0.,0.,-1.));
#5474=DIRECTION('',(0.00152788209745877,-0.999998832787467,0.));
#5475=DIRECTION('',(0.,0.,-1.));
#5476=DIRECTION('',(0.,0.,-1.));
#5477=DIRECTION('',(0.,0.,-1.));
#5478=DIRECTION('',(0.,0.,-1.));
#5479=DIRECTION('',(0.,0.,-1.));
#5480=DIRECTION('',(0.,0.,-1.));
#5481=DIRECTION('',(0.,0.,-1.));
#5482=DIRECTION('',(0.,0.,-1.));
#5483=DIRECTION('',(0.,0.,-1.));
#5484=DIRECTION('',(0.,0.,-1.));
#5485=DIRECTION('',(0.,0.,-1.));
#5486=DIRECTION('',(0.,0.,-1.));
#5487=DIRECTION('',(0.,0.,-1.));
#5488=DIRECTION('center_axis',(0.,0.,1.));
#5489=DIRECTION('ref_axis',(-1.,0.,0.));
#5490=DIRECTION('',(0.,0.,-1.));
#5491=DIRECTION('',(0.,0.,-1.));
#5492=DIRECTION('',(0.,0.,-1.));
#5493=DIRECTION('',(0.,0.,-1.));
#5494=DIRECTION('',(0.,0.,-1.));
#5495=DIRECTION('',(0.,0.,-1.));
#5496=DIRECTION('',(0.,0.,-1.));
#5497=DIRECTION('',(0.,0.,-1.));
#5498=DIRECTION('',(0.,0.,-1.));
#5499=DIRECTION('',(0.,0.,-1.));
#5500=DIRECTION('',(0.,0.,-1.));
#5501=DIRECTION('',(0.,0.,-1.));
#5502=DIRECTION('',(0.,0.,-1.));
#5503=DIRECTION('',(0.,0.,-1.));
#5504=DIRECTION('',(0.,0.,-1.));
#5505=DIRECTION('',(0.,0.,-1.));
#5506=DIRECTION('',(0.,0.,-1.));
#5507=DIRECTION('',(0.,0.,-1.));
#5508=DIRECTION('',(0.,0.,-1.));
#5509=DIRECTION('',(0.,0.,-1.));
#5510=DIRECTION('',(0.,0.,-1.));
#5511=DIRECTION('',(0.,0.,-1.));
#5512=DIRECTION('',(0.,0.,-1.));
#5513=DIRECTION('',(0.,0.,-1.));
#5514=DIRECTION('',(0.,0.,-1.));
#5515=DIRECTION('',(0.,0.,-1.));
#5516=DIRECTION('center_axis',(0.,0.,1.));
#5517=DIRECTION('ref_axis',(-1.,0.,0.));
#5518=DIRECTION('',(0.,0.,-1.));
#5519=DIRECTION('',(0.,0.,-1.));
#5520=DIRECTION('',(0.,0.,-1.));
#5521=DIRECTION('',(0.,0.,-1.));
#5522=DIRECTION('',(0.,0.,-1.));
#5523=DIRECTION('',(0.,0.,-1.));
#5524=DIRECTION('',(0.,0.,-1.));
#5525=DIRECTION('',(0.,0.,-1.));
#5526=DIRECTION('',(0.,0.,-1.));
#5527=DIRECTION('',(0.,0.,-1.));
#5528=DIRECTION('',(0.,0.,-1.));
#5529=DIRECTION('center_axis',(-0.624695047554438,-0.780868809443019,0.));
#5530=DIRECTION('ref_axis',(-0.780868809443019,0.624695047554438,0.));
#5531=DIRECTION('',(-0.780868809443019,0.624695047554438,1.34874293155317E-77));
#5532=DIRECTION('',(0.,0.,-1.));
#5533=DIRECTION('',(-0.780868809443019,0.624695047554438,0.));
#5534=DIRECTION('center_axis',(0.765704864789652,0.643192086423225,0.));
#5535=DIRECTION('ref_axis',(0.643192086423225,-0.765704864789652,0.));
#5536=DIRECTION('',(0.643192086423225,-0.765704864789652,-1.11094305433077E-77));
#5537=DIRECTION('',(0.,0.,-1.));
#5538=DIRECTION('',(0.643192086423225,-0.765704864789652,0.));
#5539=DIRECTION('',(0.,0.,-1.));
#5540=DIRECTION('',(0.,0.,-1.));
#5541=DIRECTION('',(0.,0.,-1.));
#5542=DIRECTION('',(0.,0.,-1.));
#5543=DIRECTION('',(0.,0.,-1.));
#5544=DIRECTION('center_axis',(0.,0.,1.));
#5545=DIRECTION('ref_axis',(-1.,0.,0.));
#5546=DIRECTION('',(0.,0.,-1.));
#5547=DIRECTION('',(0.,0.,-1.));
#5548=DIRECTION('',(0.,0.,-1.));
#5549=DIRECTION('',(0.,0.,-1.));
#5550=DIRECTION('',(0.,0.,-1.));
#5551=DIRECTION('',(0.,0.,-1.));
#5552=DIRECTION('',(0.,0.,-1.));
#5553=DIRECTION('',(0.,0.,-1.));
#5554=DIRECTION('',(0.,0.,-1.));
#5555=DIRECTION('',(0.,0.,-1.));
#5556=DIRECTION('',(0.,0.,-1.));
#5557=DIRECTION('',(0.,0.,-1.));
#5558=DIRECTION('center_axis',(0.707106781186552,0.707106781186543,0.));
#5559=DIRECTION('ref_axis',(0.707106781186543,-0.707106781186552,0.));
#5560=DIRECTION('',(0.707106781186543,-0.707106781186552,-1.22133866975545E-77));
#5561=DIRECTION('',(0.,0.,-1.));
#5562=DIRECTION('',(0.707106781186543,-0.707106781186552,0.));
#5563=DIRECTION('center_axis',(0.00536472966595619,0.999985609734266,0.));
#5564=DIRECTION('ref_axis',(0.999985609734266,-0.00536472966595619,0.));
#5565=DIRECTION('',(0.999985609734266,-0.00536472966595619,-1.7272088556668E-77));
#5566=DIRECTION('',(0.,0.,-1.));
#5567=DIRECTION('',(0.999985609734266,-0.00536472966595619,0.));
#5568=DIRECTION('',(0.,0.,-1.));
#5569=DIRECTION('',(0.,0.,-1.));
#5570=DIRECTION('center_axis',(0.999108513517014,0.0422158526838265,0.));
#5571=DIRECTION('ref_axis',(0.0422158526838265,-0.999108513517014,0.));
#5572=DIRECTION('',(0.0422158526838265,-0.999108513517014,-7.29166438949125E-79));
#5573=DIRECTION('',(0.,0.,-1.));
#5574=DIRECTION('',(0.0422158526838265,-0.999108513517014,0.));
#5575=DIRECTION('center_axis',(0.,-1.,0.));
#5576=DIRECTION('ref_axis',(-1.,0.,0.));
#5577=DIRECTION('',(-1.,0.,1.72723371101889E-77));
#5578=DIRECTION('',(0.,0.,-1.));
#5579=DIRECTION('',(-1.,0.,0.));
#5580=DIRECTION('center_axis',(0.721387321030959,-0.692531828189706,0.));
#5581=DIRECTION('ref_axis',(-0.692531828189706,-0.721387321030959,0.));
#5582=DIRECTION('',(-0.692531828189706,-0.721387321030959,1.1961643196028E-77));
#5583=DIRECTION('',(0.,0.,-1.));
#5584=DIRECTION('',(-0.692531828189706,-0.721387321030959,0.));
#5585=DIRECTION('',(0.,0.,-1.));
#5586=DIRECTION('',(0.,0.,-1.));
#5587=DIRECTION('',(0.,0.,-1.));
#5588=DIRECTION('center_axis',(0.,1.,0.));
#5589=DIRECTION('ref_axis',(1.,0.,0.));
#5590=DIRECTION('',(1.,0.,-1.72723371101889E-77));
#5591=DIRECTION('',(0.,0.,-1.));
#5592=DIRECTION('',(1.,0.,0.));
#5593=DIRECTION('center_axis',(0.998812351124896,-0.04872255371343,0.));
#5594=DIRECTION('ref_axis',(-0.04872255371343,-0.998812351124896,0.));
#5595=DIRECTION('',(-0.04872255371343,-0.998812351124896,8.41552372607649E-79));
#5596=DIRECTION('',(0.,0.,-1.));
#5597=DIRECTION('',(-0.04872255371343,-0.998812351124896,0.));
#5598=DIRECTION('',(0.,0.,-1.));
#5599=DIRECTION('',(0.,0.,-1.));
#5600=DIRECTION('',(0.,0.,-1.));
#5601=DIRECTION('',(0.,0.,-1.));
#5602=DIRECTION('',(0.,0.,-1.));
#5603=DIRECTION('center_axis',(0.707106781186552,0.707106781186543,0.));
#5604=DIRECTION('ref_axis',(0.707106781186543,-0.707106781186552,0.));
#5605=DIRECTION('',(0.707106781186543,-0.707106781186552,-1.22133866975545E-77));
#5606=DIRECTION('',(0.,0.,-1.));
#5607=DIRECTION('',(0.707106781186543,-0.707106781186552,0.));
#5608=DIRECTION('center_axis',(0.00111482650900886,0.999999378580734,0.));
#5609=DIRECTION('ref_axis',(0.999999378580734,-0.00111482650900886,0.));
#5610=DIRECTION('',(0.999999378580734,-0.00111482650900886,-1.72723263768259E-77));
#5611=DIRECTION('',(0.,0.,-1.));
#5612=DIRECTION('',(0.999999378580734,-0.00111482650900886,0.));
#5613=DIRECTION('center_axis',(0.,0.,1.));
#5614=DIRECTION('ref_axis',(-1.,0.,0.));
#5615=DIRECTION('',(0.,0.,-1.));
#5616=DIRECTION('',(0.,0.,-1.));
#5617=DIRECTION('',(0.,0.,-1.));
#5618=DIRECTION('',(0.,0.,-1.));
#5619=DIRECTION('',(0.,0.,-1.));
#5620=DIRECTION('',(0.,0.,-1.));
#5621=DIRECTION('',(0.,0.,-1.));
#5622=DIRECTION('',(0.,0.,-1.));
#5623=DIRECTION('',(0.,0.,-1.));
#5624=DIRECTION('',(0.,0.,-1.));
#5625=DIRECTION('',(0.,0.,-1.));
#5626=DIRECTION('',(0.,0.,-1.));
#5627=DIRECTION('',(0.,0.,-1.));
#5628=DIRECTION('',(0.,0.,-1.));
#5629=DIRECTION('',(0.,0.,-1.));
#5630=DIRECTION('',(0.,0.,-1.));
#5631=DIRECTION('',(0.,0.,-1.));
#5632=DIRECTION('',(0.,0.,-1.));
#5633=DIRECTION('',(0.,0.,-1.));
#5634=DIRECTION('',(0.,0.,-1.));
#5635=DIRECTION('',(0.,0.,-1.));
#5636=DIRECTION('',(0.,0.,-1.));
#5637=DIRECTION('center_axis',(0.,0.,1.));
#5638=DIRECTION('ref_axis',(-1.,0.,0.));
#5639=DIRECTION('center_axis',(-0.0570497905385263,0.998371334423976,0.));
#5640=DIRECTION('ref_axis',(0.998371334423976,0.0570497905385262,0.));
#5641=DIRECTION('',(0.998371334423976,0.0570497905385262,-1.72442062493201E-77));
#5642=DIRECTION('',(0.,0.,-1.));
#5643=DIRECTION('',(0.998371334423976,0.0570497905385262,0.));
#5644=DIRECTION('',(0.,0.,-1.));
#5645=DIRECTION('center_axis',(-0.122155201343207,-0.992511010913632,0.));
#5646=DIRECTION('ref_axis',(-0.992511010913632,0.122155201343207,0.));
#5647=DIRECTION('',(-0.992511010913632,0.122155201343207,1.71429847660746E-77));
#5648=DIRECTION('',(0.,0.,-1.));
#5649=DIRECTION('',(-0.992511010913632,0.122155201343207,0.));
#5650=DIRECTION('',(0.,0.,-1.));
#5651=DIRECTION('',(0.,0.,-1.));
#5652=DIRECTION('',(0.,0.,-1.));
#5653=DIRECTION('center_axis',(-0.896526715327566,-0.442989671103024,0.));
#5654=DIRECTION('ref_axis',(-0.442989671103024,0.896526715327566,0.));
#5655=DIRECTION('',(-0.442989671103024,0.896526715327566,7.65146693562313E-78));
#5656=DIRECTION('',(0.,0.,-1.));
#5657=DIRECTION('',(-0.442989671103024,0.896526715327566,0.));
#5658=DIRECTION('center_axis',(-0.999965279586122,0.00833304399653252,0.));
#5659=DIRECTION('ref_axis',(0.00833304399653252,0.999965279586122,0.));
#5660=DIRECTION('',(0.00833304399653252,0.999965279586122,-1.43931145062145E-79));
#5661=DIRECTION('',(0.,0.,-1.));
#5662=DIRECTION('',(0.00833304399653252,0.999965279586122,0.));
#5663=DIRECTION('',(0.,0.,-1.));
#5664=DIRECTION('',(0.,0.,-1.));
#5665=DIRECTION('',(0.,0.,-1.));
#5666=DIRECTION('',(0.,0.,-1.));
#5667=DIRECTION('',(0.,0.,-1.));
#5668=DIRECTION('',(0.,0.,-1.));
#5669=DIRECTION('center_axis',(-0.392165606915575,-0.919894633505674,0.));
#5670=DIRECTION('ref_axis',(-0.919894633505674,0.392165606915575,0.));
#5671=DIRECTION('',(-0.919894633505674,0.392165606915575,1.58887302157637E-77));
#5672=DIRECTION('',(0.,0.,-1.));
#5673=DIRECTION('',(-0.919894633505674,0.392165606915575,0.));
#5674=DIRECTION('center_axis',(0.760833951959103,-0.648946606082729,0.));
#5675=DIRECTION('ref_axis',(-0.648946606082729,-0.760833951959103,0.));
#5676=DIRECTION('',(-0.648946606082729,-0.760833951959103,1.12088245467739E-77));
#5677=DIRECTION('',(0.,0.,-1.));
#5678=DIRECTION('',(-0.648946606082729,-0.760833951959103,0.));
#5679=DIRECTION('',(0.,0.,-1.));
#5680=DIRECTION('',(0.,0.,-1.));
#5681=DIRECTION('',(0.,0.,-1.));
#5682=DIRECTION('',(0.,0.,-1.));
#5683=DIRECTION('',(0.,0.,-1.));
#5684=DIRECTION('',(0.,0.,-1.));
#5685=DIRECTION('',(0.,0.,-1.));
#5686=DIRECTION('center_axis',(0.,0.,1.));
#5687=DIRECTION('ref_axis',(-1.,0.,0.));
#5688=DIRECTION('center_axis',(-0.447213595499958,-0.894427190999916,0.));
#5689=DIRECTION('ref_axis',(-0.894427190999916,0.447213595499958,0.));
#5690=DIRECTION('',(-0.894427190999916,0.447213595499958,1.54488479634699E-77));
#5691=DIRECTION('',(0.,0.,-1.));
#5692=DIRECTION('',(-0.894427190999916,0.447213595499958,0.));
#5693=DIRECTION('',(0.,0.,-1.));
#5694=DIRECTION('',(0.,0.,-1.));
#5695=DIRECTION('',(0.,0.,-1.));
#5696=DIRECTION('',(0.,0.,-1.));
#5697=DIRECTION('',(0.,0.,-1.));
#5698=DIRECTION('center_axis',(1.58367999632711E-15,1.,0.));
#5699=DIRECTION('ref_axis',(1.,-1.58367999632711E-15,0.));
#5700=DIRECTION('',(1.,-1.58367999632711E-15,-1.72723371101889E-77));
#5701=DIRECTION('',(0.,0.,-1.));
#5702=DIRECTION('',(1.,-1.58367999632711E-15,0.));
#5703=DIRECTION('center_axis',(1.,5.6049135353881E-15,0.));
#5704=DIRECTION('ref_axis',(5.6049135353881E-15,-1.,0.));
#5705=DIRECTION('',(5.6049135353881E-15,-1.,-9.6809956056684E-92));
#5706=DIRECTION('',(0.,0.,-1.));
#5707=DIRECTION('',(5.6049135353881E-15,-1.,0.));
#5708=DIRECTION('',(0.,0.,-1.));
#5709=DIRECTION('',(0.,0.,-1.));
#5710=DIRECTION('center_axis',(-0.00384120085490622,-0.999992622560783,
0.));
#5711=DIRECTION('ref_axis',(-0.999992622560783,0.00384120085490622,0.));
#5712=DIRECTION('',(-0.999992622560783,0.00384120085490622,1.72722096845717E-77));
#5713=DIRECTION('',(-0.999992622560783,0.00384120085490622,0.));
#5714=DIRECTION('',(0.,0.,-1.));
#5715=DIRECTION('',(0.,0.,-1.));
#5716=DIRECTION('center_axis',(-0.999997657473421,-0.00216449709409877,
0.));
#5717=DIRECTION('ref_axis',(-0.00216449709409877,0.999997657473421,0.));
#5718=DIRECTION('',(-0.00216449709409877,0.999997657473421,3.73859234832982E-80));
#5719=DIRECTION('',(0.,0.,-1.));
#5720=DIRECTION('',(-0.00216449709409877,0.999997657473421,0.));
#5721=DIRECTION('center_axis',(-0.620702944365579,-0.784045824461747,0.));
#5722=DIRECTION('ref_axis',(-0.784045824461747,0.620702944365579,0.));
#5723=DIRECTION('',(-0.784045824461747,0.620702944365579,1.35423037899393E-77));
#5724=DIRECTION('',(0.,0.,-1.));
#5725=DIRECTION('',(-0.784045824461747,0.620702944365579,0.));
#5726=DIRECTION('',(0.,0.,-1.));
#5727=DIRECTION('center_axis',(0.,-1.,0.));
#5728=DIRECTION('ref_axis',(-1.,0.,0.));
#5729=DIRECTION('',(-1.,0.,1.72723371101889E-77));
#5730=DIRECTION('',(0.,0.,-1.));
#5731=DIRECTION('',(-1.,0.,0.));
#5732=DIRECTION('center_axis',(0.721387321030919,-0.692531828189747,0.));
#5733=DIRECTION('ref_axis',(-0.692531828189747,-0.721387321030919,0.));
#5734=DIRECTION('',(-0.692531828189747,-0.721387321030919,1.19616431960287E-77));
#5735=DIRECTION('',(0.,0.,-1.));
#5736=DIRECTION('',(-0.692531828189747,-0.721387321030919,0.));
#5737=DIRECTION('center_axis',(0.692531828189746,-0.721387321030921,0.));
#5738=DIRECTION('ref_axis',(-0.721387321030921,-0.692531828189746,0.));
#5739=DIRECTION('',(-0.721387321030921,-0.692531828189746,1.24600449958621E-77));
#5740=DIRECTION('',(0.,0.,-1.));
#5741=DIRECTION('',(-0.721387321030921,-0.692531828189746,0.));
#5742=DIRECTION('center_axis',(1.,0.,0.));
#5743=DIRECTION('ref_axis',(0.,-1.,0.));
#5744=DIRECTION('',(0.,-1.,0.));
#5745=DIRECTION('',(0.,0.,-1.));
#5746=DIRECTION('',(0.,-1.,0.));
#5747=DIRECTION('center_axis',(-0.00164473461746856,-0.999998647423104,
0.));
#5748=DIRECTION('ref_axis',(-0.999998647423104,0.00164473461746856,0.));
#5749=DIRECTION('',(-0.999998647423104,0.00164473461746856,1.72723137480248E-77));
#5750=DIRECTION('',(0.,0.,-1.));
#5751=DIRECTION('',(-0.999998647423104,0.00164473461746856,0.));
#5752=DIRECTION('center_axis',(-2.00373350441387E-15,-1.,0.));
#5753=DIRECTION('ref_axis',(-1.,2.00373350441387E-15,0.));
#5754=DIRECTION('',(-1.,2.00373350441387E-15,1.72723371101889E-77));
#5755=DIRECTION('',(0.,0.,-1.));
#5756=DIRECTION('',(-1.,2.00373350441387E-15,0.));
#5757=DIRECTION('center_axis',(-0.825716663995464,-0.564085091808143,0.));
#5758=DIRECTION('ref_axis',(-0.564085091808143,0.825716663995464,0.));
#5759=DIRECTION('',(-0.564085091808143,0.825716663995464,9.74306786454211E-78));
#5760=DIRECTION('',(0.,0.,-1.));
#5761=DIRECTION('',(-0.564085091808143,0.825716663995464,0.));
#5762=DIRECTION('',(0.,0.,-1.));
#5763=DIRECTION('',(0.,0.,-1.));
#5764=DIRECTION('center_axis',(0.0104161015723119,-0.999945750942538,0.));
#5765=DIRECTION('ref_axis',(-0.999945750942537,-0.0104161015723119,0.));
#5766=DIRECTION('',(-0.999945750942537,-0.0104161015723119,1.72714001021805E-77));
#5767=DIRECTION('',(0.,0.,-1.));
#5768=DIRECTION('',(-0.999945750942537,-0.0104161015723119,0.));
#5769=DIRECTION('center_axis',(0.912509324514941,-0.409055904092931,0.));
#5770=DIRECTION('ref_axis',(-0.409055904092931,-0.912509324514941,0.));
#5771=DIRECTION('',(-0.409055904092931,-0.912509324514941,7.06535147240621E-78));
#5772=DIRECTION('',(0.,0.,-1.));
#5773=DIRECTION('',(-0.409055904092931,-0.912509324514941,0.));
#5774=DIRECTION('',(0.,0.,-1.));
#5775=DIRECTION('',(0.,0.,-1.));
#5776=DIRECTION('',(0.,0.,-1.));
#5777=DIRECTION('',(0.,0.,-1.));
#5778=DIRECTION('',(0.,0.,-1.));
#5779=DIRECTION('',(0.,0.,-1.));
#5780=DIRECTION('',(0.,0.,-1.));
#5781=DIRECTION('',(0.,0.,-1.));
#5782=DIRECTION('',(0.,0.,-1.));
#5783=DIRECTION('center_axis',(0.,0.,1.));
#5784=DIRECTION('ref_axis',(-1.,0.,0.));
#5785=DIRECTION('center_axis',(-0.439552863980821,-0.89821672204778,0.));
#5786=DIRECTION('ref_axis',(-0.89821672204778,0.439552863980821,0.));
#5787=DIRECTION('',(-0.89821672204778,0.439552863980821,1.55143020212181E-77));
#5788=DIRECTION('',(0.,0.,-1.));
#5789=DIRECTION('',(-0.89821672204778,0.439552863980821,0.));
#5790=DIRECTION('',(0.,0.,-1.));
#5791=DIRECTION('',(0.,0.,-1.));
#5792=DIRECTION('',(0.,0.,-1.));
#5793=DIRECTION('',(0.,0.,-1.));
#5794=DIRECTION('',(0.,0.,-1.));
#5795=DIRECTION('',(0.,0.,-1.));
#5796=DIRECTION('center_axis',(0.,1.,0.));
#5797=DIRECTION('ref_axis',(1.,0.,0.));
#5798=DIRECTION('',(1.,0.,-1.72723371101889E-77));
#5799=DIRECTION('',(0.,0.,-1.));
#5800=DIRECTION('',(1.,0.,0.));
#5801=DIRECTION('center_axis',(1.,0.,0.));
#5802=DIRECTION('ref_axis',(0.,-1.,0.));
#5803=DIRECTION('',(0.,-1.,0.));
#5804=DIRECTION('',(0.,0.,-1.));
#5805=DIRECTION('',(0.,-1.,0.));
#5806=DIRECTION('',(0.,0.,-1.));
#5807=DIRECTION('',(0.,0.,-1.));
#5808=DIRECTION('center_axis',(-0.00384120085490624,-0.999992622560783,
0.));
#5809=DIRECTION('ref_axis',(-0.999992622560783,0.00384120085490623,0.));
#5810=DIRECTION('',(-0.999992622560783,0.00384120085490623,1.72722096845717E-77));
#5811=DIRECTION('',(-0.999992622560783,0.00384120085490623,0.));
#5812=DIRECTION('',(0.,0.,-1.));
#5813=DIRECTION('',(0.,0.,-1.));
#5814=DIRECTION('center_axis',(-0.999997657473421,-0.002164497094098,0.));
#5815=DIRECTION('ref_axis',(-0.002164497094098,0.999997657473421,0.));
#5816=DIRECTION('',(-0.002164497094098,0.999997657473421,3.73859234832849E-80));
#5817=DIRECTION('',(0.,0.,-1.));
#5818=DIRECTION('',(-0.002164497094098,0.999997657473421,0.));
#5819=DIRECTION('center_axis',(-0.62070294436555,-0.78404582446177,0.));
#5820=DIRECTION('ref_axis',(-0.78404582446177,0.62070294436555,0.));
#5821=DIRECTION('',(-0.78404582446177,0.62070294436555,1.35423037899397E-77));
#5822=DIRECTION('',(0.,0.,-1.));
#5823=DIRECTION('',(-0.78404582446177,0.62070294436555,0.));
#5824=DIRECTION('',(0.,0.,-1.));
#5825=DIRECTION('center_axis',(0.,-1.,0.));
#5826=DIRECTION('ref_axis',(-1.,0.,0.));
#5827=DIRECTION('',(-1.,0.,1.72723371101889E-77));
#5828=DIRECTION('',(0.,0.,-1.));
#5829=DIRECTION('',(-1.,0.,0.));
#5830=DIRECTION('center_axis',(0.792623989104587,-0.60971076084971,0.));
#5831=DIRECTION('ref_axis',(-0.60971076084971,-0.792623989104587,0.));
#5832=DIRECTION('',(-0.60971076084971,-0.792623989104587,1.0531129801106E-77));
#5833=DIRECTION('',(0.,0.,-1.));
#5834=DIRECTION('',(-0.60971076084971,-0.792623989104587,0.));
#5835=DIRECTION('',(0.,0.,-1.));
#5836=DIRECTION('center_axis',(1.,0.,0.));
#5837=DIRECTION('ref_axis',(0.,-1.,0.));
#5838=DIRECTION('',(0.,-1.,0.));
#5839=DIRECTION('',(0.,0.,-1.));
#5840=DIRECTION('',(0.,-1.,0.));
#5841=DIRECTION('center_axis',(-0.00164473461747055,-0.999998647423104,
0.));
#5842=DIRECTION('ref_axis',(-0.999998647423104,0.00164473461747055,0.));
#5843=DIRECTION('',(-0.999998647423104,0.00164473461747055,1.72723137480248E-77));
#5844=DIRECTION('',(0.,0.,-1.));
#5845=DIRECTION('',(-0.999998647423104,0.00164473461747055,0.));
#5846=DIRECTION('center_axis',(-2.00373350441388E-15,-1.,0.));
#5847=DIRECTION('ref_axis',(-1.,2.00373350441388E-15,0.));
#5848=DIRECTION('',(-1.,2.00373350441388E-15,1.72723371101889E-77));
#5849=DIRECTION('',(0.,0.,-1.));
#5850=DIRECTION('',(-1.,2.00373350441388E-15,0.));
#5851=DIRECTION('center_axis',(-0.824852336948948,-0.565348230942539,0.));
#5852=DIRECTION('ref_axis',(-0.565348230942539,0.824852336948948,0.));
#5853=DIRECTION('',(-0.565348230942539,0.824852336948948,9.76488522948847E-78));
#5854=DIRECTION('',(0.,0.,-1.));
#5855=DIRECTION('',(-0.565348230942539,0.824852336948948,0.));
#5856=DIRECTION('',(0.,0.,-1.));
#5857=DIRECTION('',(0.,0.,-1.));
#5858=DIRECTION('center_axis',(0.0104161015723119,-0.999945750942538,0.));
#5859=DIRECTION('ref_axis',(-0.999945750942537,-0.0104161015723119,0.));
#5860=DIRECTION('',(-0.999945750942537,-0.0104161015723119,1.72714001021805E-77));
#5861=DIRECTION('',(0.,0.,-1.));
#5862=DIRECTION('',(-0.999945750942537,-0.0104161015723119,0.));
#5863=DIRECTION('center_axis',(0.912509324514917,-0.409055904092987,0.));
#5864=DIRECTION('ref_axis',(-0.409055904092987,-0.912509324514917,0.));
#5865=DIRECTION('',(-0.409055904092987,-0.912509324514917,7.06535147240717E-78));
#5866=DIRECTION('',(0.,0.,-1.));
#5867=DIRECTION('',(-0.409055904092987,-0.912509324514917,0.));
#5868=DIRECTION('',(0.,0.,-1.));
#5869=DIRECTION('',(0.,0.,-1.));
#5870=DIRECTION('',(0.,0.,-1.));
#5871=DIRECTION('',(0.,0.,-1.));
#5872=DIRECTION('',(0.,0.,-1.));
#5873=DIRECTION('',(0.,0.,-1.));
#5874=DIRECTION('',(0.,0.,-1.));
#5875=DIRECTION('',(0.,0.,-1.));
#5876=DIRECTION('',(0.,0.,-1.));
#5877=DIRECTION('center_axis',(0.,0.,1.));
#5878=DIRECTION('ref_axis',(-1.,0.,0.));
#5879=DIRECTION('center_axis',(-1.72723371101889E-77,0.,-1.));
#5880=DIRECTION('ref_axis',(1.,0.,-1.72723371101889E-77));
#5881=DIRECTION('center_axis',(-1.72723371101889E-77,0.,-1.));
#5882=DIRECTION('ref_axis',(1.,0.,-1.72723371101889E-77));
#5883=DIRECTION('center_axis',(-1.72723371101889E-77,0.,-1.));
#5884=DIRECTION('ref_axis',(1.,0.,-1.72723371101889E-77));
#5885=DIRECTION('center_axis',(-1.72723371101889E-77,0.,-1.));
#5886=DIRECTION('ref_axis',(1.,0.,-1.72723371101889E-77));
#5887=DIRECTION('center_axis',(-1.72723371101889E-77,0.,-1.));
#5888=DIRECTION('ref_axis',(1.,0.,-1.72723371101889E-77));
#5889=DIRECTION('center_axis',(-1.72723371101889E-77,0.,-1.));
#5890=DIRECTION('ref_axis',(1.,0.,-1.72723371101889E-77));
#5891=DIRECTION('',(-1.,0.,1.72723371101889E-77));
#5892=DIRECTION('',(0.,-1.,0.));
#5893=DIRECTION('',(1.,0.,-1.72723371101889E-77));
#5894=DIRECTION('',(0.,-1.,0.));
#5895=DIRECTION('center_axis',(-1.,0.,1.72723371101889E-77));
#5896=DIRECTION('ref_axis',(-1.72723371101889E-77,0.,-1.));
#5897=DIRECTION('',(1.72723371101889E-77,0.,1.));
#5898=DIRECTION('',(-1.72723371101889E-77,0.,-1.));
#5899=DIRECTION('',(0.,-1.,0.));
#5900=DIRECTION('center_axis',(1.72723371101889E-77,0.,1.));
#5901=DIRECTION('ref_axis',(-1.,0.,1.72723371101889E-77));
#5902=DIRECTION('',(1.,0.,-1.72723371101889E-77));
#5903=DIRECTION('',(-1.,0.,1.72723371101889E-77));
#5904=DIRECTION('',(0.,-1.,0.));
#5905=DIRECTION('center_axis',(1.,0.,-1.72723371101889E-77));
#5906=DIRECTION('ref_axis',(1.72723371101889E-77,0.,1.));
#5907=DIRECTION('',(-1.72723371101889E-77,0.,-1.));
#5908=DIRECTION('',(1.72723371101889E-77,0.,1.));
#5909=DIRECTION('center_axis',(1.,0.,-1.72723371101889E-77));
#5910=DIRECTION('ref_axis',(1.72723371101889E-77,0.,1.));
#5911=DIRECTION('',(0.,-1.,0.));
#5912=DIRECTION('',(1.72723371101889E-77,0.,1.));
#5913=DIRECTION('',(0.,-1.,0.));
#5914=DIRECTION('',(1.72723371101889E-77,0.,1.));
#5915=DIRECTION('center_axis',(1.,0.,-1.72723371101889E-77));
#5916=DIRECTION('ref_axis',(1.72723371101889E-77,0.,1.));
#5917=DIRECTION('',(0.,1.,0.));
#5918=DIRECTION('',(1.72723371101889E-77,0.,1.));
#5919=DIRECTION('',(0.,-1.,0.));
#5920=DIRECTION('',(1.72723371101889E-77,0.,1.));
#5921=DIRECTION('center_axis',(-1.72723371101889E-77,0.,-1.));
#5922=DIRECTION('ref_axis',(1.,0.,-1.72723371101889E-77));
#5923=DIRECTION('',(1.,0.,-1.72723371101889E-77));
#5924=DIRECTION('',(0.,-1.,0.));
#5925=DIRECTION('',(1.,0.,-1.72723371101889E-77));
#5926=DIRECTION('center_axis',(-1.,0.,1.72723371101889E-77));
#5927=DIRECTION('ref_axis',(-1.72723371101889E-77,0.,-1.));
#5928=DIRECTION('',(-1.72723371101889E-77,0.,-1.));
#5929=DIRECTION('',(0.,-1.,0.));
#5930=DIRECTION('',(-1.72723371101889E-77,0.,-1.));
#5931=DIRECTION('center_axis',(1.72723371101889E-77,0.,1.));
#5932=DIRECTION('ref_axis',(-1.,0.,1.72723371101889E-77));
#5933=DIRECTION('',(-1.,0.,1.72723371101889E-77));
#5934=DIRECTION('',(-1.,0.,1.72723371101889E-77));
#5935=DIRECTION('center_axis',(0.,-1.,0.));
#5936=DIRECTION('ref_axis',(0.,0.,-1.));
#5937=DIRECTION('center_axis',(0.,1.,0.));
#5938=DIRECTION('ref_axis',(1.72723371101889E-77,0.,1.));
#5939=DIRECTION('center_axis',(0.,1.,0.));
#5940=DIRECTION('ref_axis',(1.72723371101889E-77,0.,1.));
#5941=DIRECTION('center_axis',(0.,-1.,0.));
#5942=DIRECTION('ref_axis',(1.72723371101889E-77,0.,1.));
#5943=DIRECTION('center_axis',(0.,-1.,0.));
#5944=DIRECTION('ref_axis',(1.72723371101889E-77,0.,1.));
#5945=DIRECTION('',(0.,-1.,0.));
#5946=DIRECTION('center_axis',(0.,-1.,0.));
#5947=DIRECTION('ref_axis',(1.72723371101889E-77,0.,1.));
#5948=DIRECTION('center_axis',(0.,1.,0.));
#5949=DIRECTION('ref_axis',(1.72723371101889E-77,0.,1.));
#5950=DIRECTION('center_axis',(1.15711967310617E-12,0.,1.));
#5951=DIRECTION('ref_axis',(-1.,0.,1.15711967310617E-12));
#5952=DIRECTION('',(0.,-1.,0.));
#5953=DIRECTION('',(-1.,0.,1.15711967310617E-12));
#5954=DIRECTION('',(0.,-1.,0.));
#5955=DIRECTION('',(-1.,0.,1.15711967310617E-12));
#5956=DIRECTION('',(0.,-1.,0.));
#5957=DIRECTION('center_axis',(0.,1.,0.));
#5958=DIRECTION('ref_axis',(1.72723371101889E-77,0.,1.));
#5959=DIRECTION('',(-1.72723371101889E-77,0.,-1.));
#5960=DIRECTION('',(0.00761806497663252,0.,-0.999970982121987));
#5961=DIRECTION('',(1.,0.,-7.13783368472775E-13));
#5962=DIRECTION('',(0.707106781186544,0.,-0.707106781186551));
#5963=DIRECTION('',(-1.72723371101889E-77,0.,-1.));
#5964=DIRECTION('',(-0.707106781186546,0.,-0.707106781186549));
#5965=DIRECTION('',(-1.,0.,1.72723371101889E-77));
#5966=DIRECTION('center_axis',(0.,-1.,0.));
#5967=DIRECTION('ref_axis',(1.72723371101889E-77,0.,1.));
#5968=DIRECTION('center_axis',(0.,-1.,0.));
#5969=DIRECTION('ref_axis',(1.72723371101889E-77,0.,1.));
#5970=DIRECTION('center_axis',(0.,-1.,0.));
#5971=DIRECTION('ref_axis',(1.72723371101889E-77,0.,1.));
#5972=DIRECTION('center_axis',(0.,-1.,0.));
#5973=DIRECTION('ref_axis',(1.72723371101889E-77,0.,1.));
#5974=DIRECTION('center_axis',(0.,-1.,0.));
#5975=DIRECTION('ref_axis',(1.72723371101889E-77,0.,1.));
#5976=DIRECTION('center_axis',(0.,-1.,0.));
#5977=DIRECTION('ref_axis',(1.72723371101889E-77,0.,1.));
#5978=DIRECTION('center_axis',(-0.707106781186551,0.,-0.707106781186544));
#5979=DIRECTION('ref_axis',(0.707106781186544,0.,-0.707106781186551));
#5980=DIRECTION('',(0.,-1.,0.));
#5981=DIRECTION('',(-0.707106781186544,0.,0.707106781186551));
#5982=DIRECTION('',(0.,-1.,0.));
#5983=DIRECTION('center_axis',(-7.13783368472775E-13,0.,-1.));
#5984=DIRECTION('ref_axis',(1.,0.,-7.13783368472775E-13));
#5985=DIRECTION('',(0.,-1.,0.));
#5986=DIRECTION('',(1.,0.,-7.13783368472775E-13));
#5987=DIRECTION('',(0.,-1.,0.));
#5988=DIRECTION('',(-1.,0.,7.13783368472775E-13));
#5989=DIRECTION('center_axis',(0.,-1.,0.));
#5990=DIRECTION('ref_axis',(1.72723371101889E-77,0.,1.));
#5991=DIRECTION('',(0.,-1.,0.));
#5992=DIRECTION('center_axis',(0.,1.,0.));
#5993=DIRECTION('ref_axis',(1.72723371101889E-77,0.,1.));
#5994=DIRECTION('center_axis',(0.,-1.,0.));
#5995=DIRECTION('ref_axis',(1.72723371101889E-77,0.,1.));
#5996=DIRECTION('',(0.,-1.,0.));
#5997=DIRECTION('center_axis',(0.,1.,0.));
#5998=DIRECTION('ref_axis',(1.72723371101889E-77,0.,1.));
#5999=DIRECTION('center_axis',(-1.,0.,1.72723371101889E-77));
#6000=DIRECTION('ref_axis',(-1.72723371101889E-77,0.,-1.));
#6001=DIRECTION('',(1.72723371101889E-77,0.,1.));
#6002=DIRECTION('',(0.,-1.,0.));
#6003=DIRECTION('center_axis',(-0.707106781186549,0.,0.707106781186546));
#6004=DIRECTION('ref_axis',(-0.707106781186546,0.,-0.707106781186549));
#6005=DIRECTION('',(0.707106781186546,0.,0.707106781186549));
#6006=DIRECTION('',(0.,-1.,0.));
#6007=DIRECTION('center_axis',(1.72723371101889E-77,0.,1.));
#6008=DIRECTION('ref_axis',(-1.,0.,1.72723371101889E-77));
#6009=DIRECTION('',(1.,0.,-1.72723371101889E-77));
#6010=DIRECTION('',(0.,-1.,0.));
#6011=DIRECTION('center_axis',(-1.,0.,1.72723371101889E-77));
#6012=DIRECTION('ref_axis',(-1.72723371101889E-77,0.,-1.));
#6013=DIRECTION('',(1.72723371101889E-77,0.,1.));
#6014=DIRECTION('',(0.,-1.,0.));
#6015=DIRECTION('center_axis',(-1.,0.,1.72723371101889E-77));
#6016=DIRECTION('ref_axis',(-1.72723371101889E-77,0.,-1.));
#6017=DIRECTION('',(-1.72723371101889E-77,0.,-1.));
#6018=DIRECTION('',(-1.72723371101889E-77,0.,-1.));
#6019=DIRECTION('center_axis',(0.,-1.,0.));
#6020=DIRECTION('ref_axis',(-1.72723371101889E-77,0.,-1.));
#6021=DIRECTION('',(-0.707106781185728,0.,0.707106781187367));
#6022=DIRECTION('',(1.15591012576901E-12,0.,1.));
#6023=DIRECTION('',(0.707106781186543,0.,0.707106781186552));
#6024=DIRECTION('',(1.,0.,-1.72723371101889E-77));
#6025=DIRECTION('center_axis',(0.,1.,0.));
#6026=DIRECTION('ref_axis',(-1.72723371101889E-77,0.,-1.));
#6027=DIRECTION('',(0.00761806497663252,0.,-0.999970982121987));
#6028=DIRECTION('center_axis',(0.,1.,0.));
#6029=DIRECTION('ref_axis',(1.72723371101889E-77,0.,1.));
#6030=DIRECTION('center_axis',(0.,-1.,0.));
#6031=DIRECTION('ref_axis',(1.72723371101889E-77,0.,1.));
#6032=DIRECTION('',(0.,1.,0.));
#6033=DIRECTION('center_axis',(0.,1.,0.));
#6034=DIRECTION('ref_axis',(1.72723371101889E-77,0.,1.));
#6035=DIRECTION('center_axis',(0.,-1.,0.));
#6036=DIRECTION('ref_axis',(1.72723371101889E-77,0.,1.));
#6037=DIRECTION('',(0.,1.,0.));
#6038=DIRECTION('center_axis',(0.,1.,0.));
#6039=DIRECTION('ref_axis',(1.72723371101889E-77,0.,1.));
#6040=DIRECTION('center_axis',(0.,-1.,0.));
#6041=DIRECTION('ref_axis',(1.72723371101889E-77,0.,1.));
#6042=DIRECTION('',(0.,1.,0.));
#6043=DIRECTION('center_axis',(0.,1.,0.));
#6044=DIRECTION('ref_axis',(1.72723371101889E-77,0.,1.));
#6045=DIRECTION('center_axis',(0.,-1.,0.));
#6046=DIRECTION('ref_axis',(1.72723371101889E-77,0.,1.));
#6047=DIRECTION('',(0.,1.,0.));
#6048=DIRECTION('center_axis',(-0.999970982121987,0.,-0.00761806497663252));
#6049=DIRECTION('ref_axis',(0.00761806497663252,0.,-0.999970982121987));
#6050=DIRECTION('',(0.,-1.,0.));
#6051=DIRECTION('',(0.00761806497663252,0.,-0.999970982121987));
#6052=DIRECTION('center_axis',(-1.72723371101889E-77,0.,-1.));
#6053=DIRECTION('ref_axis',(1.,0.,-1.72723371101889E-77));
#6054=DIRECTION('',(0.,-1.,0.));
#6055=DIRECTION('',(1.,0.,-1.72723371101889E-77));
#6056=DIRECTION('center_axis',(0.707106781186552,0.,-0.707106781186543));
#6057=DIRECTION('ref_axis',(0.707106781186543,0.,0.707106781186552));
#6058=DIRECTION('',(0.,-1.,0.));
#6059=DIRECTION('',(0.707106781186543,0.,0.707106781186552));
#6060=DIRECTION('center_axis',(1.,0.,-1.15591012576901E-12));
#6061=DIRECTION('ref_axis',(1.15591012576901E-12,0.,1.));
#6062=DIRECTION('',(0.,-1.,0.));
#6063=DIRECTION('',(1.15591012576901E-12,0.,1.));
#6064=DIRECTION('center_axis',(0.707106781187367,0.,0.707106781185728));
#6065=DIRECTION('ref_axis',(-0.707106781185728,0.,0.707106781187367));
#6066=DIRECTION('',(-0.707106781185728,0.,0.707106781187367));
#6067=DIRECTION('center_axis',(0.,1.,0.));
#6068=DIRECTION('ref_axis',(3.45446742203778E-77,0.,1.));
#6069=CARTESIAN_POINT('',(0.,0.,0.));
#6070=CARTESIAN_POINT('Ctrl Pts',(-15.7159765321614,-15.352546027223,-77.7220113139632));
#6071=CARTESIAN_POINT('Ctrl Pts',(-15.7159765321614,-15.352546027223,-78.0220113139632));
#6072=CARTESIAN_POINT('Ctrl Pts',(-15.6593821571614,-15.272218527223,-77.7220113139632));
#6073=CARTESIAN_POINT('Ctrl Pts',(-15.6593821571614,-15.272218527223,-78.0220113139632));
#6074=CARTESIAN_POINT('Ctrl Pts',(-15.5334140321614,-15.201019152223,-77.7220113139632));
#6075=CARTESIAN_POINT('Ctrl Pts',(-15.5334140321614,-15.201019152223,-78.0220113139632));
#6076=CARTESIAN_POINT('Ctrl Pts',(-15.4037946571614,-15.179111652223,-77.7220113139632));
#6077=CARTESIAN_POINT('Ctrl Pts',(-15.4037946571614,-15.179111652223,-78.0220113139632));
#6078=CARTESIAN_POINT('',(-15.7159765321614,-15.352546027223,-77.7220113139632));
#6079=CARTESIAN_POINT('',(-15.4037946571614,-15.179111652223,-77.7220113139632));
#6080=CARTESIAN_POINT('Ctrl Pts',(-15.7159765321614,-15.352546027223,-77.7220113139632));
#6081=CARTESIAN_POINT('Ctrl Pts',(-15.6593821571614,-15.272218527223,-77.7220113139632));
#6082=CARTESIAN_POINT('Ctrl Pts',(-15.5334140321614,-15.201019152223,-77.7220113139632));
#6083=CARTESIAN_POINT('Ctrl Pts',(-15.4037946571614,-15.179111652223,-77.7220113139632));
#6084=CARTESIAN_POINT('',(-15.7159765321614,-15.352546027223,-78.0220113139632));
#6085=CARTESIAN_POINT('',(-15.7159765321614,-15.352546027223,-77.7220113139632));
#6086=CARTESIAN_POINT('',(-15.4037946571614,-15.179111652223,-78.0220113139632));
#6087=CARTESIAN_POINT('Ctrl Pts',(-15.7159765321614,-15.352546027223,-78.0220113139632));
#6088=CARTESIAN_POINT('Ctrl Pts',(-15.6593821571614,-15.272218527223,-78.0220113139632));
#6089=CARTESIAN_POINT('Ctrl Pts',(-15.5334140321614,-15.201019152223,-78.0220113139632));
#6090=CARTESIAN_POINT('Ctrl Pts',(-15.4037946571614,-15.179111652223,-78.0220113139632));
#6091=CARTESIAN_POINT('',(-15.4037946571614,-15.179111652223,-77.7220113139632));
#6092=CARTESIAN_POINT('Ctrl Pts',(-15.7963040321614,-15.549713527223,-77.7220113139632));
#6093=CARTESIAN_POINT('Ctrl Pts',(-15.7963040321614,-15.549713527223,-78.0220113139632));
#6094=CARTESIAN_POINT('Ctrl Pts',(-15.7762221571614,-15.476688527223,-77.7220113139632));
#6095=CARTESIAN_POINT('Ctrl Pts',(-15.7762221571614,-15.476688527223,-78.0220113139632));
#6096=CARTESIAN_POINT('Ctrl Pts',(-15.7397096571614,-15.389058527223,-77.7220113139632));
#6097=CARTESIAN_POINT('Ctrl Pts',(-15.7397096571614,-15.389058527223,-78.0220113139632));
#6098=CARTESIAN_POINT('Ctrl Pts',(-15.7159765321614,-15.352546027223,-77.7220113139632));
#6099=CARTESIAN_POINT('Ctrl Pts',(-15.7159765321614,-15.352546027223,-78.0220113139632));
#6100=CARTESIAN_POINT('',(-15.7963040321614,-15.549713527223,-77.7220113139632));
#6101=CARTESIAN_POINT('Ctrl Pts',(-15.7963040321614,-15.549713527223,-77.7220113139632));
#6102=CARTESIAN_POINT('Ctrl Pts',(-15.7762221571614,-15.476688527223,-77.7220113139632));
#6103=CARTESIAN_POINT('Ctrl Pts',(-15.7397096571614,-15.389058527223,-77.7220113139632));
#6104=CARTESIAN_POINT('Ctrl Pts',(-15.7159765321614,-15.352546027223,-77.7220113139632));
#6105=CARTESIAN_POINT('',(-15.7963040321614,-15.549713527223,-78.0220113139632));
#6106=CARTESIAN_POINT('',(-15.7963040321614,-15.549713527223,-77.7220113139632));
#6107=CARTESIAN_POINT('Ctrl Pts',(-15.7963040321614,-15.549713527223,-78.0220113139632));
#6108=CARTESIAN_POINT('Ctrl Pts',(-15.7762221571614,-15.476688527223,-78.0220113139632));
#6109=CARTESIAN_POINT('Ctrl Pts',(-15.7397096571614,-15.389058527223,-78.0220113139632));
#6110=CARTESIAN_POINT('Ctrl Pts',(-15.7159765321614,-15.352546027223,-78.0220113139632));
#6111=CARTESIAN_POINT('Ctrl Pts',(-15.8401190321614,-17.979620402223,-77.7220113139632));
#6112=CARTESIAN_POINT('Ctrl Pts',(-15.8401190321614,-17.979620402223,-78.0220113139632));
#6113=CARTESIAN_POINT('Ctrl Pts',(-15.8346421571614,-15.735927277223,-77.7220113139632));
#6114=CARTESIAN_POINT('Ctrl Pts',(-15.8346421571614,-15.735927277223,-78.0220113139632));
#6115=CARTESIAN_POINT('Ctrl Pts',(-15.8328165321614,-15.675681652223,-77.7220113139632));
#6116=CARTESIAN_POINT('Ctrl Pts',(-15.8328165321614,-15.675681652223,-78.0220113139632));
#6117=CARTESIAN_POINT('Ctrl Pts',(-15.7963040321614,-15.549713527223,-77.7220113139632));
#6118=CARTESIAN_POINT('Ctrl Pts',(-15.7963040321614,-15.549713527223,-78.0220113139632));
#6119=CARTESIAN_POINT('',(-15.8401190321614,-17.979620402223,-77.7220113139632));
#6120=CARTESIAN_POINT('Ctrl Pts',(-15.8401190321614,-17.979620402223,-77.7220113139632));
#6121=CARTESIAN_POINT('Ctrl Pts',(-15.8346421571614,-15.735927277223,-77.7220113139632));
#6122=CARTESIAN_POINT('Ctrl Pts',(-15.8328165321614,-15.675681652223,-77.7220113139632));
#6123=CARTESIAN_POINT('Ctrl Pts',(-15.7963040321614,-15.549713527223,-77.7220113139632));
#6124=CARTESIAN_POINT('',(-15.8401190321614,-17.979620402223,-78.0220113139632));
#6125=CARTESIAN_POINT('',(-15.8401190321614,-17.979620402223,-77.7220113139632));
#6126=CARTESIAN_POINT('Ctrl Pts',(-15.8401190321614,-17.979620402223,-78.0220113139632));
#6127=CARTESIAN_POINT('Ctrl Pts',(-15.8346421571614,-15.735927277223,-78.0220113139632));
#6128=CARTESIAN_POINT('Ctrl Pts',(-15.8328165321614,-15.675681652223,-78.0220113139632));
#6129=CARTESIAN_POINT('Ctrl Pts',(-15.7963040321614,-15.549713527223,-78.0220113139632));
#6130=CARTESIAN_POINT('Ctrl Pts',(-15.8346421571614,-20.340153527223,-77.7220113139632));
#6131=CARTESIAN_POINT('Ctrl Pts',(-15.8346421571614,-20.340153527223,-78.0220113139632));
#6132=CARTESIAN_POINT('Ctrl Pts',(-15.8401190321614,-20.307292277223,-77.7220113139632));
#6133=CARTESIAN_POINT('Ctrl Pts',(-15.8401190321614,-20.307292277223,-78.0220113139632));
#6134=CARTESIAN_POINT('Ctrl Pts',(-15.8437702821614,-19.244778527223,-77.7220113139632));
#6135=CARTESIAN_POINT('Ctrl Pts',(-15.8437702821614,-19.244778527223,-78.0220113139632));
#6136=CARTESIAN_POINT('Ctrl Pts',(-15.8401190321614,-17.979620402223,-77.7220113139632));
#6137=CARTESIAN_POINT('Ctrl Pts',(-15.8401190321614,-17.979620402223,-78.0220113139632));
#6138=CARTESIAN_POINT('',(-15.8346421571614,-20.340153527223,-77.7220113139632));
#6139=CARTESIAN_POINT('Ctrl Pts',(-15.8346421571614,-20.340153527223,-77.7220113139632));
#6140=CARTESIAN_POINT('Ctrl Pts',(-15.8401190321614,-20.307292277223,-77.7220113139632));
#6141=CARTESIAN_POINT('Ctrl Pts',(-15.8437702821614,-19.244778527223,-77.7220113139632));
#6142=CARTESIAN_POINT('Ctrl Pts',(-15.8401190321614,-17.979620402223,-77.7220113139632));
#6143=CARTESIAN_POINT('',(-15.8346421571614,-20.340153527223,-78.0220113139632));
#6144=CARTESIAN_POINT('',(-15.8346421571614,-20.340153527223,-77.7220113139632));
#6145=CARTESIAN_POINT('Ctrl Pts',(-15.8346421571614,-20.340153527223,-78.0220113139632));
#6146=CARTESIAN_POINT('Ctrl Pts',(-15.8401190321614,-20.307292277223,-78.0220113139632));
#6147=CARTESIAN_POINT('Ctrl Pts',(-15.8437702821614,-19.244778527223,-78.0220113139632));
#6148=CARTESIAN_POINT('Ctrl Pts',(-15.8401190321614,-17.979620402223,-78.0220113139632));
#6149=CARTESIAN_POINT('Ctrl Pts',(-15.7871759071614,-20.436911652223,-77.7220113139632));
#6150=CARTESIAN_POINT('Ctrl Pts',(-15.7871759071614,-20.436911652223,-78.0220113139632));
#6151=CARTESIAN_POINT('Ctrl Pts',(-15.8072577821614,-20.416829777223,-77.7220113139632));
#6152=CARTESIAN_POINT('Ctrl Pts',(-15.8072577821614,-20.416829777223,-78.0220113139632));
#6153=CARTESIAN_POINT('Ctrl Pts',(-15.8291652821614,-20.373014777223,-77.7220113139632));
#6154=CARTESIAN_POINT('Ctrl Pts',(-15.8291652821614,-20.373014777223,-78.0220113139632));
#6155=CARTESIAN_POINT('Ctrl Pts',(-15.8346421571614,-20.340153527223,-77.7220113139632));
#6156=CARTESIAN_POINT('Ctrl Pts',(-15.8346421571614,-20.340153527223,-78.0220113139632));
#6157=CARTESIAN_POINT('',(-15.7871759071614,-20.436911652223,-77.7220113139632));
#6158=CARTESIAN_POINT('Ctrl Pts',(-15.7871759071614,-20.436911652223,-77.7220113139632));
#6159=CARTESIAN_POINT('Ctrl Pts',(-15.8072577821614,-20.416829777223,-77.7220113139632));
#6160=CARTESIAN_POINT('Ctrl Pts',(-15.8291652821614,-20.373014777223,-77.7220113139632));
#6161=CARTESIAN_POINT('Ctrl Pts',(-15.8346421571614,-20.340153527223,-77.7220113139632));
#6162=CARTESIAN_POINT('',(-15.7871759071614,-20.436911652223,-78.0220113139632));
#6163=CARTESIAN_POINT('',(-15.7871759071614,-20.436911652223,-77.7220113139632));
#6164=CARTESIAN_POINT('Ctrl Pts',(-15.7871759071614,-20.436911652223,-78.0220113139632));
#6165=CARTESIAN_POINT('Ctrl Pts',(-15.8072577821614,-20.416829777223,-78.0220113139632));
#6166=CARTESIAN_POINT('Ctrl Pts',(-15.8291652821614,-20.373014777223,-78.0220113139632));
#6167=CARTESIAN_POINT('Ctrl Pts',(-15.8346421571614,-20.340153527223,-78.0220113139632));
#6168=CARTESIAN_POINT('Ctrl Pts',(-15.3252927821614,-20.471598527223,-77.7220113139632));
#6169=CARTESIAN_POINT('Ctrl Pts',(-15.3252927821614,-20.471598527223,-78.0220113139632));
#6170=CARTESIAN_POINT('Ctrl Pts',(-15.7232790321614,-20.471598527223,-77.7220113139632));
#6171=CARTESIAN_POINT('Ctrl Pts',(-15.7232790321614,-20.471598527223,-78.0220113139632));
#6172=CARTESIAN_POINT('Ctrl Pts',(-15.7543146571614,-20.469772902223,-77.7220113139632));
#6173=CARTESIAN_POINT('Ctrl Pts',(-15.7543146571614,-20.469772902223,-78.0220113139632));
#6174=CARTESIAN_POINT('Ctrl Pts',(-15.7871759071614,-20.436911652223,-77.7220113139632));
#6175=CARTESIAN_POINT('Ctrl Pts',(-15.7871759071614,-20.436911652223,-78.0220113139632));
#6176=CARTESIAN_POINT('',(-15.3252927821614,-20.471598527223,-77.7220113139632));
#6177=CARTESIAN_POINT('Ctrl Pts',(-15.3252927821614,-20.471598527223,-77.7220113139632));
#6178=CARTESIAN_POINT('Ctrl Pts',(-15.7232790321614,-20.471598527223,-77.7220113139632));
#6179=CARTESIAN_POINT('Ctrl Pts',(-15.7543146571614,-20.469772902223,-77.7220113139632));
#6180=CARTESIAN_POINT('Ctrl Pts',(-15.7871759071614,-20.436911652223,-77.7220113139632));
#6181=CARTESIAN_POINT('',(-15.3252927821614,-20.471598527223,-78.0220113139632));
#6182=CARTESIAN_POINT('',(-15.3252927821614,-20.471598527223,-77.7220113139632));
#6183=CARTESIAN_POINT('Ctrl Pts',(-15.3252927821614,-20.471598527223,-78.0220113139632));
#6184=CARTESIAN_POINT('Ctrl Pts',(-15.7232790321614,-20.471598527223,-78.0220113139632));
#6185=CARTESIAN_POINT('Ctrl Pts',(-15.7543146571614,-20.469772902223,-78.0220113139632));
#6186=CARTESIAN_POINT('Ctrl Pts',(-15.7871759071614,-20.436911652223,-78.0220113139632));
#6187=CARTESIAN_POINT('Origin',(-14.8962709071614,-20.471598527223,-77.7220113139632));
#6188=CARTESIAN_POINT('',(-14.8962709071614,-20.471598527223,-77.7220113139632));
#6189=CARTESIAN_POINT('',(-24.6908757609845,-20.471598527223,-77.7220113139632));
#6190=CARTESIAN_POINT('',(-14.8962709071614,-20.471598527223,-78.0220113139632));
#6191=CARTESIAN_POINT('',(-14.8962709071614,-20.471598527223,-77.7220113139632));
#6192=CARTESIAN_POINT('',(-15.3252927821614,-20.471598527223,-78.0220113139632));
#6193=CARTESIAN_POINT('Origin',(-14.8597584071614,-20.424132277223,-77.7220113139632));
#6194=CARTESIAN_POINT('',(-14.8597584071614,-20.424132277223,-77.7220113139632));
#6195=CARTESIAN_POINT('',(-20.362425739366,-27.5775998090878,-77.7220113139632));
#6196=CARTESIAN_POINT('',(-14.8597584071614,-20.424132277223,-78.0220113139632));
#6197=CARTESIAN_POINT('',(-14.8597584071614,-20.424132277223,-77.7220113139632));
#6198=CARTESIAN_POINT('',(-14.8962709071614,-20.471598527223,-78.0220113139632));
#6199=CARTESIAN_POINT('Ctrl Pts',(-14.8214202821614,-18.346571027223,-77.7220113139632));
#6200=CARTESIAN_POINT('Ctrl Pts',(-14.8214202821614,-18.346571027223,-78.0220113139632));
#6201=CARTESIAN_POINT('Ctrl Pts',(-14.8214202821614,-20.371189152223,-77.7220113139632));
#6202=CARTESIAN_POINT('Ctrl Pts',(-14.8214202821614,-20.371189152223,-78.0220113139632));
#6203=CARTESIAN_POINT('Ctrl Pts',(-14.8214202821614,-20.374840402223,-77.7220113139632));
#6204=CARTESIAN_POINT('Ctrl Pts',(-14.8214202821614,-20.374840402223,-78.0220113139632));
#6205=CARTESIAN_POINT('Ctrl Pts',(-14.8597584071614,-20.424132277223,-77.7220113139632));
#6206=CARTESIAN_POINT('Ctrl Pts',(-14.8597584071614,-20.424132277223,-78.0220113139632));
#6207=CARTESIAN_POINT('',(-14.8214202821614,-18.346571027223,-77.7220113139632));
#6208=CARTESIAN_POINT('Ctrl Pts',(-14.8214202821614,-18.346571027223,-77.7220113139632));
#6209=CARTESIAN_POINT('Ctrl Pts',(-14.8214202821614,-20.371189152223,-77.7220113139632));
#6210=CARTESIAN_POINT('Ctrl Pts',(-14.8214202821614,-20.374840402223,-77.7220113139632));
#6211=CARTESIAN_POINT('Ctrl Pts',(-14.8597584071614,-20.424132277223,-77.7220113139632));
#6212=CARTESIAN_POINT('',(-14.8214202821614,-18.346571027223,-78.0220113139632));
#6213=CARTESIAN_POINT('',(-14.8214202821614,-18.346571027223,-77.7220113139632));
#6214=CARTESIAN_POINT('Ctrl Pts',(-14.8214202821614,-18.346571027223,-78.0220113139632));
#6215=CARTESIAN_POINT('Ctrl Pts',(-14.8214202821614,-20.371189152223,-78.0220113139632));
#6216=CARTESIAN_POINT('Ctrl Pts',(-14.8214202821614,-20.374840402223,-78.0220113139632));
#6217=CARTESIAN_POINT('Ctrl Pts',(-14.8597584071614,-20.424132277223,-78.0220113139632));
#6218=CARTESIAN_POINT('Ctrl Pts',(-14.7995127821614,-16.294568527223,-77.7220113139632));
#6219=CARTESIAN_POINT('Ctrl Pts',(-14.7995127821614,-16.294568527223,-78.0220113139632));
#6220=CARTESIAN_POINT('Ctrl Pts',(-14.8159434071614,-16.310999152223,-77.7220113139632));
#6221=CARTESIAN_POINT('Ctrl Pts',(-14.8159434071614,-16.310999152223,-78.0220113139632));
#6222=CARTESIAN_POINT('Ctrl Pts',(-14.8214202821614,-16.791138527223,-77.7220113139632));
#6223=CARTESIAN_POINT('Ctrl Pts',(-14.8214202821614,-16.791138527223,-78.0220113139632));
#6224=CARTESIAN_POINT('Ctrl Pts',(-14.8214202821614,-18.346571027223,-77.7220113139632));
#6225=CARTESIAN_POINT('Ctrl Pts',(-14.8214202821614,-18.346571027223,-78.0220113139632));
#6226=CARTESIAN_POINT('',(-14.7995127821614,-16.294568527223,-77.7220113139632));
#6227=CARTESIAN_POINT('Ctrl Pts',(-14.7995127821614,-16.294568527223,-77.7220113139632));
#6228=CARTESIAN_POINT('Ctrl Pts',(-14.8159434071614,-16.310999152223,-77.7220113139632));
#6229=CARTESIAN_POINT('Ctrl Pts',(-14.8214202821614,-16.791138527223,-77.7220113139632));
#6230=CARTESIAN_POINT('Ctrl Pts',(-14.8214202821614,-18.346571027223,-77.7220113139632));
#6231=CARTESIAN_POINT('',(-14.7995127821614,-16.294568527223,-78.0220113139632));
#6232=CARTESIAN_POINT('',(-14.7995127821614,-16.294568527223,-77.7220113139632));
#6233=CARTESIAN_POINT('Ctrl Pts',(-14.7995127821614,-16.294568527223,-78.0220113139632));
#6234=CARTESIAN_POINT('Ctrl Pts',(-14.8159434071614,-16.310999152223,-78.0220113139632));
#6235=CARTESIAN_POINT('Ctrl Pts',(-14.8214202821614,-16.791138527223,-78.0220113139632));
#6236=CARTESIAN_POINT('Ctrl Pts',(-14.8214202821614,-18.346571027223,-78.0220113139632));
#6237=CARTESIAN_POINT('Ctrl Pts',(-14.6607652821614,-16.289091652223,-77.7220113139632));
#6238=CARTESIAN_POINT('Ctrl Pts',(-14.6607652821614,-16.289091652223,-78.0220113139632));
#6239=CARTESIAN_POINT('Ctrl Pts',(-14.6954521571614,-16.265358527223,-77.7220113139632));
#6240=CARTESIAN_POINT('Ctrl Pts',(-14.6954521571614,-16.265358527223,-78.0220113139632));
#6241=CARTESIAN_POINT('Ctrl Pts',(-14.7739540321614,-16.269009777223,-77.7220113139632));
#6242=CARTESIAN_POINT('Ctrl Pts',(-14.7739540321614,-16.269009777223,-78.0220113139632));
#6243=CARTESIAN_POINT('Ctrl Pts',(-14.7995127821614,-16.294568527223,-77.7220113139632));
#6244=CARTESIAN_POINT('Ctrl Pts',(-14.7995127821614,-16.294568527223,-78.0220113139632));
#6245=CARTESIAN_POINT('',(-14.6607652821614,-16.289091652223,-77.7220113139632));
#6246=CARTESIAN_POINT('Ctrl Pts',(-14.6607652821614,-16.289091652223,-77.7220113139632));
#6247=CARTESIAN_POINT('Ctrl Pts',(-14.6954521571614,-16.265358527223,-77.7220113139632));
#6248=CARTESIAN_POINT('Ctrl Pts',(-14.7739540321614,-16.269009777223,-77.7220113139632));
#6249=CARTESIAN_POINT('Ctrl Pts',(-14.7995127821614,-16.294568527223,-77.7220113139632));
#6250=CARTESIAN_POINT('',(-14.6607652821614,-16.289091652223,-78.0220113139632));
#6251=CARTESIAN_POINT('',(-14.6607652821614,-16.289091652223,-77.7220113139632));
#6252=CARTESIAN_POINT('Ctrl Pts',(-14.6607652821614,-16.289091652223,-78.0220113139632));
#6253=CARTESIAN_POINT('Ctrl Pts',(-14.6954521571614,-16.265358527223,-78.0220113139632));
#6254=CARTESIAN_POINT('Ctrl Pts',(-14.7739540321614,-16.269009777223,-78.0220113139632));
#6255=CARTESIAN_POINT('Ctrl Pts',(-14.7995127821614,-16.294568527223,-78.0220113139632));
#6256=CARTESIAN_POINT('Ctrl Pts',(-13.9195615321614,-18.063599152223,-77.7220113139632));
#6257=CARTESIAN_POINT('Ctrl Pts',(-13.9195615321614,-18.063599152223,-78.0220113139632));
#6258=CARTESIAN_POINT('Ctrl Pts',(-14.3138965321614,-17.096017902223,-77.7220113139632));
#6259=CARTESIAN_POINT('Ctrl Pts',(-14.3138965321614,-17.096017902223,-78.0220113139632));
#6260=CARTESIAN_POINT('Ctrl Pts',(-14.6479859071614,-16.296394152223,-77.7220113139632));
#6261=CARTESIAN_POINT('Ctrl Pts',(-14.6479859071614,-16.296394152223,-78.0220113139632));
#6262=CARTESIAN_POINT('Ctrl Pts',(-14.6607652821614,-16.289091652223,-77.7220113139632));
#6263=CARTESIAN_POINT('Ctrl Pts',(-14.6607652821614,-16.289091652223,-78.0220113139632));
#6264=CARTESIAN_POINT('',(-13.9195615321614,-18.063599152223,-77.7220113139632));
#6265=CARTESIAN_POINT('Ctrl Pts',(-13.9195615321614,-18.063599152223,-77.7220113139632));
#6266=CARTESIAN_POINT('Ctrl Pts',(-14.3138965321614,-17.096017902223,-77.7220113139632));
#6267=CARTESIAN_POINT('Ctrl Pts',(-14.6479859071614,-16.296394152223,-77.7220113139632));
#6268=CARTESIAN_POINT('Ctrl Pts',(-14.6607652821614,-16.289091652223,-77.7220113139632));
#6269=CARTESIAN_POINT('',(-13.9195615321614,-18.063599152223,-78.0220113139632));
#6270=CARTESIAN_POINT('',(-13.9195615321614,-18.063599152223,-77.7220113139632));
#6271=CARTESIAN_POINT('Ctrl Pts',(-13.9195615321614,-18.063599152223,-78.0220113139632));
#6272=CARTESIAN_POINT('Ctrl Pts',(-14.3138965321614,-17.096017902223,-78.0220113139632));
#6273=CARTESIAN_POINT('Ctrl Pts',(-14.6479859071614,-16.296394152223,-78.0220113139632));
#6274=CARTESIAN_POINT('Ctrl Pts',(-14.6607652821614,-16.289091652223,-78.0220113139632));
#6275=CARTESIAN_POINT('Ctrl Pts',(-13.1381940321614,-19.951295402223,-77.7220113139632));
#6276=CARTESIAN_POINT('Ctrl Pts',(-13.1381940321614,-19.951295402223,-78.0220113139632));
#6277=CARTESIAN_POINT('Ctrl Pts',(-13.1728809071614,-19.880096027223,-77.7220113139632));
#6278=CARTESIAN_POINT('Ctrl Pts',(-13.1728809071614,-19.880096027223,-78.0220113139632));
#6279=CARTESIAN_POINT('Ctrl Pts',(-13.5252265321614,-19.031180402223,-77.7220113139632));
#6280=CARTESIAN_POINT('Ctrl Pts',(-13.5252265321614,-19.031180402223,-78.0220113139632));
#6281=CARTESIAN_POINT('Ctrl Pts',(-13.9195615321614,-18.063599152223,-77.7220113139632));
#6282=CARTESIAN_POINT('Ctrl Pts',(-13.9195615321614,-18.063599152223,-78.0220113139632));
#6283=CARTESIAN_POINT('',(-13.1381940321614,-19.951295402223,-77.7220113139632));
#6284=CARTESIAN_POINT('Ctrl Pts',(-13.1381940321614,-19.951295402223,-77.7220113139632));
#6285=CARTESIAN_POINT('Ctrl Pts',(-13.1728809071614,-19.880096027223,-77.7220113139632));
#6286=CARTESIAN_POINT('Ctrl Pts',(-13.5252265321614,-19.031180402223,-77.7220113139632));
#6287=CARTESIAN_POINT('Ctrl Pts',(-13.9195615321614,-18.063599152223,-77.7220113139632));
#6288=CARTESIAN_POINT('',(-13.1381940321614,-19.951295402223,-78.0220113139632));
#6289=CARTESIAN_POINT('',(-13.1381940321614,-19.951295402223,-77.7220113139632));
#6290=CARTESIAN_POINT('Ctrl Pts',(-13.1381940321614,-19.951295402223,-78.0220113139632));
#6291=CARTESIAN_POINT('Ctrl Pts',(-13.1728809071614,-19.880096027223,-78.0220113139632));
#6292=CARTESIAN_POINT('Ctrl Pts',(-13.5252265321614,-19.031180402223,-78.0220113139632));
#6293=CARTESIAN_POINT('Ctrl Pts',(-13.9195615321614,-18.063599152223,-78.0220113139632));
#6294=CARTESIAN_POINT('Ctrl Pts',(-12.6799621571614,-20.429609152223,-77.7220113139632));
#6295=CARTESIAN_POINT('Ctrl Pts',(-12.6799621571614,-20.429609152223,-78.0220113139632));
#6296=CARTESIAN_POINT('Ctrl Pts',(-12.8552221571614,-20.367537902223,-77.7220113139632));
#6297=CARTESIAN_POINT('Ctrl Pts',(-12.8552221571614,-20.367537902223,-78.0220113139632));
#6298=CARTESIAN_POINT('Ctrl Pts',(-13.0067490321614,-20.208708527223,-77.7220113139632));
#6299=CARTESIAN_POINT('Ctrl Pts',(-13.0067490321614,-20.208708527223,-78.0220113139632));
#6300=CARTESIAN_POINT('Ctrl Pts',(-13.1381940321614,-19.951295402223,-77.7220113139632));
#6301=CARTESIAN_POINT('Ctrl Pts',(-13.1381940321614,-19.951295402223,-78.0220113139632));
#6302=CARTESIAN_POINT('',(-12.6799621571614,-20.429609152223,-77.7220113139632));
#6303=CARTESIAN_POINT('Ctrl Pts',(-12.6799621571614,-20.429609152223,-77.7220113139632));
#6304=CARTESIAN_POINT('Ctrl Pts',(-12.8552221571614,-20.367537902223,-77.7220113139632));
#6305=CARTESIAN_POINT('Ctrl Pts',(-13.0067490321614,-20.208708527223,-77.7220113139632));
#6306=CARTESIAN_POINT('Ctrl Pts',(-13.1381940321614,-19.951295402223,-77.7220113139632));
#6307=CARTESIAN_POINT('',(-12.6799621571614,-20.429609152223,-78.0220113139632));
#6308=CARTESIAN_POINT('',(-12.6799621571614,-20.429609152223,-77.7220113139632));
#6309=CARTESIAN_POINT('Ctrl Pts',(-12.6799621571614,-20.429609152223,-78.0220113139632));
#6310=CARTESIAN_POINT('Ctrl Pts',(-12.8552221571614,-20.367537902223,-78.0220113139632));
#6311=CARTESIAN_POINT('Ctrl Pts',(-13.0067490321614,-20.208708527223,-78.0220113139632));
#6312=CARTESIAN_POINT('Ctrl Pts',(-13.1381940321614,-19.951295402223,-78.0220113139632));
#6313=CARTESIAN_POINT('Ctrl Pts',(-12.1925202821614,-20.462470402223,-77.7220113139632));
#6314=CARTESIAN_POINT('Ctrl Pts',(-12.1925202821614,-20.462470402223,-78.0220113139632));
#6315=CARTESIAN_POINT('Ctrl Pts',(-12.5247840321614,-20.462470402223,-77.7220113139632));
#6316=CARTESIAN_POINT('Ctrl Pts',(-12.5247840321614,-20.462470402223,-78.0220113139632));
#6317=CARTESIAN_POINT('Ctrl Pts',(-12.5996346571614,-20.456993527223,-77.7220113139632));
#6318=CARTESIAN_POINT('Ctrl Pts',(-12.5996346571614,-20.456993527223,-78.0220113139632));
#6319=CARTESIAN_POINT('Ctrl Pts',(-12.6799621571614,-20.429609152223,-77.7220113139632));
#6320=CARTESIAN_POINT('Ctrl Pts',(-12.6799621571614,-20.429609152223,-78.0220113139632));
#6321=CARTESIAN_POINT('',(-12.1925202821614,-20.462470402223,-77.7220113139632));
#6322=CARTESIAN_POINT('Ctrl Pts',(-12.1925202821614,-20.462470402223,-77.7220113139632));
#6323=CARTESIAN_POINT('Ctrl Pts',(-12.5247840321614,-20.462470402223,-77.7220113139632));
#6324=CARTESIAN_POINT('Ctrl Pts',(-12.5996346571614,-20.456993527223,-77.7220113139632));
#6325=CARTESIAN_POINT('Ctrl Pts',(-12.6799621571614,-20.429609152223,-77.7220113139632));
#6326=CARTESIAN_POINT('',(-12.1925202821614,-20.462470402223,-78.0220113139632));
#6327=CARTESIAN_POINT('',(-12.1925202821614,-20.462470402223,-77.7220113139632));
#6328=CARTESIAN_POINT('Ctrl Pts',(-12.1925202821614,-20.462470402223,-78.0220113139632));
#6329=CARTESIAN_POINT('Ctrl Pts',(-12.5247840321614,-20.462470402223,-78.0220113139632));
#6330=CARTESIAN_POINT('Ctrl Pts',(-12.5996346571614,-20.456993527223,-78.0220113139632));
#6331=CARTESIAN_POINT('Ctrl Pts',(-12.6799621571614,-20.429609152223,-78.0220113139632));
#6332=CARTESIAN_POINT('Ctrl Pts',(-11.4713984071614,-20.263477277223,-77.7220113139632));
#6333=CARTESIAN_POINT('Ctrl Pts',(-11.4713984071614,-20.263477277223,-78.0220113139632));
#6334=CARTESIAN_POINT('Ctrl Pts',(-11.6557865321614,-20.451516652223,-77.7220113139632));
#6335=CARTESIAN_POINT('Ctrl Pts',(-11.6557865321614,-20.451516652223,-78.0220113139632));
#6336=CARTESIAN_POINT('Ctrl Pts',(-11.6941246571614,-20.462470402223,-77.7220113139632));
#6337=CARTESIAN_POINT('Ctrl Pts',(-11.6941246571614,-20.462470402223,-78.0220113139632));
#6338=CARTESIAN_POINT('Ctrl Pts',(-12.1925202821614,-20.462470402223,-77.7220113139632));
#6339=CARTESIAN_POINT('Ctrl Pts',(-12.1925202821614,-20.462470402223,-78.0220113139632));
#6340=CARTESIAN_POINT('',(-11.4713984071614,-20.263477277223,-77.7220113139632));
#6341=CARTESIAN_POINT('Ctrl Pts',(-11.4713984071614,-20.263477277223,-77.7220113139632));
#6342=CARTESIAN_POINT('Ctrl Pts',(-11.6557865321614,-20.451516652223,-77.7220113139632));
#6343=CARTESIAN_POINT('Ctrl Pts',(-11.6941246571614,-20.462470402223,-77.7220113139632));
#6344=CARTESIAN_POINT('Ctrl Pts',(-12.1925202821614,-20.462470402223,-77.7220113139632));
#6345=CARTESIAN_POINT('',(-11.4713984071614,-20.263477277223,-78.0220113139632));
#6346=CARTESIAN_POINT('',(-11.4713984071614,-20.263477277223,-77.7220113139632));
#6347=CARTESIAN_POINT('Ctrl Pts',(-11.4713984071614,-20.263477277223,-78.0220113139632));
#6348=CARTESIAN_POINT('Ctrl Pts',(-11.6557865321614,-20.451516652223,-78.0220113139632));
#6349=CARTESIAN_POINT('Ctrl Pts',(-11.6941246571614,-20.462470402223,-78.0220113139632));
#6350=CARTESIAN_POINT('Ctrl Pts',(-12.1925202821614,-20.462470402223,-78.0220113139632));
#6351=CARTESIAN_POINT('Ctrl Pts',(-11.2760565321614,-20.006064152223,-77.7220113139632));
#6352=CARTESIAN_POINT('Ctrl Pts',(-11.2760565321614,-20.006064152223,-78.0220113139632));
#6353=CARTESIAN_POINT('Ctrl Pts',(-11.3162202821614,-20.080914777223,-77.7220113139632));
#6354=CARTESIAN_POINT('Ctrl Pts',(-11.3162202821614,-20.080914777223,-78.0220113139632));
#6355=CARTESIAN_POINT('Ctrl Pts',(-11.3947221571614,-20.184975402223,-77.7220113139632));
#6356=CARTESIAN_POINT('Ctrl Pts',(-11.3947221571614,-20.184975402223,-78.0220113139632));
#6357=CARTESIAN_POINT('Ctrl Pts',(-11.4713984071614,-20.263477277223,-77.7220113139632));
#6358=CARTESIAN_POINT('Ctrl Pts',(-11.4713984071614,-20.263477277223,-78.0220113139632));
#6359=CARTESIAN_POINT('',(-11.2760565321614,-20.006064152223,-77.7220113139632));
#6360=CARTESIAN_POINT('Ctrl Pts',(-11.2760565321614,-20.006064152223,-77.7220113139632));
#6361=CARTESIAN_POINT('Ctrl Pts',(-11.3162202821614,-20.080914777223,-77.7220113139632));
#6362=CARTESIAN_POINT('Ctrl Pts',(-11.3947221571614,-20.184975402223,-77.7220113139632));
#6363=CARTESIAN_POINT('Ctrl Pts',(-11.4713984071614,-20.263477277223,-77.7220113139632));
#6364=CARTESIAN_POINT('',(-11.2760565321614,-20.006064152223,-78.0220113139632));
#6365=CARTESIAN_POINT('',(-11.2760565321614,-20.006064152223,-77.7220113139632));
#6366=CARTESIAN_POINT('Ctrl Pts',(-11.2760565321614,-20.006064152223,-78.0220113139632));
#6367=CARTESIAN_POINT('Ctrl Pts',(-11.3162202821614,-20.080914777223,-78.0220113139632));
#6368=CARTESIAN_POINT('Ctrl Pts',(-11.3947221571614,-20.184975402223,-78.0220113139632));
#6369=CARTESIAN_POINT('Ctrl Pts',(-11.4713984071614,-20.263477277223,-78.0220113139632));
#6370=CARTESIAN_POINT('Ctrl Pts',(-10.4855609071614,-18.098286027223,-77.7220113139632));
#6371=CARTESIAN_POINT('Ctrl Pts',(-10.4855609071614,-18.098286027223,-78.0220113139632));
#6372=CARTESIAN_POINT('Ctrl Pts',(-10.8835471571614,-19.076821027223,-77.7220113139632));
#6373=CARTESIAN_POINT('Ctrl Pts',(-10.8835471571614,-19.076821027223,-78.0220113139632));
#6374=CARTESIAN_POINT('Ctrl Pts',(-11.2395440321614,-19.934864777223,-77.7220113139632));
#6375=CARTESIAN_POINT('Ctrl Pts',(-11.2395440321614,-19.934864777223,-78.0220113139632));
#6376=CARTESIAN_POINT('Ctrl Pts',(-11.2760565321614,-20.006064152223,-77.7220113139632));
#6377=CARTESIAN_POINT('Ctrl Pts',(-11.2760565321614,-20.006064152223,-78.0220113139632));
#6378=CARTESIAN_POINT('',(-10.4855609071614,-18.098286027223,-77.7220113139632));
#6379=CARTESIAN_POINT('Ctrl Pts',(-10.4855609071614,-18.098286027223,-77.7220113139632));
#6380=CARTESIAN_POINT('Ctrl Pts',(-10.8835471571614,-19.076821027223,-77.7220113139632));
#6381=CARTESIAN_POINT('Ctrl Pts',(-11.2395440321614,-19.934864777223,-77.7220113139632));
#6382=CARTESIAN_POINT('Ctrl Pts',(-11.2760565321614,-20.006064152223,-77.7220113139632));
#6383=CARTESIAN_POINT('',(-10.4855609071614,-18.098286027223,-78.0220113139632));
#6384=CARTESIAN_POINT('',(-10.4855609071614,-18.098286027223,-77.7220113139632));
#6385=CARTESIAN_POINT('Ctrl Pts',(-10.4855609071614,-18.098286027223,-78.0220113139632));
#6386=CARTESIAN_POINT('Ctrl Pts',(-10.8835471571614,-19.076821027223,-78.0220113139632));
#6387=CARTESIAN_POINT('Ctrl Pts',(-11.2395440321614,-19.934864777223,-78.0220113139632));
#6388=CARTESIAN_POINT('Ctrl Pts',(-11.2760565321614,-20.006064152223,-78.0220113139632));
#6389=CARTESIAN_POINT('Ctrl Pts',(-9.73157778216139,-16.294568527223,-77.7220113139632));
#6390=CARTESIAN_POINT('Ctrl Pts',(-9.73157778216139,-16.294568527223,-78.0220113139632));
#6391=CARTESIAN_POINT('Ctrl Pts',(-9.74800840716139,-16.307347902223,-77.7220113139632));
#6392=CARTESIAN_POINT('Ctrl Pts',(-9.74800840716139,-16.307347902223,-78.0220113139632));
#6393=CARTESIAN_POINT('Ctrl Pts',(-10.0875746571614,-17.119751027223,-77.7220113139632));
#6394=CARTESIAN_POINT('Ctrl Pts',(-10.0875746571614,-17.119751027223,-78.0220113139632));
#6395=CARTESIAN_POINT('Ctrl Pts',(-10.4855609071614,-18.098286027223,-77.7220113139632));
#6396=CARTESIAN_POINT('Ctrl Pts',(-10.4855609071614,-18.098286027223,-78.0220113139632));
#6397=CARTESIAN_POINT('',(-9.73157778216139,-16.294568527223,-77.7220113139632));
#6398=CARTESIAN_POINT('Ctrl Pts',(-9.73157778216139,-16.294568527223,-77.7220113139632));
#6399=CARTESIAN_POINT('Ctrl Pts',(-9.74800840716139,-16.307347902223,-77.7220113139632));
#6400=CARTESIAN_POINT('Ctrl Pts',(-10.0875746571614,-17.119751027223,-77.7220113139632));
#6401=CARTESIAN_POINT('Ctrl Pts',(-10.4855609071614,-18.098286027223,-77.7220113139632));
#6402=CARTESIAN_POINT('',(-9.73157778216139,-16.294568527223,-78.0220113139632));
#6403=CARTESIAN_POINT('',(-9.73157778216139,-16.294568527223,-77.7220113139632));
#6404=CARTESIAN_POINT('Ctrl Pts',(-9.73157778216139,-16.294568527223,-78.0220113139632));
#6405=CARTESIAN_POINT('Ctrl Pts',(-9.74800840716139,-16.307347902223,-78.0220113139632));
#6406=CARTESIAN_POINT('Ctrl Pts',(-10.0875746571614,-17.119751027223,-78.0220113139632));
#6407=CARTESIAN_POINT('Ctrl Pts',(-10.4855609071614,-18.098286027223,-78.0220113139632));
#6408=CARTESIAN_POINT('Ctrl Pts',(-9.58552778216139,-16.294568527223,-77.7220113139632));
#6409=CARTESIAN_POINT('Ctrl Pts',(-9.58552778216139,-16.294568527223,-78.0220113139632));
#6410=CARTESIAN_POINT('Ctrl Pts',(-9.61473778216139,-16.265358527223,-77.7220113139632));
#6411=CARTESIAN_POINT('Ctrl Pts',(-9.61473778216139,-16.265358527223,-78.0220113139632));
#6412=CARTESIAN_POINT('Ctrl Pts',(-9.69506528216139,-16.267184152223,-77.7220113139632));
#6413=CARTESIAN_POINT('Ctrl Pts',(-9.69506528216139,-16.267184152223,-78.0220113139632));
#6414=CARTESIAN_POINT('Ctrl Pts',(-9.73157778216139,-16.294568527223,-77.7220113139632));
#6415=CARTESIAN_POINT('Ctrl Pts',(-9.73157778216139,-16.294568527223,-78.0220113139632));
#6416=CARTESIAN_POINT('',(-9.58552778216139,-16.294568527223,-77.7220113139632));
#6417=CARTESIAN_POINT('Ctrl Pts',(-9.58552778216139,-16.294568527223,-77.7220113139632));
#6418=CARTESIAN_POINT('Ctrl Pts',(-9.61473778216139,-16.265358527223,-77.7220113139632));
#6419=CARTESIAN_POINT('Ctrl Pts',(-9.69506528216139,-16.267184152223,-77.7220113139632));
#6420=CARTESIAN_POINT('Ctrl Pts',(-9.73157778216139,-16.294568527223,-77.7220113139632));
#6421=CARTESIAN_POINT('',(-9.58552778216139,-16.294568527223,-78.0220113139632));
#6422=CARTESIAN_POINT('',(-9.58552778216139,-16.294568527223,-77.7220113139632));
#6423=CARTESIAN_POINT('Ctrl Pts',(-9.58552778216139,-16.294568527223,-78.0220113139632));
#6424=CARTESIAN_POINT('Ctrl Pts',(-9.61473778216139,-16.265358527223,-78.0220113139632));
#6425=CARTESIAN_POINT('Ctrl Pts',(-9.69506528216139,-16.267184152223,-78.0220113139632));
#6426=CARTESIAN_POINT('Ctrl Pts',(-9.73157778216139,-16.294568527223,-78.0220113139632));
#6427=CARTESIAN_POINT('Ctrl Pts',(-9.56362028216139,-18.353873527223,-77.7220113139632));
#6428=CARTESIAN_POINT('Ctrl Pts',(-9.56362028216139,-18.353873527223,-78.0220113139632));
#6429=CARTESIAN_POINT('Ctrl Pts',(-9.56362028216139,-16.792964152223,-77.7220113139632));
#6430=CARTESIAN_POINT('Ctrl Pts',(-9.56362028216139,-16.792964152223,-78.0220113139632));
#6431=CARTESIAN_POINT('Ctrl Pts',(-9.56909715716139,-16.310999152223,-77.7220113139632));
#6432=CARTESIAN_POINT('Ctrl Pts',(-9.56909715716139,-16.310999152223,-78.0220113139632));
#6433=CARTESIAN_POINT('Ctrl Pts',(-9.58552778216139,-16.294568527223,-77.7220113139632));
#6434=CARTESIAN_POINT('Ctrl Pts',(-9.58552778216139,-16.294568527223,-78.0220113139632));
#6435=CARTESIAN_POINT('',(-9.56362028216139,-18.353873527223,-77.7220113139632));
#6436=CARTESIAN_POINT('Ctrl Pts',(-9.56362028216139,-18.353873527223,-77.7220113139632));
#6437=CARTESIAN_POINT('Ctrl Pts',(-9.56362028216139,-16.792964152223,-77.7220113139632));
#6438=CARTESIAN_POINT('Ctrl Pts',(-9.56909715716139,-16.310999152223,-77.7220113139632));
#6439=CARTESIAN_POINT('Ctrl Pts',(-9.58552778216139,-16.294568527223,-77.7220113139632));
#6440=CARTESIAN_POINT('',(-9.56362028216139,-18.353873527223,-78.0220113139632));
#6441=CARTESIAN_POINT('',(-9.56362028216139,-18.353873527223,-77.7220113139632));
#6442=CARTESIAN_POINT('Ctrl Pts',(-9.56362028216139,-18.353873527223,-78.0220113139632));
#6443=CARTESIAN_POINT('Ctrl Pts',(-9.56362028216139,-16.792964152223,-78.0220113139632));
#6444=CARTESIAN_POINT('Ctrl Pts',(-9.56909715716139,-16.310999152223,-78.0220113139632));
#6445=CARTESIAN_POINT('Ctrl Pts',(-9.58552778216139,-16.294568527223,-78.0220113139632));
#6446=CARTESIAN_POINT('Origin',(-9.56362028216139,-20.393096652223,-77.7220113139632));
#6447=CARTESIAN_POINT('',(-9.56362028216139,-20.393096652223,-77.7220113139632));
#6448=CARTESIAN_POINT('',(-9.56362028216139,-24.2465483261115,-77.7220113139632));
#6449=CARTESIAN_POINT('',(-9.56362028216139,-20.393096652223,-78.0220113139632));
#6450=CARTESIAN_POINT('',(-9.56362028216139,-20.393096652223,-77.7220113139632));
#6451=CARTESIAN_POINT('',(-9.56362028216139,-18.353873527223,-78.0220113139632));
#6452=CARTESIAN_POINT('Origin',(-9.52163090716139,-20.431434777223,-77.7220113139632));
#6453=CARTESIAN_POINT('',(-9.52163090716139,-20.431434777223,-77.7220113139632));
#6454=CARTESIAN_POINT('',(-14.4195481714622,-15.9594233619918,-77.7220113139632));
#6455=CARTESIAN_POINT('',(-9.52163090716139,-20.431434777223,-78.0220113139632));
#6456=CARTESIAN_POINT('',(-9.52163090716139,-20.431434777223,-77.7220113139632));
#6457=CARTESIAN_POINT('',(-9.56362028216139,-20.393096652223,-78.0220113139632));
#6458=CARTESIAN_POINT('Ctrl Pts',(-9.05974778216139,-20.471598527223,-77.7220113139632));
#6459=CARTESIAN_POINT('Ctrl Pts',(-9.05974778216139,-20.471598527223,-78.0220113139632));
#6460=CARTESIAN_POINT('Ctrl Pts',(-9.46503653216139,-20.471598527223,-77.7220113139632));
#6461=CARTESIAN_POINT('Ctrl Pts',(-9.46503653216139,-20.471598527223,-78.0220113139632));
#6462=CARTESIAN_POINT('Ctrl Pts',(-9.47964153216139,-20.469772902223,-77.7220113139632));
#6463=CARTESIAN_POINT('Ctrl Pts',(-9.47964153216139,-20.469772902223,-78.0220113139632));
#6464=CARTESIAN_POINT('Ctrl Pts',(-9.52163090716139,-20.431434777223,-77.7220113139632));
#6465=CARTESIAN_POINT('Ctrl Pts',(-9.52163090716139,-20.431434777223,-78.0220113139632));
#6466=CARTESIAN_POINT('',(-9.05974778216139,-20.471598527223,-77.7220113139632));
#6467=CARTESIAN_POINT('Ctrl Pts',(-9.05974778216139,-20.471598527223,-77.7220113139632));
#6468=CARTESIAN_POINT('Ctrl Pts',(-9.46503653216139,-20.471598527223,-77.7220113139632));
#6469=CARTESIAN_POINT('Ctrl Pts',(-9.47964153216139,-20.469772902223,-77.7220113139632));
#6470=CARTESIAN_POINT('Ctrl Pts',(-9.52163090716139,-20.431434777223,-77.7220113139632));
#6471=CARTESIAN_POINT('',(-9.05974778216139,-20.471598527223,-78.0220113139632));
#6472=CARTESIAN_POINT('',(-9.05974778216139,-20.471598527223,-77.7220113139632));
#6473=CARTESIAN_POINT('Ctrl Pts',(-9.05974778216139,-20.471598527223,-78.0220113139632));
#6474=CARTESIAN_POINT('Ctrl Pts',(-9.46503653216139,-20.471598527223,-78.0220113139632));
#6475=CARTESIAN_POINT('Ctrl Pts',(-9.47964153216139,-20.469772902223,-78.0220113139632));
#6476=CARTESIAN_POINT('Ctrl Pts',(-9.52163090716139,-20.431434777223,-78.0220113139632));
#6477=CARTESIAN_POINT('Ctrl Pts',(-8.59969028216139,-20.429609152223,-77.7220113139632));
#6478=CARTESIAN_POINT('Ctrl Pts',(-8.59969028216139,-20.429609152223,-78.0220113139632));
#6479=CARTESIAN_POINT('Ctrl Pts',(-8.63802840716139,-20.471598527223,-77.7220113139632));
#6480=CARTESIAN_POINT('Ctrl Pts',(-8.63802840716139,-20.471598527223,-78.0220113139632));
#6481=CARTESIAN_POINT('Ctrl Pts',(-8.64167965716139,-20.471598527223,-77.7220113139632));
#6482=CARTESIAN_POINT('Ctrl Pts',(-8.64167965716139,-20.471598527223,-78.0220113139632));
#6483=CARTESIAN_POINT('Ctrl Pts',(-9.05974778216139,-20.471598527223,-77.7220113139632));
#6484=CARTESIAN_POINT('Ctrl Pts',(-9.05974778216139,-20.471598527223,-78.0220113139632));
#6485=CARTESIAN_POINT('',(-8.59969028216139,-20.429609152223,-77.7220113139632));
#6486=CARTESIAN_POINT('Ctrl Pts',(-8.59969028216139,-20.429609152223,-77.7220113139632));
#6487=CARTESIAN_POINT('Ctrl Pts',(-8.63802840716139,-20.471598527223,-77.7220113139632));
#6488=CARTESIAN_POINT('Ctrl Pts',(-8.64167965716139,-20.471598527223,-77.7220113139632));
#6489=CARTESIAN_POINT('Ctrl Pts',(-9.05974778216139,-20.471598527223,-77.7220113139632));
#6490=CARTESIAN_POINT('',(-8.59969028216139,-20.429609152223,-78.0220113139632));
#6491=CARTESIAN_POINT('',(-8.59969028216139,-20.429609152223,-77.7220113139632));
#6492=CARTESIAN_POINT('Ctrl Pts',(-8.59969028216139,-20.429609152223,-78.0220113139632));
#6493=CARTESIAN_POINT('Ctrl Pts',(-8.63802840716139,-20.471598527223,-78.0220113139632));
#6494=CARTESIAN_POINT('Ctrl Pts',(-8.64167965716139,-20.471598527223,-78.0220113139632));
#6495=CARTESIAN_POINT('Ctrl Pts',(-9.05974778216139,-20.471598527223,-78.0220113139632));
#6496=CARTESIAN_POINT('Origin',(-8.55952653216139,-20.385794152223,-77.7220113139632));
#6497=CARTESIAN_POINT('',(-8.55952653216139,-20.385794152223,-77.7220113139632));
#6498=CARTESIAN_POINT('',(-16.3997446753818,-28.9387593993724,-77.7220113139632));
#6499=CARTESIAN_POINT('',(-8.55952653216139,-20.385794152223,-78.0220113139632));
#6500=CARTESIAN_POINT('',(-8.55952653216139,-20.385794152223,-77.7220113139632));
#6501=CARTESIAN_POINT('',(-8.59969028216139,-20.429609152223,-78.0220113139632));
#6502=CARTESIAN_POINT('Origin',(-8.56317778216139,-17.996051027223,-77.7220113139632));
#6503=CARTESIAN_POINT('',(-8.56317778216139,-17.996051027223,-77.7220113139632));
#6504=CARTESIAN_POINT('',(-8.55548922661542,-23.0282106320655,-77.7220113139632));
#6505=CARTESIAN_POINT('',(-8.56317778216139,-17.996051027223,-78.0220113139632));
#6506=CARTESIAN_POINT('',(-8.56317778216139,-17.996051027223,-77.7220113139632));
#6507=CARTESIAN_POINT('',(-8.55952653216139,-20.385794152223,-78.0220113139632));
#6508=CARTESIAN_POINT('Ctrl Pts',(-8.59969028216139,-15.513201027223,-77.7220113139632));
#6509=CARTESIAN_POINT('Ctrl Pts',(-8.59969028216139,-15.513201027223,-78.0220113139632));
#6510=CARTESIAN_POINT('Ctrl Pts',(-8.57048028216139,-15.599005402223,-77.7220113139632));
#6511=CARTESIAN_POINT('Ctrl Pts',(-8.57048028216139,-15.599005402223,-78.0220113139632));
#6512=CARTESIAN_POINT('Ctrl Pts',(-8.56865465716139,-15.781567902223,-77.7220113139632));
#6513=CARTESIAN_POINT('Ctrl Pts',(-8.56865465716139,-15.781567902223,-78.0220113139632));
#6514=CARTESIAN_POINT('Ctrl Pts',(-8.56317778216139,-17.996051027223,-77.7220113139632));
#6515=CARTESIAN_POINT('Ctrl Pts',(-8.56317778216139,-17.996051027223,-78.0220113139632));
#6516=CARTESIAN_POINT('',(-8.59969028216139,-15.513201027223,-77.7220113139632));
#6517=CARTESIAN_POINT('Ctrl Pts',(-8.59969028216139,-15.513201027223,-77.7220113139632));
#6518=CARTESIAN_POINT('Ctrl Pts',(-8.57048028216139,-15.599005402223,-77.7220113139632));
#6519=CARTESIAN_POINT('Ctrl Pts',(-8.56865465716139,-15.781567902223,-77.7220113139632));
#6520=CARTESIAN_POINT('Ctrl Pts',(-8.56317778216139,-17.996051027223,-77.7220113139632));
#6521=CARTESIAN_POINT('',(-8.59969028216139,-15.513201027223,-78.0220113139632));
#6522=CARTESIAN_POINT('',(-8.59969028216139,-15.513201027223,-77.7220113139632));
#6523=CARTESIAN_POINT('Ctrl Pts',(-8.59969028216139,-15.513201027223,-78.0220113139632));
#6524=CARTESIAN_POINT('Ctrl Pts',(-8.57048028216139,-15.599005402223,-78.0220113139632));
#6525=CARTESIAN_POINT('Ctrl Pts',(-8.56865465716139,-15.781567902223,-78.0220113139632));
#6526=CARTESIAN_POINT('Ctrl Pts',(-8.56317778216139,-17.996051027223,-78.0220113139632));
#6527=CARTESIAN_POINT('Ctrl Pts',(-8.91369778216139,-15.190065402223,-77.7220113139632));
#6528=CARTESIAN_POINT('Ctrl Pts',(-8.91369778216139,-15.190065402223,-78.0220113139632));
#6529=CARTESIAN_POINT('Ctrl Pts',(-8.75669403216139,-15.239357277223,-77.7220113139632));
#6530=CARTESIAN_POINT('Ctrl Pts',(-8.75669403216139,-15.239357277223,-78.0220113139632));
#6531=CARTESIAN_POINT('Ctrl Pts',(-8.65993590716139,-15.337941027223,-77.7220113139632));
#6532=CARTESIAN_POINT('Ctrl Pts',(-8.65993590716139,-15.337941027223,-78.0220113139632));
#6533=CARTESIAN_POINT('Ctrl Pts',(-8.59969028216139,-15.513201027223,-77.7220113139632));
#6534=CARTESIAN_POINT('Ctrl Pts',(-8.59969028216139,-15.513201027223,-78.0220113139632));
#6535=CARTESIAN_POINT('',(-8.91369778216139,-15.190065402223,-77.7220113139632));
#6536=CARTESIAN_POINT('Ctrl Pts',(-8.91369778216139,-15.190065402223,-77.7220113139632));
#6537=CARTESIAN_POINT('Ctrl Pts',(-8.75669403216139,-15.239357277223,-77.7220113139632));
#6538=CARTESIAN_POINT('Ctrl Pts',(-8.65993590716139,-15.337941027223,-77.7220113139632));
#6539=CARTESIAN_POINT('Ctrl Pts',(-8.59969028216139,-15.513201027223,-77.7220113139632));
#6540=CARTESIAN_POINT('',(-8.91369778216139,-15.190065402223,-78.0220113139632));
#6541=CARTESIAN_POINT('',(-8.91369778216139,-15.190065402223,-77.7220113139632));
#6542=CARTESIAN_POINT('Ctrl Pts',(-8.91369778216139,-15.190065402223,-78.0220113139632));
#6543=CARTESIAN_POINT('Ctrl Pts',(-8.75669403216139,-15.239357277223,-78.0220113139632));
#6544=CARTESIAN_POINT('Ctrl Pts',(-8.65993590716139,-15.337941027223,-78.0220113139632));
#6545=CARTESIAN_POINT('Ctrl Pts',(-8.59969028216139,-15.513201027223,-78.0220113139632));
#6546=CARTESIAN_POINT('Ctrl Pts',(-9.54536403216139,-15.168157902223,-77.7220113139632));
#6547=CARTESIAN_POINT('Ctrl Pts',(-9.54536403216139,-15.168157902223,-78.0220113139632));
#6548=CARTESIAN_POINT('Ctrl Pts',(-9.15285465716139,-15.168157902223,-77.7220113139632));
#6549=CARTESIAN_POINT('Ctrl Pts',(-9.15285465716139,-15.168157902223,-78.0220113139632));
#6550=CARTESIAN_POINT('Ctrl Pts',(-8.96664090716139,-15.175460402223,-77.7220113139632));
#6551=CARTESIAN_POINT('Ctrl Pts',(-8.96664090716139,-15.175460402223,-78.0220113139632));
#6552=CARTESIAN_POINT('Ctrl Pts',(-8.91369778216139,-15.190065402223,-77.7220113139632));
#6553=CARTESIAN_POINT('Ctrl Pts',(-8.91369778216139,-15.190065402223,-78.0220113139632));
#6554=CARTESIAN_POINT('',(-9.54536403216139,-15.168157902223,-77.7220113139632));
#6555=CARTESIAN_POINT('Ctrl Pts',(-9.54536403216139,-15.168157902223,-77.7220113139632));
#6556=CARTESIAN_POINT('Ctrl Pts',(-9.15285465716139,-15.168157902223,-77.7220113139632));
#6557=CARTESIAN_POINT('Ctrl Pts',(-8.96664090716139,-15.175460402223,-77.7220113139632));
#6558=CARTESIAN_POINT('Ctrl Pts',(-8.91369778216139,-15.190065402223,-77.7220113139632));
#6559=CARTESIAN_POINT('',(-9.54536403216139,-15.168157902223,-78.0220113139632));
#6560=CARTESIAN_POINT('',(-9.54536403216139,-15.168157902223,-77.7220113139632));
#6561=CARTESIAN_POINT('Ctrl Pts',(-9.54536403216139,-15.168157902223,-78.0220113139632));
#6562=CARTESIAN_POINT('Ctrl Pts',(-9.15285465716139,-15.168157902223,-78.0220113139632));
#6563=CARTESIAN_POINT('Ctrl Pts',(-8.96664090716139,-15.175460402223,-78.0220113139632));
#6564=CARTESIAN_POINT('Ctrl Pts',(-8.91369778216139,-15.190065402223,-78.0220113139632));
#6565=CARTESIAN_POINT('Ctrl Pts',(-10.1952865321614,-15.201019152223,-77.7220113139632));
#6566=CARTESIAN_POINT('Ctrl Pts',(-10.1952865321614,-15.201019152223,-78.0220113139632));
#6567=CARTESIAN_POINT('Ctrl Pts',(-10.1131334071614,-15.171809152223,-77.7220113139632));
#6568=CARTESIAN_POINT('Ctrl Pts',(-10.1131334071614,-15.171809152223,-78.0220113139632));
#6569=CARTESIAN_POINT('Ctrl Pts',(-10.0328059071614,-15.168157902223,-77.7220113139632));
#6570=CARTESIAN_POINT('Ctrl Pts',(-10.0328059071614,-15.168157902223,-78.0220113139632));
#6571=CARTESIAN_POINT('Ctrl Pts',(-9.54536403216139,-15.168157902223,-77.7220113139632));
#6572=CARTESIAN_POINT('Ctrl Pts',(-9.54536403216139,-15.168157902223,-78.0220113139632));
#6573=CARTESIAN_POINT('',(-10.1952865321614,-15.201019152223,-77.7220113139632));
#6574=CARTESIAN_POINT('Ctrl Pts',(-10.1952865321614,-15.201019152223,-77.7220113139632));
#6575=CARTESIAN_POINT('Ctrl Pts',(-10.1131334071614,-15.171809152223,-77.7220113139632));
#6576=CARTESIAN_POINT('Ctrl Pts',(-10.0328059071614,-15.168157902223,-77.7220113139632));
#6577=CARTESIAN_POINT('Ctrl Pts',(-9.54536403216139,-15.168157902223,-77.7220113139632));
#6578=CARTESIAN_POINT('',(-10.1952865321614,-15.201019152223,-78.0220113139632));
#6579=CARTESIAN_POINT('',(-10.1952865321614,-15.201019152223,-77.7220113139632));
#6580=CARTESIAN_POINT('Ctrl Pts',(-10.1952865321614,-15.201019152223,-78.0220113139632));
#6581=CARTESIAN_POINT('Ctrl Pts',(-10.1131334071614,-15.171809152223,-78.0220113139632));
#6582=CARTESIAN_POINT('Ctrl Pts',(-10.0328059071614,-15.168157902223,-78.0220113139632));
#6583=CARTESIAN_POINT('Ctrl Pts',(-9.54536403216139,-15.168157902223,-78.0220113139632));
#6584=CARTESIAN_POINT('Ctrl Pts',(-10.4892121571614,-15.452955402223,-77.7220113139632));
#6585=CARTESIAN_POINT('Ctrl Pts',(-10.4892121571614,-15.452955402223,-78.0220113139632));
#6586=CARTESIAN_POINT('Ctrl Pts',(-10.4143615321614,-15.328812902223,-77.7220113139632));
#6587=CARTESIAN_POINT('Ctrl Pts',(-10.4143615321614,-15.328812902223,-78.0220113139632));
#6588=CARTESIAN_POINT('Ctrl Pts',(-10.3139521571614,-15.241182902223,-77.7220113139632));
#6589=CARTESIAN_POINT('Ctrl Pts',(-10.3139521571614,-15.241182902223,-78.0220113139632));
#6590=CARTESIAN_POINT('Ctrl Pts',(-10.1952865321614,-15.201019152223,-77.7220113139632));
#6591=CARTESIAN_POINT('Ctrl Pts',(-10.1952865321614,-15.201019152223,-78.0220113139632));
#6592=CARTESIAN_POINT('',(-10.4892121571614,-15.452955402223,-77.7220113139632));
#6593=CARTESIAN_POINT('Ctrl Pts',(-10.4892121571614,-15.452955402223,-77.7220113139632));
#6594=CARTESIAN_POINT('Ctrl Pts',(-10.4143615321614,-15.328812902223,-77.7220113139632));
#6595=CARTESIAN_POINT('Ctrl Pts',(-10.3139521571614,-15.241182902223,-77.7220113139632));
#6596=CARTESIAN_POINT('Ctrl Pts',(-10.1952865321614,-15.201019152223,-77.7220113139632));
#6597=CARTESIAN_POINT('',(-10.4892121571614,-15.452955402223,-78.0220113139632));
#6598=CARTESIAN_POINT('',(-10.4892121571614,-15.452955402223,-77.7220113139632));
#6599=CARTESIAN_POINT('Ctrl Pts',(-10.4892121571614,-15.452955402223,-78.0220113139632));
#6600=CARTESIAN_POINT('Ctrl Pts',(-10.4143615321614,-15.328812902223,-78.0220113139632));
#6601=CARTESIAN_POINT('Ctrl Pts',(-10.3139521571614,-15.241182902223,-78.0220113139632));
#6602=CARTESIAN_POINT('Ctrl Pts',(-10.1952865321614,-15.201019152223,-78.0220113139632));
#6603=CARTESIAN_POINT('Ctrl Pts',(-11.2979640321614,-17.468445402223,-77.7220113139632));
#6604=CARTESIAN_POINT('Ctrl Pts',(-11.2979640321614,-17.468445402223,-78.0220113139632));
#6605=CARTESIAN_POINT('Ctrl Pts',(-10.8853727821614,-16.413234152223,-77.7220113139632));
#6606=CARTESIAN_POINT('Ctrl Pts',(-10.8853727821614,-16.413234152223,-78.0220113139632));
#6607=CARTESIAN_POINT('Ctrl Pts',(-10.5220734071614,-15.507724152223,-77.7220113139632));
#6608=CARTESIAN_POINT('Ctrl Pts',(-10.5220734071614,-15.507724152223,-78.0220113139632));
#6609=CARTESIAN_POINT('Ctrl Pts',(-10.4892121571614,-15.452955402223,-77.7220113139632));
#6610=CARTESIAN_POINT('Ctrl Pts',(-10.4892121571614,-15.452955402223,-78.0220113139632));
#6611=CARTESIAN_POINT('',(-11.2979640321614,-17.468445402223,-77.7220113139632));
#6612=CARTESIAN_POINT('Ctrl Pts',(-11.2979640321614,-17.468445402223,-77.7220113139632));
#6613=CARTESIAN_POINT('Ctrl Pts',(-10.8853727821614,-16.413234152223,-77.7220113139632));
#6614=CARTESIAN_POINT('Ctrl Pts',(-10.5220734071614,-15.507724152223,-77.7220113139632));
#6615=CARTESIAN_POINT('Ctrl Pts',(-10.4892121571614,-15.452955402223,-77.7220113139632));
#6616=CARTESIAN_POINT('',(-11.2979640321614,-17.468445402223,-78.0220113139632));
#6617=CARTESIAN_POINT('',(-11.2979640321614,-17.468445402223,-77.7220113139632));
#6618=CARTESIAN_POINT('Ctrl Pts',(-11.2979640321614,-17.468445402223,-78.0220113139632));
#6619=CARTESIAN_POINT('Ctrl Pts',(-10.8853727821614,-16.413234152223,-78.0220113139632));
#6620=CARTESIAN_POINT('Ctrl Pts',(-10.5220734071614,-15.507724152223,-78.0220113139632));
#6621=CARTESIAN_POINT('Ctrl Pts',(-10.4892121571614,-15.452955402223,-78.0220113139632));
#6622=CARTESIAN_POINT('Ctrl Pts',(-12.0775059071614,-19.416387277223,-77.7220113139632));
#6623=CARTESIAN_POINT('Ctrl Pts',(-12.0775059071614,-19.416387277223,-78.0220113139632));
#6624=CARTESIAN_POINT('Ctrl Pts',(-12.0629009071614,-19.399956652223,-77.7220113139632));
#6625=CARTESIAN_POINT('Ctrl Pts',(-12.0629009071614,-19.399956652223,-78.0220113139632));
#6626=CARTESIAN_POINT('Ctrl Pts',(-11.7123809071614,-18.521831027223,-77.7220113139632));
#6627=CARTESIAN_POINT('Ctrl Pts',(-11.7123809071614,-18.521831027223,-78.0220113139632));
#6628=CARTESIAN_POINT('Ctrl Pts',(-11.2979640321614,-17.468445402223,-77.7220113139632));
#6629=CARTESIAN_POINT('Ctrl Pts',(-11.2979640321614,-17.468445402223,-78.0220113139632));
#6630=CARTESIAN_POINT('',(-12.0775059071614,-19.416387277223,-77.7220113139632));
#6631=CARTESIAN_POINT('Ctrl Pts',(-12.0775059071614,-19.416387277223,-77.7220113139632));
#6632=CARTESIAN_POINT('Ctrl Pts',(-12.0629009071614,-19.399956652223,-77.7220113139632));
#6633=CARTESIAN_POINT('Ctrl Pts',(-11.7123809071614,-18.521831027223,-77.7220113139632));
#6634=CARTESIAN_POINT('Ctrl Pts',(-11.2979640321614,-17.468445402223,-77.7220113139632));
#6635=CARTESIAN_POINT('',(-12.0775059071614,-19.416387277223,-78.0220113139632));
#6636=CARTESIAN_POINT('',(-12.0775059071614,-19.416387277223,-77.7220113139632));
#6637=CARTESIAN_POINT('Ctrl Pts',(-12.0775059071614,-19.416387277223,-78.0220113139632));
#6638=CARTESIAN_POINT('Ctrl Pts',(-12.0629009071614,-19.399956652223,-78.0220113139632));
#6639=CARTESIAN_POINT('Ctrl Pts',(-11.7123809071614,-18.521831027223,-78.0220113139632));
#6640=CARTESIAN_POINT('Ctrl Pts',(-11.2979640321614,-17.468445402223,-78.0220113139632));
#6641=CARTESIAN_POINT('Ctrl Pts',(-12.1833921571614,-19.449248527223,-77.7220113139632));
#6642=CARTESIAN_POINT('Ctrl Pts',(-12.1833921571614,-19.449248527223,-78.0220113139632));
#6643=CARTESIAN_POINT('Ctrl Pts',(-12.1341002821614,-19.449248527223,-77.7220113139632));
#6644=CARTESIAN_POINT('Ctrl Pts',(-12.1341002821614,-19.449248527223,-78.0220113139632));
#6645=CARTESIAN_POINT('Ctrl Pts',(-12.0975877821614,-19.438294777223,-77.7220113139632));
#6646=CARTESIAN_POINT('Ctrl Pts',(-12.0975877821614,-19.438294777223,-78.0220113139632));
#6647=CARTESIAN_POINT('Ctrl Pts',(-12.0775059071614,-19.416387277223,-77.7220113139632));
#6648=CARTESIAN_POINT('Ctrl Pts',(-12.0775059071614,-19.416387277223,-78.0220113139632));
#6649=CARTESIAN_POINT('',(-12.1833921571614,-19.449248527223,-77.7220113139632));
#6650=CARTESIAN_POINT('Ctrl Pts',(-12.1833921571614,-19.449248527223,-77.7220113139632));
#6651=CARTESIAN_POINT('Ctrl Pts',(-12.1341002821614,-19.449248527223,-77.7220113139632));
#6652=CARTESIAN_POINT('Ctrl Pts',(-12.0975877821614,-19.438294777223,-77.7220113139632));
#6653=CARTESIAN_POINT('Ctrl Pts',(-12.0775059071614,-19.416387277223,-77.7220113139632));
#6654=CARTESIAN_POINT('',(-12.1833921571614,-19.449248527223,-78.0220113139632));
#6655=CARTESIAN_POINT('',(-12.1833921571614,-19.449248527223,-77.7220113139632));
#6656=CARTESIAN_POINT('Ctrl Pts',(-12.1833921571614,-19.449248527223,-78.0220113139632));
#6657=CARTESIAN_POINT('Ctrl Pts',(-12.1341002821614,-19.449248527223,-78.0220113139632));
#6658=CARTESIAN_POINT('Ctrl Pts',(-12.0975877821614,-19.438294777223,-78.0220113139632));
#6659=CARTESIAN_POINT('Ctrl Pts',(-12.0775059071614,-19.416387277223,-78.0220113139632));
#6660=CARTESIAN_POINT('Ctrl Pts',(-12.2874527821614,-19.416387277223,-77.7220113139632));
#6661=CARTESIAN_POINT('Ctrl Pts',(-12.2874527821614,-19.416387277223,-78.0220113139632));
#6662=CARTESIAN_POINT('Ctrl Pts',(-12.2691965321614,-19.438294777223,-77.7220113139632));
#6663=CARTESIAN_POINT('Ctrl Pts',(-12.2691965321614,-19.438294777223,-78.0220113139632));
#6664=CARTESIAN_POINT('Ctrl Pts',(-12.2326840321614,-19.449248527223,-77.7220113139632));
#6665=CARTESIAN_POINT('Ctrl Pts',(-12.2326840321614,-19.449248527223,-78.0220113139632));
#6666=CARTESIAN_POINT('Ctrl Pts',(-12.1833921571614,-19.449248527223,-77.7220113139632));
#6667=CARTESIAN_POINT('Ctrl Pts',(-12.1833921571614,-19.449248527223,-78.0220113139632));
#6668=CARTESIAN_POINT('',(-12.2874527821614,-19.416387277223,-77.7220113139632));
#6669=CARTESIAN_POINT('Ctrl Pts',(-12.2874527821614,-19.416387277223,-77.7220113139632));
#6670=CARTESIAN_POINT('Ctrl Pts',(-12.2691965321614,-19.438294777223,-77.7220113139632));
#6671=CARTESIAN_POINT('Ctrl Pts',(-12.2326840321614,-19.449248527223,-77.7220113139632));
#6672=CARTESIAN_POINT('Ctrl Pts',(-12.1833921571614,-19.449248527223,-77.7220113139632));
#6673=CARTESIAN_POINT('',(-12.2874527821614,-19.416387277223,-78.0220113139632));
#6674=CARTESIAN_POINT('',(-12.2874527821614,-19.416387277223,-77.7220113139632));
#6675=CARTESIAN_POINT('Ctrl Pts',(-12.2874527821614,-19.416387277223,-78.0220113139632));
#6676=CARTESIAN_POINT('Ctrl Pts',(-12.2691965321614,-19.438294777223,-78.0220113139632));
#6677=CARTESIAN_POINT('Ctrl Pts',(-12.2326840321614,-19.449248527223,-78.0220113139632));
#6678=CARTESIAN_POINT('Ctrl Pts',(-12.1833921571614,-19.449248527223,-78.0220113139632));
#6679=CARTESIAN_POINT('Ctrl Pts',(-13.0505640321614,-17.504957902223,-77.7220113139632));
#6680=CARTESIAN_POINT('Ctrl Pts',(-13.0505640321614,-17.504957902223,-78.0220113139632));
#6681=CARTESIAN_POINT('Ctrl Pts',(-12.6452752821614,-18.538261652223,-77.7220113139632));
#6682=CARTESIAN_POINT('Ctrl Pts',(-12.6452752821614,-18.538261652223,-78.0220113139632));
#6683=CARTESIAN_POINT('Ctrl Pts',(-12.3020577821614,-19.399956652223,-77.7220113139632));
#6684=CARTESIAN_POINT('Ctrl Pts',(-12.3020577821614,-19.399956652223,-78.0220113139632));
#6685=CARTESIAN_POINT('Ctrl Pts',(-12.2874527821614,-19.416387277223,-77.7220113139632));
#6686=CARTESIAN_POINT('Ctrl Pts',(-12.2874527821614,-19.416387277223,-78.0220113139632));
#6687=CARTESIAN_POINT('',(-13.0505640321614,-17.504957902223,-77.7220113139632));
#6688=CARTESIAN_POINT('Ctrl Pts',(-13.0505640321614,-17.504957902223,-77.7220113139632));
#6689=CARTESIAN_POINT('Ctrl Pts',(-12.6452752821614,-18.538261652223,-77.7220113139632));
#6690=CARTESIAN_POINT('Ctrl Pts',(-12.3020577821614,-19.399956652223,-77.7220113139632));
#6691=CARTESIAN_POINT('Ctrl Pts',(-12.2874527821614,-19.416387277223,-77.7220113139632));
#6692=CARTESIAN_POINT('',(-13.0505640321614,-17.504957902223,-78.0220113139632));
#6693=CARTESIAN_POINT('',(-13.0505640321614,-17.504957902223,-77.7220113139632));
#6694=CARTESIAN_POINT('Ctrl Pts',(-13.0505640321614,-17.504957902223,-78.0220113139632));
#6695=CARTESIAN_POINT('Ctrl Pts',(-12.6452752821614,-18.538261652223,-78.0220113139632));
#6696=CARTESIAN_POINT('Ctrl Pts',(-12.3020577821614,-19.399956652223,-78.0220113139632));
#6697=CARTESIAN_POINT('Ctrl Pts',(-12.2874527821614,-19.416387277223,-78.0220113139632));
#6698=CARTESIAN_POINT('Ctrl Pts',(-13.8392340321614,-15.518677902223,-77.7220113139632));
#6699=CARTESIAN_POINT('Ctrl Pts',(-13.8392340321614,-15.518677902223,-78.0220113139632));
#6700=CARTESIAN_POINT('Ctrl Pts',(-13.8100240321614,-15.577097902223,-77.7220113139632));
#6701=CARTESIAN_POINT('Ctrl Pts',(-13.8100240321614,-15.577097902223,-78.0220113139632));
#6702=CARTESIAN_POINT('Ctrl Pts',(-13.4540271571614,-16.469828527223,-77.7220113139632));
#6703=CARTESIAN_POINT('Ctrl Pts',(-13.4540271571614,-16.469828527223,-78.0220113139632));
#6704=CARTESIAN_POINT('Ctrl Pts',(-13.0505640321614,-17.504957902223,-77.7220113139632));
#6705=CARTESIAN_POINT('Ctrl Pts',(-13.0505640321614,-17.504957902223,-78.0220113139632));
#6706=CARTESIAN_POINT('',(-13.8392340321614,-15.518677902223,-77.7220113139632));
#6707=CARTESIAN_POINT('Ctrl Pts',(-13.8392340321614,-15.518677902223,-77.7220113139632));
#6708=CARTESIAN_POINT('Ctrl Pts',(-13.8100240321614,-15.577097902223,-77.7220113139632));
#6709=CARTESIAN_POINT('Ctrl Pts',(-13.4540271571614,-16.469828527223,-77.7220113139632));
#6710=CARTESIAN_POINT('Ctrl Pts',(-13.0505640321614,-17.504957902223,-77.7220113139632));
#6711=CARTESIAN_POINT('',(-13.8392340321614,-15.518677902223,-78.0220113139632));
#6712=CARTESIAN_POINT('',(-13.8392340321614,-15.518677902223,-77.7220113139632));
#6713=CARTESIAN_POINT('Ctrl Pts',(-13.8392340321614,-15.518677902223,-78.0220113139632));
#6714=CARTESIAN_POINT('Ctrl Pts',(-13.8100240321614,-15.577097902223,-78.0220113139632));
#6715=CARTESIAN_POINT('Ctrl Pts',(-13.4540271571614,-16.469828527223,-78.0220113139632));
#6716=CARTESIAN_POINT('Ctrl Pts',(-13.0505640321614,-17.504957902223,-78.0220113139632));
#6717=CARTESIAN_POINT('Ctrl Pts',(-14.1422877821614,-15.211972902223,-77.7220113139632));
#6718=CARTESIAN_POINT('Ctrl Pts',(-14.1422877821614,-15.211972902223,-78.0220113139632));
#6719=CARTESIAN_POINT('Ctrl Pts',(-14.0199709071614,-15.259439152223,-77.7220113139632));
#6720=CARTESIAN_POINT('Ctrl Pts',(-14.0199709071614,-15.259439152223,-78.0220113139632));
#6721=CARTESIAN_POINT('Ctrl Pts',(-13.9159102821614,-15.365325402223,-77.7220113139632));
#6722=CARTESIAN_POINT('Ctrl Pts',(-13.9159102821614,-15.365325402223,-78.0220113139632));
#6723=CARTESIAN_POINT('Ctrl Pts',(-13.8392340321614,-15.518677902223,-77.7220113139632));
#6724=CARTESIAN_POINT('Ctrl Pts',(-13.8392340321614,-15.518677902223,-78.0220113139632));
#6725=CARTESIAN_POINT('',(-14.1422877821614,-15.211972902223,-77.7220113139632));
#6726=CARTESIAN_POINT('Ctrl Pts',(-14.1422877821614,-15.211972902223,-77.7220113139632));
#6727=CARTESIAN_POINT('Ctrl Pts',(-14.0199709071614,-15.259439152223,-77.7220113139632));
#6728=CARTESIAN_POINT('Ctrl Pts',(-13.9159102821614,-15.365325402223,-77.7220113139632));
#6729=CARTESIAN_POINT('Ctrl Pts',(-13.8392340321614,-15.518677902223,-77.7220113139632));
#6730=CARTESIAN_POINT('',(-14.1422877821614,-15.211972902223,-78.0220113139632));
#6731=CARTESIAN_POINT('',(-14.1422877821614,-15.211972902223,-77.7220113139632));
#6732=CARTESIAN_POINT('Ctrl Pts',(-14.1422877821614,-15.211972902223,-78.0220113139632));
#6733=CARTESIAN_POINT('Ctrl Pts',(-14.0199709071614,-15.259439152223,-78.0220113139632));
#6734=CARTESIAN_POINT('Ctrl Pts',(-13.9159102821614,-15.365325402223,-78.0220113139632));
#6735=CARTESIAN_POINT('Ctrl Pts',(-13.8392340321614,-15.518677902223,-78.0220113139632));
#6736=CARTESIAN_POINT('Ctrl Pts',(-14.7757796571614,-15.166332277223,-77.7220113139632));
#6737=CARTESIAN_POINT('Ctrl Pts',(-14.7757796571614,-15.166332277223,-78.0220113139632));
#6738=CARTESIAN_POINT('Ctrl Pts',(-14.2773840321614,-15.169983527223,-77.7220113139632));
#6739=CARTESIAN_POINT('Ctrl Pts',(-14.2773840321614,-15.169983527223,-78.0220113139632));
#6740=CARTESIAN_POINT('Ctrl Pts',(-14.2408715321614,-15.173634777223,-77.7220113139632));
#6741=CARTESIAN_POINT('Ctrl Pts',(-14.2408715321614,-15.173634777223,-78.0220113139632));
#6742=CARTESIAN_POINT('Ctrl Pts',(-14.1422877821614,-15.211972902223,-77.7220113139632));
#6743=CARTESIAN_POINT('Ctrl Pts',(-14.1422877821614,-15.211972902223,-78.0220113139632));
#6744=CARTESIAN_POINT('',(-14.7757796571614,-15.166332277223,-77.7220113139632));
#6745=CARTESIAN_POINT('Ctrl Pts',(-14.7757796571614,-15.166332277223,-77.7220113139632));
#6746=CARTESIAN_POINT('Ctrl Pts',(-14.2773840321614,-15.169983527223,-77.7220113139632));
#6747=CARTESIAN_POINT('Ctrl Pts',(-14.2408715321614,-15.173634777223,-77.7220113139632));
#6748=CARTESIAN_POINT('Ctrl Pts',(-14.1422877821614,-15.211972902223,-77.7220113139632));
#6749=CARTESIAN_POINT('',(-14.7757796571614,-15.166332277223,-78.0220113139632));
#6750=CARTESIAN_POINT('',(-14.7757796571614,-15.166332277223,-77.7220113139632));
#6751=CARTESIAN_POINT('Ctrl Pts',(-14.7757796571614,-15.166332277223,-78.0220113139632));
#6752=CARTESIAN_POINT('Ctrl Pts',(-14.2773840321614,-15.169983527223,-78.0220113139632));
#6753=CARTESIAN_POINT('Ctrl Pts',(-14.2408715321614,-15.173634777223,-78.0220113139632));
#6754=CARTESIAN_POINT('Ctrl Pts',(-14.1422877821614,-15.211972902223,-78.0220113139632));
#6755=CARTESIAN_POINT('Ctrl Pts',(-15.4037946571614,-15.179111652223,-77.7220113139632));
#6756=CARTESIAN_POINT('Ctrl Pts',(-15.4037946571614,-15.179111652223,-78.0220113139632));
#6757=CARTESIAN_POINT('Ctrl Pts',(-15.3490259071614,-15.169983527223,-77.7220113139632));
#6758=CARTESIAN_POINT('Ctrl Pts',(-15.3490259071614,-15.169983527223,-78.0220113139632));
#6759=CARTESIAN_POINT('Ctrl Pts',(-15.0660540321614,-15.162681027223,-77.7220113139632));
#6760=CARTESIAN_POINT('Ctrl Pts',(-15.0660540321614,-15.162681027223,-78.0220113139632));
#6761=CARTESIAN_POINT('Ctrl Pts',(-14.7757796571614,-15.166332277223,-77.7220113139632));
#6762=CARTESIAN_POINT('Ctrl Pts',(-14.7757796571614,-15.166332277223,-78.0220113139632));
#6763=CARTESIAN_POINT('Ctrl Pts',(-15.4037946571614,-15.179111652223,-77.7220113139632));
#6764=CARTESIAN_POINT('Ctrl Pts',(-15.3490259071614,-15.169983527223,-77.7220113139632));
#6765=CARTESIAN_POINT('Ctrl Pts',(-15.0660540321614,-15.162681027223,-77.7220113139632));
#6766=CARTESIAN_POINT('Ctrl Pts',(-14.7757796571614,-15.166332277223,-77.7220113139632));
#6767=CARTESIAN_POINT('Ctrl Pts',(-15.4037946571614,-15.179111652223,-78.0220113139632));
#6768=CARTESIAN_POINT('Ctrl Pts',(-15.3490259071614,-15.169983527223,-78.0220113139632));
#6769=CARTESIAN_POINT('Ctrl Pts',(-15.0660540321614,-15.162681027223,-78.0220113139632));
#6770=CARTESIAN_POINT('Ctrl Pts',(-14.7757796571614,-15.166332277223,-78.0220113139632));
#6771=CARTESIAN_POINT('Origin',(-12.2016484071614,-17.817139777223,-78.0220113139632));
#6772=CARTESIAN_POINT('Ctrl Pts',(-10.2372759071614,-0.634357277222986,
-77.7220113139632));
#6773=CARTESIAN_POINT('Ctrl Pts',(-10.2372759071614,-0.634357277222986,
-78.0220113139632));
#6774=CARTESIAN_POINT('Ctrl Pts',(-10.2938702821614,-0.619752277222987,
-77.7220113139632));
#6775=CARTESIAN_POINT('Ctrl Pts',(-10.2938702821614,-0.619752277222987,
-78.0220113139632));
#6776=CARTESIAN_POINT('Ctrl Pts',(-10.3723721571614,-0.610624152222987,
-77.7220113139632));
#6777=CARTESIAN_POINT('Ctrl Pts',(-10.3723721571614,-0.610624152222987,
-78.0220113139632));
#6778=CARTESIAN_POINT('Ctrl Pts',(-10.4125359071614,-0.610624152222987,
-77.7220113139632));
#6779=CARTESIAN_POINT('Ctrl Pts',(-10.4125359071614,-0.610624152222987,
-78.0220113139632));
#6780=CARTESIAN_POINT('',(-10.2372759071614,-0.634357277222986,-77.7220113139632));
#6781=CARTESIAN_POINT('',(-10.4125359071614,-0.610624152222987,-77.7220113139632));
#6782=CARTESIAN_POINT('Ctrl Pts',(-10.2372759071614,-0.634357277222986,
-77.7220113139632));
#6783=CARTESIAN_POINT('Ctrl Pts',(-10.2938702821614,-0.619752277222987,
-77.7220113139632));
#6784=CARTESIAN_POINT('Ctrl Pts',(-10.3723721571614,-0.610624152222987,
-77.7220113139632));
#6785=CARTESIAN_POINT('Ctrl Pts',(-10.4125359071614,-0.610624152222987,
-77.7220113139632));
#6786=CARTESIAN_POINT('',(-10.2372759071614,-0.634357277222986,-78.0220113139632));
#6787=CARTESIAN_POINT('',(-10.2372759071614,-0.634357277222986,-77.7220113139632));
#6788=CARTESIAN_POINT('',(-10.4125359071614,-0.610624152222987,-78.0220113139632));
#6789=CARTESIAN_POINT('Ctrl Pts',(-10.2372759071614,-0.634357277222986,
-78.0220113139632));
#6790=CARTESIAN_POINT('Ctrl Pts',(-10.2938702821614,-0.619752277222987,
-78.0220113139632));
#6791=CARTESIAN_POINT('Ctrl Pts',(-10.3723721571614,-0.610624152222987,
-78.0220113139632));
#6792=CARTESIAN_POINT('Ctrl Pts',(-10.4125359071614,-0.610624152222987,
-78.0220113139632));
#6793=CARTESIAN_POINT('',(-10.4125359071614,-0.610624152222987,-77.7220113139632));
#6794=CARTESIAN_POINT('Ctrl Pts',(-9.76809028216139,-1.02504102722299,-77.7220113139632));
#6795=CARTESIAN_POINT('Ctrl Pts',(-9.76809028216139,-1.02504102722299,-78.0220113139632));
#6796=CARTESIAN_POINT('Ctrl Pts',(-9.86119715716139,-0.826047902222986,
-77.7220113139632));
#6797=CARTESIAN_POINT('Ctrl Pts',(-9.86119715716139,-0.826047902222986,
-78.0220113139632));
#6798=CARTESIAN_POINT('Ctrl Pts',(-10.0346315321614,-0.681823527222988,
-77.7220113139632));
#6799=CARTESIAN_POINT('Ctrl Pts',(-10.0346315321614,-0.681823527222988,
-78.0220113139632));
#6800=CARTESIAN_POINT('Ctrl Pts',(-10.2372759071614,-0.634357277222986,
-77.7220113139632));
#6801=CARTESIAN_POINT('Ctrl Pts',(-10.2372759071614,-0.634357277222986,
-78.0220113139632));
#6802=CARTESIAN_POINT('',(-9.76809028216139,-1.02504102722299,-77.7220113139632));
#6803=CARTESIAN_POINT('Ctrl Pts',(-9.76809028216139,-1.02504102722299,-77.7220113139632));
#6804=CARTESIAN_POINT('Ctrl Pts',(-9.86119715716139,-0.826047902222986,
-77.7220113139632));
#6805=CARTESIAN_POINT('Ctrl Pts',(-10.0346315321614,-0.681823527222988,
-77.7220113139632));
#6806=CARTESIAN_POINT('Ctrl Pts',(-10.2372759071614,-0.634357277222986,
-77.7220113139632));
#6807=CARTESIAN_POINT('',(-9.76809028216139,-1.02504102722299,-78.0220113139632));
#6808=CARTESIAN_POINT('',(-9.76809028216139,-1.02504102722299,-77.7220113139632));
#6809=CARTESIAN_POINT('Ctrl Pts',(-9.76809028216139,-1.02504102722299,-78.0220113139632));
#6810=CARTESIAN_POINT('Ctrl Pts',(-9.86119715716139,-0.826047902222986,
-78.0220113139632));
#6811=CARTESIAN_POINT('Ctrl Pts',(-10.0346315321614,-0.681823527222988,
-78.0220113139632));
#6812=CARTESIAN_POINT('Ctrl Pts',(-10.2372759071614,-0.634357277222986,
-78.0220113139632));
#6813=CARTESIAN_POINT('Ctrl Pts',(-9.71879840716139,-1.31166415222299,-77.7220113139632));
#6814=CARTESIAN_POINT('Ctrl Pts',(-9.71879840716139,-1.31166415222299,-78.0220113139632));
#6815=CARTESIAN_POINT('Ctrl Pts',(-9.71879840716139,-1.15283477722299,-77.7220113139632));
#6816=CARTESIAN_POINT('Ctrl Pts',(-9.71879840716139,-1.15283477722299,-78.0220113139632));
#6817=CARTESIAN_POINT('Ctrl Pts',(-9.72427528216139,-1.11632227722299,-77.7220113139632));
#6818=CARTESIAN_POINT('Ctrl Pts',(-9.72427528216139,-1.11632227722299,-78.0220113139632));
#6819=CARTESIAN_POINT('Ctrl Pts',(-9.76809028216139,-1.02504102722299,-77.7220113139632));
#6820=CARTESIAN_POINT('Ctrl Pts',(-9.76809028216139,-1.02504102722299,-78.0220113139632));
#6821=CARTESIAN_POINT('',(-9.71879840716139,-1.31166415222299,-77.7220113139632));
#6822=CARTESIAN_POINT('Ctrl Pts',(-9.71879840716139,-1.31166415222299,-77.7220113139632));
#6823=CARTESIAN_POINT('Ctrl Pts',(-9.71879840716139,-1.15283477722299,-77.7220113139632));
#6824=CARTESIAN_POINT('Ctrl Pts',(-9.72427528216139,-1.11632227722299,-77.7220113139632));
#6825=CARTESIAN_POINT('Ctrl Pts',(-9.76809028216139,-1.02504102722299,-77.7220113139632));
#6826=CARTESIAN_POINT('',(-9.71879840716139,-1.31166415222299,-78.0220113139632));
#6827=CARTESIAN_POINT('',(-9.71879840716139,-1.31166415222299,-77.7220113139632));
#6828=CARTESIAN_POINT('Ctrl Pts',(-9.71879840716139,-1.31166415222299,-78.0220113139632));
#6829=CARTESIAN_POINT('Ctrl Pts',(-9.71879840716139,-1.15283477722299,-78.0220113139632));
#6830=CARTESIAN_POINT('Ctrl Pts',(-9.72427528216139,-1.11632227722299,-78.0220113139632));
#6831=CARTESIAN_POINT('Ctrl Pts',(-9.76809028216139,-1.02504102722299,-78.0220113139632));
#6832=CARTESIAN_POINT('Ctrl Pts',(-9.77174153216139,-1.60376415222299,-77.7220113139632));
#6833=CARTESIAN_POINT('Ctrl Pts',(-9.77174153216139,-1.60376415222299,-78.0220113139632));
#6834=CARTESIAN_POINT('Ctrl Pts',(-9.72427528216139,-1.50518040222299,-77.7220113139632));
#6835=CARTESIAN_POINT('Ctrl Pts',(-9.72427528216139,-1.50518040222299,-78.0220113139632));
#6836=CARTESIAN_POINT('Ctrl Pts',(-9.71879840716139,-1.47597040222299,-77.7220113139632));
#6837=CARTESIAN_POINT('Ctrl Pts',(-9.71879840716139,-1.47597040222299,-78.0220113139632));
#6838=CARTESIAN_POINT('Ctrl Pts',(-9.71879840716139,-1.31166415222299,-77.7220113139632));
#6839=CARTESIAN_POINT('Ctrl Pts',(-9.71879840716139,-1.31166415222299,-78.0220113139632));
#6840=CARTESIAN_POINT('',(-9.77174153216139,-1.60376415222299,-77.7220113139632));
#6841=CARTESIAN_POINT('Ctrl Pts',(-9.77174153216139,-1.60376415222299,-77.7220113139632));
#6842=CARTESIAN_POINT('Ctrl Pts',(-9.72427528216139,-1.50518040222299,-77.7220113139632));
#6843=CARTESIAN_POINT('Ctrl Pts',(-9.71879840716139,-1.47597040222299,-77.7220113139632));
#6844=CARTESIAN_POINT('Ctrl Pts',(-9.71879840716139,-1.31166415222299,-77.7220113139632));
#6845=CARTESIAN_POINT('',(-9.77174153216139,-1.60376415222299,-78.0220113139632));
#6846=CARTESIAN_POINT('',(-9.77174153216139,-1.60376415222299,-77.7220113139632));
#6847=CARTESIAN_POINT('Ctrl Pts',(-9.77174153216139,-1.60376415222299,-78.0220113139632));
#6848=CARTESIAN_POINT('Ctrl Pts',(-9.72427528216139,-1.50518040222299,-78.0220113139632));
#6849=CARTESIAN_POINT('Ctrl Pts',(-9.71879840716139,-1.47597040222299,-78.0220113139632));
#6850=CARTESIAN_POINT('Ctrl Pts',(-9.71879840716139,-1.31166415222299,-78.0220113139632));
#6851=CARTESIAN_POINT('Ctrl Pts',(-10.1021796571614,-1.93420227722299,-77.7220113139632));
#6852=CARTESIAN_POINT('Ctrl Pts',(-10.1021796571614,-1.93420227722299,-78.0220113139632));
#6853=CARTESIAN_POINT('Ctrl Pts',(-9.96343215716139,-1.86482852722299,-77.7220113139632));
#6854=CARTESIAN_POINT('Ctrl Pts',(-9.96343215716139,-1.86482852722299,-78.0220113139632));
#6855=CARTESIAN_POINT('Ctrl Pts',(-9.84111528216139,-1.74251165222299,-77.7220113139632));
#6856=CARTESIAN_POINT('Ctrl Pts',(-9.84111528216139,-1.74251165222299,-78.0220113139632));
#6857=CARTESIAN_POINT('Ctrl Pts',(-9.77174153216139,-1.60376415222299,-77.7220113139632));
#6858=CARTESIAN_POINT('Ctrl Pts',(-9.77174153216139,-1.60376415222299,-78.0220113139632));
#6859=CARTESIAN_POINT('',(-10.1021796571614,-1.93420227722299,-77.7220113139632));
#6860=CARTESIAN_POINT('Ctrl Pts',(-10.1021796571614,-1.93420227722299,-77.7220113139632));
#6861=CARTESIAN_POINT('Ctrl Pts',(-9.96343215716139,-1.86482852722299,-77.7220113139632));
#6862=CARTESIAN_POINT('Ctrl Pts',(-9.84111528216139,-1.74251165222299,-77.7220113139632));
#6863=CARTESIAN_POINT('Ctrl Pts',(-9.77174153216139,-1.60376415222299,-77.7220113139632));
#6864=CARTESIAN_POINT('',(-10.1021796571614,-1.93420227722299,-78.0220113139632));
#6865=CARTESIAN_POINT('',(-10.1021796571614,-1.93420227722299,-77.7220113139632));
#6866=CARTESIAN_POINT('Ctrl Pts',(-10.1021796571614,-1.93420227722299,-78.0220113139632));
#6867=CARTESIAN_POINT('Ctrl Pts',(-9.96343215716139,-1.86482852722299,-78.0220113139632));
#6868=CARTESIAN_POINT('Ctrl Pts',(-9.84111528216139,-1.74251165222299,-78.0220113139632));
#6869=CARTESIAN_POINT('Ctrl Pts',(-9.77174153216139,-1.60376415222299,-78.0220113139632));
#6870=CARTESIAN_POINT('Ctrl Pts',(-10.3942796571614,-1.98714540222299,-77.7220113139632));
#6871=CARTESIAN_POINT('Ctrl Pts',(-10.3942796571614,-1.98714540222299,-78.0220113139632));
#6872=CARTESIAN_POINT('Ctrl Pts',(-10.2299734071614,-1.98714540222299,-77.7220113139632));
#6873=CARTESIAN_POINT('Ctrl Pts',(-10.2299734071614,-1.98714540222299,-78.0220113139632));
#6874=CARTESIAN_POINT('Ctrl Pts',(-10.2007634071614,-1.98166852722299,-77.7220113139632));
#6875=CARTESIAN_POINT('Ctrl Pts',(-10.2007634071614,-1.98166852722299,-78.0220113139632));
#6876=CARTESIAN_POINT('Ctrl Pts',(-10.1021796571614,-1.93420227722299,-77.7220113139632));
#6877=CARTESIAN_POINT('Ctrl Pts',(-10.1021796571614,-1.93420227722299,-78.0220113139632));
#6878=CARTESIAN_POINT('',(-10.3942796571614,-1.98714540222299,-77.7220113139632));
#6879=CARTESIAN_POINT('Ctrl Pts',(-10.3942796571614,-1.98714540222299,-77.7220113139632));
#6880=CARTESIAN_POINT('Ctrl Pts',(-10.2299734071614,-1.98714540222299,-77.7220113139632));
#6881=CARTESIAN_POINT('Ctrl Pts',(-10.2007634071614,-1.98166852722299,-77.7220113139632));
#6882=CARTESIAN_POINT('Ctrl Pts',(-10.1021796571614,-1.93420227722299,-77.7220113139632));
#6883=CARTESIAN_POINT('',(-10.3942796571614,-1.98714540222299,-78.0220113139632));
#6884=CARTESIAN_POINT('',(-10.3942796571614,-1.98714540222299,-77.7220113139632));
#6885=CARTESIAN_POINT('Ctrl Pts',(-10.3942796571614,-1.98714540222299,-78.0220113139632));
#6886=CARTESIAN_POINT('Ctrl Pts',(-10.2299734071614,-1.98714540222299,-78.0220113139632));
#6887=CARTESIAN_POINT('Ctrl Pts',(-10.2007634071614,-1.98166852722299,-78.0220113139632));
#6888=CARTESIAN_POINT('Ctrl Pts',(-10.1021796571614,-1.93420227722299,-78.0220113139632));
#6889=CARTESIAN_POINT('Ctrl Pts',(-10.6809027821614,-1.93785352722299,-77.7220113139632));
#6890=CARTESIAN_POINT('Ctrl Pts',(-10.6809027821614,-1.93785352722299,-78.0220113139632));
#6891=CARTESIAN_POINT('Ctrl Pts',(-10.5896215321614,-1.98166852722299,-77.7220113139632));
#6892=CARTESIAN_POINT('Ctrl Pts',(-10.5896215321614,-1.98166852722299,-78.0220113139632));
#6893=CARTESIAN_POINT('Ctrl Pts',(-10.5549346571614,-1.98714540222299,-77.7220113139632));
#6894=CARTESIAN_POINT('Ctrl Pts',(-10.5549346571614,-1.98714540222299,-78.0220113139632));
#6895=CARTESIAN_POINT('Ctrl Pts',(-10.3942796571614,-1.98714540222299,-77.7220113139632));
#6896=CARTESIAN_POINT('Ctrl Pts',(-10.3942796571614,-1.98714540222299,-78.0220113139632));
#6897=CARTESIAN_POINT('',(-10.6809027821614,-1.93785352722299,-77.7220113139632));
#6898=CARTESIAN_POINT('Ctrl Pts',(-10.6809027821614,-1.93785352722299,-77.7220113139632));
#6899=CARTESIAN_POINT('Ctrl Pts',(-10.5896215321614,-1.98166852722299,-77.7220113139632));
#6900=CARTESIAN_POINT('Ctrl Pts',(-10.5549346571614,-1.98714540222299,-77.7220113139632));
#6901=CARTESIAN_POINT('Ctrl Pts',(-10.3942796571614,-1.98714540222299,-77.7220113139632));
#6902=CARTESIAN_POINT('',(-10.6809027821614,-1.93785352722299,-78.0220113139632));
#6903=CARTESIAN_POINT('',(-10.6809027821614,-1.93785352722299,-77.7220113139632));
#6904=CARTESIAN_POINT('Ctrl Pts',(-10.6809027821614,-1.93785352722299,-78.0220113139632));
#6905=CARTESIAN_POINT('Ctrl Pts',(-10.5896215321614,-1.98166852722299,-78.0220113139632));
#6906=CARTESIAN_POINT('Ctrl Pts',(-10.5549346571614,-1.98714540222299,-78.0220113139632));
#6907=CARTESIAN_POINT('Ctrl Pts',(-10.3942796571614,-1.98714540222299,-78.0220113139632));
#6908=CARTESIAN_POINT('Ctrl Pts',(-10.9237109071614,-0.851606652222988,
-77.7220113139632));
#6909=CARTESIAN_POINT('Ctrl Pts',(-10.9237109071614,-0.851606652222988,
-78.0220113139632));
#6910=CARTESIAN_POINT('Ctrl Pts',(-11.2267646571614,-1.20395227722299,-77.7220113139632));
#6911=CARTESIAN_POINT('Ctrl Pts',(-11.2267646571614,-1.20395227722299,-78.0220113139632));
#6912=CARTESIAN_POINT('Ctrl Pts',(-11.1080990321614,-1.73886040222299,-77.7220113139632));
#6913=CARTESIAN_POINT('Ctrl Pts',(-11.1080990321614,-1.73886040222299,-78.0220113139632));
#6914=CARTESIAN_POINT('Ctrl Pts',(-10.6809027821614,-1.93785352722299,-77.7220113139632));
#6915=CARTESIAN_POINT('Ctrl Pts',(-10.6809027821614,-1.93785352722299,-78.0220113139632));
#6916=CARTESIAN_POINT('',(-10.9237109071614,-0.851606652222988,-77.7220113139632));
#6917=CARTESIAN_POINT('Ctrl Pts',(-10.9237109071614,-0.851606652222988,
-77.7220113139632));
#6918=CARTESIAN_POINT('Ctrl Pts',(-11.2267646571614,-1.20395227722299,-77.7220113139632));
#6919=CARTESIAN_POINT('Ctrl Pts',(-11.1080990321614,-1.73886040222299,-77.7220113139632));
#6920=CARTESIAN_POINT('Ctrl Pts',(-10.6809027821614,-1.93785352722299,-77.7220113139632));
#6921=CARTESIAN_POINT('',(-10.9237109071614,-0.851606652222988,-78.0220113139632));
#6922=CARTESIAN_POINT('',(-10.9237109071614,-0.851606652222988,-77.7220113139632));
#6923=CARTESIAN_POINT('Ctrl Pts',(-10.9237109071614,-0.851606652222988,
-78.0220113139632));
#6924=CARTESIAN_POINT('Ctrl Pts',(-11.2267646571614,-1.20395227722299,-78.0220113139632));
#6925=CARTESIAN_POINT('Ctrl Pts',(-11.1080990321614,-1.73886040222299,-78.0220113139632));
#6926=CARTESIAN_POINT('Ctrl Pts',(-10.6809027821614,-1.93785352722299,-78.0220113139632));
#6927=CARTESIAN_POINT('Ctrl Pts',(-10.4125359071614,-0.610624152222987,
-77.7220113139632));
#6928=CARTESIAN_POINT('Ctrl Pts',(-10.4125359071614,-0.610624152222987,
-78.0220113139632));
#6929=CARTESIAN_POINT('Ctrl Pts',(-10.5950984071614,-0.612449777222985,
-77.7220113139632));
#6930=CARTESIAN_POINT('Ctrl Pts',(-10.5950984071614,-0.612449777222985,
-78.0220113139632));
#6931=CARTESIAN_POINT('Ctrl Pts',(-10.8032196571614,-0.711033527222987,
-77.7220113139632));
#6932=CARTESIAN_POINT('Ctrl Pts',(-10.8032196571614,-0.711033527222987,
-78.0220113139632));
#6933=CARTESIAN_POINT('Ctrl Pts',(-10.9237109071614,-0.851606652222988,
-77.7220113139632));
#6934=CARTESIAN_POINT('Ctrl Pts',(-10.9237109071614,-0.851606652222988,
-78.0220113139632));
#6935=CARTESIAN_POINT('Ctrl Pts',(-10.4125359071614,-0.610624152222987,
-77.7220113139632));
#6936=CARTESIAN_POINT('Ctrl Pts',(-10.5950984071614,-0.612449777222985,
-77.7220113139632));
#6937=CARTESIAN_POINT('Ctrl Pts',(-10.8032196571614,-0.711033527222987,
-77.7220113139632));
#6938=CARTESIAN_POINT('Ctrl Pts',(-10.9237109071614,-0.851606652222988,
-77.7220113139632));
#6939=CARTESIAN_POINT('Ctrl Pts',(-10.4125359071614,-0.610624152222987,
-78.0220113139632));
#6940=CARTESIAN_POINT('Ctrl Pts',(-10.5950984071614,-0.612449777222985,
-78.0220113139632));
#6941=CARTESIAN_POINT('Ctrl Pts',(-10.8032196571614,-0.711033527222987,
-78.0220113139632));
#6942=CARTESIAN_POINT('Ctrl Pts',(-10.9237109071614,-0.851606652222988,
-78.0220113139632));
#6943=CARTESIAN_POINT('Ctrl Pts',(-8.01914153216138,-0.654439152222988,
-77.7220113139632));
#6944=CARTESIAN_POINT('Ctrl Pts',(-8.01914153216138,-0.654439152222988,
-78.0220113139632));
#6945=CARTESIAN_POINT('Ctrl Pts',(-8.05565403216139,-0.597844777222986,
-77.7220113139632));
#6946=CARTESIAN_POINT('Ctrl Pts',(-8.05565403216139,-0.597844777222986,
-78.0220113139632));
#6947=CARTESIAN_POINT('Ctrl Pts',(-8.06843340716139,-0.597844777222986,
-77.7220113139632));
#6948=CARTESIAN_POINT('Ctrl Pts',(-8.06843340716139,-0.597844777222986,
-78.0220113139632));
#6949=CARTESIAN_POINT('Ctrl Pts',(-8.11589965716139,-0.648962277222985,
-77.7220113139632));
#6950=CARTESIAN_POINT('Ctrl Pts',(-8.11589965716139,-0.648962277222985,
-78.0220113139632));
#6951=CARTESIAN_POINT('',(-8.01914153216138,-0.654439152222988,-77.7220113139632));
#6952=CARTESIAN_POINT('',(-8.11589965716139,-0.648962277222985,-77.7220113139632));
#6953=CARTESIAN_POINT('Ctrl Pts',(-8.01914153216138,-0.654439152222988,
-77.7220113139632));
#6954=CARTESIAN_POINT('Ctrl Pts',(-8.05565403216139,-0.597844777222986,
-77.7220113139632));
#6955=CARTESIAN_POINT('Ctrl Pts',(-8.06843340716139,-0.597844777222986,
-77.7220113139632));
#6956=CARTESIAN_POINT('Ctrl Pts',(-8.11589965716139,-0.648962277222985,
-77.7220113139632));
#6957=CARTESIAN_POINT('',(-8.01914153216138,-0.654439152222988,-78.0220113139632));
#6958=CARTESIAN_POINT('',(-8.01914153216138,-0.654439152222988,-77.7220113139632));
#6959=CARTESIAN_POINT('',(-8.11589965716139,-0.648962277222985,-78.0220113139632));
#6960=CARTESIAN_POINT('Ctrl Pts',(-8.01914153216138,-0.654439152222988,
-78.0220113139632));
#6961=CARTESIAN_POINT('Ctrl Pts',(-8.05565403216139,-0.597844777222986,
-78.0220113139632));
#6962=CARTESIAN_POINT('Ctrl Pts',(-8.06843340716139,-0.597844777222986,
-78.0220113139632));
#6963=CARTESIAN_POINT('Ctrl Pts',(-8.11589965716139,-0.648962277222985,
-78.0220113139632));
#6964=CARTESIAN_POINT('',(-8.11589965716139,-0.648962277222985,-77.7220113139632));
#6965=CARTESIAN_POINT('Ctrl Pts',(-7.99905965716139,-1.00678477722299,-77.7220113139632));
#6966=CARTESIAN_POINT('Ctrl Pts',(-7.99905965716139,-1.00678477722299,-78.0220113139632));
#6967=CARTESIAN_POINT('Ctrl Pts',(-7.98993153216139,-0.740243527222985,
-77.7220113139632));
#6968=CARTESIAN_POINT('Ctrl Pts',(-7.98993153216139,-0.740243527222985,
-78.0220113139632));
#6969=CARTESIAN_POINT('Ctrl Pts',(-7.99175715716139,-0.696428527222988,
-77.7220113139632));
#6970=CARTESIAN_POINT('Ctrl Pts',(-7.99175715716139,-0.696428527222988,
-78.0220113139632));
#6971=CARTESIAN_POINT('Ctrl Pts',(-8.01914153216138,-0.654439152222988,
-77.7220113139632));
#6972=CARTESIAN_POINT('Ctrl Pts',(-8.01914153216138,-0.654439152222988,
-78.0220113139632));
#6973=CARTESIAN_POINT('',(-7.99905965716139,-1.00678477722299,-77.7220113139632));
#6974=CARTESIAN_POINT('Ctrl Pts',(-7.99905965716139,-1.00678477722299,-77.7220113139632));
#6975=CARTESIAN_POINT('Ctrl Pts',(-7.98993153216139,-0.740243527222985,
-77.7220113139632));
#6976=CARTESIAN_POINT('Ctrl Pts',(-7.99175715716139,-0.696428527222988,
-77.7220113139632));
#6977=CARTESIAN_POINT('Ctrl Pts',(-8.01914153216138,-0.654439152222988,
-77.7220113139632));
#6978=CARTESIAN_POINT('',(-7.99905965716139,-1.00678477722299,-78.0220113139632));
#6979=CARTESIAN_POINT('',(-7.99905965716139,-1.00678477722299,-77.7220113139632));
#6980=CARTESIAN_POINT('Ctrl Pts',(-7.99905965716139,-1.00678477722299,-78.0220113139632));
#6981=CARTESIAN_POINT('Ctrl Pts',(-7.98993153216139,-0.740243527222985,
-78.0220113139632));
#6982=CARTESIAN_POINT('Ctrl Pts',(-7.99175715716139,-0.696428527222988,
-78.0220113139632));
#6983=CARTESIAN_POINT('Ctrl Pts',(-8.01914153216138,-0.654439152222988,
-78.0220113139632));
#6984=CARTESIAN_POINT('Ctrl Pts',(-8.48650153216139,-3.10990477722299,-77.7220113139632));
#6985=CARTESIAN_POINT('Ctrl Pts',(-8.48650153216139,-3.10990477722299,-78.0220113139632));
#6986=CARTESIAN_POINT('Ctrl Pts',(-8.29481090716139,-2.91821415222299,-77.7220113139632));
#6987=CARTESIAN_POINT('Ctrl Pts',(-8.29481090716139,-2.91821415222299,-78.0220113139632));
#6988=CARTESIAN_POINT('Ctrl Pts',(-8.02644403216139,-1.76076790222299,-77.7220113139632));
#6989=CARTESIAN_POINT('Ctrl Pts',(-8.02644403216139,-1.76076790222299,-78.0220113139632));
#6990=CARTESIAN_POINT('Ctrl Pts',(-7.99905965716139,-1.00678477722299,-77.7220113139632));
#6991=CARTESIAN_POINT('Ctrl Pts',(-7.99905965716139,-1.00678477722299,-78.0220113139632));
#6992=CARTESIAN_POINT('',(-8.48650153216139,-3.10990477722299,-77.7220113139632));
#6993=CARTESIAN_POINT('Ctrl Pts',(-8.48650153216139,-3.10990477722299,-77.7220113139632));
#6994=CARTESIAN_POINT('Ctrl Pts',(-8.29481090716139,-2.91821415222299,-77.7220113139632));
#6995=CARTESIAN_POINT('Ctrl Pts',(-8.02644403216139,-1.76076790222299,-77.7220113139632));
#6996=CARTESIAN_POINT('Ctrl Pts',(-7.99905965716139,-1.00678477722299,-77.7220113139632));
#6997=CARTESIAN_POINT('',(-8.48650153216139,-3.10990477722299,-78.0220113139632));
#6998=CARTESIAN_POINT('',(-8.48650153216139,-3.10990477722299,-77.7220113139632));
#6999=CARTESIAN_POINT('Ctrl Pts',(-8.48650153216139,-3.10990477722299,-78.0220113139632));
#7000=CARTESIAN_POINT('Ctrl Pts',(-8.29481090716139,-2.91821415222299,-78.0220113139632));
#7001=CARTESIAN_POINT('Ctrl Pts',(-8.02644403216139,-1.76076790222299,-78.0220113139632));
#7002=CARTESIAN_POINT('Ctrl Pts',(-7.99905965716139,-1.00678477722299,-78.0220113139632));
#7003=CARTESIAN_POINT('Ctrl Pts',(-8.62342340716139,-2.94559852722299,-77.7220113139632));
#7004=CARTESIAN_POINT('Ctrl Pts',(-8.62342340716139,-2.94559852722299,-78.0220113139632));
#7005=CARTESIAN_POINT('Ctrl Pts',(-8.60151590716139,-3.13546352722299,-77.7220113139632));
#7006=CARTESIAN_POINT('Ctrl Pts',(-8.60151590716139,-3.13546352722299,-78.0220113139632));
#7007=CARTESIAN_POINT('Ctrl Pts',(-8.56135215716139,-3.18475540222299,-77.7220113139632));
#7008=CARTESIAN_POINT('Ctrl Pts',(-8.56135215716139,-3.18475540222299,-78.0220113139632));
#7009=CARTESIAN_POINT('Ctrl Pts',(-8.48650153216139,-3.10990477722299,-77.7220113139632));
#7010=CARTESIAN_POINT('Ctrl Pts',(-8.48650153216139,-3.10990477722299,-78.0220113139632));
#7011=CARTESIAN_POINT('',(-8.62342340716139,-2.94559852722299,-77.7220113139632));
#7012=CARTESIAN_POINT('Ctrl Pts',(-8.62342340716139,-2.94559852722299,-77.7220113139632));
#7013=CARTESIAN_POINT('Ctrl Pts',(-8.60151590716139,-3.13546352722299,-77.7220113139632));
#7014=CARTESIAN_POINT('Ctrl Pts',(-8.56135215716139,-3.18475540222299,-77.7220113139632));
#7015=CARTESIAN_POINT('Ctrl Pts',(-8.48650153216139,-3.10990477722299,-77.7220113139632));
#7016=CARTESIAN_POINT('',(-8.62342340716139,-2.94559852722299,-78.0220113139632));
#7017=CARTESIAN_POINT('',(-8.62342340716139,-2.94559852722299,-77.7220113139632));
#7018=CARTESIAN_POINT('Ctrl Pts',(-8.62342340716139,-2.94559852722299,-78.0220113139632));
#7019=CARTESIAN_POINT('Ctrl Pts',(-8.60151590716139,-3.13546352722299,-78.0220113139632));
#7020=CARTESIAN_POINT('Ctrl Pts',(-8.56135215716139,-3.18475540222299,-78.0220113139632));
#7021=CARTESIAN_POINT('Ctrl Pts',(-8.48650153216139,-3.10990477722299,-78.0220113139632));
#7022=CARTESIAN_POINT('Ctrl Pts',(-8.42990715716139,-1.47049352722299,-77.7220113139632));
#7023=CARTESIAN_POINT('Ctrl Pts',(-8.42990715716139,-1.47049352722299,-78.0220113139632));
#7024=CARTESIAN_POINT('Ctrl Pts',(-8.55039840716139,-1.95245852722299,-77.7220113139632));
#7025=CARTESIAN_POINT('Ctrl Pts',(-8.55039840716139,-1.95245852722299,-78.0220113139632));
#7026=CARTESIAN_POINT('Ctrl Pts',(-8.64898215716138,-2.71009290222299,-77.7220113139632));
#7027=CARTESIAN_POINT('Ctrl Pts',(-8.64898215716138,-2.71009290222299,-78.0220113139632));
#7028=CARTESIAN_POINT('Ctrl Pts',(-8.62342340716139,-2.94559852722299,-77.7220113139632));
#7029=CARTESIAN_POINT('Ctrl Pts',(-8.62342340716139,-2.94559852722299,-78.0220113139632));
#7030=CARTESIAN_POINT('',(-8.42990715716139,-1.47049352722299,-77.7220113139632));
#7031=CARTESIAN_POINT('Ctrl Pts',(-8.42990715716139,-1.47049352722299,-77.7220113139632));
#7032=CARTESIAN_POINT('Ctrl Pts',(-8.55039840716139,-1.95245852722299,-77.7220113139632));
#7033=CARTESIAN_POINT('Ctrl Pts',(-8.64898215716138,-2.71009290222299,-77.7220113139632));
#7034=CARTESIAN_POINT('Ctrl Pts',(-8.62342340716139,-2.94559852722299,-77.7220113139632));
#7035=CARTESIAN_POINT('',(-8.42990715716139,-1.47049352722299,-78.0220113139632));
#7036=CARTESIAN_POINT('',(-8.42990715716139,-1.47049352722299,-77.7220113139632));
#7037=CARTESIAN_POINT('Ctrl Pts',(-8.42990715716139,-1.47049352722299,-78.0220113139632));
#7038=CARTESIAN_POINT('Ctrl Pts',(-8.55039840716139,-1.95245852722299,-78.0220113139632));
#7039=CARTESIAN_POINT('Ctrl Pts',(-8.64898215716138,-2.71009290222299,-78.0220113139632));
#7040=CARTESIAN_POINT('Ctrl Pts',(-8.62342340716139,-2.94559852722299,-78.0220113139632));
#7041=CARTESIAN_POINT('Ctrl Pts',(-8.11589965716139,-0.648962277222985,
-77.7220113139632));
#7042=CARTESIAN_POINT('Ctrl Pts',(-8.11589965716139,-0.648962277222985,
-78.0220113139632));
#7043=CARTESIAN_POINT('Ctrl Pts',(-8.20535528216139,-0.747546027222987,
-77.7220113139632));
#7044=CARTESIAN_POINT('Ctrl Pts',(-8.20535528216139,-0.747546027222987,
-78.0220113139632));
#7045=CARTESIAN_POINT('Ctrl Pts',(-8.33132340716139,-1.07798415222298,-77.7220113139632));
#7046=CARTESIAN_POINT('Ctrl Pts',(-8.33132340716139,-1.07798415222298,-78.0220113139632));
#7047=CARTESIAN_POINT('Ctrl Pts',(-8.42990715716139,-1.47049352722299,-77.7220113139632));
#7048=CARTESIAN_POINT('Ctrl Pts',(-8.42990715716139,-1.47049352722299,-78.0220113139632));
#7049=CARTESIAN_POINT('Ctrl Pts',(-8.11589965716139,-0.648962277222985,
-77.7220113139632));
#7050=CARTESIAN_POINT('Ctrl Pts',(-8.20535528216139,-0.747546027222987,
-77.7220113139632));
#7051=CARTESIAN_POINT('Ctrl Pts',(-8.33132340716139,-1.07798415222298,-77.7220113139632));
#7052=CARTESIAN_POINT('Ctrl Pts',(-8.42990715716139,-1.47049352722299,-77.7220113139632));
#7053=CARTESIAN_POINT('Ctrl Pts',(-8.11589965716139,-0.648962277222985,
-78.0220113139632));
#7054=CARTESIAN_POINT('Ctrl Pts',(-8.20535528216139,-0.747546027222987,
-78.0220113139632));
#7055=CARTESIAN_POINT('Ctrl Pts',(-8.33132340716139,-1.07798415222298,-78.0220113139632));
#7056=CARTESIAN_POINT('Ctrl Pts',(-8.42990715716139,-1.47049352722299,-78.0220113139632));
#7057=CARTESIAN_POINT('Ctrl Pts',(-11.3965477821614,0.705651472777012,-77.7220113139632));
#7058=CARTESIAN_POINT('Ctrl Pts',(-11.3965477821614,0.705651472777012,-78.0220113139632));
#7059=CARTESIAN_POINT('Ctrl Pts',(-11.2778821571614,0.829793972777015,-77.7220113139632));
#7060=CARTESIAN_POINT('Ctrl Pts',(-11.2778821571614,0.829793972777015,-78.0220113139632));
#7061=CARTESIAN_POINT('Ctrl Pts',(-11.1646934071614,0.895516472777013,-77.7220113139632));
#7062=CARTESIAN_POINT('Ctrl Pts',(-11.1646934071614,0.895516472777013,-78.0220113139632));
#7063=CARTESIAN_POINT('Ctrl Pts',(-10.9839565321614,0.942982722777012,-77.7220113139632));
#7064=CARTESIAN_POINT('Ctrl Pts',(-10.9839565321614,0.942982722777012,-78.0220113139632));
#7065=CARTESIAN_POINT('',(-11.3965477821614,0.705651472777012,-77.7220113139632));
#7066=CARTESIAN_POINT('',(-10.9839565321614,0.942982722777012,-77.7220113139632));
#7067=CARTESIAN_POINT('Ctrl Pts',(-11.3965477821614,0.705651472777012,-77.7220113139632));
#7068=CARTESIAN_POINT('Ctrl Pts',(-11.2778821571614,0.829793972777015,-77.7220113139632));
#7069=CARTESIAN_POINT('Ctrl Pts',(-11.1646934071614,0.895516472777013,-77.7220113139632));
#7070=CARTESIAN_POINT('Ctrl Pts',(-10.9839565321614,0.942982722777012,-77.7220113139632));
#7071=CARTESIAN_POINT('',(-11.3965477821614,0.705651472777012,-78.0220113139632));
#7072=CARTESIAN_POINT('',(-11.3965477821614,0.705651472777012,-77.7220113139632));
#7073=CARTESIAN_POINT('',(-10.9839565321614,0.942982722777012,-78.0220113139632));
#7074=CARTESIAN_POINT('Ctrl Pts',(-11.3965477821614,0.705651472777012,-78.0220113139632));
#7075=CARTESIAN_POINT('Ctrl Pts',(-11.2778821571614,0.829793972777015,-78.0220113139632));
#7076=CARTESIAN_POINT('Ctrl Pts',(-11.1646934071614,0.895516472777013,-78.0220113139632));
#7077=CARTESIAN_POINT('Ctrl Pts',(-10.9839565321614,0.942982722777012,-78.0220113139632));
#7078=CARTESIAN_POINT('',(-10.9839565321614,0.942982722777012,-77.7220113139632));
#7079=CARTESIAN_POINT('Ctrl Pts',(-11.7306371571614,-0.952016027222988,
-77.7220113139632));
#7080=CARTESIAN_POINT('Ctrl Pts',(-11.7306371571614,-0.952016027222988,
-78.0220113139632));
#7081=CARTESIAN_POINT('Ctrl Pts',(-11.7488934071614,0.0100883477770133,
-77.7220113139632));
#7082=CARTESIAN_POINT('Ctrl Pts',(-11.7488934071614,0.0100883477770133,
-78.0220113139632));
#7083=CARTESIAN_POINT('Ctrl Pts',(-11.6667402821614,0.422679597777012,-77.7220113139632));
#7084=CARTESIAN_POINT('Ctrl Pts',(-11.6667402821614,0.422679597777012,-78.0220113139632));
#7085=CARTESIAN_POINT('Ctrl Pts',(-11.3965477821614,0.705651472777012,-77.7220113139632));
#7086=CARTESIAN_POINT('Ctrl Pts',(-11.3965477821614,0.705651472777012,-78.0220113139632));
#7087=CARTESIAN_POINT('',(-11.7306371571614,-0.952016027222988,-77.7220113139632));
#7088=CARTESIAN_POINT('Ctrl Pts',(-11.7306371571614,-0.952016027222988,
-77.7220113139632));
#7089=CARTESIAN_POINT('Ctrl Pts',(-11.7488934071614,0.0100883477770133,
-77.7220113139632));
#7090=CARTESIAN_POINT('Ctrl Pts',(-11.6667402821614,0.422679597777012,-77.7220113139632));
#7091=CARTESIAN_POINT('Ctrl Pts',(-11.3965477821614,0.705651472777012,-77.7220113139632));
#7092=CARTESIAN_POINT('',(-11.7306371571614,-0.952016027222988,-78.0220113139632));
#7093=CARTESIAN_POINT('',(-11.7306371571614,-0.952016027222988,-77.7220113139632));
#7094=CARTESIAN_POINT('Ctrl Pts',(-11.7306371571614,-0.952016027222988,
-78.0220113139632));
#7095=CARTESIAN_POINT('Ctrl Pts',(-11.7488934071614,0.0100883477770133,
-78.0220113139632));
#7096=CARTESIAN_POINT('Ctrl Pts',(-11.6667402821614,0.422679597777012,-78.0220113139632));
#7097=CARTESIAN_POINT('Ctrl Pts',(-11.3965477821614,0.705651472777012,-78.0220113139632));
#7098=CARTESIAN_POINT('Ctrl Pts',(-11.5827615321614,-1.93602790222298,-77.7220113139632));
#7099=CARTESIAN_POINT('Ctrl Pts',(-11.5827615321614,-1.93602790222298,-78.0220113139632));
#7100=CARTESIAN_POINT('Ctrl Pts',(-11.6941246571614,-1.70052227722299,-77.7220113139632));
#7101=CARTESIAN_POINT('Ctrl Pts',(-11.6941246571614,-1.70052227722299,-78.0220113139632));
#7102=CARTESIAN_POINT('Ctrl Pts',(-11.7196834071614,-1.52891352722299,-77.7220113139632));
#7103=CARTESIAN_POINT('Ctrl Pts',(-11.7196834071614,-1.52891352722299,-78.0220113139632));
#7104=CARTESIAN_POINT('Ctrl Pts',(-11.7306371571614,-0.952016027222988,
-77.7220113139632));
#7105=CARTESIAN_POINT('Ctrl Pts',(-11.7306371571614,-0.952016027222988,
-78.0220113139632));
#7106=CARTESIAN_POINT('',(-11.5827615321614,-1.93602790222298,-77.7220113139632));
#7107=CARTESIAN_POINT('Ctrl Pts',(-11.5827615321614,-1.93602790222298,-77.7220113139632));
#7108=CARTESIAN_POINT('Ctrl Pts',(-11.6941246571614,-1.70052227722299,-77.7220113139632));
#7109=CARTESIAN_POINT('Ctrl Pts',(-11.7196834071614,-1.52891352722299,-77.7220113139632));
#7110=CARTESIAN_POINT('Ctrl Pts',(-11.7306371571614,-0.952016027222988,
-77.7220113139632));
#7111=CARTESIAN_POINT('',(-11.5827615321614,-1.93602790222298,-78.0220113139632));
#7112=CARTESIAN_POINT('',(-11.5827615321614,-1.93602790222298,-77.7220113139632));
#7113=CARTESIAN_POINT('Ctrl Pts',(-11.5827615321614,-1.93602790222298,-78.0220113139632));
#7114=CARTESIAN_POINT('Ctrl Pts',(-11.6941246571614,-1.70052227722299,-78.0220113139632));
#7115=CARTESIAN_POINT('Ctrl Pts',(-11.7196834071614,-1.52891352722299,-78.0220113139632));
#7116=CARTESIAN_POINT('Ctrl Pts',(-11.7306371571614,-0.952016027222988,
-78.0220113139632));
#7117=CARTESIAN_POINT('Ctrl Pts',(-10.4508740321614,-2.50744852722299,-77.7220113139632));
#7118=CARTESIAN_POINT('Ctrl Pts',(-10.4508740321614,-2.50744852722299,-78.0220113139632));
#7119=CARTESIAN_POINT('Ctrl Pts',(-11.0788890321614,-2.47276165222299,-77.7220113139632));
#7120=CARTESIAN_POINT('Ctrl Pts',(-11.0788890321614,-2.47276165222299,-78.0220113139632));
#7121=CARTESIAN_POINT('Ctrl Pts',(-11.4056759071614,-2.30662977722299,-77.7220113139632));
#7122=CARTESIAN_POINT('Ctrl Pts',(-11.4056759071614,-2.30662977722299,-78.0220113139632));
#7123=CARTESIAN_POINT('Ctrl Pts',(-11.5827615321614,-1.93602790222298,-77.7220113139632));
#7124=CARTESIAN_POINT('Ctrl Pts',(-11.5827615321614,-1.93602790222298,-78.0220113139632));
#7125=CARTESIAN_POINT('',(-10.4508740321614,-2.50744852722299,-77.7220113139632));
#7126=CARTESIAN_POINT('Ctrl Pts',(-10.4508740321614,-2.50744852722299,-77.7220113139632));
#7127=CARTESIAN_POINT('Ctrl Pts',(-11.0788890321614,-2.47276165222299,-77.7220113139632));
#7128=CARTESIAN_POINT('Ctrl Pts',(-11.4056759071614,-2.30662977722299,-77.7220113139632));
#7129=CARTESIAN_POINT('Ctrl Pts',(-11.5827615321614,-1.93602790222298,-77.7220113139632));
#7130=CARTESIAN_POINT('',(-10.4508740321614,-2.50744852722299,-78.0220113139632));
#7131=CARTESIAN_POINT('',(-10.4508740321614,-2.50744852722299,-77.7220113139632));
#7132=CARTESIAN_POINT('Ctrl Pts',(-10.4508740321614,-2.50744852722299,-78.0220113139632));
#7133=CARTESIAN_POINT('Ctrl Pts',(-11.0788890321614,-2.47276165222299,-78.0220113139632));
#7134=CARTESIAN_POINT('Ctrl Pts',(-11.4056759071614,-2.30662977722299,-78.0220113139632));
#7135=CARTESIAN_POINT('Ctrl Pts',(-11.5827615321614,-1.93602790222298,-78.0220113139632));
#7136=CARTESIAN_POINT('Ctrl Pts',(-9.17111090716139,-3.19023227722299,-77.7220113139632));
#7137=CARTESIAN_POINT('Ctrl Pts',(-9.17111090716139,-3.19023227722299,-78.0220113139632));
#7138=CARTESIAN_POINT('Ctrl Pts',(-9.80095153216139,-2.61881165222299,-77.7220113139632));
#7139=CARTESIAN_POINT('Ctrl Pts',(-9.80095153216139,-2.61881165222299,-78.0220113139632));
#7140=CARTESIAN_POINT('Ctrl Pts',(-9.96160653216139,-2.53300727722299,-77.7220113139632));
#7141=CARTESIAN_POINT('Ctrl Pts',(-9.96160653216139,-2.53300727722299,-78.0220113139632));
#7142=CARTESIAN_POINT('Ctrl Pts',(-10.4508740321614,-2.50744852722299,-77.7220113139632));
#7143=CARTESIAN_POINT('Ctrl Pts',(-10.4508740321614,-2.50744852722299,-78.0220113139632));
#7144=CARTESIAN_POINT('',(-9.17111090716139,-3.19023227722299,-77.7220113139632));
#7145=CARTESIAN_POINT('Ctrl Pts',(-9.17111090716139,-3.19023227722299,-77.7220113139632));
#7146=CARTESIAN_POINT('Ctrl Pts',(-9.80095153216139,-2.61881165222299,-77.7220113139632));
#7147=CARTESIAN_POINT('Ctrl Pts',(-9.96160653216139,-2.53300727722299,-77.7220113139632));
#7148=CARTESIAN_POINT('Ctrl Pts',(-10.4508740321614,-2.50744852722299,-77.7220113139632));
#7149=CARTESIAN_POINT('',(-9.17111090716139,-3.19023227722299,-78.0220113139632));
#7150=CARTESIAN_POINT('',(-9.17111090716139,-3.19023227722299,-77.7220113139632));
#7151=CARTESIAN_POINT('Ctrl Pts',(-9.17111090716139,-3.19023227722299,-78.0220113139632));
#7152=CARTESIAN_POINT('Ctrl Pts',(-9.80095153216139,-2.61881165222299,-78.0220113139632));
#7153=CARTESIAN_POINT('Ctrl Pts',(-9.96160653216139,-2.53300727722299,-78.0220113139632));
#7154=CARTESIAN_POINT('Ctrl Pts',(-10.4508740321614,-2.50744852722299,-78.0220113139632));
#7155=CARTESIAN_POINT('Ctrl Pts',(-8.61064403216139,-3.58456727722299,-77.7220113139632));
#7156=CARTESIAN_POINT('Ctrl Pts',(-8.61064403216139,-3.58456727722299,-78.0220113139632));
#7157=CARTESIAN_POINT('Ctrl Pts',(-8.73843778216139,-3.55535727722299,-77.7220113139632));
#7158=CARTESIAN_POINT('Ctrl Pts',(-8.73843778216139,-3.55535727722299,-78.0220113139632));
#7159=CARTESIAN_POINT('Ctrl Pts',(-8.87901090716139,-3.45677352722299,-77.7220113139632));
#7160=CARTESIAN_POINT('Ctrl Pts',(-8.87901090716139,-3.45677352722299,-78.0220113139632));
#7161=CARTESIAN_POINT('Ctrl Pts',(-9.17111090716139,-3.19023227722299,-77.7220113139632));
#7162=CARTESIAN_POINT('Ctrl Pts',(-9.17111090716139,-3.19023227722299,-78.0220113139632));
#7163=CARTESIAN_POINT('',(-8.61064403216139,-3.58456727722299,-77.7220113139632));
#7164=CARTESIAN_POINT('Ctrl Pts',(-8.61064403216139,-3.58456727722299,-77.7220113139632));
#7165=CARTESIAN_POINT('Ctrl Pts',(-8.73843778216139,-3.55535727722299,-77.7220113139632));
#7166=CARTESIAN_POINT('Ctrl Pts',(-8.87901090716139,-3.45677352722299,-77.7220113139632));
#7167=CARTESIAN_POINT('Ctrl Pts',(-9.17111090716139,-3.19023227722299,-77.7220113139632));
#7168=CARTESIAN_POINT('',(-8.61064403216139,-3.58456727722299,-78.0220113139632));
#7169=CARTESIAN_POINT('',(-8.61064403216139,-3.58456727722299,-77.7220113139632));
#7170=CARTESIAN_POINT('Ctrl Pts',(-8.61064403216139,-3.58456727722299,-78.0220113139632));
#7171=CARTESIAN_POINT('Ctrl Pts',(-8.73843778216139,-3.55535727722299,-78.0220113139632));
#7172=CARTESIAN_POINT('Ctrl Pts',(-8.87901090716139,-3.45677352722299,-78.0220113139632));
#7173=CARTESIAN_POINT('Ctrl Pts',(-9.17111090716139,-3.19023227722299,-78.0220113139632));
#7174=CARTESIAN_POINT('Ctrl Pts',(-7.75442590716139,-1.51248290222299,-77.7220113139632));
#7175=CARTESIAN_POINT('Ctrl Pts',(-7.75442590716139,-1.51248290222299,-78.0220113139632));
#7176=CARTESIAN_POINT('Ctrl Pts',(-7.98262903216139,-3.08617165222299,-77.7220113139632));
#7177=CARTESIAN_POINT('Ctrl Pts',(-7.98262903216139,-3.08617165222299,-78.0220113139632));
#7178=CARTESIAN_POINT('Ctrl Pts',(-8.22726278216139,-3.67767415222299,-77.7220113139632));
#7179=CARTESIAN_POINT('Ctrl Pts',(-8.22726278216139,-3.67767415222299,-78.0220113139632));
#7180=CARTESIAN_POINT('Ctrl Pts',(-8.61064403216139,-3.58456727722299,-77.7220113139632));
#7181=CARTESIAN_POINT('Ctrl Pts',(-8.61064403216139,-3.58456727722299,-78.0220113139632));
#7182=CARTESIAN_POINT('',(-7.75442590716139,-1.51248290222299,-77.7220113139632));
#7183=CARTESIAN_POINT('Ctrl Pts',(-7.75442590716139,-1.51248290222299,-77.7220113139632));
#7184=CARTESIAN_POINT('Ctrl Pts',(-7.98262903216139,-3.08617165222299,-77.7220113139632));
#7185=CARTESIAN_POINT('Ctrl Pts',(-8.22726278216139,-3.67767415222299,-77.7220113139632));
#7186=CARTESIAN_POINT('Ctrl Pts',(-8.61064403216139,-3.58456727722299,-77.7220113139632));
#7187=CARTESIAN_POINT('',(-7.75442590716139,-1.51248290222299,-78.0220113139632));
#7188=CARTESIAN_POINT('',(-7.75442590716139,-1.51248290222299,-77.7220113139632));
#7189=CARTESIAN_POINT('Ctrl Pts',(-7.75442590716139,-1.51248290222299,-78.0220113139632));
#7190=CARTESIAN_POINT('Ctrl Pts',(-7.98262903216139,-3.08617165222299,-78.0220113139632));
#7191=CARTESIAN_POINT('Ctrl Pts',(-8.22726278216139,-3.67767415222299,-78.0220113139632));
#7192=CARTESIAN_POINT('Ctrl Pts',(-8.61064403216139,-3.58456727722299,-78.0220113139632));
#7193=CARTESIAN_POINT('Ctrl Pts',(-7.82014840716139,-0.234545402222988,
-77.7220113139632));
#7194=CARTESIAN_POINT('Ctrl Pts',(-7.82014840716139,-0.234545402222988,
-78.0220113139632));
#7195=CARTESIAN_POINT('Ctrl Pts',(-7.66314465716138,-0.559506652222987,
-77.7220113139632));
#7196=CARTESIAN_POINT('Ctrl Pts',(-7.66314465716138,-0.559506652222987,
-78.0220113139632));
#7197=CARTESIAN_POINT('Ctrl Pts',(-7.65036528216139,-0.802314777222987,
-77.7220113139632));
#7198=CARTESIAN_POINT('Ctrl Pts',(-7.65036528216139,-0.802314777222987,
-78.0220113139632));
#7199=CARTESIAN_POINT('Ctrl Pts',(-7.75442590716139,-1.51248290222299,-77.7220113139632));
#7200=CARTESIAN_POINT('Ctrl Pts',(-7.75442590716139,-1.51248290222299,-78.0220113139632));
#7201=CARTESIAN_POINT('',(-7.82014840716139,-0.234545402222988,-77.7220113139632));
#7202=CARTESIAN_POINT('Ctrl Pts',(-7.82014840716139,-0.234545402222988,
-77.7220113139632));
#7203=CARTESIAN_POINT('Ctrl Pts',(-7.66314465716138,-0.559506652222987,
-77.7220113139632));
#7204=CARTESIAN_POINT('Ctrl Pts',(-7.65036528216139,-0.802314777222987,
-77.7220113139632));
#7205=CARTESIAN_POINT('Ctrl Pts',(-7.75442590716139,-1.51248290222299,-77.7220113139632));
#7206=CARTESIAN_POINT('',(-7.82014840716139,-0.234545402222988,-78.0220113139632));
#7207=CARTESIAN_POINT('',(-7.82014840716139,-0.234545402222988,-77.7220113139632));
#7208=CARTESIAN_POINT('Ctrl Pts',(-7.82014840716139,-0.234545402222988,
-78.0220113139632));
#7209=CARTESIAN_POINT('Ctrl Pts',(-7.66314465716138,-0.559506652222987,
-78.0220113139632));
#7210=CARTESIAN_POINT('Ctrl Pts',(-7.65036528216139,-0.802314777222987,
-78.0220113139632));
#7211=CARTESIAN_POINT('Ctrl Pts',(-7.75442590716139,-1.51248290222299,-78.0220113139632));
#7212=CARTESIAN_POINT('Ctrl Pts',(-8.24734465716139,0.274803972777013,-77.7220113139632));
#7213=CARTESIAN_POINT('Ctrl Pts',(-8.24734465716139,0.274803972777013,-78.0220113139632));
#7214=CARTESIAN_POINT('Ctrl Pts',(-8.06478215716139,0.136056472777015,-77.7220113139632));
#7215=CARTESIAN_POINT('Ctrl Pts',(-8.06478215716139,0.136056472777015,-78.0220113139632));
#7216=CARTESIAN_POINT('Ctrl Pts',(-7.90777840716139,-0.0519829022229884,
-77.7220113139632));
#7217=CARTESIAN_POINT('Ctrl Pts',(-7.90777840716139,-0.0519829022229884,
-78.0220113139632));
#7218=CARTESIAN_POINT('Ctrl Pts',(-7.82014840716139,-0.234545402222988,
-77.7220113139632));
#7219=CARTESIAN_POINT('Ctrl Pts',(-7.82014840716139,-0.234545402222988,
-78.0220113139632));
#7220=CARTESIAN_POINT('',(-8.24734465716139,0.274803972777013,-77.7220113139632));
#7221=CARTESIAN_POINT('Ctrl Pts',(-8.24734465716139,0.274803972777013,-77.7220113139632));
#7222=CARTESIAN_POINT('Ctrl Pts',(-8.06478215716139,0.136056472777015,-77.7220113139632));
#7223=CARTESIAN_POINT('Ctrl Pts',(-7.90777840716139,-0.0519829022229884,
-77.7220113139632));
#7224=CARTESIAN_POINT('Ctrl Pts',(-7.82014840716139,-0.234545402222988,
-77.7220113139632));
#7225=CARTESIAN_POINT('',(-8.24734465716139,0.274803972777013,-78.0220113139632));
#7226=CARTESIAN_POINT('',(-8.24734465716139,0.274803972777013,-77.7220113139632));
#7227=CARTESIAN_POINT('Ctrl Pts',(-8.24734465716139,0.274803972777013,-78.0220113139632));
#7228=CARTESIAN_POINT('Ctrl Pts',(-8.06478215716139,0.136056472777015,-78.0220113139632));
#7229=CARTESIAN_POINT('Ctrl Pts',(-7.90777840716139,-0.0519829022229884,
-78.0220113139632));
#7230=CARTESIAN_POINT('Ctrl Pts',(-7.82014840716139,-0.234545402222988,
-78.0220113139632));
#7231=CARTESIAN_POINT('Ctrl Pts',(-9.68776278216139,0.851701472777012,-77.7220113139632));
#7232=CARTESIAN_POINT('Ctrl Pts',(-9.68776278216139,0.851701472777012,-78.0220113139632));
#7233=CARTESIAN_POINT('Ctrl Pts',(-9.05974778216139,0.718430847777013,-77.7220113139632));
#7234=CARTESIAN_POINT('Ctrl Pts',(-9.05974778216139,0.718430847777013,-78.0220113139632));
#7235=CARTESIAN_POINT('Ctrl Pts',(-8.57048028216139,0.523088972777012,-77.7220113139632));
#7236=CARTESIAN_POINT('Ctrl Pts',(-8.57048028216139,0.523088972777012,-78.0220113139632));
#7237=CARTESIAN_POINT('Ctrl Pts',(-8.24734465716139,0.274803972777013,-77.7220113139632));
#7238=CARTESIAN_POINT('Ctrl Pts',(-8.24734465716139,0.274803972777013,-78.0220113139632));
#7239=CARTESIAN_POINT('',(-9.68776278216139,0.851701472777012,-77.7220113139632));
#7240=CARTESIAN_POINT('Ctrl Pts',(-9.68776278216139,0.851701472777012,-77.7220113139632));
#7241=CARTESIAN_POINT('Ctrl Pts',(-9.05974778216139,0.718430847777013,-77.7220113139632));
#7242=CARTESIAN_POINT('Ctrl Pts',(-8.57048028216139,0.523088972777012,-77.7220113139632));
#7243=CARTESIAN_POINT('Ctrl Pts',(-8.24734465716139,0.274803972777013,-77.7220113139632));
#7244=CARTESIAN_POINT('',(-9.68776278216139,0.851701472777012,-78.0220113139632));
#7245=CARTESIAN_POINT('',(-9.68776278216139,0.851701472777012,-77.7220113139632));
#7246=CARTESIAN_POINT('Ctrl Pts',(-9.68776278216139,0.851701472777012,-78.0220113139632));
#7247=CARTESIAN_POINT('Ctrl Pts',(-9.05974778216139,0.718430847777013,-78.0220113139632));
#7248=CARTESIAN_POINT('Ctrl Pts',(-8.57048028216139,0.523088972777012,-78.0220113139632));
#7249=CARTESIAN_POINT('Ctrl Pts',(-8.24734465716139,0.274803972777013,-78.0220113139632));
#7250=CARTESIAN_POINT('Ctrl Pts',(-10.9839565321614,0.942982722777012,-77.7220113139632));
#7251=CARTESIAN_POINT('Ctrl Pts',(-10.9839565321614,0.942982722777012,-78.0220113139632));
#7252=CARTESIAN_POINT('Ctrl Pts',(-10.7265434071614,1.01053084777701,-77.7220113139632));
#7253=CARTESIAN_POINT('Ctrl Pts',(-10.7265434071614,1.01053084777701,-78.0220113139632));
#7254=CARTESIAN_POINT('Ctrl Pts',(-10.2938702821614,0.979495222777012,-77.7220113139632));
#7255=CARTESIAN_POINT('Ctrl Pts',(-10.2938702821614,0.979495222777012,-78.0220113139632));
#7256=CARTESIAN_POINT('Ctrl Pts',(-9.68776278216139,0.851701472777012,-77.7220113139632));
#7257=CARTESIAN_POINT('Ctrl Pts',(-9.68776278216139,0.851701472777012,-78.0220113139632));
#7258=CARTESIAN_POINT('Ctrl Pts',(-10.9839565321614,0.942982722777012,-77.7220113139632));
#7259=CARTESIAN_POINT('Ctrl Pts',(-10.7265434071614,1.01053084777701,-77.7220113139632));
#7260=CARTESIAN_POINT('Ctrl Pts',(-10.2938702821614,0.979495222777012,-77.7220113139632));
#7261=CARTESIAN_POINT('Ctrl Pts',(-9.68776278216139,0.851701472777012,-77.7220113139632));
#7262=CARTESIAN_POINT('Ctrl Pts',(-10.9839565321614,0.942982722777012,-78.0220113139632));
#7263=CARTESIAN_POINT('Ctrl Pts',(-10.7265434071614,1.01053084777701,-78.0220113139632));
#7264=CARTESIAN_POINT('Ctrl Pts',(-10.2938702821614,0.979495222777012,-78.0220113139632));
#7265=CARTESIAN_POINT('Ctrl Pts',(-9.68776278216139,0.851701472777012,-78.0220113139632));
#7266=CARTESIAN_POINT('Origin',(-9.69962934466139,-1.33357165222299,-78.0220113139632));
#7267=CARTESIAN_POINT('Ctrl Pts',(-16.3166071571614,-7.62284977722299,-77.7220113139632));
#7268=CARTESIAN_POINT('Ctrl Pts',(-16.3166071571614,-7.62284977722299,-78.0220113139632));
#7269=CARTESIAN_POINT('Ctrl Pts',(-16.1468240321614,-7.51513790222299,-77.7220113139632));
#7270=CARTESIAN_POINT('Ctrl Pts',(-16.1468240321614,-7.51513790222299,-78.0220113139632));
#7271=CARTESIAN_POINT('Ctrl Pts',(-15.8693290321614,-7.38734415222299,-77.7220113139632));
#7272=CARTESIAN_POINT('Ctrl Pts',(-15.8693290321614,-7.38734415222299,-78.0220113139632));
#7273=CARTESIAN_POINT('Ctrl Pts',(-15.7415352821614,-7.35630852722299,-77.7220113139632));
#7274=CARTESIAN_POINT('Ctrl Pts',(-15.7415352821614,-7.35630852722299,-78.0220113139632));
#7275=CARTESIAN_POINT('',(-16.3166071571614,-7.62284977722299,-77.7220113139632));
#7276=CARTESIAN_POINT('',(-15.7415352821614,-7.35630852722299,-77.7220113139632));
#7277=CARTESIAN_POINT('Ctrl Pts',(-16.3166071571614,-7.62284977722299,-77.7220113139632));
#7278=CARTESIAN_POINT('Ctrl Pts',(-16.1468240321614,-7.51513790222299,-77.7220113139632));
#7279=CARTESIAN_POINT('Ctrl Pts',(-15.8693290321614,-7.38734415222299,-77.7220113139632));
#7280=CARTESIAN_POINT('Ctrl Pts',(-15.7415352821614,-7.35630852722299,-77.7220113139632));
#7281=CARTESIAN_POINT('',(-16.3166071571614,-7.62284977722299,-78.0220113139632));
#7282=CARTESIAN_POINT('',(-16.3166071571614,-7.62284977722299,-77.7220113139632));
#7283=CARTESIAN_POINT('',(-15.7415352821614,-7.35630852722299,-78.0220113139632));
#7284=CARTESIAN_POINT('Ctrl Pts',(-16.3166071571614,-7.62284977722299,-78.0220113139632));
#7285=CARTESIAN_POINT('Ctrl Pts',(-16.1468240321614,-7.51513790222299,-78.0220113139632));
#7286=CARTESIAN_POINT('Ctrl Pts',(-15.8693290321614,-7.38734415222299,-78.0220113139632));
#7287=CARTESIAN_POINT('Ctrl Pts',(-15.7415352821614,-7.35630852722299,-78.0220113139632));
#7288=CARTESIAN_POINT('',(-15.7415352821614,-7.35630852722299,-77.7220113139632));
#7289=CARTESIAN_POINT('Ctrl Pts',(-20.0609640321614,-11.606363527223,-77.7220113139632));
#7290=CARTESIAN_POINT('Ctrl Pts',(-20.0609640321614,-11.606363527223,-78.0220113139632));
#7291=CARTESIAN_POINT('Ctrl Pts',(-18.5475209071614,-9.60912977722299,-77.7220113139632));
#7292=CARTESIAN_POINT('Ctrl Pts',(-18.5475209071614,-9.60912977722299,-78.0220113139632));
#7293=CARTESIAN_POINT('Ctrl Pts',(-17.2075121571614,-8.18331665222299,-77.7220113139632));
#7294=CARTESIAN_POINT('Ctrl Pts',(-17.2075121571614,-8.18331665222299,-78.0220113139632));
#7295=CARTESIAN_POINT('Ctrl Pts',(-16.3166071571614,-7.62284977722299,-77.7220113139632));
#7296=CARTESIAN_POINT('Ctrl Pts',(-16.3166071571614,-7.62284977722299,-78.0220113139632));
#7297=CARTESIAN_POINT('',(-20.0609640321614,-11.606363527223,-77.7220113139632));
#7298=CARTESIAN_POINT('Ctrl Pts',(-20.0609640321614,-11.606363527223,-77.7220113139632));
#7299=CARTESIAN_POINT('Ctrl Pts',(-18.5475209071614,-9.60912977722299,-77.7220113139632));
#7300=CARTESIAN_POINT('Ctrl Pts',(-17.2075121571614,-8.18331665222299,-77.7220113139632));
#7301=CARTESIAN_POINT('Ctrl Pts',(-16.3166071571614,-7.62284977722299,-77.7220113139632));
#7302=CARTESIAN_POINT('',(-20.0609640321614,-11.606363527223,-78.0220113139632));
#7303=CARTESIAN_POINT('',(-20.0609640321614,-11.606363527223,-77.7220113139632));
#7304=CARTESIAN_POINT('Ctrl Pts',(-20.0609640321614,-11.606363527223,-78.0220113139632));
#7305=CARTESIAN_POINT('Ctrl Pts',(-18.5475209071614,-9.60912977722299,-78.0220113139632));
#7306=CARTESIAN_POINT('Ctrl Pts',(-17.2075121571614,-8.18331665222299,-78.0220113139632));
#7307=CARTESIAN_POINT('Ctrl Pts',(-16.3166071571614,-7.62284977722299,-78.0220113139632));
#7308=CARTESIAN_POINT('Ctrl Pts',(-20.9281359071614,-12.800322277223,-77.7220113139632));
#7309=CARTESIAN_POINT('Ctrl Pts',(-20.9281359071614,-12.800322277223,-78.0220113139632));
#7310=CARTESIAN_POINT('Ctrl Pts',(-20.9372640321614,-12.793019777223,-77.7220113139632));
#7311=CARTESIAN_POINT('Ctrl Pts',(-20.9372640321614,-12.793019777223,-78.0220113139632));
#7312=CARTESIAN_POINT('Ctrl Pts',(-20.4333915321614,-12.099282277223,-77.7220113139632));
#7313=CARTESIAN_POINT('Ctrl Pts',(-20.4333915321614,-12.099282277223,-78.0220113139632));
#7314=CARTESIAN_POINT('Ctrl Pts',(-20.0609640321614,-11.606363527223,-77.7220113139632));
#7315=CARTESIAN_POINT('Ctrl Pts',(-20.0609640321614,-11.606363527223,-78.0220113139632));
#7316=CARTESIAN_POINT('',(-20.9281359071614,-12.800322277223,-77.7220113139632));
#7317=CARTESIAN_POINT('Ctrl Pts',(-20.9281359071614,-12.800322277223,-77.7220113139632));
#7318=CARTESIAN_POINT('Ctrl Pts',(-20.9372640321614,-12.793019777223,-77.7220113139632));
#7319=CARTESIAN_POINT('Ctrl Pts',(-20.4333915321614,-12.099282277223,-77.7220113139632));
#7320=CARTESIAN_POINT('Ctrl Pts',(-20.0609640321614,-11.606363527223,-77.7220113139632));
#7321=CARTESIAN_POINT('',(-20.9281359071614,-12.800322277223,-78.0220113139632));
#7322=CARTESIAN_POINT('',(-20.9281359071614,-12.800322277223,-77.7220113139632));
#7323=CARTESIAN_POINT('Ctrl Pts',(-20.9281359071614,-12.800322277223,-78.0220113139632));
#7324=CARTESIAN_POINT('Ctrl Pts',(-20.9372640321614,-12.793019777223,-78.0220113139632));
#7325=CARTESIAN_POINT('Ctrl Pts',(-20.4333915321614,-12.099282277223,-78.0220113139632));
#7326=CARTESIAN_POINT('Ctrl Pts',(-20.0609640321614,-11.606363527223,-78.0220113139632));
#7327=CARTESIAN_POINT('Ctrl Pts',(-20.7309684071614,-12.687133527223,-77.7220113139632));
#7328=CARTESIAN_POINT('Ctrl Pts',(-20.7309684071614,-12.687133527223,-78.0220113139632));
#7329=CARTESIAN_POINT('Ctrl Pts',(-20.8350290321614,-12.754681652223,-77.7220113139632));
#7330=CARTESIAN_POINT('Ctrl Pts',(-20.8350290321614,-12.754681652223,-78.0220113139632));
#7331=CARTESIAN_POINT('Ctrl Pts',(-20.9244846571614,-12.803973527223,-77.7220113139632));
#7332=CARTESIAN_POINT('Ctrl Pts',(-20.9244846571614,-12.803973527223,-78.0220113139632));
#7333=CARTESIAN_POINT('Ctrl Pts',(-20.9281359071614,-12.800322277223,-77.7220113139632));
#7334=CARTESIAN_POINT('Ctrl Pts',(-20.9281359071614,-12.800322277223,-78.0220113139632));
#7335=CARTESIAN_POINT('',(-20.7309684071614,-12.687133527223,-77.7220113139632));
#7336=CARTESIAN_POINT('Ctrl Pts',(-20.7309684071614,-12.687133527223,-77.7220113139632));
#7337=CARTESIAN_POINT('Ctrl Pts',(-20.8350290321614,-12.754681652223,-77.7220113139632));
#7338=CARTESIAN_POINT('Ctrl Pts',(-20.9244846571614,-12.803973527223,-77.7220113139632));
#7339=CARTESIAN_POINT('Ctrl Pts',(-20.9281359071614,-12.800322277223,-77.7220113139632));
#7340=CARTESIAN_POINT('',(-20.7309684071614,-12.687133527223,-78.0220113139632));
#7341=CARTESIAN_POINT('',(-20.7309684071614,-12.687133527223,-77.7220113139632));
#7342=CARTESIAN_POINT('Ctrl Pts',(-20.7309684071614,-12.687133527223,-78.0220113139632));
#7343=CARTESIAN_POINT('Ctrl Pts',(-20.8350290321614,-12.754681652223,-78.0220113139632));
#7344=CARTESIAN_POINT('Ctrl Pts',(-20.9244846571614,-12.803973527223,-78.0220113139632));
#7345=CARTESIAN_POINT('Ctrl Pts',(-20.9281359071614,-12.800322277223,-78.0220113139632));
#7346=CARTESIAN_POINT('Ctrl Pts',(-15.4421327821614,-10.598618527223,-77.7220113139632));
#7347=CARTESIAN_POINT('Ctrl Pts',(-15.4421327821614,-10.598618527223,-78.0220113139632));
#7348=CARTESIAN_POINT('Ctrl Pts',(-17.3572134071614,-10.991127902223,-77.7220113139632));
#7349=CARTESIAN_POINT('Ctrl Pts',(-17.3572134071614,-10.991127902223,-78.0220113139632));
#7350=CARTESIAN_POINT('Ctrl Pts',(-19.1700590321614,-11.708598527223,-77.7220113139632));
#7351=CARTESIAN_POINT('Ctrl Pts',(-19.1700590321614,-11.708598527223,-78.0220113139632));
#7352=CARTESIAN_POINT('Ctrl Pts',(-20.7309684071614,-12.687133527223,-77.7220113139632));
#7353=CARTESIAN_POINT('Ctrl Pts',(-20.7309684071614,-12.687133527223,-78.0220113139632));
#7354=CARTESIAN_POINT('',(-15.4421327821614,-10.598618527223,-77.7220113139632));
#7355=CARTESIAN_POINT('Ctrl Pts',(-15.4421327821614,-10.598618527223,-77.7220113139632));
#7356=CARTESIAN_POINT('Ctrl Pts',(-17.3572134071614,-10.991127902223,-77.7220113139632));
#7357=CARTESIAN_POINT('Ctrl Pts',(-19.1700590321614,-11.708598527223,-77.7220113139632));
#7358=CARTESIAN_POINT('Ctrl Pts',(-20.7309684071614,-12.687133527223,-77.7220113139632));
#7359=CARTESIAN_POINT('',(-15.4421327821614,-10.598618527223,-78.0220113139632));
#7360=CARTESIAN_POINT('',(-15.4421327821614,-10.598618527223,-77.7220113139632));
#7361=CARTESIAN_POINT('Ctrl Pts',(-15.4421327821614,-10.598618527223,-78.0220113139632));
#7362=CARTESIAN_POINT('Ctrl Pts',(-17.3572134071614,-10.991127902223,-78.0220113139632));
#7363=CARTESIAN_POINT('Ctrl Pts',(-19.1700590321614,-11.708598527223,-78.0220113139632));
#7364=CARTESIAN_POINT('Ctrl Pts',(-20.7309684071614,-12.687133527223,-78.0220113139632));
#7365=CARTESIAN_POINT('Ctrl Pts',(-12.4188977821614,-10.357636027223,-77.7220113139632));
#7366=CARTESIAN_POINT('Ctrl Pts',(-12.4188977821614,-10.357636027223,-78.0220113139632));
#7367=CARTESIAN_POINT('Ctrl Pts',(-13.3828277821614,-10.302867277223,-77.7220113139632));
#7368=CARTESIAN_POINT('Ctrl Pts',(-13.3828277821614,-10.302867277223,-78.0220113139632));
#7369=CARTESIAN_POINT('Ctrl Pts',(-14.3942240321614,-10.383194777223,-77.7220113139632));
#7370=CARTESIAN_POINT('Ctrl Pts',(-14.3942240321614,-10.383194777223,-78.0220113139632));
#7371=CARTESIAN_POINT('Ctrl Pts',(-15.4421327821614,-10.598618527223,-77.7220113139632));
#7372=CARTESIAN_POINT('Ctrl Pts',(-15.4421327821614,-10.598618527223,-78.0220113139632));
#7373=CARTESIAN_POINT('',(-12.4188977821614,-10.357636027223,-77.7220113139632));
#7374=CARTESIAN_POINT('Ctrl Pts',(-12.4188977821614,-10.357636027223,-77.7220113139632));
#7375=CARTESIAN_POINT('Ctrl Pts',(-13.3828277821614,-10.302867277223,-77.7220113139632));
#7376=CARTESIAN_POINT('Ctrl Pts',(-14.3942240321614,-10.383194777223,-77.7220113139632));
#7377=CARTESIAN_POINT('Ctrl Pts',(-15.4421327821614,-10.598618527223,-77.7220113139632));
#7378=CARTESIAN_POINT('',(-12.4188977821614,-10.357636027223,-78.0220113139632));
#7379=CARTESIAN_POINT('',(-12.4188977821614,-10.357636027223,-77.7220113139632));
#7380=CARTESIAN_POINT('Ctrl Pts',(-12.4188977821614,-10.357636027223,-78.0220113139632));
#7381=CARTESIAN_POINT('Ctrl Pts',(-13.3828277821614,-10.302867277223,-78.0220113139632));
#7382=CARTESIAN_POINT('Ctrl Pts',(-14.3942240321614,-10.383194777223,-78.0220113139632));
#7383=CARTESIAN_POINT('Ctrl Pts',(-15.4421327821614,-10.598618527223,-78.0220113139632));
#7384=CARTESIAN_POINT('Ctrl Pts',(-7.14466715716139,-11.807182277223,-77.7220113139632));
#7385=CARTESIAN_POINT('Ctrl Pts',(-7.14466715716139,-11.807182277223,-78.0220113139632));
#7386=CARTESIAN_POINT('Ctrl Pts',(-8.75121715716139,-10.972871652223,-77.7220113139632));
#7387=CARTESIAN_POINT('Ctrl Pts',(-8.75121715716139,-10.972871652223,-78.0220113139632));
#7388=CARTESIAN_POINT('Ctrl Pts',(-10.6078777821614,-10.463522277223,-77.7220113139632));
#7389=CARTESIAN_POINT('Ctrl Pts',(-10.6078777821614,-10.463522277223,-78.0220113139632));
#7390=CARTESIAN_POINT('Ctrl Pts',(-12.4188977821614,-10.357636027223,-77.7220113139632));
#7391=CARTESIAN_POINT('Ctrl Pts',(-12.4188977821614,-10.357636027223,-78.0220113139632));
#7392=CARTESIAN_POINT('',(-7.14466715716139,-11.807182277223,-77.7220113139632));
#7393=CARTESIAN_POINT('Ctrl Pts',(-7.14466715716139,-11.807182277223,-77.7220113139632));
#7394=CARTESIAN_POINT('Ctrl Pts',(-8.75121715716139,-10.972871652223,-77.7220113139632));
#7395=CARTESIAN_POINT('Ctrl Pts',(-10.6078777821614,-10.463522277223,-77.7220113139632));
#7396=CARTESIAN_POINT('Ctrl Pts',(-12.4188977821614,-10.357636027223,-77.7220113139632));
#7397=CARTESIAN_POINT('',(-7.14466715716139,-11.807182277223,-78.0220113139632));
#7398=CARTESIAN_POINT('',(-7.14466715716139,-11.807182277223,-77.7220113139632));
#7399=CARTESIAN_POINT('Ctrl Pts',(-7.14466715716139,-11.807182277223,-78.0220113139632));
#7400=CARTESIAN_POINT('Ctrl Pts',(-8.75121715716139,-10.972871652223,-78.0220113139632));
#7401=CARTESIAN_POINT('Ctrl Pts',(-10.6078777821614,-10.463522277223,-78.0220113139632));
#7402=CARTESIAN_POINT('Ctrl Pts',(-12.4188977821614,-10.357636027223,-78.0220113139632));
#7403=CARTESIAN_POINT('Ctrl Pts',(-5.20402778216138,-12.984710402223,-77.7220113139632));
#7404=CARTESIAN_POINT('Ctrl Pts',(-5.20402778216138,-12.984710402223,-78.0220113139632));
#7405=CARTESIAN_POINT('Ctrl Pts',(-6.06572278216138,-12.411464152223,-77.7220113139632));
#7406=CARTESIAN_POINT('Ctrl Pts',(-6.06572278216138,-12.411464152223,-78.0220113139632));
#7407=CARTESIAN_POINT('Ctrl Pts',(-6.57507215716139,-12.102933527223,-77.7220113139632));
#7408=CARTESIAN_POINT('Ctrl Pts',(-6.57507215716139,-12.102933527223,-78.0220113139632));
#7409=CARTESIAN_POINT('Ctrl Pts',(-7.14466715716139,-11.807182277223,-77.7220113139632));
#7410=CARTESIAN_POINT('Ctrl Pts',(-7.14466715716139,-11.807182277223,-78.0220113139632));
#7411=CARTESIAN_POINT('',(-5.20402778216138,-12.984710402223,-77.7220113139632));
#7412=CARTESIAN_POINT('Ctrl Pts',(-5.20402778216138,-12.984710402223,-77.7220113139632));
#7413=CARTESIAN_POINT('Ctrl Pts',(-6.06572278216138,-12.411464152223,-77.7220113139632));
#7414=CARTESIAN_POINT('Ctrl Pts',(-6.57507215716139,-12.102933527223,-77.7220113139632));
#7415=CARTESIAN_POINT('Ctrl Pts',(-7.14466715716139,-11.807182277223,-77.7220113139632));
#7416=CARTESIAN_POINT('',(-5.20402778216138,-12.984710402223,-78.0220113139632));
#7417=CARTESIAN_POINT('',(-5.20402778216138,-12.984710402223,-77.7220113139632));
#7418=CARTESIAN_POINT('Ctrl Pts',(-5.20402778216138,-12.984710402223,-78.0220113139632));
#7419=CARTESIAN_POINT('Ctrl Pts',(-6.06572278216138,-12.411464152223,-78.0220113139632));
#7420=CARTESIAN_POINT('Ctrl Pts',(-6.57507215716139,-12.102933527223,-78.0220113139632));
#7421=CARTESIAN_POINT('Ctrl Pts',(-7.14466715716139,-11.807182277223,-78.0220113139632));
#7422=CARTESIAN_POINT('Ctrl Pts',(-3.31085465716139,-14.353929152223,-77.7220113139632));
#7423=CARTESIAN_POINT('Ctrl Pts',(-3.31085465716139,-14.353929152223,-78.0220113139632));
#7424=CARTESIAN_POINT('Ctrl Pts',(-3.90235715716138,-13.881092277223,-77.7220113139632));
#7425=CARTESIAN_POINT('Ctrl Pts',(-3.90235715716138,-13.881092277223,-78.0220113139632));
#7426=CARTESIAN_POINT('Ctrl Pts',(-4.43909090716139,-13.492234152223,-77.7220113139632));
#7427=CARTESIAN_POINT('Ctrl Pts',(-4.43909090716139,-13.492234152223,-78.0220113139632));
#7428=CARTESIAN_POINT('Ctrl Pts',(-5.20402778216138,-12.984710402223,-77.7220113139632));
#7429=CARTESIAN_POINT('Ctrl Pts',(-5.20402778216138,-12.984710402223,-78.0220113139632));
#7430=CARTESIAN_POINT('',(-3.31085465716139,-14.353929152223,-77.7220113139632));
#7431=CARTESIAN_POINT('Ctrl Pts',(-3.31085465716139,-14.353929152223,-77.7220113139632));
#7432=CARTESIAN_POINT('Ctrl Pts',(-3.90235715716138,-13.881092277223,-77.7220113139632));
#7433=CARTESIAN_POINT('Ctrl Pts',(-4.43909090716139,-13.492234152223,-77.7220113139632));
#7434=CARTESIAN_POINT('Ctrl Pts',(-5.20402778216138,-12.984710402223,-77.7220113139632));
#7435=CARTESIAN_POINT('',(-3.31085465716139,-14.353929152223,-78.0220113139632));
#7436=CARTESIAN_POINT('',(-3.31085465716139,-14.353929152223,-77.7220113139632));
#7437=CARTESIAN_POINT('Ctrl Pts',(-3.31085465716139,-14.353929152223,-78.0220113139632));
#7438=CARTESIAN_POINT('Ctrl Pts',(-3.90235715716138,-13.881092277223,-78.0220113139632));
#7439=CARTESIAN_POINT('Ctrl Pts',(-4.43909090716139,-13.492234152223,-78.0220113139632));
#7440=CARTESIAN_POINT('Ctrl Pts',(-5.20402778216138,-12.984710402223,-78.0220113139632));
#7441=CARTESIAN_POINT('Ctrl Pts',(-3.04613903216139,-14.563876027223,-77.7220113139632));
#7442=CARTESIAN_POINT('Ctrl Pts',(-3.04613903216139,-14.563876027223,-78.0220113139632));
#7443=CARTESIAN_POINT('Ctrl Pts',(-3.07169778216139,-14.545619777223,-77.7220113139632));
#7444=CARTESIAN_POINT('Ctrl Pts',(-3.07169778216139,-14.545619777223,-78.0220113139632));
#7445=CARTESIAN_POINT('Ctrl Pts',(-3.19036340716139,-14.450687277223,-77.7220113139632));
#7446=CARTESIAN_POINT('Ctrl Pts',(-3.19036340716139,-14.450687277223,-78.0220113139632));
#7447=CARTESIAN_POINT('Ctrl Pts',(-3.31085465716139,-14.353929152223,-77.7220113139632));
#7448=CARTESIAN_POINT('Ctrl Pts',(-3.31085465716139,-14.353929152223,-78.0220113139632));
#7449=CARTESIAN_POINT('',(-3.04613903216139,-14.563876027223,-77.7220113139632));
#7450=CARTESIAN_POINT('Ctrl Pts',(-3.04613903216139,-14.563876027223,-77.7220113139632));
#7451=CARTESIAN_POINT('Ctrl Pts',(-3.07169778216139,-14.545619777223,-77.7220113139632));
#7452=CARTESIAN_POINT('Ctrl Pts',(-3.19036340716139,-14.450687277223,-77.7220113139632));
#7453=CARTESIAN_POINT('Ctrl Pts',(-3.31085465716139,-14.353929152223,-77.7220113139632));
#7454=CARTESIAN_POINT('',(-3.04613903216139,-14.563876027223,-78.0220113139632));
#7455=CARTESIAN_POINT('',(-3.04613903216139,-14.563876027223,-77.7220113139632));
#7456=CARTESIAN_POINT('Ctrl Pts',(-3.04613903216139,-14.563876027223,-78.0220113139632));
#7457=CARTESIAN_POINT('Ctrl Pts',(-3.07169778216139,-14.545619777223,-78.0220113139632));
#7458=CARTESIAN_POINT('Ctrl Pts',(-3.19036340716139,-14.450687277223,-78.0220113139632));
#7459=CARTESIAN_POINT('Ctrl Pts',(-3.31085465716139,-14.353929152223,-78.0220113139632));
#7460=CARTESIAN_POINT('Origin',(-3.00049840716139,-14.600388527223,-77.7220113139632));
#7461=CARTESIAN_POINT('',(-3.00049840716139,-14.600388527223,-77.7220113139632));
#7462=CARTESIAN_POINT('',(-9.30699018442472,-9.55519510541214,-77.7220113139632));
#7463=CARTESIAN_POINT('',(-3.00049840716139,-14.600388527223,-78.0220113139632));
#7464=CARTESIAN_POINT('',(-3.00049840716139,-14.600388527223,-77.7220113139632));
#7465=CARTESIAN_POINT('',(-3.04613903216139,-14.563876027223,-78.0220113139632));
#7466=CARTESIAN_POINT('Origin',(-3.03883653216139,-14.554747902223,-77.7220113139632));
#7467=CARTESIAN_POINT('',(-3.03883653216139,-14.554747902223,-77.7220113139632));
#7468=CARTESIAN_POINT('',(-6.20802634881812,-10.7819028823931,-77.7220113139632));
#7469=CARTESIAN_POINT('',(-3.03883653216139,-14.554747902223,-78.0220113139632));
#7470=CARTESIAN_POINT('',(-3.03883653216139,-14.554747902223,-77.7220113139632));
#7471=CARTESIAN_POINT('',(-3.00049840716139,-14.600388527223,-78.0220113139632));
#7472=CARTESIAN_POINT('Ctrl Pts',(-3.49524278216139,-14.008886027223,-77.7220113139632));
#7473=CARTESIAN_POINT('Ctrl Pts',(-3.49524278216139,-14.008886027223,-78.0220113139632));
#7474=CARTESIAN_POINT('Ctrl Pts',(-3.26521403216139,-14.284555402223,-77.7220113139632));
#7475=CARTESIAN_POINT('Ctrl Pts',(-3.26521403216139,-14.284555402223,-78.0220113139632));
#7476=CARTESIAN_POINT('Ctrl Pts',(-3.06074403216139,-14.531014777223,-77.7220113139632));
#7477=CARTESIAN_POINT('Ctrl Pts',(-3.06074403216139,-14.531014777223,-78.0220113139632));
#7478=CARTESIAN_POINT('Ctrl Pts',(-3.03883653216139,-14.554747902223,-77.7220113139632));
#7479=CARTESIAN_POINT('Ctrl Pts',(-3.03883653216139,-14.554747902223,-78.0220113139632));
#7480=CARTESIAN_POINT('',(-3.49524278216139,-14.008886027223,-77.7220113139632));
#7481=CARTESIAN_POINT('Ctrl Pts',(-3.49524278216139,-14.008886027223,-77.7220113139632));
#7482=CARTESIAN_POINT('Ctrl Pts',(-3.26521403216139,-14.284555402223,-77.7220113139632));
#7483=CARTESIAN_POINT('Ctrl Pts',(-3.06074403216139,-14.531014777223,-77.7220113139632));
#7484=CARTESIAN_POINT('Ctrl Pts',(-3.03883653216139,-14.554747902223,-77.7220113139632));
#7485=CARTESIAN_POINT('',(-3.49524278216139,-14.008886027223,-78.0220113139632));
#7486=CARTESIAN_POINT('',(-3.49524278216139,-14.008886027223,-77.7220113139632));
#7487=CARTESIAN_POINT('Ctrl Pts',(-3.49524278216139,-14.008886027223,-78.0220113139632));
#7488=CARTESIAN_POINT('Ctrl Pts',(-3.26521403216139,-14.284555402223,-78.0220113139632));
#7489=CARTESIAN_POINT('Ctrl Pts',(-3.06074403216139,-14.531014777223,-78.0220113139632));
#7490=CARTESIAN_POINT('Ctrl Pts',(-3.03883653216139,-14.554747902223,-78.0220113139632));
#7491=CARTESIAN_POINT('Ctrl Pts',(-4.05936090716139,-13.342532902223,-77.7220113139632));
#7492=CARTESIAN_POINT('Ctrl Pts',(-4.05936090716139,-13.342532902223,-78.0220113139632));
#7493=CARTESIAN_POINT('Ctrl Pts',(-3.97903340716139,-13.431988527223,-77.7220113139632));
#7494=CARTESIAN_POINT('Ctrl Pts',(-3.97903340716139,-13.431988527223,-78.0220113139632));
#7495=CARTESIAN_POINT('Ctrl Pts',(-3.72527153216139,-13.733216652223,-77.7220113139632));
#7496=CARTESIAN_POINT('Ctrl Pts',(-3.72527153216139,-13.733216652223,-78.0220113139632));
#7497=CARTESIAN_POINT('Ctrl Pts',(-3.49524278216139,-14.008886027223,-77.7220113139632));
#7498=CARTESIAN_POINT('Ctrl Pts',(-3.49524278216139,-14.008886027223,-78.0220113139632));
#7499=CARTESIAN_POINT('',(-4.05936090716139,-13.342532902223,-77.7220113139632));
#7500=CARTESIAN_POINT('Ctrl Pts',(-4.05936090716139,-13.342532902223,-77.7220113139632));
#7501=CARTESIAN_POINT('Ctrl Pts',(-3.97903340716139,-13.431988527223,-77.7220113139632));
#7502=CARTESIAN_POINT('Ctrl Pts',(-3.72527153216139,-13.733216652223,-77.7220113139632));
#7503=CARTESIAN_POINT('Ctrl Pts',(-3.49524278216139,-14.008886027223,-77.7220113139632));
#7504=CARTESIAN_POINT('',(-4.05936090716139,-13.342532902223,-78.0220113139632));
#7505=CARTESIAN_POINT('',(-4.05936090716139,-13.342532902223,-77.7220113139632));
#7506=CARTESIAN_POINT('Ctrl Pts',(-4.05936090716139,-13.342532902223,-78.0220113139632));
#7507=CARTESIAN_POINT('Ctrl Pts',(-3.97903340716139,-13.431988527223,-78.0220113139632));
#7508=CARTESIAN_POINT('Ctrl Pts',(-3.72527153216139,-13.733216652223,-78.0220113139632));
#7509=CARTESIAN_POINT('Ctrl Pts',(-3.49524278216139,-14.008886027223,-78.0220113139632));
#7510=CARTESIAN_POINT('Ctrl Pts',(-6.71381965716139,-10.961917902223,-77.7220113139632));
#7511=CARTESIAN_POINT('Ctrl Pts',(-6.71381965716139,-10.961917902223,-78.0220113139632));
#7512=CARTESIAN_POINT('Ctrl Pts',(-5.68599278216139,-11.734157277223,-77.7220113139632));
#7513=CARTESIAN_POINT('Ctrl Pts',(-5.68599278216139,-11.734157277223,-78.0220113139632));
#7514=CARTESIAN_POINT('Ctrl Pts',(-4.72206278216139,-12.597677902223,-77.7220113139632));
#7515=CARTESIAN_POINT('Ctrl Pts',(-4.72206278216139,-12.597677902223,-78.0220113139632));
#7516=CARTESIAN_POINT('Ctrl Pts',(-4.05936090716139,-13.342532902223,-77.7220113139632));
#7517=CARTESIAN_POINT('Ctrl Pts',(-4.05936090716139,-13.342532902223,-78.0220113139632));
#7518=CARTESIAN_POINT('',(-6.71381965716139,-10.961917902223,-77.7220113139632));
#7519=CARTESIAN_POINT('Ctrl Pts',(-6.71381965716139,-10.961917902223,-77.7220113139632));
#7520=CARTESIAN_POINT('Ctrl Pts',(-5.68599278216139,-11.734157277223,-77.7220113139632));
#7521=CARTESIAN_POINT('Ctrl Pts',(-4.72206278216139,-12.597677902223,-77.7220113139632));
#7522=CARTESIAN_POINT('Ctrl Pts',(-4.05936090716139,-13.342532902223,-77.7220113139632));
#7523=CARTESIAN_POINT('',(-6.71381965716139,-10.961917902223,-78.0220113139632));
#7524=CARTESIAN_POINT('',(-6.71381965716139,-10.961917902223,-77.7220113139632));
#7525=CARTESIAN_POINT('Ctrl Pts',(-6.71381965716139,-10.961917902223,-78.0220113139632));
#7526=CARTESIAN_POINT('Ctrl Pts',(-5.68599278216139,-11.734157277223,-78.0220113139632));
#7527=CARTESIAN_POINT('Ctrl Pts',(-4.72206278216139,-12.597677902223,-78.0220113139632));
#7528=CARTESIAN_POINT('Ctrl Pts',(-4.05936090716139,-13.342532902223,-78.0220113139632));
#7529=CARTESIAN_POINT('Ctrl Pts',(-10.1843327821614,-8.81315727722299,-77.7220113139632));
#7530=CARTESIAN_POINT('Ctrl Pts',(-10.1843327821614,-8.81315727722299,-78.0220113139632));
#7531=CARTESIAN_POINT('Ctrl Pts',(-8.88996465716139,-9.46125415222299,-77.7220113139632));
#7532=CARTESIAN_POINT('Ctrl Pts',(-8.88996465716139,-9.46125415222299,-78.0220113139632));
#7533=CARTESIAN_POINT('Ctrl Pts',(-7.87674278216139,-10.087443527223,-77.7220113139632));
#7534=CARTESIAN_POINT('Ctrl Pts',(-7.87674278216139,-10.087443527223,-78.0220113139632));
#7535=CARTESIAN_POINT('Ctrl Pts',(-6.71381965716139,-10.961917902223,-77.7220113139632));
#7536=CARTESIAN_POINT('Ctrl Pts',(-6.71381965716139,-10.961917902223,-78.0220113139632));
#7537=CARTESIAN_POINT('',(-10.1843327821614,-8.81315727722299,-77.7220113139632));
#7538=CARTESIAN_POINT('Ctrl Pts',(-10.1843327821614,-8.81315727722299,-77.7220113139632));
#7539=CARTESIAN_POINT('Ctrl Pts',(-8.88996465716139,-9.46125415222299,-77.7220113139632));
#7540=CARTESIAN_POINT('Ctrl Pts',(-7.87674278216139,-10.087443527223,-77.7220113139632));
#7541=CARTESIAN_POINT('Ctrl Pts',(-6.71381965716139,-10.961917902223,-77.7220113139632));
#7542=CARTESIAN_POINT('',(-10.1843327821614,-8.81315727722299,-78.0220113139632));
#7543=CARTESIAN_POINT('',(-10.1843327821614,-8.81315727722299,-77.7220113139632));
#7544=CARTESIAN_POINT('Ctrl Pts',(-10.1843327821614,-8.81315727722299,-78.0220113139632));
#7545=CARTESIAN_POINT('Ctrl Pts',(-8.88996465716139,-9.46125415222299,-78.0220113139632));
#7546=CARTESIAN_POINT('Ctrl Pts',(-7.87674278216139,-10.087443527223,-78.0220113139632));
#7547=CARTESIAN_POINT('Ctrl Pts',(-6.71381965716139,-10.961917902223,-78.0220113139632));
#7548=CARTESIAN_POINT('Ctrl Pts',(-15.1390790321614,-7.35448290222299,-77.7220113139632));
#7549=CARTESIAN_POINT('Ctrl Pts',(-15.1390790321614,-7.35448290222299,-78.0220113139632));
#7550=CARTESIAN_POINT('Ctrl Pts',(-13.3426640321614,-7.52426602722299,-77.7220113139632));
#7551=CARTESIAN_POINT('Ctrl Pts',(-13.3426640321614,-7.52426602722299,-78.0220113139632));
#7552=CARTESIAN_POINT('Ctrl Pts',(-11.9278046571614,-7.94050852722299,-77.7220113139632));
#7553=CARTESIAN_POINT('Ctrl Pts',(-11.9278046571614,-7.94050852722299,-78.0220113139632));
#7554=CARTESIAN_POINT('Ctrl Pts',(-10.1843327821614,-8.81315727722299,-77.7220113139632));
#7555=CARTESIAN_POINT('Ctrl Pts',(-10.1843327821614,-8.81315727722299,-78.0220113139632));
#7556=CARTESIAN_POINT('',(-15.1390790321614,-7.35448290222299,-77.7220113139632));
#7557=CARTESIAN_POINT('Ctrl Pts',(-15.1390790321614,-7.35448290222299,-77.7220113139632));
#7558=CARTESIAN_POINT('Ctrl Pts',(-13.3426640321614,-7.52426602722299,-77.7220113139632));
#7559=CARTESIAN_POINT('Ctrl Pts',(-11.9278046571614,-7.94050852722299,-77.7220113139632));
#7560=CARTESIAN_POINT('Ctrl Pts',(-10.1843327821614,-8.81315727722299,-77.7220113139632));
#7561=CARTESIAN_POINT('',(-15.1390790321614,-7.35448290222299,-78.0220113139632));
#7562=CARTESIAN_POINT('',(-15.1390790321614,-7.35448290222299,-77.7220113139632));
#7563=CARTESIAN_POINT('Ctrl Pts',(-15.1390790321614,-7.35448290222299,-78.0220113139632));
#7564=CARTESIAN_POINT('Ctrl Pts',(-13.3426640321614,-7.52426602722299,-78.0220113139632));
#7565=CARTESIAN_POINT('Ctrl Pts',(-11.9278046571614,-7.94050852722299,-78.0220113139632));
#7566=CARTESIAN_POINT('Ctrl Pts',(-10.1843327821614,-8.81315727722299,-78.0220113139632));
#7567=CARTESIAN_POINT('Ctrl Pts',(-15.7415352821614,-7.35630852722299,-77.7220113139632));
#7568=CARTESIAN_POINT('Ctrl Pts',(-15.7415352821614,-7.35630852722299,-78.0220113139632));
#7569=CARTESIAN_POINT('Ctrl Pts',(-15.5991365321614,-7.32162165222299,-77.7220113139632));
#7570=CARTESIAN_POINT('Ctrl Pts',(-15.5991365321614,-7.32162165222299,-78.0220113139632));
#7571=CARTESIAN_POINT('Ctrl Pts',(-15.4877734071614,-7.32162165222299,-77.7220113139632));
#7572=CARTESIAN_POINT('Ctrl Pts',(-15.4877734071614,-7.32162165222299,-78.0220113139632));
#7573=CARTESIAN_POINT('Ctrl Pts',(-15.1390790321614,-7.35448290222299,-77.7220113139632));
#7574=CARTESIAN_POINT('Ctrl Pts',(-15.1390790321614,-7.35448290222299,-78.0220113139632));
#7575=CARTESIAN_POINT('Ctrl Pts',(-15.7415352821614,-7.35630852722299,-77.7220113139632));
#7576=CARTESIAN_POINT('Ctrl Pts',(-15.5991365321614,-7.32162165222299,-77.7220113139632));
#7577=CARTESIAN_POINT('Ctrl Pts',(-15.4877734071614,-7.32162165222299,-77.7220113139632));
#7578=CARTESIAN_POINT('Ctrl Pts',(-15.1390790321614,-7.35448290222299,-77.7220113139632));
#7579=CARTESIAN_POINT('Ctrl Pts',(-15.7415352821614,-7.35630852722299,-78.0220113139632));
#7580=CARTESIAN_POINT('Ctrl Pts',(-15.5991365321614,-7.32162165222299,-78.0220113139632));
#7581=CARTESIAN_POINT('Ctrl Pts',(-15.4877734071614,-7.32162165222299,-78.0220113139632));
#7582=CARTESIAN_POINT('Ctrl Pts',(-15.1390790321614,-7.35448290222299,-78.0220113139632));
#7583=CARTESIAN_POINT('Origin',(-11.9688812196614,-10.961005089723,-78.0220113139632));
#7584=CARTESIAN_POINT('Ctrl Pts',(-7.24690215716139,-15.615436027223,-77.7220113139632));
#7585=CARTESIAN_POINT('Ctrl Pts',(-7.24690215716139,-15.615436027223,-78.0220113139632));
#7586=CARTESIAN_POINT('Ctrl Pts',(-6.98218653216139,-15.350720402223,-77.7220113139632));
#7587=CARTESIAN_POINT('Ctrl Pts',(-6.98218653216139,-15.350720402223,-78.0220113139632));
#7588=CARTESIAN_POINT('Ctrl Pts',(-6.66452778216139,-15.224752277223,-77.7220113139632));
#7589=CARTESIAN_POINT('Ctrl Pts',(-6.66452778216139,-15.224752277223,-78.0220113139632));
#7590=CARTESIAN_POINT('Ctrl Pts',(-6.14970153216139,-15.179111652223,-77.7220113139632));
#7591=CARTESIAN_POINT('Ctrl Pts',(-6.14970153216139,-15.179111652223,-78.0220113139632));
#7592=CARTESIAN_POINT('',(-7.24690215716139,-15.615436027223,-77.7220113139632));
#7593=CARTESIAN_POINT('',(-6.14970153216139,-15.179111652223,-77.7220113139632));
#7594=CARTESIAN_POINT('Ctrl Pts',(-7.24690215716139,-15.615436027223,-77.7220113139632));
#7595=CARTESIAN_POINT('Ctrl Pts',(-6.98218653216139,-15.350720402223,-77.7220113139632));
#7596=CARTESIAN_POINT('Ctrl Pts',(-6.66452778216139,-15.224752277223,-77.7220113139632));
#7597=CARTESIAN_POINT('Ctrl Pts',(-6.14970153216139,-15.179111652223,-77.7220113139632));
#7598=CARTESIAN_POINT('',(-7.24690215716139,-15.615436027223,-78.0220113139632));
#7599=CARTESIAN_POINT('',(-7.24690215716139,-15.615436027223,-77.7220113139632));
#7600=CARTESIAN_POINT('',(-6.14970153216139,-15.179111652223,-78.0220113139632));
#7601=CARTESIAN_POINT('Ctrl Pts',(-7.24690215716139,-15.615436027223,-78.0220113139632));
#7602=CARTESIAN_POINT('Ctrl Pts',(-6.98218653216139,-15.350720402223,-78.0220113139632));
#7603=CARTESIAN_POINT('Ctrl Pts',(-6.66452778216139,-15.224752277223,-78.0220113139632));
#7604=CARTESIAN_POINT('Ctrl Pts',(-6.14970153216139,-15.179111652223,-78.0220113139632));
#7605=CARTESIAN_POINT('',(-6.14970153216139,-15.179111652223,-77.7220113139632));
#7606=CARTESIAN_POINT('Ctrl Pts',(-7.67774965716139,-16.586668527223,-77.7220113139632));
#7607=CARTESIAN_POINT('Ctrl Pts',(-7.67774965716139,-16.586668527223,-78.0220113139632));
#7608=CARTESIAN_POINT('Ctrl Pts',(-7.60289903216139,-16.115657277223,-77.7220113139632));
#7609=CARTESIAN_POINT('Ctrl Pts',(-7.60289903216139,-16.115657277223,-78.0220113139632));
#7610=CARTESIAN_POINT('Ctrl Pts',(-7.48788465716139,-15.856418527223,-77.7220113139632));
#7611=CARTESIAN_POINT('Ctrl Pts',(-7.48788465716139,-15.856418527223,-78.0220113139632));
#7612=CARTESIAN_POINT('Ctrl Pts',(-7.24690215716139,-15.615436027223,-77.7220113139632));
#7613=CARTESIAN_POINT('Ctrl Pts',(-7.24690215716139,-15.615436027223,-78.0220113139632));
#7614=CARTESIAN_POINT('',(-7.67774965716139,-16.586668527223,-77.7220113139632));
#7615=CARTESIAN_POINT('Ctrl Pts',(-7.67774965716139,-16.586668527223,-77.7220113139632));
#7616=CARTESIAN_POINT('Ctrl Pts',(-7.60289903216139,-16.115657277223,-77.7220113139632));
#7617=CARTESIAN_POINT('Ctrl Pts',(-7.48788465716139,-15.856418527223,-77.7220113139632));
#7618=CARTESIAN_POINT('Ctrl Pts',(-7.24690215716139,-15.615436027223,-77.7220113139632));
#7619=CARTESIAN_POINT('',(-7.67774965716139,-16.586668527223,-78.0220113139632));
#7620=CARTESIAN_POINT('',(-7.67774965716139,-16.586668527223,-77.7220113139632));
#7621=CARTESIAN_POINT('Ctrl Pts',(-7.67774965716139,-16.586668527223,-78.0220113139632));
#7622=CARTESIAN_POINT('Ctrl Pts',(-7.60289903216139,-16.115657277223,-78.0220113139632));
#7623=CARTESIAN_POINT('Ctrl Pts',(-7.48788465716139,-15.856418527223,-78.0220113139632));
#7624=CARTESIAN_POINT('Ctrl Pts',(-7.24690215716139,-15.615436027223,-78.0220113139632));
#7625=CARTESIAN_POINT('Ctrl Pts',(-7.71061090716139,-17.806186027223,-77.7220113139632));
#7626=CARTESIAN_POINT('Ctrl Pts',(-7.71061090716139,-17.806186027223,-78.0220113139632));
#7627=CARTESIAN_POINT('Ctrl Pts',(-7.71061090716139,-16.922583527223,-77.7220113139632));
#7628=CARTESIAN_POINT('Ctrl Pts',(-7.71061090716139,-16.922583527223,-78.0220113139632));
#7629=CARTESIAN_POINT('Ctrl Pts',(-7.70695965716139,-16.767405402223,-77.7220113139632));
#7630=CARTESIAN_POINT('Ctrl Pts',(-7.70695965716139,-16.767405402223,-78.0220113139632));
#7631=CARTESIAN_POINT('Ctrl Pts',(-7.67774965716139,-16.586668527223,-77.7220113139632));
#7632=CARTESIAN_POINT('Ctrl Pts',(-7.67774965716139,-16.586668527223,-78.0220113139632));
#7633=CARTESIAN_POINT('',(-7.71061090716139,-17.806186027223,-77.7220113139632));
#7634=CARTESIAN_POINT('Ctrl Pts',(-7.71061090716139,-17.806186027223,-77.7220113139632));
#7635=CARTESIAN_POINT('Ctrl Pts',(-7.71061090716139,-16.922583527223,-77.7220113139632));
#7636=CARTESIAN_POINT('Ctrl Pts',(-7.70695965716139,-16.767405402223,-77.7220113139632));
#7637=CARTESIAN_POINT('Ctrl Pts',(-7.67774965716139,-16.586668527223,-77.7220113139632));
#7638=CARTESIAN_POINT('',(-7.71061090716139,-17.806186027223,-78.0220113139632));
#7639=CARTESIAN_POINT('',(-7.71061090716139,-17.806186027223,-77.7220113139632));
#7640=CARTESIAN_POINT('Ctrl Pts',(-7.71061090716139,-17.806186027223,-78.0220113139632));
#7641=CARTESIAN_POINT('Ctrl Pts',(-7.71061090716139,-16.922583527223,-78.0220113139632));
#7642=CARTESIAN_POINT('Ctrl Pts',(-7.70695965716139,-16.767405402223,-78.0220113139632));
#7643=CARTESIAN_POINT('Ctrl Pts',(-7.67774965716139,-16.586668527223,-78.0220113139632));
#7644=CARTESIAN_POINT('Ctrl Pts',(-7.61750403216139,-19.356141652223,-77.7220113139632));
#7645=CARTESIAN_POINT('Ctrl Pts',(-7.61750403216139,-19.356141652223,-78.0220113139632));
#7646=CARTESIAN_POINT('Ctrl Pts',(-7.70330840716139,-19.022052277223,-77.7220113139632));
#7647=CARTESIAN_POINT('Ctrl Pts',(-7.70330840716139,-19.022052277223,-78.0220113139632));
#7648=CARTESIAN_POINT('Ctrl Pts',(-7.71061090716139,-18.886956027223,-77.7220113139632));
#7649=CARTESIAN_POINT('Ctrl Pts',(-7.71061090716139,-18.886956027223,-78.0220113139632));
#7650=CARTESIAN_POINT('Ctrl Pts',(-7.71061090716139,-17.806186027223,-77.7220113139632));
#7651=CARTESIAN_POINT('Ctrl Pts',(-7.71061090716139,-17.806186027223,-78.0220113139632));
#7652=CARTESIAN_POINT('',(-7.61750403216139,-19.356141652223,-77.7220113139632));
#7653=CARTESIAN_POINT('Ctrl Pts',(-7.61750403216139,-19.356141652223,-77.7220113139632));
#7654=CARTESIAN_POINT('Ctrl Pts',(-7.70330840716139,-19.022052277223,-77.7220113139632));
#7655=CARTESIAN_POINT('Ctrl Pts',(-7.71061090716139,-18.886956027223,-77.7220113139632));
#7656=CARTESIAN_POINT('Ctrl Pts',(-7.71061090716139,-17.806186027223,-77.7220113139632));
#7657=CARTESIAN_POINT('',(-7.61750403216139,-19.356141652223,-78.0220113139632));
#7658=CARTESIAN_POINT('',(-7.61750403216139,-19.356141652223,-77.7220113139632));
#7659=CARTESIAN_POINT('Ctrl Pts',(-7.61750403216139,-19.356141652223,-78.0220113139632));
#7660=CARTESIAN_POINT('Ctrl Pts',(-7.70330840716139,-19.022052277223,-78.0220113139632));
#7661=CARTESIAN_POINT('Ctrl Pts',(-7.71061090716139,-18.886956027223,-78.0220113139632));
#7662=CARTESIAN_POINT('Ctrl Pts',(-7.71061090716139,-17.806186027223,-78.0220113139632));
#7663=CARTESIAN_POINT('Ctrl Pts',(-7.48971028216139,-19.703010402223,-77.7220113139632));
#7664=CARTESIAN_POINT('Ctrl Pts',(-7.48971028216139,-19.703010402223,-78.0220113139632));
#7665=CARTESIAN_POINT('Ctrl Pts',(-7.53535090716138,-19.608077902223,-77.7220113139632));
#7666=CARTESIAN_POINT('Ctrl Pts',(-7.53535090716138,-19.608077902223,-78.0220113139632));
#7667=CARTESIAN_POINT('Ctrl Pts',(-7.59377090716139,-19.451074152223,-77.7220113139632));
#7668=CARTESIAN_POINT('Ctrl Pts',(-7.59377090716139,-19.451074152223,-78.0220113139632));
#7669=CARTESIAN_POINT('Ctrl Pts',(-7.61750403216139,-19.356141652223,-77.7220113139632));
#7670=CARTESIAN_POINT('Ctrl Pts',(-7.61750403216139,-19.356141652223,-78.0220113139632));
#7671=CARTESIAN_POINT('',(-7.48971028216139,-19.703010402223,-77.7220113139632));
#7672=CARTESIAN_POINT('Ctrl Pts',(-7.48971028216139,-19.703010402223,-77.7220113139632));
#7673=CARTESIAN_POINT('Ctrl Pts',(-7.53535090716138,-19.608077902223,-77.7220113139632));
#7674=CARTESIAN_POINT('Ctrl Pts',(-7.59377090716139,-19.451074152223,-77.7220113139632));
#7675=CARTESIAN_POINT('Ctrl Pts',(-7.61750403216139,-19.356141652223,-77.7220113139632));
#7676=CARTESIAN_POINT('',(-7.48971028216139,-19.703010402223,-78.0220113139632));
#7677=CARTESIAN_POINT('',(-7.48971028216139,-19.703010402223,-77.7220113139632));
#7678=CARTESIAN_POINT('Ctrl Pts',(-7.48971028216139,-19.703010402223,-78.0220113139632));
#7679=CARTESIAN_POINT('Ctrl Pts',(-7.53535090716138,-19.608077902223,-78.0220113139632));
#7680=CARTESIAN_POINT('Ctrl Pts',(-7.59377090716139,-19.451074152223,-78.0220113139632));
#7681=CARTESIAN_POINT('Ctrl Pts',(-7.61750403216139,-19.356141652223,-78.0220113139632));
#7682=CARTESIAN_POINT('Ctrl Pts',(-7.24690215716139,-20.033448527223,-77.7220113139632));
#7683=CARTESIAN_POINT('Ctrl Pts',(-7.24690215716139,-20.033448527223,-78.0220113139632));
#7684=CARTESIAN_POINT('Ctrl Pts',(-7.38017278216139,-19.902003527223,-77.7220113139632));
#7685=CARTESIAN_POINT('Ctrl Pts',(-7.38017278216139,-19.902003527223,-78.0220113139632));
#7686=CARTESIAN_POINT('Ctrl Pts',(-7.41851090716139,-19.850886027223,-77.7220113139632));
#7687=CARTESIAN_POINT('Ctrl Pts',(-7.41851090716139,-19.850886027223,-78.0220113139632));
#7688=CARTESIAN_POINT('Ctrl Pts',(-7.48971028216139,-19.703010402223,-77.7220113139632));
#7689=CARTESIAN_POINT('Ctrl Pts',(-7.48971028216139,-19.703010402223,-78.0220113139632));
#7690=CARTESIAN_POINT('',(-7.24690215716139,-20.033448527223,-77.7220113139632));
#7691=CARTESIAN_POINT('Ctrl Pts',(-7.24690215716139,-20.033448527223,-77.7220113139632));
#7692=CARTESIAN_POINT('Ctrl Pts',(-7.38017278216139,-19.902003527223,-77.7220113139632));
#7693=CARTESIAN_POINT('Ctrl Pts',(-7.41851090716139,-19.850886027223,-77.7220113139632));
#7694=CARTESIAN_POINT('Ctrl Pts',(-7.48971028216139,-19.703010402223,-77.7220113139632));
#7695=CARTESIAN_POINT('',(-7.24690215716139,-20.033448527223,-78.0220113139632));
#7696=CARTESIAN_POINT('',(-7.24690215716139,-20.033448527223,-77.7220113139632));
#7697=CARTESIAN_POINT('Ctrl Pts',(-7.24690215716139,-20.033448527223,-78.0220113139632));
#7698=CARTESIAN_POINT('Ctrl Pts',(-7.38017278216139,-19.902003527223,-78.0220113139632));
#7699=CARTESIAN_POINT('Ctrl Pts',(-7.41851090716139,-19.850886027223,-78.0220113139632));
#7700=CARTESIAN_POINT('Ctrl Pts',(-7.48971028216139,-19.703010402223,-78.0220113139632));
#7701=CARTESIAN_POINT('Ctrl Pts',(-6.63896903216139,-20.380317277223,-77.7220113139632));
#7702=CARTESIAN_POINT('Ctrl Pts',(-6.63896903216139,-20.380317277223,-78.0220113139632));
#7703=CARTESIAN_POINT('Ctrl Pts',(-6.89273090716139,-20.310943527223,-77.7220113139632));
#7704=CARTESIAN_POINT('Ctrl Pts',(-6.89273090716139,-20.310943527223,-78.0220113139632));
#7705=CARTESIAN_POINT('Ctrl Pts',(-7.06981653216139,-20.208708527223,-77.7220113139632));
#7706=CARTESIAN_POINT('Ctrl Pts',(-7.06981653216139,-20.208708527223,-78.0220113139632));
#7707=CARTESIAN_POINT('Ctrl Pts',(-7.24690215716139,-20.033448527223,-77.7220113139632));
#7708=CARTESIAN_POINT('Ctrl Pts',(-7.24690215716139,-20.033448527223,-78.0220113139632));
#7709=CARTESIAN_POINT('',(-6.63896903216139,-20.380317277223,-77.7220113139632));
#7710=CARTESIAN_POINT('Ctrl Pts',(-6.63896903216139,-20.380317277223,-77.7220113139632));
#7711=CARTESIAN_POINT('Ctrl Pts',(-6.89273090716139,-20.310943527223,-77.7220113139632));
#7712=CARTESIAN_POINT('Ctrl Pts',(-7.06981653216139,-20.208708527223,-77.7220113139632));
#7713=CARTESIAN_POINT('Ctrl Pts',(-7.24690215716139,-20.033448527223,-77.7220113139632));
#7714=CARTESIAN_POINT('',(-6.63896903216139,-20.380317277223,-78.0220113139632));
#7715=CARTESIAN_POINT('',(-6.63896903216139,-20.380317277223,-77.7220113139632));
#7716=CARTESIAN_POINT('Ctrl Pts',(-6.63896903216139,-20.380317277223,-78.0220113139632));
#7717=CARTESIAN_POINT('Ctrl Pts',(-6.89273090716139,-20.310943527223,-78.0220113139632));
#7718=CARTESIAN_POINT('Ctrl Pts',(-7.06981653216139,-20.208708527223,-78.0220113139632));
#7719=CARTESIAN_POINT('Ctrl Pts',(-7.24690215716139,-20.033448527223,-78.0220113139632));
#7720=CARTESIAN_POINT('Ctrl Pts',(-4.40075278216138,-20.471598527223,-77.7220113139632));
#7721=CARTESIAN_POINT('Ctrl Pts',(-4.40075278216138,-20.471598527223,-78.0220113139632));
#7722=CARTESIAN_POINT('Ctrl Pts',(-6.21542403216139,-20.471598527223,-77.7220113139632));
#7723=CARTESIAN_POINT('Ctrl Pts',(-6.21542403216139,-20.471598527223,-78.0220113139632));
#7724=CARTESIAN_POINT('Ctrl Pts',(-6.32313590716139,-20.466121652223,-77.7220113139632));
#7725=CARTESIAN_POINT('Ctrl Pts',(-6.32313590716139,-20.466121652223,-78.0220113139632));
#7726=CARTESIAN_POINT('Ctrl Pts',(-6.63896903216139,-20.380317277223,-77.7220113139632));
#7727=CARTESIAN_POINT('Ctrl Pts',(-6.63896903216139,-20.380317277223,-78.0220113139632));
#7728=CARTESIAN_POINT('',(-4.40075278216138,-20.471598527223,-77.7220113139632));
#7729=CARTESIAN_POINT('Ctrl Pts',(-4.40075278216138,-20.471598527223,-77.7220113139632));
#7730=CARTESIAN_POINT('Ctrl Pts',(-6.21542403216139,-20.471598527223,-77.7220113139632));
#7731=CARTESIAN_POINT('Ctrl Pts',(-6.32313590716139,-20.466121652223,-77.7220113139632));
#7732=CARTESIAN_POINT('Ctrl Pts',(-6.63896903216139,-20.380317277223,-77.7220113139632));
#7733=CARTESIAN_POINT('',(-4.40075278216138,-20.471598527223,-78.0220113139632));
#7734=CARTESIAN_POINT('',(-4.40075278216138,-20.471598527223,-77.7220113139632));
#7735=CARTESIAN_POINT('Ctrl Pts',(-4.40075278216138,-20.471598527223,-78.0220113139632));
#7736=CARTESIAN_POINT('Ctrl Pts',(-6.21542403216139,-20.471598527223,-78.0220113139632));
#7737=CARTESIAN_POINT('Ctrl Pts',(-6.32313590716139,-20.466121652223,-78.0220113139632));
#7738=CARTESIAN_POINT('Ctrl Pts',(-6.63896903216139,-20.380317277223,-78.0220113139632));
#7739=CARTESIAN_POINT('Ctrl Pts',(-2.66458340716139,-20.436911652223,-77.7220113139632));
#7740=CARTESIAN_POINT('Ctrl Pts',(-2.66458340716139,-20.436911652223,-78.0220113139632));
#7741=CARTESIAN_POINT('Ctrl Pts',(-2.69744465716139,-20.469772902223,-77.7220113139632));
#7742=CARTESIAN_POINT('Ctrl Pts',(-2.69744465716139,-20.469772902223,-78.0220113139632));
#7743=CARTESIAN_POINT('Ctrl Pts',(-2.74491090716139,-20.471598527223,-77.7220113139632));
#7744=CARTESIAN_POINT('Ctrl Pts',(-2.74491090716139,-20.471598527223,-78.0220113139632));
#7745=CARTESIAN_POINT('Ctrl Pts',(-4.40075278216138,-20.471598527223,-77.7220113139632));
#7746=CARTESIAN_POINT('Ctrl Pts',(-4.40075278216138,-20.471598527223,-78.0220113139632));
#7747=CARTESIAN_POINT('',(-2.66458340716139,-20.436911652223,-77.7220113139632));
#7748=CARTESIAN_POINT('Ctrl Pts',(-2.66458340716139,-20.436911652223,-77.7220113139632));
#7749=CARTESIAN_POINT('Ctrl Pts',(-2.69744465716139,-20.469772902223,-77.7220113139632));
#7750=CARTESIAN_POINT('Ctrl Pts',(-2.74491090716139,-20.471598527223,-77.7220113139632));
#7751=CARTESIAN_POINT('Ctrl Pts',(-4.40075278216138,-20.471598527223,-77.7220113139632));
#7752=CARTESIAN_POINT('',(-2.66458340716139,-20.436911652223,-78.0220113139632));
#7753=CARTESIAN_POINT('',(-2.66458340716139,-20.436911652223,-77.7220113139632));
#7754=CARTESIAN_POINT('Ctrl Pts',(-2.66458340716139,-20.436911652223,-78.0220113139632));
#7755=CARTESIAN_POINT('Ctrl Pts',(-2.69744465716139,-20.469772902223,-78.0220113139632));
#7756=CARTESIAN_POINT('Ctrl Pts',(-2.74491090716139,-20.471598527223,-78.0220113139632));
#7757=CARTESIAN_POINT('Ctrl Pts',(-4.40075278216138,-20.471598527223,-78.0220113139632));
#7758=CARTESIAN_POINT('Ctrl Pts',(-2.61164028216139,-19.874619152223,-77.7220113139632));
#7759=CARTESIAN_POINT('Ctrl Pts',(-2.61164028216139,-19.874619152223,-78.0220113139632));
#7760=CARTESIAN_POINT('Ctrl Pts',(-2.60433778216139,-20.289036027223,-77.7220113139632));
#7761=CARTESIAN_POINT('Ctrl Pts',(-2.60433778216139,-20.289036027223,-78.0220113139632));
#7762=CARTESIAN_POINT('Ctrl Pts',(-2.61346590716139,-20.385794152223,-77.7220113139632));
#7763=CARTESIAN_POINT('Ctrl Pts',(-2.61346590716139,-20.385794152223,-78.0220113139632));
#7764=CARTESIAN_POINT('Ctrl Pts',(-2.66458340716139,-20.436911652223,-77.7220113139632));
#7765=CARTESIAN_POINT('Ctrl Pts',(-2.66458340716139,-20.436911652223,-78.0220113139632));
#7766=CARTESIAN_POINT('',(-2.61164028216139,-19.874619152223,-77.7220113139632));
#7767=CARTESIAN_POINT('Ctrl Pts',(-2.61164028216139,-19.874619152223,-77.7220113139632));
#7768=CARTESIAN_POINT('Ctrl Pts',(-2.60433778216139,-20.289036027223,-77.7220113139632));
#7769=CARTESIAN_POINT('Ctrl Pts',(-2.61346590716139,-20.385794152223,-77.7220113139632));
#7770=CARTESIAN_POINT('Ctrl Pts',(-2.66458340716139,-20.436911652223,-77.7220113139632));
#7771=CARTESIAN_POINT('',(-2.61164028216139,-19.874619152223,-78.0220113139632));
#7772=CARTESIAN_POINT('',(-2.61164028216139,-19.874619152223,-77.7220113139632));
#7773=CARTESIAN_POINT('Ctrl Pts',(-2.61164028216139,-19.874619152223,-78.0220113139632));
#7774=CARTESIAN_POINT('Ctrl Pts',(-2.60433778216139,-20.289036027223,-78.0220113139632));
#7775=CARTESIAN_POINT('Ctrl Pts',(-2.61346590716139,-20.385794152223,-78.0220113139632));
#7776=CARTESIAN_POINT('Ctrl Pts',(-2.66458340716139,-20.436911652223,-78.0220113139632));
#7777=CARTESIAN_POINT('Ctrl Pts',(-2.65910653216139,-19.463853527223,-77.7220113139632));
#7778=CARTESIAN_POINT('Ctrl Pts',(-2.65910653216139,-19.463853527223,-78.0220113139632));
#7779=CARTESIAN_POINT('Ctrl Pts',(-2.61894278216139,-19.504017277223,-77.7220113139632));
#7780=CARTESIAN_POINT('Ctrl Pts',(-2.61894278216139,-19.504017277223,-78.0220113139632));
#7781=CARTESIAN_POINT('Ctrl Pts',(-2.61711715716139,-19.518622277223,-77.7220113139632));
#7782=CARTESIAN_POINT('Ctrl Pts',(-2.61711715716139,-19.518622277223,-78.0220113139632));
#7783=CARTESIAN_POINT('Ctrl Pts',(-2.61164028216139,-19.874619152223,-77.7220113139632));
#7784=CARTESIAN_POINT('Ctrl Pts',(-2.61164028216139,-19.874619152223,-78.0220113139632));
#7785=CARTESIAN_POINT('',(-2.65910653216139,-19.463853527223,-77.7220113139632));
#7786=CARTESIAN_POINT('Ctrl Pts',(-2.65910653216139,-19.463853527223,-77.7220113139632));
#7787=CARTESIAN_POINT('Ctrl Pts',(-2.61894278216139,-19.504017277223,-77.7220113139632));
#7788=CARTESIAN_POINT('Ctrl Pts',(-2.61711715716139,-19.518622277223,-77.7220113139632));
#7789=CARTESIAN_POINT('Ctrl Pts',(-2.61164028216139,-19.874619152223,-77.7220113139632));
#7790=CARTESIAN_POINT('',(-2.65910653216139,-19.463853527223,-78.0220113139632));
#7791=CARTESIAN_POINT('',(-2.65910653216139,-19.463853527223,-77.7220113139632));
#7792=CARTESIAN_POINT('Ctrl Pts',(-2.65910653216139,-19.463853527223,-78.0220113139632));
#7793=CARTESIAN_POINT('Ctrl Pts',(-2.61894278216139,-19.504017277223,-78.0220113139632));
#7794=CARTESIAN_POINT('Ctrl Pts',(-2.61711715716139,-19.518622277223,-78.0220113139632));
#7795=CARTESIAN_POINT('Ctrl Pts',(-2.61164028216139,-19.874619152223,-78.0220113139632));
#7796=CARTESIAN_POINT('Origin',(-2.70109590716139,-19.421864152223,-77.7220113139632));
#7797=CARTESIAN_POINT('',(-2.70109590716139,-19.421864152223,-77.7220113139632));
#7798=CARTESIAN_POINT('',(-8.47765812212861,-13.6453019372557,-77.7220113139632));
#7799=CARTESIAN_POINT('',(-2.70109590716139,-19.421864152223,-78.0220113139632));
#7800=CARTESIAN_POINT('',(-2.70109590716139,-19.421864152223,-77.7220113139632));
#7801=CARTESIAN_POINT('',(-2.65910653216139,-19.463853527223,-78.0220113139632));
#7802=CARTESIAN_POINT('Origin',(-4.40257840716139,-19.412736027223,-77.7220113139632));
#7803=CARTESIAN_POINT('',(-4.40257840716139,-19.412736027223,-77.7220113139632));
#7804=CARTESIAN_POINT('',(-19.420294537095,-19.3321688806032,-77.7220113139632));
#7805=CARTESIAN_POINT('',(-4.40257840716139,-19.412736027223,-78.0220113139632));
#7806=CARTESIAN_POINT('',(-4.40257840716139,-19.412736027223,-77.7220113139632));
#7807=CARTESIAN_POINT('',(-2.70109590716139,-19.421864152223,-78.0220113139632));
#7808=CARTESIAN_POINT('Ctrl Pts',(-6.22455215716139,-19.361618527223,-77.7220113139632));
#7809=CARTESIAN_POINT('Ctrl Pts',(-6.22455215716139,-19.361618527223,-78.0220113139632));
#7810=CARTESIAN_POINT('Ctrl Pts',(-6.10406090716139,-19.403607902223,-77.7220113139632));
#7811=CARTESIAN_POINT('Ctrl Pts',(-6.10406090716139,-19.403607902223,-78.0220113139632));
#7812=CARTESIAN_POINT('Ctrl Pts',(-6.10406090716139,-19.403607902223,-77.7220113139632));
#7813=CARTESIAN_POINT('Ctrl Pts',(-6.10406090716139,-19.403607902223,-78.0220113139632));
#7814=CARTESIAN_POINT('Ctrl Pts',(-4.40257840716139,-19.412736027223,-77.7220113139632));
#7815=CARTESIAN_POINT('Ctrl Pts',(-4.40257840716139,-19.412736027223,-78.0220113139632));
#7816=CARTESIAN_POINT('',(-6.22455215716139,-19.361618527223,-77.7220113139632));
#7817=CARTESIAN_POINT('Ctrl Pts',(-6.22455215716139,-19.361618527223,-77.7220113139632));
#7818=CARTESIAN_POINT('Ctrl Pts',(-6.10406090716139,-19.403607902223,-77.7220113139632));
#7819=CARTESIAN_POINT('Ctrl Pts',(-6.10406090716139,-19.403607902223,-77.7220113139632));
#7820=CARTESIAN_POINT('Ctrl Pts',(-4.40257840716139,-19.412736027223,-77.7220113139632));
#7821=CARTESIAN_POINT('',(-6.22455215716139,-19.361618527223,-78.0220113139632));
#7822=CARTESIAN_POINT('',(-6.22455215716139,-19.361618527223,-77.7220113139632));
#7823=CARTESIAN_POINT('Ctrl Pts',(-6.22455215716139,-19.361618527223,-78.0220113139632));
#7824=CARTESIAN_POINT('Ctrl Pts',(-6.10406090716139,-19.403607902223,-78.0220113139632));
#7825=CARTESIAN_POINT('Ctrl Pts',(-6.10406090716139,-19.403607902223,-78.0220113139632));
#7826=CARTESIAN_POINT('Ctrl Pts',(-4.40257840716139,-19.412736027223,-78.0220113139632));
#7827=CARTESIAN_POINT('Ctrl Pts',(-6.67365590716138,-18.521831027223,-77.7220113139632));
#7828=CARTESIAN_POINT('Ctrl Pts',(-6.67365590716138,-18.521831027223,-78.0220113139632));
#7829=CARTESIAN_POINT('Ctrl Pts',(-6.64992278216139,-19.053087902223,-77.7220113139632));
#7830=CARTESIAN_POINT('Ctrl Pts',(-6.64992278216139,-19.053087902223,-78.0220113139632));
#7831=CARTESIAN_POINT('Ctrl Pts',(-6.54221090716139,-19.255732277223,-77.7220113139632));
#7832=CARTESIAN_POINT('Ctrl Pts',(-6.54221090716139,-19.255732277223,-78.0220113139632));
#7833=CARTESIAN_POINT('Ctrl Pts',(-6.22455215716139,-19.361618527223,-77.7220113139632));
#7834=CARTESIAN_POINT('Ctrl Pts',(-6.22455215716139,-19.361618527223,-78.0220113139632));
#7835=CARTESIAN_POINT('',(-6.67365590716138,-18.521831027223,-77.7220113139632));
#7836=CARTESIAN_POINT('Ctrl Pts',(-6.67365590716138,-18.521831027223,-77.7220113139632));
#7837=CARTESIAN_POINT('Ctrl Pts',(-6.64992278216139,-19.053087902223,-77.7220113139632));
#7838=CARTESIAN_POINT('Ctrl Pts',(-6.54221090716139,-19.255732277223,-77.7220113139632));
#7839=CARTESIAN_POINT('Ctrl Pts',(-6.22455215716139,-19.361618527223,-77.7220113139632));
#7840=CARTESIAN_POINT('',(-6.67365590716138,-18.521831027223,-78.0220113139632));
#7841=CARTESIAN_POINT('',(-6.67365590716138,-18.521831027223,-77.7220113139632));
#7842=CARTESIAN_POINT('Ctrl Pts',(-6.67365590716138,-18.521831027223,-78.0220113139632));
#7843=CARTESIAN_POINT('Ctrl Pts',(-6.64992278216139,-19.053087902223,-78.0220113139632));
#7844=CARTESIAN_POINT('Ctrl Pts',(-6.54221090716139,-19.255732277223,-78.0220113139632));
#7845=CARTESIAN_POINT('Ctrl Pts',(-6.22455215716139,-19.361618527223,-78.0220113139632));
#7846=CARTESIAN_POINT('Origin',(-6.68460965716139,-18.262592277223,-77.7220113139632));
#7847=CARTESIAN_POINT('',(-6.68460965716139,-18.262592277223,-77.7220113139632));
#7848=CARTESIAN_POINT('',(-6.50192054762346,-22.5862345362862,-77.7220113139632));
#7849=CARTESIAN_POINT('',(-6.68460965716139,-18.262592277223,-78.0220113139632));
#7850=CARTESIAN_POINT('',(-6.68460965716139,-18.262592277223,-77.7220113139632));
#7851=CARTESIAN_POINT('',(-6.67365590716138,-18.521831027223,-78.0220113139632));
#7852=CARTESIAN_POINT('Origin',(-2.75221340716139,-18.262592277223,-77.7220113139632));
#7853=CARTESIAN_POINT('',(-2.75221340716139,-18.262592277223,-77.7220113139632));
#7854=CARTESIAN_POINT('',(-18.6188470109845,-18.262592277223,-77.7220113139632));
#7855=CARTESIAN_POINT('',(-2.75221340716139,-18.262592277223,-78.0220113139632));
#7856=CARTESIAN_POINT('',(-2.75221340716139,-18.262592277223,-77.7220113139632));
#7857=CARTESIAN_POINT('',(-6.68460965716139,-18.262592277223,-78.0220113139632));
#7858=CARTESIAN_POINT('Origin',(-2.70839840716139,-18.216951652223,-77.7220113139632));
#7859=CARTESIAN_POINT('',(-2.70839840716139,-18.216951652223,-77.7220113139632));
#7860=CARTESIAN_POINT('',(-12.7972528452422,-28.726175025224,-77.7220113139632));
#7861=CARTESIAN_POINT('',(-2.70839840716139,-18.216951652223,-78.0220113139632));
#7862=CARTESIAN_POINT('',(-2.70839840716139,-18.216951652223,-77.7220113139632));
#7863=CARTESIAN_POINT('',(-2.75221340716139,-18.262592277223,-78.0220113139632));
#7864=CARTESIAN_POINT('Ctrl Pts',(-2.66275778216139,-17.787929777223,-77.7220113139632));
#7865=CARTESIAN_POINT('Ctrl Pts',(-2.66275778216139,-17.787929777223,-78.0220113139632));
#7866=CARTESIAN_POINT('Ctrl Pts',(-2.66275778216139,-18.173136652223,-77.7220113139632));
#7867=CARTESIAN_POINT('Ctrl Pts',(-2.66275778216139,-18.173136652223,-78.0220113139632));
#7868=CARTESIAN_POINT('Ctrl Pts',(-2.66275778216139,-18.173136652223,-77.7220113139632));
#7869=CARTESIAN_POINT('Ctrl Pts',(-2.66275778216139,-18.173136652223,-78.0220113139632));
#7870=CARTESIAN_POINT('Ctrl Pts',(-2.70839840716139,-18.216951652223,-77.7220113139632));
#7871=CARTESIAN_POINT('Ctrl Pts',(-2.70839840716139,-18.216951652223,-78.0220113139632));
#7872=CARTESIAN_POINT('',(-2.66275778216139,-17.787929777223,-77.7220113139632));
#7873=CARTESIAN_POINT('Ctrl Pts',(-2.66275778216139,-17.787929777223,-77.7220113139632));
#7874=CARTESIAN_POINT('Ctrl Pts',(-2.66275778216139,-18.173136652223,-77.7220113139632));
#7875=CARTESIAN_POINT('Ctrl Pts',(-2.66275778216139,-18.173136652223,-77.7220113139632));
#7876=CARTESIAN_POINT('Ctrl Pts',(-2.70839840716139,-18.216951652223,-77.7220113139632));
#7877=CARTESIAN_POINT('',(-2.66275778216139,-17.787929777223,-78.0220113139632));
#7878=CARTESIAN_POINT('',(-2.66275778216139,-17.787929777223,-77.7220113139632));
#7879=CARTESIAN_POINT('Ctrl Pts',(-2.66275778216139,-17.787929777223,-78.0220113139632));
#7880=CARTESIAN_POINT('Ctrl Pts',(-2.66275778216139,-18.173136652223,-78.0220113139632));
#7881=CARTESIAN_POINT('Ctrl Pts',(-2.66275778216139,-18.173136652223,-78.0220113139632));
#7882=CARTESIAN_POINT('Ctrl Pts',(-2.70839840716139,-18.216951652223,-78.0220113139632));
#7883=CARTESIAN_POINT('Ctrl Pts',(-2.69927028216139,-17.368036027223,-77.7220113139632));
#7884=CARTESIAN_POINT('Ctrl Pts',(-2.69927028216139,-17.368036027223,-78.0220113139632));
#7885=CARTESIAN_POINT('Ctrl Pts',(-2.66458340716139,-17.402722902223,-77.7220113139632));
#7886=CARTESIAN_POINT('Ctrl Pts',(-2.66458340716139,-17.402722902223,-78.0220113139632));
#7887=CARTESIAN_POINT('Ctrl Pts',(-2.66275778216139,-17.428281652223,-77.7220113139632));
#7888=CARTESIAN_POINT('Ctrl Pts',(-2.66275778216139,-17.428281652223,-78.0220113139632));
#7889=CARTESIAN_POINT('Ctrl Pts',(-2.66275778216139,-17.787929777223,-77.7220113139632));
#7890=CARTESIAN_POINT('Ctrl Pts',(-2.66275778216139,-17.787929777223,-78.0220113139632));
#7891=CARTESIAN_POINT('',(-2.69927028216139,-17.368036027223,-77.7220113139632));
#7892=CARTESIAN_POINT('Ctrl Pts',(-2.69927028216139,-17.368036027223,-77.7220113139632));
#7893=CARTESIAN_POINT('Ctrl Pts',(-2.66458340716139,-17.402722902223,-77.7220113139632));
#7894=CARTESIAN_POINT('Ctrl Pts',(-2.66275778216139,-17.428281652223,-77.7220113139632));
#7895=CARTESIAN_POINT('Ctrl Pts',(-2.66275778216139,-17.787929777223,-77.7220113139632));
#7896=CARTESIAN_POINT('',(-2.69927028216139,-17.368036027223,-78.0220113139632));
#7897=CARTESIAN_POINT('',(-2.69927028216139,-17.368036027223,-77.7220113139632));
#7898=CARTESIAN_POINT('Ctrl Pts',(-2.69927028216139,-17.368036027223,-78.0220113139632));
#7899=CARTESIAN_POINT('Ctrl Pts',(-2.66458340716139,-17.402722902223,-78.0220113139632));
#7900=CARTESIAN_POINT('Ctrl Pts',(-2.66275778216139,-17.428281652223,-78.0220113139632));
#7901=CARTESIAN_POINT('Ctrl Pts',(-2.66275778216139,-17.787929777223,-78.0220113139632));
#7902=CARTESIAN_POINT('Ctrl Pts',(-4.71110903216139,-17.331523527223,-77.7220113139632));
#7903=CARTESIAN_POINT('Ctrl Pts',(-4.71110903216139,-17.331523527223,-78.0220113139632));
#7904=CARTESIAN_POINT('Ctrl Pts',(-2.75951590716139,-17.331523527223,-77.7220113139632));
#7905=CARTESIAN_POINT('Ctrl Pts',(-2.75951590716139,-17.331523527223,-78.0220113139632));
#7906=CARTESIAN_POINT('Ctrl Pts',(-2.73578278216139,-17.331523527223,-77.7220113139632));
#7907=CARTESIAN_POINT('Ctrl Pts',(-2.73578278216139,-17.331523527223,-78.0220113139632));
#7908=CARTESIAN_POINT('Ctrl Pts',(-2.69927028216139,-17.368036027223,-77.7220113139632));
#7909=CARTESIAN_POINT('Ctrl Pts',(-2.69927028216139,-17.368036027223,-78.0220113139632));
#7910=CARTESIAN_POINT('',(-4.71110903216139,-17.331523527223,-77.7220113139632));
#7911=CARTESIAN_POINT('Ctrl Pts',(-4.71110903216139,-17.331523527223,-77.7220113139632));
#7912=CARTESIAN_POINT('Ctrl Pts',(-2.75951590716139,-17.331523527223,-77.7220113139632));
#7913=CARTESIAN_POINT('Ctrl Pts',(-2.73578278216139,-17.331523527223,-77.7220113139632));
#7914=CARTESIAN_POINT('Ctrl Pts',(-2.69927028216139,-17.368036027223,-77.7220113139632));
#7915=CARTESIAN_POINT('',(-4.71110903216139,-17.331523527223,-78.0220113139632));
#7916=CARTESIAN_POINT('',(-4.71110903216139,-17.331523527223,-77.7220113139632));
#7917=CARTESIAN_POINT('Ctrl Pts',(-4.71110903216139,-17.331523527223,-78.0220113139632));
#7918=CARTESIAN_POINT('Ctrl Pts',(-2.75951590716139,-17.331523527223,-78.0220113139632));
#7919=CARTESIAN_POINT('Ctrl Pts',(-2.73578278216139,-17.331523527223,-78.0220113139632));
#7920=CARTESIAN_POINT('Ctrl Pts',(-2.69927028216139,-17.368036027223,-78.0220113139632));
#7921=CARTESIAN_POINT('Origin',(-6.68460965716139,-17.331523527223,-77.7220113139632));
#7922=CARTESIAN_POINT('',(-6.68460965716139,-17.331523527223,-77.7220113139632));
#7923=CARTESIAN_POINT('',(-20.5850451359845,-17.331523527223,-77.7220113139632));
#7924=CARTESIAN_POINT('',(-6.68460965716139,-17.331523527223,-78.0220113139632));
#7925=CARTESIAN_POINT('',(-6.68460965716139,-17.331523527223,-77.7220113139632));
#7926=CARTESIAN_POINT('',(-4.71110903216139,-17.331523527223,-78.0220113139632));
#7927=CARTESIAN_POINT('Origin',(-6.67365590716138,-17.106971652223,-77.7220113139632));
#7928=CARTESIAN_POINT('',(-6.67365590716138,-17.106971652223,-77.7220113139632));
#7929=CARTESIAN_POINT('',(-6.97415312477229,-23.2671646132441,-77.7220113139632));
#7930=CARTESIAN_POINT('',(-6.67365590716138,-17.106971652223,-78.0220113139632));
#7931=CARTESIAN_POINT('',(-6.67365590716138,-17.106971652223,-77.7220113139632));
#7932=CARTESIAN_POINT('',(-6.68460965716139,-17.331523527223,-78.0220113139632));
#7933=CARTESIAN_POINT('Ctrl Pts',(-6.35964840716139,-16.336557902223,-77.7220113139632));
#7934=CARTESIAN_POINT('Ctrl Pts',(-6.35964840716139,-16.336557902223,-78.0220113139632));
#7935=CARTESIAN_POINT('Ctrl Pts',(-6.57324653216139,-16.462526027223,-77.7220113139632));
#7936=CARTESIAN_POINT('Ctrl Pts',(-6.57324653216139,-16.462526027223,-78.0220113139632));
#7937=CARTESIAN_POINT('Ctrl Pts',(-6.65174840716139,-16.652391027223,-77.7220113139632));
#7938=CARTESIAN_POINT('Ctrl Pts',(-6.65174840716139,-16.652391027223,-78.0220113139632));
#7939=CARTESIAN_POINT('Ctrl Pts',(-6.67365590716138,-17.106971652223,-77.7220113139632));
#7940=CARTESIAN_POINT('Ctrl Pts',(-6.67365590716138,-17.106971652223,-78.0220113139632));
#7941=CARTESIAN_POINT('',(-6.35964840716139,-16.336557902223,-77.7220113139632));
#7942=CARTESIAN_POINT('Ctrl Pts',(-6.35964840716139,-16.336557902223,-77.7220113139632));
#7943=CARTESIAN_POINT('Ctrl Pts',(-6.57324653216139,-16.462526027223,-77.7220113139632));
#7944=CARTESIAN_POINT('Ctrl Pts',(-6.65174840716139,-16.652391027223,-77.7220113139632));
#7945=CARTESIAN_POINT('Ctrl Pts',(-6.67365590716138,-17.106971652223,-77.7220113139632));
#7946=CARTESIAN_POINT('',(-6.35964840716139,-16.336557902223,-78.0220113139632));
#7947=CARTESIAN_POINT('',(-6.35964840716139,-16.336557902223,-77.7220113139632));
#7948=CARTESIAN_POINT('Ctrl Pts',(-6.35964840716139,-16.336557902223,-78.0220113139632));
#7949=CARTESIAN_POINT('Ctrl Pts',(-6.57324653216139,-16.462526027223,-78.0220113139632));
#7950=CARTESIAN_POINT('Ctrl Pts',(-6.65174840716139,-16.652391027223,-78.0220113139632));
#7951=CARTESIAN_POINT('Ctrl Pts',(-6.67365590716138,-17.106971652223,-78.0220113139632));
#7952=CARTESIAN_POINT('Ctrl Pts',(-4.36424028216138,-16.219717902223,-77.7220113139632));
#7953=CARTESIAN_POINT('Ctrl Pts',(-4.36424028216138,-16.219717902223,-78.0220113139632));
#7954=CARTESIAN_POINT('Ctrl Pts',(-6.19899340716139,-16.230671652223,-77.7220113139632));
#7955=CARTESIAN_POINT('Ctrl Pts',(-6.19899340716139,-16.230671652223,-78.0220113139632));
#7956=CARTESIAN_POINT('Ctrl Pts',(-6.17891153216139,-16.228846027223,-77.7220113139632));
#7957=CARTESIAN_POINT('Ctrl Pts',(-6.17891153216139,-16.228846027223,-78.0220113139632));
#7958=CARTESIAN_POINT('Ctrl Pts',(-6.35964840716139,-16.336557902223,-77.7220113139632));
#7959=CARTESIAN_POINT('Ctrl Pts',(-6.35964840716139,-16.336557902223,-78.0220113139632));
#7960=CARTESIAN_POINT('',(-4.36424028216138,-16.219717902223,-77.7220113139632));
#7961=CARTESIAN_POINT('Ctrl Pts',(-4.36424028216138,-16.219717902223,-77.7220113139632));
#7962=CARTESIAN_POINT('Ctrl Pts',(-6.19899340716139,-16.230671652223,-77.7220113139632));
#7963=CARTESIAN_POINT('Ctrl Pts',(-6.17891153216139,-16.228846027223,-77.7220113139632));
#7964=CARTESIAN_POINT('Ctrl Pts',(-6.35964840716139,-16.336557902223,-77.7220113139632));
#7965=CARTESIAN_POINT('',(-4.36424028216138,-16.219717902223,-78.0220113139632));
#7966=CARTESIAN_POINT('',(-4.36424028216138,-16.219717902223,-77.7220113139632));
#7967=CARTESIAN_POINT('Ctrl Pts',(-4.36424028216138,-16.219717902223,-78.0220113139632));
#7968=CARTESIAN_POINT('Ctrl Pts',(-6.19899340716139,-16.230671652223,-78.0220113139632));
#7969=CARTESIAN_POINT('Ctrl Pts',(-6.17891153216139,-16.228846027223,-78.0220113139632));
#7970=CARTESIAN_POINT('Ctrl Pts',(-6.35964840716139,-16.336557902223,-78.0220113139632));
#7971=CARTESIAN_POINT('Ctrl Pts',(-2.65362965716139,-16.174077277223,-77.7220113139632));
#7972=CARTESIAN_POINT('Ctrl Pts',(-2.65362965716139,-16.174077277223,-78.0220113139632));
#7973=CARTESIAN_POINT('Ctrl Pts',(-2.67736278216139,-16.206938527223,-77.7220113139632));
#7974=CARTESIAN_POINT('Ctrl Pts',(-2.67736278216139,-16.206938527223,-78.0220113139632));
#7975=CARTESIAN_POINT('Ctrl Pts',(-2.73943403216139,-16.208764152223,-77.7220113139632));
#7976=CARTESIAN_POINT('Ctrl Pts',(-2.73943403216139,-16.208764152223,-78.0220113139632));
#7977=CARTESIAN_POINT('Ctrl Pts',(-4.36424028216138,-16.219717902223,-77.7220113139632));
#7978=CARTESIAN_POINT('Ctrl Pts',(-4.36424028216138,-16.219717902223,-78.0220113139632));
#7979=CARTESIAN_POINT('',(-2.65362965716139,-16.174077277223,-77.7220113139632));
#7980=CARTESIAN_POINT('Ctrl Pts',(-2.65362965716139,-16.174077277223,-77.7220113139632));
#7981=CARTESIAN_POINT('Ctrl Pts',(-2.67736278216139,-16.206938527223,-77.7220113139632));
#7982=CARTESIAN_POINT('Ctrl Pts',(-2.73943403216139,-16.208764152223,-77.7220113139632));
#7983=CARTESIAN_POINT('Ctrl Pts',(-4.36424028216138,-16.219717902223,-77.7220113139632));
#7984=CARTESIAN_POINT('',(-2.65362965716139,-16.174077277223,-78.0220113139632));
#7985=CARTESIAN_POINT('',(-2.65362965716139,-16.174077277223,-77.7220113139632));
#7986=CARTESIAN_POINT('Ctrl Pts',(-2.65362965716139,-16.174077277223,-78.0220113139632));
#7987=CARTESIAN_POINT('Ctrl Pts',(-2.67736278216139,-16.206938527223,-78.0220113139632));
#7988=CARTESIAN_POINT('Ctrl Pts',(-2.73943403216139,-16.208764152223,-78.0220113139632));
#7989=CARTESIAN_POINT('Ctrl Pts',(-4.36424028216138,-16.219717902223,-78.0220113139632));
#7990=CARTESIAN_POINT('Ctrl Pts',(-2.61164028216139,-15.620912902223,-77.7220113139632));
#7991=CARTESIAN_POINT('Ctrl Pts',(-2.61164028216139,-15.620912902223,-78.0220113139632));
#7992=CARTESIAN_POINT('Ctrl Pts',(-2.60433778216139,-16.013422277223,-77.7220113139632));
#7993=CARTESIAN_POINT('Ctrl Pts',(-2.60433778216139,-16.013422277223,-78.0220113139632));
#7994=CARTESIAN_POINT('Ctrl Pts',(-2.61346590716139,-16.119308527223,-77.7220113139632));
#7995=CARTESIAN_POINT('Ctrl Pts',(-2.61346590716139,-16.119308527223,-78.0220113139632));
#7996=CARTESIAN_POINT('Ctrl Pts',(-2.65362965716139,-16.174077277223,-77.7220113139632));
#7997=CARTESIAN_POINT('Ctrl Pts',(-2.65362965716139,-16.174077277223,-78.0220113139632));
#7998=CARTESIAN_POINT('',(-2.61164028216139,-15.620912902223,-77.7220113139632));
#7999=CARTESIAN_POINT('Ctrl Pts',(-2.61164028216139,-15.620912902223,-77.7220113139632));
#8000=CARTESIAN_POINT('Ctrl Pts',(-2.60433778216139,-16.013422277223,-77.7220113139632));
#8001=CARTESIAN_POINT('Ctrl Pts',(-2.61346590716139,-16.119308527223,-77.7220113139632));
#8002=CARTESIAN_POINT('Ctrl Pts',(-2.65362965716139,-16.174077277223,-77.7220113139632));
#8003=CARTESIAN_POINT('',(-2.61164028216139,-15.620912902223,-78.0220113139632));
#8004=CARTESIAN_POINT('',(-2.61164028216139,-15.620912902223,-77.7220113139632));
#8005=CARTESIAN_POINT('Ctrl Pts',(-2.61164028216139,-15.620912902223,-78.0220113139632));
#8006=CARTESIAN_POINT('Ctrl Pts',(-2.60433778216139,-16.013422277223,-78.0220113139632));
#8007=CARTESIAN_POINT('Ctrl Pts',(-2.61346590716139,-16.119308527223,-78.0220113139632));
#8008=CARTESIAN_POINT('Ctrl Pts',(-2.65362965716139,-16.174077277223,-78.0220113139632));
#8009=CARTESIAN_POINT('Ctrl Pts',(-2.65910653216139,-15.210147277223,-77.7220113139632));
#8010=CARTESIAN_POINT('Ctrl Pts',(-2.65910653216139,-15.210147277223,-78.0220113139632));
#8011=CARTESIAN_POINT('Ctrl Pts',(-2.61894278216139,-15.250311027223,-77.7220113139632));
#8012=CARTESIAN_POINT('Ctrl Pts',(-2.61894278216139,-15.250311027223,-78.0220113139632));
#8013=CARTESIAN_POINT('Ctrl Pts',(-2.61711715716139,-15.264916027223,-77.7220113139632));
#8014=CARTESIAN_POINT('Ctrl Pts',(-2.61711715716139,-15.264916027223,-78.0220113139632));
#8015=CARTESIAN_POINT('Ctrl Pts',(-2.61164028216139,-15.620912902223,-77.7220113139632));
#8016=CARTESIAN_POINT('Ctrl Pts',(-2.61164028216139,-15.620912902223,-78.0220113139632));
#8017=CARTESIAN_POINT('',(-2.65910653216139,-15.210147277223,-77.7220113139632));
#8018=CARTESIAN_POINT('Ctrl Pts',(-2.65910653216139,-15.210147277223,-77.7220113139632));
#8019=CARTESIAN_POINT('Ctrl Pts',(-2.61894278216139,-15.250311027223,-77.7220113139632));
#8020=CARTESIAN_POINT('Ctrl Pts',(-2.61711715716139,-15.264916027223,-77.7220113139632));
#8021=CARTESIAN_POINT('Ctrl Pts',(-2.61164028216139,-15.620912902223,-77.7220113139632));
#8022=CARTESIAN_POINT('',(-2.65910653216139,-15.210147277223,-78.0220113139632));
#8023=CARTESIAN_POINT('',(-2.65910653216139,-15.210147277223,-77.7220113139632));
#8024=CARTESIAN_POINT('Ctrl Pts',(-2.65910653216139,-15.210147277223,-78.0220113139632));
#8025=CARTESIAN_POINT('Ctrl Pts',(-2.61894278216139,-15.250311027223,-78.0220113139632));
#8026=CARTESIAN_POINT('Ctrl Pts',(-2.61711715716139,-15.264916027223,-78.0220113139632));
#8027=CARTESIAN_POINT('Ctrl Pts',(-2.61164028216139,-15.620912902223,-78.0220113139632));
#8028=CARTESIAN_POINT('Origin',(-2.70109590716139,-15.168157902223,-77.7220113139632));
#8029=CARTESIAN_POINT('',(-2.70109590716139,-15.168157902223,-77.7220113139632));
#8030=CARTESIAN_POINT('',(-7.41423155962861,-10.4550222497557,-77.7220113139632));
#8031=CARTESIAN_POINT('',(-2.70109590716139,-15.168157902223,-78.0220113139632));
#8032=CARTESIAN_POINT('',(-2.70109590716139,-15.168157902223,-77.7220113139632));
#8033=CARTESIAN_POINT('',(-2.65910653216139,-15.210147277223,-78.0220113139632));
#8034=CARTESIAN_POINT('Origin',(-4.33868153216139,-15.166332277223,-77.7220113139632));
#8035=CARTESIAN_POINT('',(-4.33868153216139,-15.166332277223,-77.7220113139632));
#8036=CARTESIAN_POINT('',(-19.4048529463506,-15.1495360995037,-77.7220113139632));
#8037=CARTESIAN_POINT('',(-4.33868153216139,-15.166332277223,-78.0220113139632));
#8038=CARTESIAN_POINT('',(-4.33868153216139,-15.166332277223,-77.7220113139632));
#8039=CARTESIAN_POINT('',(-2.70109590716139,-15.168157902223,-78.0220113139632));
#8040=CARTESIAN_POINT('Ctrl Pts',(-6.14970153216139,-15.179111652223,-77.7220113139632));
#8041=CARTESIAN_POINT('Ctrl Pts',(-6.14970153216139,-15.179111652223,-78.0220113139632));
#8042=CARTESIAN_POINT('Ctrl Pts',(-6.05476903216139,-15.169983527223,-77.7220113139632));
#8043=CARTESIAN_POINT('Ctrl Pts',(-6.05476903216139,-15.169983527223,-78.0220113139632));
#8044=CARTESIAN_POINT('Ctrl Pts',(-5.23871465716139,-15.164506652223,-77.7220113139632));
#8045=CARTESIAN_POINT('Ctrl Pts',(-5.23871465716139,-15.164506652223,-78.0220113139632));
#8046=CARTESIAN_POINT('Ctrl Pts',(-4.33868153216139,-15.166332277223,-77.7220113139632));
#8047=CARTESIAN_POINT('Ctrl Pts',(-4.33868153216139,-15.166332277223,-78.0220113139632));
#8048=CARTESIAN_POINT('Ctrl Pts',(-6.14970153216139,-15.179111652223,-77.7220113139632));
#8049=CARTESIAN_POINT('Ctrl Pts',(-6.05476903216139,-15.169983527223,-77.7220113139632));
#8050=CARTESIAN_POINT('Ctrl Pts',(-5.23871465716139,-15.164506652223,-77.7220113139632));
#8051=CARTESIAN_POINT('Ctrl Pts',(-4.33868153216139,-15.166332277223,-77.7220113139632));
#8052=CARTESIAN_POINT('Ctrl Pts',(-6.14970153216139,-15.179111652223,-78.0220113139632));
#8053=CARTESIAN_POINT('Ctrl Pts',(-6.05476903216139,-15.169983527223,-78.0220113139632));
#8054=CARTESIAN_POINT('Ctrl Pts',(-5.23871465716139,-15.164506652223,-78.0220113139632));
#8055=CARTESIAN_POINT('Ctrl Pts',(-4.33868153216139,-15.166332277223,-78.0220113139632));
#8056=CARTESIAN_POINT('Origin',(-5.15747434466139,-17.818052589723,-78.0220113139632));
#8057=CARTESIAN_POINT('Ctrl Pts',(-18.4598909071614,-16.236148527223,-77.7220113139632));
#8058=CARTESIAN_POINT('Ctrl Pts',(-18.4598909071614,-16.236148527223,-78.0220113139632));
#8059=CARTESIAN_POINT('Ctrl Pts',(-18.6899196571614,-16.216066652223,-77.7220113139632));
#8060=CARTESIAN_POINT('Ctrl Pts',(-18.6899196571614,-16.216066652223,-78.0220113139632));
#8061=CARTESIAN_POINT('Ctrl Pts',(-20.6488152821614,-16.216066652223,-77.7220113139632));
#8062=CARTESIAN_POINT('Ctrl Pts',(-20.6488152821614,-16.216066652223,-78.0220113139632));
#8063=CARTESIAN_POINT('Ctrl Pts',(-20.8733671571614,-16.236148527223,-77.7220113139632));
#8064=CARTESIAN_POINT('Ctrl Pts',(-20.8733671571614,-16.236148527223,-78.0220113139632));
#8065=CARTESIAN_POINT('',(-18.4598909071614,-16.236148527223,-77.7220113139632));
#8066=CARTESIAN_POINT('',(-20.8733671571614,-16.236148527223,-77.7220113139632));
#8067=CARTESIAN_POINT('Ctrl Pts',(-18.4598909071614,-16.236148527223,-77.7220113139632));
#8068=CARTESIAN_POINT('Ctrl Pts',(-18.6899196571614,-16.216066652223,-77.7220113139632));
#8069=CARTESIAN_POINT('Ctrl Pts',(-20.6488152821614,-16.216066652223,-77.7220113139632));
#8070=CARTESIAN_POINT('Ctrl Pts',(-20.8733671571614,-16.236148527223,-77.7220113139632));
#8071=CARTESIAN_POINT('',(-18.4598909071614,-16.236148527223,-78.0220113139632));
#8072=CARTESIAN_POINT('',(-18.4598909071614,-16.236148527223,-77.7220113139632));
#8073=CARTESIAN_POINT('',(-20.8733671571614,-16.236148527223,-78.0220113139632));
#8074=CARTESIAN_POINT('Ctrl Pts',(-18.4598909071614,-16.236148527223,-78.0220113139632));
#8075=CARTESIAN_POINT('Ctrl Pts',(-18.6899196571614,-16.216066652223,-78.0220113139632));
#8076=CARTESIAN_POINT('Ctrl Pts',(-20.6488152821614,-16.216066652223,-78.0220113139632));
#8077=CARTESIAN_POINT('Ctrl Pts',(-20.8733671571614,-16.236148527223,-78.0220113139632));
#8078=CARTESIAN_POINT('',(-20.8733671571614,-16.236148527223,-77.7220113139632));
#8079=CARTESIAN_POINT('Ctrl Pts',(-17.7405946571614,-17.092366652223,-77.7220113139632));
#8080=CARTESIAN_POINT('Ctrl Pts',(-17.7405946571614,-17.092366652223,-78.0220113139632));
#8081=CARTESIAN_POINT('Ctrl Pts',(-17.7844096571614,-16.460700402223,-77.7220113139632));
#8082=CARTESIAN_POINT('Ctrl Pts',(-17.7844096571614,-16.460700402223,-78.0220113139632));
#8083=CARTESIAN_POINT('Ctrl Pts',(-17.9341109071614,-16.283614777223,-77.7220113139632));
#8084=CARTESIAN_POINT('Ctrl Pts',(-17.9341109071614,-16.283614777223,-78.0220113139632));
#8085=CARTESIAN_POINT('Ctrl Pts',(-18.4598909071614,-16.236148527223,-77.7220113139632));
#8086=CARTESIAN_POINT('Ctrl Pts',(-18.4598909071614,-16.236148527223,-78.0220113139632));
#8087=CARTESIAN_POINT('',(-17.7405946571614,-17.092366652223,-77.7220113139632));
#8088=CARTESIAN_POINT('Ctrl Pts',(-17.7405946571614,-17.092366652223,-77.7220113139632));
#8089=CARTESIAN_POINT('Ctrl Pts',(-17.7844096571614,-16.460700402223,-77.7220113139632));
#8090=CARTESIAN_POINT('Ctrl Pts',(-17.9341109071614,-16.283614777223,-77.7220113139632));
#8091=CARTESIAN_POINT('Ctrl Pts',(-18.4598909071614,-16.236148527223,-77.7220113139632));
#8092=CARTESIAN_POINT('',(-17.7405946571614,-17.092366652223,-78.0220113139632));
#8093=CARTESIAN_POINT('',(-17.7405946571614,-17.092366652223,-77.7220113139632));
#8094=CARTESIAN_POINT('Ctrl Pts',(-17.7405946571614,-17.092366652223,-78.0220113139632));
#8095=CARTESIAN_POINT('Ctrl Pts',(-17.7844096571614,-16.460700402223,-78.0220113139632));
#8096=CARTESIAN_POINT('Ctrl Pts',(-17.9341109071614,-16.283614777223,-78.0220113139632));
#8097=CARTESIAN_POINT('Ctrl Pts',(-18.4598909071614,-16.236148527223,-78.0220113139632));
#8098=CARTESIAN_POINT('Ctrl Pts',(-17.7679790321614,-18.841315402223,-77.7220113139632));
#8099=CARTESIAN_POINT('Ctrl Pts',(-17.7679790321614,-18.841315402223,-78.0220113139632));
#8100=CARTESIAN_POINT('Ctrl Pts',(-17.7314665321614,-18.662404152223,-77.7220113139632));
#8101=CARTESIAN_POINT('Ctrl Pts',(-17.7314665321614,-18.662404152223,-78.0220113139632));
#8102=CARTESIAN_POINT('Ctrl Pts',(-17.7113846571614,-17.486701652223,-77.7220113139632));
#8103=CARTESIAN_POINT('Ctrl Pts',(-17.7113846571614,-17.486701652223,-78.0220113139632));
#8104=CARTESIAN_POINT('Ctrl Pts',(-17.7405946571614,-17.092366652223,-77.7220113139632));
#8105=CARTESIAN_POINT('Ctrl Pts',(-17.7405946571614,-17.092366652223,-78.0220113139632));
#8106=CARTESIAN_POINT('',(-17.7679790321614,-18.841315402223,-77.7220113139632));
#8107=CARTESIAN_POINT('Ctrl Pts',(-17.7679790321614,-18.841315402223,-77.7220113139632));
#8108=CARTESIAN_POINT('Ctrl Pts',(-17.7314665321614,-18.662404152223,-77.7220113139632));
#8109=CARTESIAN_POINT('Ctrl Pts',(-17.7113846571614,-17.486701652223,-77.7220113139632));
#8110=CARTESIAN_POINT('Ctrl Pts',(-17.7405946571614,-17.092366652223,-77.7220113139632));
#8111=CARTESIAN_POINT('',(-17.7679790321614,-18.841315402223,-78.0220113139632));
#8112=CARTESIAN_POINT('',(-17.7679790321614,-18.841315402223,-77.7220113139632));
#8113=CARTESIAN_POINT('Ctrl Pts',(-17.7679790321614,-18.841315402223,-78.0220113139632));
#8114=CARTESIAN_POINT('Ctrl Pts',(-17.7314665321614,-18.662404152223,-78.0220113139632));
#8115=CARTESIAN_POINT('Ctrl Pts',(-17.7113846571614,-17.486701652223,-78.0220113139632));
#8116=CARTESIAN_POINT('Ctrl Pts',(-17.7405946571614,-17.092366652223,-78.0220113139632));
#8117=CARTESIAN_POINT('Ctrl Pts',(-18.3266202821614,-19.392654152223,-77.7220113139632));
#8118=CARTESIAN_POINT('Ctrl Pts',(-18.3266202821614,-19.392654152223,-78.0220113139632));
#8119=CARTESIAN_POINT('Ctrl Pts',(-17.9998334071614,-19.339711027223,-77.7220113139632));
#8120=CARTESIAN_POINT('Ctrl Pts',(-17.9998334071614,-19.339711027223,-78.0220113139632));
#8121=CARTESIAN_POINT('Ctrl Pts',(-17.8373527821614,-19.180881652223,-77.7220113139632));
#8122=CARTESIAN_POINT('Ctrl Pts',(-17.8373527821614,-19.180881652223,-78.0220113139632));
#8123=CARTESIAN_POINT('Ctrl Pts',(-17.7679790321614,-18.841315402223,-77.7220113139632));
#8124=CARTESIAN_POINT('Ctrl Pts',(-17.7679790321614,-18.841315402223,-78.0220113139632));
#8125=CARTESIAN_POINT('',(-18.3266202821614,-19.392654152223,-77.7220113139632));
#8126=CARTESIAN_POINT('Ctrl Pts',(-18.3266202821614,-19.392654152223,-77.7220113139632));
#8127=CARTESIAN_POINT('Ctrl Pts',(-17.9998334071614,-19.339711027223,-77.7220113139632));
#8128=CARTESIAN_POINT('Ctrl Pts',(-17.8373527821614,-19.180881652223,-77.7220113139632));
#8129=CARTESIAN_POINT('Ctrl Pts',(-17.7679790321614,-18.841315402223,-77.7220113139632));
#8130=CARTESIAN_POINT('',(-18.3266202821614,-19.392654152223,-78.0220113139632));
#8131=CARTESIAN_POINT('',(-18.3266202821614,-19.392654152223,-77.7220113139632));
#8132=CARTESIAN_POINT('Ctrl Pts',(-18.3266202821614,-19.392654152223,-78.0220113139632));
#8133=CARTESIAN_POINT('Ctrl Pts',(-17.9998334071614,-19.339711027223,-78.0220113139632));
#8134=CARTESIAN_POINT('Ctrl Pts',(-17.8373527821614,-19.180881652223,-78.0220113139632));
#8135=CARTESIAN_POINT('Ctrl Pts',(-17.7679790321614,-18.841315402223,-78.0220113139632));
#8136=CARTESIAN_POINT('Ctrl Pts',(-21.0157659071614,-19.385351652223,-77.7220113139632));
#8137=CARTESIAN_POINT('Ctrl Pts',(-21.0157659071614,-19.385351652223,-78.0220113139632));
#8138=CARTESIAN_POINT('Ctrl Pts',(-20.8368546571614,-19.418212902223,-77.7220113139632));
#8139=CARTESIAN_POINT('Ctrl Pts',(-20.8368546571614,-19.418212902223,-78.0220113139632));
#8140=CARTESIAN_POINT('Ctrl Pts',(-18.5183109071614,-19.423689777223,-77.7220113139632));
#8141=CARTESIAN_POINT('Ctrl Pts',(-18.5183109071614,-19.423689777223,-78.0220113139632));
#8142=CARTESIAN_POINT('Ctrl Pts',(-18.3266202821614,-19.392654152223,-77.7220113139632));
#8143=CARTESIAN_POINT('Ctrl Pts',(-18.3266202821614,-19.392654152223,-78.0220113139632));
#8144=CARTESIAN_POINT('',(-21.0157659071614,-19.385351652223,-77.7220113139632));
#8145=CARTESIAN_POINT('Ctrl Pts',(-21.0157659071614,-19.385351652223,-77.7220113139632));
#8146=CARTESIAN_POINT('Ctrl Pts',(-20.8368546571614,-19.418212902223,-77.7220113139632));
#8147=CARTESIAN_POINT('Ctrl Pts',(-18.5183109071614,-19.423689777223,-77.7220113139632));
#8148=CARTESIAN_POINT('Ctrl Pts',(-18.3266202821614,-19.392654152223,-77.7220113139632));
#8149=CARTESIAN_POINT('',(-21.0157659071614,-19.385351652223,-78.0220113139632));
#8150=CARTESIAN_POINT('',(-21.0157659071614,-19.385351652223,-77.7220113139632));
#8151=CARTESIAN_POINT('Ctrl Pts',(-21.0157659071614,-19.385351652223,-78.0220113139632));
#8152=CARTESIAN_POINT('Ctrl Pts',(-20.8368546571614,-19.418212902223,-78.0220113139632));
#8153=CARTESIAN_POINT('Ctrl Pts',(-18.5183109071614,-19.423689777223,-78.0220113139632));
#8154=CARTESIAN_POINT('Ctrl Pts',(-18.3266202821614,-19.392654152223,-78.0220113139632));
#8155=CARTESIAN_POINT('Ctrl Pts',(-21.5561509071614,-18.766464777223,-77.7220113139632));
#8156=CARTESIAN_POINT('Ctrl Pts',(-21.5561509071614,-18.766464777223,-78.0220113139632));
#8157=CARTESIAN_POINT('Ctrl Pts',(-21.5032077821614,-19.144369152223,-77.7220113139632));
#8158=CARTESIAN_POINT('Ctrl Pts',(-21.5032077821614,-19.144369152223,-78.0220113139632));
#8159=CARTESIAN_POINT('Ctrl Pts',(-21.3443784071614,-19.326931652223,-77.7220113139632));
#8160=CARTESIAN_POINT('Ctrl Pts',(-21.3443784071614,-19.326931652223,-78.0220113139632));
#8161=CARTESIAN_POINT('Ctrl Pts',(-21.0157659071614,-19.385351652223,-77.7220113139632));
#8162=CARTESIAN_POINT('Ctrl Pts',(-21.0157659071614,-19.385351652223,-78.0220113139632));
#8163=CARTESIAN_POINT('',(-21.5561509071614,-18.766464777223,-77.7220113139632));
#8164=CARTESIAN_POINT('Ctrl Pts',(-21.5561509071614,-18.766464777223,-77.7220113139632));
#8165=CARTESIAN_POINT('Ctrl Pts',(-21.5032077821614,-19.144369152223,-77.7220113139632));
#8166=CARTESIAN_POINT('Ctrl Pts',(-21.3443784071614,-19.326931652223,-77.7220113139632));
#8167=CARTESIAN_POINT('Ctrl Pts',(-21.0157659071614,-19.385351652223,-77.7220113139632));
#8168=CARTESIAN_POINT('',(-21.5561509071614,-18.766464777223,-78.0220113139632));
#8169=CARTESIAN_POINT('',(-21.5561509071614,-18.766464777223,-77.7220113139632));
#8170=CARTESIAN_POINT('Ctrl Pts',(-21.5561509071614,-18.766464777223,-78.0220113139632));
#8171=CARTESIAN_POINT('Ctrl Pts',(-21.5032077821614,-19.144369152223,-78.0220113139632));
#8172=CARTESIAN_POINT('Ctrl Pts',(-21.3443784071614,-19.326931652223,-78.0220113139632));
#8173=CARTESIAN_POINT('Ctrl Pts',(-21.0157659071614,-19.385351652223,-78.0220113139632));
#8174=CARTESIAN_POINT('Ctrl Pts',(-21.5488484071614,-16.834953527223,-77.7220113139632));
#8175=CARTESIAN_POINT('Ctrl Pts',(-21.5488484071614,-16.834953527223,-78.0220113139632));
#8176=CARTESIAN_POINT('Ctrl Pts',(-21.5817096571614,-17.024818527223,-77.7220113139632));
#8177=CARTESIAN_POINT('Ctrl Pts',(-21.5817096571614,-17.024818527223,-78.0220113139632));
#8178=CARTESIAN_POINT('Ctrl Pts',(-21.5890121571614,-18.538261652223,-77.7220113139632));
#8179=CARTESIAN_POINT('Ctrl Pts',(-21.5890121571614,-18.538261652223,-78.0220113139632));
#8180=CARTESIAN_POINT('Ctrl Pts',(-21.5561509071614,-18.766464777223,-77.7220113139632));
#8181=CARTESIAN_POINT('Ctrl Pts',(-21.5561509071614,-18.766464777223,-78.0220113139632));
#8182=CARTESIAN_POINT('',(-21.5488484071614,-16.834953527223,-77.7220113139632));
#8183=CARTESIAN_POINT('Ctrl Pts',(-21.5488484071614,-16.834953527223,-77.7220113139632));
#8184=CARTESIAN_POINT('Ctrl Pts',(-21.5817096571614,-17.024818527223,-77.7220113139632));
#8185=CARTESIAN_POINT('Ctrl Pts',(-21.5890121571614,-18.538261652223,-77.7220113139632));
#8186=CARTESIAN_POINT('Ctrl Pts',(-21.5561509071614,-18.766464777223,-77.7220113139632));
#8187=CARTESIAN_POINT('',(-21.5488484071614,-16.834953527223,-78.0220113139632));
#8188=CARTESIAN_POINT('',(-21.5488484071614,-16.834953527223,-77.7220113139632));
#8189=CARTESIAN_POINT('Ctrl Pts',(-21.5488484071614,-16.834953527223,-78.0220113139632));
#8190=CARTESIAN_POINT('Ctrl Pts',(-21.5817096571614,-17.024818527223,-78.0220113139632));
#8191=CARTESIAN_POINT('Ctrl Pts',(-21.5890121571614,-18.538261652223,-78.0220113139632));
#8192=CARTESIAN_POINT('Ctrl Pts',(-21.5561509071614,-18.766464777223,-78.0220113139632));
#8193=CARTESIAN_POINT('Ctrl Pts',(-20.8733671571614,-16.236148527223,-77.7220113139632));
#8194=CARTESIAN_POINT('Ctrl Pts',(-20.8733671571614,-16.236148527223,-78.0220113139632));
#8195=CARTESIAN_POINT('Ctrl Pts',(-21.3042146571614,-16.276312277223,-77.7220113139632));
#8196=CARTESIAN_POINT('Ctrl Pts',(-21.3042146571614,-16.276312277223,-78.0220113139632));
#8197=CARTESIAN_POINT('Ctrl Pts',(-21.4776490321614,-16.429664777223,-77.7220113139632));
#8198=CARTESIAN_POINT('Ctrl Pts',(-21.4776490321614,-16.429664777223,-78.0220113139632));
#8199=CARTESIAN_POINT('Ctrl Pts',(-21.5488484071614,-16.834953527223,-77.7220113139632));
#8200=CARTESIAN_POINT('Ctrl Pts',(-21.5488484071614,-16.834953527223,-78.0220113139632));
#8201=CARTESIAN_POINT('Ctrl Pts',(-20.8733671571614,-16.236148527223,-77.7220113139632));
#8202=CARTESIAN_POINT('Ctrl Pts',(-21.3042146571614,-16.276312277223,-77.7220113139632));
#8203=CARTESIAN_POINT('Ctrl Pts',(-21.4776490321614,-16.429664777223,-77.7220113139632));
#8204=CARTESIAN_POINT('Ctrl Pts',(-21.5488484071614,-16.834953527223,-77.7220113139632));
#8205=CARTESIAN_POINT('Ctrl Pts',(-20.8733671571614,-16.236148527223,-78.0220113139632));
#8206=CARTESIAN_POINT('Ctrl Pts',(-21.3042146571614,-16.276312277223,-78.0220113139632));
#8207=CARTESIAN_POINT('Ctrl Pts',(-21.4776490321614,-16.429664777223,-78.0220113139632));
#8208=CARTESIAN_POINT('Ctrl Pts',(-21.5488484071614,-16.834953527223,-78.0220113139632));
#8209=CARTESIAN_POINT('Ctrl Pts',(-22.5127784071614,-16.190507902223,-77.7220113139632));
#8210=CARTESIAN_POINT('Ctrl Pts',(-22.5127784071614,-16.190507902223,-78.0220113139632));
#8211=CARTESIAN_POINT('Ctrl Pts',(-22.3101340321614,-15.544236652223,-77.7220113139632));
#8212=CARTESIAN_POINT('Ctrl Pts',(-22.3101340321614,-15.544236652223,-78.0220113139632));
#8213=CARTESIAN_POINT('Ctrl Pts',(-21.8372971571614,-15.230229152223,-77.7220113139632));
#8214=CARTESIAN_POINT('Ctrl Pts',(-21.8372971571614,-15.230229152223,-78.0220113139632));
#8215=CARTESIAN_POINT('Ctrl Pts',(-20.9829046571614,-15.169983527223,-77.7220113139632));
#8216=CARTESIAN_POINT('Ctrl Pts',(-20.9829046571614,-15.169983527223,-78.0220113139632));
#8217=CARTESIAN_POINT('',(-22.5127784071614,-16.190507902223,-77.7220113139632));
#8218=CARTESIAN_POINT('',(-20.9829046571614,-15.169983527223,-77.7220113139632));
#8219=CARTESIAN_POINT('Ctrl Pts',(-22.5127784071614,-16.190507902223,-77.7220113139632));
#8220=CARTESIAN_POINT('Ctrl Pts',(-22.3101340321614,-15.544236652223,-77.7220113139632));
#8221=CARTESIAN_POINT('Ctrl Pts',(-21.8372971571614,-15.230229152223,-77.7220113139632));
#8222=CARTESIAN_POINT('Ctrl Pts',(-20.9829046571614,-15.169983527223,-77.7220113139632));
#8223=CARTESIAN_POINT('',(-22.5127784071614,-16.190507902223,-78.0220113139632));
#8224=CARTESIAN_POINT('',(-22.5127784071614,-16.190507902223,-77.7220113139632));
#8225=CARTESIAN_POINT('',(-20.9829046571614,-15.169983527223,-78.0220113139632));
#8226=CARTESIAN_POINT('Ctrl Pts',(-22.5127784071614,-16.190507902223,-78.0220113139632));
#8227=CARTESIAN_POINT('Ctrl Pts',(-22.3101340321614,-15.544236652223,-78.0220113139632));
#8228=CARTESIAN_POINT('Ctrl Pts',(-21.8372971571614,-15.230229152223,-78.0220113139632));
#8229=CARTESIAN_POINT('Ctrl Pts',(-20.9829046571614,-15.169983527223,-78.0220113139632));
#8230=CARTESIAN_POINT('',(-20.9829046571614,-15.169983527223,-77.7220113139632));
#8231=CARTESIAN_POINT('Ctrl Pts',(-22.6259671571614,-17.833570402223,-77.7220113139632));
#8232=CARTESIAN_POINT('Ctrl Pts',(-22.6259671571614,-17.833570402223,-78.0220113139632));
#8233=CARTESIAN_POINT('Ctrl Pts',(-22.6259671571614,-16.617704152223,-77.7220113139632));
#8234=CARTESIAN_POINT('Ctrl Pts',(-22.6259671571614,-16.617704152223,-78.0220113139632));
#8235=CARTESIAN_POINT('Ctrl Pts',(-22.6204902821614,-16.531899777223,-77.7220113139632));
#8236=CARTESIAN_POINT('Ctrl Pts',(-22.6204902821614,-16.531899777223,-78.0220113139632));
#8237=CARTESIAN_POINT('Ctrl Pts',(-22.5127784071614,-16.190507902223,-77.7220113139632));
#8238=CARTESIAN_POINT('Ctrl Pts',(-22.5127784071614,-16.190507902223,-78.0220113139632));
#8239=CARTESIAN_POINT('',(-22.6259671571614,-17.833570402223,-77.7220113139632));
#8240=CARTESIAN_POINT('Ctrl Pts',(-22.6259671571614,-17.833570402223,-77.7220113139632));
#8241=CARTESIAN_POINT('Ctrl Pts',(-22.6259671571614,-16.617704152223,-77.7220113139632));
#8242=CARTESIAN_POINT('Ctrl Pts',(-22.6204902821614,-16.531899777223,-77.7220113139632));
#8243=CARTESIAN_POINT('Ctrl Pts',(-22.5127784071614,-16.190507902223,-77.7220113139632));
#8244=CARTESIAN_POINT('',(-22.6259671571614,-17.833570402223,-78.0220113139632));
#8245=CARTESIAN_POINT('',(-22.6259671571614,-17.833570402223,-77.7220113139632));
#8246=CARTESIAN_POINT('Ctrl Pts',(-22.6259671571614,-17.833570402223,-78.0220113139632));
#8247=CARTESIAN_POINT('Ctrl Pts',(-22.6259671571614,-16.617704152223,-78.0220113139632));
#8248=CARTESIAN_POINT('Ctrl Pts',(-22.6204902821614,-16.531899777223,-78.0220113139632));
#8249=CARTESIAN_POINT('Ctrl Pts',(-22.5127784071614,-16.190507902223,-78.0220113139632));
#8250=CARTESIAN_POINT('Ctrl Pts',(-22.5237321571614,-19.421864152223,-77.7220113139632));
#8251=CARTESIAN_POINT('Ctrl Pts',(-22.5237321571614,-19.421864152223,-78.0220113139632));
#8252=CARTESIAN_POINT('Ctrl Pts',(-22.6223159071614,-19.085949152223,-77.7220113139632));
#8253=CARTESIAN_POINT('Ctrl Pts',(-22.6223159071614,-19.085949152223,-78.0220113139632));
#8254=CARTESIAN_POINT('Ctrl Pts',(-22.6259671571614,-19.031180402223,-77.7220113139632));
#8255=CARTESIAN_POINT('Ctrl Pts',(-22.6259671571614,-19.031180402223,-78.0220113139632));
#8256=CARTESIAN_POINT('Ctrl Pts',(-22.6259671571614,-17.833570402223,-77.7220113139632));
#8257=CARTESIAN_POINT('Ctrl Pts',(-22.6259671571614,-17.833570402223,-78.0220113139632));
#8258=CARTESIAN_POINT('',(-22.5237321571614,-19.421864152223,-77.7220113139632));
#8259=CARTESIAN_POINT('Ctrl Pts',(-22.5237321571614,-19.421864152223,-77.7220113139632));
#8260=CARTESIAN_POINT('Ctrl Pts',(-22.6223159071614,-19.085949152223,-77.7220113139632));
#8261=CARTESIAN_POINT('Ctrl Pts',(-22.6259671571614,-19.031180402223,-77.7220113139632));
#8262=CARTESIAN_POINT('Ctrl Pts',(-22.6259671571614,-17.833570402223,-77.7220113139632));
#8263=CARTESIAN_POINT('',(-22.5237321571614,-19.421864152223,-78.0220113139632));
#8264=CARTESIAN_POINT('',(-22.5237321571614,-19.421864152223,-77.7220113139632));
#8265=CARTESIAN_POINT('Ctrl Pts',(-22.5237321571614,-19.421864152223,-78.0220113139632));
#8266=CARTESIAN_POINT('Ctrl Pts',(-22.6223159071614,-19.085949152223,-78.0220113139632));
#8267=CARTESIAN_POINT('Ctrl Pts',(-22.6259671571614,-19.031180402223,-78.0220113139632));
#8268=CARTESIAN_POINT('Ctrl Pts',(-22.6259671571614,-17.833570402223,-78.0220113139632));
#8269=CARTESIAN_POINT('Ctrl Pts',(-21.5159871571614,-20.389445402223,-77.7220113139632));
#8270=CARTESIAN_POINT('Ctrl Pts',(-21.5159871571614,-20.389445402223,-78.0220113139632));
#8271=CARTESIAN_POINT('Ctrl Pts',(-22.0490696571614,-20.254349152223,-77.7220113139632));
#8272=CARTESIAN_POINT('Ctrl Pts',(-22.0490696571614,-20.254349152223,-78.0220113139632));
#8273=CARTESIAN_POINT('Ctrl Pts',(-22.3667284071614,-19.949469777223,-77.7220113139632));
#8274=CARTESIAN_POINT('Ctrl Pts',(-22.3667284071614,-19.949469777223,-78.0220113139632));
#8275=CARTESIAN_POINT('Ctrl Pts',(-22.5237321571614,-19.421864152223,-77.7220113139632));
#8276=CARTESIAN_POINT('Ctrl Pts',(-22.5237321571614,-19.421864152223,-78.0220113139632));
#8277=CARTESIAN_POINT('',(-21.5159871571614,-20.389445402223,-77.7220113139632));
#8278=CARTESIAN_POINT('Ctrl Pts',(-21.5159871571614,-20.389445402223,-77.7220113139632));
#8279=CARTESIAN_POINT('Ctrl Pts',(-22.0490696571614,-20.254349152223,-77.7220113139632));
#8280=CARTESIAN_POINT('Ctrl Pts',(-22.3667284071614,-19.949469777223,-77.7220113139632));
#8281=CARTESIAN_POINT('Ctrl Pts',(-22.5237321571614,-19.421864152223,-77.7220113139632));
#8282=CARTESIAN_POINT('',(-21.5159871571614,-20.389445402223,-78.0220113139632));
#8283=CARTESIAN_POINT('',(-21.5159871571614,-20.389445402223,-77.7220113139632));
#8284=CARTESIAN_POINT('Ctrl Pts',(-21.5159871571614,-20.389445402223,-78.0220113139632));
#8285=CARTESIAN_POINT('Ctrl Pts',(-22.0490696571614,-20.254349152223,-78.0220113139632));
#8286=CARTESIAN_POINT('Ctrl Pts',(-22.3667284071614,-19.949469777223,-78.0220113139632));
#8287=CARTESIAN_POINT('Ctrl Pts',(-22.5237321571614,-19.421864152223,-78.0220113139632));
#8288=CARTESIAN_POINT('Ctrl Pts',(-19.5224046571614,-20.466121652223,-77.7220113139632));
#8289=CARTESIAN_POINT('Ctrl Pts',(-19.5224046571614,-20.466121652223,-78.0220113139632));
#8290=CARTESIAN_POINT('Ctrl Pts',(-21.0431502821614,-20.475249777223,-77.7220113139632));
#8291=CARTESIAN_POINT('Ctrl Pts',(-21.0431502821614,-20.475249777223,-78.0220113139632));
#8292=CARTESIAN_POINT('Ctrl Pts',(-21.2019796571614,-20.467947277223,-77.7220113139632));
#8293=CARTESIAN_POINT('Ctrl Pts',(-21.2019796571614,-20.467947277223,-78.0220113139632));
#8294=CARTESIAN_POINT('Ctrl Pts',(-21.5159871571614,-20.389445402223,-77.7220113139632));
#8295=CARTESIAN_POINT('Ctrl Pts',(-21.5159871571614,-20.389445402223,-78.0220113139632));
#8296=CARTESIAN_POINT('',(-19.5224046571614,-20.466121652223,-77.7220113139632));
#8297=CARTESIAN_POINT('Ctrl Pts',(-19.5224046571614,-20.466121652223,-77.7220113139632));
#8298=CARTESIAN_POINT('Ctrl Pts',(-21.0431502821614,-20.475249777223,-77.7220113139632));
#8299=CARTESIAN_POINT('Ctrl Pts',(-21.2019796571614,-20.467947277223,-77.7220113139632));
#8300=CARTESIAN_POINT('Ctrl Pts',(-21.5159871571614,-20.389445402223,-77.7220113139632));
#8301=CARTESIAN_POINT('',(-19.5224046571614,-20.466121652223,-78.0220113139632));
#8302=CARTESIAN_POINT('',(-19.5224046571614,-20.466121652223,-77.7220113139632));
#8303=CARTESIAN_POINT('Ctrl Pts',(-19.5224046571614,-20.466121652223,-78.0220113139632));
#8304=CARTESIAN_POINT('Ctrl Pts',(-21.0431502821614,-20.475249777223,-78.0220113139632));
#8305=CARTESIAN_POINT('Ctrl Pts',(-21.2019796571614,-20.467947277223,-78.0220113139632));
#8306=CARTESIAN_POINT('Ctrl Pts',(-21.5159871571614,-20.389445402223,-78.0220113139632));
#8307=CARTESIAN_POINT('Ctrl Pts',(-17.9231571571614,-20.422306652223,-77.7220113139632));
#8308=CARTESIAN_POINT('Ctrl Pts',(-17.9231571571614,-20.422306652223,-78.0220113139632));
#8309=CARTESIAN_POINT('Ctrl Pts',(-18.0911146571614,-20.458819152223,-77.7220113139632));
#8310=CARTESIAN_POINT('Ctrl Pts',(-18.0911146571614,-20.458819152223,-78.0220113139632));
#8311=CARTESIAN_POINT('Ctrl Pts',(-18.1604884071614,-20.460644777223,-77.7220113139632));
#8312=CARTESIAN_POINT('Ctrl Pts',(-18.1604884071614,-20.460644777223,-78.0220113139632));
#8313=CARTESIAN_POINT('Ctrl Pts',(-19.5224046571614,-20.466121652223,-77.7220113139632));
#8314=CARTESIAN_POINT('Ctrl Pts',(-19.5224046571614,-20.466121652223,-78.0220113139632));
#8315=CARTESIAN_POINT('',(-17.9231571571614,-20.422306652223,-77.7220113139632));
#8316=CARTESIAN_POINT('Ctrl Pts',(-17.9231571571614,-20.422306652223,-77.7220113139632));
#8317=CARTESIAN_POINT('Ctrl Pts',(-18.0911146571614,-20.458819152223,-77.7220113139632));
#8318=CARTESIAN_POINT('Ctrl Pts',(-18.1604884071614,-20.460644777223,-77.7220113139632));
#8319=CARTESIAN_POINT('Ctrl Pts',(-19.5224046571614,-20.466121652223,-77.7220113139632));
#8320=CARTESIAN_POINT('',(-17.9231571571614,-20.422306652223,-78.0220113139632));
#8321=CARTESIAN_POINT('',(-17.9231571571614,-20.422306652223,-77.7220113139632));
#8322=CARTESIAN_POINT('Ctrl Pts',(-17.9231571571614,-20.422306652223,-78.0220113139632));
#8323=CARTESIAN_POINT('Ctrl Pts',(-18.0911146571614,-20.458819152223,-78.0220113139632));
#8324=CARTESIAN_POINT('Ctrl Pts',(-18.1604884071614,-20.460644777223,-78.0220113139632));
#8325=CARTESIAN_POINT('Ctrl Pts',(-19.5224046571614,-20.466121652223,-78.0220113139632));
#8326=CARTESIAN_POINT('Ctrl Pts',(-17.1071027821614,-20.007889777223,-77.7220113139632));
#8327=CARTESIAN_POINT('Ctrl Pts',(-17.1071027821614,-20.007889777223,-78.0220113139632));
#8328=CARTESIAN_POINT('Ctrl Pts',(-17.3152240321614,-20.225139152223,-77.7220113139632));
#8329=CARTESIAN_POINT('Ctrl Pts',(-17.3152240321614,-20.225139152223,-78.0220113139632));
#8330=CARTESIAN_POINT('Ctrl Pts',(-17.5324734071614,-20.336502277223,-77.7220113139632));
#8331=CARTESIAN_POINT('Ctrl Pts',(-17.5324734071614,-20.336502277223,-78.0220113139632));
#8332=CARTESIAN_POINT('Ctrl Pts',(-17.9231571571614,-20.422306652223,-77.7220113139632));
#8333=CARTESIAN_POINT('Ctrl Pts',(-17.9231571571614,-20.422306652223,-78.0220113139632));
#8334=CARTESIAN_POINT('',(-17.1071027821614,-20.007889777223,-77.7220113139632));
#8335=CARTESIAN_POINT('Ctrl Pts',(-17.1071027821614,-20.007889777223,-77.7220113139632));
#8336=CARTESIAN_POINT('Ctrl Pts',(-17.3152240321614,-20.225139152223,-77.7220113139632));
#8337=CARTESIAN_POINT('Ctrl Pts',(-17.5324734071614,-20.336502277223,-77.7220113139632));
#8338=CARTESIAN_POINT('Ctrl Pts',(-17.9231571571614,-20.422306652223,-77.7220113139632));
#8339=CARTESIAN_POINT('',(-17.1071027821614,-20.007889777223,-78.0220113139632));
#8340=CARTESIAN_POINT('',(-17.1071027821614,-20.007889777223,-77.7220113139632));
#8341=CARTESIAN_POINT('Ctrl Pts',(-17.1071027821614,-20.007889777223,-78.0220113139632));
#8342=CARTESIAN_POINT('Ctrl Pts',(-17.3152240321614,-20.225139152223,-78.0220113139632));
#8343=CARTESIAN_POINT('Ctrl Pts',(-17.5324734071614,-20.336502277223,-78.0220113139632));
#8344=CARTESIAN_POINT('Ctrl Pts',(-17.9231571571614,-20.422306652223,-78.0220113139632));
#8345=CARTESIAN_POINT('Ctrl Pts',(-16.7109421571614,-19.033006027223,-77.7220113139632));
#8346=CARTESIAN_POINT('Ctrl Pts',(-16.7109421571614,-19.033006027223,-78.0220113139632));
#8347=CARTESIAN_POINT('Ctrl Pts',(-16.7693621571614,-19.478458527223,-77.7220113139632));
#8348=CARTESIAN_POINT('Ctrl Pts',(-16.7693621571614,-19.478458527223,-78.0220113139632));
#8349=CARTESIAN_POINT('Ctrl Pts',(-16.8935046571614,-19.783337902223,-77.7220113139632));
#8350=CARTESIAN_POINT('Ctrl Pts',(-16.8935046571614,-19.783337902223,-78.0220113139632));
#8351=CARTESIAN_POINT('Ctrl Pts',(-17.1071027821614,-20.007889777223,-77.7220113139632));
#8352=CARTESIAN_POINT('Ctrl Pts',(-17.1071027821614,-20.007889777223,-78.0220113139632));
#8353=CARTESIAN_POINT('',(-16.7109421571614,-19.033006027223,-77.7220113139632));
#8354=CARTESIAN_POINT('Ctrl Pts',(-16.7109421571614,-19.033006027223,-77.7220113139632));
#8355=CARTESIAN_POINT('Ctrl Pts',(-16.7693621571614,-19.478458527223,-77.7220113139632));
#8356=CARTESIAN_POINT('Ctrl Pts',(-16.8935046571614,-19.783337902223,-77.7220113139632));
#8357=CARTESIAN_POINT('Ctrl Pts',(-17.1071027821614,-20.007889777223,-77.7220113139632));
#8358=CARTESIAN_POINT('',(-16.7109421571614,-19.033006027223,-78.0220113139632));
#8359=CARTESIAN_POINT('',(-16.7109421571614,-19.033006027223,-77.7220113139632));
#8360=CARTESIAN_POINT('Ctrl Pts',(-16.7109421571614,-19.033006027223,-78.0220113139632));
#8361=CARTESIAN_POINT('Ctrl Pts',(-16.7693621571614,-19.478458527223,-78.0220113139632));
#8362=CARTESIAN_POINT('Ctrl Pts',(-16.8935046571614,-19.783337902223,-78.0220113139632));
#8363=CARTESIAN_POINT('Ctrl Pts',(-17.1071027821614,-20.007889777223,-78.0220113139632));
#8364=CARTESIAN_POINT('Ctrl Pts',(-16.7109421571614,-16.615878527223,-77.7220113139632));
#8365=CARTESIAN_POINT('Ctrl Pts',(-16.7109421571614,-16.615878527223,-78.0220113139632));
#8366=CARTESIAN_POINT('Ctrl Pts',(-16.6726040321614,-16.907978527223,-77.7220113139632));
#8367=CARTESIAN_POINT('Ctrl Pts',(-16.6726040321614,-16.907978527223,-78.0220113139632));
#8368=CARTESIAN_POINT('Ctrl Pts',(-16.6726040321614,-18.746382902223,-77.7220113139632));
#8369=CARTESIAN_POINT('Ctrl Pts',(-16.6726040321614,-18.746382902223,-78.0220113139632));
#8370=CARTESIAN_POINT('Ctrl Pts',(-16.7109421571614,-19.033006027223,-77.7220113139632));
#8371=CARTESIAN_POINT('Ctrl Pts',(-16.7109421571614,-19.033006027223,-78.0220113139632));
#8372=CARTESIAN_POINT('',(-16.7109421571614,-16.615878527223,-77.7220113139632));
#8373=CARTESIAN_POINT('Ctrl Pts',(-16.7109421571614,-16.615878527223,-77.7220113139632));
#8374=CARTESIAN_POINT('Ctrl Pts',(-16.6726040321614,-16.907978527223,-77.7220113139632));
#8375=CARTESIAN_POINT('Ctrl Pts',(-16.6726040321614,-18.746382902223,-77.7220113139632));
#8376=CARTESIAN_POINT('Ctrl Pts',(-16.7109421571614,-19.033006027223,-77.7220113139632));
#8377=CARTESIAN_POINT('',(-16.7109421571614,-16.615878527223,-78.0220113139632));
#8378=CARTESIAN_POINT('',(-16.7109421571614,-16.615878527223,-77.7220113139632));
#8379=CARTESIAN_POINT('Ctrl Pts',(-16.7109421571614,-16.615878527223,-78.0220113139632));
#8380=CARTESIAN_POINT('Ctrl Pts',(-16.6726040321614,-16.907978527223,-78.0220113139632));
#8381=CARTESIAN_POINT('Ctrl Pts',(-16.6726040321614,-18.746382902223,-78.0220113139632));
#8382=CARTESIAN_POINT('Ctrl Pts',(-16.7109421571614,-19.033006027223,-78.0220113139632));
#8383=CARTESIAN_POINT('Ctrl Pts',(-16.8971559071614,-15.944048527223,-77.7220113139632));
#8384=CARTESIAN_POINT('Ctrl Pts',(-16.8971559071614,-15.944048527223,-78.0220113139632));
#8385=CARTESIAN_POINT('Ctrl Pts',(-16.7985721571614,-16.146692902223,-77.7220113139632));
#8386=CARTESIAN_POINT('Ctrl Pts',(-16.7985721571614,-16.146692902223,-78.0220113139632));
#8387=CARTESIAN_POINT('Ctrl Pts',(-16.7474546571614,-16.331081027223,-77.7220113139632));
#8388=CARTESIAN_POINT('Ctrl Pts',(-16.7474546571614,-16.331081027223,-78.0220113139632));
#8389=CARTESIAN_POINT('Ctrl Pts',(-16.7109421571614,-16.615878527223,-77.7220113139632));
#8390=CARTESIAN_POINT('Ctrl Pts',(-16.7109421571614,-16.615878527223,-78.0220113139632));
#8391=CARTESIAN_POINT('',(-16.8971559071614,-15.944048527223,-77.7220113139632));
#8392=CARTESIAN_POINT('Ctrl Pts',(-16.8971559071614,-15.944048527223,-77.7220113139632));
#8393=CARTESIAN_POINT('Ctrl Pts',(-16.7985721571614,-16.146692902223,-77.7220113139632));
#8394=CARTESIAN_POINT('Ctrl Pts',(-16.7474546571614,-16.331081027223,-77.7220113139632));
#8395=CARTESIAN_POINT('Ctrl Pts',(-16.7109421571614,-16.615878527223,-77.7220113139632));
#8396=CARTESIAN_POINT('',(-16.8971559071614,-15.944048527223,-78.0220113139632));
#8397=CARTESIAN_POINT('',(-16.8971559071614,-15.944048527223,-77.7220113139632));
#8398=CARTESIAN_POINT('Ctrl Pts',(-16.8971559071614,-15.944048527223,-78.0220113139632));
#8399=CARTESIAN_POINT('Ctrl Pts',(-16.7985721571614,-16.146692902223,-78.0220113139632));
#8400=CARTESIAN_POINT('Ctrl Pts',(-16.7474546571614,-16.331081027223,-78.0220113139632));
#8401=CARTESIAN_POINT('Ctrl Pts',(-16.7109421571614,-16.615878527223,-78.0220113139632));
#8402=CARTESIAN_POINT('Ctrl Pts',(-17.1381384071614,-15.615436027223,-77.7220113139632));
#8403=CARTESIAN_POINT('Ctrl Pts',(-17.1381384071614,-15.615436027223,-78.0220113139632));
#8404=CARTESIAN_POINT('Ctrl Pts',(-17.0048677821614,-15.746881027223,-77.7220113139632));
#8405=CARTESIAN_POINT('Ctrl Pts',(-17.0048677821614,-15.746881027223,-78.0220113139632));
#8406=CARTESIAN_POINT('Ctrl Pts',(-16.9683552821614,-15.797998527223,-77.7220113139632));
#8407=CARTESIAN_POINT('Ctrl Pts',(-16.9683552821614,-15.797998527223,-78.0220113139632));
#8408=CARTESIAN_POINT('Ctrl Pts',(-16.8971559071614,-15.944048527223,-77.7220113139632));
#8409=CARTESIAN_POINT('Ctrl Pts',(-16.8971559071614,-15.944048527223,-78.0220113139632));
#8410=CARTESIAN_POINT('',(-17.1381384071614,-15.615436027223,-77.7220113139632));
#8411=CARTESIAN_POINT('Ctrl Pts',(-17.1381384071614,-15.615436027223,-77.7220113139632));
#8412=CARTESIAN_POINT('Ctrl Pts',(-17.0048677821614,-15.746881027223,-77.7220113139632));
#8413=CARTESIAN_POINT('Ctrl Pts',(-16.9683552821614,-15.797998527223,-77.7220113139632));
#8414=CARTESIAN_POINT('Ctrl Pts',(-16.8971559071614,-15.944048527223,-77.7220113139632));
#8415=CARTESIAN_POINT('',(-17.1381384071614,-15.615436027223,-78.0220113139632));
#8416=CARTESIAN_POINT('',(-17.1381384071614,-15.615436027223,-77.7220113139632));
#8417=CARTESIAN_POINT('Ctrl Pts',(-17.1381384071614,-15.615436027223,-78.0220113139632));
#8418=CARTESIAN_POINT('Ctrl Pts',(-17.0048677821614,-15.746881027223,-78.0220113139632));
#8419=CARTESIAN_POINT('Ctrl Pts',(-16.9683552821614,-15.797998527223,-78.0220113139632));
#8420=CARTESIAN_POINT('Ctrl Pts',(-16.8971559071614,-15.944048527223,-78.0220113139632));
#8421=CARTESIAN_POINT('Ctrl Pts',(-17.9888796571614,-15.210147277223,-77.7220113139632));
#8422=CARTESIAN_POINT('Ctrl Pts',(-17.9888796571614,-15.210147277223,-78.0220113139632));
#8423=CARTESIAN_POINT('Ctrl Pts',(-17.5762884071614,-15.288649152223,-77.7220113139632));
#8424=CARTESIAN_POINT('Ctrl Pts',(-17.5762884071614,-15.288649152223,-78.0220113139632));
#8425=CARTESIAN_POINT('Ctrl Pts',(-17.3645159071614,-15.389058527223,-77.7220113139632));
#8426=CARTESIAN_POINT('Ctrl Pts',(-17.3645159071614,-15.389058527223,-78.0220113139632));
#8427=CARTESIAN_POINT('Ctrl Pts',(-17.1381384071614,-15.615436027223,-77.7220113139632));
#8428=CARTESIAN_POINT('Ctrl Pts',(-17.1381384071614,-15.615436027223,-78.0220113139632));
#8429=CARTESIAN_POINT('',(-17.9888796571614,-15.210147277223,-77.7220113139632));
#8430=CARTESIAN_POINT('Ctrl Pts',(-17.9888796571614,-15.210147277223,-77.7220113139632));
#8431=CARTESIAN_POINT('Ctrl Pts',(-17.5762884071614,-15.288649152223,-77.7220113139632));
#8432=CARTESIAN_POINT('Ctrl Pts',(-17.3645159071614,-15.389058527223,-77.7220113139632));
#8433=CARTESIAN_POINT('Ctrl Pts',(-17.1381384071614,-15.615436027223,-77.7220113139632));
#8434=CARTESIAN_POINT('',(-17.9888796571614,-15.210147277223,-78.0220113139632));
#8435=CARTESIAN_POINT('',(-17.9888796571614,-15.210147277223,-77.7220113139632));
#8436=CARTESIAN_POINT('Ctrl Pts',(-17.9888796571614,-15.210147277223,-78.0220113139632));
#8437=CARTESIAN_POINT('Ctrl Pts',(-17.5762884071614,-15.288649152223,-78.0220113139632));
#8438=CARTESIAN_POINT('Ctrl Pts',(-17.3645159071614,-15.389058527223,-78.0220113139632));
#8439=CARTESIAN_POINT('Ctrl Pts',(-17.1381384071614,-15.615436027223,-78.0220113139632));
#8440=CARTESIAN_POINT('Ctrl Pts',(-19.5406609071614,-15.168157902223,-77.7220113139632));
#8441=CARTESIAN_POINT('Ctrl Pts',(-19.5406609071614,-15.168157902223,-78.0220113139632));
#8442=CARTESIAN_POINT('Ctrl Pts',(-18.2554209071614,-15.171809152223,-77.7220113139632));
#8443=CARTESIAN_POINT('Ctrl Pts',(-18.2554209071614,-15.171809152223,-78.0220113139632));
#8444=CARTESIAN_POINT('Ctrl Pts',(-18.1805702821614,-15.173634777223,-77.7220113139632));
#8445=CARTESIAN_POINT('Ctrl Pts',(-18.1805702821614,-15.173634777223,-78.0220113139632));
#8446=CARTESIAN_POINT('Ctrl Pts',(-17.9888796571614,-15.210147277223,-77.7220113139632));
#8447=CARTESIAN_POINT('Ctrl Pts',(-17.9888796571614,-15.210147277223,-78.0220113139632));
#8448=CARTESIAN_POINT('',(-19.5406609071614,-15.168157902223,-77.7220113139632));
#8449=CARTESIAN_POINT('Ctrl Pts',(-19.5406609071614,-15.168157902223,-77.7220113139632));
#8450=CARTESIAN_POINT('Ctrl Pts',(-18.2554209071614,-15.171809152223,-77.7220113139632));
#8451=CARTESIAN_POINT('Ctrl Pts',(-18.1805702821614,-15.173634777223,-77.7220113139632));
#8452=CARTESIAN_POINT('Ctrl Pts',(-17.9888796571614,-15.210147277223,-77.7220113139632));
#8453=CARTESIAN_POINT('',(-19.5406609071614,-15.168157902223,-78.0220113139632));
#8454=CARTESIAN_POINT('',(-19.5406609071614,-15.168157902223,-77.7220113139632));
#8455=CARTESIAN_POINT('Ctrl Pts',(-19.5406609071614,-15.168157902223,-78.0220113139632));
#8456=CARTESIAN_POINT('Ctrl Pts',(-18.2554209071614,-15.171809152223,-78.0220113139632));
#8457=CARTESIAN_POINT('Ctrl Pts',(-18.1805702821614,-15.173634777223,-78.0220113139632));
#8458=CARTESIAN_POINT('Ctrl Pts',(-17.9888796571614,-15.210147277223,-78.0220113139632));
#8459=CARTESIAN_POINT('Ctrl Pts',(-20.9829046571614,-15.169983527223,-77.7220113139632));
#8460=CARTESIAN_POINT('Ctrl Pts',(-20.9829046571614,-15.169983527223,-78.0220113139632));
#8461=CARTESIAN_POINT('Ctrl Pts',(-20.9317871571614,-15.166332277223,-77.7220113139632));
#8462=CARTESIAN_POINT('Ctrl Pts',(-20.9317871571614,-15.166332277223,-78.0220113139632));
#8463=CARTESIAN_POINT('Ctrl Pts',(-20.2836902821614,-15.166332277223,-77.7220113139632));
#8464=CARTESIAN_POINT('Ctrl Pts',(-20.2836902821614,-15.166332277223,-78.0220113139632));
#8465=CARTESIAN_POINT('Ctrl Pts',(-19.5406609071614,-15.168157902223,-77.7220113139632));
#8466=CARTESIAN_POINT('Ctrl Pts',(-19.5406609071614,-15.168157902223,-78.0220113139632));
#8467=CARTESIAN_POINT('Ctrl Pts',(-20.9829046571614,-15.169983527223,-77.7220113139632));
#8468=CARTESIAN_POINT('Ctrl Pts',(-20.9317871571614,-15.166332277223,-77.7220113139632));
#8469=CARTESIAN_POINT('Ctrl Pts',(-20.2836902821614,-15.166332277223,-77.7220113139632));
#8470=CARTESIAN_POINT('Ctrl Pts',(-19.5406609071614,-15.168157902223,-77.7220113139632));
#8471=CARTESIAN_POINT('Ctrl Pts',(-20.9829046571614,-15.169983527223,-78.0220113139632));
#8472=CARTESIAN_POINT('Ctrl Pts',(-20.9317871571614,-15.166332277223,-78.0220113139632));
#8473=CARTESIAN_POINT('Ctrl Pts',(-20.2836902821614,-15.166332277223,-78.0220113139632));
#8474=CARTESIAN_POINT('Ctrl Pts',(-19.5406609071614,-15.168157902223,-78.0220113139632));
#8475=CARTESIAN_POINT('Origin',(-19.6492855946614,-17.820791027223,-78.0220113139632));
#8476=CARTESIAN_POINT('Origin',(-19.3763546571614,-1.78632665222299,-77.7220113139632));
#8477=CARTESIAN_POINT('',(-19.3763546571614,-1.78632665222299,-77.7220113139632));
#8478=CARTESIAN_POINT('',(-19.1846640321614,-1.77537290222299,-77.7220113139632));
#8479=CARTESIAN_POINT('',(-27.6557022700424,-2.25943223010201,-77.7220113139632));
#8480=CARTESIAN_POINT('',(-19.3763546571614,-1.78632665222299,-78.0220113139632));
#8481=CARTESIAN_POINT('',(-19.3763546571614,-1.78632665222299,-77.7220113139632));
#8482=CARTESIAN_POINT('',(-19.1846640321614,-1.77537290222299,-78.0220113139632));
#8483=CARTESIAN_POINT('',(-19.1846640321614,-1.77537290222299,-78.0220113139632));
#8484=CARTESIAN_POINT('',(-19.1846640321614,-1.77537290222299,-77.7220113139632));
#8485=CARTESIAN_POINT('Origin',(-19.2576890321614,-1.80093165222299,-77.7220113139632));
#8486=CARTESIAN_POINT('',(-19.2576890321614,-1.80093165222299,-77.7220113139632));
#8487=CARTESIAN_POINT('',(-25.1637165322591,-1.07403595990333,-77.7220113139632));
#8488=CARTESIAN_POINT('',(-19.2576890321614,-1.80093165222299,-78.0220113139632));
#8489=CARTESIAN_POINT('',(-19.2576890321614,-1.80093165222299,-77.7220113139632));
#8490=CARTESIAN_POINT('',(-19.3763546571614,-1.78632665222299,-78.0220113139632));
#8491=CARTESIAN_POINT('Ctrl Pts',(-17.0395546571614,-2.18248727722298,-77.7220113139632));
#8492=CARTESIAN_POINT('Ctrl Pts',(-17.0395546571614,-2.18248727722298,-78.0220113139632));
#8493=CARTESIAN_POINT('Ctrl Pts',(-17.6785234071614,-2.04739102722299,-77.7220113139632));
#8494=CARTESIAN_POINT('Ctrl Pts',(-17.6785234071614,-2.04739102722299,-78.0220113139632));
#8495=CARTESIAN_POINT('Ctrl Pts',(-18.8140621571614,-1.85204915222299,-77.7220113139632));
#8496=CARTESIAN_POINT('Ctrl Pts',(-18.8140621571614,-1.85204915222299,-78.0220113139632));
#8497=CARTESIAN_POINT('Ctrl Pts',(-19.2576890321614,-1.80093165222299,-77.7220113139632));
#8498=CARTESIAN_POINT('Ctrl Pts',(-19.2576890321614,-1.80093165222299,-78.0220113139632));
#8499=CARTESIAN_POINT('',(-17.0395546571614,-2.18248727722298,-77.7220113139632));
#8500=CARTESIAN_POINT('Ctrl Pts',(-17.0395546571614,-2.18248727722298,-77.7220113139632));
#8501=CARTESIAN_POINT('Ctrl Pts',(-17.6785234071614,-2.04739102722299,-77.7220113139632));
#8502=CARTESIAN_POINT('Ctrl Pts',(-18.8140621571614,-1.85204915222299,-77.7220113139632));
#8503=CARTESIAN_POINT('Ctrl Pts',(-19.2576890321614,-1.80093165222299,-77.7220113139632));
#8504=CARTESIAN_POINT('',(-17.0395546571614,-2.18248727722298,-78.0220113139632));
#8505=CARTESIAN_POINT('',(-17.0395546571614,-2.18248727722298,-77.7220113139632));
#8506=CARTESIAN_POINT('Ctrl Pts',(-17.0395546571614,-2.18248727722298,-78.0220113139632));
#8507=CARTESIAN_POINT('Ctrl Pts',(-17.6785234071614,-2.04739102722299,-78.0220113139632));
#8508=CARTESIAN_POINT('Ctrl Pts',(-18.8140621571614,-1.85204915222299,-78.0220113139632));
#8509=CARTESIAN_POINT('Ctrl Pts',(-19.2576890321614,-1.80093165222299,-78.0220113139632));
#8510=CARTESIAN_POINT('Ctrl Pts',(-13.8994796571614,-3.15554540222299,-77.7220113139632));
#8511=CARTESIAN_POINT('Ctrl Pts',(-13.8994796571614,-3.15554540222299,-78.0220113139632));
#8512=CARTESIAN_POINT('Ctrl Pts',(-14.6589396571614,-2.78311790222299,-77.7220113139632));
#8513=CARTESIAN_POINT('Ctrl Pts',(-14.6589396571614,-2.78311790222299,-78.0220113139632));
#8514=CARTESIAN_POINT('Ctrl Pts',(-15.6630334071614,-2.47093602722299,-77.7220113139632));
#8515=CARTESIAN_POINT('Ctrl Pts',(-15.6630334071614,-2.47093602722299,-78.0220113139632));
#8516=CARTESIAN_POINT('Ctrl Pts',(-17.0395546571614,-2.18248727722298,-77.7220113139632));
#8517=CARTESIAN_POINT('Ctrl Pts',(-17.0395546571614,-2.18248727722298,-78.0220113139632));
#8518=CARTESIAN_POINT('',(-13.8994796571614,-3.15554540222299,-77.7220113139632));
#8519=CARTESIAN_POINT('Ctrl Pts',(-13.8994796571614,-3.15554540222299,-77.7220113139632));
#8520=CARTESIAN_POINT('Ctrl Pts',(-14.6589396571614,-2.78311790222299,-77.7220113139632));
#8521=CARTESIAN_POINT('Ctrl Pts',(-15.6630334071614,-2.47093602722299,-77.7220113139632));
#8522=CARTESIAN_POINT('Ctrl Pts',(-17.0395546571614,-2.18248727722298,-77.7220113139632));
#8523=CARTESIAN_POINT('',(-13.8994796571614,-3.15554540222299,-78.0220113139632));
#8524=CARTESIAN_POINT('',(-13.8994796571614,-3.15554540222299,-77.7220113139632));
#8525=CARTESIAN_POINT('Ctrl Pts',(-13.8994796571614,-3.15554540222299,-78.0220113139632));
#8526=CARTESIAN_POINT('Ctrl Pts',(-14.6589396571614,-2.78311790222299,-78.0220113139632));
#8527=CARTESIAN_POINT('Ctrl Pts',(-15.6630334071614,-2.47093602722299,-78.0220113139632));
#8528=CARTESIAN_POINT('Ctrl Pts',(-17.0395546571614,-2.18248727722298,-78.0220113139632));
#8529=CARTESIAN_POINT('Ctrl Pts',(-12.6799621571614,-4.16694165222299,-77.7220113139632));
#8530=CARTESIAN_POINT('Ctrl Pts',(-12.6799621571614,-4.16694165222299,-78.0220113139632));
#8531=CARTESIAN_POINT('Ctrl Pts',(-12.8661759071614,-3.79268852722299,-77.7220113139632));
#8532=CARTESIAN_POINT('Ctrl Pts',(-12.8661759071614,-3.79268852722299,-78.0220113139632));
#8533=CARTESIAN_POINT('Ctrl Pts',(-13.2477315321614,-3.47502977722299,-77.7220113139632));
#8534=CARTESIAN_POINT('Ctrl Pts',(-13.2477315321614,-3.47502977722299,-78.0220113139632));
#8535=CARTESIAN_POINT('Ctrl Pts',(-13.8994796571614,-3.15554540222299,-77.7220113139632));
#8536=CARTESIAN_POINT('Ctrl Pts',(-13.8994796571614,-3.15554540222299,-78.0220113139632));
#8537=CARTESIAN_POINT('',(-12.6799621571614,-4.16694165222299,-77.7220113139632));
#8538=CARTESIAN_POINT('Ctrl Pts',(-12.6799621571614,-4.16694165222299,-77.7220113139632));
#8539=CARTESIAN_POINT('Ctrl Pts',(-12.8661759071614,-3.79268852722299,-77.7220113139632));
#8540=CARTESIAN_POINT('Ctrl Pts',(-13.2477315321614,-3.47502977722299,-77.7220113139632));
#8541=CARTESIAN_POINT('Ctrl Pts',(-13.8994796571614,-3.15554540222299,-77.7220113139632));
#8542=CARTESIAN_POINT('',(-12.6799621571614,-4.16694165222299,-78.0220113139632));
#8543=CARTESIAN_POINT('',(-12.6799621571614,-4.16694165222299,-77.7220113139632));
#8544=CARTESIAN_POINT('Ctrl Pts',(-12.6799621571614,-4.16694165222299,-78.0220113139632));
#8545=CARTESIAN_POINT('Ctrl Pts',(-12.8661759071614,-3.79268852722299,-78.0220113139632));
#8546=CARTESIAN_POINT('Ctrl Pts',(-13.2477315321614,-3.47502977722299,-78.0220113139632));
#8547=CARTESIAN_POINT('Ctrl Pts',(-13.8994796571614,-3.15554540222299,-78.0220113139632));
#8548=CARTESIAN_POINT('Origin',(-12.6032859071614,-4.32211977722299,-77.7220113139632));
#8549=CARTESIAN_POINT('',(-12.6032859071614,-4.32211977722299,-77.7220113139632));
#8550=CARTESIAN_POINT('',(-10.0286479646191,-9.53269656570163,-77.7220113139632));
#8551=CARTESIAN_POINT('',(-12.6032859071614,-4.32211977722299,-78.0220113139632));
#8552=CARTESIAN_POINT('',(-12.6032859071614,-4.32211977722299,-77.7220113139632));
#8553=CARTESIAN_POINT('',(-12.6799621571614,-4.16694165222299,-78.0220113139632));
#8554=CARTESIAN_POINT('Origin',(-12.6051115321614,-4.54119477722299,-77.7220113139632));
#8555=CARTESIAN_POINT('',(-12.6051115321614,-4.54119477722299,-77.7220113139632));
#8556=CARTESIAN_POINT('',(-12.7040260865607,-16.410941305169,-77.7220113139632));
#8557=CARTESIAN_POINT('',(-12.6051115321614,-4.54119477722299,-78.0220113139632));
#8558=CARTESIAN_POINT('',(-12.6051115321614,-4.54119477722299,-77.7220113139632));
#8559=CARTESIAN_POINT('',(-12.6032859071614,-4.32211977722299,-78.0220113139632));
#8560=CARTESIAN_POINT('Ctrl Pts',(-12.6562290321614,-4.89901727722299,-77.7220113139632));
#8561=CARTESIAN_POINT('Ctrl Pts',(-12.6562290321614,-4.89901727722299,-78.0220113139632));
#8562=CARTESIAN_POINT('Ctrl Pts',(-12.6105884071614,-4.77852602722299,-77.7220113139632));
#8563=CARTESIAN_POINT('Ctrl Pts',(-12.6105884071614,-4.77852602722299,-78.0220113139632));
#8564=CARTESIAN_POINT('Ctrl Pts',(-12.6051115321614,-4.73653665222299,-77.7220113139632));
#8565=CARTESIAN_POINT('Ctrl Pts',(-12.6051115321614,-4.73653665222299,-78.0220113139632));
#8566=CARTESIAN_POINT('Ctrl Pts',(-12.6051115321614,-4.54119477722299,-77.7220113139632));
#8567=CARTESIAN_POINT('Ctrl Pts',(-12.6051115321614,-4.54119477722299,-78.0220113139632));
#8568=CARTESIAN_POINT('',(-12.6562290321614,-4.89901727722299,-77.7220113139632));
#8569=CARTESIAN_POINT('Ctrl Pts',(-12.6562290321614,-4.89901727722299,-77.7220113139632));
#8570=CARTESIAN_POINT('Ctrl Pts',(-12.6105884071614,-4.77852602722299,-77.7220113139632));
#8571=CARTESIAN_POINT('Ctrl Pts',(-12.6051115321614,-4.73653665222299,-77.7220113139632));
#8572=CARTESIAN_POINT('Ctrl Pts',(-12.6051115321614,-4.54119477722299,-77.7220113139632));
#8573=CARTESIAN_POINT('',(-12.6562290321614,-4.89901727722299,-78.0220113139632));
#8574=CARTESIAN_POINT('',(-12.6562290321614,-4.89901727722299,-77.7220113139632));
#8575=CARTESIAN_POINT('Ctrl Pts',(-12.6562290321614,-4.89901727722299,-78.0220113139632));
#8576=CARTESIAN_POINT('Ctrl Pts',(-12.6105884071614,-4.77852602722299,-78.0220113139632));
#8577=CARTESIAN_POINT('Ctrl Pts',(-12.6051115321614,-4.73653665222299,-78.0220113139632));
#8578=CARTESIAN_POINT('Ctrl Pts',(-12.6051115321614,-4.54119477722299,-78.0220113139632));
#8579=CARTESIAN_POINT('Ctrl Pts',(-13.5197496571614,-6.06741727722299,-77.7220113139632));
#8580=CARTESIAN_POINT('Ctrl Pts',(-13.5197496571614,-6.06741727722299,-78.0220113139632));
#8581=CARTESIAN_POINT('Ctrl Pts',(-13.1290659071614,-5.74063040222299,-77.7220113139632));
#8582=CARTESIAN_POINT('Ctrl Pts',(-13.1290659071614,-5.74063040222299,-78.0220113139632));
#8583=CARTESIAN_POINT('Ctrl Pts',(-12.8077559071614,-5.30795727722299,-77.7220113139632));
#8584=CARTESIAN_POINT('Ctrl Pts',(-12.8077559071614,-5.30795727722299,-78.0220113139632));
#8585=CARTESIAN_POINT('Ctrl Pts',(-12.6562290321614,-4.89901727722299,-77.7220113139632));
#8586=CARTESIAN_POINT('Ctrl Pts',(-12.6562290321614,-4.89901727722299,-78.0220113139632));
#8587=CARTESIAN_POINT('',(-13.5197496571614,-6.06741727722299,-77.7220113139632));
#8588=CARTESIAN_POINT('Ctrl Pts',(-13.5197496571614,-6.06741727722299,-77.7220113139632));
#8589=CARTESIAN_POINT('Ctrl Pts',(-13.1290659071614,-5.74063040222299,-77.7220113139632));
#8590=CARTESIAN_POINT('Ctrl Pts',(-12.8077559071614,-5.30795727722299,-77.7220113139632));
#8591=CARTESIAN_POINT('Ctrl Pts',(-12.6562290321614,-4.89901727722299,-77.7220113139632));
#8592=CARTESIAN_POINT('',(-13.5197496571614,-6.06741727722299,-78.0220113139632));
#8593=CARTESIAN_POINT('',(-13.5197496571614,-6.06741727722299,-77.7220113139632));
#8594=CARTESIAN_POINT('Ctrl Pts',(-13.5197496571614,-6.06741727722299,-78.0220113139632));
#8595=CARTESIAN_POINT('Ctrl Pts',(-13.1290659071614,-5.74063040222299,-78.0220113139632));
#8596=CARTESIAN_POINT('Ctrl Pts',(-12.8077559071614,-5.30795727722299,-78.0220113139632));
#8597=CARTESIAN_POINT('Ctrl Pts',(-12.6562290321614,-4.89901727722299,-78.0220113139632));
#8598=CARTESIAN_POINT('Ctrl Pts',(-14.6735446571614,-6.77941102722299,-77.7220113139632));
#8599=CARTESIAN_POINT('Ctrl Pts',(-14.6735446571614,-6.77941102722299,-78.0220113139632));
#8600=CARTESIAN_POINT('Ctrl Pts',(-14.2682559071614,-6.60049977722299,-77.7220113139632));
#8601=CARTESIAN_POINT('Ctrl Pts',(-14.2682559071614,-6.60049977722299,-78.0220113139632));
#8602=CARTESIAN_POINT('Ctrl Pts',(-13.8483621571614,-6.34126102722299,-77.7220113139632));
#8603=CARTESIAN_POINT('Ctrl Pts',(-13.8483621571614,-6.34126102722299,-78.0220113139632));
#8604=CARTESIAN_POINT('Ctrl Pts',(-13.5197496571614,-6.06741727722299,-77.7220113139632));
#8605=CARTESIAN_POINT('Ctrl Pts',(-13.5197496571614,-6.06741727722299,-78.0220113139632));
#8606=CARTESIAN_POINT('',(-14.6735446571614,-6.77941102722299,-77.7220113139632));
#8607=CARTESIAN_POINT('Ctrl Pts',(-14.6735446571614,-6.77941102722299,-77.7220113139632));
#8608=CARTESIAN_POINT('Ctrl Pts',(-14.2682559071614,-6.60049977722299,-77.7220113139632));
#8609=CARTESIAN_POINT('Ctrl Pts',(-13.8483621571614,-6.34126102722299,-77.7220113139632));
#8610=CARTESIAN_POINT('Ctrl Pts',(-13.5197496571614,-6.06741727722299,-77.7220113139632));
#8611=CARTESIAN_POINT('',(-14.6735446571614,-6.77941102722299,-78.0220113139632));
#8612=CARTESIAN_POINT('',(-14.6735446571614,-6.77941102722299,-77.7220113139632));
#8613=CARTESIAN_POINT('Ctrl Pts',(-14.6735446571614,-6.77941102722299,-78.0220113139632));
#8614=CARTESIAN_POINT('Ctrl Pts',(-14.2682559071614,-6.60049977722299,-78.0220113139632));
#8615=CARTESIAN_POINT('Ctrl Pts',(-13.8483621571614,-6.34126102722299,-78.0220113139632));
#8616=CARTESIAN_POINT('Ctrl Pts',(-13.5197496571614,-6.06741727722299,-78.0220113139632));
#8617=CARTESIAN_POINT('Ctrl Pts',(-14.8889684071614,-6.88164602722299,-77.7220113139632));
#8618=CARTESIAN_POINT('Ctrl Pts',(-14.8889684071614,-6.88164602722299,-78.0220113139632));
#8619=CARTESIAN_POINT('Ctrl Pts',(-14.8907940321614,-6.87982040222299,-77.7220113139632));
#8620=CARTESIAN_POINT('Ctrl Pts',(-14.8907940321614,-6.87982040222299,-78.0220113139632));
#8621=CARTESIAN_POINT('Ctrl Pts',(-14.7940359071614,-6.83417977722299,-77.7220113139632));
#8622=CARTESIAN_POINT('Ctrl Pts',(-14.7940359071614,-6.83417977722299,-78.0220113139632));
#8623=CARTESIAN_POINT('Ctrl Pts',(-14.6735446571614,-6.77941102722299,-77.7220113139632));
#8624=CARTESIAN_POINT('Ctrl Pts',(-14.6735446571614,-6.77941102722299,-78.0220113139632));
#8625=CARTESIAN_POINT('',(-14.8889684071614,-6.88164602722299,-77.7220113139632));
#8626=CARTESIAN_POINT('Ctrl Pts',(-14.8889684071614,-6.88164602722299,-77.7220113139632));
#8627=CARTESIAN_POINT('Ctrl Pts',(-14.8907940321614,-6.87982040222299,-77.7220113139632));
#8628=CARTESIAN_POINT('Ctrl Pts',(-14.7940359071614,-6.83417977722299,-77.7220113139632));
#8629=CARTESIAN_POINT('Ctrl Pts',(-14.6735446571614,-6.77941102722299,-77.7220113139632));
#8630=CARTESIAN_POINT('',(-14.8889684071614,-6.88164602722298,-78.0220113139632));
#8631=CARTESIAN_POINT('',(-14.8889684071614,-6.88164602722299,-77.7220113139632));
#8632=CARTESIAN_POINT('Ctrl Pts',(-14.8889684071614,-6.88164602722299,-78.0220113139632));
#8633=CARTESIAN_POINT('Ctrl Pts',(-14.8907940321614,-6.87982040222299,-78.0220113139632));
#8634=CARTESIAN_POINT('Ctrl Pts',(-14.7940359071614,-6.83417977722299,-78.0220113139632));
#8635=CARTESIAN_POINT('Ctrl Pts',(-14.6735446571614,-6.77941102722299,-78.0220113139632));
#8636=CARTESIAN_POINT('Ctrl Pts',(-14.1368109071614,-7.04412665222299,-77.7220113139632));
#8637=CARTESIAN_POINT('Ctrl Pts',(-14.1368109071614,-7.04412665222299,-78.0220113139632));
#8638=CARTESIAN_POINT('Ctrl Pts',(-14.5475765321614,-6.95832227722299,-77.7220113139632));
#8639=CARTESIAN_POINT('Ctrl Pts',(-14.5475765321614,-6.95832227722299,-78.0220113139632));
#8640=CARTESIAN_POINT('Ctrl Pts',(-14.8871427821614,-6.88529727722299,-77.7220113139632));
#8641=CARTESIAN_POINT('Ctrl Pts',(-14.8871427821614,-6.88529727722299,-78.0220113139632));
#8642=CARTESIAN_POINT('Ctrl Pts',(-14.8889684071614,-6.88164602722299,-77.7220113139632));
#8643=CARTESIAN_POINT('Ctrl Pts',(-14.8889684071614,-6.88164602722299,-78.0220113139632));
#8644=CARTESIAN_POINT('',(-14.1368109071614,-7.04412665222299,-77.7220113139632));
#8645=CARTESIAN_POINT('Ctrl Pts',(-14.1368109071614,-7.04412665222299,-77.7220113139632));
#8646=CARTESIAN_POINT('Ctrl Pts',(-14.5475765321614,-6.95832227722299,-77.7220113139632));
#8647=CARTESIAN_POINT('Ctrl Pts',(-14.8871427821614,-6.88529727722299,-77.7220113139632));
#8648=CARTESIAN_POINT('Ctrl Pts',(-14.8889684071614,-6.88164602722299,-77.7220113139632));
#8649=CARTESIAN_POINT('',(-14.1368109071614,-7.04412665222299,-78.0220113139632));
#8650=CARTESIAN_POINT('',(-14.1368109071614,-7.04412665222299,-77.7220113139632));
#8651=CARTESIAN_POINT('Ctrl Pts',(-14.1368109071614,-7.04412665222299,-78.0220113139632));
#8652=CARTESIAN_POINT('Ctrl Pts',(-14.5475765321614,-6.95832227722299,-78.0220113139632));
#8653=CARTESIAN_POINT('Ctrl Pts',(-14.8871427821614,-6.88529727722299,-78.0220113139632));
#8654=CARTESIAN_POINT('Ctrl Pts',(-14.8889684071614,-6.88164602722299,-78.0220113139632));
#8655=CARTESIAN_POINT('Ctrl Pts',(-11.1080990321614,-7.96971852722299,-77.7220113139632));
#8656=CARTESIAN_POINT('Ctrl Pts',(-11.1080990321614,-7.96971852722299,-78.0220113139632));
#8657=CARTESIAN_POINT('Ctrl Pts',(-12.3257909071614,-7.44941540222299,-77.7220113139632));
#8658=CARTESIAN_POINT('Ctrl Pts',(-12.3257909071614,-7.44941540222299,-78.0220113139632));
#8659=CARTESIAN_POINT('Ctrl Pts',(-12.5722502821614,-7.37273915222299,-77.7220113139632));
#8660=CARTESIAN_POINT('Ctrl Pts',(-12.5722502821614,-7.37273915222299,-78.0220113139632));
#8661=CARTESIAN_POINT('Ctrl Pts',(-14.1368109071614,-7.04412665222299,-77.7220113139632));
#8662=CARTESIAN_POINT('Ctrl Pts',(-14.1368109071614,-7.04412665222299,-78.0220113139632));
#8663=CARTESIAN_POINT('',(-11.1080990321614,-7.96971852722299,-77.7220113139632));
#8664=CARTESIAN_POINT('Ctrl Pts',(-11.1080990321614,-7.96971852722299,-77.7220113139632));
#8665=CARTESIAN_POINT('Ctrl Pts',(-12.3257909071614,-7.44941540222299,-77.7220113139632));
#8666=CARTESIAN_POINT('Ctrl Pts',(-12.5722502821614,-7.37273915222299,-77.7220113139632));
#8667=CARTESIAN_POINT('Ctrl Pts',(-14.1368109071614,-7.04412665222299,-77.7220113139632));
#8668=CARTESIAN_POINT('',(-11.1080990321614,-7.96971852722299,-78.0220113139632));
#8669=CARTESIAN_POINT('',(-11.1080990321614,-7.96971852722299,-77.7220113139632));
#8670=CARTESIAN_POINT('Ctrl Pts',(-11.1080990321614,-7.96971852722299,-78.0220113139632));
#8671=CARTESIAN_POINT('Ctrl Pts',(-12.3257909071614,-7.44941540222299,-78.0220113139632));
#8672=CARTESIAN_POINT('Ctrl Pts',(-12.5722502821614,-7.37273915222299,-78.0220113139632));
#8673=CARTESIAN_POINT('Ctrl Pts',(-14.1368109071614,-7.04412665222299,-78.0220113139632));
#8674=CARTESIAN_POINT('Origin',(-10.7612302821614,-8.11759415222299,-77.7220113139632));
#8675=CARTESIAN_POINT('',(-10.7612302821614,-8.11759415222299,-77.7220113139632));
#8676=CARTESIAN_POINT('',(-17.1946965746914,-5.37490589067073,-77.7220113139632));
#8677=CARTESIAN_POINT('',(-10.7612302821614,-8.11759415222299,-78.0220113139632));
#8678=CARTESIAN_POINT('',(-10.7612302821614,-8.11759415222299,-77.7220113139632));
#8679=CARTESIAN_POINT('',(-11.1080990321614,-7.96971852722299,-78.0220113139632));
#8680=CARTESIAN_POINT('Origin',(-10.7082871571614,-8.05552290222299,-77.7220113139632));
#8681=CARTESIAN_POINT('',(-10.7082871571614,-8.05552290222299,-77.7220113139632));
#8682=CARTESIAN_POINT('',(-20.6633382628918,-19.7269621296317,-77.7220113139632));
#8683=CARTESIAN_POINT('',(-10.7082871571614,-8.05552290222299,-78.0220113139632));
#8684=CARTESIAN_POINT('',(-10.7082871571614,-8.05552290222299,-77.7220113139632));
#8685=CARTESIAN_POINT('',(-10.7612302821614,-8.11759415222299,-78.0220113139632));
#8686=CARTESIAN_POINT('Ctrl Pts',(-9.64394778216139,-6.71368852722299,-77.7220113139632));
#8687=CARTESIAN_POINT('Ctrl Pts',(-9.64394778216139,-6.71368852722299,-78.0220113139632));
#8688=CARTESIAN_POINT('Ctrl Pts',(-9.83198715716139,-6.96379915222299,-77.7220113139632));
#8689=CARTESIAN_POINT('Ctrl Pts',(-9.83198715716139,-6.96379915222299,-78.0220113139632));
#8690=CARTESIAN_POINT('Ctrl Pts',(-10.5476321571614,-7.86565790222299,-77.7220113139632));
#8691=CARTESIAN_POINT('Ctrl Pts',(-10.5476321571614,-7.86565790222299,-78.0220113139632));
#8692=CARTESIAN_POINT('Ctrl Pts',(-10.7082871571614,-8.05552290222299,-77.7220113139632));
#8693=CARTESIAN_POINT('Ctrl Pts',(-10.7082871571614,-8.05552290222299,-78.0220113139632));
#8694=CARTESIAN_POINT('',(-9.64394778216139,-6.71368852722299,-77.7220113139632));
#8695=CARTESIAN_POINT('Ctrl Pts',(-9.64394778216139,-6.71368852722299,-77.7220113139632));
#8696=CARTESIAN_POINT('Ctrl Pts',(-9.83198715716139,-6.96379915222299,-77.7220113139632));
#8697=CARTESIAN_POINT('Ctrl Pts',(-10.5476321571614,-7.86565790222299,-77.7220113139632));
#8698=CARTESIAN_POINT('Ctrl Pts',(-10.7082871571614,-8.05552290222299,-77.7220113139632));
#8699=CARTESIAN_POINT('',(-9.64394778216139,-6.71368852722299,-78.0220113139632));
#8700=CARTESIAN_POINT('',(-9.64394778216139,-6.71368852722299,-77.7220113139632));
#8701=CARTESIAN_POINT('Ctrl Pts',(-9.64394778216139,-6.71368852722299,-78.0220113139632));
#8702=CARTESIAN_POINT('Ctrl Pts',(-9.83198715716139,-6.96379915222299,-78.0220113139632));
#8703=CARTESIAN_POINT('Ctrl Pts',(-10.5476321571614,-7.86565790222299,-78.0220113139632));
#8704=CARTESIAN_POINT('Ctrl Pts',(-10.7082871571614,-8.05552290222299,-78.0220113139632));
#8705=CARTESIAN_POINT('Ctrl Pts',(-9.03784028216139,-5.80817852722299,-77.7220113139632));
#8706=CARTESIAN_POINT('Ctrl Pts',(-9.03784028216139,-5.80817852722299,-78.0220113139632));
#8707=CARTESIAN_POINT('Ctrl Pts',(-9.11634215716139,-5.96883352722299,-77.7220113139632));
#8708=CARTESIAN_POINT('Ctrl Pts',(-9.11634215716139,-5.96883352722299,-78.0220113139632));
#8709=CARTESIAN_POINT('Ctrl Pts',(-9.37192965716139,-6.35038915222299,-77.7220113139632));
#8710=CARTESIAN_POINT('Ctrl Pts',(-9.37192965716139,-6.35038915222299,-78.0220113139632));
#8711=CARTESIAN_POINT('Ctrl Pts',(-9.64394778216139,-6.71368852722299,-77.7220113139632));
#8712=CARTESIAN_POINT('Ctrl Pts',(-9.64394778216139,-6.71368852722299,-78.0220113139632));
#8713=CARTESIAN_POINT('',(-9.03784028216139,-5.80817852722299,-77.7220113139632));
#8714=CARTESIAN_POINT('Ctrl Pts',(-9.03784028216139,-5.80817852722299,-77.7220113139632));
#8715=CARTESIAN_POINT('Ctrl Pts',(-9.11634215716139,-5.96883352722299,-77.7220113139632));
#8716=CARTESIAN_POINT('Ctrl Pts',(-9.37192965716139,-6.35038915222299,-77.7220113139632));
#8717=CARTESIAN_POINT('Ctrl Pts',(-9.64394778216139,-6.71368852722299,-77.7220113139632));
#8718=CARTESIAN_POINT('',(-9.03784028216139,-5.80817852722299,-78.0220113139632));
#8719=CARTESIAN_POINT('',(-9.03784028216139,-5.80817852722299,-77.7220113139632));
#8720=CARTESIAN_POINT('Ctrl Pts',(-9.03784028216139,-5.80817852722299,-78.0220113139632));
#8721=CARTESIAN_POINT('Ctrl Pts',(-9.11634215716139,-5.96883352722299,-78.0220113139632));
#8722=CARTESIAN_POINT('Ctrl Pts',(-9.37192965716139,-6.35038915222299,-78.0220113139632));
#8723=CARTESIAN_POINT('Ctrl Pts',(-9.64394778216139,-6.71368852722299,-78.0220113139632));
#8724=CARTESIAN_POINT('Ctrl Pts',(-8.91917465716139,-5.13634852722299,-77.7220113139632));
#8725=CARTESIAN_POINT('Ctrl Pts',(-8.91917465716139,-5.13634852722299,-78.0220113139632));
#8726=CARTESIAN_POINT('Ctrl Pts',(-8.91734903216139,-5.46313540222299,-77.7220113139632));
#8727=CARTESIAN_POINT('Ctrl Pts',(-8.91734903216139,-5.46313540222299,-78.0220113139632));
#8728=CARTESIAN_POINT('Ctrl Pts',(-8.94655903216139,-5.62013915222299,-77.7220113139632));
#8729=CARTESIAN_POINT('Ctrl Pts',(-8.94655903216139,-5.62013915222299,-78.0220113139632));
#8730=CARTESIAN_POINT('Ctrl Pts',(-9.03784028216139,-5.80817852722299,-77.7220113139632));
#8731=CARTESIAN_POINT('Ctrl Pts',(-9.03784028216139,-5.80817852722299,-78.0220113139632));
#8732=CARTESIAN_POINT('',(-8.91917465716139,-5.13634852722299,-77.7220113139632));
#8733=CARTESIAN_POINT('Ctrl Pts',(-8.91917465716139,-5.13634852722299,-77.7220113139632));
#8734=CARTESIAN_POINT('Ctrl Pts',(-8.91734903216139,-5.46313540222299,-77.7220113139632));
#8735=CARTESIAN_POINT('Ctrl Pts',(-8.94655903216139,-5.62013915222299,-77.7220113139632));
#8736=CARTESIAN_POINT('Ctrl Pts',(-9.03784028216139,-5.80817852722299,-77.7220113139632));
#8737=CARTESIAN_POINT('',(-8.91917465716139,-5.13634852722299,-78.0220113139632));
#8738=CARTESIAN_POINT('',(-8.91917465716139,-5.13634852722299,-77.7220113139632));
#8739=CARTESIAN_POINT('Ctrl Pts',(-8.91917465716139,-5.13634852722299,-78.0220113139632));
#8740=CARTESIAN_POINT('Ctrl Pts',(-8.91734903216139,-5.46313540222299,-78.0220113139632));
#8741=CARTESIAN_POINT('Ctrl Pts',(-8.94655903216139,-5.62013915222299,-78.0220113139632));
#8742=CARTESIAN_POINT('Ctrl Pts',(-9.03784028216139,-5.80817852722299,-78.0220113139632));
#8743=CARTESIAN_POINT('Ctrl Pts',(-8.95933840716139,-4.67263977722299,-77.7220113139632));
#8744=CARTESIAN_POINT('Ctrl Pts',(-8.95933840716139,-4.67263977722299,-78.0220113139632));
#8745=CARTESIAN_POINT('Ctrl Pts',(-8.92830278216139,-4.81686415222299,-77.7220113139632));
#8746=CARTESIAN_POINT('Ctrl Pts',(-8.92830278216139,-4.81686415222299,-78.0220113139632));
#8747=CARTESIAN_POINT('Ctrl Pts',(-8.91917465716139,-4.90997102722299,-77.7220113139632));
#8748=CARTESIAN_POINT('Ctrl Pts',(-8.91917465716139,-4.90997102722299,-78.0220113139632));
#8749=CARTESIAN_POINT('Ctrl Pts',(-8.91917465716139,-5.13634852722299,-77.7220113139632));
#8750=CARTESIAN_POINT('Ctrl Pts',(-8.91917465716139,-5.13634852722299,-78.0220113139632));
#8751=CARTESIAN_POINT('',(-8.95933840716139,-4.67263977722299,-77.7220113139632));
#8752=CARTESIAN_POINT('Ctrl Pts',(-8.95933840716139,-4.67263977722299,-77.7220113139632));
#8753=CARTESIAN_POINT('Ctrl Pts',(-8.92830278216139,-4.81686415222299,-77.7220113139632));
#8754=CARTESIAN_POINT('Ctrl Pts',(-8.91917465716139,-4.90997102722299,-77.7220113139632));
#8755=CARTESIAN_POINT('Ctrl Pts',(-8.91917465716139,-5.13634852722299,-77.7220113139632));
#8756=CARTESIAN_POINT('',(-8.95933840716139,-4.67263977722299,-78.0220113139632));
#8757=CARTESIAN_POINT('',(-8.95933840716139,-4.67263977722299,-77.7220113139632));
#8758=CARTESIAN_POINT('Ctrl Pts',(-8.95933840716139,-4.67263977722299,-78.0220113139632));
#8759=CARTESIAN_POINT('Ctrl Pts',(-8.92830278216139,-4.81686415222299,-78.0220113139632));
#8760=CARTESIAN_POINT('Ctrl Pts',(-8.91917465716139,-4.90997102722299,-78.0220113139632));
#8761=CARTESIAN_POINT('Ctrl Pts',(-8.91917465716139,-5.13634852722299,-78.0220113139632));
#8762=CARTESIAN_POINT('Ctrl Pts',(-9.33359153216139,-3.79999102722299,-77.7220113139632));
#8763=CARTESIAN_POINT('Ctrl Pts',(-9.33359153216139,-3.79999102722299,-78.0220113139632));
#8764=CARTESIAN_POINT('Ctrl Pts',(-9.18206465716139,-3.98620477722299,-77.7220113139632));
#8765=CARTESIAN_POINT('Ctrl Pts',(-9.18206465716139,-3.98620477722299,-78.0220113139632));
#8766=CARTESIAN_POINT('Ctrl Pts',(-9.04149153216139,-4.31664290222299,-77.7220113139632));
#8767=CARTESIAN_POINT('Ctrl Pts',(-9.04149153216139,-4.31664290222299,-78.0220113139632));
#8768=CARTESIAN_POINT('Ctrl Pts',(-8.95933840716139,-4.67263977722299,-77.7220113139632));
#8769=CARTESIAN_POINT('Ctrl Pts',(-8.95933840716139,-4.67263977722299,-78.0220113139632));
#8770=CARTESIAN_POINT('',(-9.33359153216139,-3.79999102722299,-77.7220113139632));
#8771=CARTESIAN_POINT('Ctrl Pts',(-9.33359153216139,-3.79999102722299,-77.7220113139632));
#8772=CARTESIAN_POINT('Ctrl Pts',(-9.18206465716139,-3.98620477722299,-77.7220113139632));
#8773=CARTESIAN_POINT('Ctrl Pts',(-9.04149153216139,-4.31664290222299,-77.7220113139632));
#8774=CARTESIAN_POINT('Ctrl Pts',(-8.95933840716139,-4.67263977722299,-77.7220113139632));
#8775=CARTESIAN_POINT('',(-9.33359153216139,-3.79999102722299,-78.0220113139632));
#8776=CARTESIAN_POINT('',(-9.33359153216139,-3.79999102722299,-77.7220113139632));
#8777=CARTESIAN_POINT('Ctrl Pts',(-9.33359153216139,-3.79999102722299,-78.0220113139632));
#8778=CARTESIAN_POINT('Ctrl Pts',(-9.18206465716139,-3.98620477722299,-78.0220113139632));
#8779=CARTESIAN_POINT('Ctrl Pts',(-9.04149153216139,-4.31664290222299,-78.0220113139632));
#8780=CARTESIAN_POINT('Ctrl Pts',(-8.95933840716139,-4.67263977722299,-78.0220113139632));
#8781=CARTESIAN_POINT('Ctrl Pts',(-12.2107765321614,-2.42712102722299,-77.7220113139632));
#8782=CARTESIAN_POINT('Ctrl Pts',(-12.2107765321614,-2.42712102722299,-78.0220113139632));
#8783=CARTESIAN_POINT('Ctrl Pts',(-10.8086965321614,-2.80685102722299,-77.7220113139632));
#8784=CARTESIAN_POINT('Ctrl Pts',(-10.8086965321614,-2.80685102722299,-78.0220113139632));
#8785=CARTESIAN_POINT('Ctrl Pts',(-9.71879840716139,-3.32715415222299,-77.7220113139632));
#8786=CARTESIAN_POINT('Ctrl Pts',(-9.71879840716139,-3.32715415222299,-78.0220113139632));
#8787=CARTESIAN_POINT('Ctrl Pts',(-9.33359153216139,-3.79999102722299,-77.7220113139632));
#8788=CARTESIAN_POINT('Ctrl Pts',(-9.33359153216139,-3.79999102722299,-78.0220113139632));
#8789=CARTESIAN_POINT('',(-12.2107765321614,-2.42712102722299,-77.7220113139632));
#8790=CARTESIAN_POINT('Ctrl Pts',(-12.2107765321614,-2.42712102722299,-77.7220113139632));
#8791=CARTESIAN_POINT('Ctrl Pts',(-10.8086965321614,-2.80685102722299,-77.7220113139632));
#8792=CARTESIAN_POINT('Ctrl Pts',(-9.71879840716139,-3.32715415222299,-77.7220113139632));
#8793=CARTESIAN_POINT('Ctrl Pts',(-9.33359153216139,-3.79999102722299,-77.7220113139632));
#8794=CARTESIAN_POINT('',(-12.2107765321614,-2.42712102722299,-78.0220113139632));
#8795=CARTESIAN_POINT('',(-12.2107765321614,-2.42712102722299,-77.7220113139632));
#8796=CARTESIAN_POINT('Ctrl Pts',(-12.2107765321614,-2.42712102722299,-78.0220113139632));
#8797=CARTESIAN_POINT('Ctrl Pts',(-10.8086965321614,-2.80685102722299,-78.0220113139632));
#8798=CARTESIAN_POINT('Ctrl Pts',(-9.71879840716139,-3.32715415222299,-78.0220113139632));
#8799=CARTESIAN_POINT('Ctrl Pts',(-9.33359153216139,-3.79999102722299,-78.0220113139632));
#8800=CARTESIAN_POINT('Ctrl Pts',(-16.0445890321614,-1.84109540222299,-77.7220113139632));
#8801=CARTESIAN_POINT('Ctrl Pts',(-16.0445890321614,-1.84109540222299,-78.0220113139632));
#8802=CARTESIAN_POINT('Ctrl Pts',(-14.4873309071614,-1.93785352722299,-77.7220113139632));
#8803=CARTESIAN_POINT('Ctrl Pts',(-14.4873309071614,-1.93785352722299,-78.0220113139632));
#8804=CARTESIAN_POINT('Ctrl Pts',(-13.4102121571614,-2.10215977722299,-77.7220113139632));
#8805=CARTESIAN_POINT('Ctrl Pts',(-13.4102121571614,-2.10215977722299,-78.0220113139632));
#8806=CARTESIAN_POINT('Ctrl Pts',(-12.2107765321614,-2.42712102722299,-77.7220113139632));
#8807=CARTESIAN_POINT('Ctrl Pts',(-12.2107765321614,-2.42712102722299,-78.0220113139632));
#8808=CARTESIAN_POINT('',(-16.0445890321614,-1.84109540222299,-77.7220113139632));
#8809=CARTESIAN_POINT('Ctrl Pts',(-16.0445890321614,-1.84109540222299,-77.7220113139632));
#8810=CARTESIAN_POINT('Ctrl Pts',(-14.4873309071614,-1.93785352722299,-77.7220113139632));
#8811=CARTESIAN_POINT('Ctrl Pts',(-13.4102121571614,-2.10215977722299,-77.7220113139632));
#8812=CARTESIAN_POINT('Ctrl Pts',(-12.2107765321614,-2.42712102722299,-77.7220113139632));
#8813=CARTESIAN_POINT('',(-16.0445890321614,-1.84109540222299,-78.0220113139632));
#8814=CARTESIAN_POINT('',(-16.0445890321614,-1.84109540222299,-77.7220113139632));
#8815=CARTESIAN_POINT('Ctrl Pts',(-16.0445890321614,-1.84109540222299,-78.0220113139632));
#8816=CARTESIAN_POINT('Ctrl Pts',(-14.4873309071614,-1.93785352722299,-78.0220113139632));
#8817=CARTESIAN_POINT('Ctrl Pts',(-13.4102121571614,-2.10215977722299,-78.0220113139632));
#8818=CARTESIAN_POINT('Ctrl Pts',(-12.2107765321614,-2.42712102722299,-78.0220113139632));
#8819=CARTESIAN_POINT('Ctrl Pts',(-19.1846640321614,-1.77537290222299,-77.7220113139632));
#8820=CARTESIAN_POINT('Ctrl Pts',(-19.1846640321614,-1.77537290222299,-78.0220113139632));
#8821=CARTESIAN_POINT('Ctrl Pts',(-18.7319090321614,-1.74798852722299,-77.7220113139632));
#8822=CARTESIAN_POINT('Ctrl Pts',(-18.7319090321614,-1.74798852722299,-78.0220113139632));
#8823=CARTESIAN_POINT('Ctrl Pts',(-16.9500990321614,-1.78632665222299,-77.7220113139632));
#8824=CARTESIAN_POINT('Ctrl Pts',(-16.9500990321614,-1.78632665222299,-78.0220113139632));
#8825=CARTESIAN_POINT('Ctrl Pts',(-16.0445890321614,-1.84109540222299,-77.7220113139632));
#8826=CARTESIAN_POINT('Ctrl Pts',(-16.0445890321614,-1.84109540222299,-78.0220113139632));
#8827=CARTESIAN_POINT('Ctrl Pts',(-19.1846640321614,-1.77537290222299,-77.7220113139632));
#8828=CARTESIAN_POINT('Ctrl Pts',(-18.7319090321614,-1.74798852722299,-77.7220113139632));
#8829=CARTESIAN_POINT('Ctrl Pts',(-16.9500990321614,-1.78632665222299,-77.7220113139632));
#8830=CARTESIAN_POINT('Ctrl Pts',(-16.0445890321614,-1.84109540222299,-77.7220113139632));
#8831=CARTESIAN_POINT('Ctrl Pts',(-19.1846640321614,-1.77537290222299,-78.0220113139632));
#8832=CARTESIAN_POINT('Ctrl Pts',(-18.7319090321614,-1.74798852722299,-78.0220113139632));
#8833=CARTESIAN_POINT('Ctrl Pts',(-16.9500990321614,-1.78632665222299,-78.0220113139632));
#8834=CARTESIAN_POINT('Ctrl Pts',(-16.0445890321614,-1.84109540222299,-78.0220113139632));
#8835=CARTESIAN_POINT('Origin',(-14.1468518446614,-4.93279133972299,-78.0220113139632));
#8836=CARTESIAN_POINT('Origin',(-24.6378059071614,-16.270835402223,-77.7220113139632));
#8837=CARTESIAN_POINT('',(-24.6378059071614,-16.270835402223,-77.7220113139632));
#8838=CARTESIAN_POINT('',(-24.7254359071614,-16.227020402223,-77.7220113139632));
#8839=CARTESIAN_POINT('',(-26.2110428706645,-15.4842169204714,-77.7220113139632));
#8840=CARTESIAN_POINT('',(-24.6378059071614,-16.270835402223,-78.0220113139632));
#8841=CARTESIAN_POINT('',(-24.6378059071614,-16.270835402223,-77.7220113139632));
#8842=CARTESIAN_POINT('',(-24.7254359071614,-16.227020402223,-78.0220113139632));
#8843=CARTESIAN_POINT('',(-24.7254359071614,-16.227020402223,-78.0220113139632));
#8844=CARTESIAN_POINT('',(-24.7254359071614,-16.227020402223,-77.7220113139632));
#8845=CARTESIAN_POINT('Ctrl Pts',(-24.3931721571614,-16.553807277223,-77.7220113139632));
#8846=CARTESIAN_POINT('Ctrl Pts',(-24.3931721571614,-16.553807277223,-78.0220113139632));
#8847=CARTESIAN_POINT('Ctrl Pts',(-24.4351615321614,-16.433316027223,-77.7220113139632));
#8848=CARTESIAN_POINT('Ctrl Pts',(-24.4351615321614,-16.433316027223,-78.0220113139632));
#8849=CARTESIAN_POINT('Ctrl Pts',(-24.5282684071614,-16.325604152223,-77.7220113139632));
#8850=CARTESIAN_POINT('Ctrl Pts',(-24.5282684071614,-16.325604152223,-78.0220113139632));
#8851=CARTESIAN_POINT('Ctrl Pts',(-24.6378059071614,-16.270835402223,-77.7220113139632));
#8852=CARTESIAN_POINT('Ctrl Pts',(-24.6378059071614,-16.270835402223,-78.0220113139632));
#8853=CARTESIAN_POINT('',(-24.3931721571614,-16.553807277223,-77.7220113139632));
#8854=CARTESIAN_POINT('Ctrl Pts',(-24.3931721571614,-16.553807277223,-77.7220113139632));
#8855=CARTESIAN_POINT('Ctrl Pts',(-24.4351615321614,-16.433316027223,-77.7220113139632));
#8856=CARTESIAN_POINT('Ctrl Pts',(-24.5282684071614,-16.325604152223,-77.7220113139632));
#8857=CARTESIAN_POINT('Ctrl Pts',(-24.6378059071614,-16.270835402223,-77.7220113139632));
#8858=CARTESIAN_POINT('',(-24.3931721571614,-16.553807277223,-78.0220113139632));
#8859=CARTESIAN_POINT('',(-24.3931721571614,-16.553807277223,-77.7220113139632));
#8860=CARTESIAN_POINT('Ctrl Pts',(-24.3931721571614,-16.553807277223,-78.0220113139632));
#8861=CARTESIAN_POINT('Ctrl Pts',(-24.4351615321614,-16.433316027223,-78.0220113139632));
#8862=CARTESIAN_POINT('Ctrl Pts',(-24.5282684071614,-16.325604152223,-78.0220113139632));
#8863=CARTESIAN_POINT('Ctrl Pts',(-24.6378059071614,-16.270835402223,-78.0220113139632));
#8864=CARTESIAN_POINT('Ctrl Pts',(-24.3603109071614,-17.039423527223,-77.7220113139632));
#8865=CARTESIAN_POINT('Ctrl Pts',(-24.3603109071614,-17.039423527223,-78.0220113139632));
#8866=CARTESIAN_POINT('Ctrl Pts',(-24.3603109071614,-16.708985402223,-77.7220113139632));
#8867=CARTESIAN_POINT('Ctrl Pts',(-24.3603109071614,-16.708985402223,-78.0220113139632));
#8868=CARTESIAN_POINT('Ctrl Pts',(-24.3657877821614,-16.632309152223,-77.7220113139632));
#8869=CARTESIAN_POINT('Ctrl Pts',(-24.3657877821614,-16.632309152223,-78.0220113139632));
#8870=CARTESIAN_POINT('Ctrl Pts',(-24.3931721571614,-16.553807277223,-77.7220113139632));
#8871=CARTESIAN_POINT('Ctrl Pts',(-24.3931721571614,-16.553807277223,-78.0220113139632));
#8872=CARTESIAN_POINT('',(-24.3603109071614,-17.039423527223,-77.7220113139632));
#8873=CARTESIAN_POINT('Ctrl Pts',(-24.3603109071614,-17.039423527223,-77.7220113139632));
#8874=CARTESIAN_POINT('Ctrl Pts',(-24.3603109071614,-16.708985402223,-77.7220113139632));
#8875=CARTESIAN_POINT('Ctrl Pts',(-24.3657877821614,-16.632309152223,-77.7220113139632));
#8876=CARTESIAN_POINT('Ctrl Pts',(-24.3931721571614,-16.553807277223,-77.7220113139632));
#8877=CARTESIAN_POINT('',(-24.3603109071614,-17.039423527223,-78.0220113139632));
#8878=CARTESIAN_POINT('',(-24.3603109071614,-17.039423527223,-77.7220113139632));
#8879=CARTESIAN_POINT('Ctrl Pts',(-24.3603109071614,-17.039423527223,-78.0220113139632));
#8880=CARTESIAN_POINT('Ctrl Pts',(-24.3603109071614,-16.708985402223,-78.0220113139632));
#8881=CARTESIAN_POINT('Ctrl Pts',(-24.3657877821614,-16.632309152223,-78.0220113139632));
#8882=CARTESIAN_POINT('Ctrl Pts',(-24.3931721571614,-16.553807277223,-78.0220113139632));
#8883=CARTESIAN_POINT('Ctrl Pts',(-24.5136634071614,-17.714904777223,-77.7220113139632));
#8884=CARTESIAN_POINT('Ctrl Pts',(-24.5136634071614,-17.714904777223,-78.0220113139632));
#8885=CARTESIAN_POINT('Ctrl Pts',(-24.3767415321614,-17.574331652223,-77.7220113139632));
#8886=CARTESIAN_POINT('Ctrl Pts',(-24.3767415321614,-17.574331652223,-78.0220113139632));
#8887=CARTESIAN_POINT('Ctrl Pts',(-24.3603109071614,-17.504957902223,-77.7220113139632));
#8888=CARTESIAN_POINT('Ctrl Pts',(-24.3603109071614,-17.504957902223,-78.0220113139632));
#8889=CARTESIAN_POINT('Ctrl Pts',(-24.3603109071614,-17.039423527223,-77.7220113139632));
#8890=CARTESIAN_POINT('Ctrl Pts',(-24.3603109071614,-17.039423527223,-78.0220113139632));
#8891=CARTESIAN_POINT('',(-24.5136634071614,-17.714904777223,-77.7220113139632));
#8892=CARTESIAN_POINT('Ctrl Pts',(-24.5136634071614,-17.714904777223,-77.7220113139632));
#8893=CARTESIAN_POINT('Ctrl Pts',(-24.3767415321614,-17.574331652223,-77.7220113139632));
#8894=CARTESIAN_POINT('Ctrl Pts',(-24.3603109071614,-17.504957902223,-77.7220113139632));
#8895=CARTESIAN_POINT('Ctrl Pts',(-24.3603109071614,-17.039423527223,-77.7220113139632));
#8896=CARTESIAN_POINT('',(-24.5136634071614,-17.714904777223,-78.0220113139632));
#8897=CARTESIAN_POINT('',(-24.5136634071614,-17.714904777223,-77.7220113139632));
#8898=CARTESIAN_POINT('Ctrl Pts',(-24.5136634071614,-17.714904777223,-78.0220113139632));
#8899=CARTESIAN_POINT('Ctrl Pts',(-24.3767415321614,-17.574331652223,-78.0220113139632));
#8900=CARTESIAN_POINT('Ctrl Pts',(-24.3603109071614,-17.504957902223,-78.0220113139632));
#8901=CARTESIAN_POINT('Ctrl Pts',(-24.3603109071614,-17.039423527223,-78.0220113139632));
#8902=CARTESIAN_POINT('Ctrl Pts',(-26.1987152821614,-17.860954777223,-77.7220113139632));
#8903=CARTESIAN_POINT('Ctrl Pts',(-26.1987152821614,-17.860954777223,-78.0220113139632));
#8904=CARTESIAN_POINT('Ctrl Pts',(-24.5939909071614,-17.860954777223,-77.7220113139632));
#8905=CARTESIAN_POINT('Ctrl Pts',(-24.5939909071614,-17.860954777223,-78.0220113139632));
#8906=CARTESIAN_POINT('Ctrl Pts',(-24.6597134071614,-17.866431652223,-77.7220113139632));
#8907=CARTESIAN_POINT('Ctrl Pts',(-24.6597134071614,-17.866431652223,-78.0220113139632));
#8908=CARTESIAN_POINT('Ctrl Pts',(-24.5136634071614,-17.714904777223,-77.7220113139632));
#8909=CARTESIAN_POINT('Ctrl Pts',(-24.5136634071614,-17.714904777223,-78.0220113139632));
#8910=CARTESIAN_POINT('',(-26.1987152821614,-17.860954777223,-77.7220113139632));
#8911=CARTESIAN_POINT('Ctrl Pts',(-26.1987152821614,-17.860954777223,-77.7220113139632));
#8912=CARTESIAN_POINT('Ctrl Pts',(-24.5939909071614,-17.860954777223,-77.7220113139632));
#8913=CARTESIAN_POINT('Ctrl Pts',(-24.6597134071614,-17.866431652223,-77.7220113139632));
#8914=CARTESIAN_POINT('Ctrl Pts',(-24.5136634071614,-17.714904777223,-77.7220113139632));
#8915=CARTESIAN_POINT('',(-26.1987152821614,-17.860954777223,-78.0220113139632));
#8916=CARTESIAN_POINT('',(-26.1987152821614,-17.860954777223,-77.7220113139632));
#8917=CARTESIAN_POINT('Ctrl Pts',(-26.1987152821614,-17.860954777223,-78.0220113139632));
#8918=CARTESIAN_POINT('Ctrl Pts',(-24.5939909071614,-17.860954777223,-78.0220113139632));
#8919=CARTESIAN_POINT('Ctrl Pts',(-24.6597134071614,-17.866431652223,-78.0220113139632));
#8920=CARTESIAN_POINT('Ctrl Pts',(-24.5136634071614,-17.714904777223,-78.0220113139632));
#8921=CARTESIAN_POINT('Origin',(-27.6007952821614,-17.860954777223,-77.7220113139632));
#8922=CARTESIAN_POINT('',(-27.6007952821614,-17.860954777223,-77.7220113139632));
#8923=CARTESIAN_POINT('',(-31.0431379484845,-17.860954777223,-77.7220113139632));
#8924=CARTESIAN_POINT('',(-27.6007952821614,-17.860954777223,-78.0220113139632));
#8925=CARTESIAN_POINT('',(-27.6007952821614,-17.860954777223,-77.7220113139632));
#8926=CARTESIAN_POINT('',(-26.1987152821614,-17.860954777223,-78.0220113139632));
#8927=CARTESIAN_POINT('Origin',(-27.6007952821614,-17.068633527223,-77.7220113139632));
#8928=CARTESIAN_POINT('',(-27.6007952821614,-17.068633527223,-77.7220113139632));
#8929=CARTESIAN_POINT('',(-27.6007952821614,-22.5843167636115,-77.7220113139632));
#8930=CARTESIAN_POINT('',(-27.6007952821614,-17.068633527223,-78.0220113139632));
#8931=CARTESIAN_POINT('',(-27.6007952821614,-17.068633527223,-77.7220113139632));
#8932=CARTESIAN_POINT('',(-27.6007952821614,-17.860954777223,-78.0220113139632));
#8933=CARTESIAN_POINT('Ctrl Pts',(-27.5898415321614,-16.247102277223,-77.7220113139632));
#8934=CARTESIAN_POINT('Ctrl Pts',(-27.5898415321614,-16.247102277223,-78.0220113139632));
#8935=CARTESIAN_POINT('Ctrl Pts',(-27.5953184071614,-16.261707277223,-77.7220113139632));
#8936=CARTESIAN_POINT('Ctrl Pts',(-27.5953184071614,-16.261707277223,-78.0220113139632));
#8937=CARTESIAN_POINT('Ctrl Pts',(-27.6007952821614,-16.632309152223,-77.7220113139632));
#8938=CARTESIAN_POINT('Ctrl Pts',(-27.6007952821614,-16.632309152223,-78.0220113139632));
#8939=CARTESIAN_POINT('Ctrl Pts',(-27.6007952821614,-17.068633527223,-77.7220113139632));
#8940=CARTESIAN_POINT('Ctrl Pts',(-27.6007952821614,-17.068633527223,-78.0220113139632));
#8941=CARTESIAN_POINT('',(-27.5898415321614,-16.247102277223,-77.7220113139632));
#8942=CARTESIAN_POINT('Ctrl Pts',(-27.5898415321614,-16.247102277223,-77.7220113139632));
#8943=CARTESIAN_POINT('Ctrl Pts',(-27.5953184071614,-16.261707277223,-77.7220113139632));
#8944=CARTESIAN_POINT('Ctrl Pts',(-27.6007952821614,-16.632309152223,-77.7220113139632));
#8945=CARTESIAN_POINT('Ctrl Pts',(-27.6007952821614,-17.068633527223,-77.7220113139632));
#8946=CARTESIAN_POINT('',(-27.5898415321614,-16.247102277223,-78.0220113139632));
#8947=CARTESIAN_POINT('',(-27.5898415321614,-16.247102277223,-77.7220113139632));
#8948=CARTESIAN_POINT('Ctrl Pts',(-27.5898415321614,-16.247102277223,-78.0220113139632));
#8949=CARTESIAN_POINT('Ctrl Pts',(-27.5953184071614,-16.261707277223,-78.0220113139632));
#8950=CARTESIAN_POINT('Ctrl Pts',(-27.6007952821614,-16.632309152223,-78.0220113139632));
#8951=CARTESIAN_POINT('Ctrl Pts',(-27.6007952821614,-17.068633527223,-78.0220113139632));
#8952=CARTESIAN_POINT('Ctrl Pts',(-26.1512490321614,-16.221543527223,-77.7220113139632));
#8953=CARTESIAN_POINT('Ctrl Pts',(-26.1512490321614,-16.221543527223,-78.0220113139632));
#8954=CARTESIAN_POINT('Ctrl Pts',(-27.4492684071614,-16.217892277223,-77.7220113139632));
#8955=CARTESIAN_POINT('Ctrl Pts',(-27.4492684071614,-16.217892277223,-78.0220113139632));
#8956=CARTESIAN_POINT('Ctrl Pts',(-27.5788877821614,-16.219717902223,-77.7220113139632));
#8957=CARTESIAN_POINT('Ctrl Pts',(-27.5788877821614,-16.219717902223,-78.0220113139632));
#8958=CARTESIAN_POINT('Ctrl Pts',(-27.5898415321614,-16.247102277223,-77.7220113139632));
#8959=CARTESIAN_POINT('Ctrl Pts',(-27.5898415321614,-16.247102277223,-78.0220113139632));
#8960=CARTESIAN_POINT('',(-26.1512490321614,-16.221543527223,-77.7220113139632));
#8961=CARTESIAN_POINT('Ctrl Pts',(-26.1512490321614,-16.221543527223,-77.7220113139632));
#8962=CARTESIAN_POINT('Ctrl Pts',(-27.4492684071614,-16.217892277223,-77.7220113139632));
#8963=CARTESIAN_POINT('Ctrl Pts',(-27.5788877821614,-16.219717902223,-77.7220113139632));
#8964=CARTESIAN_POINT('Ctrl Pts',(-27.5898415321614,-16.247102277223,-77.7220113139632));
#8965=CARTESIAN_POINT('',(-26.1512490321614,-16.221543527223,-78.0220113139632));
#8966=CARTESIAN_POINT('',(-26.1512490321614,-16.221543527223,-77.7220113139632));
#8967=CARTESIAN_POINT('Ctrl Pts',(-26.1512490321614,-16.221543527223,-78.0220113139632));
#8968=CARTESIAN_POINT('Ctrl Pts',(-27.4492684071614,-16.217892277223,-78.0220113139632));
#8969=CARTESIAN_POINT('Ctrl Pts',(-27.5788877821614,-16.219717902223,-78.0220113139632));
#8970=CARTESIAN_POINT('Ctrl Pts',(-27.5898415321614,-16.247102277223,-78.0220113139632));
#8971=CARTESIAN_POINT('Origin',(-24.7254359071614,-16.227020402223,-77.7220113139632));
#8972=CARTESIAN_POINT('',(-29.5825831756525,-16.2083629863389,-77.7220113139632));
#8973=CARTESIAN_POINT('',(-26.1512490321614,-16.221543527223,-78.0220113139632));
#8974=CARTESIAN_POINT('Ctrl Pts',(-28.6560065321614,-17.871908527223,-77.7220113139632));
#8975=CARTESIAN_POINT('Ctrl Pts',(-28.6560065321614,-17.871908527223,-78.0220113139632));
#8976=CARTESIAN_POINT('Ctrl Pts',(-28.6596577821614,-15.075051027223,-77.7220113139632));
#8977=CARTESIAN_POINT('Ctrl Pts',(-28.6596577821614,-15.075051027223,-78.0220113139632));
#8978=CARTESIAN_POINT('Ctrl Pts',(-28.6669602821614,-15.239357277223,-77.7220113139632));
#8979=CARTESIAN_POINT('Ctrl Pts',(-28.6669602821614,-15.239357277223,-78.0220113139632));
#8980=CARTESIAN_POINT('Ctrl Pts',(-28.5464690321614,-15.186414152223,-77.7220113139632));
#8981=CARTESIAN_POINT('Ctrl Pts',(-28.5464690321614,-15.186414152223,-78.0220113139632));
#8982=CARTESIAN_POINT('',(-28.6560065321614,-17.871908527223,-77.7220113139632));
#8983=CARTESIAN_POINT('',(-28.5464690321614,-15.186414152223,-77.7220113139632));
#8984=CARTESIAN_POINT('Ctrl Pts',(-28.6560065321614,-17.871908527223,-77.7220113139632));
#8985=CARTESIAN_POINT('Ctrl Pts',(-28.6596577821614,-15.075051027223,-77.7220113139632));
#8986=CARTESIAN_POINT('Ctrl Pts',(-28.6669602821614,-15.239357277223,-77.7220113139632));
#8987=CARTESIAN_POINT('Ctrl Pts',(-28.5464690321614,-15.186414152223,-77.7220113139632));
#8988=CARTESIAN_POINT('',(-28.6560065321614,-17.871908527223,-78.0220113139632));
#8989=CARTESIAN_POINT('',(-28.6560065321614,-17.871908527223,-77.7220113139632));
#8990=CARTESIAN_POINT('',(-28.5464690321614,-15.186414152223,-78.0220113139632));
#8991=CARTESIAN_POINT('Ctrl Pts',(-28.6560065321614,-17.871908527223,-78.0220113139632));
#8992=CARTESIAN_POINT('Ctrl Pts',(-28.6596577821614,-15.075051027223,-78.0220113139632));
#8993=CARTESIAN_POINT('Ctrl Pts',(-28.6669602821614,-15.239357277223,-78.0220113139632));
#8994=CARTESIAN_POINT('Ctrl Pts',(-28.5464690321614,-15.186414152223,-78.0220113139632));
#8995=CARTESIAN_POINT('',(-28.5464690321614,-15.186414152223,-77.7220113139632));
#8996=CARTESIAN_POINT('Origin',(-28.6505296571614,-20.402224777223,-77.7220113139632));
#8997=CARTESIAN_POINT('',(-28.6505296571614,-20.402224777223,-77.7220113139632));
#8998=CARTESIAN_POINT('',(-28.6422124391381,-24.2447795039863,-77.7220113139632));
#8999=CARTESIAN_POINT('',(-28.6505296571614,-20.402224777223,-78.0220113139632));
#9000=CARTESIAN_POINT('',(-28.6505296571614,-20.402224777223,-77.7220113139632));
#9001=CARTESIAN_POINT('',(-28.6560065321614,-17.871908527223,-78.0220113139632));
#9002=CARTESIAN_POINT('Origin',(-28.6067146571614,-20.436911652223,-77.7220113139632));
#9003=CARTESIAN_POINT('',(-28.6067146571614,-20.436911652223,-77.7220113139632));
#9004=CARTESIAN_POINT('',(-28.5489776801165,-20.4826200923836,-77.7220113139632));
#9005=CARTESIAN_POINT('',(-28.6067146571614,-20.436911652223,-78.0220113139632));
#9006=CARTESIAN_POINT('',(-28.6067146571614,-20.436911652223,-77.7220113139632));
#9007=CARTESIAN_POINT('',(-28.6505296571614,-20.402224777223,-78.0220113139632));
#9008=CARTESIAN_POINT('Ctrl Pts',(-28.1265752821614,-20.471598527223,-77.7220113139632));
#9009=CARTESIAN_POINT('Ctrl Pts',(-28.1265752821614,-20.471598527223,-78.0220113139632));
#9010=CARTESIAN_POINT('Ctrl Pts',(-28.5300384071614,-20.471598527223,-77.7220113139632));
#9011=CARTESIAN_POINT('Ctrl Pts',(-28.5300384071614,-20.471598527223,-78.0220113139632));
#9012=CARTESIAN_POINT('Ctrl Pts',(-28.5683765321614,-20.469772902223,-77.7220113139632));
#9013=CARTESIAN_POINT('Ctrl Pts',(-28.5683765321614,-20.469772902223,-78.0220113139632));
#9014=CARTESIAN_POINT('Ctrl Pts',(-28.6067146571614,-20.436911652223,-77.7220113139632));
#9015=CARTESIAN_POINT('Ctrl Pts',(-28.6067146571614,-20.436911652223,-78.0220113139632));
#9016=CARTESIAN_POINT('',(-28.1265752821614,-20.471598527223,-77.7220113139632));
#9017=CARTESIAN_POINT('Ctrl Pts',(-28.1265752821614,-20.471598527223,-77.7220113139632));
#9018=CARTESIAN_POINT('Ctrl Pts',(-28.5300384071614,-20.471598527223,-77.7220113139632));
#9019=CARTESIAN_POINT('Ctrl Pts',(-28.5683765321614,-20.469772902223,-77.7220113139632));
#9020=CARTESIAN_POINT('Ctrl Pts',(-28.6067146571614,-20.436911652223,-77.7220113139632));
#9021=CARTESIAN_POINT('',(-28.1265752821614,-20.471598527223,-78.0220113139632));
#9022=CARTESIAN_POINT('',(-28.1265752821614,-20.471598527223,-77.7220113139632));
#9023=CARTESIAN_POINT('Ctrl Pts',(-28.1265752821614,-20.471598527223,-78.0220113139632));
#9024=CARTESIAN_POINT('Ctrl Pts',(-28.5300384071614,-20.471598527223,-78.0220113139632));
#9025=CARTESIAN_POINT('Ctrl Pts',(-28.5683765321614,-20.469772902223,-78.0220113139632));
#9026=CARTESIAN_POINT('Ctrl Pts',(-28.6067146571614,-20.436911652223,-78.0220113139632));
#9027=CARTESIAN_POINT('Origin',(-27.6902509071614,-20.471598527223,-77.7220113139632));
#9028=CARTESIAN_POINT('',(-27.6902509071614,-20.471598527223,-77.7220113139632));
#9029=CARTESIAN_POINT('',(-31.0878657609845,-20.471598527223,-77.7220113139632));
#9030=CARTESIAN_POINT('',(-27.6902509071614,-20.471598527223,-78.0220113139632));
#9031=CARTESIAN_POINT('',(-27.6902509071614,-20.471598527223,-77.7220113139632));
#9032=CARTESIAN_POINT('',(-28.1265752821614,-20.471598527223,-78.0220113139632));
#9033=CARTESIAN_POINT('Origin',(-27.6464359071614,-20.425957902223,-77.7220113139632));
#9034=CARTESIAN_POINT('',(-27.6464359071614,-20.425957902223,-77.7220113139632));
#9035=CARTESIAN_POINT('',(-31.2033530638104,-24.1310799403987,-77.7220113139632));
#9036=CARTESIAN_POINT('',(-27.6464359071614,-20.425957902223,-78.0220113139632));
#9037=CARTESIAN_POINT('',(-27.6464359071614,-20.425957902223,-77.7220113139632));
#9038=CARTESIAN_POINT('',(-27.6902509071614,-20.471598527223,-78.0220113139632));
#9039=CARTESIAN_POINT('Origin',(-27.6007952821614,-20.382142902223,-77.7220113139632));
#9040=CARTESIAN_POINT('',(-27.6007952821614,-20.382142902223,-77.7220113139632));
#9041=CARTESIAN_POINT('',(-31.3200469855626,-23.9526245374885,-77.7220113139632));
#9042=CARTESIAN_POINT('',(-27.6007952821614,-20.382142902223,-78.0220113139632));
#9043=CARTESIAN_POINT('',(-27.6007952821614,-20.382142902223,-77.7220113139632));
#9044=CARTESIAN_POINT('',(-27.6464359071614,-20.425957902223,-78.0220113139632));
#9045=CARTESIAN_POINT('Origin',(-27.6007952821614,-18.810279777223,-77.7220113139632));
#9046=CARTESIAN_POINT('',(-27.6007952821614,-18.810279777223,-77.7220113139632));
#9047=CARTESIAN_POINT('',(-27.6007952821614,-23.4551398886115,-77.7220113139632));
#9048=CARTESIAN_POINT('',(-27.6007952821614,-18.810279777223,-78.0220113139632));
#9049=CARTESIAN_POINT('',(-27.6007952821614,-18.810279777223,-77.7220113139632));
#9050=CARTESIAN_POINT('',(-27.6007952821614,-20.382142902223,-78.0220113139632));
#9051=CARTESIAN_POINT('Origin',(-26.4908152821614,-18.812105402223,-77.7220113139632));
#9052=CARTESIAN_POINT('',(-26.4908152821614,-18.812105402223,-77.7220113139632));
#9053=CARTESIAN_POINT('',(-30.4804990845391,-18.8055434222849,-77.7220113139632));
#9054=CARTESIAN_POINT('',(-26.4908152821614,-18.812105402223,-78.0220113139632));
#9055=CARTESIAN_POINT('',(-26.4908152821614,-18.812105402223,-77.7220113139632));
#9056=CARTESIAN_POINT('',(-27.6007952821614,-18.810279777223,-78.0220113139632));
#9057=CARTESIAN_POINT('Origin',(-25.3826609071614,-18.812105402223,-77.7220113139632));
#9058=CARTESIAN_POINT('',(-25.3826609071614,-18.812105402223,-77.7220113139632));
#9059=CARTESIAN_POINT('',(-29.9340707609845,-18.812105402223,-77.7220113139632));
#9060=CARTESIAN_POINT('',(-25.3826609071614,-18.812105402223,-78.0220113139632));
#9061=CARTESIAN_POINT('',(-25.3826609071614,-18.812105402223,-77.7220113139632));
#9062=CARTESIAN_POINT('',(-26.4908152821614,-18.812105402223,-78.0220113139632));
#9063=CARTESIAN_POINT('Origin',(-24.8276709071614,-19.624508527223,-77.7220113139632));
#9064=CARTESIAN_POINT('',(-24.8276709071614,-19.624508527223,-77.7220113139632));
#9065=CARTESIAN_POINT('',(-24.3903560230792,-20.2646569595143,-77.7220113139632));
#9066=CARTESIAN_POINT('',(-24.8276709071614,-19.624508527223,-78.0220113139632));
#9067=CARTESIAN_POINT('',(-24.8276709071614,-19.624508527223,-77.7220113139632));
#9068=CARTESIAN_POINT('',(-25.3826609071614,-18.812105402223,-78.0220113139632));
#9069=CARTESIAN_POINT('Ctrl Pts',(-24.2398196571614,-20.455167902223,-77.7220113139632));
#9070=CARTESIAN_POINT('Ctrl Pts',(-24.2398196571614,-20.455167902223,-78.0220113139632));
#9071=CARTESIAN_POINT('Ctrl Pts',(-24.2562502821614,-20.446039777223,-77.7220113139632));
#9072=CARTESIAN_POINT('Ctrl Pts',(-24.2562502821614,-20.446039777223,-78.0220113139632));
#9073=CARTESIAN_POINT('Ctrl Pts',(-24.5209659071614,-20.071786652223,-77.7220113139632));
#9074=CARTESIAN_POINT('Ctrl Pts',(-24.5209659071614,-20.071786652223,-78.0220113139632));
#9075=CARTESIAN_POINT('Ctrl Pts',(-24.8276709071614,-19.624508527223,-77.7220113139632));
#9076=CARTESIAN_POINT('Ctrl Pts',(-24.8276709071614,-19.624508527223,-78.0220113139632));
#9077=CARTESIAN_POINT('',(-24.2398196571614,-20.455167902223,-77.7220113139632));
#9078=CARTESIAN_POINT('Ctrl Pts',(-24.2398196571614,-20.455167902223,-77.7220113139632));
#9079=CARTESIAN_POINT('Ctrl Pts',(-24.2562502821614,-20.446039777223,-77.7220113139632));
#9080=CARTESIAN_POINT('Ctrl Pts',(-24.5209659071614,-20.071786652223,-77.7220113139632));
#9081=CARTESIAN_POINT('Ctrl Pts',(-24.8276709071614,-19.624508527223,-77.7220113139632));
#9082=CARTESIAN_POINT('',(-24.2398196571614,-20.455167902223,-78.0220113139632));
#9083=CARTESIAN_POINT('',(-24.2398196571614,-20.455167902223,-77.7220113139632));
#9084=CARTESIAN_POINT('Ctrl Pts',(-24.2398196571614,-20.455167902223,-78.0220113139632));
#9085=CARTESIAN_POINT('Ctrl Pts',(-24.2562502821614,-20.446039777223,-78.0220113139632));
#9086=CARTESIAN_POINT('Ctrl Pts',(-24.5209659071614,-20.071786652223,-78.0220113139632));
#9087=CARTESIAN_POINT('Ctrl Pts',(-24.8276709071614,-19.624508527223,-78.0220113139632));
#9088=CARTESIAN_POINT('Ctrl Pts',(-23.6811784071614,-20.467947277223,-77.7220113139632));
#9089=CARTESIAN_POINT('Ctrl Pts',(-23.6811784071614,-20.467947277223,-78.0220113139632));
#9090=CARTESIAN_POINT('Ctrl Pts',(-23.9897090321614,-20.469772902223,-77.7220113139632));
#9091=CARTESIAN_POINT('Ctrl Pts',(-23.9897090321614,-20.469772902223,-78.0220113139632));
#9092=CARTESIAN_POINT('Ctrl Pts',(-24.2197377821614,-20.464296027223,-77.7220113139632));
#9093=CARTESIAN_POINT('Ctrl Pts',(-24.2197377821614,-20.464296027223,-78.0220113139632));
#9094=CARTESIAN_POINT('Ctrl Pts',(-24.2398196571614,-20.455167902223,-77.7220113139632));
#9095=CARTESIAN_POINT('Ctrl Pts',(-24.2398196571614,-20.455167902223,-78.0220113139632));
#9096=CARTESIAN_POINT('',(-23.6811784071614,-20.467947277223,-77.7220113139632));
#9097=CARTESIAN_POINT('Ctrl Pts',(-23.6811784071614,-20.467947277223,-77.7220113139632));
#9098=CARTESIAN_POINT('Ctrl Pts',(-23.9897090321614,-20.469772902223,-77.7220113139632));
#9099=CARTESIAN_POINT('Ctrl Pts',(-24.2197377821614,-20.464296027223,-77.7220113139632));
#9100=CARTESIAN_POINT('Ctrl Pts',(-24.2398196571614,-20.455167902223,-77.7220113139632));
#9101=CARTESIAN_POINT('',(-23.6811784071614,-20.467947277223,-78.0220113139632));
#9102=CARTESIAN_POINT('',(-23.6811784071614,-20.467947277223,-77.7220113139632));
#9103=CARTESIAN_POINT('Ctrl Pts',(-23.6811784071614,-20.467947277223,-78.0220113139632));
#9104=CARTESIAN_POINT('Ctrl Pts',(-23.9897090321614,-20.469772902223,-78.0220113139632));
#9105=CARTESIAN_POINT('Ctrl Pts',(-24.2197377821614,-20.464296027223,-78.0220113139632));
#9106=CARTESIAN_POINT('Ctrl Pts',(-24.2398196571614,-20.455167902223,-78.0220113139632));
#9107=CARTESIAN_POINT('Origin',(-23.1553984071614,-20.462470402223,-77.7220113139632));
#9108=CARTESIAN_POINT('',(-23.1553984071614,-20.462470402223,-77.7220113139632));
#9109=CARTESIAN_POINT('',(-28.8595993655565,-20.5218891622062,-77.7220113139632));
#9110=CARTESIAN_POINT('',(-23.1553984071614,-20.462470402223,-78.0220113139632));
#9111=CARTESIAN_POINT('',(-23.1553984071614,-20.462470402223,-77.7220113139632));
#9112=CARTESIAN_POINT('',(-23.6811784071614,-20.467947277223,-78.0220113139632));
#9113=CARTESIAN_POINT('Origin',(-23.1316652821614,-20.409527277223,-77.7220113139632));
#9114=CARTESIAN_POINT('',(-23.1316652821614,-20.409527277223,-77.7220113139632));
#9115=CARTESIAN_POINT('',(-25.516864790926,-25.7303569506206,-77.7220113139632));
#9116=CARTESIAN_POINT('',(-23.1316652821614,-20.409527277223,-78.0220113139632));
#9117=CARTESIAN_POINT('',(-23.1316652821614,-20.409527277223,-77.7220113139632));
#9118=CARTESIAN_POINT('',(-23.1553984071614,-20.462470402223,-78.0220113139632));
#9119=CARTESIAN_POINT('Ctrl Pts',(-23.1243627821614,-20.318246027223,-77.7220113139632));
#9120=CARTESIAN_POINT('Ctrl Pts',(-23.1243627821614,-20.318246027223,-78.0220113139632));
#9121=CARTESIAN_POINT('Ctrl Pts',(-23.1115834071614,-20.347456027223,-77.7220113139632));
#9122=CARTESIAN_POINT('Ctrl Pts',(-23.1115834071614,-20.347456027223,-78.0220113139632));
#9123=CARTESIAN_POINT('Ctrl Pts',(-23.1134090321614,-20.373014777223,-77.7220113139632));
#9124=CARTESIAN_POINT('Ctrl Pts',(-23.1134090321614,-20.373014777223,-78.0220113139632));
#9125=CARTESIAN_POINT('Ctrl Pts',(-23.1316652821614,-20.409527277223,-77.7220113139632));
#9126=CARTESIAN_POINT('Ctrl Pts',(-23.1316652821614,-20.409527277223,-78.0220113139632));
#9127=CARTESIAN_POINT('',(-23.1243627821614,-20.318246027223,-77.7220113139632));
#9128=CARTESIAN_POINT('Ctrl Pts',(-23.1243627821614,-20.318246027223,-77.7220113139632));
#9129=CARTESIAN_POINT('Ctrl Pts',(-23.1115834071614,-20.347456027223,-77.7220113139632));
#9130=CARTESIAN_POINT('Ctrl Pts',(-23.1134090321614,-20.373014777223,-77.7220113139632));
#9131=CARTESIAN_POINT('Ctrl Pts',(-23.1316652821614,-20.409527277223,-77.7220113139632));
#9132=CARTESIAN_POINT('',(-23.1243627821614,-20.318246027223,-78.0220113139632));
#9133=CARTESIAN_POINT('',(-23.1243627821614,-20.318246027223,-77.7220113139632));
#9134=CARTESIAN_POINT('Ctrl Pts',(-23.1243627821614,-20.318246027223,-78.0220113139632));
#9135=CARTESIAN_POINT('Ctrl Pts',(-23.1115834071614,-20.347456027223,-78.0220113139632));
#9136=CARTESIAN_POINT('Ctrl Pts',(-23.1134090321614,-20.373014777223,-78.0220113139632));
#9137=CARTESIAN_POINT('Ctrl Pts',(-23.1316652821614,-20.409527277223,-78.0220113139632));
#9138=CARTESIAN_POINT('Ctrl Pts',(-23.7195165321614,-19.487586652223,-77.7220113139632));
#9139=CARTESIAN_POINT('Ctrl Pts',(-23.7195165321614,-19.487586652223,-78.0220113139632));
#9140=CARTESIAN_POINT('Ctrl Pts',(-23.4018577821614,-19.923911027223,-77.7220113139632));
#9141=CARTESIAN_POINT('Ctrl Pts',(-23.4018577821614,-19.923911027223,-78.0220113139632));
#9142=CARTESIAN_POINT('Ctrl Pts',(-23.1334909071614,-20.298164152223,-77.7220113139632));
#9143=CARTESIAN_POINT('Ctrl Pts',(-23.1334909071614,-20.298164152223,-78.0220113139632));
#9144=CARTESIAN_POINT('Ctrl Pts',(-23.1243627821614,-20.318246027223,-77.7220113139632));
#9145=CARTESIAN_POINT('Ctrl Pts',(-23.1243627821614,-20.318246027223,-78.0220113139632));
#9146=CARTESIAN_POINT('',(-23.7195165321614,-19.487586652223,-77.7220113139632));
#9147=CARTESIAN_POINT('Ctrl Pts',(-23.7195165321614,-19.487586652223,-77.7220113139632));
#9148=CARTESIAN_POINT('Ctrl Pts',(-23.4018577821614,-19.923911027223,-77.7220113139632));
#9149=CARTESIAN_POINT('Ctrl Pts',(-23.1334909071614,-20.298164152223,-77.7220113139632));
#9150=CARTESIAN_POINT('Ctrl Pts',(-23.1243627821614,-20.318246027223,-77.7220113139632));
#9151=CARTESIAN_POINT('',(-23.7195165321614,-19.487586652223,-78.0220113139632));
#9152=CARTESIAN_POINT('',(-23.7195165321614,-19.487586652223,-77.7220113139632));
#9153=CARTESIAN_POINT('Ctrl Pts',(-23.7195165321614,-19.487586652223,-78.0220113139632));
#9154=CARTESIAN_POINT('Ctrl Pts',(-23.4018577821614,-19.923911027223,-78.0220113139632));
#9155=CARTESIAN_POINT('Ctrl Pts',(-23.1334909071614,-20.298164152223,-78.0220113139632));
#9156=CARTESIAN_POINT('Ctrl Pts',(-23.1243627821614,-20.318246027223,-78.0220113139632));
#9157=CARTESIAN_POINT('Ctrl Pts',(-24.2891115321614,-18.687962902223,-77.7220113139632));
#9158=CARTESIAN_POINT('Ctrl Pts',(-24.2891115321614,-18.687962902223,-78.0220113139632));
#9159=CARTESIAN_POINT('Ctrl Pts',(-24.2945884071614,-18.693439777223,-77.7220113139632));
#9160=CARTESIAN_POINT('Ctrl Pts',(-24.2945884071614,-18.693439777223,-78.0220113139632));
#9161=CARTESIAN_POINT('Ctrl Pts',(-24.0390009071614,-19.053087902223,-77.7220113139632));
#9162=CARTESIAN_POINT('Ctrl Pts',(-24.0390009071614,-19.053087902223,-78.0220113139632));
#9163=CARTESIAN_POINT('Ctrl Pts',(-23.7195165321614,-19.487586652223,-77.7220113139632));
#9164=CARTESIAN_POINT('Ctrl Pts',(-23.7195165321614,-19.487586652223,-78.0220113139632));
#9165=CARTESIAN_POINT('',(-24.2891115321614,-18.687962902223,-77.7220113139632));
#9166=CARTESIAN_POINT('Ctrl Pts',(-24.2891115321614,-18.687962902223,-77.7220113139632));
#9167=CARTESIAN_POINT('Ctrl Pts',(-24.2945884071614,-18.693439777223,-77.7220113139632));
#9168=CARTESIAN_POINT('Ctrl Pts',(-24.0390009071614,-19.053087902223,-77.7220113139632));
#9169=CARTESIAN_POINT('Ctrl Pts',(-23.7195165321614,-19.487586652223,-77.7220113139632));
#9170=CARTESIAN_POINT('',(-24.2891115321614,-18.687962902223,-78.0220113139632));
#9171=CARTESIAN_POINT('',(-24.2891115321614,-18.687962902223,-77.7220113139632));
#9172=CARTESIAN_POINT('Ctrl Pts',(-24.2891115321614,-18.687962902223,-78.0220113139632));
#9173=CARTESIAN_POINT('Ctrl Pts',(-24.2945884071614,-18.693439777223,-78.0220113139632));
#9174=CARTESIAN_POINT('Ctrl Pts',(-24.0390009071614,-19.053087902223,-78.0220113139632));
#9175=CARTESIAN_POINT('Ctrl Pts',(-23.7195165321614,-19.487586652223,-78.0220113139632));
#9176=CARTESIAN_POINT('Ctrl Pts',(-24.1083746571614,-18.620414777223,-77.7220113139632));
#9177=CARTESIAN_POINT('Ctrl Pts',(-24.1083746571614,-18.620414777223,-78.0220113139632));
#9178=CARTESIAN_POINT('Ctrl Pts',(-24.2033071571614,-18.653276027223,-77.7220113139632));
#9179=CARTESIAN_POINT('Ctrl Pts',(-24.2033071571614,-18.653276027223,-78.0220113139632));
#9180=CARTESIAN_POINT('Ctrl Pts',(-24.2854602821614,-18.684311652223,-77.7220113139632));
#9181=CARTESIAN_POINT('Ctrl Pts',(-24.2854602821614,-18.684311652223,-78.0220113139632));
#9182=CARTESIAN_POINT('Ctrl Pts',(-24.2891115321614,-18.687962902223,-77.7220113139632));
#9183=CARTESIAN_POINT('Ctrl Pts',(-24.2891115321614,-18.687962902223,-78.0220113139632));
#9184=CARTESIAN_POINT('',(-24.1083746571614,-18.620414777223,-77.7220113139632));
#9185=CARTESIAN_POINT('Ctrl Pts',(-24.1083746571614,-18.620414777223,-77.7220113139632));
#9186=CARTESIAN_POINT('Ctrl Pts',(-24.2033071571614,-18.653276027223,-77.7220113139632));
#9187=CARTESIAN_POINT('Ctrl Pts',(-24.2854602821614,-18.684311652223,-77.7220113139632));
#9188=CARTESIAN_POINT('Ctrl Pts',(-24.2891115321614,-18.687962902223,-77.7220113139632));
#9189=CARTESIAN_POINT('',(-24.1083746571614,-18.620414777223,-78.0220113139632));
#9190=CARTESIAN_POINT('',(-24.1083746571614,-18.620414777223,-77.7220113139632));
#9191=CARTESIAN_POINT('Ctrl Pts',(-24.1083746571614,-18.620414777223,-78.0220113139632));
#9192=CARTESIAN_POINT('Ctrl Pts',(-24.2033071571614,-18.653276027223,-78.0220113139632));
#9193=CARTESIAN_POINT('Ctrl Pts',(-24.2854602821614,-18.684311652223,-78.0220113139632));
#9194=CARTESIAN_POINT('Ctrl Pts',(-24.2891115321614,-18.687962902223,-78.0220113139632));
#9195=CARTESIAN_POINT('Ctrl Pts',(-23.6446659071614,-18.330140402223,-77.7220113139632));
#9196=CARTESIAN_POINT('Ctrl Pts',(-23.6446659071614,-18.330140402223,-78.0220113139632));
#9197=CARTESIAN_POINT('Ctrl Pts',(-23.7815877821614,-18.476190402223,-77.7220113139632));
#9198=CARTESIAN_POINT('Ctrl Pts',(-23.7815877821614,-18.476190402223,-78.0220113139632));
#9199=CARTESIAN_POINT('Ctrl Pts',(-23.8947765321614,-18.547389777223,-77.7220113139632));
#9200=CARTESIAN_POINT('Ctrl Pts',(-23.8947765321614,-18.547389777223,-78.0220113139632));
#9201=CARTESIAN_POINT('Ctrl Pts',(-24.1083746571614,-18.620414777223,-77.7220113139632));
#9202=CARTESIAN_POINT('Ctrl Pts',(-24.1083746571614,-18.620414777223,-78.0220113139632));
#9203=CARTESIAN_POINT('',(-23.6446659071614,-18.330140402223,-77.7220113139632));
#9204=CARTESIAN_POINT('Ctrl Pts',(-23.6446659071614,-18.330140402223,-77.7220113139632));
#9205=CARTESIAN_POINT('Ctrl Pts',(-23.7815877821614,-18.476190402223,-77.7220113139632));
#9206=CARTESIAN_POINT('Ctrl Pts',(-23.8947765321614,-18.547389777223,-77.7220113139632));
#9207=CARTESIAN_POINT('Ctrl Pts',(-24.1083746571614,-18.620414777223,-77.7220113139632));
#9208=CARTESIAN_POINT('',(-23.6446659071614,-18.330140402223,-78.0220113139632));
#9209=CARTESIAN_POINT('',(-23.6446659071614,-18.330140402223,-77.7220113139632));
#9210=CARTESIAN_POINT('Ctrl Pts',(-23.6446659071614,-18.330140402223,-78.0220113139632));
#9211=CARTESIAN_POINT('Ctrl Pts',(-23.7815877821614,-18.476190402223,-78.0220113139632));
#9212=CARTESIAN_POINT('Ctrl Pts',(-23.8947765321614,-18.547389777223,-78.0220113139632));
#9213=CARTESIAN_POINT('Ctrl Pts',(-24.1083746571614,-18.620414777223,-78.0220113139632));
#9214=CARTESIAN_POINT('Ctrl Pts',(-23.3105765321614,-17.477573527223,-77.7220113139632));
#9215=CARTESIAN_POINT('Ctrl Pts',(-23.3105765321614,-17.477573527223,-78.0220113139632));
#9216=CARTESIAN_POINT('Ctrl Pts',(-23.3525659071614,-17.848175402223,-77.7220113139632));
#9217=CARTESIAN_POINT('Ctrl Pts',(-23.3525659071614,-17.848175402223,-78.0220113139632));
#9218=CARTESIAN_POINT('Ctrl Pts',(-23.4675802821614,-18.140275402223,-77.7220113139632));
#9219=CARTESIAN_POINT('Ctrl Pts',(-23.4675802821614,-18.140275402223,-78.0220113139632));
#9220=CARTESIAN_POINT('Ctrl Pts',(-23.6446659071614,-18.330140402223,-77.7220113139632));
#9221=CARTESIAN_POINT('Ctrl Pts',(-23.6446659071614,-18.330140402223,-78.0220113139632));
#9222=CARTESIAN_POINT('',(-23.3105765321614,-17.477573527223,-77.7220113139632));
#9223=CARTESIAN_POINT('Ctrl Pts',(-23.3105765321614,-17.477573527223,-77.7220113139632));
#9224=CARTESIAN_POINT('Ctrl Pts',(-23.3525659071614,-17.848175402223,-77.7220113139632));
#9225=CARTESIAN_POINT('Ctrl Pts',(-23.4675802821614,-18.140275402223,-77.7220113139632));
#9226=CARTESIAN_POINT('Ctrl Pts',(-23.6446659071614,-18.330140402223,-77.7220113139632));
#9227=CARTESIAN_POINT('',(-23.3105765321614,-17.477573527223,-78.0220113139632));
#9228=CARTESIAN_POINT('',(-23.3105765321614,-17.477573527223,-77.7220113139632));
#9229=CARTESIAN_POINT('Ctrl Pts',(-23.3105765321614,-17.477573527223,-78.0220113139632));
#9230=CARTESIAN_POINT('Ctrl Pts',(-23.3525659071614,-17.848175402223,-78.0220113139632));
#9231=CARTESIAN_POINT('Ctrl Pts',(-23.4675802821614,-18.140275402223,-78.0220113139632));
#9232=CARTESIAN_POINT('Ctrl Pts',(-23.6446659071614,-18.330140402223,-78.0220113139632));
#9233=CARTESIAN_POINT('Ctrl Pts',(-23.3361352821614,-16.223369152223,-77.7220113139632));
#9234=CARTESIAN_POINT('Ctrl Pts',(-23.3361352821614,-16.223369152223,-78.0220113139632));
#9235=CARTESIAN_POINT('Ctrl Pts',(-23.2977971571614,-16.404106027223,-77.7220113139632));
#9236=CARTESIAN_POINT('Ctrl Pts',(-23.2977971571614,-16.404106027223,-78.0220113139632));
#9237=CARTESIAN_POINT('Ctrl Pts',(-23.2813665321614,-17.225637277223,-77.7220113139632));
#9238=CARTESIAN_POINT('Ctrl Pts',(-23.2813665321614,-17.225637277223,-78.0220113139632));
#9239=CARTESIAN_POINT('Ctrl Pts',(-23.3105765321614,-17.477573527223,-77.7220113139632));
#9240=CARTESIAN_POINT('Ctrl Pts',(-23.3105765321614,-17.477573527223,-78.0220113139632));
#9241=CARTESIAN_POINT('',(-23.3361352821614,-16.223369152223,-77.7220113139632));
#9242=CARTESIAN_POINT('Ctrl Pts',(-23.3361352821614,-16.223369152223,-77.7220113139632));
#9243=CARTESIAN_POINT('Ctrl Pts',(-23.2977971571614,-16.404106027223,-77.7220113139632));
#9244=CARTESIAN_POINT('Ctrl Pts',(-23.2813665321614,-17.225637277223,-77.7220113139632));
#9245=CARTESIAN_POINT('Ctrl Pts',(-23.3105765321614,-17.477573527223,-77.7220113139632));
#9246=CARTESIAN_POINT('',(-23.3361352821614,-16.223369152223,-78.0220113139632));
#9247=CARTESIAN_POINT('',(-23.3361352821614,-16.223369152223,-77.7220113139632));
#9248=CARTESIAN_POINT('Ctrl Pts',(-23.3361352821614,-16.223369152223,-78.0220113139632));
#9249=CARTESIAN_POINT('Ctrl Pts',(-23.2977971571614,-16.404106027223,-78.0220113139632));
#9250=CARTESIAN_POINT('Ctrl Pts',(-23.2813665321614,-17.225637277223,-78.0220113139632));
#9251=CARTESIAN_POINT('Ctrl Pts',(-23.3105765321614,-17.477573527223,-78.0220113139632));
#9252=CARTESIAN_POINT('Ctrl Pts',(-23.6757015321614,-15.524154777223,-77.7220113139632));
#9253=CARTESIAN_POINT('Ctrl Pts',(-23.6757015321614,-15.524154777223,-78.0220113139632));
#9254=CARTESIAN_POINT('Ctrl Pts',(-23.5059184071614,-15.699414777223,-77.7220113139632));
#9255=CARTESIAN_POINT('Ctrl Pts',(-23.5059184071614,-15.699414777223,-78.0220113139632));
#9256=CARTESIAN_POINT('Ctrl Pts',(-23.4000321571614,-15.914838527223,-77.7220113139632));
#9257=CARTESIAN_POINT('Ctrl Pts',(-23.4000321571614,-15.914838527223,-78.0220113139632));
#9258=CARTESIAN_POINT('Ctrl Pts',(-23.3361352821614,-16.223369152223,-77.7220113139632));
#9259=CARTESIAN_POINT('Ctrl Pts',(-23.3361352821614,-16.223369152223,-78.0220113139632));
#9260=CARTESIAN_POINT('',(-23.6757015321614,-15.524154777223,-77.7220113139632));
#9261=CARTESIAN_POINT('Ctrl Pts',(-23.6757015321614,-15.524154777223,-77.7220113139632));
#9262=CARTESIAN_POINT('Ctrl Pts',(-23.5059184071614,-15.699414777223,-77.7220113139632));
#9263=CARTESIAN_POINT('Ctrl Pts',(-23.4000321571614,-15.914838527223,-77.7220113139632));
#9264=CARTESIAN_POINT('Ctrl Pts',(-23.3361352821614,-16.223369152223,-77.7220113139632));
#9265=CARTESIAN_POINT('',(-23.6757015321614,-15.524154777223,-78.0220113139632));
#9266=CARTESIAN_POINT('',(-23.6757015321614,-15.524154777223,-77.7220113139632));
#9267=CARTESIAN_POINT('Ctrl Pts',(-23.6757015321614,-15.524154777223,-78.0220113139632));
#9268=CARTESIAN_POINT('Ctrl Pts',(-23.5059184071614,-15.699414777223,-78.0220113139632));
#9269=CARTESIAN_POINT('Ctrl Pts',(-23.4000321571614,-15.914838527223,-78.0220113139632));
#9270=CARTESIAN_POINT('Ctrl Pts',(-23.3361352821614,-16.223369152223,-78.0220113139632));
#9271=CARTESIAN_POINT('Ctrl Pts',(-24.3237984071614,-15.199193527223,-77.7220113139632));
#9272=CARTESIAN_POINT('Ctrl Pts',(-24.3237984071614,-15.199193527223,-78.0220113139632));
#9273=CARTESIAN_POINT('Ctrl Pts',(-24.0243959071614,-15.268567277223,-77.7220113139632));
#9274=CARTESIAN_POINT('Ctrl Pts',(-24.0243959071614,-15.268567277223,-78.0220113139632));
#9275=CARTESIAN_POINT('Ctrl Pts',(-23.8308796571614,-15.365325402223,-77.7220113139632));
#9276=CARTESIAN_POINT('Ctrl Pts',(-23.8308796571614,-15.365325402223,-78.0220113139632));
#9277=CARTESIAN_POINT('Ctrl Pts',(-23.6757015321614,-15.524154777223,-77.7220113139632));
#9278=CARTESIAN_POINT('Ctrl Pts',(-23.6757015321614,-15.524154777223,-78.0220113139632));
#9279=CARTESIAN_POINT('',(-24.3237984071614,-15.199193527223,-77.7220113139632));
#9280=CARTESIAN_POINT('Ctrl Pts',(-24.3237984071614,-15.199193527223,-77.7220113139632));
#9281=CARTESIAN_POINT('Ctrl Pts',(-24.0243959071614,-15.268567277223,-77.7220113139632));
#9282=CARTESIAN_POINT('Ctrl Pts',(-23.8308796571614,-15.365325402223,-77.7220113139632));
#9283=CARTESIAN_POINT('Ctrl Pts',(-23.6757015321614,-15.524154777223,-77.7220113139632));
#9284=CARTESIAN_POINT('',(-24.3237984071614,-15.199193527223,-78.0220113139632));
#9285=CARTESIAN_POINT('',(-24.3237984071614,-15.199193527223,-77.7220113139632));
#9286=CARTESIAN_POINT('Ctrl Pts',(-24.3237984071614,-15.199193527223,-78.0220113139632));
#9287=CARTESIAN_POINT('Ctrl Pts',(-24.0243959071614,-15.268567277223,-78.0220113139632));
#9288=CARTESIAN_POINT('Ctrl Pts',(-23.8308796571614,-15.365325402223,-78.0220113139632));
#9289=CARTESIAN_POINT('Ctrl Pts',(-23.6757015321614,-15.524154777223,-78.0220113139632));
#9290=CARTESIAN_POINT('Ctrl Pts',(-28.5464690321614,-15.186414152223,-77.7220113139632));
#9291=CARTESIAN_POINT('Ctrl Pts',(-28.5464690321614,-15.186414152223,-78.0220113139632));
#9292=CARTESIAN_POINT('Ctrl Pts',(-28.4533621571614,-15.144424777223,-77.7220113139632));
#9293=CARTESIAN_POINT('Ctrl Pts',(-28.4533621571614,-15.144424777223,-78.0220113139632));
#9294=CARTESIAN_POINT('Ctrl Pts',(-24.5100121571614,-15.157204152223,-77.7220113139632));
#9295=CARTESIAN_POINT('Ctrl Pts',(-24.5100121571614,-15.157204152223,-78.0220113139632));
#9296=CARTESIAN_POINT('Ctrl Pts',(-24.3237984071614,-15.199193527223,-77.7220113139632));
#9297=CARTESIAN_POINT('Ctrl Pts',(-24.3237984071614,-15.199193527223,-78.0220113139632));
#9298=CARTESIAN_POINT('Ctrl Pts',(-28.5464690321614,-15.186414152223,-77.7220113139632));
#9299=CARTESIAN_POINT('Ctrl Pts',(-28.4533621571614,-15.144424777223,-77.7220113139632));
#9300=CARTESIAN_POINT('Ctrl Pts',(-24.5100121571614,-15.157204152223,-77.7220113139632));
#9301=CARTESIAN_POINT('Ctrl Pts',(-24.3237984071614,-15.199193527223,-77.7220113139632));
#9302=CARTESIAN_POINT('Ctrl Pts',(-28.5464690321614,-15.186414152223,-78.0220113139632));
#9303=CARTESIAN_POINT('Ctrl Pts',(-28.4533621571614,-15.144424777223,-78.0220113139632));
#9304=CARTESIAN_POINT('Ctrl Pts',(-24.5100121571614,-15.157204152223,-78.0220113139632));
#9305=CARTESIAN_POINT('Ctrl Pts',(-24.3237984071614,-15.199193527223,-78.0220113139632));
#9306=CARTESIAN_POINT('Origin',(-25.8892718446614,-17.773324777223,-78.0220113139632));
#9307=CARTESIAN_POINT('Origin',(2.17879971783861,-16.269009777223,-77.7220113139632));
#9308=CARTESIAN_POINT('',(2.17879971783861,-16.269009777223,-77.7220113139632));
#9309=CARTESIAN_POINT('',(2.09299534283861,-16.227020402223,-77.7220113139632));
#9310=CARTESIAN_POINT('',(-10.2759290666746,-10.1741424996953,-77.7220113139632));
#9311=CARTESIAN_POINT('',(2.17879971783861,-16.269009777223,-78.0220113139632));
#9312=CARTESIAN_POINT('',(2.17879971783861,-16.269009777223,-77.7220113139632));
#9313=CARTESIAN_POINT('',(2.09299534283861,-16.227020402223,-78.0220113139632));
#9314=CARTESIAN_POINT('',(2.09299534283861,-16.227020402223,-78.0220113139632));
#9315=CARTESIAN_POINT('',(2.09299534283861,-16.227020402223,-77.7220113139632));
#9316=CARTESIAN_POINT('Ctrl Pts',(2.42525909283861,-16.553807277223,-77.7220113139632));
#9317=CARTESIAN_POINT('Ctrl Pts',(2.42525909283861,-16.553807277223,-78.0220113139632));
#9318=CARTESIAN_POINT('Ctrl Pts',(2.38326971783861,-16.433316027223,-77.7220113139632));
#9319=CARTESIAN_POINT('Ctrl Pts',(2.38326971783861,-16.433316027223,-78.0220113139632));
#9320=CARTESIAN_POINT('Ctrl Pts',(2.28833721783861,-16.323778527223,-77.7220113139632));
#9321=CARTESIAN_POINT('Ctrl Pts',(2.28833721783861,-16.323778527223,-78.0220113139632));
#9322=CARTESIAN_POINT('Ctrl Pts',(2.17879971783861,-16.269009777223,-77.7220113139632));
#9323=CARTESIAN_POINT('Ctrl Pts',(2.17879971783861,-16.269009777223,-78.0220113139632));
#9324=CARTESIAN_POINT('',(2.42525909283861,-16.553807277223,-77.7220113139632));
#9325=CARTESIAN_POINT('Ctrl Pts',(2.42525909283861,-16.553807277223,-77.7220113139632));
#9326=CARTESIAN_POINT('Ctrl Pts',(2.38326971783861,-16.433316027223,-77.7220113139632));
#9327=CARTESIAN_POINT('Ctrl Pts',(2.28833721783861,-16.323778527223,-77.7220113139632));
#9328=CARTESIAN_POINT('Ctrl Pts',(2.17879971783861,-16.269009777223,-77.7220113139632));
#9329=CARTESIAN_POINT('',(2.42525909283861,-16.553807277223,-78.0220113139632));
#9330=CARTESIAN_POINT('',(2.42525909283861,-16.553807277223,-77.7220113139632));
#9331=CARTESIAN_POINT('Ctrl Pts',(2.42525909283861,-16.553807277223,-78.0220113139632));
#9332=CARTESIAN_POINT('Ctrl Pts',(2.38326971783861,-16.433316027223,-78.0220113139632));
#9333=CARTESIAN_POINT('Ctrl Pts',(2.28833721783861,-16.323778527223,-78.0220113139632));
#9334=CARTESIAN_POINT('Ctrl Pts',(2.17879971783861,-16.269009777223,-78.0220113139632));
#9335=CARTESIAN_POINT('Ctrl Pts',(2.45812034283861,-17.048551652223,-77.7220113139632));
#9336=CARTESIAN_POINT('Ctrl Pts',(2.45812034283861,-17.048551652223,-78.0220113139632));
#9337=CARTESIAN_POINT('Ctrl Pts',(2.45812034283861,-16.710811027223,-77.7220113139632));
#9338=CARTESIAN_POINT('Ctrl Pts',(2.45812034283861,-16.710811027223,-78.0220113139632));
#9339=CARTESIAN_POINT('Ctrl Pts',(2.45264346783861,-16.632309152223,-77.7220113139632));
#9340=CARTESIAN_POINT('Ctrl Pts',(2.45264346783861,-16.632309152223,-78.0220113139632));
#9341=CARTESIAN_POINT('Ctrl Pts',(2.42525909283861,-16.553807277223,-77.7220113139632));
#9342=CARTESIAN_POINT('Ctrl Pts',(2.42525909283861,-16.553807277223,-78.0220113139632));
#9343=CARTESIAN_POINT('',(2.45812034283861,-17.048551652223,-77.7220113139632));
#9344=CARTESIAN_POINT('Ctrl Pts',(2.45812034283861,-17.048551652223,-77.7220113139632));
#9345=CARTESIAN_POINT('Ctrl Pts',(2.45812034283861,-16.710811027223,-77.7220113139632));
#9346=CARTESIAN_POINT('Ctrl Pts',(2.45264346783861,-16.632309152223,-77.7220113139632));
#9347=CARTESIAN_POINT('Ctrl Pts',(2.42525909283861,-16.553807277223,-77.7220113139632));
#9348=CARTESIAN_POINT('',(2.45812034283861,-17.048551652223,-78.0220113139632));
#9349=CARTESIAN_POINT('',(2.45812034283861,-17.048551652223,-77.7220113139632));
#9350=CARTESIAN_POINT('Ctrl Pts',(2.45812034283861,-17.048551652223,-78.0220113139632));
#9351=CARTESIAN_POINT('Ctrl Pts',(2.45812034283861,-16.710811027223,-78.0220113139632));
#9352=CARTESIAN_POINT('Ctrl Pts',(2.45264346783861,-16.632309152223,-78.0220113139632));
#9353=CARTESIAN_POINT('Ctrl Pts',(2.42525909283861,-16.553807277223,-78.0220113139632));
#9354=CARTESIAN_POINT('Ctrl Pts',(2.41613096783861,-17.554249777223,-77.7220113139632));
#9355=CARTESIAN_POINT('Ctrl Pts',(2.41613096783861,-17.554249777223,-78.0220113139632));
#9356=CARTESIAN_POINT('Ctrl Pts',(2.45446909283861,-17.457491652223,-77.7220113139632));
#9357=CARTESIAN_POINT('Ctrl Pts',(2.45446909283861,-17.457491652223,-78.0220113139632));
#9358=CARTESIAN_POINT('Ctrl Pts',(2.45812034283861,-17.424630402223,-77.7220113139632));
#9359=CARTESIAN_POINT('Ctrl Pts',(2.45812034283861,-17.424630402223,-78.0220113139632));
#9360=CARTESIAN_POINT('Ctrl Pts',(2.45812034283861,-17.048551652223,-77.7220113139632));
#9361=CARTESIAN_POINT('Ctrl Pts',(2.45812034283861,-17.048551652223,-78.0220113139632));
#9362=CARTESIAN_POINT('',(2.41613096783861,-17.554249777223,-77.7220113139632));
#9363=CARTESIAN_POINT('Ctrl Pts',(2.41613096783861,-17.554249777223,-77.7220113139632));
#9364=CARTESIAN_POINT('Ctrl Pts',(2.45446909283861,-17.457491652223,-77.7220113139632));
#9365=CARTESIAN_POINT('Ctrl Pts',(2.45812034283861,-17.424630402223,-77.7220113139632));
#9366=CARTESIAN_POINT('Ctrl Pts',(2.45812034283861,-17.048551652223,-77.7220113139632));
#9367=CARTESIAN_POINT('',(2.41613096783861,-17.554249777223,-78.0220113139632));
#9368=CARTESIAN_POINT('',(2.41613096783861,-17.554249777223,-77.7220113139632));
#9369=CARTESIAN_POINT('Ctrl Pts',(2.41613096783861,-17.554249777223,-78.0220113139632));
#9370=CARTESIAN_POINT('Ctrl Pts',(2.45446909283861,-17.457491652223,-78.0220113139632));
#9371=CARTESIAN_POINT('Ctrl Pts',(2.45812034283861,-17.424630402223,-78.0220113139632));
#9372=CARTESIAN_POINT('Ctrl Pts',(2.45812034283861,-17.048551652223,-78.0220113139632));
#9373=CARTESIAN_POINT('Ctrl Pts',(2.29563971783862,-17.729509777223,-77.7220113139632));
#9374=CARTESIAN_POINT('Ctrl Pts',(2.29563971783862,-17.729509777223,-78.0220113139632));
#9375=CARTESIAN_POINT('Ctrl Pts',(2.34493159283861,-17.683869152223,-77.7220113139632));
#9376=CARTESIAN_POINT('Ctrl Pts',(2.34493159283861,-17.683869152223,-78.0220113139632));
#9377=CARTESIAN_POINT('Ctrl Pts',(2.39057221783861,-17.618146652223,-77.7220113139632));
#9378=CARTESIAN_POINT('Ctrl Pts',(2.39057221783861,-17.618146652223,-78.0220113139632));
#9379=CARTESIAN_POINT('Ctrl Pts',(2.41613096783861,-17.554249777223,-77.7220113139632));
#9380=CARTESIAN_POINT('Ctrl Pts',(2.41613096783861,-17.554249777223,-78.0220113139632));
#9381=CARTESIAN_POINT('',(2.29563971783862,-17.729509777223,-77.7220113139632));
#9382=CARTESIAN_POINT('Ctrl Pts',(2.29563971783862,-17.729509777223,-77.7220113139632));
#9383=CARTESIAN_POINT('Ctrl Pts',(2.34493159283861,-17.683869152223,-77.7220113139632));
#9384=CARTESIAN_POINT('Ctrl Pts',(2.39057221783861,-17.618146652223,-77.7220113139632));
#9385=CARTESIAN_POINT('Ctrl Pts',(2.41613096783861,-17.554249777223,-77.7220113139632));
#9386=CARTESIAN_POINT('',(2.29563971783862,-17.729509777223,-78.0220113139632));
#9387=CARTESIAN_POINT('',(2.29563971783862,-17.729509777223,-77.7220113139632));
#9388=CARTESIAN_POINT('Ctrl Pts',(2.29563971783862,-17.729509777223,-78.0220113139632));
#9389=CARTESIAN_POINT('Ctrl Pts',(2.34493159283861,-17.683869152223,-78.0220113139632));
#9390=CARTESIAN_POINT('Ctrl Pts',(2.39057221783861,-17.618146652223,-78.0220113139632));
#9391=CARTESIAN_POINT('Ctrl Pts',(2.41613096783861,-17.554249777223,-78.0220113139632));
#9392=CARTESIAN_POINT('Ctrl Pts',(0.619715967838617,-17.860954777223,-77.7220113139632));
#9393=CARTESIAN_POINT('Ctrl Pts',(0.619715967838617,-17.860954777223,-78.0220113139632));
#9394=CARTESIAN_POINT('Ctrl Pts',(2.19888159283861,-17.860954777223,-77.7220113139632));
#9395=CARTESIAN_POINT('Ctrl Pts',(2.19888159283861,-17.860954777223,-78.0220113139632));
#9396=CARTESIAN_POINT('Ctrl Pts',(2.14958971783861,-17.864606027223,-77.7220113139632));
#9397=CARTESIAN_POINT('Ctrl Pts',(2.14958971783861,-17.864606027223,-78.0220113139632));
#9398=CARTESIAN_POINT('Ctrl Pts',(2.29563971783862,-17.729509777223,-77.7220113139632));
#9399=CARTESIAN_POINT('Ctrl Pts',(2.29563971783862,-17.729509777223,-78.0220113139632));
#9400=CARTESIAN_POINT('',(0.619715967838616,-17.860954777223,-77.7220113139632));
#9401=CARTESIAN_POINT('Ctrl Pts',(0.619715967838617,-17.860954777223,-77.7220113139632));
#9402=CARTESIAN_POINT('Ctrl Pts',(2.19888159283861,-17.860954777223,-77.7220113139632));
#9403=CARTESIAN_POINT('Ctrl Pts',(2.14958971783861,-17.864606027223,-77.7220113139632));
#9404=CARTESIAN_POINT('Ctrl Pts',(2.29563971783862,-17.729509777223,-77.7220113139632));
#9405=CARTESIAN_POINT('',(0.619715967838616,-17.860954777223,-78.0220113139632));
#9406=CARTESIAN_POINT('',(0.619715967838616,-17.860954777223,-77.7220113139632));
#9407=CARTESIAN_POINT('Ctrl Pts',(0.619715967838617,-17.860954777223,-78.0220113139632));
#9408=CARTESIAN_POINT('Ctrl Pts',(2.19888159283861,-17.860954777223,-78.0220113139632));
#9409=CARTESIAN_POINT('Ctrl Pts',(2.14958971783861,-17.864606027223,-78.0220113139632));
#9410=CARTESIAN_POINT('Ctrl Pts',(2.29563971783862,-17.729509777223,-78.0220113139632));
#9411=CARTESIAN_POINT('Origin',(-0.782364032161387,-17.860954777223,-77.7220113139632));
#9412=CARTESIAN_POINT('',(-0.782364032161387,-17.860954777223,-77.7220113139632));
#9413=CARTESIAN_POINT('',(-17.6339223234845,-17.860954777223,-77.7220113139632));
#9414=CARTESIAN_POINT('',(-0.782364032161387,-17.860954777223,-78.0220113139632));
#9415=CARTESIAN_POINT('',(-0.782364032161387,-17.860954777223,-77.7220113139632));
#9416=CARTESIAN_POINT('',(0.619715967838616,-17.860954777223,-78.0220113139632));
#9417=CARTESIAN_POINT('Origin',(-0.782364032161387,-17.068633527223,-77.7220113139632));
#9418=CARTESIAN_POINT('',(-0.782364032161387,-17.068633527223,-77.7220113139632));
#9419=CARTESIAN_POINT('',(-0.782364032161387,-22.5843167636115,-77.7220113139632));
#9420=CARTESIAN_POINT('',(-0.782364032161387,-17.068633527223,-78.0220113139632));
#9421=CARTESIAN_POINT('',(-0.782364032161387,-17.068633527223,-77.7220113139632));
#9422=CARTESIAN_POINT('',(-0.782364032161387,-17.860954777223,-78.0220113139632));
#9423=CARTESIAN_POINT('Ctrl Pts',(-0.771410282161384,-16.247102277223,-77.7220113139632));
#9424=CARTESIAN_POINT('Ctrl Pts',(-0.771410282161384,-16.247102277223,-78.0220113139632));
#9425=CARTESIAN_POINT('Ctrl Pts',(-0.776887157161386,-16.261707277223,-77.7220113139632));
#9426=CARTESIAN_POINT('Ctrl Pts',(-0.776887157161386,-16.261707277223,-78.0220113139632));
#9427=CARTESIAN_POINT('Ctrl Pts',(-0.782364032161387,-16.632309152223,-77.7220113139632));
#9428=CARTESIAN_POINT('Ctrl Pts',(-0.782364032161387,-16.632309152223,-78.0220113139632));
#9429=CARTESIAN_POINT('Ctrl Pts',(-0.782364032161387,-17.068633527223,-77.7220113139632));
#9430=CARTESIAN_POINT('Ctrl Pts',(-0.782364032161387,-17.068633527223,-78.0220113139632));
#9431=CARTESIAN_POINT('',(-0.771410282161384,-16.247102277223,-77.7220113139632));
#9432=CARTESIAN_POINT('Ctrl Pts',(-0.771410282161384,-16.247102277223,-77.7220113139632));
#9433=CARTESIAN_POINT('Ctrl Pts',(-0.776887157161386,-16.261707277223,-77.7220113139632));
#9434=CARTESIAN_POINT('Ctrl Pts',(-0.782364032161387,-16.632309152223,-77.7220113139632));
#9435=CARTESIAN_POINT('Ctrl Pts',(-0.782364032161387,-17.068633527223,-77.7220113139632));
#9436=CARTESIAN_POINT('',(-0.771410282161385,-16.247102277223,-78.0220113139632));
#9437=CARTESIAN_POINT('',(-0.771410282161384,-16.247102277223,-77.7220113139632));
#9438=CARTESIAN_POINT('Ctrl Pts',(-0.771410282161384,-16.247102277223,-78.0220113139632));
#9439=CARTESIAN_POINT('Ctrl Pts',(-0.776887157161386,-16.261707277223,-78.0220113139632));
#9440=CARTESIAN_POINT('Ctrl Pts',(-0.782364032161387,-16.632309152223,-78.0220113139632));
#9441=CARTESIAN_POINT('Ctrl Pts',(-0.782364032161387,-17.068633527223,-78.0220113139632));
#9442=CARTESIAN_POINT('Ctrl Pts',(0.667182217838613,-16.221543527223,-77.7220113139632));
#9443=CARTESIAN_POINT('Ctrl Pts',(0.667182217838613,-16.221543527223,-78.0220113139632));
#9444=CARTESIAN_POINT('Ctrl Pts',(-0.630837157161386,-16.217892277223,-77.7220113139632));
#9445=CARTESIAN_POINT('Ctrl Pts',(-0.630837157161386,-16.217892277223,-78.0220113139632));
#9446=CARTESIAN_POINT('Ctrl Pts',(-0.760456532161387,-16.219717902223,-77.7220113139632));
#9447=CARTESIAN_POINT('Ctrl Pts',(-0.760456532161387,-16.219717902223,-78.0220113139632));
#9448=CARTESIAN_POINT('Ctrl Pts',(-0.771410282161384,-16.247102277223,-77.7220113139632));
#9449=CARTESIAN_POINT('Ctrl Pts',(-0.771410282161384,-16.247102277223,-78.0220113139632));
#9450=CARTESIAN_POINT('',(0.667182217838613,-16.221543527223,-77.7220113139632));
#9451=CARTESIAN_POINT('Ctrl Pts',(0.667182217838613,-16.221543527223,-77.7220113139632));
#9452=CARTESIAN_POINT('Ctrl Pts',(-0.630837157161386,-16.217892277223,-77.7220113139632));
#9453=CARTESIAN_POINT('Ctrl Pts',(-0.760456532161387,-16.219717902223,-77.7220113139632));
#9454=CARTESIAN_POINT('Ctrl Pts',(-0.771410282161384,-16.247102277223,-77.7220113139632));
#9455=CARTESIAN_POINT('',(0.667182217838613,-16.221543527223,-78.0220113139632));
#9456=CARTESIAN_POINT('',(0.667182217838613,-16.221543527223,-77.7220113139632));
#9457=CARTESIAN_POINT('Ctrl Pts',(0.667182217838613,-16.221543527223,-78.0220113139632));
#9458=CARTESIAN_POINT('Ctrl Pts',(-0.630837157161386,-16.217892277223,-78.0220113139632));
#9459=CARTESIAN_POINT('Ctrl Pts',(-0.760456532161387,-16.219717902223,-78.0220113139632));
#9460=CARTESIAN_POINT('Ctrl Pts',(-0.771410282161384,-16.247102277223,-78.0220113139632));
#9461=CARTESIAN_POINT('Origin',(2.09299534283861,-16.227020402223,-77.7220113139632));
#9462=CARTESIAN_POINT('',(-16.1731697000359,-16.1568558758099,-77.7220113139632));
#9463=CARTESIAN_POINT('',(0.667182217838613,-16.221543527223,-78.0220113139632));
#9464=CARTESIAN_POINT('Ctrl Pts',(-1.83757528216139,-17.871908527223,-77.7220113139632));
#9465=CARTESIAN_POINT('Ctrl Pts',(-1.83757528216139,-17.871908527223,-78.0220113139632));
#9466=CARTESIAN_POINT('Ctrl Pts',(-1.84122653216139,-15.075051027223,-77.7220113139632));
#9467=CARTESIAN_POINT('Ctrl Pts',(-1.84122653216139,-15.075051027223,-78.0220113139632));
#9468=CARTESIAN_POINT('Ctrl Pts',(-1.84852903216139,-15.239357277223,-77.7220113139632));
#9469=CARTESIAN_POINT('Ctrl Pts',(-1.84852903216139,-15.239357277223,-78.0220113139632));
#9470=CARTESIAN_POINT('Ctrl Pts',(-1.72803778216139,-15.186414152223,-77.7220113139632));
#9471=CARTESIAN_POINT('Ctrl Pts',(-1.72803778216139,-15.186414152223,-78.0220113139632));
#9472=CARTESIAN_POINT('',(-1.83757528216139,-17.871908527223,-77.7220113139632));
#9473=CARTESIAN_POINT('',(-1.72803778216139,-15.186414152223,-77.7220113139632));
#9474=CARTESIAN_POINT('Ctrl Pts',(-1.83757528216139,-17.871908527223,-77.7220113139632));
#9475=CARTESIAN_POINT('Ctrl Pts',(-1.84122653216139,-15.075051027223,-77.7220113139632));
#9476=CARTESIAN_POINT('Ctrl Pts',(-1.84852903216139,-15.239357277223,-77.7220113139632));
#9477=CARTESIAN_POINT('Ctrl Pts',(-1.72803778216139,-15.186414152223,-77.7220113139632));
#9478=CARTESIAN_POINT('',(-1.83757528216139,-17.871908527223,-78.0220113139632));
#9479=CARTESIAN_POINT('',(-1.83757528216139,-17.871908527223,-77.7220113139632));
#9480=CARTESIAN_POINT('',(-1.72803778216139,-15.186414152223,-78.0220113139632));
#9481=CARTESIAN_POINT('Ctrl Pts',(-1.83757528216139,-17.871908527223,-78.0220113139632));
#9482=CARTESIAN_POINT('Ctrl Pts',(-1.84122653216139,-15.075051027223,-78.0220113139632));
#9483=CARTESIAN_POINT('Ctrl Pts',(-1.84852903216139,-15.239357277223,-78.0220113139632));
#9484=CARTESIAN_POINT('Ctrl Pts',(-1.72803778216139,-15.186414152223,-78.0220113139632));
#9485=CARTESIAN_POINT('',(-1.72803778216139,-15.186414152223,-77.7220113139632));
#9486=CARTESIAN_POINT('Origin',(-1.83209840716139,-20.402224777223,-77.7220113139632));
#9487=CARTESIAN_POINT('',(-1.83209840716139,-20.402224777223,-77.7220113139632));
#9488=CARTESIAN_POINT('',(-1.82384401195251,-24.2157553637218,-77.7220113139632));
#9489=CARTESIAN_POINT('',(-1.83209840716139,-20.402224777223,-78.0220113139632));
#9490=CARTESIAN_POINT('',(-1.83209840716139,-20.402224777223,-77.7220113139632));
#9491=CARTESIAN_POINT('',(-1.83757528216139,-17.871908527223,-78.0220113139632));
#9492=CARTESIAN_POINT('Origin',(-1.78828340716139,-20.436911652223,-77.7220113139632));
#9493=CARTESIAN_POINT('',(-1.78828340716139,-20.436911652223,-77.7220113139632));
#9494=CARTESIAN_POINT('',(-9.97356478657355,-13.9568972268552,-77.7220113139632));
#9495=CARTESIAN_POINT('',(-1.78828340716139,-20.436911652223,-78.0220113139632));
#9496=CARTESIAN_POINT('',(-1.78828340716139,-20.436911652223,-77.7220113139632));
#9497=CARTESIAN_POINT('',(-1.83209840716139,-20.402224777223,-78.0220113139632));
#9498=CARTESIAN_POINT('Ctrl Pts',(-1.30266715716139,-20.471598527223,-77.7220113139632));
#9499=CARTESIAN_POINT('Ctrl Pts',(-1.30266715716139,-20.471598527223,-78.0220113139632));
#9500=CARTESIAN_POINT('Ctrl Pts',(-1.71160715716139,-20.471598527223,-77.7220113139632));
#9501=CARTESIAN_POINT('Ctrl Pts',(-1.71160715716139,-20.471598527223,-78.0220113139632));
#9502=CARTESIAN_POINT('Ctrl Pts',(-1.74994528216139,-20.469772902223,-77.7220113139632));
#9503=CARTESIAN_POINT('Ctrl Pts',(-1.74994528216139,-20.469772902223,-78.0220113139632));
#9504=CARTESIAN_POINT('Ctrl Pts',(-1.78828340716139,-20.436911652223,-77.7220113139632));
#9505=CARTESIAN_POINT('Ctrl Pts',(-1.78828340716139,-20.436911652223,-78.0220113139632));
#9506=CARTESIAN_POINT('',(-1.30266715716139,-20.471598527223,-77.7220113139632));
#9507=CARTESIAN_POINT('Ctrl Pts',(-1.30266715716139,-20.471598527223,-77.7220113139632));
#9508=CARTESIAN_POINT('Ctrl Pts',(-1.71160715716139,-20.471598527223,-77.7220113139632));
#9509=CARTESIAN_POINT('Ctrl Pts',(-1.74994528216139,-20.469772902223,-77.7220113139632));
#9510=CARTESIAN_POINT('Ctrl Pts',(-1.78828340716139,-20.436911652223,-77.7220113139632));
#9511=CARTESIAN_POINT('',(-1.30266715716139,-20.471598527223,-78.0220113139632));
#9512=CARTESIAN_POINT('',(-1.30266715716139,-20.471598527223,-77.7220113139632));
#9513=CARTESIAN_POINT('Ctrl Pts',(-1.30266715716139,-20.471598527223,-78.0220113139632));
#9514=CARTESIAN_POINT('Ctrl Pts',(-1.71160715716139,-20.471598527223,-78.0220113139632));
#9515=CARTESIAN_POINT('Ctrl Pts',(-1.74994528216139,-20.469772902223,-78.0220113139632));
#9516=CARTESIAN_POINT('Ctrl Pts',(-1.78828340716139,-20.436911652223,-78.0220113139632));
#9517=CARTESIAN_POINT('Origin',(-0.857214657161388,-20.471598527223,-77.7220113139632));
#9518=CARTESIAN_POINT('',(-0.857214657161388,-20.471598527223,-77.7220113139632));
#9519=CARTESIAN_POINT('',(-17.6713476359845,-20.471598527223,-77.7220113139632));
#9520=CARTESIAN_POINT('',(-0.857214657161388,-20.471598527223,-78.0220113139632));
#9521=CARTESIAN_POINT('',(-0.857214657161388,-20.471598527223,-77.7220113139632));
#9522=CARTESIAN_POINT('',(-1.30266715716139,-20.471598527223,-78.0220113139632));
#9523=CARTESIAN_POINT('Origin',(-0.820702157161389,-20.424132277223,-77.7220113139632));
#9524=CARTESIAN_POINT('',(-0.820702157161386,-20.424132277223,-77.7220113139632));
#9525=CARTESIAN_POINT('',(-8.93285949865924,-30.9699368211697,-77.7220113139632));
#9526=CARTESIAN_POINT('',(-0.820702157161386,-20.424132277223,-78.0220113139632));
#9527=CARTESIAN_POINT('',(-0.820702157161386,-20.424132277223,-77.7220113139632));
#9528=CARTESIAN_POINT('',(-0.857214657161388,-20.471598527223,-78.0220113139632));
#9529=CARTESIAN_POINT('Ctrl Pts',(-0.782364032161387,-19.593472902223,-77.7220113139632));
#9530=CARTESIAN_POINT('Ctrl Pts',(-0.782364032161387,-19.593472902223,-78.0220113139632));
#9531=CARTESIAN_POINT('Ctrl Pts',(-0.782364032161387,-20.356584152223,-77.7220113139632));
#9532=CARTESIAN_POINT('Ctrl Pts',(-0.782364032161387,-20.356584152223,-78.0220113139632));
#9533=CARTESIAN_POINT('Ctrl Pts',(-0.782364032161387,-20.376666027223,-77.7220113139632));
#9534=CARTESIAN_POINT('Ctrl Pts',(-0.782364032161387,-20.376666027223,-78.0220113139632));
#9535=CARTESIAN_POINT('Ctrl Pts',(-0.820702157161386,-20.424132277223,-77.7220113139632));
#9536=CARTESIAN_POINT('Ctrl Pts',(-0.820702157161386,-20.424132277223,-78.0220113139632));
#9537=CARTESIAN_POINT('',(-0.782364032161387,-19.593472902223,-77.7220113139632));
#9538=CARTESIAN_POINT('Ctrl Pts',(-0.782364032161387,-19.593472902223,-77.7220113139632));
#9539=CARTESIAN_POINT('Ctrl Pts',(-0.782364032161387,-20.356584152223,-77.7220113139632));
#9540=CARTESIAN_POINT('Ctrl Pts',(-0.782364032161387,-20.376666027223,-77.7220113139632));
#9541=CARTESIAN_POINT('Ctrl Pts',(-0.820702157161386,-20.424132277223,-77.7220113139632));
#9542=CARTESIAN_POINT('',(-0.782364032161387,-19.593472902223,-78.0220113139632));
#9543=CARTESIAN_POINT('',(-0.782364032161387,-19.593472902223,-77.7220113139632));
#9544=CARTESIAN_POINT('Ctrl Pts',(-0.782364032161387,-19.593472902223,-78.0220113139632));
#9545=CARTESIAN_POINT('Ctrl Pts',(-0.782364032161387,-20.356584152223,-78.0220113139632));
#9546=CARTESIAN_POINT('Ctrl Pts',(-0.782364032161387,-20.376666027223,-78.0220113139632));
#9547=CARTESIAN_POINT('Ctrl Pts',(-0.820702157161386,-20.424132277223,-78.0220113139632));
#9548=CARTESIAN_POINT('Origin',(-0.782364032161387,-18.810279777223,-77.7220113139632));
#9549=CARTESIAN_POINT('',(-0.782364032161387,-18.810279777223,-77.7220113139632));
#9550=CARTESIAN_POINT('',(-0.782364032161387,-23.4551398886115,-77.7220113139632));
#9551=CARTESIAN_POINT('',(-0.782364032161387,-18.810279777223,-78.0220113139632));
#9552=CARTESIAN_POINT('',(-0.782364032161387,-18.810279777223,-77.7220113139632));
#9553=CARTESIAN_POINT('',(-0.782364032161387,-19.593472902223,-78.0220113139632));
#9554=CARTESIAN_POINT('Origin',(0.327615967838617,-18.812105402223,-77.7220113139632));
#9555=CARTESIAN_POINT('',(0.327615967838617,-18.812105402223,-77.7220113139632));
#9556=CARTESIAN_POINT('',(-17.0712471855732,-18.7834888509838,-77.7220113139632));
#9557=CARTESIAN_POINT('',(0.327615967838617,-18.812105402223,-78.0220113139632));
#9558=CARTESIAN_POINT('',(0.327615967838617,-18.812105402223,-77.7220113139632));
#9559=CARTESIAN_POINT('',(-0.782364032161387,-18.810279777223,-78.0220113139632));
#9560=CARTESIAN_POINT('Origin',(1.43577034283861,-18.812105402223,-77.7220113139632));
#9561=CARTESIAN_POINT('',(1.43577034283861,-18.812105402223,-77.7220113139632));
#9562=CARTESIAN_POINT('',(-16.5248551359845,-18.812105402223,-77.7220113139632));
#9563=CARTESIAN_POINT('',(1.43577034283861,-18.812105402223,-78.0220113139632));
#9564=CARTESIAN_POINT('',(1.43577034283861,-18.812105402223,-77.7220113139632));
#9565=CARTESIAN_POINT('',(0.327615967838617,-18.812105402223,-78.0220113139632));
#9566=CARTESIAN_POINT('Origin',(1.99258596783861,-19.624508527223,-77.7220113139632));
#9567=CARTESIAN_POINT('',(1.99258596783861,-19.624508527223,-77.7220113139632));
#9568=CARTESIAN_POINT('',(-1.8607657993973,-14.0024051291247,-77.7220113139632));
#9569=CARTESIAN_POINT('',(1.99258596783861,-19.624508527223,-78.0220113139632));
#9570=CARTESIAN_POINT('',(1.99258596783861,-19.624508527223,-77.7220113139632));
#9571=CARTESIAN_POINT('',(1.43577034283861,-18.812105402223,-78.0220113139632));
#9572=CARTESIAN_POINT('Ctrl Pts',(2.58043721783861,-20.455167902223,-77.7220113139632));
#9573=CARTESIAN_POINT('Ctrl Pts',(2.58043721783861,-20.455167902223,-78.0220113139632));
#9574=CARTESIAN_POINT('Ctrl Pts',(2.56400659283861,-20.446039777223,-77.7220113139632));
#9575=CARTESIAN_POINT('Ctrl Pts',(2.56400659283861,-20.446039777223,-78.0220113139632));
#9576=CARTESIAN_POINT('Ctrl Pts',(2.29929096783862,-20.071786652223,-77.7220113139632));
#9577=CARTESIAN_POINT('Ctrl Pts',(2.29929096783862,-20.071786652223,-78.0220113139632));
#9578=CARTESIAN_POINT('Ctrl Pts',(1.99258596783861,-19.624508527223,-77.7220113139632));
#9579=CARTESIAN_POINT('Ctrl Pts',(1.99258596783861,-19.624508527223,-78.0220113139632));
#9580=CARTESIAN_POINT('',(2.58043721783861,-20.455167902223,-77.7220113139632));
#9581=CARTESIAN_POINT('Ctrl Pts',(2.58043721783861,-20.455167902223,-77.7220113139632));
#9582=CARTESIAN_POINT('Ctrl Pts',(2.56400659283861,-20.446039777223,-77.7220113139632));
#9583=CARTESIAN_POINT('Ctrl Pts',(2.29929096783862,-20.071786652223,-77.7220113139632));
#9584=CARTESIAN_POINT('Ctrl Pts',(1.99258596783861,-19.624508527223,-77.7220113139632));
#9585=CARTESIAN_POINT('',(2.58043721783861,-20.455167902223,-78.0220113139632));
#9586=CARTESIAN_POINT('',(2.58043721783861,-20.455167902223,-77.7220113139632));
#9587=CARTESIAN_POINT('Ctrl Pts',(2.58043721783861,-20.455167902223,-78.0220113139632));
#9588=CARTESIAN_POINT('Ctrl Pts',(2.56400659283861,-20.446039777223,-78.0220113139632));
#9589=CARTESIAN_POINT('Ctrl Pts',(2.29929096783862,-20.071786652223,-78.0220113139632));
#9590=CARTESIAN_POINT('Ctrl Pts',(1.99258596783861,-19.624508527223,-78.0220113139632));
#9591=CARTESIAN_POINT('Ctrl Pts',(3.13725284283861,-20.467947277223,-77.7220113139632));
#9592=CARTESIAN_POINT('Ctrl Pts',(3.13725284283861,-20.467947277223,-78.0220113139632));
#9593=CARTESIAN_POINT('Ctrl Pts',(2.84332721783861,-20.469772902223,-77.7220113139632));
#9594=CARTESIAN_POINT('Ctrl Pts',(2.84332721783861,-20.469772902223,-78.0220113139632));
#9595=CARTESIAN_POINT('Ctrl Pts',(2.59869346783861,-20.464296027223,-77.7220113139632));
#9596=CARTESIAN_POINT('Ctrl Pts',(2.59869346783861,-20.464296027223,-78.0220113139632));
#9597=CARTESIAN_POINT('Ctrl Pts',(2.58043721783861,-20.455167902223,-77.7220113139632));
#9598=CARTESIAN_POINT('Ctrl Pts',(2.58043721783861,-20.455167902223,-78.0220113139632));
#9599=CARTESIAN_POINT('',(3.13725284283861,-20.467947277223,-77.7220113139632));
#9600=CARTESIAN_POINT('Ctrl Pts',(3.13725284283861,-20.467947277223,-77.7220113139632));
#9601=CARTESIAN_POINT('Ctrl Pts',(2.84332721783861,-20.469772902223,-77.7220113139632));
#9602=CARTESIAN_POINT('Ctrl Pts',(2.59869346783861,-20.464296027223,-77.7220113139632));
#9603=CARTESIAN_POINT('Ctrl Pts',(2.58043721783861,-20.455167902223,-77.7220113139632));
#9604=CARTESIAN_POINT('',(3.13725284283861,-20.467947277223,-78.0220113139632));
#9605=CARTESIAN_POINT('',(3.13725284283861,-20.467947277223,-77.7220113139632));
#9606=CARTESIAN_POINT('Ctrl Pts',(3.13725284283861,-20.467947277223,-78.0220113139632));
#9607=CARTESIAN_POINT('Ctrl Pts',(2.84332721783861,-20.469772902223,-78.0220113139632));
#9608=CARTESIAN_POINT('Ctrl Pts',(2.59869346783861,-20.464296027223,-78.0220113139632));
#9609=CARTESIAN_POINT('Ctrl Pts',(2.58043721783861,-20.455167902223,-78.0220113139632));
#9610=CARTESIAN_POINT('Origin',(3.66303284283861,-20.462470402223,-77.7220113139632));
#9611=CARTESIAN_POINT('',(3.66303284283861,-20.462470402223,-77.7220113139632));
#9612=CARTESIAN_POINT('',(-15.4489289054013,-20.6615533371004,-77.7220113139632));
#9613=CARTESIAN_POINT('',(3.66303284283861,-20.462470402223,-78.0220113139632));
#9614=CARTESIAN_POINT('',(3.66303284283861,-20.462470402223,-77.7220113139632));
#9615=CARTESIAN_POINT('',(3.13725284283861,-20.467947277223,-78.0220113139632));
#9616=CARTESIAN_POINT('Origin',(3.68676596783861,-20.409527277223,-77.7220113139632));
#9617=CARTESIAN_POINT('',(3.68676596783861,-20.409527277223,-77.7220113139632));
#9618=CARTESIAN_POINT('',(-0.942153779169823,-30.7355790205472,-77.7220113139632));
#9619=CARTESIAN_POINT('',(3.68676596783861,-20.409527277223,-78.0220113139632));
#9620=CARTESIAN_POINT('',(3.68676596783861,-20.409527277223,-77.7220113139632));
#9621=CARTESIAN_POINT('',(3.66303284283861,-20.462470402223,-78.0220113139632));
#9622=CARTESIAN_POINT('Ctrl Pts',(3.69406846783861,-20.318246027223,-77.7220113139632));
#9623=CARTESIAN_POINT('Ctrl Pts',(3.69406846783861,-20.318246027223,-78.0220113139632));
#9624=CARTESIAN_POINT('Ctrl Pts',(3.70684784283861,-20.347456027223,-77.7220113139632));
#9625=CARTESIAN_POINT('Ctrl Pts',(3.70684784283861,-20.347456027223,-78.0220113139632));
#9626=CARTESIAN_POINT('Ctrl Pts',(3.70502221783862,-20.373014777223,-77.7220113139632));
#9627=CARTESIAN_POINT('Ctrl Pts',(3.70502221783862,-20.373014777223,-78.0220113139632));
#9628=CARTESIAN_POINT('Ctrl Pts',(3.68676596783861,-20.409527277223,-77.7220113139632));
#9629=CARTESIAN_POINT('Ctrl Pts',(3.68676596783861,-20.409527277223,-78.0220113139632));
#9630=CARTESIAN_POINT('',(3.69406846783861,-20.318246027223,-77.7220113139632));
#9631=CARTESIAN_POINT('Ctrl Pts',(3.69406846783861,-20.318246027223,-77.7220113139632));
#9632=CARTESIAN_POINT('Ctrl Pts',(3.70684784283861,-20.347456027223,-77.7220113139632));
#9633=CARTESIAN_POINT('Ctrl Pts',(3.70502221783862,-20.373014777223,-77.7220113139632));
#9634=CARTESIAN_POINT('Ctrl Pts',(3.68676596783861,-20.409527277223,-77.7220113139632));
#9635=CARTESIAN_POINT('',(3.69406846783861,-20.318246027223,-78.0220113139632));
#9636=CARTESIAN_POINT('',(3.69406846783861,-20.318246027223,-77.7220113139632));
#9637=CARTESIAN_POINT('Ctrl Pts',(3.69406846783861,-20.318246027223,-78.0220113139632));
#9638=CARTESIAN_POINT('Ctrl Pts',(3.70684784283861,-20.347456027223,-78.0220113139632));
#9639=CARTESIAN_POINT('Ctrl Pts',(3.70502221783862,-20.373014777223,-78.0220113139632));
#9640=CARTESIAN_POINT('Ctrl Pts',(3.68676596783861,-20.409527277223,-78.0220113139632));
#9641=CARTESIAN_POINT('Ctrl Pts',(3.09891471783861,-19.487586652223,-77.7220113139632));
#9642=CARTESIAN_POINT('Ctrl Pts',(3.09891471783861,-19.487586652223,-78.0220113139632));
#9643=CARTESIAN_POINT('Ctrl Pts',(3.41657346783861,-19.923911027223,-77.7220113139632));
#9644=CARTESIAN_POINT('Ctrl Pts',(3.41657346783861,-19.923911027223,-78.0220113139632));
#9645=CARTESIAN_POINT('Ctrl Pts',(3.68494034283861,-20.298164152223,-77.7220113139632));
#9646=CARTESIAN_POINT('Ctrl Pts',(3.68494034283861,-20.298164152223,-78.0220113139632));
#9647=CARTESIAN_POINT('Ctrl Pts',(3.69406846783861,-20.318246027223,-77.7220113139632));
#9648=CARTESIAN_POINT('Ctrl Pts',(3.69406846783861,-20.318246027223,-78.0220113139632));
#9649=CARTESIAN_POINT('',(3.09891471783861,-19.487586652223,-77.7220113139632));
#9650=CARTESIAN_POINT('Ctrl Pts',(3.09891471783861,-19.487586652223,-77.7220113139632));
#9651=CARTESIAN_POINT('Ctrl Pts',(3.41657346783861,-19.923911027223,-77.7220113139632));
#9652=CARTESIAN_POINT('Ctrl Pts',(3.68494034283861,-20.298164152223,-77.7220113139632));
#9653=CARTESIAN_POINT('Ctrl Pts',(3.69406846783861,-20.318246027223,-77.7220113139632));
#9654=CARTESIAN_POINT('',(3.09891471783861,-19.487586652223,-78.0220113139632));
#9655=CARTESIAN_POINT('',(3.09891471783861,-19.487586652223,-77.7220113139632));
#9656=CARTESIAN_POINT('Ctrl Pts',(3.09891471783861,-19.487586652223,-78.0220113139632));
#9657=CARTESIAN_POINT('Ctrl Pts',(3.41657346783861,-19.923911027223,-78.0220113139632));
#9658=CARTESIAN_POINT('Ctrl Pts',(3.68494034283861,-20.298164152223,-78.0220113139632));
#9659=CARTESIAN_POINT('Ctrl Pts',(3.69406846783861,-20.318246027223,-78.0220113139632));
#9660=CARTESIAN_POINT('Ctrl Pts',(2.53479659283861,-18.684311652223,-77.7220113139632));
#9661=CARTESIAN_POINT('Ctrl Pts',(2.53479659283861,-18.684311652223,-78.0220113139632));
#9662=CARTESIAN_POINT('Ctrl Pts',(2.52749409283862,-18.689788527223,-77.7220113139632));
#9663=CARTESIAN_POINT('Ctrl Pts',(2.52749409283862,-18.689788527223,-78.0220113139632));
#9664=CARTESIAN_POINT('Ctrl Pts',(2.77943034283861,-19.051262277223,-77.7220113139632));
#9665=CARTESIAN_POINT('Ctrl Pts',(2.77943034283861,-19.051262277223,-78.0220113139632));
#9666=CARTESIAN_POINT('Ctrl Pts',(3.09891471783861,-19.487586652223,-77.7220113139632));
#9667=CARTESIAN_POINT('Ctrl Pts',(3.09891471783861,-19.487586652223,-78.0220113139632));
#9668=CARTESIAN_POINT('',(2.53479659283861,-18.684311652223,-77.7220113139632));
#9669=CARTESIAN_POINT('Ctrl Pts',(2.53479659283861,-18.684311652223,-77.7220113139632));
#9670=CARTESIAN_POINT('Ctrl Pts',(2.52749409283862,-18.689788527223,-77.7220113139632));
#9671=CARTESIAN_POINT('Ctrl Pts',(2.77943034283861,-19.051262277223,-77.7220113139632));
#9672=CARTESIAN_POINT('Ctrl Pts',(3.09891471783861,-19.487586652223,-77.7220113139632));
#9673=CARTESIAN_POINT('',(2.53479659283861,-18.684311652223,-78.0220113139632));
#9674=CARTESIAN_POINT('',(2.53479659283861,-18.684311652223,-77.7220113139632));
#9675=CARTESIAN_POINT('Ctrl Pts',(2.53479659283861,-18.684311652223,-78.0220113139632));
#9676=CARTESIAN_POINT('Ctrl Pts',(2.52749409283862,-18.689788527223,-78.0220113139632));
#9677=CARTESIAN_POINT('Ctrl Pts',(2.77943034283861,-19.051262277223,-78.0220113139632));
#9678=CARTESIAN_POINT('Ctrl Pts',(3.09891471783861,-19.487586652223,-78.0220113139632));
#9679=CARTESIAN_POINT('Ctrl Pts',(2.70640534283861,-18.622240402223,-77.7220113139632));
#9680=CARTESIAN_POINT('Ctrl Pts',(2.70640534283861,-18.622240402223,-78.0220113139632));
#9681=CARTESIAN_POINT('Ctrl Pts',(2.62060096783861,-18.649624777223,-77.7220113139632));
#9682=CARTESIAN_POINT('Ctrl Pts',(2.62060096783861,-18.649624777223,-78.0220113139632));
#9683=CARTESIAN_POINT('Ctrl Pts',(2.54209909283861,-18.677009152223,-77.7220113139632));
#9684=CARTESIAN_POINT('Ctrl Pts',(2.54209909283861,-18.677009152223,-78.0220113139632));
#9685=CARTESIAN_POINT('Ctrl Pts',(2.53479659283861,-18.684311652223,-77.7220113139632));
#9686=CARTESIAN_POINT('Ctrl Pts',(2.53479659283861,-18.684311652223,-78.0220113139632));
#9687=CARTESIAN_POINT('',(2.70640534283861,-18.622240402223,-77.7220113139632));
#9688=CARTESIAN_POINT('Ctrl Pts',(2.70640534283861,-18.622240402223,-77.7220113139632));
#9689=CARTESIAN_POINT('Ctrl Pts',(2.62060096783861,-18.649624777223,-77.7220113139632));
#9690=CARTESIAN_POINT('Ctrl Pts',(2.54209909283861,-18.677009152223,-77.7220113139632));
#9691=CARTESIAN_POINT('Ctrl Pts',(2.53479659283861,-18.684311652223,-77.7220113139632));
#9692=CARTESIAN_POINT('',(2.70640534283861,-18.622240402223,-78.0220113139632));
#9693=CARTESIAN_POINT('',(2.70640534283861,-18.622240402223,-77.7220113139632));
#9694=CARTESIAN_POINT('Ctrl Pts',(2.70640534283861,-18.622240402223,-78.0220113139632));
#9695=CARTESIAN_POINT('Ctrl Pts',(2.62060096783861,-18.649624777223,-78.0220113139632));
#9696=CARTESIAN_POINT('Ctrl Pts',(2.54209909283861,-18.677009152223,-78.0220113139632));
#9697=CARTESIAN_POINT('Ctrl Pts',(2.53479659283861,-18.684311652223,-78.0220113139632));
#9698=CARTESIAN_POINT('Ctrl Pts',(3.31433846783861,-18.149403527223,-77.7220113139632));
#9699=CARTESIAN_POINT('Ctrl Pts',(3.31433846783861,-18.149403527223,-78.0220113139632));
#9700=CARTESIAN_POINT('Ctrl Pts',(3.18654471783861,-18.366652902223,-77.7220113139632));
#9701=CARTESIAN_POINT('Ctrl Pts',(3.18654471783861,-18.366652902223,-78.0220113139632));
#9702=CARTESIAN_POINT('Ctrl Pts',(2.96199284283861,-18.541912902223,-77.7220113139632));
#9703=CARTESIAN_POINT('Ctrl Pts',(2.96199284283861,-18.541912902223,-78.0220113139632));
#9704=CARTESIAN_POINT('Ctrl Pts',(2.70640534283861,-18.622240402223,-77.7220113139632));
#9705=CARTESIAN_POINT('Ctrl Pts',(2.70640534283861,-18.622240402223,-78.0220113139632));
#9706=CARTESIAN_POINT('',(3.31433846783861,-18.149403527223,-77.7220113139632));
#9707=CARTESIAN_POINT('Ctrl Pts',(3.31433846783861,-18.149403527223,-77.7220113139632));
#9708=CARTESIAN_POINT('Ctrl Pts',(3.18654471783861,-18.366652902223,-77.7220113139632));
#9709=CARTESIAN_POINT('Ctrl Pts',(2.96199284283861,-18.541912902223,-77.7220113139632));
#9710=CARTESIAN_POINT('Ctrl Pts',(2.70640534283861,-18.622240402223,-77.7220113139632));
#9711=CARTESIAN_POINT('',(3.31433846783861,-18.149403527223,-78.0220113139632));
#9712=CARTESIAN_POINT('',(3.31433846783861,-18.149403527223,-77.7220113139632));
#9713=CARTESIAN_POINT('Ctrl Pts',(3.31433846783861,-18.149403527223,-78.0220113139632));
#9714=CARTESIAN_POINT('Ctrl Pts',(3.18654471783861,-18.366652902223,-78.0220113139632));
#9715=CARTESIAN_POINT('Ctrl Pts',(2.96199284283861,-18.541912902223,-78.0220113139632));
#9716=CARTESIAN_POINT('Ctrl Pts',(2.70640534283861,-18.622240402223,-78.0220113139632));
#9717=CARTESIAN_POINT('Ctrl Pts',(3.49690096783861,-17.563377902223,-77.7220113139632));
#9718=CARTESIAN_POINT('Ctrl Pts',(3.49690096783861,-17.563377902223,-78.0220113139632));
#9719=CARTESIAN_POINT('Ctrl Pts',(3.46586534283861,-17.776976027223,-77.7220113139632));
#9720=CARTESIAN_POINT('Ctrl Pts',(3.46586534283861,-17.776976027223,-78.0220113139632));
#9721=CARTESIAN_POINT('Ctrl Pts',(3.38918909283861,-18.019784152223,-77.7220113139632));
#9722=CARTESIAN_POINT('Ctrl Pts',(3.38918909283861,-18.019784152223,-78.0220113139632));
#9723=CARTESIAN_POINT('Ctrl Pts',(3.31433846783861,-18.149403527223,-77.7220113139632));
#9724=CARTESIAN_POINT('Ctrl Pts',(3.31433846783861,-18.149403527223,-78.0220113139632));
#9725=CARTESIAN_POINT('',(3.49690096783861,-17.563377902223,-77.7220113139632));
#9726=CARTESIAN_POINT('Ctrl Pts',(3.49690096783861,-17.563377902223,-77.7220113139632));
#9727=CARTESIAN_POINT('Ctrl Pts',(3.46586534283861,-17.776976027223,-77.7220113139632));
#9728=CARTESIAN_POINT('Ctrl Pts',(3.38918909283861,-18.019784152223,-77.7220113139632));
#9729=CARTESIAN_POINT('Ctrl Pts',(3.31433846783861,-18.149403527223,-77.7220113139632));
#9730=CARTESIAN_POINT('',(3.49690096783861,-17.563377902223,-78.0220113139632));
#9731=CARTESIAN_POINT('',(3.49690096783861,-17.563377902223,-77.7220113139632));
#9732=CARTESIAN_POINT('Ctrl Pts',(3.49690096783861,-17.563377902223,-78.0220113139632));
#9733=CARTESIAN_POINT('Ctrl Pts',(3.46586534283861,-17.776976027223,-78.0220113139632));
#9734=CARTESIAN_POINT('Ctrl Pts',(3.38918909283861,-18.019784152223,-78.0220113139632));
#9735=CARTESIAN_POINT('Ctrl Pts',(3.31433846783861,-18.149403527223,-78.0220113139632));
#9736=CARTESIAN_POINT('Ctrl Pts',(3.49690096783861,-16.331081027223,-77.7220113139632));
#9737=CARTESIAN_POINT('Ctrl Pts',(3.49690096783861,-16.331081027223,-78.0220113139632));
#9738=CARTESIAN_POINT('Ctrl Pts',(3.53706471783861,-16.593971027223,-77.7220113139632));
#9739=CARTESIAN_POINT('Ctrl Pts',(3.53706471783861,-16.593971027223,-78.0220113139632));
#9740=CARTESIAN_POINT('Ctrl Pts',(3.53706471783861,-17.302313527223,-77.7220113139632));
#9741=CARTESIAN_POINT('Ctrl Pts',(3.53706471783861,-17.302313527223,-78.0220113139632));
#9742=CARTESIAN_POINT('Ctrl Pts',(3.49690096783861,-17.563377902223,-77.7220113139632));
#9743=CARTESIAN_POINT('Ctrl Pts',(3.49690096783861,-17.563377902223,-78.0220113139632));
#9744=CARTESIAN_POINT('',(3.49690096783861,-16.331081027223,-77.7220113139632));
#9745=CARTESIAN_POINT('Ctrl Pts',(3.49690096783861,-16.331081027223,-77.7220113139632));
#9746=CARTESIAN_POINT('Ctrl Pts',(3.53706471783861,-16.593971027223,-77.7220113139632));
#9747=CARTESIAN_POINT('Ctrl Pts',(3.53706471783861,-17.302313527223,-77.7220113139632));
#9748=CARTESIAN_POINT('Ctrl Pts',(3.49690096783861,-17.563377902223,-77.7220113139632));
#9749=CARTESIAN_POINT('',(3.49690096783861,-16.331081027223,-78.0220113139632));
#9750=CARTESIAN_POINT('',(3.49690096783861,-16.331081027223,-77.7220113139632));
#9751=CARTESIAN_POINT('Ctrl Pts',(3.49690096783861,-16.331081027223,-78.0220113139632));
#9752=CARTESIAN_POINT('Ctrl Pts',(3.53706471783861,-16.593971027223,-78.0220113139632));
#9753=CARTESIAN_POINT('Ctrl Pts',(3.53706471783861,-17.302313527223,-78.0220113139632));
#9754=CARTESIAN_POINT('Ctrl Pts',(3.49690096783861,-17.563377902223,-78.0220113139632));
#9755=CARTESIAN_POINT('Ctrl Pts',(3.14272971783861,-15.524154777223,-77.7220113139632));
#9756=CARTESIAN_POINT('Ctrl Pts',(3.14272971783861,-15.524154777223,-78.0220113139632));
#9757=CARTESIAN_POINT('Ctrl Pts',(3.33259471783861,-15.719496652223,-77.7220113139632));
#9758=CARTESIAN_POINT('Ctrl Pts',(3.33259471783861,-15.719496652223,-78.0220113139632));
#9759=CARTESIAN_POINT('Ctrl Pts',(3.44395784283861,-15.973258527223,-77.7220113139632));
#9760=CARTESIAN_POINT('Ctrl Pts',(3.44395784283861,-15.973258527223,-78.0220113139632));
#9761=CARTESIAN_POINT('Ctrl Pts',(3.49690096783861,-16.331081027223,-77.7220113139632));
#9762=CARTESIAN_POINT('Ctrl Pts',(3.49690096783861,-16.331081027223,-78.0220113139632));
#9763=CARTESIAN_POINT('',(3.14272971783861,-15.524154777223,-77.7220113139632));
#9764=CARTESIAN_POINT('Ctrl Pts',(3.14272971783861,-15.524154777223,-77.7220113139632));
#9765=CARTESIAN_POINT('Ctrl Pts',(3.33259471783861,-15.719496652223,-77.7220113139632));
#9766=CARTESIAN_POINT('Ctrl Pts',(3.44395784283861,-15.973258527223,-77.7220113139632));
#9767=CARTESIAN_POINT('Ctrl Pts',(3.49690096783861,-16.331081027223,-77.7220113139632));
#9768=CARTESIAN_POINT('',(3.14272971783861,-15.524154777223,-78.0220113139632));
#9769=CARTESIAN_POINT('',(3.14272971783861,-15.524154777223,-77.7220113139632));
#9770=CARTESIAN_POINT('Ctrl Pts',(3.14272971783861,-15.524154777223,-78.0220113139632));
#9771=CARTESIAN_POINT('Ctrl Pts',(3.33259471783861,-15.719496652223,-78.0220113139632));
#9772=CARTESIAN_POINT('Ctrl Pts',(3.44395784283861,-15.973258527223,-78.0220113139632));
#9773=CARTESIAN_POINT('Ctrl Pts',(3.49690096783861,-16.331081027223,-78.0220113139632));
#9774=CARTESIAN_POINT('Ctrl Pts',(2.49463284283861,-15.199193527223,-77.7220113139632));
#9775=CARTESIAN_POINT('Ctrl Pts',(2.49463284283861,-15.199193527223,-78.0220113139632));
#9776=CARTESIAN_POINT('Ctrl Pts',(2.79403534283861,-15.268567277223,-77.7220113139632));
#9777=CARTESIAN_POINT('Ctrl Pts',(2.79403534283861,-15.268567277223,-78.0220113139632));
#9778=CARTESIAN_POINT('Ctrl Pts',(2.98755159283861,-15.365325402223,-77.7220113139632));
#9779=CARTESIAN_POINT('Ctrl Pts',(2.98755159283861,-15.365325402223,-78.0220113139632));
#9780=CARTESIAN_POINT('Ctrl Pts',(3.14272971783861,-15.524154777223,-77.7220113139632));
#9781=CARTESIAN_POINT('Ctrl Pts',(3.14272971783861,-15.524154777223,-78.0220113139632));
#9782=CARTESIAN_POINT('',(2.49463284283861,-15.199193527223,-77.7220113139632));
#9783=CARTESIAN_POINT('Ctrl Pts',(2.49463284283861,-15.199193527223,-77.7220113139632));
#9784=CARTESIAN_POINT('Ctrl Pts',(2.79403534283861,-15.268567277223,-77.7220113139632));
#9785=CARTESIAN_POINT('Ctrl Pts',(2.98755159283861,-15.365325402223,-77.7220113139632));
#9786=CARTESIAN_POINT('Ctrl Pts',(3.14272971783861,-15.524154777223,-77.7220113139632));
#9787=CARTESIAN_POINT('',(2.49463284283861,-15.199193527223,-78.0220113139632));
#9788=CARTESIAN_POINT('',(2.49463284283861,-15.199193527223,-77.7220113139632));
#9789=CARTESIAN_POINT('Ctrl Pts',(2.49463284283861,-15.199193527223,-78.0220113139632));
#9790=CARTESIAN_POINT('Ctrl Pts',(2.79403534283861,-15.268567277223,-78.0220113139632));
#9791=CARTESIAN_POINT('Ctrl Pts',(2.98755159283861,-15.365325402223,-78.0220113139632));
#9792=CARTESIAN_POINT('Ctrl Pts',(3.14272971783861,-15.524154777223,-78.0220113139632));
#9793=CARTESIAN_POINT('Ctrl Pts',(-1.72803778216139,-15.186414152223,-77.7220113139632));
#9794=CARTESIAN_POINT('Ctrl Pts',(-1.72803778216139,-15.186414152223,-78.0220113139632));
#9795=CARTESIAN_POINT('Ctrl Pts',(-1.63493090716138,-15.144424777223,-77.7220113139632));
#9796=CARTESIAN_POINT('Ctrl Pts',(-1.63493090716138,-15.144424777223,-78.0220113139632));
#9797=CARTESIAN_POINT('Ctrl Pts',(2.30841909283861,-15.157204152223,-77.7220113139632));
#9798=CARTESIAN_POINT('Ctrl Pts',(2.30841909283861,-15.157204152223,-78.0220113139632));
#9799=CARTESIAN_POINT('Ctrl Pts',(2.49463284283861,-15.199193527223,-77.7220113139632));
#9800=CARTESIAN_POINT('Ctrl Pts',(2.49463284283861,-15.199193527223,-78.0220113139632));
#9801=CARTESIAN_POINT('Ctrl Pts',(-1.72803778216139,-15.186414152223,-77.7220113139632));
#9802=CARTESIAN_POINT('Ctrl Pts',(-1.63493090716138,-15.144424777223,-77.7220113139632));
#9803=CARTESIAN_POINT('Ctrl Pts',(2.30841909283861,-15.157204152223,-77.7220113139632));
#9804=CARTESIAN_POINT('Ctrl Pts',(2.49463284283861,-15.199193527223,-77.7220113139632));
#9805=CARTESIAN_POINT('Ctrl Pts',(-1.72803778216139,-15.186414152223,-78.0220113139632));
#9806=CARTESIAN_POINT('Ctrl Pts',(-1.63493090716138,-15.144424777223,-78.0220113139632));
#9807=CARTESIAN_POINT('Ctrl Pts',(2.30841909283861,-15.157204152223,-78.0220113139632));
#9808=CARTESIAN_POINT('Ctrl Pts',(2.49463284283861,-15.199193527223,-78.0220113139632));
#9809=CARTESIAN_POINT('Origin',(0.929159405338613,-17.773324777223,-78.0220113139632));
#9810=CARTESIAN_POINT('Origin',(-34.4854806148077,-28.1,-77.7220113139632));
#9811=CARTESIAN_POINT('Origin',(-34.4854806148077,-28.1,-77.7220113139632));
#9812=CARTESIAN_POINT('Origin',(-34.4854806148077,-28.1,-77.7220113139632));
#9813=CARTESIAN_POINT('Origin',(-34.4854806148077,-28.1,-77.7220113139632));
#9814=CARTESIAN_POINT('Origin',(-34.4854806148077,-28.1,-77.7220113139632));
#9815=CARTESIAN_POINT('Origin',(-16.0435548476642,-25.1,-103.44708749921));
#9816=CARTESIAN_POINT('',(-7.45736232172833,-29.1,-103.44708749921));
#9817=CARTESIAN_POINT('',(-16.0435548476642,-29.1,-103.44708749921));
#9818=CARTESIAN_POINT('',(-15.6514420707891,-29.1,-103.44708749921));
#9819=CARTESIAN_POINT('',(-7.45736232172833,-25.1,-103.44708749921));
#9820=CARTESIAN_POINT('',(-7.45736232172833,-25.1,-103.44708749921));
#9821=CARTESIAN_POINT('',(-16.0435548476642,-25.1,-103.44708749921));
#9822=CARTESIAN_POINT('',(-15.6514420707891,-25.1,-103.44708749921));
#9823=CARTESIAN_POINT('',(-16.0435548476642,-25.1,-103.44708749921));
#9824=CARTESIAN_POINT('Origin',(-16.0435548476642,-25.1,-85.8404876891146));
#9825=CARTESIAN_POINT('',(-16.0435548476642,-29.1,-85.8404876891146));
#9826=CARTESIAN_POINT('',(-16.0435548476642,-29.1,-90.2812495984026));
#9827=CARTESIAN_POINT('',(-16.0435548476642,-25.1,-85.8404876891146));
#9828=CARTESIAN_POINT('',(-16.0435548476642,-25.1,-90.2812495984026));
#9829=CARTESIAN_POINT('',(-16.0435548476642,-25.1,-85.8404876891146));
#9830=CARTESIAN_POINT('Origin',(-7.45736232172833,-25.1,-85.8404876891146));
#9831=CARTESIAN_POINT('',(-7.45736232172833,-29.1,-85.8404876891146));
#9832=CARTESIAN_POINT('',(-11.3583458078211,-29.1,-85.8404876891146));
#9833=CARTESIAN_POINT('',(-7.45736232172833,-25.1,-85.8404876891146));
#9834=CARTESIAN_POINT('',(-11.3583458078211,-25.1,-85.8404876891146));
#9835=CARTESIAN_POINT('',(-7.45736232172833,-25.1,-85.8404876891146));
#9836=CARTESIAN_POINT('Origin',(-7.45736232172833,-25.1,-103.44708749921));
#9837=CARTESIAN_POINT('',(-7.45736232172833,-29.1,-99.0845495034504));
#9838=CARTESIAN_POINT('',(-7.45736232172833,-25.1,-99.0845495034504));
#9839=CARTESIAN_POINT('Origin',(5.60842293494775,-25.1,-103.972011601916));
#9840=CARTESIAN_POINT('',(5.60842293494775,-25.1,-94.8500380301289));
#9841=CARTESIAN_POINT('',(5.60842293494775,-28.1,-94.8500380301289));
#9842=CARTESIAN_POINT('',(5.60842293494775,-28.1,-94.8500380301289));
#9843=CARTESIAN_POINT('',(5.60842293494775,-25.1,-103.972011601916));
#9844=CARTESIAN_POINT('',(5.60842293494775,-25.1,-99.3470115548031));
#9845=CARTESIAN_POINT('',(5.60842293494775,-28.1,-103.972011601916));
#9846=CARTESIAN_POINT('',(5.60842293494775,-25.1,-103.972011601916));
#9847=CARTESIAN_POINT('',(5.60842293494775,-28.1,-103.972011601916));
#9848=CARTESIAN_POINT('Origin',(5.60842293494775,-25.1,-103.972011601916));
#9849=CARTESIAN_POINT('',(5.60842293494775,-28.1,-94.5939851737093));
#9850=CARTESIAN_POINT('',(5.60842293494775,-25.1,-94.5939851737093));
#9851=CARTESIAN_POINT('',(5.60842293494775,-28.1,-94.5939851737093));
#9852=CARTESIAN_POINT('',(5.60842293494775,-28.1,-85.4720116019157));
#9853=CARTESIAN_POINT('',(5.60842293494775,-28.1,-103.972011601916));
#9854=CARTESIAN_POINT('',(5.60842293494775,-25.1,-85.4720116019157));
#9855=CARTESIAN_POINT('',(5.60842293494775,-25.1,-85.4720116019157));
#9856=CARTESIAN_POINT('',(5.60842293494775,-25.1,-99.3470115548031));
#9857=CARTESIAN_POINT('Origin',(-6.89157706505225,-25.1,-103.972011601916));
#9858=CARTESIAN_POINT('',(-6.89157706505225,-25.1,-103.972011601916));
#9859=CARTESIAN_POINT('',(-11.0754531794831,-25.1,-103.972011601916));
#9860=CARTESIAN_POINT('',(-6.89157706505225,-28.1,-103.972011601916));
#9861=CARTESIAN_POINT('',(-6.89157706505225,-25.1,-103.972011601916));
#9862=CARTESIAN_POINT('',(-6.89157706505225,-28.1,-103.972011601916));
#9863=CARTESIAN_POINT('Origin',(-6.89157706505225,-25.1,-85.4720116019157));
#9864=CARTESIAN_POINT('',(-6.89157706505225,-25.1,-85.4720116019157));
#9865=CARTESIAN_POINT('',(-6.89157706505225,-25.1,-90.0970115548031));
#9866=CARTESIAN_POINT('',(-6.89157706505225,-28.1,-85.4720116019157));
#9867=CARTESIAN_POINT('',(-6.89157706505225,-25.1,-85.4720116019157));
#9868=CARTESIAN_POINT('',(-6.89157706505225,-28.1,-85.4720116019157));
#9869=CARTESIAN_POINT('Origin',(5.60842293494775,-25.1,-85.4720116019157));
#9870=CARTESIAN_POINT('',(-4.8254531794831,-25.1,-85.4720116019157));
#9871=CARTESIAN_POINT('',(5.60842293494775,-28.1,-85.4720116019157));
#9872=CARTESIAN_POINT('Origin',(4.11389651039721,-28.1,-94.7220116019191));
#9873=CARTESIAN_POINT('',(4.11389651039721,-28.1,-96.2220116019191));
#9874=CARTESIAN_POINT('Origin',(4.11389651039721,-28.1,-94.7220116019191));
#9875=CARTESIAN_POINT('Origin',(4.11389651039721,-28.1,-94.7220116019191));
#9876=CARTESIAN_POINT('Origin',(-25.8861034896028,-25.1,-94.7220112144927));
#9877=CARTESIAN_POINT('',(-25.8861034896028,-25.1,-97.9720112144927));
#9878=CARTESIAN_POINT('Origin',(-25.8861034896028,-25.1,-94.7220112144927));
#9879=CARTESIAN_POINT('',(-25.8861034896028,-28.1,-97.9720112144927));
#9880=CARTESIAN_POINT('',(-25.8861034896028,-25.1,-97.9720112144927));
#9881=CARTESIAN_POINT('Origin',(-25.8861034896028,-28.1,-94.7220112144927));
#9882=CARTESIAN_POINT('Origin',(-25.8861034896028,-28.1,-94.7220112144927));
#9883=CARTESIAN_POINT('Origin',(9.36744490178558,-28.1,-111.722011701418));
#9884=CARTESIAN_POINT('',(9.36744490178558,-28.1,-111.722011701418));
#9885=CARTESIAN_POINT('',(9.36744490178558,-29.1,-111.722011701418));
#9886=CARTESIAN_POINT('',(9.36744490178558,-28.1,-111.722011701418));
#9887=CARTESIAN_POINT('',(-34.5840127512576,-29.1,-111.722011701367));
#9888=CARTESIAN_POINT('',(-34.5840127512576,-29.1,-111.722011701367));
#9889=CARTESIAN_POINT('',(-34.5840127512576,6.4,-111.722011701367));
#9890=CARTESIAN_POINT('',(-34.5840127512576,-28.1,-111.722011701367));
#9891=CARTESIAN_POINT('',(9.36744490178558,6.4,-111.722011701418));
#9892=CARTESIAN_POINT('',(9.36744490178558,6.4,-111.722011701418));
#9893=CARTESIAN_POINT('',(9.36744490178558,6.4,-111.722011701418));
#9894=CARTESIAN_POINT('Origin',(-15.259329293914,-25.1,-94.7220115076905));
#9895=CARTESIAN_POINT('',(9.1084231733675,-25.1,-77.7220113139632));
#9896=CARTESIAN_POINT('',(9.1084231733675,-25.1,-81.7220113139632));
#9897=CARTESIAN_POINT('',(9.1084231733675,-25.1,-86.2220114108269));
#9898=CARTESIAN_POINT('',(9.33697175761289,-25.1,-107.722011701393));
#9899=CARTESIAN_POINT('',(9.1084231733675,-25.1,-77.7220113139632));
#9900=CARTESIAN_POINT('',(-32.9271585017662,-25.1,-107.722011701363));
#9901=CARTESIAN_POINT('',(-24.0932438978447,-25.1,-107.72201170137));
#9902=CARTESIAN_POINT('',(-35.8861034896028,-25.1,-104.763066713527));
#9903=CARTESIAN_POINT('',(-33.2396737421396,-25.1,-107.40949646099));
#9904=CARTESIAN_POINT('',(-35.8861034896028,-25.1,-84.7794884382507));
#9905=CARTESIAN_POINT('',(-35.8861034896028,-25.1,-89.7507499729706));
#9906=CARTESIAN_POINT('',(-32.8286263653153,-25.1,-81.7220113139632));
#9907=CARTESIAN_POINT('',(-31.6863021458968,-25.1,-80.5796870945447));
#9908=CARTESIAN_POINT('',(-3.07545306027323,-25.1,-81.7220113139632));
#9909=CARTESIAN_POINT('',(-31.8861034896028,-25.1,-96.2220116018934));
#9910=CARTESIAN_POINT('Origin',(-31.8861034896028,-25.1,-94.7220116018934));
#9911=CARTESIAN_POINT('Origin',(4.11389651039721,-25.1,-94.7220116019191));
#9912=CARTESIAN_POINT('',(-17.1537799443672,-25.1,-105.853398008502));
#9913=CARTESIAN_POINT('Origin',(-17.1537799443672,-25.1,-104.856747667916));
#9914=CARTESIAN_POINT('',(7.20970821571496,-25.1,-105.772491465514));
#9915=CARTESIAN_POINT('Origin',(7.20970821571496,-25.1,-104.85192345764));
#9916=CARTESIAN_POINT('',(7.20970821571496,-25.1,-85.3437237987171));
#9917=CARTESIAN_POINT('Origin',(7.20970821571496,-25.1,-84.3052628716849));
#9918=CARTESIAN_POINT('',(-17.1946558031442,-25.1,-85.3453142528294));
#9919=CARTESIAN_POINT('Origin',(-17.1946558031442,-25.1,-84.3575044912018));
#9920=CARTESIAN_POINT('Origin',(-35.8861034896028,6.4,-104.763066713527));
#9921=CARTESIAN_POINT('',(-32.9271585017662,6.4,-107.722011701363));
#9922=CARTESIAN_POINT('',(-32.9271585017662,6.4,-107.722011701363));
#9923=CARTESIAN_POINT('',(-35.8861034896028,6.4,-104.763066713527));
#9924=CARTESIAN_POINT('',(-32.9271585017662,6.4,-107.722011701363));
#9925=CARTESIAN_POINT('',(-35.8861034896028,6.4,-104.763066713527));
#9926=CARTESIAN_POINT('Origin',(-32.9271585017662,6.4,-107.722011701363));
#9927=CARTESIAN_POINT('',(9.33697175761288,-28.1,-107.722011701393));
#9928=CARTESIAN_POINT('',(9.33697175761288,-10.85,-107.722011701393));
#9929=CARTESIAN_POINT('',(9.36744490178558,-28.1,-107.722011701393));
#9930=CARTESIAN_POINT('',(9.36744490178558,-28.1,-107.722011701393));
#9931=CARTESIAN_POINT('',(9.36744490178558,6.4,-107.722011701393));
#9932=CARTESIAN_POINT('',(9.36744490178558,6.4,-107.722011701393));
#9933=CARTESIAN_POINT('',(9.36744490178558,6.4,-107.722011701393));
#9934=CARTESIAN_POINT('Origin',(-31.8861034896028,-28.1,-94.7220116018934));
#9935=CARTESIAN_POINT('',(-31.8861034896028,-29.1,-96.2220116018934));
#9936=CARTESIAN_POINT('',(-31.8861034896028,-28.1,-96.2220116018934));
#9937=CARTESIAN_POINT('Origin',(-31.8861034896028,-29.1,-94.7220116018934));
#9938=CARTESIAN_POINT('Origin',(4.11389651039721,-28.1,-94.7220116019191));
#9939=CARTESIAN_POINT('',(4.11389651039721,-29.1,-96.2220116019191));
#9940=CARTESIAN_POINT('',(4.11389651039721,-28.1,-96.2220116019191));
#9941=CARTESIAN_POINT('Origin',(4.11389651039721,-29.1,-94.7220116019191));
#9942=CARTESIAN_POINT('Origin',(-35.8861034896028,6.4,-84.7794884382507));
#9943=CARTESIAN_POINT('',(-35.8861034896028,6.4,-84.7794884382507));
#9944=CARTESIAN_POINT('',(-35.8861034896028,6.4,-104.763066713527));
#9945=CARTESIAN_POINT('',(-35.8861034896028,6.4,-84.7794884382507));
#9946=CARTESIAN_POINT('Origin',(-32.8286263653153,6.4,-81.7220113139632));
#9947=CARTESIAN_POINT('',(-32.8286263653153,6.4,-81.7220113139632));
#9948=CARTESIAN_POINT('',(-35.8861034896028,6.4,-84.7794884382507));
#9949=CARTESIAN_POINT('',(-32.8286263653153,6.4,-81.7220113139632));
#9950=CARTESIAN_POINT('Origin',(9.1084231733675,6.4,-81.7220113139632));
#9951=CARTESIAN_POINT('',(9.1084231733675,6.4,-81.7220113139632));
#9952=CARTESIAN_POINT('',(-32.8286263653153,6.4,-81.7220113139632));
#9953=CARTESIAN_POINT('',(9.1084231733675,6.4,-81.7220113139632));
#9954=CARTESIAN_POINT('Origin',(9.1084231733675,6.4,-77.7220113139632));
#9955=CARTESIAN_POINT('',(9.1084231733675,6.4,-77.7220113139632));
#9956=CARTESIAN_POINT('',(9.1084231733675,6.4,-81.7220113139632));
#9957=CARTESIAN_POINT('',(9.1084231733675,6.4,-77.7220113139632));
#9958=CARTESIAN_POINT('Origin',(9.36744490178558,6.4,-107.722011701393));
#9959=CARTESIAN_POINT('',(9.36744490178558,6.4,-107.722011701393));
#9960=CARTESIAN_POINT('',(9.36744490178558,-28.1,-107.722011701393));
#9961=CARTESIAN_POINT('Origin',(-15.259329293914,6.4,-94.7220115076905));
#9962=CARTESIAN_POINT('',(-39.8861034896135,6.4,-106.419920962999));
#9963=CARTESIAN_POINT('',(-34.5840127512576,6.4,-111.722011701367));
#9964=CARTESIAN_POINT('',(-39.8861034895866,6.4,-83.1226341887421));
#9965=CARTESIAN_POINT('',(-39.8861034896135,6.4,-106.419920962999));
#9966=CARTESIAN_POINT('',(-34.4854806148077,6.4,-77.7220113139632));
#9967=CARTESIAN_POINT('',(-39.8861034895866,6.4,-83.1226341887421));
#9968=CARTESIAN_POINT('',(-34.4854806148077,6.4,-77.7220113139632));
#9969=CARTESIAN_POINT('Origin',(-15.259329293914,-28.1,-94.7220115076905));
#9970=CARTESIAN_POINT('',(9.1084231733675,-28.1,-77.7220113139632));
#9971=CARTESIAN_POINT('Origin',(-17.1537799443672,-28.1,-104.856747667916));
#9972=CARTESIAN_POINT('',(-17.1537799443672,-29.1,-105.853398008502));
#9973=CARTESIAN_POINT('Origin',(-17.1537799443672,-29.1,-104.856747667916));
#9974=CARTESIAN_POINT('',(-17.1537799443672,-28.1,-105.853398008502));
#9975=CARTESIAN_POINT('Origin',(7.20970821571496,-28.1,-104.85192345764));
#9976=CARTESIAN_POINT('',(7.20970821571496,-29.1,-105.772491465514));
#9977=CARTESIAN_POINT('Origin',(7.20970821571496,-29.1,-104.85192345764));
#9978=CARTESIAN_POINT('',(7.20970821571496,-28.1,-105.772491465515));
#9979=CARTESIAN_POINT('Origin',(7.20970821571496,-28.1,-84.3052628716849));
#9980=CARTESIAN_POINT('',(7.20970821571496,-29.1,-85.3437237987171));
#9981=CARTESIAN_POINT('Origin',(7.20970821571496,-29.1,-84.3052628716849));
#9982=CARTESIAN_POINT('',(7.20970821571496,-28.1,-85.3437237987172));
#9983=CARTESIAN_POINT('Origin',(-17.1946558031442,-28.1,-84.3575044912018));
#9984=CARTESIAN_POINT('',(-17.1946558031442,-29.1,-85.3453142528294));
#9985=CARTESIAN_POINT('Origin',(-17.1946558031442,-29.1,-84.3575044912018));
#9986=CARTESIAN_POINT('',(-17.1946558031442,-28.1,-85.3453142528294));
#9987=CARTESIAN_POINT('Origin',(9.1084231733675,-28.1,-77.7220113139632));
#9988=CARTESIAN_POINT('',(9.1084231733675,-29.1,-77.7220113139632));
#9989=CARTESIAN_POINT('',(9.1084231733675,-28.1,-77.7220113139632));
#9990=CARTESIAN_POINT('',(9.1084231733675,-29.1,-77.7220113139632));
#9991=CARTESIAN_POINT('Origin',(-34.4854806148077,-28.1,-77.7220113139632));
#9992=CARTESIAN_POINT('',(-34.4854806148077,-29.1,-77.7220113139632));
#9993=CARTESIAN_POINT('',(-34.4854806148077,-28.1,-77.7220113139632));
#9994=CARTESIAN_POINT('',(9.1084231733675,-29.1,-77.7220113139632));
#9995=CARTESIAN_POINT('Origin',(-39.8861034895866,-28.1,-83.1226341887421));
#9996=CARTESIAN_POINT('',(-39.8861034895866,-29.1,-83.1226341887421));
#9997=CARTESIAN_POINT('',(-39.8861034895866,-28.1,-83.1226341887421));
#9998=CARTESIAN_POINT('',(-34.4854806148077,-29.1,-77.7220113139632));
#9999=CARTESIAN_POINT('Origin',(-39.8861034896135,-28.1,-106.419920962999));
#10000=CARTESIAN_POINT('',(-39.8861034896135,-29.1,-106.419920962999));
#10001=CARTESIAN_POINT('',(-39.8861034896135,6.4,-106.419920962999));
#10002=CARTESIAN_POINT('',(-39.8861034895866,-29.1,-83.1226341887421));
#10003=CARTESIAN_POINT('Origin',(-34.5840127512576,-28.1,-111.722011701367));
#10004=CARTESIAN_POINT('',(-34.5840127512576,-29.1,-111.722011701367));
#10005=CARTESIAN_POINT('Origin',(-15.259329293914,-29.1,-94.7220115076905));
#10006=UNCERTAINTY_MEASURE_WITH_UNIT(LENGTH_MEASURE(0.01),#10010,
'DISTANCE_ACCURACY_VALUE',
'Maximum model space distance between geometric entities at asserted c
onnectivities');
#10007=UNCERTAINTY_MEASURE_WITH_UNIT(LENGTH_MEASURE(0.01),#10010,
'DISTANCE_ACCURACY_VALUE',
'Maximum model space distance between geometric entities at asserted c
onnectivities');
#10008=(
GEOMETRIC_REPRESENTATION_CONTEXT(3)
GLOBAL_UNCERTAINTY_ASSIGNED_CONTEXT((#10006))
GLOBAL_UNIT_ASSIGNED_CONTEXT((#10010,#10012,#10013))
REPRESENTATION_CONTEXT('','3D')
);
#10009=(
GEOMETRIC_REPRESENTATION_CONTEXT(3)
GLOBAL_UNCERTAINTY_ASSIGNED_CONTEXT((#10007))
GLOBAL_UNIT_ASSIGNED_CONTEXT((#10010,#10012,#10013))
REPRESENTATION_CONTEXT('','3D')
);
#10010=(
LENGTH_UNIT()
NAMED_UNIT(*)
SI_UNIT(.MILLI.,.METRE.)
);
#10011=(
LENGTH_UNIT()
NAMED_UNIT(*)
SI_UNIT($,.METRE.)
);
#10012=(
NAMED_UNIT(*)
PLANE_ANGLE_UNIT()
SI_UNIT($,.RADIAN.)
);
#10013=(
NAMED_UNIT(*)
SI_UNIT($,.STERADIAN.)
SOLID_ANGLE_UNIT()
);
#10014=SHAPE_DEFINITION_REPRESENTATION(#10015,#10016);
#10015=PRODUCT_DEFINITION_SHAPE('',$,#10018);
#10016=SHAPE_REPRESENTATION('',(#5304),#10008);
#10017=PRODUCT_DEFINITION_CONTEXT('part definition',#10022,'design');
#10018=PRODUCT_DEFINITION('ZK_122:1__??1','(Unsaved)',#10019,#10017);
#10019=PRODUCT_DEFINITION_FORMATION('',$,#10024);
#10020=PRODUCT_RELATED_PRODUCT_CATEGORY('(Unsaved)','(Unsaved)',(#10024));
#10021=APPLICATION_PROTOCOL_DEFINITION('international standard',
'automotive_design',2009,#10022);
#10022=APPLICATION_CONTEXT(
'Core Data for Automotive Mechanical Design Process');
#10023=PRODUCT_CONTEXT('part definition',#10022,'mechanical');
#10024=PRODUCT('ZK_122:1__??1','(Unsaved)','ZK_122:1__??1',(#10023));
#10025=PRESENTATION_STYLE_ASSIGNMENT((#10027));
#10026=PRESENTATION_STYLE_ASSIGNMENT((#10028));
#10027=SURFACE_STYLE_USAGE(.BOTH.,#10029);
#10028=SURFACE_STYLE_USAGE(.BOTH.,#10030);
#10029=SURFACE_SIDE_STYLE('',(#10031));
#10030=SURFACE_SIDE_STYLE('',(#10032));
#10031=SURFACE_STYLE_FILL_AREA(#10033);
#10032=SURFACE_STYLE_FILL_AREA(#10034);
#10033=FILL_AREA_STYLE('Steel - Satin',(#10035));
#10034=FILL_AREA_STYLE('Opaque(102,102,102)',(#10036));
#10035=FILL_AREA_STYLE_COLOUR('Steel - Satin',#10037);
#10036=FILL_AREA_STYLE_COLOUR('Opaque(102,102,102)',#10038);
#10037=COLOUR_RGB('Steel - Satin',0.627450980392157,0.627450980392157,0.627450980392157);
#10038=COLOUR_RGB('Opaque(102,102,102)',0.4,0.4,0.4);
ENDSEC;
END-ISO-10303-21;
