ISO-10303-21;
HEADER;
/* Generated by software containing ST-Developer
 * from STEP Tools, Inc. (www.steptools.com) 
 */

FILE_DESCRIPTION(
/* description */ (''),
/* implementation_level */ '2;1');

FILE_NAME(
/* name */ 'ustorumcekanagovde.step',
/* time_stamp */ '2026-08-18T09:54:47+03:00',
/* author */ (''),
/* organization */ (''),
/* preprocessor_version */ 'ST-DEVELOPER v20.1',
/* originating_system */ 'Autodesk Translation Framework v15.8.0.0',
/* authorisation */ '');

FILE_SCHEMA (('AUTOMOTIVE_DESIGN { 1 0 10303 214 3 1 1 }'));
ENDSEC;

DATA;
#10=MECHANICAL_DESIGN_GEOMETRIC_PRESENTATION_REPRESENTATION('',(#13,#14,
#15),#7394);
#11=SHAPE_REPRESENTATION_RELATIONSHIP('SRR','None',#7401,#12);
#12=ADVANCED_BREP_SHAPE_REPRESENTATION('',(#16,#17,#18),#7393);
#13=STYLED_ITEM('',(#7411),#16);
#14=STYLED_ITEM('',(#7411),#17);
#15=STYLED_ITEM('',(#7411),#18);
#16=MANIFOLD_SOLID_BREP('Body5',#3870);
#17=MANIFOLD_SOLID_BREP('Body5',#3871);
#18=MANIFOLD_SOLID_BREP('Body5',#3872);
#19=FACE_BOUND('',#859,.T.);
#20=FACE_BOUND('',#860,.T.);
#21=FACE_BOUND('',#861,.T.);
#22=FACE_BOUND('',#862,.T.);
#23=ELLIPSE('',#3971,11.2335743903749,2.21252921365648);
#24=ELLIPSE('',#3988,5.59824862107182,3.81359353266623);
#25=ELLIPSE('',#3989,5.59824862107182,3.81359353266623);
#26=ELLIPSE('',#3998,11.2335743903749,2.21252921365648);
#27=B_SPLINE_SURFACE_WITH_KNOTS('',3,1,((#4722,#4723),(#4724,#4725),(#4726,
#4727),(#4728,#4729)),.UNSPECIFIED.,.F.,.F.,.F.,(4,4),(2,2),(0.,0.204163544787647),
(0.,0.24),.UNSPECIFIED.);
#28=B_SPLINE_SURFACE_WITH_KNOTS('',3,1,((#4820,#4821),(#4822,#4823),(#4824,
#4825),(#4826,#4827)),.UNSPECIFIED.,.F.,.F.,.F.,(4,4),(2,2),(-1.,0.),(0.,
0.24),.UNSPECIFIED.);
#29=B_SPLINE_SURFACE_WITH_KNOTS('',3,1,((#5522,#5523),(#5524,#5525),(#5526,
#5527),(#5528,#5529)),.UNSPECIFIED.,.F.,.F.,.F.,(4,4),(2,2),(-0.458865380236541,
0.),(0.,0.24),.UNSPECIFIED.);
#30=B_SPLINE_SURFACE_WITH_KNOTS('',3,1,((#5531,#5532),(#5533,#5534),(#5535,
#5536),(#5537,#5538)),.UNSPECIFIED.,.F.,.F.,.F.,(4,4),(2,2),(-1.,0.),(0.,
0.24),.UNSPECIFIED.);
#31=B_SPLINE_SURFACE_WITH_KNOTS('',3,1,((#5539,#5540),(#5541,#5542),(#5543,
#5544),(#5545,#5546)),.UNSPECIFIED.,.F.,.F.,.F.,(4,4),(2,2),(-1.,0.),(0.,
0.24),.UNSPECIFIED.);
#32=B_SPLINE_SURFACE_WITH_KNOTS('',3,1,((#5553,#5554),(#5555,#5556),(#5557,
#5558),(#5559,#5560)),.UNSPECIFIED.,.F.,.F.,.F.,(4,4),(2,2),(-1.,0.),(0.,
0.24),.UNSPECIFIED.);
#33=B_SPLINE_SURFACE_WITH_KNOTS('',3,1,((#5567,#5568),(#5569,#5570),(#5571,
#5572),(#5573,#5574)),.UNSPECIFIED.,.F.,.F.,.F.,(4,4),(2,2),(-1.,-0.212136667900946),
(0.,0.24),.UNSPECIFIED.);
#34=B_SPLINE_SURFACE_WITH_KNOTS('',3,1,((#5579,#5580),(#5581,#5582),(#5583,
#5584),(#5585,#5586)),.UNSPECIFIED.,.F.,.F.,.F.,(4,4),(2,2),(-0.939827571643273,
0.),(0.,0.24),.UNSPECIFIED.);
#35=B_SPLINE_SURFACE_WITH_KNOTS('',3,1,((#5593,#5594),(#5595,#5596),(#5597,
#5598),(#5599,#5600)),.UNSPECIFIED.,.F.,.F.,.F.,(4,4),(2,2),(-1.,-0.00561265043672787),
(0.,0.24),.UNSPECIFIED.);
#36=B_SPLINE_SURFACE_WITH_KNOTS('',3,1,((#5607,#5608),(#5609,#5610),(#5611,
#5612),(#5613,#5614)),.UNSPECIFIED.,.F.,.F.,.F.,(4,4),(2,2),(-0.990066310494663,
0.),(0.,0.24),.UNSPECIFIED.);
#37=B_SPLINE_SURFACE_WITH_KNOTS('',3,1,((#5621,#5622),(#5623,#5624),(#5625,
#5626),(#5627,#5628)),.UNSPECIFIED.,.F.,.F.,.F.,(4,4),(2,2),(-1.,0.),(0.,
0.24),.UNSPECIFIED.);
#38=B_SPLINE_SURFACE_WITH_KNOTS('',3,1,((#5635,#5636),(#5637,#5638),(#5639,
#5640),(#5641,#5642)),.UNSPECIFIED.,.F.,.F.,.F.,(4,4),(2,2),(-1.,0.),(0.,
0.24),.UNSPECIFIED.);
#39=B_SPLINE_SURFACE_WITH_KNOTS('',3,1,((#5649,#5650),(#5651,#5652),(#5653,
#5654),(#5655,#5656)),.UNSPECIFIED.,.F.,.F.,.F.,(4,4),(2,2),(-1.,-0.455662382129907),
(0.,0.24),.UNSPECIFIED.);
#40=B_SPLINE_SURFACE_WITH_KNOTS('',3,1,((#5661,#5662),(#5663,#5664),(#5665,
#5666),(#5667,#5668)),.UNSPECIFIED.,.F.,.F.,.F.,(4,4),(2,2),(0.469388494204137,
1.),(0.,0.24),.UNSPECIFIED.);
#41=B_SPLINE_SURFACE_WITH_KNOTS('',3,1,((#5675,#5676),(#5677,#5678),(#5679,
#5680),(#5681,#5682)),.UNSPECIFIED.,.F.,.F.,.F.,(4,4),(2,2),(0.,1.),(0.,
0.24),.UNSPECIFIED.);
#42=B_SPLINE_SURFACE_WITH_KNOTS('',3,1,((#5689,#5690),(#5691,#5692),(#5693,
#5694),(#5695,#5696)),.UNSPECIFIED.,.F.,.F.,.F.,(4,4),(2,2),(0.,1.),(0.,
0.24),.UNSPECIFIED.);
#43=B_SPLINE_SURFACE_WITH_KNOTS('',3,1,((#5703,#5704),(#5705,#5706),(#5707,
#5708),(#5709,#5710)),.UNSPECIFIED.,.F.,.F.,.F.,(4,4),(2,2),(0.,1.),(0.,
0.24),.UNSPECIFIED.);
#44=B_SPLINE_SURFACE_WITH_KNOTS('',3,1,((#5715,#5716),(#5717,#5718),(#5719,
#5720),(#5721,#5722)),.UNSPECIFIED.,.F.,.F.,.F.,(4,4),(2,2),(-0.615818719285483,
-0.19208464546739),(0.,0.24),.UNSPECIFIED.);
#45=B_SPLINE_SURFACE_WITH_KNOTS('',3,1,((#5727,#5728),(#5729,#5730),(#5731,
#5732),(#5733,#5734)),.UNSPECIFIED.,.F.,.F.,.F.,(4,4),(2,2),(-0.00776623170096071,
0.),(0.,0.24),.UNSPECIFIED.);
#46=B_SPLINE_SURFACE_WITH_KNOTS('',3,1,((#5743,#5744),(#5745,#5746),(#5747,
#5748),(#5749,#5750)),.UNSPECIFIED.,.F.,.F.,.F.,(4,4),(2,2),(-1.,0.),(0.,
0.24),.UNSPECIFIED.);
#47=B_SPLINE_SURFACE_WITH_KNOTS('',3,1,((#5757,#5758),(#5759,#5760),(#5761,
#5762),(#5763,#5764)),.UNSPECIFIED.,.F.,.F.,.F.,(4,4),(2,2),(-1.,0.),(0.,
0.24),.UNSPECIFIED.);
#48=B_SPLINE_SURFACE_WITH_KNOTS('',2,1,((#5771,#5772),(#5773,#5774),(#5775,
#5776)),.UNSPECIFIED.,.F.,.F.,.F.,(3,3),(2,2),(-1.,0.),(0.,0.24),
 .UNSPECIFIED.);
#49=B_SPLINE_SURFACE_WITH_KNOTS('',3,1,((#5782,#5783),(#5784,#5785),(#5786,
#5787),(#5788,#5789)),.UNSPECIFIED.,.F.,.F.,.F.,(4,4),(2,2),(-1.,0.),(0.,
0.24),.UNSPECIFIED.);
#50=B_SPLINE_SURFACE_WITH_KNOTS('',3,1,((#5796,#5797),(#5798,#5799),(#5800,
#5801),(#5802,#5803)),.UNSPECIFIED.,.F.,.F.,.F.,(4,4),(2,2),(-1.,0.),(0.,
0.24),.UNSPECIFIED.);
#51=B_SPLINE_SURFACE_WITH_KNOTS('',3,1,((#5810,#5811),(#5812,#5813),(#5814,
#5815),(#5816,#5817)),.UNSPECIFIED.,.F.,.F.,.F.,(4,4),(2,2),(-1.,-0.328792254152654),
(0.,0.24),.UNSPECIFIED.);
#52=B_SPLINE_SURFACE_WITH_KNOTS('',3,1,((#5822,#5823),(#5824,#5825),(#5826,
#5827),(#5828,#5829)),.UNSPECIFIED.,.F.,.F.,.F.,(4,4),(2,2),(-0.745981772220217,
0.),(0.,0.24),.UNSPECIFIED.);
#53=B_SPLINE_SURFACE_WITH_KNOTS('',3,1,((#5836,#5837),(#5838,#5839),(#5840,
#5841),(#5842,#5843)),.UNSPECIFIED.,.F.,.F.,.F.,(4,4),(2,2),(-1.,0.),(0.,
0.24),.UNSPECIFIED.);
#54=B_SPLINE_SURFACE_WITH_KNOTS('',3,1,((#5850,#5851),(#5852,#5853),(#5854,
#5855),(#5856,#5857)),.UNSPECIFIED.,.F.,.F.,.F.,(4,4),(2,2),(-1.,0.),(0.,
0.24),.UNSPECIFIED.);
#55=B_SPLINE_SURFACE_WITH_KNOTS('',2,1,((#5864,#5865),(#5866,#5867),(#5868,
#5869)),.UNSPECIFIED.,.F.,.F.,.F.,(3,3),(2,2),(-1.,0.),(0.,0.24),
 .UNSPECIFIED.);
#56=B_SPLINE_SURFACE_WITH_KNOTS('',3,1,((#5875,#5876),(#5877,#5878),(#5879,
#5880),(#5881,#5882)),.UNSPECIFIED.,.F.,.F.,.F.,(4,4),(2,2),(-1.,-0.247278353128326),
(0.,0.24),.UNSPECIFIED.);
#57=B_SPLINE_SURFACE_WITH_KNOTS('',3,1,((#5887,#5888),(#5889,#5890),(#5891,
#5892),(#5893,#5894)),.UNSPECIFIED.,.F.,.F.,.F.,(4,4),(2,2),(-0.734933346441295,
0.),(0.,0.24),.UNSPECIFIED.);
#58=B_SPLINE_SURFACE_WITH_KNOTS('',3,1,((#5901,#5902),(#5903,#5904),(#5905,
#5906),(#5907,#5908)),.UNSPECIFIED.,.F.,.F.,.F.,(4,4),(2,2),(-1.,-0.651356930703324),
(0.,0.24),.UNSPECIFIED.);
#59=B_SPLINE_SURFACE_WITH_KNOTS('',3,1,((#5913,#5914),(#5915,#5916),(#5917,
#5918),(#5919,#5920)),.UNSPECIFIED.,.F.,.F.,.F.,(4,4),(2,2),(-1.,0.),(0.,
0.24),.UNSPECIFIED.);
#60=B_SPLINE_SURFACE_WITH_KNOTS('',3,1,((#5935,#5936),(#5937,#5938),(#5939,
#5940),(#5941,#5942)),.UNSPECIFIED.,.F.,.F.,.F.,(4,4),(2,2),(-1.,0.),(0.,
0.24),.UNSPECIFIED.);
#61=B_SPLINE_SURFACE_WITH_KNOTS('',3,1,((#5954,#5955),(#5956,#5957),(#5958,
#5959),(#5960,#5961)),.UNSPECIFIED.,.F.,.F.,.F.,(4,4),(2,2),(-1.,-0.867724236423866),
(0.,0.24),.UNSPECIFIED.);
#62=B_SPLINE_SURFACE_WITH_KNOTS('',3,1,((#5967,#5968),(#5969,#5970),(#5971,
#5972),(#5973,#5974)),.UNSPECIFIED.,.F.,.F.,.F.,(4,4),(2,2),(0.617701480696612,
1.),(0.,0.24),.UNSPECIFIED.);
#63=B_SPLINE_SURFACE_WITH_KNOTS('',3,1,((#5981,#5982),(#5983,#5984),(#5985,
#5986),(#5987,#5988)),.UNSPECIFIED.,.F.,.F.,.F.,(4,4),(2,2),(0.,1.),(0.,
0.24),.UNSPECIFIED.);
#64=B_SPLINE_SURFACE_WITH_KNOTS('',3,1,((#5995,#5996),(#5997,#5998),(#5999,
#6000),(#6001,#6002)),.UNSPECIFIED.,.F.,.F.,.F.,(4,4),(2,2),(0.,1.),(0.,
0.24),.UNSPECIFIED.);
#65=B_SPLINE_SURFACE_WITH_KNOTS('',3,1,((#6009,#6010),(#6011,#6012),(#6013,
#6014),(#6015,#6016)),.UNSPECIFIED.,.F.,.F.,.F.,(4,4),(2,2),(0.,0.990066590212631),
(0.,0.24),.UNSPECIFIED.);
#66=B_SPLINE_SURFACE_WITH_KNOTS('',3,1,((#6023,#6024),(#6025,#6026),(#6027,
#6028),(#6029,#6030)),.UNSPECIFIED.,.F.,.F.,.F.,(4,4),(2,2),(0.00561249473120391,
1.),(0.,0.24),.UNSPECIFIED.);
#67=B_SPLINE_SURFACE_WITH_KNOTS('',3,1,((#6037,#6038),(#6039,#6040),(#6041,
#6042),(#6043,#6044)),.UNSPECIFIED.,.F.,.F.,.F.,(4,4),(2,2),(0.,0.812812229078157),
(0.,0.24),.UNSPECIFIED.);
#68=B_SPLINE_SURFACE_WITH_KNOTS('',3,1,((#6051,#6052),(#6053,#6054),(#6055,
#6056),(#6057,#6058)),.UNSPECIFIED.,.F.,.F.,.F.,(4,4),(2,2),(-0.988727772910637,
0.),(0.,0.24),.UNSPECIFIED.);
#69=B_SPLINE_SURFACE_WITH_KNOTS('',3,1,((#6067,#6068),(#6069,#6070),(#6071,
#6072),(#6073,#6074)),.UNSPECIFIED.,.F.,.F.,.F.,(4,4),(2,2),(-1.,-0.0992831718353687),
(0.,0.24),.UNSPECIFIED.);
#70=B_SPLINE_SURFACE_WITH_KNOTS('',3,1,((#6081,#6082),(#6083,#6084),(#6085,
#6086),(#6087,#6088)),.UNSPECIFIED.,.F.,.F.,.F.,(4,4),(2,2),(-0.584754980002003,
0.),(0.,0.24),.UNSPECIFIED.);
#71=B_SPLINE_SURFACE_WITH_KNOTS('',3,1,((#6095,#6096),(#6097,#6098),(#6099,
#6100),(#6101,#6102)),.UNSPECIFIED.,.F.,.F.,.F.,(4,4),(2,2),(-1.,0.),(0.,
0.24),.UNSPECIFIED.);
#72=B_SPLINE_SURFACE_WITH_KNOTS('',3,1,((#6113,#6114),(#6115,#6116),(#6117,
#6118),(#6119,#6120)),.UNSPECIFIED.,.F.,.F.,.F.,(4,4),(2,2),(-1.,0.),(0.,
0.24),.UNSPECIFIED.);
#73=B_SPLINE_SURFACE_WITH_KNOTS('',3,1,((#6127,#6128),(#6129,#6130),(#6131,
#6132),(#6133,#6134)),.UNSPECIFIED.,.F.,.F.,.F.,(4,4),(2,2),(-1.,0.),(0.,
0.24),.UNSPECIFIED.);
#74=B_SPLINE_SURFACE_WITH_KNOTS('',3,1,((#6141,#6142),(#6143,#6144),(#6145,
#6146),(#6147,#6148)),.UNSPECIFIED.,.F.,.F.,.F.,(4,4),(2,2),(-1.,0.),(0.,
0.24),.UNSPECIFIED.);
#75=B_SPLINE_SURFACE_WITH_KNOTS('',3,1,((#6155,#6156),(#6157,#6158),(#6159,
#6160),(#6161,#6162)),.UNSPECIFIED.,.F.,.F.,.F.,(4,4),(2,2),(-1.,0.),(0.,
0.24),.UNSPECIFIED.);
#76=B_SPLINE_SURFACE_WITH_KNOTS('',3,1,((#6169,#6170),(#6171,#6172),(#6173,
#6174),(#6175,#6176)),.UNSPECIFIED.,.F.,.F.,.F.,(4,4),(2,2),(-1.,0.),(0.,
0.24),.UNSPECIFIED.);
#77=B_SPLINE_SURFACE_WITH_KNOTS('',3,1,((#6183,#6184),(#6185,#6186),(#6187,
#6188),(#6189,#6190)),.UNSPECIFIED.,.F.,.F.,.F.,(4,4),(2,2),(-1.,0.),(0.,
0.24),.UNSPECIFIED.);
#78=B_SPLINE_SURFACE_WITH_KNOTS('',3,1,((#6197,#6198),(#6199,#6200),(#6201,
#6202),(#6203,#6204)),.UNSPECIFIED.,.F.,.F.,.F.,(4,4),(2,2),(-1.,0.),(0.,
0.24),.UNSPECIFIED.);
#79=B_SPLINE_SURFACE_WITH_KNOTS('',3,1,((#6211,#6212),(#6213,#6214),(#6215,
#6216),(#6217,#6218)),.UNSPECIFIED.,.F.,.F.,.F.,(4,4),(2,2),(-1.,0.),(0.,
0.24),.UNSPECIFIED.);
#80=B_SPLINE_SURFACE_WITH_KNOTS('',3,1,((#6225,#6226),(#6227,#6228),(#6229,
#6230),(#6231,#6232)),.UNSPECIFIED.,.F.,.F.,.F.,(4,4),(2,2),(-1.,-0.262108861738982),
(0.,0.24),.UNSPECIFIED.);
#81=B_SPLINE_SURFACE_WITH_KNOTS('',3,1,((#6237,#6238),(#6239,#6240),(#6241,
#6242),(#6243,#6244)),.UNSPECIFIED.,.F.,.F.,.F.,(4,4),(2,2),(-0.795037197696873,
0.),(0.,0.24),.UNSPECIFIED.);
#82=B_SPLINE_SURFACE_WITH_KNOTS('',3,1,((#6251,#6252),(#6253,#6254),(#6255,
#6256),(#6257,#6258)),.UNSPECIFIED.,.F.,.F.,.F.,(4,4),(2,2),(-1.,0.),(0.,
0.24),.UNSPECIFIED.);
#83=B_SPLINE_SURFACE_WITH_KNOTS('',3,1,((#6265,#6266),(#6267,#6268),(#6269,
#6270),(#6271,#6272)),.UNSPECIFIED.,.F.,.F.,.F.,(4,4),(2,2),(-1.,0.),(0.,
0.24),.UNSPECIFIED.);
#84=B_SPLINE_SURFACE_WITH_KNOTS('',3,1,((#6279,#6280),(#6281,#6282),(#6283,
#6284),(#6285,#6286)),.UNSPECIFIED.,.F.,.F.,.F.,(4,4),(2,2),(-1.,0.),(0.,
0.24),.UNSPECIFIED.);
#85=B_SPLINE_SURFACE_WITH_KNOTS('',3,1,((#6293,#6294),(#6295,#6296),(#6297,
#6298),(#6299,#6300)),.UNSPECIFIED.,.F.,.F.,.F.,(4,4),(2,2),(-1.,0.),(0.,
0.24),.UNSPECIFIED.);
#86=B_SPLINE_SURFACE_WITH_KNOTS('',3,1,((#6307,#6308),(#6309,#6310),(#6311,
#6312),(#6313,#6314)),.UNSPECIFIED.,.F.,.F.,.F.,(4,4),(2,2),(-1.,0.),(0.,
0.24),.UNSPECIFIED.);
#87=B_SPLINE_SURFACE_WITH_KNOTS('',3,1,((#6321,#6322),(#6323,#6324),(#6325,
#6326),(#6327,#6328)),.UNSPECIFIED.,.F.,.F.,.F.,(4,4),(2,2),(-1.,0.),(0.,
0.24),.UNSPECIFIED.);
#88=B_SPLINE_SURFACE_WITH_KNOTS('',3,1,((#6335,#6336),(#6337,#6338),(#6339,
#6340),(#6341,#6342)),.UNSPECIFIED.,.F.,.F.,.F.,(4,4),(2,2),(-1.,0.),(0.,
0.24),.UNSPECIFIED.);
#89=B_SPLINE_SURFACE_WITH_KNOTS('',3,1,((#6349,#6350),(#6351,#6352),(#6353,
#6354),(#6355,#6356)),.UNSPECIFIED.,.F.,.F.,.F.,(4,4),(2,2),(-1.,0.),(0.,
0.24),.UNSPECIFIED.);
#90=B_SPLINE_SURFACE_WITH_KNOTS('',3,1,((#6367,#6368),(#6369,#6370),(#6371,
#6372),(#6373,#6374)),.UNSPECIFIED.,.F.,.F.,.F.,(4,4),(2,2),(-1.,0.),(0.,
0.24),.UNSPECIFIED.);
#91=B_SPLINE_SURFACE_WITH_KNOTS('',3,1,((#6381,#6382),(#6383,#6384),(#6385,
#6386),(#6387,#6388)),.UNSPECIFIED.,.F.,.F.,.F.,(4,4),(2,2),(-1.,0.),(0.,
0.24),.UNSPECIFIED.);
#92=B_SPLINE_SURFACE_WITH_KNOTS('',3,1,((#6395,#6396),(#6397,#6398),(#6399,
#6400),(#6401,#6402)),.UNSPECIFIED.,.F.,.F.,.F.,(4,4),(2,2),(-1.,-0.0494782600900385),
(0.,0.24),.UNSPECIFIED.);
#93=B_SPLINE_SURFACE_WITH_KNOTS('',3,1,((#6407,#6408),(#6409,#6410),(#6411,
#6412),(#6413,#6414)),.UNSPECIFIED.,.F.,.F.,.F.,(4,4),(2,2),(0.122559905492439,
1.),(0.,0.24),.UNSPECIFIED.);
#94=B_SPLINE_SURFACE_WITH_KNOTS('',3,1,((#6421,#6422),(#6423,#6424),(#6425,
#6426),(#6427,#6428)),.UNSPECIFIED.,.F.,.F.,.F.,(4,4),(2,2),(0.,1.),(0.,
0.24),.UNSPECIFIED.);
#95=B_SPLINE_SURFACE_WITH_KNOTS('',3,1,((#6435,#6436),(#6437,#6438),(#6439,
#6440),(#6441,#6442)),.UNSPECIFIED.,.F.,.F.,.F.,(4,4),(2,2),(0.,1.),(0.,
0.24),.UNSPECIFIED.);
#96=B_SPLINE_SURFACE_WITH_KNOTS('',3,1,((#6453,#6454),(#6455,#6456),(#6457,
#6458),(#6459,#6460)),.UNSPECIFIED.,.F.,.F.,.F.,(4,4),(2,2),(0.,1.),(0.,
0.24),.UNSPECIFIED.);
#97=B_SPLINE_SURFACE_WITH_KNOTS('',3,1,((#6467,#6468),(#6469,#6470),(#6471,
#6472),(#6473,#6474)),.UNSPECIFIED.,.F.,.F.,.F.,(4,4),(2,2),(0.,1.),(0.,
0.24),.UNSPECIFIED.);
#98=B_SPLINE_SURFACE_WITH_KNOTS('',3,1,((#6481,#6482),(#6483,#6484),(#6485,
#6486),(#6487,#6488)),.UNSPECIFIED.,.F.,.F.,.F.,(4,4),(2,2),(0.,1.),(0.,
0.24),.UNSPECIFIED.);
#99=B_SPLINE_SURFACE_WITH_KNOTS('',3,1,((#6495,#6496),(#6497,#6498),(#6499,
#6500),(#6501,#6502)),.UNSPECIFIED.,.F.,.F.,.F.,(4,4),(2,2),(0.,1.),(0.,
0.24),.UNSPECIFIED.);
#100=B_SPLINE_SURFACE_WITH_KNOTS('',3,1,((#6509,#6510),(#6511,#6512),(#6513,
#6514),(#6515,#6516)),.UNSPECIFIED.,.F.,.F.,.F.,(4,4),(2,2),(0.,1.),(0.,
0.24),.UNSPECIFIED.);
#101=B_SPLINE_SURFACE_WITH_KNOTS('',3,1,((#6523,#6524),(#6525,#6526),(#6527,
#6528),(#6529,#6530)),.UNSPECIFIED.,.F.,.F.,.F.,(4,4),(2,2),(0.,1.),(0.,
0.24),.UNSPECIFIED.);
#102=B_SPLINE_SURFACE_WITH_KNOTS('',3,1,((#6537,#6538),(#6539,#6540),(#6541,
#6542),(#6543,#6544)),.UNSPECIFIED.,.F.,.F.,.F.,(4,4),(2,2),(0.,1.),(0.,
0.24),.UNSPECIFIED.);
#103=B_SPLINE_SURFACE_WITH_KNOTS('',3,1,((#6551,#6552),(#6553,#6554),(#6555,
#6556),(#6557,#6558)),.UNSPECIFIED.,.F.,.F.,.F.,(4,4),(2,2),(0.,1.),(0.,
0.24),.UNSPECIFIED.);
#104=B_SPLINE_SURFACE_WITH_KNOTS('',3,1,((#6565,#6566),(#6567,#6568),(#6569,
#6570),(#6571,#6572)),.UNSPECIFIED.,.F.,.F.,.F.,(4,4),(2,2),(0.,0.227449939595084),
(0.,0.24),.UNSPECIFIED.);
#105=B_SPLINE_SURFACE_WITH_KNOTS('',3,1,((#6577,#6578),(#6579,#6580),(#6581,
#6582),(#6583,#6584)),.UNSPECIFIED.,.F.,.F.,.F.,(4,4),(2,2),(0.215550319410141,
1.),(0.,0.24),.UNSPECIFIED.);
#106=B_SPLINE_SURFACE_WITH_KNOTS('',3,1,((#6591,#6592),(#6593,#6594),(#6595,
#6596),(#6597,#6598)),.UNSPECIFIED.,.F.,.F.,.F.,(4,4),(2,2),(0.,1.),(0.,
0.24),.UNSPECIFIED.);
#107=B_SPLINE_SURFACE_WITH_KNOTS('',3,1,((#6605,#6606),(#6607,#6608),(#6609,
#6610),(#6611,#6612)),.UNSPECIFIED.,.F.,.F.,.F.,(4,4),(2,2),(0.,1.),(0.,
0.24),.UNSPECIFIED.);
#108=B_SPLINE_SURFACE_WITH_KNOTS('',3,1,((#6619,#6620),(#6621,#6622),(#6623,
#6624),(#6625,#6626)),.UNSPECIFIED.,.F.,.F.,.F.,(4,4),(2,2),(0.,1.),(0.,
0.24),.UNSPECIFIED.);
#109=B_SPLINE_SURFACE_WITH_KNOTS('',3,1,((#6633,#6634),(#6635,#6636),(#6637,
#6638),(#6639,#6640)),.UNSPECIFIED.,.F.,.F.,.F.,(4,4),(2,2),(0.,1.),(0.,
0.24),.UNSPECIFIED.);
#110=B_SPLINE_SURFACE_WITH_KNOTS('',3,1,((#6647,#6648),(#6649,#6650),(#6651,
#6652),(#6653,#6654)),.UNSPECIFIED.,.F.,.F.,.F.,(4,4),(2,2),(0.,1.),(0.,
0.24),.UNSPECIFIED.);
#111=B_SPLINE_SURFACE_WITH_KNOTS('',3,1,((#6661,#6662),(#6663,#6664),(#6665,
#6666),(#6667,#6668)),.UNSPECIFIED.,.F.,.F.,.F.,(4,4),(2,2),(0.,1.),(0.,
0.24),.UNSPECIFIED.);
#112=B_SPLINE_SURFACE_WITH_KNOTS('',3,1,((#6675,#6676),(#6677,#6678),(#6679,
#6680),(#6681,#6682)),.UNSPECIFIED.,.F.,.F.,.F.,(4,4),(2,2),(0.,1.),(0.,
0.24),.UNSPECIFIED.);
#113=B_SPLINE_SURFACE_WITH_KNOTS('',3,1,((#6693,#6694),(#6695,#6696),(#6697,
#6698),(#6699,#6700)),.UNSPECIFIED.,.F.,.F.,.F.,(4,4),(2,2),(0.,1.),(0.,
0.24),.UNSPECIFIED.);
#114=B_SPLINE_SURFACE_WITH_KNOTS('',3,1,((#6707,#6708),(#6709,#6710),(#6711,
#6712),(#6713,#6714)),.UNSPECIFIED.,.F.,.F.,.F.,(4,4),(2,2),(0.,0.702940699881995),
(0.,0.24),.UNSPECIFIED.);
#115=B_SPLINE_SURFACE_WITH_KNOTS('',3,1,((#6719,#6720),(#6721,#6722),(#6723,
#6724),(#6725,#6726)),.UNSPECIFIED.,.F.,.F.,.F.,(4,4),(2,2),(-0.996380402928615,
0.),(0.,0.24),.UNSPECIFIED.);
#116=B_SPLINE_SURFACE_WITH_KNOTS('',3,1,((#6733,#6734),(#6735,#6736),(#6737,
#6738),(#6739,#6740)),.UNSPECIFIED.,.F.,.F.,.F.,(4,4),(2,2),(-1.,0.),(0.,
0.24),.UNSPECIFIED.);
#117=B_SPLINE_SURFACE_WITH_KNOTS('',3,1,((#6747,#6748),(#6749,#6750),(#6751,
#6752),(#6753,#6754)),.UNSPECIFIED.,.F.,.F.,.F.,(4,4),(2,2),(-1.,0.),(0.,
0.24),.UNSPECIFIED.);
#118=B_SPLINE_SURFACE_WITH_KNOTS('',3,1,((#6761,#6762),(#6763,#6764),(#6765,
#6766),(#6767,#6768)),.UNSPECIFIED.,.F.,.F.,.F.,(4,4),(2,2),(-1.,0.),(0.,
0.24),.UNSPECIFIED.);
#119=B_SPLINE_SURFACE_WITH_KNOTS('',3,1,((#6775,#6776),(#6777,#6778),(#6779,
#6780),(#6781,#6782)),.UNSPECIFIED.,.F.,.F.,.F.,(4,4),(2,2),(-1.,0.),(0.,
0.24),.UNSPECIFIED.);
#120=B_SPLINE_SURFACE_WITH_KNOTS('',3,1,((#6789,#6790),(#6791,#6792),(#6793,
#6794),(#6795,#6796)),.UNSPECIFIED.,.F.,.F.,.F.,(4,4),(2,2),(-1.,0.),(0.,
0.24),.UNSPECIFIED.);
#121=B_SPLINE_SURFACE_WITH_KNOTS('',3,1,((#6803,#6804),(#6805,#6806),(#6807,
#6808),(#6809,#6810)),.UNSPECIFIED.,.F.,.F.,.F.,(4,4),(2,2),(-1.,-0.643506347933314),
(0.,0.24),.UNSPECIFIED.);
#122=B_SPLINE_SURFACE_WITH_KNOTS('',3,1,((#6812,#6813),(#6814,#6815),(#6816,
#6817),(#6818,#6819)),.UNSPECIFIED.,.F.,.F.,.F.,(4,4),(2,2),(-1.,0.),(0.,
0.24),.UNSPECIFIED.);
#123=B_SPLINE_SURFACE_WITH_KNOTS('',3,1,((#6828,#6829),(#6830,#6831),(#6832,
#6833),(#6834,#6835)),.UNSPECIFIED.,.F.,.F.,.F.,(4,4),(2,2),(-1.,0.),(0.,
0.24),.UNSPECIFIED.);
#124=B_SPLINE_SURFACE_WITH_KNOTS('',3,1,((#6842,#6843),(#6844,#6845),(#6846,
#6847),(#6848,#6849)),.UNSPECIFIED.,.F.,.F.,.F.,(4,4),(2,2),(-1.,0.),(0.,
0.24),.UNSPECIFIED.);
#125=B_SPLINE_SURFACE_WITH_KNOTS('',3,1,((#6854,#6855),(#6856,#6857),(#6858,
#6859),(#6860,#6861)),.UNSPECIFIED.,.F.,.F.,.F.,(4,4),(2,2),(0.,1.),(0.,
0.24),.UNSPECIFIED.);
#126=B_SPLINE_SURFACE_WITH_KNOTS('',3,1,((#6870,#6871),(#6872,#6873),(#6874,
#6875),(#6876,#6877)),.UNSPECIFIED.,.F.,.F.,.F.,(4,4),(2,2),(0.,1.),(0.,
0.24),.UNSPECIFIED.);
#127=B_SPLINE_SURFACE_WITH_KNOTS('',3,1,((#6884,#6885),(#6886,#6887),(#6888,
#6889),(#6890,#6891)),.UNSPECIFIED.,.F.,.F.,.F.,(4,4),(2,2),(0.,1.),(0.,
0.24),.UNSPECIFIED.);
#128=B_SPLINE_SURFACE_WITH_KNOTS('',3,1,((#6896,#6897),(#6898,#6899),(#6900,
#6901),(#6902,#6903)),.UNSPECIFIED.,.F.,.F.,.F.,(4,4),(2,2),(0.,1.),(0.,
0.24),.UNSPECIFIED.);
#129=B_SPLINE_SURFACE_WITH_KNOTS('',3,1,((#6912,#6913),(#6914,#6915),(#6916,
#6917),(#6918,#6919)),.UNSPECIFIED.,.F.,.F.,.F.,(4,4),(2,2),(0.,1.),(0.,
0.24),.UNSPECIFIED.);
#130=B_SPLINE_SURFACE_WITH_KNOTS('',3,1,((#6926,#6927),(#6928,#6929),(#6930,
#6931),(#6932,#6933)),.UNSPECIFIED.,.F.,.F.,.F.,(4,4),(2,2),(0.,1.),(0.,
0.24),.UNSPECIFIED.);
#131=B_SPLINE_SURFACE_WITH_KNOTS('',3,1,((#6940,#6941),(#6942,#6943),(#6944,
#6945),(#6946,#6947)),.UNSPECIFIED.,.F.,.F.,.F.,(4,4),(2,2),(0.,1.),(0.,
0.24),.UNSPECIFIED.);
#132=B_SPLINE_SURFACE_WITH_KNOTS('',3,1,((#6954,#6955),(#6956,#6957),(#6958,
#6959),(#6960,#6961)),.UNSPECIFIED.,.F.,.F.,.F.,(4,4),(2,2),(0.,1.),(0.,
0.24),.UNSPECIFIED.);
#133=B_SPLINE_SURFACE_WITH_KNOTS('',3,1,((#6968,#6969),(#6970,#6971),(#6972,
#6973),(#6974,#6975)),.UNSPECIFIED.,.F.,.F.,.F.,(4,4),(2,2),(0.,1.),(0.,
0.24),.UNSPECIFIED.);
#134=B_SPLINE_SURFACE_WITH_KNOTS('',3,1,((#6982,#6983),(#6984,#6985),(#6986,
#6987),(#6988,#6989)),.UNSPECIFIED.,.F.,.F.,.F.,(4,4),(2,2),(0.,1.),(0.,
0.24),.UNSPECIFIED.);
#135=B_SPLINE_SURFACE_WITH_KNOTS('',3,1,((#6994,#6995),(#6996,#6997),(#6998,
#6999),(#7000,#7001)),.UNSPECIFIED.,.F.,.F.,.F.,(4,4),(2,2),(0.,1.),(0.,
0.24),.UNSPECIFIED.);
#136=B_SPLINE_SURFACE_WITH_KNOTS('',3,1,((#7010,#7011),(#7012,#7013),(#7014,
#7015),(#7016,#7017)),.UNSPECIFIED.,.F.,.F.,.F.,(4,4),(2,2),(0.,1.),(0.,
0.24),.UNSPECIFIED.);
#137=B_SPLINE_SURFACE_WITH_KNOTS('',3,1,((#7024,#7025),(#7026,#7027),(#7028,
#7029),(#7030,#7031)),.UNSPECIFIED.,.F.,.F.,.F.,(4,4),(2,2),(0.,1.),(0.,
0.24),.UNSPECIFIED.);
#138=B_SPLINE_SURFACE_WITH_KNOTS('',3,1,((#7036,#7037),(#7038,#7039),(#7040,
#7041),(#7042,#7043)),.UNSPECIFIED.,.F.,.F.,.F.,(4,4),(2,2),(0.,1.),(0.,
0.24),.UNSPECIFIED.);
#139=B_SPLINE_SURFACE_WITH_KNOTS('',3,1,((#7113,#7114),(#7115,#7116),(#7117,
#7118),(#7119,#7120)),.UNSPECIFIED.,.F.,.F.,.F.,(4,4),(2,2),(0.,1.),(0.,
0.24),.UNSPECIFIED.);
#140=B_SPLINE_SURFACE_WITH_KNOTS('',3,1,((#7134,#7135),(#7136,#7137),(#7138,
#7139),(#7140,#7141)),.UNSPECIFIED.,.F.,.F.,.F.,(4,4),(2,2),(0.,1.),(0.,
0.24),.UNSPECIFIED.);
#141=B_SPLINE_SURFACE_WITH_KNOTS('',3,1,((#7153,#7154),(#7155,#7156),(#7157,
#7158),(#7159,#7160)),.UNSPECIFIED.,.F.,.F.,.F.,(4,4),(2,2),(0.,1.),(0.,
0.24),.UNSPECIFIED.);
#142=B_SPLINE_SURFACE_WITH_KNOTS('',3,1,((#7173,#7174),(#7175,#7176),(#7177,
#7178),(#7179,#7180)),.UNSPECIFIED.,.F.,.F.,.F.,(4,4),(2,2),(0.,1.),(0.,
0.24),.UNSPECIFIED.);
#143=B_SPLINE_SURFACE_WITH_KNOTS('',3,1,((#7237,#7238),(#7239,#7240),(#7241,
#7242),(#7243,#7244)),.UNSPECIFIED.,.F.,.F.,.F.,(4,4),(2,2),(-1.,0.),(0.,
0.24),.UNSPECIFIED.);
#144=B_SPLINE_SURFACE_WITH_KNOTS('',3,1,((#7338,#7339),(#7340,#7341),(#7342,
#7343),(#7344,#7345)),.UNSPECIFIED.,.F.,.F.,.F.,(4,4),(2,2),(0.990066310497574,
1.),(0.,0.24),.UNSPECIFIED.);
#145=B_SPLINE_SURFACE_WITH_KNOTS('',3,1,((#7354,#7355),(#7356,#7357),(#7358,
#7359),(#7360,#7361)),.UNSPECIFIED.,.F.,.F.,.F.,(4,4),(2,2),(0.,0.00561265043672771),
(0.,0.24),.UNSPECIFIED.);
#146=B_SPLINE_SURFACE_WITH_KNOTS('',3,1,((#7362,#7363),(#7364,#7365),(#7366,
#7367),(#7368,#7369)),.UNSPECIFIED.,.F.,.F.,.F.,(4,4),(2,2),(-1.,-0.990066590215541),
(0.,0.24),.UNSPECIFIED.);
#147=B_SPLINE_SURFACE_WITH_KNOTS('',3,1,((#7378,#7379),(#7380,#7381),(#7382,
#7383),(#7384,#7385)),.UNSPECIFIED.,.F.,.F.,.F.,(4,4),(2,2),(-0.00561249473120376,
0.),(0.,0.24),.UNSPECIFIED.);
#148=CIRCLE('',#3896,35.);
#149=CIRCLE('',#3897,35.);
#150=CIRCLE('',#3898,35.);
#151=CIRCLE('',#3899,35.);
#152=CIRCLE('',#3900,35.);
#153=CIRCLE('',#3903,19.3768045438844);
#154=CIRCLE('',#3914,35.0000000000001);
#155=CIRCLE('',#3915,35.0000000000001);
#156=CIRCLE('',#3916,35.0000000000001);
#157=CIRCLE('',#3917,35.0000000000001);
#158=CIRCLE('',#3918,35.0000000000001);
#159=CIRCLE('',#3921,19.3768045438844);
#160=CIRCLE('',#3922,19.3768045438844);
#161=CIRCLE('',#3923,19.3768045438844);
#162=CIRCLE('',#3924,19.3768045438844);
#163=CIRCLE('',#3927,27.5);
#164=CIRCLE('',#3928,27.5);
#165=CIRCLE('',#3930,27.5);
#166=CIRCLE('',#3931,27.5);
#167=CIRCLE('',#3933,40.);
#168=CIRCLE('',#3934,40.);
#169=CIRCLE('',#3935,40.);
#170=CIRCLE('',#3936,40.);
#171=CIRCLE('',#3938,27.5);
#172=CIRCLE('',#3939,27.5);
#173=CIRCLE('',#3940,27.5);
#174=CIRCLE('',#3942,35.);
#175=CIRCLE('',#3943,35.);
#176=CIRCLE('',#3944,35.);
#177=CIRCLE('',#3945,35.);
#178=CIRCLE('',#3947,19.3768045438841);
#179=CIRCLE('',#3948,19.3768045438841);
#180=CIRCLE('',#3949,19.3768045438841);
#181=CIRCLE('',#3953,4.77595749240592);
#182=CIRCLE('',#3954,40.);
#183=CIRCLE('',#3955,35.);
#184=CIRCLE('',#3957,4.77172903975347);
#185=CIRCLE('',#3958,40.);
#186=CIRCLE('',#3962,4.77172903975619);
#187=CIRCLE('',#3963,40.);
#188=CIRCLE('',#3967,4.77394896946438);
#189=CIRCLE('',#3968,27.5);
#190=CIRCLE('',#3978,27.5);
#191=CIRCLE('',#3979,27.5);
#192=CIRCLE('',#3981,40.);
#193=CIRCLE('',#3982,40.);
#194=CIRCLE('',#3983,40.);
#195=CIRCLE('',#3984,40.);
#196=CIRCLE('',#3986,35.);
#197=CIRCLE('',#3987,35.);
#198=CIRCLE('',#3991,4.77595749240592);
#199=CIRCLE('',#3993,4.77172903975347);
#200=CIRCLE('',#3995,4.77172903975619);
#201=CIRCLE('',#3997,4.77394896946438);
#202=CIRCLE('',#4015,26.456050525394);
#203=CIRCLE('',#4027,26.4559432653549);
#204=CIRCLE('',#4028,26.456050525394);
#205=CIRCLE('',#4029,26.456050525394);
#206=CYLINDRICAL_SURFACE('',#3895,35.);
#207=CYLINDRICAL_SURFACE('',#3913,35.0000000000001);
#208=CYLINDRICAL_SURFACE('',#3920,19.3768045438844);
#209=CYLINDRICAL_SURFACE('',#3926,27.5);
#210=CYLINDRICAL_SURFACE('',#3929,27.5);
#211=CYLINDRICAL_SURFACE('',#3932,40.);
#212=CYLINDRICAL_SURFACE('',#3937,27.5);
#213=CYLINDRICAL_SURFACE('',#3941,35.);
#214=CYLINDRICAL_SURFACE('',#3946,19.3768045438841);
#215=CYLINDRICAL_SURFACE('',#3977,27.5);
#216=CYLINDRICAL_SURFACE('',#3980,40.);
#217=CYLINDRICAL_SURFACE('',#3985,35.);
#218=CYLINDRICAL_SURFACE('',#3990,4.77595749240592);
#219=CYLINDRICAL_SURFACE('',#3992,4.77240786136046);
#220=CYLINDRICAL_SURFACE('',#3994,4.77099576949122);
#221=CYLINDRICAL_SURFACE('',#3996,4.77394896946438);
#222=B_SPLINE_CURVE_WITH_KNOTS('',3,(#4659,#4660,#4661,#4662,#4663,#4664),
 .UNSPECIFIED.,.F.,.F.,(4,2,4),(-0.2,-0.1,0.),.UNSPECIFIED.);
#223=B_SPLINE_CURVE_WITH_KNOTS('',3,(#4699,#4700,#4701,#4702),
 .UNSPECIFIED.,.F.,.F.,(4,4),(0.469388494204137,1.),.UNSPECIFIED.);
#224=B_SPLINE_CURVE_WITH_KNOTS('',3,(#4704,#4705,#4706,#4707),
 .UNSPECIFIED.,.F.,.F.,(4,4),(0.,1.),.UNSPECIFIED.);
#225=B_SPLINE_CURVE_WITH_KNOTS('',3,(#4709,#4710,#4711,#4712),
 .UNSPECIFIED.,.F.,.F.,(4,4),(0.,1.),.UNSPECIFIED.);
#226=B_SPLINE_CURVE_WITH_KNOTS('',3,(#4714,#4715,#4716,#4717),
 .UNSPECIFIED.,.F.,.F.,(4,4),(0.,1.),.UNSPECIFIED.);
#227=B_SPLINE_CURVE_WITH_KNOTS('',3,(#4718,#4719,#4720,#4721),
 .UNSPECIFIED.,.F.,.F.,(4,4),(0.,0.0385496128143456),.UNSPECIFIED.);
#228=B_SPLINE_CURVE_WITH_KNOTS('',3,(#4732,#4733,#4734,#4735),
 .UNSPECIFIED.,.F.,.F.,(4,4),(0.,0.0385496128143456),.UNSPECIFIED.);
#229=B_SPLINE_CURVE_WITH_KNOTS('',3,(#4748,#4749,#4750,#4751,#4752,#4753),
 .UNSPECIFIED.,.F.,.F.,(4,2,4),(-0.2,-0.1,0.),.UNSPECIFIED.);
#230=B_SPLINE_CURVE_WITH_KNOTS('',3,(#4798,#4799,#4800,#4801,#4802,#4803),
 .UNSPECIFIED.,.F.,.F.,(4,2,4),(-0.2,-0.1,0.),.UNSPECIFIED.);
#231=B_SPLINE_CURVE_WITH_KNOTS('',3,(#4812,#4813,#4814,#4815,#4816,#4817),
 .UNSPECIFIED.,.F.,.F.,(4,2,4),(-0.2,-0.1,0.),.UNSPECIFIED.);
#232=B_SPLINE_CURVE_WITH_KNOTS('',3,(#4829,#4830,#4831,#4832),
 .UNSPECIFIED.,.F.,.F.,(4,4),(-0.893071210724567,0.),.UNSPECIFIED.);
#233=B_SPLINE_CURVE_WITH_KNOTS('',3,(#4835,#4836,#4837,#4838),
 .UNSPECIFIED.,.F.,.F.,(4,4),(-0.893071210724567,0.),.UNSPECIFIED.);
#234=B_SPLINE_CURVE_WITH_KNOTS('',3,(#4859,#4860,#4861,#4862),
 .UNSPECIFIED.,.F.,.F.,(4,4),(-1.,-0.322696147456082),.UNSPECIFIED.);
#235=B_SPLINE_CURVE_WITH_KNOTS('',3,(#4863,#4864,#4865,#4866),
 .UNSPECIFIED.,.F.,.F.,(4,4),(-0.0298773693389482,0.),.UNSPECIFIED.);
#236=B_SPLINE_CURVE_WITH_KNOTS('',3,(#4959,#4960,#4961,#4962),
 .UNSPECIFIED.,.F.,.F.,(4,4),(-1.,-0.0992831718353687),.UNSPECIFIED.);
#237=B_SPLINE_CURVE_WITH_KNOTS('',3,(#4965,#4966,#4967,#4968),
 .UNSPECIFIED.,.F.,.F.,(4,4),(-0.988727772910637,0.),.UNSPECIFIED.);
#238=B_SPLINE_CURVE_WITH_KNOTS('',3,(#4972,#4973,#4974,#4975),
 .UNSPECIFIED.,.F.,.F.,(4,4),(0.,0.812812229078157),.UNSPECIFIED.);
#239=B_SPLINE_CURVE_WITH_KNOTS('',3,(#4978,#4979,#4980,#4981),
 .UNSPECIFIED.,.F.,.F.,(4,4),(0.617701480696612,1.),.UNSPECIFIED.);
#240=B_SPLINE_CURVE_WITH_KNOTS('',3,(#4983,#4984,#4985,#4986),
 .UNSPECIFIED.,.F.,.F.,(4,4),(0.,1.),.UNSPECIFIED.);
#241=B_SPLINE_CURVE_WITH_KNOTS('',3,(#4988,#4989,#4990,#4991),
 .UNSPECIFIED.,.F.,.F.,(4,4),(0.,1.),.UNSPECIFIED.);
#242=B_SPLINE_CURVE_WITH_KNOTS('',3,(#4993,#4994,#4995,#4996),
 .UNSPECIFIED.,.F.,.F.,(4,4),(0.,0.990066590212631),.UNSPECIFIED.);
#243=B_SPLINE_CURVE_WITH_KNOTS('',3,(#4997,#4998,#4999,#5000),
 .UNSPECIFIED.,.F.,.F.,(4,4),(0.00561249473120391,1.),.UNSPECIFIED.);
#244=B_SPLINE_CURVE_WITH_KNOTS('',3,(#5004,#5005,#5006,#5007),
 .UNSPECIFIED.,.F.,.F.,(4,4),(-0.584754980002003,0.),.UNSPECIFIED.);
#245=B_SPLINE_CURVE_WITH_KNOTS('',3,(#5009,#5010,#5011,#5012),
 .UNSPECIFIED.,.F.,.F.,(4,4),(-1.,-1.13871191533608E-9),.UNSPECIFIED.);
#246=B_SPLINE_CURVE_WITH_KNOTS('',3,(#5016,#5017,#5018,#5019),
 .UNSPECIFIED.,.F.,.F.,(4,4),(-1.,0.),.UNSPECIFIED.);
#247=B_SPLINE_CURVE_WITH_KNOTS('',3,(#5021,#5022,#5023,#5024),
 .UNSPECIFIED.,.F.,.F.,(4,4),(-1.,0.),.UNSPECIFIED.);
#248=B_SPLINE_CURVE_WITH_KNOTS('',3,(#5026,#5027,#5028,#5029),
 .UNSPECIFIED.,.F.,.F.,(4,4),(-1.,0.),.UNSPECIFIED.);
#249=B_SPLINE_CURVE_WITH_KNOTS('',3,(#5031,#5032,#5033,#5034),
 .UNSPECIFIED.,.F.,.F.,(4,4),(-1.,0.),.UNSPECIFIED.);
#250=B_SPLINE_CURVE_WITH_KNOTS('',3,(#5036,#5037,#5038,#5039),
 .UNSPECIFIED.,.F.,.F.,(4,4),(-1.,0.),.UNSPECIFIED.);
#251=B_SPLINE_CURVE_WITH_KNOTS('',3,(#5041,#5042,#5043,#5044),
 .UNSPECIFIED.,.F.,.F.,(4,4),(-1.,0.),.UNSPECIFIED.);
#252=B_SPLINE_CURVE_WITH_KNOTS('',3,(#5046,#5047,#5048,#5049),
 .UNSPECIFIED.,.F.,.F.,(4,4),(-1.,0.),.UNSPECIFIED.);
#253=B_SPLINE_CURVE_WITH_KNOTS('',3,(#5051,#5052,#5053,#5054),
 .UNSPECIFIED.,.F.,.F.,(4,4),(-1.,0.),.UNSPECIFIED.);
#254=B_SPLINE_CURVE_WITH_KNOTS('',3,(#5056,#5057,#5058,#5059),
 .UNSPECIFIED.,.F.,.F.,(4,4),(-1.,-0.262108861738982),.UNSPECIFIED.);
#255=B_SPLINE_CURVE_WITH_KNOTS('',3,(#5065,#5066,#5067,#5068),
 .UNSPECIFIED.,.F.,.F.,(4,4),(-0.795037197696873,0.),.UNSPECIFIED.);
#256=B_SPLINE_CURVE_WITH_KNOTS('',3,(#5070,#5071,#5072,#5073),
 .UNSPECIFIED.,.F.,.F.,(4,4),(-1.,0.),.UNSPECIFIED.);
#257=B_SPLINE_CURVE_WITH_KNOTS('',3,(#5075,#5076,#5077,#5078),
 .UNSPECIFIED.,.F.,.F.,(4,4),(-1.,0.),.UNSPECIFIED.);
#258=B_SPLINE_CURVE_WITH_KNOTS('',3,(#5080,#5081,#5082,#5083),
 .UNSPECIFIED.,.F.,.F.,(4,4),(-1.,0.),.UNSPECIFIED.);
#259=B_SPLINE_CURVE_WITH_KNOTS('',3,(#5085,#5086,#5087,#5088),
 .UNSPECIFIED.,.F.,.F.,(4,4),(-1.,0.),.UNSPECIFIED.);
#260=B_SPLINE_CURVE_WITH_KNOTS('',3,(#5090,#5091,#5092,#5093),
 .UNSPECIFIED.,.F.,.F.,(4,4),(-1.,0.),.UNSPECIFIED.);
#261=B_SPLINE_CURVE_WITH_KNOTS('',3,(#5095,#5096,#5097,#5098),
 .UNSPECIFIED.,.F.,.F.,(4,4),(-1.,0.),.UNSPECIFIED.);
#262=B_SPLINE_CURVE_WITH_KNOTS('',3,(#5100,#5101,#5102,#5103),
 .UNSPECIFIED.,.F.,.F.,(4,4),(-1.,0.),.UNSPECIFIED.);
#263=B_SPLINE_CURVE_WITH_KNOTS('',3,(#5105,#5106,#5107,#5108),
 .UNSPECIFIED.,.F.,.F.,(4,4),(-1.,0.),.UNSPECIFIED.);
#264=B_SPLINE_CURVE_WITH_KNOTS('',3,(#5112,#5113,#5114,#5115),
 .UNSPECIFIED.,.F.,.F.,(4,4),(-1.,0.),.UNSPECIFIED.);
#265=B_SPLINE_CURVE_WITH_KNOTS('',3,(#5117,#5118,#5119,#5120),
 .UNSPECIFIED.,.F.,.F.,(4,4),(-1.,0.),.UNSPECIFIED.);
#266=B_SPLINE_CURVE_WITH_KNOTS('',3,(#5122,#5123,#5124,#5125),
 .UNSPECIFIED.,.F.,.F.,(4,4),(-1.,-0.0494782600900385),.UNSPECIFIED.);
#267=B_SPLINE_CURVE_WITH_KNOTS('',3,(#5129,#5130,#5131,#5132),
 .UNSPECIFIED.,.F.,.F.,(4,4),(-1.,-0.247278353128326),.UNSPECIFIED.);
#268=B_SPLINE_CURVE_WITH_KNOTS('',3,(#5134,#5135,#5136,#5137),
 .UNSPECIFIED.,.F.,.F.,(4,4),(-0.745981772220217,0.),.UNSPECIFIED.);
#269=B_SPLINE_CURVE_WITH_KNOTS('',3,(#5139,#5140,#5141,#5142),
 .UNSPECIFIED.,.F.,.F.,(4,4),(-1.,0.),.UNSPECIFIED.);
#270=B_SPLINE_CURVE_WITH_KNOTS('',3,(#5144,#5145,#5146,#5147),
 .UNSPECIFIED.,.F.,.F.,(4,4),(-1.,0.),.UNSPECIFIED.);
#271=B_SPLINE_CURVE_WITH_KNOTS('',2,(#5148,#5149,#5150),.UNSPECIFIED.,.F.,
 .F.,(3,3),(-1.,0.),.UNSPECIFIED.);
#272=B_SPLINE_CURVE_WITH_KNOTS('',3,(#5153,#5154,#5155,#5156),
 .UNSPECIFIED.,.F.,.F.,(4,4),(-1.,-0.651356930703324),.UNSPECIFIED.);
#273=B_SPLINE_CURVE_WITH_KNOTS('',3,(#5157,#5158,#5159,#5160),
 .UNSPECIFIED.,.F.,.F.,(4,4),(-0.734933346441295,0.),.UNSPECIFIED.);
#274=B_SPLINE_CURVE_WITH_KNOTS('',3,(#5164,#5165,#5166,#5167),
 .UNSPECIFIED.,.F.,.F.,(4,4),(0.122559905492439,1.),.UNSPECIFIED.);
#275=B_SPLINE_CURVE_WITH_KNOTS('',3,(#5169,#5170,#5171,#5172),
 .UNSPECIFIED.,.F.,.F.,(4,4),(0.,1.),.UNSPECIFIED.);
#276=B_SPLINE_CURVE_WITH_KNOTS('',3,(#5174,#5175,#5176,#5177),
 .UNSPECIFIED.,.F.,.F.,(4,4),(0.,1.),.UNSPECIFIED.);
#277=B_SPLINE_CURVE_WITH_KNOTS('',3,(#5181,#5182,#5183,#5184),
 .UNSPECIFIED.,.F.,.F.,(4,4),(0.,1.),.UNSPECIFIED.);
#278=B_SPLINE_CURVE_WITH_KNOTS('',3,(#5186,#5187,#5188,#5189),
 .UNSPECIFIED.,.F.,.F.,(4,4),(0.,1.),.UNSPECIFIED.);
#279=B_SPLINE_CURVE_WITH_KNOTS('',3,(#5191,#5192,#5193,#5194),
 .UNSPECIFIED.,.F.,.F.,(4,4),(0.,1.),.UNSPECIFIED.);
#280=B_SPLINE_CURVE_WITH_KNOTS('',3,(#5196,#5197,#5198,#5199),
 .UNSPECIFIED.,.F.,.F.,(4,4),(0.,1.),.UNSPECIFIED.);
#281=B_SPLINE_CURVE_WITH_KNOTS('',3,(#5201,#5202,#5203,#5204),
 .UNSPECIFIED.,.F.,.F.,(4,4),(0.,1.),.UNSPECIFIED.);
#282=B_SPLINE_CURVE_WITH_KNOTS('',3,(#5206,#5207,#5208,#5209),
 .UNSPECIFIED.,.F.,.F.,(4,4),(0.,1.),.UNSPECIFIED.);
#283=B_SPLINE_CURVE_WITH_KNOTS('',3,(#5211,#5212,#5213,#5214),
 .UNSPECIFIED.,.F.,.F.,(4,4),(0.,1.),.UNSPECIFIED.);
#284=B_SPLINE_CURVE_WITH_KNOTS('',3,(#5216,#5217,#5218,#5219),
 .UNSPECIFIED.,.F.,.F.,(4,4),(0.,1.),.UNSPECIFIED.);
#285=B_SPLINE_CURVE_WITH_KNOTS('',3,(#5221,#5222,#5223,#5224),
 .UNSPECIFIED.,.F.,.F.,(4,4),(0.,0.227449939595084),.UNSPECIFIED.);
#286=B_SPLINE_CURVE_WITH_KNOTS('',3,(#5228,#5229,#5230,#5231),
 .UNSPECIFIED.,.F.,.F.,(4,4),(-1.,-0.328792254152654),.UNSPECIFIED.);
#287=B_SPLINE_CURVE_WITH_KNOTS('',3,(#5233,#5234,#5235,#5236,#5237,#5238),
 .UNSPECIFIED.,.F.,.F.,(4,2,4),(-0.00505414185710053,-0.00252707088786587,
0.),.UNSPECIFIED.);
#288=B_SPLINE_CURVE_WITH_KNOTS('',3,(#5240,#5241,#5242,#5243),
 .UNSPECIFIED.,.F.,.F.,(4,4),(-1.,0.),.UNSPECIFIED.);
#289=B_SPLINE_CURVE_WITH_KNOTS('',3,(#5245,#5246,#5247,#5248),
 .UNSPECIFIED.,.F.,.F.,(4,4),(-1.,0.),.UNSPECIFIED.);
#290=B_SPLINE_CURVE_WITH_KNOTS('',2,(#5250,#5251,#5252),.UNSPECIFIED.,.F.,
 .F.,(3,3),(-1.,0.),.UNSPECIFIED.);
#291=B_SPLINE_CURVE_WITH_KNOTS('',3,(#5254,#5255,#5256,#5257),
 .UNSPECIFIED.,.F.,.F.,(4,4),(-1.,0.),.UNSPECIFIED.);
#292=B_SPLINE_CURVE_WITH_KNOTS('',3,(#5258,#5259,#5260,#5261),
 .UNSPECIFIED.,.F.,.F.,(4,4),(-1.,0.),.UNSPECIFIED.);
#293=B_SPLINE_CURVE_WITH_KNOTS('',3,(#5263,#5264,#5265,#5266),
 .UNSPECIFIED.,.F.,.F.,(4,4),(-0.615818719285483,-0.19208464546739),
 .UNSPECIFIED.);
#294=B_SPLINE_CURVE_WITH_KNOTS('',3,(#5270,#5271,#5272,#5273),
 .UNSPECIFIED.,.F.,.F.,(4,4),(0.215550319410141,1.),.UNSPECIFIED.);
#295=B_SPLINE_CURVE_WITH_KNOTS('',3,(#5275,#5276,#5277,#5278),
 .UNSPECIFIED.,.F.,.F.,(4,4),(0.,1.),.UNSPECIFIED.);
#296=B_SPLINE_CURVE_WITH_KNOTS('',3,(#5280,#5281,#5282,#5283),
 .UNSPECIFIED.,.F.,.F.,(4,4),(0.,1.),.UNSPECIFIED.);
#297=B_SPLINE_CURVE_WITH_KNOTS('',3,(#5285,#5286,#5287,#5288),
 .UNSPECIFIED.,.F.,.F.,(4,4),(0.,1.),.UNSPECIFIED.);
#298=B_SPLINE_CURVE_WITH_KNOTS('',3,(#5290,#5291,#5292,#5293),
 .UNSPECIFIED.,.F.,.F.,(4,4),(0.,1.),.UNSPECIFIED.);
#299=B_SPLINE_CURVE_WITH_KNOTS('',3,(#5295,#5296,#5297,#5298),
 .UNSPECIFIED.,.F.,.F.,(4,4),(0.,1.),.UNSPECIFIED.);
#300=B_SPLINE_CURVE_WITH_KNOTS('',3,(#5300,#5301,#5302,#5303),
 .UNSPECIFIED.,.F.,.F.,(4,4),(0.,1.),.UNSPECIFIED.);
#301=B_SPLINE_CURVE_WITH_KNOTS('',3,(#5305,#5306,#5307,#5308),
 .UNSPECIFIED.,.F.,.F.,(4,4),(0.,1.),.UNSPECIFIED.);
#302=B_SPLINE_CURVE_WITH_KNOTS('',3,(#5312,#5313,#5314,#5315),
 .UNSPECIFIED.,.F.,.F.,(4,4),(2.05372306010943E-8,1.),.UNSPECIFIED.);
#303=B_SPLINE_CURVE_WITH_KNOTS('',3,(#5316,#5317,#5318,#5319),
 .UNSPECIFIED.,.F.,.F.,(4,4),(0.,0.702940699881995),.UNSPECIFIED.);
#304=B_SPLINE_CURVE_WITH_KNOTS('',3,(#5323,#5324,#5325,#5326),
 .UNSPECIFIED.,.F.,.F.,(4,4),(-1.,-0.455662382129907),.UNSPECIFIED.);
#305=B_SPLINE_CURVE_WITH_KNOTS('',3,(#5328,#5329,#5330,#5331),
 .UNSPECIFIED.,.F.,.F.,(4,4),(-0.939827571643273,0.),.UNSPECIFIED.);
#306=B_SPLINE_CURVE_WITH_KNOTS('',3,(#5333,#5334,#5335,#5336),
 .UNSPECIFIED.,.F.,.F.,(4,4),(-1.,-0.00561265043672787),.UNSPECIFIED.);
#307=B_SPLINE_CURVE_WITH_KNOTS('',3,(#5338,#5339,#5340,#5341),
 .UNSPECIFIED.,.F.,.F.,(4,4),(-0.990066310494663,0.),.UNSPECIFIED.);
#308=B_SPLINE_CURVE_WITH_KNOTS('',3,(#5343,#5344,#5345,#5346),
 .UNSPECIFIED.,.F.,.F.,(4,4),(-1.,0.),.UNSPECIFIED.);
#309=B_SPLINE_CURVE_WITH_KNOTS('',3,(#5347,#5348,#5349,#5350),
 .UNSPECIFIED.,.F.,.F.,(4,4),(-1.,0.),.UNSPECIFIED.);
#310=B_SPLINE_CURVE_WITH_KNOTS('',3,(#5353,#5354,#5355,#5356),
 .UNSPECIFIED.,.F.,.F.,(4,4),(-0.996380402928615,0.),.UNSPECIFIED.);
#311=B_SPLINE_CURVE_WITH_KNOTS('',3,(#5358,#5359,#5360,#5361),
 .UNSPECIFIED.,.F.,.F.,(4,4),(-1.,0.),.UNSPECIFIED.);
#312=B_SPLINE_CURVE_WITH_KNOTS('',3,(#5363,#5364,#5365,#5366),
 .UNSPECIFIED.,.F.,.F.,(4,4),(-1.,0.),.UNSPECIFIED.);
#313=B_SPLINE_CURVE_WITH_KNOTS('',3,(#5368,#5369,#5370,#5371),
 .UNSPECIFIED.,.F.,.F.,(4,4),(-1.,0.),.UNSPECIFIED.);
#314=B_SPLINE_CURVE_WITH_KNOTS('',3,(#5373,#5374,#5375,#5376),
 .UNSPECIFIED.,.F.,.F.,(4,4),(-1.,0.),.UNSPECIFIED.);
#315=B_SPLINE_CURVE_WITH_KNOTS('',3,(#5378,#5379,#5380,#5381),
 .UNSPECIFIED.,.F.,.F.,(4,4),(-1.,0.),.UNSPECIFIED.);
#316=B_SPLINE_CURVE_WITH_KNOTS('',3,(#5385,#5386,#5387,#5388),
 .UNSPECIFIED.,.F.,.F.,(4,4),(-1.,0.),.UNSPECIFIED.);
#317=B_SPLINE_CURVE_WITH_KNOTS('',3,(#5390,#5391,#5392,#5393),
 .UNSPECIFIED.,.F.,.F.,(4,4),(-1.,0.),.UNSPECIFIED.);
#318=B_SPLINE_CURVE_WITH_KNOTS('',3,(#5394,#5395,#5396,#5397),
 .UNSPECIFIED.,.F.,.F.,(4,4),(-1.,-0.212136667900946),.UNSPECIFIED.);
#319=B_SPLINE_CURVE_WITH_KNOTS('',3,(#5399,#5400,#5401,#5402),
 .UNSPECIFIED.,.F.,.F.,(4,4),(-0.0298773693389482,0.),.UNSPECIFIED.);
#320=B_SPLINE_CURVE_WITH_KNOTS('',3,(#5403,#5404,#5405,#5406),
 .UNSPECIFIED.,.F.,.F.,(4,4),(-1.,-0.322696147456082),.UNSPECIFIED.);
#321=B_SPLINE_CURVE_WITH_KNOTS('',3,(#5410,#5411,#5412,#5413),
 .UNSPECIFIED.,.F.,.F.,(4,4),(0.,1.),.UNSPECIFIED.);
#322=B_SPLINE_CURVE_WITH_KNOTS('',3,(#5415,#5416,#5417,#5418),
 .UNSPECIFIED.,.F.,.F.,(4,4),(0.,1.),.UNSPECIFIED.);
#323=B_SPLINE_CURVE_WITH_KNOTS('',3,(#5419,#5420,#5421,#5422),
 .UNSPECIFIED.,.F.,.F.,(4,4),(0.,1.),.UNSPECIFIED.);
#324=B_SPLINE_CURVE_WITH_KNOTS('',3,(#5426,#5427,#5428,#5429),
 .UNSPECIFIED.,.F.,.F.,(4,4),(0.,1.),.UNSPECIFIED.);
#325=B_SPLINE_CURVE_WITH_KNOTS('',3,(#5431,#5432,#5433,#5434),
 .UNSPECIFIED.,.F.,.F.,(4,4),(0.,1.),.UNSPECIFIED.);
#326=B_SPLINE_CURVE_WITH_KNOTS('',3,(#5436,#5437,#5438,#5439),
 .UNSPECIFIED.,.F.,.F.,(4,4),(0.,1.),.UNSPECIFIED.);
#327=B_SPLINE_CURVE_WITH_KNOTS('',3,(#5441,#5442,#5443,#5444),
 .UNSPECIFIED.,.F.,.F.,(4,4),(0.,1.),.UNSPECIFIED.);
#328=B_SPLINE_CURVE_WITH_KNOTS('',3,(#5446,#5447,#5448,#5449),
 .UNSPECIFIED.,.F.,.F.,(4,4),(0.,1.),.UNSPECIFIED.);
#329=B_SPLINE_CURVE_WITH_KNOTS('',3,(#5451,#5452,#5453,#5454),
 .UNSPECIFIED.,.F.,.F.,(4,4),(0.,1.),.UNSPECIFIED.);
#330=B_SPLINE_CURVE_WITH_KNOTS('',3,(#5455,#5456,#5457,#5458),
 .UNSPECIFIED.,.F.,.F.,(4,4),(0.,1.),.UNSPECIFIED.);
#331=B_SPLINE_CURVE_WITH_KNOTS('',3,(#5462,#5463,#5464,#5465),
 .UNSPECIFIED.,.F.,.F.,(4,4),(0.,1.),.UNSPECIFIED.);
#332=B_SPLINE_CURVE_WITH_KNOTS('',3,(#5467,#5468,#5469,#5470),
 .UNSPECIFIED.,.F.,.F.,(4,4),(0.,1.),.UNSPECIFIED.);
#333=B_SPLINE_CURVE_WITH_KNOTS('',3,(#5471,#5472,#5473,#5474),
 .UNSPECIFIED.,.F.,.F.,(4,4),(0.,1.),.UNSPECIFIED.);
#334=B_SPLINE_CURVE_WITH_KNOTS('',3,(#5478,#5479,#5480,#5481),
 .UNSPECIFIED.,.F.,.F.,(4,4),(-1.,0.),.UNSPECIFIED.);
#335=B_SPLINE_CURVE_WITH_KNOTS('',3,(#5483,#5484,#5485,#5486),
 .UNSPECIFIED.,.F.,.F.,(4,4),(-1.,0.),.UNSPECIFIED.);
#336=B_SPLINE_CURVE_WITH_KNOTS('',3,(#5487,#5488,#5489,#5490),
 .UNSPECIFIED.,.F.,.F.,(4,4),(-1.,0.),.UNSPECIFIED.);
#337=B_SPLINE_CURVE_WITH_KNOTS('',3,(#5548,#5549,#5550,#5551),
 .UNSPECIFIED.,.F.,.F.,(4,4),(-1.,0.),.UNSPECIFIED.);
#338=B_SPLINE_CURVE_WITH_KNOTS('',3,(#5562,#5563,#5564,#5565),
 .UNSPECIFIED.,.F.,.F.,(4,4),(-1.,0.),.UNSPECIFIED.);
#339=B_SPLINE_CURVE_WITH_KNOTS('',3,(#5575,#5576,#5577,#5578),
 .UNSPECIFIED.,.F.,.F.,(4,4),(-1.,-0.212136667900946),.UNSPECIFIED.);
#340=B_SPLINE_CURVE_WITH_KNOTS('',3,(#5588,#5589,#5590,#5591),
 .UNSPECIFIED.,.F.,.F.,(4,4),(-0.939827571643273,0.),.UNSPECIFIED.);
#341=B_SPLINE_CURVE_WITH_KNOTS('',3,(#5602,#5603,#5604,#5605),
 .UNSPECIFIED.,.F.,.F.,(4,4),(-1.,-0.00561265043672787),.UNSPECIFIED.);
#342=B_SPLINE_CURVE_WITH_KNOTS('',3,(#5616,#5617,#5618,#5619),
 .UNSPECIFIED.,.F.,.F.,(4,4),(-0.990066310494663,0.),.UNSPECIFIED.);
#343=B_SPLINE_CURVE_WITH_KNOTS('',3,(#5630,#5631,#5632,#5633),
 .UNSPECIFIED.,.F.,.F.,(4,4),(-1.,0.),.UNSPECIFIED.);
#344=B_SPLINE_CURVE_WITH_KNOTS('',3,(#5644,#5645,#5646,#5647),
 .UNSPECIFIED.,.F.,.F.,(4,4),(-1.,0.),.UNSPECIFIED.);
#345=B_SPLINE_CURVE_WITH_KNOTS('',3,(#5657,#5658,#5659,#5660),
 .UNSPECIFIED.,.F.,.F.,(4,4),(-1.,-0.455662382129907),.UNSPECIFIED.);
#346=B_SPLINE_CURVE_WITH_KNOTS('',3,(#5670,#5671,#5672,#5673),
 .UNSPECIFIED.,.F.,.F.,(4,4),(0.469388494204137,1.),.UNSPECIFIED.);
#347=B_SPLINE_CURVE_WITH_KNOTS('',3,(#5684,#5685,#5686,#5687),
 .UNSPECIFIED.,.F.,.F.,(4,4),(0.,1.),.UNSPECIFIED.);
#348=B_SPLINE_CURVE_WITH_KNOTS('',3,(#5698,#5699,#5700,#5701),
 .UNSPECIFIED.,.F.,.F.,(4,4),(0.,1.),.UNSPECIFIED.);
#349=B_SPLINE_CURVE_WITH_KNOTS('',3,(#5711,#5712,#5713,#5714),
 .UNSPECIFIED.,.F.,.F.,(4,4),(0.,1.),.UNSPECIFIED.);
#350=B_SPLINE_CURVE_WITH_KNOTS('',3,(#5723,#5724,#5725,#5726),
 .UNSPECIFIED.,.F.,.F.,(4,4),(-0.615818719285483,-0.19208464546739),
 .UNSPECIFIED.);
#351=B_SPLINE_CURVE_WITH_KNOTS('',3,(#5736,#5737,#5738,#5739,#5740,#5741),
 .UNSPECIFIED.,.F.,.F.,(4,2,4),(0.,0.00252707088112755,0.0050541416724481),
 .UNSPECIFIED.);
#352=B_SPLINE_CURVE_WITH_KNOTS('',3,(#5752,#5753,#5754,#5755),
 .UNSPECIFIED.,.F.,.F.,(4,4),(-1.,0.),.UNSPECIFIED.);
#353=B_SPLINE_CURVE_WITH_KNOTS('',3,(#5766,#5767,#5768,#5769),
 .UNSPECIFIED.,.F.,.F.,(4,4),(-1.,0.),.UNSPECIFIED.);
#354=B_SPLINE_CURVE_WITH_KNOTS('',2,(#5778,#5779,#5780),.UNSPECIFIED.,.F.,
 .F.,(3,3),(-1.,0.),.UNSPECIFIED.);
#355=B_SPLINE_CURVE_WITH_KNOTS('',3,(#5791,#5792,#5793,#5794),
 .UNSPECIFIED.,.F.,.F.,(4,4),(-1.,0.),.UNSPECIFIED.);
#356=B_SPLINE_CURVE_WITH_KNOTS('',3,(#5805,#5806,#5807,#5808),
 .UNSPECIFIED.,.F.,.F.,(4,4),(-1.,0.),.UNSPECIFIED.);
#357=B_SPLINE_CURVE_WITH_KNOTS('',3,(#5818,#5819,#5820,#5821),
 .UNSPECIFIED.,.F.,.F.,(4,4),(-1.,-0.328792254152654),.UNSPECIFIED.);
#358=B_SPLINE_CURVE_WITH_KNOTS('',3,(#5831,#5832,#5833,#5834),
 .UNSPECIFIED.,.F.,.F.,(4,4),(-0.745981772220217,0.),.UNSPECIFIED.);
#359=B_SPLINE_CURVE_WITH_KNOTS('',3,(#5845,#5846,#5847,#5848),
 .UNSPECIFIED.,.F.,.F.,(4,4),(-1.,0.),.UNSPECIFIED.);
#360=B_SPLINE_CURVE_WITH_KNOTS('',3,(#5859,#5860,#5861,#5862),
 .UNSPECIFIED.,.F.,.F.,(4,4),(-1.,0.),.UNSPECIFIED.);
#361=B_SPLINE_CURVE_WITH_KNOTS('',2,(#5871,#5872,#5873),.UNSPECIFIED.,.F.,
 .F.,(3,3),(-1.,0.),.UNSPECIFIED.);
#362=B_SPLINE_CURVE_WITH_KNOTS('',3,(#5883,#5884,#5885,#5886),
 .UNSPECIFIED.,.F.,.F.,(4,4),(-1.,-0.247278353128326),.UNSPECIFIED.);
#363=B_SPLINE_CURVE_WITH_KNOTS('',3,(#5896,#5897,#5898,#5899),
 .UNSPECIFIED.,.F.,.F.,(4,4),(-0.734933346441295,0.),.UNSPECIFIED.);
#364=B_SPLINE_CURVE_WITH_KNOTS('',3,(#5909,#5910,#5911,#5912),
 .UNSPECIFIED.,.F.,.F.,(4,4),(-1.,-0.651356930703324),.UNSPECIFIED.);
#365=B_SPLINE_CURVE_WITH_KNOTS('',3,(#5923,#5924,#5925,#5926),
 .UNSPECIFIED.,.F.,.F.,(4,4),(-1.,0.),.UNSPECIFIED.);
#366=B_SPLINE_CURVE_WITH_KNOTS('',3,(#5930,#5931,#5932,#5933),
 .UNSPECIFIED.,.F.,.F.,(4,4),(-1.,0.),.UNSPECIFIED.);
#367=B_SPLINE_CURVE_WITH_KNOTS('',3,(#5944,#5945,#5946,#5947),
 .UNSPECIFIED.,.F.,.F.,(4,4),(-1.,0.),.UNSPECIFIED.);
#368=B_SPLINE_CURVE_WITH_KNOTS('',3,(#5949,#5950,#5951,#5952),
 .UNSPECIFIED.,.F.,.F.,(4,4),(-1.,0.),.UNSPECIFIED.);
#369=B_SPLINE_CURVE_WITH_KNOTS('',3,(#5976,#5977,#5978,#5979),
 .UNSPECIFIED.,.F.,.F.,(4,4),(0.617701480696612,1.),.UNSPECIFIED.);
#370=B_SPLINE_CURVE_WITH_KNOTS('',3,(#5990,#5991,#5992,#5993),
 .UNSPECIFIED.,.F.,.F.,(4,4),(0.,1.),.UNSPECIFIED.);
#371=B_SPLINE_CURVE_WITH_KNOTS('',3,(#6004,#6005,#6006,#6007),
 .UNSPECIFIED.,.F.,.F.,(4,4),(0.,1.),.UNSPECIFIED.);
#372=B_SPLINE_CURVE_WITH_KNOTS('',3,(#6018,#6019,#6020,#6021),
 .UNSPECIFIED.,.F.,.F.,(4,4),(0.,0.990066590212631),.UNSPECIFIED.);
#373=B_SPLINE_CURVE_WITH_KNOTS('',3,(#6032,#6033,#6034,#6035),
 .UNSPECIFIED.,.F.,.F.,(4,4),(0.00561249473120391,1.),.UNSPECIFIED.);
#374=B_SPLINE_CURVE_WITH_KNOTS('',3,(#6046,#6047,#6048,#6049),
 .UNSPECIFIED.,.F.,.F.,(4,4),(0.,0.812812229078157),.UNSPECIFIED.);
#375=B_SPLINE_CURVE_WITH_KNOTS('',3,(#6062,#6063,#6064,#6065),
 .UNSPECIFIED.,.F.,.F.,(4,4),(-0.988727772910637,0.),.UNSPECIFIED.);
#376=B_SPLINE_CURVE_WITH_KNOTS('',3,(#6076,#6077,#6078,#6079),
 .UNSPECIFIED.,.F.,.F.,(4,4),(-1.,-0.0992831718353687),.UNSPECIFIED.);
#377=B_SPLINE_CURVE_WITH_KNOTS('',3,(#6090,#6091,#6092,#6093),
 .UNSPECIFIED.,.F.,.F.,(4,4),(-0.584754980002003,0.),.UNSPECIFIED.);
#378=B_SPLINE_CURVE_WITH_KNOTS('',3,(#6104,#6105,#6106,#6107),
 .UNSPECIFIED.,.F.,.F.,(4,4),(-1.,-1.13871191533608E-9),.UNSPECIFIED.);
#379=B_SPLINE_CURVE_WITH_KNOTS('',3,(#6122,#6123,#6124,#6125),
 .UNSPECIFIED.,.F.,.F.,(4,4),(-1.,0.),.UNSPECIFIED.);
#380=B_SPLINE_CURVE_WITH_KNOTS('',3,(#6136,#6137,#6138,#6139),
 .UNSPECIFIED.,.F.,.F.,(4,4),(-1.,0.),.UNSPECIFIED.);
#381=B_SPLINE_CURVE_WITH_KNOTS('',3,(#6150,#6151,#6152,#6153),
 .UNSPECIFIED.,.F.,.F.,(4,4),(-1.,0.),.UNSPECIFIED.);
#382=B_SPLINE_CURVE_WITH_KNOTS('',3,(#6164,#6165,#6166,#6167),
 .UNSPECIFIED.,.F.,.F.,(4,4),(-1.,0.),.UNSPECIFIED.);
#383=B_SPLINE_CURVE_WITH_KNOTS('',3,(#6178,#6179,#6180,#6181),
 .UNSPECIFIED.,.F.,.F.,(4,4),(-1.,0.),.UNSPECIFIED.);
#384=B_SPLINE_CURVE_WITH_KNOTS('',3,(#6192,#6193,#6194,#6195),
 .UNSPECIFIED.,.F.,.F.,(4,4),(-1.,0.),.UNSPECIFIED.);
#385=B_SPLINE_CURVE_WITH_KNOTS('',3,(#6206,#6207,#6208,#6209),
 .UNSPECIFIED.,.F.,.F.,(4,4),(-1.,0.),.UNSPECIFIED.);
#386=B_SPLINE_CURVE_WITH_KNOTS('',3,(#6220,#6221,#6222,#6223),
 .UNSPECIFIED.,.F.,.F.,(4,4),(-1.,0.),.UNSPECIFIED.);
#387=B_SPLINE_CURVE_WITH_KNOTS('',3,(#6233,#6234,#6235,#6236),
 .UNSPECIFIED.,.F.,.F.,(4,4),(-1.,-0.262108861738982),.UNSPECIFIED.);
#388=B_SPLINE_CURVE_WITH_KNOTS('',3,(#6246,#6247,#6248,#6249),
 .UNSPECIFIED.,.F.,.F.,(4,4),(-0.795037197696873,0.),.UNSPECIFIED.);
#389=B_SPLINE_CURVE_WITH_KNOTS('',3,(#6260,#6261,#6262,#6263),
 .UNSPECIFIED.,.F.,.F.,(4,4),(-1.,0.),.UNSPECIFIED.);
#390=B_SPLINE_CURVE_WITH_KNOTS('',3,(#6274,#6275,#6276,#6277),
 .UNSPECIFIED.,.F.,.F.,(4,4),(-1.,0.),.UNSPECIFIED.);
#391=B_SPLINE_CURVE_WITH_KNOTS('',3,(#6288,#6289,#6290,#6291),
 .UNSPECIFIED.,.F.,.F.,(4,4),(-1.,0.),.UNSPECIFIED.);
#392=B_SPLINE_CURVE_WITH_KNOTS('',3,(#6302,#6303,#6304,#6305),
 .UNSPECIFIED.,.F.,.F.,(4,4),(-1.,0.),.UNSPECIFIED.);
#393=B_SPLINE_CURVE_WITH_KNOTS('',3,(#6316,#6317,#6318,#6319),
 .UNSPECIFIED.,.F.,.F.,(4,4),(-1.,0.),.UNSPECIFIED.);
#394=B_SPLINE_CURVE_WITH_KNOTS('',3,(#6330,#6331,#6332,#6333),
 .UNSPECIFIED.,.F.,.F.,(4,4),(-1.,0.),.UNSPECIFIED.);
#395=B_SPLINE_CURVE_WITH_KNOTS('',3,(#6344,#6345,#6346,#6347),
 .UNSPECIFIED.,.F.,.F.,(4,4),(-1.,0.),.UNSPECIFIED.);
#396=B_SPLINE_CURVE_WITH_KNOTS('',3,(#6358,#6359,#6360,#6361),
 .UNSPECIFIED.,.F.,.F.,(4,4),(-1.,0.),.UNSPECIFIED.);
#397=B_SPLINE_CURVE_WITH_KNOTS('',3,(#6376,#6377,#6378,#6379),
 .UNSPECIFIED.,.F.,.F.,(4,4),(-1.,0.),.UNSPECIFIED.);
#398=B_SPLINE_CURVE_WITH_KNOTS('',3,(#6390,#6391,#6392,#6393),
 .UNSPECIFIED.,.F.,.F.,(4,4),(-1.,0.),.UNSPECIFIED.);
#399=B_SPLINE_CURVE_WITH_KNOTS('',3,(#6403,#6404,#6405,#6406),
 .UNSPECIFIED.,.F.,.F.,(4,4),(-1.,-0.0494782600900385),.UNSPECIFIED.);
#400=B_SPLINE_CURVE_WITH_KNOTS('',3,(#6416,#6417,#6418,#6419),
 .UNSPECIFIED.,.F.,.F.,(4,4),(0.122559905492439,1.),.UNSPECIFIED.);
#401=B_SPLINE_CURVE_WITH_KNOTS('',3,(#6430,#6431,#6432,#6433),
 .UNSPECIFIED.,.F.,.F.,(4,4),(0.,1.),.UNSPECIFIED.);
#402=B_SPLINE_CURVE_WITH_KNOTS('',3,(#6444,#6445,#6446,#6447),
 .UNSPECIFIED.,.F.,.F.,(4,4),(0.,1.),.UNSPECIFIED.);
#403=B_SPLINE_CURVE_WITH_KNOTS('',3,(#6462,#6463,#6464,#6465),
 .UNSPECIFIED.,.F.,.F.,(4,4),(0.,1.),.UNSPECIFIED.);
#404=B_SPLINE_CURVE_WITH_KNOTS('',3,(#6476,#6477,#6478,#6479),
 .UNSPECIFIED.,.F.,.F.,(4,4),(0.,1.),.UNSPECIFIED.);
#405=B_SPLINE_CURVE_WITH_KNOTS('',3,(#6490,#6491,#6492,#6493),
 .UNSPECIFIED.,.F.,.F.,(4,4),(0.,1.),.UNSPECIFIED.);
#406=B_SPLINE_CURVE_WITH_KNOTS('',3,(#6504,#6505,#6506,#6507),
 .UNSPECIFIED.,.F.,.F.,(4,4),(0.,1.),.UNSPECIFIED.);
#407=B_SPLINE_CURVE_WITH_KNOTS('',3,(#6518,#6519,#6520,#6521),
 .UNSPECIFIED.,.F.,.F.,(4,4),(0.,1.),.UNSPECIFIED.);
#408=B_SPLINE_CURVE_WITH_KNOTS('',3,(#6532,#6533,#6534,#6535),
 .UNSPECIFIED.,.F.,.F.,(4,4),(0.,1.),.UNSPECIFIED.);
#409=B_SPLINE_CURVE_WITH_KNOTS('',3,(#6546,#6547,#6548,#6549),
 .UNSPECIFIED.,.F.,.F.,(4,4),(0.,1.),.UNSPECIFIED.);
#410=B_SPLINE_CURVE_WITH_KNOTS('',3,(#6560,#6561,#6562,#6563),
 .UNSPECIFIED.,.F.,.F.,(4,4),(0.,1.),.UNSPECIFIED.);
#411=B_SPLINE_CURVE_WITH_KNOTS('',3,(#6573,#6574,#6575,#6576),
 .UNSPECIFIED.,.F.,.F.,(4,4),(0.,0.227449939595084),.UNSPECIFIED.);
#412=B_SPLINE_CURVE_WITH_KNOTS('',3,(#6586,#6587,#6588,#6589),
 .UNSPECIFIED.,.F.,.F.,(4,4),(0.215550319410141,1.),.UNSPECIFIED.);
#413=B_SPLINE_CURVE_WITH_KNOTS('',3,(#6600,#6601,#6602,#6603),
 .UNSPECIFIED.,.F.,.F.,(4,4),(0.,1.),.UNSPECIFIED.);
#414=B_SPLINE_CURVE_WITH_KNOTS('',3,(#6614,#6615,#6616,#6617),
 .UNSPECIFIED.,.F.,.F.,(4,4),(0.,1.),.UNSPECIFIED.);
#415=B_SPLINE_CURVE_WITH_KNOTS('',3,(#6628,#6629,#6630,#6631),
 .UNSPECIFIED.,.F.,.F.,(4,4),(0.,1.),.UNSPECIFIED.);
#416=B_SPLINE_CURVE_WITH_KNOTS('',3,(#6642,#6643,#6644,#6645),
 .UNSPECIFIED.,.F.,.F.,(4,4),(0.,1.),.UNSPECIFIED.);
#417=B_SPLINE_CURVE_WITH_KNOTS('',3,(#6656,#6657,#6658,#6659),
 .UNSPECIFIED.,.F.,.F.,(4,4),(0.,1.),.UNSPECIFIED.);
#418=B_SPLINE_CURVE_WITH_KNOTS('',3,(#6670,#6671,#6672,#6673),
 .UNSPECIFIED.,.F.,.F.,(4,4),(0.,1.),.UNSPECIFIED.);
#419=B_SPLINE_CURVE_WITH_KNOTS('',3,(#6684,#6685,#6686,#6687),
 .UNSPECIFIED.,.F.,.F.,(4,4),(0.,1.),.UNSPECIFIED.);
#420=B_SPLINE_CURVE_WITH_KNOTS('',3,(#6702,#6703,#6704,#6705),
 .UNSPECIFIED.,.F.,.F.,(4,4),(2.0537230643642E-8,1.),.UNSPECIFIED.);
#421=B_SPLINE_CURVE_WITH_KNOTS('',3,(#6715,#6716,#6717,#6718),
 .UNSPECIFIED.,.F.,.F.,(4,4),(0.,0.702940699881995),.UNSPECIFIED.);
#422=B_SPLINE_CURVE_WITH_KNOTS('',3,(#6728,#6729,#6730,#6731),
 .UNSPECIFIED.,.F.,.F.,(4,4),(-0.996380402928615,0.),.UNSPECIFIED.);
#423=B_SPLINE_CURVE_WITH_KNOTS('',3,(#6742,#6743,#6744,#6745),
 .UNSPECIFIED.,.F.,.F.,(4,4),(-1.,0.),.UNSPECIFIED.);
#424=B_SPLINE_CURVE_WITH_KNOTS('',3,(#6756,#6757,#6758,#6759),
 .UNSPECIFIED.,.F.,.F.,(4,4),(-1.,0.),.UNSPECIFIED.);
#425=B_SPLINE_CURVE_WITH_KNOTS('',3,(#6770,#6771,#6772,#6773),
 .UNSPECIFIED.,.F.,.F.,(4,4),(-1.,0.),.UNSPECIFIED.);
#426=B_SPLINE_CURVE_WITH_KNOTS('',3,(#6784,#6785,#6786,#6787),
 .UNSPECIFIED.,.F.,.F.,(4,4),(-1.,0.),.UNSPECIFIED.);
#427=B_SPLINE_CURVE_WITH_KNOTS('',3,(#6798,#6799,#6800,#6801),
 .UNSPECIFIED.,.F.,.F.,(4,4),(-1.,0.),.UNSPECIFIED.);
#428=B_SPLINE_CURVE_WITH_KNOTS('',3,(#6823,#6824,#6825,#6826),
 .UNSPECIFIED.,.F.,.F.,(4,4),(-1.,0.),.UNSPECIFIED.);
#429=B_SPLINE_CURVE_WITH_KNOTS('',3,(#6837,#6838,#6839,#6840),
 .UNSPECIFIED.,.F.,.F.,(4,4),(-1.,0.),.UNSPECIFIED.);
#430=B_SPLINE_CURVE_WITH_KNOTS('',3,(#6850,#6851,#6852,#6853),
 .UNSPECIFIED.,.F.,.F.,(4,4),(-1.,0.),.UNSPECIFIED.);
#431=B_SPLINE_CURVE_WITH_KNOTS('',3,(#6865,#6866,#6867,#6868),
 .UNSPECIFIED.,.F.,.F.,(4,4),(0.,1.),.UNSPECIFIED.);
#432=B_SPLINE_CURVE_WITH_KNOTS('',3,(#6879,#6880,#6881,#6882),
 .UNSPECIFIED.,.F.,.F.,(4,4),(0.,1.),.UNSPECIFIED.);
#433=B_SPLINE_CURVE_WITH_KNOTS('',3,(#6892,#6893,#6894,#6895),
 .UNSPECIFIED.,.F.,.F.,(4,4),(0.,1.),.UNSPECIFIED.);
#434=B_SPLINE_CURVE_WITH_KNOTS('',3,(#6907,#6908,#6909,#6910),
 .UNSPECIFIED.,.F.,.F.,(4,4),(0.,1.),.UNSPECIFIED.);
#435=B_SPLINE_CURVE_WITH_KNOTS('',3,(#6921,#6922,#6923,#6924),
 .UNSPECIFIED.,.F.,.F.,(4,4),(0.,1.),.UNSPECIFIED.);
#436=B_SPLINE_CURVE_WITH_KNOTS('',3,(#6935,#6936,#6937,#6938),
 .UNSPECIFIED.,.F.,.F.,(4,4),(0.,1.),.UNSPECIFIED.);
#437=B_SPLINE_CURVE_WITH_KNOTS('',3,(#6949,#6950,#6951,#6952),
 .UNSPECIFIED.,.F.,.F.,(4,4),(0.,1.),.UNSPECIFIED.);
#438=B_SPLINE_CURVE_WITH_KNOTS('',3,(#6963,#6964,#6965,#6966),
 .UNSPECIFIED.,.F.,.F.,(4,4),(0.,1.),.UNSPECIFIED.);
#439=B_SPLINE_CURVE_WITH_KNOTS('',3,(#6977,#6978,#6979,#6980),
 .UNSPECIFIED.,.F.,.F.,(4,4),(0.,1.),.UNSPECIFIED.);
#440=B_SPLINE_CURVE_WITH_KNOTS('',3,(#6990,#6991,#6992,#6993),
 .UNSPECIFIED.,.F.,.F.,(4,4),(0.,1.),.UNSPECIFIED.);
#441=B_SPLINE_CURVE_WITH_KNOTS('',3,(#7005,#7006,#7007,#7008),
 .UNSPECIFIED.,.F.,.F.,(4,4),(0.,1.),.UNSPECIFIED.);
#442=B_SPLINE_CURVE_WITH_KNOTS('',3,(#7019,#7020,#7021,#7022),
 .UNSPECIFIED.,.F.,.F.,(4,4),(0.,1.),.UNSPECIFIED.);
#443=B_SPLINE_CURVE_WITH_KNOTS('',3,(#7032,#7033,#7034,#7035),
 .UNSPECIFIED.,.F.,.F.,(4,4),(0.,1.),.UNSPECIFIED.);
#444=B_SPLINE_CURVE_WITH_KNOTS('',3,(#7046,#7047,#7048,#7049,#7050,#7051),
 .UNSPECIFIED.,.F.,.F.,(4,2,4),(-0.2,-0.1,0.),.UNSPECIFIED.);
#445=B_SPLINE_CURVE_WITH_KNOTS('',3,(#7053,#7054,#7055,#7056),
 .UNSPECIFIED.,.F.,.F.,(4,4),(0.979319779467747,1.),.UNSPECIFIED.);
#446=B_SPLINE_CURVE_WITH_KNOTS('',3,(#7059,#7060,#7061,#7062),
 .UNSPECIFIED.,.F.,.F.,(4,4),(0.979319779467747,1.),.UNSPECIFIED.);
#447=B_SPLINE_CURVE_WITH_KNOTS('',3,(#7067,#7068,#7069,#7070),
 .UNSPECIFIED.,.F.,.F.,(4,4),(0.100479916014302,0.406242427585597),
 .UNSPECIFIED.);
#448=B_SPLINE_CURVE_WITH_KNOTS('',3,(#7076,#7077,#7078,#7079),
 .UNSPECIFIED.,.F.,.F.,(4,4),(0.100479916014302,0.406242427585597),
 .UNSPECIFIED.);
#449=B_SPLINE_CURVE_WITH_KNOTS('',3,(#7087,#7088,#7089,#7090),
 .UNSPECIFIED.,.F.,.F.,(4,4),(0.141017159273372,1.),.UNSPECIFIED.);
#450=B_SPLINE_CURVE_WITH_KNOTS('',3,(#7091,#7092,#7093,#7094),
 .UNSPECIFIED.,.F.,.F.,(4,4),(0.,0.983420394971686),.UNSPECIFIED.);
#451=B_SPLINE_CURVE_WITH_KNOTS('',3,(#7102,#7103,#7104,#7105),
 .UNSPECIFIED.,.F.,.F.,(4,4),(0.,0.140397983749472),.UNSPECIFIED.);
#452=B_SPLINE_CURVE_WITH_KNOTS('',3,(#7122,#7123,#7124,#7125,#7126,#7127),
 .UNSPECIFIED.,.F.,.F.,(4,2,4),(-0.2,-0.1,0.),.UNSPECIFIED.);
#453=B_SPLINE_CURVE_WITH_KNOTS('',3,(#7129,#7130,#7131,#7132),
 .UNSPECIFIED.,.F.,.F.,(4,4),(0.141017159273372,1.),.UNSPECIFIED.);
#454=B_SPLINE_CURVE_WITH_KNOTS('',3,(#7143,#7144,#7145,#7146,#7147,#7148),
 .UNSPECIFIED.,.F.,.F.,(4,2,4),(-0.2,-0.1,0.),.UNSPECIFIED.);
#455=B_SPLINE_CURVE_WITH_KNOTS('',3,(#7149,#7150,#7151,#7152),
 .UNSPECIFIED.,.F.,.F.,(4,4),(0.,0.140397983749472),.UNSPECIFIED.);
#456=B_SPLINE_CURVE_WITH_KNOTS('',3,(#7161,#7162,#7163,#7164,#7165,#7166),
 .UNSPECIFIED.,.F.,.F.,(4,2,4),(-0.2,-0.1,0.),.UNSPECIFIED.);
#457=B_SPLINE_CURVE_WITH_KNOTS('',3,(#7167,#7168,#7169,#7170,#7171,#7172),
 .UNSPECIFIED.,.F.,.F.,(4,2,4),(-0.2,-0.061152502314257,0.),
 .UNSPECIFIED.);
#458=B_SPLINE_CURVE_WITH_KNOTS('',3,(#7182,#7183,#7184,#7185,#7186,#7187),
 .UNSPECIFIED.,.F.,.F.,(4,2,4),(-0.2,-0.1,0.),.UNSPECIFIED.);
#459=B_SPLINE_CURVE_WITH_KNOTS('',3,(#7188,#7189,#7190,#7191),
 .UNSPECIFIED.,.F.,.F.,(4,4),(0.,0.983420394971686),.UNSPECIFIED.);
#460=B_SPLINE_CURVE_WITH_KNOTS('',3,(#7247,#7248,#7249,#7250,#7251,#7252),
 .UNSPECIFIED.,.F.,.F.,(4,2,4),(-0.2,-0.1,0.),.UNSPECIFIED.);
#461=B_SPLINE_CURVE_WITH_KNOTS('',3,(#7253,#7254,#7255,#7256),
 .UNSPECIFIED.,.F.,.F.,(4,4),(-0.618447472589009,0.),.UNSPECIFIED.);
#462=B_SPLINE_CURVE_WITH_KNOTS('',3,(#7257,#7258,#7259,#7260),
 .UNSPECIFIED.,.F.,.F.,(4,4),(-0.618447472589009,0.),.UNSPECIFIED.);
#463=B_SPLINE_CURVE_WITH_KNOTS('',3,(#7274,#7275,#7276,#7277),
 .UNSPECIFIED.,.F.,.F.,(4,4),(0.,0.00561265043672771),.UNSPECIFIED.);
#464=B_SPLINE_CURVE_WITH_KNOTS('',3,(#7334,#7335,#7336,#7337),
 .UNSPECIFIED.,.F.,.F.,(4,4),(0.,0.00561265043672771),.UNSPECIFIED.);
#465=B_SPLINE_CURVE_WITH_KNOTS('',3,(#7349,#7350,#7351,#7352),
 .UNSPECIFIED.,.F.,.F.,(4,4),(0.,0.00561265043672771),.UNSPECIFIED.);
#466=B_SPLINE_CURVE_WITH_KNOTS('',3,(#7386,#7387,#7388,#7389),
 .UNSPECIFIED.,.F.,.F.,(4,4),(-0.00561249473120376,0.),.UNSPECIFIED.);
#467=FACE_OUTER_BOUND('',#671,.T.);
#468=FACE_OUTER_BOUND('',#672,.T.);
#469=FACE_OUTER_BOUND('',#673,.T.);
#470=FACE_OUTER_BOUND('',#674,.T.);
#471=FACE_OUTER_BOUND('',#675,.T.);
#472=FACE_OUTER_BOUND('',#676,.T.);
#473=FACE_OUTER_BOUND('',#677,.T.);
#474=FACE_OUTER_BOUND('',#678,.T.);
#475=FACE_OUTER_BOUND('',#679,.T.);
#476=FACE_OUTER_BOUND('',#680,.T.);
#477=FACE_OUTER_BOUND('',#681,.T.);
#478=FACE_OUTER_BOUND('',#682,.T.);
#479=FACE_OUTER_BOUND('',#683,.T.);
#480=FACE_OUTER_BOUND('',#684,.T.);
#481=FACE_OUTER_BOUND('',#685,.T.);
#482=FACE_OUTER_BOUND('',#686,.T.);
#483=FACE_OUTER_BOUND('',#687,.T.);
#484=FACE_OUTER_BOUND('',#688,.T.);
#485=FACE_OUTER_BOUND('',#689,.T.);
#486=FACE_OUTER_BOUND('',#690,.T.);
#487=FACE_OUTER_BOUND('',#691,.T.);
#488=FACE_OUTER_BOUND('',#692,.T.);
#489=FACE_OUTER_BOUND('',#693,.T.);
#490=FACE_OUTER_BOUND('',#694,.T.);
#491=FACE_OUTER_BOUND('',#695,.T.);
#492=FACE_OUTER_BOUND('',#696,.T.);
#493=FACE_OUTER_BOUND('',#697,.T.);
#494=FACE_OUTER_BOUND('',#698,.T.);
#495=FACE_OUTER_BOUND('',#699,.T.);
#496=FACE_OUTER_BOUND('',#700,.T.);
#497=FACE_OUTER_BOUND('',#701,.T.);
#498=FACE_OUTER_BOUND('',#702,.T.);
#499=FACE_OUTER_BOUND('',#703,.T.);
#500=FACE_OUTER_BOUND('',#704,.T.);
#501=FACE_OUTER_BOUND('',#705,.T.);
#502=FACE_OUTER_BOUND('',#706,.T.);
#503=FACE_OUTER_BOUND('',#707,.T.);
#504=FACE_OUTER_BOUND('',#708,.T.);
#505=FACE_OUTER_BOUND('',#709,.T.);
#506=FACE_OUTER_BOUND('',#710,.T.);
#507=FACE_OUTER_BOUND('',#711,.T.);
#508=FACE_OUTER_BOUND('',#712,.T.);
#509=FACE_OUTER_BOUND('',#713,.T.);
#510=FACE_OUTER_BOUND('',#714,.T.);
#511=FACE_OUTER_BOUND('',#715,.T.);
#512=FACE_OUTER_BOUND('',#716,.T.);
#513=FACE_OUTER_BOUND('',#717,.T.);
#514=FACE_OUTER_BOUND('',#718,.T.);
#515=FACE_OUTER_BOUND('',#719,.T.);
#516=FACE_OUTER_BOUND('',#720,.T.);
#517=FACE_OUTER_BOUND('',#721,.T.);
#518=FACE_OUTER_BOUND('',#722,.T.);
#519=FACE_OUTER_BOUND('',#723,.T.);
#520=FACE_OUTER_BOUND('',#724,.T.);
#521=FACE_OUTER_BOUND('',#725,.T.);
#522=FACE_OUTER_BOUND('',#726,.T.);
#523=FACE_OUTER_BOUND('',#727,.T.);
#524=FACE_OUTER_BOUND('',#728,.T.);
#525=FACE_OUTER_BOUND('',#729,.T.);
#526=FACE_OUTER_BOUND('',#730,.T.);
#527=FACE_OUTER_BOUND('',#731,.T.);
#528=FACE_OUTER_BOUND('',#732,.T.);
#529=FACE_OUTER_BOUND('',#733,.T.);
#530=FACE_OUTER_BOUND('',#734,.T.);
#531=FACE_OUTER_BOUND('',#735,.T.);
#532=FACE_OUTER_BOUND('',#736,.T.);
#533=FACE_OUTER_BOUND('',#737,.T.);
#534=FACE_OUTER_BOUND('',#738,.T.);
#535=FACE_OUTER_BOUND('',#739,.T.);
#536=FACE_OUTER_BOUND('',#740,.T.);
#537=FACE_OUTER_BOUND('',#741,.T.);
#538=FACE_OUTER_BOUND('',#742,.T.);
#539=FACE_OUTER_BOUND('',#743,.T.);
#540=FACE_OUTER_BOUND('',#744,.T.);
#541=FACE_OUTER_BOUND('',#745,.T.);
#542=FACE_OUTER_BOUND('',#746,.T.);
#543=FACE_OUTER_BOUND('',#747,.T.);
#544=FACE_OUTER_BOUND('',#748,.T.);
#545=FACE_OUTER_BOUND('',#749,.T.);
#546=FACE_OUTER_BOUND('',#750,.T.);
#547=FACE_OUTER_BOUND('',#751,.T.);
#548=FACE_OUTER_BOUND('',#752,.T.);
#549=FACE_OUTER_BOUND('',#753,.T.);
#550=FACE_OUTER_BOUND('',#754,.T.);
#551=FACE_OUTER_BOUND('',#755,.T.);
#552=FACE_OUTER_BOUND('',#756,.T.);
#553=FACE_OUTER_BOUND('',#757,.T.);
#554=FACE_OUTER_BOUND('',#758,.T.);
#555=FACE_OUTER_BOUND('',#759,.T.);
#556=FACE_OUTER_BOUND('',#760,.T.);
#557=FACE_OUTER_BOUND('',#761,.T.);
#558=FACE_OUTER_BOUND('',#762,.T.);
#559=FACE_OUTER_BOUND('',#763,.T.);
#560=FACE_OUTER_BOUND('',#764,.T.);
#561=FACE_OUTER_BOUND('',#765,.T.);
#562=FACE_OUTER_BOUND('',#766,.T.);
#563=FACE_OUTER_BOUND('',#767,.T.);
#564=FACE_OUTER_BOUND('',#768,.T.);
#565=FACE_OUTER_BOUND('',#769,.T.);
#566=FACE_OUTER_BOUND('',#770,.T.);
#567=FACE_OUTER_BOUND('',#771,.T.);
#568=FACE_OUTER_BOUND('',#772,.T.);
#569=FACE_OUTER_BOUND('',#773,.T.);
#570=FACE_OUTER_BOUND('',#774,.T.);
#571=FACE_OUTER_BOUND('',#775,.T.);
#572=FACE_OUTER_BOUND('',#776,.T.);
#573=FACE_OUTER_BOUND('',#777,.T.);
#574=FACE_OUTER_BOUND('',#778,.T.);
#575=FACE_OUTER_BOUND('',#779,.T.);
#576=FACE_OUTER_BOUND('',#780,.T.);
#577=FACE_OUTER_BOUND('',#781,.T.);
#578=FACE_OUTER_BOUND('',#782,.T.);
#579=FACE_OUTER_BOUND('',#783,.T.);
#580=FACE_OUTER_BOUND('',#784,.T.);
#581=FACE_OUTER_BOUND('',#785,.T.);
#582=FACE_OUTER_BOUND('',#786,.T.);
#583=FACE_OUTER_BOUND('',#787,.T.);
#584=FACE_OUTER_BOUND('',#788,.T.);
#585=FACE_OUTER_BOUND('',#789,.T.);
#586=FACE_OUTER_BOUND('',#790,.T.);
#587=FACE_OUTER_BOUND('',#791,.T.);
#588=FACE_OUTER_BOUND('',#792,.T.);
#589=FACE_OUTER_BOUND('',#793,.T.);
#590=FACE_OUTER_BOUND('',#794,.T.);
#591=FACE_OUTER_BOUND('',#795,.T.);
#592=FACE_OUTER_BOUND('',#796,.T.);
#593=FACE_OUTER_BOUND('',#797,.T.);
#594=FACE_OUTER_BOUND('',#798,.T.);
#595=FACE_OUTER_BOUND('',#799,.T.);
#596=FACE_OUTER_BOUND('',#800,.T.);
#597=FACE_OUTER_BOUND('',#801,.T.);
#598=FACE_OUTER_BOUND('',#802,.T.);
#599=FACE_OUTER_BOUND('',#803,.T.);
#600=FACE_OUTER_BOUND('',#804,.T.);
#601=FACE_OUTER_BOUND('',#805,.T.);
#602=FACE_OUTER_BOUND('',#806,.T.);
#603=FACE_OUTER_BOUND('',#807,.T.);
#604=FACE_OUTER_BOUND('',#808,.T.);
#605=FACE_OUTER_BOUND('',#809,.T.);
#606=FACE_OUTER_BOUND('',#810,.T.);
#607=FACE_OUTER_BOUND('',#811,.T.);
#608=FACE_OUTER_BOUND('',#812,.T.);
#609=FACE_OUTER_BOUND('',#813,.T.);
#610=FACE_OUTER_BOUND('',#814,.T.);
#611=FACE_OUTER_BOUND('',#815,.T.);
#612=FACE_OUTER_BOUND('',#816,.T.);
#613=FACE_OUTER_BOUND('',#817,.T.);
#614=FACE_OUTER_BOUND('',#818,.T.);
#615=FACE_OUTER_BOUND('',#819,.T.);
#616=FACE_OUTER_BOUND('',#820,.T.);
#617=FACE_OUTER_BOUND('',#821,.T.);
#618=FACE_OUTER_BOUND('',#822,.T.);
#619=FACE_OUTER_BOUND('',#823,.T.);
#620=FACE_OUTER_BOUND('',#824,.T.);
#621=FACE_OUTER_BOUND('',#825,.T.);
#622=FACE_OUTER_BOUND('',#826,.T.);
#623=FACE_OUTER_BOUND('',#827,.T.);
#624=FACE_OUTER_BOUND('',#828,.T.);
#625=FACE_OUTER_BOUND('',#829,.T.);
#626=FACE_OUTER_BOUND('',#830,.T.);
#627=FACE_OUTER_BOUND('',#831,.T.);
#628=FACE_OUTER_BOUND('',#832,.T.);
#629=FACE_OUTER_BOUND('',#833,.T.);
#630=FACE_OUTER_BOUND('',#834,.T.);
#631=FACE_OUTER_BOUND('',#835,.T.);
#632=FACE_OUTER_BOUND('',#836,.T.);
#633=FACE_OUTER_BOUND('',#837,.T.);
#634=FACE_OUTER_BOUND('',#838,.T.);
#635=FACE_OUTER_BOUND('',#839,.T.);
#636=FACE_OUTER_BOUND('',#840,.T.);
#637=FACE_OUTER_BOUND('',#841,.T.);
#638=FACE_OUTER_BOUND('',#842,.T.);
#639=FACE_OUTER_BOUND('',#843,.T.);
#640=FACE_OUTER_BOUND('',#844,.T.);
#641=FACE_OUTER_BOUND('',#845,.T.);
#642=FACE_OUTER_BOUND('',#846,.T.);
#643=FACE_OUTER_BOUND('',#847,.T.);
#644=FACE_OUTER_BOUND('',#848,.T.);
#645=FACE_OUTER_BOUND('',#849,.T.);
#646=FACE_OUTER_BOUND('',#850,.T.);
#647=FACE_OUTER_BOUND('',#851,.T.);
#648=FACE_OUTER_BOUND('',#852,.T.);
#649=FACE_OUTER_BOUND('',#853,.T.);
#650=FACE_OUTER_BOUND('',#854,.T.);
#651=FACE_OUTER_BOUND('',#855,.T.);
#652=FACE_OUTER_BOUND('',#856,.T.);
#653=FACE_OUTER_BOUND('',#857,.T.);
#654=FACE_OUTER_BOUND('',#858,.T.);
#655=FACE_OUTER_BOUND('',#863,.T.);
#656=FACE_OUTER_BOUND('',#864,.T.);
#657=FACE_OUTER_BOUND('',#865,.T.);
#658=FACE_OUTER_BOUND('',#866,.T.);
#659=FACE_OUTER_BOUND('',#867,.T.);
#660=FACE_OUTER_BOUND('',#868,.T.);
#661=FACE_OUTER_BOUND('',#869,.T.);
#662=FACE_OUTER_BOUND('',#870,.T.);
#663=FACE_OUTER_BOUND('',#871,.T.);
#664=FACE_OUTER_BOUND('',#872,.T.);
#665=FACE_OUTER_BOUND('',#873,.T.);
#666=FACE_OUTER_BOUND('',#874,.T.);
#667=FACE_OUTER_BOUND('',#875,.T.);
#668=FACE_OUTER_BOUND('',#876,.T.);
#669=FACE_OUTER_BOUND('',#877,.T.);
#670=FACE_OUTER_BOUND('',#878,.T.);
#671=EDGE_LOOP('',(#2423,#2424,#2425,#2426));
#672=EDGE_LOOP('',(#2427,#2428,#2429,#2430));
#673=EDGE_LOOP('',(#2431,#2432,#2433,#2434));
#674=EDGE_LOOP('',(#2435,#2436,#2437,#2438));
#675=EDGE_LOOP('',(#2439,#2440,#2441,#2442));
#676=EDGE_LOOP('',(#2443,#2444,#2445,#2446));
#677=EDGE_LOOP('',(#2447,#2448,#2449,#2450));
#678=EDGE_LOOP('',(#2451,#2452,#2453,#2454,#2455,#2456));
#679=EDGE_LOOP('',(#2457,#2458,#2459,#2460));
#680=EDGE_LOOP('',(#2461,#2462,#2463,#2464,#2465,#2466,#2467,#2468,#2469,
#2470));
#681=EDGE_LOOP('',(#2471,#2472,#2473,#2474));
#682=EDGE_LOOP('',(#2475,#2476,#2477,#2478,#2479,#2480,#2481,#2482,#2483));
#683=EDGE_LOOP('',(#2484,#2485,#2486,#2487));
#684=EDGE_LOOP('',(#2488,#2489,#2490,#2491,#2492,#2493));
#685=EDGE_LOOP('',(#2494,#2495,#2496,#2497));
#686=EDGE_LOOP('',(#2498,#2499,#2500,#2501));
#687=EDGE_LOOP('',(#2502,#2503,#2504,#2505));
#688=EDGE_LOOP('',(#2506,#2507,#2508,#2509));
#689=EDGE_LOOP('',(#2510,#2511,#2512,#2513));
#690=EDGE_LOOP('',(#2514,#2515,#2516,#2517));
#691=EDGE_LOOP('',(#2518,#2519,#2520,#2521,#2522,#2523));
#692=EDGE_LOOP('',(#2524,#2525,#2526,#2527,#2528,#2529));
#693=EDGE_LOOP('',(#2530,#2531,#2532,#2533));
#694=EDGE_LOOP('',(#2534,#2535,#2536,#2537,#2538,#2539,#2540,#2541,#2542,
#2543));
#695=EDGE_LOOP('',(#2544,#2545,#2546,#2547));
#696=EDGE_LOOP('',(#2548,#2549,#2550,#2551,#2552,#2553,#2554,#2555,#2556,
#2557));
#697=EDGE_LOOP('',(#2558,#2559,#2560,#2561,#2562,#2563));
#698=EDGE_LOOP('',(#2564,#2565,#2566,#2567));
#699=EDGE_LOOP('',(#2568,#2569,#2570,#2571));
#700=EDGE_LOOP('',(#2572,#2573,#2574,#2575,#2576,#2577,#2578,#2579));
#701=EDGE_LOOP('',(#2580,#2581,#2582,#2583,#2584,#2585));
#702=EDGE_LOOP('',(#2586,#2587,#2588,#2589,#2590,#2591,#2592,#2593));
#703=EDGE_LOOP('',(#2594,#2595,#2596,#2597,#2598,#2599));
#704=EDGE_LOOP('',(#2600,#2601,#2602));
#705=EDGE_LOOP('',(#2603,#2604,#2605,#2606,#2607,#2608,#2609,#2610));
#706=EDGE_LOOP('',(#2611,#2612,#2613,#2614,#2615,#2616,#2617,#2618,#2619,
#2620,#2621,#2622,#2623,#2624,#2625));
#707=EDGE_LOOP('',(#2626,#2627,#2628,#2629,#2630,#2631,#2632,#2633,#2634,
#2635,#2636,#2637,#2638,#2639));
#708=EDGE_LOOP('',(#2640,#2641,#2642,#2643,#2644,#2645,#2646));
#709=EDGE_LOOP('',(#2647,#2648,#2649));
#710=EDGE_LOOP('',(#2650,#2651,#2652,#2653,#2654,#2655,#2656,#2657,#2658,
#2659,#2660,#2661,#2662,#2663));
#711=EDGE_LOOP('',(#2664,#2665,#2666,#2667,#2668,#2669,#2670,#2671,#2672,
#2673));
#712=EDGE_LOOP('',(#2674,#2675));
#713=EDGE_LOOP('',(#2676,#2677,#2678,#2679,#2680,#2681,#2682,#2683,#2684,
#2685,#2686,#2687,#2688));
#714=EDGE_LOOP('',(#2689,#2690,#2691,#2692,#2693,#2694,#2695));
#715=EDGE_LOOP('',(#2696,#2697,#2698,#2699,#2700,#2701,#2702,#2703));
#716=EDGE_LOOP('',(#2704,#2705,#2706,#2707,#2708,#2709,#2710,#2711,#2712,
#2713,#2714,#2715,#2716,#2717,#2718,#2719));
#717=EDGE_LOOP('',(#2720,#2721,#2722));
#718=EDGE_LOOP('',(#2723,#2724,#2725,#2726,#2727,#2728,#2729));
#719=EDGE_LOOP('',(#2730,#2731,#2732));
#720=EDGE_LOOP('',(#2733,#2734,#2735));
#721=EDGE_LOOP('',(#2736,#2737,#2738,#2739,#2740,#2741));
#722=EDGE_LOOP('',(#2742,#2743,#2744,#2745,#2746,#2747,#2748,#2749,#2750,
#2751,#2752,#2753,#2754,#2755));
#723=EDGE_LOOP('',(#2756,#2757,#2758,#2759,#2760,#2761));
#724=EDGE_LOOP('',(#2762,#2763,#2764,#2765));
#725=EDGE_LOOP('',(#2766,#2767,#2768,#2769));
#726=EDGE_LOOP('',(#2770,#2771,#2772,#2773));
#727=EDGE_LOOP('',(#2774,#2775,#2776,#2777));
#728=EDGE_LOOP('',(#2778,#2779,#2780,#2781));
#729=EDGE_LOOP('',(#2782,#2783,#2784,#2785));
#730=EDGE_LOOP('',(#2786,#2787,#2788,#2789));
#731=EDGE_LOOP('',(#2790,#2791,#2792,#2793));
#732=EDGE_LOOP('',(#2794,#2795,#2796,#2797));
#733=EDGE_LOOP('',(#2798,#2799,#2800,#2801));
#734=EDGE_LOOP('',(#2802,#2803,#2804,#2805));
#735=EDGE_LOOP('',(#2806,#2807,#2808,#2809));
#736=EDGE_LOOP('',(#2810,#2811,#2812,#2813));
#737=EDGE_LOOP('',(#2814,#2815,#2816,#2817));
#738=EDGE_LOOP('',(#2818,#2819,#2820,#2821));
#739=EDGE_LOOP('',(#2822,#2823,#2824,#2825));
#740=EDGE_LOOP('',(#2826,#2827,#2828,#2829));
#741=EDGE_LOOP('',(#2830,#2831,#2832,#2833));
#742=EDGE_LOOP('',(#2834,#2835,#2836,#2837));
#743=EDGE_LOOP('',(#2838,#2839,#2840,#2841));
#744=EDGE_LOOP('',(#2842,#2843,#2844,#2845));
#745=EDGE_LOOP('',(#2846,#2847,#2848,#2849));
#746=EDGE_LOOP('',(#2850,#2851,#2852,#2853));
#747=EDGE_LOOP('',(#2854,#2855,#2856,#2857));
#748=EDGE_LOOP('',(#2858,#2859,#2860,#2861));
#749=EDGE_LOOP('',(#2862,#2863,#2864,#2865));
#750=EDGE_LOOP('',(#2866,#2867,#2868,#2869));
#751=EDGE_LOOP('',(#2870,#2871,#2872,#2873));
#752=EDGE_LOOP('',(#2874,#2875,#2876,#2877));
#753=EDGE_LOOP('',(#2878,#2879,#2880,#2881));
#754=EDGE_LOOP('',(#2882,#2883,#2884,#2885));
#755=EDGE_LOOP('',(#2886,#2887,#2888,#2889));
#756=EDGE_LOOP('',(#2890,#2891,#2892,#2893));
#757=EDGE_LOOP('',(#2894,#2895,#2896,#2897));
#758=EDGE_LOOP('',(#2898,#2899,#2900,#2901));
#759=EDGE_LOOP('',(#2902,#2903,#2904,#2905));
#760=EDGE_LOOP('',(#2906,#2907,#2908,#2909));
#761=EDGE_LOOP('',(#2910,#2911,#2912,#2913));
#762=EDGE_LOOP('',(#2914,#2915,#2916,#2917));
#763=EDGE_LOOP('',(#2918,#2919,#2920,#2921));
#764=EDGE_LOOP('',(#2922,#2923,#2924,#2925));
#765=EDGE_LOOP('',(#2926,#2927,#2928,#2929));
#766=EDGE_LOOP('',(#2930,#2931,#2932,#2933));
#767=EDGE_LOOP('',(#2934,#2935,#2936,#2937));
#768=EDGE_LOOP('',(#2938,#2939,#2940,#2941));
#769=EDGE_LOOP('',(#2942,#2943,#2944,#2945));
#770=EDGE_LOOP('',(#2946,#2947,#2948,#2949));
#771=EDGE_LOOP('',(#2950,#2951,#2952,#2953));
#772=EDGE_LOOP('',(#2954,#2955,#2956,#2957));
#773=EDGE_LOOP('',(#2958,#2959,#2960,#2961));
#774=EDGE_LOOP('',(#2962,#2963,#2964,#2965));
#775=EDGE_LOOP('',(#2966,#2967,#2968,#2969));
#776=EDGE_LOOP('',(#2970,#2971,#2972,#2973));
#777=EDGE_LOOP('',(#2974,#2975,#2976,#2977));
#778=EDGE_LOOP('',(#2978,#2979,#2980,#2981));
#779=EDGE_LOOP('',(#2982,#2983,#2984,#2985));
#780=EDGE_LOOP('',(#2986,#2987,#2988,#2989));
#781=EDGE_LOOP('',(#2990,#2991,#2992,#2993));
#782=EDGE_LOOP('',(#2994,#2995,#2996,#2997));
#783=EDGE_LOOP('',(#2998,#2999,#3000,#3001));
#784=EDGE_LOOP('',(#3002,#3003,#3004,#3005));
#785=EDGE_LOOP('',(#3006,#3007,#3008,#3009));
#786=EDGE_LOOP('',(#3010,#3011,#3012,#3013));
#787=EDGE_LOOP('',(#3014,#3015,#3016,#3017));
#788=EDGE_LOOP('',(#3018,#3019,#3020,#3021));
#789=EDGE_LOOP('',(#3022,#3023,#3024,#3025));
#790=EDGE_LOOP('',(#3026,#3027,#3028,#3029));
#791=EDGE_LOOP('',(#3030,#3031,#3032,#3033));
#792=EDGE_LOOP('',(#3034,#3035,#3036,#3037));
#793=EDGE_LOOP('',(#3038,#3039,#3040,#3041));
#794=EDGE_LOOP('',(#3042,#3043,#3044,#3045));
#795=EDGE_LOOP('',(#3046,#3047,#3048,#3049));
#796=EDGE_LOOP('',(#3050,#3051,#3052,#3053));
#797=EDGE_LOOP('',(#3054,#3055,#3056,#3057));
#798=EDGE_LOOP('',(#3058,#3059,#3060,#3061));
#799=EDGE_LOOP('',(#3062,#3063,#3064,#3065));
#800=EDGE_LOOP('',(#3066,#3067,#3068,#3069));
#801=EDGE_LOOP('',(#3070,#3071,#3072,#3073));
#802=EDGE_LOOP('',(#3074,#3075,#3076,#3077));
#803=EDGE_LOOP('',(#3078,#3079,#3080,#3081));
#804=EDGE_LOOP('',(#3082,#3083,#3084,#3085));
#805=EDGE_LOOP('',(#3086,#3087,#3088,#3089));
#806=EDGE_LOOP('',(#3090,#3091,#3092,#3093));
#807=EDGE_LOOP('',(#3094,#3095,#3096,#3097));
#808=EDGE_LOOP('',(#3098,#3099,#3100,#3101));
#809=EDGE_LOOP('',(#3102,#3103,#3104,#3105));
#810=EDGE_LOOP('',(#3106,#3107,#3108,#3109));
#811=EDGE_LOOP('',(#3110,#3111,#3112,#3113));
#812=EDGE_LOOP('',(#3114,#3115,#3116,#3117));
#813=EDGE_LOOP('',(#3118,#3119,#3120,#3121));
#814=EDGE_LOOP('',(#3122,#3123,#3124,#3125));
#815=EDGE_LOOP('',(#3126,#3127,#3128,#3129));
#816=EDGE_LOOP('',(#3130,#3131,#3132,#3133));
#817=EDGE_LOOP('',(#3134,#3135,#3136,#3137));
#818=EDGE_LOOP('',(#3138,#3139,#3140,#3141));
#819=EDGE_LOOP('',(#3142,#3143,#3144,#3145));
#820=EDGE_LOOP('',(#3146,#3147,#3148,#3149));
#821=EDGE_LOOP('',(#3150,#3151,#3152,#3153));
#822=EDGE_LOOP('',(#3154,#3155,#3156,#3157));
#823=EDGE_LOOP('',(#3158,#3159,#3160,#3161));
#824=EDGE_LOOP('',(#3162,#3163,#3164,#3165));
#825=EDGE_LOOP('',(#3166,#3167,#3168,#3169));
#826=EDGE_LOOP('',(#3170,#3171,#3172,#3173));
#827=EDGE_LOOP('',(#3174,#3175,#3176,#3177));
#828=EDGE_LOOP('',(#3178,#3179,#3180,#3181));
#829=EDGE_LOOP('',(#3182,#3183,#3184,#3185));
#830=EDGE_LOOP('',(#3186,#3187,#3188,#3189));
#831=EDGE_LOOP('',(#3190,#3191,#3192,#3193));
#832=EDGE_LOOP('',(#3194,#3195,#3196,#3197));
#833=EDGE_LOOP('',(#3198,#3199,#3200,#3201));
#834=EDGE_LOOP('',(#3202,#3203,#3204,#3205));
#835=EDGE_LOOP('',(#3206,#3207,#3208,#3209));
#836=EDGE_LOOP('',(#3210,#3211,#3212,#3213));
#837=EDGE_LOOP('',(#3214,#3215,#3216,#3217));
#838=EDGE_LOOP('',(#3218,#3219));
#839=EDGE_LOOP('',(#3220,#3221,#3222,#3223,#3224,#3225,#3226));
#840=EDGE_LOOP('',(#3227,#3228,#3229,#3230,#3231));
#841=EDGE_LOOP('',(#3232,#3233,#3234,#3235,#3236,#3237,#3238,#3239,#3240,
#3241));
#842=EDGE_LOOP('',(#3242,#3243,#3244,#3245));
#843=EDGE_LOOP('',(#3246,#3247,#3248,#3249));
#844=EDGE_LOOP('',(#3250,#3251,#3252,#3253));
#845=EDGE_LOOP('',(#3254,#3255,#3256,#3257));
#846=EDGE_LOOP('',(#3258,#3259,#3260,#3261));
#847=EDGE_LOOP('',(#3262,#3263,#3264,#3265,#3266,#3267));
#848=EDGE_LOOP('',(#3268,#3269,#3270,#3271));
#849=EDGE_LOOP('',(#3272,#3273,#3274,#3275));
#850=EDGE_LOOP('',(#3276,#3277,#3278,#3279));
#851=EDGE_LOOP('',(#3280,#3281,#3282,#3283,#3284,#3285));
#852=EDGE_LOOP('',(#3286,#3287,#3288,#3289,#3290,#3291));
#853=EDGE_LOOP('',(#3292,#3293,#3294,#3295));
#854=EDGE_LOOP('',(#3296,#3297,#3298,#3299,#3300,#3301,#3302,#3303,#3304,
#3305));
#855=EDGE_LOOP('',(#3306,#3307,#3308,#3309));
#856=EDGE_LOOP('',(#3310,#3311,#3312,#3313,#3314,#3315));
#857=EDGE_LOOP('',(#3316,#3317,#3318,#3319,#3320,#3321));
#858=EDGE_LOOP('',(#3322,#3323,#3324,#3325,#3326,#3327,#3328,#3329,#3330,
#3331,#3332,#3333,#3334,#3335,#3336,#3337,#3338,#3339,#3340,#3341,#3342,
#3343,#3344,#3345,#3346,#3347,#3348,#3349,#3350,#3351,#3352,#3353,#3354,
#3355,#3356,#3357,#3358,#3359,#3360,#3361,#3362,#3363,#3364,#3365,#3366,
#3367,#3368,#3369,#3370,#3371,#3372,#3373,#3374,#3375,#3376,#3377,#3378,
#3379,#3380,#3381,#3382,#3383,#3384,#3385,#3386,#3387,#3388,#3389,#3390,
#3391,#3392,#3393,#3394,#3395,#3396,#3397,#3398,#3399,#3400,#3401,#3402,
#3403,#3404,#3405,#3406,#3407,#3408,#3409,#3410,#3411,#3412,#3413,#3414,
#3415,#3416,#3417,#3418,#3419,#3420,#3421,#3422,#3423,#3424,#3425,#3426,
#3427,#3428,#3429,#3430,#3431,#3432,#3433,#3434,#3435,#3436,#3437,#3438,
#3439,#3440,#3441,#3442,#3443,#3444,#3445,#3446,#3447,#3448,#3449,#3450,
#3451,#3452,#3453,#3454,#3455,#3456,#3457,#3458,#3459,#3460,#3461,#3462,
#3463,#3464,#3465,#3466,#3467,#3468,#3469,#3470,#3471,#3472));
#859=EDGE_LOOP('',(#3473,#3474,#3475));
#860=EDGE_LOOP('',(#3476,#3477,#3478));
#861=EDGE_LOOP('',(#3479,#3480,#3481,#3482,#3483,#3484,#3485));
#862=EDGE_LOOP('',(#3486,#3487,#3488));
#863=EDGE_LOOP('',(#3489,#3490,#3491,#3492,#3493,#3494,#3495,#3496,#3497,
#3498,#3499,#3500,#3501,#3502,#3503,#3504,#3505,#3506,#3507,#3508,#3509,
#3510,#3511,#3512,#3513,#3514,#3515,#3516,#3517,#3518,#3519,#3520,#3521,
#3522,#3523,#3524,#3525,#3526,#3527,#3528,#3529,#3530,#3531,#3532,#3533,
#3534,#3535,#3536,#3537,#3538,#3539,#3540));
#864=EDGE_LOOP('',(#3541,#3542,#3543,#3544,#3545,#3546));
#865=EDGE_LOOP('',(#3547,#3548,#3549,#3550));
#866=EDGE_LOOP('',(#3551,#3552,#3553,#3554));
#867=EDGE_LOOP('',(#3555,#3556,#3557,#3558));
#868=EDGE_LOOP('',(#3559,#3560,#3561,#3562));
#869=EDGE_LOOP('',(#3563,#3564,#3565,#3566));
#870=EDGE_LOOP('',(#3567,#3568,#3569,#3570));
#871=EDGE_LOOP('',(#3571,#3572,#3573,#3574));
#872=EDGE_LOOP('',(#3575,#3576,#3577,#3578));
#873=EDGE_LOOP('',(#3579,#3580));
#874=EDGE_LOOP('',(#3581,#3582,#3583,#3584));
#875=EDGE_LOOP('',(#3585,#3586,#3587,#3588));
#876=EDGE_LOOP('',(#3589,#3590,#3591,#3592));
#877=EDGE_LOOP('',(#3593,#3594,#3595,#3596));
#878=EDGE_LOOP('',(#3597,#3598));
#879=LINE('',#4608,#1160);
#880=LINE('',#4610,#1161);
#881=LINE('',#4612,#1162);
#882=LINE('',#4613,#1163);
#883=LINE('',#4616,#1164);
#884=LINE('',#4618,#1165);
#885=LINE('',#4619,#1166);
#886=LINE('',#4622,#1167);
#887=LINE('',#4624,#1168);
#888=LINE('',#4625,#1169);
#889=LINE('',#4628,#1170);
#890=LINE('',#4630,#1171);
#891=LINE('',#4631,#1172);
#892=LINE('',#4634,#1173);
#893=LINE('',#4636,#1174);
#894=LINE('',#4637,#1175);
#895=LINE('',#4640,#1176);
#896=LINE('',#4642,#1177);
#897=LINE('',#4643,#1178);
#898=LINE('',#4646,#1179);
#899=LINE('',#4648,#1180);
#900=LINE('',#4649,#1181);
#901=LINE('',#4652,#1182);
#902=LINE('',#4654,#1183);
#903=LINE('',#4656,#1184);
#904=LINE('',#4658,#1185);
#905=LINE('',#4667,#1186);
#906=LINE('',#4669,#1187);
#907=LINE('',#4670,#1188);
#908=LINE('',#4675,#1189);
#909=LINE('',#4679,#1190);
#910=LINE('',#4683,#1191);
#911=LINE('',#4687,#1192);
#912=LINE('',#4691,#1193);
#913=LINE('',#4693,#1194);
#914=LINE('',#4694,#1195);
#915=LINE('',#4731,#1196);
#916=LINE('',#4739,#1197);
#917=LINE('',#4741,#1198);
#918=LINE('',#4743,#1199);
#919=LINE('',#4745,#1200);
#920=LINE('',#4747,#1201);
#921=LINE('',#4757,#1202);
#922=LINE('',#4759,#1203);
#923=LINE('',#4761,#1204);
#924=LINE('',#4762,#1205);
#925=LINE('',#4765,#1206);
#926=LINE('',#4767,#1207);
#927=LINE('',#4768,#1208);
#928=LINE('',#4771,#1209);
#929=LINE('',#4773,#1210);
#930=LINE('',#4774,#1211);
#931=LINE('',#4777,#1212);
#932=LINE('',#4779,#1213);
#933=LINE('',#4780,#1214);
#934=LINE('',#4783,#1215);
#935=LINE('',#4785,#1216);
#936=LINE('',#4786,#1217);
#937=LINE('',#4789,#1218);
#938=LINE('',#4791,#1219);
#939=LINE('',#4792,#1220);
#940=LINE('',#4796,#1221);
#941=LINE('',#4804,#1222);
#942=LINE('',#4806,#1223);
#943=LINE('',#4807,#1224);
#944=LINE('',#4810,#1225);
#945=LINE('',#4818,#1226);
#946=LINE('',#4819,#1227);
#947=LINE('',#4834,#1228);
#948=LINE('',#4843,#1229);
#949=LINE('',#4847,#1230);
#950=LINE('',#4851,#1231);
#951=LINE('',#4855,#1232);
#952=LINE('',#4869,#1233);
#953=LINE('',#4873,#1234);
#954=LINE('',#4877,#1235);
#955=LINE('',#4881,#1236);
#956=LINE('',#4885,#1237);
#957=LINE('',#4887,#1238);
#958=LINE('',#4888,#1239);
#959=LINE('',#4889,#1240);
#960=LINE('',#4895,#1241);
#961=LINE('',#4898,#1242);
#962=LINE('',#4904,#1243);
#963=LINE('',#4908,#1244);
#964=LINE('',#4912,#1245);
#965=LINE('',#4917,#1246);
#966=LINE('',#4924,#1247);
#967=LINE('',#4928,#1248);
#968=LINE('',#4932,#1249);
#969=LINE('',#4937,#1250);
#970=LINE('',#4941,#1251);
#971=LINE('',#4946,#1252);
#972=LINE('',#4950,#1253);
#973=LINE('',#4954,#1254);
#974=LINE('',#4964,#1255);
#975=LINE('',#4976,#1256);
#976=LINE('',#5495,#1257);
#977=LINE('',#5498,#1258);
#978=LINE('',#5501,#1259);
#979=LINE('',#5504,#1260);
#980=LINE('',#5506,#1261);
#981=LINE('',#5509,#1262);
#982=LINE('',#5511,#1263);
#983=LINE('',#5517,#1264);
#984=LINE('',#5520,#1265);
#985=LINE('',#5530,#1266);
#986=LINE('',#5552,#1267);
#987=LINE('',#5566,#1268);
#988=LINE('',#5592,#1269);
#989=LINE('',#5606,#1270);
#990=LINE('',#5620,#1271);
#991=LINE('',#5634,#1272);
#992=LINE('',#5648,#1273);
#993=LINE('',#5674,#1274);
#994=LINE('',#5688,#1275);
#995=LINE('',#5702,#1276);
#996=LINE('',#5742,#1277);
#997=LINE('',#5756,#1278);
#998=LINE('',#5770,#1279);
#999=LINE('',#5781,#1280);
#1000=LINE('',#5795,#1281);
#1001=LINE('',#5809,#1282);
#1002=LINE('',#5835,#1283);
#1003=LINE('',#5849,#1284);
#1004=LINE('',#5863,#1285);
#1005=LINE('',#5874,#1286);
#1006=LINE('',#5900,#1287);
#1007=LINE('',#5928,#1288);
#1008=LINE('',#5934,#1289);
#1009=LINE('',#5953,#1290);
#1010=LINE('',#5966,#1291);
#1011=LINE('',#5980,#1292);
#1012=LINE('',#5994,#1293);
#1013=LINE('',#6008,#1294);
#1014=LINE('',#6022,#1295);
#1015=LINE('',#6036,#1296);
#1016=LINE('',#6050,#1297);
#1017=LINE('',#6060,#1298);
#1018=LINE('',#6066,#1299);
#1019=LINE('',#6080,#1300);
#1020=LINE('',#6094,#1301);
#1021=LINE('',#6108,#1302);
#1022=LINE('',#6112,#1303);
#1023=LINE('',#6126,#1304);
#1024=LINE('',#6140,#1305);
#1025=LINE('',#6154,#1306);
#1026=LINE('',#6168,#1307);
#1027=LINE('',#6182,#1308);
#1028=LINE('',#6196,#1309);
#1029=LINE('',#6210,#1310);
#1030=LINE('',#6224,#1311);
#1031=LINE('',#6250,#1312);
#1032=LINE('',#6264,#1313);
#1033=LINE('',#6278,#1314);
#1034=LINE('',#6292,#1315);
#1035=LINE('',#6306,#1316);
#1036=LINE('',#6320,#1317);
#1037=LINE('',#6334,#1318);
#1038=LINE('',#6348,#1319);
#1039=LINE('',#6362,#1320);
#1040=LINE('',#6366,#1321);
#1041=LINE('',#6380,#1322);
#1042=LINE('',#6394,#1323);
#1043=LINE('',#6420,#1324);
#1044=LINE('',#6434,#1325);
#1045=LINE('',#6448,#1326);
#1046=LINE('',#6452,#1327);
#1047=LINE('',#6466,#1328);
#1048=LINE('',#6480,#1329);
#1049=LINE('',#6494,#1330);
#1050=LINE('',#6508,#1331);
#1051=LINE('',#6522,#1332);
#1052=LINE('',#6536,#1333);
#1053=LINE('',#6550,#1334);
#1054=LINE('',#6564,#1335);
#1055=LINE('',#6590,#1336);
#1056=LINE('',#6604,#1337);
#1057=LINE('',#6618,#1338);
#1058=LINE('',#6632,#1339);
#1059=LINE('',#6646,#1340);
#1060=LINE('',#6660,#1341);
#1061=LINE('',#6674,#1342);
#1062=LINE('',#6688,#1343);
#1063=LINE('',#6692,#1344);
#1064=LINE('',#6706,#1345);
#1065=LINE('',#6732,#1346);
#1066=LINE('',#6746,#1347);
#1067=LINE('',#6760,#1348);
#1068=LINE('',#6774,#1349);
#1069=LINE('',#6788,#1350);
#1070=LINE('',#6802,#1351);
#1071=LINE('',#6821,#1352);
#1072=LINE('',#6827,#1353);
#1073=LINE('',#6841,#1354);
#1074=LINE('',#6863,#1355);
#1075=LINE('',#6869,#1356);
#1076=LINE('',#6883,#1357);
#1077=LINE('',#6905,#1358);
#1078=LINE('',#6911,#1359);
#1079=LINE('',#6925,#1360);
#1080=LINE('',#6939,#1361);
#1081=LINE('',#6953,#1362);
#1082=LINE('',#6967,#1363);
#1083=LINE('',#6981,#1364);
#1084=LINE('',#7003,#1365);
#1085=LINE('',#7009,#1366);
#1086=LINE('',#7023,#1367);
#1087=LINE('',#7058,#1368);
#1088=LINE('',#7066,#1369);
#1089=LINE('',#7074,#1370);
#1090=LINE('',#7081,#1371);
#1091=LINE('',#7083,#1372);
#1092=LINE('',#7085,#1373);
#1093=LINE('',#7098,#1374);
#1094=LINE('',#7100,#1375);
#1095=LINE('',#7101,#1376);
#1096=LINE('',#7109,#1377);
#1097=LINE('',#7110,#1378);
#1098=LINE('',#7111,#1379);
#1099=LINE('',#7112,#1380);
#1100=LINE('',#7133,#1381);
#1101=LINE('',#7194,#1382);
#1102=LINE('',#7196,#1383);
#1103=LINE('',#7197,#1384);
#1104=LINE('',#7199,#1385);
#1105=LINE('',#7201,#1386);
#1106=LINE('',#7202,#1387);
#1107=LINE('',#7206,#1388);
#1108=LINE('',#7208,#1389);
#1109=LINE('',#7210,#1390);
#1110=LINE('',#7211,#1391);
#1111=LINE('',#7213,#1392);
#1112=LINE('',#7214,#1393);
#1113=LINE('',#7217,#1394);
#1114=LINE('',#7218,#1395);
#1115=LINE('',#7221,#1396);
#1116=LINE('',#7223,#1397);
#1117=LINE('',#7224,#1398);
#1118=LINE('',#7227,#1399);
#1119=LINE('',#7228,#1400);
#1120=LINE('',#7229,#1401);
#1121=LINE('',#7232,#1402);
#1122=LINE('',#7233,#1403);
#1123=LINE('',#7235,#1404);
#1124=LINE('',#7236,#1405);
#1125=LINE('',#7263,#1406);
#1126=LINE('',#7264,#1407);
#1127=LINE('',#7267,#1408);
#1128=LINE('',#7268,#1409);
#1129=LINE('',#7269,#1410);
#1130=LINE('',#7272,#1411);
#1131=LINE('',#7281,#1412);
#1132=LINE('',#7283,#1413);
#1133=LINE('',#7285,#1414);
#1134=LINE('',#7287,#1415);
#1135=LINE('',#7289,#1416);
#1136=LINE('',#7291,#1417);
#1137=LINE('',#7293,#1418);
#1138=LINE('',#7294,#1419);
#1139=LINE('',#7297,#1420);
#1140=LINE('',#7299,#1421);
#1141=LINE('',#7301,#1422);
#1142=LINE('',#7303,#1423);
#1143=LINE('',#7305,#1424);
#1144=LINE('',#7307,#1425);
#1145=LINE('',#7309,#1426);
#1146=LINE('',#7311,#1427);
#1147=LINE('',#7312,#1428);
#1148=LINE('',#7314,#1429);
#1149=LINE('',#7316,#1430);
#1150=LINE('',#7318,#1431);
#1151=LINE('',#7320,#1432);
#1152=LINE('',#7322,#1433);
#1153=LINE('',#7324,#1434);
#1154=LINE('',#7326,#1435);
#1155=LINE('',#7328,#1436);
#1156=LINE('',#7347,#1437);
#1157=LINE('',#7353,#1438);
#1158=LINE('',#7374,#1439);
#1159=LINE('',#7377,#1440);
#1160=VECTOR('',#4035,10.);
#1161=VECTOR('',#4036,10.);
#1162=VECTOR('',#4037,10.);
#1163=VECTOR('',#4038,10.);
#1164=VECTOR('',#4041,10.);
#1165=VECTOR('',#4042,10.);
#1166=VECTOR('',#4043,10.);
#1167=VECTOR('',#4046,10.);
#1168=VECTOR('',#4047,10.);
#1169=VECTOR('',#4048,10.);
#1170=VECTOR('',#4051,10.);
#1171=VECTOR('',#4052,10.);
#1172=VECTOR('',#4053,10.);
#1173=VECTOR('',#4056,10.);
#1174=VECTOR('',#4057,10.);
#1175=VECTOR('',#4058,10.);
#1176=VECTOR('',#4061,10.);
#1177=VECTOR('',#4062,10.);
#1178=VECTOR('',#4063,10.);
#1179=VECTOR('',#4066,10.);
#1180=VECTOR('',#4067,10.);
#1181=VECTOR('',#4068,10.);
#1182=VECTOR('',#4071,10.);
#1183=VECTOR('',#4072,10.);
#1184=VECTOR('',#4073,10.);
#1185=VECTOR('',#4074,10.);
#1186=VECTOR('',#4077,10.);
#1187=VECTOR('',#4078,10.);
#1188=VECTOR('',#4079,10.);
#1189=VECTOR('',#4084,10.);
#1190=VECTOR('',#4087,10.);
#1191=VECTOR('',#4090,10.);
#1192=VECTOR('',#4093,10.);
#1193=VECTOR('',#4098,10.);
#1194=VECTOR('',#4099,10.);
#1195=VECTOR('',#4100,10.);
#1196=VECTOR('',#4105,10.);
#1197=VECTOR('',#4108,10.);
#1198=VECTOR('',#4109,10.);
#1199=VECTOR('',#4110,10.);
#1200=VECTOR('',#4111,10.);
#1201=VECTOR('',#4112,10.);
#1202=VECTOR('',#4115,10.);
#1203=VECTOR('',#4116,10.);
#1204=VECTOR('',#4117,10.);
#1205=VECTOR('',#4118,10.);
#1206=VECTOR('',#4121,10.);
#1207=VECTOR('',#4122,10.);
#1208=VECTOR('',#4123,10.);
#1209=VECTOR('',#4126,10.);
#1210=VECTOR('',#4127,10.);
#1211=VECTOR('',#4128,10.);
#1212=VECTOR('',#4131,10.);
#1213=VECTOR('',#4132,10.);
#1214=VECTOR('',#4133,10.);
#1215=VECTOR('',#4136,10.);
#1216=VECTOR('',#4137,10.);
#1217=VECTOR('',#4138,10.);
#1218=VECTOR('',#4141,10.);
#1219=VECTOR('',#4142,10.);
#1220=VECTOR('',#4143,10.);
#1221=VECTOR('',#4146,10.);
#1222=VECTOR('',#4147,10.);
#1223=VECTOR('',#4148,10.);
#1224=VECTOR('',#4149,10.);
#1225=VECTOR('',#4152,10.);
#1226=VECTOR('',#4153,10.);
#1227=VECTOR('',#4154,10.);
#1228=VECTOR('',#4155,10.);
#1229=VECTOR('',#4160,10.);
#1230=VECTOR('',#4163,10.);
#1231=VECTOR('',#4166,10.);
#1232=VECTOR('',#4169,10.);
#1233=VECTOR('',#4176,10.);
#1234=VECTOR('',#4179,10.);
#1235=VECTOR('',#4182,10.);
#1236=VECTOR('',#4185,10.);
#1237=VECTOR('',#4190,10.);
#1238=VECTOR('',#4191,10.);
#1239=VECTOR('',#4192,10.);
#1240=VECTOR('',#4193,10.);
#1241=VECTOR('',#4198,10.);
#1242=VECTOR('',#4201,10.);
#1243=VECTOR('',#4208,10.);
#1244=VECTOR('',#4211,10.);
#1245=VECTOR('',#4214,10.);
#1246=VECTOR('',#4219,10.);
#1247=VECTOR('',#4226,10.);
#1248=VECTOR('',#4231,10.);
#1249=VECTOR('',#4234,10.);
#1250=VECTOR('',#4239,10.);
#1251=VECTOR('',#4242,10.);
#1252=VECTOR('',#4247,10.);
#1253=VECTOR('',#4250,10.);
#1254=VECTOR('',#4253,10.);
#1255=VECTOR('',#4258,10.);
#1256=VECTOR('',#4261,10.);
#1257=VECTOR('',#4316,10.);
#1258=VECTOR('',#4319,10.);
#1259=VECTOR('',#4322,10.);
#1260=VECTOR('',#4325,10.);
#1261=VECTOR('',#4326,10.);
#1262=VECTOR('',#4329,10.);
#1263=VECTOR('',#4330,10.);
#1264=VECTOR('',#4337,10.);
#1265=VECTOR('',#4340,10.);
#1266=VECTOR('',#4343,10.);
#1267=VECTOR('',#4344,10.);
#1268=VECTOR('',#4345,10.);
#1269=VECTOR('',#4346,10.);
#1270=VECTOR('',#4347,10.);
#1271=VECTOR('',#4348,10.);
#1272=VECTOR('',#4349,10.);
#1273=VECTOR('',#4350,10.);
#1274=VECTOR('',#4351,10.);
#1275=VECTOR('',#4352,10.);
#1276=VECTOR('',#4353,10.);
#1277=VECTOR('',#4354,10.);
#1278=VECTOR('',#4355,10.);
#1279=VECTOR('',#4356,10.);
#1280=VECTOR('',#4357,10.);
#1281=VECTOR('',#4358,10.);
#1282=VECTOR('',#4359,10.);
#1283=VECTOR('',#4360,10.);
#1284=VECTOR('',#4361,10.);
#1285=VECTOR('',#4362,10.);
#1286=VECTOR('',#4363,10.);
#1287=VECTOR('',#4364,10.);
#1288=VECTOR('',#4365,10.);
#1289=VECTOR('',#4366,10.);
#1290=VECTOR('',#4367,10.);
#1291=VECTOR('',#4372,10.);
#1292=VECTOR('',#4373,10.);
#1293=VECTOR('',#4374,10.);
#1294=VECTOR('',#4375,10.);
#1295=VECTOR('',#4376,10.);
#1296=VECTOR('',#4377,10.);
#1297=VECTOR('',#4378,10.);
#1298=VECTOR('',#4379,10.);
#1299=VECTOR('',#4380,10.);
#1300=VECTOR('',#4381,10.);
#1301=VECTOR('',#4382,10.);
#1302=VECTOR('',#4383,10.);
#1303=VECTOR('',#4388,10.);
#1304=VECTOR('',#4389,10.);
#1305=VECTOR('',#4390,10.);
#1306=VECTOR('',#4391,10.);
#1307=VECTOR('',#4392,10.);
#1308=VECTOR('',#4393,10.);
#1309=VECTOR('',#4394,10.);
#1310=VECTOR('',#4395,10.);
#1311=VECTOR('',#4396,10.);
#1312=VECTOR('',#4397,10.);
#1313=VECTOR('',#4398,10.);
#1314=VECTOR('',#4399,10.);
#1315=VECTOR('',#4400,10.);
#1316=VECTOR('',#4401,10.);
#1317=VECTOR('',#4402,10.);
#1318=VECTOR('',#4403,10.);
#1319=VECTOR('',#4404,10.);
#1320=VECTOR('',#4405,10.);
#1321=VECTOR('',#4410,10.);
#1322=VECTOR('',#4411,10.);
#1323=VECTOR('',#4412,10.);
#1324=VECTOR('',#4413,10.);
#1325=VECTOR('',#4414,10.);
#1326=VECTOR('',#4415,10.);
#1327=VECTOR('',#4420,10.);
#1328=VECTOR('',#4421,10.);
#1329=VECTOR('',#4422,10.);
#1330=VECTOR('',#4423,10.);
#1331=VECTOR('',#4424,10.);
#1332=VECTOR('',#4425,10.);
#1333=VECTOR('',#4426,10.);
#1334=VECTOR('',#4427,10.);
#1335=VECTOR('',#4428,10.);
#1336=VECTOR('',#4429,10.);
#1337=VECTOR('',#4430,10.);
#1338=VECTOR('',#4431,10.);
#1339=VECTOR('',#4432,10.);
#1340=VECTOR('',#4433,10.);
#1341=VECTOR('',#4434,10.);
#1342=VECTOR('',#4435,10.);
#1343=VECTOR('',#4436,10.);
#1344=VECTOR('',#4441,10.);
#1345=VECTOR('',#4442,10.);
#1346=VECTOR('',#4443,10.);
#1347=VECTOR('',#4444,10.);
#1348=VECTOR('',#4445,10.);
#1349=VECTOR('',#4446,10.);
#1350=VECTOR('',#4447,10.);
#1351=VECTOR('',#4448,10.);
#1352=VECTOR('',#4451,10.);
#1353=VECTOR('',#4452,10.);
#1354=VECTOR('',#4453,10.);
#1355=VECTOR('',#4454,10.);
#1356=VECTOR('',#4455,10.);
#1357=VECTOR('',#4456,10.);
#1358=VECTOR('',#4457,10.);
#1359=VECTOR('',#4458,10.);
#1360=VECTOR('',#4459,10.);
#1361=VECTOR('',#4460,10.);
#1362=VECTOR('',#4461,10.);
#1363=VECTOR('',#4462,10.);
#1364=VECTOR('',#4463,10.);
#1365=VECTOR('',#4464,10.);
#1366=VECTOR('',#4465,10.);
#1367=VECTOR('',#4466,10.);
#1368=VECTOR('',#4467,10.);
#1369=VECTOR('',#4470,10.);
#1370=VECTOR('',#4473,10.);
#1371=VECTOR('',#4474,10.);
#1372=VECTOR('',#4475,10.);
#1373=VECTOR('',#4476,10.);
#1374=VECTOR('',#4479,10.);
#1375=VECTOR('',#4480,10.);
#1376=VECTOR('',#4481,10.);
#1377=VECTOR('',#4484,10.);
#1378=VECTOR('',#4485,10.);
#1379=VECTOR('',#4486,10.);
#1380=VECTOR('',#4487,10.);
#1381=VECTOR('',#4488,10.);
#1382=VECTOR('',#4491,10.);
#1383=VECTOR('',#4492,10.);
#1384=VECTOR('',#4493,10.);
#1385=VECTOR('',#4496,10.);
#1386=VECTOR('',#4497,10.);
#1387=VECTOR('',#4498,10.);
#1388=VECTOR('',#4501,10.);
#1389=VECTOR('',#4502,10.);
#1390=VECTOR('',#4503,10.);
#1391=VECTOR('',#4504,10.);
#1392=VECTOR('',#4507,10.);
#1393=VECTOR('',#4508,10.);
#1394=VECTOR('',#4511,10.);
#1395=VECTOR('',#4512,10.);
#1396=VECTOR('',#4515,10.);
#1397=VECTOR('',#4516,10.);
#1398=VECTOR('',#4517,10.);
#1399=VECTOR('',#4520,10.);
#1400=VECTOR('',#4521,10.);
#1401=VECTOR('',#4522,10.);
#1402=VECTOR('',#4525,10.);
#1403=VECTOR('',#4526,10.);
#1404=VECTOR('',#4529,10.);
#1405=VECTOR('',#4530,10.);
#1406=VECTOR('',#4533,10.);
#1407=VECTOR('',#4534,10.);
#1408=VECTOR('',#4537,10.);
#1409=VECTOR('',#4538,10.);
#1410=VECTOR('',#4539,10.);
#1411=VECTOR('',#4542,10.);
#1412=VECTOR('',#4545,10.);
#1413=VECTOR('',#4546,10.);
#1414=VECTOR('',#4547,10.);
#1415=VECTOR('',#4548,10.);
#1416=VECTOR('',#4549,10.);
#1417=VECTOR('',#4550,10.);
#1418=VECTOR('',#4551,10.);
#1419=VECTOR('',#4552,10.);
#1420=VECTOR('',#4555,10.);
#1421=VECTOR('',#4556,10.);
#1422=VECTOR('',#4557,10.);
#1423=VECTOR('',#4558,10.);
#1424=VECTOR('',#4559,10.);
#1425=VECTOR('',#4560,10.);
#1426=VECTOR('',#4561,10.);
#1427=VECTOR('',#4562,10.);
#1428=VECTOR('',#4563,10.);
#1429=VECTOR('',#4566,10.);
#1430=VECTOR('',#4569,10.);
#1431=VECTOR('',#4572,10.);
#1432=VECTOR('',#4575,10.);
#1433=VECTOR('',#4578,10.);
#1434=VECTOR('',#4581,10.);
#1435=VECTOR('',#4584,10.);
#1436=VECTOR('',#4587,10.);
#1437=VECTOR('',#4594,10.);
#1438=VECTOR('',#4595,10.);
#1439=VECTOR('',#4598,10.);
#1440=VECTOR('',#4601,10.);
#1441=VERTEX_POINT('',#4606);
#1442=VERTEX_POINT('',#4607);
#1443=VERTEX_POINT('',#4609);
#1444=VERTEX_POINT('',#4611);
#1445=VERTEX_POINT('',#4615);
#1446=VERTEX_POINT('',#4617);
#1447=VERTEX_POINT('',#4621);
#1448=VERTEX_POINT('',#4623);
#1449=VERTEX_POINT('',#4627);
#1450=VERTEX_POINT('',#4629);
#1451=VERTEX_POINT('',#4633);
#1452=VERTEX_POINT('',#4635);
#1453=VERTEX_POINT('',#4639);
#1454=VERTEX_POINT('',#4641);
#1455=VERTEX_POINT('',#4645);
#1456=VERTEX_POINT('',#4647);
#1457=VERTEX_POINT('',#4651);
#1458=VERTEX_POINT('',#4653);
#1459=VERTEX_POINT('',#4655);
#1460=VERTEX_POINT('',#4657);
#1461=VERTEX_POINT('',#4666);
#1462=VERTEX_POINT('',#4668);
#1463=VERTEX_POINT('',#4672);
#1464=VERTEX_POINT('',#4674);
#1465=VERTEX_POINT('',#4676);
#1466=VERTEX_POINT('',#4678);
#1467=VERTEX_POINT('',#4680);
#1468=VERTEX_POINT('',#4682);
#1469=VERTEX_POINT('',#4684);
#1470=VERTEX_POINT('',#4686);
#1471=VERTEX_POINT('',#4690);
#1472=VERTEX_POINT('',#4692);
#1473=VERTEX_POINT('',#4696);
#1474=VERTEX_POINT('',#4698);
#1475=VERTEX_POINT('',#4703);
#1476=VERTEX_POINT('',#4708);
#1477=VERTEX_POINT('',#4713);
#1478=VERTEX_POINT('',#4730);
#1479=VERTEX_POINT('',#4737);
#1480=VERTEX_POINT('',#4738);
#1481=VERTEX_POINT('',#4740);
#1482=VERTEX_POINT('',#4742);
#1483=VERTEX_POINT('',#4744);
#1484=VERTEX_POINT('',#4746);
#1485=VERTEX_POINT('',#4755);
#1486=VERTEX_POINT('',#4756);
#1487=VERTEX_POINT('',#4758);
#1488=VERTEX_POINT('',#4760);
#1489=VERTEX_POINT('',#4764);
#1490=VERTEX_POINT('',#4766);
#1491=VERTEX_POINT('',#4770);
#1492=VERTEX_POINT('',#4772);
#1493=VERTEX_POINT('',#4776);
#1494=VERTEX_POINT('',#4778);
#1495=VERTEX_POINT('',#4782);
#1496=VERTEX_POINT('',#4784);
#1497=VERTEX_POINT('',#4788);
#1498=VERTEX_POINT('',#4790);
#1499=VERTEX_POINT('',#4794);
#1500=VERTEX_POINT('',#4795);
#1501=VERTEX_POINT('',#4797);
#1502=VERTEX_POINT('',#4805);
#1503=VERTEX_POINT('',#4809);
#1504=VERTEX_POINT('',#4811);
#1505=VERTEX_POINT('',#4828);
#1506=VERTEX_POINT('',#4833);
#1507=VERTEX_POINT('',#4840);
#1508=VERTEX_POINT('',#4842);
#1509=VERTEX_POINT('',#4844);
#1510=VERTEX_POINT('',#4846);
#1511=VERTEX_POINT('',#4848);
#1512=VERTEX_POINT('',#4850);
#1513=VERTEX_POINT('',#4852);
#1514=VERTEX_POINT('',#4854);
#1515=VERTEX_POINT('',#4858);
#1516=VERTEX_POINT('',#4868);
#1517=VERTEX_POINT('',#4870);
#1518=VERTEX_POINT('',#4872);
#1519=VERTEX_POINT('',#4874);
#1520=VERTEX_POINT('',#4876);
#1521=VERTEX_POINT('',#4878);
#1522=VERTEX_POINT('',#4880);
#1523=VERTEX_POINT('',#4884);
#1524=VERTEX_POINT('',#4886);
#1525=VERTEX_POINT('',#4891);
#1526=VERTEX_POINT('',#4892);
#1527=VERTEX_POINT('',#4894);
#1528=VERTEX_POINT('',#4896);
#1529=VERTEX_POINT('',#4900);
#1530=VERTEX_POINT('',#4902);
#1531=VERTEX_POINT('',#4906);
#1532=VERTEX_POINT('',#4907);
#1533=VERTEX_POINT('',#4909);
#1534=VERTEX_POINT('',#4911);
#1535=VERTEX_POINT('',#4914);
#1536=VERTEX_POINT('',#4916);
#1537=VERTEX_POINT('',#4920);
#1538=VERTEX_POINT('',#4921);
#1539=VERTEX_POINT('',#4923);
#1540=VERTEX_POINT('',#4926);
#1541=VERTEX_POINT('',#4930);
#1542=VERTEX_POINT('',#4931);
#1543=VERTEX_POINT('',#4934);
#1544=VERTEX_POINT('',#4936);
#1545=VERTEX_POINT('',#4938);
#1546=VERTEX_POINT('',#4940);
#1547=VERTEX_POINT('',#4944);
#1548=VERTEX_POINT('',#4945);
#1549=VERTEX_POINT('',#4947);
#1550=VERTEX_POINT('',#4949);
#1551=VERTEX_POINT('',#4951);
#1552=VERTEX_POINT('',#4953);
#1553=VERTEX_POINT('',#4957);
#1554=VERTEX_POINT('',#4958);
#1555=VERTEX_POINT('',#4963);
#1556=VERTEX_POINT('',#4970);
#1557=VERTEX_POINT('',#4971);
#1558=VERTEX_POINT('',#4977);
#1559=VERTEX_POINT('',#4982);
#1560=VERTEX_POINT('',#4987);
#1561=VERTEX_POINT('',#4992);
#1562=VERTEX_POINT('',#5002);
#1563=VERTEX_POINT('',#5003);
#1564=VERTEX_POINT('',#5008);
#1565=VERTEX_POINT('',#5013);
#1566=VERTEX_POINT('',#5015);
#1567=VERTEX_POINT('',#5020);
#1568=VERTEX_POINT('',#5025);
#1569=VERTEX_POINT('',#5030);
#1570=VERTEX_POINT('',#5035);
#1571=VERTEX_POINT('',#5040);
#1572=VERTEX_POINT('',#5045);
#1573=VERTEX_POINT('',#5050);
#1574=VERTEX_POINT('',#5055);
#1575=VERTEX_POINT('',#5063);
#1576=VERTEX_POINT('',#5064);
#1577=VERTEX_POINT('',#5069);
#1578=VERTEX_POINT('',#5074);
#1579=VERTEX_POINT('',#5079);
#1580=VERTEX_POINT('',#5084);
#1581=VERTEX_POINT('',#5089);
#1582=VERTEX_POINT('',#5094);
#1583=VERTEX_POINT('',#5099);
#1584=VERTEX_POINT('',#5104);
#1585=VERTEX_POINT('',#5109);
#1586=VERTEX_POINT('',#5111);
#1587=VERTEX_POINT('',#5116);
#1588=VERTEX_POINT('',#5121);
#1589=VERTEX_POINT('',#5128);
#1590=VERTEX_POINT('',#5133);
#1591=VERTEX_POINT('',#5138);
#1592=VERTEX_POINT('',#5143);
#1593=VERTEX_POINT('',#5152);
#1594=VERTEX_POINT('',#5162);
#1595=VERTEX_POINT('',#5163);
#1596=VERTEX_POINT('',#5168);
#1597=VERTEX_POINT('',#5173);
#1598=VERTEX_POINT('',#5178);
#1599=VERTEX_POINT('',#5180);
#1600=VERTEX_POINT('',#5185);
#1601=VERTEX_POINT('',#5190);
#1602=VERTEX_POINT('',#5195);
#1603=VERTEX_POINT('',#5200);
#1604=VERTEX_POINT('',#5205);
#1605=VERTEX_POINT('',#5210);
#1606=VERTEX_POINT('',#5215);
#1607=VERTEX_POINT('',#5220);
#1608=VERTEX_POINT('',#5227);
#1609=VERTEX_POINT('',#5232);
#1610=VERTEX_POINT('',#5239);
#1611=VERTEX_POINT('',#5244);
#1612=VERTEX_POINT('',#5249);
#1613=VERTEX_POINT('',#5253);
#1614=VERTEX_POINT('',#5268);
#1615=VERTEX_POINT('',#5269);
#1616=VERTEX_POINT('',#5274);
#1617=VERTEX_POINT('',#5279);
#1618=VERTEX_POINT('',#5284);
#1619=VERTEX_POINT('',#5289);
#1620=VERTEX_POINT('',#5294);
#1621=VERTEX_POINT('',#5299);
#1622=VERTEX_POINT('',#5304);
#1623=VERTEX_POINT('',#5309);
#1624=VERTEX_POINT('',#5311);
#1625=VERTEX_POINT('',#5322);
#1626=VERTEX_POINT('',#5327);
#1627=VERTEX_POINT('',#5332);
#1628=VERTEX_POINT('',#5337);
#1629=VERTEX_POINT('',#5342);
#1630=VERTEX_POINT('',#5352);
#1631=VERTEX_POINT('',#5357);
#1632=VERTEX_POINT('',#5362);
#1633=VERTEX_POINT('',#5367);
#1634=VERTEX_POINT('',#5372);
#1635=VERTEX_POINT('',#5377);
#1636=VERTEX_POINT('',#5384);
#1637=VERTEX_POINT('',#5389);
#1638=VERTEX_POINT('',#5398);
#1639=VERTEX_POINT('',#5408);
#1640=VERTEX_POINT('',#5409);
#1641=VERTEX_POINT('',#5414);
#1642=VERTEX_POINT('',#5424);
#1643=VERTEX_POINT('',#5425);
#1644=VERTEX_POINT('',#5430);
#1645=VERTEX_POINT('',#5435);
#1646=VERTEX_POINT('',#5440);
#1647=VERTEX_POINT('',#5445);
#1648=VERTEX_POINT('',#5450);
#1649=VERTEX_POINT('',#5460);
#1650=VERTEX_POINT('',#5461);
#1651=VERTEX_POINT('',#5466);
#1652=VERTEX_POINT('',#5476);
#1653=VERTEX_POINT('',#5477);
#1654=VERTEX_POINT('',#5482);
#1655=VERTEX_POINT('',#5492);
#1656=VERTEX_POINT('',#5493);
#1657=VERTEX_POINT('',#5496);
#1658=VERTEX_POINT('',#5500);
#1659=VERTEX_POINT('',#5502);
#1660=VERTEX_POINT('',#5505);
#1661=VERTEX_POINT('',#5507);
#1662=VERTEX_POINT('',#5510);
#1663=VERTEX_POINT('',#5515);
#1664=VERTEX_POINT('',#5516);
#1665=VERTEX_POINT('',#5518);
#1666=VERTEX_POINT('',#5547);
#1667=VERTEX_POINT('',#5561);
#1668=VERTEX_POINT('',#5587);
#1669=VERTEX_POINT('',#5601);
#1670=VERTEX_POINT('',#5615);
#1671=VERTEX_POINT('',#5629);
#1672=VERTEX_POINT('',#5643);
#1673=VERTEX_POINT('',#5669);
#1674=VERTEX_POINT('',#5683);
#1675=VERTEX_POINT('',#5697);
#1676=VERTEX_POINT('',#5735);
#1677=VERTEX_POINT('',#5751);
#1678=VERTEX_POINT('',#5765);
#1679=VERTEX_POINT('',#5777);
#1680=VERTEX_POINT('',#5790);
#1681=VERTEX_POINT('',#5804);
#1682=VERTEX_POINT('',#5830);
#1683=VERTEX_POINT('',#5844);
#1684=VERTEX_POINT('',#5858);
#1685=VERTEX_POINT('',#5870);
#1686=VERTEX_POINT('',#5895);
#1687=VERTEX_POINT('',#5921);
#1688=VERTEX_POINT('',#5922);
#1689=VERTEX_POINT('',#5927);
#1690=VERTEX_POINT('',#5929);
#1691=VERTEX_POINT('',#5943);
#1692=VERTEX_POINT('',#5948);
#1693=VERTEX_POINT('',#5962);
#1694=VERTEX_POINT('',#5964);
#1695=VERTEX_POINT('',#5975);
#1696=VERTEX_POINT('',#5989);
#1697=VERTEX_POINT('',#6003);
#1698=VERTEX_POINT('',#6017);
#1699=VERTEX_POINT('',#6031);
#1700=VERTEX_POINT('',#6045);
#1701=VERTEX_POINT('',#6059);
#1702=VERTEX_POINT('',#6061);
#1703=VERTEX_POINT('',#6075);
#1704=VERTEX_POINT('',#6089);
#1705=VERTEX_POINT('',#6103);
#1706=VERTEX_POINT('',#6110);
#1707=VERTEX_POINT('',#6121);
#1708=VERTEX_POINT('',#6135);
#1709=VERTEX_POINT('',#6149);
#1710=VERTEX_POINT('',#6163);
#1711=VERTEX_POINT('',#6177);
#1712=VERTEX_POINT('',#6191);
#1713=VERTEX_POINT('',#6205);
#1714=VERTEX_POINT('',#6219);
#1715=VERTEX_POINT('',#6245);
#1716=VERTEX_POINT('',#6259);
#1717=VERTEX_POINT('',#6273);
#1718=VERTEX_POINT('',#6287);
#1719=VERTEX_POINT('',#6301);
#1720=VERTEX_POINT('',#6315);
#1721=VERTEX_POINT('',#6329);
#1722=VERTEX_POINT('',#6343);
#1723=VERTEX_POINT('',#6357);
#1724=VERTEX_POINT('',#6364);
#1725=VERTEX_POINT('',#6375);
#1726=VERTEX_POINT('',#6389);
#1727=VERTEX_POINT('',#6415);
#1728=VERTEX_POINT('',#6429);
#1729=VERTEX_POINT('',#6443);
#1730=VERTEX_POINT('',#6450);
#1731=VERTEX_POINT('',#6461);
#1732=VERTEX_POINT('',#6475);
#1733=VERTEX_POINT('',#6489);
#1734=VERTEX_POINT('',#6503);
#1735=VERTEX_POINT('',#6517);
#1736=VERTEX_POINT('',#6531);
#1737=VERTEX_POINT('',#6545);
#1738=VERTEX_POINT('',#6559);
#1739=VERTEX_POINT('',#6585);
#1740=VERTEX_POINT('',#6599);
#1741=VERTEX_POINT('',#6613);
#1742=VERTEX_POINT('',#6627);
#1743=VERTEX_POINT('',#6641);
#1744=VERTEX_POINT('',#6655);
#1745=VERTEX_POINT('',#6669);
#1746=VERTEX_POINT('',#6683);
#1747=VERTEX_POINT('',#6690);
#1748=VERTEX_POINT('',#6701);
#1749=VERTEX_POINT('',#6727);
#1750=VERTEX_POINT('',#6741);
#1751=VERTEX_POINT('',#6755);
#1752=VERTEX_POINT('',#6769);
#1753=VERTEX_POINT('',#6783);
#1754=VERTEX_POINT('',#6797);
#1755=VERTEX_POINT('',#6820);
#1756=VERTEX_POINT('',#6822);
#1757=VERTEX_POINT('',#6836);
#1758=VERTEX_POINT('',#6862);
#1759=VERTEX_POINT('',#6864);
#1760=VERTEX_POINT('',#6878);
#1761=VERTEX_POINT('',#6904);
#1762=VERTEX_POINT('',#6906);
#1763=VERTEX_POINT('',#6920);
#1764=VERTEX_POINT('',#6934);
#1765=VERTEX_POINT('',#6948);
#1766=VERTEX_POINT('',#6962);
#1767=VERTEX_POINT('',#6976);
#1768=VERTEX_POINT('',#7002);
#1769=VERTEX_POINT('',#7004);
#1770=VERTEX_POINT('',#7018);
#1771=VERTEX_POINT('',#7044);
#1772=VERTEX_POINT('',#7045);
#1773=VERTEX_POINT('',#7052);
#1774=VERTEX_POINT('',#7057);
#1775=VERTEX_POINT('',#7064);
#1776=VERTEX_POINT('',#7065);
#1777=VERTEX_POINT('',#7072);
#1778=VERTEX_POINT('',#7073);
#1779=VERTEX_POINT('',#7075);
#1780=VERTEX_POINT('',#7080);
#1781=VERTEX_POINT('',#7082);
#1782=VERTEX_POINT('',#7084);
#1783=VERTEX_POINT('',#7086);
#1784=VERTEX_POINT('',#7096);
#1785=VERTEX_POINT('',#7097);
#1786=VERTEX_POINT('',#7099);
#1787=VERTEX_POINT('',#7107);
#1788=VERTEX_POINT('',#7108);
#1789=VERTEX_POINT('',#7121);
#1790=VERTEX_POINT('',#7128);
#1791=VERTEX_POINT('',#7142);
#1792=VERTEX_POINT('',#7181);
#1793=VERTEX_POINT('',#7193);
#1794=VERTEX_POINT('',#7195);
#1795=VERTEX_POINT('',#7200);
#1796=VERTEX_POINT('',#7204);
#1797=VERTEX_POINT('',#7205);
#1798=VERTEX_POINT('',#7207);
#1799=VERTEX_POINT('',#7209);
#1800=VERTEX_POINT('',#7216);
#1801=VERTEX_POINT('',#7220);
#1802=VERTEX_POINT('',#7222);
#1803=VERTEX_POINT('',#7226);
#1804=VERTEX_POINT('',#7231);
#1805=VERTEX_POINT('',#7245);
#1806=VERTEX_POINT('',#7246);
#1807=VERTEX_POINT('',#7262);
#1808=VERTEX_POINT('',#7266);
#1809=VERTEX_POINT('',#7271);
#1810=VERTEX_POINT('',#7273);
#1811=VERTEX_POINT('',#7278);
#1812=VERTEX_POINT('',#7280);
#1813=VERTEX_POINT('',#7282);
#1814=VERTEX_POINT('',#7284);
#1815=VERTEX_POINT('',#7286);
#1816=VERTEX_POINT('',#7288);
#1817=VERTEX_POINT('',#7290);
#1818=VERTEX_POINT('',#7292);
#1819=VERTEX_POINT('',#7296);
#1820=VERTEX_POINT('',#7298);
#1821=VERTEX_POINT('',#7300);
#1822=VERTEX_POINT('',#7302);
#1823=VERTEX_POINT('',#7304);
#1824=VERTEX_POINT('',#7306);
#1825=VERTEX_POINT('',#7308);
#1826=VERTEX_POINT('',#7310);
#1827=VERTEX_POINT('',#7331);
#1828=VERTEX_POINT('',#7332);
#1829=VERTEX_POINT('',#7346);
#1830=VERTEX_POINT('',#7348);
#1831=VERTEX_POINT('',#7370);
#1832=VERTEX_POINT('',#7371);
#1833=VERTEX_POINT('',#7373);
#1834=VERTEX_POINT('',#7375);
#1835=EDGE_CURVE('',#1441,#1442,#879,.T.);
#1836=EDGE_CURVE('',#1443,#1441,#880,.T.);
#1837=EDGE_CURVE('',#1444,#1443,#881,.T.);
#1838=EDGE_CURVE('',#1444,#1442,#882,.T.);
#1839=EDGE_CURVE('',#1442,#1445,#883,.T.);
#1840=EDGE_CURVE('',#1446,#1444,#884,.T.);
#1841=EDGE_CURVE('',#1446,#1445,#885,.T.);
#1842=EDGE_CURVE('',#1445,#1447,#886,.T.);
#1843=EDGE_CURVE('',#1448,#1446,#887,.T.);
#1844=EDGE_CURVE('',#1448,#1447,#888,.T.);
#1845=EDGE_CURVE('',#1447,#1449,#889,.T.);
#1846=EDGE_CURVE('',#1450,#1448,#890,.T.);
#1847=EDGE_CURVE('',#1450,#1449,#891,.T.);
#1848=EDGE_CURVE('',#1449,#1451,#892,.T.);
#1849=EDGE_CURVE('',#1452,#1450,#893,.T.);
#1850=EDGE_CURVE('',#1452,#1451,#894,.T.);
#1851=EDGE_CURVE('',#1451,#1453,#895,.T.);
#1852=EDGE_CURVE('',#1454,#1452,#896,.T.);
#1853=EDGE_CURVE('',#1454,#1453,#897,.T.);
#1854=EDGE_CURVE('',#1453,#1455,#898,.T.);
#1855=EDGE_CURVE('',#1456,#1454,#899,.T.);
#1856=EDGE_CURVE('',#1456,#1455,#900,.T.);
#1857=EDGE_CURVE('',#1455,#1457,#901,.T.);
#1858=EDGE_CURVE('',#1458,#1456,#902,.T.);
#1859=EDGE_CURVE('',#1458,#1459,#903,.T.);
#1860=EDGE_CURVE('',#1460,#1459,#904,.T.);
#1861=EDGE_CURVE('',#1457,#1460,#222,.T.);
#1862=EDGE_CURVE('',#1459,#1461,#905,.T.);
#1863=EDGE_CURVE('',#1462,#1458,#906,.T.);
#1864=EDGE_CURVE('',#1461,#1462,#907,.T.);
#1865=EDGE_CURVE('',#1441,#1463,#148,.T.);
#1866=EDGE_CURVE('',#1463,#1464,#908,.T.);
#1867=EDGE_CURVE('',#1465,#1464,#149,.T.);
#1868=EDGE_CURVE('',#1465,#1466,#909,.T.);
#1869=EDGE_CURVE('',#1466,#1467,#150,.T.);
#1870=EDGE_CURVE('',#1467,#1468,#910,.T.);
#1871=EDGE_CURVE('',#1469,#1468,#151,.T.);
#1872=EDGE_CURVE('',#1470,#1469,#911,.T.);
#1873=EDGE_CURVE('',#1470,#1443,#152,.T.);
#1874=EDGE_CURVE('',#1462,#1471,#912,.T.);
#1875=EDGE_CURVE('',#1471,#1472,#913,.T.);
#1876=EDGE_CURVE('',#1461,#1472,#914,.T.);
#1877=EDGE_CURVE('',#1472,#1473,#153,.T.);
#1878=EDGE_CURVE('',#1473,#1474,#223,.T.);
#1879=EDGE_CURVE('',#1474,#1475,#224,.T.);
#1880=EDGE_CURVE('',#1475,#1476,#225,.T.);
#1881=EDGE_CURVE('',#1476,#1477,#226,.T.);
#1882=EDGE_CURVE('',#1477,#1460,#227,.T.);
#1883=EDGE_CURVE('',#1477,#1478,#915,.T.);
#1884=EDGE_CURVE('',#1478,#1457,#228,.T.);
#1885=EDGE_CURVE('',#1479,#1480,#916,.T.);
#1886=EDGE_CURVE('',#1481,#1479,#917,.T.);
#1887=EDGE_CURVE('',#1482,#1481,#918,.T.);
#1888=EDGE_CURVE('',#1483,#1482,#919,.T.);
#1889=EDGE_CURVE('',#1484,#1483,#920,.T.);
#1890=EDGE_CURVE('',#1480,#1484,#229,.T.);
#1891=EDGE_CURVE('',#1485,#1486,#921,.T.);
#1892=EDGE_CURVE('',#1487,#1485,#922,.T.);
#1893=EDGE_CURVE('',#1488,#1487,#923,.T.);
#1894=EDGE_CURVE('',#1488,#1486,#924,.T.);
#1895=EDGE_CURVE('',#1486,#1489,#925,.T.);
#1896=EDGE_CURVE('',#1490,#1488,#926,.T.);
#1897=EDGE_CURVE('',#1490,#1489,#927,.T.);
#1898=EDGE_CURVE('',#1489,#1491,#928,.T.);
#1899=EDGE_CURVE('',#1492,#1490,#929,.T.);
#1900=EDGE_CURVE('',#1492,#1491,#930,.T.);
#1901=EDGE_CURVE('',#1491,#1493,#931,.T.);
#1902=EDGE_CURVE('',#1494,#1492,#932,.T.);
#1903=EDGE_CURVE('',#1494,#1493,#933,.T.);
#1904=EDGE_CURVE('',#1493,#1495,#934,.T.);
#1905=EDGE_CURVE('',#1496,#1494,#935,.T.);
#1906=EDGE_CURVE('',#1496,#1495,#936,.T.);
#1907=EDGE_CURVE('',#1495,#1497,#937,.T.);
#1908=EDGE_CURVE('',#1498,#1496,#938,.T.);
#1909=EDGE_CURVE('',#1498,#1497,#939,.T.);
#1910=EDGE_CURVE('',#1499,#1500,#940,.T.);
#1911=EDGE_CURVE('',#1501,#1499,#230,.T.);
#1912=EDGE_CURVE('',#1497,#1501,#941,.T.);
#1913=EDGE_CURVE('',#1502,#1498,#942,.T.);
#1914=EDGE_CURVE('',#1502,#1500,#943,.T.);
#1915=EDGE_CURVE('',#1503,#1479,#944,.T.);
#1916=EDGE_CURVE('',#1504,#1503,#231,.T.);
#1917=EDGE_CURVE('',#1500,#1504,#945,.T.);
#1918=EDGE_CURVE('',#1481,#1502,#946,.T.);
#1919=EDGE_CURVE('',#1484,#1505,#232,.T.);
#1920=EDGE_CURVE('',#1506,#1505,#947,.T.);
#1921=EDGE_CURVE('',#1480,#1506,#233,.T.);
#1922=EDGE_CURVE('',#1482,#1507,#154,.T.);
#1923=EDGE_CURVE('',#1507,#1508,#948,.T.);
#1924=EDGE_CURVE('',#1509,#1508,#155,.T.);
#1925=EDGE_CURVE('',#1509,#1510,#949,.T.);
#1926=EDGE_CURVE('',#1510,#1511,#156,.T.);
#1927=EDGE_CURVE('',#1511,#1512,#950,.T.);
#1928=EDGE_CURVE('',#1513,#1512,#157,.T.);
#1929=EDGE_CURVE('',#1513,#1514,#951,.T.);
#1930=EDGE_CURVE('',#1514,#1483,#158,.T.);
#1931=EDGE_CURVE('',#1515,#1504,#234,.T.);
#1932=EDGE_CURVE('',#1499,#1515,#235,.T.);
#1933=EDGE_CURVE('',#1516,#1473,#952,.T.);
#1934=EDGE_CURVE('',#1471,#1517,#159,.T.);
#1935=EDGE_CURVE('',#1517,#1518,#953,.T.);
#1936=EDGE_CURVE('',#1518,#1519,#160,.T.);
#1937=EDGE_CURVE('',#1519,#1520,#954,.T.);
#1938=EDGE_CURVE('',#1521,#1520,#161,.T.);
#1939=EDGE_CURVE('',#1521,#1522,#955,.T.);
#1940=EDGE_CURVE('',#1522,#1516,#162,.T.);
#1941=EDGE_CURVE('',#1523,#1485,#956,.T.);
#1942=EDGE_CURVE('',#1523,#1524,#957,.T.);
#1943=EDGE_CURVE('',#1524,#1518,#958,.T.);
#1944=EDGE_CURVE('',#1517,#1487,#959,.T.);
#1945=EDGE_CURVE('',#1525,#1526,#163,.T.);
#1946=EDGE_CURVE('',#1526,#1527,#960,.T.);
#1947=EDGE_CURVE('',#1528,#1527,#164,.T.);
#1948=EDGE_CURVE('',#1525,#1528,#961,.T.);
#1949=EDGE_CURVE('',#1529,#1470,#165,.T.);
#1950=EDGE_CURVE('',#1530,#1469,#166,.T.);
#1951=EDGE_CURVE('',#1529,#1530,#962,.T.);
#1952=EDGE_CURVE('',#1531,#1532,#963,.T.);
#1953=EDGE_CURVE('',#1533,#1532,#167,.T.);
#1954=EDGE_CURVE('',#1534,#1533,#964,.T.);
#1955=EDGE_CURVE('',#1534,#1529,#168,.T.);
#1956=EDGE_CURVE('',#1535,#1530,#169,.T.);
#1957=EDGE_CURVE('',#1535,#1536,#965,.T.);
#1958=EDGE_CURVE('',#1536,#1531,#170,.T.);
#1959=EDGE_CURVE('',#1537,#1538,#171,.T.);
#1960=EDGE_CURVE('',#1539,#1538,#966,.T.);
#1961=EDGE_CURVE('',#1539,#1534,#172,.T.);
#1962=EDGE_CURVE('',#1540,#1533,#173,.T.);
#1963=EDGE_CURVE('',#1540,#1537,#967,.T.);
#1964=EDGE_CURVE('',#1541,#1542,#968,.T.);
#1965=EDGE_CURVE('',#1542,#1539,#174,.T.);
#1966=EDGE_CURVE('',#1538,#1543,#175,.T.);
#1967=EDGE_CURVE('',#1543,#1544,#969,.T.);
#1968=EDGE_CURVE('',#1545,#1544,#176,.T.);
#1969=EDGE_CURVE('',#1545,#1546,#970,.T.);
#1970=EDGE_CURVE('',#1546,#1541,#177,.T.);
#1971=EDGE_CURVE('',#1547,#1548,#971,.T.);
#1972=EDGE_CURVE('',#1549,#1548,#178,.T.);
#1973=EDGE_CURVE('',#1550,#1549,#972,.T.);
#1974=EDGE_CURVE('',#1550,#1551,#179,.T.);
#1975=EDGE_CURVE('',#1551,#1552,#973,.T.);
#1976=EDGE_CURVE('',#1552,#1547,#180,.T.);
#1977=EDGE_CURVE('',#1553,#1554,#236,.T.);
#1978=EDGE_CURVE('',#1554,#1555,#974,.T.);
#1979=EDGE_CURVE('',#1555,#1553,#237,.T.);
#1980=EDGE_CURVE('',#1556,#1557,#238,.T.);
#1981=EDGE_CURVE('',#1557,#1549,#975,.T.);
#1982=EDGE_CURVE('',#1548,#1558,#239,.T.);
#1983=EDGE_CURVE('',#1558,#1559,#240,.T.);
#1984=EDGE_CURVE('',#1559,#1560,#241,.T.);
#1985=EDGE_CURVE('',#1560,#1561,#242,.T.);
#1986=EDGE_CURVE('',#1561,#1556,#243,.T.);
#1987=EDGE_CURVE('',#1562,#1563,#244,.T.);
#1988=EDGE_CURVE('',#1563,#1564,#245,.T.);
#1989=EDGE_CURVE('',#1564,#1565,#181,.T.);
#1990=EDGE_CURVE('',#1565,#1566,#246,.T.);
#1991=EDGE_CURVE('',#1566,#1567,#247,.T.);
#1992=EDGE_CURVE('',#1567,#1568,#248,.T.);
#1993=EDGE_CURVE('',#1568,#1569,#249,.T.);
#1994=EDGE_CURVE('',#1569,#1570,#250,.T.);
#1995=EDGE_CURVE('',#1570,#1571,#251,.T.);
#1996=EDGE_CURVE('',#1571,#1572,#252,.T.);
#1997=EDGE_CURVE('',#1572,#1573,#253,.T.);
#1998=EDGE_CURVE('',#1573,#1574,#254,.T.);
#1999=EDGE_CURVE('',#1574,#1528,#182,.T.);
#2000=EDGE_CURVE('',#1527,#1562,#183,.T.);
#2001=EDGE_CURVE('',#1575,#1576,#255,.T.);
#2002=EDGE_CURVE('',#1576,#1577,#256,.T.);
#2003=EDGE_CURVE('',#1577,#1578,#257,.T.);
#2004=EDGE_CURVE('',#1578,#1579,#258,.T.);
#2005=EDGE_CURVE('',#1579,#1580,#259,.T.);
#2006=EDGE_CURVE('',#1580,#1581,#260,.T.);
#2007=EDGE_CURVE('',#1581,#1582,#261,.T.);
#2008=EDGE_CURVE('',#1582,#1583,#262,.T.);
#2009=EDGE_CURVE('',#1583,#1584,#263,.T.);
#2010=EDGE_CURVE('',#1584,#1585,#184,.T.);
#2011=EDGE_CURVE('',#1585,#1586,#264,.T.);
#2012=EDGE_CURVE('',#1586,#1587,#265,.T.);
#2013=EDGE_CURVE('',#1587,#1588,#266,.T.);
#2014=EDGE_CURVE('',#1588,#1575,#185,.T.);
#2015=EDGE_CURVE('',#1589,#1540,#267,.T.);
#2016=EDGE_CURVE('',#1532,#1590,#268,.T.);
#2017=EDGE_CURVE('',#1590,#1591,#269,.T.);
#2018=EDGE_CURVE('',#1591,#1592,#270,.T.);
#2019=EDGE_CURVE('',#1592,#1589,#271,.T.);
#2020=EDGE_CURVE('',#1593,#1545,#272,.T.);
#2021=EDGE_CURVE('',#1544,#1593,#273,.T.);
#2022=EDGE_CURVE('',#1594,#1595,#274,.T.);
#2023=EDGE_CURVE('',#1595,#1596,#275,.T.);
#2024=EDGE_CURVE('',#1596,#1597,#276,.T.);
#2025=EDGE_CURVE('',#1597,#1598,#186,.T.);
#2026=EDGE_CURVE('',#1598,#1599,#277,.T.);
#2027=EDGE_CURVE('',#1599,#1600,#278,.T.);
#2028=EDGE_CURVE('',#1600,#1601,#279,.T.);
#2029=EDGE_CURVE('',#1601,#1602,#280,.T.);
#2030=EDGE_CURVE('',#1602,#1603,#281,.T.);
#2031=EDGE_CURVE('',#1603,#1604,#282,.T.);
#2032=EDGE_CURVE('',#1604,#1605,#283,.T.);
#2033=EDGE_CURVE('',#1605,#1606,#284,.T.);
#2034=EDGE_CURVE('',#1606,#1607,#285,.T.);
#2035=EDGE_CURVE('',#1607,#1594,#187,.T.);
#2036=EDGE_CURVE('',#1608,#1535,#286,.T.);
#2037=EDGE_CURVE('',#1468,#1609,#287,.T.);
#2038=EDGE_CURVE('',#1609,#1610,#288,.T.);
#2039=EDGE_CURVE('',#1610,#1611,#289,.T.);
#2040=EDGE_CURVE('',#1611,#1612,#290,.T.);
#2041=EDGE_CURVE('',#1612,#1613,#291,.T.);
#2042=EDGE_CURVE('',#1613,#1608,#292,.T.);
#2043=EDGE_CURVE('',#1464,#1465,#293,.T.);
#2044=EDGE_CURVE('',#1614,#1615,#294,.T.);
#2045=EDGE_CURVE('',#1615,#1616,#295,.T.);
#2046=EDGE_CURVE('',#1616,#1617,#296,.T.);
#2047=EDGE_CURVE('',#1617,#1618,#297,.T.);
#2048=EDGE_CURVE('',#1618,#1619,#298,.T.);
#2049=EDGE_CURVE('',#1619,#1620,#299,.T.);
#2050=EDGE_CURVE('',#1620,#1621,#300,.T.);
#2051=EDGE_CURVE('',#1621,#1622,#301,.T.);
#2052=EDGE_CURVE('',#1622,#1623,#188,.T.);
#2053=EDGE_CURVE('',#1623,#1624,#302,.T.);
#2054=EDGE_CURVE('',#1624,#1509,#303,.T.);
#2055=EDGE_CURVE('',#1508,#1614,#189,.T.);
#2056=EDGE_CURVE('',#1625,#1521,#304,.T.);
#2057=EDGE_CURVE('',#1520,#1626,#305,.T.);
#2058=EDGE_CURVE('',#1626,#1627,#306,.T.);
#2059=EDGE_CURVE('',#1627,#1628,#307,.T.);
#2060=EDGE_CURVE('',#1628,#1629,#308,.T.);
#2061=EDGE_CURVE('',#1629,#1625,#309,.T.);
#2062=EDGE_CURVE('',#1512,#1630,#310,.T.);
#2063=EDGE_CURVE('',#1630,#1631,#311,.T.);
#2064=EDGE_CURVE('',#1631,#1632,#312,.T.);
#2065=EDGE_CURVE('',#1632,#1633,#313,.T.);
#2066=EDGE_CURVE('',#1633,#1634,#314,.T.);
#2067=EDGE_CURVE('',#1634,#1635,#315,.T.);
#2068=EDGE_CURVE('',#1635,#1513,#23,.T.);
#2069=EDGE_CURVE('',#1506,#1636,#316,.T.);
#2070=EDGE_CURVE('',#1636,#1637,#317,.T.);
#2071=EDGE_CURVE('',#1637,#1523,#318,.T.);
#2072=EDGE_CURVE('',#1501,#1638,#319,.T.);
#2073=EDGE_CURVE('',#1638,#1503,#320,.T.);
#2074=EDGE_CURVE('',#1639,#1640,#321,.T.);
#2075=EDGE_CURVE('',#1640,#1641,#322,.T.);
#2076=EDGE_CURVE('',#1641,#1639,#323,.T.);
#2077=EDGE_CURVE('',#1642,#1643,#324,.T.);
#2078=EDGE_CURVE('',#1643,#1644,#325,.T.);
#2079=EDGE_CURVE('',#1644,#1645,#326,.T.);
#2080=EDGE_CURVE('',#1645,#1646,#327,.T.);
#2081=EDGE_CURVE('',#1646,#1647,#328,.T.);
#2082=EDGE_CURVE('',#1647,#1648,#329,.T.);
#2083=EDGE_CURVE('',#1648,#1642,#330,.T.);
#2084=EDGE_CURVE('',#1649,#1650,#331,.T.);
#2085=EDGE_CURVE('',#1650,#1651,#332,.T.);
#2086=EDGE_CURVE('',#1651,#1649,#333,.T.);
#2087=EDGE_CURVE('',#1652,#1653,#334,.T.);
#2088=EDGE_CURVE('',#1653,#1654,#335,.T.);
#2089=EDGE_CURVE('',#1654,#1652,#336,.T.);
#2090=EDGE_CURVE('',#1655,#1656,#190,.T.);
#2091=EDGE_CURVE('',#1656,#1614,#976,.T.);
#2092=EDGE_CURVE('',#1507,#1657,#191,.T.);
#2093=EDGE_CURVE('',#1657,#1655,#977,.T.);
#2094=EDGE_CURVE('',#1574,#1658,#978,.T.);
#2095=EDGE_CURVE('',#1658,#1659,#192,.T.);
#2096=EDGE_CURVE('',#1659,#1575,#979,.T.);
#2097=EDGE_CURVE('',#1588,#1660,#980,.T.);
#2098=EDGE_CURVE('',#1660,#1661,#193,.T.);
#2099=EDGE_CURVE('',#1661,#1594,#981,.T.);
#2100=EDGE_CURVE('',#1607,#1662,#982,.T.);
#2101=EDGE_CURVE('',#1662,#1655,#194,.T.);
#2102=EDGE_CURVE('',#1657,#1525,#195,.T.);
#2103=EDGE_CURVE('',#1663,#1664,#983,.T.);
#2104=EDGE_CURVE('',#1664,#1665,#196,.T.);
#2105=EDGE_CURVE('',#1665,#1562,#984,.T.);
#2106=EDGE_CURVE('',#1526,#1663,#197,.T.);
#2107=EDGE_CURVE('',#1638,#1515,#985,.T.);
#2108=EDGE_CURVE('',#1505,#1666,#337,.T.);
#2109=EDGE_CURVE('',#1636,#1666,#986,.T.);
#2110=EDGE_CURVE('',#1666,#1667,#338,.T.);
#2111=EDGE_CURVE('',#1637,#1667,#987,.T.);
#2112=EDGE_CURVE('',#1667,#1524,#339,.T.);
#2113=EDGE_CURVE('',#1519,#1668,#340,.T.);
#2114=EDGE_CURVE('',#1626,#1668,#988,.T.);
#2115=EDGE_CURVE('',#1668,#1669,#341,.T.);
#2116=EDGE_CURVE('',#1627,#1669,#989,.T.);
#2117=EDGE_CURVE('',#1669,#1670,#342,.T.);
#2118=EDGE_CURVE('',#1628,#1670,#990,.T.);
#2119=EDGE_CURVE('',#1670,#1671,#343,.T.);
#2120=EDGE_CURVE('',#1629,#1671,#991,.T.);
#2121=EDGE_CURVE('',#1671,#1672,#344,.T.);
#2122=EDGE_CURVE('',#1625,#1672,#992,.T.);
#2123=EDGE_CURVE('',#1672,#1522,#345,.T.);
#2124=EDGE_CURVE('',#1516,#1673,#346,.T.);
#2125=EDGE_CURVE('',#1474,#1673,#993,.T.);
#2126=EDGE_CURVE('',#1673,#1674,#347,.T.);
#2127=EDGE_CURVE('',#1475,#1674,#994,.T.);
#2128=EDGE_CURVE('',#1674,#1675,#348,.T.);
#2129=EDGE_CURVE('',#1476,#1675,#995,.T.);
#2130=EDGE_CURVE('',#1675,#1478,#349,.T.);
#2131=EDGE_CURVE('',#1463,#1466,#350,.T.);
#2132=EDGE_CURVE('',#1467,#1676,#351,.T.);
#2133=EDGE_CURVE('',#1609,#1676,#996,.T.);
#2134=EDGE_CURVE('',#1676,#1677,#352,.T.);
#2135=EDGE_CURVE('',#1610,#1677,#997,.T.);
#2136=EDGE_CURVE('',#1677,#1678,#353,.T.);
#2137=EDGE_CURVE('',#1611,#1678,#998,.T.);
#2138=EDGE_CURVE('',#1678,#1679,#354,.T.);
#2139=EDGE_CURVE('',#1612,#1679,#999,.T.);
#2140=EDGE_CURVE('',#1679,#1680,#355,.T.);
#2141=EDGE_CURVE('',#1613,#1680,#1000,.T.);
#2142=EDGE_CURVE('',#1680,#1681,#356,.T.);
#2143=EDGE_CURVE('',#1608,#1681,#1001,.T.);
#2144=EDGE_CURVE('',#1681,#1536,#357,.T.);
#2145=EDGE_CURVE('',#1531,#1682,#358,.T.);
#2146=EDGE_CURVE('',#1590,#1682,#1002,.T.);
#2147=EDGE_CURVE('',#1682,#1683,#359,.T.);
#2148=EDGE_CURVE('',#1591,#1683,#1003,.T.);
#2149=EDGE_CURVE('',#1683,#1684,#360,.T.);
#2150=EDGE_CURVE('',#1592,#1684,#1004,.T.);
#2151=EDGE_CURVE('',#1684,#1685,#361,.T.);
#2152=EDGE_CURVE('',#1589,#1685,#1005,.T.);
#2153=EDGE_CURVE('',#1685,#1537,#362,.T.);
#2154=EDGE_CURVE('',#1543,#1686,#363,.T.);
#2155=EDGE_CURVE('',#1593,#1686,#1006,.T.);
#2156=EDGE_CURVE('',#1686,#1546,#364,.T.);
#2157=EDGE_CURVE('',#1687,#1688,#365,.T.);
#2158=EDGE_CURVE('',#1687,#1689,#1007,.T.);
#2159=EDGE_CURVE('',#1689,#1690,#366,.T.);
#2160=EDGE_CURVE('',#1688,#1690,#1008,.T.);
#2161=EDGE_CURVE('',#1688,#1691,#367,.T.);
#2162=EDGE_CURVE('',#1690,#1692,#368,.T.);
#2163=EDGE_CURVE('',#1691,#1692,#1009,.T.);
#2164=EDGE_CURVE('',#1691,#1693,#24,.T.);
#2165=EDGE_CURVE('',#1692,#1694,#25,.T.);
#2166=EDGE_CURVE('',#1693,#1694,#1010,.T.);
#2167=EDGE_CURVE('',#1547,#1695,#369,.T.);
#2168=EDGE_CURVE('',#1558,#1695,#1011,.T.);
#2169=EDGE_CURVE('',#1695,#1696,#370,.T.);
#2170=EDGE_CURVE('',#1559,#1696,#1012,.T.);
#2171=EDGE_CURVE('',#1696,#1697,#371,.T.);
#2172=EDGE_CURVE('',#1560,#1697,#1013,.T.);
#2173=EDGE_CURVE('',#1697,#1698,#372,.T.);
#2174=EDGE_CURVE('',#1561,#1698,#1014,.T.);
#2175=EDGE_CURVE('',#1698,#1699,#373,.T.);
#2176=EDGE_CURVE('',#1556,#1699,#1015,.T.);
#2177=EDGE_CURVE('',#1699,#1700,#374,.T.);
#2178=EDGE_CURVE('',#1557,#1700,#1016,.T.);
#2179=EDGE_CURVE('',#1701,#1555,#1017,.T.);
#2180=EDGE_CURVE('',#1701,#1702,#375,.T.);
#2181=EDGE_CURVE('',#1553,#1702,#1018,.T.);
#2182=EDGE_CURVE('',#1702,#1703,#376,.T.);
#2183=EDGE_CURVE('',#1554,#1703,#1019,.T.);
#2184=EDGE_CURVE('',#1665,#1704,#377,.T.);
#2185=EDGE_CURVE('',#1563,#1704,#1020,.T.);
#2186=EDGE_CURVE('',#1704,#1705,#378,.T.);
#2187=EDGE_CURVE('',#1564,#1705,#1021,.T.);
#2188=EDGE_CURVE('',#1705,#1706,#198,.T.);
#2189=EDGE_CURVE('',#1565,#1706,#1022,.T.);
#2190=EDGE_CURVE('',#1706,#1707,#379,.T.);
#2191=EDGE_CURVE('',#1566,#1707,#1023,.T.);
#2192=EDGE_CURVE('',#1707,#1708,#380,.T.);
#2193=EDGE_CURVE('',#1567,#1708,#1024,.T.);
#2194=EDGE_CURVE('',#1708,#1709,#381,.T.);
#2195=EDGE_CURVE('',#1568,#1709,#1025,.T.);
#2196=EDGE_CURVE('',#1709,#1710,#382,.T.);
#2197=EDGE_CURVE('',#1569,#1710,#1026,.T.);
#2198=EDGE_CURVE('',#1710,#1711,#383,.T.);
#2199=EDGE_CURVE('',#1570,#1711,#1027,.T.);
#2200=EDGE_CURVE('',#1711,#1712,#384,.T.);
#2201=EDGE_CURVE('',#1571,#1712,#1028,.T.);
#2202=EDGE_CURVE('',#1712,#1713,#385,.T.);
#2203=EDGE_CURVE('',#1572,#1713,#1029,.T.);
#2204=EDGE_CURVE('',#1713,#1714,#386,.T.);
#2205=EDGE_CURVE('',#1573,#1714,#1030,.T.);
#2206=EDGE_CURVE('',#1714,#1658,#387,.T.);
#2207=EDGE_CURVE('',#1659,#1715,#388,.T.);
#2208=EDGE_CURVE('',#1576,#1715,#1031,.T.);
#2209=EDGE_CURVE('',#1715,#1716,#389,.T.);
#2210=EDGE_CURVE('',#1577,#1716,#1032,.T.);
#2211=EDGE_CURVE('',#1716,#1717,#390,.T.);
#2212=EDGE_CURVE('',#1578,#1717,#1033,.T.);
#2213=EDGE_CURVE('',#1717,#1718,#391,.T.);
#2214=EDGE_CURVE('',#1579,#1718,#1034,.T.);
#2215=EDGE_CURVE('',#1718,#1719,#392,.T.);
#2216=EDGE_CURVE('',#1580,#1719,#1035,.T.);
#2217=EDGE_CURVE('',#1719,#1720,#393,.T.);
#2218=EDGE_CURVE('',#1581,#1720,#1036,.T.);
#2219=EDGE_CURVE('',#1720,#1721,#394,.T.);
#2220=EDGE_CURVE('',#1582,#1721,#1037,.T.);
#2221=EDGE_CURVE('',#1721,#1722,#395,.T.);
#2222=EDGE_CURVE('',#1583,#1722,#1038,.T.);
#2223=EDGE_CURVE('',#1722,#1723,#396,.T.);
#2224=EDGE_CURVE('',#1584,#1723,#1039,.T.);
#2225=EDGE_CURVE('',#1723,#1724,#199,.T.);
#2226=EDGE_CURVE('',#1585,#1724,#1040,.T.);
#2227=EDGE_CURVE('',#1724,#1725,#397,.T.);
#2228=EDGE_CURVE('',#1586,#1725,#1041,.T.);
#2229=EDGE_CURVE('',#1725,#1726,#398,.T.);
#2230=EDGE_CURVE('',#1587,#1726,#1042,.T.);
#2231=EDGE_CURVE('',#1726,#1660,#399,.T.);
#2232=EDGE_CURVE('',#1661,#1727,#400,.T.);
#2233=EDGE_CURVE('',#1595,#1727,#1043,.T.);
#2234=EDGE_CURVE('',#1727,#1728,#401,.T.);
#2235=EDGE_CURVE('',#1596,#1728,#1044,.T.);
#2236=EDGE_CURVE('',#1728,#1729,#402,.T.);
#2237=EDGE_CURVE('',#1597,#1729,#1045,.T.);
#2238=EDGE_CURVE('',#1729,#1730,#200,.T.);
#2239=EDGE_CURVE('',#1598,#1730,#1046,.T.);
#2240=EDGE_CURVE('',#1730,#1731,#403,.T.);
#2241=EDGE_CURVE('',#1599,#1731,#1047,.T.);
#2242=EDGE_CURVE('',#1731,#1732,#404,.T.);
#2243=EDGE_CURVE('',#1600,#1732,#1048,.T.);
#2244=EDGE_CURVE('',#1732,#1733,#405,.T.);
#2245=EDGE_CURVE('',#1601,#1733,#1049,.T.);
#2246=EDGE_CURVE('',#1733,#1734,#406,.T.);
#2247=EDGE_CURVE('',#1602,#1734,#1050,.T.);
#2248=EDGE_CURVE('',#1734,#1735,#407,.T.);
#2249=EDGE_CURVE('',#1603,#1735,#1051,.T.);
#2250=EDGE_CURVE('',#1735,#1736,#408,.T.);
#2251=EDGE_CURVE('',#1604,#1736,#1052,.T.);
#2252=EDGE_CURVE('',#1736,#1737,#409,.T.);
#2253=EDGE_CURVE('',#1605,#1737,#1053,.T.);
#2254=EDGE_CURVE('',#1737,#1738,#410,.T.);
#2255=EDGE_CURVE('',#1606,#1738,#1054,.T.);
#2256=EDGE_CURVE('',#1738,#1662,#411,.T.);
#2257=EDGE_CURVE('',#1656,#1739,#412,.T.);
#2258=EDGE_CURVE('',#1615,#1739,#1055,.T.);
#2259=EDGE_CURVE('',#1739,#1740,#413,.T.);
#2260=EDGE_CURVE('',#1616,#1740,#1056,.T.);
#2261=EDGE_CURVE('',#1740,#1741,#414,.T.);
#2262=EDGE_CURVE('',#1617,#1741,#1057,.T.);
#2263=EDGE_CURVE('',#1741,#1742,#415,.T.);
#2264=EDGE_CURVE('',#1618,#1742,#1058,.T.);
#2265=EDGE_CURVE('',#1742,#1743,#416,.T.);
#2266=EDGE_CURVE('',#1619,#1743,#1059,.T.);
#2267=EDGE_CURVE('',#1743,#1744,#417,.T.);
#2268=EDGE_CURVE('',#1620,#1744,#1060,.T.);
#2269=EDGE_CURVE('',#1744,#1745,#418,.T.);
#2270=EDGE_CURVE('',#1621,#1745,#1061,.T.);
#2271=EDGE_CURVE('',#1745,#1746,#419,.T.);
#2272=EDGE_CURVE('',#1622,#1746,#1062,.T.);
#2273=EDGE_CURVE('',#1746,#1747,#201,.T.);
#2274=EDGE_CURVE('',#1623,#1747,#1063,.T.);
#2275=EDGE_CURVE('',#1747,#1748,#420,.T.);
#2276=EDGE_CURVE('',#1624,#1748,#1064,.T.);
#2277=EDGE_CURVE('',#1748,#1510,#421,.T.);
#2278=EDGE_CURVE('',#1511,#1749,#422,.T.);
#2279=EDGE_CURVE('',#1630,#1749,#1065,.T.);
#2280=EDGE_CURVE('',#1749,#1750,#423,.T.);
#2281=EDGE_CURVE('',#1631,#1750,#1066,.T.);
#2282=EDGE_CURVE('',#1750,#1751,#424,.T.);
#2283=EDGE_CURVE('',#1632,#1751,#1067,.T.);
#2284=EDGE_CURVE('',#1751,#1752,#425,.T.);
#2285=EDGE_CURVE('',#1633,#1752,#1068,.T.);
#2286=EDGE_CURVE('',#1752,#1753,#426,.T.);
#2287=EDGE_CURVE('',#1634,#1753,#1069,.T.);
#2288=EDGE_CURVE('',#1753,#1754,#427,.T.);
#2289=EDGE_CURVE('',#1635,#1754,#1070,.T.);
#2290=EDGE_CURVE('',#1754,#1514,#26,.T.);
#2291=EDGE_CURVE('',#1653,#1755,#1071,.T.);
#2292=EDGE_CURVE('',#1755,#1756,#428,.T.);
#2293=EDGE_CURVE('',#1654,#1756,#1072,.T.);
#2294=EDGE_CURVE('',#1756,#1757,#429,.T.);
#2295=EDGE_CURVE('',#1652,#1757,#1073,.T.);
#2296=EDGE_CURVE('',#1757,#1755,#430,.T.);
#2297=EDGE_CURVE('',#1650,#1758,#1074,.T.);
#2298=EDGE_CURVE('',#1758,#1759,#431,.T.);
#2299=EDGE_CURVE('',#1651,#1759,#1075,.T.);
#2300=EDGE_CURVE('',#1759,#1760,#432,.T.);
#2301=EDGE_CURVE('',#1649,#1760,#1076,.T.);
#2302=EDGE_CURVE('',#1760,#1758,#433,.T.);
#2303=EDGE_CURVE('',#1643,#1761,#1077,.T.);
#2304=EDGE_CURVE('',#1761,#1762,#434,.T.);
#2305=EDGE_CURVE('',#1644,#1762,#1078,.T.);
#2306=EDGE_CURVE('',#1762,#1763,#435,.T.);
#2307=EDGE_CURVE('',#1645,#1763,#1079,.T.);
#2308=EDGE_CURVE('',#1763,#1764,#436,.T.);
#2309=EDGE_CURVE('',#1646,#1764,#1080,.T.);
#2310=EDGE_CURVE('',#1764,#1765,#437,.T.);
#2311=EDGE_CURVE('',#1647,#1765,#1081,.T.);
#2312=EDGE_CURVE('',#1765,#1766,#438,.T.);
#2313=EDGE_CURVE('',#1648,#1766,#1082,.T.);
#2314=EDGE_CURVE('',#1766,#1767,#439,.T.);
#2315=EDGE_CURVE('',#1642,#1767,#1083,.T.);
#2316=EDGE_CURVE('',#1767,#1761,#440,.T.);
#2317=EDGE_CURVE('',#1640,#1768,#1084,.T.);
#2318=EDGE_CURVE('',#1768,#1769,#441,.T.);
#2319=EDGE_CURVE('',#1641,#1769,#1085,.T.);
#2320=EDGE_CURVE('',#1769,#1770,#442,.T.);
#2321=EDGE_CURVE('',#1639,#1770,#1086,.T.);
#2322=EDGE_CURVE('',#1770,#1768,#443,.T.);
#2323=EDGE_CURVE('',#1771,#1772,#444,.T.);
#2324=EDGE_CURVE('',#1772,#1773,#445,.T.);
#2325=EDGE_CURVE('',#1774,#1773,#1087,.T.);
#2326=EDGE_CURVE('',#1771,#1774,#446,.T.);
#2327=EDGE_CURVE('',#1775,#1776,#1088,.T.);
#2328=EDGE_CURVE('',#1775,#1776,#447,.T.);
#2329=EDGE_CURVE('',#1777,#1778,#1089,.T.);
#2330=EDGE_CURVE('',#1778,#1779,#448,.T.);
#2331=EDGE_CURVE('',#1779,#1780,#1090,.T.);
#2332=EDGE_CURVE('',#1780,#1781,#1091,.T.);
#2333=EDGE_CURVE('',#1781,#1782,#1092,.T.);
#2334=EDGE_CURVE('',#1782,#1783,#449,.T.);
#2335=EDGE_CURVE('',#1783,#1777,#450,.T.);
#2336=EDGE_CURVE('',#1784,#1785,#1093,.T.);
#2337=EDGE_CURVE('',#1785,#1786,#1094,.T.);
#2338=EDGE_CURVE('',#1786,#1771,#1095,.T.);
#2339=EDGE_CURVE('',#1774,#1784,#451,.T.);
#2340=EDGE_CURVE('',#1787,#1788,#1096,.T.);
#2341=EDGE_CURVE('',#1788,#1550,#1097,.T.);
#2342=EDGE_CURVE('',#1700,#1701,#1098,.T.);
#2343=EDGE_CURVE('',#1703,#1787,#1099,.T.);
#2344=EDGE_CURVE('',#1782,#1789,#452,.T.);
#2345=EDGE_CURVE('',#1789,#1790,#453,.T.);
#2346=EDGE_CURVE('',#1783,#1790,#1100,.T.);
#2347=EDGE_CURVE('',#1791,#1784,#454,.T.);
#2348=EDGE_CURVE('',#1773,#1791,#455,.T.);
#2349=EDGE_CURVE('',#1778,#1775,#456,.T.);
#2350=EDGE_CURVE('',#1776,#1779,#457,.T.);
#2351=EDGE_CURVE('',#1792,#1777,#458,.T.);
#2352=EDGE_CURVE('',#1790,#1792,#459,.T.);
#2353=EDGE_CURVE('',#1793,#1787,#1101,.T.);
#2354=EDGE_CURVE('',#1794,#1793,#1102,.T.);
#2355=EDGE_CURVE('',#1788,#1794,#1103,.T.);
#2356=EDGE_CURVE('',#1772,#1793,#1104,.T.);
#2357=EDGE_CURVE('',#1795,#1786,#1105,.T.);
#2358=EDGE_CURVE('',#1794,#1795,#1106,.T.);
#2359=EDGE_CURVE('',#1796,#1797,#1107,.T.);
#2360=EDGE_CURVE('',#1798,#1796,#1108,.T.);
#2361=EDGE_CURVE('',#1799,#1798,#1109,.T.);
#2362=EDGE_CURVE('',#1799,#1797,#1110,.T.);
#2363=EDGE_CURVE('',#1664,#1796,#1111,.T.);
#2364=EDGE_CURVE('',#1798,#1663,#1112,.T.);
#2365=EDGE_CURVE('',#1800,#1785,#1113,.T.);
#2366=EDGE_CURVE('',#1795,#1800,#1114,.T.);
#2367=EDGE_CURVE('',#1801,#1791,#1115,.T.);
#2368=EDGE_CURVE('',#1802,#1801,#1116,.T.);
#2369=EDGE_CURVE('',#1800,#1802,#1117,.T.);
#2370=EDGE_CURVE('',#1803,#1781,#1118,.T.);
#2371=EDGE_CURVE('',#1802,#1803,#1119,.T.);
#2372=EDGE_CURVE('',#1789,#1801,#1120,.T.);
#2373=EDGE_CURVE('',#1804,#1780,#1121,.T.);
#2374=EDGE_CURVE('',#1803,#1804,#1122,.T.);
#2375=EDGE_CURVE('',#1797,#1792,#1123,.T.);
#2376=EDGE_CURVE('',#1804,#1799,#1124,.T.);
#2377=EDGE_CURVE('',#1805,#1806,#460,.T.);
#2378=EDGE_CURVE('',#1806,#1689,#461,.T.);
#2379=EDGE_CURVE('',#1805,#1687,#462,.T.);
#2380=EDGE_CURVE('',#1807,#1805,#1125,.T.);
#2381=EDGE_CURVE('',#1693,#1807,#1126,.T.);
#2382=EDGE_CURVE('',#1808,#1807,#1127,.T.);
#2383=EDGE_CURVE('',#1694,#1552,#1128,.T.);
#2384=EDGE_CURVE('',#1551,#1808,#1129,.T.);
#2385=EDGE_CURVE('',#1809,#1541,#1130,.T.);
#2386=EDGE_CURVE('',#1810,#1669,#463,.T.);
#2387=EDGE_CURVE('',#1811,#1698,#202,.T.);
#2388=EDGE_CURVE('',#1806,#1812,#1131,.T.);
#2389=EDGE_CURVE('',#1812,#1813,#1132,.T.);
#2390=EDGE_CURVE('',#1813,#1814,#1133,.T.);
#2391=EDGE_CURVE('',#1814,#1815,#1134,.T.);
#2392=EDGE_CURVE('',#1815,#1816,#1135,.T.);
#2393=EDGE_CURVE('',#1816,#1817,#1136,.T.);
#2394=EDGE_CURVE('',#1817,#1818,#1137,.T.);
#2395=EDGE_CURVE('',#1818,#1809,#1138,.T.);
#2396=EDGE_CURVE('',#1542,#1819,#1139,.T.);
#2397=EDGE_CURVE('',#1819,#1820,#1140,.T.);
#2398=EDGE_CURVE('',#1820,#1821,#1141,.T.);
#2399=EDGE_CURVE('',#1821,#1822,#1142,.T.);
#2400=EDGE_CURVE('',#1822,#1823,#1143,.T.);
#2401=EDGE_CURVE('',#1823,#1824,#1144,.T.);
#2402=EDGE_CURVE('',#1824,#1825,#1145,.T.);
#2403=EDGE_CURVE('',#1825,#1826,#1146,.T.);
#2404=EDGE_CURVE('',#1826,#1808,#1147,.T.);
#2405=EDGE_CURVE('',#1826,#1812,#1148,.T.);
#2406=EDGE_CURVE('',#1819,#1809,#1149,.T.);
#2407=EDGE_CURVE('',#1820,#1818,#1150,.T.);
#2408=EDGE_CURVE('',#1821,#1817,#1151,.T.);
#2409=EDGE_CURVE('',#1822,#1816,#1152,.T.);
#2410=EDGE_CURVE('',#1823,#1815,#1153,.T.);
#2411=EDGE_CURVE('',#1824,#1814,#1154,.T.);
#2412=EDGE_CURVE('',#1825,#1813,#1155,.T.);
#2413=EDGE_CURVE('',#1827,#1828,#203,.T.);
#2414=EDGE_CURVE('',#1828,#1827,#464,.T.);
#2415=EDGE_CURVE('',#1827,#1829,#1156,.T.);
#2416=EDGE_CURVE('',#1830,#1829,#465,.T.);
#2417=EDGE_CURVE('',#1828,#1830,#1157,.T.);
#2418=EDGE_CURVE('',#1831,#1832,#204,.T.);
#2419=EDGE_CURVE('',#1831,#1833,#1158,.T.);
#2420=EDGE_CURVE('',#1833,#1834,#205,.T.);
#2421=EDGE_CURVE('',#1832,#1834,#1159,.T.);
#2422=EDGE_CURVE('',#1832,#1831,#466,.T.);
#2423=ORIENTED_EDGE('',*,*,#1835,.F.);
#2424=ORIENTED_EDGE('',*,*,#1836,.F.);
#2425=ORIENTED_EDGE('',*,*,#1837,.F.);
#2426=ORIENTED_EDGE('',*,*,#1838,.T.);
#2427=ORIENTED_EDGE('',*,*,#1839,.F.);
#2428=ORIENTED_EDGE('',*,*,#1838,.F.);
#2429=ORIENTED_EDGE('',*,*,#1840,.F.);
#2430=ORIENTED_EDGE('',*,*,#1841,.T.);
#2431=ORIENTED_EDGE('',*,*,#1842,.F.);
#2432=ORIENTED_EDGE('',*,*,#1841,.F.);
#2433=ORIENTED_EDGE('',*,*,#1843,.F.);
#2434=ORIENTED_EDGE('',*,*,#1844,.T.);
#2435=ORIENTED_EDGE('',*,*,#1845,.F.);
#2436=ORIENTED_EDGE('',*,*,#1844,.F.);
#2437=ORIENTED_EDGE('',*,*,#1846,.F.);
#2438=ORIENTED_EDGE('',*,*,#1847,.T.);
#2439=ORIENTED_EDGE('',*,*,#1848,.F.);
#2440=ORIENTED_EDGE('',*,*,#1847,.F.);
#2441=ORIENTED_EDGE('',*,*,#1849,.F.);
#2442=ORIENTED_EDGE('',*,*,#1850,.T.);
#2443=ORIENTED_EDGE('',*,*,#1851,.F.);
#2444=ORIENTED_EDGE('',*,*,#1850,.F.);
#2445=ORIENTED_EDGE('',*,*,#1852,.F.);
#2446=ORIENTED_EDGE('',*,*,#1853,.T.);
#2447=ORIENTED_EDGE('',*,*,#1854,.F.);
#2448=ORIENTED_EDGE('',*,*,#1853,.F.);
#2449=ORIENTED_EDGE('',*,*,#1855,.F.);
#2450=ORIENTED_EDGE('',*,*,#1856,.T.);
#2451=ORIENTED_EDGE('',*,*,#1857,.F.);
#2452=ORIENTED_EDGE('',*,*,#1856,.F.);
#2453=ORIENTED_EDGE('',*,*,#1858,.F.);
#2454=ORIENTED_EDGE('',*,*,#1859,.T.);
#2455=ORIENTED_EDGE('',*,*,#1860,.F.);
#2456=ORIENTED_EDGE('',*,*,#1861,.F.);
#2457=ORIENTED_EDGE('',*,*,#1862,.F.);
#2458=ORIENTED_EDGE('',*,*,#1859,.F.);
#2459=ORIENTED_EDGE('',*,*,#1863,.F.);
#2460=ORIENTED_EDGE('',*,*,#1864,.F.);
#2461=ORIENTED_EDGE('',*,*,#1836,.T.);
#2462=ORIENTED_EDGE('',*,*,#1865,.T.);
#2463=ORIENTED_EDGE('',*,*,#1866,.T.);
#2464=ORIENTED_EDGE('',*,*,#1867,.F.);
#2465=ORIENTED_EDGE('',*,*,#1868,.T.);
#2466=ORIENTED_EDGE('',*,*,#1869,.T.);
#2467=ORIENTED_EDGE('',*,*,#1870,.T.);
#2468=ORIENTED_EDGE('',*,*,#1871,.F.);
#2469=ORIENTED_EDGE('',*,*,#1872,.F.);
#2470=ORIENTED_EDGE('',*,*,#1873,.T.);
#2471=ORIENTED_EDGE('',*,*,#1864,.T.);
#2472=ORIENTED_EDGE('',*,*,#1874,.T.);
#2473=ORIENTED_EDGE('',*,*,#1875,.T.);
#2474=ORIENTED_EDGE('',*,*,#1876,.F.);
#2475=ORIENTED_EDGE('',*,*,#1862,.T.);
#2476=ORIENTED_EDGE('',*,*,#1876,.T.);
#2477=ORIENTED_EDGE('',*,*,#1877,.T.);
#2478=ORIENTED_EDGE('',*,*,#1878,.T.);
#2479=ORIENTED_EDGE('',*,*,#1879,.T.);
#2480=ORIENTED_EDGE('',*,*,#1880,.T.);
#2481=ORIENTED_EDGE('',*,*,#1881,.T.);
#2482=ORIENTED_EDGE('',*,*,#1882,.T.);
#2483=ORIENTED_EDGE('',*,*,#1860,.T.);
#2484=ORIENTED_EDGE('',*,*,#1861,.T.);
#2485=ORIENTED_EDGE('',*,*,#1882,.F.);
#2486=ORIENTED_EDGE('',*,*,#1883,.T.);
#2487=ORIENTED_EDGE('',*,*,#1884,.T.);
#2488=ORIENTED_EDGE('',*,*,#1885,.F.);
#2489=ORIENTED_EDGE('',*,*,#1886,.F.);
#2490=ORIENTED_EDGE('',*,*,#1887,.F.);
#2491=ORIENTED_EDGE('',*,*,#1888,.F.);
#2492=ORIENTED_EDGE('',*,*,#1889,.F.);
#2493=ORIENTED_EDGE('',*,*,#1890,.F.);
#2494=ORIENTED_EDGE('',*,*,#1891,.F.);
#2495=ORIENTED_EDGE('',*,*,#1892,.F.);
#2496=ORIENTED_EDGE('',*,*,#1893,.F.);
#2497=ORIENTED_EDGE('',*,*,#1894,.T.);
#2498=ORIENTED_EDGE('',*,*,#1895,.F.);
#2499=ORIENTED_EDGE('',*,*,#1894,.F.);
#2500=ORIENTED_EDGE('',*,*,#1896,.F.);
#2501=ORIENTED_EDGE('',*,*,#1897,.T.);
#2502=ORIENTED_EDGE('',*,*,#1898,.F.);
#2503=ORIENTED_EDGE('',*,*,#1897,.F.);
#2504=ORIENTED_EDGE('',*,*,#1899,.F.);
#2505=ORIENTED_EDGE('',*,*,#1900,.T.);
#2506=ORIENTED_EDGE('',*,*,#1901,.F.);
#2507=ORIENTED_EDGE('',*,*,#1900,.F.);
#2508=ORIENTED_EDGE('',*,*,#1902,.F.);
#2509=ORIENTED_EDGE('',*,*,#1903,.T.);
#2510=ORIENTED_EDGE('',*,*,#1904,.F.);
#2511=ORIENTED_EDGE('',*,*,#1903,.F.);
#2512=ORIENTED_EDGE('',*,*,#1905,.F.);
#2513=ORIENTED_EDGE('',*,*,#1906,.T.);
#2514=ORIENTED_EDGE('',*,*,#1907,.F.);
#2515=ORIENTED_EDGE('',*,*,#1906,.F.);
#2516=ORIENTED_EDGE('',*,*,#1908,.F.);
#2517=ORIENTED_EDGE('',*,*,#1909,.T.);
#2518=ORIENTED_EDGE('',*,*,#1910,.F.);
#2519=ORIENTED_EDGE('',*,*,#1911,.F.);
#2520=ORIENTED_EDGE('',*,*,#1912,.F.);
#2521=ORIENTED_EDGE('',*,*,#1909,.F.);
#2522=ORIENTED_EDGE('',*,*,#1913,.F.);
#2523=ORIENTED_EDGE('',*,*,#1914,.T.);
#2524=ORIENTED_EDGE('',*,*,#1915,.F.);
#2525=ORIENTED_EDGE('',*,*,#1916,.F.);
#2526=ORIENTED_EDGE('',*,*,#1917,.F.);
#2527=ORIENTED_EDGE('',*,*,#1914,.F.);
#2528=ORIENTED_EDGE('',*,*,#1918,.F.);
#2529=ORIENTED_EDGE('',*,*,#1886,.T.);
#2530=ORIENTED_EDGE('',*,*,#1890,.T.);
#2531=ORIENTED_EDGE('',*,*,#1919,.T.);
#2532=ORIENTED_EDGE('',*,*,#1920,.F.);
#2533=ORIENTED_EDGE('',*,*,#1921,.F.);
#2534=ORIENTED_EDGE('',*,*,#1888,.T.);
#2535=ORIENTED_EDGE('',*,*,#1922,.T.);
#2536=ORIENTED_EDGE('',*,*,#1923,.T.);
#2537=ORIENTED_EDGE('',*,*,#1924,.F.);
#2538=ORIENTED_EDGE('',*,*,#1925,.T.);
#2539=ORIENTED_EDGE('',*,*,#1926,.T.);
#2540=ORIENTED_EDGE('',*,*,#1927,.T.);
#2541=ORIENTED_EDGE('',*,*,#1928,.F.);
#2542=ORIENTED_EDGE('',*,*,#1929,.T.);
#2543=ORIENTED_EDGE('',*,*,#1930,.T.);
#2544=ORIENTED_EDGE('',*,*,#1917,.T.);
#2545=ORIENTED_EDGE('',*,*,#1931,.F.);
#2546=ORIENTED_EDGE('',*,*,#1932,.F.);
#2547=ORIENTED_EDGE('',*,*,#1910,.T.);
#2548=ORIENTED_EDGE('',*,*,#1933,.T.);
#2549=ORIENTED_EDGE('',*,*,#1877,.F.);
#2550=ORIENTED_EDGE('',*,*,#1875,.F.);
#2551=ORIENTED_EDGE('',*,*,#1934,.T.);
#2552=ORIENTED_EDGE('',*,*,#1935,.T.);
#2553=ORIENTED_EDGE('',*,*,#1936,.T.);
#2554=ORIENTED_EDGE('',*,*,#1937,.T.);
#2555=ORIENTED_EDGE('',*,*,#1938,.F.);
#2556=ORIENTED_EDGE('',*,*,#1939,.T.);
#2557=ORIENTED_EDGE('',*,*,#1940,.T.);
#2558=ORIENTED_EDGE('',*,*,#1892,.T.);
#2559=ORIENTED_EDGE('',*,*,#1941,.F.);
#2560=ORIENTED_EDGE('',*,*,#1942,.T.);
#2561=ORIENTED_EDGE('',*,*,#1943,.T.);
#2562=ORIENTED_EDGE('',*,*,#1935,.F.);
#2563=ORIENTED_EDGE('',*,*,#1944,.T.);
#2564=ORIENTED_EDGE('',*,*,#1945,.T.);
#2565=ORIENTED_EDGE('',*,*,#1946,.T.);
#2566=ORIENTED_EDGE('',*,*,#1947,.F.);
#2567=ORIENTED_EDGE('',*,*,#1948,.F.);
#2568=ORIENTED_EDGE('',*,*,#1949,.T.);
#2569=ORIENTED_EDGE('',*,*,#1872,.T.);
#2570=ORIENTED_EDGE('',*,*,#1950,.F.);
#2571=ORIENTED_EDGE('',*,*,#1951,.F.);
#2572=ORIENTED_EDGE('',*,*,#1952,.T.);
#2573=ORIENTED_EDGE('',*,*,#1953,.F.);
#2574=ORIENTED_EDGE('',*,*,#1954,.F.);
#2575=ORIENTED_EDGE('',*,*,#1955,.T.);
#2576=ORIENTED_EDGE('',*,*,#1951,.T.);
#2577=ORIENTED_EDGE('',*,*,#1956,.F.);
#2578=ORIENTED_EDGE('',*,*,#1957,.T.);
#2579=ORIENTED_EDGE('',*,*,#1958,.T.);
#2580=ORIENTED_EDGE('',*,*,#1959,.T.);
#2581=ORIENTED_EDGE('',*,*,#1960,.F.);
#2582=ORIENTED_EDGE('',*,*,#1961,.T.);
#2583=ORIENTED_EDGE('',*,*,#1954,.T.);
#2584=ORIENTED_EDGE('',*,*,#1962,.F.);
#2585=ORIENTED_EDGE('',*,*,#1963,.T.);
#2586=ORIENTED_EDGE('',*,*,#1964,.T.);
#2587=ORIENTED_EDGE('',*,*,#1965,.T.);
#2588=ORIENTED_EDGE('',*,*,#1960,.T.);
#2589=ORIENTED_EDGE('',*,*,#1966,.T.);
#2590=ORIENTED_EDGE('',*,*,#1967,.T.);
#2591=ORIENTED_EDGE('',*,*,#1968,.F.);
#2592=ORIENTED_EDGE('',*,*,#1969,.T.);
#2593=ORIENTED_EDGE('',*,*,#1970,.T.);
#2594=ORIENTED_EDGE('',*,*,#1971,.T.);
#2595=ORIENTED_EDGE('',*,*,#1972,.F.);
#2596=ORIENTED_EDGE('',*,*,#1973,.F.);
#2597=ORIENTED_EDGE('',*,*,#1974,.T.);
#2598=ORIENTED_EDGE('',*,*,#1975,.T.);
#2599=ORIENTED_EDGE('',*,*,#1976,.T.);
#2600=ORIENTED_EDGE('',*,*,#1977,.T.);
#2601=ORIENTED_EDGE('',*,*,#1978,.T.);
#2602=ORIENTED_EDGE('',*,*,#1979,.T.);
#2603=ORIENTED_EDGE('',*,*,#1980,.T.);
#2604=ORIENTED_EDGE('',*,*,#1981,.T.);
#2605=ORIENTED_EDGE('',*,*,#1972,.T.);
#2606=ORIENTED_EDGE('',*,*,#1982,.T.);
#2607=ORIENTED_EDGE('',*,*,#1983,.T.);
#2608=ORIENTED_EDGE('',*,*,#1984,.T.);
#2609=ORIENTED_EDGE('',*,*,#1985,.T.);
#2610=ORIENTED_EDGE('',*,*,#1986,.T.);
#2611=ORIENTED_EDGE('',*,*,#1987,.T.);
#2612=ORIENTED_EDGE('',*,*,#1988,.T.);
#2613=ORIENTED_EDGE('',*,*,#1989,.T.);
#2614=ORIENTED_EDGE('',*,*,#1990,.T.);
#2615=ORIENTED_EDGE('',*,*,#1991,.T.);
#2616=ORIENTED_EDGE('',*,*,#1992,.T.);
#2617=ORIENTED_EDGE('',*,*,#1993,.T.);
#2618=ORIENTED_EDGE('',*,*,#1994,.T.);
#2619=ORIENTED_EDGE('',*,*,#1995,.T.);
#2620=ORIENTED_EDGE('',*,*,#1996,.T.);
#2621=ORIENTED_EDGE('',*,*,#1997,.T.);
#2622=ORIENTED_EDGE('',*,*,#1998,.T.);
#2623=ORIENTED_EDGE('',*,*,#1999,.T.);
#2624=ORIENTED_EDGE('',*,*,#1947,.T.);
#2625=ORIENTED_EDGE('',*,*,#2000,.T.);
#2626=ORIENTED_EDGE('',*,*,#2001,.T.);
#2627=ORIENTED_EDGE('',*,*,#2002,.T.);
#2628=ORIENTED_EDGE('',*,*,#2003,.T.);
#2629=ORIENTED_EDGE('',*,*,#2004,.T.);
#2630=ORIENTED_EDGE('',*,*,#2005,.T.);
#2631=ORIENTED_EDGE('',*,*,#2006,.T.);
#2632=ORIENTED_EDGE('',*,*,#2007,.T.);
#2633=ORIENTED_EDGE('',*,*,#2008,.T.);
#2634=ORIENTED_EDGE('',*,*,#2009,.T.);
#2635=ORIENTED_EDGE('',*,*,#2010,.T.);
#2636=ORIENTED_EDGE('',*,*,#2011,.T.);
#2637=ORIENTED_EDGE('',*,*,#2012,.T.);
#2638=ORIENTED_EDGE('',*,*,#2013,.T.);
#2639=ORIENTED_EDGE('',*,*,#2014,.T.);
#2640=ORIENTED_EDGE('',*,*,#2015,.T.);
#2641=ORIENTED_EDGE('',*,*,#1962,.T.);
#2642=ORIENTED_EDGE('',*,*,#1953,.T.);
#2643=ORIENTED_EDGE('',*,*,#2016,.T.);
#2644=ORIENTED_EDGE('',*,*,#2017,.T.);
#2645=ORIENTED_EDGE('',*,*,#2018,.T.);
#2646=ORIENTED_EDGE('',*,*,#2019,.T.);
#2647=ORIENTED_EDGE('',*,*,#2020,.T.);
#2648=ORIENTED_EDGE('',*,*,#1968,.T.);
#2649=ORIENTED_EDGE('',*,*,#2021,.T.);
#2650=ORIENTED_EDGE('',*,*,#2022,.T.);
#2651=ORIENTED_EDGE('',*,*,#2023,.T.);
#2652=ORIENTED_EDGE('',*,*,#2024,.T.);
#2653=ORIENTED_EDGE('',*,*,#2025,.T.);
#2654=ORIENTED_EDGE('',*,*,#2026,.T.);
#2655=ORIENTED_EDGE('',*,*,#2027,.T.);
#2656=ORIENTED_EDGE('',*,*,#2028,.T.);
#2657=ORIENTED_EDGE('',*,*,#2029,.T.);
#2658=ORIENTED_EDGE('',*,*,#2030,.T.);
#2659=ORIENTED_EDGE('',*,*,#2031,.T.);
#2660=ORIENTED_EDGE('',*,*,#2032,.T.);
#2661=ORIENTED_EDGE('',*,*,#2033,.T.);
#2662=ORIENTED_EDGE('',*,*,#2034,.T.);
#2663=ORIENTED_EDGE('',*,*,#2035,.T.);
#2664=ORIENTED_EDGE('',*,*,#2036,.T.);
#2665=ORIENTED_EDGE('',*,*,#1956,.T.);
#2666=ORIENTED_EDGE('',*,*,#1950,.T.);
#2667=ORIENTED_EDGE('',*,*,#1871,.T.);
#2668=ORIENTED_EDGE('',*,*,#2037,.T.);
#2669=ORIENTED_EDGE('',*,*,#2038,.T.);
#2670=ORIENTED_EDGE('',*,*,#2039,.T.);
#2671=ORIENTED_EDGE('',*,*,#2040,.T.);
#2672=ORIENTED_EDGE('',*,*,#2041,.T.);
#2673=ORIENTED_EDGE('',*,*,#2042,.T.);
#2674=ORIENTED_EDGE('',*,*,#2043,.T.);
#2675=ORIENTED_EDGE('',*,*,#1867,.T.);
#2676=ORIENTED_EDGE('',*,*,#2044,.T.);
#2677=ORIENTED_EDGE('',*,*,#2045,.T.);
#2678=ORIENTED_EDGE('',*,*,#2046,.T.);
#2679=ORIENTED_EDGE('',*,*,#2047,.T.);
#2680=ORIENTED_EDGE('',*,*,#2048,.T.);
#2681=ORIENTED_EDGE('',*,*,#2049,.T.);
#2682=ORIENTED_EDGE('',*,*,#2050,.T.);
#2683=ORIENTED_EDGE('',*,*,#2051,.T.);
#2684=ORIENTED_EDGE('',*,*,#2052,.T.);
#2685=ORIENTED_EDGE('',*,*,#2053,.T.);
#2686=ORIENTED_EDGE('',*,*,#2054,.T.);
#2687=ORIENTED_EDGE('',*,*,#1924,.T.);
#2688=ORIENTED_EDGE('',*,*,#2055,.T.);
#2689=ORIENTED_EDGE('',*,*,#2056,.T.);
#2690=ORIENTED_EDGE('',*,*,#1938,.T.);
#2691=ORIENTED_EDGE('',*,*,#2057,.T.);
#2692=ORIENTED_EDGE('',*,*,#2058,.T.);
#2693=ORIENTED_EDGE('',*,*,#2059,.T.);
#2694=ORIENTED_EDGE('',*,*,#2060,.T.);
#2695=ORIENTED_EDGE('',*,*,#2061,.T.);
#2696=ORIENTED_EDGE('',*,*,#2062,.T.);
#2697=ORIENTED_EDGE('',*,*,#2063,.T.);
#2698=ORIENTED_EDGE('',*,*,#2064,.T.);
#2699=ORIENTED_EDGE('',*,*,#2065,.T.);
#2700=ORIENTED_EDGE('',*,*,#2066,.T.);
#2701=ORIENTED_EDGE('',*,*,#2067,.T.);
#2702=ORIENTED_EDGE('',*,*,#2068,.T.);
#2703=ORIENTED_EDGE('',*,*,#1928,.T.);
#2704=ORIENTED_EDGE('',*,*,#1885,.T.);
#2705=ORIENTED_EDGE('',*,*,#1921,.T.);
#2706=ORIENTED_EDGE('',*,*,#2069,.T.);
#2707=ORIENTED_EDGE('',*,*,#2070,.T.);
#2708=ORIENTED_EDGE('',*,*,#2071,.T.);
#2709=ORIENTED_EDGE('',*,*,#1941,.T.);
#2710=ORIENTED_EDGE('',*,*,#1891,.T.);
#2711=ORIENTED_EDGE('',*,*,#1895,.T.);
#2712=ORIENTED_EDGE('',*,*,#1898,.T.);
#2713=ORIENTED_EDGE('',*,*,#1901,.T.);
#2714=ORIENTED_EDGE('',*,*,#1904,.T.);
#2715=ORIENTED_EDGE('',*,*,#1907,.T.);
#2716=ORIENTED_EDGE('',*,*,#1912,.T.);
#2717=ORIENTED_EDGE('',*,*,#2072,.T.);
#2718=ORIENTED_EDGE('',*,*,#2073,.T.);
#2719=ORIENTED_EDGE('',*,*,#1915,.T.);
#2720=ORIENTED_EDGE('',*,*,#2074,.T.);
#2721=ORIENTED_EDGE('',*,*,#2075,.T.);
#2722=ORIENTED_EDGE('',*,*,#2076,.T.);
#2723=ORIENTED_EDGE('',*,*,#2077,.T.);
#2724=ORIENTED_EDGE('',*,*,#2078,.T.);
#2725=ORIENTED_EDGE('',*,*,#2079,.T.);
#2726=ORIENTED_EDGE('',*,*,#2080,.T.);
#2727=ORIENTED_EDGE('',*,*,#2081,.T.);
#2728=ORIENTED_EDGE('',*,*,#2082,.T.);
#2729=ORIENTED_EDGE('',*,*,#2083,.T.);
#2730=ORIENTED_EDGE('',*,*,#2084,.T.);
#2731=ORIENTED_EDGE('',*,*,#2085,.T.);
#2732=ORIENTED_EDGE('',*,*,#2086,.T.);
#2733=ORIENTED_EDGE('',*,*,#2087,.T.);
#2734=ORIENTED_EDGE('',*,*,#2088,.T.);
#2735=ORIENTED_EDGE('',*,*,#2089,.T.);
#2736=ORIENTED_EDGE('',*,*,#2090,.T.);
#2737=ORIENTED_EDGE('',*,*,#2091,.T.);
#2738=ORIENTED_EDGE('',*,*,#2055,.F.);
#2739=ORIENTED_EDGE('',*,*,#1923,.F.);
#2740=ORIENTED_EDGE('',*,*,#2092,.T.);
#2741=ORIENTED_EDGE('',*,*,#2093,.T.);
#2742=ORIENTED_EDGE('',*,*,#2094,.T.);
#2743=ORIENTED_EDGE('',*,*,#2095,.T.);
#2744=ORIENTED_EDGE('',*,*,#2096,.T.);
#2745=ORIENTED_EDGE('',*,*,#2014,.F.);
#2746=ORIENTED_EDGE('',*,*,#2097,.T.);
#2747=ORIENTED_EDGE('',*,*,#2098,.T.);
#2748=ORIENTED_EDGE('',*,*,#2099,.T.);
#2749=ORIENTED_EDGE('',*,*,#2035,.F.);
#2750=ORIENTED_EDGE('',*,*,#2100,.T.);
#2751=ORIENTED_EDGE('',*,*,#2101,.T.);
#2752=ORIENTED_EDGE('',*,*,#2093,.F.);
#2753=ORIENTED_EDGE('',*,*,#2102,.T.);
#2754=ORIENTED_EDGE('',*,*,#1948,.T.);
#2755=ORIENTED_EDGE('',*,*,#1999,.F.);
#2756=ORIENTED_EDGE('',*,*,#2103,.T.);
#2757=ORIENTED_EDGE('',*,*,#2104,.T.);
#2758=ORIENTED_EDGE('',*,*,#2105,.T.);
#2759=ORIENTED_EDGE('',*,*,#2000,.F.);
#2760=ORIENTED_EDGE('',*,*,#1946,.F.);
#2761=ORIENTED_EDGE('',*,*,#2106,.T.);
#2762=ORIENTED_EDGE('',*,*,#1911,.T.);
#2763=ORIENTED_EDGE('',*,*,#1932,.T.);
#2764=ORIENTED_EDGE('',*,*,#2107,.F.);
#2765=ORIENTED_EDGE('',*,*,#2072,.F.);
#2766=ORIENTED_EDGE('',*,*,#1916,.T.);
#2767=ORIENTED_EDGE('',*,*,#2073,.F.);
#2768=ORIENTED_EDGE('',*,*,#2107,.T.);
#2769=ORIENTED_EDGE('',*,*,#1931,.T.);
#2770=ORIENTED_EDGE('',*,*,#2069,.F.);
#2771=ORIENTED_EDGE('',*,*,#1920,.T.);
#2772=ORIENTED_EDGE('',*,*,#2108,.T.);
#2773=ORIENTED_EDGE('',*,*,#2109,.F.);
#2774=ORIENTED_EDGE('',*,*,#2070,.F.);
#2775=ORIENTED_EDGE('',*,*,#2109,.T.);
#2776=ORIENTED_EDGE('',*,*,#2110,.T.);
#2777=ORIENTED_EDGE('',*,*,#2111,.F.);
#2778=ORIENTED_EDGE('',*,*,#2071,.F.);
#2779=ORIENTED_EDGE('',*,*,#2111,.T.);
#2780=ORIENTED_EDGE('',*,*,#2112,.T.);
#2781=ORIENTED_EDGE('',*,*,#1942,.F.);
#2782=ORIENTED_EDGE('',*,*,#2057,.F.);
#2783=ORIENTED_EDGE('',*,*,#1937,.F.);
#2784=ORIENTED_EDGE('',*,*,#2113,.T.);
#2785=ORIENTED_EDGE('',*,*,#2114,.F.);
#2786=ORIENTED_EDGE('',*,*,#2058,.F.);
#2787=ORIENTED_EDGE('',*,*,#2114,.T.);
#2788=ORIENTED_EDGE('',*,*,#2115,.T.);
#2789=ORIENTED_EDGE('',*,*,#2116,.F.);
#2790=ORIENTED_EDGE('',*,*,#2059,.F.);
#2791=ORIENTED_EDGE('',*,*,#2116,.T.);
#2792=ORIENTED_EDGE('',*,*,#2117,.T.);
#2793=ORIENTED_EDGE('',*,*,#2118,.F.);
#2794=ORIENTED_EDGE('',*,*,#2060,.F.);
#2795=ORIENTED_EDGE('',*,*,#2118,.T.);
#2796=ORIENTED_EDGE('',*,*,#2119,.T.);
#2797=ORIENTED_EDGE('',*,*,#2120,.F.);
#2798=ORIENTED_EDGE('',*,*,#2061,.F.);
#2799=ORIENTED_EDGE('',*,*,#2120,.T.);
#2800=ORIENTED_EDGE('',*,*,#2121,.T.);
#2801=ORIENTED_EDGE('',*,*,#2122,.F.);
#2802=ORIENTED_EDGE('',*,*,#2056,.F.);
#2803=ORIENTED_EDGE('',*,*,#2122,.T.);
#2804=ORIENTED_EDGE('',*,*,#2123,.T.);
#2805=ORIENTED_EDGE('',*,*,#1939,.F.);
#2806=ORIENTED_EDGE('',*,*,#1878,.F.);
#2807=ORIENTED_EDGE('',*,*,#1933,.F.);
#2808=ORIENTED_EDGE('',*,*,#2124,.T.);
#2809=ORIENTED_EDGE('',*,*,#2125,.F.);
#2810=ORIENTED_EDGE('',*,*,#1879,.F.);
#2811=ORIENTED_EDGE('',*,*,#2125,.T.);
#2812=ORIENTED_EDGE('',*,*,#2126,.T.);
#2813=ORIENTED_EDGE('',*,*,#2127,.F.);
#2814=ORIENTED_EDGE('',*,*,#1880,.F.);
#2815=ORIENTED_EDGE('',*,*,#2127,.T.);
#2816=ORIENTED_EDGE('',*,*,#2128,.T.);
#2817=ORIENTED_EDGE('',*,*,#2129,.F.);
#2818=ORIENTED_EDGE('',*,*,#1881,.F.);
#2819=ORIENTED_EDGE('',*,*,#2129,.T.);
#2820=ORIENTED_EDGE('',*,*,#2130,.T.);
#2821=ORIENTED_EDGE('',*,*,#1883,.F.);
#2822=ORIENTED_EDGE('',*,*,#2043,.F.);
#2823=ORIENTED_EDGE('',*,*,#1866,.F.);
#2824=ORIENTED_EDGE('',*,*,#2131,.T.);
#2825=ORIENTED_EDGE('',*,*,#1868,.F.);
#2826=ORIENTED_EDGE('',*,*,#2037,.F.);
#2827=ORIENTED_EDGE('',*,*,#1870,.F.);
#2828=ORIENTED_EDGE('',*,*,#2132,.T.);
#2829=ORIENTED_EDGE('',*,*,#2133,.F.);
#2830=ORIENTED_EDGE('',*,*,#2038,.F.);
#2831=ORIENTED_EDGE('',*,*,#2133,.T.);
#2832=ORIENTED_EDGE('',*,*,#2134,.T.);
#2833=ORIENTED_EDGE('',*,*,#2135,.F.);
#2834=ORIENTED_EDGE('',*,*,#2039,.F.);
#2835=ORIENTED_EDGE('',*,*,#2135,.T.);
#2836=ORIENTED_EDGE('',*,*,#2136,.T.);
#2837=ORIENTED_EDGE('',*,*,#2137,.F.);
#2838=ORIENTED_EDGE('',*,*,#2040,.F.);
#2839=ORIENTED_EDGE('',*,*,#2137,.T.);
#2840=ORIENTED_EDGE('',*,*,#2138,.T.);
#2841=ORIENTED_EDGE('',*,*,#2139,.F.);
#2842=ORIENTED_EDGE('',*,*,#2041,.F.);
#2843=ORIENTED_EDGE('',*,*,#2139,.T.);
#2844=ORIENTED_EDGE('',*,*,#2140,.T.);
#2845=ORIENTED_EDGE('',*,*,#2141,.F.);
#2846=ORIENTED_EDGE('',*,*,#2042,.F.);
#2847=ORIENTED_EDGE('',*,*,#2141,.T.);
#2848=ORIENTED_EDGE('',*,*,#2142,.T.);
#2849=ORIENTED_EDGE('',*,*,#2143,.F.);
#2850=ORIENTED_EDGE('',*,*,#2036,.F.);
#2851=ORIENTED_EDGE('',*,*,#2143,.T.);
#2852=ORIENTED_EDGE('',*,*,#2144,.T.);
#2853=ORIENTED_EDGE('',*,*,#1957,.F.);
#2854=ORIENTED_EDGE('',*,*,#2016,.F.);
#2855=ORIENTED_EDGE('',*,*,#1952,.F.);
#2856=ORIENTED_EDGE('',*,*,#2145,.T.);
#2857=ORIENTED_EDGE('',*,*,#2146,.F.);
#2858=ORIENTED_EDGE('',*,*,#2017,.F.);
#2859=ORIENTED_EDGE('',*,*,#2146,.T.);
#2860=ORIENTED_EDGE('',*,*,#2147,.T.);
#2861=ORIENTED_EDGE('',*,*,#2148,.F.);
#2862=ORIENTED_EDGE('',*,*,#2018,.F.);
#2863=ORIENTED_EDGE('',*,*,#2148,.T.);
#2864=ORIENTED_EDGE('',*,*,#2149,.T.);
#2865=ORIENTED_EDGE('',*,*,#2150,.F.);
#2866=ORIENTED_EDGE('',*,*,#2019,.F.);
#2867=ORIENTED_EDGE('',*,*,#2150,.T.);
#2868=ORIENTED_EDGE('',*,*,#2151,.T.);
#2869=ORIENTED_EDGE('',*,*,#2152,.F.);
#2870=ORIENTED_EDGE('',*,*,#2015,.F.);
#2871=ORIENTED_EDGE('',*,*,#2152,.T.);
#2872=ORIENTED_EDGE('',*,*,#2153,.T.);
#2873=ORIENTED_EDGE('',*,*,#1963,.F.);
#2874=ORIENTED_EDGE('',*,*,#2021,.F.);
#2875=ORIENTED_EDGE('',*,*,#1967,.F.);
#2876=ORIENTED_EDGE('',*,*,#2154,.T.);
#2877=ORIENTED_EDGE('',*,*,#2155,.F.);
#2878=ORIENTED_EDGE('',*,*,#2020,.F.);
#2879=ORIENTED_EDGE('',*,*,#2155,.T.);
#2880=ORIENTED_EDGE('',*,*,#2156,.T.);
#2881=ORIENTED_EDGE('',*,*,#1969,.F.);
#2882=ORIENTED_EDGE('',*,*,#2157,.F.);
#2883=ORIENTED_EDGE('',*,*,#2158,.T.);
#2884=ORIENTED_EDGE('',*,*,#2159,.T.);
#2885=ORIENTED_EDGE('',*,*,#2160,.F.);
#2886=ORIENTED_EDGE('',*,*,#2161,.F.);
#2887=ORIENTED_EDGE('',*,*,#2160,.T.);
#2888=ORIENTED_EDGE('',*,*,#2162,.T.);
#2889=ORIENTED_EDGE('',*,*,#2163,.F.);
#2890=ORIENTED_EDGE('',*,*,#2164,.F.);
#2891=ORIENTED_EDGE('',*,*,#2163,.T.);
#2892=ORIENTED_EDGE('',*,*,#2165,.T.);
#2893=ORIENTED_EDGE('',*,*,#2166,.F.);
#2894=ORIENTED_EDGE('',*,*,#1982,.F.);
#2895=ORIENTED_EDGE('',*,*,#1971,.F.);
#2896=ORIENTED_EDGE('',*,*,#2167,.T.);
#2897=ORIENTED_EDGE('',*,*,#2168,.F.);
#2898=ORIENTED_EDGE('',*,*,#1983,.F.);
#2899=ORIENTED_EDGE('',*,*,#2168,.T.);
#2900=ORIENTED_EDGE('',*,*,#2169,.T.);
#2901=ORIENTED_EDGE('',*,*,#2170,.F.);
#2902=ORIENTED_EDGE('',*,*,#1984,.F.);
#2903=ORIENTED_EDGE('',*,*,#2170,.T.);
#2904=ORIENTED_EDGE('',*,*,#2171,.T.);
#2905=ORIENTED_EDGE('',*,*,#2172,.F.);
#2906=ORIENTED_EDGE('',*,*,#1985,.F.);
#2907=ORIENTED_EDGE('',*,*,#2172,.T.);
#2908=ORIENTED_EDGE('',*,*,#2173,.T.);
#2909=ORIENTED_EDGE('',*,*,#2174,.F.);
#2910=ORIENTED_EDGE('',*,*,#1986,.F.);
#2911=ORIENTED_EDGE('',*,*,#2174,.T.);
#2912=ORIENTED_EDGE('',*,*,#2175,.T.);
#2913=ORIENTED_EDGE('',*,*,#2176,.F.);
#2914=ORIENTED_EDGE('',*,*,#1980,.F.);
#2915=ORIENTED_EDGE('',*,*,#2176,.T.);
#2916=ORIENTED_EDGE('',*,*,#2177,.T.);
#2917=ORIENTED_EDGE('',*,*,#2178,.F.);
#2918=ORIENTED_EDGE('',*,*,#1979,.F.);
#2919=ORIENTED_EDGE('',*,*,#2179,.F.);
#2920=ORIENTED_EDGE('',*,*,#2180,.T.);
#2921=ORIENTED_EDGE('',*,*,#2181,.F.);
#2922=ORIENTED_EDGE('',*,*,#1977,.F.);
#2923=ORIENTED_EDGE('',*,*,#2181,.T.);
#2924=ORIENTED_EDGE('',*,*,#2182,.T.);
#2925=ORIENTED_EDGE('',*,*,#2183,.F.);
#2926=ORIENTED_EDGE('',*,*,#1987,.F.);
#2927=ORIENTED_EDGE('',*,*,#2105,.F.);
#2928=ORIENTED_EDGE('',*,*,#2184,.T.);
#2929=ORIENTED_EDGE('',*,*,#2185,.F.);
#2930=ORIENTED_EDGE('',*,*,#1988,.F.);
#2931=ORIENTED_EDGE('',*,*,#2185,.T.);
#2932=ORIENTED_EDGE('',*,*,#2186,.T.);
#2933=ORIENTED_EDGE('',*,*,#2187,.F.);
#2934=ORIENTED_EDGE('',*,*,#1989,.F.);
#2935=ORIENTED_EDGE('',*,*,#2187,.T.);
#2936=ORIENTED_EDGE('',*,*,#2188,.T.);
#2937=ORIENTED_EDGE('',*,*,#2189,.F.);
#2938=ORIENTED_EDGE('',*,*,#1990,.F.);
#2939=ORIENTED_EDGE('',*,*,#2189,.T.);
#2940=ORIENTED_EDGE('',*,*,#2190,.T.);
#2941=ORIENTED_EDGE('',*,*,#2191,.F.);
#2942=ORIENTED_EDGE('',*,*,#1991,.F.);
#2943=ORIENTED_EDGE('',*,*,#2191,.T.);
#2944=ORIENTED_EDGE('',*,*,#2192,.T.);
#2945=ORIENTED_EDGE('',*,*,#2193,.F.);
#2946=ORIENTED_EDGE('',*,*,#1992,.F.);
#2947=ORIENTED_EDGE('',*,*,#2193,.T.);
#2948=ORIENTED_EDGE('',*,*,#2194,.T.);
#2949=ORIENTED_EDGE('',*,*,#2195,.F.);
#2950=ORIENTED_EDGE('',*,*,#1993,.F.);
#2951=ORIENTED_EDGE('',*,*,#2195,.T.);
#2952=ORIENTED_EDGE('',*,*,#2196,.T.);
#2953=ORIENTED_EDGE('',*,*,#2197,.F.);
#2954=ORIENTED_EDGE('',*,*,#1994,.F.);
#2955=ORIENTED_EDGE('',*,*,#2197,.T.);
#2956=ORIENTED_EDGE('',*,*,#2198,.T.);
#2957=ORIENTED_EDGE('',*,*,#2199,.F.);
#2958=ORIENTED_EDGE('',*,*,#1995,.F.);
#2959=ORIENTED_EDGE('',*,*,#2199,.T.);
#2960=ORIENTED_EDGE('',*,*,#2200,.T.);
#2961=ORIENTED_EDGE('',*,*,#2201,.F.);
#2962=ORIENTED_EDGE('',*,*,#1996,.F.);
#2963=ORIENTED_EDGE('',*,*,#2201,.T.);
#2964=ORIENTED_EDGE('',*,*,#2202,.T.);
#2965=ORIENTED_EDGE('',*,*,#2203,.F.);
#2966=ORIENTED_EDGE('',*,*,#1997,.F.);
#2967=ORIENTED_EDGE('',*,*,#2203,.T.);
#2968=ORIENTED_EDGE('',*,*,#2204,.T.);
#2969=ORIENTED_EDGE('',*,*,#2205,.F.);
#2970=ORIENTED_EDGE('',*,*,#1998,.F.);
#2971=ORIENTED_EDGE('',*,*,#2205,.T.);
#2972=ORIENTED_EDGE('',*,*,#2206,.T.);
#2973=ORIENTED_EDGE('',*,*,#2094,.F.);
#2974=ORIENTED_EDGE('',*,*,#2001,.F.);
#2975=ORIENTED_EDGE('',*,*,#2096,.F.);
#2976=ORIENTED_EDGE('',*,*,#2207,.T.);
#2977=ORIENTED_EDGE('',*,*,#2208,.F.);
#2978=ORIENTED_EDGE('',*,*,#2002,.F.);
#2979=ORIENTED_EDGE('',*,*,#2208,.T.);
#2980=ORIENTED_EDGE('',*,*,#2209,.T.);
#2981=ORIENTED_EDGE('',*,*,#2210,.F.);
#2982=ORIENTED_EDGE('',*,*,#2003,.F.);
#2983=ORIENTED_EDGE('',*,*,#2210,.T.);
#2984=ORIENTED_EDGE('',*,*,#2211,.T.);
#2985=ORIENTED_EDGE('',*,*,#2212,.F.);
#2986=ORIENTED_EDGE('',*,*,#2004,.F.);
#2987=ORIENTED_EDGE('',*,*,#2212,.T.);
#2988=ORIENTED_EDGE('',*,*,#2213,.T.);
#2989=ORIENTED_EDGE('',*,*,#2214,.F.);
#2990=ORIENTED_EDGE('',*,*,#2005,.F.);
#2991=ORIENTED_EDGE('',*,*,#2214,.T.);
#2992=ORIENTED_EDGE('',*,*,#2215,.T.);
#2993=ORIENTED_EDGE('',*,*,#2216,.F.);
#2994=ORIENTED_EDGE('',*,*,#2006,.F.);
#2995=ORIENTED_EDGE('',*,*,#2216,.T.);
#2996=ORIENTED_EDGE('',*,*,#2217,.T.);
#2997=ORIENTED_EDGE('',*,*,#2218,.F.);
#2998=ORIENTED_EDGE('',*,*,#2007,.F.);
#2999=ORIENTED_EDGE('',*,*,#2218,.T.);
#3000=ORIENTED_EDGE('',*,*,#2219,.T.);
#3001=ORIENTED_EDGE('',*,*,#2220,.F.);
#3002=ORIENTED_EDGE('',*,*,#2008,.F.);
#3003=ORIENTED_EDGE('',*,*,#2220,.T.);
#3004=ORIENTED_EDGE('',*,*,#2221,.T.);
#3005=ORIENTED_EDGE('',*,*,#2222,.F.);
#3006=ORIENTED_EDGE('',*,*,#2009,.F.);
#3007=ORIENTED_EDGE('',*,*,#2222,.T.);
#3008=ORIENTED_EDGE('',*,*,#2223,.T.);
#3009=ORIENTED_EDGE('',*,*,#2224,.F.);
#3010=ORIENTED_EDGE('',*,*,#2010,.F.);
#3011=ORIENTED_EDGE('',*,*,#2224,.T.);
#3012=ORIENTED_EDGE('',*,*,#2225,.T.);
#3013=ORIENTED_EDGE('',*,*,#2226,.F.);
#3014=ORIENTED_EDGE('',*,*,#2011,.F.);
#3015=ORIENTED_EDGE('',*,*,#2226,.T.);
#3016=ORIENTED_EDGE('',*,*,#2227,.T.);
#3017=ORIENTED_EDGE('',*,*,#2228,.F.);
#3018=ORIENTED_EDGE('',*,*,#2012,.F.);
#3019=ORIENTED_EDGE('',*,*,#2228,.T.);
#3020=ORIENTED_EDGE('',*,*,#2229,.T.);
#3021=ORIENTED_EDGE('',*,*,#2230,.F.);
#3022=ORIENTED_EDGE('',*,*,#2013,.F.);
#3023=ORIENTED_EDGE('',*,*,#2230,.T.);
#3024=ORIENTED_EDGE('',*,*,#2231,.T.);
#3025=ORIENTED_EDGE('',*,*,#2097,.F.);
#3026=ORIENTED_EDGE('',*,*,#2022,.F.);
#3027=ORIENTED_EDGE('',*,*,#2099,.F.);
#3028=ORIENTED_EDGE('',*,*,#2232,.T.);
#3029=ORIENTED_EDGE('',*,*,#2233,.F.);
#3030=ORIENTED_EDGE('',*,*,#2023,.F.);
#3031=ORIENTED_EDGE('',*,*,#2233,.T.);
#3032=ORIENTED_EDGE('',*,*,#2234,.T.);
#3033=ORIENTED_EDGE('',*,*,#2235,.F.);
#3034=ORIENTED_EDGE('',*,*,#2024,.F.);
#3035=ORIENTED_EDGE('',*,*,#2235,.T.);
#3036=ORIENTED_EDGE('',*,*,#2236,.T.);
#3037=ORIENTED_EDGE('',*,*,#2237,.F.);
#3038=ORIENTED_EDGE('',*,*,#2025,.F.);
#3039=ORIENTED_EDGE('',*,*,#2237,.T.);
#3040=ORIENTED_EDGE('',*,*,#2238,.T.);
#3041=ORIENTED_EDGE('',*,*,#2239,.F.);
#3042=ORIENTED_EDGE('',*,*,#2026,.F.);
#3043=ORIENTED_EDGE('',*,*,#2239,.T.);
#3044=ORIENTED_EDGE('',*,*,#2240,.T.);
#3045=ORIENTED_EDGE('',*,*,#2241,.F.);
#3046=ORIENTED_EDGE('',*,*,#2027,.F.);
#3047=ORIENTED_EDGE('',*,*,#2241,.T.);
#3048=ORIENTED_EDGE('',*,*,#2242,.T.);
#3049=ORIENTED_EDGE('',*,*,#2243,.F.);
#3050=ORIENTED_EDGE('',*,*,#2028,.F.);
#3051=ORIENTED_EDGE('',*,*,#2243,.T.);
#3052=ORIENTED_EDGE('',*,*,#2244,.T.);
#3053=ORIENTED_EDGE('',*,*,#2245,.F.);
#3054=ORIENTED_EDGE('',*,*,#2029,.F.);
#3055=ORIENTED_EDGE('',*,*,#2245,.T.);
#3056=ORIENTED_EDGE('',*,*,#2246,.T.);
#3057=ORIENTED_EDGE('',*,*,#2247,.F.);
#3058=ORIENTED_EDGE('',*,*,#2030,.F.);
#3059=ORIENTED_EDGE('',*,*,#2247,.T.);
#3060=ORIENTED_EDGE('',*,*,#2248,.T.);
#3061=ORIENTED_EDGE('',*,*,#2249,.F.);
#3062=ORIENTED_EDGE('',*,*,#2031,.F.);
#3063=ORIENTED_EDGE('',*,*,#2249,.T.);
#3064=ORIENTED_EDGE('',*,*,#2250,.T.);
#3065=ORIENTED_EDGE('',*,*,#2251,.F.);
#3066=ORIENTED_EDGE('',*,*,#2032,.F.);
#3067=ORIENTED_EDGE('',*,*,#2251,.T.);
#3068=ORIENTED_EDGE('',*,*,#2252,.T.);
#3069=ORIENTED_EDGE('',*,*,#2253,.F.);
#3070=ORIENTED_EDGE('',*,*,#2033,.F.);
#3071=ORIENTED_EDGE('',*,*,#2253,.T.);
#3072=ORIENTED_EDGE('',*,*,#2254,.T.);
#3073=ORIENTED_EDGE('',*,*,#2255,.F.);
#3074=ORIENTED_EDGE('',*,*,#2034,.F.);
#3075=ORIENTED_EDGE('',*,*,#2255,.T.);
#3076=ORIENTED_EDGE('',*,*,#2256,.T.);
#3077=ORIENTED_EDGE('',*,*,#2100,.F.);
#3078=ORIENTED_EDGE('',*,*,#2044,.F.);
#3079=ORIENTED_EDGE('',*,*,#2091,.F.);
#3080=ORIENTED_EDGE('',*,*,#2257,.T.);
#3081=ORIENTED_EDGE('',*,*,#2258,.F.);
#3082=ORIENTED_EDGE('',*,*,#2045,.F.);
#3083=ORIENTED_EDGE('',*,*,#2258,.T.);
#3084=ORIENTED_EDGE('',*,*,#2259,.T.);
#3085=ORIENTED_EDGE('',*,*,#2260,.F.);
#3086=ORIENTED_EDGE('',*,*,#2046,.F.);
#3087=ORIENTED_EDGE('',*,*,#2260,.T.);
#3088=ORIENTED_EDGE('',*,*,#2261,.T.);
#3089=ORIENTED_EDGE('',*,*,#2262,.F.);
#3090=ORIENTED_EDGE('',*,*,#2047,.F.);
#3091=ORIENTED_EDGE('',*,*,#2262,.T.);
#3092=ORIENTED_EDGE('',*,*,#2263,.T.);
#3093=ORIENTED_EDGE('',*,*,#2264,.F.);
#3094=ORIENTED_EDGE('',*,*,#2048,.F.);
#3095=ORIENTED_EDGE('',*,*,#2264,.T.);
#3096=ORIENTED_EDGE('',*,*,#2265,.T.);
#3097=ORIENTED_EDGE('',*,*,#2266,.F.);
#3098=ORIENTED_EDGE('',*,*,#2049,.F.);
#3099=ORIENTED_EDGE('',*,*,#2266,.T.);
#3100=ORIENTED_EDGE('',*,*,#2267,.T.);
#3101=ORIENTED_EDGE('',*,*,#2268,.F.);
#3102=ORIENTED_EDGE('',*,*,#2050,.F.);
#3103=ORIENTED_EDGE('',*,*,#2268,.T.);
#3104=ORIENTED_EDGE('',*,*,#2269,.T.);
#3105=ORIENTED_EDGE('',*,*,#2270,.F.);
#3106=ORIENTED_EDGE('',*,*,#2051,.F.);
#3107=ORIENTED_EDGE('',*,*,#2270,.T.);
#3108=ORIENTED_EDGE('',*,*,#2271,.T.);
#3109=ORIENTED_EDGE('',*,*,#2272,.F.);
#3110=ORIENTED_EDGE('',*,*,#2052,.F.);
#3111=ORIENTED_EDGE('',*,*,#2272,.T.);
#3112=ORIENTED_EDGE('',*,*,#2273,.T.);
#3113=ORIENTED_EDGE('',*,*,#2274,.F.);
#3114=ORIENTED_EDGE('',*,*,#2053,.F.);
#3115=ORIENTED_EDGE('',*,*,#2274,.T.);
#3116=ORIENTED_EDGE('',*,*,#2275,.T.);
#3117=ORIENTED_EDGE('',*,*,#2276,.F.);
#3118=ORIENTED_EDGE('',*,*,#2054,.F.);
#3119=ORIENTED_EDGE('',*,*,#2276,.T.);
#3120=ORIENTED_EDGE('',*,*,#2277,.T.);
#3121=ORIENTED_EDGE('',*,*,#1925,.F.);
#3122=ORIENTED_EDGE('',*,*,#2062,.F.);
#3123=ORIENTED_EDGE('',*,*,#1927,.F.);
#3124=ORIENTED_EDGE('',*,*,#2278,.T.);
#3125=ORIENTED_EDGE('',*,*,#2279,.F.);
#3126=ORIENTED_EDGE('',*,*,#2063,.F.);
#3127=ORIENTED_EDGE('',*,*,#2279,.T.);
#3128=ORIENTED_EDGE('',*,*,#2280,.T.);
#3129=ORIENTED_EDGE('',*,*,#2281,.F.);
#3130=ORIENTED_EDGE('',*,*,#2064,.F.);
#3131=ORIENTED_EDGE('',*,*,#2281,.T.);
#3132=ORIENTED_EDGE('',*,*,#2282,.T.);
#3133=ORIENTED_EDGE('',*,*,#2283,.F.);
#3134=ORIENTED_EDGE('',*,*,#2065,.F.);
#3135=ORIENTED_EDGE('',*,*,#2283,.T.);
#3136=ORIENTED_EDGE('',*,*,#2284,.T.);
#3137=ORIENTED_EDGE('',*,*,#2285,.F.);
#3138=ORIENTED_EDGE('',*,*,#2066,.F.);
#3139=ORIENTED_EDGE('',*,*,#2285,.T.);
#3140=ORIENTED_EDGE('',*,*,#2286,.T.);
#3141=ORIENTED_EDGE('',*,*,#2287,.F.);
#3142=ORIENTED_EDGE('',*,*,#2067,.F.);
#3143=ORIENTED_EDGE('',*,*,#2287,.T.);
#3144=ORIENTED_EDGE('',*,*,#2288,.T.);
#3145=ORIENTED_EDGE('',*,*,#2289,.F.);
#3146=ORIENTED_EDGE('',*,*,#2068,.F.);
#3147=ORIENTED_EDGE('',*,*,#2289,.T.);
#3148=ORIENTED_EDGE('',*,*,#2290,.T.);
#3149=ORIENTED_EDGE('',*,*,#1929,.F.);
#3150=ORIENTED_EDGE('',*,*,#2088,.F.);
#3151=ORIENTED_EDGE('',*,*,#2291,.T.);
#3152=ORIENTED_EDGE('',*,*,#2292,.T.);
#3153=ORIENTED_EDGE('',*,*,#2293,.F.);
#3154=ORIENTED_EDGE('',*,*,#2089,.F.);
#3155=ORIENTED_EDGE('',*,*,#2293,.T.);
#3156=ORIENTED_EDGE('',*,*,#2294,.T.);
#3157=ORIENTED_EDGE('',*,*,#2295,.F.);
#3158=ORIENTED_EDGE('',*,*,#2087,.F.);
#3159=ORIENTED_EDGE('',*,*,#2295,.T.);
#3160=ORIENTED_EDGE('',*,*,#2296,.T.);
#3161=ORIENTED_EDGE('',*,*,#2291,.F.);
#3162=ORIENTED_EDGE('',*,*,#2085,.F.);
#3163=ORIENTED_EDGE('',*,*,#2297,.T.);
#3164=ORIENTED_EDGE('',*,*,#2298,.T.);
#3165=ORIENTED_EDGE('',*,*,#2299,.F.);
#3166=ORIENTED_EDGE('',*,*,#2086,.F.);
#3167=ORIENTED_EDGE('',*,*,#2299,.T.);
#3168=ORIENTED_EDGE('',*,*,#2300,.T.);
#3169=ORIENTED_EDGE('',*,*,#2301,.F.);
#3170=ORIENTED_EDGE('',*,*,#2084,.F.);
#3171=ORIENTED_EDGE('',*,*,#2301,.T.);
#3172=ORIENTED_EDGE('',*,*,#2302,.T.);
#3173=ORIENTED_EDGE('',*,*,#2297,.F.);
#3174=ORIENTED_EDGE('',*,*,#2078,.F.);
#3175=ORIENTED_EDGE('',*,*,#2303,.T.);
#3176=ORIENTED_EDGE('',*,*,#2304,.T.);
#3177=ORIENTED_EDGE('',*,*,#2305,.F.);
#3178=ORIENTED_EDGE('',*,*,#2079,.F.);
#3179=ORIENTED_EDGE('',*,*,#2305,.T.);
#3180=ORIENTED_EDGE('',*,*,#2306,.T.);
#3181=ORIENTED_EDGE('',*,*,#2307,.F.);
#3182=ORIENTED_EDGE('',*,*,#2080,.F.);
#3183=ORIENTED_EDGE('',*,*,#2307,.T.);
#3184=ORIENTED_EDGE('',*,*,#2308,.T.);
#3185=ORIENTED_EDGE('',*,*,#2309,.F.);
#3186=ORIENTED_EDGE('',*,*,#2081,.F.);
#3187=ORIENTED_EDGE('',*,*,#2309,.T.);
#3188=ORIENTED_EDGE('',*,*,#2310,.T.);
#3189=ORIENTED_EDGE('',*,*,#2311,.F.);
#3190=ORIENTED_EDGE('',*,*,#2082,.F.);
#3191=ORIENTED_EDGE('',*,*,#2311,.T.);
#3192=ORIENTED_EDGE('',*,*,#2312,.T.);
#3193=ORIENTED_EDGE('',*,*,#2313,.F.);
#3194=ORIENTED_EDGE('',*,*,#2083,.F.);
#3195=ORIENTED_EDGE('',*,*,#2313,.T.);
#3196=ORIENTED_EDGE('',*,*,#2314,.T.);
#3197=ORIENTED_EDGE('',*,*,#2315,.F.);
#3198=ORIENTED_EDGE('',*,*,#2077,.F.);
#3199=ORIENTED_EDGE('',*,*,#2315,.T.);
#3200=ORIENTED_EDGE('',*,*,#2316,.T.);
#3201=ORIENTED_EDGE('',*,*,#2303,.F.);
#3202=ORIENTED_EDGE('',*,*,#2075,.F.);
#3203=ORIENTED_EDGE('',*,*,#2317,.T.);
#3204=ORIENTED_EDGE('',*,*,#2318,.T.);
#3205=ORIENTED_EDGE('',*,*,#2319,.F.);
#3206=ORIENTED_EDGE('',*,*,#2076,.F.);
#3207=ORIENTED_EDGE('',*,*,#2319,.T.);
#3208=ORIENTED_EDGE('',*,*,#2320,.T.);
#3209=ORIENTED_EDGE('',*,*,#2321,.F.);
#3210=ORIENTED_EDGE('',*,*,#2074,.F.);
#3211=ORIENTED_EDGE('',*,*,#2321,.T.);
#3212=ORIENTED_EDGE('',*,*,#2322,.T.);
#3213=ORIENTED_EDGE('',*,*,#2317,.F.);
#3214=ORIENTED_EDGE('',*,*,#2323,.T.);
#3215=ORIENTED_EDGE('',*,*,#2324,.T.);
#3216=ORIENTED_EDGE('',*,*,#2325,.F.);
#3217=ORIENTED_EDGE('',*,*,#2326,.F.);
#3218=ORIENTED_EDGE('',*,*,#2327,.T.);
#3219=ORIENTED_EDGE('',*,*,#2328,.F.);
#3220=ORIENTED_EDGE('',*,*,#2329,.T.);
#3221=ORIENTED_EDGE('',*,*,#2330,.T.);
#3222=ORIENTED_EDGE('',*,*,#2331,.T.);
#3223=ORIENTED_EDGE('',*,*,#2332,.T.);
#3224=ORIENTED_EDGE('',*,*,#2333,.T.);
#3225=ORIENTED_EDGE('',*,*,#2334,.T.);
#3226=ORIENTED_EDGE('',*,*,#2335,.T.);
#3227=ORIENTED_EDGE('',*,*,#2336,.T.);
#3228=ORIENTED_EDGE('',*,*,#2337,.T.);
#3229=ORIENTED_EDGE('',*,*,#2338,.T.);
#3230=ORIENTED_EDGE('',*,*,#2326,.T.);
#3231=ORIENTED_EDGE('',*,*,#2339,.T.);
#3232=ORIENTED_EDGE('',*,*,#2340,.T.);
#3233=ORIENTED_EDGE('',*,*,#2341,.T.);
#3234=ORIENTED_EDGE('',*,*,#1973,.T.);
#3235=ORIENTED_EDGE('',*,*,#1981,.F.);
#3236=ORIENTED_EDGE('',*,*,#2178,.T.);
#3237=ORIENTED_EDGE('',*,*,#2342,.T.);
#3238=ORIENTED_EDGE('',*,*,#2179,.T.);
#3239=ORIENTED_EDGE('',*,*,#1978,.F.);
#3240=ORIENTED_EDGE('',*,*,#2183,.T.);
#3241=ORIENTED_EDGE('',*,*,#2343,.T.);
#3242=ORIENTED_EDGE('',*,*,#2344,.T.);
#3243=ORIENTED_EDGE('',*,*,#2345,.T.);
#3244=ORIENTED_EDGE('',*,*,#2346,.F.);
#3245=ORIENTED_EDGE('',*,*,#2334,.F.);
#3246=ORIENTED_EDGE('',*,*,#2347,.T.);
#3247=ORIENTED_EDGE('',*,*,#2339,.F.);
#3248=ORIENTED_EDGE('',*,*,#2325,.T.);
#3249=ORIENTED_EDGE('',*,*,#2348,.T.);
#3250=ORIENTED_EDGE('',*,*,#2349,.T.);
#3251=ORIENTED_EDGE('',*,*,#2328,.T.);
#3252=ORIENTED_EDGE('',*,*,#2350,.T.);
#3253=ORIENTED_EDGE('',*,*,#2330,.F.);
#3254=ORIENTED_EDGE('',*,*,#2351,.T.);
#3255=ORIENTED_EDGE('',*,*,#2335,.F.);
#3256=ORIENTED_EDGE('',*,*,#2346,.T.);
#3257=ORIENTED_EDGE('',*,*,#2352,.T.);
#3258=ORIENTED_EDGE('',*,*,#2353,.F.);
#3259=ORIENTED_EDGE('',*,*,#2354,.F.);
#3260=ORIENTED_EDGE('',*,*,#2355,.F.);
#3261=ORIENTED_EDGE('',*,*,#2340,.F.);
#3262=ORIENTED_EDGE('',*,*,#2356,.F.);
#3263=ORIENTED_EDGE('',*,*,#2323,.F.);
#3264=ORIENTED_EDGE('',*,*,#2338,.F.);
#3265=ORIENTED_EDGE('',*,*,#2357,.F.);
#3266=ORIENTED_EDGE('',*,*,#2358,.F.);
#3267=ORIENTED_EDGE('',*,*,#2354,.T.);
#3268=ORIENTED_EDGE('',*,*,#2359,.F.);
#3269=ORIENTED_EDGE('',*,*,#2360,.F.);
#3270=ORIENTED_EDGE('',*,*,#2361,.F.);
#3271=ORIENTED_EDGE('',*,*,#2362,.T.);
#3272=ORIENTED_EDGE('',*,*,#2363,.F.);
#3273=ORIENTED_EDGE('',*,*,#2103,.F.);
#3274=ORIENTED_EDGE('',*,*,#2364,.F.);
#3275=ORIENTED_EDGE('',*,*,#2360,.T.);
#3276=ORIENTED_EDGE('',*,*,#2337,.F.);
#3277=ORIENTED_EDGE('',*,*,#2365,.F.);
#3278=ORIENTED_EDGE('',*,*,#2366,.F.);
#3279=ORIENTED_EDGE('',*,*,#2357,.T.);
#3280=ORIENTED_EDGE('',*,*,#2367,.F.);
#3281=ORIENTED_EDGE('',*,*,#2368,.F.);
#3282=ORIENTED_EDGE('',*,*,#2369,.F.);
#3283=ORIENTED_EDGE('',*,*,#2365,.T.);
#3284=ORIENTED_EDGE('',*,*,#2336,.F.);
#3285=ORIENTED_EDGE('',*,*,#2347,.F.);
#3286=ORIENTED_EDGE('',*,*,#2333,.F.);
#3287=ORIENTED_EDGE('',*,*,#2370,.F.);
#3288=ORIENTED_EDGE('',*,*,#2371,.F.);
#3289=ORIENTED_EDGE('',*,*,#2368,.T.);
#3290=ORIENTED_EDGE('',*,*,#2372,.F.);
#3291=ORIENTED_EDGE('',*,*,#2344,.F.);
#3292=ORIENTED_EDGE('',*,*,#2332,.F.);
#3293=ORIENTED_EDGE('',*,*,#2373,.F.);
#3294=ORIENTED_EDGE('',*,*,#2374,.F.);
#3295=ORIENTED_EDGE('',*,*,#2370,.T.);
#3296=ORIENTED_EDGE('',*,*,#2375,.F.);
#3297=ORIENTED_EDGE('',*,*,#2362,.F.);
#3298=ORIENTED_EDGE('',*,*,#2376,.F.);
#3299=ORIENTED_EDGE('',*,*,#2373,.T.);
#3300=ORIENTED_EDGE('',*,*,#2331,.F.);
#3301=ORIENTED_EDGE('',*,*,#2350,.F.);
#3302=ORIENTED_EDGE('',*,*,#2327,.F.);
#3303=ORIENTED_EDGE('',*,*,#2349,.F.);
#3304=ORIENTED_EDGE('',*,*,#2329,.F.);
#3305=ORIENTED_EDGE('',*,*,#2351,.F.);
#3306=ORIENTED_EDGE('',*,*,#2377,.T.);
#3307=ORIENTED_EDGE('',*,*,#2378,.T.);
#3308=ORIENTED_EDGE('',*,*,#2158,.F.);
#3309=ORIENTED_EDGE('',*,*,#2379,.F.);
#3310=ORIENTED_EDGE('',*,*,#2380,.T.);
#3311=ORIENTED_EDGE('',*,*,#2379,.T.);
#3312=ORIENTED_EDGE('',*,*,#2157,.T.);
#3313=ORIENTED_EDGE('',*,*,#2161,.T.);
#3314=ORIENTED_EDGE('',*,*,#2164,.T.);
#3315=ORIENTED_EDGE('',*,*,#2381,.T.);
#3316=ORIENTED_EDGE('',*,*,#2382,.T.);
#3317=ORIENTED_EDGE('',*,*,#2381,.F.);
#3318=ORIENTED_EDGE('',*,*,#2166,.T.);
#3319=ORIENTED_EDGE('',*,*,#2383,.T.);
#3320=ORIENTED_EDGE('',*,*,#1975,.F.);
#3321=ORIENTED_EDGE('',*,*,#2384,.T.);
#3322=ORIENTED_EDGE('',*,*,#2385,.T.);
#3323=ORIENTED_EDGE('',*,*,#1970,.F.);
#3324=ORIENTED_EDGE('',*,*,#2156,.F.);
#3325=ORIENTED_EDGE('',*,*,#2154,.F.);
#3326=ORIENTED_EDGE('',*,*,#1966,.F.);
#3327=ORIENTED_EDGE('',*,*,#1959,.F.);
#3328=ORIENTED_EDGE('',*,*,#2153,.F.);
#3329=ORIENTED_EDGE('',*,*,#2151,.F.);
#3330=ORIENTED_EDGE('',*,*,#2149,.F.);
#3331=ORIENTED_EDGE('',*,*,#2147,.F.);
#3332=ORIENTED_EDGE('',*,*,#2145,.F.);
#3333=ORIENTED_EDGE('',*,*,#1958,.F.);
#3334=ORIENTED_EDGE('',*,*,#2144,.F.);
#3335=ORIENTED_EDGE('',*,*,#2142,.F.);
#3336=ORIENTED_EDGE('',*,*,#2140,.F.);
#3337=ORIENTED_EDGE('',*,*,#2138,.F.);
#3338=ORIENTED_EDGE('',*,*,#2136,.F.);
#3339=ORIENTED_EDGE('',*,*,#2134,.F.);
#3340=ORIENTED_EDGE('',*,*,#2132,.F.);
#3341=ORIENTED_EDGE('',*,*,#1869,.F.);
#3342=ORIENTED_EDGE('',*,*,#2131,.F.);
#3343=ORIENTED_EDGE('',*,*,#1865,.F.);
#3344=ORIENTED_EDGE('',*,*,#1835,.T.);
#3345=ORIENTED_EDGE('',*,*,#1839,.T.);
#3346=ORIENTED_EDGE('',*,*,#1842,.T.);
#3347=ORIENTED_EDGE('',*,*,#1845,.T.);
#3348=ORIENTED_EDGE('',*,*,#1848,.T.);
#3349=ORIENTED_EDGE('',*,*,#1851,.T.);
#3350=ORIENTED_EDGE('',*,*,#1854,.T.);
#3351=ORIENTED_EDGE('',*,*,#1857,.T.);
#3352=ORIENTED_EDGE('',*,*,#1884,.F.);
#3353=ORIENTED_EDGE('',*,*,#2130,.F.);
#3354=ORIENTED_EDGE('',*,*,#2128,.F.);
#3355=ORIENTED_EDGE('',*,*,#2126,.F.);
#3356=ORIENTED_EDGE('',*,*,#2124,.F.);
#3357=ORIENTED_EDGE('',*,*,#1940,.F.);
#3358=ORIENTED_EDGE('',*,*,#2123,.F.);
#3359=ORIENTED_EDGE('',*,*,#2121,.F.);
#3360=ORIENTED_EDGE('',*,*,#2119,.F.);
#3361=ORIENTED_EDGE('',*,*,#2117,.F.);
#3362=ORIENTED_EDGE('',*,*,#2386,.F.);
#3363=ORIENTED_EDGE('',*,*,#2386,.T.);
#3364=ORIENTED_EDGE('',*,*,#2115,.F.);
#3365=ORIENTED_EDGE('',*,*,#2113,.F.);
#3366=ORIENTED_EDGE('',*,*,#1936,.F.);
#3367=ORIENTED_EDGE('',*,*,#1943,.F.);
#3368=ORIENTED_EDGE('',*,*,#2112,.F.);
#3369=ORIENTED_EDGE('',*,*,#2110,.F.);
#3370=ORIENTED_EDGE('',*,*,#2108,.F.);
#3371=ORIENTED_EDGE('',*,*,#1919,.F.);
#3372=ORIENTED_EDGE('',*,*,#1889,.T.);
#3373=ORIENTED_EDGE('',*,*,#1930,.F.);
#3374=ORIENTED_EDGE('',*,*,#2290,.F.);
#3375=ORIENTED_EDGE('',*,*,#2288,.F.);
#3376=ORIENTED_EDGE('',*,*,#2286,.F.);
#3377=ORIENTED_EDGE('',*,*,#2284,.F.);
#3378=ORIENTED_EDGE('',*,*,#2282,.F.);
#3379=ORIENTED_EDGE('',*,*,#2280,.F.);
#3380=ORIENTED_EDGE('',*,*,#2278,.F.);
#3381=ORIENTED_EDGE('',*,*,#1926,.F.);
#3382=ORIENTED_EDGE('',*,*,#2277,.F.);
#3383=ORIENTED_EDGE('',*,*,#2275,.F.);
#3384=ORIENTED_EDGE('',*,*,#2273,.F.);
#3385=ORIENTED_EDGE('',*,*,#2271,.F.);
#3386=ORIENTED_EDGE('',*,*,#2269,.F.);
#3387=ORIENTED_EDGE('',*,*,#2267,.F.);
#3388=ORIENTED_EDGE('',*,*,#2265,.F.);
#3389=ORIENTED_EDGE('',*,*,#2263,.F.);
#3390=ORIENTED_EDGE('',*,*,#2261,.F.);
#3391=ORIENTED_EDGE('',*,*,#2259,.F.);
#3392=ORIENTED_EDGE('',*,*,#2257,.F.);
#3393=ORIENTED_EDGE('',*,*,#2090,.F.);
#3394=ORIENTED_EDGE('',*,*,#2101,.F.);
#3395=ORIENTED_EDGE('',*,*,#2256,.F.);
#3396=ORIENTED_EDGE('',*,*,#2254,.F.);
#3397=ORIENTED_EDGE('',*,*,#2252,.F.);
#3398=ORIENTED_EDGE('',*,*,#2250,.F.);
#3399=ORIENTED_EDGE('',*,*,#2248,.F.);
#3400=ORIENTED_EDGE('',*,*,#2246,.F.);
#3401=ORIENTED_EDGE('',*,*,#2244,.F.);
#3402=ORIENTED_EDGE('',*,*,#2242,.F.);
#3403=ORIENTED_EDGE('',*,*,#2240,.F.);
#3404=ORIENTED_EDGE('',*,*,#2238,.F.);
#3405=ORIENTED_EDGE('',*,*,#2236,.F.);
#3406=ORIENTED_EDGE('',*,*,#2234,.F.);
#3407=ORIENTED_EDGE('',*,*,#2232,.F.);
#3408=ORIENTED_EDGE('',*,*,#2098,.F.);
#3409=ORIENTED_EDGE('',*,*,#2231,.F.);
#3410=ORIENTED_EDGE('',*,*,#2229,.F.);
#3411=ORIENTED_EDGE('',*,*,#2227,.F.);
#3412=ORIENTED_EDGE('',*,*,#2225,.F.);
#3413=ORIENTED_EDGE('',*,*,#2223,.F.);
#3414=ORIENTED_EDGE('',*,*,#2221,.F.);
#3415=ORIENTED_EDGE('',*,*,#2219,.F.);
#3416=ORIENTED_EDGE('',*,*,#2217,.F.);
#3417=ORIENTED_EDGE('',*,*,#2215,.F.);
#3418=ORIENTED_EDGE('',*,*,#2213,.F.);
#3419=ORIENTED_EDGE('',*,*,#2211,.F.);
#3420=ORIENTED_EDGE('',*,*,#2209,.F.);
#3421=ORIENTED_EDGE('',*,*,#2207,.F.);
#3422=ORIENTED_EDGE('',*,*,#2095,.F.);
#3423=ORIENTED_EDGE('',*,*,#2206,.F.);
#3424=ORIENTED_EDGE('',*,*,#2204,.F.);
#3425=ORIENTED_EDGE('',*,*,#2202,.F.);
#3426=ORIENTED_EDGE('',*,*,#2200,.F.);
#3427=ORIENTED_EDGE('',*,*,#2198,.F.);
#3428=ORIENTED_EDGE('',*,*,#2196,.F.);
#3429=ORIENTED_EDGE('',*,*,#2194,.F.);
#3430=ORIENTED_EDGE('',*,*,#2192,.F.);
#3431=ORIENTED_EDGE('',*,*,#2190,.F.);
#3432=ORIENTED_EDGE('',*,*,#2188,.F.);
#3433=ORIENTED_EDGE('',*,*,#2186,.F.);
#3434=ORIENTED_EDGE('',*,*,#2184,.F.);
#3435=ORIENTED_EDGE('',*,*,#2104,.F.);
#3436=ORIENTED_EDGE('',*,*,#2363,.T.);
#3437=ORIENTED_EDGE('',*,*,#2359,.T.);
#3438=ORIENTED_EDGE('',*,*,#2375,.T.);
#3439=ORIENTED_EDGE('',*,*,#2352,.F.);
#3440=ORIENTED_EDGE('',*,*,#2345,.F.);
#3441=ORIENTED_EDGE('',*,*,#2372,.T.);
#3442=ORIENTED_EDGE('',*,*,#2367,.T.);
#3443=ORIENTED_EDGE('',*,*,#2348,.F.);
#3444=ORIENTED_EDGE('',*,*,#2324,.F.);
#3445=ORIENTED_EDGE('',*,*,#2356,.T.);
#3446=ORIENTED_EDGE('',*,*,#2353,.T.);
#3447=ORIENTED_EDGE('',*,*,#2343,.F.);
#3448=ORIENTED_EDGE('',*,*,#2182,.F.);
#3449=ORIENTED_EDGE('',*,*,#2180,.F.);
#3450=ORIENTED_EDGE('',*,*,#2342,.F.);
#3451=ORIENTED_EDGE('',*,*,#2177,.F.);
#3452=ORIENTED_EDGE('',*,*,#2175,.F.);
#3453=ORIENTED_EDGE('',*,*,#2387,.F.);
#3454=ORIENTED_EDGE('',*,*,#2387,.T.);
#3455=ORIENTED_EDGE('',*,*,#2173,.F.);
#3456=ORIENTED_EDGE('',*,*,#2171,.F.);
#3457=ORIENTED_EDGE('',*,*,#2169,.F.);
#3458=ORIENTED_EDGE('',*,*,#2167,.F.);
#3459=ORIENTED_EDGE('',*,*,#1976,.F.);
#3460=ORIENTED_EDGE('',*,*,#2383,.F.);
#3461=ORIENTED_EDGE('',*,*,#2165,.F.);
#3462=ORIENTED_EDGE('',*,*,#2162,.F.);
#3463=ORIENTED_EDGE('',*,*,#2159,.F.);
#3464=ORIENTED_EDGE('',*,*,#2378,.F.);
#3465=ORIENTED_EDGE('',*,*,#2388,.T.);
#3466=ORIENTED_EDGE('',*,*,#2389,.T.);
#3467=ORIENTED_EDGE('',*,*,#2390,.T.);
#3468=ORIENTED_EDGE('',*,*,#2391,.T.);
#3469=ORIENTED_EDGE('',*,*,#2392,.T.);
#3470=ORIENTED_EDGE('',*,*,#2393,.T.);
#3471=ORIENTED_EDGE('',*,*,#2394,.T.);
#3472=ORIENTED_EDGE('',*,*,#2395,.T.);
#3473=ORIENTED_EDGE('',*,*,#2292,.F.);
#3474=ORIENTED_EDGE('',*,*,#2296,.F.);
#3475=ORIENTED_EDGE('',*,*,#2294,.F.);
#3476=ORIENTED_EDGE('',*,*,#2298,.F.);
#3477=ORIENTED_EDGE('',*,*,#2302,.F.);
#3478=ORIENTED_EDGE('',*,*,#2300,.F.);
#3479=ORIENTED_EDGE('',*,*,#2304,.F.);
#3480=ORIENTED_EDGE('',*,*,#2316,.F.);
#3481=ORIENTED_EDGE('',*,*,#2314,.F.);
#3482=ORIENTED_EDGE('',*,*,#2312,.F.);
#3483=ORIENTED_EDGE('',*,*,#2310,.F.);
#3484=ORIENTED_EDGE('',*,*,#2308,.F.);
#3485=ORIENTED_EDGE('',*,*,#2306,.F.);
#3486=ORIENTED_EDGE('',*,*,#2318,.F.);
#3487=ORIENTED_EDGE('',*,*,#2322,.F.);
#3488=ORIENTED_EDGE('',*,*,#2320,.F.);
#3489=ORIENTED_EDGE('',*,*,#2396,.T.);
#3490=ORIENTED_EDGE('',*,*,#2397,.T.);
#3491=ORIENTED_EDGE('',*,*,#2398,.T.);
#3492=ORIENTED_EDGE('',*,*,#2399,.T.);
#3493=ORIENTED_EDGE('',*,*,#2400,.T.);
#3494=ORIENTED_EDGE('',*,*,#2401,.T.);
#3495=ORIENTED_EDGE('',*,*,#2402,.T.);
#3496=ORIENTED_EDGE('',*,*,#2403,.T.);
#3497=ORIENTED_EDGE('',*,*,#2404,.T.);
#3498=ORIENTED_EDGE('',*,*,#2384,.F.);
#3499=ORIENTED_EDGE('',*,*,#1974,.F.);
#3500=ORIENTED_EDGE('',*,*,#2341,.F.);
#3501=ORIENTED_EDGE('',*,*,#2355,.T.);
#3502=ORIENTED_EDGE('',*,*,#2358,.T.);
#3503=ORIENTED_EDGE('',*,*,#2366,.T.);
#3504=ORIENTED_EDGE('',*,*,#2369,.T.);
#3505=ORIENTED_EDGE('',*,*,#2371,.T.);
#3506=ORIENTED_EDGE('',*,*,#2374,.T.);
#3507=ORIENTED_EDGE('',*,*,#2376,.T.);
#3508=ORIENTED_EDGE('',*,*,#2361,.T.);
#3509=ORIENTED_EDGE('',*,*,#2364,.T.);
#3510=ORIENTED_EDGE('',*,*,#2106,.F.);
#3511=ORIENTED_EDGE('',*,*,#1945,.F.);
#3512=ORIENTED_EDGE('',*,*,#2102,.F.);
#3513=ORIENTED_EDGE('',*,*,#2092,.F.);
#3514=ORIENTED_EDGE('',*,*,#1922,.F.);
#3515=ORIENTED_EDGE('',*,*,#1887,.T.);
#3516=ORIENTED_EDGE('',*,*,#1918,.T.);
#3517=ORIENTED_EDGE('',*,*,#1913,.T.);
#3518=ORIENTED_EDGE('',*,*,#1908,.T.);
#3519=ORIENTED_EDGE('',*,*,#1905,.T.);
#3520=ORIENTED_EDGE('',*,*,#1902,.T.);
#3521=ORIENTED_EDGE('',*,*,#1899,.T.);
#3522=ORIENTED_EDGE('',*,*,#1896,.T.);
#3523=ORIENTED_EDGE('',*,*,#1893,.T.);
#3524=ORIENTED_EDGE('',*,*,#1944,.F.);
#3525=ORIENTED_EDGE('',*,*,#1934,.F.);
#3526=ORIENTED_EDGE('',*,*,#1874,.F.);
#3527=ORIENTED_EDGE('',*,*,#1863,.T.);
#3528=ORIENTED_EDGE('',*,*,#1858,.T.);
#3529=ORIENTED_EDGE('',*,*,#1855,.T.);
#3530=ORIENTED_EDGE('',*,*,#1852,.T.);
#3531=ORIENTED_EDGE('',*,*,#1849,.T.);
#3532=ORIENTED_EDGE('',*,*,#1846,.T.);
#3533=ORIENTED_EDGE('',*,*,#1843,.T.);
#3534=ORIENTED_EDGE('',*,*,#1840,.T.);
#3535=ORIENTED_EDGE('',*,*,#1837,.T.);
#3536=ORIENTED_EDGE('',*,*,#1873,.F.);
#3537=ORIENTED_EDGE('',*,*,#1949,.F.);
#3538=ORIENTED_EDGE('',*,*,#1955,.F.);
#3539=ORIENTED_EDGE('',*,*,#1961,.F.);
#3540=ORIENTED_EDGE('',*,*,#1965,.F.);
#3541=ORIENTED_EDGE('',*,*,#2388,.F.);
#3542=ORIENTED_EDGE('',*,*,#2377,.F.);
#3543=ORIENTED_EDGE('',*,*,#2380,.F.);
#3544=ORIENTED_EDGE('',*,*,#2382,.F.);
#3545=ORIENTED_EDGE('',*,*,#2404,.F.);
#3546=ORIENTED_EDGE('',*,*,#2405,.T.);
#3547=ORIENTED_EDGE('',*,*,#2385,.F.);
#3548=ORIENTED_EDGE('',*,*,#2406,.F.);
#3549=ORIENTED_EDGE('',*,*,#2396,.F.);
#3550=ORIENTED_EDGE('',*,*,#1964,.F.);
#3551=ORIENTED_EDGE('',*,*,#2395,.F.);
#3552=ORIENTED_EDGE('',*,*,#2407,.F.);
#3553=ORIENTED_EDGE('',*,*,#2397,.F.);
#3554=ORIENTED_EDGE('',*,*,#2406,.T.);
#3555=ORIENTED_EDGE('',*,*,#2394,.F.);
#3556=ORIENTED_EDGE('',*,*,#2408,.F.);
#3557=ORIENTED_EDGE('',*,*,#2398,.F.);
#3558=ORIENTED_EDGE('',*,*,#2407,.T.);
#3559=ORIENTED_EDGE('',*,*,#2393,.F.);
#3560=ORIENTED_EDGE('',*,*,#2409,.F.);
#3561=ORIENTED_EDGE('',*,*,#2399,.F.);
#3562=ORIENTED_EDGE('',*,*,#2408,.T.);
#3563=ORIENTED_EDGE('',*,*,#2392,.F.);
#3564=ORIENTED_EDGE('',*,*,#2410,.F.);
#3565=ORIENTED_EDGE('',*,*,#2400,.F.);
#3566=ORIENTED_EDGE('',*,*,#2409,.T.);
#3567=ORIENTED_EDGE('',*,*,#2391,.F.);
#3568=ORIENTED_EDGE('',*,*,#2411,.F.);
#3569=ORIENTED_EDGE('',*,*,#2401,.F.);
#3570=ORIENTED_EDGE('',*,*,#2410,.T.);
#3571=ORIENTED_EDGE('',*,*,#2390,.F.);
#3572=ORIENTED_EDGE('',*,*,#2412,.F.);
#3573=ORIENTED_EDGE('',*,*,#2402,.F.);
#3574=ORIENTED_EDGE('',*,*,#2411,.T.);
#3575=ORIENTED_EDGE('',*,*,#2389,.F.);
#3576=ORIENTED_EDGE('',*,*,#2405,.F.);
#3577=ORIENTED_EDGE('',*,*,#2403,.F.);
#3578=ORIENTED_EDGE('',*,*,#2412,.T.);
#3579=ORIENTED_EDGE('',*,*,#2413,.T.);
#3580=ORIENTED_EDGE('',*,*,#2414,.T.);
#3581=ORIENTED_EDGE('',*,*,#2413,.F.);
#3582=ORIENTED_EDGE('',*,*,#2415,.T.);
#3583=ORIENTED_EDGE('',*,*,#2416,.F.);
#3584=ORIENTED_EDGE('',*,*,#2417,.F.);
#3585=ORIENTED_EDGE('',*,*,#2414,.F.);
#3586=ORIENTED_EDGE('',*,*,#2417,.T.);
#3587=ORIENTED_EDGE('',*,*,#2416,.T.);
#3588=ORIENTED_EDGE('',*,*,#2415,.F.);
#3589=ORIENTED_EDGE('',*,*,#2418,.F.);
#3590=ORIENTED_EDGE('',*,*,#2419,.T.);
#3591=ORIENTED_EDGE('',*,*,#2420,.T.);
#3592=ORIENTED_EDGE('',*,*,#2421,.F.);
#3593=ORIENTED_EDGE('',*,*,#2422,.F.);
#3594=ORIENTED_EDGE('',*,*,#2421,.T.);
#3595=ORIENTED_EDGE('',*,*,#2420,.F.);
#3596=ORIENTED_EDGE('',*,*,#2419,.F.);
#3597=ORIENTED_EDGE('',*,*,#2422,.T.);
#3598=ORIENTED_EDGE('',*,*,#2418,.T.);
#3599=PLANE('',#3886);
#3600=PLANE('',#3887);
#3601=PLANE('',#3888);
#3602=PLANE('',#3889);
#3603=PLANE('',#3890);
#3604=PLANE('',#3891);
#3605=PLANE('',#3892);
#3606=PLANE('',#3893);
#3607=PLANE('',#3894);
#3608=PLANE('',#3901);
#3609=PLANE('',#3902);
#3610=PLANE('',#3904);
#3611=PLANE('',#3905);
#3612=PLANE('',#3906);
#3613=PLANE('',#3907);
#3614=PLANE('',#3908);
#3615=PLANE('',#3909);
#3616=PLANE('',#3910);
#3617=PLANE('',#3911);
#3618=PLANE('',#3912);
#3619=PLANE('',#3919);
#3620=PLANE('',#3925);
#3621=PLANE('',#3950);
#3622=PLANE('',#3951);
#3623=PLANE('',#3952);
#3624=PLANE('',#3956);
#3625=PLANE('',#3959);
#3626=PLANE('',#3960);
#3627=PLANE('',#3961);
#3628=PLANE('',#3964);
#3629=PLANE('',#3965);
#3630=PLANE('',#3966);
#3631=PLANE('',#3969);
#3632=PLANE('',#3970);
#3633=PLANE('',#3972);
#3634=PLANE('',#3973);
#3635=PLANE('',#3974);
#3636=PLANE('',#3975);
#3637=PLANE('',#3976);
#3638=PLANE('',#3999);
#3639=PLANE('',#4000);
#3640=PLANE('',#4001);
#3641=PLANE('',#4002);
#3642=PLANE('',#4003);
#3643=PLANE('',#4004);
#3644=PLANE('',#4005);
#3645=PLANE('',#4006);
#3646=PLANE('',#4007);
#3647=PLANE('',#4008);
#3648=PLANE('',#4009);
#3649=PLANE('',#4010);
#3650=PLANE('',#4011);
#3651=PLANE('',#4012);
#3652=PLANE('',#4013);
#3653=PLANE('',#4014);
#3654=PLANE('',#4016);
#3655=PLANE('',#4017);
#3656=PLANE('',#4018);
#3657=PLANE('',#4019);
#3658=PLANE('',#4020);
#3659=PLANE('',#4021);
#3660=PLANE('',#4022);
#3661=PLANE('',#4023);
#3662=PLANE('',#4024);
#3663=PLANE('',#4025);
#3664=PLANE('',#4026);
#3665=PLANE('',#4030);
#3666=ADVANCED_FACE('',(#467),#3599,.F.);
#3667=ADVANCED_FACE('',(#468),#3600,.F.);
#3668=ADVANCED_FACE('',(#469),#3601,.F.);
#3669=ADVANCED_FACE('',(#470),#3602,.F.);
#3670=ADVANCED_FACE('',(#471),#3603,.F.);
#3671=ADVANCED_FACE('',(#472),#3604,.F.);
#3672=ADVANCED_FACE('',(#473),#3605,.F.);
#3673=ADVANCED_FACE('',(#474),#3606,.F.);
#3674=ADVANCED_FACE('',(#475),#3607,.F.);
#3675=ADVANCED_FACE('',(#476),#206,.F.);
#3676=ADVANCED_FACE('',(#477),#3608,.T.);
#3677=ADVANCED_FACE('',(#478),#3609,.F.);
#3678=ADVANCED_FACE('',(#479),#27,.F.);
#3679=ADVANCED_FACE('',(#480),#3610,.F.);
#3680=ADVANCED_FACE('',(#481),#3611,.F.);
#3681=ADVANCED_FACE('',(#482),#3612,.F.);
#3682=ADVANCED_FACE('',(#483),#3613,.F.);
#3683=ADVANCED_FACE('',(#484),#3614,.F.);
#3684=ADVANCED_FACE('',(#485),#3615,.F.);
#3685=ADVANCED_FACE('',(#486),#3616,.F.);
#3686=ADVANCED_FACE('',(#487),#3617,.F.);
#3687=ADVANCED_FACE('',(#488),#3618,.F.);
#3688=ADVANCED_FACE('',(#489),#28,.F.);
#3689=ADVANCED_FACE('',(#490),#207,.F.);
#3690=ADVANCED_FACE('',(#491),#3619,.T.);
#3691=ADVANCED_FACE('',(#492),#208,.F.);
#3692=ADVANCED_FACE('',(#493),#3620,.T.);
#3693=ADVANCED_FACE('',(#494),#209,.T.);
#3694=ADVANCED_FACE('',(#495),#210,.T.);
#3695=ADVANCED_FACE('',(#496),#211,.F.);
#3696=ADVANCED_FACE('',(#497),#212,.T.);
#3697=ADVANCED_FACE('',(#498),#213,.F.);
#3698=ADVANCED_FACE('',(#499),#214,.F.);
#3699=ADVANCED_FACE('',(#500),#3621,.F.);
#3700=ADVANCED_FACE('',(#501),#3622,.F.);
#3701=ADVANCED_FACE('',(#502),#3623,.F.);
#3702=ADVANCED_FACE('',(#503),#3624,.F.);
#3703=ADVANCED_FACE('',(#504),#3625,.F.);
#3704=ADVANCED_FACE('',(#505),#3626,.F.);
#3705=ADVANCED_FACE('',(#506),#3627,.F.);
#3706=ADVANCED_FACE('',(#507),#3628,.F.);
#3707=ADVANCED_FACE('',(#508),#3629,.F.);
#3708=ADVANCED_FACE('',(#509),#3630,.F.);
#3709=ADVANCED_FACE('',(#510),#3631,.F.);
#3710=ADVANCED_FACE('',(#511),#3632,.F.);
#3711=ADVANCED_FACE('',(#512),#3633,.F.);
#3712=ADVANCED_FACE('',(#513),#3634,.F.);
#3713=ADVANCED_FACE('',(#514),#3635,.F.);
#3714=ADVANCED_FACE('',(#515),#3636,.F.);
#3715=ADVANCED_FACE('',(#516),#3637,.F.);
#3716=ADVANCED_FACE('',(#517),#215,.T.);
#3717=ADVANCED_FACE('',(#518),#216,.F.);
#3718=ADVANCED_FACE('',(#519),#217,.F.);
#3719=ADVANCED_FACE('',(#520),#29,.F.);
#3720=ADVANCED_FACE('',(#521),#30,.F.);
#3721=ADVANCED_FACE('',(#522),#31,.F.);
#3722=ADVANCED_FACE('',(#523),#32,.F.);
#3723=ADVANCED_FACE('',(#524),#33,.F.);
#3724=ADVANCED_FACE('',(#525),#34,.F.);
#3725=ADVANCED_FACE('',(#526),#35,.F.);
#3726=ADVANCED_FACE('',(#527),#36,.F.);
#3727=ADVANCED_FACE('',(#528),#37,.F.);
#3728=ADVANCED_FACE('',(#529),#38,.F.);
#3729=ADVANCED_FACE('',(#530),#39,.F.);
#3730=ADVANCED_FACE('',(#531),#40,.F.);
#3731=ADVANCED_FACE('',(#532),#41,.F.);
#3732=ADVANCED_FACE('',(#533),#42,.F.);
#3733=ADVANCED_FACE('',(#534),#43,.F.);
#3734=ADVANCED_FACE('',(#535),#44,.F.);
#3735=ADVANCED_FACE('',(#536),#45,.F.);
#3736=ADVANCED_FACE('',(#537),#46,.F.);
#3737=ADVANCED_FACE('',(#538),#47,.F.);
#3738=ADVANCED_FACE('',(#539),#48,.F.);
#3739=ADVANCED_FACE('',(#540),#49,.F.);
#3740=ADVANCED_FACE('',(#541),#50,.F.);
#3741=ADVANCED_FACE('',(#542),#51,.F.);
#3742=ADVANCED_FACE('',(#543),#52,.F.);
#3743=ADVANCED_FACE('',(#544),#53,.F.);
#3744=ADVANCED_FACE('',(#545),#54,.F.);
#3745=ADVANCED_FACE('',(#546),#55,.F.);
#3746=ADVANCED_FACE('',(#547),#56,.F.);
#3747=ADVANCED_FACE('',(#548),#57,.F.);
#3748=ADVANCED_FACE('',(#549),#58,.F.);
#3749=ADVANCED_FACE('',(#550),#59,.F.);
#3750=ADVANCED_FACE('',(#551),#60,.F.);
#3751=ADVANCED_FACE('',(#552),#61,.F.);
#3752=ADVANCED_FACE('',(#553),#62,.F.);
#3753=ADVANCED_FACE('',(#554),#63,.F.);
#3754=ADVANCED_FACE('',(#555),#64,.F.);
#3755=ADVANCED_FACE('',(#556),#65,.F.);
#3756=ADVANCED_FACE('',(#557),#66,.F.);
#3757=ADVANCED_FACE('',(#558),#67,.F.);
#3758=ADVANCED_FACE('',(#559),#68,.F.);
#3759=ADVANCED_FACE('',(#560),#69,.F.);
#3760=ADVANCED_FACE('',(#561),#70,.F.);
#3761=ADVANCED_FACE('',(#562),#71,.F.);
#3762=ADVANCED_FACE('',(#563),#218,.T.);
#3763=ADVANCED_FACE('',(#564),#72,.F.);
#3764=ADVANCED_FACE('',(#565),#73,.F.);
#3765=ADVANCED_FACE('',(#566),#74,.F.);
#3766=ADVANCED_FACE('',(#567),#75,.F.);
#3767=ADVANCED_FACE('',(#568),#76,.F.);
#3768=ADVANCED_FACE('',(#569),#77,.F.);
#3769=ADVANCED_FACE('',(#570),#78,.F.);
#3770=ADVANCED_FACE('',(#571),#79,.F.);
#3771=ADVANCED_FACE('',(#572),#80,.F.);
#3772=ADVANCED_FACE('',(#573),#81,.F.);
#3773=ADVANCED_FACE('',(#574),#82,.F.);
#3774=ADVANCED_FACE('',(#575),#83,.F.);
#3775=ADVANCED_FACE('',(#576),#84,.F.);
#3776=ADVANCED_FACE('',(#577),#85,.F.);
#3777=ADVANCED_FACE('',(#578),#86,.F.);
#3778=ADVANCED_FACE('',(#579),#87,.F.);
#3779=ADVANCED_FACE('',(#580),#88,.F.);
#3780=ADVANCED_FACE('',(#581),#89,.F.);
#3781=ADVANCED_FACE('',(#582),#219,.T.);
#3782=ADVANCED_FACE('',(#583),#90,.F.);
#3783=ADVANCED_FACE('',(#584),#91,.F.);
#3784=ADVANCED_FACE('',(#585),#92,.F.);
#3785=ADVANCED_FACE('',(#586),#93,.F.);
#3786=ADVANCED_FACE('',(#587),#94,.F.);
#3787=ADVANCED_FACE('',(#588),#95,.F.);
#3788=ADVANCED_FACE('',(#589),#220,.T.);
#3789=ADVANCED_FACE('',(#590),#96,.F.);
#3790=ADVANCED_FACE('',(#591),#97,.F.);
#3791=ADVANCED_FACE('',(#592),#98,.F.);
#3792=ADVANCED_FACE('',(#593),#99,.F.);
#3793=ADVANCED_FACE('',(#594),#100,.F.);
#3794=ADVANCED_FACE('',(#595),#101,.F.);
#3795=ADVANCED_FACE('',(#596),#102,.F.);
#3796=ADVANCED_FACE('',(#597),#103,.F.);
#3797=ADVANCED_FACE('',(#598),#104,.F.);
#3798=ADVANCED_FACE('',(#599),#105,.F.);
#3799=ADVANCED_FACE('',(#600),#106,.F.);
#3800=ADVANCED_FACE('',(#601),#107,.F.);
#3801=ADVANCED_FACE('',(#602),#108,.F.);
#3802=ADVANCED_FACE('',(#603),#109,.F.);
#3803=ADVANCED_FACE('',(#604),#110,.F.);
#3804=ADVANCED_FACE('',(#605),#111,.F.);
#3805=ADVANCED_FACE('',(#606),#112,.F.);
#3806=ADVANCED_FACE('',(#607),#221,.T.);
#3807=ADVANCED_FACE('',(#608),#113,.F.);
#3808=ADVANCED_FACE('',(#609),#114,.F.);
#3809=ADVANCED_FACE('',(#610),#115,.F.);
#3810=ADVANCED_FACE('',(#611),#116,.F.);
#3811=ADVANCED_FACE('',(#612),#117,.F.);
#3812=ADVANCED_FACE('',(#613),#118,.F.);
#3813=ADVANCED_FACE('',(#614),#119,.F.);
#3814=ADVANCED_FACE('',(#615),#120,.F.);
#3815=ADVANCED_FACE('',(#616),#121,.F.);
#3816=ADVANCED_FACE('',(#617),#122,.F.);
#3817=ADVANCED_FACE('',(#618),#123,.F.);
#3818=ADVANCED_FACE('',(#619),#124,.F.);
#3819=ADVANCED_FACE('',(#620),#125,.F.);
#3820=ADVANCED_FACE('',(#621),#126,.F.);
#3821=ADVANCED_FACE('',(#622),#127,.F.);
#3822=ADVANCED_FACE('',(#623),#128,.F.);
#3823=ADVANCED_FACE('',(#624),#129,.F.);
#3824=ADVANCED_FACE('',(#625),#130,.F.);
#3825=ADVANCED_FACE('',(#626),#131,.F.);
#3826=ADVANCED_FACE('',(#627),#132,.F.);
#3827=ADVANCED_FACE('',(#628),#133,.F.);
#3828=ADVANCED_FACE('',(#629),#134,.F.);
#3829=ADVANCED_FACE('',(#630),#135,.F.);
#3830=ADVANCED_FACE('',(#631),#136,.F.);
#3831=ADVANCED_FACE('',(#632),#137,.F.);
#3832=ADVANCED_FACE('',(#633),#138,.F.);
#3833=ADVANCED_FACE('',(#634),#3638,.T.);
#3834=ADVANCED_FACE('',(#635),#3639,.F.);
#3835=ADVANCED_FACE('',(#636),#3640,.F.);
#3836=ADVANCED_FACE('',(#637),#3641,.T.);
#3837=ADVANCED_FACE('',(#638),#139,.F.);
#3838=ADVANCED_FACE('',(#639),#140,.F.);
#3839=ADVANCED_FACE('',(#640),#141,.F.);
#3840=ADVANCED_FACE('',(#641),#142,.F.);
#3841=ADVANCED_FACE('',(#642),#3642,.F.);
#3842=ADVANCED_FACE('',(#643),#3643,.F.);
#3843=ADVANCED_FACE('',(#644),#3644,.F.);
#3844=ADVANCED_FACE('',(#645),#3645,.F.);
#3845=ADVANCED_FACE('',(#646),#3646,.F.);
#3846=ADVANCED_FACE('',(#647),#3647,.F.);
#3847=ADVANCED_FACE('',(#648),#3648,.F.);
#3848=ADVANCED_FACE('',(#649),#3649,.F.);
#3849=ADVANCED_FACE('',(#650),#3650,.F.);
#3850=ADVANCED_FACE('',(#651),#143,.F.);
#3851=ADVANCED_FACE('',(#652),#3651,.F.);
#3852=ADVANCED_FACE('',(#653),#3652,.T.);
#3853=ADVANCED_FACE('',(#654,#19,#20,#21,#22),#3653,.T.);
#3854=ADVANCED_FACE('',(#655),#3654,.T.);
#3855=ADVANCED_FACE('',(#656),#3655,.F.);
#3856=ADVANCED_FACE('',(#657),#3656,.F.);
#3857=ADVANCED_FACE('',(#658),#3657,.F.);
#3858=ADVANCED_FACE('',(#659),#3658,.F.);
#3859=ADVANCED_FACE('',(#660),#3659,.F.);
#3860=ADVANCED_FACE('',(#661),#3660,.F.);
#3861=ADVANCED_FACE('',(#662),#3661,.F.);
#3862=ADVANCED_FACE('',(#663),#3662,.F.);
#3863=ADVANCED_FACE('',(#664),#3663,.F.);
#3864=ADVANCED_FACE('',(#665),#3664,.F.);
#3865=ADVANCED_FACE('',(#666),#144,.F.);
#3866=ADVANCED_FACE('',(#667),#145,.F.);
#3867=ADVANCED_FACE('',(#668),#146,.F.);
#3868=ADVANCED_FACE('',(#669),#147,.F.);
#3869=ADVANCED_FACE('',(#670),#3665,.F.);
#3870=CLOSED_SHELL('',(#3666,#3667,#3668,#3669,#3670,#3671,#3672,#3673,
#3674,#3675,#3676,#3677,#3678,#3679,#3680,#3681,#3682,#3683,#3684,#3685,
#3686,#3687,#3688,#3689,#3690,#3691,#3692,#3693,#3694,#3695,#3696,#3697,
#3698,#3699,#3700,#3701,#3702,#3703,#3704,#3705,#3706,#3707,#3708,#3709,
#3710,#3711,#3712,#3713,#3714,#3715,#3716,#3717,#3718,#3719,#3720,#3721,
#3722,#3723,#3724,#3725,#3726,#3727,#3728,#3729,#3730,#3731,#3732,#3733,
#3734,#3735,#3736,#3737,#3738,#3739,#3740,#3741,#3742,#3743,#3744,#3745,
#3746,#3747,#3748,#3749,#3750,#3751,#3752,#3753,#3754,#3755,#3756,#3757,
#3758,#3759,#3760,#3761,#3762,#3763,#3764,#3765,#3766,#3767,#3768,#3769,
#3770,#3771,#3772,#3773,#3774,#3775,#3776,#3777,#3778,#3779,#3780,#3781,
#3782,#3783,#3784,#3785,#3786,#3787,#3788,#3789,#3790,#3791,#3792,#3793,
#3794,#3795,#3796,#3797,#3798,#3799,#3800,#3801,#3802,#3803,#3804,#3805,
#3806,#3807,#3808,#3809,#3810,#3811,#3812,#3813,#3814,#3815,#3816,#3817,
#3818,#3819,#3820,#3821,#3822,#3823,#3824,#3825,#3826,#3827,#3828,#3829,
#3830,#3831,#3832,#3833,#3834,#3835,#3836,#3837,#3838,#3839,#3840,#3841,
#3842,#3843,#3844,#3845,#3846,#3847,#3848,#3849,#3850,#3851,#3852,#3853,
#3854,#3855,#3856,#3857,#3858,#3859,#3860,#3861,#3862,#3863));
#3871=CLOSED_SHELL('',(#3864,#3865,#3866));
#3872=CLOSED_SHELL('',(#3867,#3868,#3869));
#3873=DERIVED_UNIT_ELEMENT(#3875,1.);
#3874=DERIVED_UNIT_ELEMENT(#7396,-3.);
#3875=(
MASS_UNIT()
NAMED_UNIT(*)
SI_UNIT(.KILO.,.GRAM.)
);
#3876=DERIVED_UNIT((#3873,#3874));
#3877=MEASURE_REPRESENTATION_ITEM('density measure',
POSITIVE_RATIO_MEASURE(7850.),#3876);
#3878=PROPERTY_DEFINITION_REPRESENTATION(#3883,#3880);
#3879=PROPERTY_DEFINITION_REPRESENTATION(#3884,#3881);
#3880=REPRESENTATION('material name',(#3882),#7393);
#3881=REPRESENTATION('density',(#3877),#7393);
#3882=DESCRIPTIVE_REPRESENTATION_ITEM('Steel','Steel');
#3883=PROPERTY_DEFINITION('material property','material name',#7403);
#3884=PROPERTY_DEFINITION('material property','density of part',#7403);
#3885=AXIS2_PLACEMENT_3D('',#4604,#4031,#4032);
#3886=AXIS2_PLACEMENT_3D('',#4605,#4033,#4034);
#3887=AXIS2_PLACEMENT_3D('',#4614,#4039,#4040);
#3888=AXIS2_PLACEMENT_3D('',#4620,#4044,#4045);
#3889=AXIS2_PLACEMENT_3D('',#4626,#4049,#4050);
#3890=AXIS2_PLACEMENT_3D('',#4632,#4054,#4055);
#3891=AXIS2_PLACEMENT_3D('',#4638,#4059,#4060);
#3892=AXIS2_PLACEMENT_3D('',#4644,#4064,#4065);
#3893=AXIS2_PLACEMENT_3D('',#4650,#4069,#4070);
#3894=AXIS2_PLACEMENT_3D('',#4665,#4075,#4076);
#3895=AXIS2_PLACEMENT_3D('',#4671,#4080,#4081);
#3896=AXIS2_PLACEMENT_3D('',#4673,#4082,#4083);
#3897=AXIS2_PLACEMENT_3D('',#4677,#4085,#4086);
#3898=AXIS2_PLACEMENT_3D('',#4681,#4088,#4089);
#3899=AXIS2_PLACEMENT_3D('',#4685,#4091,#4092);
#3900=AXIS2_PLACEMENT_3D('',#4688,#4094,#4095);
#3901=AXIS2_PLACEMENT_3D('',#4689,#4096,#4097);
#3902=AXIS2_PLACEMENT_3D('',#4695,#4101,#4102);
#3903=AXIS2_PLACEMENT_3D('',#4697,#4103,#4104);
#3904=AXIS2_PLACEMENT_3D('',#4736,#4106,#4107);
#3905=AXIS2_PLACEMENT_3D('',#4754,#4113,#4114);
#3906=AXIS2_PLACEMENT_3D('',#4763,#4119,#4120);
#3907=AXIS2_PLACEMENT_3D('',#4769,#4124,#4125);
#3908=AXIS2_PLACEMENT_3D('',#4775,#4129,#4130);
#3909=AXIS2_PLACEMENT_3D('',#4781,#4134,#4135);
#3910=AXIS2_PLACEMENT_3D('',#4787,#4139,#4140);
#3911=AXIS2_PLACEMENT_3D('',#4793,#4144,#4145);
#3912=AXIS2_PLACEMENT_3D('',#4808,#4150,#4151);
#3913=AXIS2_PLACEMENT_3D('',#4839,#4156,#4157);
#3914=AXIS2_PLACEMENT_3D('',#4841,#4158,#4159);
#3915=AXIS2_PLACEMENT_3D('',#4845,#4161,#4162);
#3916=AXIS2_PLACEMENT_3D('',#4849,#4164,#4165);
#3917=AXIS2_PLACEMENT_3D('',#4853,#4167,#4168);
#3918=AXIS2_PLACEMENT_3D('',#4856,#4170,#4171);
#3919=AXIS2_PLACEMENT_3D('',#4857,#4172,#4173);
#3920=AXIS2_PLACEMENT_3D('',#4867,#4174,#4175);
#3921=AXIS2_PLACEMENT_3D('',#4871,#4177,#4178);
#3922=AXIS2_PLACEMENT_3D('',#4875,#4180,#4181);
#3923=AXIS2_PLACEMENT_3D('',#4879,#4183,#4184);
#3924=AXIS2_PLACEMENT_3D('',#4882,#4186,#4187);
#3925=AXIS2_PLACEMENT_3D('',#4883,#4188,#4189);
#3926=AXIS2_PLACEMENT_3D('',#4890,#4194,#4195);
#3927=AXIS2_PLACEMENT_3D('',#4893,#4196,#4197);
#3928=AXIS2_PLACEMENT_3D('',#4897,#4199,#4200);
#3929=AXIS2_PLACEMENT_3D('',#4899,#4202,#4203);
#3930=AXIS2_PLACEMENT_3D('',#4901,#4204,#4205);
#3931=AXIS2_PLACEMENT_3D('',#4903,#4206,#4207);
#3932=AXIS2_PLACEMENT_3D('',#4905,#4209,#4210);
#3933=AXIS2_PLACEMENT_3D('',#4910,#4212,#4213);
#3934=AXIS2_PLACEMENT_3D('',#4913,#4215,#4216);
#3935=AXIS2_PLACEMENT_3D('',#4915,#4217,#4218);
#3936=AXIS2_PLACEMENT_3D('',#4918,#4220,#4221);
#3937=AXIS2_PLACEMENT_3D('',#4919,#4222,#4223);
#3938=AXIS2_PLACEMENT_3D('',#4922,#4224,#4225);
#3939=AXIS2_PLACEMENT_3D('',#4925,#4227,#4228);
#3940=AXIS2_PLACEMENT_3D('',#4927,#4229,#4230);
#3941=AXIS2_PLACEMENT_3D('',#4929,#4232,#4233);
#3942=AXIS2_PLACEMENT_3D('',#4933,#4235,#4236);
#3943=AXIS2_PLACEMENT_3D('',#4935,#4237,#4238);
#3944=AXIS2_PLACEMENT_3D('',#4939,#4240,#4241);
#3945=AXIS2_PLACEMENT_3D('',#4942,#4243,#4244);
#3946=AXIS2_PLACEMENT_3D('',#4943,#4245,#4246);
#3947=AXIS2_PLACEMENT_3D('',#4948,#4248,#4249);
#3948=AXIS2_PLACEMENT_3D('',#4952,#4251,#4252);
#3949=AXIS2_PLACEMENT_3D('',#4955,#4254,#4255);
#3950=AXIS2_PLACEMENT_3D('',#4956,#4256,#4257);
#3951=AXIS2_PLACEMENT_3D('',#4969,#4259,#4260);
#3952=AXIS2_PLACEMENT_3D('',#5001,#4262,#4263);
#3953=AXIS2_PLACEMENT_3D('',#5014,#4264,#4265);
#3954=AXIS2_PLACEMENT_3D('',#5060,#4266,#4267);
#3955=AXIS2_PLACEMENT_3D('',#5061,#4268,#4269);
#3956=AXIS2_PLACEMENT_3D('',#5062,#4270,#4271);
#3957=AXIS2_PLACEMENT_3D('',#5110,#4272,#4273);
#3958=AXIS2_PLACEMENT_3D('',#5126,#4274,#4275);
#3959=AXIS2_PLACEMENT_3D('',#5127,#4276,#4277);
#3960=AXIS2_PLACEMENT_3D('',#5151,#4278,#4279);
#3961=AXIS2_PLACEMENT_3D('',#5161,#4280,#4281);
#3962=AXIS2_PLACEMENT_3D('',#5179,#4282,#4283);
#3963=AXIS2_PLACEMENT_3D('',#5225,#4284,#4285);
#3964=AXIS2_PLACEMENT_3D('',#5226,#4286,#4287);
#3965=AXIS2_PLACEMENT_3D('',#5262,#4288,#4289);
#3966=AXIS2_PLACEMENT_3D('',#5267,#4290,#4291);
#3967=AXIS2_PLACEMENT_3D('',#5310,#4292,#4293);
#3968=AXIS2_PLACEMENT_3D('',#5320,#4294,#4295);
#3969=AXIS2_PLACEMENT_3D('',#5321,#4296,#4297);
#3970=AXIS2_PLACEMENT_3D('',#5351,#4298,#4299);
#3971=AXIS2_PLACEMENT_3D('',#5382,#4300,#4301);
#3972=AXIS2_PLACEMENT_3D('',#5383,#4302,#4303);
#3973=AXIS2_PLACEMENT_3D('',#5407,#4304,#4305);
#3974=AXIS2_PLACEMENT_3D('',#5423,#4306,#4307);
#3975=AXIS2_PLACEMENT_3D('',#5459,#4308,#4309);
#3976=AXIS2_PLACEMENT_3D('',#5475,#4310,#4311);
#3977=AXIS2_PLACEMENT_3D('',#5491,#4312,#4313);
#3978=AXIS2_PLACEMENT_3D('',#5494,#4314,#4315);
#3979=AXIS2_PLACEMENT_3D('',#5497,#4317,#4318);
#3980=AXIS2_PLACEMENT_3D('',#5499,#4320,#4321);
#3981=AXIS2_PLACEMENT_3D('',#5503,#4323,#4324);
#3982=AXIS2_PLACEMENT_3D('',#5508,#4327,#4328);
#3983=AXIS2_PLACEMENT_3D('',#5512,#4331,#4332);
#3984=AXIS2_PLACEMENT_3D('',#5513,#4333,#4334);
#3985=AXIS2_PLACEMENT_3D('',#5514,#4335,#4336);
#3986=AXIS2_PLACEMENT_3D('',#5519,#4338,#4339);
#3987=AXIS2_PLACEMENT_3D('',#5521,#4341,#4342);
#3988=AXIS2_PLACEMENT_3D('',#5963,#4368,#4369);
#3989=AXIS2_PLACEMENT_3D('',#5965,#4370,#4371);
#3990=AXIS2_PLACEMENT_3D('',#6109,#4384,#4385);
#3991=AXIS2_PLACEMENT_3D('',#6111,#4386,#4387);
#3992=AXIS2_PLACEMENT_3D('',#6363,#4406,#4407);
#3993=AXIS2_PLACEMENT_3D('',#6365,#4408,#4409);
#3994=AXIS2_PLACEMENT_3D('',#6449,#4416,#4417);
#3995=AXIS2_PLACEMENT_3D('',#6451,#4418,#4419);
#3996=AXIS2_PLACEMENT_3D('',#6689,#4437,#4438);
#3997=AXIS2_PLACEMENT_3D('',#6691,#4439,#4440);
#3998=AXIS2_PLACEMENT_3D('',#6811,#4449,#4450);
#3999=AXIS2_PLACEMENT_3D('',#7063,#4468,#4469);
#4000=AXIS2_PLACEMENT_3D('',#7071,#4471,#4472);
#4001=AXIS2_PLACEMENT_3D('',#7095,#4477,#4478);
#4002=AXIS2_PLACEMENT_3D('',#7106,#4482,#4483);
#4003=AXIS2_PLACEMENT_3D('',#7192,#4489,#4490);
#4004=AXIS2_PLACEMENT_3D('',#7198,#4494,#4495);
#4005=AXIS2_PLACEMENT_3D('',#7203,#4499,#4500);
#4006=AXIS2_PLACEMENT_3D('',#7212,#4505,#4506);
#4007=AXIS2_PLACEMENT_3D('',#7215,#4509,#4510);
#4008=AXIS2_PLACEMENT_3D('',#7219,#4513,#4514);
#4009=AXIS2_PLACEMENT_3D('',#7225,#4518,#4519);
#4010=AXIS2_PLACEMENT_3D('',#7230,#4523,#4524);
#4011=AXIS2_PLACEMENT_3D('',#7234,#4527,#4528);
#4012=AXIS2_PLACEMENT_3D('',#7261,#4531,#4532);
#4013=AXIS2_PLACEMENT_3D('',#7265,#4535,#4536);
#4014=AXIS2_PLACEMENT_3D('',#7270,#4540,#4541);
#4015=AXIS2_PLACEMENT_3D('',#7279,#4543,#4544);
#4016=AXIS2_PLACEMENT_3D('',#7295,#4553,#4554);
#4017=AXIS2_PLACEMENT_3D('',#7313,#4564,#4565);
#4018=AXIS2_PLACEMENT_3D('',#7315,#4567,#4568);
#4019=AXIS2_PLACEMENT_3D('',#7317,#4570,#4571);
#4020=AXIS2_PLACEMENT_3D('',#7319,#4573,#4574);
#4021=AXIS2_PLACEMENT_3D('',#7321,#4576,#4577);
#4022=AXIS2_PLACEMENT_3D('',#7323,#4579,#4580);
#4023=AXIS2_PLACEMENT_3D('',#7325,#4582,#4583);
#4024=AXIS2_PLACEMENT_3D('',#7327,#4585,#4586);
#4025=AXIS2_PLACEMENT_3D('',#7329,#4588,#4589);
#4026=AXIS2_PLACEMENT_3D('',#7330,#4590,#4591);
#4027=AXIS2_PLACEMENT_3D('',#7333,#4592,#4593);
#4028=AXIS2_PLACEMENT_3D('',#7372,#4596,#4597);
#4029=AXIS2_PLACEMENT_3D('',#7376,#4599,#4600);
#4030=AXIS2_PLACEMENT_3D('',#7390,#4602,#4603);
#4031=DIRECTION('axis',(0.,0.,1.));
#4032=DIRECTION('refdir',(1.,0.,0.));
#4033=DIRECTION('center_axis',(0.666481058265795,0.74552196411166,0.));
#4034=DIRECTION('ref_axis',(0.74552196411166,-0.666481058265795,0.));
#4035=DIRECTION('',(-0.74552196411166,0.666481058265795,0.));
#4036=DIRECTION('',(0.,0.,-1.));
#4037=DIRECTION('',(0.74552196411166,-0.666481058265795,0.));
#4038=DIRECTION('',(0.,0.,-1.));
#4039=DIRECTION('center_axis',(-0.957339427808642,0.288965776456352,0.));
#4040=DIRECTION('ref_axis',(0.288965776456352,0.957339427808642,0.));
#4041=DIRECTION('',(-0.288965776456352,-0.957339427808642,0.));
#4042=DIRECTION('',(0.288965776456352,0.957339427808642,0.));
#4043=DIRECTION('',(0.,0.,-1.));
#4044=DIRECTION('center_axis',(0.666481058265805,0.74552196411165,0.));
#4045=DIRECTION('ref_axis',(0.74552196411165,-0.666481058265805,0.));
#4046=DIRECTION('',(-0.74552196411165,0.666481058265805,0.));
#4047=DIRECTION('',(0.74552196411165,-0.666481058265805,0.));
#4048=DIRECTION('',(0.,0.,-1.));
#4049=DIRECTION('center_axis',(0.394005295153806,-0.919108169581123,0.));
#4050=DIRECTION('ref_axis',(-0.919108169581123,-0.394005295153806,0.));
#4051=DIRECTION('',(0.919108169581123,0.394005295153806,0.));
#4052=DIRECTION('',(-0.919108169581123,-0.394005295153806,0.));
#4053=DIRECTION('',(0.,0.,-1.));
#4054=DIRECTION('center_axis',(0.666481058265792,0.745521964111662,0.));
#4055=DIRECTION('ref_axis',(0.745521964111662,-0.666481058265792,0.));
#4056=DIRECTION('',(-0.745521964111662,0.666481058265792,0.));
#4057=DIRECTION('',(0.745521964111662,-0.666481058265792,0.));
#4058=DIRECTION('',(0.,0.,-1.));
#4059=DIRECTION('center_axis',(-0.95733942780865,0.288965776456325,0.));
#4060=DIRECTION('ref_axis',(0.288965776456325,0.95733942780865,0.));
#4061=DIRECTION('',(-0.288965776456325,-0.95733942780865,0.));
#4062=DIRECTION('',(0.288965776456325,0.95733942780865,0.));
#4063=DIRECTION('',(0.,0.,-1.));
#4064=DIRECTION('center_axis',(0.6664810582658,0.745521964111655,0.));
#4065=DIRECTION('ref_axis',(0.745521964111655,-0.6664810582658,0.));
#4066=DIRECTION('',(-0.745521964111655,0.6664810582658,0.));
#4067=DIRECTION('',(0.745521964111655,-0.6664810582658,0.));
#4068=DIRECTION('',(0.,0.,-1.));
#4069=DIRECTION('center_axis',(0.394005295154448,-0.919108169580848,0.));
#4070=DIRECTION('ref_axis',(-0.919108169580848,-0.394005295154448,0.));
#4071=DIRECTION('',(0.919108169580848,0.394005295154448,0.));
#4072=DIRECTION('',(-0.919108169580848,-0.394005295154448,0.));
#4073=DIRECTION('',(0.,0.,-1.));
#4074=DIRECTION('',(0.919108169580848,0.394005295154448,0.));
#4075=DIRECTION('center_axis',(0.666481058265795,0.745521964111659,0.));
#4076=DIRECTION('ref_axis',(0.745521964111659,-0.666481058265795,0.));
#4077=DIRECTION('',(-0.745521964111659,0.666481058265795,0.));
#4078=DIRECTION('',(0.745521964111659,-0.666481058265795,0.));
#4079=DIRECTION('',(0.,0.,1.));
#4080=DIRECTION('center_axis',(0.,0.,-1.));
#4081=DIRECTION('ref_axis',(0.624654598939342,0.780901166617089,0.));
#4082=DIRECTION('center_axis',(0.,0.,-1.));
#4083=DIRECTION('ref_axis',(0.624654598939342,0.780901166617089,0.));
#4084=DIRECTION('',(0.,0.,-1.));
#4085=DIRECTION('center_axis',(0.,0.,1.));
#4086=DIRECTION('ref_axis',(0.624654598939342,0.780901166617089,0.));
#4087=DIRECTION('',(0.,0.,1.));
#4088=DIRECTION('center_axis',(0.,0.,-1.));
#4089=DIRECTION('ref_axis',(0.624654598939342,0.780901166617089,0.));
#4090=DIRECTION('',(0.,0.,-1.));
#4091=DIRECTION('center_axis',(0.,0.,1.));
#4092=DIRECTION('ref_axis',(0.624654598939342,0.780901166617089,0.));
#4093=DIRECTION('',(0.,0.,-1.));
#4094=DIRECTION('center_axis',(0.,0.,1.));
#4095=DIRECTION('ref_axis',(0.624654598939342,0.780901166617089,0.));
#4096=DIRECTION('center_axis',(-0.745521964111653,0.666481058265802,0.));
#4097=DIRECTION('ref_axis',(0.666481058265802,0.745521964111653,0.));
#4098=DIRECTION('',(0.666481058265802,0.745521964111653,0.));
#4099=DIRECTION('',(0.,0.,-1.));
#4100=DIRECTION('',(0.666481058265802,0.745521964111653,0.));
#4101=DIRECTION('center_axis',(0.,0.,1.));
#4102=DIRECTION('ref_axis',(-1.,0.,0.));
#4103=DIRECTION('center_axis',(0.,0.,1.));
#4104=DIRECTION('ref_axis',(0.745521964111651,-0.666481058265804,0.));
#4105=DIRECTION('',(0.,0.,1.));
#4106=DIRECTION('center_axis',(0.666481058265795,-0.74552196411166,0.));
#4107=DIRECTION('ref_axis',(-0.74552196411166,-0.666481058265795,0.));
#4108=DIRECTION('',(0.74552196411166,0.666481058265795,0.));
#4109=DIRECTION('',(0.,0.,-1.));
#4110=DIRECTION('',(-0.74552196411166,-0.666481058265795,0.));
#4111=DIRECTION('',(0.,0.,1.));
#4112=DIRECTION('',(0.74552196411166,0.666481058265795,0.));
#4113=DIRECTION('center_axis',(0.666481058265795,-0.745521964111659,0.));
#4114=DIRECTION('ref_axis',(-0.745521964111659,-0.666481058265795,0.));
#4115=DIRECTION('',(0.745521964111659,0.666481058265795,0.));
#4116=DIRECTION('',(0.,0.,-1.));
#4117=DIRECTION('',(-0.745521964111659,-0.666481058265795,0.));
#4118=DIRECTION('',(0.,0.,-1.));
#4119=DIRECTION('center_axis',(0.394005295154447,0.919108169580848,0.));
#4120=DIRECTION('ref_axis',(0.919108169580848,-0.394005295154447,0.));
#4121=DIRECTION('',(-0.919108169580848,0.394005295154447,0.));
#4122=DIRECTION('',(0.919108169580848,-0.394005295154447,0.));
#4123=DIRECTION('',(0.,0.,-1.));
#4124=DIRECTION('center_axis',(0.666481058265801,-0.745521964111654,0.));
#4125=DIRECTION('ref_axis',(-0.745521964111654,-0.666481058265801,0.));
#4126=DIRECTION('',(0.745521964111654,0.666481058265801,0.));
#4127=DIRECTION('',(-0.745521964111654,-0.666481058265801,0.));
#4128=DIRECTION('',(0.,0.,-1.));
#4129=DIRECTION('center_axis',(-0.95733942780865,-0.288965776456325,0.));
#4130=DIRECTION('ref_axis',(-0.288965776456325,0.95733942780865,0.));
#4131=DIRECTION('',(0.288965776456325,-0.95733942780865,0.));
#4132=DIRECTION('',(-0.288965776456325,0.95733942780865,0.));
#4133=DIRECTION('',(0.,0.,-1.));
#4134=DIRECTION('center_axis',(0.666481058265792,-0.745521964111661,0.));
#4135=DIRECTION('ref_axis',(-0.745521964111661,-0.666481058265792,0.));
#4136=DIRECTION('',(0.745521964111661,0.666481058265792,0.));
#4137=DIRECTION('',(-0.745521964111661,-0.666481058265792,0.));
#4138=DIRECTION('',(0.,0.,-1.));
#4139=DIRECTION('center_axis',(0.394005295153806,0.919108169581123,0.));
#4140=DIRECTION('ref_axis',(0.919108169581123,-0.394005295153806,0.));
#4141=DIRECTION('',(-0.919108169581123,0.394005295153806,0.));
#4142=DIRECTION('',(0.919108169581123,-0.394005295153806,0.));
#4143=DIRECTION('',(0.,0.,-1.));
#4144=DIRECTION('center_axis',(0.666481058265805,-0.74552196411165,0.));
#4145=DIRECTION('ref_axis',(-0.74552196411165,-0.666481058265805,0.));
#4146=DIRECTION('',(0.74552196411165,0.666481058265805,0.));
#4147=DIRECTION('',(0.74552196411165,0.666481058265805,0.));
#4148=DIRECTION('',(-0.74552196411165,-0.666481058265805,0.));
#4149=DIRECTION('',(0.,0.,-1.));
#4150=DIRECTION('center_axis',(-0.957339427808642,-0.288965776456352,0.));
#4151=DIRECTION('ref_axis',(-0.288965776456352,0.957339427808642,0.));
#4152=DIRECTION('',(0.288965776456352,-0.957339427808642,0.));
#4153=DIRECTION('',(0.288965776456352,-0.957339427808642,0.));
#4154=DIRECTION('',(-0.288965776456352,0.957339427808642,0.));
#4155=DIRECTION('',(0.,0.,1.));
#4156=DIRECTION('center_axis',(0.,0.,-1.));
#4157=DIRECTION('ref_axis',(-0.745521964111651,-0.666481058265804,0.));
#4158=DIRECTION('center_axis',(0.,0.,1.));
#4159=DIRECTION('ref_axis',(-0.745521964111651,-0.666481058265804,0.));
#4160=DIRECTION('',(0.,0.,-1.));
#4161=DIRECTION('center_axis',(0.,0.,1.));
#4162=DIRECTION('ref_axis',(-0.745521964111651,-0.666481058265804,0.));
#4163=DIRECTION('',(0.,0.,1.));
#4164=DIRECTION('center_axis',(0.,0.,-1.));
#4165=DIRECTION('ref_axis',(-0.745521964111651,-0.666481058265804,0.));
#4166=DIRECTION('',(0.,0.,-1.));
#4167=DIRECTION('center_axis',(0.,0.,1.));
#4168=DIRECTION('ref_axis',(-0.745521964111651,-0.666481058265804,0.));
#4169=DIRECTION('',(0.,0.,1.));
#4170=DIRECTION('center_axis',(0.,0.,-1.));
#4171=DIRECTION('ref_axis',(-0.745521964111651,-0.666481058265804,0.));
#4172=DIRECTION('center_axis',(0.,0.,-1.));
#4173=DIRECTION('ref_axis',(1.,0.,0.));
#4174=DIRECTION('center_axis',(0.,0.,-1.));
#4175=DIRECTION('ref_axis',(0.745521964111651,-0.666481058265804,0.));
#4176=DIRECTION('',(0.,0.,-1.));
#4177=DIRECTION('center_axis',(0.,0.,1.));
#4178=DIRECTION('ref_axis',(0.745521964111651,-0.666481058265804,0.));
#4179=DIRECTION('',(0.,0.,-1.));
#4180=DIRECTION('center_axis',(0.,0.,-1.));
#4181=DIRECTION('ref_axis',(0.745521964111651,-0.666481058265804,0.));
#4182=DIRECTION('',(0.,0.,-1.));
#4183=DIRECTION('center_axis',(0.,0.,1.));
#4184=DIRECTION('ref_axis',(0.745521964111651,-0.666481058265804,0.));
#4185=DIRECTION('',(0.,0.,1.));
#4186=DIRECTION('center_axis',(0.,0.,-1.));
#4187=DIRECTION('ref_axis',(0.745521964111651,-0.666481058265804,0.));
#4188=DIRECTION('center_axis',(-0.745521964111655,-0.6664810582658,0.));
#4189=DIRECTION('ref_axis',(-0.6664810582658,0.745521964111655,0.));
#4190=DIRECTION('',(-0.6664810582658,0.745521964111655,0.));
#4191=DIRECTION('',(0.,0.,1.));
#4192=DIRECTION('',(0.6664810582658,-0.745521964111655,0.));
#4193=DIRECTION('',(-0.6664810582658,0.745521964111655,0.));
#4194=DIRECTION('center_axis',(0.,0.,-1.));
#4195=DIRECTION('ref_axis',(-1.,0.,0.));
#4196=DIRECTION('center_axis',(0.,0.,-1.));
#4197=DIRECTION('ref_axis',(-1.,0.,0.));
#4198=DIRECTION('',(0.,0.,-1.));
#4199=DIRECTION('center_axis',(0.,0.,-1.));
#4200=DIRECTION('ref_axis',(-1.,0.,0.));
#4201=DIRECTION('',(0.,0.,-1.));
#4202=DIRECTION('center_axis',(0.,0.,-1.));
#4203=DIRECTION('ref_axis',(-1.,0.,0.));
#4204=DIRECTION('center_axis',(0.,0.,-1.));
#4205=DIRECTION('ref_axis',(-1.,0.,0.));
#4206=DIRECTION('center_axis',(0.,0.,-1.));
#4207=DIRECTION('ref_axis',(-1.,0.,0.));
#4208=DIRECTION('',(0.,0.,-1.));
#4209=DIRECTION('center_axis',(0.,0.,-1.));
#4210=DIRECTION('ref_axis',(0.703703703703703,0.710493559009292,0.));
#4211=DIRECTION('',(0.,0.,-1.));
#4212=DIRECTION('center_axis',(0.,0.,1.));
#4213=DIRECTION('ref_axis',(0.703703703703703,0.710493559009292,0.));
#4214=DIRECTION('',(0.,0.,-1.));
#4215=DIRECTION('center_axis',(0.,0.,1.));
#4216=DIRECTION('ref_axis',(0.703703703703703,0.710493559009292,0.));
#4217=DIRECTION('center_axis',(0.,0.,1.));
#4218=DIRECTION('ref_axis',(0.703703703703703,0.710493559009292,0.));
#4219=DIRECTION('',(0.,0.,1.));
#4220=DIRECTION('center_axis',(0.,0.,-1.));
#4221=DIRECTION('ref_axis',(0.703703703703703,0.710493559009292,0.));
#4222=DIRECTION('center_axis',(0.,0.,-1.));
#4223=DIRECTION('ref_axis',(-1.,0.,0.));
#4224=DIRECTION('center_axis',(0.,0.,1.));
#4225=DIRECTION('ref_axis',(-1.,0.,0.));
#4226=DIRECTION('',(0.,0.,-1.));
#4227=DIRECTION('center_axis',(0.,0.,-1.));
#4228=DIRECTION('ref_axis',(-1.,0.,0.));
#4229=DIRECTION('center_axis',(0.,0.,-1.));
#4230=DIRECTION('ref_axis',(-1.,0.,0.));
#4231=DIRECTION('',(0.,0.,1.));
#4232=DIRECTION('center_axis',(0.,0.,-1.));
#4233=DIRECTION('ref_axis',(0.745521964111651,0.666481058265804,0.));
#4234=DIRECTION('',(0.,0.,1.));
#4235=DIRECTION('center_axis',(0.,0.,1.));
#4236=DIRECTION('ref_axis',(0.745521964111651,0.666481058265804,0.));
#4237=DIRECTION('center_axis',(0.,0.,-1.));
#4238=DIRECTION('ref_axis',(0.745521964111651,0.666481058265804,0.));
#4239=DIRECTION('',(0.,0.,-1.));
#4240=DIRECTION('center_axis',(0.,0.,1.));
#4241=DIRECTION('ref_axis',(0.745521964111651,0.666481058265804,0.));
#4242=DIRECTION('',(0.,0.,1.));
#4243=DIRECTION('center_axis',(0.,0.,-1.));
#4244=DIRECTION('ref_axis',(0.745521964111651,0.666481058265804,0.));
#4245=DIRECTION('center_axis',(0.,0.,-1.));
#4246=DIRECTION('ref_axis',(-0.745521964111649,0.666481058265807,0.));
#4247=DIRECTION('',(0.,0.,-1.));
#4248=DIRECTION('center_axis',(0.,0.,1.));
#4249=DIRECTION('ref_axis',(-0.745521964111649,0.666481058265807,0.));
#4250=DIRECTION('',(0.,0.,-1.));
#4251=DIRECTION('center_axis',(0.,0.,1.));
#4252=DIRECTION('ref_axis',(-0.745521964111649,0.666481058265807,0.));
#4253=DIRECTION('',(0.,0.,-1.));
#4254=DIRECTION('center_axis',(0.,0.,-1.));
#4255=DIRECTION('ref_axis',(-0.745521964111649,0.666481058265807,0.));
#4256=DIRECTION('center_axis',(0.,0.,1.));
#4257=DIRECTION('ref_axis',(-1.,0.,0.));
#4258=DIRECTION('',(-0.666481058265804,-0.745521964111651,0.));
#4259=DIRECTION('center_axis',(0.,0.,1.));
#4260=DIRECTION('ref_axis',(-1.,0.,0.));
#4261=DIRECTION('',(-0.666481058265804,-0.745521964111651,0.));
#4262=DIRECTION('center_axis',(0.,0.,1.));
#4263=DIRECTION('ref_axis',(-1.,0.,0.));
#4264=DIRECTION('center_axis',(0.,0.,-1.));
#4265=DIRECTION('ref_axis',(0.872015473967489,-0.48947830714063,0.));
#4266=DIRECTION('center_axis',(0.,0.,1.));
#4267=DIRECTION('ref_axis',(-0.703703703703704,-0.710493559009291,0.));
#4268=DIRECTION('center_axis',(0.,0.,1.));
#4269=DIRECTION('ref_axis',(-0.624654598939344,-0.780901166617087,0.));
#4270=DIRECTION('center_axis',(0.,0.,1.));
#4271=DIRECTION('ref_axis',(-1.,0.,0.));
#4272=DIRECTION('center_axis',(0.,0.,-1.));
#4273=DIRECTION('ref_axis',(0.450499519100187,-0.892776670444798,0.));
#4274=DIRECTION('center_axis',(0.,0.,1.));
#4275=DIRECTION('ref_axis',(-0.703703703703704,-0.710493559009291,0.));
#4276=DIRECTION('center_axis',(0.,0.,1.));
#4277=DIRECTION('ref_axis',(-1.,0.,0.));
#4278=DIRECTION('center_axis',(0.,0.,1.));
#4279=DIRECTION('ref_axis',(-1.,0.,0.));
#4280=DIRECTION('center_axis',(0.,0.,1.));
#4281=DIRECTION('ref_axis',(-1.,0.,0.));
#4282=DIRECTION('center_axis',(0.,0.,-1.));
#4283=DIRECTION('ref_axis',(-0.527397891526827,-0.849618422595142,0.));
#4284=DIRECTION('center_axis',(0.,0.,1.));
#4285=DIRECTION('ref_axis',(-0.703703703703704,-0.710493559009291,0.));
#4286=DIRECTION('center_axis',(0.,0.,1.));
#4287=DIRECTION('ref_axis',(-1.,0.,0.));
#4288=DIRECTION('center_axis',(0.,0.,1.));
#4289=DIRECTION('ref_axis',(-1.,0.,0.));
#4290=DIRECTION('center_axis',(0.,0.,1.));
#4291=DIRECTION('ref_axis',(-1.,0.,0.));
#4292=DIRECTION('center_axis',(0.,0.,-1.));
#4293=DIRECTION('ref_axis',(-0.872025914418162,-0.489459706802479,0.));
#4294=DIRECTION('center_axis',(0.,0.,-1.));
#4295=DIRECTION('ref_axis',(-1.,0.,0.));
#4296=DIRECTION('center_axis',(0.,0.,1.));
#4297=DIRECTION('ref_axis',(-1.,0.,0.));
#4298=DIRECTION('center_axis',(0.,0.,1.));
#4299=DIRECTION('ref_axis',(-1.,0.,0.));
#4300=DIRECTION('center_axis',(0.,0.,1.));
#4301=DIRECTION('ref_axis',(0.999911450555288,-0.0133075560648699,0.));
#4302=DIRECTION('center_axis',(0.,0.,1.));
#4303=DIRECTION('ref_axis',(-1.,0.,0.));
#4304=DIRECTION('center_axis',(0.,0.,1.));
#4305=DIRECTION('ref_axis',(-1.,0.,0.));
#4306=DIRECTION('center_axis',(0.,0.,1.));
#4307=DIRECTION('ref_axis',(-1.,0.,0.));
#4308=DIRECTION('center_axis',(0.,0.,1.));
#4309=DIRECTION('ref_axis',(-1.,0.,0.));
#4310=DIRECTION('center_axis',(0.,0.,1.));
#4311=DIRECTION('ref_axis',(-1.,0.,0.));
#4312=DIRECTION('center_axis',(0.,0.,-1.));
#4313=DIRECTION('ref_axis',(-1.,0.,0.));
#4314=DIRECTION('center_axis',(0.,0.,1.));
#4315=DIRECTION('ref_axis',(-1.,0.,0.));
#4316=DIRECTION('',(0.,0.,-1.));
#4317=DIRECTION('center_axis',(0.,0.,-1.));
#4318=DIRECTION('ref_axis',(-1.,0.,0.));
#4319=DIRECTION('',(0.,0.,-1.));
#4320=DIRECTION('center_axis',(0.,0.,-1.));
#4321=DIRECTION('ref_axis',(-0.703703703703704,-0.710493559009291,0.));
#4322=DIRECTION('',(0.,0.,1.));
#4323=DIRECTION('center_axis',(0.,0.,-1.));
#4324=DIRECTION('ref_axis',(-0.703703703703704,-0.710493559009291,0.));
#4325=DIRECTION('',(0.,0.,-1.));
#4326=DIRECTION('',(0.,0.,1.));
#4327=DIRECTION('center_axis',(0.,0.,-1.));
#4328=DIRECTION('ref_axis',(-0.703703703703704,-0.710493559009291,0.));
#4329=DIRECTION('',(0.,0.,-1.));
#4330=DIRECTION('',(0.,0.,1.));
#4331=DIRECTION('center_axis',(0.,0.,-1.));
#4332=DIRECTION('ref_axis',(-0.703703703703704,-0.710493559009291,0.));
#4333=DIRECTION('center_axis',(0.,0.,1.));
#4334=DIRECTION('ref_axis',(-0.703703703703704,-0.710493559009291,0.));
#4335=DIRECTION('center_axis',(0.,0.,-1.));
#4336=DIRECTION('ref_axis',(-0.624654598939344,-0.780901166617087,0.));
#4337=DIRECTION('',(0.,0.,-1.));
#4338=DIRECTION('center_axis',(0.,0.,-1.));
#4339=DIRECTION('ref_axis',(-0.624654598939344,-0.780901166617087,0.));
#4340=DIRECTION('',(0.,0.,-1.));
#4341=DIRECTION('center_axis',(0.,0.,1.));
#4342=DIRECTION('ref_axis',(-0.624654598939344,-0.780901166617087,0.));
#4343=DIRECTION('',(0.,0.,1.));
#4344=DIRECTION('',(0.,0.,1.));
#4345=DIRECTION('',(0.,0.,1.));
#4346=DIRECTION('',(0.,0.,1.));
#4347=DIRECTION('',(0.,0.,1.));
#4348=DIRECTION('',(0.,0.,1.));
#4349=DIRECTION('',(0.,0.,1.));
#4350=DIRECTION('',(0.,0.,1.));
#4351=DIRECTION('',(0.,0.,1.));
#4352=DIRECTION('',(0.,0.,1.));
#4353=DIRECTION('',(0.,0.,1.));
#4354=DIRECTION('',(0.,0.,1.));
#4355=DIRECTION('',(0.,0.,1.));
#4356=DIRECTION('',(0.,0.,1.));
#4357=DIRECTION('',(0.,0.,1.));
#4358=DIRECTION('',(0.,0.,1.));
#4359=DIRECTION('',(0.,0.,1.));
#4360=DIRECTION('',(0.,0.,1.));
#4361=DIRECTION('',(0.,0.,1.));
#4362=DIRECTION('',(0.,0.,1.));
#4363=DIRECTION('',(0.,0.,1.));
#4364=DIRECTION('',(0.,0.,1.));
#4365=DIRECTION('',(0.,0.,1.));
#4366=DIRECTION('',(0.,0.,1.));
#4367=DIRECTION('',(0.,0.,1.));
#4368=DIRECTION('center_axis',(0.,0.,-1.));
#4369=DIRECTION('ref_axis',(0.835022411398007,0.550215932578345,0.));
#4370=DIRECTION('center_axis',(0.,0.,-1.));
#4371=DIRECTION('ref_axis',(0.835022411398007,0.550215932578345,0.));
#4372=DIRECTION('',(0.,0.,1.));
#4373=DIRECTION('',(0.,0.,1.));
#4374=DIRECTION('',(0.,0.,1.));
#4375=DIRECTION('',(0.,0.,1.));
#4376=DIRECTION('',(0.,0.,1.));
#4377=DIRECTION('',(0.,0.,1.));
#4378=DIRECTION('',(0.,0.,1.));
#4379=DIRECTION('',(0.,0.,-1.));
#4380=DIRECTION('',(0.,0.,1.));
#4381=DIRECTION('',(0.,0.,1.));
#4382=DIRECTION('',(0.,0.,1.));
#4383=DIRECTION('',(0.,0.,1.));
#4384=DIRECTION('center_axis',(0.,0.,1.));
#4385=DIRECTION('ref_axis',(0.872015473967489,-0.48947830714063,0.));
#4386=DIRECTION('center_axis',(0.,0.,-1.));
#4387=DIRECTION('ref_axis',(0.872015473967489,-0.48947830714063,0.));
#4388=DIRECTION('',(0.,0.,1.));
#4389=DIRECTION('',(0.,0.,1.));
#4390=DIRECTION('',(0.,0.,1.));
#4391=DIRECTION('',(0.,0.,1.));
#4392=DIRECTION('',(0.,0.,1.));
#4393=DIRECTION('',(0.,0.,1.));
#4394=DIRECTION('',(0.,0.,1.));
#4395=DIRECTION('',(0.,0.,1.));
#4396=DIRECTION('',(0.,0.,1.));
#4397=DIRECTION('',(0.,0.,1.));
#4398=DIRECTION('',(0.,0.,1.));
#4399=DIRECTION('',(0.,0.,1.));
#4400=DIRECTION('',(0.,0.,1.));
#4401=DIRECTION('',(0.,0.,1.));
#4402=DIRECTION('',(0.,0.,1.));
#4403=DIRECTION('',(0.,0.,1.));
#4404=DIRECTION('',(0.,0.,1.));
#4405=DIRECTION('',(0.,0.,1.));
#4406=DIRECTION('center_axis',(0.,0.,1.));
#4407=DIRECTION('ref_axis',(0.489478307140558,-0.872015473967529,0.));
#4408=DIRECTION('center_axis',(0.,0.,-1.));
#4409=DIRECTION('ref_axis',(0.450499519100187,-0.892776670444798,0.));
#4410=DIRECTION('',(0.,0.,1.));
#4411=DIRECTION('',(0.,0.,1.));
#4412=DIRECTION('',(0.,0.,1.));
#4413=DIRECTION('',(0.,0.,1.));
#4414=DIRECTION('',(0.,0.,1.));
#4415=DIRECTION('',(0.,0.,1.));
#4416=DIRECTION('center_axis',(0.,0.,1.));
#4417=DIRECTION('ref_axis',(-0.489478307140568,-0.872015473967523,0.));
#4418=DIRECTION('center_axis',(0.,0.,-1.));
#4419=DIRECTION('ref_axis',(-0.527397891526827,-0.849618422595142,0.));
#4420=DIRECTION('',(0.,0.,1.));
#4421=DIRECTION('',(0.,0.,1.));
#4422=DIRECTION('',(0.,0.,1.));
#4423=DIRECTION('',(0.,0.,1.));
#4424=DIRECTION('',(0.,0.,1.));
#4425=DIRECTION('',(0.,0.,1.));
#4426=DIRECTION('',(0.,0.,1.));
#4427=DIRECTION('',(0.,0.,1.));
#4428=DIRECTION('',(0.,0.,1.));
#4429=DIRECTION('',(0.,0.,1.));
#4430=DIRECTION('',(0.,0.,1.));
#4431=DIRECTION('',(0.,0.,1.));
#4432=DIRECTION('',(0.,0.,1.));
#4433=DIRECTION('',(0.,0.,1.));
#4434=DIRECTION('',(0.,0.,1.));
#4435=DIRECTION('',(0.,0.,1.));
#4436=DIRECTION('',(0.,0.,1.));
#4437=DIRECTION('center_axis',(0.,0.,1.));
#4438=DIRECTION('ref_axis',(-0.872025914418162,-0.489459706802479,0.));
#4439=DIRECTION('center_axis',(0.,0.,-1.));
#4440=DIRECTION('ref_axis',(-0.872025914418162,-0.489459706802479,0.));
#4441=DIRECTION('',(0.,0.,1.));
#4442=DIRECTION('',(0.,0.,1.));
#4443=DIRECTION('',(0.,0.,1.));
#4444=DIRECTION('',(0.,0.,1.));
#4445=DIRECTION('',(0.,0.,1.));
#4446=DIRECTION('',(0.,0.,1.));
#4447=DIRECTION('',(0.,0.,1.));
#4448=DIRECTION('',(0.,0.,1.));
#4449=DIRECTION('center_axis',(0.,0.,1.));
#4450=DIRECTION('ref_axis',(0.999911450555288,-0.0133075560648699,0.));
#4451=DIRECTION('',(0.,0.,1.));
#4452=DIRECTION('',(0.,0.,1.));
#4453=DIRECTION('',(0.,0.,1.));
#4454=DIRECTION('',(0.,0.,1.));
#4455=DIRECTION('',(0.,0.,1.));
#4456=DIRECTION('',(0.,0.,1.));
#4457=DIRECTION('',(0.,0.,1.));
#4458=DIRECTION('',(0.,0.,1.));
#4459=DIRECTION('',(0.,0.,1.));
#4460=DIRECTION('',(0.,0.,1.));
#4461=DIRECTION('',(0.,0.,1.));
#4462=DIRECTION('',(0.,0.,1.));
#4463=DIRECTION('',(0.,0.,1.));
#4464=DIRECTION('',(0.,0.,1.));
#4465=DIRECTION('',(0.,0.,1.));
#4466=DIRECTION('',(0.,0.,1.));
#4467=DIRECTION('',(0.,0.,1.));
#4468=DIRECTION('center_axis',(0.,0.,-1.));
#4469=DIRECTION('ref_axis',(1.,0.,0.));
#4470=DIRECTION('',(0.74552196411165,-0.666481058265805,0.));
#4471=DIRECTION('center_axis',(0.,0.,1.));
#4472=DIRECTION('ref_axis',(-1.,0.,0.));
#4473=DIRECTION('',(0.74552196411165,-0.666481058265805,0.));
#4474=DIRECTION('',(0.74552196411165,-0.666481058265805,0.));
#4475=DIRECTION('',(-0.919108169581123,-0.394005295153806,0.));
#4476=DIRECTION('',(0.745521964111661,-0.666481058265792,0.));
#4477=DIRECTION('center_axis',(0.,0.,1.));
#4478=DIRECTION('ref_axis',(-1.,0.,0.));
#4479=DIRECTION('',(0.288965776456325,0.95733942780865,0.));
#4480=DIRECTION('',(0.745521964111654,-0.666481058265801,0.));
#4481=DIRECTION('',(-0.919108169580848,-0.394005295154447,0.));
#4482=DIRECTION('center_axis',(0.745521964111651,-0.666481058265804,0.));
#4483=DIRECTION('ref_axis',(-0.666481058265804,-0.745521964111651,0.));
#4484=DIRECTION('',(0.,0.,1.));
#4485=DIRECTION('',(-0.666481058265804,-0.745521964111651,0.));
#4486=DIRECTION('',(0.666481058265804,0.745521964111651,0.));
#4487=DIRECTION('',(0.666481058265804,0.745521964111651,0.));
#4488=DIRECTION('',(0.,0.,1.));
#4489=DIRECTION('center_axis',(-0.666481058265795,-0.745521964111659,0.));
#4490=DIRECTION('ref_axis',(-0.745521964111659,0.666481058265795,0.));
#4491=DIRECTION('',(0.745521964111659,-0.666481058265795,0.));
#4492=DIRECTION('',(0.,0.,-1.));
#4493=DIRECTION('',(-0.745521964111659,0.666481058265795,0.));
#4494=DIRECTION('center_axis',(-0.394005295154447,0.919108169580848,0.));
#4495=DIRECTION('ref_axis',(0.919108169580848,0.394005295154447,0.));
#4496=DIRECTION('',(-0.919108169580848,-0.394005295154447,0.));
#4497=DIRECTION('',(0.,0.,-1.));
#4498=DIRECTION('',(0.919108169580848,0.394005295154447,0.));
#4499=DIRECTION('center_axis',(0.957339427808642,-0.288965776456352,0.));
#4500=DIRECTION('ref_axis',(-0.288965776456352,-0.957339427808642,0.));
#4501=DIRECTION('',(0.288965776456352,0.957339427808642,0.));
#4502=DIRECTION('',(0.,0.,-1.));
#4503=DIRECTION('',(-0.288965776456352,-0.957339427808642,0.));
#4504=DIRECTION('',(0.,0.,-1.));
#4505=DIRECTION('center_axis',(-0.666481058265795,-0.74552196411166,0.));
#4506=DIRECTION('ref_axis',(-0.74552196411166,0.666481058265795,0.));
#4507=DIRECTION('',(0.745521964111659,-0.666481058265795,0.));
#4508=DIRECTION('',(-0.74552196411166,0.666481058265795,0.));
#4509=DIRECTION('center_axis',(-0.666481058265801,-0.745521964111654,0.));
#4510=DIRECTION('ref_axis',(-0.745521964111654,0.666481058265801,0.));
#4511=DIRECTION('',(0.,0.,-1.));
#4512=DIRECTION('',(-0.745521964111654,0.666481058265801,0.));
#4513=DIRECTION('center_axis',(0.95733942780865,-0.288965776456325,0.));
#4514=DIRECTION('ref_axis',(-0.288965776456325,-0.95733942780865,0.));
#4515=DIRECTION('',(0.288965776456325,0.95733942780865,0.));
#4516=DIRECTION('',(0.,0.,-1.));
#4517=DIRECTION('',(-0.288965776456325,-0.95733942780865,0.));
#4518=DIRECTION('center_axis',(-0.666481058265792,-0.745521964111661,0.));
#4519=DIRECTION('ref_axis',(-0.745521964111661,0.666481058265792,0.));
#4520=DIRECTION('',(0.,0.,-1.));
#4521=DIRECTION('',(-0.745521964111661,0.666481058265792,0.));
#4522=DIRECTION('',(0.745521964111661,-0.666481058265792,0.));
#4523=DIRECTION('center_axis',(-0.394005295153806,0.919108169581123,0.));
#4524=DIRECTION('ref_axis',(0.919108169581123,0.394005295153806,0.));
#4525=DIRECTION('',(0.,0.,-1.));
#4526=DIRECTION('',(0.919108169581123,0.394005295153806,0.));
#4527=DIRECTION('center_axis',(-0.666481058265805,-0.74552196411165,0.));
#4528=DIRECTION('ref_axis',(-0.74552196411165,0.666481058265805,0.));
#4529=DIRECTION('',(0.74552196411165,-0.666481058265805,0.));
#4530=DIRECTION('',(-0.74552196411165,0.666481058265805,0.));
#4531=DIRECTION('center_axis',(0.,0.,1.));
#4532=DIRECTION('ref_axis',(-1.,0.,0.));
#4533=DIRECTION('',(-0.745521964111658,-0.666481058265796,0.));
#4534=DIRECTION('',(0.6664810582658,-0.745521964111655,0.));
#4535=DIRECTION('center_axis',(0.745521964111655,0.6664810582658,0.));
#4536=DIRECTION('ref_axis',(0.6664810582658,-0.745521964111655,0.));
#4537=DIRECTION('',(0.,0.,-1.));
#4538=DIRECTION('',(-0.6664810582658,0.745521964111655,0.));
#4539=DIRECTION('',(0.6664810582658,-0.745521964111655,0.));
#4540=DIRECTION('center_axis',(0.,0.,-1.));
#4541=DIRECTION('ref_axis',(1.,0.,0.));
#4542=DIRECTION('',(-0.745521964111659,-0.666481058265795,0.));
#4543=DIRECTION('center_axis',(0.,0.,-1.));
#4544=DIRECTION('ref_axis',(-0.541561707139613,0.840661000261121,0.));
#4545=DIRECTION('',(-0.745521964111658,-0.666481058265796,0.));
#4546=DIRECTION('',(0.919108169580848,-0.394005295154447,0.));
#4547=DIRECTION('',(-0.745521964111653,-0.666481058265802,0.));
#4548=DIRECTION('',(-0.288965776456325,0.95733942780865,0.));
#4549=DIRECTION('',(-0.74552196411166,-0.666481058265793,0.));
#4550=DIRECTION('',(0.919108169581123,-0.394005295153807,0.));
#4551=DIRECTION('',(-0.74552196411165,-0.666481058265805,0.));
#4552=DIRECTION('',(-0.288965776456349,0.957339427808643,0.));
#4553=DIRECTION('center_axis',(0.,0.,1.));
#4554=DIRECTION('ref_axis',(-1.,0.,0.));
#4555=DIRECTION('',(0.745521964111659,0.666481058265795,0.));
#4556=DIRECTION('',(0.288965776456349,-0.957339427808643,0.));
#4557=DIRECTION('',(0.74552196411165,0.666481058265805,0.));
#4558=DIRECTION('',(-0.919108169581123,0.394005295153807,0.));
#4559=DIRECTION('',(0.74552196411166,0.666481058265793,0.));
#4560=DIRECTION('',(0.288965776456325,-0.95733942780865,0.));
#4561=DIRECTION('',(0.745521964111653,0.666481058265802,0.));
#4562=DIRECTION('',(-0.919108169580848,0.394005295154447,0.));
#4563=DIRECTION('',(0.745521964111658,0.666481058265796,0.));
#4564=DIRECTION('center_axis',(-0.666481058265796,0.745521964111658,0.));
#4565=DIRECTION('ref_axis',(0.745521964111658,0.666481058265796,0.));
#4566=DIRECTION('',(0.,0.,-1.));
#4567=DIRECTION('center_axis',(-0.666481058265795,0.745521964111659,0.));
#4568=DIRECTION('ref_axis',(0.745521964111659,0.666481058265795,0.));
#4569=DIRECTION('',(0.,0.,-1.));
#4570=DIRECTION('center_axis',(0.957339427808643,0.288965776456349,0.));
#4571=DIRECTION('ref_axis',(0.288965776456349,-0.957339427808643,0.));
#4572=DIRECTION('',(0.,0.,-1.));
#4573=DIRECTION('center_axis',(-0.666481058265805,0.74552196411165,0.));
#4574=DIRECTION('ref_axis',(0.74552196411165,0.666481058265805,0.));
#4575=DIRECTION('',(0.,0.,-1.));
#4576=DIRECTION('center_axis',(-0.394005295153807,-0.919108169581123,0.));
#4577=DIRECTION('ref_axis',(-0.919108169581123,0.394005295153807,0.));
#4578=DIRECTION('',(0.,0.,-1.));
#4579=DIRECTION('center_axis',(-0.666481058265794,0.745521964111661,0.));
#4580=DIRECTION('ref_axis',(0.74552196411166,0.666481058265793,0.));
#4581=DIRECTION('',(0.,0.,-1.));
#4582=DIRECTION('center_axis',(0.95733942780865,0.288965776456325,0.));
#4583=DIRECTION('ref_axis',(0.288965776456325,-0.95733942780865,0.));
#4584=DIRECTION('',(0.,0.,-1.));
#4585=DIRECTION('center_axis',(-0.666481058265802,0.745521964111653,0.));
#4586=DIRECTION('ref_axis',(0.745521964111653,0.666481058265802,0.));
#4587=DIRECTION('',(0.,0.,-1.));
#4588=DIRECTION('center_axis',(-0.394005295154447,-0.919108169580848,0.));
#4589=DIRECTION('ref_axis',(-0.919108169580848,0.394005295154447,0.));
#4590=DIRECTION('center_axis',(0.,0.,1.));
#4591=DIRECTION('ref_axis',(-1.,0.,0.));
#4592=DIRECTION('center_axis',(0.,0.,-1.));
#4593=DIRECTION('ref_axis',(0.553520858517734,0.832835313363807,0.));
#4594=DIRECTION('',(0.,0.,1.));
#4595=DIRECTION('',(0.,0.,1.));
#4596=DIRECTION('center_axis',(0.,0.,-1.));
#4597=DIRECTION('ref_axis',(-0.541561707139613,0.840661000261121,0.));
#4598=DIRECTION('',(0.,0.,1.));
#4599=DIRECTION('center_axis',(0.,0.,-1.));
#4600=DIRECTION('ref_axis',(-0.541561707139613,0.840661000261121,0.));
#4601=DIRECTION('',(0.,0.,1.));
#4602=DIRECTION('center_axis',(0.,0.,1.));
#4603=DIRECTION('ref_axis',(-1.,0.,0.));
#4604=CARTESIAN_POINT('',(0.,0.,0.));
#4605=CARTESIAN_POINT('Origin',(-100.211682589537,16.4241975803601,10.1035162724936));
#4606=CARTESIAN_POINT('',(-94.1303768658398,10.9876373320015,4.10351627249359));
#4607=CARTESIAN_POINT('',(-100.211682589537,16.4241975803601,4.10351627249359));
#4608=CARTESIAN_POINT('',(-83.8158034501964,1.76662422099318,4.10351627249359));
#4609=CARTESIAN_POINT('',(-94.1303768658398,10.9876373320015,10.1035162724936));
#4610=CARTESIAN_POINT('',(-94.1303768658396,10.9876373320013,80.1035162724936));
#4611=CARTESIAN_POINT('',(-100.211682589537,16.4241975803601,10.1035162724936));
#4612=CARTESIAN_POINT('',(-78.719084398265,-2.78973611570357,10.1035162724936));
#4613=CARTESIAN_POINT('',(-100.211682589537,16.4241975803601,10.1035162724936));
#4614=CARTESIAN_POINT('Origin',(-102.124713332004,10.0863544667827,10.1035162724936));
#4615=CARTESIAN_POINT('',(-102.124713332004,10.0863544667827,4.10351627249359));
#4616=CARTESIAN_POINT('',(-86.3629690637154,62.3047847048311,4.10351627249359));
#4617=CARTESIAN_POINT('',(-102.124713332004,10.0863544667827,10.1035162724936));
#4618=CARTESIAN_POINT('',(-89.8229592117023,50.8418875094682,10.1035162724936));
#4619=CARTESIAN_POINT('',(-102.124713332004,10.0863544667827,10.1035162724936));
#4620=CARTESIAN_POINT('Origin',(-107.854842029999,15.2089697919927,10.1035162724936));
#4621=CARTESIAN_POINT('',(-107.854842029999,15.2089697919927,4.10351627249359));
#4622=CARTESIAN_POINT('',(-89.6368263452256,-1.07755556552506,4.10351627249359));
#4623=CARTESIAN_POINT('',(-107.854842029999,15.2089697919927,10.1035162724936));
#4624=CARTESIAN_POINT('',(-84.5401072932943,-5.63391590222198,10.1035162724936));
#4625=CARTESIAN_POINT('',(-107.854842029999,15.2089697919927,10.1035162724936));
#4626=CARTESIAN_POINT('Origin',(-101.770100073276,17.8173902477549,10.1035162724936));
#4627=CARTESIAN_POINT('',(-101.770100073276,17.8173902477549,4.10351627249359));
#4628=CARTESIAN_POINT('',(-37.1882316325929,45.5024864950792,4.10351627249359));
#4629=CARTESIAN_POINT('',(-101.770100073276,17.8173902477549,10.1035162724936));
#4630=CARTESIAN_POINT('',(-42.882373415837,43.0615093737713,10.1035162724936));
#4631=CARTESIAN_POINT('',(-101.770100073276,17.8173902477549,10.1035162724936));
#4632=CARTESIAN_POINT('Origin',(-107.968322801067,23.3584718547976,10.1035162724936));
#4633=CARTESIAN_POINT('',(-107.968322801067,23.3584718547976,4.10351627249359));
#4634=CARTESIAN_POINT('',(-87.694123555961,5.23376135821188,4.10351627249359));
#4635=CARTESIAN_POINT('',(-107.968322801067,23.3584718547976,10.1035162724936));
#4636=CARTESIAN_POINT('',(-82.5974045040297,0.67740102151518,10.1035162724936));
#4637=CARTESIAN_POINT('',(-107.968322801067,23.3584718547976,10.1035162724936));
#4638=CARTESIAN_POINT('Origin',(-109.881353543534,17.02062874122,10.1035162724936));
#4639=CARTESIAN_POINT('',(-109.881353543534,17.02062874122,4.10351627249359));
#4640=CARTESIAN_POINT('',(-94.7549078463054,67.1343240242733,4.10351627249359));
#4641=CARTESIAN_POINT('',(-109.881353543534,17.02062874122,10.1035162724936));
#4642=CARTESIAN_POINT('',(-98.214897994292,55.6714268289103,10.1035162724936));
#4643=CARTESIAN_POINT('',(-109.881353543534,17.02062874122,10.1035162724936));
#4644=CARTESIAN_POINT('Origin',(-115.611482241529,22.1432440664301,10.1035162724936));
#4645=CARTESIAN_POINT('',(-115.611482241529,22.1432440664301,4.10351627249359));
#4646=CARTESIAN_POINT('',(-93.51514645099,2.38958157169342,4.10351627249359));
#4647=CARTESIAN_POINT('',(-115.611482241529,22.1432440664301,10.1035162724936));
#4648=CARTESIAN_POINT('',(-88.4184273990587,-2.1667787650034,10.1035162724936));
#4649=CARTESIAN_POINT('',(-115.611482241529,22.1432440664301,10.1035162724936));
#4650=CARTESIAN_POINT('Origin',(-109.526740284809,24.7516645221957,10.1035162724936));
#4651=CARTESIAN_POINT('',(-114.841842678059,22.4731748334537,4.10351627249359));
#4652=CARTESIAN_POINT('',(-42.9241892777041,53.3029913802314,4.10351627249359));
#4653=CARTESIAN_POINT('',(-109.526740284809,24.7516645221957,10.1035162724936));
#4654=CARTESIAN_POINT('',(-48.6183310609532,50.8620142589167,10.1035162724936));
#4655=CARTESIAN_POINT('',(-109.526740284809,24.7516645221957,2.10351627249359));
#4656=CARTESIAN_POINT('',(-109.526740284809,24.7516645221957,10.1035162724936));
#4657=CARTESIAN_POINT('',(-114.841842678059,22.4731748334537,2.10351627249359));
#4658=CARTESIAN_POINT('',(-48.6183310609532,50.8620142589167,2.10351627249359));
#4659=CARTESIAN_POINT('Ctrl Pts',(-114.841842678059,22.4731748334537,4.10351627249359));
#4660=CARTESIAN_POINT('Ctrl Pts',(-114.841842678059,22.4731748334537,3.77018293916026));
#4661=CARTESIAN_POINT('Ctrl Pts',(-114.841842678059,22.4731748334537,3.43684960582692));
#4662=CARTESIAN_POINT('Ctrl Pts',(-114.841842678059,22.4731748334537,2.77018293916026));
#4663=CARTESIAN_POINT('Ctrl Pts',(-114.841842678059,22.4731748334537,2.43684960582692));
#4664=CARTESIAN_POINT('Ctrl Pts',(-114.841842678059,22.4731748334537,2.10351627249359));
#4665=CARTESIAN_POINT('Origin',(-116.496142292544,30.9821642917493,10.1035162724936));
#4666=CARTESIAN_POINT('',(-116.496142292544,30.9821642917494,2.10351627249359));
#4667=CARTESIAN_POINT('',(-86.8613142497685,4.48924723999114,2.10351627249359));
#4668=CARTESIAN_POINT('',(-116.496142292544,30.9821642917493,10.1035162724936));
#4669=CARTESIAN_POINT('',(-86.8613142497685,4.48924723999114,10.1035162724936));
#4670=CARTESIAN_POINT('',(-116.496142292544,30.9821642917495,45.1035162724936));
#4671=CARTESIAN_POINT('Origin',(-68.1038627311133,-12.4136566919388,80.1035162724936));
#4672=CARTESIAN_POINT('',(-75.1325914741239,21.8733229396527,4.10351627249359));
#4673=CARTESIAN_POINT('Origin',(-68.1038627311133,-12.4136566919388,4.10351627249359));
#4674=CARTESIAN_POINT('',(-75.1325914741239,21.8733229396527,2.10351627249359));
#4675=CARTESIAN_POINT('',(-75.1325914741239,21.8733229396527,2.10351627249359));
#4676=CARTESIAN_POINT('',(-58.0442329807634,21.1095270662586,2.10351627249359));
#4677=CARTESIAN_POINT('Origin',(-68.1038627311133,-12.4136566919388,2.10351627249359));
#4678=CARTESIAN_POINT('',(-58.0442329807634,21.1095270662586,4.10351627249359));
#4679=CARTESIAN_POINT('',(-58.0442329807636,21.1095270662589,2.10351627249359));
#4680=CARTESIAN_POINT('',(-49.0635509558142,16.9541237400142,4.10351627249359));
#4681=CARTESIAN_POINT('Origin',(-68.1038627311133,-12.4136566919388,4.10351627249359));
#4682=CARTESIAN_POINT('',(-49.0635509558142,16.9541237400142,2.10351627249359));
#4683=CARTESIAN_POINT('',(-49.0635509558142,16.9541237400142,2.10351627249359));
#4684=CARTESIAN_POINT('',(-46.2409517682363,14.9178841396593,2.10351627249359));
#4685=CARTESIAN_POINT('Origin',(-68.1038627311133,-12.4136566919388,2.10351627249359));
#4686=CARTESIAN_POINT('',(-46.2409517682363,14.9178841396593,10.1035162724936));
#4687=CARTESIAN_POINT('',(-46.2409517682363,14.9178841396593,80.1035162724936));
#4688=CARTESIAN_POINT('Origin',(-68.1038627311133,-12.4136566919388,10.1035162724936));
#4689=CARTESIAN_POINT('Origin',(-149.886843311661,-6.36848611024427,80.1035162724936));
#4690=CARTESIAN_POINT('',(-99.7459253307405,49.7188627977105,10.1035162724936));
#4691=CARTESIAN_POINT('',(-95.3597248473077,54.6252419946001,10.1035162724936));
#4692=CARTESIAN_POINT('',(-99.7459253307405,49.7188627977105,2.10351627249359));
#4693=CARTESIAN_POINT('',(-99.7459253307405,49.7188627977105,80.1035162724936));
#4694=CARTESIAN_POINT('',(-99.7459253307405,49.7188627977105,2.10351627249359));
#4695=CARTESIAN_POINT('Origin',(18.4370497025956,62.6331359959283,2.10351627249359));
#4696=CARTESIAN_POINT('',(-97.9716816853656,52.0326805545063,2.10351627249359));
#4697=CARTESIAN_POINT('Origin',(-114.191758712505,62.6331359959282,2.10351627249359));
#4698=CARTESIAN_POINT('',(-92.4389544766439,48.4955137508521,2.10351627249359));
#4699=CARTESIAN_POINT('Ctrl Pts',(-97.9716816853628,52.0326805545059,2.10351627249359));
#4700=CARTESIAN_POINT('Ctrl Pts',(-95.5693971341838,51.6778054258442,2.10351627249359));
#4701=CARTESIAN_POINT('Ctrl Pts',(-93.5035205218136,50.2087161975395,2.10351627249359));
#4702=CARTESIAN_POINT('Ctrl Pts',(-92.4389544766439,48.4955137508521,2.10351627249359));
#4703=CARTESIAN_POINT('',(-97.2583744519246,44.8511141079077,2.10351627249359));
#4704=CARTESIAN_POINT('Ctrl Pts',(-92.4389544766439,48.4955137508521,2.10351627249359));
#4705=CARTESIAN_POINT('Ctrl Pts',(-94.0077621421509,48.0806836129635,2.10351627249359));
#4706=CARTESIAN_POINT('Ctrl Pts',(-95.5218008638712,47.113483282865,2.10351627249359));
#4707=CARTESIAN_POINT('Ctrl Pts',(-97.2583744519246,44.8511141079077,2.10351627249359));
#4708=CARTESIAN_POINT('',(-97.3911651191406,40.9633015125403,2.10351627249359));
#4709=CARTESIAN_POINT('Ctrl Pts',(-97.2583744519246,44.8511141079077,2.10351627249359));
#4710=CARTESIAN_POINT('Ctrl Pts',(-97.915135074585,43.796592315178,2.10351627249359));
#4711=CARTESIAN_POINT('Ctrl Pts',(-97.8156724764201,43.0539926975379,2.10351627249359));
#4712=CARTESIAN_POINT('Ctrl Pts',(-97.3911651191406,40.9633015125403,2.10351627249359));
#4713=CARTESIAN_POINT('',(-112.398212607035,22.6789847502519,2.10351627249359));
#4714=CARTESIAN_POINT('Ctrl Pts',(-97.3911651191406,40.9633015125403,2.10351627249359));
#4715=CARTESIAN_POINT('Ctrl Pts',(-94.9523685671183,28.3724017653276,2.10351627249359));
#4716=CARTESIAN_POINT('Ctrl Pts',(-106.369620637227,23.6671112093736,2.10351627249359));
#4717=CARTESIAN_POINT('Ctrl Pts',(-112.398212607035,22.6789847502519,2.10351627249359));
#4718=CARTESIAN_POINT('Ctrl Pts',(-112.398212607035,22.6789847502519,2.10351627249359));
#4719=CARTESIAN_POINT('Ctrl Pts',(-113.242303099011,22.5855545372335,2.10351627249359));
#4720=CARTESIAN_POINT('Ctrl Pts',(-114.056237077706,22.5174616860947,2.10351627249359));
#4721=CARTESIAN_POINT('Ctrl Pts',(-114.841842678059,22.4731748334537,2.10351627249359));
#4722=CARTESIAN_POINT('Ctrl Pts',(-112.398212607035,22.6789847502519,2.10351627249359));
#4723=CARTESIAN_POINT('Ctrl Pts',(-112.398212607035,22.6789847502519,4.50351627249359));
#4724=CARTESIAN_POINT('Ctrl Pts',(-116.868620851947,22.1841667199912,2.10351627249359));
#4725=CARTESIAN_POINT('Ctrl Pts',(-116.868620851947,22.1841667199912,4.50351627249359));
#4726=CARTESIAN_POINT('Ctrl Pts',(-120.493171058465,22.4000346704875,2.10351627249359));
#4727=CARTESIAN_POINT('Ctrl Pts',(-120.493171058465,22.4000346704875,4.50351627249359));
#4728=CARTESIAN_POINT('Ctrl Pts',(-123.543433844489,23.0991035891031,2.10351627249359));
#4729=CARTESIAN_POINT('Ctrl Pts',(-123.543433844489,23.0991035891031,4.50351627249359));
#4730=CARTESIAN_POINT('',(-112.398212607035,22.6789847502519,4.10351627249359));
#4731=CARTESIAN_POINT('',(-112.398212607035,22.6789847502519,2.10351627249359));
#4732=CARTESIAN_POINT('Ctrl Pts',(-112.398212607035,22.6789847502519,4.10351627249359));
#4733=CARTESIAN_POINT('Ctrl Pts',(-113.242303099011,22.5855545372335,4.10351627249359));
#4734=CARTESIAN_POINT('Ctrl Pts',(-114.056237077706,22.5174616860947,4.10351627249359));
#4735=CARTESIAN_POINT('Ctrl Pts',(-114.841842678059,22.4731748334537,4.10351627249359));
#4736=CARTESIAN_POINT('Origin',(-94.1303768658398,114.278634659855,10.1035162724936));
#4737=CARTESIAN_POINT('',(-100.211682589537,108.842074411496,2.10351627249359));
#4738=CARTESIAN_POINT('',(-97.7341876670909,111.056903105011,2.10351627249359));
#4739=CARTESIAN_POINT('',(-75.6784315364163,130.774288231739,2.10351627249359));
#4740=CARTESIAN_POINT('',(-100.211682589537,108.842074411496,10.1035162724936));
#4741=CARTESIAN_POINT('',(-100.211682589537,108.842074411496,10.1035162724936));
#4742=CARTESIAN_POINT('',(-94.1303768658398,114.278634659855,10.1035162724936));
#4743=CARTESIAN_POINT('',(-75.6784315364163,130.774288231739,10.1035162724936));
#4744=CARTESIAN_POINT('',(-94.1303768658398,114.278634659855,4.10351627249359));
#4745=CARTESIAN_POINT('',(-94.1303768658398,114.278634659855,80.1035162724936));
#4746=CARTESIAN_POINT('',(-97.7341876670909,111.056903105011,4.10351627249359));
#4747=CARTESIAN_POINT('',(-68.8211040790012,136.9045956951,4.10351627249359));
#4748=CARTESIAN_POINT('Ctrl Pts',(-97.7341876670909,111.056903105011,2.10351627249359));
#4749=CARTESIAN_POINT('Ctrl Pts',(-97.7341876670909,111.056903105011,2.43684960582692));
#4750=CARTESIAN_POINT('Ctrl Pts',(-97.7341876670909,111.056903105011,2.77018293916026));
#4751=CARTESIAN_POINT('Ctrl Pts',(-97.7341876670909,111.056903105011,3.43684960582692));
#4752=CARTESIAN_POINT('Ctrl Pts',(-97.7341876670909,111.056903105011,3.77018293916026));
#4753=CARTESIAN_POINT('Ctrl Pts',(-97.7341876670909,111.056903105011,4.10351627249359));
#4754=CARTESIAN_POINT('Origin',(-109.526740284809,100.514607469661,10.1035162724936));
#4755=CARTESIAN_POINT('',(-116.496142292544,94.2841077001072,2.10351627249359));
#4756=CARTESIAN_POINT('',(-109.526740284809,100.514607469661,2.10351627249359));
#4757=CARTESIAN_POINT('',(-83.376613245901,123.892274636642,2.10351627249359));
#4758=CARTESIAN_POINT('',(-116.496142292544,94.2841077001072,10.1035162724936));
#4759=CARTESIAN_POINT('',(-116.496142292544,94.2841077001072,45.1035162724936));
#4760=CARTESIAN_POINT('',(-109.526740284809,100.514607469661,10.1035162724936));
#4761=CARTESIAN_POINT('',(-83.376613245901,123.892274636642,10.1035162724936));
#4762=CARTESIAN_POINT('',(-109.526740284809,100.514607469661,10.1035162724936));
#4763=CARTESIAN_POINT('Origin',(-115.611482241529,103.123027925426,10.1035162724936));
#4764=CARTESIAN_POINT('',(-115.611482241529,103.123027925426,2.10351627249359));
#4765=CARTESIAN_POINT('',(-51.6607020393129,75.7084679608227,2.10351627249359));
#4766=CARTESIAN_POINT('',(-115.611482241529,103.123027925426,10.1035162724936));
#4767=CARTESIAN_POINT('',(-51.6607020393129,75.7084679608227,10.1035162724936));
#4768=CARTESIAN_POINT('',(-115.611482241529,103.123027925426,10.1035162724936));
#4769=CARTESIAN_POINT('Origin',(-109.881353543534,108.245643250636,10.1035162724936));
#4770=CARTESIAN_POINT('',(-109.881353543534,108.245643250636,2.10351627249359));
#4771=CARTESIAN_POINT('',(-85.5533630500612,129.994358419465,2.10351627249359));
#4772=CARTESIAN_POINT('',(-109.881353543534,108.245643250636,10.1035162724936));
#4773=CARTESIAN_POINT('',(-85.5533630500612,129.994358419465,10.1035162724936));
#4774=CARTESIAN_POINT('',(-109.881353543534,108.245643250636,10.1035162724936));
#4775=CARTESIAN_POINT('Origin',(-107.968322801067,101.907800137059,10.1035162724936));
#4776=CARTESIAN_POINT('',(-107.968322801067,101.907800137059,2.10351627249359));
#4777=CARTESIAN_POINT('',(-97.2583826230588,66.4259236061574,2.10351627249359));
#4778=CARTESIAN_POINT('',(-107.968322801067,101.907800137059,10.1035162724936));
#4779=CARTESIAN_POINT('',(-97.2583826230588,66.4259236061574,10.1035162724936));
#4780=CARTESIAN_POINT('',(-107.968322801067,101.907800137059,10.1035162724936));
#4781=CARTESIAN_POINT('Origin',(-101.770100073276,107.448881744102,10.1035162724936));
#4782=CARTESIAN_POINT('',(-101.770100073276,107.448881744102,2.10351627249359));
#4783=CARTESIAN_POINT('',(-79.498293140134,127.359411773863,2.10351627249359));
#4784=CARTESIAN_POINT('',(-101.770100073276,107.448881744102,10.1035162724936));
#4785=CARTESIAN_POINT('',(-79.498293140134,127.359411773863,10.1035162724936));
#4786=CARTESIAN_POINT('',(-101.770100073276,107.448881744102,10.1035162724936));
#4787=CARTESIAN_POINT('Origin',(-107.854842029999,110.057302199864,10.1035162724936));
#4788=CARTESIAN_POINT('',(-107.854842029999,110.057302199864,2.10351627249359));
#4789=CARTESIAN_POINT('',(-45.9247443941987,83.5089728459663,2.10351627249359));
#4790=CARTESIAN_POINT('',(-107.854842029999,110.057302199864,10.1035162724936));
#4791=CARTESIAN_POINT('',(-45.9247443941987,83.5089728459663,10.1035162724936));
#4792=CARTESIAN_POINT('',(-107.854842029999,110.057302199864,10.1035162724936));
#4793=CARTESIAN_POINT('Origin',(-102.124713332004,115.179917525074,10.1035162724936));
#4794=CARTESIAN_POINT('',(-105.445167606103,112.211500784782,4.10351627249359));
#4795=CARTESIAN_POINT('',(-102.124713332004,115.179917525074,4.10351627249359));
#4796=CARTESIAN_POINT('',(-74.8177154868816,139.591803020044,4.10351627249359));
#4797=CARTESIAN_POINT('',(-105.445167606103,112.211500784782,2.10351627249359));
#4798=CARTESIAN_POINT('Ctrl Pts',(-105.445167606103,112.211500784782,2.10351627249359));
#4799=CARTESIAN_POINT('Ctrl Pts',(-105.445167606103,112.211500784782,2.43684960582692));
#4800=CARTESIAN_POINT('Ctrl Pts',(-105.445167606103,112.211500784782,2.77018293916026));
#4801=CARTESIAN_POINT('Ctrl Pts',(-105.445167606103,112.211500784782,3.43684960582692));
#4802=CARTESIAN_POINT('Ctrl Pts',(-105.445167606103,112.211500784782,3.77018293916026));
#4803=CARTESIAN_POINT('Ctrl Pts',(-105.445167606103,112.211500784782,4.10351627249359));
#4804=CARTESIAN_POINT('',(-81.6750429442967,133.461495556684,2.10351627249359));
#4805=CARTESIAN_POINT('',(-102.124713332004,115.179917525074,10.1035162724936));
#4806=CARTESIAN_POINT('',(-81.6750429442967,133.461495556684,10.1035162724936));
#4807=CARTESIAN_POINT('',(-102.124713332004,115.179917525074,10.1035162724936));
#4808=CARTESIAN_POINT('Origin',(-100.211682589537,108.842074411496,10.1035162724936));
#4809=CARTESIAN_POINT('',(-100.745343765026,110.610086148564,2.10351627249359));
#4810=CARTESIAN_POINT('',(-88.866443840469,71.2554629255996,2.10351627249359));
#4811=CARTESIAN_POINT('',(-100.745343765026,110.610086148564,4.10351627249359));
#4812=CARTESIAN_POINT('Ctrl Pts',(-100.745343765026,110.610086148564,4.10351627249359));
#4813=CARTESIAN_POINT('Ctrl Pts',(-100.745343765026,110.610086148564,3.77018293916026));
#4814=CARTESIAN_POINT('Ctrl Pts',(-100.745343765026,110.610086148564,3.43684960582692));
#4815=CARTESIAN_POINT('Ctrl Pts',(-100.745343765026,110.610086148564,2.77018293916026));
#4816=CARTESIAN_POINT('Ctrl Pts',(-100.745343765026,110.610086148564,2.43684960582692));
#4817=CARTESIAN_POINT('Ctrl Pts',(-100.745343765026,110.610086148564,2.10351627249359));
#4818=CARTESIAN_POINT('',(-92.0619284891932,81.8420572368572,4.10351627249359));
#4819=CARTESIAN_POINT('',(-88.866443840469,71.2554629255996,10.1035162724936));
#4820=CARTESIAN_POINT('Ctrl Pts',(-99.5178473243408,112.19237188989,2.10351627249359));
#4821=CARTESIAN_POINT('Ctrl Pts',(-99.5178473243408,112.19237188989,4.50351627249359));
#4822=CARTESIAN_POINT('Ctrl Pts',(-94.7432308158569,109.821535498441,2.10351627249359));
#4823=CARTESIAN_POINT('Ctrl Pts',(-94.7432308158569,109.821535498441,4.50351627249359));
#4824=CARTESIAN_POINT('Ctrl Pts',(-81.8924599799805,95.7326433691789,2.10351627249359));
#4825=CARTESIAN_POINT('Ctrl Pts',(-81.8924599799805,95.7326433691789,4.50351627249359));
#4826=CARTESIAN_POINT('Ctrl Pts',(-81.4095324159953,92.016124420306,2.10351627249359));
#4827=CARTESIAN_POINT('Ctrl Pts',(-81.4095324159953,92.016124420306,4.50351627249359));
#4828=CARTESIAN_POINT('',(-81.4095324159953,92.016124420306,4.10351627249359));
#4829=CARTESIAN_POINT('Ctrl Pts',(-97.7341876670909,111.056903105011,4.10351627249359));
#4830=CARTESIAN_POINT('Ctrl Pts',(-92.1364071079818,106.927114430772,4.10351627249359));
#4831=CARTESIAN_POINT('Ctrl Pts',(-81.8408211202558,95.3352404976567,4.10351627249359));
#4832=CARTESIAN_POINT('Ctrl Pts',(-81.4095324159953,92.016124420306,4.10351627249359));
#4833=CARTESIAN_POINT('',(-81.4095324159953,92.016124420306,2.10351627249359));
#4834=CARTESIAN_POINT('',(-81.4095324159953,92.016124420306,2.10351627249359));
#4835=CARTESIAN_POINT('Ctrl Pts',(-97.7341876670909,111.056903105011,2.10351627249359));
#4836=CARTESIAN_POINT('Ctrl Pts',(-92.1364071079818,106.927114430772,2.10351627249359));
#4837=CARTESIAN_POINT('Ctrl Pts',(-81.8408211202558,95.3352404976567,2.10351627249359));
#4838=CARTESIAN_POINT('Ctrl Pts',(-81.4095324159953,92.016124420306,2.10351627249359));
#4839=CARTESIAN_POINT('Origin',(-68.1038627311133,137.679928683795,80.1035162724936));
#4840=CARTESIAN_POINT('',(-46.2409517682363,110.348387852197,10.1035162724936));
#4841=CARTESIAN_POINT('Origin',(-68.1038627311133,137.679928683795,10.1035162724936));
#4842=CARTESIAN_POINT('',(-46.2409517682363,110.348387852197,2.10351627249359));
#4843=CARTESIAN_POINT('',(-46.2409517682363,110.348387852197,80.1035162724936));
#4844=CARTESIAN_POINT('',(-52.5519351706985,106.324904378979,2.10351627249359));
#4845=CARTESIAN_POINT('Origin',(-68.1038627311133,137.679928683795,2.10351627249359));
#4846=CARTESIAN_POINT('',(-52.5519351706985,106.324904378979,4.10351627249359));
#4847=CARTESIAN_POINT('',(-52.5519351706985,106.324904378979,2.10351627249359));
#4848=CARTESIAN_POINT('',(-67.8387230866289,102.680932970076,4.10351627249359));
#4849=CARTESIAN_POINT('Origin',(-68.1038627311133,137.679928683795,4.10351627249359));
#4850=CARTESIAN_POINT('',(-67.8387230866289,102.680932970076,2.10351627249359));
#4851=CARTESIAN_POINT('',(-67.8387230866289,102.680932970076,2.10351627249359));
#4852=CARTESIAN_POINT('',(-72.2524794233949,102.926670138149,2.10351627249359));
#4853=CARTESIAN_POINT('Origin',(-68.1038627311133,137.679928683795,2.10351627249359));
#4854=CARTESIAN_POINT('',(-72.2524794233949,102.926670138149,4.10351627249359));
#4855=CARTESIAN_POINT('',(-72.2524794234227,102.926670138151,2.10351627249359));
#4856=CARTESIAN_POINT('Origin',(-68.1038627311133,137.679928683795,4.10351627249359));
#4857=CARTESIAN_POINT('Origin',(21.6047339517581,86.6915330029934,4.10351627249359));
#4858=CARTESIAN_POINT('',(-103.741699647237,110.993494809609,4.10351627249359));
#4859=CARTESIAN_POINT('Ctrl Pts',(-103.741699647237,110.993494809609,4.10351627249359));
#4860=CARTESIAN_POINT('Ctrl Pts',(-103.022944961174,110.152307314585,4.10351627249359));
#4861=CARTESIAN_POINT('Ctrl Pts',(-101.770273953742,109.941221679426,4.10351627249359));
#4862=CARTESIAN_POINT('Ctrl Pts',(-100.745343765026,110.610086148564,4.10351627249359));
#4863=CARTESIAN_POINT('Ctrl Pts',(-105.445167606103,112.211500784782,4.10351627249359));
#4864=CARTESIAN_POINT('Ctrl Pts',(-104.86567846294,111.836555827729,4.10351627249359));
#4865=CARTESIAN_POINT('Ctrl Pts',(-104.297328492401,111.43088635753,4.10351627249359));
#4866=CARTESIAN_POINT('Ctrl Pts',(-103.741699647237,110.993494809609,4.10351627249359));
#4867=CARTESIAN_POINT('Origin',(-114.191758712505,62.6331359959282,80.1035162724936));
#4868=CARTESIAN_POINT('',(-97.9716816853656,52.0326805545063,4.10351627249359));
#4869=CARTESIAN_POINT('',(-97.9716816853628,52.0326805545059,2.10351627249359));
#4870=CARTESIAN_POINT('',(-99.7459253307405,75.547409194146,10.1035162724936));
#4871=CARTESIAN_POINT('Origin',(-114.191758712505,62.6331359959282,10.1035162724936));
#4872=CARTESIAN_POINT('',(-99.7459253307405,75.547409194146,4.10351627249359));
#4873=CARTESIAN_POINT('',(-99.7459253307405,75.547409194146,80.1035162724936));
#4874=CARTESIAN_POINT('',(-98.3108128478885,73.7352129537334,4.10351627249359));
#4875=CARTESIAN_POINT('Origin',(-114.191758712505,62.6331359959282,4.10351627249359));
#4876=CARTESIAN_POINT('',(-98.3108128478885,73.7352129537334,2.10351627249359));
#4877=CARTESIAN_POINT('',(-98.3108128476279,73.7352129540025,2.10351627249359));
#4878=CARTESIAN_POINT('',(-96.1457859962124,69.6902900295831,2.10351627249359));
#4879=CARTESIAN_POINT('Origin',(-114.191758712505,62.6331359959282,2.10351627249359));
#4880=CARTESIAN_POINT('',(-96.1457859962124,69.6902900295831,4.10351627249359));
#4881=CARTESIAN_POINT('',(-96.1457859962091,69.6902900295827,2.10351627249359));
#4882=CARTESIAN_POINT('Origin',(-114.191758712505,62.6331359959282,4.10351627249359));
#4883=CARTESIAN_POINT('Origin',(-99.7459253307405,75.547409194146,80.1035162724936));
#4884=CARTESIAN_POINT('',(-115.738245838606,93.4363289884307,2.10351627249359));
#4885=CARTESIAN_POINT('',(-99.7459253307405,75.547409194146,2.10351627249359));
#4886=CARTESIAN_POINT('',(-115.738245838606,93.4363289884307,4.10351627249359));
#4887=CARTESIAN_POINT('',(-115.738245838605,93.4363289884331,2.10351627249359));
#4888=CARTESIAN_POINT('',(-75.5627511896816,48.4962465834507,4.10351627249359));
#4889=CARTESIAN_POINT('',(-70.2892658568477,42.597355543279,10.1035162724936));
#4890=CARTESIAN_POINT('Origin',(65.9370497025956,88.8736057702273,80.1035162724936));
#4891=CARTESIAN_POINT('',(46.5851978507437,108.412178642983,10.1035162724936));
#4892=CARTESIAN_POINT('',(83.1150511734275,110.348387852197,10.1035162724936));
#4893=CARTESIAN_POINT('Origin',(65.9370497025956,88.8736057702273,10.1035162724936));
#4894=CARTESIAN_POINT('',(83.1150511734275,110.348387852197,2.10351627249359));
#4895=CARTESIAN_POINT('',(83.1150511734275,110.348387852197,80.1035162724936));
#4896=CARTESIAN_POINT('',(46.5851978507437,108.412178642983,2.10351627249359));
#4897=CARTESIAN_POINT('Origin',(65.9370497025956,88.8736057702273,2.10351627249359));
#4898=CARTESIAN_POINT('',(46.5851978507437,108.412178642983,80.1035162724936));
#4899=CARTESIAN_POINT('Origin',(-29.0629502974044,36.3926662216292,80.1035162724936));
#4900=CARTESIAN_POINT('',(-9.71109844555251,16.8540933488737,10.1035162724936));
#4901=CARTESIAN_POINT('Origin',(-29.0629502974044,36.3926662216292,10.1035162724936));
#4902=CARTESIAN_POINT('',(-9.71109844555251,16.8540933488737,2.10351627249359));
#4903=CARTESIAN_POINT('Origin',(-29.0629502974044,36.3926662216292,2.10351627249359));
#4904=CARTESIAN_POINT('',(-9.71109844555251,16.8540933488737,80.1035162724936));
#4905=CARTESIAN_POINT('Origin',(18.4370497025956,-11.5656490114979,80.1035162724936));
#4906=CARTESIAN_POINT('',(39.365802592677,22.5222858403805,4.10351627249359));
#4907=CARTESIAN_POINT('',(39.365802592677,22.5222858403805,2.10351627249359));
#4908=CARTESIAN_POINT('',(39.365802592677,22.5222858403805,2.10351627249359));
#4909=CARTESIAN_POINT('',(46.5851978507437,16.8540933488737,2.10351627249359));
#4910=CARTESIAN_POINT('Origin',(18.4370497025956,-11.5656490114979,2.10351627249359));
#4911=CARTESIAN_POINT('',(46.5851978507437,16.8540933488737,10.1035162724936));
#4912=CARTESIAN_POINT('',(46.5851978507437,16.8540933488737,80.1035162724936));
#4913=CARTESIAN_POINT('Origin',(18.4370497025956,-11.5656490114979,10.1035162724936));
#4914=CARTESIAN_POINT('',(-0.933936764024605,23.4309920174639,2.10351627249359));
#4915=CARTESIAN_POINT('Origin',(18.4370497025956,-11.5656490114979,2.10351627249359));
#4916=CARTESIAN_POINT('',(-0.933936764024601,23.4309920174639,4.10351627249359));
#4917=CARTESIAN_POINT('',(-0.933936764025728,23.4309920174641,2.10351627249359));
#4918=CARTESIAN_POINT('Origin',(18.4370497025956,-11.5656490114979,4.10351627249359));
#4919=CARTESIAN_POINT('Origin',(65.9370497025956,36.3926662216293,80.1035162724936));
#4920=CARTESIAN_POINT('',(82.5233924848607,14.4576888314152,4.10351627249359));
#4921=CARTESIAN_POINT('',(83.1150511734275,14.9178841396594,4.10351627249359));
#4922=CARTESIAN_POINT('Origin',(65.9370497025956,36.3926662216293,4.10351627249359));
#4923=CARTESIAN_POINT('',(83.1150511734275,14.9178841396594,10.1035162724936));
#4924=CARTESIAN_POINT('',(83.1150511734275,14.9178841396594,80.1035162724936));
#4925=CARTESIAN_POINT('Origin',(65.9370497025956,36.3926662216293,10.1035162724936));
#4926=CARTESIAN_POINT('',(82.5233924848607,14.4576888314152,2.10351627249359));
#4927=CARTESIAN_POINT('Origin',(65.9370497025956,36.3926662216293,2.10351627249359));
#4928=CARTESIAN_POINT('',(82.5233924848607,14.4576888314152,2.10351627249359));
#4929=CARTESIAN_POINT('Origin',(104.977962136305,-12.4136566919386,80.1035162724936));
#4930=CARTESIAN_POINT('',(131.004476271031,10.9876373320017,4.10351627249359));
#4931=CARTESIAN_POINT('',(131.004476271031,10.9876373320016,10.1035162724936));
#4932=CARTESIAN_POINT('',(131.004476271031,10.9876373320017,80.1035162724936));
#4933=CARTESIAN_POINT('Origin',(104.977962136305,-12.4136566919386,10.1035162724936));
#4934=CARTESIAN_POINT('',(103.67394047117,22.5620424075341,4.10351627249359));
#4935=CARTESIAN_POINT('Origin',(104.977962136305,-12.4136566919386,4.10351627249359));
#4936=CARTESIAN_POINT('',(103.67394047117,22.5620424075341,2.10351627249359));
#4937=CARTESIAN_POINT('',(103.673940471175,22.5620424075364,2.10351627249359));
#4938=CARTESIAN_POINT('',(127.872304226599,14.0598980420325,2.10351627249359));
#4939=CARTESIAN_POINT('Origin',(104.977962136305,-12.4136566919386,2.10351627249359));
#4940=CARTESIAN_POINT('',(127.872304226599,14.0598980420324,4.10351627249359));
#4941=CARTESIAN_POINT('',(127.872304226599,14.0598980420325,2.10351627249359));
#4942=CARTESIAN_POINT('Origin',(104.977962136305,-12.4136566919386,4.10351627249359));
#4943=CARTESIAN_POINT('Origin',(151.065858117696,62.6331359959283,80.1035162724936));
#4944=CARTESIAN_POINT('',(132.375469657169,67.7448806615495,4.10351627249359));
#4945=CARTESIAN_POINT('',(132.375469657169,67.7448806615495,2.10351627249359));
#4946=CARTESIAN_POINT('',(132.375469657169,67.7448806615495,2.10351627249359));
#4947=CARTESIAN_POINT('',(136.620024735932,75.5474091941458,2.10351627249359));
#4948=CARTESIAN_POINT('Origin',(151.065858117696,62.6331359959283,2.10351627249359));
#4949=CARTESIAN_POINT('',(136.620024735932,75.5474091941458,10.1035162724936));
#4950=CARTESIAN_POINT('',(136.620024735932,75.5474091941458,80.1035162724936));
#4951=CARTESIAN_POINT('',(136.620024735932,49.7188627977107,10.1035162724936));
#4952=CARTESIAN_POINT('Origin',(151.065858117696,62.6331359959283,10.1035162724936));
#4953=CARTESIAN_POINT('',(136.620024735932,49.7188627977107,4.10351627249359));
#4954=CARTESIAN_POINT('',(136.620024735932,49.7188627977107,80.1035162724936));
#4955=CARTESIAN_POINT('Origin',(151.065858117696,62.6331359959283,4.10351627249359));
#4956=CARTESIAN_POINT('Origin',(18.4370497025956,62.6331359959283,2.10351627249359));
#4957=CARTESIAN_POINT('',(120.823612032603,82.160473575732,2.10351627249359));
#4958=CARTESIAN_POINT('',(149.930997032354,90.4369879564976,2.10351627249359));
#4959=CARTESIAN_POINT('Ctrl Pts',(120.823612032603,82.160473575732,2.10351627249359));
#4960=CARTESIAN_POINT('Ctrl Pts',(128.298282131206,94.1881391594965,2.10351627249359));
#4961=CARTESIAN_POINT('Ctrl Pts',(142.919736423042,95.8776900840862,2.10351627249359));
#4962=CARTESIAN_POINT('Ctrl Pts',(149.930997032354,90.4369879564976,2.10351627249359));
#4963=CARTESIAN_POINT('',(143.185051524059,82.8910112437911,2.10351627249359));
#4964=CARTESIAN_POINT('',(136.620024735932,75.5474091941458,2.10351627249359));
#4965=CARTESIAN_POINT('Ctrl Pts',(143.185051524059,82.891011243791,2.10351627249359));
#4966=CARTESIAN_POINT('Ctrl Pts',(138.958542512635,88.1565384484573,2.10351627249359));
#4967=CARTESIAN_POINT('Ctrl Pts',(126.632949656181,86.8253807534433,2.10351627249359));
#4968=CARTESIAN_POINT('Ctrl Pts',(120.823612032603,82.160473575732,2.10351627249359));
#4969=CARTESIAN_POINT('Origin',(18.4370497025956,62.6331359959283,2.10351627249359));
#4970=CARTESIAN_POINT('',(112.561613913249,69.1625678254574,2.10351627249359));
#4971=CARTESIAN_POINT('',(137.598860831844,76.6423297469772,2.10351627249359));
#4972=CARTESIAN_POINT('Ctrl Pts',(112.561613913249,69.1625678254574,2.10351627249359));
#4973=CARTESIAN_POINT('Ctrl Pts',(116.529718040425,75.6003204756734,2.10351627249359));
#4974=CARTESIAN_POINT('Ctrl Pts',(128.647206019903,81.1853493655689,2.10351627249359));
#4975=CARTESIAN_POINT('Ctrl Pts',(137.598860831844,76.6423297469773,2.10351627249359));
#4976=CARTESIAN_POINT('',(136.620024735932,75.5474091941458,2.10351627249359));
#4977=CARTESIAN_POINT('',(120.839905450216,57.1875373015214,2.10351627249359));
#4978=CARTESIAN_POINT('Ctrl Pts',(132.375469657169,67.7448806615495,2.10351627249359));
#4979=CARTESIAN_POINT('Ctrl Pts',(127.230277083578,65.4960214211575,2.10351627249359));
#4980=CARTESIAN_POINT('Ctrl Pts',(123.04193615427,61.6777859593369,2.10351627249359));
#4981=CARTESIAN_POINT('Ctrl Pts',(120.839905450216,57.1875373015214,2.10351627249359));
#4982=CARTESIAN_POINT('',(111.584050036143,59.9117226029842,2.10351627249359));
#4983=CARTESIAN_POINT('Ctrl Pts',(120.839905450216,57.1875373015214,2.10351627249359));
#4984=CARTESIAN_POINT('Ctrl Pts',(119.342915106486,58.4162010003536,2.10351627249359));
#4985=CARTESIAN_POINT('Ctrl Pts',(115.440813170146,59.7879502806474,2.10351627249359));
#4986=CARTESIAN_POINT('Ctrl Pts',(111.584050036143,59.9117226029842,2.10351627249359));
#4987=CARTESIAN_POINT('',(110.123819399546,37.5908797774125,2.10351627249359));
#4988=CARTESIAN_POINT('Ctrl Pts',(111.584050036143,59.9117226029842,2.10351627249359));
#4989=CARTESIAN_POINT('Ctrl Pts',(109.635716925334,56.5950993030676,2.10351627249359));
#4990=CARTESIAN_POINT('Ctrl Pts',(107.050965942413,46.0612332345455,2.10351627249359));
#4991=CARTESIAN_POINT('Ctrl Pts',(110.123819399546,37.5908797774125,2.10351627249359));
#4992=CARTESIAN_POINT('',(82.0569274083218,39.0722603288835,2.10351627249359));
#4993=CARTESIAN_POINT('Ctrl Pts',(110.123819399546,37.5908797774125,2.10351627249359));
#4994=CARTESIAN_POINT('Ctrl Pts',(103.904712453402,42.5246934773888,2.10351627249359));
#4995=CARTESIAN_POINT('Ctrl Pts',(92.5764358768129,45.848820778286,2.10351627249359));
#4996=CARTESIAN_POINT('Ctrl Pts',(82.0569274083222,39.0722603288829,2.10351627249359));
#4997=CARTESIAN_POINT('Ctrl Pts',(82.0569274083218,39.0722603288835,2.10351627249359));
#4998=CARTESIAN_POINT('Ctrl Pts',(100.675966975807,51.2991703724225,2.10351627249359));
#4999=CARTESIAN_POINT('Ctrl Pts',(107.682268215927,63.559006313815,2.10351627249359));
#5000=CARTESIAN_POINT('Ctrl Pts',(112.561613913249,69.1625678254574,2.10351627249359));
#5001=CARTESIAN_POINT('Origin',(18.4370497025956,62.6331359959283,2.10351627249359));
#5002=CARTESIAN_POINT('',(97.8937554963564,103.404368640486,2.10351627249359));
#5003=CARTESIAN_POINT('',(94.9964175008444,90.3623631224443,2.10351627249359));
#5004=CARTESIAN_POINT('Ctrl Pts',(97.8937554963575,103.404368640484,2.10351627249359));
#5005=CARTESIAN_POINT('Ctrl Pts',(100.78633599563,98.3737160200778,2.10351627249359));
#5006=CARTESIAN_POINT('Ctrl Pts',(100.461231175733,92.5773708225343,2.10351627249359));
#5007=CARTESIAN_POINT('Ctrl Pts',(94.9964175008444,90.3623631224443,2.10351627249359));
#5008=CARTESIAN_POINT('',(76.3028713949437,89.8455994659887,2.10351627249359));
#5009=CARTESIAN_POINT('Ctrl Pts',(94.9964175008444,90.3623631224443,2.10351627249359));
#5010=CARTESIAN_POINT('Ctrl Pts',(94.4376507358862,95.6800569411571,2.10351627249359));
#5011=CARTESIAN_POINT('Ctrl Pts',(85.1147685873943,104.976007599463,2.10351627249359));
#5012=CARTESIAN_POINT('Ctrl Pts',(76.3028710641196,89.8455996586595,2.10351627249359));
#5013=CARTESIAN_POINT('',(76.0969304581097,89.4786620999656,2.10351627249359));
#5014=CARTESIAN_POINT('Origin',(72.0391096802139,91.9973667276739,2.10351627249359));
#5015=CARTESIAN_POINT('',(72.032046449056,87.2155647279232,2.10351627249359));
#5016=CARTESIAN_POINT('Ctrl Pts',(76.0969315694479,89.4786614101538,2.10351627249359));
#5017=CARTESIAN_POINT('Ctrl Pts',(75.2537506396281,88.1201719794084,2.10351627249359));
#5018=CARTESIAN_POINT('Ctrl Pts',(73.7485380910543,87.2155647279232,2.10351627249359));
#5019=CARTESIAN_POINT('Ctrl Pts',(72.032046449056,87.2155647279232,2.10351627249359));
#5020=CARTESIAN_POINT('',(67.2513078982341,91.9963170052975,2.10351627249359));
#5021=CARTESIAN_POINT('Ctrl Pts',(72.032046449056,87.2155647279232,2.10351627249359));
#5022=CARTESIAN_POINT('Ctrl Pts',(69.3917166557618,87.2155647279232,2.10351627249359));
#5023=CARTESIAN_POINT('Ctrl Pts',(67.2513078982341,89.3559872120032,2.10351627249359));
#5024=CARTESIAN_POINT('Ctrl Pts',(67.2513078982341,91.9963170052975,2.10351627249359));
#5025=CARTESIAN_POINT('',(72.032046449056,96.7770692826717,2.10351627249359));
#5026=CARTESIAN_POINT('Ctrl Pts',(67.2513078982341,91.9963170052975,2.10351627249359));
#5027=CARTESIAN_POINT('Ctrl Pts',(67.2513078982341,94.6366467985918,2.10351627249359));
#5028=CARTESIAN_POINT('Ctrl Pts',(69.3917166557618,96.7770692826717,2.10351627249359));
#5029=CARTESIAN_POINT('Ctrl Pts',(72.032046449056,96.7770692826717,2.10351627249359));
#5030=CARTESIAN_POINT('',(76.4069320272115,92.0275311852901,2.10351627249359));
#5031=CARTESIAN_POINT('Ctrl Pts',(72.032046449056,96.7770692826717,2.10351627249359));
#5032=CARTESIAN_POINT('Ctrl Pts',(74.6724036954549,96.7770692826717,2.10351627249359));
#5033=CARTESIAN_POINT('Ctrl Pts',(76.4069320272115,94.6678747051368,2.10351627249359));
#5034=CARTESIAN_POINT('Ctrl Pts',(76.4069320272115,92.0275311852901,2.10351627249359));
#5035=CARTESIAN_POINT('',(69.6180675036418,102.178549982847,2.10351627249359));
#5036=CARTESIAN_POINT('Ctrl Pts',(76.4069320272115,92.0275311852901,2.10351627249359));
#5037=CARTESIAN_POINT('Ctrl Pts',(81.3178806534119,98.4668078741838,2.10351627249359));
#5038=CARTESIAN_POINT('Ctrl Pts',(73.5359000689494,103.205062745552,2.10351627249359));
#5039=CARTESIAN_POINT('Ctrl Pts',(69.6180675036418,102.178549982847,2.10351627249359));
#5040=CARTESIAN_POINT('',(68.1398825366008,108.902254562518,2.10351627249359));
#5041=CARTESIAN_POINT('Ctrl Pts',(69.6180675036418,102.178549982847,2.10351627249359));
#5042=CARTESIAN_POINT('Ctrl Pts',(69.576997659078,105.076746788165,2.10351627249359));
#5043=CARTESIAN_POINT('Ctrl Pts',(69.4127457339274,106.619954433581,2.10351627249359));
#5044=CARTESIAN_POINT('Ctrl Pts',(68.1398825366008,108.902254562518,2.10351627249359));
#5045=CARTESIAN_POINT('',(58.0931718101807,104.297710037371,2.10351627249359));
#5046=CARTESIAN_POINT('Ctrl Pts',(68.1398825366008,108.902254562518,2.10351627249359));
#5047=CARTESIAN_POINT('Ctrl Pts',(64.0929654732056,107.572700704079,2.10351627249359));
#5048=CARTESIAN_POINT('Ctrl Pts',(61.6473880043335,107.105435136299,2.10351627249359));
#5049=CARTESIAN_POINT('Ctrl Pts',(58.0931718101807,104.297710037371,2.10351627249359));
#5050=CARTESIAN_POINT('',(52.1480921847331,109.587854671618,2.10351627249359));
#5051=CARTESIAN_POINT('Ctrl Pts',(58.0931718101807,104.297710037371,2.10351627249359));
#5052=CARTESIAN_POINT('Ctrl Pts',(57.9513216184286,107.869249140562,2.10351627249359));
#5053=CARTESIAN_POINT('Ctrl Pts',(55.1247774162598,109.843964684944,2.10351627249359));
#5054=CARTESIAN_POINT('Ctrl Pts',(52.1480921847331,109.587854671618,2.10351627249359));
#5055=CARTESIAN_POINT('',(45.3566160195703,107.24582715327,2.10351627249359));
#5056=CARTESIAN_POINT('Ctrl Pts',(52.1480921847331,109.587854671618,2.10351627249359));
#5057=CARTESIAN_POINT('Ctrl Pts',(49.8129403525056,109.386941752209,2.10351627249359));
#5058=CARTESIAN_POINT('Ctrl Pts',(47.3591631136298,107.909258618388,2.10351627249359));
#5059=CARTESIAN_POINT('Ctrl Pts',(45.3566160195703,107.24582715327,2.10351627249359));
#5060=CARTESIAN_POINT('Origin',(18.4370497025956,136.831921003354,2.10351627249359));
#5061=CARTESIAN_POINT('Origin',(104.977962136305,137.679928683795,2.10351627249359));
#5062=CARTESIAN_POINT('Origin',(18.4370497025956,62.6331359959283,2.10351627249359));
#5063=CARTESIAN_POINT('',(43.2524278607158,105.460006702989,2.10351627249359));
#5064=CARTESIAN_POINT('',(40.7718825060832,98.2116449929684,2.10351627249359));
#5065=CARTESIAN_POINT('Ctrl Pts',(43.2524278607159,105.460006702989,2.10351627249359));
#5066=CARTESIAN_POINT('Ctrl Pts',(42.6870062869207,103.381351639139,2.10351627249359));
#5067=CARTESIAN_POINT('Ctrl Pts',(40.9883551483825,100.727642912751,2.10351627249359));
#5068=CARTESIAN_POINT('Ctrl Pts',(40.7718825060832,98.2116449929684,2.10351627249359));
#5069=CARTESIAN_POINT('',(46.0620408668824,92.2665790940731,2.10351627249359));
#5070=CARTESIAN_POINT('Ctrl Pts',(40.7718825060832,98.2116449929684,2.10351627249359));
#5071=CARTESIAN_POINT('Ctrl Pts',(40.5157724927572,95.2349460348893,2.10351627249359));
#5072=CARTESIAN_POINT('Ctrl Pts',(42.4905017636922,92.4084155592729,2.10351627249359));
#5073=CARTESIAN_POINT('Ctrl Pts',(46.0620408668824,92.2665790940731,2.10351627249359));
#5074=CARTESIAN_POINT('',(41.4574963417359,82.2198546411007,2.10351627249359));
#5075=CARTESIAN_POINT('Ctrl Pts',(46.0620408668824,92.2665790940731,2.10351627249359));
#5076=CARTESIAN_POINT('Ctrl Pts',(43.2543020414022,88.7123628999203,2.10351627249359));
#5077=CARTESIAN_POINT('Ctrl Pts',(42.787050200175,86.2667854310482,2.10351627249359));
#5078=CARTESIAN_POINT('Ctrl Pts',(41.4574963417359,82.2198546411007,2.10351627249359));
#5079=CARTESIAN_POINT('',(48.1812009214071,80.741683400612,2.10351627249359));
#5080=CARTESIAN_POINT('Ctrl Pts',(41.4574963417359,82.2198546411007,2.10351627249359));
#5081=CARTESIAN_POINT('Ctrl Pts',(43.7397827441203,80.946991443774,2.10351627249359));
#5082=CARTESIAN_POINT('Ctrl Pts',(45.2830041160889,80.7827532451758,2.10351627249359));
#5083=CARTESIAN_POINT('Ctrl Pts',(48.1812009214071,80.741683400612,2.10351627249359));
#5084=CARTESIAN_POINT('',(58.332233445516,73.9528188770423,2.10351627249359));
#5085=CARTESIAN_POINT('Ctrl Pts',(48.1812009214071,80.741683400612,2.10351627249359));
#5086=CARTESIAN_POINT('Ctrl Pts',(47.1547018852539,76.8238508353044,2.10351627249359));
#5087=CARTESIAN_POINT('Ctrl Pts',(51.8929704831747,69.0418565242896,2.10351627249359));
#5088=CARTESIAN_POINT('Ctrl Pts',(58.332233445516,73.9528188770423,2.10351627249359));
#5089=CARTESIAN_POINT('',(53.5827090746867,78.3276907286455,2.10351627249359));
#5090=CARTESIAN_POINT('Ctrl Pts',(58.332233445516,73.9528188770423,2.10351627249359));
#5091=CARTESIAN_POINT('Ctrl Pts',(55.6919036522217,73.9528188770423,2.10351627249359));
#5092=CARTESIAN_POINT('Ctrl Pts',(53.5827090746867,75.6873472087989,2.10351627249359));
#5093=CARTESIAN_POINT('Ctrl Pts',(53.5827090746867,78.3276907286455,2.10351627249359));
#5094=CARTESIAN_POINT('',(58.3634750786133,83.1084430060197,2.10351627249359));
#5095=CARTESIAN_POINT('Ctrl Pts',(53.5827090746867,78.3276907286455,2.10351627249359));
#5096=CARTESIAN_POINT('Ctrl Pts',(53.5827090746867,80.9680342484921,2.10351627249359));
#5097=CARTESIAN_POINT('Ctrl Pts',(55.723145285319,83.1084430060197,2.10351627249359));
#5098=CARTESIAN_POINT('Ctrl Pts',(58.3634750786133,83.1084430060197,2.10351627249359));
#5099=CARTESIAN_POINT('',(63.1442136294353,78.3276907286455,2.10351627249359));
#5100=CARTESIAN_POINT('Ctrl Pts',(58.3634750786133,83.1084430060197,2.10351627249359));
#5101=CARTESIAN_POINT('Ctrl Pts',(61.0038048719076,83.1084430060197,2.10351627249359));
#5102=CARTESIAN_POINT('Ctrl Pts',(63.1442136294353,80.9680205219397,2.10351627249359));
#5103=CARTESIAN_POINT('Ctrl Pts',(63.1442136294353,78.3276907286455,2.10351627249359));
#5104=CARTESIAN_POINT('',(60.8811169472046,74.2628056082536,2.10351627249359));
#5105=CARTESIAN_POINT('Ctrl Pts',(63.1442136294353,78.3276907286455,2.10351627249359));
#5106=CARTESIAN_POINT('Ctrl Pts',(63.1442136294353,76.6111990866472,2.10351627249359));
#5107=CARTESIAN_POINT('Ctrl Pts',(62.2396063779501,75.1059865380734,2.10351627249359));
#5108=CARTESIAN_POINT('Ctrl Pts',(60.8811169472046,74.2628056082536,2.10351627249359));
#5109=CARTESIAN_POINT('',(60.5141787503866,74.0568661436845,2.10351627249359));
#5110=CARTESIAN_POINT('Origin',(58.3645171127013,78.3169545080604,2.10351627249359));
#5111=CARTESIAN_POINT('',(59.9974015083619,55.3633196768571,2.10351627249359));
#5112=CARTESIAN_POINT('Ctrl Pts',(60.5141787503866,74.0568661436845,2.10351627249359));
#5113=CARTESIAN_POINT('Ctrl Pts',(45.3837570101726,65.244954884987,2.10351627249359));
#5114=CARTESIAN_POINT('Ctrl Pts',(54.6797076835938,55.9220727158993,2.10351627249359));
#5115=CARTESIAN_POINT('Ctrl Pts',(59.9974015083619,55.3633196768571,2.10351627249359));
#5116=CARTESIAN_POINT('',(38.9532790413208,62.8076682537207,2.10351627249359));
#5117=CARTESIAN_POINT('Ctrl Pts',(59.9974015083619,55.3633196768571,2.10351627249359));
#5118=CARTESIAN_POINT('Ctrl Pts',(56.2094770342814,46.0178436026384,2.10351627249359));
#5119=CARTESIAN_POINT('Ctrl Pts',(41.9479186032919,51.703463935992,2.10351627249359));
#5120=CARTESIAN_POINT('Ctrl Pts',(38.9532790413208,62.8076682537207,2.10351627249359));
#5121=CARTESIAN_POINT('',(37.3946954838728,101.60966005333,2.10351627249359));
#5122=CARTESIAN_POINT('Ctrl Pts',(38.9532790413208,62.8076682537207,2.10351627249359));
#5123=CARTESIAN_POINT('Ctrl Pts',(36.3378521528667,72.5057775184025,2.10351627249359));
#5124=CARTESIAN_POINT('Ctrl Pts',(37.4785906311821,90.213431461407,2.10351627249359));
#5125=CARTESIAN_POINT('Ctrl Pts',(37.3946954838728,101.60966005333,2.10351627249359));
#5126=CARTESIAN_POINT('Origin',(18.4370497025956,136.831921003354,2.10351627249359));
#5127=CARTESIAN_POINT('Origin',(18.4370497025956,62.6331359959283,2.10351627249359));
#5128=CARTESIAN_POINT('',(81.8356462072042,17.565892051201,2.10351627249359));
#5129=CARTESIAN_POINT('Ctrl Pts',(81.8356462072042,17.565892051201,2.10351627249359));
#5130=CARTESIAN_POINT('Ctrl Pts',(81.8177300456942,16.5720358703681,2.10351627249359));
#5131=CARTESIAN_POINT('Ctrl Pts',(82.0185978307516,15.1598528999449,2.10351627249359));
#5132=CARTESIAN_POINT('Ctrl Pts',(82.5233924848607,14.4576888314152,2.10351627249359));
#5133=CARTESIAN_POINT('',(77.1978010661113,36.2706942909369,2.10351627249359));
#5134=CARTESIAN_POINT('Ctrl Pts',(39.365802592677,22.5222858403805,2.10351627249359));
#5135=CARTESIAN_POINT('Ctrl Pts',(55.6006547929491,25.2010876896919,2.10351627249359));
#5136=CARTESIAN_POINT('Ctrl Pts',(68.3920086813853,31.4720928969248,2.10351627249359));
#5137=CARTESIAN_POINT('Ctrl Pts',(77.1978010661113,36.2706942909369,2.10351627249359));
#5138=CARTESIAN_POINT('',(71.9606409238485,18.7075019551723,2.10351627249359));
#5139=CARTESIAN_POINT('Ctrl Pts',(77.1978010661113,36.2706942909369,2.10351627249359));
#5140=CARTESIAN_POINT('Ctrl Pts',(74.295198037496,33.3325120386888,2.10351627249359));
#5141=CARTESIAN_POINT('Ctrl Pts',(69.4227386640219,24.4296760973741,2.10351627249359));
#5142=CARTESIAN_POINT('Ctrl Pts',(71.9606409238485,18.7075019551723,2.10351627249359));
#5143=CARTESIAN_POINT('',(78.4002195968934,16.5161608252336,2.10351627249359));
#5144=CARTESIAN_POINT('Ctrl Pts',(71.9606409238485,18.7075019551723,2.10351627249359));
#5145=CARTESIAN_POINT('Ctrl Pts',(74.5095106989848,18.4676235899736,2.10351627249359));
#5146=CARTESIAN_POINT('Ctrl Pts',(76.0231925303447,18.0780159919867,2.10351627249359));
#5147=CARTESIAN_POINT('Ctrl Pts',(78.4002195968934,16.5161608252336,2.10351627249359));
#5148=CARTESIAN_POINT('Ctrl Pts',(78.4002195968934,16.5161608252336,2.10351627249359));
#5149=CARTESIAN_POINT('Ctrl Pts',(79.7109268989868,18.1527433428575,2.10351627249359));
#5150=CARTESIAN_POINT('Ctrl Pts',(81.8356462072042,17.565892051201,2.10351627249359));
#5151=CARTESIAN_POINT('Origin',(18.4370497025956,62.6331359959283,2.10351627249359));
#5152=CARTESIAN_POINT('',(130.916018451721,14.0031104883958,2.10351627249359));
#5153=CARTESIAN_POINT('Ctrl Pts',(130.916018451721,14.0031104883958,2.10351627249359));
#5154=CARTESIAN_POINT('Ctrl Pts',(129.70851322693,14.0243636370275,2.10351627249359));
#5155=CARTESIAN_POINT('Ctrl Pts',(128.762827413405,14.0558871743034,2.10351627249359));
#5156=CARTESIAN_POINT('Ctrl Pts',(127.872304226599,14.0598980420325,2.10351627249359));
#5157=CARTESIAN_POINT('Ctrl Pts',(103.673940471175,22.5620424075364,2.10351627249359));
#5158=CARTESIAN_POINT('Ctrl Pts',(112.417725262325,26.3101525608708,2.10351627249359));
#5159=CARTESIAN_POINT('Ctrl Pts',(126.870256147487,19.133343654122,2.10351627249359));
#5160=CARTESIAN_POINT('Ctrl Pts',(130.916018451721,14.0031104883958,2.10351627249359));
#5161=CARTESIAN_POINT('Origin',(18.4370497025956,62.6331359959283,2.10351627249359));
#5162=CARTESIAN_POINT('',(5.81489274357799,98.8756151543665,2.10351627249359));
#5163=CARTESIAN_POINT('',(4.25620602038578,62.8076682537207,2.10351627249359));
#5164=CARTESIAN_POINT('Ctrl Pts',(5.81489274357799,98.8756151543665,2.10351627249359));
#5165=CARTESIAN_POINT('Ctrl Pts',(5.88410335466529,87.5378442592831,2.10351627249359));
#5166=CARTESIAN_POINT('Ctrl Pts',(6.67054366236352,71.7601304147157,2.10351627249359));
#5167=CARTESIAN_POINT('Ctrl Pts',(4.25620602038578,62.8076682537207,2.10351627249359));
#5168=CARTESIAN_POINT('',(-16.7879164466553,55.3633196768571,2.10351627249359));
#5169=CARTESIAN_POINT('Ctrl Pts',(4.25620602038578,62.8076682537207,2.10351627249359));
#5170=CARTESIAN_POINT('Ctrl Pts',(1.26156645841473,51.703463935992,2.10351627249359));
#5171=CARTESIAN_POINT('Ctrl Pts',(-12.9999919725748,46.0178436026384,2.10351627249359));
#5172=CARTESIAN_POINT('Ctrl Pts',(-16.7879164466553,55.3633196768571,2.10351627249359));
#5173=CARTESIAN_POINT('',(-17.3046936879003,74.0568661432911,2.10351627249359));
#5174=CARTESIAN_POINT('Ctrl Pts',(-16.7879164466553,55.3633196768571,2.10351627249359));
#5175=CARTESIAN_POINT('Ctrl Pts',(-11.4702226218872,55.9220727158993,2.10351627249359));
#5176=CARTESIAN_POINT('Ctrl Pts',(-2.17427194846596,65.244954884987,2.10351627249359));
#5177=CARTESIAN_POINT('Ctrl Pts',(-17.30469368868,74.0568661436845,2.10351627249359));
#5178=CARTESIAN_POINT('',(-17.6716318854944,74.2628056082513,2.10351627249359));
#5179=CARTESIAN_POINT('Origin',(-15.1550320509933,78.3169545080627,2.10351627249359));
#5180=CARTESIAN_POINT('',(-19.9347285677286,78.3276907286455,2.10351627249359));
#5181=CARTESIAN_POINT('Ctrl Pts',(-17.671631885498,74.2628056082536,2.10351627249359));
#5182=CARTESIAN_POINT('Ctrl Pts',(-19.0301213162435,75.1059865380734,2.10351627249359));
#5183=CARTESIAN_POINT('Ctrl Pts',(-19.9347285677286,76.6111990866472,2.10351627249359));
#5184=CARTESIAN_POINT('Ctrl Pts',(-19.9347285677286,78.3276907286455,2.10351627249359));
#5185=CARTESIAN_POINT('',(-15.1539900169067,83.1084430060197,2.10351627249359));
#5186=CARTESIAN_POINT('Ctrl Pts',(-19.9347285677286,78.3276907286455,2.10351627249359));
#5187=CARTESIAN_POINT('Ctrl Pts',(-19.9347285677286,80.9680205219397,2.10351627249359));
#5188=CARTESIAN_POINT('Ctrl Pts',(-17.794319810201,83.1084430060197,2.10351627249359));
#5189=CARTESIAN_POINT('Ctrl Pts',(-15.1539900169067,83.1084430060197,2.10351627249359));
#5190=CARTESIAN_POINT('',(-10.3732240129801,78.3276907286455,2.10351627249359));
#5191=CARTESIAN_POINT('Ctrl Pts',(-15.1539900169067,83.1084430060197,2.10351627249359));
#5192=CARTESIAN_POINT('Ctrl Pts',(-12.5136602236125,83.1084430060197,2.10351627249359));
#5193=CARTESIAN_POINT('Ctrl Pts',(-10.3732240129801,80.9680342484921,2.10351627249359));
#5194=CARTESIAN_POINT('Ctrl Pts',(-10.3732240129801,78.3276907286455,2.10351627249359));
#5195=CARTESIAN_POINT('',(-15.1227483838094,73.9528188770423,2.10351627249359));
#5196=CARTESIAN_POINT('Ctrl Pts',(-10.3732240129801,78.3276907286455,2.10351627249359));
#5197=CARTESIAN_POINT('Ctrl Pts',(-10.3732240129801,75.6873472087989,2.10351627249359));
#5198=CARTESIAN_POINT('Ctrl Pts',(-12.4824185905151,73.9528188770423,2.10351627249359));
#5199=CARTESIAN_POINT('Ctrl Pts',(-15.1227483838094,73.9528188770423,2.10351627249359));
#5200=CARTESIAN_POINT('',(-4.97171585970051,80.741683400612,2.10351627249359));
#5201=CARTESIAN_POINT('Ctrl Pts',(-15.1227483838094,73.9528188770423,2.10351627249359));
#5202=CARTESIAN_POINT('Ctrl Pts',(-8.68348542146808,69.0418565242896,2.10351627249359));
#5203=CARTESIAN_POINT('Ctrl Pts',(-3.94521682354736,76.8238508353044,2.10351627249359));
#5204=CARTESIAN_POINT('Ctrl Pts',(-4.97171585970051,80.741683400612,2.10351627249359));
#5205=CARTESIAN_POINT('',(1.75198871997072,82.2198546411007,2.10351627249359));
#5206=CARTESIAN_POINT('Ctrl Pts',(-4.97171585970051,80.741683400612,2.10351627249359));
#5207=CARTESIAN_POINT('Ctrl Pts',(-2.0735190543823,80.7827532451758,2.10351627249359));
#5208=CARTESIAN_POINT('Ctrl Pts',(-0.530297682413696,80.946991443774,2.10351627249359));
#5209=CARTESIAN_POINT('Ctrl Pts',(1.75198871997072,82.2198546411007,2.10351627249359));
#5210=CARTESIAN_POINT('',(-2.85255580517575,92.2665790940731,2.10351627249359));
#5211=CARTESIAN_POINT('Ctrl Pts',(1.75198871997072,82.2198546411007,2.10351627249359));
#5212=CARTESIAN_POINT('Ctrl Pts',(0.422434861531613,86.2667854310482,2.10351627249359));
#5213=CARTESIAN_POINT('Ctrl Pts',(-0.0448169796955966,88.7123628999203,
2.10351627249359));
#5214=CARTESIAN_POINT('Ctrl Pts',(-2.85255580517575,92.2665790940731,2.10351627249359));
#5215=CARTESIAN_POINT('',(2.43760255562339,98.2116449929684,2.10351627249359));
#5216=CARTESIAN_POINT('Ctrl Pts',(-2.85255580517575,92.2665790940731,2.10351627249359));
#5217=CARTESIAN_POINT('Ctrl Pts',(0.71898329801435,92.4084155592729,2.10351627249359));
#5218=CARTESIAN_POINT('Ctrl Pts',(2.69371256894942,95.2349460348893,2.10351627249359));
#5219=CARTESIAN_POINT('Ctrl Pts',(2.43760255562339,98.2116449929684,2.10351627249359));
#5220=CARTESIAN_POINT('',(1.94912178422366,100.388152908403,2.10351627249359));
#5221=CARTESIAN_POINT('Ctrl Pts',(2.43760255562339,98.2116449929684,2.10351627249359));
#5222=CARTESIAN_POINT('Ctrl Pts',(2.37567251064237,98.9314397101637,2.10351627249359));
#5223=CARTESIAN_POINT('Ctrl Pts',(2.19243228135749,99.6625054877422,2.10351627249359));
#5224=CARTESIAN_POINT('Ctrl Pts',(1.94912178422387,100.388152908403,2.10351627249359));
#5225=CARTESIAN_POINT('Origin',(18.4370497025956,136.831921003354,2.10351627249359));
#5226=CARTESIAN_POINT('Origin',(18.4370497025956,62.6331359959283,2.10351627249359));
#5227=CARTESIAN_POINT('',(-33.988329730957,36.2706942909369,2.10351627249359));
#5228=CARTESIAN_POINT('Ctrl Pts',(-33.988329730957,36.2706942909369,2.10351627249359));
#5229=CARTESIAN_POINT('Ctrl Pts',(-26.065183147408,31.9530842033489,2.10351627249359));
#5230=CARTESIAN_POINT('Ctrl Pts',(-14.9154411952913,26.4434486107203,2.10351627249359));
#5231=CARTESIAN_POINT('Ctrl Pts',(-0.933936764025727,23.4309920174641,2.10351627249359));
#5232=CARTESIAN_POINT('',(-49.0232421200765,16.9846137397895,2.10351627249359));
#5233=CARTESIAN_POINT('Ctrl Pts',(-49.0635509558142,16.9541237400142,2.10351627249359));
#5234=CARTESIAN_POINT('Ctrl Pts',(-49.0568367718184,16.9592106112301,2.10351627249359));
#5235=CARTESIAN_POINT('Ctrl Pts',(-49.0501206071543,16.9642949330174,2.10351627249359));
#5236=CARTESIAN_POINT('Ctrl Pts',(-49.0366843724798,16.9744582837022,2.10351627249359));
#5237=CARTESIAN_POINT('Ctrl Pts',(-49.0299642397974,16.9795373600061,2.10351627249359));
#5238=CARTESIAN_POINT('Ctrl Pts',(-49.0232421200765,16.9846137397895,2.10351627249359));
#5239=CARTESIAN_POINT('',(-39.912846981018,14.035560058098,2.10351627249359));
#5240=CARTESIAN_POINT('Ctrl Pts',(-49.0232421200765,16.9846137397895,2.10351627249359));
#5241=CARTESIAN_POINT('Ctrl Pts',(-46.6236760546061,15.5674227080156,2.10351627249359));
#5242=CARTESIAN_POINT('Ctrl Pts',(-42.6364694938354,13.6009156419247,2.10351627249359));
#5243=CARTESIAN_POINT('Ctrl Pts',(-39.912846981018,14.035560058098,2.10351627249359));
#5244=CARTESIAN_POINT('',(-38.62617487205,17.565892051201,2.10351627249359));
#5245=CARTESIAN_POINT('Ctrl Pts',(-39.912846981018,14.035560058098,2.10351627249359));
#5246=CARTESIAN_POINT('Ctrl Pts',(-38.9647265586548,14.1868678444037,2.10351627249359));
#5247=CARTESIAN_POINT('Ctrl Pts',(-38.6023730303141,16.2455487093736,2.10351627249359));
#5248=CARTESIAN_POINT('Ctrl Pts',(-38.62617487205,17.565892051201,2.10351627249359));
#5249=CARTESIAN_POINT('',(-35.1907482617391,16.5161608252336,2.10351627249359));
#5250=CARTESIAN_POINT('Ctrl Pts',(-38.62617487205,17.565892051201,2.10351627249359));
#5251=CARTESIAN_POINT('Ctrl Pts',(-36.5014418372802,18.1527433428575,2.10351627249359));
#5252=CARTESIAN_POINT('Ctrl Pts',(-35.1907482617391,16.5161608252336,2.10351627249359));
#5253=CARTESIAN_POINT('',(-28.7511833152466,18.7075019551723,2.10351627249359));
#5254=CARTESIAN_POINT('Ctrl Pts',(-35.1907482617391,16.5161608252336,2.10351627249359));
#5255=CARTESIAN_POINT('Ctrl Pts',(-32.8137211951904,18.0780159919867,2.10351627249359));
#5256=CARTESIAN_POINT('Ctrl Pts',(-31.3000393638305,18.4676304532497,2.10351627249359));
#5257=CARTESIAN_POINT('Ctrl Pts',(-28.7511833152466,18.7075019551723,2.10351627249359));
#5258=CARTESIAN_POINT('Ctrl Pts',(-28.7511833152466,18.7075019551723,2.10351627249359));
#5259=CARTESIAN_POINT('Ctrl Pts',(-26.2132810554199,24.4296760973741,2.10351627249359));
#5260=CARTESIAN_POINT('Ctrl Pts',(-31.085740428894,33.3325189019649,2.10351627249359));
#5261=CARTESIAN_POINT('Ctrl Pts',(-33.988329730957,36.2706942909369,2.10351627249359));
#5262=CARTESIAN_POINT('Origin',(18.4370497025956,62.6331359959283,2.10351627249359));
#5263=CARTESIAN_POINT('Ctrl Pts',(-75.1325914741238,21.8733229396528,2.10351627249359));
#5264=CARTESIAN_POINT('Ctrl Pts',(-69.0659184368706,24.021189589127,2.10351627249359));
#5265=CARTESIAN_POINT('Ctrl Pts',(-62.3402209942224,24.5953057298118,2.10351627249359));
#5266=CARTESIAN_POINT('Ctrl Pts',(-58.0442329807636,21.1095270662589,2.10351627249359));
#5267=CARTESIAN_POINT('Origin',(18.4370497025956,62.6331359959283,2.10351627249359));
#5268=CARTESIAN_POINT('',(-10.8171726904687,109.44887246396,2.10351627249359));
#5269=CARTESIAN_POINT('',(-14.8836867484741,104.297710037371,2.10351627249359));
#5270=CARTESIAN_POINT('Ctrl Pts',(-10.8171726904687,109.44887246396,2.10351627249359));
#5271=CARTESIAN_POINT('Ctrl Pts',(-13.0090812732005,108.918472031577,2.10351627249359));
#5272=CARTESIAN_POINT('Ctrl Pts',(-14.7724124108626,107.099402746083,2.10351627249359));
#5273=CARTESIAN_POINT('Ctrl Pts',(-14.8836867484741,104.297710037371,2.10351627249359));
#5274=CARTESIAN_POINT('',(-24.9303974748942,108.902254562518,2.10351627249359));
#5275=CARTESIAN_POINT('Ctrl Pts',(-14.8836867484741,104.297710037371,2.10351627249359));
#5276=CARTESIAN_POINT('Ctrl Pts',(-18.4379029426269,107.105435136299,2.10351627249359));
#5277=CARTESIAN_POINT('Ctrl Pts',(-20.883480411499,107.572700704079,2.10351627249359));
#5278=CARTESIAN_POINT('Ctrl Pts',(-24.9303974748942,108.902254562518,2.10351627249359));
#5279=CARTESIAN_POINT('',(-26.4085824419352,102.178549982847,2.10351627249359));
#5280=CARTESIAN_POINT('Ctrl Pts',(-24.9303974748942,108.902254562518,2.10351627249359));
#5281=CARTESIAN_POINT('Ctrl Pts',(-26.2032606722208,106.619954433581,2.10351627249359));
#5282=CARTESIAN_POINT('Ctrl Pts',(-26.3675125973714,105.076746788165,2.10351627249359));
#5283=CARTESIAN_POINT('Ctrl Pts',(-26.4085824419352,102.178549982847,2.10351627249359));
#5284=CARTESIAN_POINT('',(-33.1974332389526,92.0275311852901,2.10351627249359));
#5285=CARTESIAN_POINT('Ctrl Pts',(-26.4085824419352,102.178549982847,2.10351627249359));
#5286=CARTESIAN_POINT('Ctrl Pts',(-30.3264150072428,103.205062745552,2.10351627249359));
#5287=CARTESIAN_POINT('Ctrl Pts',(-38.1084093182576,98.4668078741838,2.10351627249359));
#5288=CARTESIAN_POINT('Ctrl Pts',(-33.1974332389526,92.0275311852901,2.10351627249359));
#5289=CARTESIAN_POINT('',(-28.8225613873494,96.7770692826717,2.10351627249359));
#5290=CARTESIAN_POINT('Ctrl Pts',(-33.1974332389526,92.0275311852901,2.10351627249359));
#5291=CARTESIAN_POINT('Ctrl Pts',(-33.1974332389526,94.6678747051368,2.10351627249359));
#5292=CARTESIAN_POINT('Ctrl Pts',(-31.4628911806437,96.7770692826717,2.10351627249359));
#5293=CARTESIAN_POINT('Ctrl Pts',(-28.8225613873494,96.7770692826717,2.10351627249359));
#5294=CARTESIAN_POINT('',(-24.0418228365275,91.9963170052975,2.10351627249359));
#5295=CARTESIAN_POINT('Ctrl Pts',(-28.8225613873494,96.7770692826717,2.10351627249359));
#5296=CARTESIAN_POINT('Ctrl Pts',(-26.1822315940552,96.7770692826717,2.10351627249359));
#5297=CARTESIAN_POINT('Ctrl Pts',(-24.0418228365275,94.6366467985918,2.10351627249359));
#5298=CARTESIAN_POINT('Ctrl Pts',(-24.0418228365275,91.9963170052975,2.10351627249359));
#5299=CARTESIAN_POINT('',(-28.8225613873494,87.2155647279232,2.10351627249359));
#5300=CARTESIAN_POINT('Ctrl Pts',(-24.0418228365275,91.9963170052975,2.10351627249359));
#5301=CARTESIAN_POINT('Ctrl Pts',(-24.0418228365275,89.3559872120032,2.10351627249359));
#5302=CARTESIAN_POINT('Ctrl Pts',(-26.1822315940552,87.2155647279232,2.10351627249359));
#5303=CARTESIAN_POINT('Ctrl Pts',(-28.8225613873494,87.2155647279232,2.10351627249359));
#5304=CARTESIAN_POINT('',(-32.887459581253,89.4786618154959,2.10351627249359));
#5305=CARTESIAN_POINT('Ctrl Pts',(-28.8225613873494,87.2155647279232,2.10351627249359));
#5306=CARTESIAN_POINT('Ctrl Pts',(-30.5390393027954,87.2155647279232,2.10351627249359));
#5307=CARTESIAN_POINT('Ctrl Pts',(-32.0442655779215,88.1201719794084,2.10351627249359));
#5308=CARTESIAN_POINT('Ctrl Pts',(-32.8874602342936,89.4786614101538,2.10351627249359));
#5309=CARTESIAN_POINT('',(-33.0933886682957,89.8455992852416,2.10351627249359));
#5310=CARTESIAN_POINT('Origin',(-28.8313382501467,91.9962948021995,2.10351627249359));
#5311=CARTESIAN_POINT('',(-51.7869187125854,90.3623631224443,2.10351627249359));
#5312=CARTESIAN_POINT('Ctrl Pts',(-33.0933865152263,89.8456005391819,2.10351627249359));
#5313=CARTESIAN_POINT('Ctrl Pts',(-41.9052838873879,104.976007238808,2.10351627249359));
#5314=CARTESIAN_POINT('Ctrl Pts',(-51.2281656850186,95.6800568380017,2.10351627249359));
#5315=CARTESIAN_POINT('Ctrl Pts',(-51.7869187125854,90.3623631224443,2.10351627249359));
#5316=CARTESIAN_POINT('Ctrl Pts',(-51.7869187125854,90.3623631224443,2.10351627249359));
#5317=CARTESIAN_POINT('Ctrl Pts',(-58.3562342049272,93.0250494033545,2.10351627249359));
#5318=CARTESIAN_POINT('Ctrl Pts',(-57.4982997521039,100.863026635958,2.10351627249359));
#5319=CARTESIAN_POINT('Ctrl Pts',(-52.5519351706985,106.324904378979,2.10351627249359));
#5320=CARTESIAN_POINT('Origin',(-29.0629502974044,88.8736057702273,2.10351627249359));
#5321=CARTESIAN_POINT('Origin',(18.4370497025956,62.6331359959283,2.10351627249359));
#5322=CARTESIAN_POINT('',(-77.6304752947184,57.1875373015214,2.10351627249359));
#5323=CARTESIAN_POINT('Ctrl Pts',(-77.6304752947184,57.1875373015214,2.10351627249359));
#5324=CARTESIAN_POINT('Ctrl Pts',(-80.7658400186464,63.5809998304723,2.10351627249359));
#5325=CARTESIAN_POINT('Ctrl Pts',(-87.928180191458,68.612047831238,2.10351627249359));
#5326=CARTESIAN_POINT('Ctrl Pts',(-96.1457859962091,69.6902900295827,2.10351627249359));
#5327=CARTESIAN_POINT('',(-69.3521563046468,69.1625678254574,2.10351627249359));
#5328=CARTESIAN_POINT('Ctrl Pts',(-98.3108128476279,73.7352129540025,2.10351627249359));
#5329=CARTESIAN_POINT('Ctrl Pts',(-89.4238639898379,82.9100326245996,2.10351627249359));
#5330=CARTESIAN_POINT('Ctrl Pts',(-73.9403293742648,76.6063257115248,2.10351627249359));
#5331=CARTESIAN_POINT('Ctrl Pts',(-69.3521563046468,69.1625678254574,2.10351627249359));
#5332=CARTESIAN_POINT('',(-38.8474920453698,39.0722660725119,2.10351627249359));
#5333=CARTESIAN_POINT('Ctrl Pts',(-69.3521563046468,69.1625678254574,2.10351627249359));
#5334=CARTESIAN_POINT('Ctrl Pts',(-64.4728386703743,63.5590071912451,2.10351627249359));
#5335=CARTESIAN_POINT('Ctrl Pts',(-57.4665118677987,51.2991742118193,2.10351627249359));
#5336=CARTESIAN_POINT('Ctrl Pts',(-38.8474920453698,39.0722660725119,2.10351627249359));
#5337=CARTESIAN_POINT('',(-66.9143755174967,37.5908797774125,2.10351627249359));
#5338=CARTESIAN_POINT('Ctrl Pts',(-38.8474920453701,39.0722660725115,2.10351627249359));
#5339=CARTESIAN_POINT('Ctrl Pts',(-49.3669852105974,45.8488188999918,2.10351627249359));
#5340=CARTESIAN_POINT('Ctrl Pts',(-60.6952839185992,42.524692083466,2.10351627249359));
#5341=CARTESIAN_POINT('Ctrl Pts',(-66.9143755174967,37.5908797774125,2.10351627249359));
#5342=CARTESIAN_POINT('',(-68.3746061540934,59.9117226029842,2.10351627249359));
#5343=CARTESIAN_POINT('Ctrl Pts',(-66.9143755174967,37.5908797774125,2.10351627249359));
#5344=CARTESIAN_POINT('Ctrl Pts',(-63.8415220603638,46.0612332345455,2.10351627249359));
#5345=CARTESIAN_POINT('Ctrl Pts',(-66.4262867698364,56.5950993030676,2.10351627249359));
#5346=CARTESIAN_POINT('Ctrl Pts',(-68.3746061540934,59.9117226029842,2.10351627249359));
#5347=CARTESIAN_POINT('Ctrl Pts',(-68.3746061540934,59.9117226029842,2.10351627249359));
#5348=CARTESIAN_POINT('Ctrl Pts',(-72.2313830146484,59.7879502806474,2.10351627249359));
#5349=CARTESIAN_POINT('Ctrl Pts',(-76.1334849509888,58.4162010003536,2.10351627249359));
#5350=CARTESIAN_POINT('Ctrl Pts',(-77.6304752947184,57.1875373015214,2.10351627249359));
#5351=CARTESIAN_POINT('Origin',(18.4370497025956,62.6331359959283,2.10351627249359));
#5352=CARTESIAN_POINT('',(-48.6354395637207,73.5023683358639,2.10351627249359));
#5353=CARTESIAN_POINT('Ctrl Pts',(-67.8387230866288,102.680932970076,2.10351627249359));
#5354=CARTESIAN_POINT('Ctrl Pts',(-71.5683298780198,85.6870014981365,2.10351627249359));
#5355=CARTESIAN_POINT('Ctrl Pts',(-62.4865505975831,74.3361649006963,2.10351627249359));
#5356=CARTESIAN_POINT('Ctrl Pts',(-48.6354395637207,73.5023683358639,2.10351627249359));
#5357=CARTESIAN_POINT('',(-46.2793592160238,60.3782332103858,2.10351627249359));
#5358=CARTESIAN_POINT('Ctrl Pts',(-48.6354395637207,73.5023683358639,2.10351627249359));
#5359=CARTESIAN_POINT('Ctrl Pts',(-48.342789468099,69.7846277238338,2.10351627249359));
#5360=CARTESIAN_POINT('Ctrl Pts',(-48.1733489061686,65.8205229506303,2.10351627249359));
#5361=CARTESIAN_POINT('Ctrl Pts',(-46.2793592160238,60.3782332103858,2.10351627249359));
#5362=CARTESIAN_POINT('',(-33.1865892626139,57.9656680998613,2.10351627249359));
#5363=CARTESIAN_POINT('Ctrl Pts',(-46.2793592160238,60.3782332103858,2.10351627249359));
#5364=CARTESIAN_POINT('Ctrl Pts',(-41.4223559404704,58.5475366530229,2.10351627249359));
#5365=CARTESIAN_POINT('Ctrl Pts',(-36.8117442791951,58.1950113361487,2.10351627249359));
#5366=CARTESIAN_POINT('Ctrl Pts',(-33.1865892626139,57.9656680998613,2.10351627249359));
#5367=CARTESIAN_POINT('',(-4.53359176251219,39.7975122866441,2.10351627249359));
#5368=CARTESIAN_POINT('Ctrl Pts',(-33.1865892626139,57.9656680998613,2.10351627249359));
#5369=CARTESIAN_POINT('Ctrl Pts',(-33.3669012539876,45.0525238102088,2.10351627249359));
#5370=CARTESIAN_POINT('Ctrl Pts',(-18.2727450650228,34.9725399209469,2.10351627249359));
#5371=CARTESIAN_POINT('Ctrl Pts',(-4.53359176251219,39.7975122866441,2.10351627249359));
#5372=CARTESIAN_POINT('',(-3.79449927899167,33.3201650048702,2.10351627249359));
#5373=CARTESIAN_POINT('Ctrl Pts',(-4.53359176251219,39.7975122866441,2.10351627249359));
#5374=CARTESIAN_POINT('Ctrl Pts',(-3.58920496238198,38.049003461342,2.10351627249359));
#5375=CARTESIAN_POINT('Ctrl Pts',(-3.26070111208086,35.1918627740353,2.10351627249359));
#5376=CARTESIAN_POINT('Ctrl Pts',(-3.79449927899167,33.3201650048702,2.10351627249359));
#5377=CARTESIAN_POINT('',(-75.0652297426554,103.163992900988,2.10351627249359));
#5378=CARTESIAN_POINT('Ctrl Pts',(-3.79449927899167,33.3201650048702,2.10351627249359));
#5379=CARTESIAN_POINT('Ctrl Pts',(-34.2442475725504,41.7786175411353,2.10351627249359));
#5380=CARTESIAN_POINT('Ctrl Pts',(-63.3390204327596,63.6638482285946,2.10351627249359));
#5381=CARTESIAN_POINT('Ctrl Pts',(-75.0652297426554,103.163992900988,2.10351627249359));
#5382=CARTESIAN_POINT('Origin',(-69.8568058235966,105.057829998445,2.10351627249359));
#5383=CARTESIAN_POINT('Origin',(18.4370497025956,62.6331359959283,2.10351627249359));
#5384=CARTESIAN_POINT('',(-105.365111537903,101.508570690295,2.10351627249359));
#5385=CARTESIAN_POINT('Ctrl Pts',(-81.4095324159953,92.016124420306,2.10351627249359));
#5386=CARTESIAN_POINT('Ctrl Pts',(-86.2703516730957,97.4328415935645,2.10351627249359));
#5387=CARTESIAN_POINT('Ctrl Pts',(-96.7165874315592,103.579577999255,2.10351627249359));
#5388=CARTESIAN_POINT('Ctrl Pts',(-105.365111537903,101.508570690295,2.10351627249359));
#5389=CARTESIAN_POINT('',(-105.521456968913,98.8457979839453,2.10351627249359));
#5390=CARTESIAN_POINT('Ctrl Pts',(-105.365111537903,101.508570690295,2.10351627249359));
#5391=CARTESIAN_POINT('Ctrl Pts',(-105.874833332031,100.727269058368,2.10351627249359));
#5392=CARTESIAN_POINT('Ctrl Pts',(-105.881229905416,99.6574627496212,2.10351627249359));
#5393=CARTESIAN_POINT('Ctrl Pts',(-105.521456968913,98.8457979839453,2.10351627249359));
#5394=CARTESIAN_POINT('Ctrl Pts',(-105.521456968913,98.8457979839453,2.10351627249359));
#5395=CARTESIAN_POINT('Ctrl Pts',(-107.558309262206,98.9401882251866,2.10351627249359));
#5396=CARTESIAN_POINT('Ctrl Pts',(-112.646527171901,98.1817140997052,2.10351627249359));
#5397=CARTESIAN_POINT('Ctrl Pts',(-115.738245838605,93.4363289884331,2.10351627249359));
#5398=CARTESIAN_POINT('',(-103.741699647237,110.993494809609,2.10351627249359));
#5399=CARTESIAN_POINT('Ctrl Pts',(-105.445167606103,112.211500784782,2.10351627249359));
#5400=CARTESIAN_POINT('Ctrl Pts',(-104.86567846294,111.836555827729,2.10351627249359));
#5401=CARTESIAN_POINT('Ctrl Pts',(-104.297328492401,111.43088635753,2.10351627249359));
#5402=CARTESIAN_POINT('Ctrl Pts',(-103.741699647237,110.993494809609,2.10351627249359));
#5403=CARTESIAN_POINT('Ctrl Pts',(-103.741699647237,110.993494809609,2.10351627249359));
#5404=CARTESIAN_POINT('Ctrl Pts',(-103.022944961174,110.152307314585,2.10351627249359));
#5405=CARTESIAN_POINT('Ctrl Pts',(-101.770273953742,109.941221679426,2.10351627249359));
#5406=CARTESIAN_POINT('Ctrl Pts',(-100.745343765026,110.610086148564,2.10351627249359));
#5407=CARTESIAN_POINT('Origin',(18.4370497025956,62.6331359959283,2.10351627249359));
#5408=CARTESIAN_POINT('',(114.537358949056,27.615409857572,2.10351627249359));
#5409=CARTESIAN_POINT('',(93.827436851532,22.8720349821855,2.10351627249359));
#5410=CARTESIAN_POINT('Ctrl Pts',(114.537358949056,27.615409857572,2.10351627249359));
#5411=CARTESIAN_POINT('Ctrl Pts',(108.268222876261,31.3714544138719,2.10351627249359));
#5412=CARTESIAN_POINT('Ctrl Pts',(97.9134334094035,28.3501510240047,2.10351627249359));
#5413=CARTESIAN_POINT('Ctrl Pts',(93.827436851532,22.8720349821855,2.10351627249359));
#5414=CARTESIAN_POINT('',(84.6767817344971,30.2076555380632,2.10351627249359));
#5415=CARTESIAN_POINT('Ctrl Pts',(93.827436851532,22.8720349821855,2.10351627249359));
#5416=CARTESIAN_POINT('Ctrl Pts',(89.6311474457093,22.5420829806138,2.10351627249359));
#5417=CARTESIAN_POINT('Ctrl Pts',(86.3405222359009,24.8924668090949,2.10351627249359));
#5418=CARTESIAN_POINT('Ctrl Pts',(84.6767817344971,30.2076555380632,2.10351627249359));
#5419=CARTESIAN_POINT('Ctrl Pts',(84.6767817344971,30.2076555380632,2.10351627249359));
#5420=CARTESIAN_POINT('Ctrl Pts',(91.5798786265361,34.3204257362494,2.10351627249359));
#5421=CARTESIAN_POINT('Ctrl Pts',(105.101809238464,36.7271090191016,2.10351627249359));
#5422=CARTESIAN_POINT('Ctrl Pts',(114.537358949056,27.615409857572,2.10351627249359));
#5423=CARTESIAN_POINT('Origin',(18.4370497025956,62.6331359959283,2.10351627249359));
#5424=CARTESIAN_POINT('',(89.4888168246257,60.3782332103858,2.10351627249359));
#5425=CARTESIAN_POINT('',(91.8448834457703,73.5023683358639,2.10351627249359));
#5426=CARTESIAN_POINT('Ctrl Pts',(89.4888168246257,60.3782332103858,2.10351627249359));
#5427=CARTESIAN_POINT('Ctrl Pts',(91.3828065147705,65.8205229506303,2.10351627249359));
#5428=CARTESIAN_POINT('Ctrl Pts',(91.5522608032532,69.7846277238338,2.10351627249359));
#5429=CARTESIAN_POINT('Ctrl Pts',(91.8448834457703,73.5023683358639,2.10351627249359));
#5430=CARTESIAN_POINT('',(111.007026955953,102.866360066872,2.10351627249359));
#5431=CARTESIAN_POINT('Ctrl Pts',(91.8448834457703,73.5023683358639,2.10351627249359));
#5432=CARTESIAN_POINT('Ctrl Pts',(105.746325776449,74.339193871956,2.10351627249359));
#5433=CARTESIAN_POINT('Ctrl Pts',(114.843694417348,85.7696097057471,2.10351627249359));
#5434=CARTESIAN_POINT('Ctrl Pts',(111.007026955953,102.866360066872,2.10351627249359));
#5435=CARTESIAN_POINT('',(118.274714804362,103.163992900988,2.10351627249359));
#5436=CARTESIAN_POINT('Ctrl Pts',(111.007026955953,102.866360066872,2.10351627249359));
#5437=CARTESIAN_POINT('Ctrl Pts',(112.895814282766,102.801323661944,2.10351627249359));
#5438=CARTESIAN_POINT('Ctrl Pts',(115.646862447133,102.859483064156,2.10351627249359));
#5439=CARTESIAN_POINT('Ctrl Pts',(118.274714804362,103.163992900988,2.10351627249359));
#5440=CARTESIAN_POINT('',(47.0039843406983,33.3201650048702,2.10351627249359));
#5441=CARTESIAN_POINT('Ctrl Pts',(118.274714804362,103.163992900988,2.10351627249359));
#5442=CARTESIAN_POINT('Ctrl Pts',(106.548505494466,63.6638482285946,2.10351627249359));
#5443=CARTESIAN_POINT('Ctrl Pts',(77.4537463608094,41.7786175411353,2.10351627249359));
#5444=CARTESIAN_POINT('Ctrl Pts',(47.0039843406983,33.3201650048702,2.10351627249359));
#5445=CARTESIAN_POINT('',(47.7430768242188,39.7975122866441,2.10351627249359));
#5446=CARTESIAN_POINT('Ctrl Pts',(47.0039843406983,33.3201650048702,2.10351627249359));
#5447=CARTESIAN_POINT('Ctrl Pts',(46.4701861737875,35.1918627740353,2.10351627249359));
#5448=CARTESIAN_POINT('Ctrl Pts',(46.7986900240886,38.049003461342,2.10351627249359));
#5449=CARTESIAN_POINT('Ctrl Pts',(47.7430768242188,39.7975122866441,2.10351627249359));
#5450=CARTESIAN_POINT('',(76.3960605977682,57.9656680998613,2.10351627249359));
#5451=CARTESIAN_POINT('Ctrl Pts',(47.7430768242188,39.7975122866441,2.10351627249359));
#5452=CARTESIAN_POINT('Ctrl Pts',(61.4822301267294,34.9725399209469,2.10351627249359));
#5453=CARTESIAN_POINT('Ctrl Pts',(76.5763863156942,45.0525238102088,2.10351627249359));
#5454=CARTESIAN_POINT('Ctrl Pts',(76.3960605977682,57.9656680998613,2.10351627249359));
#5455=CARTESIAN_POINT('Ctrl Pts',(76.3960605977682,57.9656680998613,2.10351627249359));
#5456=CARTESIAN_POINT('Ctrl Pts',(80.0212293409017,58.1950113361487,2.10351627249359));
#5457=CARTESIAN_POINT('Ctrl Pts',(84.631841002177,58.5475366530229,2.10351627249359));
#5458=CARTESIAN_POINT('Ctrl Pts',(89.4888168246257,60.3782332103858,2.10351627249359));
#5459=CARTESIAN_POINT('Origin',(18.4370497025956,62.6331359959283,2.10351627249359));
#5460=CARTESIAN_POINT('',(-77.6141406974487,82.160473575732,2.10351627249359));
#5461=CARTESIAN_POINT('',(-100.116956427226,82.7083414587785,2.10351627249359));
#5462=CARTESIAN_POINT('Ctrl Pts',(-77.6141406974487,82.160473575732,2.10351627249359));
#5463=CARTESIAN_POINT('Ctrl Pts',(-83.48970906191,86.8785641417314,2.10351627249359));
#5464=CARTESIAN_POINT('Ctrl Pts',(-96.0309735959066,88.1864575005978,2.10351627249359));
#5465=CARTESIAN_POINT('Ctrl Pts',(-100.116956427226,82.7083414587785,2.10351627249359));
#5466=CARTESIAN_POINT('',(-108.742859175334,88.3822530429969,2.10351627249359));
#5467=CARTESIAN_POINT('Ctrl Pts',(-100.116956427226,82.7083414587785,2.10351627249359));
#5468=CARTESIAN_POINT('Ctrl Pts',(-103.001371774007,83.121785214882,2.10351627249359));
#5469=CARTESIAN_POINT('Ctrl Pts',(-106.947947739888,85.4284499742,2.10351627249359));
#5470=CARTESIAN_POINT('Ctrl Pts',(-108.742859175334,88.3822530429969,2.10351627249359));
#5471=CARTESIAN_POINT('Ctrl Pts',(-108.742859175334,88.3822530429969,2.10351627249359));
#5472=CARTESIAN_POINT('Ctrl Pts',(-103.020451681742,96.1245501646806,2.10351627249359));
#5473=CARTESIAN_POINT('Ctrl Pts',(-85.9127200787557,95.5139107578406,2.10351627249359));
#5474=CARTESIAN_POINT('Ctrl Pts',(-77.6141406974487,82.160473575732,2.10351627249359));
#5475=CARTESIAN_POINT('Origin',(18.4370497025956,62.6331359959283,2.10351627249359));
#5476=CARTESIAN_POINT('',(-50.6179655163778,22.8720349821855,2.10351627249359));
#5477=CARTESIAN_POINT('',(-71.3278738873494,27.615409857572,2.10351627249359));
#5478=CARTESIAN_POINT('Ctrl Pts',(-50.6179655163778,22.8720349821855,2.10351627249359));
#5479=CARTESIAN_POINT('Ctrl Pts',(-54.7039483476969,28.3501510240047,2.10351627249359));
#5480=CARTESIAN_POINT('Ctrl Pts',(-65.0587378145548,31.3714544138719,2.10351627249359));
#5481=CARTESIAN_POINT('Ctrl Pts',(-71.3278738873494,27.615409857572,2.10351627249359));
#5482=CARTESIAN_POINT('',(-41.4673241258951,30.2076555380632,2.10351627249359));
#5483=CARTESIAN_POINT('Ctrl Pts',(-71.3278738873494,27.615409857572,2.10351627249359));
#5484=CARTESIAN_POINT('Ctrl Pts',(-61.8923516298625,36.7271090191016,2.10351627249359));
#5485=CARTESIAN_POINT('Ctrl Pts',(-48.3704072913818,34.3204257362494,2.10351627249359));
#5486=CARTESIAN_POINT('Ctrl Pts',(-41.4673241258951,30.2076555380632,2.10351627249359));
#5487=CARTESIAN_POINT('Ctrl Pts',(-41.4673241258951,30.2076555380632,2.10351627249359));
#5488=CARTESIAN_POINT('Ctrl Pts',(-43.1310371741943,24.8924668090949,2.10351627249359));
#5489=CARTESIAN_POINT('Ctrl Pts',(-46.421676110555,22.5420829806138,2.10351627249359));
#5490=CARTESIAN_POINT('Ctrl Pts',(-50.6179655163778,22.8720349821855,2.10351627249359));
#5491=CARTESIAN_POINT('Origin',(-29.0629502974044,88.8736057702273,80.1035162724936));
#5492=CARTESIAN_POINT('',(-9.71109844555254,108.412178642983,4.10351627249359));
#5493=CARTESIAN_POINT('',(-10.8171726904687,109.44887246396,4.10351627249359));
#5494=CARTESIAN_POINT('Origin',(-29.0629502974044,88.8736057702273,4.10351627249359));
#5495=CARTESIAN_POINT('',(-10.8171726904687,109.44887246396,2.10351627249359));
#5496=CARTESIAN_POINT('',(-9.71109844555253,108.412178642983,10.1035162724936));
#5497=CARTESIAN_POINT('Origin',(-29.0629502974044,88.8736057702273,10.1035162724936));
#5498=CARTESIAN_POINT('',(-9.71109844555253,108.412178642983,80.1035162724936));
#5499=CARTESIAN_POINT('Origin',(18.4370497025956,136.831921003354,80.1035162724936));
#5500=CARTESIAN_POINT('',(45.3566160195703,107.24582715327,4.10351627249359));
#5501=CARTESIAN_POINT('',(45.3566160195703,107.24582715327,2.10351627249359));
#5502=CARTESIAN_POINT('',(43.2524278607159,105.460006702989,4.10351627249359));
#5503=CARTESIAN_POINT('Origin',(18.4370497025956,136.831921003354,4.10351627249359));
#5504=CARTESIAN_POINT('',(43.2524278607158,105.460006702989,2.10351627249359));
#5505=CARTESIAN_POINT('',(37.3946954838728,101.60966005333,4.10351627249359));
#5506=CARTESIAN_POINT('',(37.3946954838728,101.60966005333,2.10351627249359));
#5507=CARTESIAN_POINT('',(5.814892743578,98.8756151543665,4.10351627249359));
#5508=CARTESIAN_POINT('Origin',(18.4370497025956,136.831921003354,4.10351627249359));
#5509=CARTESIAN_POINT('',(5.81489274357799,98.8756151543665,2.10351627249359));
#5510=CARTESIAN_POINT('',(1.94912178422365,100.388152908403,4.10351627249359));
#5511=CARTESIAN_POINT('',(1.94912178422387,100.388152908403,2.10351627249359));
#5512=CARTESIAN_POINT('Origin',(18.4370497025956,136.831921003354,4.10351627249359));
#5513=CARTESIAN_POINT('Origin',(18.4370497025956,136.831921003354,10.1035162724936));
#5514=CARTESIAN_POINT('Origin',(104.977962136305,137.679928683795,80.1035162724936));
#5515=CARTESIAN_POINT('',(131.004476271031,114.278634659855,10.1035162724936));
#5516=CARTESIAN_POINT('',(131.004476271031,114.278634659855,4.10351627249359));
#5517=CARTESIAN_POINT('',(131.004476271031,114.278634659855,80.1035162724936));
#5518=CARTESIAN_POINT('',(97.8937554963563,103.404368640486,4.10351627249359));
#5519=CARTESIAN_POINT('Origin',(104.977962136305,137.679928683795,4.10351627249359));
#5520=CARTESIAN_POINT('',(97.8937554963575,103.404368640484,2.10351627249359));
#5521=CARTESIAN_POINT('Origin',(104.977962136305,137.679928683795,10.1035162724936));
#5522=CARTESIAN_POINT('Ctrl Pts',(-132.613205971722,112.312564504383,2.10351627249359));
#5523=CARTESIAN_POINT('Ctrl Pts',(-132.613205971722,112.312564504383,4.50351627249359));
#5524=CARTESIAN_POINT('Ctrl Pts',(-123.809343218085,116.946156222158,2.10351627249359));
#5525=CARTESIAN_POINT('Ctrl Pts',(-123.809343218085,116.946156222158,4.50351627249359));
#5526=CARTESIAN_POINT('Ctrl Pts',(-112.275210024748,117.711082180577,2.10351627249359));
#5527=CARTESIAN_POINT('Ctrl Pts',(-112.275210024748,117.711082180577,4.50351627249359));
#5528=CARTESIAN_POINT('Ctrl Pts',(-103.741699647237,110.993494809609,2.10351627249359));
#5529=CARTESIAN_POINT('Ctrl Pts',(-103.741699647237,110.993494809609,4.50351627249359));
#5530=CARTESIAN_POINT('',(-103.741699647237,110.993494809609,2.10351627249359));
#5531=CARTESIAN_POINT('Ctrl Pts',(-103.741699647237,110.993494809609,2.10351627249359));
#5532=CARTESIAN_POINT('Ctrl Pts',(-103.741699647237,110.993494809609,4.50351627249359));
#5533=CARTESIAN_POINT('Ctrl Pts',(-102.6804998868,109.751530081571,2.10351627249359));
#5534=CARTESIAN_POINT('Ctrl Pts',(-102.6804998868,109.751530081571,4.50351627249359));
#5535=CARTESIAN_POINT('Ctrl Pts',(-100.455425754517,109.883112812182,2.10351627249359));
#5536=CARTESIAN_POINT('Ctrl Pts',(-100.455425754517,109.883112812182,4.50351627249359));
#5537=CARTESIAN_POINT('Ctrl Pts',(-99.5178473243408,112.19237188989,2.10351627249359));
#5538=CARTESIAN_POINT('Ctrl Pts',(-99.5178473243408,112.19237188989,4.50351627249359));
#5539=CARTESIAN_POINT('Ctrl Pts',(-81.4095324159953,92.016124420306,2.10351627249359));
#5540=CARTESIAN_POINT('Ctrl Pts',(-81.4095324159953,92.016124420306,4.50351627249359));
#5541=CARTESIAN_POINT('Ctrl Pts',(-86.2703516730957,97.4328415935645,2.10351627249359));
#5542=CARTESIAN_POINT('Ctrl Pts',(-86.2703516730957,97.4328415935645,4.50351627249359));
#5543=CARTESIAN_POINT('Ctrl Pts',(-96.7165874315592,103.579577999255,2.10351627249359));
#5544=CARTESIAN_POINT('Ctrl Pts',(-96.7165874315592,103.579577999255,4.50351627249359));
#5545=CARTESIAN_POINT('Ctrl Pts',(-105.365111537903,101.508570690295,2.10351627249359));
#5546=CARTESIAN_POINT('Ctrl Pts',(-105.365111537903,101.508570690295,4.50351627249359));
#5547=CARTESIAN_POINT('',(-105.365111537903,101.508570690295,4.10351627249359));
#5548=CARTESIAN_POINT('Ctrl Pts',(-81.4095324159953,92.016124420306,4.10351627249359));
#5549=CARTESIAN_POINT('Ctrl Pts',(-86.2703516730957,97.4328415935645,4.10351627249359));
#5550=CARTESIAN_POINT('Ctrl Pts',(-96.7165874315592,103.579577999255,4.10351627249359));
#5551=CARTESIAN_POINT('Ctrl Pts',(-105.365111537903,101.508570690295,4.10351627249359));
#5552=CARTESIAN_POINT('',(-105.365111537903,101.508570690295,2.10351627249359));
#5553=CARTESIAN_POINT('Ctrl Pts',(-105.365111537903,101.508570690295,2.10351627249359));
#5554=CARTESIAN_POINT('Ctrl Pts',(-105.365111537903,101.508570690295,4.50351627249359));
#5555=CARTESIAN_POINT('Ctrl Pts',(-105.874833332031,100.727269058368,2.10351627249359));
#5556=CARTESIAN_POINT('Ctrl Pts',(-105.874833332031,100.727269058368,4.50351627249359));
#5557=CARTESIAN_POINT('Ctrl Pts',(-105.881229905416,99.6574627496212,2.10351627249359));
#5558=CARTESIAN_POINT('Ctrl Pts',(-105.881229905416,99.6574627496212,4.50351627249359));
#5559=CARTESIAN_POINT('Ctrl Pts',(-105.521456968913,98.8457979839453,2.10351627249359));
#5560=CARTESIAN_POINT('Ctrl Pts',(-105.521456968913,98.8457979839453,4.50351627249359));
#5561=CARTESIAN_POINT('',(-105.521456968913,98.8457979839453,4.10351627249359));
#5562=CARTESIAN_POINT('Ctrl Pts',(-105.365111537903,101.508570690295,4.10351627249359));
#5563=CARTESIAN_POINT('Ctrl Pts',(-105.874833332031,100.727269058368,4.10351627249359));
#5564=CARTESIAN_POINT('Ctrl Pts',(-105.881229905416,99.6574627496212,4.10351627249359));
#5565=CARTESIAN_POINT('Ctrl Pts',(-105.521456968913,98.8457979839453,4.10351627249359));
#5566=CARTESIAN_POINT('',(-105.521456968913,98.8457979839453,2.10351627249359));
#5567=CARTESIAN_POINT('Ctrl Pts',(-105.521456968913,98.8457979839453,2.10351627249359));
#5568=CARTESIAN_POINT('Ctrl Pts',(-105.521456968913,98.8457979839453,4.50351627249359));
#5569=CARTESIAN_POINT('Ctrl Pts',(-107.558309262206,98.9401882251866,2.10351627249359));
#5570=CARTESIAN_POINT('Ctrl Pts',(-107.558309262206,98.9401882251866,4.50351627249359));
#5571=CARTESIAN_POINT('Ctrl Pts',(-112.646527171901,98.1817140997052,2.10351627249359));
#5572=CARTESIAN_POINT('Ctrl Pts',(-112.646527171901,98.1817140997052,4.50351627249359));
#5573=CARTESIAN_POINT('Ctrl Pts',(-115.738245838605,93.4363289884331,2.10351627249359));
#5574=CARTESIAN_POINT('Ctrl Pts',(-115.738245838605,93.4363289884331,4.50351627249359));
#5575=CARTESIAN_POINT('Ctrl Pts',(-105.521456968913,98.8457979839453,4.10351627249359));
#5576=CARTESIAN_POINT('Ctrl Pts',(-107.558309262206,98.9401882251866,4.10351627249359));
#5577=CARTESIAN_POINT('Ctrl Pts',(-112.646527171901,98.1817140997052,4.10351627249359));
#5578=CARTESIAN_POINT('Ctrl Pts',(-115.738245838605,93.4363289884331,4.10351627249359));
#5579=CARTESIAN_POINT('Ctrl Pts',(-98.3108128476279,73.7352129540025,2.10351627249359));
#5580=CARTESIAN_POINT('Ctrl Pts',(-98.3108128476279,73.7352129540025,4.50351627249359));
#5581=CARTESIAN_POINT('Ctrl Pts',(-89.4238639898379,82.9100326245996,2.10351627249359));
#5582=CARTESIAN_POINT('Ctrl Pts',(-89.4238639898379,82.9100326245996,4.50351627249359));
#5583=CARTESIAN_POINT('Ctrl Pts',(-73.9403293742648,76.6063257115248,2.10351627249359));
#5584=CARTESIAN_POINT('Ctrl Pts',(-73.9403293742648,76.6063257115248,4.50351627249359));
#5585=CARTESIAN_POINT('Ctrl Pts',(-69.3521563046468,69.1625678254574,2.10351627249359));
#5586=CARTESIAN_POINT('Ctrl Pts',(-69.3521563046468,69.1625678254574,4.50351627249359));
#5587=CARTESIAN_POINT('',(-69.3521563046468,69.1625678254574,4.10351627249359));
#5588=CARTESIAN_POINT('Ctrl Pts',(-98.3108128476279,73.7352129540025,4.10351627249359));
#5589=CARTESIAN_POINT('Ctrl Pts',(-89.4238639898379,82.9100326245996,4.10351627249359));
#5590=CARTESIAN_POINT('Ctrl Pts',(-73.9403293742648,76.6063257115248,4.10351627249359));
#5591=CARTESIAN_POINT('Ctrl Pts',(-69.3521563046468,69.1625678254574,4.10351627249359));
#5592=CARTESIAN_POINT('',(-69.3521563046468,69.1625678254574,2.10351627249359));
#5593=CARTESIAN_POINT('Ctrl Pts',(-69.3521563046468,69.1625678254574,2.10351627249359));
#5594=CARTESIAN_POINT('Ctrl Pts',(-69.3521563046468,69.1625678254574,4.50351627249359));
#5595=CARTESIAN_POINT('Ctrl Pts',(-64.4728386703743,63.5590071912451,2.10351627249359));
#5596=CARTESIAN_POINT('Ctrl Pts',(-64.4728386703743,63.5590071912451,4.50351627249359));
#5597=CARTESIAN_POINT('Ctrl Pts',(-57.4665118677987,51.2991742118193,2.10351627249359));
#5598=CARTESIAN_POINT('Ctrl Pts',(-57.4665118677987,51.2991742118193,4.50351627249359));
#5599=CARTESIAN_POINT('Ctrl Pts',(-38.8474920453698,39.0722660725119,2.10351627249359));
#5600=CARTESIAN_POINT('Ctrl Pts',(-38.8474920453698,39.0722660725119,4.50351627249359));
#5601=CARTESIAN_POINT('',(-38.8474920453698,39.0722660725119,4.10351627249359));
#5602=CARTESIAN_POINT('Ctrl Pts',(-69.3521563046468,69.1625678254574,4.10351627249359));
#5603=CARTESIAN_POINT('Ctrl Pts',(-64.4728386703743,63.5590071912451,4.10351627249359));
#5604=CARTESIAN_POINT('Ctrl Pts',(-57.4665118677987,51.2991742118193,4.10351627249359));
#5605=CARTESIAN_POINT('Ctrl Pts',(-38.8474920453698,39.0722660725119,4.10351627249359));
#5606=CARTESIAN_POINT('',(-38.8474920453698,39.0722660725119,2.10351627249359));
#5607=CARTESIAN_POINT('Ctrl Pts',(-38.8474920453701,39.0722660725115,2.10351627249359));
#5608=CARTESIAN_POINT('Ctrl Pts',(-38.8474920453701,39.0722660725115,4.50351627249359));
#5609=CARTESIAN_POINT('Ctrl Pts',(-49.3669852105974,45.8488188999918,2.10351627249359));
#5610=CARTESIAN_POINT('Ctrl Pts',(-49.3669852105974,45.8488188999918,4.50351627249359));
#5611=CARTESIAN_POINT('Ctrl Pts',(-60.6952839185992,42.524692083466,2.10351627249359));
#5612=CARTESIAN_POINT('Ctrl Pts',(-60.6952839185992,42.524692083466,4.50351627249359));
#5613=CARTESIAN_POINT('Ctrl Pts',(-66.9143755174967,37.5908797774125,2.10351627249359));
#5614=CARTESIAN_POINT('Ctrl Pts',(-66.9143755174967,37.5908797774125,4.50351627249359));
#5615=CARTESIAN_POINT('',(-66.9143755174967,37.5908797774125,4.10351627249359));
#5616=CARTESIAN_POINT('Ctrl Pts',(-38.8474920453701,39.0722660725115,4.10351627249359));
#5617=CARTESIAN_POINT('Ctrl Pts',(-49.3669852105974,45.8488188999918,4.10351627249359));
#5618=CARTESIAN_POINT('Ctrl Pts',(-60.6952839185992,42.524692083466,4.10351627249359));
#5619=CARTESIAN_POINT('Ctrl Pts',(-66.9143755174967,37.5908797774125,4.10351627249359));
#5620=CARTESIAN_POINT('',(-66.9143755174967,37.5908797774125,2.10351627249359));
#5621=CARTESIAN_POINT('Ctrl Pts',(-66.9143755174967,37.5908797774125,2.10351627249359));
#5622=CARTESIAN_POINT('Ctrl Pts',(-66.9143755174967,37.5908797774125,4.50351627249359));
#5623=CARTESIAN_POINT('Ctrl Pts',(-63.8415220603638,46.0612332345455,2.10351627249359));
#5624=CARTESIAN_POINT('Ctrl Pts',(-63.8415220603638,46.0612332345455,4.50351627249359));
#5625=CARTESIAN_POINT('Ctrl Pts',(-66.4262867698364,56.5950993030676,2.10351627249359));
#5626=CARTESIAN_POINT('Ctrl Pts',(-66.4262867698364,56.5950993030676,4.50351627249359));
#5627=CARTESIAN_POINT('Ctrl Pts',(-68.3746061540934,59.9117226029842,2.10351627249359));
#5628=CARTESIAN_POINT('Ctrl Pts',(-68.3746061540934,59.9117226029842,4.50351627249359));
#5629=CARTESIAN_POINT('',(-68.3746061540934,59.9117226029842,4.10351627249359));
#5630=CARTESIAN_POINT('Ctrl Pts',(-66.9143755174967,37.5908797774125,4.10351627249359));
#5631=CARTESIAN_POINT('Ctrl Pts',(-63.8415220603638,46.0612332345455,4.10351627249359));
#5632=CARTESIAN_POINT('Ctrl Pts',(-66.4262867698364,56.5950993030676,4.10351627249359));
#5633=CARTESIAN_POINT('Ctrl Pts',(-68.3746061540934,59.9117226029842,4.10351627249359));
#5634=CARTESIAN_POINT('',(-68.3746061540934,59.9117226029842,2.10351627249359));
#5635=CARTESIAN_POINT('Ctrl Pts',(-68.3746061540934,59.9117226029842,2.10351627249359));
#5636=CARTESIAN_POINT('Ctrl Pts',(-68.3746061540934,59.9117226029842,4.50351627249359));
#5637=CARTESIAN_POINT('Ctrl Pts',(-72.2313830146484,59.7879502806474,2.10351627249359));
#5638=CARTESIAN_POINT('Ctrl Pts',(-72.2313830146484,59.7879502806474,4.50351627249359));
#5639=CARTESIAN_POINT('Ctrl Pts',(-76.1334849509888,58.4162010003536,2.10351627249359));
#5640=CARTESIAN_POINT('Ctrl Pts',(-76.1334849509888,58.4162010003536,4.50351627249359));
#5641=CARTESIAN_POINT('Ctrl Pts',(-77.6304752947184,57.1875373015214,2.10351627249359));
#5642=CARTESIAN_POINT('Ctrl Pts',(-77.6304752947184,57.1875373015214,4.50351627249359));
#5643=CARTESIAN_POINT('',(-77.6304752947184,57.1875373015214,4.10351627249359));
#5644=CARTESIAN_POINT('Ctrl Pts',(-68.3746061540934,59.9117226029842,4.10351627249359));
#5645=CARTESIAN_POINT('Ctrl Pts',(-72.2313830146484,59.7879502806474,4.10351627249359));
#5646=CARTESIAN_POINT('Ctrl Pts',(-76.1334849509888,58.4162010003536,4.10351627249359));
#5647=CARTESIAN_POINT('Ctrl Pts',(-77.6304752947184,57.1875373015214,4.10351627249359));
#5648=CARTESIAN_POINT('',(-77.6304752947184,57.1875373015214,2.10351627249359));
#5649=CARTESIAN_POINT('Ctrl Pts',(-77.6304752947184,57.1875373015214,2.10351627249359));
#5650=CARTESIAN_POINT('Ctrl Pts',(-77.6304752947184,57.1875373015214,4.50351627249359));
#5651=CARTESIAN_POINT('Ctrl Pts',(-80.7658400186464,63.5809998304723,2.10351627249359));
#5652=CARTESIAN_POINT('Ctrl Pts',(-80.7658400186464,63.5809998304723,4.50351627249359));
#5653=CARTESIAN_POINT('Ctrl Pts',(-87.928180191458,68.612047831238,2.10351627249359));
#5654=CARTESIAN_POINT('Ctrl Pts',(-87.928180191458,68.612047831238,4.50351627249359));
#5655=CARTESIAN_POINT('Ctrl Pts',(-96.1457859962091,69.6902900295827,2.10351627249359));
#5656=CARTESIAN_POINT('Ctrl Pts',(-96.1457859962091,69.6902900295827,4.50351627249359));
#5657=CARTESIAN_POINT('Ctrl Pts',(-77.6304752947184,57.1875373015214,4.10351627249359));
#5658=CARTESIAN_POINT('Ctrl Pts',(-80.7658400186464,63.5809998304723,4.10351627249359));
#5659=CARTESIAN_POINT('Ctrl Pts',(-87.928180191458,68.612047831238,4.10351627249359));
#5660=CARTESIAN_POINT('Ctrl Pts',(-96.1457859962091,69.6902900295827,4.10351627249359));
#5661=CARTESIAN_POINT('Ctrl Pts',(-97.9716816853628,52.0326805545059,2.10351627249359));
#5662=CARTESIAN_POINT('Ctrl Pts',(-97.9716816853628,52.0326805545059,4.50351627249359));
#5663=CARTESIAN_POINT('Ctrl Pts',(-95.5693971341839,51.6778054258442,2.10351627249359));
#5664=CARTESIAN_POINT('Ctrl Pts',(-95.5693971341839,51.6778054258442,4.50351627249359));
#5665=CARTESIAN_POINT('Ctrl Pts',(-93.5035205218136,50.2087161975395,2.10351627249359));
#5666=CARTESIAN_POINT('Ctrl Pts',(-93.5035205218136,50.2087161975395,4.50351627249359));
#5667=CARTESIAN_POINT('Ctrl Pts',(-92.4389544766439,48.4955137508521,2.10351627249359));
#5668=CARTESIAN_POINT('Ctrl Pts',(-92.4389544766439,48.4955137508521,4.50351627249359));
#5669=CARTESIAN_POINT('',(-92.4389544766439,48.4955137508521,4.10351627249359));
#5670=CARTESIAN_POINT('Ctrl Pts',(-97.9716816853628,52.0326805545059,4.10351627249359));
#5671=CARTESIAN_POINT('Ctrl Pts',(-95.5693971341838,51.6778054258442,4.10351627249359));
#5672=CARTESIAN_POINT('Ctrl Pts',(-93.5035205218136,50.2087161975395,4.10351627249359));
#5673=CARTESIAN_POINT('Ctrl Pts',(-92.4389544766439,48.4955137508521,4.10351627249359));
#5674=CARTESIAN_POINT('',(-92.4389544766439,48.4955137508521,2.10351627249359));
#5675=CARTESIAN_POINT('Ctrl Pts',(-92.4389544766439,48.4955137508521,2.10351627249359));
#5676=CARTESIAN_POINT('Ctrl Pts',(-92.4389544766439,48.4955137508521,4.50351627249359));
#5677=CARTESIAN_POINT('Ctrl Pts',(-94.0077621421509,48.0806836129635,2.10351627249359));
#5678=CARTESIAN_POINT('Ctrl Pts',(-94.0077621421509,48.0806836129635,4.50351627249359));
#5679=CARTESIAN_POINT('Ctrl Pts',(-95.5218008638712,47.113483282865,2.10351627249359));
#5680=CARTESIAN_POINT('Ctrl Pts',(-95.5218008638712,47.113483282865,4.50351627249359));
#5681=CARTESIAN_POINT('Ctrl Pts',(-97.2583744519246,44.8511141079077,2.10351627249359));
#5682=CARTESIAN_POINT('Ctrl Pts',(-97.2583744519246,44.8511141079077,4.50351627249359));
#5683=CARTESIAN_POINT('',(-97.2583744519246,44.8511141079077,4.10351627249359));
#5684=CARTESIAN_POINT('Ctrl Pts',(-92.4389544766439,48.4955137508521,4.10351627249359));
#5685=CARTESIAN_POINT('Ctrl Pts',(-94.0077621421509,48.0806836129635,4.10351627249359));
#5686=CARTESIAN_POINT('Ctrl Pts',(-95.5218008638712,47.113483282865,4.10351627249359));
#5687=CARTESIAN_POINT('Ctrl Pts',(-97.2583744519246,44.8511141079077,4.10351627249359));
#5688=CARTESIAN_POINT('',(-97.2583744519246,44.8511141079077,2.10351627249359));
#5689=CARTESIAN_POINT('Ctrl Pts',(-97.2583744519246,44.8511141079077,2.10351627249359));
#5690=CARTESIAN_POINT('Ctrl Pts',(-97.2583744519246,44.8511141079077,4.50351627249359));
#5691=CARTESIAN_POINT('Ctrl Pts',(-97.915135074585,43.796592315178,2.10351627249359));
#5692=CARTESIAN_POINT('Ctrl Pts',(-97.915135074585,43.796592315178,4.50351627249359));
#5693=CARTESIAN_POINT('Ctrl Pts',(-97.8156724764201,43.0539926975379,2.10351627249359));
#5694=CARTESIAN_POINT('Ctrl Pts',(-97.8156724764201,43.0539926975379,4.50351627249359));
#5695=CARTESIAN_POINT('Ctrl Pts',(-97.3911651191406,40.9633015125403,2.10351627249359));
#5696=CARTESIAN_POINT('Ctrl Pts',(-97.3911651191406,40.9633015125403,4.50351627249359));
#5697=CARTESIAN_POINT('',(-97.3911651191406,40.9633015125403,4.10351627249359));
#5698=CARTESIAN_POINT('Ctrl Pts',(-97.2583744519246,44.8511141079077,4.10351627249359));
#5699=CARTESIAN_POINT('Ctrl Pts',(-97.915135074585,43.796592315178,4.10351627249359));
#5700=CARTESIAN_POINT('Ctrl Pts',(-97.8156724764201,43.0539926975379,4.10351627249359));
#5701=CARTESIAN_POINT('Ctrl Pts',(-97.3911651191406,40.9633015125403,4.10351627249359));
#5702=CARTESIAN_POINT('',(-97.3911651191406,40.9633015125403,2.10351627249359));
#5703=CARTESIAN_POINT('Ctrl Pts',(-97.3911651191406,40.9633015125403,2.10351627249359));
#5704=CARTESIAN_POINT('Ctrl Pts',(-97.3911651191406,40.9633015125403,4.50351627249359));
#5705=CARTESIAN_POINT('Ctrl Pts',(-94.9523685671183,28.3724017653276,2.10351627249359));
#5706=CARTESIAN_POINT('Ctrl Pts',(-94.9523685671183,28.3724017653276,4.50351627249359));
#5707=CARTESIAN_POINT('Ctrl Pts',(-106.369620637227,23.6671112093736,2.10351627249359));
#5708=CARTESIAN_POINT('Ctrl Pts',(-106.369620637227,23.6671112093736,4.50351627249359));
#5709=CARTESIAN_POINT('Ctrl Pts',(-112.398212607035,22.6789847502519,2.10351627249359));
#5710=CARTESIAN_POINT('Ctrl Pts',(-112.398212607035,22.6789847502519,4.50351627249359));
#5711=CARTESIAN_POINT('Ctrl Pts',(-97.3911651191406,40.9633015125403,4.10351627249359));
#5712=CARTESIAN_POINT('Ctrl Pts',(-94.9523685671183,28.3724017653276,4.10351627249359));
#5713=CARTESIAN_POINT('Ctrl Pts',(-106.369620637227,23.6671112093736,4.10351627249359));
#5714=CARTESIAN_POINT('Ctrl Pts',(-112.398212607035,22.6789847502519,4.10351627249359));
#5715=CARTESIAN_POINT('Ctrl Pts',(-75.1325914741239,21.8733229396527,2.10351627249359));
#5716=CARTESIAN_POINT('Ctrl Pts',(-75.1325914741239,21.8733229396527,4.50351627249359));
#5717=CARTESIAN_POINT('Ctrl Pts',(-69.0659184368706,24.021189589127,2.10351627249359));
#5718=CARTESIAN_POINT('Ctrl Pts',(-69.0659184368706,24.021189589127,4.50351627249359));
#5719=CARTESIAN_POINT('Ctrl Pts',(-62.3402209942224,24.5953057298118,2.10351627249359));
#5720=CARTESIAN_POINT('Ctrl Pts',(-62.3402209942224,24.5953057298118,4.50351627249359));
#5721=CARTESIAN_POINT('Ctrl Pts',(-58.0442329807636,21.1095270662589,2.10351627249359));
#5722=CARTESIAN_POINT('Ctrl Pts',(-58.0442329807636,21.1095270662589,4.50351627249359));
#5723=CARTESIAN_POINT('Ctrl Pts',(-75.1325914741238,21.8733229396528,4.10351627249359));
#5724=CARTESIAN_POINT('Ctrl Pts',(-69.0659184368706,24.021189589127,4.10351627249359));
#5725=CARTESIAN_POINT('Ctrl Pts',(-62.3402209942224,24.5953057298118,4.10351627249359));
#5726=CARTESIAN_POINT('Ctrl Pts',(-58.0442329807636,21.1095270662589,4.10351627249359));
#5727=CARTESIAN_POINT('Ctrl Pts',(-49.0635509558142,16.9541237400142,2.10351627249359));
#5728=CARTESIAN_POINT('Ctrl Pts',(-49.0635509558142,16.9541237400142,4.50351627249359));
#5729=CARTESIAN_POINT('Ctrl Pts',(-49.0501185578081,16.9643005357084,2.10351627249359));
#5730=CARTESIAN_POINT('Ctrl Pts',(-49.0501185578081,16.9643005357084,4.50351627249359));
#5731=CARTESIAN_POINT('Ctrl Pts',(-49.0366822737637,16.9744640656843,2.10351627249359));
#5732=CARTESIAN_POINT('Ctrl Pts',(-49.0366822737637,16.9744640656843,4.50351627249359));
#5733=CARTESIAN_POINT('Ctrl Pts',(-49.0232421200765,16.9846137397895,2.10351627249359));
#5734=CARTESIAN_POINT('Ctrl Pts',(-49.0232421200765,16.9846137397895,4.50351627249359));
#5735=CARTESIAN_POINT('',(-49.0232421200765,16.9846137397895,4.10351627249359));
#5736=CARTESIAN_POINT('Ctrl Pts',(-49.0635509558142,16.9541237400142,4.10351627249359));
#5737=CARTESIAN_POINT('Ctrl Pts',(-49.0568367718481,16.9592106112077,4.10351627249359));
#5738=CARTESIAN_POINT('Ctrl Pts',(-49.0501206071689,16.9642949330064,4.10351627249359));
#5739=CARTESIAN_POINT('Ctrl Pts',(-49.0366843724877,16.9744582836963,4.10351627249359));
#5740=CARTESIAN_POINT('Ctrl Pts',(-49.0299642397971,16.9795373600064,4.10351627249359));
#5741=CARTESIAN_POINT('Ctrl Pts',(-49.0232421200765,16.9846137397895,4.10351627249359));
#5742=CARTESIAN_POINT('',(-49.0232421200765,16.9846137397895,2.10351627249359));
#5743=CARTESIAN_POINT('Ctrl Pts',(-49.0232421200765,16.9846137397895,2.10351627249359));
#5744=CARTESIAN_POINT('Ctrl Pts',(-49.0232421200765,16.9846137397895,4.50351627249359));
#5745=CARTESIAN_POINT('Ctrl Pts',(-46.6236760546061,15.5674227080156,2.10351627249359));
#5746=CARTESIAN_POINT('Ctrl Pts',(-46.6236760546061,15.5674227080156,4.50351627249359));
#5747=CARTESIAN_POINT('Ctrl Pts',(-42.6364694938354,13.6009156419247,2.10351627249359));
#5748=CARTESIAN_POINT('Ctrl Pts',(-42.6364694938354,13.6009156419247,4.50351627249359));
#5749=CARTESIAN_POINT('Ctrl Pts',(-39.912846981018,14.035560058098,2.10351627249359));
#5750=CARTESIAN_POINT('Ctrl Pts',(-39.912846981018,14.035560058098,4.50351627249359));
#5751=CARTESIAN_POINT('',(-39.912846981018,14.035560058098,4.10351627249359));
#5752=CARTESIAN_POINT('Ctrl Pts',(-49.0232421200765,16.9846137397895,4.10351627249359));
#5753=CARTESIAN_POINT('Ctrl Pts',(-46.6236760546061,15.5674227080156,4.10351627249359));
#5754=CARTESIAN_POINT('Ctrl Pts',(-42.6364694938354,13.6009156419247,4.10351627249359));
#5755=CARTESIAN_POINT('Ctrl Pts',(-39.912846981018,14.035560058098,4.10351627249359));
#5756=CARTESIAN_POINT('',(-39.912846981018,14.035560058098,2.10351627249359));
#5757=CARTESIAN_POINT('Ctrl Pts',(-39.912846981018,14.035560058098,2.10351627249359));
#5758=CARTESIAN_POINT('Ctrl Pts',(-39.912846981018,14.035560058098,4.50351627249359));
#5759=CARTESIAN_POINT('Ctrl Pts',(-38.9647265586548,14.1868678444037,2.10351627249359));
#5760=CARTESIAN_POINT('Ctrl Pts',(-38.9647265586548,14.1868678444037,4.50351627249359));
#5761=CARTESIAN_POINT('Ctrl Pts',(-38.6023730303141,16.2455487093736,2.10351627249359));
#5762=CARTESIAN_POINT('Ctrl Pts',(-38.6023730303141,16.2455487093736,4.50351627249359));
#5763=CARTESIAN_POINT('Ctrl Pts',(-38.62617487205,17.565892051201,2.10351627249359));
#5764=CARTESIAN_POINT('Ctrl Pts',(-38.62617487205,17.565892051201,4.50351627249359));
#5765=CARTESIAN_POINT('',(-38.62617487205,17.565892051201,4.10351627249359));
#5766=CARTESIAN_POINT('Ctrl Pts',(-39.912846981018,14.035560058098,4.10351627249359));
#5767=CARTESIAN_POINT('Ctrl Pts',(-38.9647265586548,14.1868678444037,4.10351627249359));
#5768=CARTESIAN_POINT('Ctrl Pts',(-38.6023730303141,16.2455487093736,4.10351627249359));
#5769=CARTESIAN_POINT('Ctrl Pts',(-38.62617487205,17.565892051201,4.10351627249359));
#5770=CARTESIAN_POINT('',(-38.62617487205,17.565892051201,2.10351627249359));
#5771=CARTESIAN_POINT('Ctrl Pts',(-38.62617487205,17.565892051201,2.10351627249359));
#5772=CARTESIAN_POINT('Ctrl Pts',(-38.62617487205,17.565892051201,4.50351627249359));
#5773=CARTESIAN_POINT('Ctrl Pts',(-36.5014418372802,18.1527433428575,2.10351627249359));
#5774=CARTESIAN_POINT('Ctrl Pts',(-36.5014418372802,18.1527433428575,4.50351627249359));
#5775=CARTESIAN_POINT('Ctrl Pts',(-35.1907482617391,16.5161608252336,2.10351627249359));
#5776=CARTESIAN_POINT('Ctrl Pts',(-35.1907482617391,16.5161608252336,4.50351627249359));
#5777=CARTESIAN_POINT('',(-35.1907482617391,16.5161608252336,4.10351627249359));
#5778=CARTESIAN_POINT('Ctrl Pts',(-38.62617487205,17.565892051201,4.10351627249359));
#5779=CARTESIAN_POINT('Ctrl Pts',(-36.5014418372802,18.1527433428575,4.10351627249359));
#5780=CARTESIAN_POINT('Ctrl Pts',(-35.1907482617391,16.5161608252336,4.10351627249359));
#5781=CARTESIAN_POINT('',(-35.1907482617391,16.5161608252336,2.10351627249359));
#5782=CARTESIAN_POINT('Ctrl Pts',(-35.1907482617391,16.5161608252336,2.10351627249359));
#5783=CARTESIAN_POINT('Ctrl Pts',(-35.1907482617391,16.5161608252336,4.50351627249359));
#5784=CARTESIAN_POINT('Ctrl Pts',(-32.8137211951904,18.0780159919867,2.10351627249359));
#5785=CARTESIAN_POINT('Ctrl Pts',(-32.8137211951904,18.0780159919867,4.50351627249359));
#5786=CARTESIAN_POINT('Ctrl Pts',(-31.3000393638305,18.4676304532497,2.10351627249359));
#5787=CARTESIAN_POINT('Ctrl Pts',(-31.3000393638305,18.4676304532497,4.50351627249359));
#5788=CARTESIAN_POINT('Ctrl Pts',(-28.7511833152466,18.7075019551723,2.10351627249359));
#5789=CARTESIAN_POINT('Ctrl Pts',(-28.7511833152466,18.7075019551723,4.50351627249359));
#5790=CARTESIAN_POINT('',(-28.7511833152466,18.7075019551723,4.10351627249359));
#5791=CARTESIAN_POINT('Ctrl Pts',(-35.1907482617391,16.5161608252336,4.10351627249359));
#5792=CARTESIAN_POINT('Ctrl Pts',(-32.8137211951904,18.0780159919867,4.10351627249359));
#5793=CARTESIAN_POINT('Ctrl Pts',(-31.3000393638305,18.4676304532497,4.10351627249359));
#5794=CARTESIAN_POINT('Ctrl Pts',(-28.7511833152466,18.7075019551723,4.10351627249359));
#5795=CARTESIAN_POINT('',(-28.7511833152466,18.7075019551723,2.10351627249359));
#5796=CARTESIAN_POINT('Ctrl Pts',(-28.7511833152466,18.7075019551723,2.10351627249359));
#5797=CARTESIAN_POINT('Ctrl Pts',(-28.7511833152466,18.7075019551723,4.50351627249359));
#5798=CARTESIAN_POINT('Ctrl Pts',(-26.2132810554199,24.4296760973741,2.10351627249359));
#5799=CARTESIAN_POINT('Ctrl Pts',(-26.2132810554199,24.4296760973741,4.50351627249359));
#5800=CARTESIAN_POINT('Ctrl Pts',(-31.085740428894,33.3325189019649,2.10351627249359));
#5801=CARTESIAN_POINT('Ctrl Pts',(-31.085740428894,33.3325189019649,4.50351627249359));
#5802=CARTESIAN_POINT('Ctrl Pts',(-33.988329730957,36.2706942909369,2.10351627249359));
#5803=CARTESIAN_POINT('Ctrl Pts',(-33.988329730957,36.2706942909369,4.50351627249359));
#5804=CARTESIAN_POINT('',(-33.988329730957,36.2706942909369,4.10351627249359));
#5805=CARTESIAN_POINT('Ctrl Pts',(-28.7511833152466,18.7075019551723,4.10351627249359));
#5806=CARTESIAN_POINT('Ctrl Pts',(-26.2132810554199,24.4296760973741,4.10351627249359));
#5807=CARTESIAN_POINT('Ctrl Pts',(-31.085740428894,33.3325189019649,4.10351627249359));
#5808=CARTESIAN_POINT('Ctrl Pts',(-33.988329730957,36.2706942909369,4.10351627249359));
#5809=CARTESIAN_POINT('',(-33.988329730957,36.2706942909369,2.10351627249359));
#5810=CARTESIAN_POINT('Ctrl Pts',(-33.988329730957,36.2706942909369,2.10351627249359));
#5811=CARTESIAN_POINT('Ctrl Pts',(-33.988329730957,36.2706942909369,4.50351627249359));
#5812=CARTESIAN_POINT('Ctrl Pts',(-26.065183147408,31.9530842033489,2.10351627249359));
#5813=CARTESIAN_POINT('Ctrl Pts',(-26.065183147408,31.9530842033489,4.50351627249359));
#5814=CARTESIAN_POINT('Ctrl Pts',(-14.9154411952913,26.4434486107203,2.10351627249359));
#5815=CARTESIAN_POINT('Ctrl Pts',(-14.9154411952913,26.4434486107203,4.50351627249359));
#5816=CARTESIAN_POINT('Ctrl Pts',(-0.933936764025728,23.4309920174641,2.10351627249359));
#5817=CARTESIAN_POINT('Ctrl Pts',(-0.933936764025728,23.4309920174641,4.50351627249359));
#5818=CARTESIAN_POINT('Ctrl Pts',(-33.988329730957,36.2706942909369,4.10351627249359));
#5819=CARTESIAN_POINT('Ctrl Pts',(-26.065183147408,31.9530842033489,4.10351627249359));
#5820=CARTESIAN_POINT('Ctrl Pts',(-14.9154411952913,26.4434486107203,4.10351627249359));
#5821=CARTESIAN_POINT('Ctrl Pts',(-0.933936764025727,23.4309920174641,4.10351627249359));
#5822=CARTESIAN_POINT('Ctrl Pts',(39.365802592677,22.5222858403805,2.10351627249359));
#5823=CARTESIAN_POINT('Ctrl Pts',(39.365802592677,22.5222858403805,4.50351627249359));
#5824=CARTESIAN_POINT('Ctrl Pts',(55.6006547929491,25.2010876896919,2.10351627249359));
#5825=CARTESIAN_POINT('Ctrl Pts',(55.6006547929491,25.2010876896919,4.50351627249359));
#5826=CARTESIAN_POINT('Ctrl Pts',(68.3920086813853,31.4720928969248,2.10351627249359));
#5827=CARTESIAN_POINT('Ctrl Pts',(68.3920086813853,31.4720928969248,4.50351627249359));
#5828=CARTESIAN_POINT('Ctrl Pts',(77.1978010661113,36.2706942909369,2.10351627249359));
#5829=CARTESIAN_POINT('Ctrl Pts',(77.1978010661113,36.2706942909369,4.50351627249359));
#5830=CARTESIAN_POINT('',(77.1978010661112,36.2706942909369,4.10351627249359));
#5831=CARTESIAN_POINT('Ctrl Pts',(39.365802592677,22.5222858403805,4.10351627249359));
#5832=CARTESIAN_POINT('Ctrl Pts',(55.6006547929491,25.2010876896919,4.10351627249359));
#5833=CARTESIAN_POINT('Ctrl Pts',(68.3920086813853,31.4720928969248,4.10351627249359));
#5834=CARTESIAN_POINT('Ctrl Pts',(77.1978010661113,36.2706942909369,4.10351627249359));
#5835=CARTESIAN_POINT('',(77.1978010661113,36.2706942909369,2.10351627249359));
#5836=CARTESIAN_POINT('Ctrl Pts',(77.1978010661113,36.2706942909369,2.10351627249359));
#5837=CARTESIAN_POINT('Ctrl Pts',(77.1978010661113,36.2706942909369,4.50351627249359));
#5838=CARTESIAN_POINT('Ctrl Pts',(74.295198037496,33.3325120386888,2.10351627249359));
#5839=CARTESIAN_POINT('Ctrl Pts',(74.295198037496,33.3325120386888,4.50351627249359));
#5840=CARTESIAN_POINT('Ctrl Pts',(69.4227386640219,24.4296760973741,2.10351627249359));
#5841=CARTESIAN_POINT('Ctrl Pts',(69.4227386640219,24.4296760973741,4.50351627249359));
#5842=CARTESIAN_POINT('Ctrl Pts',(71.9606409238485,18.7075019551723,2.10351627249359));
#5843=CARTESIAN_POINT('Ctrl Pts',(71.9606409238485,18.7075019551723,4.50351627249359));
#5844=CARTESIAN_POINT('',(71.9606409238485,18.7075019551723,4.10351627249359));
#5845=CARTESIAN_POINT('Ctrl Pts',(77.1978010661113,36.2706942909369,4.10351627249359));
#5846=CARTESIAN_POINT('Ctrl Pts',(74.295198037496,33.3325120386888,4.10351627249359));
#5847=CARTESIAN_POINT('Ctrl Pts',(69.4227386640219,24.4296760973741,4.10351627249359));
#5848=CARTESIAN_POINT('Ctrl Pts',(71.9606409238485,18.7075019551723,4.10351627249359));
#5849=CARTESIAN_POINT('',(71.9606409238485,18.7075019551723,2.10351627249359));
#5850=CARTESIAN_POINT('Ctrl Pts',(71.9606409238485,18.7075019551723,2.10351627249359));
#5851=CARTESIAN_POINT('Ctrl Pts',(71.9606409238485,18.7075019551723,4.50351627249359));
#5852=CARTESIAN_POINT('Ctrl Pts',(74.5095106989848,18.4676235899736,2.10351627249359));
#5853=CARTESIAN_POINT('Ctrl Pts',(74.5095106989848,18.4676235899736,4.50351627249359));
#5854=CARTESIAN_POINT('Ctrl Pts',(76.0231925303447,18.0780159919867,2.10351627249359));
#5855=CARTESIAN_POINT('Ctrl Pts',(76.0231925303447,18.0780159919867,4.50351627249359));
#5856=CARTESIAN_POINT('Ctrl Pts',(78.4002195968934,16.5161608252336,2.10351627249359));
#5857=CARTESIAN_POINT('Ctrl Pts',(78.4002195968934,16.5161608252336,4.50351627249359));
#5858=CARTESIAN_POINT('',(78.4002195968934,16.5161608252336,4.10351627249359));
#5859=CARTESIAN_POINT('Ctrl Pts',(71.9606409238485,18.7075019551723,4.10351627249359));
#5860=CARTESIAN_POINT('Ctrl Pts',(74.5095106989848,18.4676235899736,4.10351627249359));
#5861=CARTESIAN_POINT('Ctrl Pts',(76.0231925303447,18.0780159919867,4.10351627249359));
#5862=CARTESIAN_POINT('Ctrl Pts',(78.4002195968934,16.5161608252336,4.10351627249359));
#5863=CARTESIAN_POINT('',(78.4002195968934,16.5161608252336,2.10351627249359));
#5864=CARTESIAN_POINT('Ctrl Pts',(78.4002195968934,16.5161608252336,2.10351627249359));
#5865=CARTESIAN_POINT('Ctrl Pts',(78.4002195968934,16.5161608252336,4.50351627249359));
#5866=CARTESIAN_POINT('Ctrl Pts',(79.7109268989868,18.1527433428575,2.10351627249359));
#5867=CARTESIAN_POINT('Ctrl Pts',(79.7109268989868,18.1527433428575,4.50351627249359));
#5868=CARTESIAN_POINT('Ctrl Pts',(81.8356462072042,17.565892051201,2.10351627249359));
#5869=CARTESIAN_POINT('Ctrl Pts',(81.8356462072042,17.565892051201,4.50351627249359));
#5870=CARTESIAN_POINT('',(81.8356462072042,17.565892051201,4.10351627249359));
#5871=CARTESIAN_POINT('Ctrl Pts',(78.4002195968934,16.5161608252336,4.10351627249359));
#5872=CARTESIAN_POINT('Ctrl Pts',(79.7109268989868,18.1527433428575,4.10351627249359));
#5873=CARTESIAN_POINT('Ctrl Pts',(81.8356462072042,17.565892051201,4.10351627249359));
#5874=CARTESIAN_POINT('',(81.8356462072042,17.565892051201,2.10351627249359));
#5875=CARTESIAN_POINT('Ctrl Pts',(81.8356462072042,17.565892051201,2.10351627249359));
#5876=CARTESIAN_POINT('Ctrl Pts',(81.8356462072042,17.565892051201,4.50351627249359));
#5877=CARTESIAN_POINT('Ctrl Pts',(81.8177300456942,16.5720358703681,2.10351627249359));
#5878=CARTESIAN_POINT('Ctrl Pts',(81.8177300456942,16.5720358703681,4.50351627249359));
#5879=CARTESIAN_POINT('Ctrl Pts',(82.0185978307516,15.1598528999449,2.10351627249359));
#5880=CARTESIAN_POINT('Ctrl Pts',(82.0185978307516,15.1598528999449,4.50351627249359));
#5881=CARTESIAN_POINT('Ctrl Pts',(82.5233924848607,14.4576888314152,2.10351627249359));
#5882=CARTESIAN_POINT('Ctrl Pts',(82.5233924848607,14.4576888314152,4.50351627249359));
#5883=CARTESIAN_POINT('Ctrl Pts',(81.8356462072042,17.565892051201,4.10351627249359));
#5884=CARTESIAN_POINT('Ctrl Pts',(81.8177300456942,16.5720358703681,4.10351627249359));
#5885=CARTESIAN_POINT('Ctrl Pts',(82.0185978307516,15.1598528999449,4.10351627249359));
#5886=CARTESIAN_POINT('Ctrl Pts',(82.5233924848607,14.4576888314152,4.10351627249359));
#5887=CARTESIAN_POINT('Ctrl Pts',(103.673940471175,22.5620424075364,2.10351627249359));
#5888=CARTESIAN_POINT('Ctrl Pts',(103.673940471175,22.5620424075364,4.50351627249359));
#5889=CARTESIAN_POINT('Ctrl Pts',(112.417725262325,26.3101525608708,2.10351627249359));
#5890=CARTESIAN_POINT('Ctrl Pts',(112.417725262325,26.3101525608708,4.50351627249359));
#5891=CARTESIAN_POINT('Ctrl Pts',(126.870256147487,19.133343654122,2.10351627249359));
#5892=CARTESIAN_POINT('Ctrl Pts',(126.870256147487,19.133343654122,4.50351627249359));
#5893=CARTESIAN_POINT('Ctrl Pts',(130.916018451721,14.0031104883958,2.10351627249359));
#5894=CARTESIAN_POINT('Ctrl Pts',(130.916018451721,14.0031104883958,4.50351627249359));
#5895=CARTESIAN_POINT('',(130.916018451721,14.0031104883958,4.10351627249359));
#5896=CARTESIAN_POINT('Ctrl Pts',(103.673940471175,22.5620424075364,4.10351627249359));
#5897=CARTESIAN_POINT('Ctrl Pts',(112.417725262325,26.3101525608708,4.10351627249359));
#5898=CARTESIAN_POINT('Ctrl Pts',(126.870256147487,19.133343654122,4.10351627249359));
#5899=CARTESIAN_POINT('Ctrl Pts',(130.916018451721,14.0031104883958,4.10351627249359));
#5900=CARTESIAN_POINT('',(130.916018451721,14.0031104883958,2.10351627249359));
#5901=CARTESIAN_POINT('Ctrl Pts',(130.916018451721,14.0031104883958,2.10351627249359));
#5902=CARTESIAN_POINT('Ctrl Pts',(130.916018451721,14.0031104883958,4.50351627249359));
#5903=CARTESIAN_POINT('Ctrl Pts',(129.70851322693,14.0243636370275,2.10351627249359));
#5904=CARTESIAN_POINT('Ctrl Pts',(129.70851322693,14.0243636370275,4.50351627249359));
#5905=CARTESIAN_POINT('Ctrl Pts',(128.762827413405,14.0558871743034,2.10351627249359));
#5906=CARTESIAN_POINT('Ctrl Pts',(128.762827413405,14.0558871743034,4.50351627249359));
#5907=CARTESIAN_POINT('Ctrl Pts',(127.872304226599,14.0598980420325,2.10351627249359));
#5908=CARTESIAN_POINT('Ctrl Pts',(127.872304226599,14.0598980420325,4.50351627249359));
#5909=CARTESIAN_POINT('Ctrl Pts',(130.916018451721,14.0031104883958,4.10351627249359));
#5910=CARTESIAN_POINT('Ctrl Pts',(129.70851322693,14.0243636370275,4.10351627249359));
#5911=CARTESIAN_POINT('Ctrl Pts',(128.762827413405,14.0558871743034,4.10351627249359));
#5912=CARTESIAN_POINT('Ctrl Pts',(127.872304226599,14.0598980420325,4.10351627249359));
#5913=CARTESIAN_POINT('Ctrl Pts',(140.600677633952,40.9633015125403,2.10351627249359));
#5914=CARTESIAN_POINT('Ctrl Pts',(140.600677633952,40.9633015125403,4.50351627249359));
#5915=CARTESIAN_POINT('Ctrl Pts',(141.025198717784,43.0539926975379,2.10351627249359));
#5916=CARTESIAN_POINT('Ctrl Pts',(141.025198717784,43.0539926975379,4.50351627249359));
#5917=CARTESIAN_POINT('Ctrl Pts',(141.124647589396,43.796592315178,2.10351627249359));
#5918=CARTESIAN_POINT('Ctrl Pts',(141.124647589396,43.796592315178,4.50351627249359));
#5919=CARTESIAN_POINT('Ctrl Pts',(140.467886966736,44.8511141079077,2.10351627249359));
#5920=CARTESIAN_POINT('Ctrl Pts',(140.467886966736,44.8511141079077,4.50351627249359));
#5921=CARTESIAN_POINT('',(140.600677633952,40.9633015125403,2.10351627249359));
#5922=CARTESIAN_POINT('',(140.467886966736,44.8511141079077,2.10351627249359));
#5923=CARTESIAN_POINT('Ctrl Pts',(140.600677633952,40.9633015125403,2.10351627249359));
#5924=CARTESIAN_POINT('Ctrl Pts',(141.025198717784,43.0539926975379,2.10351627249359));
#5925=CARTESIAN_POINT('Ctrl Pts',(141.124647589396,43.796592315178,2.10351627249359));
#5926=CARTESIAN_POINT('Ctrl Pts',(140.467886966736,44.8511141079077,2.10351627249359));
#5927=CARTESIAN_POINT('',(140.600677633952,40.9633015125403,4.10351627249359));
#5928=CARTESIAN_POINT('',(140.600677633952,40.9633015125403,2.10351627249359));
#5929=CARTESIAN_POINT('',(140.467886966736,44.8511141079077,4.10351627249359));
#5930=CARTESIAN_POINT('Ctrl Pts',(140.600677633952,40.9633015125403,4.10351627249359));
#5931=CARTESIAN_POINT('Ctrl Pts',(141.025198717784,43.0539926975379,4.10351627249359));
#5932=CARTESIAN_POINT('Ctrl Pts',(141.124647589396,43.796592315178,4.10351627249359));
#5933=CARTESIAN_POINT('Ctrl Pts',(140.467886966736,44.8511141079077,4.10351627249359));
#5934=CARTESIAN_POINT('',(140.467886966736,44.8511141079077,2.10351627249359));
#5935=CARTESIAN_POINT('Ctrl Pts',(140.467886966736,44.8511141079077,2.10351627249359));
#5936=CARTESIAN_POINT('Ctrl Pts',(140.467886966736,44.8511141079077,4.50351627249359));
#5937=CARTESIAN_POINT('Ctrl Pts',(138.731313378683,47.113483282865,2.10351627249359));
#5938=CARTESIAN_POINT('Ctrl Pts',(138.731313378683,47.113483282865,4.50351627249359));
#5939=CARTESIAN_POINT('Ctrl Pts',(137.217288383514,48.0806836129635,2.10351627249359));
#5940=CARTESIAN_POINT('Ctrl Pts',(137.217288383514,48.0806836129635,4.50351627249359));
#5941=CARTESIAN_POINT('Ctrl Pts',(135.648466991455,48.4955137508521,2.10351627249359));
#5942=CARTESIAN_POINT('Ctrl Pts',(135.648466991455,48.4955137508521,4.50351627249359));
#5943=CARTESIAN_POINT('',(135.648466991455,48.4955137508521,2.10351627249359));
#5944=CARTESIAN_POINT('Ctrl Pts',(140.467886966736,44.8511141079077,2.10351627249359));
#5945=CARTESIAN_POINT('Ctrl Pts',(138.731313378683,47.113483282865,2.10351627249359));
#5946=CARTESIAN_POINT('Ctrl Pts',(137.217288383514,48.0806836129635,2.10351627249359));
#5947=CARTESIAN_POINT('Ctrl Pts',(135.648466991455,48.4955137508521,2.10351627249359));
#5948=CARTESIAN_POINT('',(135.648466991455,48.4955137508521,4.10351627249359));
#5949=CARTESIAN_POINT('Ctrl Pts',(140.467886966736,44.8511141079077,4.10351627249359));
#5950=CARTESIAN_POINT('Ctrl Pts',(138.731313378683,47.113483282865,4.10351627249359));
#5951=CARTESIAN_POINT('Ctrl Pts',(137.217288383514,48.0806836129635,4.10351627249359));
#5952=CARTESIAN_POINT('Ctrl Pts',(135.648466991455,48.4955137508521,4.10351627249359));
#5953=CARTESIAN_POINT('',(135.648466991455,48.4955137508521,2.10351627249359));
#5954=CARTESIAN_POINT('Ctrl Pts',(135.648466991455,48.4955137508521,2.10351627249359));
#5955=CARTESIAN_POINT('Ctrl Pts',(135.648466991455,48.4955137508521,4.50351627249359));
#5956=CARTESIAN_POINT('Ctrl Pts',(135.913851901062,48.9225967660539,2.10351627249359));
#5957=CARTESIAN_POINT('Ctrl Pts',(135.913851901062,48.9225967660539,4.50351627249359));
#5958=CARTESIAN_POINT('Ctrl Pts',(136.241463164148,49.3345093291076,2.10351627249359));
#5959=CARTESIAN_POINT('Ctrl Pts',(136.241463164148,49.3345093291076,4.50351627249359));
#5960=CARTESIAN_POINT('Ctrl Pts',(136.621000124942,49.7177717330483,2.10351627249359));
#5961=CARTESIAN_POINT('Ctrl Pts',(136.621000124942,49.7177717330483,4.50351627249359));
#5962=CARTESIAN_POINT('',(136.621000124942,49.7177717330483,2.10351627249359));
#5963=CARTESIAN_POINT('Origin',(140.006894503814,47.585691644276,2.10351627249359));
#5964=CARTESIAN_POINT('',(136.621000124942,49.7177717330483,4.10351627249359));
#5965=CARTESIAN_POINT('Origin',(140.006894503814,47.585691644276,4.10351627249359));
#5966=CARTESIAN_POINT('',(136.621000124942,49.7177717330483,2.10351627249359));
#5967=CARTESIAN_POINT('Ctrl Pts',(132.375469657169,67.7448806615495,2.10351627249359));
#5968=CARTESIAN_POINT('Ctrl Pts',(132.375469657169,67.7448806615495,4.50351627249359));
#5969=CARTESIAN_POINT('Ctrl Pts',(127.230277083578,65.4960214211575,2.10351627249359));
#5970=CARTESIAN_POINT('Ctrl Pts',(127.230277083578,65.4960214211575,4.50351627249359));
#5971=CARTESIAN_POINT('Ctrl Pts',(123.04193615427,61.6777859593369,2.10351627249359));
#5972=CARTESIAN_POINT('Ctrl Pts',(123.04193615427,61.6777859593369,4.50351627249359));
#5973=CARTESIAN_POINT('Ctrl Pts',(120.839905450216,57.1875373015214,2.10351627249359));
#5974=CARTESIAN_POINT('Ctrl Pts',(120.839905450216,57.1875373015214,4.50351627249359));
#5975=CARTESIAN_POINT('',(120.839905450216,57.1875373015214,4.10351627249359));
#5976=CARTESIAN_POINT('Ctrl Pts',(132.375469657169,67.7448806615495,4.10351627249359));
#5977=CARTESIAN_POINT('Ctrl Pts',(127.230277083578,65.4960214211575,4.10351627249359));
#5978=CARTESIAN_POINT('Ctrl Pts',(123.04193615427,61.6777859593369,4.10351627249359));
#5979=CARTESIAN_POINT('Ctrl Pts',(120.839905450216,57.1875373015214,4.10351627249359));
#5980=CARTESIAN_POINT('',(120.839905450216,57.1875373015214,2.10351627249359));
#5981=CARTESIAN_POINT('Ctrl Pts',(120.839905450216,57.1875373015214,2.10351627249359));
#5982=CARTESIAN_POINT('Ctrl Pts',(120.839905450216,57.1875373015214,4.50351627249359));
#5983=CARTESIAN_POINT('Ctrl Pts',(119.342915106486,58.4162010003536,2.10351627249359));
#5984=CARTESIAN_POINT('Ctrl Pts',(119.342915106486,58.4162010003536,4.50351627249359));
#5985=CARTESIAN_POINT('Ctrl Pts',(115.440813170146,59.7879502806474,2.10351627249359));
#5986=CARTESIAN_POINT('Ctrl Pts',(115.440813170146,59.7879502806474,4.50351627249359));
#5987=CARTESIAN_POINT('Ctrl Pts',(111.584050036143,59.9117226029842,2.10351627249359));
#5988=CARTESIAN_POINT('Ctrl Pts',(111.584050036143,59.9117226029842,4.50351627249359));
#5989=CARTESIAN_POINT('',(111.584050036143,59.9117226029842,4.10351627249359));
#5990=CARTESIAN_POINT('Ctrl Pts',(120.839905450216,57.1875373015214,4.10351627249359));
#5991=CARTESIAN_POINT('Ctrl Pts',(119.342915106486,58.4162010003536,4.10351627249359));
#5992=CARTESIAN_POINT('Ctrl Pts',(115.440813170146,59.7879502806474,4.10351627249359));
#5993=CARTESIAN_POINT('Ctrl Pts',(111.584050036143,59.9117226029842,4.10351627249359));
#5994=CARTESIAN_POINT('',(111.584050036143,59.9117226029842,2.10351627249359));
#5995=CARTESIAN_POINT('Ctrl Pts',(111.584050036143,59.9117226029842,2.10351627249359));
#5996=CARTESIAN_POINT('Ctrl Pts',(111.584050036143,59.9117226029842,4.50351627249359));
#5997=CARTESIAN_POINT('Ctrl Pts',(109.635716925334,56.5950993030676,2.10351627249359));
#5998=CARTESIAN_POINT('Ctrl Pts',(109.635716925334,56.5950993030676,4.50351627249359));
#5999=CARTESIAN_POINT('Ctrl Pts',(107.050965942413,46.0612332345455,2.10351627249359));
#6000=CARTESIAN_POINT('Ctrl Pts',(107.050965942413,46.0612332345455,4.50351627249359));
#6001=CARTESIAN_POINT('Ctrl Pts',(110.123819399546,37.5908797774125,2.10351627249359));
#6002=CARTESIAN_POINT('Ctrl Pts',(110.123819399546,37.5908797774125,4.50351627249359));
#6003=CARTESIAN_POINT('',(110.123819399546,37.5908797774125,4.10351627249359));
#6004=CARTESIAN_POINT('Ctrl Pts',(111.584050036143,59.9117226029842,4.10351627249359));
#6005=CARTESIAN_POINT('Ctrl Pts',(109.635716925334,56.5950993030676,4.10351627249359));
#6006=CARTESIAN_POINT('Ctrl Pts',(107.050965942413,46.0612332345455,4.10351627249359));
#6007=CARTESIAN_POINT('Ctrl Pts',(110.123819399546,37.5908797774125,4.10351627249359));
#6008=CARTESIAN_POINT('',(110.123819399546,37.5908797774125,2.10351627249359));
#6009=CARTESIAN_POINT('Ctrl Pts',(110.123819399546,37.5908797774125,2.10351627249359));
#6010=CARTESIAN_POINT('Ctrl Pts',(110.123819399546,37.5908797774125,4.50351627249359));
#6011=CARTESIAN_POINT('Ctrl Pts',(103.904712453402,42.5246934773888,2.10351627249359));
#6012=CARTESIAN_POINT('Ctrl Pts',(103.904712453402,42.5246934773888,4.50351627249359));
#6013=CARTESIAN_POINT('Ctrl Pts',(92.5764358768129,45.848820778286,2.10351627249359));
#6014=CARTESIAN_POINT('Ctrl Pts',(92.5764358768129,45.848820778286,4.50351627249359));
#6015=CARTESIAN_POINT('Ctrl Pts',(82.0569274083222,39.0722603288829,2.10351627249359));
#6016=CARTESIAN_POINT('Ctrl Pts',(82.0569274083222,39.0722603288829,4.50351627249359));
#6017=CARTESIAN_POINT('',(82.0569274083218,39.0722603288835,4.10351627249359));
#6018=CARTESIAN_POINT('Ctrl Pts',(110.123819399546,37.5908797774125,4.10351627249359));
#6019=CARTESIAN_POINT('Ctrl Pts',(103.904712453402,42.5246934773888,4.10351627249359));
#6020=CARTESIAN_POINT('Ctrl Pts',(92.5764358768129,45.848820778286,4.10351627249359));
#6021=CARTESIAN_POINT('Ctrl Pts',(82.0569274083222,39.0722603288829,4.10351627249359));
#6022=CARTESIAN_POINT('',(82.0569274083218,39.0722603288835,2.10351627249359));
#6023=CARTESIAN_POINT('Ctrl Pts',(82.0569274083218,39.0722603288835,2.10351627249359));
#6024=CARTESIAN_POINT('Ctrl Pts',(82.0569274083218,39.0722603288835,4.50351627249359));
#6025=CARTESIAN_POINT('Ctrl Pts',(100.675966975807,51.2991703724225,2.10351627249359));
#6026=CARTESIAN_POINT('Ctrl Pts',(100.675966975807,51.2991703724225,4.50351627249359));
#6027=CARTESIAN_POINT('Ctrl Pts',(107.682268215927,63.559006313815,2.10351627249359));
#6028=CARTESIAN_POINT('Ctrl Pts',(107.682268215927,63.559006313815,4.50351627249359));
#6029=CARTESIAN_POINT('Ctrl Pts',(112.561613913249,69.1625678254574,2.10351627249359));
#6030=CARTESIAN_POINT('Ctrl Pts',(112.561613913249,69.1625678254574,4.50351627249359));
#6031=CARTESIAN_POINT('',(112.561613913249,69.1625678254574,4.10351627249359));
#6032=CARTESIAN_POINT('Ctrl Pts',(82.0569274083218,39.0722603288835,4.10351627249359));
#6033=CARTESIAN_POINT('Ctrl Pts',(100.675966975807,51.2991703724225,4.10351627249359));
#6034=CARTESIAN_POINT('Ctrl Pts',(107.682268215927,63.559006313815,4.10351627249359));
#6035=CARTESIAN_POINT('Ctrl Pts',(112.561613913249,69.1625678254574,4.10351627249359));
#6036=CARTESIAN_POINT('',(112.561613913249,69.1625678254574,2.10351627249359));
#6037=CARTESIAN_POINT('Ctrl Pts',(112.561613913249,69.1625678254574,2.10351627249359));
#6038=CARTESIAN_POINT('Ctrl Pts',(112.561613913249,69.1625678254574,4.50351627249359));
#6039=CARTESIAN_POINT('Ctrl Pts',(116.529718040425,75.6003204756734,2.10351627249359));
#6040=CARTESIAN_POINT('Ctrl Pts',(116.529718040425,75.6003204756734,4.50351627249359));
#6041=CARTESIAN_POINT('Ctrl Pts',(128.647206019903,81.1853493655688,2.10351627249359));
#6042=CARTESIAN_POINT('Ctrl Pts',(128.647206019903,81.1853493655688,4.50351627249359));
#6043=CARTESIAN_POINT('Ctrl Pts',(137.598860831844,76.6423297469772,2.10351627249359));
#6044=CARTESIAN_POINT('Ctrl Pts',(137.598860831844,76.6423297469772,4.50351627249359));
#6045=CARTESIAN_POINT('',(137.598860831844,76.6423297469772,4.10351627249359));
#6046=CARTESIAN_POINT('Ctrl Pts',(112.561613913249,69.1625678254574,4.10351627249359));
#6047=CARTESIAN_POINT('Ctrl Pts',(116.529718040425,75.6003204756734,4.10351627249359));
#6048=CARTESIAN_POINT('Ctrl Pts',(128.647206019903,81.1853493655689,4.10351627249359));
#6049=CARTESIAN_POINT('Ctrl Pts',(137.598860831844,76.6423297469773,4.10351627249359));
#6050=CARTESIAN_POINT('',(137.598860831844,76.6423297469772,2.10351627249359));
#6051=CARTESIAN_POINT('Ctrl Pts',(143.185051524059,82.8910112437911,2.10351627249359));
#6052=CARTESIAN_POINT('Ctrl Pts',(143.185051524059,82.8910112437911,4.50351627249359));
#6053=CARTESIAN_POINT('Ctrl Pts',(138.958542512635,88.1565384484573,2.10351627249359));
#6054=CARTESIAN_POINT('Ctrl Pts',(138.958542512635,88.1565384484573,4.50351627249359));
#6055=CARTESIAN_POINT('Ctrl Pts',(126.632949656181,86.8253807534433,2.10351627249359));
#6056=CARTESIAN_POINT('Ctrl Pts',(126.632949656181,86.8253807534433,4.50351627249359));
#6057=CARTESIAN_POINT('Ctrl Pts',(120.823612032603,82.160473575732,2.10351627249359));
#6058=CARTESIAN_POINT('Ctrl Pts',(120.823612032603,82.160473575732,4.50351627249359));
#6059=CARTESIAN_POINT('',(143.185051524059,82.8910112437911,4.10351627249359));
#6060=CARTESIAN_POINT('',(143.185051524059,82.8910112437911,2.10351627249359));
#6061=CARTESIAN_POINT('',(120.823612032603,82.160473575732,4.10351627249359));
#6062=CARTESIAN_POINT('Ctrl Pts',(143.185051524059,82.891011243791,4.10351627249359));
#6063=CARTESIAN_POINT('Ctrl Pts',(138.958542512635,88.1565384484573,4.10351627249359));
#6064=CARTESIAN_POINT('Ctrl Pts',(126.632949656181,86.8253807534433,4.10351627249359));
#6065=CARTESIAN_POINT('Ctrl Pts',(120.823612032603,82.160473575732,4.10351627249359));
#6066=CARTESIAN_POINT('',(120.823612032603,82.160473575732,2.10351627249359));
#6067=CARTESIAN_POINT('Ctrl Pts',(120.823612032603,82.160473575732,2.10351627249359));
#6068=CARTESIAN_POINT('Ctrl Pts',(120.823612032603,82.160473575732,4.50351627249359));
#6069=CARTESIAN_POINT('Ctrl Pts',(128.298282131206,94.1881391594965,2.10351627249359));
#6070=CARTESIAN_POINT('Ctrl Pts',(128.298282131206,94.1881391594965,4.50351627249359));
#6071=CARTESIAN_POINT('Ctrl Pts',(142.919736423042,95.8776900840862,2.10351627249359));
#6072=CARTESIAN_POINT('Ctrl Pts',(142.919736423042,95.8776900840862,4.50351627249359));
#6073=CARTESIAN_POINT('Ctrl Pts',(149.930997032354,90.4369879564976,2.10351627249359));
#6074=CARTESIAN_POINT('Ctrl Pts',(149.930997032354,90.4369879564976,4.50351627249359));
#6075=CARTESIAN_POINT('',(149.930997032354,90.4369879564976,4.10351627249359));
#6076=CARTESIAN_POINT('Ctrl Pts',(120.823612032603,82.160473575732,4.10351627249359));
#6077=CARTESIAN_POINT('Ctrl Pts',(128.298282131206,94.1881391594965,4.10351627249359));
#6078=CARTESIAN_POINT('Ctrl Pts',(142.919736423042,95.8776900840862,4.10351627249359));
#6079=CARTESIAN_POINT('Ctrl Pts',(149.930997032354,90.4369879564976,4.10351627249359));
#6080=CARTESIAN_POINT('',(149.930997032354,90.4369879564976,2.10351627249359));
#6081=CARTESIAN_POINT('Ctrl Pts',(97.8937554963575,103.404368640484,2.10351627249359));
#6082=CARTESIAN_POINT('Ctrl Pts',(97.8937554963575,103.404368640484,4.50351627249359));
#6083=CARTESIAN_POINT('Ctrl Pts',(100.78633599563,98.3737160200778,2.10351627249359));
#6084=CARTESIAN_POINT('Ctrl Pts',(100.78633599563,98.3737160200778,4.50351627249359));
#6085=CARTESIAN_POINT('Ctrl Pts',(100.461231175733,92.5773708225343,2.10351627249359));
#6086=CARTESIAN_POINT('Ctrl Pts',(100.461231175733,92.5773708225343,4.50351627249359));
#6087=CARTESIAN_POINT('Ctrl Pts',(94.9964175008444,90.3623631224443,2.10351627249359));
#6088=CARTESIAN_POINT('Ctrl Pts',(94.9964175008444,90.3623631224443,4.50351627249359));
#6089=CARTESIAN_POINT('',(94.9964175008443,90.3623631224443,4.10351627249359));
#6090=CARTESIAN_POINT('Ctrl Pts',(97.8937554963575,103.404368640484,4.10351627249359));
#6091=CARTESIAN_POINT('Ctrl Pts',(100.78633599563,98.3737160200778,4.10351627249359));
#6092=CARTESIAN_POINT('Ctrl Pts',(100.461231175733,92.5773708225343,4.10351627249359));
#6093=CARTESIAN_POINT('Ctrl Pts',(94.9964175008444,90.3623631224443,4.10351627249359));
#6094=CARTESIAN_POINT('',(94.9964175008444,90.3623631224443,2.10351627249359));
#6095=CARTESIAN_POINT('Ctrl Pts',(94.9964175008444,90.3623631224443,2.10351627249359));
#6096=CARTESIAN_POINT('Ctrl Pts',(94.9964175008444,90.3623631224443,4.50351627249359));
#6097=CARTESIAN_POINT('Ctrl Pts',(94.4376507352499,95.6800569472124,2.10351627249359));
#6098=CARTESIAN_POINT('Ctrl Pts',(94.4376507352499,95.6800569472124,4.50351627249359));
#6099=CARTESIAN_POINT('Ctrl Pts',(85.1147685661621,104.976007620634,2.10351627249359));
#6100=CARTESIAN_POINT('Ctrl Pts',(85.1147685661621,104.976007620634,4.50351627249359));
#6101=CARTESIAN_POINT('Ctrl Pts',(76.302871034017,89.8455996069719,2.10351627249359));
#6102=CARTESIAN_POINT('Ctrl Pts',(76.302871034017,89.8455996069719,4.50351627249359));
#6103=CARTESIAN_POINT('',(76.3028713949437,89.8455994659887,4.10351627249359));
#6104=CARTESIAN_POINT('Ctrl Pts',(94.9964175008444,90.3623631224443,4.10351627249359));
#6105=CARTESIAN_POINT('Ctrl Pts',(94.4376507358862,95.6800569411571,4.10351627249359));
#6106=CARTESIAN_POINT('Ctrl Pts',(85.1147685873943,104.976007599463,4.10351627249359));
#6107=CARTESIAN_POINT('Ctrl Pts',(76.3028710641196,89.8455996586595,4.10351627249359));
#6108=CARTESIAN_POINT('',(76.302871034017,89.8455996069719,2.10351627249359));
#6109=CARTESIAN_POINT('Origin',(72.0391096802139,91.9973667276739,2.10351627249359));
#6110=CARTESIAN_POINT('',(76.0969304581097,89.4786620999656,4.10351627249359));
#6111=CARTESIAN_POINT('Origin',(72.0391096802139,91.9973667276739,4.10351627249359));
#6112=CARTESIAN_POINT('',(76.0969315694479,89.4786614101538,2.10351627249359));
#6113=CARTESIAN_POINT('Ctrl Pts',(76.0969315694479,89.4786614101538,2.10351627249359));
#6114=CARTESIAN_POINT('Ctrl Pts',(76.0969315694479,89.4786614101538,4.50351627249359));
#6115=CARTESIAN_POINT('Ctrl Pts',(75.2537506396281,88.1201719794084,2.10351627249359));
#6116=CARTESIAN_POINT('Ctrl Pts',(75.2537506396281,88.1201719794084,4.50351627249359));
#6117=CARTESIAN_POINT('Ctrl Pts',(73.7485380910543,87.2155647279232,2.10351627249359));
#6118=CARTESIAN_POINT('Ctrl Pts',(73.7485380910543,87.2155647279232,4.50351627249359));
#6119=CARTESIAN_POINT('Ctrl Pts',(72.032046449056,87.2155647279232,2.10351627249359));
#6120=CARTESIAN_POINT('Ctrl Pts',(72.032046449056,87.2155647279232,4.50351627249359));
#6121=CARTESIAN_POINT('',(72.032046449056,87.2155647279232,4.10351627249359));
#6122=CARTESIAN_POINT('Ctrl Pts',(76.0969315694479,89.4786614101538,4.10351627249359));
#6123=CARTESIAN_POINT('Ctrl Pts',(75.2537506396281,88.1201719794084,4.10351627249359));
#6124=CARTESIAN_POINT('Ctrl Pts',(73.7485380910543,87.2155647279232,4.10351627249359));
#6125=CARTESIAN_POINT('Ctrl Pts',(72.032046449056,87.2155647279232,4.10351627249359));
#6126=CARTESIAN_POINT('',(72.032046449056,87.2155647279232,2.10351627249359));
#6127=CARTESIAN_POINT('Ctrl Pts',(72.032046449056,87.2155647279232,2.10351627249359));
#6128=CARTESIAN_POINT('Ctrl Pts',(72.032046449056,87.2155647279232,4.50351627249359));
#6129=CARTESIAN_POINT('Ctrl Pts',(69.3917166557618,87.2155647279232,2.10351627249359));
#6130=CARTESIAN_POINT('Ctrl Pts',(69.3917166557618,87.2155647279232,4.50351627249359));
#6131=CARTESIAN_POINT('Ctrl Pts',(67.2513078982341,89.3559872120032,2.10351627249359));
#6132=CARTESIAN_POINT('Ctrl Pts',(67.2513078982341,89.3559872120032,4.50351627249359));
#6133=CARTESIAN_POINT('Ctrl Pts',(67.2513078982341,91.9963170052975,2.10351627249359));
#6134=CARTESIAN_POINT('Ctrl Pts',(67.2513078982341,91.9963170052975,4.50351627249359));
#6135=CARTESIAN_POINT('',(67.2513078982341,91.9963170052975,4.10351627249359));
#6136=CARTESIAN_POINT('Ctrl Pts',(72.032046449056,87.2155647279232,4.10351627249359));
#6137=CARTESIAN_POINT('Ctrl Pts',(69.3917166557618,87.2155647279232,4.10351627249359));
#6138=CARTESIAN_POINT('Ctrl Pts',(67.2513078982341,89.3559872120032,4.10351627249359));
#6139=CARTESIAN_POINT('Ctrl Pts',(67.2513078982341,91.9963170052975,4.10351627249359));
#6140=CARTESIAN_POINT('',(67.2513078982341,91.9963170052975,2.10351627249359));
#6141=CARTESIAN_POINT('Ctrl Pts',(67.2513078982341,91.9963170052975,2.10351627249359));
#6142=CARTESIAN_POINT('Ctrl Pts',(67.2513078982341,91.9963170052975,4.50351627249359));
#6143=CARTESIAN_POINT('Ctrl Pts',(67.2513078982341,94.6366467985918,2.10351627249359));
#6144=CARTESIAN_POINT('Ctrl Pts',(67.2513078982341,94.6366467985918,4.50351627249359));
#6145=CARTESIAN_POINT('Ctrl Pts',(69.3917166557618,96.7770692826717,2.10351627249359));
#6146=CARTESIAN_POINT('Ctrl Pts',(69.3917166557618,96.7770692826717,4.50351627249359));
#6147=CARTESIAN_POINT('Ctrl Pts',(72.032046449056,96.7770692826717,2.10351627249359));
#6148=CARTESIAN_POINT('Ctrl Pts',(72.032046449056,96.7770692826717,4.50351627249359));
#6149=CARTESIAN_POINT('',(72.032046449056,96.7770692826717,4.10351627249359));
#6150=CARTESIAN_POINT('Ctrl Pts',(67.2513078982341,91.9963170052975,4.10351627249359));
#6151=CARTESIAN_POINT('Ctrl Pts',(67.2513078982341,94.6366467985918,4.10351627249359));
#6152=CARTESIAN_POINT('Ctrl Pts',(69.3917166557618,96.7770692826717,4.10351627249359));
#6153=CARTESIAN_POINT('Ctrl Pts',(72.032046449056,96.7770692826717,4.10351627249359));
#6154=CARTESIAN_POINT('',(72.032046449056,96.7770692826717,2.10351627249359));
#6155=CARTESIAN_POINT('Ctrl Pts',(72.032046449056,96.7770692826717,2.10351627249359));
#6156=CARTESIAN_POINT('Ctrl Pts',(72.032046449056,96.7770692826717,4.50351627249359));
#6157=CARTESIAN_POINT('Ctrl Pts',(74.6724036954549,96.7770692826717,2.10351627249359));
#6158=CARTESIAN_POINT('Ctrl Pts',(74.6724036954549,96.7770692826717,4.50351627249359));
#6159=CARTESIAN_POINT('Ctrl Pts',(76.4069320272115,94.6678747051368,2.10351627249359));
#6160=CARTESIAN_POINT('Ctrl Pts',(76.4069320272115,94.6678747051368,4.50351627249359));
#6161=CARTESIAN_POINT('Ctrl Pts',(76.4069320272115,92.0275311852901,2.10351627249359));
#6162=CARTESIAN_POINT('Ctrl Pts',(76.4069320272115,92.0275311852901,4.50351627249359));
#6163=CARTESIAN_POINT('',(76.4069320272115,92.0275311852901,4.10351627249359));
#6164=CARTESIAN_POINT('Ctrl Pts',(72.032046449056,96.7770692826717,4.10351627249359));
#6165=CARTESIAN_POINT('Ctrl Pts',(74.6724036954549,96.7770692826717,4.10351627249359));
#6166=CARTESIAN_POINT('Ctrl Pts',(76.4069320272115,94.6678747051368,4.10351627249359));
#6167=CARTESIAN_POINT('Ctrl Pts',(76.4069320272115,92.0275311852901,4.10351627249359));
#6168=CARTESIAN_POINT('',(76.4069320272115,92.0275311852901,2.10351627249359));
#6169=CARTESIAN_POINT('Ctrl Pts',(76.4069320272115,92.0275311852901,2.10351627249359));
#6170=CARTESIAN_POINT('Ctrl Pts',(76.4069320272115,92.0275311852901,4.50351627249359));
#6171=CARTESIAN_POINT('Ctrl Pts',(81.3178806534119,98.4668078741838,2.10351627249359));
#6172=CARTESIAN_POINT('Ctrl Pts',(81.3178806534119,98.4668078741838,4.50351627249359));
#6173=CARTESIAN_POINT('Ctrl Pts',(73.5359000689494,103.205062745552,2.10351627249359));
#6174=CARTESIAN_POINT('Ctrl Pts',(73.5359000689494,103.205062745552,4.50351627249359));
#6175=CARTESIAN_POINT('Ctrl Pts',(69.6180675036418,102.178549982847,2.10351627249359));
#6176=CARTESIAN_POINT('Ctrl Pts',(69.6180675036418,102.178549982847,4.50351627249359));
#6177=CARTESIAN_POINT('',(69.6180675036418,102.178549982847,4.10351627249359));
#6178=CARTESIAN_POINT('Ctrl Pts',(76.4069320272115,92.0275311852901,4.10351627249359));
#6179=CARTESIAN_POINT('Ctrl Pts',(81.3178806534119,98.4668078741838,4.10351627249359));
#6180=CARTESIAN_POINT('Ctrl Pts',(73.5359000689494,103.205062745552,4.10351627249359));
#6181=CARTESIAN_POINT('Ctrl Pts',(69.6180675036418,102.178549982847,4.10351627249359));
#6182=CARTESIAN_POINT('',(69.6180675036418,102.178549982847,2.10351627249359));
#6183=CARTESIAN_POINT('Ctrl Pts',(69.6180675036418,102.178549982847,2.10351627249359));
#6184=CARTESIAN_POINT('Ctrl Pts',(69.6180675036418,102.178549982847,4.50351627249359));
#6185=CARTESIAN_POINT('Ctrl Pts',(69.576997659078,105.076746788165,2.10351627249359));
#6186=CARTESIAN_POINT('Ctrl Pts',(69.576997659078,105.076746788165,4.50351627249359));
#6187=CARTESIAN_POINT('Ctrl Pts',(69.4127457339274,106.619954433581,2.10351627249359));
#6188=CARTESIAN_POINT('Ctrl Pts',(69.4127457339274,106.619954433581,4.50351627249359));
#6189=CARTESIAN_POINT('Ctrl Pts',(68.1398825366008,108.902254562518,2.10351627249359));
#6190=CARTESIAN_POINT('Ctrl Pts',(68.1398825366008,108.902254562518,4.50351627249359));
#6191=CARTESIAN_POINT('',(68.1398825366008,108.902254562518,4.10351627249359));
#6192=CARTESIAN_POINT('Ctrl Pts',(69.6180675036418,102.178549982847,4.10351627249359));
#6193=CARTESIAN_POINT('Ctrl Pts',(69.576997659078,105.076746788165,4.10351627249359));
#6194=CARTESIAN_POINT('Ctrl Pts',(69.4127457339274,106.619954433581,4.10351627249359));
#6195=CARTESIAN_POINT('Ctrl Pts',(68.1398825366008,108.902254562518,4.10351627249359));
#6196=CARTESIAN_POINT('',(68.1398825366008,108.902254562518,2.10351627249359));
#6197=CARTESIAN_POINT('Ctrl Pts',(68.1398825366008,108.902254562518,2.10351627249359));
#6198=CARTESIAN_POINT('Ctrl Pts',(68.1398825366008,108.902254562518,4.50351627249359));
#6199=CARTESIAN_POINT('Ctrl Pts',(64.0929654732056,107.572700704079,2.10351627249359));
#6200=CARTESIAN_POINT('Ctrl Pts',(64.0929654732056,107.572700704079,4.50351627249359));
#6201=CARTESIAN_POINT('Ctrl Pts',(61.6473880043335,107.105435136299,2.10351627249359));
#6202=CARTESIAN_POINT('Ctrl Pts',(61.6473880043335,107.105435136299,4.50351627249359));
#6203=CARTESIAN_POINT('Ctrl Pts',(58.0931718101807,104.297710037371,2.10351627249359));
#6204=CARTESIAN_POINT('Ctrl Pts',(58.0931718101807,104.297710037371,4.50351627249359));
#6205=CARTESIAN_POINT('',(58.0931718101807,104.297710037371,4.10351627249359));
#6206=CARTESIAN_POINT('Ctrl Pts',(68.1398825366008,108.902254562518,4.10351627249359));
#6207=CARTESIAN_POINT('Ctrl Pts',(64.0929654732056,107.572700704079,4.10351627249359));
#6208=CARTESIAN_POINT('Ctrl Pts',(61.6473880043335,107.105435136299,4.10351627249359));
#6209=CARTESIAN_POINT('Ctrl Pts',(58.0931718101807,104.297710037371,4.10351627249359));
#6210=CARTESIAN_POINT('',(58.0931718101807,104.297710037371,2.10351627249359));
#6211=CARTESIAN_POINT('Ctrl Pts',(58.0931718101807,104.297710037371,2.10351627249359));
#6212=CARTESIAN_POINT('Ctrl Pts',(58.0931718101807,104.297710037371,4.50351627249359));
#6213=CARTESIAN_POINT('Ctrl Pts',(57.9513216184286,107.869249140562,2.10351627249359));
#6214=CARTESIAN_POINT('Ctrl Pts',(57.9513216184286,107.869249140562,4.50351627249359));
#6215=CARTESIAN_POINT('Ctrl Pts',(55.1247774162598,109.843964684944,2.10351627249359));
#6216=CARTESIAN_POINT('Ctrl Pts',(55.1247774162598,109.843964684944,4.50351627249359));
#6217=CARTESIAN_POINT('Ctrl Pts',(52.1480921847331,109.587854671618,2.10351627249359));
#6218=CARTESIAN_POINT('Ctrl Pts',(52.1480921847331,109.587854671618,4.50351627249359));
#6219=CARTESIAN_POINT('',(52.1480921847331,109.587854671618,4.10351627249359));
#6220=CARTESIAN_POINT('Ctrl Pts',(58.0931718101807,104.297710037371,4.10351627249359));
#6221=CARTESIAN_POINT('Ctrl Pts',(57.9513216184286,107.869249140562,4.10351627249359));
#6222=CARTESIAN_POINT('Ctrl Pts',(55.1247774162598,109.843964684944,4.10351627249359));
#6223=CARTESIAN_POINT('Ctrl Pts',(52.1480921847331,109.587854671618,4.10351627249359));
#6224=CARTESIAN_POINT('',(52.1480921847331,109.587854671618,2.10351627249359));
#6225=CARTESIAN_POINT('Ctrl Pts',(52.1480921847331,109.587854671618,2.10351627249359));
#6226=CARTESIAN_POINT('Ctrl Pts',(52.1480921847331,109.587854671618,4.50351627249359));
#6227=CARTESIAN_POINT('Ctrl Pts',(49.8129403525056,109.386941752209,2.10351627249359));
#6228=CARTESIAN_POINT('Ctrl Pts',(49.8129403525056,109.386941752209,4.50351627249359));
#6229=CARTESIAN_POINT('Ctrl Pts',(47.3591631136298,107.909258618388,2.10351627249359));
#6230=CARTESIAN_POINT('Ctrl Pts',(47.3591631136298,107.909258618388,4.50351627249359));
#6231=CARTESIAN_POINT('Ctrl Pts',(45.3566160195703,107.24582715327,2.10351627249359));
#6232=CARTESIAN_POINT('Ctrl Pts',(45.3566160195703,107.24582715327,4.50351627249359));
#6233=CARTESIAN_POINT('Ctrl Pts',(52.1480921847331,109.587854671618,4.10351627249359));
#6234=CARTESIAN_POINT('Ctrl Pts',(49.8129403525056,109.386941752209,4.10351627249359));
#6235=CARTESIAN_POINT('Ctrl Pts',(47.3591631136298,107.909258618388,4.10351627249359));
#6236=CARTESIAN_POINT('Ctrl Pts',(45.3566160195703,107.24582715327,4.10351627249359));
#6237=CARTESIAN_POINT('Ctrl Pts',(43.2524278607158,105.460006702989,2.10351627249359));
#6238=CARTESIAN_POINT('Ctrl Pts',(43.2524278607158,105.460006702989,4.50351627249359));
#6239=CARTESIAN_POINT('Ctrl Pts',(42.6870062869207,103.381351639139,2.10351627249359));
#6240=CARTESIAN_POINT('Ctrl Pts',(42.6870062869207,103.381351639139,4.50351627249359));
#6241=CARTESIAN_POINT('Ctrl Pts',(40.9883551483825,100.727642912751,2.10351627249359));
#6242=CARTESIAN_POINT('Ctrl Pts',(40.9883551483825,100.727642912751,4.50351627249359));
#6243=CARTESIAN_POINT('Ctrl Pts',(40.7718825060832,98.2116449929684,2.10351627249359));
#6244=CARTESIAN_POINT('Ctrl Pts',(40.7718825060832,98.2116449929684,4.50351627249359));
#6245=CARTESIAN_POINT('',(40.7718825060832,98.2116449929684,4.10351627249359));
#6246=CARTESIAN_POINT('Ctrl Pts',(43.2524278607159,105.460006702989,4.10351627249359));
#6247=CARTESIAN_POINT('Ctrl Pts',(42.6870062869207,103.381351639139,4.10351627249359));
#6248=CARTESIAN_POINT('Ctrl Pts',(40.9883551483825,100.727642912751,4.10351627249359));
#6249=CARTESIAN_POINT('Ctrl Pts',(40.7718825060832,98.2116449929684,4.10351627249359));
#6250=CARTESIAN_POINT('',(40.7718825060832,98.2116449929684,2.10351627249359));
#6251=CARTESIAN_POINT('Ctrl Pts',(40.7718825060832,98.2116449929684,2.10351627249359));
#6252=CARTESIAN_POINT('Ctrl Pts',(40.7718825060832,98.2116449929684,4.50351627249359));
#6253=CARTESIAN_POINT('Ctrl Pts',(40.5157724927572,95.2349460348893,2.10351627249359));
#6254=CARTESIAN_POINT('Ctrl Pts',(40.5157724927572,95.2349460348893,4.50351627249359));
#6255=CARTESIAN_POINT('Ctrl Pts',(42.4905017636922,92.4084155592729,2.10351627249359));
#6256=CARTESIAN_POINT('Ctrl Pts',(42.4905017636922,92.4084155592729,4.50351627249359));
#6257=CARTESIAN_POINT('Ctrl Pts',(46.0620408668824,92.2665790940731,2.10351627249359));
#6258=CARTESIAN_POINT('Ctrl Pts',(46.0620408668824,92.2665790940731,4.50351627249359));
#6259=CARTESIAN_POINT('',(46.0620408668824,92.2665790940731,4.10351627249359));
#6260=CARTESIAN_POINT('Ctrl Pts',(40.7718825060832,98.2116449929684,4.10351627249359));
#6261=CARTESIAN_POINT('Ctrl Pts',(40.5157724927572,95.2349460348893,4.10351627249359));
#6262=CARTESIAN_POINT('Ctrl Pts',(42.4905017636922,92.4084155592729,4.10351627249359));
#6263=CARTESIAN_POINT('Ctrl Pts',(46.0620408668824,92.2665790940731,4.10351627249359));
#6264=CARTESIAN_POINT('',(46.0620408668824,92.2665790940731,2.10351627249359));
#6265=CARTESIAN_POINT('Ctrl Pts',(46.0620408668824,92.2665790940731,2.10351627249359));
#6266=CARTESIAN_POINT('Ctrl Pts',(46.0620408668824,92.2665790940731,4.50351627249359));
#6267=CARTESIAN_POINT('Ctrl Pts',(43.2543020414022,88.7123628999203,2.10351627249359));
#6268=CARTESIAN_POINT('Ctrl Pts',(43.2543020414022,88.7123628999203,4.50351627249359));
#6269=CARTESIAN_POINT('Ctrl Pts',(42.787050200175,86.2667854310482,2.10351627249359));
#6270=CARTESIAN_POINT('Ctrl Pts',(42.787050200175,86.2667854310482,4.50351627249359));
#6271=CARTESIAN_POINT('Ctrl Pts',(41.4574963417359,82.2198546411007,2.10351627249359));
#6272=CARTESIAN_POINT('Ctrl Pts',(41.4574963417359,82.2198546411007,4.50351627249359));
#6273=CARTESIAN_POINT('',(41.4574963417359,82.2198546411007,4.10351627249359));
#6274=CARTESIAN_POINT('Ctrl Pts',(46.0620408668824,92.2665790940731,4.10351627249359));
#6275=CARTESIAN_POINT('Ctrl Pts',(43.2543020414022,88.7123628999203,4.10351627249359));
#6276=CARTESIAN_POINT('Ctrl Pts',(42.787050200175,86.2667854310482,4.10351627249359));
#6277=CARTESIAN_POINT('Ctrl Pts',(41.4574963417359,82.2198546411007,4.10351627249359));
#6278=CARTESIAN_POINT('',(41.4574963417359,82.2198546411007,2.10351627249359));
#6279=CARTESIAN_POINT('Ctrl Pts',(41.4574963417359,82.2198546411007,2.10351627249359));
#6280=CARTESIAN_POINT('Ctrl Pts',(41.4574963417359,82.2198546411007,4.50351627249359));
#6281=CARTESIAN_POINT('Ctrl Pts',(43.7397827441203,80.946991443774,2.10351627249359));
#6282=CARTESIAN_POINT('Ctrl Pts',(43.7397827441203,80.946991443774,4.50351627249359));
#6283=CARTESIAN_POINT('Ctrl Pts',(45.2830041160889,80.7827532451758,2.10351627249359));
#6284=CARTESIAN_POINT('Ctrl Pts',(45.2830041160889,80.7827532451758,4.50351627249359));
#6285=CARTESIAN_POINT('Ctrl Pts',(48.1812009214071,80.741683400612,2.10351627249359));
#6286=CARTESIAN_POINT('Ctrl Pts',(48.1812009214071,80.741683400612,4.50351627249359));
#6287=CARTESIAN_POINT('',(48.1812009214071,80.741683400612,4.10351627249359));
#6288=CARTESIAN_POINT('Ctrl Pts',(41.4574963417359,82.2198546411007,4.10351627249359));
#6289=CARTESIAN_POINT('Ctrl Pts',(43.7397827441203,80.946991443774,4.10351627249359));
#6290=CARTESIAN_POINT('Ctrl Pts',(45.2830041160889,80.7827532451758,4.10351627249359));
#6291=CARTESIAN_POINT('Ctrl Pts',(48.1812009214071,80.741683400612,4.10351627249359));
#6292=CARTESIAN_POINT('',(48.1812009214071,80.741683400612,2.10351627249359));
#6293=CARTESIAN_POINT('Ctrl Pts',(48.1812009214071,80.741683400612,2.10351627249359));
#6294=CARTESIAN_POINT('Ctrl Pts',(48.1812009214071,80.741683400612,4.50351627249359));
#6295=CARTESIAN_POINT('Ctrl Pts',(47.1547018852539,76.8238508353044,2.10351627249359));
#6296=CARTESIAN_POINT('Ctrl Pts',(47.1547018852539,76.8238508353044,4.50351627249359));
#6297=CARTESIAN_POINT('Ctrl Pts',(51.8929704831747,69.0418565242896,2.10351627249359));
#6298=CARTESIAN_POINT('Ctrl Pts',(51.8929704831747,69.0418565242896,4.50351627249359));
#6299=CARTESIAN_POINT('Ctrl Pts',(58.332233445516,73.9528188770423,2.10351627249359));
#6300=CARTESIAN_POINT('Ctrl Pts',(58.332233445516,73.9528188770423,4.50351627249359));
#6301=CARTESIAN_POINT('',(58.332233445516,73.9528188770423,4.10351627249359));
#6302=CARTESIAN_POINT('Ctrl Pts',(48.1812009214071,80.741683400612,4.10351627249359));
#6303=CARTESIAN_POINT('Ctrl Pts',(47.1547018852539,76.8238508353044,4.10351627249359));
#6304=CARTESIAN_POINT('Ctrl Pts',(51.8929704831747,69.0418565242896,4.10351627249359));
#6305=CARTESIAN_POINT('Ctrl Pts',(58.332233445516,73.9528188770423,4.10351627249359));
#6306=CARTESIAN_POINT('',(58.332233445516,73.9528188770423,2.10351627249359));
#6307=CARTESIAN_POINT('Ctrl Pts',(58.332233445516,73.9528188770423,2.10351627249359));
#6308=CARTESIAN_POINT('Ctrl Pts',(58.332233445516,73.9528188770423,4.50351627249359));
#6309=CARTESIAN_POINT('Ctrl Pts',(55.6919036522217,73.9528188770423,2.10351627249359));
#6310=CARTESIAN_POINT('Ctrl Pts',(55.6919036522217,73.9528188770423,4.50351627249359));
#6311=CARTESIAN_POINT('Ctrl Pts',(53.5827090746867,75.6873472087989,2.10351627249359));
#6312=CARTESIAN_POINT('Ctrl Pts',(53.5827090746867,75.6873472087989,4.50351627249359));
#6313=CARTESIAN_POINT('Ctrl Pts',(53.5827090746867,78.3276907286455,2.10351627249359));
#6314=CARTESIAN_POINT('Ctrl Pts',(53.5827090746867,78.3276907286455,4.50351627249359));
#6315=CARTESIAN_POINT('',(53.5827090746867,78.3276907286455,4.10351627249359));
#6316=CARTESIAN_POINT('Ctrl Pts',(58.332233445516,73.9528188770423,4.10351627249359));
#6317=CARTESIAN_POINT('Ctrl Pts',(55.6919036522217,73.9528188770423,4.10351627249359));
#6318=CARTESIAN_POINT('Ctrl Pts',(53.5827090746867,75.6873472087989,4.10351627249359));
#6319=CARTESIAN_POINT('Ctrl Pts',(53.5827090746867,78.3276907286455,4.10351627249359));
#6320=CARTESIAN_POINT('',(53.5827090746867,78.3276907286455,2.10351627249359));
#6321=CARTESIAN_POINT('Ctrl Pts',(53.5827090746867,78.3276907286455,2.10351627249359));
#6322=CARTESIAN_POINT('Ctrl Pts',(53.5827090746867,78.3276907286455,4.50351627249359));
#6323=CARTESIAN_POINT('Ctrl Pts',(53.5827090746867,80.9680342484921,2.10351627249359));
#6324=CARTESIAN_POINT('Ctrl Pts',(53.5827090746867,80.9680342484921,4.50351627249359));
#6325=CARTESIAN_POINT('Ctrl Pts',(55.723145285319,83.1084430060197,2.10351627249359));
#6326=CARTESIAN_POINT('Ctrl Pts',(55.723145285319,83.1084430060197,4.50351627249359));
#6327=CARTESIAN_POINT('Ctrl Pts',(58.3634750786133,83.1084430060197,2.10351627249359));
#6328=CARTESIAN_POINT('Ctrl Pts',(58.3634750786133,83.1084430060197,4.50351627249359));
#6329=CARTESIAN_POINT('',(58.3634750786133,83.1084430060197,4.10351627249359));
#6330=CARTESIAN_POINT('Ctrl Pts',(53.5827090746867,78.3276907286455,4.10351627249359));
#6331=CARTESIAN_POINT('Ctrl Pts',(53.5827090746867,80.9680342484921,4.10351627249359));
#6332=CARTESIAN_POINT('Ctrl Pts',(55.723145285319,83.1084430060197,4.10351627249359));
#6333=CARTESIAN_POINT('Ctrl Pts',(58.3634750786133,83.1084430060197,4.10351627249359));
#6334=CARTESIAN_POINT('',(58.3634750786133,83.1084430060197,2.10351627249359));
#6335=CARTESIAN_POINT('Ctrl Pts',(58.3634750786133,83.1084430060197,2.10351627249359));
#6336=CARTESIAN_POINT('Ctrl Pts',(58.3634750786133,83.1084430060197,4.50351627249359));
#6337=CARTESIAN_POINT('Ctrl Pts',(61.0038048719076,83.1084430060197,2.10351627249359));
#6338=CARTESIAN_POINT('Ctrl Pts',(61.0038048719076,83.1084430060197,4.50351627249359));
#6339=CARTESIAN_POINT('Ctrl Pts',(63.1442136294353,80.9680205219397,2.10351627249359));
#6340=CARTESIAN_POINT('Ctrl Pts',(63.1442136294353,80.9680205219397,4.50351627249359));
#6341=CARTESIAN_POINT('Ctrl Pts',(63.1442136294353,78.3276907286455,2.10351627249359));
#6342=CARTESIAN_POINT('Ctrl Pts',(63.1442136294353,78.3276907286455,4.50351627249359));
#6343=CARTESIAN_POINT('',(63.1442136294353,78.3276907286455,4.10351627249359));
#6344=CARTESIAN_POINT('Ctrl Pts',(58.3634750786133,83.1084430060197,4.10351627249359));
#6345=CARTESIAN_POINT('Ctrl Pts',(61.0038048719076,83.1084430060197,4.10351627249359));
#6346=CARTESIAN_POINT('Ctrl Pts',(63.1442136294353,80.9680205219397,4.10351627249359));
#6347=CARTESIAN_POINT('Ctrl Pts',(63.1442136294353,78.3276907286455,4.10351627249359));
#6348=CARTESIAN_POINT('',(63.1442136294353,78.3276907286455,2.10351627249359));
#6349=CARTESIAN_POINT('Ctrl Pts',(63.1442136294353,78.3276907286455,2.10351627249359));
#6350=CARTESIAN_POINT('Ctrl Pts',(63.1442136294353,78.3276907286455,4.50351627249359));
#6351=CARTESIAN_POINT('Ctrl Pts',(63.1442136294353,76.6111990866472,2.10351627249359));
#6352=CARTESIAN_POINT('Ctrl Pts',(63.1442136294353,76.6111990866472,4.50351627249359));
#6353=CARTESIAN_POINT('Ctrl Pts',(62.2396063779501,75.1059865380734,2.10351627249359));
#6354=CARTESIAN_POINT('Ctrl Pts',(62.2396063779501,75.1059865380734,4.50351627249359));
#6355=CARTESIAN_POINT('Ctrl Pts',(60.8811169472046,74.2628056082536,2.10351627249359));
#6356=CARTESIAN_POINT('Ctrl Pts',(60.8811169472046,74.2628056082536,4.50351627249359));
#6357=CARTESIAN_POINT('',(60.8811169472046,74.2628056082536,4.10351627249359));
#6358=CARTESIAN_POINT('Ctrl Pts',(63.1442136294353,78.3276907286455,4.10351627249359));
#6359=CARTESIAN_POINT('Ctrl Pts',(63.1442136294353,76.6111990866472,4.10351627249359));
#6360=CARTESIAN_POINT('Ctrl Pts',(62.2396063779501,75.1059865380734,4.10351627249359));
#6361=CARTESIAN_POINT('Ctrl Pts',(60.8811169472046,74.2628056082536,4.10351627249359));
#6362=CARTESIAN_POINT('',(60.8811169472046,74.2628056082536,2.10351627249359));
#6363=CARTESIAN_POINT('Origin',(58.3641593919943,78.3175321642892,2.10351627249359));
#6364=CARTESIAN_POINT('',(60.5141787503866,74.0568661436845,4.10351627249359));
#6365=CARTESIAN_POINT('Origin',(58.3645171127013,78.3169545080604,4.10351627249359));
#6366=CARTESIAN_POINT('',(60.5141787503866,74.0568661436845,2.10351627249359));
#6367=CARTESIAN_POINT('Ctrl Pts',(60.5141787503866,74.0568661436845,2.10351627249359));
#6368=CARTESIAN_POINT('Ctrl Pts',(60.5141787503866,74.0568661436845,4.50351627249359));
#6369=CARTESIAN_POINT('Ctrl Pts',(45.3837570101726,65.244954884987,2.10351627249359));
#6370=CARTESIAN_POINT('Ctrl Pts',(45.3837570101726,65.244954884987,4.50351627249359));
#6371=CARTESIAN_POINT('Ctrl Pts',(54.6797076835938,55.9220727158993,2.10351627249359));
#6372=CARTESIAN_POINT('Ctrl Pts',(54.6797076835938,55.9220727158993,4.50351627249359));
#6373=CARTESIAN_POINT('Ctrl Pts',(59.9974015083619,55.3633196768571,2.10351627249359));
#6374=CARTESIAN_POINT('Ctrl Pts',(59.9974015083619,55.3633196768571,4.50351627249359));
#6375=CARTESIAN_POINT('',(59.9974015083619,55.3633196768571,4.10351627249359));
#6376=CARTESIAN_POINT('Ctrl Pts',(60.5141787503866,74.0568661436845,4.10351627249359));
#6377=CARTESIAN_POINT('Ctrl Pts',(45.3837570101726,65.244954884987,4.10351627249359));
#6378=CARTESIAN_POINT('Ctrl Pts',(54.6797076835938,55.9220727158993,4.10351627249359));
#6379=CARTESIAN_POINT('Ctrl Pts',(59.9974015083619,55.3633196768571,4.10351627249359));
#6380=CARTESIAN_POINT('',(59.9974015083619,55.3633196768571,2.10351627249359));
#6381=CARTESIAN_POINT('Ctrl Pts',(59.9974015083619,55.3633196768571,2.10351627249359));
#6382=CARTESIAN_POINT('Ctrl Pts',(59.9974015083619,55.3633196768571,4.50351627249359));
#6383=CARTESIAN_POINT('Ctrl Pts',(56.2094770342814,46.0178436026384,2.10351627249359));
#6384=CARTESIAN_POINT('Ctrl Pts',(56.2094770342814,46.0178436026384,4.50351627249359));
#6385=CARTESIAN_POINT('Ctrl Pts',(41.9479186032919,51.703463935992,2.10351627249359));
#6386=CARTESIAN_POINT('Ctrl Pts',(41.9479186032919,51.703463935992,4.50351627249359));
#6387=CARTESIAN_POINT('Ctrl Pts',(38.9532790413208,62.8076682537207,2.10351627249359));
#6388=CARTESIAN_POINT('Ctrl Pts',(38.9532790413208,62.8076682537207,4.50351627249359));
#6389=CARTESIAN_POINT('',(38.9532790413209,62.8076682537207,4.10351627249359));
#6390=CARTESIAN_POINT('Ctrl Pts',(59.9974015083619,55.3633196768571,4.10351627249359));
#6391=CARTESIAN_POINT('Ctrl Pts',(56.2094770342814,46.0178436026384,4.10351627249359));
#6392=CARTESIAN_POINT('Ctrl Pts',(41.9479186032919,51.703463935992,4.10351627249359));
#6393=CARTESIAN_POINT('Ctrl Pts',(38.9532790413208,62.8076682537207,4.10351627249359));
#6394=CARTESIAN_POINT('',(38.9532790413208,62.8076682537207,2.10351627249359));
#6395=CARTESIAN_POINT('Ctrl Pts',(38.9532790413208,62.8076682537207,2.10351627249359));
#6396=CARTESIAN_POINT('Ctrl Pts',(38.9532790413208,62.8076682537207,4.50351627249359));
#6397=CARTESIAN_POINT('Ctrl Pts',(36.3378521528667,72.5057775184025,2.10351627249359));
#6398=CARTESIAN_POINT('Ctrl Pts',(36.3378521528667,72.5057775184025,4.50351627249359));
#6399=CARTESIAN_POINT('Ctrl Pts',(37.4785906311821,90.213431461407,2.10351627249359));
#6400=CARTESIAN_POINT('Ctrl Pts',(37.4785906311821,90.213431461407,4.50351627249359));
#6401=CARTESIAN_POINT('Ctrl Pts',(37.3946954838728,101.60966005333,2.10351627249359));
#6402=CARTESIAN_POINT('Ctrl Pts',(37.3946954838728,101.60966005333,4.50351627249359));
#6403=CARTESIAN_POINT('Ctrl Pts',(38.9532790413208,62.8076682537207,4.10351627249359));
#6404=CARTESIAN_POINT('Ctrl Pts',(36.3378521528667,72.5057775184025,4.10351627249359));
#6405=CARTESIAN_POINT('Ctrl Pts',(37.4785906311821,90.213431461407,4.10351627249359));
#6406=CARTESIAN_POINT('Ctrl Pts',(37.3946954838728,101.60966005333,4.10351627249359));
#6407=CARTESIAN_POINT('Ctrl Pts',(5.81489274357799,98.8756151543665,2.10351627249359));
#6408=CARTESIAN_POINT('Ctrl Pts',(5.81489274357799,98.8756151543665,4.50351627249359));
#6409=CARTESIAN_POINT('Ctrl Pts',(5.88410335466529,87.5378442592831,2.10351627249359));
#6410=CARTESIAN_POINT('Ctrl Pts',(5.88410335466529,87.5378442592831,4.50351627249359));
#6411=CARTESIAN_POINT('Ctrl Pts',(6.67054366236352,71.7601304147157,2.10351627249359));
#6412=CARTESIAN_POINT('Ctrl Pts',(6.67054366236352,71.7601304147157,4.50351627249359));
#6413=CARTESIAN_POINT('Ctrl Pts',(4.25620602038578,62.8076682537207,2.10351627249359));
#6414=CARTESIAN_POINT('Ctrl Pts',(4.25620602038578,62.8076682537207,4.50351627249359));
#6415=CARTESIAN_POINT('',(4.25620602038578,62.8076682537207,4.10351627249359));
#6416=CARTESIAN_POINT('Ctrl Pts',(5.81489274357799,98.8756151543665,4.10351627249359));
#6417=CARTESIAN_POINT('Ctrl Pts',(5.88410335466529,87.5378442592831,4.10351627249359));
#6418=CARTESIAN_POINT('Ctrl Pts',(6.67054366236352,71.7601304147157,4.10351627249359));
#6419=CARTESIAN_POINT('Ctrl Pts',(4.25620602038578,62.8076682537207,4.10351627249359));
#6420=CARTESIAN_POINT('',(4.25620602038578,62.8076682537207,2.10351627249359));
#6421=CARTESIAN_POINT('Ctrl Pts',(4.25620602038578,62.8076682537207,2.10351627249359));
#6422=CARTESIAN_POINT('Ctrl Pts',(4.25620602038578,62.8076682537207,4.50351627249359));
#6423=CARTESIAN_POINT('Ctrl Pts',(1.26156645841473,51.703463935992,2.10351627249359));
#6424=CARTESIAN_POINT('Ctrl Pts',(1.26156645841473,51.703463935992,4.50351627249359));
#6425=CARTESIAN_POINT('Ctrl Pts',(-12.9999919725748,46.0178436026384,2.10351627249359));
#6426=CARTESIAN_POINT('Ctrl Pts',(-12.9999919725748,46.0178436026384,4.50351627249359));
#6427=CARTESIAN_POINT('Ctrl Pts',(-16.7879164466553,55.3633196768571,2.10351627249359));
#6428=CARTESIAN_POINT('Ctrl Pts',(-16.7879164466553,55.3633196768571,4.50351627249359));
#6429=CARTESIAN_POINT('',(-16.7879164466553,55.3633196768571,4.10351627249359));
#6430=CARTESIAN_POINT('Ctrl Pts',(4.25620602038578,62.8076682537207,4.10351627249359));
#6431=CARTESIAN_POINT('Ctrl Pts',(1.26156645841473,51.703463935992,4.10351627249359));
#6432=CARTESIAN_POINT('Ctrl Pts',(-12.9999919725748,46.0178436026384,4.10351627249359));
#6433=CARTESIAN_POINT('Ctrl Pts',(-16.7879164466553,55.3633196768571,4.10351627249359));
#6434=CARTESIAN_POINT('',(-16.7879164466553,55.3633196768571,2.10351627249359));
#6435=CARTESIAN_POINT('Ctrl Pts',(-16.7879164466553,55.3633196768571,2.10351627249359));
#6436=CARTESIAN_POINT('Ctrl Pts',(-16.7879164466553,55.3633196768571,4.50351627249359));
#6437=CARTESIAN_POINT('Ctrl Pts',(-11.4702226218872,55.9220727158993,2.10351627249359));
#6438=CARTESIAN_POINT('Ctrl Pts',(-11.4702226218872,55.9220727158993,4.50351627249359));
#6439=CARTESIAN_POINT('Ctrl Pts',(-2.17427194846596,65.244954884987,2.10351627249359));
#6440=CARTESIAN_POINT('Ctrl Pts',(-2.17427194846596,65.244954884987,4.50351627249359));
#6441=CARTESIAN_POINT('Ctrl Pts',(-17.30469368868,74.0568661436845,2.10351627249359));
#6442=CARTESIAN_POINT('Ctrl Pts',(-17.30469368868,74.0568661436845,4.50351627249359));
#6443=CARTESIAN_POINT('',(-17.3046936879003,74.0568661432911,4.10351627249359));
#6444=CARTESIAN_POINT('Ctrl Pts',(-16.7879164466553,55.3633196768571,4.10351627249359));
#6445=CARTESIAN_POINT('Ctrl Pts',(-11.4702226218872,55.9220727158993,4.10351627249359));
#6446=CARTESIAN_POINT('Ctrl Pts',(-2.17427194846596,65.244954884987,4.10351627249359));
#6447=CARTESIAN_POINT('Ctrl Pts',(-17.30469368868,74.0568661436845,4.10351627249359));
#6448=CARTESIAN_POINT('',(-17.30469368868,74.0568661436845,2.10351627249359));
#6449=CARTESIAN_POINT('Origin',(-15.1553655186253,78.3163007983285,2.10351627249359));
#6450=CARTESIAN_POINT('',(-17.6716318854944,74.2628056082513,4.10351627249359));
#6451=CARTESIAN_POINT('Origin',(-15.1550320509933,78.3169545080627,4.10351627249359));
#6452=CARTESIAN_POINT('',(-17.671631885498,74.2628056082536,2.10351627249359));
#6453=CARTESIAN_POINT('Ctrl Pts',(-17.671631885498,74.2628056082536,2.10351627249359));
#6454=CARTESIAN_POINT('Ctrl Pts',(-17.671631885498,74.2628056082536,4.50351627249359));
#6455=CARTESIAN_POINT('Ctrl Pts',(-19.0301213162435,75.1059865380734,2.10351627249359));
#6456=CARTESIAN_POINT('Ctrl Pts',(-19.0301213162435,75.1059865380734,4.50351627249359));
#6457=CARTESIAN_POINT('Ctrl Pts',(-19.9347285677286,76.6111990866472,2.10351627249359));
#6458=CARTESIAN_POINT('Ctrl Pts',(-19.9347285677286,76.6111990866472,4.50351627249359));
#6459=CARTESIAN_POINT('Ctrl Pts',(-19.9347285677286,78.3276907286455,2.10351627249359));
#6460=CARTESIAN_POINT('Ctrl Pts',(-19.9347285677286,78.3276907286455,4.50351627249359));
#6461=CARTESIAN_POINT('',(-19.9347285677286,78.3276907286455,4.10351627249359));
#6462=CARTESIAN_POINT('Ctrl Pts',(-17.671631885498,74.2628056082536,4.10351627249359));
#6463=CARTESIAN_POINT('Ctrl Pts',(-19.0301213162435,75.1059865380734,4.10351627249359));
#6464=CARTESIAN_POINT('Ctrl Pts',(-19.9347285677286,76.6111990866472,4.10351627249359));
#6465=CARTESIAN_POINT('Ctrl Pts',(-19.9347285677286,78.3276907286455,4.10351627249359));
#6466=CARTESIAN_POINT('',(-19.9347285677286,78.3276907286455,2.10351627249359));
#6467=CARTESIAN_POINT('Ctrl Pts',(-19.9347285677286,78.3276907286455,2.10351627249359));
#6468=CARTESIAN_POINT('Ctrl Pts',(-19.9347285677286,78.3276907286455,4.50351627249359));
#6469=CARTESIAN_POINT('Ctrl Pts',(-19.9347285677286,80.9680205219397,2.10351627249359));
#6470=CARTESIAN_POINT('Ctrl Pts',(-19.9347285677286,80.9680205219397,4.50351627249359));
#6471=CARTESIAN_POINT('Ctrl Pts',(-17.794319810201,83.1084430060197,2.10351627249359));
#6472=CARTESIAN_POINT('Ctrl Pts',(-17.794319810201,83.1084430060197,4.50351627249359));
#6473=CARTESIAN_POINT('Ctrl Pts',(-15.1539900169067,83.1084430060197,2.10351627249359));
#6474=CARTESIAN_POINT('Ctrl Pts',(-15.1539900169067,83.1084430060197,4.50351627249359));
#6475=CARTESIAN_POINT('',(-15.1539900169067,83.1084430060197,4.10351627249359));
#6476=CARTESIAN_POINT('Ctrl Pts',(-19.9347285677286,78.3276907286455,4.10351627249359));
#6477=CARTESIAN_POINT('Ctrl Pts',(-19.9347285677286,80.9680205219397,4.10351627249359));
#6478=CARTESIAN_POINT('Ctrl Pts',(-17.794319810201,83.1084430060197,4.10351627249359));
#6479=CARTESIAN_POINT('Ctrl Pts',(-15.1539900169067,83.1084430060197,4.10351627249359));
#6480=CARTESIAN_POINT('',(-15.1539900169067,83.1084430060197,2.10351627249359));
#6481=CARTESIAN_POINT('Ctrl Pts',(-15.1539900169067,83.1084430060197,2.10351627249359));
#6482=CARTESIAN_POINT('Ctrl Pts',(-15.1539900169067,83.1084430060197,4.50351627249359));
#6483=CARTESIAN_POINT('Ctrl Pts',(-12.5136602236125,83.1084430060197,2.10351627249359));
#6484=CARTESIAN_POINT('Ctrl Pts',(-12.5136602236125,83.1084430060197,4.50351627249359));
#6485=CARTESIAN_POINT('Ctrl Pts',(-10.3732240129801,80.9680342484921,2.10351627249359));
#6486=CARTESIAN_POINT('Ctrl Pts',(-10.3732240129801,80.9680342484921,4.50351627249359));
#6487=CARTESIAN_POINT('Ctrl Pts',(-10.3732240129801,78.3276907286455,2.10351627249359));
#6488=CARTESIAN_POINT('Ctrl Pts',(-10.3732240129801,78.3276907286455,4.50351627249359));
#6489=CARTESIAN_POINT('',(-10.3732240129801,78.3276907286455,4.10351627249359));
#6490=CARTESIAN_POINT('Ctrl Pts',(-15.1539900169067,83.1084430060197,4.10351627249359));
#6491=CARTESIAN_POINT('Ctrl Pts',(-12.5136602236125,83.1084430060197,4.10351627249359));
#6492=CARTESIAN_POINT('Ctrl Pts',(-10.3732240129801,80.9680342484921,4.10351627249359));
#6493=CARTESIAN_POINT('Ctrl Pts',(-10.3732240129801,78.3276907286455,4.10351627249359));
#6494=CARTESIAN_POINT('',(-10.3732240129801,78.3276907286455,2.10351627249359));
#6495=CARTESIAN_POINT('Ctrl Pts',(-10.3732240129801,78.3276907286455,2.10351627249359));
#6496=CARTESIAN_POINT('Ctrl Pts',(-10.3732240129801,78.3276907286455,4.50351627249359));
#6497=CARTESIAN_POINT('Ctrl Pts',(-10.3732240129801,75.6873472087989,2.10351627249359));
#6498=CARTESIAN_POINT('Ctrl Pts',(-10.3732240129801,75.6873472087989,4.50351627249359));
#6499=CARTESIAN_POINT('Ctrl Pts',(-12.4824185905151,73.9528188770423,2.10351627249359));
#6500=CARTESIAN_POINT('Ctrl Pts',(-12.4824185905151,73.9528188770423,4.50351627249359));
#6501=CARTESIAN_POINT('Ctrl Pts',(-15.1227483838094,73.9528188770423,2.10351627249359));
#6502=CARTESIAN_POINT('Ctrl Pts',(-15.1227483838094,73.9528188770423,4.50351627249359));
#6503=CARTESIAN_POINT('',(-15.1227483838094,73.9528188770423,4.10351627249359));
#6504=CARTESIAN_POINT('Ctrl Pts',(-10.3732240129801,78.3276907286455,4.10351627249359));
#6505=CARTESIAN_POINT('Ctrl Pts',(-10.3732240129801,75.6873472087989,4.10351627249359));
#6506=CARTESIAN_POINT('Ctrl Pts',(-12.4824185905151,73.9528188770423,4.10351627249359));
#6507=CARTESIAN_POINT('Ctrl Pts',(-15.1227483838094,73.9528188770423,4.10351627249359));
#6508=CARTESIAN_POINT('',(-15.1227483838094,73.9528188770423,2.10351627249359));
#6509=CARTESIAN_POINT('Ctrl Pts',(-15.1227483838094,73.9528188770423,2.10351627249359));
#6510=CARTESIAN_POINT('Ctrl Pts',(-15.1227483838094,73.9528188770423,4.50351627249359));
#6511=CARTESIAN_POINT('Ctrl Pts',(-8.68348542146808,69.0418565242896,2.10351627249359));
#6512=CARTESIAN_POINT('Ctrl Pts',(-8.68348542146808,69.0418565242896,4.50351627249359));
#6513=CARTESIAN_POINT('Ctrl Pts',(-3.94521682354736,76.8238508353044,2.10351627249359));
#6514=CARTESIAN_POINT('Ctrl Pts',(-3.94521682354736,76.8238508353044,4.50351627249359));
#6515=CARTESIAN_POINT('Ctrl Pts',(-4.97171585970051,80.741683400612,2.10351627249359));
#6516=CARTESIAN_POINT('Ctrl Pts',(-4.97171585970051,80.741683400612,4.50351627249359));
#6517=CARTESIAN_POINT('',(-4.97171585970051,80.741683400612,4.10351627249359));
#6518=CARTESIAN_POINT('Ctrl Pts',(-15.1227483838094,73.9528188770423,4.10351627249359));
#6519=CARTESIAN_POINT('Ctrl Pts',(-8.68348542146808,69.0418565242896,4.10351627249359));
#6520=CARTESIAN_POINT('Ctrl Pts',(-3.94521682354736,76.8238508353044,4.10351627249359));
#6521=CARTESIAN_POINT('Ctrl Pts',(-4.97171585970051,80.741683400612,4.10351627249359));
#6522=CARTESIAN_POINT('',(-4.97171585970051,80.741683400612,2.10351627249359));
#6523=CARTESIAN_POINT('Ctrl Pts',(-4.97171585970051,80.741683400612,2.10351627249359));
#6524=CARTESIAN_POINT('Ctrl Pts',(-4.97171585970051,80.741683400612,4.50351627249359));
#6525=CARTESIAN_POINT('Ctrl Pts',(-2.0735190543823,80.7827532451758,2.10351627249359));
#6526=CARTESIAN_POINT('Ctrl Pts',(-2.0735190543823,80.7827532451758,4.50351627249359));
#6527=CARTESIAN_POINT('Ctrl Pts',(-0.530297682413696,80.946991443774,2.10351627249359));
#6528=CARTESIAN_POINT('Ctrl Pts',(-0.530297682413696,80.946991443774,4.50351627249359));
#6529=CARTESIAN_POINT('Ctrl Pts',(1.75198871997072,82.2198546411007,2.10351627249359));
#6530=CARTESIAN_POINT('Ctrl Pts',(1.75198871997072,82.2198546411007,4.50351627249359));
#6531=CARTESIAN_POINT('',(1.75198871997072,82.2198546411007,4.10351627249359));
#6532=CARTESIAN_POINT('Ctrl Pts',(-4.97171585970051,80.741683400612,4.10351627249359));
#6533=CARTESIAN_POINT('Ctrl Pts',(-2.0735190543823,80.7827532451758,4.10351627249359));
#6534=CARTESIAN_POINT('Ctrl Pts',(-0.530297682413696,80.946991443774,4.10351627249359));
#6535=CARTESIAN_POINT('Ctrl Pts',(1.75198871997072,82.2198546411007,4.10351627249359));
#6536=CARTESIAN_POINT('',(1.75198871997072,82.2198546411007,2.10351627249359));
#6537=CARTESIAN_POINT('Ctrl Pts',(1.75198871997072,82.2198546411007,2.10351627249359));
#6538=CARTESIAN_POINT('Ctrl Pts',(1.75198871997072,82.2198546411007,4.50351627249359));
#6539=CARTESIAN_POINT('Ctrl Pts',(0.422434861531613,86.2667854310482,2.10351627249359));
#6540=CARTESIAN_POINT('Ctrl Pts',(0.422434861531613,86.2667854310482,4.50351627249359));
#6541=CARTESIAN_POINT('Ctrl Pts',(-0.0448169796955966,88.7123628999203,
2.10351627249359));
#6542=CARTESIAN_POINT('Ctrl Pts',(-0.0448169796955966,88.7123628999203,
4.50351627249359));
#6543=CARTESIAN_POINT('Ctrl Pts',(-2.85255580517575,92.2665790940731,2.10351627249359));
#6544=CARTESIAN_POINT('Ctrl Pts',(-2.85255580517575,92.2665790940731,4.50351627249359));
#6545=CARTESIAN_POINT('',(-2.85255580517575,92.2665790940731,4.10351627249359));
#6546=CARTESIAN_POINT('Ctrl Pts',(1.75198871997072,82.2198546411007,4.10351627249359));
#6547=CARTESIAN_POINT('Ctrl Pts',(0.422434861531613,86.2667854310482,4.10351627249359));
#6548=CARTESIAN_POINT('Ctrl Pts',(-0.0448169796955966,88.7123628999203,
4.10351627249359));
#6549=CARTESIAN_POINT('Ctrl Pts',(-2.85255580517575,92.2665790940731,4.10351627249359));
#6550=CARTESIAN_POINT('',(-2.85255580517575,92.2665790940731,2.10351627249359));
#6551=CARTESIAN_POINT('Ctrl Pts',(-2.85255580517575,92.2665790940731,2.10351627249359));
#6552=CARTESIAN_POINT('Ctrl Pts',(-2.85255580517575,92.2665790940731,4.50351627249359));
#6553=CARTESIAN_POINT('Ctrl Pts',(0.718983298014349,92.4084155592729,2.10351627249359));
#6554=CARTESIAN_POINT('Ctrl Pts',(0.718983298014349,92.4084155592729,4.50351627249359));
#6555=CARTESIAN_POINT('Ctrl Pts',(2.69371256894942,95.2349460348893,2.10351627249359));
#6556=CARTESIAN_POINT('Ctrl Pts',(2.69371256894942,95.2349460348893,4.50351627249359));
#6557=CARTESIAN_POINT('Ctrl Pts',(2.43760255562339,98.2116449929684,2.10351627249359));
#6558=CARTESIAN_POINT('Ctrl Pts',(2.43760255562339,98.2116449929684,4.50351627249359));
#6559=CARTESIAN_POINT('',(2.43760255562339,98.2116449929684,4.10351627249359));
#6560=CARTESIAN_POINT('Ctrl Pts',(-2.85255580517575,92.2665790940731,4.10351627249359));
#6561=CARTESIAN_POINT('Ctrl Pts',(0.71898329801435,92.4084155592729,4.10351627249359));
#6562=CARTESIAN_POINT('Ctrl Pts',(2.69371256894942,95.2349460348893,4.10351627249359));
#6563=CARTESIAN_POINT('Ctrl Pts',(2.43760255562339,98.2116449929684,4.10351627249359));
#6564=CARTESIAN_POINT('',(2.43760255562339,98.2116449929684,2.10351627249359));
#6565=CARTESIAN_POINT('Ctrl Pts',(2.43760255562339,98.2116449929684,2.10351627249359));
#6566=CARTESIAN_POINT('Ctrl Pts',(2.43760255562339,98.2116449929684,4.50351627249359));
#6567=CARTESIAN_POINT('Ctrl Pts',(2.37567251064237,98.9314397101637,2.10351627249359));
#6568=CARTESIAN_POINT('Ctrl Pts',(2.37567251064237,98.9314397101637,4.50351627249359));
#6569=CARTESIAN_POINT('Ctrl Pts',(2.19243228135749,99.6625054877422,2.10351627249359));
#6570=CARTESIAN_POINT('Ctrl Pts',(2.19243228135749,99.6625054877422,4.50351627249359));
#6571=CARTESIAN_POINT('Ctrl Pts',(1.94912178422387,100.388152908403,2.10351627249359));
#6572=CARTESIAN_POINT('Ctrl Pts',(1.94912178422387,100.388152908403,4.50351627249359));
#6573=CARTESIAN_POINT('Ctrl Pts',(2.43760255562339,98.2116449929684,4.10351627249359));
#6574=CARTESIAN_POINT('Ctrl Pts',(2.37567251064237,98.9314397101637,4.10351627249359));
#6575=CARTESIAN_POINT('Ctrl Pts',(2.19243228135749,99.6625054877422,4.10351627249359));
#6576=CARTESIAN_POINT('Ctrl Pts',(1.94912178422387,100.388152908403,4.10351627249359));
#6577=CARTESIAN_POINT('Ctrl Pts',(-10.8171726904687,109.44887246396,2.10351627249359));
#6578=CARTESIAN_POINT('Ctrl Pts',(-10.8171726904687,109.44887246396,4.50351627249359));
#6579=CARTESIAN_POINT('Ctrl Pts',(-13.0090812732005,108.918472031577,2.10351627249359));
#6580=CARTESIAN_POINT('Ctrl Pts',(-13.0090812732005,108.918472031577,4.50351627249359));
#6581=CARTESIAN_POINT('Ctrl Pts',(-14.7724124108626,107.099402746083,2.10351627249359));
#6582=CARTESIAN_POINT('Ctrl Pts',(-14.7724124108626,107.099402746083,4.50351627249359));
#6583=CARTESIAN_POINT('Ctrl Pts',(-14.8836867484741,104.297710037371,2.10351627249359));
#6584=CARTESIAN_POINT('Ctrl Pts',(-14.8836867484741,104.297710037371,4.50351627249359));
#6585=CARTESIAN_POINT('',(-14.8836867484741,104.297710037371,4.10351627249359));
#6586=CARTESIAN_POINT('Ctrl Pts',(-10.8171726904687,109.44887246396,4.10351627249359));
#6587=CARTESIAN_POINT('Ctrl Pts',(-13.0090812732005,108.918472031577,4.10351627249359));
#6588=CARTESIAN_POINT('Ctrl Pts',(-14.7724124108626,107.099402746083,4.10351627249359));
#6589=CARTESIAN_POINT('Ctrl Pts',(-14.8836867484741,104.297710037371,4.10351627249359));
#6590=CARTESIAN_POINT('',(-14.8836867484741,104.297710037371,2.10351627249359));
#6591=CARTESIAN_POINT('Ctrl Pts',(-14.8836867484741,104.297710037371,2.10351627249359));
#6592=CARTESIAN_POINT('Ctrl Pts',(-14.8836867484741,104.297710037371,4.50351627249359));
#6593=CARTESIAN_POINT('Ctrl Pts',(-18.4379029426269,107.105435136299,2.10351627249359));
#6594=CARTESIAN_POINT('Ctrl Pts',(-18.4379029426269,107.105435136299,4.50351627249359));
#6595=CARTESIAN_POINT('Ctrl Pts',(-20.883480411499,107.572700704079,2.10351627249359));
#6596=CARTESIAN_POINT('Ctrl Pts',(-20.883480411499,107.572700704079,4.50351627249359));
#6597=CARTESIAN_POINT('Ctrl Pts',(-24.9303974748942,108.902254562518,2.10351627249359));
#6598=CARTESIAN_POINT('Ctrl Pts',(-24.9303974748942,108.902254562518,4.50351627249359));
#6599=CARTESIAN_POINT('',(-24.9303974748942,108.902254562518,4.10351627249359));
#6600=CARTESIAN_POINT('Ctrl Pts',(-14.8836867484741,104.297710037371,4.10351627249359));
#6601=CARTESIAN_POINT('Ctrl Pts',(-18.4379029426269,107.105435136299,4.10351627249359));
#6602=CARTESIAN_POINT('Ctrl Pts',(-20.883480411499,107.572700704079,4.10351627249359));
#6603=CARTESIAN_POINT('Ctrl Pts',(-24.9303974748942,108.902254562518,4.10351627249359));
#6604=CARTESIAN_POINT('',(-24.9303974748942,108.902254562518,2.10351627249359));
#6605=CARTESIAN_POINT('Ctrl Pts',(-24.9303974748942,108.902254562518,2.10351627249359));
#6606=CARTESIAN_POINT('Ctrl Pts',(-24.9303974748942,108.902254562518,4.50351627249359));
#6607=CARTESIAN_POINT('Ctrl Pts',(-26.2032606722208,106.619954433581,2.10351627249359));
#6608=CARTESIAN_POINT('Ctrl Pts',(-26.2032606722208,106.619954433581,4.50351627249359));
#6609=CARTESIAN_POINT('Ctrl Pts',(-26.3675125973714,105.076746788165,2.10351627249359));
#6610=CARTESIAN_POINT('Ctrl Pts',(-26.3675125973714,105.076746788165,4.50351627249359));
#6611=CARTESIAN_POINT('Ctrl Pts',(-26.4085824419352,102.178549982847,2.10351627249359));
#6612=CARTESIAN_POINT('Ctrl Pts',(-26.4085824419352,102.178549982847,4.50351627249359));
#6613=CARTESIAN_POINT('',(-26.4085824419352,102.178549982847,4.10351627249359));
#6614=CARTESIAN_POINT('Ctrl Pts',(-24.9303974748942,108.902254562518,4.10351627249359));
#6615=CARTESIAN_POINT('Ctrl Pts',(-26.2032606722208,106.619954433581,4.10351627249359));
#6616=CARTESIAN_POINT('Ctrl Pts',(-26.3675125973714,105.076746788165,4.10351627249359));
#6617=CARTESIAN_POINT('Ctrl Pts',(-26.4085824419352,102.178549982847,4.10351627249359));
#6618=CARTESIAN_POINT('',(-26.4085824419352,102.178549982847,2.10351627249359));
#6619=CARTESIAN_POINT('Ctrl Pts',(-26.4085824419352,102.178549982847,2.10351627249359));
#6620=CARTESIAN_POINT('Ctrl Pts',(-26.4085824419352,102.178549982847,4.50351627249359));
#6621=CARTESIAN_POINT('Ctrl Pts',(-30.3264150072428,103.205062745552,2.10351627249359));
#6622=CARTESIAN_POINT('Ctrl Pts',(-30.3264150072428,103.205062745552,4.50351627249359));
#6623=CARTESIAN_POINT('Ctrl Pts',(-38.1084093182576,98.4668078741838,2.10351627249359));
#6624=CARTESIAN_POINT('Ctrl Pts',(-38.1084093182576,98.4668078741838,4.50351627249359));
#6625=CARTESIAN_POINT('Ctrl Pts',(-33.1974332389526,92.0275311852901,2.10351627249359));
#6626=CARTESIAN_POINT('Ctrl Pts',(-33.1974332389526,92.0275311852901,4.50351627249359));
#6627=CARTESIAN_POINT('',(-33.1974332389526,92.0275311852901,4.10351627249359));
#6628=CARTESIAN_POINT('Ctrl Pts',(-26.4085824419352,102.178549982847,4.10351627249359));
#6629=CARTESIAN_POINT('Ctrl Pts',(-30.3264150072428,103.205062745552,4.10351627249359));
#6630=CARTESIAN_POINT('Ctrl Pts',(-38.1084093182576,98.4668078741838,4.10351627249359));
#6631=CARTESIAN_POINT('Ctrl Pts',(-33.1974332389526,92.0275311852901,4.10351627249359));
#6632=CARTESIAN_POINT('',(-33.1974332389526,92.0275311852901,2.10351627249359));
#6633=CARTESIAN_POINT('Ctrl Pts',(-33.1974332389526,92.0275311852901,2.10351627249359));
#6634=CARTESIAN_POINT('Ctrl Pts',(-33.1974332389526,92.0275311852901,4.50351627249359));
#6635=CARTESIAN_POINT('Ctrl Pts',(-33.1974332389526,94.6678747051368,2.10351627249359));
#6636=CARTESIAN_POINT('Ctrl Pts',(-33.1974332389526,94.6678747051368,4.50351627249359));
#6637=CARTESIAN_POINT('Ctrl Pts',(-31.4628911806437,96.7770692826717,2.10351627249359));
#6638=CARTESIAN_POINT('Ctrl Pts',(-31.4628911806437,96.7770692826717,4.50351627249359));
#6639=CARTESIAN_POINT('Ctrl Pts',(-28.8225613873494,96.7770692826717,2.10351627249359));
#6640=CARTESIAN_POINT('Ctrl Pts',(-28.8225613873494,96.7770692826717,4.50351627249359));
#6641=CARTESIAN_POINT('',(-28.8225613873494,96.7770692826717,4.10351627249359));
#6642=CARTESIAN_POINT('Ctrl Pts',(-33.1974332389526,92.0275311852901,4.10351627249359));
#6643=CARTESIAN_POINT('Ctrl Pts',(-33.1974332389526,94.6678747051368,4.10351627249359));
#6644=CARTESIAN_POINT('Ctrl Pts',(-31.4628911806437,96.7770692826717,4.10351627249359));
#6645=CARTESIAN_POINT('Ctrl Pts',(-28.8225613873494,96.7770692826717,4.10351627249359));
#6646=CARTESIAN_POINT('',(-28.8225613873494,96.7770692826717,2.10351627249359));
#6647=CARTESIAN_POINT('Ctrl Pts',(-28.8225613873494,96.7770692826717,2.10351627249359));
#6648=CARTESIAN_POINT('Ctrl Pts',(-28.8225613873494,96.7770692826717,4.50351627249359));
#6649=CARTESIAN_POINT('Ctrl Pts',(-26.1822315940552,96.7770692826717,2.10351627249359));
#6650=CARTESIAN_POINT('Ctrl Pts',(-26.1822315940552,96.7770692826717,4.50351627249359));
#6651=CARTESIAN_POINT('Ctrl Pts',(-24.0418228365275,94.6366467985918,2.10351627249359));
#6652=CARTESIAN_POINT('Ctrl Pts',(-24.0418228365275,94.6366467985918,4.50351627249359));
#6653=CARTESIAN_POINT('Ctrl Pts',(-24.0418228365275,91.9963170052975,2.10351627249359));
#6654=CARTESIAN_POINT('Ctrl Pts',(-24.0418228365275,91.9963170052975,4.50351627249359));
#6655=CARTESIAN_POINT('',(-24.0418228365275,91.9963170052975,4.10351627249359));
#6656=CARTESIAN_POINT('Ctrl Pts',(-28.8225613873494,96.7770692826717,4.10351627249359));
#6657=CARTESIAN_POINT('Ctrl Pts',(-26.1822315940552,96.7770692826717,4.10351627249359));
#6658=CARTESIAN_POINT('Ctrl Pts',(-24.0418228365275,94.6366467985918,4.10351627249359));
#6659=CARTESIAN_POINT('Ctrl Pts',(-24.0418228365275,91.9963170052975,4.10351627249359));
#6660=CARTESIAN_POINT('',(-24.0418228365275,91.9963170052975,2.10351627249359));
#6661=CARTESIAN_POINT('Ctrl Pts',(-24.0418228365275,91.9963170052975,2.10351627249359));
#6662=CARTESIAN_POINT('Ctrl Pts',(-24.0418228365275,91.9963170052975,4.50351627249359));
#6663=CARTESIAN_POINT('Ctrl Pts',(-24.0418228365275,89.3559872120032,2.10351627249359));
#6664=CARTESIAN_POINT('Ctrl Pts',(-24.0418228365275,89.3559872120032,4.50351627249359));
#6665=CARTESIAN_POINT('Ctrl Pts',(-26.1822315940552,87.2155647279232,2.10351627249359));
#6666=CARTESIAN_POINT('Ctrl Pts',(-26.1822315940552,87.2155647279232,4.50351627249359));
#6667=CARTESIAN_POINT('Ctrl Pts',(-28.8225613873494,87.2155647279232,2.10351627249359));
#6668=CARTESIAN_POINT('Ctrl Pts',(-28.8225613873494,87.2155647279232,4.50351627249359));
#6669=CARTESIAN_POINT('',(-28.8225613873494,87.2155647279232,4.10351627249359));
#6670=CARTESIAN_POINT('Ctrl Pts',(-24.0418228365275,91.9963170052975,4.10351627249359));
#6671=CARTESIAN_POINT('Ctrl Pts',(-24.0418228365275,89.3559872120032,4.10351627249359));
#6672=CARTESIAN_POINT('Ctrl Pts',(-26.1822315940552,87.2155647279232,4.10351627249359));
#6673=CARTESIAN_POINT('Ctrl Pts',(-28.8225613873494,87.2155647279232,4.10351627249359));
#6674=CARTESIAN_POINT('',(-28.8225613873494,87.2155647279232,2.10351627249359));
#6675=CARTESIAN_POINT('Ctrl Pts',(-28.8225613873494,87.2155647279232,2.10351627249359));
#6676=CARTESIAN_POINT('Ctrl Pts',(-28.8225613873494,87.2155647279232,4.50351627249359));
#6677=CARTESIAN_POINT('Ctrl Pts',(-30.5390393027954,87.2155647279232,2.10351627249359));
#6678=CARTESIAN_POINT('Ctrl Pts',(-30.5390393027954,87.2155647279232,4.50351627249359));
#6679=CARTESIAN_POINT('Ctrl Pts',(-32.0442655779215,88.1201719794084,2.10351627249359));
#6680=CARTESIAN_POINT('Ctrl Pts',(-32.0442655779215,88.1201719794084,4.50351627249359));
#6681=CARTESIAN_POINT('Ctrl Pts',(-32.8874602342936,89.4786614101538,2.10351627249359));
#6682=CARTESIAN_POINT('Ctrl Pts',(-32.8874602342936,89.4786614101538,4.50351627249359));
#6683=CARTESIAN_POINT('',(-32.887459581253,89.4786618154959,4.10351627249359));
#6684=CARTESIAN_POINT('Ctrl Pts',(-28.8225613873494,87.2155647279232,4.10351627249359));
#6685=CARTESIAN_POINT('Ctrl Pts',(-30.5390393027954,87.2155647279232,4.10351627249359));
#6686=CARTESIAN_POINT('Ctrl Pts',(-32.0442655779215,88.1201719794084,4.10351627249359));
#6687=CARTESIAN_POINT('Ctrl Pts',(-32.8874602342936,89.4786614101538,4.10351627249359));
#6688=CARTESIAN_POINT('',(-32.8874602342936,89.4786614101538,2.10351627249359));
#6689=CARTESIAN_POINT('Origin',(-28.8313382501467,91.9962948021995,2.10351627249359));
#6690=CARTESIAN_POINT('',(-33.0933886682957,89.8455992852416,4.10351627249359));
#6691=CARTESIAN_POINT('Origin',(-28.8313382501467,91.9962948021995,4.10351627249359));
#6692=CARTESIAN_POINT('',(-33.0933859723104,89.8455996069719,2.10351627249359));
#6693=CARTESIAN_POINT('Ctrl Pts',(-33.0933859723104,89.8455996069719,2.10351627249359));
#6694=CARTESIAN_POINT('Ctrl Pts',(-33.0933859723104,89.8455996069719,4.50351627249359));
#6695=CARTESIAN_POINT('Ctrl Pts',(-41.9052835044555,104.976007620634,2.10351627249359));
#6696=CARTESIAN_POINT('Ctrl Pts',(-41.9052835044555,104.976007620634,4.50351627249359));
#6697=CARTESIAN_POINT('Ctrl Pts',(-51.2281656735433,95.6800569472124,2.10351627249359));
#6698=CARTESIAN_POINT('Ctrl Pts',(-51.2281656735433,95.6800569472124,4.50351627249359));
#6699=CARTESIAN_POINT('Ctrl Pts',(-51.7869187125854,90.3623631224443,2.10351627249359));
#6700=CARTESIAN_POINT('Ctrl Pts',(-51.7869187125854,90.3623631224443,4.50351627249359));
#6701=CARTESIAN_POINT('',(-51.7869187125854,90.3623631224443,4.10351627249359));
#6702=CARTESIAN_POINT('Ctrl Pts',(-33.0933865152263,89.8456005391819,4.10351627249359));
#6703=CARTESIAN_POINT('Ctrl Pts',(-41.9052838873879,104.976007238808,4.10351627249359));
#6704=CARTESIAN_POINT('Ctrl Pts',(-51.2281656850185,95.6800568380017,4.10351627249359));
#6705=CARTESIAN_POINT('Ctrl Pts',(-51.7869187125854,90.3623631224443,4.10351627249359));
#6706=CARTESIAN_POINT('',(-51.7869187125854,90.3623631224443,2.10351627249359));
#6707=CARTESIAN_POINT('Ctrl Pts',(-51.7869187125854,90.3623631224443,2.10351627249359));
#6708=CARTESIAN_POINT('Ctrl Pts',(-51.7869187125854,90.3623631224443,4.50351627249359));
#6709=CARTESIAN_POINT('Ctrl Pts',(-58.3562342049272,93.0250494033545,2.10351627249359));
#6710=CARTESIAN_POINT('Ctrl Pts',(-58.3562342049272,93.0250494033545,4.50351627249359));
#6711=CARTESIAN_POINT('Ctrl Pts',(-57.4982997521038,100.863026635958,2.10351627249359));
#6712=CARTESIAN_POINT('Ctrl Pts',(-57.4982997521038,100.863026635958,4.50351627249359));
#6713=CARTESIAN_POINT('Ctrl Pts',(-52.5519351706985,106.324904378979,2.10351627249359));
#6714=CARTESIAN_POINT('Ctrl Pts',(-52.5519351706985,106.324904378979,4.50351627249359));
#6715=CARTESIAN_POINT('Ctrl Pts',(-51.7869187125854,90.3623631224443,4.10351627249359));
#6716=CARTESIAN_POINT('Ctrl Pts',(-58.3562342049272,93.0250494033545,4.10351627249359));
#6717=CARTESIAN_POINT('Ctrl Pts',(-57.4982997521039,100.863026635958,4.10351627249359));
#6718=CARTESIAN_POINT('Ctrl Pts',(-52.5519351706985,106.324904378979,4.10351627249359));
#6719=CARTESIAN_POINT('Ctrl Pts',(-67.8387230866289,102.680932970076,2.10351627249359));
#6720=CARTESIAN_POINT('Ctrl Pts',(-67.8387230866289,102.680932970076,4.50351627249359));
#6721=CARTESIAN_POINT('Ctrl Pts',(-71.5683298780198,85.6870014981364,2.10351627249359));
#6722=CARTESIAN_POINT('Ctrl Pts',(-71.5683298780198,85.6870014981364,4.50351627249359));
#6723=CARTESIAN_POINT('Ctrl Pts',(-62.4865505975831,74.3361649006963,2.10351627249359));
#6724=CARTESIAN_POINT('Ctrl Pts',(-62.4865505975831,74.3361649006963,4.50351627249359));
#6725=CARTESIAN_POINT('Ctrl Pts',(-48.6354395637207,73.5023683358639,2.10351627249359));
#6726=CARTESIAN_POINT('Ctrl Pts',(-48.6354395637207,73.5023683358639,4.50351627249359));
#6727=CARTESIAN_POINT('',(-48.6354395637207,73.5023683358639,4.10351627249359));
#6728=CARTESIAN_POINT('Ctrl Pts',(-67.8387230866288,102.680932970076,4.10351627249359));
#6729=CARTESIAN_POINT('Ctrl Pts',(-71.5683298780198,85.6870014981365,4.10351627249359));
#6730=CARTESIAN_POINT('Ctrl Pts',(-62.4865505975831,74.3361649006963,4.10351627249359));
#6731=CARTESIAN_POINT('Ctrl Pts',(-48.6354395637207,73.5023683358639,4.10351627249359));
#6732=CARTESIAN_POINT('',(-48.6354395637207,73.5023683358639,2.10351627249359));
#6733=CARTESIAN_POINT('Ctrl Pts',(-48.6354395637207,73.5023683358639,2.10351627249359));
#6734=CARTESIAN_POINT('Ctrl Pts',(-48.6354395637207,73.5023683358639,4.50351627249359));
#6735=CARTESIAN_POINT('Ctrl Pts',(-48.342789468099,69.7846277238338,2.10351627249359));
#6736=CARTESIAN_POINT('Ctrl Pts',(-48.342789468099,69.7846277238338,4.50351627249359));
#6737=CARTESIAN_POINT('Ctrl Pts',(-48.1733489061686,65.8205229506303,2.10351627249359));
#6738=CARTESIAN_POINT('Ctrl Pts',(-48.1733489061686,65.8205229506303,4.50351627249359));
#6739=CARTESIAN_POINT('Ctrl Pts',(-46.2793592160238,60.3782332103858,2.10351627249359));
#6740=CARTESIAN_POINT('Ctrl Pts',(-46.2793592160238,60.3782332103858,4.50351627249359));
#6741=CARTESIAN_POINT('',(-46.2793592160238,60.3782332103858,4.10351627249359));
#6742=CARTESIAN_POINT('Ctrl Pts',(-48.6354395637207,73.5023683358639,4.10351627249359));
#6743=CARTESIAN_POINT('Ctrl Pts',(-48.342789468099,69.7846277238338,4.10351627249359));
#6744=CARTESIAN_POINT('Ctrl Pts',(-48.1733489061686,65.8205229506303,4.10351627249359));
#6745=CARTESIAN_POINT('Ctrl Pts',(-46.2793592160238,60.3782332103858,4.10351627249359));
#6746=CARTESIAN_POINT('',(-46.2793592160238,60.3782332103858,2.10351627249359));
#6747=CARTESIAN_POINT('Ctrl Pts',(-46.2793592160238,60.3782332103858,2.10351627249359));
#6748=CARTESIAN_POINT('Ctrl Pts',(-46.2793592160238,60.3782332103858,4.50351627249359));
#6749=CARTESIAN_POINT('Ctrl Pts',(-41.4223559404704,58.5475366530229,2.10351627249359));
#6750=CARTESIAN_POINT('Ctrl Pts',(-41.4223559404704,58.5475366530229,4.50351627249359));
#6751=CARTESIAN_POINT('Ctrl Pts',(-36.8117442791951,58.1950113361487,2.10351627249359));
#6752=CARTESIAN_POINT('Ctrl Pts',(-36.8117442791951,58.1950113361487,4.50351627249359));
#6753=CARTESIAN_POINT('Ctrl Pts',(-33.1865892626139,57.9656680998613,2.10351627249359));
#6754=CARTESIAN_POINT('Ctrl Pts',(-33.1865892626139,57.9656680998613,4.50351627249359));
#6755=CARTESIAN_POINT('',(-33.1865892626139,57.9656680998613,4.10351627249359));
#6756=CARTESIAN_POINT('Ctrl Pts',(-46.2793592160238,60.3782332103858,4.10351627249359));
#6757=CARTESIAN_POINT('Ctrl Pts',(-41.4223559404704,58.5475366530229,4.10351627249359));
#6758=CARTESIAN_POINT('Ctrl Pts',(-36.8117442791951,58.1950113361487,4.10351627249359));
#6759=CARTESIAN_POINT('Ctrl Pts',(-33.1865892626139,57.9656680998613,4.10351627249359));
#6760=CARTESIAN_POINT('',(-33.1865892626139,57.9656680998613,2.10351627249359));
#6761=CARTESIAN_POINT('Ctrl Pts',(-33.1865892626139,57.9656680998613,2.10351627249359));
#6762=CARTESIAN_POINT('Ctrl Pts',(-33.1865892626139,57.9656680998613,4.50351627249359));
#6763=CARTESIAN_POINT('Ctrl Pts',(-33.3669012539876,45.0525238102088,2.10351627249359));
#6764=CARTESIAN_POINT('Ctrl Pts',(-33.3669012539876,45.0525238102088,4.50351627249359));
#6765=CARTESIAN_POINT('Ctrl Pts',(-18.2727450650228,34.9725399209469,2.10351627249359));
#6766=CARTESIAN_POINT('Ctrl Pts',(-18.2727450650228,34.9725399209469,4.50351627249359));
#6767=CARTESIAN_POINT('Ctrl Pts',(-4.53359176251219,39.7975122866441,2.10351627249359));
#6768=CARTESIAN_POINT('Ctrl Pts',(-4.53359176251219,39.7975122866441,4.50351627249359));
#6769=CARTESIAN_POINT('',(-4.53359176251219,39.7975122866441,4.10351627249359));
#6770=CARTESIAN_POINT('Ctrl Pts',(-33.1865892626139,57.9656680998613,4.10351627249359));
#6771=CARTESIAN_POINT('Ctrl Pts',(-33.3669012539876,45.0525238102088,4.10351627249359));
#6772=CARTESIAN_POINT('Ctrl Pts',(-18.2727450650228,34.9725399209469,4.10351627249359));
#6773=CARTESIAN_POINT('Ctrl Pts',(-4.53359176251219,39.7975122866441,4.10351627249359));
#6774=CARTESIAN_POINT('',(-4.53359176251219,39.7975122866441,2.10351627249359));
#6775=CARTESIAN_POINT('Ctrl Pts',(-4.53359176251219,39.7975122866441,2.10351627249359));
#6776=CARTESIAN_POINT('Ctrl Pts',(-4.53359176251219,39.7975122866441,4.50351627249359));
#6777=CARTESIAN_POINT('Ctrl Pts',(-3.58920496238198,38.049003461342,2.10351627249359));
#6778=CARTESIAN_POINT('Ctrl Pts',(-3.58920496238198,38.049003461342,4.50351627249359));
#6779=CARTESIAN_POINT('Ctrl Pts',(-3.26070111208086,35.1918627740353,2.10351627249359));
#6780=CARTESIAN_POINT('Ctrl Pts',(-3.26070111208086,35.1918627740353,4.50351627249359));
#6781=CARTESIAN_POINT('Ctrl Pts',(-3.79449927899167,33.3201650048702,2.10351627249359));
#6782=CARTESIAN_POINT('Ctrl Pts',(-3.79449927899167,33.3201650048702,4.50351627249359));
#6783=CARTESIAN_POINT('',(-3.79449927899167,33.3201650048702,4.10351627249359));
#6784=CARTESIAN_POINT('Ctrl Pts',(-4.53359176251219,39.7975122866441,4.10351627249359));
#6785=CARTESIAN_POINT('Ctrl Pts',(-3.58920496238198,38.049003461342,4.10351627249359));
#6786=CARTESIAN_POINT('Ctrl Pts',(-3.26070111208086,35.1918627740353,4.10351627249359));
#6787=CARTESIAN_POINT('Ctrl Pts',(-3.79449927899167,33.3201650048702,4.10351627249359));
#6788=CARTESIAN_POINT('',(-3.79449927899167,33.3201650048702,2.10351627249359));
#6789=CARTESIAN_POINT('Ctrl Pts',(-3.79449927899167,33.3201650048702,2.10351627249359));
#6790=CARTESIAN_POINT('Ctrl Pts',(-3.79449927899167,33.3201650048702,4.50351627249359));
#6791=CARTESIAN_POINT('Ctrl Pts',(-34.2442475725504,41.7786175411353,2.10351627249359));
#6792=CARTESIAN_POINT('Ctrl Pts',(-34.2442475725504,41.7786175411353,4.50351627249359));
#6793=CARTESIAN_POINT('Ctrl Pts',(-63.3390204327596,63.6638482285946,2.10351627249359));
#6794=CARTESIAN_POINT('Ctrl Pts',(-63.3390204327596,63.6638482285946,4.50351627249359));
#6795=CARTESIAN_POINT('Ctrl Pts',(-75.0652297426554,103.163992900988,2.10351627249359));
#6796=CARTESIAN_POINT('Ctrl Pts',(-75.0652297426554,103.163992900988,4.50351627249359));
#6797=CARTESIAN_POINT('',(-75.0652297426554,103.163992900988,4.10351627249359));
#6798=CARTESIAN_POINT('Ctrl Pts',(-3.79449927899167,33.3201650048702,4.10351627249359));
#6799=CARTESIAN_POINT('Ctrl Pts',(-34.2442475725504,41.7786175411353,4.10351627249359));
#6800=CARTESIAN_POINT('Ctrl Pts',(-63.3390204327596,63.6638482285946,4.10351627249359));
#6801=CARTESIAN_POINT('Ctrl Pts',(-75.0652297426554,103.163992900988,4.10351627249359));
#6802=CARTESIAN_POINT('',(-75.0652297426554,103.163992900988,2.10351627249359));
#6803=CARTESIAN_POINT('Ctrl Pts',(-75.0652297426554,103.163992900988,2.10351627249359));
#6804=CARTESIAN_POINT('Ctrl Pts',(-75.0652297426554,103.163992900988,4.50351627249359));
#6805=CARTESIAN_POINT('Ctrl Pts',(-74.1284219521637,103.055437077166,2.10351627249359));
#6806=CARTESIAN_POINT('Ctrl Pts',(-74.1284219521637,103.055437077166,4.50351627249359));
#6807=CARTESIAN_POINT('Ctrl Pts',(-73.1759557424645,102.978189369376,2.10351627249359));
#6808=CARTESIAN_POINT('Ctrl Pts',(-73.1759557424645,102.978189369376,4.50351627249359));
#6809=CARTESIAN_POINT('Ctrl Pts',(-72.2524794234227,102.926670138151,2.10351627249359));
#6810=CARTESIAN_POINT('Ctrl Pts',(-72.2524794234227,102.926670138151,4.50351627249359));
#6811=CARTESIAN_POINT('Origin',(-69.8568058235966,105.057829998445,4.10351627249359));
#6812=CARTESIAN_POINT('Ctrl Pts',(-71.3278738873494,27.615409857572,2.10351627249359));
#6813=CARTESIAN_POINT('Ctrl Pts',(-71.3278738873494,27.615409857572,4.50351627249359));
#6814=CARTESIAN_POINT('Ctrl Pts',(-61.8923516298625,36.7271090191016,2.10351627249359));
#6815=CARTESIAN_POINT('Ctrl Pts',(-61.8923516298625,36.7271090191016,4.50351627249359));
#6816=CARTESIAN_POINT('Ctrl Pts',(-48.3704072913818,34.3204257362494,2.10351627249359));
#6817=CARTESIAN_POINT('Ctrl Pts',(-48.3704072913818,34.3204257362494,4.50351627249359));
#6818=CARTESIAN_POINT('Ctrl Pts',(-41.4673241258951,30.2076555380632,2.10351627249359));
#6819=CARTESIAN_POINT('Ctrl Pts',(-41.4673241258951,30.2076555380632,4.50351627249359));
#6820=CARTESIAN_POINT('',(-71.3278738873494,27.615409857572,4.10351627249359));
#6821=CARTESIAN_POINT('',(-71.3278738873494,27.615409857572,2.10351627249359));
#6822=CARTESIAN_POINT('',(-41.4673241258951,30.2076555380632,4.10351627249359));
#6823=CARTESIAN_POINT('Ctrl Pts',(-71.3278738873494,27.615409857572,4.10351627249359));
#6824=CARTESIAN_POINT('Ctrl Pts',(-61.8923516298625,36.7271090191016,4.10351627249359));
#6825=CARTESIAN_POINT('Ctrl Pts',(-48.3704072913818,34.3204257362494,4.10351627249359));
#6826=CARTESIAN_POINT('Ctrl Pts',(-41.4673241258951,30.2076555380632,4.10351627249359));
#6827=CARTESIAN_POINT('',(-41.4673241258951,30.2076555380632,2.10351627249359));
#6828=CARTESIAN_POINT('Ctrl Pts',(-41.4673241258951,30.2076555380632,2.10351627249359));
#6829=CARTESIAN_POINT('Ctrl Pts',(-41.4673241258951,30.2076555380632,4.50351627249359));
#6830=CARTESIAN_POINT('Ctrl Pts',(-43.1310371741943,24.8924668090949,2.10351627249359));
#6831=CARTESIAN_POINT('Ctrl Pts',(-43.1310371741943,24.8924668090949,4.50351627249359));
#6832=CARTESIAN_POINT('Ctrl Pts',(-46.421676110555,22.5420829806138,2.10351627249359));
#6833=CARTESIAN_POINT('Ctrl Pts',(-46.421676110555,22.5420829806138,4.50351627249359));
#6834=CARTESIAN_POINT('Ctrl Pts',(-50.6179655163778,22.8720349821855,2.10351627249359));
#6835=CARTESIAN_POINT('Ctrl Pts',(-50.6179655163778,22.8720349821855,4.50351627249359));
#6836=CARTESIAN_POINT('',(-50.6179655163778,22.8720349821855,4.10351627249359));
#6837=CARTESIAN_POINT('Ctrl Pts',(-41.4673241258951,30.2076555380632,4.10351627249359));
#6838=CARTESIAN_POINT('Ctrl Pts',(-43.1310371741943,24.8924668090949,4.10351627249359));
#6839=CARTESIAN_POINT('Ctrl Pts',(-46.421676110555,22.5420829806138,4.10351627249359));
#6840=CARTESIAN_POINT('Ctrl Pts',(-50.6179655163778,22.8720349821855,4.10351627249359));
#6841=CARTESIAN_POINT('',(-50.6179655163778,22.8720349821855,2.10351627249359));
#6842=CARTESIAN_POINT('Ctrl Pts',(-50.6179655163778,22.8720349821855,2.10351627249359));
#6843=CARTESIAN_POINT('Ctrl Pts',(-50.6179655163778,22.8720349821855,4.50351627249359));
#6844=CARTESIAN_POINT('Ctrl Pts',(-54.7039483476969,28.3501510240047,2.10351627249359));
#6845=CARTESIAN_POINT('Ctrl Pts',(-54.7039483476969,28.3501510240047,4.50351627249359));
#6846=CARTESIAN_POINT('Ctrl Pts',(-65.0587378145548,31.3714544138719,2.10351627249359));
#6847=CARTESIAN_POINT('Ctrl Pts',(-65.0587378145548,31.3714544138719,4.50351627249359));
#6848=CARTESIAN_POINT('Ctrl Pts',(-71.3278738873494,27.615409857572,2.10351627249359));
#6849=CARTESIAN_POINT('Ctrl Pts',(-71.3278738873494,27.615409857572,4.50351627249359));
#6850=CARTESIAN_POINT('Ctrl Pts',(-50.6179655163778,22.8720349821855,4.10351627249359));
#6851=CARTESIAN_POINT('Ctrl Pts',(-54.7039483476969,28.3501510240047,4.10351627249359));
#6852=CARTESIAN_POINT('Ctrl Pts',(-65.0587378145548,31.3714544138719,4.10351627249359));
#6853=CARTESIAN_POINT('Ctrl Pts',(-71.3278738873494,27.615409857572,4.10351627249359));
#6854=CARTESIAN_POINT('Ctrl Pts',(-100.116956427226,82.7083414587785,2.10351627249359));
#6855=CARTESIAN_POINT('Ctrl Pts',(-100.116956427226,82.7083414587785,4.50351627249359));
#6856=CARTESIAN_POINT('Ctrl Pts',(-103.001371774007,83.121785214882,2.10351627249359));
#6857=CARTESIAN_POINT('Ctrl Pts',(-103.001371774007,83.121785214882,4.50351627249359));
#6858=CARTESIAN_POINT('Ctrl Pts',(-106.947947739888,85.4284499742,2.10351627249359));
#6859=CARTESIAN_POINT('Ctrl Pts',(-106.947947739888,85.4284499742,4.50351627249359));
#6860=CARTESIAN_POINT('Ctrl Pts',(-108.742859175334,88.3822530429969,2.10351627249359));
#6861=CARTESIAN_POINT('Ctrl Pts',(-108.742859175334,88.3822530429969,4.50351627249359));
#6862=CARTESIAN_POINT('',(-100.116956427226,82.7083414587785,4.10351627249359));
#6863=CARTESIAN_POINT('',(-100.116956427226,82.7083414587785,2.10351627249359));
#6864=CARTESIAN_POINT('',(-108.742859175334,88.3822530429969,4.10351627249359));
#6865=CARTESIAN_POINT('Ctrl Pts',(-100.116956427226,82.7083414587785,4.10351627249359));
#6866=CARTESIAN_POINT('Ctrl Pts',(-103.001371774007,83.121785214882,4.10351627249359));
#6867=CARTESIAN_POINT('Ctrl Pts',(-106.947947739888,85.4284499742,4.10351627249359));
#6868=CARTESIAN_POINT('Ctrl Pts',(-108.742859175334,88.3822530429969,4.10351627249359));
#6869=CARTESIAN_POINT('',(-108.742859175334,88.3822530429969,2.10351627249359));
#6870=CARTESIAN_POINT('Ctrl Pts',(-108.742859175334,88.3822530429969,2.10351627249359));
#6871=CARTESIAN_POINT('Ctrl Pts',(-108.742859175334,88.3822530429969,4.50351627249359));
#6872=CARTESIAN_POINT('Ctrl Pts',(-103.020451681742,96.1245501646806,2.10351627249359));
#6873=CARTESIAN_POINT('Ctrl Pts',(-103.020451681742,96.1245501646806,4.50351627249359));
#6874=CARTESIAN_POINT('Ctrl Pts',(-85.9127200787557,95.5139107578406,2.10351627249359));
#6875=CARTESIAN_POINT('Ctrl Pts',(-85.9127200787557,95.5139107578406,4.50351627249359));
#6876=CARTESIAN_POINT('Ctrl Pts',(-77.6141406974487,82.160473575732,2.10351627249359));
#6877=CARTESIAN_POINT('Ctrl Pts',(-77.6141406974487,82.160473575732,4.50351627249359));
#6878=CARTESIAN_POINT('',(-77.6141406974487,82.160473575732,4.10351627249359));
#6879=CARTESIAN_POINT('Ctrl Pts',(-108.742859175334,88.3822530429969,4.10351627249359));
#6880=CARTESIAN_POINT('Ctrl Pts',(-103.020451681742,96.1245501646806,4.10351627249359));
#6881=CARTESIAN_POINT('Ctrl Pts',(-85.9127200787557,95.5139107578406,4.10351627249359));
#6882=CARTESIAN_POINT('Ctrl Pts',(-77.6141406974487,82.160473575732,4.10351627249359));
#6883=CARTESIAN_POINT('',(-77.6141406974487,82.160473575732,2.10351627249359));
#6884=CARTESIAN_POINT('Ctrl Pts',(-77.6141406974487,82.160473575732,2.10351627249359));
#6885=CARTESIAN_POINT('Ctrl Pts',(-77.6141406974487,82.160473575732,4.50351627249359));
#6886=CARTESIAN_POINT('Ctrl Pts',(-83.48970906191,86.8785641417314,2.10351627249359));
#6887=CARTESIAN_POINT('Ctrl Pts',(-83.48970906191,86.8785641417314,4.50351627249359));
#6888=CARTESIAN_POINT('Ctrl Pts',(-96.0309735959066,88.1864575005978,2.10351627249359));
#6889=CARTESIAN_POINT('Ctrl Pts',(-96.0309735959066,88.1864575005978,4.50351627249359));
#6890=CARTESIAN_POINT('Ctrl Pts',(-100.116956427226,82.7083414587785,2.10351627249359));
#6891=CARTESIAN_POINT('Ctrl Pts',(-100.116956427226,82.7083414587785,4.50351627249359));
#6892=CARTESIAN_POINT('Ctrl Pts',(-77.6141406974487,82.160473575732,4.10351627249359));
#6893=CARTESIAN_POINT('Ctrl Pts',(-83.48970906191,86.8785641417314,4.10351627249359));
#6894=CARTESIAN_POINT('Ctrl Pts',(-96.0309735959066,88.1864575005978,4.10351627249359));
#6895=CARTESIAN_POINT('Ctrl Pts',(-100.116956427226,82.7083414587785,4.10351627249359));
#6896=CARTESIAN_POINT('Ctrl Pts',(91.8448834457703,73.5023683358639,2.10351627249359));
#6897=CARTESIAN_POINT('Ctrl Pts',(91.8448834457703,73.5023683358639,4.50351627249359));
#6898=CARTESIAN_POINT('Ctrl Pts',(105.746325776449,74.339193871956,2.10351627249359));
#6899=CARTESIAN_POINT('Ctrl Pts',(105.746325776449,74.339193871956,4.50351627249359));
#6900=CARTESIAN_POINT('Ctrl Pts',(114.843694417348,85.7696097057471,2.10351627249359));
#6901=CARTESIAN_POINT('Ctrl Pts',(114.843694417348,85.7696097057471,4.50351627249359));
#6902=CARTESIAN_POINT('Ctrl Pts',(111.007026955953,102.866360066872,2.10351627249359));
#6903=CARTESIAN_POINT('Ctrl Pts',(111.007026955953,102.866360066872,4.50351627249359));
#6904=CARTESIAN_POINT('',(91.8448834457703,73.5023683358639,4.10351627249359));
#6905=CARTESIAN_POINT('',(91.8448834457703,73.5023683358639,2.10351627249359));
#6906=CARTESIAN_POINT('',(111.007026955953,102.866360066872,4.10351627249359));
#6907=CARTESIAN_POINT('Ctrl Pts',(91.8448834457703,73.5023683358639,4.10351627249359));
#6908=CARTESIAN_POINT('Ctrl Pts',(105.746325776449,74.339193871956,4.10351627249359));
#6909=CARTESIAN_POINT('Ctrl Pts',(114.843694417348,85.7696097057471,4.10351627249359));
#6910=CARTESIAN_POINT('Ctrl Pts',(111.007026955953,102.866360066872,4.10351627249359));
#6911=CARTESIAN_POINT('',(111.007026955953,102.866360066872,2.10351627249359));
#6912=CARTESIAN_POINT('Ctrl Pts',(111.007026955953,102.866360066872,2.10351627249359));
#6913=CARTESIAN_POINT('Ctrl Pts',(111.007026955953,102.866360066872,4.50351627249359));
#6914=CARTESIAN_POINT('Ctrl Pts',(112.895814282766,102.801323661944,2.10351627249359));
#6915=CARTESIAN_POINT('Ctrl Pts',(112.895814282766,102.801323661944,4.50351627249359));
#6916=CARTESIAN_POINT('Ctrl Pts',(115.646862447133,102.859483064156,2.10351627249359));
#6917=CARTESIAN_POINT('Ctrl Pts',(115.646862447133,102.859483064156,4.50351627249359));
#6918=CARTESIAN_POINT('Ctrl Pts',(118.274714804362,103.163992900988,2.10351627249359));
#6919=CARTESIAN_POINT('Ctrl Pts',(118.274714804362,103.163992900988,4.50351627249359));
#6920=CARTESIAN_POINT('',(118.274714804362,103.163992900988,4.10351627249359));
#6921=CARTESIAN_POINT('Ctrl Pts',(111.007026955953,102.866360066872,4.10351627249359));
#6922=CARTESIAN_POINT('Ctrl Pts',(112.895814282766,102.801323661944,4.10351627249359));
#6923=CARTESIAN_POINT('Ctrl Pts',(115.646862447133,102.859483064156,4.10351627249359));
#6924=CARTESIAN_POINT('Ctrl Pts',(118.274714804362,103.163992900988,4.10351627249359));
#6925=CARTESIAN_POINT('',(118.274714804362,103.163992900988,2.10351627249359));
#6926=CARTESIAN_POINT('Ctrl Pts',(118.274714804362,103.163992900988,2.10351627249359));
#6927=CARTESIAN_POINT('Ctrl Pts',(118.274714804362,103.163992900988,4.50351627249359));
#6928=CARTESIAN_POINT('Ctrl Pts',(106.548505494466,63.6638482285946,2.10351627249359));
#6929=CARTESIAN_POINT('Ctrl Pts',(106.548505494466,63.6638482285946,4.50351627249359));
#6930=CARTESIAN_POINT('Ctrl Pts',(77.4537463608094,41.7786175411353,2.10351627249359));
#6931=CARTESIAN_POINT('Ctrl Pts',(77.4537463608094,41.7786175411353,4.50351627249359));
#6932=CARTESIAN_POINT('Ctrl Pts',(47.0039843406983,33.3201650048702,2.10351627249359));
#6933=CARTESIAN_POINT('Ctrl Pts',(47.0039843406983,33.3201650048702,4.50351627249359));
#6934=CARTESIAN_POINT('',(47.0039843406983,33.3201650048702,4.10351627249359));
#6935=CARTESIAN_POINT('Ctrl Pts',(118.274714804362,103.163992900988,4.10351627249359));
#6936=CARTESIAN_POINT('Ctrl Pts',(106.548505494466,63.6638482285946,4.10351627249359));
#6937=CARTESIAN_POINT('Ctrl Pts',(77.4537463608094,41.7786175411353,4.10351627249359));
#6938=CARTESIAN_POINT('Ctrl Pts',(47.0039843406983,33.3201650048702,4.10351627249359));
#6939=CARTESIAN_POINT('',(47.0039843406983,33.3201650048702,2.10351627249359));
#6940=CARTESIAN_POINT('Ctrl Pts',(47.0039843406983,33.3201650048702,2.10351627249359));
#6941=CARTESIAN_POINT('Ctrl Pts',(47.0039843406983,33.3201650048702,4.50351627249359));
#6942=CARTESIAN_POINT('Ctrl Pts',(46.4701861737875,35.1918627740353,2.10351627249359));
#6943=CARTESIAN_POINT('Ctrl Pts',(46.4701861737875,35.1918627740353,4.50351627249359));
#6944=CARTESIAN_POINT('Ctrl Pts',(46.7986900240886,38.049003461342,2.10351627249359));
#6945=CARTESIAN_POINT('Ctrl Pts',(46.7986900240886,38.049003461342,4.50351627249359));
#6946=CARTESIAN_POINT('Ctrl Pts',(47.7430768242188,39.7975122866441,2.10351627249359));
#6947=CARTESIAN_POINT('Ctrl Pts',(47.7430768242188,39.7975122866441,4.50351627249359));
#6948=CARTESIAN_POINT('',(47.7430768242188,39.7975122866441,4.10351627249359));
#6949=CARTESIAN_POINT('Ctrl Pts',(47.0039843406983,33.3201650048702,4.10351627249359));
#6950=CARTESIAN_POINT('Ctrl Pts',(46.4701861737875,35.1918627740353,4.10351627249359));
#6951=CARTESIAN_POINT('Ctrl Pts',(46.7986900240886,38.049003461342,4.10351627249359));
#6952=CARTESIAN_POINT('Ctrl Pts',(47.7430768242188,39.7975122866441,4.10351627249359));
#6953=CARTESIAN_POINT('',(47.7430768242188,39.7975122866441,2.10351627249359));
#6954=CARTESIAN_POINT('Ctrl Pts',(47.7430768242188,39.7975122866441,2.10351627249359));
#6955=CARTESIAN_POINT('Ctrl Pts',(47.7430768242188,39.7975122866441,4.50351627249359));
#6956=CARTESIAN_POINT('Ctrl Pts',(61.4822301267294,34.9725399209469,2.10351627249359));
#6957=CARTESIAN_POINT('Ctrl Pts',(61.4822301267294,34.9725399209469,4.50351627249359));
#6958=CARTESIAN_POINT('Ctrl Pts',(76.5763863156942,45.0525238102088,2.10351627249359));
#6959=CARTESIAN_POINT('Ctrl Pts',(76.5763863156942,45.0525238102088,4.50351627249359));
#6960=CARTESIAN_POINT('Ctrl Pts',(76.3960605977682,57.9656680998613,2.10351627249359));
#6961=CARTESIAN_POINT('Ctrl Pts',(76.3960605977682,57.9656680998613,4.50351627249359));
#6962=CARTESIAN_POINT('',(76.3960605977682,57.9656680998613,4.10351627249359));
#6963=CARTESIAN_POINT('Ctrl Pts',(47.7430768242188,39.7975122866441,4.10351627249359));
#6964=CARTESIAN_POINT('Ctrl Pts',(61.4822301267294,34.9725399209469,4.10351627249359));
#6965=CARTESIAN_POINT('Ctrl Pts',(76.5763863156942,45.0525238102088,4.10351627249359));
#6966=CARTESIAN_POINT('Ctrl Pts',(76.3960605977682,57.9656680998613,4.10351627249359));
#6967=CARTESIAN_POINT('',(76.3960605977682,57.9656680998613,2.10351627249359));
#6968=CARTESIAN_POINT('Ctrl Pts',(76.3960605977682,57.9656680998613,2.10351627249359));
#6969=CARTESIAN_POINT('Ctrl Pts',(76.3960605977682,57.9656680998613,4.50351627249359));
#6970=CARTESIAN_POINT('Ctrl Pts',(80.0212293409017,58.1950113361487,2.10351627249359));
#6971=CARTESIAN_POINT('Ctrl Pts',(80.0212293409017,58.1950113361487,4.50351627249359));
#6972=CARTESIAN_POINT('Ctrl Pts',(84.631841002177,58.5475366530229,2.10351627249359));
#6973=CARTESIAN_POINT('Ctrl Pts',(84.631841002177,58.5475366530229,4.50351627249359));
#6974=CARTESIAN_POINT('Ctrl Pts',(89.4888168246257,60.3782332103858,2.10351627249359));
#6975=CARTESIAN_POINT('Ctrl Pts',(89.4888168246257,60.3782332103858,4.50351627249359));
#6976=CARTESIAN_POINT('',(89.4888168246257,60.3782332103858,4.10351627249359));
#6977=CARTESIAN_POINT('Ctrl Pts',(76.3960605977682,57.9656680998613,4.10351627249359));
#6978=CARTESIAN_POINT('Ctrl Pts',(80.0212293409017,58.1950113361487,4.10351627249359));
#6979=CARTESIAN_POINT('Ctrl Pts',(84.631841002177,58.5475366530229,4.10351627249359));
#6980=CARTESIAN_POINT('Ctrl Pts',(89.4888168246257,60.3782332103858,4.10351627249359));
#6981=CARTESIAN_POINT('',(89.4888168246257,60.3782332103858,2.10351627249359));
#6982=CARTESIAN_POINT('Ctrl Pts',(89.4888168246257,60.3782332103858,2.10351627249359));
#6983=CARTESIAN_POINT('Ctrl Pts',(89.4888168246257,60.3782332103858,4.50351627249359));
#6984=CARTESIAN_POINT('Ctrl Pts',(91.3828065147705,65.8205229506303,2.10351627249359));
#6985=CARTESIAN_POINT('Ctrl Pts',(91.3828065147705,65.8205229506303,4.50351627249359));
#6986=CARTESIAN_POINT('Ctrl Pts',(91.5522608032532,69.7846277238338,2.10351627249359));
#6987=CARTESIAN_POINT('Ctrl Pts',(91.5522608032532,69.7846277238338,4.50351627249359));
#6988=CARTESIAN_POINT('Ctrl Pts',(91.8448834457703,73.5023683358639,2.10351627249359));
#6989=CARTESIAN_POINT('Ctrl Pts',(91.8448834457703,73.5023683358639,4.50351627249359));
#6990=CARTESIAN_POINT('Ctrl Pts',(89.4888168246257,60.3782332103858,4.10351627249359));
#6991=CARTESIAN_POINT('Ctrl Pts',(91.3828065147705,65.8205229506303,4.10351627249359));
#6992=CARTESIAN_POINT('Ctrl Pts',(91.5522608032532,69.7846277238338,4.10351627249359));
#6993=CARTESIAN_POINT('Ctrl Pts',(91.8448834457703,73.5023683358639,4.10351627249359));
#6994=CARTESIAN_POINT('Ctrl Pts',(93.827436851532,22.8720349821855,2.10351627249359));
#6995=CARTESIAN_POINT('Ctrl Pts',(93.827436851532,22.8720349821855,4.50351627249359));
#6996=CARTESIAN_POINT('Ctrl Pts',(89.6311474457093,22.5420829806138,2.10351627249359));
#6997=CARTESIAN_POINT('Ctrl Pts',(89.6311474457093,22.5420829806138,4.50351627249359));
#6998=CARTESIAN_POINT('Ctrl Pts',(86.3405222359009,24.8924668090949,2.10351627249359));
#6999=CARTESIAN_POINT('Ctrl Pts',(86.3405222359009,24.8924668090949,4.50351627249359));
#7000=CARTESIAN_POINT('Ctrl Pts',(84.6767817344971,30.2076555380632,2.10351627249359));
#7001=CARTESIAN_POINT('Ctrl Pts',(84.6767817344971,30.2076555380632,4.50351627249359));
#7002=CARTESIAN_POINT('',(93.827436851532,22.8720349821855,4.10351627249359));
#7003=CARTESIAN_POINT('',(93.827436851532,22.8720349821855,2.10351627249359));
#7004=CARTESIAN_POINT('',(84.6767817344971,30.2076555380632,4.10351627249359));
#7005=CARTESIAN_POINT('Ctrl Pts',(93.827436851532,22.8720349821855,4.10351627249359));
#7006=CARTESIAN_POINT('Ctrl Pts',(89.6311474457093,22.5420829806138,4.10351627249359));
#7007=CARTESIAN_POINT('Ctrl Pts',(86.3405222359009,24.8924668090949,4.10351627249359));
#7008=CARTESIAN_POINT('Ctrl Pts',(84.6767817344971,30.2076555380632,4.10351627249359));
#7009=CARTESIAN_POINT('',(84.6767817344971,30.2076555380632,2.10351627249359));
#7010=CARTESIAN_POINT('Ctrl Pts',(84.6767817344971,30.2076555380632,2.10351627249359));
#7011=CARTESIAN_POINT('Ctrl Pts',(84.6767817344971,30.2076555380632,4.50351627249359));
#7012=CARTESIAN_POINT('Ctrl Pts',(91.5798786265361,34.3204257362494,2.10351627249359));
#7013=CARTESIAN_POINT('Ctrl Pts',(91.5798786265361,34.3204257362494,4.50351627249359));
#7014=CARTESIAN_POINT('Ctrl Pts',(105.101809238464,36.7271090191016,2.10351627249359));
#7015=CARTESIAN_POINT('Ctrl Pts',(105.101809238464,36.7271090191016,4.50351627249359));
#7016=CARTESIAN_POINT('Ctrl Pts',(114.537358949056,27.615409857572,2.10351627249359));
#7017=CARTESIAN_POINT('Ctrl Pts',(114.537358949056,27.615409857572,4.50351627249359));
#7018=CARTESIAN_POINT('',(114.537358949056,27.615409857572,4.10351627249359));
#7019=CARTESIAN_POINT('Ctrl Pts',(84.6767817344971,30.2076555380632,4.10351627249359));
#7020=CARTESIAN_POINT('Ctrl Pts',(91.5798786265361,34.3204257362494,4.10351627249359));
#7021=CARTESIAN_POINT('Ctrl Pts',(105.101809238464,36.7271090191016,4.10351627249359));
#7022=CARTESIAN_POINT('Ctrl Pts',(114.537358949056,27.615409857572,4.10351627249359));
#7023=CARTESIAN_POINT('',(114.537358949056,27.615409857572,2.10351627249359));
#7024=CARTESIAN_POINT('Ctrl Pts',(114.537358949056,27.615409857572,2.10351627249359));
#7025=CARTESIAN_POINT('Ctrl Pts',(114.537358949056,27.615409857572,4.50351627249359));
#7026=CARTESIAN_POINT('Ctrl Pts',(108.268222876261,31.3714544138719,2.10351627249359));
#7027=CARTESIAN_POINT('Ctrl Pts',(108.268222876261,31.3714544138719,4.50351627249359));
#7028=CARTESIAN_POINT('Ctrl Pts',(97.9134334094035,28.3501510240047,2.10351627249359));
#7029=CARTESIAN_POINT('Ctrl Pts',(97.9134334094035,28.3501510240047,4.50351627249359));
#7030=CARTESIAN_POINT('Ctrl Pts',(93.827436851532,22.8720349821855,2.10351627249359));
#7031=CARTESIAN_POINT('Ctrl Pts',(93.827436851532,22.8720349821855,4.50351627249359));
#7032=CARTESIAN_POINT('Ctrl Pts',(114.537358949056,27.615409857572,4.10351627249359));
#7033=CARTESIAN_POINT('Ctrl Pts',(108.268222876261,31.3714544138719,4.10351627249359));
#7034=CARTESIAN_POINT('Ctrl Pts',(97.9134334094035,28.3501510240047,4.10351627249359));
#7035=CARTESIAN_POINT('Ctrl Pts',(93.827436851532,22.8720349821855,4.10351627249359));
#7036=CARTESIAN_POINT('Ctrl Pts',(148.730942030619,98.8457979839453,2.10351627249359));
#7037=CARTESIAN_POINT('Ctrl Pts',(148.730942030619,98.8457979839453,4.50351627249359));
#7038=CARTESIAN_POINT('Ctrl Pts',(149.09070124057,99.6574627496212,2.10351627249359));
#7039=CARTESIAN_POINT('Ctrl Pts',(149.09070124057,99.6574627496212,4.50351627249359));
#7040=CARTESIAN_POINT('Ctrl Pts',(149.084318393738,100.727269058368,2.10351627249359));
#7041=CARTESIAN_POINT('Ctrl Pts',(149.084318393738,100.727269058368,4.50351627249359));
#7042=CARTESIAN_POINT('Ctrl Pts',(148.574582873057,101.508570690295,2.10351627249359));
#7043=CARTESIAN_POINT('Ctrl Pts',(148.574582873057,101.508570690295,4.50351627249359));
#7044=CARTESIAN_POINT('',(148.605562606726,101.459732899167,2.10351627249359));
#7045=CARTESIAN_POINT('',(148.605562606726,101.459732899167,4.10351627249359));
#7046=CARTESIAN_POINT('Ctrl Pts',(148.605562606726,101.459732899167,2.10351627249359));
#7047=CARTESIAN_POINT('Ctrl Pts',(148.605562606726,101.459732899167,2.43684960582692));
#7048=CARTESIAN_POINT('Ctrl Pts',(148.605562606726,101.459732899167,2.77018293916026));
#7049=CARTESIAN_POINT('Ctrl Pts',(148.605562606726,101.459732899167,3.43684960582692));
#7050=CARTESIAN_POINT('Ctrl Pts',(148.605562606726,101.459732899167,3.77018293916026));
#7051=CARTESIAN_POINT('Ctrl Pts',(148.605562606726,101.459732899167,4.10351627249359));
#7052=CARTESIAN_POINT('',(148.574582873057,101.508570690295,4.10351627249359));
#7053=CARTESIAN_POINT('Ctrl Pts',(148.605562606726,101.459732899167,4.10351627249359));
#7054=CARTESIAN_POINT('Ctrl Pts',(148.595450489415,101.47613232496,4.10351627249359));
#7055=CARTESIAN_POINT('Ctrl Pts',(148.585124316038,101.492413200245,4.10351627249359));
#7056=CARTESIAN_POINT('Ctrl Pts',(148.574582873057,101.508570690295,4.10351627249359));
#7057=CARTESIAN_POINT('',(148.574582873057,101.508570690295,2.10351627249359));
#7058=CARTESIAN_POINT('',(148.574582873057,101.508570690295,2.10351627249359));
#7059=CARTESIAN_POINT('Ctrl Pts',(148.605562606726,101.459732899167,2.10351627249359));
#7060=CARTESIAN_POINT('Ctrl Pts',(148.595450489415,101.47613232496,2.10351627249359));
#7061=CARTESIAN_POINT('Ctrl Pts',(148.585124316038,101.492413200245,2.10351627249359));
#7062=CARTESIAN_POINT('Ctrl Pts',(148.574582873057,101.508570690295,2.10351627249359));
#7063=CARTESIAN_POINT('Origin',(21.6047339517581,86.6915330029934,4.10351627249359));
#7064=CARTESIAN_POINT('',(143.046452100516,111.561412509519,4.10351627249359));
#7065=CARTESIAN_POINT('',(144.34306448331,110.402268131962,4.10351627249359));
#7066=CARTESIAN_POINT('',(116.317487646554,135.456548230775,4.10351627249359));
#7067=CARTESIAN_POINT('Ctrl Pts',(143.046452100516,111.561412509519,4.10351627249359));
#7068=CARTESIAN_POINT('Ctrl Pts',(143.404673105113,110.986654736837,4.10351627249359));
#7069=CARTESIAN_POINT('Ctrl Pts',(143.860235876935,110.607935541822,4.10351627249359));
#7070=CARTESIAN_POINT('Ctrl Pts',(144.34306448331,110.402268131962,4.10351627249359));
#7071=CARTESIAN_POINT('Origin',(18.4370497025956,62.6331359959283,2.10351627249359));
#7072=CARTESIAN_POINT('',(142.483268724935,112.064886679596,2.10351627249359));
#7073=CARTESIAN_POINT('',(143.046452100516,111.561412509519,2.10351627249359));
#7074=CARTESIAN_POINT('',(121.414206698485,130.900187894078,2.10351627249359));
#7075=CARTESIAN_POINT('',(144.34306448331,110.402268131962,2.10351627249359));
#7076=CARTESIAN_POINT('Ctrl Pts',(143.046452100516,111.561412509519,2.10351627249359));
#7077=CARTESIAN_POINT('Ctrl Pts',(143.404673105113,110.986654736837,2.10351627249359));
#7078=CARTESIAN_POINT('Ctrl Pts',(143.860235876935,110.607935541822,2.10351627249359));
#7079=CARTESIAN_POINT('Ctrl Pts',(144.34306448331,110.402268131962,2.10351627249359));
#7080=CARTESIAN_POINT('',(144.72894143519,110.057302199864,2.10351627249359));
#7081=CARTESIAN_POINT('',(121.414206698485,130.900187894078,2.10351627249359));
#7082=CARTESIAN_POINT('',(138.644199478467,107.448881744102,2.10351627249359));
#7083=CARTESIAN_POINT('',(79.7564728210282,82.2047626180852,2.10351627249359));
#7084=CARTESIAN_POINT('',(144.829273374477,101.919554917927,2.10351627249359));
#7085=CARTESIAN_POINT('',(119.471503909221,124.588870970341,2.10351627249359));
#7086=CARTESIAN_POINT('',(124.619017477702,92.016124420306,2.10351627249359));
#7087=CARTESIAN_POINT('Ctrl Pts',(144.829273374477,101.919554917927,2.10351627249359));
#7088=CARTESIAN_POINT('Ctrl Pts',(137.090942878783,101.860504430866,2.10351627249359));
#7089=CARTESIAN_POINT('Ctrl Pts',(128.794366020552,96.6689915252043,2.10351627249359));
#7090=CARTESIAN_POINT('Ctrl Pts',(124.619017477702,92.016124420306,2.10351627249359));
#7091=CARTESIAN_POINT('Ctrl Pts',(124.619017477702,92.016124420306,2.10351627249359));
#7092=CARTESIAN_POINT('Ctrl Pts',(125.093924794448,95.6710249529264,2.10351627249359));
#7093=CARTESIAN_POINT('Ctrl Pts',(137.529993734021,109.35721015706,2.10351627249359));
#7094=CARTESIAN_POINT('Ctrl Pts',(142.483268724935,112.064886679596,2.10351627249359));
#7095=CARTESIAN_POINT('Origin',(18.4370497025956,62.6331359959283,2.10351627249359));
#7096=CARTESIAN_POINT('',(144.846006427648,101.919674610556,2.10351627249359));
#7097=CARTESIAN_POINT('',(146.755452948725,108.245643250636,2.10351627249359));
#7098=CARTESIAN_POINT('',(135.088997399483,69.5948451629462,2.10351627249359));
#7099=CARTESIAN_POINT('',(152.48558164672,103.123027925426,2.10351627249359));
#7100=CARTESIAN_POINT('',(125.29252680425,127.43305075686,2.10351627249359));
#7101=CARTESIAN_POINT('',(85.4924304661444,74.4042577329399,2.10351627249359));
#7102=CARTESIAN_POINT('Ctrl Pts',(148.574582873057,101.508570690295,2.10351627249359));
#7103=CARTESIAN_POINT('Ctrl Pts',(147.360349453298,101.799335940803,2.10351627249359));
#7104=CARTESIAN_POINT('Ctrl Pts',(146.110679730465,101.92811636492,2.10351627249359));
#7105=CARTESIAN_POINT('Ctrl Pts',(144.846006427648,101.919674610556,2.10351627249359));
#7106=CARTESIAN_POINT('Origin',(186.760942716852,131.6347581021,80.1035162724936));
#7107=CARTESIAN_POINT('',(153.370241697735,94.2841077001072,4.10351627249359));
#7108=CARTESIAN_POINT('',(153.370241697735,94.2841077001072,10.1035162724936));
#7109=CARTESIAN_POINT('',(153.370241697736,94.2841077001069,45.1035162724936));
#7110=CARTESIAN_POINT('',(132.233824252499,70.6410299972562,10.1035162724936));
#7111=CARTESIAN_POINT('',(138.914385429011,78.1138681640919,4.10351627249359));
#7112=CARTESIAN_POINT('',(138.914385429011,78.1138681640919,4.10351627249359));
#7113=CARTESIAN_POINT('Ctrl Pts',(148.574582873057,101.508570690295,2.10351627249359));
#7114=CARTESIAN_POINT('Ctrl Pts',(148.574582873057,101.508570690295,4.50351627249359));
#7115=CARTESIAN_POINT('Ctrl Pts',(139.926072493266,103.579577999255,2.10351627249359));
#7116=CARTESIAN_POINT('Ctrl Pts',(139.926072493266,103.579577999255,4.50351627249359));
#7117=CARTESIAN_POINT('Ctrl Pts',(129.47982300825,97.4328415935645,2.10351627249359));
#7118=CARTESIAN_POINT('Ctrl Pts',(129.47982300825,97.4328415935645,4.50351627249359));
#7119=CARTESIAN_POINT('Ctrl Pts',(124.619017477702,92.016124420306,2.10351627249359));
#7120=CARTESIAN_POINT('Ctrl Pts',(124.619017477702,92.016124420306,4.50351627249359));
#7121=CARTESIAN_POINT('',(144.829273374477,101.919554917927,4.10351627249359));
#7122=CARTESIAN_POINT('Ctrl Pts',(144.829273374477,101.919554917927,2.10351627249359));
#7123=CARTESIAN_POINT('Ctrl Pts',(144.829273374477,101.919554917927,2.43684960582692));
#7124=CARTESIAN_POINT('Ctrl Pts',(144.829273374477,101.919554917927,2.77018293916026));
#7125=CARTESIAN_POINT('Ctrl Pts',(144.829273374477,101.919554917927,3.43684960582692));
#7126=CARTESIAN_POINT('Ctrl Pts',(144.829273374477,101.919554917927,3.77018293916026));
#7127=CARTESIAN_POINT('Ctrl Pts',(144.829273374477,101.919554917927,4.10351627249359));
#7128=CARTESIAN_POINT('',(124.619017477702,92.016124420306,4.10351627249359));
#7129=CARTESIAN_POINT('Ctrl Pts',(144.829273374477,101.919554917927,4.10351627249359));
#7130=CARTESIAN_POINT('Ctrl Pts',(137.090942878783,101.860504430866,4.10351627249359));
#7131=CARTESIAN_POINT('Ctrl Pts',(128.794366020552,96.6689915252043,4.10351627249359));
#7132=CARTESIAN_POINT('Ctrl Pts',(124.619017477702,92.016124420306,4.10351627249359));
#7133=CARTESIAN_POINT('',(124.619017477702,92.016124420306,2.10351627249359));
#7134=CARTESIAN_POINT('Ctrl Pts',(148.574582873057,101.508570690295,2.10351627249359));
#7135=CARTESIAN_POINT('Ctrl Pts',(148.574582873057,101.508570690295,4.50351627249359));
#7136=CARTESIAN_POINT('Ctrl Pts',(139.926072493266,103.579577999255,2.10351627249359));
#7137=CARTESIAN_POINT('Ctrl Pts',(139.926072493266,103.579577999255,4.50351627249359));
#7138=CARTESIAN_POINT('Ctrl Pts',(129.47982300825,97.4328415935645,2.10351627249359));
#7139=CARTESIAN_POINT('Ctrl Pts',(129.47982300825,97.4328415935645,4.50351627249359));
#7140=CARTESIAN_POINT('Ctrl Pts',(124.619017477702,92.016124420306,2.10351627249359));
#7141=CARTESIAN_POINT('Ctrl Pts',(124.619017477702,92.016124420306,4.50351627249359));
#7142=CARTESIAN_POINT('',(144.846006427648,101.919674610556,4.10351627249359));
#7143=CARTESIAN_POINT('Ctrl Pts',(144.846006427648,101.919674610556,4.10351627249359));
#7144=CARTESIAN_POINT('Ctrl Pts',(144.846006427648,101.919674610556,3.77018293916026));
#7145=CARTESIAN_POINT('Ctrl Pts',(144.846006427648,101.919674610556,3.43684960582692));
#7146=CARTESIAN_POINT('Ctrl Pts',(144.846006427648,101.919674610556,2.77018293916026));
#7147=CARTESIAN_POINT('Ctrl Pts',(144.846006427648,101.919674610556,2.43684960582692));
#7148=CARTESIAN_POINT('Ctrl Pts',(144.846006427648,101.919674610556,2.10351627249359));
#7149=CARTESIAN_POINT('Ctrl Pts',(148.574582873057,101.508570690295,4.10351627249359));
#7150=CARTESIAN_POINT('Ctrl Pts',(147.360349453298,101.799335940803,4.10351627249359));
#7151=CARTESIAN_POINT('Ctrl Pts',(146.110679730465,101.92811636492,4.10351627249359));
#7152=CARTESIAN_POINT('Ctrl Pts',(144.846006427648,101.919674610556,4.10351627249359));
#7153=CARTESIAN_POINT('Ctrl Pts',(142.727318659495,112.19237188989,2.10351627249359));
#7154=CARTESIAN_POINT('Ctrl Pts',(142.727318659495,112.19237188989,4.50351627249359));
#7155=CARTESIAN_POINT('Ctrl Pts',(143.664897089671,109.883112812182,2.10351627249359));
#7156=CARTESIAN_POINT('Ctrl Pts',(143.664897089671,109.883112812182,4.50351627249359));
#7157=CARTESIAN_POINT('Ctrl Pts',(145.889984948507,109.751530081571,2.10351627249359));
#7158=CARTESIAN_POINT('Ctrl Pts',(145.889984948507,109.751530081571,4.50351627249359));
#7159=CARTESIAN_POINT('Ctrl Pts',(146.951170982391,110.993494809609,2.10351627249359));
#7160=CARTESIAN_POINT('Ctrl Pts',(146.951170982391,110.993494809609,4.50351627249359));
#7161=CARTESIAN_POINT('Ctrl Pts',(143.046452100516,111.561412509519,2.10351627249359));
#7162=CARTESIAN_POINT('Ctrl Pts',(143.046452100516,111.561412509519,2.43684960582692));
#7163=CARTESIAN_POINT('Ctrl Pts',(143.046452100516,111.561412509519,2.77018293916026));
#7164=CARTESIAN_POINT('Ctrl Pts',(143.046452100516,111.561412509519,3.43684960582692));
#7165=CARTESIAN_POINT('Ctrl Pts',(143.046452100516,111.561412509519,3.77018293916026));
#7166=CARTESIAN_POINT('Ctrl Pts',(143.046452100516,111.561412509519,4.10351627249359));
#7167=CARTESIAN_POINT('Ctrl Pts',(144.34306448331,110.402268131962,4.10351627249359));
#7168=CARTESIAN_POINT('Ctrl Pts',(144.34306448331,110.402268131962,3.64069128020778));
#7169=CARTESIAN_POINT('Ctrl Pts',(144.34306448331,110.402268131962,3.17786628792197));
#7170=CARTESIAN_POINT('Ctrl Pts',(144.34306448331,110.402268131962,2.5111996212553));
#7171=CARTESIAN_POINT('Ctrl Pts',(144.34306448331,110.402268131962,2.30735794687445));
#7172=CARTESIAN_POINT('Ctrl Pts',(144.34306448331,110.402268131962,2.10351627249359));
#7173=CARTESIAN_POINT('Ctrl Pts',(124.619017477702,92.016124420306,2.10351627249359));
#7174=CARTESIAN_POINT('Ctrl Pts',(124.619017477702,92.016124420306,4.50351627249359));
#7175=CARTESIAN_POINT('Ctrl Pts',(125.101931315135,95.7326433691789,2.10351627249359));
#7176=CARTESIAN_POINT('Ctrl Pts',(125.101931315135,95.7326433691789,4.50351627249359));
#7177=CARTESIAN_POINT('Ctrl Pts',(137.952715877564,109.821535498441,2.10351627249359));
#7178=CARTESIAN_POINT('Ctrl Pts',(137.952715877564,109.821535498441,4.50351627249359));
#7179=CARTESIAN_POINT('Ctrl Pts',(142.727318659495,112.19237188989,2.10351627249359));
#7180=CARTESIAN_POINT('Ctrl Pts',(142.727318659495,112.19237188989,4.50351627249359));
#7181=CARTESIAN_POINT('',(142.483268724935,112.064886679596,4.10351627249359));
#7182=CARTESIAN_POINT('Ctrl Pts',(142.483268724935,112.064886679596,4.10351627249359));
#7183=CARTESIAN_POINT('Ctrl Pts',(142.483268724935,112.064886679596,3.77018293916026));
#7184=CARTESIAN_POINT('Ctrl Pts',(142.483268724935,112.064886679596,3.43684960582692));
#7185=CARTESIAN_POINT('Ctrl Pts',(142.483268724935,112.064886679596,2.77018293916026));
#7186=CARTESIAN_POINT('Ctrl Pts',(142.483268724935,112.064886679596,2.43684960582692));
#7187=CARTESIAN_POINT('Ctrl Pts',(142.483268724935,112.064886679596,2.10351627249359));
#7188=CARTESIAN_POINT('Ctrl Pts',(124.619017477702,92.016124420306,4.10351627249359));
#7189=CARTESIAN_POINT('Ctrl Pts',(125.093924794448,95.6710249529264,4.10351627249359));
#7190=CARTESIAN_POINT('Ctrl Pts',(137.529993734021,109.35721015706,4.10351627249359));
#7191=CARTESIAN_POINT('Ctrl Pts',(142.483268724935,112.064886679596,4.10351627249359));
#7192=CARTESIAN_POINT('Origin',(153.370241697735,94.2841077001072,10.1035162724936));
#7193=CARTESIAN_POINT('',(146.400839690001,100.514607469661,4.10351627249359));
#7194=CARTESIAN_POINT('',(118.638694603028,125.333385088562,4.10351627249359));
#7195=CARTESIAN_POINT('',(146.400839690001,100.514607469661,10.1035162724936));
#7196=CARTESIAN_POINT('',(146.400839690001,100.514607469661,10.1035162724936));
#7197=CARTESIAN_POINT('',(123.73541365496,120.777024751865,10.1035162724936));
#7198=CARTESIAN_POINT('Origin',(146.400839690001,100.514607469661,10.1035162724936));
#7199=CARTESIAN_POINT('',(91.1865722493934,76.8452348542546,4.10351627249359));
#7200=CARTESIAN_POINT('',(152.48558164672,103.123027925426,10.1035162724936));
#7201=CARTESIAN_POINT('',(152.48558164672,103.123027925426,10.1035162724936));
#7202=CARTESIAN_POINT('',(85.4924304661444,74.4042577329399,10.1035162724936));
#7203=CARTESIAN_POINT('Origin',(138.998812737195,115.179917525074,10.1035162724936));
#7204=CARTESIAN_POINT('',(137.085781994728,108.842074411496,4.10351627249359));
#7205=CARTESIAN_POINT('',(138.998812737195,115.179917525074,4.10351627249359));
#7206=CARTESIAN_POINT('',(130.157048764881,85.8872816777511,4.10351627249359));
#7207=CARTESIAN_POINT('',(137.085781994728,108.842074411496,10.1035162724936));
#7208=CARTESIAN_POINT('',(137.085781994728,108.842074411496,10.1035162724936));
#7209=CARTESIAN_POINT('',(138.998812737195,115.179917525074,10.1035162724936));
#7210=CARTESIAN_POINT('',(126.697058616894,74.4243844823883,10.1035162724936));
#7211=CARTESIAN_POINT('',(138.998812737195,115.179917525074,10.1035162724936));
#7212=CARTESIAN_POINT('Origin',(137.085781994728,108.842074411496,10.1035162724936));
#7213=CARTESIAN_POINT('',(110.496464751525,132.612368444257,4.10351627249359));
#7214=CARTESIAN_POINT('',(115.593183803456,128.05600810756,10.1035162724936));
#7215=CARTESIAN_POINT('Origin',(152.48558164672,103.123027925426,10.1035162724936));
#7216=CARTESIAN_POINT('',(146.755452948725,108.245643250636,10.1035162724936));
#7217=CARTESIAN_POINT('',(146.755452948725,108.245643250636,10.1035162724936));
#7218=CARTESIAN_POINT('',(125.29252680425,127.43305075686,10.1035162724936));
#7219=CARTESIAN_POINT('Origin',(146.755452948725,108.245643250636,10.1035162724936));
#7220=CARTESIAN_POINT('',(144.842422206258,101.907800137059,4.10351627249359));
#7221=CARTESIAN_POINT('',(138.54898754747,81.0577423583092,4.10351627249359));
#7222=CARTESIAN_POINT('',(144.842422206258,101.907800137059,10.1035162724936));
#7223=CARTESIAN_POINT('',(144.842422206258,101.907800137059,10.1035162724936));
#7224=CARTESIAN_POINT('',(135.088997399483,69.5948451629462,10.1035162724936));
#7225=CARTESIAN_POINT('Origin',(144.842422206258,101.907800137059,10.1035162724936));
#7226=CARTESIAN_POINT('',(138.644199478467,107.448881744102,10.1035162724936));
#7227=CARTESIAN_POINT('',(138.644199478467,107.448881744102,10.1035162724936));
#7228=CARTESIAN_POINT('',(119.471503909221,124.588870970341,10.1035162724936));
#7229=CARTESIAN_POINT('',(114.37478485729,129.145231307038,4.10351627249359));
#7230=CARTESIAN_POINT('Origin',(138.644199478467,107.448881744102,10.1035162724936));
#7231=CARTESIAN_POINT('',(144.72894143519,110.057302199864,10.1035162724936));
#7232=CARTESIAN_POINT('',(144.72894143519,110.057302199864,10.1035162724936));
#7233=CARTESIAN_POINT('',(79.7564728210282,82.2047626180852,10.1035162724936));
#7234=CARTESIAN_POINT('Origin',(144.72894143519,110.057302199864,10.1035162724936));
#7235=CARTESIAN_POINT('',(116.317487646554,135.456548230775,4.10351627249359));
#7236=CARTESIAN_POINT('',(121.414206698485,130.900187894078,10.1035162724936));
#7237=CARTESIAN_POINT('Ctrl Pts',(155.607697668742,22.6789847502519,2.10351627249359));
#7238=CARTESIAN_POINT('Ctrl Pts',(155.607697668742,22.6789847502519,4.50351627249359));
#7239=CARTESIAN_POINT('Ctrl Pts',(149.579133152039,23.6671112093736,2.10351627249359));
#7240=CARTESIAN_POINT('Ctrl Pts',(149.579133152039,23.6671112093736,4.50351627249359));
#7241=CARTESIAN_POINT('Ctrl Pts',(138.16188108193,28.3724017653276,2.10351627249359));
#7242=CARTESIAN_POINT('Ctrl Pts',(138.16188108193,28.3724017653276,4.50351627249359));
#7243=CARTESIAN_POINT('Ctrl Pts',(140.600677633952,40.9633015125403,2.10351627249359));
#7244=CARTESIAN_POINT('Ctrl Pts',(140.600677633952,40.9633015125403,4.50351627249359));
#7245=CARTESIAN_POINT('',(147.422555753782,25.6650573345023,2.10351627249359));
#7246=CARTESIAN_POINT('',(147.422555753782,25.6650573345023,4.10351627249359));
#7247=CARTESIAN_POINT('Ctrl Pts',(147.422555753782,25.6650573345023,2.10351627249359));
#7248=CARTESIAN_POINT('Ctrl Pts',(147.422555753782,25.6650573345023,2.43684960582692));
#7249=CARTESIAN_POINT('Ctrl Pts',(147.422555753782,25.6650573345023,2.77018293916026));
#7250=CARTESIAN_POINT('Ctrl Pts',(147.422555753782,25.6650573345023,3.43684960582692));
#7251=CARTESIAN_POINT('Ctrl Pts',(147.422555753782,25.6650573345023,3.77018293916026));
#7252=CARTESIAN_POINT('Ctrl Pts',(147.422555753782,25.6650573345023,4.10351627249359));
#7253=CARTESIAN_POINT('Ctrl Pts',(147.422555753782,25.6650573345023,4.10351627249359));
#7254=CARTESIAN_POINT('Ctrl Pts',(142.883766244428,28.4057475858165,4.10351627249359));
#7255=CARTESIAN_POINT('Ctrl Pts',(139.092410070195,33.176491386255,4.10351627249359));
#7256=CARTESIAN_POINT('Ctrl Pts',(140.600677633952,40.9633015125403,4.10351627249359));
#7257=CARTESIAN_POINT('Ctrl Pts',(147.422555753782,25.6650573345023,2.10351627249359));
#7258=CARTESIAN_POINT('Ctrl Pts',(142.883766244428,28.4057475858165,2.10351627249359));
#7259=CARTESIAN_POINT('Ctrl Pts',(139.092410070195,33.176491386255,2.10351627249359));
#7260=CARTESIAN_POINT('Ctrl Pts',(140.600677633952,40.9633015125403,2.10351627249359));
#7261=CARTESIAN_POINT('Origin',(18.4370497025956,62.6331359959283,2.10351627249359));
#7262=CARTESIAN_POINT('',(153.370241697735,30.9821642917495,2.10351627249359));
#7263=CARTESIAN_POINT('',(120.250712651092,1.37399735521442,2.10351627249359));
#7264=CARTESIAN_POINT('',(136.620024735932,49.7188627977107,2.10351627249359));
#7265=CARTESIAN_POINT('Origin',(136.620024735932,49.7188627977107,80.1035162724936));
#7266=CARTESIAN_POINT('',(153.370241697735,30.9821642917495,10.1035162724936));
#7267=CARTESIAN_POINT('',(153.370241697736,30.9821642917496,45.1035162724936));
#7268=CARTESIAN_POINT('',(101.889879929205,88.5678074887494,4.10351627249359));
#7269=CARTESIAN_POINT('',(107.163365262039,82.6689164485776,10.1035162724936));
#7270=CARTESIAN_POINT('Origin',(21.6047339517581,86.6915330029934,4.10351627249359));
#7271=CARTESIAN_POINT('',(137.085781994728,16.4241975803602,4.10351627249359));
#7272=CARTESIAN_POINT('',(119.409858399023,0.622291223477971,4.10351627249359));
#7273=CARTESIAN_POINT('',(-38.5311047706299,38.8652323056667,4.10351627249359));
#7274=CARTESIAN_POINT('Ctrl Pts',(-38.5311047706299,38.8652323056667,4.10351627249359));
#7275=CARTESIAN_POINT('Ctrl Pts',(-38.6369382952259,38.9342417104475,4.10351627249359));
#7276=CARTESIAN_POINT('Ctrl Pts',(-38.7424001515684,39.0032533670123,4.10351627249359));
#7277=CARTESIAN_POINT('Ctrl Pts',(-38.8474920453698,39.0722660725119,4.10351627249359));
#7278=CARTESIAN_POINT('',(81.7405486526795,38.8652323056667,4.10351627249359));
#7279=CARTESIAN_POINT('Origin',(96.3845112949336,16.8316904311866,4.10351627249359));
#7280=CARTESIAN_POINT('',(146.400839690001,24.7516645221958,4.10351627249359));
#7281=CARTESIAN_POINT('',(127.108040108507,7.50430481857522,4.10351627249359));
#7282=CARTESIAN_POINT('',(152.48558164672,22.1432440664302,4.10351627249359));
#7283=CARTESIAN_POINT('',(85.5165920608045,50.8516566138097,4.10351627249359));
#7284=CARTESIAN_POINT('',(146.755452948725,17.0206287412202,4.10351627249359));
#7285=CARTESIAN_POINT('',(129.284789912668,1.40222103575258,4.10351627249359));
#7286=CARTESIAN_POINT('',(144.842422206258,23.3584718547977,4.10351627249359));
#7287=CARTESIAN_POINT('',(130.936997379526,69.426942696957,4.10351627249359));
#7288=CARTESIAN_POINT('',(138.644199478467,17.817390247755,4.10351627249359));
#7289=CARTESIAN_POINT('',(123.22972000274,4.03716768135469,4.10351627249359));
#7290=CARTESIAN_POINT('',(144.72894143519,15.2089697919929,4.10351627249359));
#7291=CARTESIAN_POINT('',(79.7806344156968,43.0511517286609,4.10351627249359));
#7292=CARTESIAN_POINT('',(138.998812737195,10.0863544667828,4.10351627249359));
#7293=CARTESIAN_POINT('',(125.406469806903,-2.06491610146598,4.10351627249359));
#7294=CARTESIAN_POINT('',(122.545058596936,64.5974033775146,4.10351627249359));
#7295=CARTESIAN_POINT('Origin',(18.4370497025956,62.6331359959283,10.1035162724936));
#7296=CARTESIAN_POINT('',(137.085781994728,16.4241975803602,10.1035162724936));
#7297=CARTESIAN_POINT('',(112.552530941608,-5.5080162398828,10.1035162724936));
#7298=CARTESIAN_POINT('',(138.998812737195,10.0863544667828,10.1035162724936));
#7299=CARTESIAN_POINT('',(125.74054324566,54.0108090662569,10.1035162724936));
#7300=CARTESIAN_POINT('',(144.72894143519,15.2089697919929,10.1035162724936));
#7301=CARTESIAN_POINT('',(118.549142349488,-8.19522356482693,10.1035162724936));
#7302=CARTESIAN_POINT('',(138.644199478467,17.817390247755,10.1035162724936));
#7303=CARTESIAN_POINT('',(82.7988437993899,41.7572991458904,10.1035162724936));
#7304=CARTESIAN_POINT('',(144.842422206258,23.3584718547977,10.1035162724936));
#7305=CARTESIAN_POINT('',(116.372392545325,-2.09313978200606,10.1035162724936));
#7306=CARTESIAN_POINT('',(146.755452948725,17.0206287412202,10.1035162724936));
#7307=CARTESIAN_POINT('',(134.13248202825,58.8403483856992,10.1035162724936));
#7308=CARTESIAN_POINT('',(152.48558164672,22.1432440664302,10.1035162724936));
#7309=CARTESIAN_POINT('',(122.427462455252,-4.7280864276083,10.1035162724936));
#7310=CARTESIAN_POINT('',(146.400839690001,24.7516645221958,10.1035162724936));
#7311=CARTESIAN_POINT('',(88.5348014445042,49.5578040310339,10.1035162724936));
#7312=CARTESIAN_POINT('',(120.250712651092,1.37399735521442,10.1035162724936));
#7313=CARTESIAN_POINT('Origin',(146.400839690001,24.7516645221958,10.1035162724936));
#7314=CARTESIAN_POINT('',(146.400839690001,24.7516645221958,10.1035162724936));
#7315=CARTESIAN_POINT('Origin',(131.004476271031,10.9876373320016,10.1035162724936));
#7316=CARTESIAN_POINT('',(137.085781994728,16.4241975803602,10.1035162724936));
#7317=CARTESIAN_POINT('Origin',(137.085781994728,16.4241975803602,10.1035162724936));
#7318=CARTESIAN_POINT('',(138.998812737195,10.0863544667828,10.1035162724936));
#7319=CARTESIAN_POINT('Origin',(138.998812737195,10.0863544667828,10.1035162724936));
#7320=CARTESIAN_POINT('',(144.72894143519,15.2089697919929,10.1035162724936));
#7321=CARTESIAN_POINT('Origin',(144.72894143519,15.2089697919929,10.1035162724936));
#7322=CARTESIAN_POINT('',(138.644199478467,17.817390247755,10.1035162724936));
#7323=CARTESIAN_POINT('Origin',(138.644199478467,17.817390247755,10.1035162724936));
#7324=CARTESIAN_POINT('',(144.842422206258,23.3584718547977,10.1035162724936));
#7325=CARTESIAN_POINT('Origin',(144.842422206258,23.3584718547977,10.1035162724936));
#7326=CARTESIAN_POINT('',(146.755452948725,17.0206287412202,10.1035162724936));
#7327=CARTESIAN_POINT('Origin',(146.755452948725,17.0206287412202,10.1035162724936));
#7328=CARTESIAN_POINT('',(152.48558164672,22.1432440664302,10.1035162724936));
#7329=CARTESIAN_POINT('Origin',(152.48558164672,22.1432440664302,10.1035162724936));
#7330=CARTESIAN_POINT('Origin',(18.4370497025956,62.6331359959283,2.10351627249359));
#7331=CARTESIAN_POINT('',(-38.8474920453698,39.0722660725119,2.10351627249359));
#7332=CARTESIAN_POINT('',(-38.5311047706299,38.8652323056667,2.10351627249359));
#7333=CARTESIAN_POINT('Origin',(-53.1750211997656,16.8317885059298,2.10351627249359));
#7334=CARTESIAN_POINT('Ctrl Pts',(-38.5311047706299,38.8652323056667,2.10351627249359));
#7335=CARTESIAN_POINT('Ctrl Pts',(-38.6369382952259,38.9342417104475,2.10351627249359));
#7336=CARTESIAN_POINT('Ctrl Pts',(-38.7424001515684,39.0032533670123,2.10351627249359));
#7337=CARTESIAN_POINT('Ctrl Pts',(-38.8474920453698,39.0722660725119,2.10351627249359));
#7338=CARTESIAN_POINT('Ctrl Pts',(-38.8474920452773,39.0722660724517,2.10351627249359));
#7339=CARTESIAN_POINT('Ctrl Pts',(-38.8474920452773,39.0722660724517,4.50351627249359));
#7340=CARTESIAN_POINT('Ctrl Pts',(-38.7419462068637,39.0042744935322,2.10351627249359));
#7341=CARTESIAN_POINT('Ctrl Pts',(-38.7419462068637,39.0042744935322,4.50351627249359));
#7342=CARTESIAN_POINT('Ctrl Pts',(-38.6364817895033,38.9352660966872,2.10351627249359));
#7343=CARTESIAN_POINT('Ctrl Pts',(-38.6364817895033,38.9352660966872,4.50351627249359));
#7344=CARTESIAN_POINT('Ctrl Pts',(-38.5311047706299,38.8652323056667,2.10351627249359));
#7345=CARTESIAN_POINT('Ctrl Pts',(-38.5311047706299,38.8652323056667,4.50351627249359));
#7346=CARTESIAN_POINT('',(-38.8474920453698,39.0722660725119,4.10351627249359));
#7347=CARTESIAN_POINT('',(-38.8474920453698,39.0722660725119,2.10351627249359));
#7348=CARTESIAN_POINT('',(-38.5311047706299,38.8652323056667,4.10351627249359));
#7349=CARTESIAN_POINT('Ctrl Pts',(-38.5311047706299,38.8652323056667,4.10351627249359));
#7350=CARTESIAN_POINT('Ctrl Pts',(-38.6369382952259,38.9342417104475,4.10351627249359));
#7351=CARTESIAN_POINT('Ctrl Pts',(-38.7424001515684,39.0032533670123,4.10351627249359));
#7352=CARTESIAN_POINT('Ctrl Pts',(-38.8474920453698,39.0722660725119,4.10351627249359));
#7353=CARTESIAN_POINT('',(-38.5311047706299,38.8652323056667,2.10351627249359));
#7354=CARTESIAN_POINT('Ctrl Pts',(-38.5311047706299,38.8652323056667,2.10351627249359));
#7355=CARTESIAN_POINT('Ctrl Pts',(-38.5311047706299,38.8652323056667,4.50351627249359));
#7356=CARTESIAN_POINT('Ctrl Pts',(-38.6369382952259,38.9342417104475,2.10351627249359));
#7357=CARTESIAN_POINT('Ctrl Pts',(-38.6369382952259,38.9342417104475,4.50351627249359));
#7358=CARTESIAN_POINT('Ctrl Pts',(-38.7424001515684,39.0032533670123,2.10351627249359));
#7359=CARTESIAN_POINT('Ctrl Pts',(-38.7424001515684,39.0032533670123,4.50351627249359));
#7360=CARTESIAN_POINT('Ctrl Pts',(-38.8474920453698,39.0722660725119,2.10351627249359));
#7361=CARTESIAN_POINT('Ctrl Pts',(-38.8474920453698,39.0722660725119,4.50351627249359));
#7362=CARTESIAN_POINT('Ctrl Pts',(81.7405486526795,38.8652323056667,2.10351627249359));
#7363=CARTESIAN_POINT('Ctrl Pts',(81.7405486526795,38.8652323056667,4.50351627249359));
#7364=CARTESIAN_POINT('Ctrl Pts',(81.8459228406437,38.9352641246395,2.10351627249359));
#7365=CARTESIAN_POINT('Ctrl Pts',(81.8459228406437,38.9352641246395,4.50351627249359));
#7366=CARTESIAN_POINT('Ctrl Pts',(81.9513844181098,39.0042706071831,2.10351627249359));
#7367=CARTESIAN_POINT('Ctrl Pts',(81.9513844181098,39.0042706071831,4.50351627249359));
#7368=CARTESIAN_POINT('Ctrl Pts',(82.0569274082294,39.0722603288231,2.10351627249359));
#7369=CARTESIAN_POINT('Ctrl Pts',(82.0569274082294,39.0722603288231,4.50351627249359));
#7370=CARTESIAN_POINT('',(81.7405486526795,38.8652323056667,2.10351627249359));
#7371=CARTESIAN_POINT('',(82.0569274083218,39.0722603288835,2.10351627249359));
#7372=CARTESIAN_POINT('Origin',(96.3845112949336,16.8316904311866,2.10351627249359));
#7373=CARTESIAN_POINT('',(81.7405486526795,38.8652323056667,4.10351627249359));
#7374=CARTESIAN_POINT('',(81.7405486526795,38.8652323056667,2.10351627249359));
#7375=CARTESIAN_POINT('',(82.0569274083218,39.0722603288835,4.10351627249359));
#7376=CARTESIAN_POINT('Origin',(96.3845112949336,16.8316904311866,4.10351627249359));
#7377=CARTESIAN_POINT('',(82.0569274083218,39.0722603288835,2.10351627249359));
#7378=CARTESIAN_POINT('Ctrl Pts',(82.0569274083218,39.0722603288835,2.10351627249359));
#7379=CARTESIAN_POINT('Ctrl Pts',(82.0569274083218,39.0722603288835,4.50351627249359));
#7380=CARTESIAN_POINT('Ctrl Pts',(81.9518383349788,39.0032495379849,2.10351627249359));
#7381=CARTESIAN_POINT('Ctrl Pts',(81.9518383349788,39.0032495379849,4.50351627249359));
#7382=CARTESIAN_POINT('Ctrl Pts',(81.8463793182939,38.9342397959963,2.10351627249359));
#7383=CARTESIAN_POINT('Ctrl Pts',(81.8463793182939,38.9342397959963,4.50351627249359));
#7384=CARTESIAN_POINT('Ctrl Pts',(81.7405486526795,38.8652323056667,2.10351627249359));
#7385=CARTESIAN_POINT('Ctrl Pts',(81.7405486526795,38.8652323056667,4.50351627249359));
#7386=CARTESIAN_POINT('Ctrl Pts',(82.0569274083218,39.0722603288835,2.10351627249359));
#7387=CARTESIAN_POINT('Ctrl Pts',(81.9518383349788,39.0032495379849,2.10351627249359));
#7388=CARTESIAN_POINT('Ctrl Pts',(81.8463793182939,38.9342397959963,2.10351627249359));
#7389=CARTESIAN_POINT('Ctrl Pts',(81.7405486526795,38.8652323056667,2.10351627249359));
#7390=CARTESIAN_POINT('Origin',(18.4370497025956,62.6331359959283,2.10351627249359));
#7391=UNCERTAINTY_MEASURE_WITH_UNIT(LENGTH_MEASURE(0.01),#7395,
'DISTANCE_ACCURACY_VALUE',
'Maximum model space distance between geometric entities at asserted c
onnectivities');
#7392=UNCERTAINTY_MEASURE_WITH_UNIT(LENGTH_MEASURE(0.01),#7395,
'DISTANCE_ACCURACY_VALUE',
'Maximum model space distance between geometric entities at asserted c
onnectivities');
#7393=(
GEOMETRIC_REPRESENTATION_CONTEXT(3)
GLOBAL_UNCERTAINTY_ASSIGNED_CONTEXT((#7391))
GLOBAL_UNIT_ASSIGNED_CONTEXT((#7395,#7397,#7398))
REPRESENTATION_CONTEXT('','3D')
);
#7394=(
GEOMETRIC_REPRESENTATION_CONTEXT(3)
GLOBAL_UNCERTAINTY_ASSIGNED_CONTEXT((#7392))
GLOBAL_UNIT_ASSIGNED_CONTEXT((#7395,#7397,#7398))
REPRESENTATION_CONTEXT('','3D')
);
#7395=(
LENGTH_UNIT()
NAMED_UNIT(*)
SI_UNIT(.MILLI.,.METRE.)
);
#7396=(
LENGTH_UNIT()
NAMED_UNIT(*)
SI_UNIT($,.METRE.)
);
#7397=(
NAMED_UNIT(*)
PLANE_ANGLE_UNIT()
SI_UNIT($,.RADIAN.)
);
#7398=(
NAMED_UNIT(*)
SI_UNIT($,.STERADIAN.)
SOLID_ANGLE_UNIT()
);
#7399=SHAPE_DEFINITION_REPRESENTATION(#7400,#7401);
#7400=PRODUCT_DEFINITION_SHAPE('',$,#7403);
#7401=SHAPE_REPRESENTATION('',(#3885),#7393);
#7402=PRODUCT_DEFINITION_CONTEXT('part definition',#7407,'design');
#7403=PRODUCT_DEFINITION('FusionComponent','(Unsaved)',#7404,#7402);
#7404=PRODUCT_DEFINITION_FORMATION('',$,#7409);
#7405=PRODUCT_RELATED_PRODUCT_CATEGORY('(Unsaved)','(Unsaved)',(#7409));
#7406=APPLICATION_PROTOCOL_DEFINITION('international standard',
'automotive_design',2009,#7407);
#7407=APPLICATION_CONTEXT(
'Core Data for Automotive Mechanical Design Process');
#7408=PRODUCT_CONTEXT('part definition',#7407,'mechanical');
#7409=PRODUCT('FusionComponent','(Unsaved)',$,(#7408));
#7410=PRESENTATION_STYLE_ASSIGNMENT((#7412));
#7411=PRESENTATION_STYLE_ASSIGNMENT((#7413));
#7412=SURFACE_STYLE_USAGE(.BOTH.,#7414);
#7413=SURFACE_STYLE_USAGE(.BOTH.,#7415);
#7414=SURFACE_SIDE_STYLE('',(#7416));
#7415=SURFACE_SIDE_STYLE('',(#7417));
#7416=SURFACE_STYLE_FILL_AREA(#7418);
#7417=SURFACE_STYLE_FILL_AREA(#7419);
#7418=FILL_AREA_STYLE('Steel - Satin',(#7420));
#7419=FILL_AREA_STYLE('Opaque(243,203,124)',(#7421));
#7420=FILL_AREA_STYLE_COLOUR('Steel - Satin',#7422);
#7421=FILL_AREA_STYLE_COLOUR('Opaque(243,203,124)',#7423);
#7422=COLOUR_RGB('Steel - Satin',0.627450980392157,0.627450980392157,0.627450980392157);
#7423=COLOUR_RGB('Opaque(243,203,124)',0.952941176470588,0.796078431372549,
0.486274509803922);
ENDSEC;
END-ISO-10303-21;
